source,target,ligand,receptor,prob,pval,interaction_name,interaction_name_2,pathway_name,annotation,evidence
OPCs,Astrocytes,Tgfa,Egfr,0.003072818423721525,0,TGFA_EGFR,Tgfa  - Egfr,EGF,Secreted Signaling,KEGG: mmu04012
Neurons,Astrocytes,Nrg1,Erbb4,0.11275545443330767,0,NRG1_ERBB4,Nrg1  - Erbb4,NRG,Secreted Signaling,KEGG: mmu04012
OPCs,Astrocytes,Nrg1,Erbb4,0.01980510466150205,0,NRG1_ERBB4,Nrg1  - Erbb4,NRG,Secreted Signaling,KEGG: mmu04012
Neurons,Neurons,Nrg1,Erbb4,0.030314412800599343,0,NRG1_ERBB4,Nrg1  - Erbb4,NRG,Secreted Signaling,KEGG: mmu04012
Neurons,Oligodendrocytes,Nrg1,Erbb4,0.03455980932081911,0,NRG1_ERBB4,Nrg1  - Erbb4,NRG,Secreted Signaling,KEGG: mmu04012
Neurons,OPCs,Nrg1,Erbb4,0.15431368823071048,0,NRG1_ERBB4,Nrg1  - Erbb4,NRG,Secreted Signaling,KEGG: mmu04012
OPCs,OPCs,Nrg1,Erbb4,0.028193275421255926,0,NRG1_ERBB4,Nrg1  - Erbb4,NRG,Secreted Signaling,KEGG: mmu04012
Neurons,Astrocytes,Nrg2,Erbb4,0.04000414878549073,0,NRG2_ERBB4,Nrg2  - Erbb4,NRG,Secreted Signaling,KEGG: mmu04012
Neurons,Neurons,Nrg2,Erbb4,0.010146831615744891,0,NRG2_ERBB4,Nrg2  - Erbb4,NRG,Secreted Signaling,KEGG: mmu04012
Neurons,Oligodendrocytes,Nrg2,Erbb4,0.01160164133579458,0,NRG2_ERBB4,Nrg2  - Erbb4,NRG,Secreted Signaling,KEGG: mmu04012
Neurons,OPCs,Nrg2,Erbb4,0.05645460901520824,0,NRG2_ERBB4,Nrg2  - Erbb4,NRG,Secreted Signaling,KEGG: mmu04012
Neurons,Astrocytes,Nrg3,Erbb4,0.19118428409759994,0,NRG3_ERBB4,Nrg3  - Erbb4,NRG,Secreted Signaling,KEGG: mmu04012
OPCs,Astrocytes,Nrg3,Erbb4,0.15554636556855492,0,NRG3_ERBB4,Nrg3  - Erbb4,NRG,Secreted Signaling,KEGG: mmu04012
Neurons,Neurons,Nrg3,Erbb4,0.05495163767597095,0,NRG3_ERBB4,Nrg3  - Erbb4,NRG,Secreted Signaling,KEGG: mmu04012
OPCs,Neurons,Nrg3,Erbb4,0.0433473293237966,0,NRG3_ERBB4,Nrg3  - Erbb4,NRG,Secreted Signaling,KEGG: mmu04012
Neurons,Oligodendrocytes,Nrg3,Erbb4,0.06242524490578004,0,NRG3_ERBB4,Nrg3  - Erbb4,NRG,Secreted Signaling,KEGG: mmu04012
OPCs,Oligodendrocytes,Nrg3,Erbb4,0.04932508423951812,0,NRG3_ERBB4,Nrg3  - Erbb4,NRG,Secreted Signaling,KEGG: mmu04012
Neurons,OPCs,Nrg3,Erbb4,0.2533934272090912,0,NRG3_ERBB4,Nrg3  - Erbb4,NRG,Secreted Signaling,KEGG: mmu04012
OPCs,OPCs,Nrg3,Erbb4,0.20915808871850908,0,NRG3_ERBB4,Nrg3  - Erbb4,NRG,Secreted Signaling,KEGG: mmu04012
Astrocytes,Neurons,Fgf1,Fgfr1,0.001512066045469939,0,FGF1_FGFR1,Fgf1  - Fgfr1,FGF,Secreted Signaling,PMC: 4393358
Astrocytes,Astrocytes,Fgf1,Fgfr2,0.0060881561745033995,0,FGF1_FGFR2,Fgf1  - Fgfr2,FGF,Secreted Signaling,PMC: 4393358
Astrocytes,Microglia,Fgf1,Fgfr2,0.0025436034858849154,0,FGF1_FGFR2,Fgf1  - Fgfr2,FGF,Secreted Signaling,PMC: 4393358
Astrocytes,Neurons,Fgf1,Fgfr2,0.007208801065262847,0,FGF1_FGFR2,Fgf1  - Fgfr2,FGF,Secreted Signaling,PMC: 4393358
Astrocytes,Oligodendrocytes,Fgf1,Fgfr2,0.004982399123519127,0,FGF1_FGFR2,Fgf1  - Fgfr2,FGF,Secreted Signaling,PMC: 4393358
Astrocytes,OPCs,Fgf1,Fgfr2,0.0032594090013879514,0,FGF1_FGFR2,Fgf1  - Fgfr2,FGF,Secreted Signaling,PMC: 4393358
Astrocytes,Pericytes,Fgf1,Fgfr2,0.0035152717006813315,0,FGF1_FGFR2,Fgf1  - Fgfr2,FGF,Secreted Signaling,PMC: 4393358
Astrocytes,Astrocytes,Fgf1,Fgfr3,0.010880347414865793,0,FGF1_FGFR3,Fgf1  - Fgfr3,FGF,Secreted Signaling,PMC: 4393358
Astrocytes,Pericytes,Pdgfd,Pdgfrb,0.012949320943247068,0,PDGFD_PDGFRB,Pdgfd  - Pdgfrb,PDGF,Secreted Signaling,PMID: 15207812
Astrocytes,Pericytes,Vegfa,Flt1,0.004126161975056355,0,VEGFA_VEGFR1,Vegfa  - Vegfr1,VEGF,Secreted Signaling,KEGG: mmu04370; PMID: 16633338
OPCs,Pericytes,Vegfa,Flt1,0.00357401142788011,0,VEGFA_VEGFR1,Vegfa  - Vegfr1,VEGF,Secreted Signaling,KEGG: mmu04370; PMID: 16633338
Neurons,Microglia,Cx3cl1,Cx3cr1,0.00981058071585031,0,CX3CL1_CX3CR1,Cx3cl1  - Cx3cr1,CX3C,Secreted Signaling,KEGG: mmu04060
Pericytes,Microglia,Il34,Csf1r,0.026445156097401498,0,IL34_CSF1R,Il34  - Csf1r,CSF,Secreted Signaling,KEGG: mmu04060
Astrocytes,Astrocytes,Mdk,Sdc2,0.002660112179978546,0,MDK_SDC2,Mdk  - Sdc2,MK,Secreted Signaling,PMID: 28356350
Astrocytes,Neurons,Mdk,Sdc2,0.001006208210470949,0,MDK_SDC2,Mdk  - Sdc2,MK,Secreted Signaling,PMID: 28356350
Astrocytes,OPCs,Mdk,Sdc2,0.0020239930551661195,0,MDK_SDC2,Mdk  - Sdc2,MK,Secreted Signaling,PMID: 28356350
Astrocytes,Pericytes,Mdk,Sdc2,0.003422698551342252,0,MDK_SDC2,Mdk  - Sdc2,MK,Secreted Signaling,PMID: 28356350
Astrocytes,Astrocytes,Mdk,Sdc4,0.002794646789134354,0,MDK_SDC4,Mdk  - Sdc4,MK,Secreted Signaling,PMID: 28356350
Astrocytes,Astrocytes,Mdk,Ptprz1,0.014376224067991293,0,MDK_PTPRZ1,Mdk  - Ptprz1,MK,Secreted Signaling,PMID: 28356350
Astrocytes,Neurons,Mdk,Ptprz1,0.0013136702542228126,0,MDK_PTPRZ1,Mdk  - Ptprz1,MK,Secreted Signaling,PMID: 28356350
Astrocytes,OPCs,Mdk,Ptprz1,0.023488024995196522,0,MDK_PTPRZ1,Mdk  - Ptprz1,MK,Secreted Signaling,PMID: 28356350
Astrocytes,Microglia,Mdk,ITGA6_ITGB1,0.003481710385831088,0,MDK_ITGA6_ITGB1,Mdk  - (Itga6+Itgb1),MK,Secreted Signaling,PMID: 28356350
Astrocytes,Astrocytes,Mdk,Lrp1,0.003371426056537096,0,MDK_LRP1,Mdk  - Lrp1,MK,Secreted Signaling,PMID: 28356350
Astrocytes,Microglia,Mdk,Lrp1,0.0037465802615580237,0,MDK_LRP1,Mdk  - Lrp1,MK,Secreted Signaling,PMID: 28356350
Astrocytes,Neurons,Mdk,Lrp1,0.003613413464687722,0,MDK_LRP1,Mdk  - Lrp1,MK,Secreted Signaling,PMID: 28356350
Astrocytes,OPCs,Mdk,Lrp1,0.009462622323717878,0,MDK_LRP1,Mdk  - Lrp1,MK,Secreted Signaling,PMID: 28356350
Astrocytes,Pericytes,Mdk,Lrp1,0.0037307928811807244,0,MDK_LRP1,Mdk  - Lrp1,MK,Secreted Signaling,PMID: 28356350
Astrocytes,Neurons,Mdk,Ncl,9.123185993367728e-4,0,MDK_NCL,Mdk  - Ncl,MK,Secreted Signaling,PMID: 28356350
Astrocytes,Neurons,Mdk,Alk,0.0014214274081402636,0,MDK_ALK,Mdk  - Alk,MK,Secreted Signaling,PMID: 19459784
Astrocytes,OPCs,Mdk,Alk,0.0029531823611293594,0,MDK_ALK,Mdk  - Alk,MK,Secreted Signaling,PMID: 19459784
Astrocytes,Astrocytes,Ptn,Ptprz1,0.021228797868107992,0,PTN_PTPRZ1,Ptn  - Ptprz1,PTN,Secreted Signaling,PMID: 28356350; PMID: 25620911
Neurons,Astrocytes,Ptn,Ptprz1,0.008978530449653629,0,PTN_PTPRZ1,Ptn  - Ptprz1,PTN,Secreted Signaling,PMID: 28356350; PMID: 25620911
Oligodendrocytes,Astrocytes,Ptn,Ptprz1,0.0263566844385096,0,PTN_PTPRZ1,Ptn  - Ptprz1,PTN,Secreted Signaling,PMID: 28356350; PMID: 25620911
OPCs,Astrocytes,Ptn,Ptprz1,0.10839255339220444,0,PTN_PTPRZ1,Ptn  - Ptprz1,PTN,Secreted Signaling,PMID: 28356350; PMID: 25620911
Pericytes,Astrocytes,Ptn,Ptprz1,0.11052164229302817,0,PTN_PTPRZ1,Ptn  - Ptprz1,PTN,Secreted Signaling,PMID: 28356350; PMID: 25620911
Astrocytes,Neurons,Ptn,Ptprz1,0.0019521769022558728,0,PTN_PTPRZ1,Ptn  - Ptprz1,PTN,Secreted Signaling,PMID: 28356350; PMID: 25620911
Neurons,Neurons,Ptn,Ptprz1,8.16377643026216e-4,0,PTN_PTPRZ1,Ptn  - Ptprz1,PTN,Secreted Signaling,PMID: 28356350; PMID: 25620911
Oligodendrocytes,Neurons,Ptn,Ptprz1,0.002435317304612021,0,PTN_PTPRZ1,Ptn  - Ptprz1,PTN,Secreted Signaling,PMID: 28356350; PMID: 25620911
OPCs,Neurons,Ptn,Ptprz1,0.010844608587813305,0,PTN_PTPRZ1,Ptn  - Ptprz1,PTN,Secreted Signaling,PMID: 28356350; PMID: 25620911
Pericytes,Neurons,Ptn,Ptprz1,0.011081436766077894,0,PTN_PTPRZ1,Ptn  - Ptprz1,PTN,Secreted Signaling,PMID: 28356350; PMID: 25620911
Astrocytes,OPCs,Ptn,Ptprz1,0.034531664980002125,0,PTN_PTPRZ1,Ptn  - Ptprz1,PTN,Secreted Signaling,PMID: 28356350; PMID: 25620911
Neurons,OPCs,Ptn,Ptprz1,0.01472031121624723,0,PTN_PTPRZ1,Ptn  - Ptprz1,PTN,Secreted Signaling,PMID: 28356350; PMID: 25620911
Oligodendrocytes,OPCs,Ptn,Ptprz1,0.04273261008515282,0,PTN_PTPRZ1,Ptn  - Ptprz1,PTN,Secreted Signaling,PMID: 28356350; PMID: 25620911
OPCs,OPCs,Ptn,Ptprz1,0.16699665449987364,0,PTN_PTPRZ1,Ptn  - Ptprz1,PTN,Secreted Signaling,PMID: 28356350; PMID: 25620911
Pericytes,OPCs,Ptn,Ptprz1,0.17005731273198038,0,PTN_PTPRZ1,Ptn  - Ptprz1,PTN,Secreted Signaling,PMID: 28356350; PMID: 25620911
Astrocytes,Astrocytes,Ptn,Sdc2,0.003950465353155679,0,PTN_SDC2,Ptn  - Sdc2,PTN,Secreted Signaling,PMID: 28356350; PMID: 25620911
Neurons,Astrocytes,Ptn,Sdc2,0.0016539653054353926,0,PTN_SDC2,Ptn  - Sdc2,PTN,Secreted Signaling,PMID: 28356350; PMID: 25620911
Oligodendrocytes,Astrocytes,Ptn,Sdc2,0.004925717423369872,0,PTN_SDC2,Ptn  - Sdc2,PTN,Secreted Signaling,PMID: 28356350; PMID: 25620911
OPCs,Astrocytes,Ptn,Sdc2,0.021747034058923576,0,PTN_SDC2,Ptn  - Sdc2,PTN,Secreted Signaling,PMID: 28356350; PMID: 25620911
Pericytes,Astrocytes,Ptn,Sdc2,0.022216605478184957,0,PTN_SDC2,Ptn  - Sdc2,PTN,Secreted Signaling,PMID: 28356350; PMID: 25620911
Astrocytes,Neurons,Ptn,Sdc2,0.0014954973655771566,0,PTN_SDC2,Ptn  - Sdc2,PTN,Secreted Signaling,PMID: 28356350; PMID: 25620911
Neurons,Neurons,Ptn,Sdc2,6.252331295447837e-4,0,PTN_SDC2,Ptn  - Sdc2,PTN,Secreted Signaling,PMID: 28356350; PMID: 25620911
Oligodendrocytes,Neurons,Ptn,Sdc2,0.0018658263454352849,0,PTN_SDC2,Ptn  - Sdc2,PTN,Secreted Signaling,PMID: 28356350; PMID: 25620911
OPCs,Neurons,Ptn,Sdc2,0.008325043501306901,0,PTN_SDC2,Ptn  - Sdc2,PTN,Secreted Signaling,PMID: 28356350; PMID: 25620911
Pericytes,Neurons,Ptn,Sdc2,0.008507321808359527,0,PTN_SDC2,Ptn  - Sdc2,PTN,Secreted Signaling,PMID: 28356350; PMID: 25620911
Astrocytes,OPCs,Ptn,Sdc2,0.00300671116273583,0,PTN_SDC2,Ptn  - Sdc2,PTN,Secreted Signaling,PMID: 28356350; PMID: 25620911
Neurons,OPCs,Ptn,Sdc2,0.0012581450209020516,0,PTN_SDC2,Ptn  - Sdc2,PTN,Secreted Signaling,PMID: 28356350; PMID: 25620911
Oligodendrocytes,OPCs,Ptn,Sdc2,0.0037498555957456397,0,PTN_SDC2,Ptn  - Sdc2,PTN,Secreted Signaling,PMID: 28356350; PMID: 25620911
OPCs,OPCs,Ptn,Sdc2,0.016622685998722613,0,PTN_SDC2,Ptn  - Sdc2,PTN,Secreted Signaling,PMID: 28356350; PMID: 25620911
Pericytes,OPCs,Ptn,Sdc2,0.016983531220028287,0,PTN_SDC2,Ptn  - Sdc2,PTN,Secreted Signaling,PMID: 28356350; PMID: 25620911
Astrocytes,Pericytes,Ptn,Sdc2,0.005081078533871599,0,PTN_SDC2,Ptn  - Sdc2,PTN,Secreted Signaling,PMID: 28356350; PMID: 25620911
Neurons,Pericytes,Ptn,Sdc2,0.002128730650294155,0,PTN_SDC2,Ptn  - Sdc2,PTN,Secreted Signaling,PMID: 28356350; PMID: 25620911
Oligodendrocytes,Pericytes,Ptn,Sdc2,0.006333670445284145,0,PTN_SDC2,Ptn  - Sdc2,PTN,Secreted Signaling,PMID: 28356350; PMID: 25620911
OPCs,Pericytes,Ptn,Sdc2,0.027828677258789392,0,PTN_SDC2,Ptn  - Sdc2,PTN,Secreted Signaling,PMID: 28356350; PMID: 25620911
Pericytes,Pericytes,Ptn,Sdc2,0.028425750383550084,0,PTN_SDC2,Ptn  - Sdc2,PTN,Secreted Signaling,PMID: 28356350; PMID: 25620911
Astrocytes,OPCs,Ptn,Sdc3,0.003863008125638996,0,PTN_SDC3,Ptn  - Sdc3,PTN,Secreted Signaling,PMID: 28356350; PMID: 25620911
Neurons,OPCs,Ptn,Sdc3,0.0016172665076765239,0,PTN_SDC3,Ptn  - Sdc3,PTN,Secreted Signaling,PMID: 28356350; PMID: 25620911
Oligodendrocytes,OPCs,Ptn,Sdc3,0.004816774024269744,0,PTN_SDC3,Ptn  - Sdc3,PTN,Secreted Signaling,PMID: 28356350; PMID: 25620911
OPCs,OPCs,Ptn,Sdc3,0.021274003128550604,0,PTN_SDC3,Ptn  - Sdc3,PTN,Secreted Signaling,PMID: 28356350; PMID: 25620911
Pericytes,OPCs,Ptn,Sdc3,0.02173358757748296,0,PTN_SDC3,Ptn  - Sdc3,PTN,Secreted Signaling,PMID: 28356350; PMID: 25620911
Astrocytes,Astrocytes,Ptn,Sdc4,0.004149987752493671,0,PTN_SDC4,Ptn  - Sdc4,PTN,Secreted Signaling,PMID: 28356350; PMID: 25620911
Neurons,Astrocytes,Ptn,Sdc4,0.001737702909879924,0,PTN_SDC4,Ptn  - Sdc4,PTN,Secreted Signaling,PMID: 28356350; PMID: 25620911
Oligodendrocytes,Astrocytes,Ptn,Sdc4,0.005174240078344702,0,PTN_SDC4,Ptn  - Sdc4,PTN,Secreted Signaling,PMID: 28356350; PMID: 25620911
OPCs,Astrocytes,Ptn,Sdc4,0.022824793763774113,0,PTN_SDC4,Ptn  - Sdc4,PTN,Secreted Signaling,PMID: 28356350; PMID: 25620911
Pericytes,Astrocytes,Ptn,Sdc4,0.023317081954189654,0,PTN_SDC4,Ptn  - Sdc4,PTN,Secreted Signaling,PMID: 28356350; PMID: 25620911
Astrocytes,Neurons,Ptn,Ncl,0.0013560139984707207,0,PTN_NCL,Ptn  - Ncl,PTN,Secreted Signaling,PMID: 28356350; PMID: 25620911
Neurons,Neurons,Ptn,Ncl,5.668722535269729e-4,0,PTN_NCL,Ptn  - Ncl,PTN,Secreted Signaling,PMID: 28356350; PMID: 25620911
Oligodendrocytes,Neurons,Ptn,Ncl,0.0016918613331598754,0,PTN_NCL,Ptn  - Ncl,PTN,Secreted Signaling,PMID: 28356350; PMID: 25620911
OPCs,Neurons,Ptn,Ncl,0.007553394601237745,0,PTN_NCL,Ptn  - Ncl,PTN,Secreted Signaling,PMID: 28356350; PMID: 25620911
Pericytes,Neurons,Ptn,Ncl,0.007718909027273264,0,PTN_NCL,Ptn  - Ncl,PTN,Secreted Signaling,PMID: 28356350; PMID: 25620911
Astrocytes,Neurons,Ptn,Alk,0.002112198420678544,0,PTN_ALK,Ptn  - Alk,PTN,Secreted Signaling,PMID: 28356350; PMID: 25620911
Neurons,Neurons,Ptn,Alk,8.833791837971278e-4,0,PTN_ALK,Ptn  - Alk,PTN,Secreted Signaling,PMID: 28356350; PMID: 25620911
Oligodendrocytes,Neurons,Ptn,Alk,0.0026348376796285246,0,PTN_ALK,Ptn  - Alk,PTN,Secreted Signaling,PMID: 28356350; PMID: 25620911
OPCs,Neurons,Ptn,Alk,0.011724986626233764,0,PTN_ALK,Ptn  - Alk,PTN,Secreted Signaling,PMID: 28356350; PMID: 25620911
Pericytes,Neurons,Ptn,Alk,0.011980807925398164,0,PTN_ALK,Ptn  - Alk,PTN,Secreted Signaling,PMID: 28356350; PMID: 25620911
Astrocytes,OPCs,Ptn,Alk,0.004385071422064113,0,PTN_ALK,Ptn  - Alk,PTN,Secreted Signaling,PMID: 28356350; PMID: 25620911
Neurons,OPCs,Ptn,Alk,0.0018363902644450635,0,PTN_ALK,Ptn  - Alk,PTN,Secreted Signaling,PMID: 28356350; PMID: 25620911
Oligodendrocytes,OPCs,Ptn,Alk,0.005467025877678158,0,PTN_ALK,Ptn  - Alk,PTN,Secreted Signaling,PMID: 28356350; PMID: 25620911
OPCs,OPCs,Ptn,Alk,0.024092153537000234,0,PTN_ALK,Ptn  - Alk,PTN,Secreted Signaling,PMID: 28356350; PMID: 25620911
Pericytes,OPCs,Ptn,Alk,0.024611087864191285,0,PTN_ALK,Ptn  - Alk,PTN,Secreted Signaling,PMID: 28356350; PMID: 25620911
Neurons,Neurons,Penk,Oprm1,3.0147623565647563e-4,0,PENK_OPRM1,Penk  - Oprm1,OPIOID,Secreted Signaling,KEGG: mmu04080
OPCs,Neurons,Sema3d,NRP1_PLXNA2,0.01304214801791148,0,SEMA3D_NRP1_PLXNA2,Sema3d  - (Nrp1+Plxna2),SEMA3,Secreted Signaling,PMID: 27533782
OPCs,Microglia,Sema3d,NRP1_PLXNA4,0.017589649538858616,0,SEMA3D_NRP1_PLXNA4,Sema3d  - (Nrp1+Plxna4),SEMA3,Secreted Signaling,PMID: 27533782
OPCs,Neurons,Sema3d,NRP1_PLXNA4,0.018414842655576212,0,SEMA3D_NRP1_PLXNA4,Sema3d  - (Nrp1+Plxna4),SEMA3,Secreted Signaling,PMID: 27533782
Neurons,Astrocytes,Gas6,Mertk,0.001832774958990747,0,GAS6_MERTK,Gas6  - Mertk,GAS,Secreted Signaling,PMID: 27801848
Neurons,Microglia,Gas6,Mertk,0.007895053056083814,0,GAS6_MERTK,Gas6  - Mertk,GAS,Secreted Signaling,PMID: 27801848
Neurons,OPCs,Gas6,Mertk,0.0012435365477395258,0,GAS6_MERTK,Gas6  - Mertk,GAS,Secreted Signaling,PMID: 27801848
Microglia,Neurons,Grn,Sort1,0.002641894402082972,0,GRN_SORT1,Grn  - Sort1,GRN,Secreted Signaling,PMID: 29555433
Astrocytes,Astrocytes,Psap,Gpr37l1,0.04342573615976423,0,PSAP_GPR37L1,Psap  - Gpr37l1,PSAP,Secreted Signaling,PMID: 23690594
Microglia,Astrocytes,Psap,Gpr37l1,0.06271712937991407,0,PSAP_GPR37L1,Psap  - Gpr37l1,PSAP,Secreted Signaling,PMID: 23690594
Neurons,Astrocytes,Psap,Gpr37l1,0.031502760305569845,0,PSAP_GPR37L1,Psap  - Gpr37l1,PSAP,Secreted Signaling,PMID: 23690594
Oligodendrocytes,Astrocytes,Psap,Gpr37l1,0.013581093927265586,0,PSAP_GPR37L1,Psap  - Gpr37l1,PSAP,Secreted Signaling,PMID: 23690594
OPCs,Astrocytes,Psap,Gpr37l1,0.03850263028418647,0,PSAP_GPR37L1,Psap  - Gpr37l1,PSAP,Secreted Signaling,PMID: 23690594
Pericytes,Astrocytes,Psap,Gpr37l1,0.013692074048064867,0,PSAP_GPR37L1,Psap  - Gpr37l1,PSAP,Secreted Signaling,PMID: 23690594
Astrocytes,OPCs,Psap,Gpr37l1,0.030654009583533967,0,PSAP_GPR37L1,Psap  - Gpr37l1,PSAP,Secreted Signaling,PMID: 23690594
Microglia,OPCs,Psap,Gpr37l1,0.04453586139745719,0,PSAP_GPR37L1,Psap  - Gpr37l1,PSAP,Secreted Signaling,PMID: 23690594
Neurons,OPCs,Psap,Gpr37l1,0.02215641973062266,0,PSAP_GPR37L1,Psap  - Gpr37l1,PSAP,Secreted Signaling,PMID: 23690594
Oligodendrocytes,OPCs,Psap,Gpr37l1,0.009499657959580738,0,PSAP_GPR37L1,Psap  - Gpr37l1,PSAP,Secreted Signaling,PMID: 23690594
OPCs,OPCs,Psap,Gpr37l1,0.02713773701808727,0,PSAP_GPR37L1,Psap  - Gpr37l1,PSAP,Secreted Signaling,PMID: 23690594
Pericytes,OPCs,Psap,Gpr37l1,0.00957760979324633,0,PSAP_GPR37L1,Psap  - Gpr37l1,PSAP,Secreted Signaling,PMID: 23690594
Astrocytes,Oligodendrocytes,Psap,Gpr37,0.007467011521519702,0,PSAP_GPR37,Psap  - Gpr37,PSAP,Secreted Signaling,PMID: 23690594
Microglia,Oligodendrocytes,Psap,Gpr37,0.010967294840743408,0,PSAP_GPR37,Psap  - Gpr37,PSAP,Secreted Signaling,PMID: 23690594
Neurons,Oligodendrocytes,Psap,Gpr37,0.005361531323687342,0,PSAP_GPR37,Psap  - Gpr37,PSAP,Secreted Signaling,PMID: 23690594
Oligodendrocytes,Oligodendrocytes,Psap,Gpr37,0.0022764439689713636,0,PSAP_GPR37,Psap  - Gpr37,PSAP,Secreted Signaling,PMID: 23690594
OPCs,Oligodendrocytes,Psap,Gpr37,0.006592393970511982,0,PSAP_GPR37,Psap  - Gpr37,PSAP,Secreted Signaling,PMID: 23690594
Pericytes,Oligodendrocytes,Psap,Gpr37,0.0022952612520176258,0,PSAP_GPR37,Psap  - Gpr37,PSAP,Secreted Signaling,PMID: 23690594
Astrocytes,Astrocytes,Ptprs,Ntrk3,0.0038218197396321487,0,PTPRS_NTRK3,Ptprs - Ntrk3,PTPR,Secreted Signaling,PMID:21262467;PMID:25385546;
Neurons,Astrocytes,Ptprs,Ntrk3,0.011659258259926664,0,PTPRS_NTRK3,Ptprs - Ntrk3,PTPR,Secreted Signaling,PMID:21262467;PMID:25385546;
OPCs,Astrocytes,Ptprs,Ntrk3,0.013358527491322273,0,PTPRS_NTRK3,Ptprs - Ntrk3,PTPR,Secreted Signaling,PMID:21262467;PMID:25385546;
Astrocytes,Neurons,Ptprs,Ntrk3,0.009476329920521867,0,PTPRS_NTRK3,Ptprs - Ntrk3,PTPR,Secreted Signaling,PMID:21262467;PMID:25385546;
Neurons,Neurons,Ptprs,Ntrk3,0.02857687925172861,0,PTPRS_NTRK3,Ptprs - Ntrk3,PTPR,Secreted Signaling,PMID:21262467;PMID:25385546;
OPCs,Neurons,Ptprs,Ntrk3,0.03266031484155364,0,PTPRS_NTRK3,Ptprs - Ntrk3,PTPR,Secreted Signaling,PMID:21262467;PMID:25385546;
Astrocytes,OPCs,Ptprs,Ntrk3,0.012319505565675888,0,PTPRS_NTRK3,Ptprs - Ntrk3,PTPR,Secreted Signaling,PMID:21262467;PMID:25385546;
Neurons,OPCs,Ptprs,Ntrk3,0.03693707611705426,0,PTPRS_NTRK3,Ptprs - Ntrk3,PTPR,Secreted Signaling,PMID:21262467;PMID:25385546;
OPCs,OPCs,Ptprs,Ntrk3,0.04216327465219385,0,PTPRS_NTRK3,Ptprs - Ntrk3,PTPR,Secreted Signaling,PMID:21262467;PMID:25385546;
Neurons,Astrocytes,Slitrk1,Ptprd,0.00526720629909587,0,SLITRK1_PTPRD,Slitrk1 - Ptprd,SLITRK,Secreted Signaling,PMID: 30648269;PMID: 30822649
Neurons,Neurons,Slitrk1,Ptprd,0.010437413948557695,0,SLITRK1_PTPRD,Slitrk1 - Ptprd,SLITRK,Secreted Signaling,PMID: 30648269;PMID: 30822649
Neurons,Oligodendrocytes,Slitrk1,Ptprd,0.009693443423638431,0,SLITRK1_PTPRD,Slitrk1 - Ptprd,SLITRK,Secreted Signaling,PMID: 30648269;PMID: 30822649
Neurons,OPCs,Slitrk1,Ptprd,0.0053631719736519845,0,SLITRK1_PTPRD,Slitrk1 - Ptprd,SLITRK,Secreted Signaling,PMID: 30648269;PMID: 30822649
Neurons,Pericytes,Slitrk1,Ptprd,0.0013828208451444211,0,SLITRK1_PTPRD,Slitrk1 - Ptprd,SLITRK,Secreted Signaling,PMID: 30648269;PMID: 30822649
Neurons,Astrocytes,Slitrk1,Ptprs,0.0011886730881432383,0,SLITRK1_PTPRS,Slitrk1 - Ptprs,SLITRK,Secreted Signaling,PMID: 30648269;PMID: 30822649
Neurons,Neurons,Slitrk1,Ptprs,0.0036460587662466267,0,SLITRK1_PTPRS,Slitrk1 - Ptprs,SLITRK,Secreted Signaling,PMID: 30648269;PMID: 30822649
Neurons,OPCs,Slitrk1,Ptprs,0.0041823928163976865,0,SLITRK1_PTPRS,Slitrk1 - Ptprs,SLITRK,Secreted Signaling,PMID: 30648269;PMID: 30822649
Neurons,Astrocytes,Slit2,Robo1,0.003598967002070472,0,SLIT2_ROBO1,Slit2 - Robo1,SLIT,Secreted Signaling,PMID:10102268
Neurons,Neurons,Slit2,Robo1,0.01658981293408988,0,SLIT2_ROBO1,Slit2 - Robo1,SLIT,Secreted Signaling,PMID:10102268
Neurons,Oligodendrocytes,Slit2,Robo1,0.00499751124619759,0,SLIT2_ROBO1,Slit2 - Robo1,SLIT,Secreted Signaling,PMID:10102268
Neurons,OPCs,Slit2,Robo1,0.024031470911032263,0,SLIT2_ROBO1,Slit2 - Robo1,SLIT,Secreted Signaling,PMID:10102268
Neurons,Astrocytes,Slit2,Robo2,0.012696114218711665,0,SLIT2_ROBO2,Slit2 - Robo2,SLIT,Secreted Signaling,PMID:10102268
Neurons,Neurons,Slit2,Robo2,0.015099376703743317,0,SLIT2_ROBO2,Slit2 - Robo2,SLIT,Secreted Signaling,PMID:10102268
Neurons,Astrocytes,Tub,Mertk,0.0015677201654099456,0,TUB_MERTK,Tub - Mertk,TULP,Secreted Signaling,PMID: 20978475
OPCs,Astrocytes,Tub,Mertk,0.003968652758814227,0,TUB_MERTK,Tub - Mertk,TULP,Secreted Signaling,PMID: 20978475
Neurons,Microglia,Tub,Mertk,0.006759212149305358,0,TUB_MERTK,Tub - Mertk,TULP,Secreted Signaling,PMID: 20978475
OPCs,Microglia,Tub,Mertk,0.01697563304636544,0,TUB_MERTK,Tub - Mertk,TULP,Secreted Signaling,PMID: 20978475
Neurons,OPCs,Tub,Mertk,0.0010636062508514931,0,TUB_MERTK,Tub - Mertk,TULP,Secreted Signaling,PMID: 20978475
OPCs,OPCs,Tub,Mertk,0.0026945818939116506,0,TUB_MERTK,Tub - Mertk,TULP,Secreted Signaling,PMID: 20978475
Microglia,Astrocytes,Pros1,Mertk,0.0061286331100205175,0,PROS1_MERTK,Pros1 - Mertk,PROS,Secreted Signaling,PMID: 34631419
Microglia,Microglia,Pros1,Mertk,0.02602979317620095,0,PROS1_MERTK,Pros1 - Mertk,PROS,Secreted Signaling,PMID: 34631419
Microglia,OPCs,Pros1,Mertk,0.004164034942637383,0,PROS1_MERTK,Pros1 - Mertk,PROS,Secreted Signaling,PMID: 34631419
Neurons,Pericytes,Col4a2,ITGA1_ITGB1,0.001174880198395401,0,COL4A2_ITGA1_ITGB1,Col4a2  - (Itga1+Itgb1),COLLAGEN,ECM-Receptor,KEGG: mmu04512
Astrocytes,Pericytes,Lama2,ITGA1_ITGB1,0.01200483036078281,0,LAMA2_ITGA1_ITGB1,Lama2  - (Itga1+Itgb1),LAMININ,ECM-Receptor,KEGG: mmu04512
Pericytes,Pericytes,Lama2,ITGA1_ITGB1,0.015325283351934239,0,LAMA2_ITGA1_ITGB1,Lama2  - (Itga1+Itgb1),LAMININ,ECM-Receptor,KEGG: mmu04512
OPCs,Pericytes,Lama4,ITGA1_ITGB1,0.0029461561619507663,0,LAMA4_ITGA1_ITGB1,Lama4  - (Itga1+Itgb1),LAMININ,ECM-Receptor,KEGG: mmu04512
Pericytes,Pericytes,Lama4,ITGA1_ITGB1,0.003992904273086471,0,LAMA4_ITGA1_ITGB1,Lama4  - (Itga1+Itgb1),LAMININ,ECM-Receptor,KEGG: mmu04512
OPCs,Pericytes,Lamc1,ITGA1_ITGB1,0.0032594527259259113,0,LAMC1_ITGA1_ITGB1,Lamc1  - (Itga1+Itgb1),LAMININ,ECM-Receptor,KEGG: mmu04512
Pericytes,Pericytes,Lamc1,ITGA1_ITGB1,0.004966556262813153,0,LAMC1_ITGA1_ITGB1,Lamc1  - (Itga1+Itgb1),LAMININ,ECM-Receptor,KEGG: mmu04512
Astrocytes,Microglia,Lama2,ITGA6_ITGB1,0.014952954947316598,0,LAMA2_ITGA6_ITGB1,Lama2  - (Itga6+Itgb1),LAMININ,ECM-Receptor,KEGG: mmu04512
Pericytes,Microglia,Lama2,ITGA6_ITGB1,0.01907309702572681,0,LAMA2_ITGA6_ITGB1,Lama2  - (Itga6+Itgb1),LAMININ,ECM-Receptor,KEGG: mmu04512
OPCs,Microglia,Lama4,ITGA6_ITGB1,0.0036779493086710217,0,LAMA4_ITGA6_ITGB1,Lama4  - (Itga6+Itgb1),LAMININ,ECM-Receptor,KEGG: mmu04512
Pericytes,Microglia,Lama4,ITGA6_ITGB1,0.004983398749174129,0,LAMA4_ITGA6_ITGB1,Lama4  - (Itga6+Itgb1),LAMININ,ECM-Receptor,KEGG: mmu04512
OPCs,Microglia,Lamc1,ITGA6_ITGB1,0.004068747768222187,0,LAMC1_ITGA6_ITGB1,Lamc1  - (Itga6+Itgb1),LAMININ,ECM-Receptor,KEGG: mmu04512
Pericytes,Microglia,Lamc1,ITGA6_ITGB1,0.006197075656160757,0,LAMC1_ITGA6_ITGB1,Lamc1  - (Itga6+Itgb1),LAMININ,ECM-Receptor,KEGG: mmu04512
Neurons,OPCs,Tnr,ITGA9_ITGB1,0.007243818877032764,0,TNR_ITGA9_ITGB1,Tnr  - (Itga9+Itgb1),TENASCIN,ECM-Receptor,KEGG: mmu04512
OPCs,OPCs,Tnr,ITGA9_ITGB1,0.07157904251494975,0,TNR_ITGA9_ITGB1,Tnr  - (Itga9+Itgb1),TENASCIN,ECM-Receptor,KEGG: mmu04512
Pericytes,OPCs,Tnxb,ITGA9_ITGB1,0.009467248986346625,0,TNXB_ITGA9_ITGB1,Tnxb  - (Itga9+Itgb1),TENASCIN,ECM-Receptor,KEGG: mmu04512
Neurons,OPCs,Col4a2,ITGA9_ITGB1,0.00268879606705008,0,COL4A2_ITGA9_ITGB1,Col4a2  - (Itga9+Itgb1),COLLAGEN,ECM-Receptor,KEGG: mmu04512
Astrocytes,OPCs,Lama2,ITGA9_ITGB1,0.027095335311235848,0,LAMA2_ITGA9_ITGB1,Lama2  - (Itga9+Itgb1),LAMININ,ECM-Receptor,KEGG: mmu04512
Pericytes,OPCs,Lama2,ITGA9_ITGB1,0.03444420298585142,0,LAMA2_ITGA9_ITGB1,Lama2  - (Itga9+Itgb1),LAMININ,ECM-Receptor,KEGG: mmu04512
OPCs,OPCs,Lama4,ITGA9_ITGB1,0.006727113722169988,0,LAMA4_ITGA9_ITGB1,Lama4  - (Itga9+Itgb1),LAMININ,ECM-Receptor,KEGG: mmu04512
Pericytes,OPCs,Lama4,ITGA9_ITGB1,0.009104941644078764,0,LAMA4_ITGA9_ITGB1,Lama4  - (Itga9+Itgb1),LAMININ,ECM-Receptor,KEGG: mmu04512
OPCs,OPCs,Lamc1,ITGA9_ITGB1,0.00743948025714712,0,LAMC1_ITGA9_ITGB1,Lamc1  - (Itga9+Itgb1),LAMININ,ECM-Receptor,KEGG: mmu04512
Pericytes,OPCs,Lamc1,ITGA9_ITGB1,0.011310985057662662,0,LAMC1_ITGA9_ITGB1,Lamc1  - (Itga9+Itgb1),LAMININ,ECM-Receptor,KEGG: mmu04512
Pericytes,Microglia,Vtn,ITGAV_ITGB1,0.02890948879348682,0,VTN_ITGAV_ITGB1,Vtn  - (Itgav+Itgb1),VTN,ECM-Receptor,KEGG: mmu04512
Pericytes,OPCs,Vtn,ITGAV_ITGB1,0.03537227813276998,0,VTN_ITGAV_ITGB1,Vtn  - (Itgav+Itgb1),VTN,ECM-Receptor,KEGG: mmu04512
Pericytes,Microglia,Vtn,ITGAV_ITGB5,0.05857144389521965,0,VTN_ITGAV_ITGB5,Vtn  - (Itgav+Itgb5),VTN,ECM-Receptor,KEGG: mmu04512
Pericytes,Astrocytes,Vtn,ITGAV_ITGB8,0.020572763643065563,0,VTN_ITGAV_ITGB8,Vtn  - (Itgav+Itgb8),VTN,ECM-Receptor,KEGG: mmu04512
Pericytes,OPCs,Vtn,ITGAV_ITGB8,0.034175554490507916,0,VTN_ITGAV_ITGB8,Vtn  - (Itgav+Itgb8),VTN,ECM-Receptor,KEGG: mmu04512
Astrocytes,Astrocytes,Lama2,ITGAV_ITGB8,0.010217965657318704,0,LAMA2_ITGAV_ITGB8,Lama2  - (Itgav+Itgb8),LAMININ,ECM-Receptor,KEGG: mmu04512
Pericytes,Astrocytes,Lama2,ITGAV_ITGB8,0.013050712723215096,0,LAMA2_ITGAV_ITGB8,Lama2  - (Itgav+Itgb8),LAMININ,ECM-Receptor,KEGG: mmu04512
Astrocytes,OPCs,Lama2,ITGAV_ITGB8,0.017093616035529294,0,LAMA2_ITGAV_ITGB8,Lama2  - (Itgav+Itgb8),LAMININ,ECM-Receptor,KEGG: mmu04512
Pericytes,OPCs,Lama2,ITGAV_ITGB8,0.021790548557922233,0,LAMA2_ITGAV_ITGB8,Lama2  - (Itgav+Itgb8),LAMININ,ECM-Receptor,KEGG: mmu04512
OPCs,Astrocytes,Lama4,ITGAV_ITGB8,0.0025042165727554543,0,LAMA4_ITGAV_ITGB8,Lama4  - (Itgav+Itgb8),LAMININ,ECM-Receptor,KEGG: mmu04512
Pericytes,Astrocytes,Lama4,ITGAV_ITGB8,0.0033944812933998938,0,LAMA4_ITGAV_ITGB8,Lama4  - (Itgav+Itgb8),LAMININ,ECM-Receptor,KEGG: mmu04512
OPCs,OPCs,Lama4,ITGAV_ITGB8,0.004211384459560077,0,LAMA4_ITGAV_ITGB8,Lama4  - (Itgav+Itgb8),LAMININ,ECM-Receptor,KEGG: mmu04512
Pericytes,OPCs,Lama4,ITGAV_ITGB8,0.005705086926110335,0,LAMA4_ITGAV_ITGB8,Lama4  - (Itgav+Itgb8),LAMININ,ECM-Receptor,KEGG: mmu04512
OPCs,Astrocytes,Lamc1,ITGAV_ITGB8,0.0027706475278134217,0,LAMC1_ITGAV_ITGB8,Lamc1  - (Itgav+Itgb8),LAMININ,ECM-Receptor,KEGG: mmu04512
Pericytes,Astrocytes,Lamc1,ITGAV_ITGB8,0.0042228291721716285,0,LAMC1_ITGAV_ITGB8,Lamc1  - (Itgav+Itgb8),LAMININ,ECM-Receptor,KEGG: mmu04512
OPCs,OPCs,Lamc1,ITGAV_ITGB8,0.004658597751190451,0,LAMC1_ITGAV_ITGB8,Lamc1  - (Itgav+Itgb8),LAMININ,ECM-Receptor,KEGG: mmu04512
Pericytes,OPCs,Lamc1,ITGAV_ITGB8,0.007093273686589486,0,LAMC1_ITGAV_ITGB8,Lamc1  - (Itgav+Itgb8),LAMININ,ECM-Receptor,KEGG: mmu04512
Neurons,Astrocytes,Col4a2,ITGAV_ITGB8,9.983756689687933e-4,0,COL4A2_ITGAV_ITGB8,Col4a2  - (Itgav+Itgb8),COLLAGEN,ECM-Receptor,KEGG: mmu04512
Neurons,OPCs,Col4a2,ITGAV_ITGB8,0.0016807153678121186,0,COL4A2_ITGAV_ITGB8,Col4a2  - (Itgav+Itgb8),COLLAGEN,ECM-Receptor,KEGG: mmu04512
Neurons,Astrocytes,Col4a2,Sdc4,0.0011773248829202484,0,COL4A2_SDC4,Col4a2  - Sdc4,COLLAGEN,ECM-Receptor,KEGG: mmu04512
Neurons,Astrocytes,Tnr,Sdc4,0.003179966204037588,0,TNR_SDC4,Tnr  - Sdc4,TENASCIN,ECM-Receptor,KEGG: mmu04512
OPCs,Astrocytes,Tnr,Sdc4,0.032608003074976605,0,TNR_SDC4,Tnr  - Sdc4,TENASCIN,ECM-Receptor,KEGG: mmu04512
Pericytes,Astrocytes,Tnxb,Sdc4,0.004161258935806637,0,TNXB_SDC4,Tnxb  - Sdc4,TENASCIN,ECM-Receptor,KEGG: mmu04512
Astrocytes,Neurons,Lama2,Sv2a,0.01809184244602523,0,LAMA2_SV2A,Lama2  - Sv2a,LAMININ,ECM-Receptor,KEGG: mmu04512
Pericytes,Neurons,Lama2,Sv2a,0.023056630447518708,0,LAMA2_SV2A,Lama2  - Sv2a,LAMININ,ECM-Receptor,KEGG: mmu04512
OPCs,Neurons,Lama4,Sv2a,0.004460733400550212,0,LAMA4_SV2A,Lama4  - Sv2a,LAMININ,ECM-Receptor,KEGG: mmu04512
Pericytes,Neurons,Lama4,Sv2a,0.006042338818254878,0,LAMA4_SV2A,Lama4  - Sv2a,LAMININ,ECM-Receptor,KEGG: mmu04512
OPCs,Neurons,Lamc1,Sv2a,0.004934294227266351,0,LAMC1_SV2A,Lamc1  - Sv2a,LAMININ,ECM-Receptor,KEGG: mmu04512
Pericytes,Neurons,Lamc1,Sv2a,0.007511967206394479,0,LAMC1_SV2A,Lamc1  - Sv2a,LAMININ,ECM-Receptor,KEGG: mmu04512
Astrocytes,Neurons,Lama2,Sv2b,0.0037009586750406556,0,LAMA2_SV2B,Lama2  - Sv2b,LAMININ,ECM-Receptor,KEGG: mmu04512
Pericytes,Neurons,Lama2,Sv2b,0.004735627147385396,0,LAMA2_SV2B,Lama2  - Sv2b,LAMININ,ECM-Receptor,KEGG: mmu04512
OPCs,Neurons,Lama4,Sv2b,9.025438709037682e-4,0,LAMA4_SV2B,Lama4  - Sv2b,LAMININ,ECM-Receptor,KEGG: mmu04512
Pericytes,Neurons,Lama4,Sv2b,0.001224102645556611,0,LAMA4_SV2B,Lama4  - Sv2b,LAMININ,ECM-Receptor,KEGG: mmu04512
OPCs,Neurons,Lamc1,Sv2b,9.98738782748948e-4,0,LAMC1_SV2B,Lamc1  - Sv2b,LAMININ,ECM-Receptor,KEGG: mmu04512
Pericytes,Neurons,Lamc1,Sv2b,0.001523627460341533,0,LAMC1_SV2B,Lamc1  - Sv2b,LAMININ,ECM-Receptor,KEGG: mmu04512
Astrocytes,Neurons,Lama2,Sv2c,0.009646686127578286,0,LAMA2_SV2C,Lama2  - Sv2c,LAMININ,ECM-Receptor,KEGG: mmu04512
Pericytes,Neurons,Lama2,Sv2c,0.012323028058203947,0,LAMA2_SV2C,Lama2  - Sv2c,LAMININ,ECM-Receptor,KEGG: mmu04512
OPCs,Neurons,Lama4,Sv2c,0.0023631778324386824,0,LAMA4_SV2C,Lama4  - Sv2c,LAMININ,ECM-Receptor,KEGG: mmu04512
Pericytes,Neurons,Lama4,Sv2c,0.003203463420438308,0,LAMA4_SV2C,Lama4  - Sv2c,LAMININ,ECM-Receptor,KEGG: mmu04512
OPCs,Neurons,Lamc1,Sv2c,0.0026146425943240786,0,LAMC1_SV2C,Lamc1  - Sv2c,LAMININ,ECM-Receptor,KEGG: mmu04512
Pericytes,Neurons,Lamc1,Sv2c,0.003985384029750441,0,LAMC1_SV2C,Lamc1  - Sv2c,LAMININ,ECM-Receptor,KEGG: mmu04512
Neurons,Neurons,Agrn,Dag1,9.861616986194372e-4,0,AGRN_DAG1,Agrn  - Dag1,AGRN,ECM-Receptor,KEGG: mmu04512
OPCs,Neurons,Agrn,Dag1,0.0014819159959147848,0,AGRN_DAG1,Agrn  - Dag1,AGRN,ECM-Receptor,KEGG: mmu04512
Neurons,OPCs,Agrn,Dag1,0.0014491055918286638,0,AGRN_DAG1,Agrn  - Dag1,AGRN,ECM-Receptor,KEGG: mmu04512
OPCs,OPCs,Agrn,Dag1,0.0021770796942365903,0,AGRN_DAG1,Agrn  - Dag1,AGRN,ECM-Receptor,KEGG: mmu04512
Astrocytes,Neurons,Lama2,Dag1,0.00580338040349278,0,LAMA2_DAG1,Lama2  - Dag1,LAMININ,ECM-Receptor,KEGG: mmu04512
Pericytes,Neurons,Lama2,Dag1,0.00742143976705163,0,LAMA2_DAG1,Lama2  - Dag1,LAMININ,ECM-Receptor,KEGG: mmu04512
Astrocytes,OPCs,Lama2,Dag1,0.008508460165764753,0,LAMA2_DAG1,Lama2  - Dag1,LAMININ,ECM-Receptor,KEGG: mmu04512
Pericytes,OPCs,Lama2,Dag1,0.010872483590121227,0,LAMA2_DAG1,Lama2  - Dag1,LAMININ,ECM-Receptor,KEGG: mmu04512
OPCs,Neurons,Lama4,Dag1,0.0014175182025400023,0,LAMA4_DAG1,Lama4  - Dag1,LAMININ,ECM-Receptor,KEGG: mmu04512
Pericytes,Neurons,Lama4,Dag1,0.0019221992908919556,0,LAMA4_DAG1,Lama4  - Dag1,LAMININ,ECM-Receptor,KEGG: mmu04512
OPCs,OPCs,Lama4,Dag1,0.0020825360349293848,0,LAMA4_DAG1,Lama4  - Dag1,LAMININ,ECM-Receptor,KEGG: mmu04512
Pericytes,OPCs,Lama4,Dag1,0.0028233149817216145,0,LAMA4_DAG1,Lama4  - Dag1,LAMININ,ECM-Receptor,KEGG: mmu04512
OPCs,Neurons,Lamc1,Dag1,0.001568513928987576,0,LAMC1_DAG1,Lamc1  - Dag1,LAMININ,ECM-Receptor,KEGG: mmu04512
Pericytes,Neurons,Lamc1,Dag1,0.0023921317654456886,0,LAMC1_DAG1,Lamc1  - Dag1,LAMININ,ECM-Receptor,KEGG: mmu04512
OPCs,OPCs,Lamc1,Dag1,0.0023042067943291823,0,LAMC1_DAG1,Lamc1  - Dag1,LAMININ,ECM-Receptor,KEGG: mmu04512
Pericytes,OPCs,Lamc1,Dag1,0.003512773668820516,0,LAMC1_DAG1,Lamc1  - Dag1,LAMININ,ECM-Receptor,KEGG: mmu04512
Neurons,Neurons,GABA-GAD2_SLC32A1,GABR_A1B3G2,0.001377576857537281,0,GABA-A-GAD2_SLC32A1_GABR_A1B3G2,GABA-A-(Gad2+Slc32a1) - Gabr_a1b3g2,GABA-A,Non-protein Signaling,PMID: 34417930;PMID: 23038269
Neurons,Neurons,GABA-GAD2_SLC32A1,GABR_A1B2G2,7.418984402308498e-4,0,GABA-A-GAD2_SLC32A1_GABR_A1B2G2,GABA-A-(Gad2+Slc32a1) - Gabr_a1b2g2,GABA-A,Non-protein Signaling,PMID: 34417930;PMID: 23038269
Neurons,Neurons,GABA-GAD2_SLC32A1,GABR_A1B2,4.92992693719847e-4,0,GABA-A-GAD2_SLC32A1_GABR_A1B2,GABA-A-(Gad2+Slc32a1) - Gabr_a1b2,GABA-A,Non-protein Signaling,PMID: 34417930;PMID: 23038269
Neurons,Neurons,GABA-GAD2_SLC32A1,GABR_A1B3,0.0012476250384383417,0,GABA-A-GAD2_SLC32A1_GABR_A1B3,GABA-A-(Gad2+Slc32a1) - Gabr_a1b3,GABA-A,Non-protein Signaling,PMID: 34417930;PMID: 23038269
Neurons,Neurons,GABA-GAD2_SLC32A1,GABR_A2B3G2,0.002387738407719146,0,GABA-A-GAD2_SLC32A1_GABR_A2B3G2,GABA-A-(Gad2+Slc32a1) - Gabr_a2b3g2,GABA-A,Non-protein Signaling,PMID: 34417930;PMID: 23038269
Neurons,Neurons,GABA-GAD2_SLC32A1,GABR_A3B3G2,0.0018371863528306507,0,GABA-A-GAD2_SLC32A1_GABR_A3B3G2,GABA-A-(Gad2+Slc32a1) - Gabr_a3b3g2,GABA-A,Non-protein Signaling,PMID: 34417930;PMID: 23038269
Neurons,Neurons,GABA-GAD2_SLC32A1,GABR_A5B3G2,0.0015727664166069965,0,GABA-A-GAD2_SLC32A1_GABR_A5B3G2,GABA-A-(Gad2+Slc32a1) - Gabr_a5b3g2,GABA-A,Non-protein Signaling,PMID: 34417930;PMID: 23038269
Neurons,Neurons,GABA-GAD2_SLC6A1,GABR_A1B3G2,0.0013222098320838913,0,GABA-A-GAD2_SLC6A1_GABR_A1B3G2,GABA-A-(Gad2+Slc6a1) - Gabr_a1b3g2,GABA-A,Non-protein Signaling,PMID: 34417930;PMID: 23038269
Neurons,Neurons,GABA-GAD2_SLC6A1,GABR_A1B2G2,7.120621333551853e-4,0,GABA-A-GAD2_SLC6A1_GABR_A1B2G2,GABA-A-(Gad2+Slc6a1) - Gabr_a1b2g2,GABA-A,Non-protein Signaling,PMID: 34417930;PMID: 23038269
Neurons,Neurons,GABA-GAD2_SLC6A1,GABR_A1B2,4.731616804576205e-4,0,GABA-A-GAD2_SLC6A1_GABR_A1B2,GABA-A-(Gad2+Slc6a1) - Gabr_a1b2,GABA-A,Non-protein Signaling,PMID: 34417930;PMID: 23038269
Neurons,Neurons,GABA-GAD2_SLC6A1,GABR_A1B3,0.0011974747222129754,0,GABA-A-GAD2_SLC6A1_GABR_A1B3,GABA-A-(Gad2+Slc6a1) - Gabr_a1b3,GABA-A,Non-protein Signaling,PMID: 34417930;PMID: 23038269
Neurons,Neurons,GABA-GAD2_SLC6A1,GABR_A2B3G2,0.0022918645459536367,0,GABA-A-GAD2_SLC6A1_GABR_A2B3G2,GABA-A-(Gad2+Slc6a1) - Gabr_a2b3g2,GABA-A,Non-protein Signaling,PMID: 34417930;PMID: 23038269
Neurons,Neurons,GABA-GAD2_SLC6A1,GABR_A3B3G2,0.0017633795027718177,0,GABA-A-GAD2_SLC6A1_GABR_A3B3G2,GABA-A-(Gad2+Slc6a1) - Gabr_a3b3g2,GABA-A,Non-protein Signaling,PMID: 34417930;PMID: 23038269
Neurons,Neurons,GABA-GAD2_SLC6A1,GABR_A5B3G2,0.0015095662682753953,0,GABA-A-GAD2_SLC6A1_GABR_A5B3G2,GABA-A-(Gad2+Slc6a1) - Gabr_a5b3g2,GABA-A,Non-protein Signaling,PMID: 34417930;PMID: 23038269
Neurons,Neurons,GABA-GAD2_SLC6A6,GABR_A1B3G2,0.001650438427460305,0,GABA-A-GAD2_SLC6A6_GABR_A1B3G2,GABA-A-(Gad2+Slc6a6) - Gabr_a1b3g2,GABA-A,Non-protein Signaling,PMID: 34417930;PMID: 23038269
Neurons,Neurons,GABA-GAD2_SLC6A6,GABR_A1B2G2,8.889609993699856e-4,0,GABA-A-GAD2_SLC6A6_GABR_A1B2G2,GABA-A-(Gad2+Slc6a6) - Gabr_a1b2g2,GABA-A,Non-protein Signaling,PMID: 34417930;PMID: 23038269
Neurons,Neurons,GABA-GAD2_SLC6A6,GABR_A1B2,5.907451667761794e-4,0,GABA-A-GAD2_SLC6A6_GABR_A1B2,GABA-A-(Gad2+Slc6a6) - Gabr_a1b2,GABA-A,Non-protein Signaling,PMID: 34417930;PMID: 23038269
Neurons,Neurons,GABA-GAD2_SLC6A6,GABR_A1B3,0.0014947851161427727,0,GABA-A-GAD2_SLC6A6_GABR_A1B3,GABA-A-(Gad2+Slc6a6) - Gabr_a1b3,GABA-A,Non-protein Signaling,PMID: 34417930;PMID: 23038269
Neurons,Neurons,GABA-GAD2_SLC6A6,GABR_A2B3G2,0.002860113226024233,0,GABA-A-GAD2_SLC6A6_GABR_A2B3G2,GABA-A-(Gad2+Slc6a6) - Gabr_a2b3g2,GABA-A,Non-protein Signaling,PMID: 34417930;PMID: 23038269
Neurons,Neurons,GABA-GAD2_SLC6A6,GABR_A3B3G2,0.002200883780422635,0,GABA-A-GAD2_SLC6A6_GABR_A3B3G2,GABA-A-(Gad2+Slc6a6) - Gabr_a3b3g2,GABA-A,Non-protein Signaling,PMID: 34417930;PMID: 23038269
Neurons,Neurons,GABA-GAD2_SLC6A6,GABR_A5B3G2,0.0018842169319749304,0,GABA-A-GAD2_SLC6A6_GABR_A5B3G2,GABA-A-(Gad2+Slc6a6) - Gabr_a5b3g2,GABA-A,Non-protein Signaling,PMID: 34417930;PMID: 23038269
Neurons,Astrocytes,GABA-GAD2_SLC32A1,Gabbr1,0.0010666097683770677,0,GABA-B-GAD2_SLC32A1_GABBR1,GABA-B-(Gad2+Slc32a1) - Gabbr1,GABA-B,Non-protein Signaling,PMID: 32871173;PMID: 30541966
Neurons,Neurons,GABA-GAD2_SLC32A1,Gabbr1,0.0015682142095117901,0,GABA-B-GAD2_SLC32A1_GABBR1,GABA-B-(Gad2+Slc32a1) - Gabbr1,GABA-B,Non-protein Signaling,PMID: 32871173;PMID: 30541966
Neurons,Oligodendrocytes,GABA-GAD2_SLC32A1,Gabbr1,5.113939044890545e-4,0,GABA-B-GAD2_SLC32A1_GABBR1,GABA-B-(Gad2+Slc32a1) - Gabbr1,GABA-B,Non-protein Signaling,PMID: 32871173;PMID: 30541966
Neurons,OPCs,GABA-GAD2_SLC32A1,Gabbr1,9.538421741806529e-4,0,GABA-B-GAD2_SLC32A1_GABBR1,GABA-B-(Gad2+Slc32a1) - Gabbr1,GABA-B,Non-protein Signaling,PMID: 32871173;PMID: 30541966
Neurons,Astrocytes,GABA-GAD2_SLC6A1,Gabbr1,0.0010237281969826349,0,GABA-B-GAD2_SLC6A1_GABBR1,GABA-B-(Gad2+Slc6a1) - Gabbr1,GABA-B,Non-protein Signaling,PMID: 32871173;PMID: 30541966
Neurons,Neurons,GABA-GAD2_SLC6A1,Gabbr1,0.0015051967115935802,0,GABA-B-GAD2_SLC6A1_GABBR1,GABA-B-(Gad2+Slc6a1) - Gabbr1,GABA-B,Non-protein Signaling,PMID: 32871173;PMID: 30541966
Neurons,Oligodendrocytes,GABA-GAD2_SLC6A1,Gabbr1,4.908230517472894e-4,0,GABA-B-GAD2_SLC6A1_GABBR1,GABA-B-(Gad2+Slc6a1) - Gabbr1,GABA-B,Non-protein Signaling,PMID: 32871173;PMID: 30541966
Neurons,OPCs,GABA-GAD2_SLC6A1,Gabbr1,9.154901130781432e-4,0,GABA-B-GAD2_SLC6A1_GABBR1,GABA-B-(Gad2+Slc6a1) - Gabbr1,GABA-B,Non-protein Signaling,PMID: 32871173;PMID: 30541966
Neurons,Astrocytes,GABA-GAD2_SLC6A6,Gabbr1,0.0012779557993975097,0,GABA-B-GAD2_SLC6A6_GABBR1,GABA-B-(Gad2+Slc6a6) - Gabbr1,GABA-B,Non-protein Signaling,PMID: 32871173;PMID: 30541966
Neurons,Neurons,GABA-GAD2_SLC6A6,Gabbr1,0.0018787649603972407,0,GABA-B-GAD2_SLC6A6_GABBR1,GABA-B-(Gad2+Slc6a6) - Gabbr1,GABA-B,Non-protein Signaling,PMID: 32871173;PMID: 30541966
Neurons,Oligodendrocytes,GABA-GAD2_SLC6A6,Gabbr1,6.127928028770288e-4,0,GABA-B-GAD2_SLC6A6_GABBR1,GABA-B-(Gad2+Slc6a6) - Gabbr1,GABA-B,Non-protein Signaling,PMID: 32871173;PMID: 30541966
Neurons,OPCs,GABA-GAD2_SLC6A6,Gabbr1,0.0011428691555337,0,GABA-B-GAD2_SLC6A6_GABBR1,GABA-B-(Gad2+Slc6a6) - Gabbr1,GABA-B,Non-protein Signaling,PMID: 32871173;PMID: 30541966
Neurons,Neurons,GABA-GAD2_SLC32A1,Gabbr2,0.00211688966120085,0,GABA-B-GAD2_SLC32A1_GABBR2,GABA-B-(Gad2+Slc32a1) - Gabbr2,GABA-B,Non-protein Signaling,PMID: 32871173;PMID: 30541966
Neurons,Neurons,GABA-GAD2_SLC6A1,Gabbr2,0.0020318689258642863,0,GABA-B-GAD2_SLC6A1_GABBR2,GABA-B-(Gad2+Slc6a1) - Gabbr2,GABA-B,Non-protein Signaling,PMID: 32871173;PMID: 30541966
Neurons,Neurons,GABA-GAD2_SLC6A6,Gabbr2,0.002535817706369878,0,GABA-B-GAD2_SLC6A6_GABBR2,GABA-B-(Gad2+Slc6a6) - Gabbr2,GABA-B,Non-protein Signaling,PMID: 32871173;PMID: 30541966
Neurons,Astrocytes,Glu-SLC17A6_GLS,Gria1,0.018469502353328313,0,Glutamate-Glu-SLC17A6_GLS_GRIA1,Glu-(Slc17a6+Gls) - Gria1,Glutamate,Non-protein Signaling,PMID: 24155668;PMID: 14612154
Neurons,Neurons,Glu-SLC17A6_GLS,Gria1,0.011449624338338252,0,Glutamate-Glu-SLC17A6_GLS_GRIA1,Glu-(Slc17a6+Gls) - Gria1,Glutamate,Non-protein Signaling,PMID: 24155668;PMID: 14612154
Neurons,Astrocytes,Glu-SLC1A1_GLS,Gria1,0.014215181463686843,0,Glutamate-Glu-SLC1A1_GLS_GRIA1,Glu-(Slc1a1+Gls) - Gria1,Glutamate,Non-protein Signaling,PMID: 24155668;PMID: 14612154
OPCs,Astrocytes,Glu-SLC1A1_GLS,Gria1,0.012281043008687346,0,Glutamate-Glu-SLC1A1_GLS_GRIA1,Glu-(Slc1a1+Gls) - Gria1,Glutamate,Non-protein Signaling,PMID: 24155668;PMID: 14612154
Neurons,Neurons,Glu-SLC1A1_GLS,Gria1,0.008797789790278196,0,Glutamate-Glu-SLC1A1_GLS_GRIA1,Glu-(Slc1a1+Gls) - Gria1,Glutamate,Non-protein Signaling,PMID: 24155668;PMID: 14612154
OPCs,Neurons,Glu-SLC1A1_GLS,Gria1,0.007595070556089088,0,Glutamate-Glu-SLC1A1_GLS_GRIA1,Glu-(Slc1a1+Gls) - Gria1,Glutamate,Non-protein Signaling,PMID: 24155668;PMID: 14612154
OPCs,Astrocytes,Glu-SLC1A2_GLS,Gria1,0.02202467430859957,0,Glutamate-Glu-SLC1A2_GLS_GRIA1,Glu-(Slc1a2+Gls) - Gria1,Glutamate,Non-protein Signaling,PMID: 24155668;PMID: 14612154
OPCs,Neurons,Glu-SLC1A2_GLS,Gria1,0.013672370947148012,0,Glutamate-Glu-SLC1A2_GLS_GRIA1,Glu-(Slc1a2+Gls) - Gria1,Glutamate,Non-protein Signaling,PMID: 24155668;PMID: 14612154
OPCs,Astrocytes,Glu-SLC1A3_GLS,Gria1,0.011743609671699835,0,Glutamate-Glu-SLC1A3_GLS_GRIA1,Glu-(Slc1a3+Gls) - Gria1,Glutamate,Non-protein Signaling,PMID: 24155668;PMID: 14612154
OPCs,Neurons,Glu-SLC1A3_GLS,Gria1,0.007261193534799084,0,Glutamate-Glu-SLC1A3_GLS_GRIA1,Glu-(Slc1a3+Gls) - Gria1,Glutamate,Non-protein Signaling,PMID: 24155668;PMID: 14612154
Neurons,Astrocytes,Glu-SLC17A6_GLS2,Gria1,0.006383765505134866,0,Glutamate-Glu-SLC17A6_GLS2_GRIA1,Glu-(Slc17a6+Gls2) - Gria1,Glutamate,Non-protein Signaling,PMID: 24155668;PMID: 14612154
Neurons,Neurons,Glu-SLC17A6_GLS2,Gria1,0.003938993123495711,0,Glutamate-Glu-SLC17A6_GLS2_GRIA1,Glu-(Slc17a6+Gls2) - Gria1,Glutamate,Non-protein Signaling,PMID: 24155668;PMID: 14612154
Neurons,Astrocytes,Glu-SLC1A1_GLS2,Gria1,0.004899413742270897,0,Glutamate-Glu-SLC1A1_GLS2_GRIA1,Glu-(Slc1a1+Gls2) - Gria1,Glutamate,Non-protein Signaling,PMID: 24155668;PMID: 14612154
Neurons,Neurons,Glu-SLC1A1_GLS2,Gria1,0.003021370744676667,0,Glutamate-Glu-SLC1A1_GLS2_GRIA1,Glu-(Slc1a1+Gls2) - Gria1,Glutamate,Non-protein Signaling,PMID: 24155668;PMID: 14612154
Neurons,Astrocytes,Glu-SLC17A6_GLS,Gria2,0.017748411292848435,0,Glutamate-Glu-SLC17A6_GLS_GRIA2,Glu-(Slc17a6+Gls) - Gria2,Glutamate,Non-protein Signaling,PMID: 24155668;PMID: 14612154
Neurons,Neurons,Glu-SLC17A6_GLS,Gria2,0.033416681889476295,0,Glutamate-Glu-SLC17A6_GLS_GRIA2,Glu-(Slc17a6+Gls) - Gria2,Glutamate,Non-protein Signaling,PMID: 24155668;PMID: 14612154
Neurons,OPCs,Glu-SLC17A6_GLS,Gria2,0.03709959253537888,0,Glutamate-Glu-SLC17A6_GLS_GRIA2,Glu-(Slc17a6+Gls) - Gria2,Glutamate,Non-protein Signaling,PMID: 24155668;PMID: 14612154
Neurons,Astrocytes,Glu-SLC1A1_GLS,Gria2,0.013657877455918047,0,Glutamate-Glu-SLC1A1_GLS_GRIA2,Glu-(Slc1a1+Gls) - Gria2,Glutamate,Non-protein Signaling,PMID: 24155668;PMID: 14612154
OPCs,Astrocytes,Glu-SLC1A1_GLS,Gria2,0.011798659037008977,0,Glutamate-Glu-SLC1A1_GLS_GRIA2,Glu-(Slc1a1+Gls) - Gria2,Glutamate,Non-protein Signaling,PMID: 24155668;PMID: 14612154
Neurons,Neurons,Glu-SLC1A1_GLS,Gria2,0.025809917702411176,0,Glutamate-Glu-SLC1A1_GLS_GRIA2,Glu-(Slc1a1+Gls) - Gria2,Glutamate,Non-protein Signaling,PMID: 24155668;PMID: 14612154
OPCs,Neurons,Glu-SLC1A1_GLS,Gria2,0.022333924423537523,0,Glutamate-Glu-SLC1A1_GLS_GRIA2,Glu-(Slc1a1+Gls) - Gria2,Glutamate,Non-protein Signaling,PMID: 24155668;PMID: 14612154
Neurons,OPCs,Glu-SLC1A1_GLS,Gria2,0.02867934833051014,0,Glutamate-Glu-SLC1A1_GLS_GRIA2,Glu-(Slc1a1+Gls) - Gria2,Glutamate,Non-protein Signaling,PMID: 24155668;PMID: 14612154
OPCs,OPCs,Glu-SLC1A1_GLS,Gria2,0.024826758114134977,0,Glutamate-Glu-SLC1A1_GLS_GRIA2,Glu-(Slc1a1+Gls) - Gria2,Glutamate,Non-protein Signaling,PMID: 24155668;PMID: 14612154
OPCs,Astrocytes,Glu-SLC1A2_GLS,Gria2,0.021167774725432253,0,Glutamate-Glu-SLC1A2_GLS_GRIA2,Glu-(Slc1a2+Gls) - Gria2,Glutamate,Non-protein Signaling,PMID: 24155668;PMID: 14612154
OPCs,Neurons,Glu-SLC1A2_GLS,Gria2,0.0397325499966741,0,Glutamate-Glu-SLC1A2_GLS_GRIA2,Glu-(Slc1a2+Gls) - Gria2,Glutamate,Non-protein Signaling,PMID: 24155668;PMID: 14612154
OPCs,OPCs,Glu-SLC1A2_GLS,Gria2,0.044079799485481956,0,Glutamate-Glu-SLC1A2_GLS_GRIA2,Glu-(Slc1a2+Gls) - Gria2,Glutamate,Non-protein Signaling,PMID: 24155668;PMID: 14612154
OPCs,Astrocytes,Glu-SLC1A3_GLS,Gria2,0.011282094284722738,0,Glutamate-Glu-SLC1A3_GLS_GRIA2,Glu-(Slc1a3+Gls) - Gria2,Glutamate,Non-protein Signaling,PMID: 24155668;PMID: 14612154
OPCs,Neurons,Glu-SLC1A3_GLS,Gria2,0.021366081174958192,0,Glutamate-Glu-SLC1A3_GLS_GRIA2,Glu-(Slc1a3+Gls) - Gria2,Glutamate,Non-protein Signaling,PMID: 24155668;PMID: 14612154
OPCs,OPCs,Glu-SLC1A3_GLS,Gria2,0.02375351226865183,0,Glutamate-Glu-SLC1A3_GLS_GRIA2,Glu-(Slc1a3+Gls) - Gria2,Glutamate,Non-protein Signaling,PMID: 24155668;PMID: 14612154
Neurons,Astrocytes,Glu-SLC17A6_GLS2,Gria2,0.006131581235041093,0,Glutamate-Glu-SLC17A6_GLS2_GRIA2,Glu-(Slc17a6+Gls2) - Gria2,Glutamate,Non-protein Signaling,PMID: 24155668;PMID: 14612154
Neurons,Neurons,Glu-SLC17A6_GLS2,Gria2,0.011666335688525719,0,Glutamate-Glu-SLC17A6_GLS2_GRIA2,Glu-(Slc17a6+Gls2) - Gria2,Glutamate,Non-protein Signaling,PMID: 24155668;PMID: 14612154
Neurons,OPCs,Glu-SLC17A6_GLS2,Gria2,0.012984304141454189,0,Glutamate-Glu-SLC17A6_GLS2_GRIA2,Glu-(Slc17a6+Gls2) - Gria2,Glutamate,Non-protein Signaling,PMID: 24155668;PMID: 14612154
Neurons,Astrocytes,Glu-SLC1A1_GLS2,Gria2,0.004705589605323047,0,Glutamate-Glu-SLC1A1_GLS2_GRIA2,Glu-(Slc1a1+Gls2) - Gria2,Glutamate,Non-protein Signaling,PMID: 24155668;PMID: 14612154
Neurons,Neurons,Glu-SLC1A1_GLS2,Gria2,0.00896476404309185,0,Glutamate-Glu-SLC1A1_GLS2_GRIA2,Glu-(Slc1a1+Gls2) - Gria2,Glutamate,Non-protein Signaling,PMID: 24155668;PMID: 14612154
Neurons,OPCs,Glu-SLC1A1_GLS2,Gria2,0.009980612791467997,0,Glutamate-Glu-SLC1A1_GLS2_GRIA2,Glu-(Slc1a1+Gls2) - Gria2,Glutamate,Non-protein Signaling,PMID: 24155668;PMID: 14612154
Neurons,Neurons,Glu-SLC17A6_GLS,Gria3,0.018608135771869157,0,Glutamate-Glu-SLC17A6_GLS_GRIA3,Glu-(Slc17a6+Gls) - Gria3,Glutamate,Non-protein Signaling,PMID: 24155668;PMID: 14612154
Neurons,OPCs,Glu-SLC17A6_GLS,Gria3,0.02708524879068156,0,Glutamate-Glu-SLC17A6_GLS_GRIA3,Glu-(Slc17a6+Gls) - Gria3,Glutamate,Non-protein Signaling,PMID: 24155668;PMID: 14612154
Neurons,Neurons,Glu-SLC1A1_GLS,Gria3,0.014322347607485766,0,Glutamate-Glu-SLC1A1_GLS_GRIA3,Glu-(Slc1a1+Gls) - Gria3,Glutamate,Non-protein Signaling,PMID: 24155668;PMID: 14612154
OPCs,Neurons,Glu-SLC1A1_GLS,Gria3,0.012373810996218539,0,Glutamate-Glu-SLC1A1_GLS_GRIA3,Glu-(Slc1a1+Gls) - Gria3,Glutamate,Non-protein Signaling,PMID: 24155668;PMID: 14612154
Neurons,OPCs,Glu-SLC1A1_GLS,Gria3,0.02088858594370645,0,Glutamate-Glu-SLC1A1_GLS_GRIA3,Glu-(Slc1a1+Gls) - Gria3,Glutamate,Non-protein Signaling,PMID: 24155668;PMID: 14612154
OPCs,OPCs,Glu-SLC1A1_GLS,Gria3,0.018063091952282985,0,Glutamate-Glu-SLC1A1_GLS_GRIA3,Glu-(Slc1a1+Gls) - Gria3,Glutamate,Non-protein Signaling,PMID: 24155668;PMID: 14612154
OPCs,Neurons,Glu-SLC1A2_GLS,Gria3,0.022189389830171588,0,Glutamate-Glu-SLC1A2_GLS_GRIA3,Glu-(Slc1a2+Gls) - Gria3,Glutamate,Non-protein Signaling,PMID: 24155668;PMID: 14612154
OPCs,OPCs,Glu-SLC1A2_GLS,Gria3,0.03224437382997199,0,Glutamate-Glu-SLC1A2_GLS_GRIA3,Glu-(Slc1a2+Gls) - Gria3,Glutamate,Non-protein Signaling,PMID: 24155668;PMID: 14612154
OPCs,Neurons,Glu-SLC1A3_GLS,Gria3,0.011832366651985424,0,Glutamate-Glu-SLC1A3_GLS_GRIA3,Glu-(Slc1a3+Gls) - Gria3,Glutamate,Non-protein Signaling,PMID: 24155668;PMID: 14612154
OPCs,OPCs,Glu-SLC1A3_GLS,Gria3,0.017277055100401773,0,Glutamate-Glu-SLC1A3_GLS_GRIA3,Glu-(Slc1a3+Gls) - Gria3,Glutamate,Non-protein Signaling,PMID: 24155668;PMID: 14612154
Neurons,Neurons,Glu-SLC17A6_GLS2,Gria3,0.006432277003147884,0,Glutamate-Glu-SLC17A6_GLS2_GRIA3,Glu-(Slc17a6+Gls2) - Gria3,Glutamate,Non-protein Signaling,PMID: 24155668;PMID: 14612154
Neurons,OPCs,Glu-SLC17A6_GLS2,Gria3,0.009415779895870703,0,Glutamate-Glu-SLC17A6_GLS2_GRIA3,Glu-(Slc17a6+Gls2) - Gria3,Glutamate,Non-protein Signaling,PMID: 24155668;PMID: 14612154
Neurons,Neurons,Glu-SLC1A1_GLS2,Gria3,0.004936701400527389,0,Glutamate-Glu-SLC1A1_GLS2_GRIA3,Glu-(Slc1a1+Gls2) - Gria3,Glutamate,Non-protein Signaling,PMID: 24155668;PMID: 14612154
Neurons,OPCs,Glu-SLC1A1_GLS2,Gria3,0.007231555834372941,0,Glutamate-Glu-SLC1A1_GLS2_GRIA3,Glu-(Slc1a1+Gls2) - Gria3,Glutamate,Non-protein Signaling,PMID: 24155668;PMID: 14612154
Neurons,Astrocytes,Glu-SLC17A6_GLS,Gria4,0.01892611171500782,0,Glutamate-Glu-SLC17A6_GLS_GRIA4,Glu-(Slc17a6+Gls) - Gria4,Glutamate,Non-protein Signaling,PMID: 24155668;PMID: 14612154
Neurons,Neurons,Glu-SLC17A6_GLS,Gria4,0.033509899873190044,0,Glutamate-Glu-SLC17A6_GLS_GRIA4,Glu-(Slc17a6+Gls) - Gria4,Glutamate,Non-protein Signaling,PMID: 24155668;PMID: 14612154
Neurons,Oligodendrocytes,Glu-SLC17A6_GLS,Gria4,0.004982109434125024,0,Glutamate-Glu-SLC17A6_GLS_GRIA4,Glu-(Slc17a6+Gls) - Gria4,Glutamate,Non-protein Signaling,PMID: 24155668;PMID: 14612154
Neurons,OPCs,Glu-SLC17A6_GLS,Gria4,0.04596940482871939,0,Glutamate-Glu-SLC17A6_GLS_GRIA4,Glu-(Slc17a6+Gls) - Gria4,Glutamate,Non-protein Signaling,PMID: 24155668;PMID: 14612154
Neurons,Astrocytes,Glu-SLC1A1_GLS,Gria4,0.014568175113354462,0,Glutamate-Glu-SLC1A1_GLS_GRIA4,Glu-(Slc1a1+Gls) - Gria4,Glutamate,Non-protein Signaling,PMID: 24155668;PMID: 14612154
OPCs,Astrocytes,Glu-SLC1A1_GLS,Gria4,0.012586621062281594,0,Glutamate-Glu-SLC1A1_GLS_GRIA4,Glu-(Slc1a1+Gls) - Gria4,Glutamate,Non-protein Signaling,PMID: 24155668;PMID: 14612154
Neurons,Neurons,Glu-SLC1A1_GLS,Gria4,0.025882484330421333,0,Glutamate-Glu-SLC1A1_GLS_GRIA4,Glu-(Slc1a1+Gls) - Gria4,Glutamate,Non-protein Signaling,PMID: 24155668;PMID: 14612154
OPCs,Neurons,Glu-SLC1A1_GLS,Gria4,0.022396942706219388,0,Glutamate-Glu-SLC1A1_GLS_GRIA4,Glu-(Slc1a1+Gls) - Gria4,Glutamate,Non-protein Signaling,PMID: 24155668;PMID: 14612154
Neurons,Oligodendrocytes,Glu-SLC1A1_GLS,Gria4,0.003822416656967618,0,Glutamate-Glu-SLC1A1_GLS_GRIA4,Glu-(Slc1a1+Gls) - Gria4,Glutamate,Non-protein Signaling,PMID: 24155668;PMID: 14612154
OPCs,Oligodendrocytes,Glu-SLC1A1_GLS,Gria4,0.003297602803779471,0,Glutamate-Glu-SLC1A1_GLS_GRIA4,Glu-(Slc1a1+Gls) - Gria4,Glutamate,Non-protein Signaling,PMID: 24155668;PMID: 14612154
Neurons,OPCs,Glu-SLC1A1_GLS,Gria4,0.03561048948940722,0,Glutamate-Glu-SLC1A1_GLS_GRIA4,Glu-(Slc1a1+Gls) - Gria4,Glutamate,Non-protein Signaling,PMID: 24155668;PMID: 14612154
OPCs,OPCs,Glu-SLC1A1_GLS,Gria4,0.03085639465800813,0,Glutamate-Glu-SLC1A1_GLS_GRIA4,Glu-(Slc1a1+Gls) - Gria4,Glutamate,Non-protein Signaling,PMID: 24155668;PMID: 14612154
OPCs,Astrocytes,Glu-SLC1A2_GLS,Gria4,0.02256715504917082,0,Glutamate-Glu-SLC1A2_GLS_GRIA4,Glu-(Slc1a2+Gls) - Gria4,Glutamate,Non-protein Signaling,PMID: 24155668;PMID: 14612154
OPCs,Neurons,Glu-SLC1A2_GLS,Gria4,0.03984266026359423,0,Glutamate-Glu-SLC1A2_GLS_GRIA4,Glu-(Slc1a2+Gls) - Gria4,Glutamate,Non-protein Signaling,PMID: 24155668;PMID: 14612154
OPCs,Oligodendrocytes,Glu-SLC1A2_GLS,Gria4,0.005956865648585893,0,Glutamate-Glu-SLC1A2_GLS_GRIA4,Glu-(Slc1a2+Gls) - Gria4,Glutamate,Non-protein Signaling,PMID: 24155668;PMID: 14612154
OPCs,OPCs,Glu-SLC1A2_GLS,Gria4,0.054523950175782356,0,Glutamate-Glu-SLC1A2_GLS_GRIA4,Glu-(Slc1a2+Gls) - Gria4,Glutamate,Non-protein Signaling,PMID: 24155668;PMID: 14612154
OPCs,Astrocytes,Glu-SLC1A3_GLS,Gria4,0.012035978210983836,0,Glutamate-Glu-SLC1A3_GLS_GRIA4,Glu-(Slc1a3+Gls) - Gria4,Glutamate,Non-protein Signaling,PMID: 24155668;PMID: 14612154
OPCs,Neurons,Glu-SLC1A3_GLS,Gria4,0.021426428403153393,0,Glutamate-Glu-SLC1A3_GLS_GRIA4,Glu-(Slc1a3+Gls) - Gria4,Glutamate,Non-protein Signaling,PMID: 24155668;PMID: 14612154
OPCs,Oligodendrocytes,Glu-SLC1A3_GLS,Gria4,0.003152041148270858,0,Glutamate-Glu-SLC1A3_GLS_GRIA4,Glu-(Slc1a3+Gls) - Gria4,Glutamate,Non-protein Signaling,PMID: 24155668;PMID: 14612154
OPCs,OPCs,Glu-SLC1A3_GLS,Gria4,0.029530384528177068,0,Glutamate-Glu-SLC1A3_GLS_GRIA4,Glu-(Slc1a3+Gls) - Gria4,Glutamate,Non-protein Signaling,PMID: 24155668;PMID: 14612154
Neurons,Astrocytes,Glu-SLC17A6_GLS2,Gria4,0.006543579073021284,0,Glutamate-Glu-SLC17A6_GLS2_GRIA4,Glu-(Slc17a6+Gls2) - Gria4,Glutamate,Non-protein Signaling,PMID: 24155668;PMID: 14612154
Neurons,Neurons,Glu-SLC17A6_GLS2,Gria4,0.011699614085982859,0,Glutamate-Glu-SLC17A6_GLS2_GRIA4,Glu-(Slc17a6+Gls2) - Gria4,Glutamate,Non-protein Signaling,PMID: 24155668;PMID: 14612154
Neurons,Oligodendrocytes,Glu-SLC17A6_GLS2,Gria4,0.0017066615248290404,0,Glutamate-Glu-SLC17A6_GLS2_GRIA4,Glu-(Slc17a6+Gls2) - Gria4,Glutamate,Non-protein Signaling,PMID: 24155668;PMID: 14612154
Neurons,OPCs,Glu-SLC17A6_GLS2,Gria4,0.016185519392546716,0,Glutamate-Glu-SLC17A6_GLS2_GRIA4,Glu-(Slc17a6+Gls2) - Gria4,Glutamate,Non-protein Signaling,PMID: 24155668;PMID: 14612154
Neurons,Astrocytes,Glu-SLC1A1_GLS2,Gria4,0.005022255319324771,0,Glutamate-Glu-SLC1A1_GLS2_GRIA4,Glu-(Slc1a1+Gls2) - Gria4,Glutamate,Non-protein Signaling,PMID: 24155668;PMID: 14612154
Neurons,Neurons,Glu-SLC1A1_GLS2,Gria4,0.00899040626727234,0,Glutamate-Glu-SLC1A1_GLS2_GRIA4,Glu-(Slc1a1+Gls2) - Gria4,Glutamate,Non-protein Signaling,PMID: 24155668;PMID: 14612154
Neurons,Oligodendrocytes,Glu-SLC1A1_GLS2,Gria4,0.0013083969107021882,0,Glutamate-Glu-SLC1A1_GLS2_GRIA4,Glu-(Slc1a1+Gls2) - Gria4,Glutamate,Non-protein Signaling,PMID: 24155668;PMID: 14612154
Neurons,OPCs,Glu-SLC1A1_GLS2,Gria4,0.012450624503945802,0,Glutamate-Glu-SLC1A1_GLS2_GRIA4,Glu-(Slc1a1+Gls2) - Gria4,Glutamate,Non-protein Signaling,PMID: 24155668;PMID: 14612154
Neurons,Neurons,Glu-SLC17A6_GLS,Grik1,0.005068008678604271,0,Glutamate-Glu-SLC17A6_GLS_GRIK1,Glu-(Slc17a6+Gls) - Grik1,Glutamate,Non-protein Signaling,PMID: 24155668;PMID: 14612154
Neurons,OPCs,Glu-SLC17A6_GLS,Grik1,0.016265598121277165,0,Glutamate-Glu-SLC17A6_GLS_GRIK1,Glu-(Slc17a6+Gls) - Grik1,Glutamate,Non-protein Signaling,PMID: 24155668;PMID: 14612154
Neurons,Neurons,Glu-SLC1A1_GLS,Grik1,0.0038883991481929014,0,Glutamate-Glu-SLC1A1_GLS_GRIK1,Glu-(Slc1a1+Gls) - Grik1,Glutamate,Non-protein Signaling,PMID: 24155668;PMID: 14612154
OPCs,Neurons,Glu-SLC1A1_GLS,Grik1,0.0033545564738459584,0,Glutamate-Glu-SLC1A1_GLS_GRIK1,Glu-(Slc1a1+Gls) - Grik1,Glutamate,Non-protein Signaling,PMID: 24155668;PMID: 14612154
Neurons,OPCs,Glu-SLC1A1_GLS,Grik1,0.012512459655624393,0,Glutamate-Glu-SLC1A1_GLS_GRIK1,Glu-(Slc1a1+Gls) - Grik1,Glutamate,Non-protein Signaling,PMID: 24155668;PMID: 14612154
OPCs,OPCs,Glu-SLC1A1_GLS,Grik1,0.010807456108108224,0,Glutamate-Glu-SLC1A1_GLS_GRIK1,Glu-(Slc1a1+Gls) - Grik1,Glutamate,Non-protein Signaling,PMID: 24155668;PMID: 14612154
OPCs,Neurons,Glu-SLC1A2_GLS,Grik1,0.0060594688452290536,0,Glutamate-Glu-SLC1A2_GLS_GRIK1,Glu-(Slc1a2+Gls) - Grik1,Glutamate,Non-protein Signaling,PMID: 24155668;PMID: 14612154
OPCs,OPCs,Glu-SLC1A2_GLS,Grik1,0.01940493023782827,0,Glutamate-Glu-SLC1A2_GLS_GRIK1,Glu-(Slc1a2+Gls) - Grik1,Glutamate,Non-protein Signaling,PMID: 24155668;PMID: 14612154
OPCs,Neurons,Glu-SLC1A3_GLS,Grik1,0.0032064888767838417,0,Glutamate-Glu-SLC1A3_GLS_GRIK1,Glu-(Slc1a3+Gls) - Grik1,Glutamate,Non-protein Signaling,PMID: 24155668;PMID: 14612154
OPCs,OPCs,Glu-SLC1A3_GLS,Grik1,0.01033383404832241,0,Glutamate-Glu-SLC1A3_GLS_GRIK1,Glu-(Slc1a3+Gls) - Grik1,Glutamate,Non-protein Signaling,PMID: 24155668;PMID: 14612154
Neurons,Neurons,Glu-SLC17A6_GLS2,Grik1,0.0017361855394997477,0,Glutamate-Glu-SLC17A6_GLS2_GRIK1,Glu-(Slc17a6+Gls2) - Grik1,Glutamate,Non-protein Signaling,PMID: 24155668;PMID: 14612154
Neurons,OPCs,Glu-SLC17A6_GLS2,Grik1,0.005613763784136084,0,Glutamate-Glu-SLC17A6_GLS2_GRIK1,Glu-(Slc17a6+Gls2) - Grik1,Glutamate,Non-protein Signaling,PMID: 24155668;PMID: 14612154
Neurons,Neurons,Glu-SLC1A1_GLS2,Grik1,0.0013310404206466162,0,Glutamate-Glu-SLC1A1_GLS2_GRIK1,Glu-(Slc1a1+Gls2) - Grik1,Glutamate,Non-protein Signaling,PMID: 24155668;PMID: 14612154
Neurons,OPCs,Glu-SLC1A1_GLS2,Grik1,0.004307676449269834,0,Glutamate-Glu-SLC1A1_GLS2_GRIK1,Glu-(Slc1a1+Gls2) - Grik1,Glutamate,Non-protein Signaling,PMID: 24155668;PMID: 14612154
Neurons,Astrocytes,Glu-SLC17A6_GLS,Grik2,0.006002829397750986,0,Glutamate-Glu-SLC17A6_GLS_GRIK2,Glu-(Slc17a6+Gls) - Grik2,Glutamate,Non-protein Signaling,PMID: 24155668;PMID: 14612154
Neurons,Neurons,Glu-SLC17A6_GLS,Grik2,0.02846649740016981,0,Glutamate-Glu-SLC17A6_GLS_GRIK2,Glu-(Slc17a6+Gls) - Grik2,Glutamate,Non-protein Signaling,PMID: 24155668;PMID: 14612154
Neurons,Oligodendrocytes,Glu-SLC17A6_GLS,Grik2,0.008838582320346084,0,Glutamate-Glu-SLC17A6_GLS_GRIK2,Glu-(Slc17a6+Gls) - Grik2,Glutamate,Non-protein Signaling,PMID: 24155668;PMID: 14612154
Neurons,OPCs,Glu-SLC17A6_GLS,Grik2,0.033725342802602615,0,Glutamate-Glu-SLC17A6_GLS_GRIK2,Glu-(Slc17a6+Gls) - Grik2,Glutamate,Non-protein Signaling,PMID: 24155668;PMID: 14612154
Neurons,Astrocytes,Glu-SLC1A1_GLS,Grik2,0.004606642159797435,0,Glutamate-Glu-SLC1A1_GLS_GRIK2,Glu-(Slc1a1+Gls) - Grik2,Glutamate,Non-protein Signaling,PMID: 24155668;PMID: 14612154
OPCs,Astrocytes,Glu-SLC1A1_GLS,Grik2,0.003974584555195747,0,Glutamate-Glu-SLC1A1_GLS_GRIK2,Glu-(Slc1a1+Gls) - Grik2,Glutamate,Non-protein Signaling,PMID: 24155668;PMID: 14612154
Neurons,Neurons,Glu-SLC1A1_GLS,Grik2,0.021960960435482874,0,Glutamate-Glu-SLC1A1_GLS_GRIK2,Glu-(Slc1a1+Gls) - Grik2,Glutamate,Non-protein Signaling,PMID: 24155668;PMID: 14612154
OPCs,Neurons,Glu-SLC1A1_GLS,Grik2,0.01899322557227682,0,Glutamate-Glu-SLC1A1_GLS_GRIK2,Glu-(Slc1a1+Gls) - Grik2,Glutamate,Non-protein Signaling,PMID: 24155668;PMID: 14612154
Neurons,Oligodendrocytes,Glu-SLC1A1_GLS,Grik2,0.006787336144863668,0,Glutamate-Glu-SLC1A1_GLS_GRIK2,Glu-(Slc1a1+Gls) - Grik2,Glutamate,Non-protein Signaling,PMID: 24155668;PMID: 14612154
OPCs,Oligodendrocytes,Glu-SLC1A1_GLS,Grik2,0.005857835672739633,0,Glutamate-Glu-SLC1A1_GLS_GRIK2,Glu-(Slc1a1+Gls) - Grik2,Glutamate,Non-protein Signaling,PMID: 24155668;PMID: 14612154
Neurons,OPCs,Glu-SLC1A1_GLS,Grik2,0.026050210586881013,0,Glutamate-Glu-SLC1A1_GLS_GRIK2,Glu-(Slc1a1+Gls) - Grik2,Glutamate,Non-protein Signaling,PMID: 24155668;PMID: 14612154
OPCs,OPCs,Glu-SLC1A1_GLS,Grik2,0.02254260431494396,0,Glutamate-Glu-SLC1A1_GLS_GRIK2,Glu-(Slc1a1+Gls) - Grik2,Glutamate,Non-protein Signaling,PMID: 24155668;PMID: 14612154
OPCs,Astrocytes,Glu-SLC1A2_GLS,Grik2,0.007175850575538918,0,Glutamate-Glu-SLC1A2_GLS_GRIK2,Glu-(Slc1a2+Gls) - Grik2,Glutamate,Non-protein Signaling,PMID: 24155668;PMID: 14612154
OPCs,Neurons,Glu-SLC1A2_GLS,Grik2,0.033879557203075186,0,Glutamate-Glu-SLC1A2_GLS_GRIK2,Glu-(Slc1a2+Gls) - Grik2,Glutamate,Non-protein Signaling,PMID: 24155668;PMID: 14612154
OPCs,Oligodendrocytes,Glu-SLC1A2_GLS,Grik2,0.010559854931226435,0,Glutamate-Glu-SLC1A2_GLS_GRIK2,Glu-(Slc1a2+Gls) - Grik2,Glutamate,Non-protein Signaling,PMID: 24155668;PMID: 14612154
OPCs,OPCs,Glu-SLC1A2_GLS,Grik2,0.040097128831125615,0,Glutamate-Glu-SLC1A2_GLS_GRIK2,Glu-(Slc1a2+Gls) - Grik2,Glutamate,Non-protein Signaling,PMID: 24155668;PMID: 14612154
OPCs,Astrocytes,Glu-SLC1A3_GLS,Grik2,0.003799253711771473,0,Glutamate-Glu-SLC1A3_GLS_GRIK2,Glu-(Slc1a3+Gls) - Grik2,Glutamate,Non-protein Signaling,PMID: 24155668;PMID: 14612154
OPCs,Neurons,Glu-SLC1A3_GLS,Grik2,0.018167461724350756,0,Glutamate-Glu-SLC1A3_GLS_GRIK2,Glu-(Slc1a3+Gls) - Grik2,Glutamate,Non-protein Signaling,PMID: 24155668;PMID: 14612154
OPCs,Oligodendrocytes,Glu-SLC1A3_GLS,Grik2,0.005599896047730985,0,Glutamate-Glu-SLC1A3_GLS_GRIK2,Glu-(Slc1a3+Gls) - Grik2,Glutamate,Non-protein Signaling,PMID: 24155668;PMID: 14612154
OPCs,OPCs,Glu-SLC1A3_GLS,Grik2,0.021565917378026916,0,Glutamate-Glu-SLC1A3_GLS_GRIK2,Glu-(Slc1a3+Gls) - Grik2,Glutamate,Non-protein Signaling,PMID: 24155668;PMID: 14612154
Neurons,Astrocytes,Glu-SLC17A6_GLS2,Grik2,0.00205770509692449,0,Glutamate-Glu-SLC17A6_GLS2_GRIK2,Glu-(Slc17a6+Gls2) - Grik2,Glutamate,Non-protein Signaling,PMID: 24155668;PMID: 14612154
Neurons,Neurons,Glu-SLC17A6_GLS2,Grik2,0.009905123993091666,0,Glutamate-Glu-SLC17A6_GLS2_GRIK2,Glu-(Slc17a6+Gls2) - Grik2,Glutamate,Non-protein Signaling,PMID: 24155668;PMID: 14612154
Neurons,Oligodendrocytes,Glu-SLC17A6_GLS2,Grik2,0.0030354618935633645,0,Glutamate-Glu-SLC17A6_GLS2_GRIK2,Glu-(Slc17a6+Gls2) - Grik2,Glutamate,Non-protein Signaling,PMID: 24155668;PMID: 14612154
Neurons,OPCs,Glu-SLC17A6_GLS2,Grik2,0.011776542224119262,0,Glutamate-Glu-SLC17A6_GLS2_GRIK2,Glu-(Slc17a6+Gls2) - Grik2,Glutamate,Non-protein Signaling,PMID: 24155668;PMID: 14612154
Neurons,Astrocytes,Glu-SLC1A1_GLS2,Grik2,0.0015776508103286886,0,Glutamate-Glu-SLC1A1_GLS2_GRIK2,Glu-(Slc1a1+Gls2) - Grik2,Glutamate,Non-protein Signaling,PMID: 24155668;PMID: 14612154
Neurons,Neurons,Glu-SLC1A1_GLS2,Grik2,0.007608256276001231,0,Glutamate-Glu-SLC1A1_GLS2_GRIK2,Glu-(Slc1a1+Gls2) - Grik2,Glutamate,Non-protein Signaling,PMID: 24155668;PMID: 14612154
Neurons,Oligodendrocytes,Glu-SLC1A1_GLS2,Grik2,0.002327832985366694,0,Glutamate-Glu-SLC1A1_GLS2_GRIK2,Glu-(Slc1a1+Gls2) - Grik2,Glutamate,Non-protein Signaling,PMID: 24155668;PMID: 14612154
Neurons,OPCs,Glu-SLC1A1_GLS2,Grik2,0.009049683746121955,0,Glutamate-Glu-SLC1A1_GLS2_GRIK2,Glu-(Slc1a1+Gls2) - Grik2,Glutamate,Non-protein Signaling,PMID: 24155668;PMID: 14612154
Neurons,Neurons,Glu-SLC17A6_GLS,Grik3,0.0018560738962925345,0,Glutamate-Glu-SLC17A6_GLS_GRIK3,Glu-(Slc17a6+Gls) - Grik3,Glutamate,Non-protein Signaling,PMID: 24155668;PMID: 14612154
Neurons,OPCs,Glu-SLC17A6_GLS,Grik3,0.0049008852261916615,0,Glutamate-Glu-SLC17A6_GLS_GRIK3,Glu-(Slc17a6+Gls) - Grik3,Glutamate,Non-protein Signaling,PMID: 24155668;PMID: 14612154
Neurons,Neurons,Glu-SLC1A1_GLS,Grik3,0.0014229922790597257,0,Glutamate-Glu-SLC1A1_GLS_GRIK3,Glu-(Slc1a1+Gls) - Grik3,Glutamate,Non-protein Signaling,PMID: 24155668;PMID: 14612154
OPCs,Neurons,Glu-SLC1A1_GLS,Grik3,0.0012272110692006476,0,Glutamate-Glu-SLC1A1_GLS_GRIK3,Glu-(Slc1a1+Gls) - Grik3,Glutamate,Non-protein Signaling,PMID: 24155668;PMID: 14612154
Neurons,OPCs,Glu-SLC1A1_GLS,Grik3,0.003760027679140189,0,Glutamate-Glu-SLC1A1_GLS_GRIK3,Glu-(Slc1a1+Gls) - Grik3,Glutamate,Non-protein Signaling,PMID: 24155668;PMID: 14612154
OPCs,OPCs,Glu-SLC1A1_GLS,Grik3,0.0032437518756668997,0,Glutamate-Glu-SLC1A1_GLS_GRIK3,Glu-(Slc1a1+Gls) - Grik3,Glutamate,Non-protein Signaling,PMID: 24155668;PMID: 14612154
OPCs,Neurons,Glu-SLC1A2_GLS,Grik3,0.002220582114038584,0,Glutamate-Glu-SLC1A2_GLS_GRIK3,Glu-(Slc1a2+Gls) - Grik3,Glutamate,Non-protein Signaling,PMID: 24155668;PMID: 14612154
OPCs,OPCs,Glu-SLC1A2_GLS,Grik3,0.0058598434070271386,0,Glutamate-Glu-SLC1A2_GLS_GRIK3,Glu-(Slc1a2+Gls) - Grik3,Glutamate,Non-protein Signaling,PMID: 24155668;PMID: 14612154
OPCs,Neurons,Glu-SLC1A3_GLS,Grik3,0.001172932388208074,0,Glutamate-Glu-SLC1A3_GLS_GRIK3,Glu-(Slc1a3+Gls) - Grik3,Glutamate,Non-protein Signaling,PMID: 24155668;PMID: 14612154
OPCs,OPCs,Glu-SLC1A3_GLS,Grik3,0.0031005598947851528,0,Glutamate-Glu-SLC1A3_GLS_GRIK3,Glu-(Slc1a3+Gls) - Grik3,Glutamate,Non-protein Signaling,PMID: 24155668;PMID: 14612154
Neurons,Neurons,Glu-SLC17A6_GLS2,Grik3,6.345024415735928e-4,0,Glutamate-Glu-SLC17A6_GLS2_GRIK3,Glu-(Slc17a6+Gls2) - Grik3,Glutamate,Non-protein Signaling,PMID: 24155668;PMID: 14612154
Neurons,OPCs,Glu-SLC17A6_GLS2,Grik3,0.0016787474269669995,0,Glutamate-Glu-SLC17A6_GLS2_GRIK3,Glu-(Slc17a6+Gls2) - Grik3,Glutamate,Non-protein Signaling,PMID: 24155668;PMID: 14612154
Neurons,Neurons,Glu-SLC1A1_GLS2,Grik3,4.8631378269838217e-4,0,Glutamate-Glu-SLC1A1_GLS2_GRIK3,Glu-(Slc1a1+Gls2) - Grik3,Glutamate,Non-protein Signaling,PMID: 24155668;PMID: 14612154
Neurons,OPCs,Glu-SLC1A1_GLS2,Grik3,0.0012869884175471947,0,Glutamate-Glu-SLC1A1_GLS2_GRIK3,Glu-(Slc1a1+Gls2) - Grik3,Glutamate,Non-protein Signaling,PMID: 24155668;PMID: 14612154
Neurons,Neurons,Glu-SLC17A6_GLS,Grm1,0.005725477199181728,0,Glutamate-Glu-SLC17A6_GLS_GRM1,Glu-(Slc17a6+Gls) - Grm1,Glutamate,Non-protein Signaling,PMID: 24155668;PMID: 14612154
Neurons,Neurons,Glu-SLC1A1_GLS,Grm1,0.004393513675608897,0,Glutamate-Glu-SLC1A1_GLS_GRM1,Glu-(Slc1a1+Gls) - Grm1,Glutamate,Non-protein Signaling,PMID: 24155668;PMID: 14612154
OPCs,Neurons,Glu-SLC1A1_GLS,Grm1,0.003790587156805709,0,Glutamate-Glu-SLC1A1_GLS_GRM1,Glu-(Slc1a1+Gls) - Grm1,Glutamate,Non-protein Signaling,PMID: 24155668;PMID: 14612154
OPCs,Neurons,Glu-SLC1A2_GLS,Grm1,0.00684467380743419,0,Glutamate-Glu-SLC1A2_GLS_GRM1,Glu-(Slc1a2+Gls) - Grm1,Glutamate,Non-protein Signaling,PMID: 24155668;PMID: 14612154
OPCs,Neurons,Glu-SLC1A3_GLS,Grm1,0.0036233434635168315,0,Glutamate-Glu-SLC1A3_GLS_GRM1,Glu-(Slc1a3+Gls) - Grm1,Glutamate,Non-protein Signaling,PMID: 24155668;PMID: 14612154
Neurons,Neurons,Glu-SLC17A6_GLS2,Grm1,0.001962271917449302,0,Glutamate-Glu-SLC17A6_GLS2_GRM1,Glu-(Slc17a6+Gls2) - Grm1,Glutamate,Non-protein Signaling,PMID: 24155668;PMID: 14612154
Neurons,Neurons,Glu-SLC1A1_GLS2,Grm1,0.0015044482417385235,0,Glutamate-Glu-SLC1A1_GLS2_GRM1,Glu-(Slc1a1+Gls2) - Grm1,Glutamate,Non-protein Signaling,PMID: 24155668;PMID: 14612154
Neurons,Neurons,Glu-SLC17A6_GLS,Grm3,0.00367035394461889,0,Glutamate-Glu-SLC17A6_GLS_GRM3,Glu-(Slc17a6+Gls) - Grm3,Glutamate,Non-protein Signaling,PMID: 24155668;PMID: 14612154
Neurons,Oligodendrocytes,Glu-SLC17A6_GLS,Grm3,0.008859471899982893,0,Glutamate-Glu-SLC17A6_GLS_GRM3,Glu-(Slc17a6+Gls) - Grm3,Glutamate,Non-protein Signaling,PMID: 24155668;PMID: 14612154
Neurons,Pericytes,Glu-SLC17A6_GLS,Grm3,0.009517350690355275,0,Glutamate-Glu-SLC17A6_GLS_GRM3,Glu-(Slc17a6+Gls) - Grm3,Glutamate,Non-protein Signaling,PMID: 24155668;PMID: 14612154
Neurons,Neurons,Glu-SLC1A1_GLS,Grm3,0.0028151365035499667,0,Glutamate-Glu-SLC1A1_GLS_GRM3,Glu-(Slc1a1+Gls) - Grm3,Glutamate,Non-protein Signaling,PMID: 24155668;PMID: 14612154
OPCs,Neurons,Glu-SLC1A1_GLS,Grm3,0.0024282840568209626,0,Glutamate-Glu-SLC1A1_GLS_GRM3,Glu-(Slc1a1+Gls) - Grm3,Glutamate,Non-protein Signaling,PMID: 24155668;PMID: 14612154
Neurons,Oligodendrocytes,Glu-SLC1A1_GLS,Grm3,0.006803410976473892,0,Glutamate-Glu-SLC1A1_GLS_GRM3,Glu-(Slc1a1+Gls) - Grm3,Glutamate,Non-protein Signaling,PMID: 24155668;PMID: 14612154
OPCs,Oligodendrocytes,Glu-SLC1A1_GLS,Grm3,0.005871722130147687,0,Glutamate-Glu-SLC1A1_GLS_GRM3,Glu-(Slc1a1+Gls) - Grm3,Glutamate,Non-protein Signaling,PMID: 24155668;PMID: 14612154
Neurons,Pericytes,Glu-SLC1A1_GLS,Grm3,0.007309738627979903,0,Glutamate-Glu-SLC1A1_GLS_GRM3,Glu-(Slc1a1+Gls) - Grm3,Glutamate,Non-protein Signaling,PMID: 24155668;PMID: 14612154
OPCs,Pericytes,Glu-SLC1A1_GLS,Grm3,0.006309151524363506,0,Glutamate-Glu-SLC1A1_GLS_GRM3,Glu-(Slc1a1+Gls) - Grm3,Glutamate,Non-protein Signaling,PMID: 24155668;PMID: 14612154
OPCs,Neurons,Glu-SLC1A2_GLS,Grm3,0.004389595701144984,0,Glutamate-Glu-SLC1A2_GLS_GRM3,Glu-(Slc1a2+Gls) - Grm3,Glutamate,Non-protein Signaling,PMID: 24155668;PMID: 14612154
OPCs,Oligodendrocytes,Glu-SLC1A2_GLS,Grm3,0.010584769214501395,0,Glutamate-Glu-SLC1A2_GLS_GRM3,Glu-(Slc1a2+Gls) - Grm3,Glutamate,Non-protein Signaling,PMID: 24155668;PMID: 14612154
OPCs,Pericytes,Glu-SLC1A2_GLS,Grm3,0.01136929399569998,0,Glutamate-Glu-SLC1A2_GLS_GRM3,Glu-(Slc1a2+Gls) - Grm3,Glutamate,Non-protein Signaling,PMID: 24155668;PMID: 14612154
OPCs,Neurons,Glu-SLC1A3_GLS,Grm3,0.002321006213180373,0,Glutamate-Glu-SLC1A3_GLS_GRM3,Glu-(Slc1a3+Gls) - Grm3,Glutamate,Non-protein Signaling,PMID: 24155668;PMID: 14612154
OPCs,Oligodendrocytes,Glu-SLC1A3_GLS,Grm3,0.005613174491582839,0,Glutamate-Glu-SLC1A3_GLS_GRM3,Glu-(Slc1a3+Gls) - Grm3,Glutamate,Non-protein Signaling,PMID: 24155668;PMID: 14612154
OPCs,Pericytes,Glu-SLC1A3_GLS,Grm3,0.006031459558211357,0,Glutamate-Glu-SLC1A3_GLS_GRM3,Glu-(Slc1a3+Gls) - Grm3,Glutamate,Non-protein Signaling,PMID: 24155668;PMID: 14612154
Neurons,Neurons,Glu-SLC17A6_GLS2,Grm3,0.0012562203735818436,0,Glutamate-Glu-SLC17A6_GLS2_GRM3,Glu-(Slc17a6+Gls2) - Grm3,Glutamate,Non-protein Signaling,PMID: 24155668;PMID: 14612154
Neurons,Oligodendrocytes,Glu-SLC17A6_GLS2,Grm3,0.003042678170755982,0,Glutamate-Glu-SLC17A6_GLS2_GRM3,Glu-(Slc17a6+Gls2) - Grm3,Glutamate,Non-protein Signaling,PMID: 24155668;PMID: 14612154
Neurons,Pericytes,Glu-SLC17A6_GLS2,Grm3,0.0032700437447503224,0,Glutamate-Glu-SLC17A6_GLS2_GRM3,Glu-(Slc17a6+Gls2) - Grm3,Glutamate,Non-protein Signaling,PMID: 24155668;PMID: 14612154
Neurons,Neurons,Glu-SLC1A1_GLS2,Grm3,9.629688049710083e-4,0,Glutamate-Glu-SLC1A1_GLS2_GRM3,Glu-(Slc1a1+Gls2) - Grm3,Glutamate,Non-protein Signaling,PMID: 24155668;PMID: 14612154
Neurons,Oligodendrocytes,Glu-SLC1A1_GLS2,Grm3,0.0023333709364864335,0,Glutamate-Glu-SLC1A1_GLS2_GRM3,Glu-(Slc1a1+Gls2) - Grm3,Glutamate,Non-protein Signaling,PMID: 24155668;PMID: 14612154
Neurons,Pericytes,Glu-SLC1A1_GLS2,Grm3,0.0025078665208529186,0,Glutamate-Glu-SLC1A1_GLS2_GRM3,Glu-(Slc1a1+Gls2) - Grm3,Glutamate,Non-protein Signaling,PMID: 24155668;PMID: 14612154
Neurons,Astrocytes,Glu-SLC17A6_GLS,Grm5,0.007695743894986126,0,Glutamate-Glu-SLC17A6_GLS_GRM5,Glu-(Slc17a6+Gls) - Grm5,Glutamate,Non-protein Signaling,PMID: 24155668;PMID: 14612154
Neurons,Neurons,Glu-SLC17A6_GLS,Grm5,0.029416149144986393,0,Glutamate-Glu-SLC17A6_GLS_GRM5,Glu-(Slc17a6+Gls) - Grm5,Glutamate,Non-protein Signaling,PMID: 24155668;PMID: 14612154
Neurons,OPCs,Glu-SLC17A6_GLS,Grm5,0.040704572150906594,0,Glutamate-Glu-SLC17A6_GLS_GRM5,Glu-(Slc17a6+Gls) - Grm5,Glutamate,Non-protein Signaling,PMID: 24155668;PMID: 14612154
Neurons,Astrocytes,Glu-SLC1A1_GLS,Grm5,0.0059081451269813205,0,Glutamate-Glu-SLC1A1_GLS_GRM5,Glu-(Slc1a1+Gls) - Grm5,Glutamate,Non-protein Signaling,PMID: 24155668;PMID: 14612154
OPCs,Astrocytes,Glu-SLC1A1_GLS,Grm5,0.005098428543166431,0,Glutamate-Glu-SLC1A1_GLS_GRM5,Glu-(Slc1a1+Gls) - Grm5,Glutamate,Non-protein Signaling,PMID: 24155668;PMID: 14612154
Neurons,Neurons,Glu-SLC1A1_GLS,Grm5,0.022698655879933003,0,Glutamate-Glu-SLC1A1_GLS_GRM5,Glu-(Slc1a1+Gls) - Grm5,Glutamate,Non-protein Signaling,PMID: 24155668;PMID: 14612154
OPCs,Neurons,Glu-SLC1A1_GLS,Grm5,0.019633232364778378,0,Glutamate-Glu-SLC1A1_GLS_GRM5,Glu-(Slc1a1+Gls) - Grm5,Glutamate,Non-protein Signaling,PMID: 24155668;PMID: 14612154
Neurons,OPCs,Glu-SLC1A1_GLS,Grm5,0.03149289025524046,0,Glutamate-Glu-SLC1A1_GLS_GRM5,Glu-(Slc1a1+Gls) - Grm5,Glutamate,Non-protein Signaling,PMID: 24155668;PMID: 14612154
OPCs,OPCs,Glu-SLC1A1_GLS,Grm5,0.027272960021923413,0,Glutamate-Glu-SLC1A1_GLS_GRM5,Glu-(Slc1a1+Gls) - Grm5,Glutamate,Non-protein Signaling,PMID: 24155668;PMID: 14612154
OPCs,Astrocytes,Glu-SLC1A2_GLS,Grm5,0.009196519114045747,0,Glutamate-Glu-SLC1A2_GLS_GRM5,Glu-(Slc1a2+Gls) - Grm5,Glutamate,Non-protein Signaling,PMID: 24155668;PMID: 14612154
OPCs,Neurons,Glu-SLC1A2_GLS,Grm5,0.03500328425721759,0,Glutamate-Glu-SLC1A2_GLS_GRM5,Glu-(Slc1a2+Gls) - Grm5,Glutamate,Non-protein Signaling,PMID: 24155668;PMID: 14612154
OPCs,OPCs,Glu-SLC1A2_GLS,Grm5,0.04832900505791542,0,Glutamate-Glu-SLC1A2_GLS_GRM5,Glu-(Slc1a2+Gls) - Grm5,Glutamate,Non-protein Signaling,PMID: 24155668;PMID: 14612154
OPCs,Astrocytes,Glu-SLC1A3_GLS,Grm5,0.004873764157869742,0,Glutamate-Glu-SLC1A3_GLS_GRM5,Glu-(Slc1a3+Gls) - Grm5,Glutamate,Non-protein Signaling,PMID: 24155668;PMID: 14612154
OPCs,Neurons,Glu-SLC1A3_GLS,Grm5,0.01878017578087496,0,Glutamate-Glu-SLC1A3_GLS_GRM5,Glu-(Slc1a3+Gls) - Grm5,Glutamate,Non-protein Signaling,PMID: 24155668;PMID: 14612154
OPCs,OPCs,Glu-SLC1A3_GLS,Grm5,0.026096796274857052,0,Glutamate-Glu-SLC1A3_GLS_GRM5,Glu-(Slc1a3+Gls) - Grm5,Glutamate,Non-protein Signaling,PMID: 24155668;PMID: 14612154
Neurons,Astrocytes,Glu-SLC17A6_GLS2,Grm5,0.0026409740029822333,0,Glutamate-Glu-SLC17A6_GLS2_GRM5,Glu-(Slc17a6+Gls2) - Grm5,Glutamate,Non-protein Signaling,PMID: 24155668;PMID: 14612154
Neurons,Neurons,Glu-SLC17A6_GLS2,Grm5,0.010242090063699198,0,Glutamate-Glu-SLC17A6_GLS2_GRM5,Glu-(Slc17a6+Gls2) - Grm5,Glutamate,Non-protein Signaling,PMID: 24155668;PMID: 14612154
Neurons,OPCs,Glu-SLC17A6_GLS2,Grm5,0.014280746517732775,0,Glutamate-Glu-SLC17A6_GLS2_GRM5,Glu-(Slc17a6+Gls2) - Grm5,Glutamate,Non-protein Signaling,PMID: 24155668;PMID: 14612154
Neurons,Astrocytes,Glu-SLC1A1_GLS2,Grm5,0.002025121571999737,0,Glutamate-Glu-SLC1A1_GLS2_GRM5,Glu-(Slc1a1+Gls2) - Grm5,Glutamate,Non-protein Signaling,PMID: 24155668;PMID: 14612154
Neurons,Neurons,Glu-SLC1A1_GLS2,Grm5,0.00786770527256115,0,Glutamate-Glu-SLC1A1_GLS2_GRM5,Glu-(Slc1a1+Gls2) - Grm5,Glutamate,Non-protein Signaling,PMID: 24155668;PMID: 14612154
Neurons,OPCs,Glu-SLC1A1_GLS2,Grm5,0.010980482400329604,0,Glutamate-Glu-SLC1A1_GLS2_GRM5,Glu-(Slc1a1+Gls2) - Grm5,Glutamate,Non-protein Signaling,PMID: 24155668;PMID: 14612154
Neurons,Neurons,Glu-SLC17A6_GLS,Grm7,0.03114606072522169,0,Glutamate-Glu-SLC17A6_GLS_GRM7,Glu-(Slc17a6+Gls) - Grm7,Glutamate,Non-protein Signaling,PMID: 24155668;PMID: 14612154
Neurons,Oligodendrocytes,Glu-SLC17A6_GLS,Grm7,0.009980798654741852,0,Glutamate-Glu-SLC17A6_GLS_GRM7,Glu-(Slc17a6+Gls) - Grm7,Glutamate,Non-protein Signaling,PMID: 24155668;PMID: 14612154
Neurons,OPCs,Glu-SLC17A6_GLS,Grm7,0.022684205694660578,0,Glutamate-Glu-SLC17A6_GLS_GRM7,Glu-(Slc17a6+Gls) - Grm7,Glutamate,Non-protein Signaling,PMID: 24155668;PMID: 14612154
Neurons,Pericytes,Glu-SLC17A6_GLS,Grm7,0.015229726677854055,0,Glutamate-Glu-SLC17A6_GLS_GRM7,Glu-(Slc17a6+Gls) - Grm7,Glutamate,Non-protein Signaling,PMID: 24155668;PMID: 14612154
Neurons,Neurons,Glu-SLC1A1_GLS,Grm7,0.02404330961985836,0,Glutamate-Glu-SLC1A1_GLS_GRM7,Glu-(Slc1a1+Gls) - Grm7,Glutamate,Non-protein Signaling,PMID: 24155668;PMID: 14612154
OPCs,Neurons,Glu-SLC1A1_GLS,Grm7,0.020800157297981074,0,Glutamate-Glu-SLC1A1_GLS_GRM7,Glu-(Slc1a1+Gls) - Grm7,Glutamate,Non-protein Signaling,PMID: 24155668;PMID: 14612154
Neurons,Oligodendrocytes,Glu-SLC1A1_GLS,Grm7,0.007666518858536333,0,Glutamate-Glu-SLC1A1_GLS_GRM7,Glu-(Slc1a1+Gls) - Grm7,Glutamate,Non-protein Signaling,PMID: 24155668;PMID: 14612154
OPCs,Oligodendrocytes,Glu-SLC1A1_GLS,Grm7,0.006617419767068496,0,Glutamate-Glu-SLC1A1_GLS_GRM7,Glu-(Slc1a1+Gls) - Grm7,Glutamate,Non-protein Signaling,PMID: 24155668;PMID: 14612154
Neurons,OPCs,Glu-SLC1A1_GLS,Grm7,0.01747634309654567,0,Glutamate-Glu-SLC1A1_GLS_GRM7,Glu-(Slc1a1+Gls) - Grm7,Glutamate,Non-protein Signaling,PMID: 24155668;PMID: 14612154
OPCs,OPCs,Glu-SLC1A1_GLS,Grm7,0.015105285347748146,0,Glutamate-Glu-SLC1A1_GLS_GRM7,Glu-(Slc1a1+Gls) - Grm7,Glutamate,Non-protein Signaling,PMID: 24155668;PMID: 14612154
Neurons,Pericytes,Glu-SLC1A1_GLS,Grm7,0.011712760254576036,0,Glutamate-Glu-SLC1A1_GLS_GRM7,Glu-(Slc1a1+Gls) - Grm7,Glutamate,Non-protein Signaling,PMID: 24155668;PMID: 14612154
OPCs,Pericytes,Glu-SLC1A1_GLS,Grm7,0.010115611041848369,0,Glutamate-Glu-SLC1A1_GLS_GRM7,Glu-(Slc1a1+Gls) - Grm7,Glutamate,Non-protein Signaling,PMID: 24155668;PMID: 14612154
OPCs,Neurons,Glu-SLC1A2_GLS,Grm7,0.03704922316014614,0,Glutamate-Glu-SLC1A2_GLS_GRM7,Glu-(Slc1a2+Gls) - Grm7,Glutamate,Non-protein Signaling,PMID: 24155668;PMID: 14612154
OPCs,Oligodendrocytes,Glu-SLC1A2_GLS,Grm7,0.01192183700304778,0,Glutamate-Glu-SLC1A2_GLS_GRM7,Glu-(Slc1a2+Gls) - Grm7,Glutamate,Non-protein Signaling,PMID: 24155668;PMID: 14612154
OPCs,OPCs,Glu-SLC1A2_GLS,Grm7,0.02702832051699181,0,Glutamate-Glu-SLC1A2_GLS_GRM7,Glu-(Slc1a2+Gls) - Grm7,Glutamate,Non-protein Signaling,PMID: 24155668;PMID: 14612154
OPCs,Pericytes,Glu-SLC1A2_GLS,Grm7,0.018172824367059963,0,Glutamate-Glu-SLC1A2_GLS_GRM7,Glu-(Slc1a2+Gls) - Grm7,Glutamate,Non-protein Signaling,PMID: 24155668;PMID: 14612154
OPCs,Neurons,Glu-SLC1A3_GLS,Grm7,0.01989742731526456,0,Glutamate-Glu-SLC1A3_GLS_GRM7,Glu-(Slc1a3+Gls) - Grm7,Glutamate,Non-protein Signaling,PMID: 24155668;PMID: 14612154
OPCs,Oligodendrocytes,Glu-SLC1A3_GLS,Grm7,0.006326246015583652,0,Glutamate-Glu-SLC1A3_GLS_GRM7,Glu-(Slc1a3+Gls) - Grm7,Glutamate,Non-protein Signaling,PMID: 24155668;PMID: 14612154
OPCs,OPCs,Glu-SLC1A3_GLS,Grm7,0.014446067362391997,0,Glutamate-Glu-SLC1A3_GLS_GRM7,Glu-(Slc1a3+Gls) - Grm7,Glutamate,Non-protein Signaling,PMID: 24155668;PMID: 14612154
OPCs,Pericytes,Glu-SLC1A3_GLS,Grm7,0.009672011699558787,0,Glutamate-Glu-SLC1A3_GLS_GRM7,Glu-(Slc1a3+Gls) - Grm7,Glutamate,Non-protein Signaling,PMID: 24155668;PMID: 14612154
Neurons,Neurons,Glu-SLC17A6_GLS2,Grm7,0.010857022554468278,0,Glutamate-Glu-SLC17A6_GLS2_GRM7,Glu-(Slc17a6+Gls2) - Grm7,Glutamate,Non-protein Signaling,PMID: 24155668;PMID: 14612154
Neurons,Oligodendrocytes,Glu-SLC17A6_GLS2,Grm7,0.0034303323005290074,0,Glutamate-Glu-SLC17A6_GLS2_GRM7,Glu-(Slc17a6+Gls2) - Grm7,Glutamate,Non-protein Signaling,PMID: 24155668;PMID: 14612154
Neurons,OPCs,Glu-SLC17A6_GLS2,Grm7,0.007862620655479862,0,Glutamate-Glu-SLC17A6_GLS2_GRM7,Glu-(Slc17a6+Gls2) - Grm7,Glutamate,Non-protein Signaling,PMID: 24155668;PMID: 14612154
Neurons,Pericytes,Glu-SLC17A6_GLS2,Grm7,0.005252630242956411,0,Glutamate-Glu-SLC17A6_GLS2_GRM7,Glu-(Slc17a6+Gls2) - Grm7,Glutamate,Non-protein Signaling,PMID: 24155668;PMID: 14612154
Neurons,Neurons,Glu-SLC1A1_GLS2,Grm7,0.008341281719406258,0,Glutamate-Glu-SLC1A1_GLS2_GRM7,Glu-(Slc1a1+Gls2) - Grm7,Glutamate,Non-protein Signaling,PMID: 24155668;PMID: 14612154
Neurons,Oligodendrocytes,Glu-SLC1A1_GLS2,Grm7,0.0026308938563838914,0,Glutamate-Glu-SLC1A1_GLS2_GRM7,Glu-(Slc1a1+Gls2) - Grm7,Glutamate,Non-protein Signaling,PMID: 24155668;PMID: 14612154
Neurons,OPCs,Glu-SLC1A1_GLS2,Grm7,0.00603649487941393,0,Glutamate-Glu-SLC1A1_GLS2_GRM7,Glu-(Slc1a1+Gls2) - Grm7,Glutamate,Non-protein Signaling,PMID: 24155668;PMID: 14612154
Neurons,Pericytes,Glu-SLC1A1_GLS2,Grm7,0.004030223000018565,0,Glutamate-Glu-SLC1A1_GLS2_GRM7,Glu-(Slc1a1+Gls2) - Grm7,Glutamate,Non-protein Signaling,PMID: 24155668;PMID: 14612154
Neurons,Neurons,Glu-SLC17A6_GLS,Grm8,0.005971127944982526,0,Glutamate-Glu-SLC17A6_GLS_GRM8,Glu-(Slc17a6+Gls) - Grm8,Glutamate,Non-protein Signaling,PMID: 24155668;PMID: 14612154
Neurons,Neurons,Glu-SLC1A1_GLS,Grm8,0.004582280099669028,0,Glutamate-Glu-SLC1A1_GLS_GRM8,Glu-(Slc1a1+Gls) - Grm8,Glutamate,Non-protein Signaling,PMID: 24155668;PMID: 14612154
OPCs,Neurons,Glu-SLC1A1_GLS,Grm8,0.003953551832448931,0,Glutamate-Glu-SLC1A1_GLS_GRM8,Glu-(Slc1a1+Gls) - Grm8,Glutamate,Non-protein Signaling,PMID: 24155668;PMID: 14612154
OPCs,Neurons,Glu-SLC1A2_GLS,Grm8,0.007137998783821027,0,Glutamate-Glu-SLC1A2_GLS_GRM8,Glu-(Slc1a2+Gls) - Grm8,Glutamate,Non-protein Signaling,PMID: 24155668;PMID: 14612154
OPCs,Neurons,Glu-SLC1A3_GLS,Grm8,0.0037791452851512622,0,Glutamate-Glu-SLC1A3_GLS_GRM8,Glu-(Slc1a3+Gls) - Grm8,Glutamate,Non-protein Signaling,PMID: 24155668;PMID: 14612154
Neurons,Neurons,Glu-SLC17A6_GLS2,Grm8,0.0020467952796757766,0,Glutamate-Glu-SLC17A6_GLS2_GRM8,Glu-(Slc17a6+Gls2) - Grm8,Glutamate,Non-protein Signaling,PMID: 24155668;PMID: 14612154
Neurons,Neurons,Glu-SLC1A1_GLS2,Grm8,0.0015692822069732879,0,Glutamate-Glu-SLC1A1_GLS2_GRM8,Glu-(Slc1a1+Gls2) - Grm8,Glutamate,Non-protein Signaling,PMID: 24155668;PMID: 14612154
Neurons,Neurons,Glu-SLC17A6_GLS,GRIK1_GRIK4,0.004545030203788579,0,Glutamate-Glu-SLC17A6_GLS_GRIK1_GRIK4,Glu-(Slc17a6+Gls) - (Grik1+Grik4),Glutamate,Non-protein Signaling,PMID: 24155668;PMID: 31776169;PMID: 32594024
Neurons,OPCs,Glu-SLC17A6_GLS,GRIK1_GRIK4,0.016103130496070407,0,Glutamate-Glu-SLC17A6_GLS_GRIK1_GRIK4,Glu-(Slc17a6+Gls) - (Grik1+Grik4),Glutamate,Non-protein Signaling,PMID: 24155668;PMID: 31776169;PMID: 32594024
Neurons,Neurons,Glu-SLC17A6_GLS,GRIK2_GRIK4,0.01083182015441428,0,Glutamate-Glu-SLC17A6_GLS_GRIK2_GRIK4,Glu-(Slc17a6+Gls) - (Grik2+Grik4),Glutamate,Non-protein Signaling,PMID: 24155668;PMID: 31776169;PMID: 32594024
Neurons,OPCs,Glu-SLC17A6_GLS,GRIK2_GRIK4,0.023226637583459987,0,Glutamate-Glu-SLC17A6_GLS_GRIK2_GRIK4,Glu-(Slc17a6+Gls) - (Grik2+Grik4),Glutamate,Non-protein Signaling,PMID: 24155668;PMID: 31776169;PMID: 32594024
Neurons,Neurons,Glu-SLC17A6_GLS,GRIK3_GRIK4,0.002751045758589805,0,Glutamate-Glu-SLC17A6_GLS_GRIK3_GRIK4,Glu-(Slc17a6+Gls) - (Grik3+Grik4),Glutamate,Non-protein Signaling,PMID: 24155668;PMID: 31776169;PMID: 32594024
Neurons,OPCs,Glu-SLC17A6_GLS,GRIK3_GRIK4,0.008853330283191223,0,Glutamate-Glu-SLC17A6_GLS_GRIK3_GRIK4,Glu-(Slc17a6+Gls) - (Grik3+Grik4),Glutamate,Non-protein Signaling,PMID: 24155668;PMID: 31776169;PMID: 32594024
Neurons,Neurons,Glu-SLC17A6_GLS,GRIK1_GRIK5,0.0037040903239408227,0,Glutamate-Glu-SLC17A6_GLS_GRIK1_GRIK5,Glu-(Slc17a6+Gls) - (Grik1+Grik5),Glutamate,Non-protein Signaling,PMID: 24155668;PMID: 31776169;PMID: 32594024
Neurons,Neurons,Glu-SLC17A6_GLS,GRIK2_GRIK5,0.008838000323120305,0,Glutamate-Glu-SLC17A6_GLS_GRIK2_GRIK5,Glu-(Slc17a6+Gls) - (Grik2+Grik5),Glutamate,Non-protein Signaling,PMID: 24155668;PMID: 31776169;PMID: 32594024
Neurons,Neurons,Glu-SLC17A6_GLS,GRIK3_GRIK5,0.0022412887918863734,0,Glutamate-Glu-SLC17A6_GLS_GRIK3_GRIK5,Glu-(Slc17a6+Gls) - (Grik3+Grik5),Glutamate,Non-protein Signaling,PMID: 24155668;PMID: 31776169;PMID: 32594024
Neurons,Neurons,Glu-SLC17A6_GLS,GRIN1_GRIN2A,0.01637789170292485,0,Glutamate-Glu-SLC17A6_GLS_GRIN1_GRIN2A,Glu-(Slc17a6+Gls) - (Grin1+Grin2a),Glutamate,Non-protein Signaling,PMID: 24155668;PMID: 31776169;PMID: 32594024
Neurons,Neurons,Glu-SLC17A6_GLS,GRIN1_GRIN2B,0.017522376124422333,0,Glutamate-Glu-SLC17A6_GLS_GRIN1_GRIN2B,Glu-(Slc17a6+Gls) - (Grin1+Grin2b),Glutamate,Non-protein Signaling,PMID: 24155668;PMID: 31776169;PMID: 32594024
Neurons,Neurons,Glu-SLC17A6_GLS,GRIN1_GRIN2D,0.005425744607974544,0,Glutamate-Glu-SLC17A6_GLS_GRIN1_GRIN2D,Glu-(Slc17a6+Gls) - (Grin1+Grin2d),Glutamate,Non-protein Signaling,PMID: 24155668;PMID: 31776169;PMID: 32594024
Neurons,Neurons,Glu-SLC1A1_GLS,GRIK1_GRIK4,0.003486720473988017,0,Glutamate-Glu-SLC1A1_GLS_GRIK1_GRIK4,Glu-(Slc1a1+Gls) - (Grik1+Grik4),Glutamate,Non-protein Signaling,PMID: 24155668;PMID: 31776169;PMID: 32594024
OPCs,Neurons,Glu-SLC1A1_GLS,GRIK1_GRIK4,0.0030078581931293246,0,Glutamate-Glu-SLC1A1_GLS_GRIK1_GRIK4,Glu-(Slc1a1+Gls) - (Grik1+Grik4),Glutamate,Non-protein Signaling,PMID: 24155668;PMID: 31776169;PMID: 32594024
Neurons,OPCs,Glu-SLC1A1_GLS,GRIK1_GRIK4,0.01238700791240847,0,Glutamate-Glu-SLC1A1_GLS_GRIK1_GRIK4,Glu-(Slc1a1+Gls) - (Grik1+Grik4),Glutamate,Non-protein Signaling,PMID: 24155668;PMID: 31776169;PMID: 32594024
OPCs,OPCs,Glu-SLC1A1_GLS,GRIK1_GRIK4,0.01069891376758142,0,Glutamate-Glu-SLC1A1_GLS_GRIK1_GRIK4,Glu-(Slc1a1+Gls) - (Grik1+Grik4),Glutamate,Non-protein Signaling,PMID: 24155668;PMID: 31776169;PMID: 32594024
Neurons,Neurons,Glu-SLC1A1_GLS,GRIK2_GRIK4,0.008321869975694812,0,Glutamate-Glu-SLC1A1_GLS_GRIK2_GRIK4,Glu-(Slc1a1+Gls) - (Grik2+Grik4),Glutamate,Non-protein Signaling,PMID: 24155668;PMID: 31776169;PMID: 32594024
OPCs,Neurons,Glu-SLC1A1_GLS,GRIK2_GRIK4,0.00718374076615984,0,Glutamate-Glu-SLC1A1_GLS_GRIK2_GRIK4,Glu-(Slc1a1+Gls) - (Grik2+Grik4),Glutamate,Non-protein Signaling,PMID: 24155668;PMID: 31776169;PMID: 32594024
Neurons,OPCs,Glu-SLC1A1_GLS,GRIK2_GRIK4,0.017896523350937544,0,Glutamate-Glu-SLC1A1_GLS_GRIK2_GRIK4,Glu-(Slc1a1+Gls) - (Grik2+Grik4),Glutamate,Non-protein Signaling,PMID: 24155668;PMID: 31776169;PMID: 32594024
OPCs,OPCs,Glu-SLC1A1_GLS,GRIK2_GRIK4,0.015469356275895286,0,Glutamate-Glu-SLC1A1_GLS_GRIK2_GRIK4,Glu-(Slc1a1+Gls) - (Grik2+Grik4),Glutamate,Non-protein Signaling,PMID: 24155668;PMID: 31776169;PMID: 32594024
Neurons,Neurons,Glu-SLC1A1_GLS,GRIK3_GRIK4,0.0021095798322009877,0,Glutamate-Glu-SLC1A1_GLS_GRIK3_GRIK4,Glu-(Slc1a1+Gls) - (Grik3+Grik4),Glutamate,Non-protein Signaling,PMID: 24155668;PMID: 31776169;PMID: 32594024
OPCs,Neurons,Glu-SLC1A1_GLS,GRIK3_GRIK4,0.0018195071666506559,0,Glutamate-Glu-SLC1A1_GLS_GRIK3_GRIK4,Glu-(Slc1a1+Gls) - (Grik3+Grik4),Glutamate,Non-protein Signaling,PMID: 24155668;PMID: 31776169;PMID: 32594024
Neurons,OPCs,Glu-SLC1A1_GLS,GRIK3_GRIK4,0.00679868489780798,0,Glutamate-Glu-SLC1A1_GLS_GRIK3_GRIK4,Glu-(Slc1a1+Gls) - (Grik3+Grik4),Glutamate,Non-protein Signaling,PMID: 24155668;PMID: 31776169;PMID: 32594024
OPCs,OPCs,Glu-SLC1A1_GLS,GRIK3_GRIK4,0.0058676394377508035,0,Glutamate-Glu-SLC1A1_GLS_GRIK3_GRIK4,Glu-(Slc1a1+Gls) - (Grik3+Grik4),Glutamate,Non-protein Signaling,PMID: 24155668;PMID: 31776169;PMID: 32594024
Neurons,Neurons,Glu-SLC1A1_GLS,GRIK1_GRIK5,0.0028410344920498758,0,Glutamate-Glu-SLC1A1_GLS_GRIK1_GRIK5,Glu-(Slc1a1+Gls) - (Grik1+Grik5),Glutamate,Non-protein Signaling,PMID: 24155668;PMID: 31776169;PMID: 32594024
OPCs,Neurons,Glu-SLC1A1_GLS,GRIK1_GRIK5,0.002450631923064065,0,Glutamate-Glu-SLC1A1_GLS_GRIK1_GRIK5,Glu-(Slc1a1+Gls) - (Grik1+Grik5),Glutamate,Non-protein Signaling,PMID: 24155668;PMID: 31776169;PMID: 32594024
Neurons,Neurons,Glu-SLC1A1_GLS,GRIK2_GRIK5,0.006786888291889622,0,Glutamate-Glu-SLC1A1_GLS_GRIK2_GRIK5,Glu-(Slc1a1+Gls) - (Grik2+Grik5),Glutamate,Non-protein Signaling,PMID: 24155668;PMID: 31776169;PMID: 32594024
OPCs,Neurons,Glu-SLC1A1_GLS,GRIK2_GRIK5,0.005857448789863859,0,Glutamate-Glu-SLC1A1_GLS_GRIK2_GRIK5,Glu-(Slc1a1+Gls) - (Grik2+Grik5),Glutamate,Non-protein Signaling,PMID: 24155668;PMID: 31776169;PMID: 32594024
Neurons,Neurons,Glu-SLC1A1_GLS,GRIK3_GRIK5,0.0017184789239500812,0,Glutamate-Glu-SLC1A1_GLS_GRIK3_GRIK5,Glu-(Slc1a1+Gls) - (Grik3+Grik5),Glutamate,Non-protein Signaling,PMID: 24155668;PMID: 31776169;PMID: 32594024
OPCs,Neurons,Glu-SLC1A1_GLS,GRIK3_GRIK5,0.0014821037694067347,0,Glutamate-Glu-SLC1A1_GLS_GRIK3_GRIK5,Glu-(Slc1a1+Gls) - (Grik3+Grik5),Glutamate,Non-protein Signaling,PMID: 24155668;PMID: 31776169;PMID: 32594024
Neurons,Neurons,Glu-SLC1A1_GLS,GRIN1_GRIN2A,0.012599174368581554,0,Glutamate-Glu-SLC1A1_GLS_GRIN1_GRIN2A,Glu-(Slc1a1+Gls) - (Grin1+Grin2a),Glutamate,Non-protein Signaling,PMID: 24155668;PMID: 31776169;PMID: 32594024
OPCs,Neurons,Glu-SLC1A1_GLS,GRIN1_GRIN2A,0.010882484905849147,0,Glutamate-Glu-SLC1A1_GLS_GRIN1_GRIN2A,Glu-(Slc1a1+Gls) - (Grin1+Grin2a),Glutamate,Non-protein Signaling,PMID: 24155668;PMID: 31776169;PMID: 32594024
Neurons,Neurons,Glu-SLC1A1_GLS,GRIN1_GRIN2B,0.013483222243730598,0,Glutamate-Glu-SLC1A1_GLS_GRIN1_GRIN2B,Glu-(Slc1a1+Gls) - (Grin1+Grin2b),Glutamate,Non-protein Signaling,PMID: 24155668;PMID: 31776169;PMID: 32594024
OPCs,Neurons,Glu-SLC1A1_GLS,GRIN1_GRIN2B,0.011647498516084051,0,Glutamate-Glu-SLC1A1_GLS_GRIN1_GRIN2B,Glu-(Slc1a1+Gls) - (Grin1+Grin2b),Glutamate,Non-protein Signaling,PMID: 24155668;PMID: 31776169;PMID: 32594024
Neurons,Neurons,Glu-SLC1A1_GLS,GRIN1_GRIN2D,0.004163218303305724,0,Glutamate-Glu-SLC1A1_GLS_GRIN1_GRIN2D,Glu-(Slc1a1+Gls) - (Grin1+Grin2d),Glutamate,Non-protein Signaling,PMID: 24155668;PMID: 31776169;PMID: 32594024
OPCs,Neurons,Glu-SLC1A1_GLS,GRIN1_GRIN2D,0.0035917814470824774,0,Glutamate-Glu-SLC1A1_GLS_GRIN1_GRIN2D,Glu-(Slc1a1+Gls) - (Grin1+Grin2d),Glutamate,Non-protein Signaling,PMID: 24155668;PMID: 31776169;PMID: 32594024
OPCs,Neurons,Glu-SLC1A2_GLS,GRIK1_GRIK4,0.005434738375623972,0,Glutamate-Glu-SLC1A2_GLS_GRIK1_GRIK4,Glu-(Slc1a2+Gls) - (Grik1+Grik4),Glutamate,Non-protein Signaling,PMID: 24155668;PMID: 31776169;PMID: 32594024
OPCs,OPCs,Glu-SLC1A2_GLS,GRIK1_GRIK4,0.019211718026974602,0,Glutamate-Glu-SLC1A2_GLS_GRIK1_GRIK4,Glu-(Slc1a2+Gls) - (Grik1+Grik4),Glutamate,Non-protein Signaling,PMID: 24155668;PMID: 31776169;PMID: 32594024
OPCs,Neurons,Glu-SLC1A2_GLS,GRIK2_GRIK4,0.012936200248494668,0,Glutamate-Glu-SLC1A2_GLS_GRIK2_GRIK4,Glu-(Slc1a2+Gls) - (Grik2+Grik4),Glutamate,Non-protein Signaling,PMID: 24155668;PMID: 31776169;PMID: 32594024
OPCs,OPCs,Glu-SLC1A2_GLS,GRIK2_GRIK4,0.02767168905693321,0,Glutamate-Glu-SLC1A2_GLS_GRIK2_GRIK4,Glu-(Slc1a2+Gls) - (Grik2+Grik4),Glutamate,Non-protein Signaling,PMID: 24155668;PMID: 31776169;PMID: 32594024
OPCs,Neurons,Glu-SLC1A2_GLS,GRIK3_GRIK4,0.0032907350853106756,0,Glutamate-Glu-SLC1A2_GLS_GRIK3_GRIK4,Glu-(Slc1a2+Gls) - (Grik3+Grik4),Glutamate,Non-protein Signaling,PMID: 24155668;PMID: 31776169;PMID: 32594024
OPCs,OPCs,Glu-SLC1A2_GLS,GRIK3_GRIK4,0.010577444340579296,0,Glutamate-Glu-SLC1A2_GLS_GRIK3_GRIK4,Glu-(Slc1a2+Gls) - (Grik3+Grik4),Glutamate,Non-protein Signaling,PMID: 24155668;PMID: 31776169;PMID: 32594024
OPCs,Neurons,Glu-SLC1A2_GLS,GRIK1_GRIK5,0.004429913660054943,0,Glutamate-Glu-SLC1A2_GLS_GRIK1_GRIK5,Glu-(Slc1a2+Gls) - (Grik1+Grik5),Glutamate,Non-protein Signaling,PMID: 24155668;PMID: 31776169;PMID: 32594024
OPCs,Neurons,Glu-SLC1A2_GLS,GRIK2_GRIK5,0.010559160800220792,0,Glutamate-Glu-SLC1A2_GLS_GRIK2_GRIK5,Glu-(Slc1a2+Gls) - (Grik2+Grik5),Glutamate,Non-protein Signaling,PMID: 24155668;PMID: 31776169;PMID: 32594024
OPCs,Neurons,Glu-SLC1A2_GLS,GRIK3_GRIK5,0.0026812448735000155,0,Glutamate-Glu-SLC1A2_GLS_GRIK3_GRIK5,Glu-(Slc1a2+Gls) - (Grik3+Grik5),Glutamate,Non-protein Signaling,PMID: 24155668;PMID: 31776169;PMID: 32594024
OPCs,Neurons,Glu-SLC1A2_GLS,GRIN1_GRIN2A,0.01953846651363253,0,Glutamate-Glu-SLC1A2_GLS_GRIN1_GRIN2A,Glu-(Slc1a2+Gls) - (Grin1+Grin2a),Glutamate,Non-protein Signaling,PMID: 24155668;PMID: 31776169;PMID: 32594024
OPCs,Neurons,Glu-SLC1A2_GLS,GRIN1_GRIN2B,0.02089911874684922,0,Glutamate-Glu-SLC1A2_GLS_GRIN1_GRIN2B,Glu-(Slc1a2+Gls) - (Grin1+Grin2b),Glutamate,Non-protein Signaling,PMID: 24155668;PMID: 31776169;PMID: 32594024
OPCs,Neurons,Glu-SLC1A2_GLS,GRIN1_GRIN2D,0.006486732770040618,0,Glutamate-Glu-SLC1A2_GLS_GRIN1_GRIN2D,Glu-(Slc1a2+Gls) - (Grin1+Grin2d),Glutamate,Non-protein Signaling,PMID: 24155668;PMID: 31776169;PMID: 32594024
OPCs,Neurons,Glu-SLC1A3_GLS,GRIK1_GRIK4,0.002875049452172294,0,Glutamate-Glu-SLC1A3_GLS_GRIK1_GRIK4,Glu-(Slc1a3+Gls) - (Grik1+Grik4),Glutamate,Non-protein Signaling,PMID: 24155668;PMID: 31776169;PMID: 32594024
OPCs,OPCs,Glu-SLC1A3_GLS,GRIK1_GRIK4,0.010229999235295155,0,Glutamate-Glu-SLC1A3_GLS_GRIK1_GRIK4,Glu-(Slc1a3+Gls) - (Grik1+Grik4),Glutamate,Non-protein Signaling,PMID: 24155668;PMID: 31776169;PMID: 32594024
OPCs,Neurons,Glu-SLC1A3_GLS,GRIK2_GRIK4,0.006867820545057917,0,Glutamate-Glu-SLC1A3_GLS_GRIK2_GRIK4,Glu-(Slc1a3+Gls) - (Grik2+Grik4),Glutamate,Non-protein Signaling,PMID: 24155668;PMID: 31776169;PMID: 32594024
OPCs,OPCs,Glu-SLC1A3_GLS,GRIK2_GRIK4,0.014794488341997319,0,Glutamate-Glu-SLC1A3_GLS_GRIK2_GRIK4,Glu-(Slc1a3+Gls) - (Grik2+Grik4),Glutamate,Non-protein Signaling,PMID: 24155668;PMID: 31776169;PMID: 32594024
OPCs,Neurons,Glu-SLC1A3_GLS,GRIK3_GRIK4,0.0017390772608595426,0,Glutamate-Glu-SLC1A3_GLS_GRIK3_GRIK4,Glu-(Slc1a3+Gls) - (Grik3+Grik4),Glutamate,Non-protein Signaling,PMID: 24155668;PMID: 31776169;PMID: 32594024
OPCs,OPCs,Glu-SLC1A3_GLS,GRIK3_GRIK4,0.005609270556712763,0,Glutamate-Glu-SLC1A3_GLS_GRIK3_GRIK4,Glu-(Slc1a3+Gls) - (Grik3+Grik4),Glutamate,Non-protein Signaling,PMID: 24155668;PMID: 31776169;PMID: 32594024
OPCs,Neurons,Glu-SLC1A3_GLS,GRIK1_GRIK5,0.002342369103404665,0,Glutamate-Glu-SLC1A3_GLS_GRIK1_GRIK5,Glu-(Slc1a3+Gls) - (Grik1+Grik5),Glutamate,Non-protein Signaling,PMID: 24155668;PMID: 31776169;PMID: 32594024
OPCs,Neurons,Glu-SLC1A3_GLS,GRIK2_GRIK5,0.005599526104617025,0,Glutamate-Glu-SLC1A3_GLS_GRIK2_GRIK5,Glu-(Slc1a3+Gls) - (Grik2+Grik5),Glutamate,Non-protein Signaling,PMID: 24155668;PMID: 31776169;PMID: 32594024
OPCs,Neurons,Glu-SLC1A3_GLS,GRIK3_GRIK5,0.0014165673534745462,0,Glutamate-Glu-SLC1A3_GLS_GRIK3_GRIK5,Glu-(Slc1a3+Gls) - (Grik3+Grik5),Glutamate,Non-protein Signaling,PMID: 24155668;PMID: 31776169;PMID: 32594024
OPCs,Neurons,Glu-SLC1A3_GLS,GRIN1_GRIN2A,0.010405609398897208,0,Glutamate-Glu-SLC1A3_GLS_GRIN1_GRIN2A,Glu-(Slc1a3+Gls) - (Grin1+Grin2a),Glutamate,Non-protein Signaling,PMID: 24155668;PMID: 31776169;PMID: 32594024
OPCs,Neurons,Glu-SLC1A3_GLS,GRIN1_GRIN2B,0.011137477232211921,0,Glutamate-Glu-SLC1A3_GLS_GRIN1_GRIN2B,Glu-(Slc1a3+Gls) - (Grin1+Grin2b),Glutamate,Non-protein Signaling,PMID: 24155668;PMID: 31776169;PMID: 32594024
OPCs,Neurons,Glu-SLC1A3_GLS,GRIN1_GRIN2D,0.003433278988942567,0,Glutamate-Glu-SLC1A3_GLS_GRIN1_GRIN2D,Glu-(Slc1a3+Gls) - (Grin1+Grin2d),Glutamate,Non-protein Signaling,PMID: 24155668;PMID: 31776169;PMID: 32594024
Neurons,Neurons,Glu-SLC17A6_GLS2,GRIK1_GRIK4,0.0015564870280991919,0,Glutamate-Glu-SLC17A6_GLS2_GRIK1_GRIK4,Glu-(Slc17a6+Gls2) - (Grik1+Grik4),Glutamate,Non-protein Signaling,PMID: 24155668;PMID: 31776169;PMID: 32594024
Neurons,OPCs,Glu-SLC17A6_GLS2,GRIK1_GRIK4,0.0055570901312428,0,Glutamate-Glu-SLC17A6_GLS2_GRIK1_GRIK4,Glu-(Slc17a6+Gls2) - (Grik1+Grik4),Glutamate,Non-protein Signaling,PMID: 24155668;PMID: 31776169;PMID: 32594024
Neurons,Neurons,Glu-SLC17A6_GLS2,GRIK2_GRIK4,0.003724924035721424,0,Glutamate-Glu-SLC17A6_GLS2_GRIK2_GRIK4,Glu-(Slc17a6+Gls2) - (Grik2+Grik4),Glutamate,Non-protein Signaling,PMID: 24155668;PMID: 31776169;PMID: 32594024
Neurons,OPCs,Glu-SLC17A6_GLS2,GRIK2_GRIK4,0.008053554702269792,0,Glutamate-Glu-SLC17A6_GLS2_GRIK2_GRIK4,Glu-(Slc17a6+Gls2) - (Grik2+Grik4),Glutamate,Non-protein Signaling,PMID: 24155668;PMID: 31776169;PMID: 32594024
Neurons,Neurons,Glu-SLC17A6_GLS2,GRIK3_GRIK4,9.410056045626518e-4,0,Glutamate-Glu-SLC17A6_GLS2_GRIK3_GRIK4,Glu-(Slc17a6+Gls2) - (Grik3+Grik4),Glutamate,Non-protein Signaling,PMID: 24155668;PMID: 31776169;PMID: 32594024
Neurons,OPCs,Glu-SLC17A6_GLS2,GRIK3_GRIK4,0.003040556536767696,0,Glutamate-Glu-SLC17A6_GLS2_GRIK3_GRIK4,Glu-(Slc17a6+Gls2) - (Grik3+Grik4),Glutamate,Non-protein Signaling,PMID: 24155668;PMID: 31776169;PMID: 32594024
Neurons,Neurons,Glu-SLC17A6_GLS2,GRIK1_GRIK5,0.00126779526868193,0,Glutamate-Glu-SLC17A6_GLS2_GRIK1_GRIK5,Glu-(Slc17a6+Gls2) - (Grik1+Grik5),Glutamate,Non-protein Signaling,PMID: 24155668;PMID: 31776169;PMID: 32594024
Neurons,Neurons,Glu-SLC17A6_GLS2,GRIK2_GRIK5,0.003035260846263989,0,Glutamate-Glu-SLC17A6_GLS2_GRIK2_GRIK5,Glu-(Slc17a6+Gls2) - (Grik2+Grik5),Glutamate,Non-protein Signaling,PMID: 24155668;PMID: 31776169;PMID: 32594024
Neurons,Neurons,Glu-SLC17A6_GLS2,GRIK3_GRIK5,7.663835579960632e-4,0,Glutamate-Glu-SLC17A6_GLS2_GRIK3_GRIK5,Glu-(Slc17a6+Gls2) - (Grik3+Grik5),Glutamate,Non-protein Signaling,PMID: 24155668;PMID: 31776169;PMID: 32594024
Neurons,Neurons,Glu-SLC17A6_GLS2,GRIN1_GRIN2A,0.0056529423687174014,0,Glutamate-Glu-SLC17A6_GLS2_GRIN1_GRIN2A,Glu-(Slc17a6+Gls2) - (Grin1+Grin2a),Glutamate,Non-protein Signaling,PMID: 24155668;PMID: 31776169;PMID: 32594024
Neurons,Neurons,Glu-SLC17A6_GLS2,GRIN1_GRIN2B,0.00605258074957127,0,Glutamate-Glu-SLC17A6_GLS2_GRIN1_GRIN2B,Glu-(Slc17a6+Gls2) - (Grin1+Grin2b),Glutamate,Non-protein Signaling,PMID: 24155668;PMID: 31776169;PMID: 32594024
Neurons,Neurons,Glu-SLC17A6_GLS2,GRIN1_GRIN2D,0.0018591772808613338,0,Glutamate-Glu-SLC17A6_GLS2_GRIN1_GRIN2D,Glu-(Slc17a6+Gls2) - (Grin1+Grin2d),Glutamate,Non-protein Signaling,PMID: 24155668;PMID: 31776169;PMID: 32594024
Neurons,Neurons,Glu-SLC1A1_GLS2,GRIK1_GRIK4,0.0011932250781176228,0,Glutamate-Glu-SLC1A1_GLS2_GRIK1_GRIK4,Glu-(Slc1a1+Gls2) - (Grik1+Grik4),Glutamate,Non-protein Signaling,PMID: 24155668;PMID: 31776169;PMID: 32594024
Neurons,OPCs,Glu-SLC1A1_GLS2,GRIK1_GRIK4,0.004264131835467719,0,Glutamate-Glu-SLC1A1_GLS2_GRIK1_GRIK4,Glu-(Slc1a1+Gls2) - (Grik1+Grik4),Glutamate,Non-protein Signaling,PMID: 24155668;PMID: 31776169;PMID: 32594024
Neurons,Neurons,Glu-SLC1A1_GLS2,GRIK2_GRIK4,0.0028570278536616807,0,Glutamate-Glu-SLC1A1_GLS2_GRIK2_GRIK4,Glu-(Slc1a1+Gls2) - (Grik2+Grik4),Glutamate,Non-protein Signaling,PMID: 24155668;PMID: 31776169;PMID: 32594024
Neurons,OPCs,Glu-SLC1A1_GLS2,GRIK2_GRIK4,0.006183360089080794,0,Glutamate-Glu-SLC1A1_GLS2_GRIK2_GRIK4,Glu-(Slc1a1+Gls2) - (Grik2+Grik4),Glutamate,Non-protein Signaling,PMID: 24155668;PMID: 31776169;PMID: 32594024
Neurons,Neurons,Glu-SLC1A1_GLS2,GRIK3_GRIK4,7.212845008341619e-4,0,Glutamate-Glu-SLC1A1_GLS2_GRIK3_GRIK4,Glu-(Slc1a1+Gls2) - (Grik3+Grik4),Glutamate,Non-protein Signaling,PMID: 24155668;PMID: 31776169;PMID: 32594024
Neurons,OPCs,Glu-SLC1A1_GLS2,GRIK3_GRIK4,0.0023317427397023457,0,Glutamate-Glu-SLC1A1_GLS2_GRIK3_GRIK4,Glu-(Slc1a1+Gls2) - (Grik3+Grik4),Glutamate,Non-protein Signaling,PMID: 24155668;PMID: 31776169;PMID: 32594024
Neurons,Neurons,Glu-SLC1A1_GLS2,GRIK1_GRIK5,9.718442905717216e-4,0,Glutamate-Glu-SLC1A1_GLS2_GRIK1_GRIK5,Glu-(Slc1a1+Gls2) - (Grik1+Grik5),Glutamate,Non-protein Signaling,PMID: 24155668;PMID: 31776169;PMID: 32594024
Neurons,Neurons,Glu-SLC1A1_GLS2,GRIK2_GRIK5,0.0023276786969218463,0,Glutamate-Glu-SLC1A1_GLS2_GRIK2_GRIK5,Glu-(Slc1a1+Gls2) - (Grik2+Grik5),Glutamate,Non-protein Signaling,PMID: 24155668;PMID: 31776169;PMID: 32594024
Neurons,Neurons,Glu-SLC1A1_GLS2,GRIK3_GRIK5,5.874120411777123e-4,0,Glutamate-Glu-SLC1A1_GLS2_GRIK3_GRIK5,Glu-(Slc1a1+Gls2) - (Grik3+Grik5),Glutamate,Non-protein Signaling,PMID: 24155668;PMID: 31776169;PMID: 32594024
Neurons,Neurons,Glu-SLC1A1_GLS2,GRIN1_GRIN2A,0.004337779583768232,0,Glutamate-Glu-SLC1A1_GLS2_GRIN1_GRIN2A,Glu-(Slc1a1+Gls2) - (Grin1+Grin2a),Glutamate,Non-protein Signaling,PMID: 24155668;PMID: 31776169;PMID: 32594024
Neurons,Neurons,Glu-SLC1A1_GLS2,GRIN1_GRIN2B,0.004644876007768375,0,Glutamate-Glu-SLC1A1_GLS2_GRIN1_GRIN2B,Glu-(Slc1a1+Gls2) - (Grin1+Grin2b),Glutamate,Non-protein Signaling,PMID: 24155668;PMID: 31776169;PMID: 32594024
Neurons,Neurons,Glu-SLC1A1_GLS2,GRIN1_GRIN2D,0.0014253725784535566,0,Glutamate-Glu-SLC1A1_GLS2_GRIN1_GRIN2D,Glu-(Slc1a1+Gls2) - (Grin1+Grin2d),Glutamate,Non-protein Signaling,PMID: 24155668;PMID: 31776169;PMID: 32594024
Astrocytes,Astrocytes,Cadm1,Cadm1,0.03203745302350673,0,CADM1_CADM1,Cadm1  - Cadm1,CADM,Cell-Cell Contact,PMID: 24503895
Microglia,Astrocytes,Cadm1,Cadm1,0.015209469113564201,0,CADM1_CADM1,Cadm1  - Cadm1,CADM,Cell-Cell Contact,PMID: 24503895
Neurons,Astrocytes,Cadm1,Cadm1,0.03831727742158702,0,CADM1_CADM1,Cadm1  - Cadm1,CADM,Cell-Cell Contact,PMID: 24503895
Oligodendrocytes,Astrocytes,Cadm1,Cadm1,0.012199818534916411,0,CADM1_CADM1,Cadm1  - Cadm1,CADM,Cell-Cell Contact,PMID: 24503895
OPCs,Astrocytes,Cadm1,Cadm1,0.046418053474836456,0,CADM1_CADM1,Cadm1  - Cadm1,CADM,Cell-Cell Contact,PMID: 24503895
Astrocytes,Microglia,Cadm1,Cadm1,0.015209469113564201,0,CADM1_CADM1,Cadm1  - Cadm1,CADM,Cell-Cell Contact,PMID: 24503895
Neurons,Microglia,Cadm1,Cadm1,0.018252955486360505,0,CADM1_CADM1,Cadm1  - Cadm1,CADM,Cell-Cell Contact,PMID: 24503895
OPCs,Microglia,Cadm1,Cadm1,0.022209834960534403,0,CADM1_CADM1,Cadm1  - Cadm1,CADM,Cell-Cell Contact,PMID: 24503895
Astrocytes,Neurons,Cadm1,Cadm1,0.03831727742158702,0,CADM1_CADM1,Cadm1  - Cadm1,CADM,Cell-Cell Contact,PMID: 24503895
Microglia,Neurons,Cadm1,Cadm1,0.018252955486360505,0,CADM1_CADM1,Cadm1  - Cadm1,CADM,Cell-Cell Contact,PMID: 24503895
Neurons,Neurons,Cadm1,Cadm1,0.045769837525257234,0,CADM1_CADM1,Cadm1  - Cadm1,CADM,Cell-Cell Contact,PMID: 24503895
Oligodendrocytes,Neurons,Cadm1,Cadm1,0.014650018826526596,0,CADM1_CADM1,Cadm1  - Cadm1,CADM,Cell-Cell Contact,PMID: 24503895
OPCs,Neurons,Cadm1,Cadm1,0.055355491279623914,0,CADM1_CADM1,Cadm1  - Cadm1,CADM,Cell-Cell Contact,PMID: 24503895
Astrocytes,Oligodendrocytes,Cadm1,Cadm1,0.012199818534916411,0,CADM1_CADM1,Cadm1  - Cadm1,CADM,Cell-Cell Contact,PMID: 24503895
Neurons,Oligodendrocytes,Cadm1,Cadm1,0.014650018826526596,0,CADM1_CADM1,Cadm1  - Cadm1,CADM,Cell-Cell Contact,PMID: 24503895
OPCs,Oligodendrocytes,Cadm1,Cadm1,0.01784004589294059,0,CADM1_CADM1,Cadm1  - Cadm1,CADM,Cell-Cell Contact,PMID: 24503895
Astrocytes,OPCs,Cadm1,Cadm1,0.046418053474836456,0,CADM1_CADM1,Cadm1  - Cadm1,CADM,Cell-Cell Contact,PMID: 24503895
Microglia,OPCs,Cadm1,Cadm1,0.022209834960534403,0,CADM1_CADM1,Cadm1  - Cadm1,CADM,Cell-Cell Contact,PMID: 24503895
Neurons,OPCs,Cadm1,Cadm1,0.055355491279623914,0,CADM1_CADM1,Cadm1  - Cadm1,CADM,Cell-Cell Contact,PMID: 24503895
Oligodendrocytes,OPCs,Cadm1,Cadm1,0.01784004589294059,0,CADM1_CADM1,Cadm1  - Cadm1,CADM,Cell-Cell Contact,PMID: 24503895
OPCs,OPCs,Cadm1,Cadm1,0.06680813150419064,0,CADM1_CADM1,Cadm1  - Cadm1,CADM,Cell-Cell Contact,PMID: 24503895
Neurons,Neurons,Cadm3,Cadm3,8.942724481602139e-4,0,CADM3_CADM3,Cadm3  - Cadm3,CADM,Cell-Cell Contact,KEGG: mmu04514
Neurons,Neurons,Cdh4,Cdh4,8.920655848623337e-4,0,CDH4_CDH4,Cdh4  - Cdh4,CDH,Cell-Cell Contact,KEGG: mmu04514
Astrocytes,Astrocytes,Cdh2,Cdh2,0.04064165538150336,0,CDH2_CDH2,Cdh2  - Cdh2,CDH,Cell-Cell Contact,KEGG: mmu04514
Neurons,Astrocytes,Cdh2,Cdh2,0.029582667517061324,0,CDH2_CDH2,Cdh2  - Cdh2,CDH,Cell-Cell Contact,KEGG: mmu04514
Oligodendrocytes,Astrocytes,Cdh2,Cdh2,0.011053444114241398,0,CDH2_CDH2,Cdh2  - Cdh2,CDH,Cell-Cell Contact,KEGG: mmu04514
OPCs,Astrocytes,Cdh2,Cdh2,0.012988051370928089,0,CDH2_CDH2,Cdh2  - Cdh2,CDH,Cell-Cell Contact,KEGG: mmu04514
Pericytes,Astrocytes,Cdh2,Cdh2,0.01748072213066946,0,CDH2_CDH2,Cdh2  - Cdh2,CDH,Cell-Cell Contact,KEGG: mmu04514
Astrocytes,Neurons,Cdh2,Cdh2,0.029582667517061324,0,CDH2_CDH2,Cdh2  - Cdh2,CDH,Cell-Cell Contact,KEGG: mmu04514
Neurons,Neurons,Cdh2,Cdh2,0.021465605286178385,0,CDH2_CDH2,Cdh2  - Cdh2,CDH,Cell-Cell Contact,KEGG: mmu04514
Oligodendrocytes,Neurons,Cdh2,Cdh2,0.007978734899596699,0,CDH2_CDH2,Cdh2  - Cdh2,CDH,Cell-Cell Contact,KEGG: mmu04514
OPCs,Neurons,Cdh2,Cdh2,0.0093803016225185,0,CDH2_CDH2,Cdh2  - Cdh2,CDH,Cell-Cell Contact,KEGG: mmu04514
Pericytes,Neurons,Cdh2,Cdh2,0.01264100583746444,0,CDH2_CDH2,Cdh2  - Cdh2,CDH,Cell-Cell Contact,KEGG: mmu04514
Astrocytes,Oligodendrocytes,Cdh2,Cdh2,0.011053444114241398,0,CDH2_CDH2,Cdh2  - Cdh2,CDH,Cell-Cell Contact,KEGG: mmu04514
Neurons,Oligodendrocytes,Cdh2,Cdh2,0.007978734899596699,0,CDH2_CDH2,Cdh2  - Cdh2,CDH,Cell-Cell Contact,KEGG: mmu04514
Pericytes,Oligodendrocytes,Cdh2,Cdh2,0.004672170706250796,0,CDH2_CDH2,Cdh2  - Cdh2,CDH,Cell-Cell Contact,KEGG: mmu04514
Astrocytes,OPCs,Cdh2,Cdh2,0.012988051370928089,0,CDH2_CDH2,Cdh2  - Cdh2,CDH,Cell-Cell Contact,KEGG: mmu04514
Neurons,OPCs,Cdh2,Cdh2,0.0093803016225185,0,CDH2_CDH2,Cdh2  - Cdh2,CDH,Cell-Cell Contact,KEGG: mmu04514
Pericytes,OPCs,Cdh2,Cdh2,0.005496115224142043,0,CDH2_CDH2,Cdh2  - Cdh2,CDH,Cell-Cell Contact,KEGG: mmu04514
Astrocytes,Pericytes,Cdh2,Cdh2,0.01748072213066946,0,CDH2_CDH2,Cdh2  - Cdh2,CDH,Cell-Cell Contact,KEGG: mmu04514
Neurons,Pericytes,Cdh2,Cdh2,0.01264100583746444,0,CDH2_CDH2,Cdh2  - Cdh2,CDH,Cell-Cell Contact,KEGG: mmu04514
Oligodendrocytes,Pericytes,Cdh2,Cdh2,0.004672170706250796,0,CDH2_CDH2,Cdh2  - Cdh2,CDH,Cell-Cell Contact,KEGG: mmu04514
OPCs,Pericytes,Cdh2,Cdh2,0.005496115224142043,0,CDH2_CDH2,Cdh2  - Cdh2,CDH,Cell-Cell Contact,KEGG: mmu04514
Pericytes,Pericytes,Cdh2,Cdh2,0.007416738956105609,0,CDH2_CDH2,Cdh2  - Cdh2,CDH,Cell-Cell Contact,KEGG: mmu04514
Oligodendrocytes,Oligodendrocytes,Cldn11,Cldn11,0.010133304797053695,0,CLDN11_CLDN11,Cldn11  - Cldn11,CLDN,Cell-Cell Contact,KEGG: mmu04514
Astrocytes,Neurons,Nfasc,CNTN1_CNTNAP1,0.005789364095480638,0,NFASC_CNTN1_CNTNAP1,Nfasc  - (Cntn1+Cntnap1),CNTN,Cell-Cell Contact,KEGG: mmu04514
Neurons,Neurons,Nfasc,CNTN1_CNTNAP1,0.00976152379498257,0,NFASC_CNTN1_CNTNAP1,Nfasc  - (Cntn1+Cntnap1),CNTN,Cell-Cell Contact,KEGG: mmu04514
Oligodendrocytes,Neurons,Nfasc,CNTN1_CNTNAP1,0.0063992531738662,0,NFASC_CNTN1_CNTNAP1,Nfasc  - (Cntn1+Cntnap1),CNTN,Cell-Cell Contact,KEGG: mmu04514
OPCs,Neurons,Nfasc,CNTN1_CNTNAP1,0.004362224863140153,0,NFASC_CNTN1_CNTNAP1,Nfasc  - (Cntn1+Cntnap1),CNTN,Cell-Cell Contact,KEGG: mmu04514
Neurons,Neurons,Cntn2,CNTN2_CNTNAP2,0.001428050962255178,0,CNTN2_CNTN2_CNTNAP2,Cntn2  - (Cntn2+Cntnap2),CNTN,Cell-Cell Contact,KEGG: mmu04514
Oligodendrocytes,Neurons,Cntn2,CNTN2_CNTNAP2,0.005375760235658573,0,CNTN2_CNTN2_CNTNAP2,Cntn2  - (Cntn2+Cntnap2),CNTN,Cell-Cell Contact,KEGG: mmu04514
Neurons,Neurons,Cntn2,L1cam,3.021104502422852e-4,0,CNTN2_L1CAM,Cntn2  - L1cam,CNTN,Cell-Cell Contact,KEGG: mmu04514
Oligodendrocytes,Neurons,Cntn2,L1cam,0.0011408216246041338,0,CNTN2_L1CAM,Cntn2  - L1cam,CNTN,Cell-Cell Contact,KEGG: mmu04514
Oligodendrocytes,Neurons,Cntn2,Cntn2,8.584455741759063e-4,0,CNTN2_CNTN2,Cntn2  - Cntn2,CNTN,Cell-Cell Contact,KEGG: mmu04514
Neurons,Oligodendrocytes,Cntn2,Cntn2,8.584455741759063e-4,0,CNTN2_CNTN2,Cntn2  - Cntn2,CNTN,Cell-Cell Contact,KEGG: mmu04514
Oligodendrocytes,Oligodendrocytes,Cntn2,Cntn2,0.003236639404311566,0,CNTN2_CNTN2,Cntn2  - Cntn2,CNTN,Cell-Cell Contact,KEGG: mmu04514
Astrocytes,Astrocytes,Cntn1,Nrcam,0.07288237428628816,0,CNTN1_NRCAM,Cntn1  - Nrcam,CNTN,Cell-Cell Contact,KEGG: mmu04514
Neurons,Astrocytes,Cntn1,Nrcam,0.06727768301966928,0,CNTN1_NRCAM,Cntn1  - Nrcam,CNTN,Cell-Cell Contact,KEGG: mmu04514
OPCs,Astrocytes,Cntn1,Nrcam,0.11256745077066263,0,CNTN1_NRCAM,Cntn1  - Nrcam,CNTN,Cell-Cell Contact,KEGG: mmu04514
Astrocytes,Neurons,Cntn1,Nrcam,0.04722111968519377,0,CNTN1_NRCAM,Cntn1  - Nrcam,CNTN,Cell-Cell Contact,KEGG: mmu04514
Neurons,Neurons,Cntn1,Nrcam,0.043497208309249066,0,CNTN1_NRCAM,Cntn1  - Nrcam,CNTN,Cell-Cell Contact,KEGG: mmu04514
OPCs,Neurons,Cntn1,Nrcam,0.07404943712725776,0,CNTN1_NRCAM,Cntn1  - Nrcam,CNTN,Cell-Cell Contact,KEGG: mmu04514
Astrocytes,OPCs,Cntn1,Nrcam,0.08835491868960678,0,CNTN1_NRCAM,Cntn1  - Nrcam,CNTN,Cell-Cell Contact,KEGG: mmu04514
Neurons,OPCs,Cntn1,Nrcam,0.08166518863712234,0,CNTN1_NRCAM,Cntn1  - Nrcam,CNTN,Cell-Cell Contact,KEGG: mmu04514
OPCs,OPCs,Cntn1,Nrcam,0.13523600705388192,0,CNTN1_NRCAM,Cntn1  - Nrcam,CNTN,Cell-Cell Contact,KEGG: mmu04514
Neurons,Neurons,Efna5,Epha3,0.00381937832857259,0,EFNA5_EPHA3,Efna5  - Epha3,EPHA,Cell-Cell Contact,PMID: 15114347
Neurons,Astrocytes,Efna5,Epha4,0.0063680693561520415,0,EFNA5_EPHA4,Efna5  - Epha4,EPHA,Cell-Cell Contact,PMID: 15114347
Neurons,Neurons,Efna5,Epha4,0.0032379505566777792,0,EFNA5_EPHA4,Efna5  - Epha4,EPHA,Cell-Cell Contact,PMID: 15114347
Neurons,Neurons,Efna5,Epha5,0.033353327533547576,0,EFNA5_EPHA5,Efna5  - Epha5,EPHA,Cell-Cell Contact,PMID: 15114347
Neurons,OPCs,Efna5,Epha5,0.028605144917135946,0,EFNA5_EPHA5,Efna5  - Epha5,EPHA,Cell-Cell Contact,PMID: 15114347
Neurons,Neurons,Efna5,Epha7,0.007071779720141725,0,EFNA5_EPHA7,Efna5  - Epha7,EPHA,Cell-Cell Contact,PMID: 15114347
Neurons,Neurons,Efna5,Ephb2,0.004126809292277628,0,EFNA5_EPHB2,Efna5  - Ephb2,EPHA,Cell-Cell Contact,PMID:15107857; PMID: 15114347
Oligodendrocytes,Astrocytes,Efnb3,Epha4,9.16154199168561e-4,0,EFNB3_EPHA4,Efnb3  - Epha4,EPHB,Cell-Cell Contact,PMID: 15114347
Oligodendrocytes,Neurons,Efnb3,Epha4,4.6458084626126465e-4,0,EFNB3_EPHA4,Efnb3  - Epha4,EPHB,Cell-Cell Contact,PMID: 15114347
Oligodendrocytes,Neurons,Efnb3,Ephb1,7.800183871715327e-4,0,EFNB3_EPHB1,Efnb3  - Ephb1,EPHB,Cell-Cell Contact,PMID: 15114347
Oligodendrocytes,Oligodendrocytes,Efnb3,Ephb1,0.001146226694136345,0,EFNB3_EPHB1,Efnb3  - Ephb1,EPHB,Cell-Cell Contact,PMID: 15114347
Oligodendrocytes,Neurons,Efnb3,Ephb2,5.925668170490379e-4,0,EFNB3_EPHB2,Efnb3  - Ephb2,EPHB,Cell-Cell Contact,PMID: 15114347
Astrocytes,Microglia,Jam2,ITGAV_ITGB1,0.003839553573220929,0,JAM2_ITGAV_ITGB1,Jam2  - (Itgav+Itgb1),JAM,Cell-Cell Contact,KEGG: mmu04514
OPCs,Microglia,Jam2,ITGAV_ITGB1,0.0036935545883299476,0,JAM2_ITGAV_ITGB1,Jam2  - (Itgav+Itgb1),JAM,Cell-Cell Contact,KEGG: mmu04514
Astrocytes,OPCs,Jam2,ITGAV_ITGB1,0.0047251657998780535,0,JAM2_ITGAV_ITGB1,Jam2  - (Itgav+Itgb1),JAM,Cell-Cell Contact,KEGG: mmu04514
OPCs,OPCs,Jam2,ITGAV_ITGB1,0.004545645085640154,0,JAM2_ITGAV_ITGB1,Jam2  - (Itgav+Itgb1),JAM,Cell-Cell Contact,KEGG: mmu04514
Astrocytes,Oligodendrocytes,Jam2,Jam3,0.002370990144508898,0,JAM2_JAM3,Jam2  - Jam3,JAM,Cell-Cell Contact,PMC1237098;  PMID: 11590146
OPCs,Oligodendrocytes,Jam2,Jam3,0.0022807054185093397,0,JAM2_JAM3,Jam2  - Jam3,JAM,Cell-Cell Contact,PMC1237098;  PMID: 11590146
Astrocytes,OPCs,Jam2,Jam3,0.0023910859646518053,0,JAM2_JAM3,Jam2  - Jam3,JAM,Cell-Cell Contact,PMC1237098;  PMID: 11590146
OPCs,OPCs,Jam2,Jam3,0.0023000377759114722,0,JAM2_JAM3,Jam2  - Jam3,JAM,Cell-Cell Contact,PMC1237098;  PMID: 11590146
Microglia,Microglia,F11r,F11r,0.0069233946287391886,0,F11R_F11R,F11r  - F11r,JAM,Cell-Cell Contact,KEGG: mmu04514
Astrocytes,Microglia,Jam2,F11r,0.004446625481182076,0,JAM2_F11R,Jam2  - F11r,JAM,Cell-Cell Contact,KEGG: mmu04514
OPCs,Microglia,Jam2,F11r,0.004277641718536038,0,JAM2_F11R,Jam2  - F11r,JAM,Cell-Cell Contact,KEGG: mmu04514
Astrocytes,Astrocytes,Jam2,Jam2,0.002853347767329014,0,JAM2_JAM2,Jam2  - Jam2,JAM,Cell-Cell Contact,KEGG: mmu04514
OPCs,Astrocytes,Jam2,Jam2,0.002744745922026511,0,JAM2_JAM2,Jam2  - Jam2,JAM,Cell-Cell Contact,KEGG: mmu04514
Astrocytes,OPCs,Jam2,Jam2,0.002744745922026511,0,JAM2_JAM2,Jam2  - Jam2,JAM,Cell-Cell Contact,KEGG: mmu04514
OPCs,OPCs,Jam2,Jam2,0.0026402666486628674,0,JAM2_JAM2,Jam2  - Jam2,JAM,Cell-Cell Contact,KEGG: mmu04514
Oligodendrocytes,Microglia,Jam3,F11r,0.003695923037251458,0,JAM3_F11R,Jam3  - F11r,JAM,Cell-Cell Contact,KEGG: mmu04514
OPCs,Microglia,Jam3,F11r,0.0037272066466641596,0,JAM3_F11R,Jam3  - F11r,JAM,Cell-Cell Contact,KEGG: mmu04514
Oligodendrocytes,Oligodendrocytes,Jam3,Jam3,0.0019700138403066668,0,JAM3_JAM3,Jam3  - Jam3,JAM,Cell-Cell Contact,KEGG: mmu04514
OPCs,Oligodendrocytes,Jam3,Jam3,0.001986717870401992,0,JAM3_JAM3,Jam3  - Jam3,JAM,Cell-Cell Contact,KEGG: mmu04514
Oligodendrocytes,OPCs,Jam3,Jam3,0.001986717870401992,0,JAM3_JAM3,Jam3  - Jam3,JAM,Cell-Cell Contact,KEGG: mmu04514
OPCs,OPCs,Jam3,Jam3,0.002003563252029349,0.01,JAM3_JAM3,Jam3  - Jam3,JAM,Cell-Cell Contact,KEGG: mmu04514
Neurons,Neurons,L1cam,L1cam,4.0155984555853184e-4,0,L1CAM_L1CAM,L1cam  - L1cam,L1CAM,Cell-Cell Contact,PMID: 18701456
Oligodendrocytes,Oligodendrocytes,Mag,Mag,0.012193756739618106,0,MAG_MAG,Mag  - Mag,MAG,Cell-Cell Contact,KEGG: mmu04514
OPCs,OPCs,Mpzl1,Mpzl1,0.002837721505771609,0,MPZL1_MPZL1,Mpzl1  - Mpzl1,MPZ,Cell-Cell Contact,KEGG: mmu04514
Astrocytes,Neurons,Ncam1,Fgfr1,0.008689635284766021,0,NCAM1_FGFR1,Ncam1  - Fgfr1,NCAM,Cell-Cell Contact,PMID: 12791257
Neurons,Neurons,Ncam1,Fgfr1,0.007083151443554665,0,NCAM1_FGFR1,Ncam1  - Fgfr1,NCAM,Cell-Cell Contact,PMID: 12791257
Oligodendrocytes,Neurons,Ncam1,Fgfr1,0.007324702086414326,0,NCAM1_FGFR1,Ncam1  - Fgfr1,NCAM,Cell-Cell Contact,PMID: 12791257
OPCs,Neurons,Ncam1,Fgfr1,0.010904265780477169,0,NCAM1_FGFR1,Ncam1  - Fgfr1,NCAM,Cell-Cell Contact,PMID: 12791257
Astrocytes,Astrocytes,Ncam1,Ncam1,0.083496856763544125,0,NCAM1_NCAM1,Ncam1  - Ncam1,NCAM,Cell-Cell Contact,KEGG: mmu04514
Neurons,Astrocytes,Ncam1,Ncam1,0.0690234488726312,0,NCAM1_NCAM1,Ncam1  - Ncam1,NCAM,Cell-Cell Contact,KEGG: mmu04514
Oligodendrocytes,Astrocytes,Ncam1,Ncam1,0.07122577315085189,0,NCAM1_NCAM1,Ncam1  - Ncam1,NCAM,Cell-Cell Contact,KEGG: mmu04514
OPCs,Astrocytes,Ncam1,Ncam1,0.10279968483164421,0,NCAM1_NCAM1,Ncam1  - Ncam1,NCAM,Cell-Cell Contact,KEGG: mmu04514
Astrocytes,Neurons,Ncam1,Ncam1,0.0690234488726312,0,NCAM1_NCAM1,Ncam1  - Ncam1,NCAM,Cell-Cell Contact,KEGG: mmu04514
Oligodendrocytes,Neurons,Ncam1,Ncam1,0.0587431093651223,0,NCAM1_NCAM1,Ncam1  - Ncam1,NCAM,Cell-Cell Contact,KEGG: mmu04514
OPCs,Neurons,Ncam1,Ncam1,0.08529169285665447,0,NCAM1_NCAM1,Ncam1  - Ncam1,NCAM,Cell-Cell Contact,KEGG: mmu04514
Astrocytes,Oligodendrocytes,Ncam1,Ncam1,0.07122577315085189,0,NCAM1_NCAM1,Ncam1  - Ncam1,NCAM,Cell-Cell Contact,KEGG: mmu04514
Neurons,Oligodendrocytes,Ncam1,Ncam1,0.0587431093651223,0,NCAM1_NCAM1,Ncam1  - Ncam1,NCAM,Cell-Cell Contact,KEGG: mmu04514
Oligodendrocytes,Oligodendrocytes,Ncam1,Ncam1,0.060638784924307784,0,NCAM1_NCAM1,Ncam1  - Ncam1,NCAM,Cell-Cell Contact,KEGG: mmu04514
OPCs,Oligodendrocytes,Ncam1,Ncam1,0.08796404170901181,0,NCAM1_NCAM1,Ncam1  - Ncam1,NCAM,Cell-Cell Contact,KEGG: mmu04514
Astrocytes,OPCs,Ncam1,Ncam1,0.10279968483164421,0,NCAM1_NCAM1,Ncam1  - Ncam1,NCAM,Cell-Cell Contact,KEGG: mmu04514
Neurons,OPCs,Ncam1,Ncam1,0.08529169285665447,0,NCAM1_NCAM1,Ncam1  - Ncam1,NCAM,Cell-Cell Contact,KEGG: mmu04514
Oligodendrocytes,OPCs,Ncam1,Ncam1,0.08796404170901181,0,NCAM1_NCAM1,Ncam1  - Ncam1,NCAM,Cell-Cell Contact,KEGG: mmu04514
OPCs,OPCs,Ncam1,Ncam1,0.1259516904162909,0,NCAM1_NCAM1,Ncam1  - Ncam1,NCAM,Cell-Cell Contact,KEGG: mmu04514
OPCs,Astrocytes,Ncam1,Ncam2,0.07546475550316453,0,NCAM1_NCAM2,Ncam1  - Ncam2,NCAM,Cell-Cell Contact,KEGG: mmu04514
Astrocytes,Neurons,Ncam1,Ncam2,0.08209714943294512,0,NCAM1_NCAM2,Ncam1  - Ncam2,NCAM,Cell-Cell Contact,KEGG: mmu04514
Neurons,Neurons,Ncam1,Ncam2,0.06784840632103407,0,NCAM1_NCAM2,Ncam1  - Ncam2,NCAM,Cell-Cell Contact,KEGG: mmu04514
Oligodendrocytes,Neurons,Ncam1,Ncam2,0.07001605829655345,0,NCAM1_NCAM2,Ncam1  - Ncam2,NCAM,Cell-Cell Contact,KEGG: mmu04514
OPCs,Neurons,Ncam1,Ncam2,0.10111209183951578,0,NCAM1_NCAM2,Ncam1  - Ncam2,NCAM,Cell-Cell Contact,KEGG: mmu04514
Astrocytes,OPCs,Ncam1,Ncam2,0.12447846317406101,0,NCAM1_NCAM2,Ncam1  - Ncam2,NCAM,Cell-Cell Contact,KEGG: mmu04514
Neurons,OPCs,Ncam1,Ncam2,0.10370508718419733,0,NCAM1_NCAM2,Ncam1  - Ncam2,NCAM,Cell-Cell Contact,KEGG: mmu04514
Oligodendrocytes,OPCs,Ncam1,Ncam2,0.10688694635071572,0,NCAM1_NCAM2,Ncam1  - Ncam2,NCAM,Cell-Cell Contact,KEGG: mmu04514
OPCs,OPCs,Ncam1,Ncam2,0.15168739765074524,0,NCAM1_NCAM2,Ncam1  - Ncam2,NCAM,Cell-Cell Contact,KEGG: mmu04514
Astrocytes,Neurons,Ncam1,L1cam,0.00601327441073941,0,NCAM1_L1CAM,Ncam1  - L1cam,NCAM,Cell-Cell Contact,KEGG: mmu04514
Neurons,Neurons,Ncam1,L1cam,0.004899133658721138,0,NCAM1_L1CAM,Ncam1  - L1cam,NCAM,Cell-Cell Contact,KEGG: mmu04514
Oligodendrocytes,Neurons,Ncam1,L1cam,0.005066584664527186,0,NCAM1_L1CAM,Ncam1  - L1cam,NCAM,Cell-Cell Contact,KEGG: mmu04514
OPCs,Neurons,Ncam1,L1cam,0.007551006285924481,0,NCAM1_L1CAM,Ncam1  - L1cam,NCAM,Cell-Cell Contact,KEGG: mmu04514
Astrocytes,Neurons,Ncam2,L1cam,0.004291223214549108,0,NCAM2_L1CAM,Ncam2  - L1cam,NCAM,Cell-Cell Contact,KEGG: mmu04514
Neurons,Neurons,Ncam2,L1cam,0.005904102805508246,0,NCAM2_L1CAM,Ncam2  - L1cam,NCAM,Cell-Cell Contact,KEGG: mmu04514
Oligodendrocytes,Neurons,Ncam2,L1cam,0.0023502568329968605,0,NCAM2_L1CAM,Ncam2  - L1cam,NCAM,Cell-Cell Contact,KEGG: mmu04514
OPCs,Neurons,Ncam2,L1cam,0.009352779164346426,0,NCAM2_L1CAM,Ncam2  - L1cam,NCAM,Cell-Cell Contact,KEGG: mmu04514
Astrocytes,Astrocytes,Negr1,Negr1,0.07709033309046937,0,NEGR1_NEGR1,Negr1  - Negr1,NEGR,Cell-Cell Contact,KEGG: mmu04514
Neurons,Astrocytes,Negr1,Negr1,0.08757507005334698,0,NEGR1_NEGR1,Negr1  - Negr1,NEGR,Cell-Cell Contact,KEGG: mmu04514
OPCs,Astrocytes,Negr1,Negr1,0.09331430679010598,0,NEGR1_NEGR1,Negr1  - Negr1,NEGR,Cell-Cell Contact,KEGG: mmu04514
Astrocytes,Neurons,Negr1,Negr1,0.08757507005334698,0,NEGR1_NEGR1,Negr1  - Negr1,NEGR,Cell-Cell Contact,KEGG: mmu04514
Neurons,Neurons,Negr1,Negr1,0.09933231453560465,0,NEGR1_NEGR1,Negr1  - Negr1,NEGR,Cell-Cell Contact,KEGG: mmu04514
OPCs,Neurons,Negr1,Negr1,0.10575275831161247,0,NEGR1_NEGR1,Negr1  - Negr1,NEGR,Cell-Cell Contact,KEGG: mmu04514
Astrocytes,OPCs,Negr1,Negr1,0.09331430679010598,0,NEGR1_NEGR1,Negr1  - Negr1,NEGR,Cell-Cell Contact,KEGG: mmu04514
Neurons,OPCs,Negr1,Negr1,0.10575275831161247,0,NEGR1_NEGR1,Negr1  - Negr1,NEGR,Cell-Cell Contact,KEGG: mmu04514
OPCs,OPCs,Negr1,Negr1,0.11253634164322608,0,NEGR1_NEGR1,Negr1  - Negr1,NEGR,Cell-Cell Contact,KEGG: mmu04514
Astrocytes,Neurons,Lrrc4c,Ntng1,0.028594417623039995,0,LRRC4C_NTNG1,Lrrc4c  - Ntng1,NGL,Cell-Cell Contact,KEGG: mmu04514
Neurons,Neurons,Lrrc4c,Ntng1,0.02736168030904792,0,LRRC4C_NTNG1,Lrrc4c  - Ntng1,NGL,Cell-Cell Contact,KEGG: mmu04514
Oligodendrocytes,Neurons,Lrrc4c,Ntng1,0.008012654822755193,0,LRRC4C_NTNG1,Lrrc4c  - Ntng1,NGL,Cell-Cell Contact,KEGG: mmu04514
OPCs,Neurons,Lrrc4c,Ntng1,0.04723020379734691,0,LRRC4C_NTNG1,Lrrc4c  - Ntng1,NGL,Cell-Cell Contact,KEGG: mmu04514
Pericytes,Neurons,Lrrc4c,Ntng1,0.006363159087717002,0,LRRC4C_NTNG1,Lrrc4c  - Ntng1,NGL,Cell-Cell Contact,KEGG: mmu04514
Neurons,Neurons,Lrrc4b,Ptprf,6.212214971547213e-4,0,LRRC4B_PTPRF,Lrrc4b  - Ptprf,NGL,Cell-Cell Contact,KEGG: mmu04514
OPCs,Neurons,Lrrc4b,Ptprf,0.0011967463282474009,0,LRRC4B_PTPRF,Lrrc4b  - Ptprf,NGL,Cell-Cell Contact,KEGG: mmu04514
Astrocytes,Astrocytes,Nrxn1,Nlgn1,0.1983660745343701,0,NRXN1_NLGN1,Nrxn1  - Nlgn1,NRXN,Cell-Cell Contact,KEGG: mmu04514
Neurons,Astrocytes,Nrxn1,Nlgn1,0.17560095886084812,0,NRXN1_NLGN1,Nrxn1  - Nlgn1,NRXN,Cell-Cell Contact,KEGG: mmu04514
OPCs,Astrocytes,Nrxn1,Nlgn1,0.2063377369965002,0,NRXN1_NLGN1,Nrxn1  - Nlgn1,NRXN,Cell-Cell Contact,KEGG: mmu04514
Astrocytes,Neurons,Nrxn1,Nlgn1,0.24120433780715173,0,NRXN1_NLGN1,Nrxn1  - Nlgn1,NRXN,Cell-Cell Contact,KEGG: mmu04514
Neurons,Neurons,Nrxn1,Nlgn1,0.21484054040603587,0,NRXN1_NLGN1,Nrxn1  - Nlgn1,NRXN,Cell-Cell Contact,KEGG: mmu04514
OPCs,Neurons,Nrxn1,Nlgn1,0.25035987246608027,0,NRXN1_NLGN1,Nrxn1  - Nlgn1,NRXN,Cell-Cell Contact,KEGG: mmu04514
Astrocytes,Oligodendrocytes,Nrxn1,Nlgn1,0.04840862193317737,0,NRXN1_NLGN1,Nrxn1  - Nlgn1,NRXN,Cell-Cell Contact,KEGG: mmu04514
Neurons,Oligodendrocytes,Nrxn1,Nlgn1,0.04195245477525394,0,NRXN1_NLGN1,Nrxn1  - Nlgn1,NRXN,Cell-Cell Contact,KEGG: mmu04514
OPCs,Oligodendrocytes,Nrxn1,Nlgn1,0.050735404355848036,0,NRXN1_NLGN1,Nrxn1  - Nlgn1,NRXN,Cell-Cell Contact,KEGG: mmu04514
Astrocytes,OPCs,Nrxn1,Nlgn1,0.304238929539658,0,NRXN1_NLGN1,Nrxn1  - Nlgn1,NRXN,Cell-Cell Contact,KEGG: mmu04514
Neurons,OPCs,Nrxn1,Nlgn1,0.27346845128979747,0,NRXN1_NLGN1,Nrxn1  - Nlgn1,NRXN,Cell-Cell Contact,KEGG: mmu04514
OPCs,OPCs,Nrxn1,Nlgn1,0.3147944925039334,0,NRXN1_NLGN1,Nrxn1  - Nlgn1,NRXN,Cell-Cell Contact,KEGG: mmu04514
Astrocytes,Neurons,Nrxn1,Nlgn2,0.01693584215762337,0,NRXN1_NLGN2,Nrxn1  - Nlgn2,NRXN,Cell-Cell Contact,KEGG: mmu04514
Neurons,Neurons,Nrxn1,Nlgn2,0.014612684148444053,0,NRXN1_NLGN2,Nrxn1  - Nlgn2,NRXN,Cell-Cell Contact,KEGG: mmu04514
OPCs,Neurons,Nrxn1,Nlgn2,0.01777813317098601,0,NRXN1_NLGN2,Nrxn1  - Nlgn2,NRXN,Cell-Cell Contact,KEGG: mmu04514
Astrocytes,OPCs,Nrxn1,Nlgn2,0.03275767726446676,0,NRXN1_NLGN2,Nrxn1  - Nlgn2,NRXN,Cell-Cell Contact,KEGG: mmu04514
Neurons,OPCs,Nrxn1,Nlgn2,0.028326711975328656,0,NRXN1_NLGN2,Nrxn1  - Nlgn2,NRXN,Cell-Cell Contact,KEGG: mmu04514
OPCs,OPCs,Nrxn1,Nlgn2,0.03435935231206116,0,NRXN1_NLGN2,Nrxn1  - Nlgn2,NRXN,Cell-Cell Contact,KEGG: mmu04514
Astrocytes,OPCs,Nrxn1,Nlgn3,0.028182366707153583,0,NRXN1_NLGN3,Nrxn1  - Nlgn3,NRXN,Cell-Cell Contact,KEGG: mmu04514
Neurons,OPCs,Nrxn1,Nlgn3,0.024354697452494144,0,NRXN1_NLGN3,Nrxn1  - Nlgn3,NRXN,Cell-Cell Contact,KEGG: mmu04514
OPCs,OPCs,Nrxn1,Nlgn3,0.029567171992417943,0,NRXN1_NLGN3,Nrxn1  - Nlgn3,NRXN,Cell-Cell Contact,KEGG: mmu04514
Neurons,Astrocytes,Nrxn2,Nlgn1,0.03486787506244612,0,NRXN2_NLGN1,Nrxn2  - Nlgn1,NRXN,Cell-Cell Contact,KEGG: mmu04514
OPCs,Astrocytes,Nrxn2,Nlgn1,0.09439294744646942,0,NRXN2_NLGN1,Nrxn2  - Nlgn1,NRXN,Cell-Cell Contact,KEGG: mmu04514
Neurons,Neurons,Nrxn2,Nlgn1,0.044351260224159465,0,NRXN2_NLGN1,Nrxn2  - Nlgn1,NRXN,Cell-Cell Contact,KEGG: mmu04514
OPCs,Neurons,Nrxn2,Nlgn1,0.11808517033293897,0,NRXN2_NLGN1,Nrxn2  - Nlgn1,NRXN,Cell-Cell Contact,KEGG: mmu04514
Neurons,Oligodendrocytes,Nrxn2,Nlgn1,0.007372350731750253,0,NRXN2_NLGN1,Nrxn2  - Nlgn1,NRXN,Cell-Cell Contact,KEGG: mmu04514
OPCs,Oligodendrocytes,Nrxn2,Nlgn1,0.020978427118138725,0,NRXN2_NLGN1,Nrxn2  - Nlgn1,NRXN,Cell-Cell Contact,KEGG: mmu04514
Neurons,OPCs,Nrxn2,Nlgn1,0.060010216208989456,0,NRXN2_NLGN1,Nrxn2  - Nlgn1,NRXN,Cell-Cell Contact,KEGG: mmu04514
OPCs,OPCs,Nrxn2,Nlgn1,0.15554002660108343,0,NRXN2_NLGN1,Nrxn2  - Nlgn1,NRXN,Cell-Cell Contact,KEGG: mmu04514
Neurons,Neurons,Nrxn2,Nlgn2,0.002508888544261039,0,NRXN2_NLGN2,Nrxn2  - Nlgn2,NRXN,Cell-Cell Contact,KEGG: mmu04514
OPCs,Neurons,Nrxn2,Nlgn2,0.007204324274051913,0,NRXN2_NLGN2,Nrxn2  - Nlgn2,NRXN,Cell-Cell Contact,KEGG: mmu04514
Neurons,OPCs,Nrxn2,Nlgn2,0.0049202040690039025,0,NRXN2_NLGN2,Nrxn2  - Nlgn2,NRXN,Cell-Cell Contact,KEGG: mmu04514
OPCs,OPCs,Nrxn2,Nlgn2,0.014064833855318848,0,NRXN2_NLGN2,Nrxn2  - Nlgn2,NRXN,Cell-Cell Contact,KEGG: mmu04514
Neurons,OPCs,Nrxn2,Nlgn3,0.004216044730353515,0,NRXN2_NLGN3,Nrxn2  - Nlgn3,NRXN,Cell-Cell Contact,KEGG: mmu04514
OPCs,OPCs,Nrxn2,Nlgn3,0.012067804502645663,0,NRXN2_NLGN3,Nrxn2  - Nlgn3,NRXN,Cell-Cell Contact,KEGG: mmu04514
Astrocytes,Astrocytes,Nrxn3,Nlgn1,0.09095737087715425,0,NRXN3_NLGN1,Nrxn3  - Nlgn1,NRXN,Cell-Cell Contact,KEGG: mmu04514
Neurons,Astrocytes,Nrxn3,Nlgn1,0.13216371400532753,0,NRXN3_NLGN1,Nrxn3  - Nlgn1,NRXN,Cell-Cell Contact,KEGG: mmu04514
OPCs,Astrocytes,Nrxn3,Nlgn1,0.16432029774833606,0,NRXN3_NLGN1,Nrxn3  - Nlgn1,NRXN,Cell-Cell Contact,KEGG: mmu04514
Astrocytes,Neurons,Nrxn3,Nlgn1,0.11389572985020673,0,NRXN3_NLGN1,Nrxn3  - Nlgn1,NRXN,Cell-Cell Contact,KEGG: mmu04514
Neurons,Neurons,Nrxn3,Nlgn1,0.16362335403437525,0,NRXN3_NLGN1,Nrxn3  - Nlgn1,NRXN,Cell-Cell Contact,KEGG: mmu04514
OPCs,Neurons,Nrxn3,Nlgn1,0.2016557184136455,0,NRXN3_NLGN1,Nrxn3  - Nlgn1,NRXN,Cell-Cell Contact,KEGG: mmu04514
Astrocytes,Oligodendrocytes,Nrxn3,Nlgn1,0.02015541552054131,0,NRXN3_NLGN1,Nrxn3  - Nlgn1,NRXN,Cell-Cell Contact,KEGG: mmu04514
Neurons,Oligodendrocytes,Nrxn3,Nlgn1,0.030357566351513102,0,NRXN3_NLGN1,Nrxn3  - Nlgn1,NRXN,Cell-Cell Contact,KEGG: mmu04514
OPCs,Oligodendrocytes,Nrxn3,Nlgn1,0.03885278731247163,0,NRXN3_NLGN1,Nrxn3  - Nlgn1,NRXN,Cell-Cell Contact,KEGG: mmu04514
Astrocytes,OPCs,Nrxn3,Nlgn1,0.15024814491983432,0,NRXN3_NLGN1,Nrxn3  - Nlgn1,NRXN,Cell-Cell Contact,KEGG: mmu04514
Neurons,OPCs,Nrxn3,Nlgn1,0.21204929249624857,0,NRXN3_NLGN1,Nrxn3  - Nlgn1,NRXN,Cell-Cell Contact,KEGG: mmu04514
OPCs,OPCs,Nrxn3,Nlgn1,0.257867301227454,0,NRXN3_NLGN1,Nrxn3  - Nlgn1,NRXN,Cell-Cell Contact,KEGG: mmu04514
Astrocytes,Neurons,Nrxn3,Nlgn2,0.0069178706938683426,0,NRXN3_NLGN2,Nrxn3  - Nlgn2,NRXN,Cell-Cell Contact,KEGG: mmu04514
Neurons,Neurons,Nrxn3,Nlgn2,0.010491260921281617,0,NRXN3_NLGN2,Nrxn3  - Nlgn2,NRXN,Cell-Cell Contact,KEGG: mmu04514
OPCs,Neurons,Nrxn3,Nlgn2,0.013504548566703328,0,NRXN3_NLGN2,Nrxn3  - Nlgn2,NRXN,Cell-Cell Contact,KEGG: mmu04514
Astrocytes,OPCs,Nrxn3,Nlgn2,0.013509309079412944,0,NRXN3_NLGN2,Nrxn3  - Nlgn2,NRXN,Cell-Cell Contact,KEGG: mmu04514
Neurons,OPCs,Nrxn3,Nlgn2,0.020417471497667396,0,NRXN3_NLGN2,Nrxn3  - Nlgn2,NRXN,Cell-Cell Contact,KEGG: mmu04514
OPCs,OPCs,Nrxn3,Nlgn2,0.026206247669168486,0,NRXN3_NLGN2,Nrxn3  - Nlgn2,NRXN,Cell-Cell Contact,KEGG: mmu04514
Astrocytes,OPCs,Nrxn3,Nlgn3,0.011590230001432281,0,NRXN3_NLGN3,Nrxn3  - Nlgn3,NRXN,Cell-Cell Contact,KEGG: mmu04514
Neurons,OPCs,Nrxn3,Nlgn3,0.0175344892068928,0,NRXN3_NLGN3,Nrxn3  - Nlgn3,NRXN,Cell-Cell Contact,KEGG: mmu04514
OPCs,OPCs,Nrxn3,Nlgn3,0.0225246752548282,0,NRXN3_NLGN3,Nrxn3  - Nlgn3,NRXN,Cell-Cell Contact,KEGG: mmu04514
Astrocytes,Astrocytes,Ptprm,Ptprm,0.004726922292925016,0,PTPRM_PTPRM,Ptprm  - Ptprm,PTPRM,Cell-Cell Contact,KEGG: mmu04514
Microglia,Astrocytes,Ptprm,Ptprm,0.006303706970685775,0,PTPRM_PTPRM,Ptprm  - Ptprm,PTPRM,Cell-Cell Contact,KEGG: mmu04514
Neurons,Astrocytes,Ptprm,Ptprm,0.0035428559067757024,0,PTPRM_PTPRM,Ptprm  - Ptprm,PTPRM,Cell-Cell Contact,KEGG: mmu04514
OPCs,Astrocytes,Ptprm,Ptprm,0.013649209127951577,0,PTPRM_PTPRM,Ptprm  - Ptprm,PTPRM,Cell-Cell Contact,KEGG: mmu04514
Pericytes,Astrocytes,Ptprm,Ptprm,0.005656876863867002,0,PTPRM_PTPRM,Ptprm  - Ptprm,PTPRM,Cell-Cell Contact,KEGG: mmu04514
Astrocytes,Microglia,Ptprm,Ptprm,0.006303706970685775,0,PTPRM_PTPRM,Ptprm  - Ptprm,PTPRM,Cell-Cell Contact,KEGG: mmu04514
Microglia,Microglia,Ptprm,Ptprm,0.0084020278646011,0,PTPRM_PTPRM,Ptprm  - Ptprm,PTPRM,Cell-Cell Contact,KEGG: mmu04514
Neurons,Microglia,Ptprm,Ptprm,0.004726540979096798,0,PTPRM_PTPRM,Ptprm  - Ptprm,PTPRM,Cell-Cell Contact,KEGG: mmu04514
OPCs,Microglia,Ptprm,Ptprm,0.018147979069775784,0,PTPRM_PTPRM,Ptprm  - Ptprm,PTPRM,Cell-Cell Contact,KEGG: mmu04514
Pericytes,Microglia,Ptprm,Ptprm,0.007541520881850522,0,PTPRM_PTPRM,Ptprm  - Ptprm,PTPRM,Cell-Cell Contact,KEGG: mmu04514
Astrocytes,Neurons,Ptprm,Ptprm,0.0035428559067757024,0,PTPRM_PTPRM,Ptprm  - Ptprm,PTPRM,Cell-Cell Contact,KEGG: mmu04514
Microglia,Neurons,Ptprm,Ptprm,0.004726540979096798,0,PTPRM_PTPRM,Ptprm  - Ptprm,PTPRM,Cell-Cell Contact,KEGG: mmu04514
Neurons,Neurons,Ptprm,Ptprm,0.002654600126255803,0,PTPRM_PTPRM,Ptprm  - Ptprm,PTPRM,Cell-Cell Contact,KEGG: mmu04514
OPCs,Neurons,Ptprm,Ptprm,0.010253186585788355,0,PTPRM_PTPRM,Ptprm  - Ptprm,PTPRM,Cell-Cell Contact,KEGG: mmu04514
Pericytes,Neurons,Ptprm,Ptprm,0.004240854888424144,0,PTPRM_PTPRM,Ptprm  - Ptprm,PTPRM,Cell-Cell Contact,KEGG: mmu04514
Astrocytes,OPCs,Ptprm,Ptprm,0.013649209127951577,0,PTPRM_PTPRM,Ptprm  - Ptprm,PTPRM,Cell-Cell Contact,KEGG: mmu04514
Microglia,OPCs,Ptprm,Ptprm,0.018147979069775784,0,PTPRM_PTPRM,Ptprm  - Ptprm,PTPRM,Cell-Cell Contact,KEGG: mmu04514
Neurons,OPCs,Ptprm,Ptprm,0.010253186585788355,0,PTPRM_PTPRM,Ptprm  - Ptprm,PTPRM,Cell-Cell Contact,KEGG: mmu04514
OPCs,OPCs,Ptprm,Ptprm,0.0387569152800174,0,PTPRM_PTPRM,Ptprm  - Ptprm,PTPRM,Cell-Cell Contact,KEGG: mmu04514
Pericytes,OPCs,Ptprm,Ptprm,0.01630573849851737,0,PTPRM_PTPRM,Ptprm  - Ptprm,PTPRM,Cell-Cell Contact,KEGG: mmu04514
Astrocytes,Pericytes,Ptprm,Ptprm,0.005656876863867002,0,PTPRM_PTPRM,Ptprm  - Ptprm,PTPRM,Cell-Cell Contact,KEGG: mmu04514
Microglia,Pericytes,Ptprm,Ptprm,0.007541520881850522,0,PTPRM_PTPRM,Ptprm  - Ptprm,PTPRM,Cell-Cell Contact,KEGG: mmu04514
Neurons,Pericytes,Ptprm,Ptprm,0.004240854888424144,0,PTPRM_PTPRM,Ptprm  - Ptprm,PTPRM,Cell-Cell Contact,KEGG: mmu04514
OPCs,Pericytes,Ptprm,Ptprm,0.01630573849851737,0,PTPRM_PTPRM,Ptprm  - Ptprm,PTPRM,Cell-Cell Contact,KEGG: mmu04514
Pericytes,Pericytes,Ptprm,Ptprm,0.006768542516489143,0,PTPRM_PTPRM,Ptprm  - Ptprm,PTPRM,Cell-Cell Contact,KEGG: mmu04514
Neurons,Neurons,Sema6a,Plxna2,0.0020068575166865736,0,SEMA6A_PLXNA2,Sema6a  - Plxna2,SEMA6,Cell-Cell Contact,PMID: 27533782
OPCs,Neurons,Sema6a,Plxna2,0.004469938548350496,0,SEMA6A_PLXNA2,Sema6a  - Plxna2,SEMA6,Cell-Cell Contact,PMID: 27533782
Neurons,Microglia,Sema6a,Plxna4,0.001881968399080989,0,SEMA6A_PLXNA4,Sema6a  - Plxna4,SEMA6,Cell-Cell Contact,PMID: 27533782
OPCs,Microglia,Sema6a,Plxna4,0.004192412891188289,0,SEMA6A_PLXNA4,Sema6a  - Plxna4,SEMA6,Cell-Cell Contact,PMID: 27533782
Neurons,Neurons,Sema6a,Plxna4,0.0040365599015647876,0,SEMA6A_PLXNA4,Sema6a  - Plxna4,SEMA6,Cell-Cell Contact,PMID: 27533782
OPCs,Neurons,Sema6a,Plxna4,0.00896837399400933,0,SEMA6A_PLXNA4,Sema6a  - Plxna4,SEMA6,Cell-Cell Contact,PMID: 27533782
Microglia,Astrocytes,Vsir,Igsf11,0.013264138257189273,0,VSIR_IGSF11,Vsir  - Igsf11,VISTA,Cell-Cell Contact,KEGG: mmu04514
Microglia,Oligodendrocytes,Vsir,Igsf11,0.010720267373363963,0,VSIR_IGSF11,Vsir  - Igsf11,VISTA,Cell-Cell Contact,KEGG: mmu04514
Neurons,Pericytes,Cdh12,ITGA1_ITGB1,0.004323894176579008,0,CDH12_ITGA1_ITGB1,Cdh12 - ITGA1_ITGB1,CDH,Cell-Cell Contact,PMID: 34385456
Astrocytes,Astrocytes,Gja1,Gja1,0.04679530060527765,0,GJA1_GJA1,Gja1 - Gja1,GAP,Cell-Cell Contact,PMID: 32532966;PMID: 15094344
Microglia,Astrocytes,ITGAV_ITGB5,Adgrb1,0.006669407418639577,0,ITGAV_ITGB5_ADGRB1,(Itgav+Itgb5) - Adgrb1,ADGRB,Cell-Cell Contact,PMID: 31462748
Microglia,Neurons,ITGAV_ITGB5,Adgrb1,0.004378488400060473,0,ITGAV_ITGB5_ADGRB1,(Itgav+Itgb5) - Adgrb1,ADGRB,Cell-Cell Contact,PMID: 31462748
OPCs,Astrocytes,C1ql1,Adgrb3,0.08134014206356234,0,C1QL1_ADGRB3,C1ql1 - Adgrb3,ADGRB,Cell-Cell Contact,PMID: 31462748
OPCs,Neurons,C1ql1,Adgrb3,0.07873440553527854,0,C1QL1_ADGRB3,C1ql1 - Adgrb3,ADGRB,Cell-Cell Contact,PMID: 31462748
OPCs,Oligodendrocytes,C1ql1,Adgrb3,0.011342299486658195,0,C1QL1_ADGRB3,C1ql1 - Adgrb3,ADGRB,Cell-Cell Contact,PMID: 31462748
OPCs,OPCs,C1ql1,Adgrb3,0.0917195037183357,0,C1QL1_ADGRB3,C1ql1 - Adgrb3,ADGRB,Cell-Cell Contact,PMID: 31462748
OPCs,Astrocytes,Flrt1,Adgrl1,0.002797867651025331,0,FLRT1_ADGRL1,Flrt1 - Adgrl1,ADGRL,Cell-Cell Contact,PMID: 25728924;PMID: 34022279;PMID: 27091502;PMID: 35907405
OPCs,Neurons,Flrt1,Adgrl1,0.001523134843832256,0,FLRT1_ADGRL1,Flrt1 - Adgrl1,ADGRL,Cell-Cell Contact,PMID: 25728924;PMID: 34022279;PMID: 27091502;PMID: 35907405
OPCs,OPCs,Flrt1,Adgrl1,0.002547799316002527,0,FLRT1_ADGRL1,Flrt1 - Adgrl1,ADGRL,Cell-Cell Contact,PMID: 25728924;PMID: 34022279;PMID: 27091502;PMID: 35907405
Neurons,Astrocytes,Flrt2,Adgrl1,0.0020944996313903585,0,FLRT2_ADGRL1,Flrt2 - Adgrl1,ADGRL,Cell-Cell Contact,PMID: 25728924;PMID: 34022279;PMID: 27091502;PMID: 35907405
Neurons,Neurons,Flrt2,Adgrl1,0.0011398610987559089,0,FLRT2_ADGRL1,Flrt2 - Adgrl1,ADGRL,Cell-Cell Contact,PMID: 25728924;PMID: 34022279;PMID: 27091502;PMID: 35907405
Neurons,OPCs,Flrt2,Adgrl1,0.0019071768214686186,0,FLRT2_ADGRL1,Flrt2 - Adgrl1,ADGRL,Cell-Cell Contact,PMID: 25728924;PMID: 34022279;PMID: 27091502;PMID: 35907405
Astrocytes,Astrocytes,Nrxn1,Adgrl1,0.03917914098173158,0,NRXN1_ADGRL1,Nrxn1 - Adgrl1,ADGRL,Cell-Cell Contact,PMID: 25728924;PMID: 34022279;PMID: 27091502;PMID: 35907405
Neurons,Astrocytes,Nrxn1,Adgrl1,0.033910028522667945,0,NRXN1_ADGRL1,Nrxn1 - Adgrl1,ADGRL,Cell-Cell Contact,PMID: 25728924;PMID: 34022279;PMID: 27091502;PMID: 35907405
OPCs,Astrocytes,Nrxn1,Adgrl1,0.041081455832533635,0,NRXN1_ADGRL1,Nrxn1 - Adgrl1,ADGRL,Cell-Cell Contact,PMID: 25728924;PMID: 34022279;PMID: 27091502;PMID: 35907405
Astrocytes,Neurons,Nrxn1,Adgrl1,0.021689306484078404,0,NRXN1_ADGRL1,Nrxn1 - Adgrl1,ADGRL,Cell-Cell Contact,PMID: 25728924;PMID: 34022279;PMID: 27091502;PMID: 35907405
Neurons,Neurons,Nrxn1,Adgrl1,0.01872651755823671,0,NRXN1_ADGRL1,Nrxn1 - Adgrl1,ADGRL,Cell-Cell Contact,PMID: 25728924;PMID: 34022279;PMID: 27091502;PMID: 35907405
OPCs,Neurons,Nrxn1,Adgrl1,0.022762533375586688,0,NRXN1_ADGRL1,Nrxn1 - Adgrl1,ADGRL,Cell-Cell Contact,PMID: 25728924;PMID: 34022279;PMID: 27091502;PMID: 35907405
Astrocytes,OPCs,Nrxn1,Adgrl1,0.03579409838816813,0,NRXN1_ADGRL1,Nrxn1 - Adgrl1,ADGRL,Cell-Cell Contact,PMID: 25728924;PMID: 34022279;PMID: 27091502;PMID: 35907405
Neurons,OPCs,Nrxn1,Adgrl1,0.03096556071928182,0,NRXN1_ADGRL1,Nrxn1 - Adgrl1,ADGRL,Cell-Cell Contact,PMID: 25728924;PMID: 34022279;PMID: 27091502;PMID: 35907405
OPCs,OPCs,Nrxn1,Adgrl1,0.03753847628698616,0,NRXN1_ADGRL1,Nrxn1 - Adgrl1,ADGRL,Cell-Cell Contact,PMID: 25728924;PMID: 34022279;PMID: 27091502;PMID: 35907405
Neurons,Astrocytes,Nrxn2,Adgrl1,0.00591809665039538,0,NRXN2_ADGRL1,Nrxn2 - Adgrl1,ADGRL,Cell-Cell Contact,PMID: 25728924;PMID: 34022279;PMID: 27091502;PMID: 35907405
OPCs,Astrocytes,Nrxn2,Adgrl1,0.01688592443513086,0,NRXN2_ADGRL1,Nrxn2 - Adgrl1,ADGRL,Cell-Cell Contact,PMID: 25728924;PMID: 34022279;PMID: 27091502;PMID: 35907405
Neurons,Neurons,Nrxn2,Adgrl1,0.0032263598783263095,0,NRXN2_ADGRL1,Nrxn2 - Adgrl1,ADGRL,Cell-Cell Contact,PMID: 25728924;PMID: 34022279;PMID: 27091502;PMID: 35907405
OPCs,Neurons,Nrxn2,Adgrl1,0.009252103121686662,0,NRXN2_ADGRL1,Nrxn2 - Adgrl1,ADGRL,Cell-Cell Contact,PMID: 25728924;PMID: 34022279;PMID: 27091502;PMID: 35907405
Neurons,OPCs,Nrxn2,Adgrl1,0.0053906554739981795,0,NRXN2_ADGRL1,Nrxn2 - Adgrl1,ADGRL,Cell-Cell Contact,PMID: 25728924;PMID: 34022279;PMID: 27091502;PMID: 35907405
OPCs,OPCs,Nrxn2,Adgrl1,0.015396131804017828,0,NRXN2_ADGRL1,Nrxn2 - Adgrl1,ADGRL,Cell-Cell Contact,PMID: 25728924;PMID: 34022279;PMID: 27091502;PMID: 35907405
Astrocytes,Astrocytes,Nrxn3,Adgrl1,0.016220807034946667,0,NRXN3_ADGRL1,Nrxn3 - Adgrl1,ADGRL,Cell-Cell Contact,PMID: 25728924;PMID: 34022279;PMID: 27091502;PMID: 35907405
Neurons,Astrocytes,Nrxn3,Adgrl1,0.024481120113055872,0,NRXN3_ADGRL1,Nrxn3 - Adgrl1,ADGRL,Cell-Cell Contact,PMID: 25728924;PMID: 34022279;PMID: 27091502;PMID: 35907405
OPCs,Astrocytes,Nrxn3,Adgrl1,0.031385111495067376,0,NRXN3_ADGRL1,Nrxn3 - Adgrl1,ADGRL,Cell-Cell Contact,PMID: 25728924;PMID: 34022279;PMID: 27091502;PMID: 35907405
Astrocytes,Neurons,Nrxn3,Adgrl1,0.008884955796777089,0,NRXN3_ADGRL1,Nrxn3 - Adgrl1,ADGRL,Cell-Cell Contact,PMID: 25728924;PMID: 34022279;PMID: 27091502;PMID: 35907405
Neurons,Neurons,Nrxn3,Adgrl1,0.01346066114455455,0,NRXN3_ADGRL1,Nrxn3 - Adgrl1,ADGRL,Cell-Cell Contact,PMID: 25728924;PMID: 34022279;PMID: 27091502;PMID: 35907405
OPCs,Neurons,Nrxn3,Adgrl1,0.01731189513763611,0,NRXN3_ADGRL1,Nrxn3 - Adgrl1,ADGRL,Cell-Cell Contact,PMID: 25728924;PMID: 34022279;PMID: 27091502;PMID: 35907405
Astrocytes,OPCs,Nrxn3,Adgrl1,0.014788812913218768,0,NRXN3_ADGRL1,Nrxn3 - Adgrl1,ADGRL,Cell-Cell Contact,PMID: 25728924;PMID: 34022279;PMID: 27091502;PMID: 35907405
Neurons,OPCs,Nrxn3,Adgrl1,0.02233645172497138,0,NRXN3_ADGRL1,Nrxn3 - Adgrl1,ADGRL,Cell-Cell Contact,PMID: 25728924;PMID: 34022279;PMID: 27091502;PMID: 35907405
OPCs,OPCs,Nrxn3,Adgrl1,0.02865338415053969,0,NRXN3_ADGRL1,Nrxn3 - Adgrl1,ADGRL,Cell-Cell Contact,PMID: 25728924;PMID: 34022279;PMID: 27091502;PMID: 35907405
Neurons,Astrocytes,Tenm1,Adgrl1,0.012256194374375638,0,TENM1_ADGRL1,Tenm1 - Adgrl1,ADGRL,Cell-Cell Contact,PMID: 25728924;PMID: 34022279;PMID: 27091502;PMID: 35907405
OPCs,Astrocytes,Tenm1,Adgrl1,0.004301923783140652,0,TENM1_ADGRL1,Tenm1 - Adgrl1,ADGRL,Cell-Cell Contact,PMID: 25728924;PMID: 34022279;PMID: 27091502;PMID: 35907405
Neurons,Neurons,Tenm1,Adgrl1,0.006701123892738647,0,TENM1_ADGRL1,Tenm1 - Adgrl1,ADGRL,Cell-Cell Contact,PMID: 25728924;PMID: 34022279;PMID: 27091502;PMID: 35907405
OPCs,Neurons,Tenm1,Adgrl1,0.002343540378976016,0,TENM1_ADGRL1,Tenm1 - Adgrl1,ADGRL,Cell-Cell Contact,PMID: 25728924;PMID: 34022279;PMID: 27091502;PMID: 35907405
Neurons,OPCs,Tenm1,Adgrl1,0.01117022740321952,0,TENM1_ADGRL1,Tenm1 - Adgrl1,ADGRL,Cell-Cell Contact,PMID: 25728924;PMID: 34022279;PMID: 27091502;PMID: 35907405
OPCs,OPCs,Tenm1,Adgrl1,0.003917953807068316,0,TENM1_ADGRL1,Tenm1 - Adgrl1,ADGRL,Cell-Cell Contact,PMID: 25728924;PMID: 34022279;PMID: 27091502;PMID: 35907405
Neurons,Astrocytes,Tenm2,Adgrl1,0.020258649479643454,0,TENM2_ADGRL1,Tenm2 - Adgrl1,ADGRL,Cell-Cell Contact,PMID: 25728924;PMID: 34022279;PMID: 27091502;PMID: 35907405
Oligodendrocytes,Astrocytes,Tenm2,Adgrl1,0.0049407291458178175,0,TENM2_ADGRL1,Tenm2 - Adgrl1,ADGRL,Cell-Cell Contact,PMID: 25728924;PMID: 34022279;PMID: 27091502;PMID: 35907405
OPCs,Astrocytes,Tenm2,Adgrl1,0.012401052084880602,0,TENM2_ADGRL1,Tenm2 - Adgrl1,ADGRL,Cell-Cell Contact,PMID: 25728924;PMID: 34022279;PMID: 27091502;PMID: 35907405
Neurons,Neurons,Tenm2,Adgrl1,0.011117322384955084,0,TENM2_ADGRL1,Tenm2 - Adgrl1,ADGRL,Cell-Cell Contact,PMID: 25728924;PMID: 34022279;PMID: 27091502;PMID: 35907405
Oligodendrocytes,Neurons,Tenm2,Adgrl1,0.002692325936055041,0,TENM2_ADGRL1,Tenm2 - Adgrl1,ADGRL,Cell-Cell Contact,PMID: 25728924;PMID: 34022279;PMID: 27091502;PMID: 35907405
OPCs,Neurons,Tenm2,Adgrl1,0.006780776156364121,0,TENM2_ADGRL1,Tenm2 - Adgrl1,ADGRL,Cell-Cell Contact,PMID: 25728924;PMID: 34022279;PMID: 27091502;PMID: 35907405
Neurons,OPCs,Tenm2,Adgrl1,0.01847688431001703,0,TENM2_ADGRL1,Tenm2 - Adgrl1,ADGRL,Cell-Cell Contact,PMID: 25728924;PMID: 34022279;PMID: 27091502;PMID: 35907405
Oligodendrocytes,OPCs,Tenm2,Adgrl1,0.004500000018742328,0,TENM2_ADGRL1,Tenm2 - Adgrl1,ADGRL,Cell-Cell Contact,PMID: 25728924;PMID: 34022279;PMID: 27091502;PMID: 35907405
OPCs,OPCs,Tenm2,Adgrl1,0.011302396783661248,0,TENM2_ADGRL1,Tenm2 - Adgrl1,ADGRL,Cell-Cell Contact,PMID: 25728924;PMID: 34022279;PMID: 27091502;PMID: 35907405
Neurons,Astrocytes,Tenm3,Adgrl1,0.012696001126016777,0,TENM3_ADGRL1,Tenm3 - Adgrl1,ADGRL,Cell-Cell Contact,PMID: 25728924;PMID: 34022279;PMID: 27091502;PMID: 35907405
OPCs,Astrocytes,Tenm3,Adgrl1,0.003414545194551228,0,TENM3_ADGRL1,Tenm3 - Adgrl1,ADGRL,Cell-Cell Contact,PMID: 25728924;PMID: 34022279;PMID: 27091502;PMID: 35907405
Neurons,Neurons,Tenm3,Adgrl1,0.006942991208272065,0,TENM3_ADGRL1,Tenm3 - Adgrl1,ADGRL,Cell-Cell Contact,PMID: 25728924;PMID: 34022279;PMID: 27091502;PMID: 35907405
OPCs,Neurons,Tenm3,Adgrl1,0.001859372623245259,0,TENM3_ADGRL1,Tenm3 - Adgrl1,ADGRL,Cell-Cell Contact,PMID: 25728924;PMID: 34022279;PMID: 27091502;PMID: 35907405
Neurons,OPCs,Tenm3,Adgrl1,0.011571521360833212,0,TENM3_ADGRL1,Tenm3 - Adgrl1,ADGRL,Cell-Cell Contact,PMID: 25728924;PMID: 34022279;PMID: 27091502;PMID: 35907405
OPCs,OPCs,Tenm3,Adgrl1,0.0031095312099259295,0,TENM3_ADGRL1,Tenm3 - Adgrl1,ADGRL,Cell-Cell Contact,PMID: 25728924;PMID: 34022279;PMID: 27091502;PMID: 35907405
Astrocytes,Astrocytes,Tenm4,Adgrl1,0.003766364881358526,0,TENM4_ADGRL1,Tenm4 - Adgrl1,ADGRL,Cell-Cell Contact,PMID: 25728924;PMID: 34022279;PMID: 27091502;PMID: 35907405
Neurons,Astrocytes,Tenm4,Adgrl1,0.012900141388500928,0,TENM4_ADGRL1,Tenm4 - Adgrl1,ADGRL,Cell-Cell Contact,PMID: 25728924;PMID: 34022279;PMID: 27091502;PMID: 35907405
Astrocytes,Neurons,Tenm4,Adgrl1,0.0020512840030172054,0,TENM4_ADGRL1,Tenm4 - Adgrl1,ADGRL,Cell-Cell Contact,PMID: 25728924;PMID: 34022279;PMID: 27091502;PMID: 35907405
Neurons,Neurons,Tenm4,Adgrl1,0.007055289282555794,0,TENM4_ADGRL1,Tenm4 - Adgrl1,ADGRL,Cell-Cell Contact,PMID: 25728924;PMID: 34022279;PMID: 27091502;PMID: 35907405
Astrocytes,OPCs,Tenm4,Adgrl1,0.003430031766108292,0,TENM4_ADGRL1,Tenm4 - Adgrl1,ADGRL,Cell-Cell Contact,PMID: 25728924;PMID: 34022279;PMID: 27091502;PMID: 35907405
Neurons,OPCs,Tenm4,Adgrl1,0.01175779632353827,0,TENM4_ADGRL1,Tenm4 - Adgrl1,ADGRL,Cell-Cell Contact,PMID: 25728924;PMID: 34022279;PMID: 27091502;PMID: 35907405
OPCs,Astrocytes,TENM2_FLRT1,Adgrl1,0.005900526761035426,0,TENM2_FLRT1_ADGRL1,(Tenm2+Flrt1) - Adgrl1,ADGRL,Cell-Cell Contact,PMID: 25728924;PMID: 34022279;PMID: 27091502;PMID: 35907405
OPCs,Neurons,TENM2_FLRT1,Adgrl1,0.003216755468864009,0,TENM2_FLRT1_ADGRL1,(Tenm2+Flrt1) - Adgrl1,ADGRL,Cell-Cell Contact,PMID: 25728924;PMID: 34022279;PMID: 27091502;PMID: 35907405
OPCs,OPCs,TENM2_FLRT1,Adgrl1,0.005374643007552243,0,TENM2_FLRT1_ADGRL1,(Tenm2+Flrt1) - Adgrl1,ADGRL,Cell-Cell Contact,PMID: 25728924;PMID: 34022279;PMID: 27091502;PMID: 35907405
OPCs,Neurons,Flrt1,Adgrl2,0.005739098711445688,0,FLRT1_ADGRL2,Flrt1 - Adgrl2,ADGRL,Cell-Cell Contact,PMID: 25728924;PMID: 34022279;PMID: 27091502;PMID: 35907405
Neurons,Neurons,Flrt2,Adgrl2,0.00429950994115742,0,FLRT2_ADGRL2,Flrt2 - Adgrl2,ADGRL,Cell-Cell Contact,PMID: 25728924;PMID: 34022279;PMID: 27091502;PMID: 35907405
Neurons,Neurons,Tenm1,Adgrl2,0.02489220215529183,0,TENM1_ADGRL2,Tenm1 - Adgrl2,ADGRL,Cell-Cell Contact,PMID: 25728924;PMID: 34022279;PMID: 27091502;PMID: 35907405
OPCs,Neurons,Tenm1,Adgrl2,0.008810309893060222,0,TENM1_ADGRL2,Tenm1 - Adgrl2,ADGRL,Cell-Cell Contact,PMID: 25728924;PMID: 34022279;PMID: 27091502;PMID: 35907405
Neurons,Neurons,Tenm2,Adgrl2,0.04080427369909542,0,TENM2_ADGRL2,Tenm2 - Adgrl2,ADGRL,Cell-Cell Contact,PMID: 25728924;PMID: 34022279;PMID: 27091502;PMID: 35907405
Oligodendrocytes,Neurons,Tenm2,Adgrl2,0.010111780102940464,0,TENM2_ADGRL2,Tenm2 - Adgrl2,ADGRL,Cell-Cell Contact,PMID: 25728924;PMID: 34022279;PMID: 27091502;PMID: 35907405
OPCs,Neurons,Tenm2,Adgrl2,0.025182599038328524,0,TENM2_ADGRL2,Tenm2 - Adgrl2,ADGRL,Cell-Cell Contact,PMID: 25728924;PMID: 34022279;PMID: 27091502;PMID: 35907405
Neurons,Neurons,Tenm3,Adgrl2,0.02577361335294729,0,TENM3_ADGRL2,Tenm3 - Adgrl2,ADGRL,Cell-Cell Contact,PMID: 25728924;PMID: 34022279;PMID: 27091502;PMID: 35907405
OPCs,Neurons,Tenm3,Adgrl2,0.006999502161453462,0,TENM3_ADGRL2,Tenm3 - Adgrl2,ADGRL,Cell-Cell Contact,PMID: 25728924;PMID: 34022279;PMID: 27091502;PMID: 35907405
Astrocytes,Neurons,Tenm4,Adgrl2,0.007717839444068417,0,TENM4_ADGRL2,Tenm4 - Adgrl2,ADGRL,Cell-Cell Contact,PMID: 25728924;PMID: 34022279;PMID: 27091502;PMID: 35907405
Neurons,Neurons,Tenm4,Adgrl2,0.026182453495922506,0,TENM4_ADGRL2,Tenm4 - Adgrl2,ADGRL,Cell-Cell Contact,PMID: 25728924;PMID: 34022279;PMID: 27091502;PMID: 35907405
OPCs,Astrocytes,Flrt1,Adgrl3,0.01670160969452678,0,FLRT1_ADGRL3,Flrt1 - Adgrl3,ADGRL,Cell-Cell Contact,PMID: 25728924;PMID: 34022279;PMID: 27091502;PMID: 35907405
OPCs,Neurons,Flrt1,Adgrl3,0.018776123815558956,0,FLRT1_ADGRL3,Flrt1 - Adgrl3,ADGRL,Cell-Cell Contact,PMID: 25728924;PMID: 34022279;PMID: 27091502;PMID: 35907405
OPCs,Oligodendrocytes,Flrt1,Adgrl3,0.002738420459707818,0,FLRT1_ADGRL3,Flrt1 - Adgrl3,ADGRL,Cell-Cell Contact,PMID: 25728924;PMID: 34022279;PMID: 27091502;PMID: 35907405
OPCs,OPCs,Flrt1,Adgrl3,0.021473770770295636,0,FLRT1_ADGRL3,Flrt1 - Adgrl3,ADGRL,Cell-Cell Contact,PMID: 25728924;PMID: 34022279;PMID: 27091502;PMID: 35907405
OPCs,Pericytes,Flrt1,Adgrl3,0.004948171529078981,0,FLRT1_ADGRL3,Flrt1 - Adgrl3,ADGRL,Cell-Cell Contact,PMID: 25728924;PMID: 34022279;PMID: 27091502;PMID: 35907405
Neurons,Astrocytes,Flrt2,Adgrl3,0.012546898470102326,0,FLRT2_ADGRL3,Flrt2 - Adgrl3,ADGRL,Cell-Cell Contact,PMID: 25728924;PMID: 34022279;PMID: 27091502;PMID: 35907405
Neurons,Neurons,Flrt2,Adgrl3,0.014112760837398803,0,FLRT2_ADGRL3,Flrt2 - Adgrl3,ADGRL,Cell-Cell Contact,PMID: 25728924;PMID: 34022279;PMID: 27091502;PMID: 35907405
Neurons,Oligodendrocytes,Flrt2,Adgrl3,0.0020499664039109757,0,FLRT2_ADGRL3,Flrt2 - Adgrl3,ADGRL,Cell-Cell Contact,PMID: 25728924;PMID: 34022279;PMID: 27091502;PMID: 35907405
Neurons,OPCs,Flrt2,Adgrl3,0.016151430877150093,0,FLRT2_ADGRL3,Flrt2 - Adgrl3,ADGRL,Cell-Cell Contact,PMID: 25728924;PMID: 34022279;PMID: 27091502;PMID: 35907405
Neurons,Pericytes,Flrt2,Adgrl3,0.0037062384585025377,0,FLRT2_ADGRL3,Flrt2 - Adgrl3,ADGRL,Cell-Cell Contact,PMID: 25728924;PMID: 34022279;PMID: 27091502;PMID: 35907405
Neurons,Astrocytes,Tenm1,Adgrl3,0.069868992569097,0,TENM1_ADGRL3,Tenm1 - Adgrl3,ADGRL,Cell-Cell Contact,PMID: 25728924;PMID: 34022279;PMID: 27091502;PMID: 35907405
OPCs,Astrocytes,Tenm1,Adgrl3,0.025488887080967037,0,TENM1_ADGRL3,Tenm1 - Adgrl3,ADGRL,Cell-Cell Contact,PMID: 25728924;PMID: 34022279;PMID: 27091502;PMID: 35907405
Neurons,Neurons,Tenm1,Adgrl3,0.07802343593348841,0,TENM1_ADGRL3,Tenm1 - Adgrl3,ADGRL,Cell-Cell Contact,PMID: 25728924;PMID: 34022279;PMID: 27091502;PMID: 35907405
OPCs,Neurons,Tenm1,Adgrl3,0.028623100762915292,0,TENM1_ADGRL3,Tenm1 - Adgrl3,ADGRL,Cell-Cell Contact,PMID: 25728924;PMID: 34022279;PMID: 27091502;PMID: 35907405
Neurons,Oligodendrocytes,Tenm1,Adgrl3,0.011998201054539958,0,TENM1_ADGRL3,Tenm1 - Adgrl3,ADGRL,Cell-Cell Contact,PMID: 25728924;PMID: 34022279;PMID: 27091502;PMID: 35907405
Neurons,OPCs,Tenm1,Adgrl3,0.08846594047202136,0,TENM1_ADGRL3,Tenm1 - Adgrl3,ADGRL,Cell-Cell Contact,PMID: 25728924;PMID: 34022279;PMID: 27091502;PMID: 35907405
OPCs,OPCs,Tenm1,Adgrl3,0.03268837443343088,0,TENM1_ADGRL3,Tenm1 - Adgrl3,ADGRL,Cell-Cell Contact,PMID: 25728924;PMID: 34022279;PMID: 27091502;PMID: 35907405
Neurons,Pericytes,Tenm1,Adgrl3,0.021518840594087568,0,TENM1_ADGRL3,Tenm1 - Adgrl3,ADGRL,Cell-Cell Contact,PMID: 25728924;PMID: 34022279;PMID: 27091502;PMID: 35907405
OPCs,Pericytes,Tenm1,Adgrl3,0.007599362367836386,0,TENM1_ADGRL3,Tenm1 - Adgrl3,ADGRL,Cell-Cell Contact,PMID: 25728924;PMID: 34022279;PMID: 27091502;PMID: 35907405
Neurons,Astrocytes,Tenm2,Adgrl3,0.11125174843964232,0,TENM2_ADGRL3,Tenm2 - Adgrl3,ADGRL,Cell-Cell Contact,PMID: 25728924;PMID: 34022279;PMID: 27091502;PMID: 35907405
Oligodendrocytes,Astrocytes,Tenm2,Adgrl3,0.029181601844144495,0,TENM2_ADGRL3,Tenm2 - Adgrl3,ADGRL,Cell-Cell Contact,PMID: 25728924;PMID: 34022279;PMID: 27091502;PMID: 35907405
OPCs,Astrocytes,Tenm2,Adgrl3,0.07064608194911327,0,TENM2_ADGRL3,Tenm2 - Adgrl3,ADGRL,Cell-Cell Contact,PMID: 25728924;PMID: 34022279;PMID: 27091502;PMID: 35907405
Neurons,Neurons,Tenm2,Adgrl3,0.12359421721842054,0,TENM2_ADGRL3,Tenm2 - Adgrl3,ADGRL,Cell-Cell Contact,PMID: 25728924;PMID: 34022279;PMID: 27091502;PMID: 35907405
Oligodendrocytes,Neurons,Tenm2,Adgrl3,0.03275462431413686,0,TENM2_ADGRL3,Tenm2 - Adgrl3,ADGRL,Cell-Cell Contact,PMID: 25728924;PMID: 34022279;PMID: 27091502;PMID: 35907405
OPCs,Neurons,Tenm2,Adgrl3,0.07888352807272213,0,TENM2_ADGRL3,Tenm2 - Adgrl3,ADGRL,Cell-Cell Contact,PMID: 25728924;PMID: 34022279;PMID: 27091502;PMID: 35907405
Neurons,Oligodendrocytes,Tenm2,Adgrl3,0.01983558700402198,0,TENM2_ADGRL3,Tenm2 - Adgrl3,ADGRL,Cell-Cell Contact,PMID: 25728924;PMID: 34022279;PMID: 27091502;PMID: 35907405
Neurons,OPCs,Tenm2,Adgrl3,0.1392148851466593,0,TENM2_ADGRL3,Tenm2 - Adgrl3,ADGRL,Cell-Cell Contact,PMID: 25728924;PMID: 34022279;PMID: 27091502;PMID: 35907405
Oligodendrocytes,OPCs,Tenm2,Adgrl3,0.037384105796168764,0,TENM2_ADGRL3,Tenm2 - Adgrl3,ADGRL,Cell-Cell Contact,PMID: 25728924;PMID: 34022279;PMID: 27091502;PMID: 35907405
OPCs,OPCs,Tenm2,Adgrl3,0.08942997991796484,0,TENM2_ADGRL3,Tenm2 - Adgrl3,ADGRL,Cell-Cell Contact,PMID: 25728924;PMID: 34022279;PMID: 27091502;PMID: 35907405
Neurons,Pericytes,Tenm2,Adgrl3,0.03535270729354637,0,TENM2_ADGRL3,Tenm2 - Adgrl3,ADGRL,Cell-Cell Contact,PMID: 25728924;PMID: 34022279;PMID: 27091502;PMID: 35907405
OPCs,Pericytes,Tenm2,Adgrl3,0.021770761880865103,0.02,TENM2_ADGRL3,Tenm2 - Adgrl3,ADGRL,Cell-Cell Contact,PMID: 25728924;PMID: 34022279;PMID: 27091502;PMID: 35907405
Neurons,Astrocytes,Tenm3,Adgrl3,0.07222503164068157,0,TENM3_ADGRL3,Tenm3 - Adgrl3,ADGRL,Cell-Cell Contact,PMID: 25728924;PMID: 34022279;PMID: 27091502;PMID: 35907405
OPCs,Astrocytes,Tenm3,Adgrl3,0.020320361805697407,0,TENM3_ADGRL3,Tenm3 - Adgrl3,ADGRL,Cell-Cell Contact,PMID: 25728924;PMID: 34022279;PMID: 27091502;PMID: 35907405
Neurons,Neurons,Tenm3,Adgrl3,0.08063061263440191,0,TENM3_ADGRL3,Tenm3 - Adgrl3,ADGRL,Cell-Cell Contact,PMID: 25728924;PMID: 34022279;PMID: 27091502;PMID: 35907405
OPCs,Neurons,Tenm3,Adgrl3,0.022833924806232475,0,TENM3_ADGRL3,Tenm3 - Adgrl3,ADGRL,Cell-Cell Contact,PMID: 25728924;PMID: 34022279;PMID: 27091502;PMID: 35907405
Neurons,Oligodendrocytes,Tenm3,Adgrl3,0.01242886635225111,0,TENM3_ADGRL3,Tenm3 - Adgrl3,ADGRL,Cell-Cell Contact,PMID: 25728924;PMID: 34022279;PMID: 27091502;PMID: 35907405
Neurons,OPCs,Tenm3,Adgrl3,0.09138746930520575,0,TENM3_ADGRL3,Tenm3 - Adgrl3,ADGRL,Cell-Cell Contact,PMID: 25728924;PMID: 34022279;PMID: 27091502;PMID: 35907405
OPCs,OPCs,Tenm3,Adgrl3,0.02609906662360754,0,TENM3_ADGRL3,Tenm3 - Adgrl3,ADGRL,Cell-Cell Contact,PMID: 25728924;PMID: 34022279;PMID: 27091502;PMID: 35907405
Neurons,Pericytes,Tenm3,Adgrl3,0.022283533663360548,0,TENM3_ADGRL3,Tenm3 - Adgrl3,ADGRL,Cell-Cell Contact,PMID: 25728924;PMID: 34022279;PMID: 27091502;PMID: 35907405
OPCs,Pericytes,Tenm3,Adgrl3,0.0060359284493495206,0.02,TENM3_ADGRL3,Tenm3 - Adgrl3,ADGRL,Cell-Cell Contact,PMID: 25728924;PMID: 34022279;PMID: 27091502;PMID: 35907405
Astrocytes,Astrocytes,Tenm4,Adgrl3,0.022374973798364697,0,TENM4_ADGRL3,Tenm4 - Adgrl3,ADGRL,Cell-Cell Contact,PMID: 25728924;PMID: 34022279;PMID: 27091502;PMID: 35907405
Neurons,Astrocytes,Tenm4,Adgrl3,0.07331526728213589,0,TENM4_ADGRL3,Tenm4 - Adgrl3,ADGRL,Cell-Cell Contact,PMID: 25728924;PMID: 34022279;PMID: 27091502;PMID: 35907405
Astrocytes,Neurons,Tenm4,Adgrl3,0.025136164820659463,0,TENM4_ADGRL3,Tenm4 - Adgrl3,ADGRL,Cell-Cell Contact,PMID: 25728924;PMID: 34022279;PMID: 27091502;PMID: 35907405
Neurons,Neurons,Tenm4,Adgrl3,0.08183653845033197,0,TENM4_ADGRL3,Tenm4 - Adgrl3,ADGRL,Cell-Cell Contact,PMID: 25728924;PMID: 34022279;PMID: 27091502;PMID: 35907405
Neurons,Oligodendrocytes,Tenm4,Adgrl3,0.0126287662698983,0,TENM4_ADGRL3,Tenm4 - Adgrl3,ADGRL,Cell-Cell Contact,PMID: 25728924;PMID: 34022279;PMID: 27091502;PMID: 35907405
Astrocytes,OPCs,Tenm4,Adgrl3,0.028720839815945313,0,TENM4_ADGRL3,Tenm4 - Adgrl3,ADGRL,Cell-Cell Contact,PMID: 25728924;PMID: 34022279;PMID: 27091502;PMID: 35907405
Neurons,OPCs,Tenm4,Adgrl3,0.09273804825341149,0,TENM4_ADGRL3,Tenm4 - Adgrl3,ADGRL,Cell-Cell Contact,PMID: 25728924;PMID: 34022279;PMID: 27091502;PMID: 35907405
Neurons,Pericytes,Tenm4,Adgrl3,0.02263829804098922,0,TENM4_ADGRL3,Tenm4 - Adgrl3,ADGRL,Cell-Cell Contact,PMID: 25728924;PMID: 34022279;PMID: 27091502;PMID: 35907405
OPCs,Astrocytes,TENM3_FLRT1,Adgrl3,0.018424007684615225,0,TENM3_FLRT1_ADGRL3,(Tenm3+Flrt1) - Adgrl3,ADGRL,Cell-Cell Contact,PMID: 25728924;PMID: 34022279;PMID: 27091502;PMID: 35907405
OPCs,Neurons,TENM3_FLRT1,Adgrl3,0.020707956095476272,0,TENM3_FLRT1_ADGRL3,(Tenm3+Flrt1) - Adgrl3,ADGRL,Cell-Cell Contact,PMID: 25728924;PMID: 34022279;PMID: 27091502;PMID: 35907405
OPCs,Oligodendrocytes,TENM3_FLRT1,Adgrl3,0.003025257702213583,0,TENM3_FLRT1_ADGRL3,(Tenm3+Flrt1) - Adgrl3,ADGRL,Cell-Cell Contact,PMID: 25728924;PMID: 34022279;PMID: 27091502;PMID: 35907405
OPCs,OPCs,TENM3_FLRT1,Adgrl3,0.02367646049152952,0,TENM3_FLRT1_ADGRL3,(Tenm3+Flrt1) - Adgrl3,ADGRL,Cell-Cell Contact,PMID: 25728924;PMID: 34022279;PMID: 27091502;PMID: 35907405
OPCs,Pericytes,TENM3_FLRT1,Adgrl3,0.005465201812799482,0,TENM3_FLRT1_ADGRL3,(Tenm3+Flrt1) - Adgrl3,ADGRL,Cell-Cell Contact,PMID: 25728924;PMID: 34022279;PMID: 27091502;PMID: 35907405
OPCs,OPCs,Flrt1,Flrt1,0.002177644116859591,0,FLRT1_FLRT1,Flrt1 - Flrt1,FLRT,Cell-Cell Contact,PMID: 27091502
Neurons,Neurons,Flrt2,Flrt2,0.0012198246257003372,0,FLRT2_FLRT2,Flrt2 - Flrt2,FLRT,Cell-Cell Contact,PMID: 27091502
OPCs,Neurons,Flrt1,Unc5c,0.009818717462814413,0,FLRT1_UNC5C,Flrt1 - Unc5,UNC5,Cell-Cell Contact,PMID: 27091502
OPCs,Oligodendrocytes,Flrt1,Unc5c,0.005053905637713114,0,FLRT1_UNC5C,Flrt1 - Unc5,UNC5,Cell-Cell Contact,PMID: 27091502
OPCs,OPCs,Flrt1,Unc5c,0.018512979533312154,0,FLRT1_UNC5C,Flrt1 - Unc5,UNC5,Cell-Cell Contact,PMID: 27091502
Neurons,Neurons,Flrt2,Unc5c,0.00736338056249362,0,FLRT2_UNC5C,Flrt2 - Unc5,UNC5,Cell-Cell Contact,PMID: 27091502
Neurons,Oligodendrocytes,Flrt2,Unc5c,0.003785535505067375,0,FLRT2_UNC5C,Flrt2 - Unc5,UNC5,Cell-Cell Contact,PMID: 27091502
Neurons,OPCs,Flrt2,Unc5c,0.013914046047848455,0,FLRT2_UNC5C,Flrt2 - Unc5,UNC5,Cell-Cell Contact,PMID: 27091502
OPCs,Neurons,Flrt1,Unc5d,0.0041690269676780065,0,FLRT1_UNC5D,Flrt1 - Unc5d,UNC5,Cell-Cell Contact,PMID: 27091502
Neurons,Neurons,Flrt2,Unc5d,0.0031220364824140947,0,FLRT2_UNC5D,Flrt2 - Unc5d,UNC5,Cell-Cell Contact,PMID: 27091502
Astrocytes,Neurons,Nrxn1,Clstn1,0.08065604926319829,0,NRXN1_CLSTN1,Nrxn1 - Clstn1,NRXN,Cell-Cell Contact,PMID: 32434929
Neurons,Neurons,Nrxn1,Clstn1,0.07021645097769354,0,NRXN1_CLSTN1,Nrxn1 - Clstn1,NRXN,Cell-Cell Contact,PMID: 32434929
OPCs,Neurons,Nrxn1,Clstn1,0.08439535266808691,0,NRXN1_CLSTN1,Nrxn1 - Clstn1,NRXN,Cell-Cell Contact,PMID: 32434929
Astrocytes,OPCs,Nrxn1,Clstn1,0.03459487336926621,0,NRXN1_CLSTN1,Nrxn1 - Clstn1,NRXN,Cell-Cell Contact,PMID: 32434929
Neurons,OPCs,Nrxn1,Clstn1,0.0299230878305757,0,NRXN1_CLSTN1,Nrxn1 - Clstn1,NRXN,Cell-Cell Contact,PMID: 32434929
OPCs,OPCs,Nrxn1,Clstn1,0.03628300782064019,0,NRXN1_CLSTN1,Nrxn1 - Clstn1,NRXN,Cell-Cell Contact,PMID: 32434929
Neurons,Neurons,Nrxn2,Clstn1,0.012646748503020213,0,NRXN2_CLSTN1,Nrxn2 - Clstn1,NRXN,Cell-Cell Contact,PMID: 32434929
OPCs,Neurons,Nrxn2,Clstn1,0.03563753536994276,0,NRXN2_CLSTN1,Nrxn2 - Clstn1,NRXN,Cell-Cell Contact,PMID: 32434929
Neurons,OPCs,Nrxn2,Clstn1,0.005204551769609396,0,NRXN2_CLSTN1,Nrxn2 - Clstn1,NRXN,Cell-Cell Contact,PMID: 32434929
OPCs,OPCs,Nrxn2,Clstn1,0.014869769330648127,0,NRXN2_CLSTN1,Nrxn2 - Clstn1,NRXN,Cell-Cell Contact,PMID: 32434929
Astrocytes,Neurons,Nrxn1,Clstn2,0.06200915463150973,0,NRXN1_CLSTN2,Nrxn1 - Clstn2,NRXN,Cell-Cell Contact,PMID: 32434929
Neurons,Neurons,Nrxn1,Clstn2,0.05384174045047296,0,NRXN1_CLSTN2,Nrxn1 - Clstn2,NRXN,Cell-Cell Contact,PMID: 32434929
OPCs,Neurons,Nrxn1,Clstn2,0.06494503747728511,0,NRXN1_CLSTN2,Nrxn1 - Clstn2,NRXN,Cell-Cell Contact,PMID: 32434929
Neurons,Neurons,Nrxn2,Clstn2,0.009559452537960022,0,NRXN2_CLSTN2,Nrxn2 - Clstn2,NRXN,Cell-Cell Contact,PMID: 32434929
OPCs,Neurons,Nrxn2,Clstn2,0.027091779024720174,0,NRXN2_CLSTN2,Nrxn2 - Clstn2,NRXN,Cell-Cell Contact,PMID: 32434929
Astrocytes,Neurons,Nrxn1,Clstn3,0.04938963650426162,0,NRXN1_CLSTN3,Nrxn1 - Clstn3,NRXN,Cell-Cell Contact,PMID: 32434929
Neurons,Neurons,Nrxn1,Clstn3,0.04280851909522643,0,NRXN1_CLSTN3,Nrxn1 - Clstn3,NRXN,Cell-Cell Contact,PMID: 32434929
OPCs,Neurons,Nrxn1,Clstn3,0.051761006995643746,0,NRXN1_CLSTN3,Nrxn1 - Clstn3,NRXN,Cell-Cell Contact,PMID: 32434929
Neurons,Neurons,Nrxn2,Clstn3,0.0075283326652845544,0,NRXN2_CLSTN3,Nrxn2 - Clstn3,NRXN,Cell-Cell Contact,PMID: 32434929
OPCs,Neurons,Nrxn2,Clstn3,0.021416071337248863,0,NRXN2_CLSTN3,Nrxn2 - Clstn3,NRXN,Cell-Cell Contact,PMID: 32434929
Astrocytes,Neurons,Nrxn1,Dag1,0.019143358770232374,0,NRXN1_DAG1,Nrxn1 - Dag1,NRXN,Cell-Cell Contact,PMID: 21628410
Neurons,Neurons,Nrxn1,Dag1,0.01652247620404416,0,NRXN1_DAG1,Nrxn1 - Dag1,NRXN,Cell-Cell Contact,PMID: 21628410
OPCs,Neurons,Nrxn1,Dag1,0.020093194896500882,0,NRXN1_DAG1,Nrxn1 - Dag1,NRXN,Cell-Cell Contact,PMID: 21628410
Astrocytes,OPCs,Nrxn1,Dag1,0.027892041373902814,0,NRXN1_DAG1,Nrxn1 - Dag1,NRXN,Cell-Cell Contact,PMID: 21628410
Neurons,OPCs,Nrxn1,Dag1,0.024102825521123666,0,NRXN1_DAG1,Nrxn1 - Dag1,NRXN,Cell-Cell Contact,PMID: 21628410
OPCs,OPCs,Nrxn1,Dag1,0.029263010423935622,0,NRXN1_DAG1,Nrxn1 - Dag1,NRXN,Cell-Cell Contact,PMID: 21628410
Neurons,Neurons,Nrxn2,Dag1,0.0028413469186250357,0,NRXN2_DAG1,Nrxn2 - Dag1,NRXN,Cell-Cell Contact,PMID: 21628410
OPCs,Neurons,Nrxn2,Dag1,0.008153899092584198,0,NRXN2_DAG1,Nrxn2 - Dag1,NRXN,Cell-Cell Contact,PMID: 21628410
Neurons,OPCs,Nrxn2,Dag1,0.004171552650174159,0,NRXN2_DAG1,Nrxn2 - Dag1,NRXN,Cell-Cell Contact,PMID: 21628410
OPCs,OPCs,Nrxn2,Dag1,0.011941446159915796,0,NRXN2_DAG1,Nrxn2 - Dag1,NRXN,Cell-Cell Contact,PMID: 21628410
Neurons,Astrocytes,Lrfn5,Ptprd,0.07032524388380175,0,LRFN5_PTPRD,Lrfn5 - Ptprd,PTPR,Cell-Cell Contact,PMID: 29674953;PMID: 23916315
Neurons,Neurons,Lrfn5,Ptprd,0.13094874687981053,0,LRFN5_PTPRD,Lrfn5 - Ptprd,PTPR,Cell-Cell Contact,PMID: 29674953;PMID: 23916315
Neurons,Oligodendrocytes,Lrfn5,Ptprd,0.12267975307924395,0,LRFN5_PTPRD,Lrfn5 - Ptprd,PTPR,Cell-Cell Contact,PMID: 29674953;PMID: 23916315
Neurons,OPCs,Lrfn5,Ptprd,0.07152130740435614,0,LRFN5_PTPRD,Lrfn5 - Ptprd,PTPR,Cell-Cell Contact,PMID: 29674953;PMID: 23916315
Neurons,Neurons,Lrfn5,Ptprf,0.007408995158146546,0,LRFN5_PTPRF,Lrfn5 - Ptprf,PTPR,Cell-Cell Contact,PMID: 29674953;PMID: 23916315
OPCs,Neurons,Lrfn5,Ptprf,0.0015371003321911635,0,LRFN5_PTPRF,Lrfn5 - Ptprf,PTPR,Cell-Cell Contact,PMID: 29674953;PMID: 23916315
Neurons,Astrocytes,Lrfn5,Ptprs,0.01671720723545985,0,LRFN5_PTPRS,Lrfn5 - Ptprs,PTPR,Cell-Cell Contact,PMID: 29674953;PMID: 23916315
Neurons,Neurons,Lrfn5,Ptprs,0.04968050211858361,0,LRFN5_PTPRS,Lrfn5 - Ptprs,PTPR,Cell-Cell Contact,PMID: 29674953;PMID: 23916315
OPCs,Neurons,Lrfn5,Ptprs,0.010666947648796714,0,LRFN5_PTPRS,Lrfn5 - Ptprs,PTPR,Cell-Cell Contact,PMID: 29674953;PMID: 23916315
Neurons,OPCs,Lrfn5,Ptprs,0.056603783952938996,0,LRFN5_PTPRS,Lrfn5 - Ptprs,PTPR,Cell-Cell Contact,PMID: 29674953;PMID: 23916315
OPCs,OPCs,Lrfn5,Ptprs,0.012223382009805479,0,LRFN5_PTPRS,Lrfn5 - Ptprs,PTPR,Cell-Cell Contact,PMID: 29674953;PMID: 23916315
Neurons,Astrocytes,Lrrc4b,Ptprd,0.006260086282820884,0,LRRC4B_PTPRD,Lrrc4b - Ptprd,PTPR,Cell-Cell Contact,PMID: 29674953;PMID: 23916315
OPCs,Astrocytes,Lrrc4b,Ptprd,0.011996972498154483,0,LRRC4B_PTPRD,Lrrc4b - Ptprd,PTPR,Cell-Cell Contact,PMID: 29674953;PMID: 23916315
Neurons,Neurons,Lrrc4b,Ptprd,0.012392747586926626,0,LRRC4B_PTPRD,Lrrc4b - Ptprd,PTPR,Cell-Cell Contact,PMID: 29674953;PMID: 23916315
OPCs,Neurons,Lrrc4b,Ptprd,0.023616183173668637,0,LRRC4B_PTPRD,Lrrc4b - Ptprd,PTPR,Cell-Cell Contact,PMID: 29674953;PMID: 23916315
Neurons,Oligodendrocytes,Lrrc4b,Ptprd,0.011511023709293773,0,LRRC4B_PTPRD,Lrrc4b - Ptprd,PTPR,Cell-Cell Contact,PMID: 29674953;PMID: 23916315
OPCs,Oligodendrocytes,Lrrc4b,Ptprd,0.021953680704256767,0,LRRC4B_PTPRD,Lrrc4b - Ptprd,PTPR,Cell-Cell Contact,PMID: 29674953;PMID: 23916315
Neurons,OPCs,Lrrc4b,Ptprd,0.006374025783286561,0,LRRC4B_PTPRD,Lrrc4b - Ptprd,PTPR,Cell-Cell Contact,PMID: 29674953;PMID: 23916315
OPCs,OPCs,Lrrc4b,Ptprd,0.012214045377044328,0,LRRC4B_PTPRD,Lrrc4b - Ptprd,PTPR,Cell-Cell Contact,PMID: 29674953;PMID: 23916315
Neurons,Pericytes,Lrrc4b,Ptprd,0.0016446962672466625,0,LRRC4B_PTPRD,Lrrc4b - Ptprd,PTPR,Cell-Cell Contact,PMID: 29674953;PMID: 23916315
OPCs,Pericytes,Lrrc4b,Ptprd,0.0031654064343732756,0.02,LRRC4B_PTPRD,Lrrc4b - Ptprd,PTPR,Cell-Cell Contact,PMID: 29674953;PMID: 23916315
Neurons,Astrocytes,Lrrc4b,Ptprs,0.0014138333105883343,0,LRRC4B_PTPRS,Lrrc4b - Ptprs,PTPR,Cell-Cell Contact,PMID: 29674953;PMID: 23916315
OPCs,Astrocytes,Lrrc4b,Ptprs,0.002721666141294399,0,LRRC4B_PTPRS,Lrrc4b - Ptprs,PTPR,Cell-Cell Contact,PMID: 29674953;PMID: 23916315
Neurons,Neurons,Lrrc4b,Ptprs,0.004334680519454928,0,LRRC4B_PTPRS,Lrrc4b - Ptprs,PTPR,Cell-Cell Contact,PMID: 29674953;PMID: 23916315
OPCs,Neurons,Lrrc4b,Ptprs,0.008321857166390877,0,LRRC4B_PTPRS,Lrrc4b - Ptprs,PTPR,Cell-Cell Contact,PMID: 29674953;PMID: 23916315
Neurons,OPCs,Lrrc4b,Ptprs,0.004971805136819954,0,LRRC4B_PTPRS,Lrrc4b - Ptprs,PTPR,Cell-Cell Contact,PMID: 29674953;PMID: 23916315
OPCs,OPCs,Lrrc4b,Ptprs,0.00953941432969965,0,LRRC4B_PTPRS,Lrrc4b - Ptprs,PTPR,Cell-Cell Contact,PMID: 29674953;PMID: 23916315
Astrocytes,Neurons,Lrrc4c,Ptprf,0.00971029407590602,0,LRRC4C_PTPRF,Lrrc4c - Ptprf,PTPR,Cell-Cell Contact,PMID: 29674953;PMID: 23916315
Neurons,Neurons,Lrrc4c,Ptprf,0.009283891796716683,0,LRRC4C_PTPRF,Lrrc4c - Ptprf,PTPR,Cell-Cell Contact,PMID: 29674953;PMID: 23916315
Oligodendrocytes,Neurons,Lrrc4c,Ptprf,0.002683445550483522,0,LRRC4C_PTPRF,Lrrc4c - Ptprf,PTPR,Cell-Cell Contact,PMID: 29674953;PMID: 23916315
OPCs,Neurons,Lrrc4c,Ptprf,0.016244578034129917,0,LRRC4C_PTPRF,Lrrc4c - Ptprf,PTPR,Cell-Cell Contact,PMID: 29674953;PMID: 23916315
Pericytes,Neurons,Lrrc4c,Ptprf,0.002128673710547188,0,LRRC4C_PTPRF,Lrrc4c - Ptprf,PTPR,Cell-Cell Contact,PMID: 29674953;PMID: 23916315
Astrocytes,Neurons,Nrxn1,Lrrtm3,0.10598322772715252,0,NRXN1_LRRTM3,Nrxn1 - Lrrtm3,NRXN,Cell-Cell Contact,PMID:20519524;PMID:20064387;PMID:20064388;
Neurons,Neurons,Nrxn1,Lrrtm3,0.09259561941118624,0,NRXN1_LRRTM3,Nrxn1 - Lrrtm3,NRXN,Cell-Cell Contact,PMID:20519524;PMID:20064387;PMID:20064388;
OPCs,Neurons,Nrxn1,Lrrtm3,0.1107552692460022,0,NRXN1_LRRTM3,Nrxn1 - Lrrtm3,NRXN,Cell-Cell Contact,PMID:20519524;PMID:20064387;PMID:20064388;
Astrocytes,OPCs,Nrxn1,Lrrtm3,0.13224074363329844,0,NRXN1_LRRTM3,Nrxn1 - Lrrtm3,NRXN,Cell-Cell Contact,PMID:20519524;PMID:20064387;PMID:20064388;
Neurons,OPCs,Nrxn1,Lrrtm3,0.11596656961771108,0,NRXN1_LRRTM3,Nrxn1 - Lrrtm3,NRXN,Cell-Cell Contact,PMID:20519524;PMID:20064387;PMID:20064388;
OPCs,OPCs,Nrxn1,Lrrtm3,0.13801255322043812,0,NRXN1_LRRTM3,Nrxn1 - Lrrtm3,NRXN,Cell-Cell Contact,PMID:20519524;PMID:20064387;PMID:20064388;
Neurons,Neurons,Nrxn2,Lrrtm3,0.0170132212855287,0,NRXN2_LRRTM3,Nrxn2 - Lrrtm3,NRXN,Cell-Cell Contact,PMID:20519524;PMID:20064387;PMID:20064388;
OPCs,Neurons,Nrxn2,Lrrtm3,0.04755955111653884,0,NRXN2_LRRTM3,Nrxn2 - Lrrtm3,NRXN,Cell-Cell Contact,PMID:20519524;PMID:20064387;PMID:20064388;
Neurons,OPCs,Nrxn2,Lrrtm3,0.021764899616443362,0,NRXN2_LRRTM3,Nrxn2 - Lrrtm3,NRXN,Cell-Cell Contact,PMID:20519524;PMID:20064387;PMID:20064388;
OPCs,OPCs,Nrxn2,Lrrtm3,0.06031910193423867,0,NRXN2_LRRTM3,Nrxn2 - Lrrtm3,NRXN,Cell-Cell Contact,PMID:20519524;PMID:20064387;PMID:20064388;
Astrocytes,Neurons,Nrxn3,Lrrtm3,0.045742449615928986,0,NRXN3_LRRTM3,Nrxn3 - Lrrtm3,NRXN,Cell-Cell Contact,PMID:20519524;PMID:20064387;PMID:20064388;
Neurons,Neurons,Nrxn3,Lrrtm3,0.06799731406782372,0,NRXN3_LRRTM3,Nrxn3 - Lrrtm3,NRXN,Cell-Cell Contact,PMID:20519524;PMID:20064387;PMID:20064388;
OPCs,Neurons,Nrxn3,Lrrtm3,0.08609040683259052,0,NRXN3_LRRTM3,Nrxn3 - Lrrtm3,NRXN,Cell-Cell Contact,PMID:20519524;PMID:20064387;PMID:20064388;
Astrocytes,OPCs,Nrxn3,Lrrtm3,0.05804420763108964,0,NRXN3_LRRTM3,Nrxn3 - Lrrtm3,NRXN,Cell-Cell Contact,PMID:20519524;PMID:20064387;PMID:20064388;
Neurons,OPCs,Nrxn3,Lrrtm3,0.08574638739725456,0,NRXN3_LRRTM3,Nrxn3 - Lrrtm3,NRXN,Cell-Cell Contact,PMID:20519524;PMID:20064387;PMID:20064388;
OPCs,OPCs,Nrxn3,Lrrtm3,0.10801490186814273,0,NRXN3_LRRTM3,Nrxn3 - Lrrtm3,NRXN,Cell-Cell Contact,PMID:20519524;PMID:20064387;PMID:20064388;
Astrocytes,Neurons,Nrxn1,Lrrtm4,0.2060243789465058,0,NRXN1_LRRTM4,Nrxn1 - Lrrtm4,NRXN,Cell-Cell Contact,PMID:20519524;PMID:20064387;PMID:20064388;
Neurons,Neurons,Nrxn1,Lrrtm4,0.18258054882247585,0,NRXN1_LRRTM4,Nrxn1 - Lrrtm4,NRXN,Cell-Cell Contact,PMID:20519524;PMID:20064387;PMID:20064388;
OPCs,Neurons,Nrxn1,Lrrtm4,0.21422155936331097,0,NRXN1_LRRTM4,Nrxn1 - Lrrtm4,NRXN,Cell-Cell Contact,PMID:20519524;PMID:20064387;PMID:20064388;
Astrocytes,OPCs,Nrxn1,Lrrtm4,0.2744957249370422,0,NRXN1_LRRTM4,Nrxn1 - Lrrtm4,NRXN,Cell-Cell Contact,PMID:20519524;PMID:20064387;PMID:20064388;
Neurons,OPCs,Nrxn1,Lrrtm4,0.2456712620944884,0,NRXN1_LRRTM4,Nrxn1 - Lrrtm4,NRXN,Cell-Cell Contact,PMID:20519524;PMID:20064387;PMID:20064388;
OPCs,OPCs,Nrxn1,Lrrtm4,0.2844412259878037,0,NRXN1_LRRTM4,Nrxn1 - Lrrtm4,NRXN,Cell-Cell Contact,PMID:20519524;PMID:20064387;PMID:20064388;
Neurons,Neurons,Nrxn2,Lrrtm4,0.03650143326443219,0,NRXN2_LRRTM4,Nrxn2 - Lrrtm4,NRXN,Cell-Cell Contact,PMID:20519524;PMID:20064387;PMID:20064388;
OPCs,Neurons,Nrxn2,Lrrtm4,0.09853054855781188,0,NRXN2_LRRTM4,Nrxn2 - Lrrtm4,NRXN,Cell-Cell Contact,PMID:20519524;PMID:20064387;PMID:20064388;
Neurons,OPCs,Nrxn2,Lrrtm4,0.05234706310106135,0,NRXN2_LRRTM4,Nrxn2 - Lrrtm4,NRXN,Cell-Cell Contact,PMID:20519524;PMID:20064387;PMID:20064388;
OPCs,OPCs,Nrxn2,Lrrtm4,0.13746189865398672,0,NRXN2_LRRTM4,Nrxn2 - Lrrtm4,NRXN,Cell-Cell Contact,PMID:20519524;PMID:20064387;PMID:20064388;
Astrocytes,Neurons,Nrxn3,Lrrtm4,0.09496016865668395,0,NRXN3_LRRTM4,Nrxn3 - Lrrtm4,NRXN,Cell-Cell Contact,PMID:20519524;PMID:20064387;PMID:20064388;
Neurons,Neurons,Nrxn3,Lrrtm4,0.13770519771924716,0,NRXN3_LRRTM4,Nrxn3 - Lrrtm4,NRXN,Cell-Cell Contact,PMID:20519524;PMID:20064387;PMID:20064388;
OPCs,Neurons,Nrxn3,Lrrtm4,0.1709444892934529,0,NRXN3_LRRTM4,Nrxn3 - Lrrtm4,NRXN,Cell-Cell Contact,PMID:20519524;PMID:20064387;PMID:20064388;
Astrocytes,OPCs,Nrxn3,Lrrtm4,0.13268843841847275,0,NRXN3_LRRTM4,Nrxn3 - Lrrtm4,NRXN,Cell-Cell Contact,PMID:20519524;PMID:20064387;PMID:20064388;
Neurons,OPCs,Nrxn3,Lrrtm4,0.1888721912906963,0,NRXN3_LRRTM4,Nrxn3 - Lrrtm4,NRXN,Cell-Cell Contact,PMID:20519524;PMID:20064387;PMID:20064388;
OPCs,OPCs,Nrxn3,Lrrtm4,0.23115138265247057,0,NRXN3_LRRTM4,Nrxn3 - Lrrtm4,NRXN,Cell-Cell Contact,PMID:20519524;PMID:20064387;PMID:20064388;
Neurons,Astrocytes,Lrrtm4,Ptprs,0.019920026917260206,0,LRRTM4_PTPRS,Lrrtm4 - Ptprs,PTPR,Cell-Cell Contact,PMID:31995730
OPCs,Astrocytes,Lrrtm4,Ptprs,0.028782535725228466,0,LRRTM4_PTPRS,Lrrtm4 - Ptprs,PTPR,Cell-Cell Contact,PMID:31995730
Neurons,Neurons,Lrrtm4,Ptprs,0.05882090828908033,0,LRRTM4_PTPRS,Lrrtm4 - Ptprs,PTPR,Cell-Cell Contact,PMID:31995730
OPCs,Neurons,Lrrtm4,Ptprs,0.08351579214951732,0,LRRTM4_PTPRS,Lrrtm4 - Ptprs,PTPR,Cell-Cell Contact,PMID:31995730
Neurons,OPCs,Lrrtm4,Ptprs,0.06692825358638424,0,LRRTM4_PTPRS,Lrrtm4 - Ptprs,PTPR,Cell-Cell Contact,PMID:31995730
OPCs,OPCs,Lrrtm4,Ptprs,0.09468443737287803,0,LRRTM4_PTPRS,Lrrtm4 - Ptprs,PTPR,Cell-Cell Contact,PMID:31995730
Neurons,Astrocytes,App,Sorl1,0.016320156173004242,0,APP_SORL1,App - Sorl1,APP,Cell-Cell Contact,PMID: 24523320
Oligodendrocytes,Astrocytes,App,Sorl1,0.014909150738495091,0,APP_SORL1,App - Sorl1,APP,Cell-Cell Contact,PMID: 24523320
OPCs,Astrocytes,App,Sorl1,0.009283613217194404,0,APP_SORL1,App - Sorl1,APP,Cell-Cell Contact,PMID: 24523320
Pericytes,Astrocytes,App,Sorl1,0.009095684585992416,0,APP_SORL1,App - Sorl1,APP,Cell-Cell Contact,PMID: 24523320
Microglia,Neurons,App,Sorl1,0.002432777487850833,0,APP_SORL1,App - Sorl1,APP,Cell-Cell Contact,PMID: 24523320
Neurons,Neurons,App,Sorl1,0.010721404957342093,0,APP_SORL1,App - Sorl1,APP,Cell-Cell Contact,PMID: 24523320
Oligodendrocytes,Neurons,App,Sorl1,0.009789638101588614,0,APP_SORL1,App - Sorl1,APP,Cell-Cell Contact,PMID: 24523320
OPCs,Neurons,App,Sorl1,0.006083870762944024,0,APP_SORL1,App - Sorl1,APP,Cell-Cell Contact,PMID: 24523320
Pericytes,Neurons,App,Sorl1,0.005960324989882503,0,APP_SORL1,App - Sorl1,APP,Cell-Cell Contact,PMID: 24523320
Microglia,Neurons,App,Tnfrsf21,0.001428278069264904,0,APP_TNFRSF21,App - Tnfrsf21,APP,Cell-Cell Contact,PMID: 33075465
Neurons,Neurons,App,Tnfrsf21,0.00631618137133435,0,APP_TNFRSF21,App - Tnfrsf21,APP,Cell-Cell Contact,PMID: 33075465
Oligodendrocytes,Neurons,App,Tnfrsf21,0.005765028951428986,0,APP_TNFRSF21,App - Tnfrsf21,APP,Cell-Cell Contact,PMID: 33075465
OPCs,Neurons,App,Tnfrsf21,0.0035772325257561496,0,APP_TNFRSF21,App - Tnfrsf21,APP,Cell-Cell Contact,PMID: 33075465
Pericytes,Neurons,App,Tnfrsf21,0.0035044098311761,0,APP_TNFRSF21,App - Tnfrsf21,APP,Cell-Cell Contact,PMID: 33075465
Microglia,Microglia,App,TREM2_TYROBP,0.01689568685069405,0,APP_TREM2_TYROBP,App - (Trem2+Tyrobp),APP,Cell-Cell Contact,PMID:27477013
Neurons,Microglia,App,TREM2_TYROBP,0.07095543507059308,0,APP_TREM2_TYROBP,App - (Trem2+Tyrobp),APP,Cell-Cell Contact,PMID:27477013
Oligodendrocytes,Microglia,App,TREM2_TYROBP,0.0651335539779072,0,APP_TREM2_TYROBP,App - (Trem2+Tyrobp),APP,Cell-Cell Contact,PMID:27477013
OPCs,Microglia,App,TREM2_TYROBP,0.04135281473370088,0,APP_TREM2_TYROBP,App - (Trem2+Tyrobp),APP,Cell-Cell Contact,PMID:27477013
Pericytes,Microglia,App,TREM2_TYROBP,0.04054227350038662,0,APP_TREM2_TYROBP,App - (Trem2+Tyrobp),APP,Cell-Cell Contact,PMID:27477013
Astrocytes,Microglia,Apoe,TREM2_TYROBP,0.12451845383251475,0,APOE_TREM2_TYROBP,Apoe - (Trem2+Tyrobp),ApoE,Cell-Cell Contact,uniprot;PMID:27477015
Microglia,Microglia,Apoe,TREM2_TYROBP,0.027032922661420333,0,APOE_TREM2_TYROBP,Apoe - (Trem2+Tyrobp),ApoE,Cell-Cell Contact,uniprot;PMID:27477015
Oligodendrocytes,Microglia,Apoe,TREM2_TYROBP,0.024035106852458788,0,APOE_TREM2_TYROBP,Apoe - (Trem2+Tyrobp),ApoE,Cell-Cell Contact,uniprot;PMID:27477015
OPCs,Microglia,Apoe,TREM2_TYROBP,0.08057801069587436,0,APOE_TREM2_TYROBP,Apoe - (Trem2+Tyrobp),ApoE,Cell-Cell Contact,uniprot;PMID:27477015
Pericytes,Microglia,Apoe,TREM2_TYROBP,0.04495695999118728,0,APOE_TREM2_TYROBP,Apoe - (Trem2+Tyrobp),ApoE,Cell-Cell Contact,uniprot;PMID:27477015
Neurons,Astrocytes,Cadm3,Cadm1,0.005413417362507162,0,CADM3_CADM1,Cadm3 - Cadm1,CADM,Cell-Cell Contact,PMID: 33397712;
Neurons,Microglia,Cadm3,Cadm1,0.002533366682836298,0,CADM3_CADM1,Cadm3 - Cadm1,CADM,Cell-Cell Contact,PMID: 33397712;
Neurons,Neurons,Cadm3,Cadm1,0.00650962514043406,0,CADM3_CADM1,Cadm3 - Cadm1,CADM,Cell-Cell Contact,PMID: 33397712;
Neurons,Oligodendrocytes,Cadm3,Cadm1,0.0020269012500832816,0,CADM3_CADM1,Cadm3 - Cadm1,CADM,Cell-Cell Contact,PMID: 33397712;
Neurons,OPCs,Cadm3,Cadm1,0.0079413754309037,0,CADM3_CADM1,Cadm3 - Cadm1,CADM,Cell-Cell Contact,PMID: 33397712;
Neurons,OPCs,Cadm3,Cadm4,0.0013683113026019176,0,CADM3_CADM4,Cadm3 - Cadm4,CADM,Cell-Cell Contact,PMID: 33397712;
Neurons,Neurons,Cadm3,Epb41l1,0.003269106215872408,0,CADM3_EPB41L1,Cadm3 - Epb41l1,CADM,Cell-Cell Contact,uniprot
Astrocytes,OPCs,Cntn1,Notch1,0.005179101928589148,0,CNTN1_NOTCH1,Cntn1 - Notch1,CNTN,Cell-Cell Contact,PMID:14567914
Neurons,OPCs,Cntn1,Notch1,0.004754128616884651,0,CNTN1_NOTCH1,Cntn1 - Notch1,CNTN,Cell-Cell Contact,PMID:14567914
OPCs,OPCs,Cntn1,Notch1,0.008330409622955596,0,CNTN1_NOTCH1,Cntn1 - Notch1,CNTN,Cell-Cell Contact,PMID:14567914
Astrocytes,Microglia,Cntn1,Notch2,0.019556804801483457,0,CNTN1_NOTCH2,Cntn1 - Notch2,CNTN,Cell-Cell Contact,PMID:14567914;PMID: 33957164
Neurons,Microglia,Cntn1,Notch2,0.0179733780548439,0,CNTN1_NOTCH2,Cntn1 - Notch2,CNTN,Cell-Cell Contact,PMID:14567914;PMID: 33957164
OPCs,Microglia,Cntn1,Notch2,0.0311822434022837,0,CNTN1_NOTCH2,Cntn1 - Notch2,CNTN,Cell-Cell Contact,PMID:14567914;PMID: 33957164
OPCs,Neurons,Ntn1,Dcc,0.04237146626820004,0,NTN1_DCC,Ntn1 - Dcc,Netrin,Cell-Cell Contact,PMID: 22685302
OPCs,Oligodendrocytes,Ntn1,Dcc,0.009670297843824832,0,NTN1_DCC,Ntn1 - Dcc,Netrin,Cell-Cell Contact,PMID: 22685302
OPCs,OPCs,Ntn1,Dcc,0.06952596909217647,0,NTN1_DCC,Ntn1 - Dcc,Netrin,Cell-Cell Contact,PMID: 22685302
OPCs,Neurons,Ntn1,Dscam,0.03918566922360247,0,NTN1_DSCAM,Ntn1 - Dscam,Netrin,Cell-Cell Contact,PMID:18585357;PMID: 22685302
OPCs,OPCs,Ntn1,Dscam,0.08095727018606863,0,NTN1_DSCAM,Ntn1 - Dscam,Netrin,Cell-Cell Contact,PMID:18585357;PMID: 22685302
OPCs,Neurons,Ntn1,Unc5c,0.03296436239323019,0,NTN1_UNC5C,Ntn1 - Unc5c,Netrin,Cell-Cell Contact,PMID: 22685302
OPCs,Oligodendrocytes,Ntn1,Unc5c,0.0171621463943024,0,NTN1_UNC5C,Ntn1 - Unc5c,Netrin,Cell-Cell Contact,PMID: 22685302
OPCs,OPCs,Ntn1,Unc5c,0.06089321294998862,0,NTN1_UNC5C,Ntn1 - Unc5c,Netrin,Cell-Cell Contact,PMID: 22685302
