key,cellchat_prob,lianaCC_probs,cpdb_means
Astrocytes|Neurons|Fgf1|Fgfr1,0.00151206604546993,0.00151206620289014,0.43858248
Astrocytes|Astrocytes|Fgf1|Fgfr2,0.00608815617450339,0.0060881566714307,0.73257273
Astrocytes|Microglia|Fgf1|Fgfr2,0.00254360348588491,0.00254360384777947,0.5047352
Astrocytes|Neurons|Fgf1|Fgfr2,0.00720880106526284,0.00720880167708232,0.68966544
Astrocytes|Oligodendrocytes|Fgf1|Fgfr2,0.00498239912351912,0.00498239985547393,0.7992271
Astrocytes|OPCs|Fgf1|Fgfr2,0.00325940900138795,0.0032594093183299,0.6388686
Astrocytes|Pericytes|Fgf1|Fgfr2,0.00351527170068133,0.0035152719674876,0.5814959
Astrocytes|Astrocytes|Fgf1|Fgfr3,0.01088034741486579,0.01088034869237288,0.84644306
Neurons|Microglia|Cx3cl1|Cx3cr1,0.00981058071585031,0.00981058149229266,1.1383944
Astrocytes|Astrocytes|Mdk|Sdc2,0.00266011217997854,0.00266011273616182,0.50518227
Astrocytes|Neurons|Mdk|Sdc2,0.00100620821047094,0.00100620842990607,0.36248097
Astrocytes|OPCs|Mdk|Sdc2,0.00202399305516611,0.00202399350352677,0.43676186
Astrocytes|Pericytes|Mdk|Sdc2,0.00342269855134225,0.00342269910629818,0.60685587
Astrocytes|Astrocytes|Mdk|Sdc4,0.00279464678913435,0.0027946473391909,0.53860235
Astrocytes|Astrocytes|Mdk|Ptprz1,0.01437622406799129,0.01437622685552023,1.1419193
Astrocytes|Neurons|Mdk|Ptprz1,0.00131367025422281,0.00131367047433877,0.41014844
Astrocytes|OPCs|Mdk|Ptprz1,0.02348802499519652,0.02348802974590096,1.5853964
Astrocytes|Astrocytes|Mdk|Lrp1,0.00337142605653709,0.00337142673052969,0.6638722
Astrocytes|Microglia|Mdk|Lrp1,0.00374658026155802,0.00374658095315498,0.65263474
Astrocytes|Neurons|Mdk|Lrp1,0.00361341346468772,0.00361341402690135,0.4938901
Astrocytes|OPCs|Mdk|Lrp1,0.00946262232371787,0.00946262428786587,0.8511385
Astrocytes|Pericytes|Mdk|Lrp1,0.00373079288118072,0.00373079360196971,0.67359805
Astrocytes|Neurons|Mdk|Ncl,9.123185993367728e-4,9.1231878690949e-4,0.36010143
Astrocytes|Neurons|Mdk|Alk,0.00142142740814026,0.00142142764726111,0.43012816
Astrocytes|OPCs|Mdk|Alk,0.00295318236112935,0.00295318299142726,0.60527486
Astrocytes|Astrocytes|Ptn|Ptprz1,0.02122879786810799,0.02122880124314729,1.3474095
Neurons|Astrocytes|Ptn|Ptprz1,0.00897853044965362,0.0089785319081702,1.1258063
Oligodendrocytes|Astrocytes|Ptn|Ptprz1,0.0263566844385096,0.02635668726688391,1.3942709
OPCs|Astrocytes|Ptn|Ptprz1,0.10839255339220444,0.1083925688940043,1.9900358
Pericytes|Astrocytes|Ptn|Ptprz1,0.11052164229302816,0.11052165512852238,2.0597112
Astrocytes|Neurons|Ptn|Ptprz1,0.00195217690225587,0.00195217716233139,0.61563873
Neurons|Neurons|Ptn|Ptprz1,8.16377643026216e-4,8.1637775312137e-4,0.39403543
Oligodendrocytes|Neurons|Ptn|Ptprz1,0.00243531730461202,0.00243531750204359,0.6625
OPCs|Neurons|Ptn|Ptprz1,0.0108446085878133,0.01084460999791418,1.258265
Pericytes|Neurons|Ptn|Ptprz1,0.01108143676607789,0.01108143787966856,1.3279403
Astrocytes|OPCs|Ptn|Ptprz1,0.03453166498000212,0.0345316707420607,1.7908866
Neurons|OPCs|Ptn|Ptprz1,0.01472031121624723,0.01472031374445484,1.5692834
Oligodendrocytes|OPCs|Ptn|Ptprz1,0.04273261008515282,0.04273261501910842,1.8377479
OPCs|OPCs|Ptn|Ptprz1,0.16699665449987364,0.16699667825974224,2.433513
Pericytes|OPCs|Ptn|Ptprz1,0.17005731273198038,0.17005733262745595,2.5031881
Astrocytes|Astrocytes|Ptn|Sdc2,0.00395046535315567,0.00395046604311679,0.7106725
Neurons|Astrocytes|Ptn|Sdc2,0.00165396530543539,0.00165396559742269,0.48906925
Oligodendrocytes|Astrocytes|Ptn|Sdc2,0.00492571742336987,0.00492571802688586,0.7575338
OPCs|Astrocytes|Ptn|Sdc2,0.02174703405892357,0.02174703774605037,1.3532988
Pericytes|Astrocytes|Ptn|Sdc2,0.02221660547818495,0.02221660859499432,1.4229741
Astrocytes|Neurons|Ptn|Sdc2,0.00149549736557715,0.0014954976403467,0.5679712
Neurons|Neurons|Ptn|Sdc2,6.252331295447837e-4,6.2523324544725e-4,0.34636796
Oligodendrocytes|Neurons|Ptn|Sdc2,0.00186582634543528,0.00186582659087475,0.6148325
OPCs|Neurons|Ptn|Sdc2,0.0083250435013069,0.00832504500365177,1.2105975
Pericytes|Neurons|Ptn|Sdc2,0.00850732180835952,0.00850732309165311,1.2802728
Astrocytes|OPCs|Ptn|Sdc2,0.00300671116273583,0.00300671172533151,0.64225215
Neurons|OPCs|Ptn|Sdc2,0.00125814502090205,0.00125814525859585,0.42064887
Oligodendrocytes|OPCs|Ptn|Sdc2,0.00374985559574563,0.00374985610180288,0.68911344
OPCs|OPCs|Ptn|Sdc2,0.01662268599872261,0.01662268903337874,1.2848784
Pericytes|OPCs|Ptn|Sdc2,0.01698353122002828,0.01698353382131199,1.3545537
Astrocytes|Pericytes|Ptn|Sdc2,0.00508107853387159,0.00508107918297853,0.8123461
Neurons|Pericytes|Ptn|Sdc2,0.00212873065029415,0.00212873092619926,0.5907428
Oligodendrocytes|Pericytes|Ptn|Sdc2,0.00633367044528414,0.00633367092476751,0.8592074
OPCs|Pericytes|Ptn|Sdc2,0.02782867725878939,0.02782868067768049,1.4549724
Pericytes|Pericytes|Ptn|Sdc2,0.02842575038355008,0.02842575304965347,1.5246477
Astrocytes|OPCs|Ptn|Sdc3,0.00386300812563899,0.00386300890334035,0.73759955
Neurons|OPCs|Ptn|Sdc3,0.00161726650767652,0.00161726683639565,0.5159963
Oligodendrocytes|OPCs|Ptn|Sdc3,0.00481677402426974,0.00481677474275446,0.78446084
OPCs|OPCs|Ptn|Sdc3,0.0212740031285506,0.0212740072942989,1.3802259
Pericytes|OPCs|Ptn|Sdc3,0.02173358757748296,0.02173359119688037,1.4499011
Astrocytes|Astrocytes|Ptn|Sdc4,0.00414998775249367,0.00414998842647406,0.7440926
Neurons|Astrocytes|Ptn|Sdc4,0.00173770290987992,0.00173770319535081,0.5224893
Oligodendrocytes|Astrocytes|Ptn|Sdc4,0.0051742400783447,0.00517424064902554,0.7909539
OPCs|Astrocytes|Ptn|Sdc4,0.02282479376377411,0.02282479735584145,1.3867189
Pericytes|Astrocytes|Ptn|Sdc4,0.02331708195418965,0.02331708494242058,1.4563942
Astrocytes|Neurons|Ptn|Ncl,0.00135601399847072,0.00135601423070266,0.5655917
Neurons|Neurons|Ptn|Ncl,5.668722535269729e-4,5.6687235152762e-4,0.34398842
Oligodendrocytes|Neurons|Ptn|Ncl,0.00169186133315987,0.00169186153461932,0.612453
OPCs|Neurons|Ptn|Ncl,0.00755339460123774,0.0075533958715882,1.208218
Pericytes|Neurons|Ptn|Ncl,0.00771890902727326,0.0077189100967219,1.2778933
Astrocytes|Neurons|Ptn|Alk,0.00211219842067854,0.00211219870347538,0.63561845
Neurons|Neurons|Ptn|Alk,8.833791837971278e-4,8.8337930352627e-4,0.41401517
Oligodendrocytes|Neurons|Ptn|Alk,0.00263483767962852,0.00263483789499765,0.68247974
OPCs|Neurons|Ptn|Alk,0.01172498662623376,0.01172498815741099,1.2782447
Pericytes|Neurons|Ptn|Alk,0.01198080792539816,0.01198080913640426,1.3479201
Astrocytes|OPCs|Ptn|Alk,0.00438507142206411,0.00438507220690177,0.81076515
Neurons|OPCs|Ptn|Alk,0.00183639026444506,0.00183639059668348,0.5891619
Oligodendrocytes|OPCs|Ptn|Alk,0.00546702587767815,0.00546702657119535,0.85762644
OPCs|OPCs|Ptn|Alk,0.02409215353700023,0.02409215771590798,1.4533914000000001
Pericytes|OPCs|Ptn|Alk,0.02461108786419128,0.02461109141462166,1.5230668
Neurons|Neurons|Penk|Oprm1,3.0147623565647563e-4,3.0147626052383e-4,0.35430682
Neurons|Astrocytes|Gas6|Mertk,0.00183277495899074,0.00183277525313654,0.5786871
Neurons|Microglia|Gas6|Mertk,0.00789505305608381,0.00789505469832419,1.1746265
Neurons|OPCs|Gas6|Mertk,0.00124353654773952,0.00124353678008841,0.41705832
Microglia|Neurons|Grn|Sort1,0.00264189440208297,0.00264189476004848,0.7058861
Astrocytes|Astrocytes|Psap|Gpr37l1,0.04342573615976423,0.04342574228965065,1.2889102
Microglia|Astrocytes|Psap|Gpr37l1,0.06271712937991407,0.06271713709591348,1.5279005
Neurons|Astrocytes|Psap|Gpr37l1,0.03150276030556984,0.03150276429572819,1.2179594
Oligodendrocytes|Astrocytes|Psap|Gpr37l1,0.01358109392726558,0.01358109577185605,1.0488136
OPCs|Astrocytes|Psap|Gpr37l1,0.03850263028418647,0.03850263416125279,1.1939988
Pericytes|Astrocytes|Psap|Gpr37l1,0.01369207404806486,0.01369207597696895,1.0394665
Astrocytes|OPCs|Psap|Gpr37l1,0.03065400958353396,0.030654013774137,1.0286014
Microglia|OPCs|Psap|Gpr37l1,0.04453586139745719,0.04453586670478422,1.2675917
Neurons|OPCs|Psap|Gpr37l1,0.02215641973062266,0.02215642242243494,0.95765054
Oligodendrocytes|OPCs|Psap|Gpr37l1,0.00949965795958073,0.00949965919366321,0.7885048
OPCs|OPCs|Psap|Gpr37l1,0.02713773701808727,0.02713773961048251,0.93368995
Pericytes|OPCs|Psap|Gpr37l1,0.00957760979324633,0.00957761108614004,0.7791577
Astrocytes|Oligodendrocytes|Psap|Gpr37,0.0074670115215197,0.00746701250378316,0.8048396
Microglia|Oligodendrocytes|Psap|Gpr37,0.0109672948407434,0.0109672961015083,1.0438299
Neurons|Oligodendrocytes|Psap|Gpr37,0.00536153132368734,0.00536153194096353,0.73388875
Oligodendrocytes|Oligodendrocytes|Psap|Gpr37,0.00227644396897136,0.0022764442475668,0.56474304
OPCs|Oligodendrocytes|Psap|Gpr37,0.00659239397051198,0.0065923945579455,0.70992815
Pericytes|Oligodendrocytes|Psap|Gpr37,0.00229526125201762,0.00229526154468729,0.55539596
Neurons|Astrocytes|Slitrk1|Ptprs,0.00118867308814323,0.00118867332939706,0.40342367
Neurons|Neurons|Slitrk1|Ptprs,0.00364605876624662,0.00364605960970845,0.64726883
Neurons|OPCs|Slitrk1|Ptprs,0.00418239281639768,0.00418239365887948,0.6607768
Neurons|Astrocytes|Slit2|Robo1,0.00359896700207047,0.00359896749036437,0.6492101
Neurons|Neurons|Slit2|Robo1,0.01658981293408988,0.01658981479055548,1.1534351
Neurons|Oligodendrocytes|Slit2|Robo1,0.00499751124619759,0.00499751181025773,0.7697693
Neurons|OPCs|Slit2|Robo1,0.02403147091103226,0.02403147417857376,1.4428111
Neurons|Astrocytes|Slit2|Robo2,0.01269611421871166,0.01269611533012415,0.9680965
Neurons|Neurons|Slit2|Robo2,0.01509937670374331,0.01509937844818275,1.120234
Microglia|Astrocytes|Pros1|Mertk,0.00612863311002051,0.00612863375642656,0.83683467
Microglia|Microglia|Pros1|Mertk,0.02602979317620095,0.02602979710582067,1.4327741
Microglia|OPCs|Pros1|Mertk,0.00416403494263738,0.00416403549172068,0.67520595
Neurons|Neurons|Agrn|Dag1,9.861616986194372e-4,9.8616177996878e-4,0.38657805
OPCs|Neurons|Agrn|Dag1,0.00148191599591478,0.00148191619408182,0.40921542
Neurons|OPCs|Agrn|Dag1,0.00144910559182866,0.00144910573510231,0.41960865
OPCs|OPCs|Agrn|Dag1,0.00217707969423659,0.00217708002087736,0.44224602
Astrocytes|Neurons|Lama2|Dag1,0.00580338040349278,0.00580338116486181,0.75747293
Pericytes|Neurons|Lama2|Dag1,0.00742143976705163,0.00742144059646358,0.9105765
Astrocytes|OPCs|Lama2|Dag1,0.00850846016576475,0.00850846141768913,0.7905035
Pericytes|OPCs|Lama2|Dag1,0.01087248359012122,0.01087248497781044,0.9436071
OPCs|Neurons|Lama4|Dag1,0.00141751820254,0.00141751832574712,0.40964162
Pericytes|Neurons|Lama4|Dag1,0.00192219929089195,0.00192219950718451,0.48882183
OPCs|OPCs|Lama4|Dag1,0.00208253603492938,0.00208253624998648,0.4426722
Pericytes|OPCs|Lama4|Dag1,0.00282331498172161,0.00282331534541268,0.52185243
OPCs|Neurons|Lamc1|Dag1,0.00156851392898757,0.00156851408718015,0.45317176
Pericytes|Neurons|Lamc1|Dag1,0.00239213176544568,0.00239213202483615,0.57844967
OPCs|OPCs|Lamc1|Dag1,0.00230420679432918,0.00230420706434635,0.48620236
Pericytes|OPCs|Lamc1|Dag1,0.00351277366882051,0.00351277410685236,0.61148024
Astrocytes|Astrocytes|Cntn1|Nrcam,0.07288237428628816,0.07288238221582445,1.6334555
Neurons|Astrocytes|Cntn1|Nrcam,0.06727768301966928,0.0672776925391063,1.5278022
OPCs|Astrocytes|Cntn1|Nrcam,0.11256745077066264,0.11256746517316672,2.061018
Astrocytes|Neurons|Cntn1|Nrcam,0.04722111968519377,0.04722112402500902,1.3865471
Neurons|Neurons|Cntn1|Nrcam,0.04349720830924906,0.04349721375153525,1.2808938
OPCs|Neurons|Cntn1|Nrcam,0.07404943712725776,0.07404944558022508,1.8141094
Astrocytes|OPCs|Cntn1|Nrcam,0.08835491868960678,0.08835492506356685,1.7219243
Neurons|OPCs|Cntn1|Nrcam,0.08166518863712234,0.08166519714773696,1.6162709
OPCs|OPCs|Cntn1|Nrcam,0.13523600705388192,0.13523601944503624,2.1494865
Neurons|Neurons|Efna5|Epha3,0.00381937832857259,0.00381937873575913,0.6313638
Neurons|Astrocytes|Efna5|Epha4,0.00636806935615204,0.00636807040747659,0.6805654
Neurons|Neurons|Efna5|Epha4,0.00323795055667777,0.00323795113366548,0.59310985
Neurons|Neurons|Efna5|Epha5,0.03335332753354757,0.03335333107589693,1.2136096
Neurons|OPCs|Efna5|Epha5,0.02860514491713594,0.02860514957617798,1.1021717
Neurons|Neurons|Efna5|Epha7,0.00707177972014172,0.00707178062358209,0.7710984
Neurons|Neurons|Efna5|Ephb2,0.00412680929227762,0.00412680995845035,0.62782955
Oligodendrocytes|Astrocytes|Efnb3|Epha4,9.16154199168561e-4,9.1615436722339e-4,0.47712445
Oligodendrocytes|Neurons|Efnb3|Epha4,4.6458084626126465e-4,4.6458093738189e-4,0.38966885
Oligodendrocytes|Neurons|Efnb3|Ephb1,7.800183871715327e-4,7.8001853165855e-4,0.4871065
Oligodendrocytes|Oligodendrocytes|Efnb3|Ephb1,0.00114622669413634,0.00114622688363475,0.5372437
Oligodendrocytes|Neurons|Efnb3|Ephb2,5.925668170490379e-4,5.9256692337938e-4,0.4243886
Astrocytes|Neurons|Ncam1|Fgfr1,0.00868963528476602,0.00868963635571703,1.0883261
Neurons|Neurons|Ncam1|Fgfr1,0.00708315144355466,0.00708315234645608,0.88827646
Oligodendrocytes|Neurons|Ncam1|Fgfr1,0.00732470208641432,0.00732470308252708,0.88939965
OPCs|Neurons|Ncam1|Fgfr1,0.01090426578047716,0.01090426726729544,1.1990592
OPCs|Astrocytes|Ncam1|Ncam2,0.07546475550316453,0.0754647662397619,1.6678
Astrocytes|Neurons|Ncam1|Ncam2,0.08209714943294512,0.0820971576374249,1.773778
Neurons|Neurons|Ncam1|Ncam2,0.06784840632103407,0.0678484134633291,1.5737283
Oligodendrocytes|Neurons|Ncam1|Ncam2,0.07001605829655345,0.07001606621091691,1.5748515
OPCs|Neurons|Ncam1|Ncam2,0.10111209183951578,0.10111210296469024,1.884511
Astrocytes|OPCs|Ncam1|Ncam2,0.124478463174061,0.12447847968856324,2.1530795
Neurons|OPCs|Ncam1|Ncam2,0.10370508718419733,0.10370510164616416,1.9530298
Oligodendrocytes|OPCs|Ncam1|Ncam2,0.10688694635071572,0.10688696202599114,1.9541531
OPCs|OPCs|Ncam1|Ncam2,0.15168739765074524,0.15168741889067852,2.2638125
Neurons|Neurons|Lrrc4b|Ptprf,6.212214971547213e-4,6.2122158319877e-4,0.30201614
OPCs|Neurons|Lrrc4b|Ptprf,0.0011967463282474,0.00119674646876616,0.38014102
Astrocytes|Astrocytes|Nrxn1|Nlgn1,0.1983660745343701,0.19836609567907415,2.7633903
Neurons|Astrocytes|Nrxn1|Nlgn1,0.17560095886084812,0.17560097746871797,2.5087986
OPCs|Astrocytes|Nrxn1|Nlgn1,0.2063377369965002,0.2063377610926321,2.9593987
Astrocytes|Neurons|Nrxn1|Nlgn1,0.24120433780715173,0.24120435653380057,2.9559836
Neurons|Neurons|Nrxn1|Nlgn1,0.21484054040603587,0.2148405569175772,2.701392
OPCs|Neurons|Nrxn1|Nlgn1,0.25035987246608027,0.25035989432832323,3.151992
Astrocytes|Oligodendrocytes|Nrxn1|Nlgn1,0.04840862193317737,0.04840862904843256,2.1008315
Neurons|Oligodendrocytes|Nrxn1|Nlgn1,0.04195245477525394,0.04195246080521809,1.8462397
OPCs|Oligodendrocytes|Nrxn1|Nlgn1,0.05073540435584803,0.0507354124772831,2.2968397
Astrocytes|OPCs|Nrxn1|Nlgn1,0.304238929539658,0.30423895989982647,3.4092617
Neurons|OPCs|Nrxn1|Nlgn1,0.27346845128979747,0.27346847890547044,3.1546698
OPCs|OPCs|Nrxn1|Nlgn1,0.3147944925039334,0.31479452649718426,3.60527
Astrocytes|Neurons|Nrxn1|Nlgn2,0.01693584215762337,0.016935844883002638,1.8597053
Neurons|Neurons|Nrxn1|Nlgn2,0.01461268414844405,0.01461268644169564,1.6051135
OPCs|Neurons|Nrxn1|Nlgn2,0.01777813317098601,0.01777813627688536,2.0557137
Astrocytes|OPCs|Nrxn1|Nlgn2,0.03275767726446676,0.03275768089682519,1.9566118
Neurons|OPCs|Nrxn1|Nlgn2,0.02832671197532865,0.02832671500872638,1.7020199
OPCs|OPCs|Nrxn1|Nlgn2,0.03435935231206116,0.03435935658583624,2.15262
Astrocytes|OPCs|Nrxn1|Nlgn3,0.02818236670715358,0.02818237053119969,1.9145314
Neurons|OPCs|Nrxn1|Nlgn3,0.02435469745249414,0.02435470066484419,1.6599395
OPCs|OPCs|Nrxn1|Nlgn3,0.02956717199241794,0.02956717640521176,2.1105397
Neurons|Astrocytes|Nrxn2|Nlgn1,0.03486787506244612,0.03486787834622511,1.3801422
OPCs|Astrocytes|Nrxn2|Nlgn1,0.09439294744646942,0.09439295787177523,1.8254008
Neurons|Neurons|Nrxn2|Nlgn1,0.04435126022415946,0.044351263060782,1.5727357
OPCs|Neurons|Nrxn2|Nlgn1,0.11808517033293896,0.11808517984142908,2.0179944
Neurons|Oligodendrocytes|Nrxn2|Nlgn1,0.00737235073175025,0.00737235160309902,0.7175834
OPCs|Oligodendrocytes|Nrxn2|Nlgn1,0.02097842711813872,0.02097843006429762,1.162842
Neurons|OPCs|Nrxn2|Nlgn1,0.06001021620898945,0.06001022230315086,2.0260134
OPCs|OPCs|Nrxn2|Nlgn1,0.15554002660108343,0.15554004399315857,2.4712722
Neurons|Neurons|Nrxn2|Nlgn2,0.00250888854426103,0.00250888886535613,0.47645724
OPCs|Neurons|Nrxn2|Nlgn2,0.00720432427405191,0.00720432536610146,0.9217159
Neurons|OPCs|Nrxn2|Nlgn2,0.0049202040690039,0.00492020445701114,0.57336366
OPCs|OPCs|Nrxn2|Nlgn2,0.01406483385531884,0.01406483529232273,1.0186224
Neurons|OPCs|Nrxn2|Nlgn3,0.00421604473035351,0.00421604516795211,0.53128326
OPCs|OPCs|Nrxn2|Nlgn3,0.01206780450264566,0.01206780603596414,0.97654194
Neurons|Neurons|Sema6a|Plxna2,0.00200685751668657,0.00200685778577254,0.46578157
OPCs|Neurons|Sema6a|Plxna2,0.00446993854835049,0.00446993891891166,0.5652499
Neurons|Microglia|Sema6a|Plxna4,0.00188196839908098,0.00188196867416917,0.59213424
OPCs|Microglia|Sema6a|Plxna4,0.00419241289118828,0.00419241328932637,0.6916026
Neurons|Neurons|Sema6a|Plxna4,0.00403655990156478,0.00403656055756058,0.6775376
OPCs|Neurons|Sema6a|Plxna4,0.00896837399400933,0.00896837499027934,0.77700603
Neurons|Astrocytes|Lrrc4b|Ptprs,0.00141383331058833,0.00141383348056686,0.43985444
OPCs|Astrocytes|Lrrc4b|Ptprs,0.00272166614129439,0.00272166641098206,0.5179793
Neurons|Neurons|Lrrc4b|Ptprs,0.00433468051945492,0.00433468116414173,0.6836996
OPCs|Neurons|Lrrc4b|Ptprs,0.00832185716639087,0.0083218582255236,0.76182455
Neurons|OPCs|Lrrc4b|Ptprs,0.00497180513681995,0.0049718057278718,0.69720757
OPCs|OPCs|Lrrc4b|Ptprs,0.00953941432969965,0.0095394152597904,0.7753325
Microglia|Neurons|App|Tnfrsf21,0.0014282780692649,0.00142827835226272,0.43288642
Neurons|Neurons|App|Tnfrsf21,0.00631618137133435,0.00631618247834917,0.96501446
Oligodendrocytes|Neurons|App|Tnfrsf21,0.00576502895142898,0.00576503024232862,0.8951917
OPCs|Neurons|App|Tnfrsf21,0.00357723252575614,0.00357723320492114,0.59541607
Pericytes|Neurons|App|Tnfrsf21,0.0035044098311761,0.00350441047440304,0.70850873
Neurons|Astrocytes|Cadm3|Cadm1,0.00541341736250716,0.00541341808849102,0.72510135
Neurons|Microglia|Cadm3|Cadm1,0.00253336668283629,0.00253336695341029,0.71205306
Neurons|Neurons|Cadm3|Cadm1,0.00650962514043406,0.00650962574405764,0.8703368
Neurons|Oligodendrocytes|Cadm3|Cadm1,0.00202690125008328,0.00202690153932416,0.5360577
Neurons|OPCs|Cadm3|Cadm1,0.0079413754309037,0.00794137634745356,1.0074846
Astrocytes|OPCs|Cntn1|Notch1,0.00517910192858914,0.00517910259795052,1.0382481
Neurons|OPCs|Cntn1|Notch1,0.00475412861688465,0.00475412939410613,0.93259466
OPCs|OPCs|Cntn1|Notch1,0.00833040962295559,0.00833041091777507,1.4658104
Astrocytes|Microglia|Cntn1|Notch2,0.01955680480148345,0.01955680642783585,1.1535571
Neurons|Microglia|Cntn1|Notch2,0.0179733780548439,0.01797338015819984,1.0479038
OPCs|Microglia|Cntn1|Notch2,0.0311822434022837,0.03118224677498454,1.5811194
OPCs|Neurons|Ntn1|Dcc,0.04237146626820004,0.0423714713572678,1.2818406
OPCs|Oligodendrocytes|Ntn1|Dcc,0.00967029784382483,0.00967029851114155,0.7835518
OPCs|OPCs|Ntn1|Dcc,0.06952596909217647,0.06952597827961432,1.6961868
OPCs|Neurons|Ntn1|Dscam,0.03918566922360247,0.03918567491733456,1.179128
OPCs|OPCs|Ntn1|Dscam,0.08095727018606863,0.08095728043869367,1.8891355
OPCs|Neurons|Ntn1|Unc5c,0.03296436239323019,0.03296436679174257,1.1026354
OPCs|Oligodendrocytes|Ntn1|Unc5c,0.0171621463943024,0.01716214822372824,1.0579848
OPCs|OPCs|Ntn1|Unc5c,0.06089321294998862,0.06089321934653628,1.5252584
OPCs|OPCs|Nlgn1|Nrxn1,NA,NA,3.60527
OPCs|Astrocytes|Nlgn1|Nrxn1,NA,NA,3.4092617
OPCs|OPCs|Nxph1|Nrxn1,NA,NA,3.220511
OPCs|Neurons|Nlgn1|Nrxn1,NA,NA,3.1546698
Neurons|OPCs|Nlgn1|Nrxn1,NA,NA,3.151992
OPCs|Astrocytes|Nxph1|Nrxn1,NA,NA,3.0245028
Astrocytes|OPCs|Nlgn1|Nrxn1,NA,NA,2.9593987
Neurons|Astrocytes|Nlgn1|Nrxn1,NA,NA,2.9559836
OPCs|Neurons|Nxph1|Nrxn1,NA,NA,2.7699108
Astrocytes|Astrocytes|Nlgn1|Nrxn1,NA,NA,2.7633903
Neurons|Neurons|Nlgn1|Nrxn1,NA,NA,2.701392
OPCs|OPCs|Dscam|Dcc,NA,NA,2.6687694
OPCs|OPCs|Cntn1|Ptprz1,NA,NA,2.6428227
Neurons|OPCs|Nxph1|Nrxn1,NA,NA,2.5136018
Astrocytes|Neurons|Nlgn1|Nrxn1,NA,NA,2.5087986
OPCs|OPCs|Nlgn1|Nrxn2,NA,NA,2.4712722
OPCs|OPCs|Ncam1|Ptprz1,NA,NA,2.3791127
Neurons|Astrocytes|Nxph1|Nrxn1,NA,NA,2.3175936
Astrocytes|Microglia|Apoe|Trem2,NA,NA,2.3072934
Oligodendrocytes|OPCs|Nlgn1|Nrxn1,NA,NA,2.2968397
Astrocytes|OPCs|Ncam1|Ptprz1,NA,NA,2.2683797
Neurons|OPCs|Ntng1|Lrrc4c,NA,NA,2.2617564
OPCs|Neurons|Dscam|Dcc,NA,NA,2.2544231
OPCs|Pericytes|Nrxn1|Nlgn1,NA,NA,2.2270675
Pericytes|OPCs|Nlgn1|Nrxn1,NA,NA,2.2270675
Astrocytes|OPCs|Cntn1|Ptprz1,NA,NA,2.2152605
OPCs|Astrocytes|Cntn1|Ptprz1,NA,NA,2.1993456
OPCs|Pericytes|Nlgn1|Nrxn1,NA,NA,2.1913104
Pericytes|OPCs|Nrxn1|Nlgn1,NA,NA,2.1913104
OPCs|OPCs|Nlgn2|Nrxn1,NA,NA,2.15262
OPCs|Microglia|Nrxn1|Nlgn1,NA,NA,2.151756
Microglia|OPCs|Nlgn1|Nrxn1,NA,NA,2.151756
Astrocytes|OPCs|Apoe|Lrp1,NA,NA,2.1384895
OPCs|OPCs|Ncam1|Robo1,NA,NA,2.1187413
OPCs|OPCs|Nlgn3|Nrxn1,NA,NA,2.1105397
Neurons|OPCs|Cntn1|Ptprz1,NA,NA,2.109607
Oligodendrocytes|Astrocytes|Nlgn1|Nrxn1,NA,NA,2.1008315
OPCs|OPCs|Nxph1|Nrxn2,NA,NA,2.0865133
Neurons|OPCs|App|Dcc,NA,NA,2.0702825
Oligodendrocytes|OPCs|Ncam1|Ptprz1,NA,NA,2.0694532
Neurons|OPCs|Ncam1|Ptprz1,NA,NA,2.0683298
Neurons|Neurons|Nxph1|Nrxn1,NA,NA,2.0630016
OPCs|OPCs|Il1rapl1|Ptprs,NA,NA,2.0573697
Neurons|OPCs|Nlgn2|Nrxn1,NA,NA,2.0557137
Oligodendrocytes|OPCs|Nrxn1|Nlgn1,NA,NA,2.0515387
OPCs|Oligodendrocytes|Nlgn1|Nrxn1,NA,NA,2.0515387
OPCs|Neurons|Il1rapl1|Ptprs,NA,NA,2.0438619
Pericytes|Astrocytes|Nlgn1|Nrxn1,NA,NA,2.031059
Astrocytes|Pericytes|Nrxn1|Nlgn1,NA,NA,2.031059
OPCs|Neurons|Nlgn1|Nrxn2,NA,NA,2.0260134
Neurons|OPCs|Nlgn1|Nrxn2,NA,NA,2.0179944
Astrocytes|OPCs|Ncam1|Robo1,NA,NA,2.008008
Oligodendrocytes|OPCs|App|Dcc,NA,NA,2.0004597
Neurons|OPCs|Nlgn3|Nrxn1,NA,NA,1.9918451
OPCs|Neurons|Nrxn1|Nlgn3,NA,NA,1.9918451
Neurons|Oligodendrocytes|Fgf14|Fgfr2,NA,NA,1.9655545
Astrocytes|Pericytes|Apoe|Lrp1,NA,NA,1.960949
Neurons|OPCs|Dscam|Dcc,NA,NA,1.958762
OPCs|Astrocytes|Nlgn2|Nrxn1,NA,NA,1.9566118
Astrocytes|Microglia|Nrxn1|Nlgn1,NA,NA,1.9557476
Microglia|Astrocytes|Nlgn1|Nrxn1,NA,NA,1.9557476
Astrocytes|Astrocytes|Apoe|Lrp1,NA,NA,1.9512231
Microglia|OPCs|Nrxn1|Nlgn1,NA,NA,1.940743
OPCs|Microglia|Nlgn1|Nrxn1,NA,NA,1.940743
Astrocytes|Microglia|Apoe|Lrp1,NA,NA,1.9399858
OPCs|Astrocytes|Ncam1|Ptprz1,NA,NA,1.9356356
OPCs|Astrocytes|Nlgn3|Nrxn1,NA,NA,1.9145314
Microglia|OPCs|C1qb|Lrp1,NA,NA,1.914443
Neurons|Astrocytes|Fgf14|Fgfr2,NA,NA,1.8989002
Astrocytes|Pericytes|Apoe|Sdc2,NA,NA,1.8942068
Pericytes|Astrocytes|Ptn|Cdh10,NA,NA,1.8711232
OPCs|OPCs|Cntn4|Ptprg,NA,NA,1.870553
Neurons|Astrocytes|Nlgn2|Nrxn1,NA,NA,1.8597053
Neurons|Neurons|Fgf14|Fgfr2,NA,NA,1.8559928
Neurons|Neurons|App|Grm7,NA,NA,1.8471465
Oligodendrocytes|Neurons|Nlgn1|Nrxn1,NA,NA,1.8462397
Oligodendrocytes|OPCs|Nrxn2|Nlgn1,NA,NA,1.8450592
OPCs|Oligodendrocytes|Nlgn1|Nrxn2,NA,NA,1.8450592
Pericytes|OPCs|Ptn|Cdh10,NA,NA,1.8314452
OPCs|Oligodendrocytes|Fgf14|Fgfr2,NA,NA,1.8303032
Astrocytes|OPCs|Apoe|Lrp6,NA,NA,1.8299844
OPCs|Neurons|Ncam1|Robo1,NA,NA,1.8293653
Pericytes|OPCs|Nrxn2|Nlgn1,NA,NA,1.8266631
OPCs|Pericytes|Nlgn1|Nrxn2,NA,NA,1.8266631
Astrocytes|OPCs|Nlgn1|Nrxn2,NA,NA,1.8254008
Astrocytes|Astrocytes|Ncam1|Ptprz1,NA,NA,1.8249025
Pericytes|OPCs|App|Dcc,NA,NA,1.8137767
OPCs|Oligodendrocytes|Cntn4|Aplp1,NA,NA,1.810486
Oligodendrocytes|OPCs|Ncam1|Robo1,NA,NA,1.8090818
Neurons|OPCs|Ncam1|Robo1,NA,NA,1.8079585
OPCs|Pericytes|Nxph1|Nrxn1,NA,NA,1.8065515
Neurons|OPCs|Fgf14|Fgfr2,NA,NA,1.8051959
Astrocytes|OPCs|Nrxn2|Nlgn1,NA,NA,1.8027447
OPCs|Astrocytes|Nlgn1|Nrxn2,NA,NA,1.8027447
OPCs|Astrocytes|Ptn|Cdh10,NA,NA,1.8014479
OPCs|Astrocytes|Il1rapl1|Ptprs,NA,NA,1.8000166
Astrocytes|Astrocytes|Apoe|Sorl1,NA,NA,1.7968684
Astrocytes|Neurons|Nrxn1|Nlgn3,NA,NA,1.7958368
Neurons|Astrocytes|Nlgn3|Nrxn1,NA,NA,1.7958368
Neurons|Astrocytes|Nrg3|Egfr,NA,NA,1.7937369
Astrocytes|Astrocytes|Apoe|Sdc2,NA,NA,1.7925332
Microglia|OPCs|Adam17|Erbb4,NA,NA,1.7839937
Astrocytes|OPCs|Il18|Il1rapl1,NA,NA,1.7819049
Astrocytes|Neurons|Apoe|Lrp1,NA,NA,1.781241
OPCs|OPCs|Tgfa|Erbb4,NA,NA,1.7802762
Oligodendrocytes|Neurons|App|Grm7,NA,NA,1.7773237
Pericytes|Neurons|Nlgn1|Nrxn1,NA,NA,1.7764672
Neurons|Pericytes|Nrxn1|Nlgn1,NA,NA,1.7764672
Astrocytes|Astrocytes|Cntn1|Ptprz1,NA,NA,1.7717834
OPCs|Astrocytes|Fgf14|Fgfr2,NA,NA,1.7636487
Astrocytes|Microglia|Apoe|Abca1,NA,NA,1.7620097
OPCs|OPCs|Ptn|Cdh10,NA,NA,1.7617698
OPCs|Microglia|Apoe|Trem2,NA,NA,1.7587296
OPCs|Oligodendrocytes|Dscam|Dcc,NA,NA,1.7561345
Pericytes|OPCs|Il34|Ptprz1,NA,NA,1.7557185
Neurons|Pericytes|App|Grm7,NA,NA,1.7523723
Astrocytes|Neurons|Apoe|Sorl1,NA,NA,1.7505984
Neurons|Pericytes|Fgf14|Fgfr2,NA,NA,1.7478232
Pericytes|Neurons|Nrxn1|Nlgn1,NA,NA,1.7380325
Neurons|Pericytes|Nlgn1|Nrxn1,NA,NA,1.7380325
Microglia|Pericytes|C1qb|Lrp1,NA,NA,1.7369025
Pericytes|OPCs|Dcn|Erbb4,NA,NA,1.7355372
OPCs|OPCs|Il18|Il1rapl1,NA,NA,1.7300202
OPCs|OPCs|Tnr|Itga9_Itgb1,NA,NA,1.7296864
Astrocytes|Astrocytes|Apoe|Abca1,NA,NA,1.7285901
Microglia|Astrocytes|C1qb|Lrp1,NA,NA,1.7271767
Astrocytes|OPCs|Apoe|Sdc2,NA,NA,1.7241127
OPCs|Neurons|Fgf14|Fgfr2,NA,NA,1.7207414
OPCs|Microglia|Tnr|Itga9_Itgb1,NA,NA,1.7187998
Astrocytes|Neurons|Ncam1|Robo1,NA,NA,1.718632
Microglia|Microglia|C1qb|Lrp1,NA,NA,1.7159393
OPCs|Microglia|Il1rapl1|Ptprs,NA,NA,1.7130914
Astrocytes|Astrocytes|Apoe|Lrp6,NA,NA,1.7040039
OPCs|Oligodendrocytes|Ncam1|Ncam2,NA,NA,1.7025136
OPCs|Neurons|Nlgn2|Nrxn1,NA,NA,1.7020199
Astrocytes|Neurons|Apoe|Lrp8,NA,NA,1.7018517
Neurons|Microglia|Nrxn1|Nlgn1,NA,NA,1.7011558
Microglia|Neurons|Nlgn1|Nrxn1,NA,NA,1.7011558
OPCs|OPCs|App|Dcc,NA,NA,1.7006842
Astrocytes|Pericytes|Apoe|Lrp6,NA,NA,1.69807
Astrocytes|Neurons|Apoe|Lrp6,NA,NA,1.6948366
Oligodendrocytes|Pericytes|App|Grm7,NA,NA,1.6825496
Astrocytes|OPCs|Apoe|Abca1,NA,NA,1.6822786
Oligodendrocytes|OPCs|Il18|Il1rapl1,NA,NA,1.6822113
OPCs|Neurons|Ncam1|Cacna1c,NA,NA,1.6812427
Astrocytes|Microglia|Apoe|Lrp5,NA,NA,1.6800436
Oligodendrocytes|Microglia|Edil3|Itgb5,NA,NA,1.6755229
Neurons|Microglia|Fgf14|Fgfr2,NA,NA,1.6710626
OPCs|Pericytes|Ncam1|Cacna1c,NA,NA,1.6703413
Pericytes|OPCs|Ptn|Ptprs,NA,NA,1.6701624
OPCs|OPCs|Fgf14|Fgfr2,NA,NA,1.6699445
Astrocytes|Microglia|Apoe|Lrp6,NA,NA,1.6692932
OPCs|Pericytes|Il1rapl1|Ptprs,NA,NA,1.6688789
OPCs|Oligodendrocytes|Nxph1|Nrxn1,NA,NA,1.6667798
Pericytes|OPCs|Il18|Il1rapl1,NA,NA,1.6666077
Neurons|Astrocytes|Cntn1|Ptprz1,NA,NA,1.6661300000000001
OPCs|Astrocytes|Vcan|Egfr,NA,NA,1.6624243
Astrocytes|OPCs|Apoe|Ldlr,NA,NA,1.6622072
OPCs|Neurons|Il1rapl1|Ptprf,NA,NA,1.6621783
OPCs|Neurons|Nlgn3|Nrxn1,NA,NA,1.6599395
Microglia|OPCs|Il18|Il1rapl1,NA,NA,1.6579873999999999
Pericytes|Neurons|Ptn|Ptprs,NA,NA,1.6566546
Neurons|Neurons|App|Dcc,NA,NA,1.6559362
Astrocytes|OPCs|Apoe|Lrp4,NA,NA,1.6542286
Neurons|Astrocytes|Ntng1|Lrrc4c,NA,NA,1.6528629
OPCs|OPCs|Adam17|Erbb4,NA,NA,1.6523803
Astrocytes|Neurons|Apoe|Sdc2,NA,NA,1.6498319
Astrocytes|Oligodendrocytes|Apoe|Vldlr,NA,NA,1.6468678
OPCs|Oligodendrocytes|Il1rapl1|Ptprs,NA,NA,1.6425548
OPCs|Neurons|Nxph1|Nrxn2,NA,NA,1.6412547
OPCs|Microglia|Vcan|Itgb1,NA,NA,1.6400251
OPCs|Astrocytes|Il1rapl1|Ptprf,NA,NA,1.6381154
Pericytes|OPCs|Ntn1|Dscam,NA,NA,1.637596
Astrocytes|Microglia|Apoe|Sorl1,NA,NA,1.6372135
Astrocytes|Oligodendrocytes|Apoe|Sorl1,NA,NA,1.6303883
Astrocytes|Pericytes|Apoe|Ldlr,NA,NA,1.6301125
Oligodendrocytes|Astrocytes|Ncam1|Ptprz1,NA,NA,1.6259761
OPCs|Pericytes|Vcan|Itgb1,NA,NA,1.6248741
Neurons|Astrocytes|Ncam1|Ptprz1,NA,NA,1.6248529
Microglia|OPCs|Tgfa|Erbb4,NA,NA,1.6227533
Pericytes|OPCs|Ncam1|Ptprz1,NA,NA,1.6212509
Astrocytes|OPCs|Apoe|Vldlr,NA,NA,1.6202172
Astrocytes|Pericytes|Apoe|Abca1,NA,NA,1.6178504
Astrocytes|Astrocytes|Apoe|Lrp4,NA,NA,1.6152163
OPCs|Oligodendrocytes|Il1rapl1|Ptprf,NA,NA,1.6141793
OPCs|Pericytes|Fgf14|Fgfr2,NA,NA,1.6125718
Neurons|Neurons|Ntng1|Lrrc4c,NA,NA,1.6120311
Neurons|Pericytes|Fgf14|Fgfr1,NA,NA,1.6112415
Neurons|Pericytes|Nrg3|Egfr,NA,NA,1.6097759
Astrocytes|Astrocytes|S100a1|Trpm3,NA,NA,1.6091967
Neurons|Astrocytes|Fgf14|Fgfr1,NA,NA,1.6066206
Pericytes|Microglia|Vtn|Itgav_Itgb5,NA,NA,1.6062251
Neurons|Neurons|Nlgn2|Nrxn1,NA,NA,1.6051135
Neurons|Neurons|Fgf14|Fgfr1,NA,NA,1.6049099
Astrocytes|OPCs|Apoe|Lrp5,NA,NA,1.6047287
Neurons|Oligodendrocytes|App|Aplp1,NA,NA,1.6028249
OPCs|OPCs|Vcan|Itgb1,NA,NA,1.6011537
Astrocytes|Oligodendrocytes|Apoe|Lrp6,NA,NA,1.6008487
OPCs|OPCs|Ptn|Ptprs,NA,NA,1.6004872
Pericytes|OPCs|Cntn1|Ptprz1,NA,NA,1.5996453
Oligodendrocytes|Neurons|Nrxn1|Nlgn1,NA,NA,1.5982609
Neurons|Oligodendrocytes|Nlgn1|Nrxn1,NA,NA,1.5982609
OPCs|Astrocytes|S100a1|Trpm3,NA,NA,1.598233
OPCs|Neurons|Cntn4|Ptprg,NA,NA,1.5967784
Neurons|OPCs|Il1rapl1|Ptprs,NA,NA,1.5966918
OPCs|Neurons|Spon1|App,NA,NA,1.5957232
Neurons|OPCs|Adam17|Erbb4,NA,NA,1.5957092
Astrocytes|Neurons|Apoe|Ldlr,NA,NA,1.5932283
Neurons|OPCs|App|Grm7,NA,NA,1.5927792
OPCs|Pericytes|Cntn4|Ptprg,NA,NA,1.592514
Astrocytes|Oligodendrocytes|Ncam1|Ncam2,NA,NA,1.5917804
Pericytes|Neurons|App|Grm7,NA,NA,1.5906408
OPCs|OPCs|Apoe|Lrp1,NA,NA,1.5899258
OPCs|OPCs|Adam12|Itga9,NA,NA,1.589272
Astrocytes|Astrocytes|Apoe|Ldlr,NA,NA,1.5888133
OPCs|Neurons|Ptn|Ptprs,NA,NA,1.5869792
Oligodendrocytes|Neurons|App|Dcc,NA,NA,1.5861136
OPCs|Microglia|Edil3|Itgb5,NA,NA,1.5860517
Pericytes|Neurons|Ptn|Cdh10,NA,NA,1.585398
Neurons|Neurons|Il1rapl1|Ptprs,NA,NA,1.583184
OPCs|Astrocytes|Cntn4|Ptprg,NA,NA,1.5808878
Astrocytes|OPCs|Apoe|Lrp8,NA,NA,1.5803595
Neurons|OPCs|Slit2|Dcc,NA,NA,1.579154
Astrocytes|Neurons|Apoe|Vldlr,NA,NA,1.5745461
Neurons|Neurons|Nlgn1|Nrxn2,NA,NA,1.5727357
Astrocytes|Neurons|Ncam1|Cacna1c,NA,NA,1.5705094
Astrocytes|Neurons|Apoe|Scarb1,NA,NA,1.5702859
Pericytes|Microglia|Apoe|Trem2,NA,NA,1.5670006
Oligodendrocytes|OPCs|Cntn2|Cntn1,NA,NA,1.5630212
Neurons|Neurons|Rims1|Cacna1c,NA,NA,1.562452
OPCs|Oligodendrocytes|Ncam1|Fgfr2,NA,NA,1.5597038
Astrocytes|Pericytes|Ncam1|Cacna1c,NA,NA,1.5596081
Microglia|Neurons|C1qb|Lrp1,NA,NA,1.5571946
Astrocytes|Astrocytes|Ncam1|Ncam2,NA,NA,1.5570668
OPCs|Microglia|Nxph1|Nrxn1,NA,NA,1.5559841
OPCs|OPCs|Ncam1|Cacna1c,NA,NA,1.5557964
Neurons|Pericytes|Rims1|Cacna1c,NA,NA,1.5515506
Pericytes|Oligodendrocytes|Ptn|Cdh10,NA,NA,1.5511513
Neurons|Oligodendrocytes|Fgf12|Fgfr2,NA,NA,1.550952
Oligodendrocytes|OPCs|Cntn1|Ptprz1,NA,NA,1.5485324
Astrocytes|Pericytes|Nlgn1|Nrxn1,NA,NA,1.545439
Pericytes|Astrocytes|Nrxn1|Nlgn1,NA,NA,1.545439
Neurons|Neurons|Dscam|Dcc,NA,NA,1.5444158
Microglia|Microglia|Selplg|Itgam,NA,NA,1.5419475
Neurons|Neurons|Nrxn1|Nlgn3,NA,NA,1.541245
Neurons|Neurons|Nlgn3|Nrxn1,NA,NA,1.541245
Microglia|OPCs|App|Dcc,NA,NA,1.5381545
OPCs|Microglia|Fgf14|Fgfr2,NA,NA,1.5358112
Oligodendrocytes|Oligodendrocytes|App|Aplp1,NA,NA,1.5330021
OPCs|Astrocytes|Nrg3|Egfr,NA,NA,1.532788
OPCs|Oligodendrocytes|Spon1|App,NA,NA,1.5259005
Oligodendrocytes|OPCs|App|Grm7,NA,NA,1.5229564
Oligodendrocytes|Neurons|Ncam1|Robo1,NA,NA,1.5197057
Neurons|OPCs|Fgf14|Fgfr1,NA,NA,1.5188043
Neurons|Neurons|Ncam1|Robo1,NA,NA,1.5185823
Neurons|OPCs|Cntn4|Ptprg,NA,NA,1.5178821
OPCs|Neurons|Vcan|Itgb1,NA,NA,1.5173005
OPCs|Neurons|Ptn|Cdh10,NA,NA,1.5157226
OPCs|Pericytes|Vcan|Itga4,NA,NA,1.5102192
Pericytes|OPCs|Ncam1|Ncam2,NA,NA,1.5059507
OPCs|OPCs|Mdk|Ptprz1,NA,NA,1.502795
OPCs|Neurons|Rims1|Cacna1c,NA,NA,1.4996026
Pericytes|Pericytes|App|Grm7,NA,NA,1.4958665
OPCs|Astrocytes|Ncam1|Fgfr2,NA,NA,1.4930495
Microglia|OPCs|Ncam1|Ptprz1,NA,NA,1.4899111
OPCs|Pericytes|Rims1|Cacna1c,NA,NA,1.4887011
Microglia|OPCs|Cntn1|Ptprz1,NA,NA,1.4877822
Microglia|Neurons|Nrxn1|Nlgn1,NA,NA,1.4874651
Neurons|Microglia|Nlgn1|Nrxn1,NA,NA,1.4874651
Neurons|Astrocytes|Fgf12|Fgfr2,NA,NA,1.4842976
Astrocytes|Neurons|Agt|Grm7,NA,NA,1.4839929
OPCs|Pericytes|Cntn1|Notch2,NA,NA,1.4820276
Neurons|OPCs|L1cam|Ptprz1,NA,NA,1.4819196
OPCs|Oligodendrocytes|Ptn|Cdh10,NA,NA,1.4814758
OPCs|Pericytes|Vcan|Egfr,NA,NA,1.4784632
Microglia|Microglia|Apoe|Trem2,NA,NA,1.4777846
OPCs|Neurons|App|Grm7,NA,NA,1.4775481
OPCs|Pericytes|Fgf14|Fgfr1,NA,NA,1.47599
OPCs|OPCs|Cntn6|Ptprg,NA,NA,1.4751167
Pericytes|Neurons|Vtn|Cd47,NA,NA,1.4745042
OPCs|Pericytes|Cntn1|Ptprz1,NA,NA,1.4738021
OPCs|Astrocytes|Cntn1|Notch2,NA,NA,1.4724259
OPCs|Astrocytes|Fgf14|Fgfr1,NA,NA,1.4713691
OPCs|Pericytes|Cntn1|Nrcam,NA,NA,1.4705456
Astrocytes|OPCs|App|Dcc,NA,NA,1.4700612
OPCs|Neurons|Fgf14|Fgfr1,NA,NA,1.4696585
OPCs|Neurons|Cntn1|Ptprz1,NA,NA,1.4675748
OPCs|Astrocytes|Vcan|Itgb1,NA,NA,1.4608855
OPCs|Oligodendrocytes|Nxph1|Nrxn2,NA,NA,1.4603004
Pericytes|Microglia|Vtn|Itgav_Itgb1,NA,NA,1.4601483
Neurons|OPCs|App|Lrp1,NA,NA,1.4600532
Neurons|Oligodendrocytes|Cntn4|Aplp1,NA,NA,1.4578149
OPCs|Pericytes|Cntn1|Notch1,NA,NA,1.4536139
OPCs|Astrocytes|Cntn1|Notch1,NA,NA,1.4532105
OPCs|Neurons|Ncam1|Fgfr2,NA,NA,1.4501421
Astrocytes|Oligodendrocytes|Ncam1|Fgfr2,NA,NA,1.4489708
Microglia|Microglia|Ly86|Cd180,NA,NA,1.4488125
OPCs|Oligodendrocytes|Ncam1|Robo1,NA,NA,1.4456995
Astrocytes|OPCs|Ncam1|Cacna1c,NA,NA,1.4450632
Pericytes|OPCs|Ntn1|Dcc,NA,NA,1.4446473
OPCs|Oligodendrocytes|Fgf12|Fgfr2,NA,NA,1.4440112
OPCs|Pericytes|Nxph1|Nrxn2,NA,NA,1.4419043
Neurons|Neurons|Fgf12|Fgfr2,NA,NA,1.4413903
Astrocytes|OPCs|Bcan|Nrcam,NA,NA,1.4412665
Neurons|Neurons|Gnas|Adcy8,NA,NA,1.4383637
Neurons|OPCs|Rims1|Cacna1c,NA,NA,1.4370058000000001
OPCs|OPCs|Serpine2|Lrp1,NA,NA,1.4345698
Microglia|Astrocytes|Adam17|Erbb4,NA,NA,1.4320571
Microglia|Microglia|Gnai2|P2ry12,NA,NA,1.4308012
Astrocytes|Oligodendrocytes|Fgf14|Fgfr2,NA,NA,1.4304469
OPCs|Microglia|Ncam1|Ptpra,NA,NA,1.4301541
OPCs|Astrocytes|Tgfa|Erbb4,NA,NA,1.4283397
Astrocytes|OPCs|Il1rapl1|Ptprs,NA,NA,1.4257362
Pericytes|OPCs|Vtn|Itgav_Itgb1,NA,NA,1.4212768
OPCs|Astrocytes|Nxph1|Nrxn2,NA,NA,1.4179859
Microglia|OPCs|Psap|Lrp1,NA,NA,1.4160192
Pericytes|OPCs|Vtn|Cd47,NA,NA,1.414185
Neurons|Microglia|Edil3|Itgb5,NA,NA,1.4133532
Pericytes|Astrocytes|Ptn|Ptprs,NA,NA,1.4128094
OPCs|Pericytes|Apoe|Lrp1,NA,NA,1.4123852
Astrocytes|Neurons|Il1rapl1|Ptprs,NA,NA,1.4122282
Pericytes|OPCs|Vtn|Itgav_Itgb8,NA,NA,1.4119371
Neurons|OPCs|Il34|Ptprz1,NA,NA,1.407566
Oligodendrocytes|Astrocytes|Nrxn1|Nlgn1,NA,NA,1.4056673
Astrocytes|Oligodendrocytes|Nlgn1|Nrxn1,NA,NA,1.4056673
OPCs|Astrocytes|Apoe|Lrp1,NA,NA,1.4026594
Neurons|OPCs|L1cam|Cntn1,NA,NA,1.4008645
Pericytes|Neurons|App|Dcc,NA,NA,1.3994305
OPCs|OPCs|Ncam1|Fgfr2,NA,NA,1.3993453
Pericytes|OPCs|Apoe|Lrp1,NA,NA,1.3981967
Neurons|Oligodendrocytes|App|Grm7,NA,NA,1.397284
Oligodendrocytes|Oligodendrocytes|Ncam1|Ncam2,NA,NA,1.392854
Oligodendrocytes|Neurons|Nrxn2|Nlgn1,NA,NA,1.3917813
Neurons|Oligodendrocytes|Nlgn1|Nrxn2,NA,NA,1.3917813
Neurons|Oligodendrocytes|Ncam1|Ncam2,NA,NA,1.3917308
OPCs|Microglia|Apoe|Lrp1,NA,NA,1.391422
Neurons|OPCs|Fgf12|Fgfr2,NA,NA,1.3905934
Oligodendrocytes|OPCs|App|Lrp1,NA,NA,1.3902304
Astrocytes|Pericytes|Agt|Grm7,NA,NA,1.3892188
OPCs|Neurons|Cntn4|Aplp1,NA,NA,1.3881059
Pericytes|Astrocytes|Dcn|Erbb4,NA,NA,1.3836007
OPCs|OPCs|Fgf14|Fgfr1,NA,NA,1.3835529
OPCs|Pericytes|App|Grm7,NA,NA,1.382774
Astrocytes|Astrocytes|Ncam1|Fgfr2,NA,NA,1.3823164
Neurons|OPCs|Cntn2|Cntn1,NA,NA,1.382294
Astrocytes|Neurons|Nlgn1|Nrxn2,NA,NA,1.3801422
Pericytes|Microglia|Gnai2|P2ry12,NA,NA,1.3798121
Neurons|OPCs|Nxph1|Nrxn2,NA,NA,1.3796041000000001
Pericytes|Astrocytes|Vtn|Itgav_Itgb8,NA,NA,1.377831
OPCs|Astrocytes|Fgf12|Fgfr2,NA,NA,1.3773568
Microglia|OPCs|Ncam1|Ncam2,NA,NA,1.3746109
OPCs|OPCs|Rims1|Cacna1c,NA,NA,1.3741562
Pericytes|Neurons|Nrxn2|Nlgn1,NA,NA,1.3733853
Neurons|Pericytes|Nlgn1|Nrxn2,NA,NA,1.3733853
Oligodendrocytes|Neurons|Ncam1|Cacna1c,NA,NA,1.3715831
Neurons|Neurons|Ncam1|Cacna1c,NA,NA,1.3704598
Microglia|Neurons|C1qb|C1qbp,NA,NA,1.3670448
Pericytes|Microglia|Vtn|Cd47,NA,NA,1.3663816
Pericytes|Pericytes|Vtn|Itgav_Itgb1,NA,NA,1.3649662
Pericytes|Pericytes|Vtn|Itgav_Itgb5,NA,NA,1.3649662
Astrocytes|Astrocytes|Fgf14|Fgfr2,NA,NA,1.3637924
Astrocytes|Neurons|Lgi1|Adam22,NA,NA,1.360932
Pericytes|OPCs|Ncam1|Robo1,NA,NA,1.3608794
Oligodendrocytes|Pericytes|Ncam1|Cacna1c,NA,NA,1.3606818
Neurons|Pericytes|Ncam1|Cacna1c,NA,NA,1.3595585
Oligodendrocytes|OPCs|Dscam|Dcc,NA,NA,1.3588653
Oligodendrocytes|Astrocytes|Ncam1|Ncam2,NA,NA,1.3581405
Neurons|Astrocytes|Ncam1|Ncam2,NA,NA,1.3570172
OPCs|OPCs|Ncam1|Ptpra,NA,NA,1.3533126
Astrocytes|Astrocytes|Bcan|Nrcam,NA,NA,1.3527977
Neurons|Astrocytes|Nlgn1|Nrxn2,NA,NA,1.3494669
Astrocytes|Neurons|Nrxn2|Nlgn1,NA,NA,1.3494669
OPCs|Pericytes|Nrg3|Egfr,NA,NA,1.348827
Pericytes|Microglia|Gpc3|Cd81,NA,NA,1.3488243
Pericytes|Oligodendrocytes|App|Aplp1,NA,NA,1.3463192
Neurons|OPCs|Cntn6|Ptprg,NA,NA,1.3458325
OPCs|Pericytes|Apoe|Sdc2,NA,NA,1.345643
Neurons|Astrocytes|Gnas|Adcy8,NA,NA,1.345458
OPCs|Astrocytes|Ncam1|Ptpra,NA,NA,1.3447623
OPCs|Astrocytes|Ptn|Ptprs,NA,NA,1.343134
OPCs|Pericytes|Ncam1|Fgfr2,NA,NA,1.3419726
Astrocytes|Neurons|Ncam1|Fgfr2,NA,NA,1.339409
Microglia|Microglia|Cfh|Itgam,NA,NA,1.3393505
Neurons|Astrocytes|Il1rapl1|Ptprs,NA,NA,1.3393388
OPCs|Pericytes|Spon1|App,NA,NA,1.3392174
Pericytes|Oligodendrocytes|Vtn|Cd47,NA,NA,1.3380036
Pericytes|OPCs|App|Grm7,NA,NA,1.3362734
Astrocytes|Oligodendrocytes|Ncam1|Robo1,NA,NA,1.3349662
OPCs|Neurons|Fgf12|Fgfr2,NA,NA,1.3344495
Oligodendrocytes|Microglia|Apoe|Trem2,NA,NA,1.3342245
Pericytes|Pericytes|Ptn|Ptprz1,NA,NA,1.3341676
Neurons|Pericytes|Fgf12|Fgfr2,NA,NA,1.3332207
Pericytes|Microglia|Sorbs1|Itgb5,NA,NA,1.3318467
Pericytes|Pericytes|Vtn|Cd47,NA,NA,1.3290756
Microglia|OPCs|Adam10|Nrcam,NA,NA,1.3279468
Oligodendrocytes|OPCs|Edil3|Itgav,NA,NA,1.3277466
Oligodendrocytes|Oligodendrocytes|App|Grm7,NA,NA,1.3274614
Pericytes|Microglia|Ptn|Ptprs,NA,NA,1.3258841
OPCs|Astrocytes|Ncam1|Robo1,NA,NA,1.3251402
OPCs|OPCs|Slit2|Dcc,NA,NA,1.3231138
OPCs|Astrocytes|Alcam|Chl1,NA,NA,1.3219271
Astrocytes|Neurons|Il18|Il1rapl1,NA,NA,1.3212271
Astrocytes|Neurons|Fgf14|Fgfr2,NA,NA,1.3208851
Pericytes|Pericytes|Mfge8|Pdgfrb,NA,NA,1.3202772
Astrocytes|Microglia|Ncam1|Ptpra,NA,NA,1.3194209
Microglia|Neurons|App|Grm7,NA,NA,1.3150184
Pericytes|Astrocytes|Vtn|Itgav_Itgb5,NA,NA,1.3148668
Pericytes|Pericytes|Lama2|Itga1,NA,NA,1.3146898
Pericytes|Astrocytes|Il34|Ptprz1,NA,NA,1.3122414
OPCs|Microglia|Gnai2|P2ry12,NA,NA,1.3117441
OPCs|OPCs|Ncam1|Gfra1,NA,NA,1.3114512
Oligodendrocytes|Microglia|Edil3|Itgav,NA,NA,1.3111833
Microglia|OPCs|Apoe|Lrp1,NA,NA,1.3089807
Neurons|OPCs|Gnas|Adcy8,NA,NA,1.3081036
Pericytes|Pericytes|Ptn|Cdh10,NA,NA,1.3075671
OPCs|Astrocytes|Cntn4|Aplp1,NA,NA,1.306174
Pericytes|Pericytes|Ptn|Sdc3,NA,NA,1.3021352
Astrocytes|Neurons|Lgi1|Adam23,NA,NA,1.3014266
OPCs|Pericytes|Ncam1|Robo1,NA,NA,1.300631
OPCs|Astrocytes|Adam17|Erbb4,NA,NA,1.3004439
Neurons|Neurons|Gnas|Adcy9,NA,NA,1.299875
Astrocytes|Microglia|Nlgn1|Nrxn1,NA,NA,1.2948717
Microglia|Astrocytes|Nrxn1|Nlgn1,NA,NA,1.2948717
Astrocytes|OPCs|Vegfa|Itga9,NA,NA,1.2943145
Pericytes|Astrocytes|Gpc3|Cd81,NA,NA,1.2941599
Neurons|OPCs|Ntn4|Dcc,NA,NA,1.2929941
Neurons|Pericytes|Gnas|Adcy9,NA,NA,1.2927309
Astrocytes|OPCs|Ncam1|Fgfr2,NA,NA,1.2886121
Pericytes|Pericytes|Ptn|Ncl,NA,NA,1.2885302
OPCs|Neurons|App|Dcc,NA,NA,1.286338
Neurons|Oligodendrocytes|App|Rpsa,NA,NA,1.2855424
Pericytes|Oligodendrocytes|Vtn|Itgav_Itgb8,NA,NA,1.2847975
OPCs|Oligodendrocytes|Ncam1|Ptpra,NA,NA,1.2844888
Pericytes|OPCs|Ptn|Ncl,NA,NA,1.283996
OPCs|Pericytes|Ncam1|Ptpra,NA,NA,1.2838011
OPCs|OPCs|Fgf12|Fgfr2,NA,NA,1.2836525
Neurons|Pericytes|App|Lrp1,NA,NA,1.2825128
Pericytes|Pericytes|Vtn|Itgav_Itgb8,NA,NA,1.2822158
Pericytes|Pericytes|Ptn|Ptprs,NA,NA,1.2816716
OPCs|OPCs|Apoe|Lrp6,NA,NA,1.2814207
Pericytes|Astrocytes|Vtn|Itgav_Itgb1,NA,NA,1.2810086
Astrocytes|Microglia|Sorbs1|Itgb5,NA,NA,1.2806044
Astrocytes|Microglia|Gnai2|P2ry12,NA,NA,1.2762333
OPCs|Neurons|Ncam1|Ptpra,NA,NA,1.2738025
Pericytes|OPCs|Ntn1|Unc5c,NA,NA,1.273719
Neurons|Astrocytes|App|Lrp1,NA,NA,1.2727869
Microglia|OPCs|Adam10|Cadm1,NA,NA,1.2712625
Neurons|OPCs|Efnb2|Grm5,NA,NA,1.2711582
Microglia|Astrocytes|Tgfa|Erbb4,NA,NA,1.2708168
Astrocytes|OPCs|Fgf14|Fgfr2,NA,NA,1.2700882
Pericytes|Microglia|Ptn|Plxnb2,NA,NA,1.2698699
OPCs|Neurons|Il18|Il1rapl1,NA,NA,1.2693423
OPCs|Microglia|Ncam1|Fgfr2,NA,NA,1.2652119
OPCs|Pericytes|Ptn|Ptprz1,NA,NA,1.2644923
Pericytes|Astrocytes|Vtn|Cd47,NA,NA,1.2644818
Neurons|Microglia|Gpc3|Cd81,NA,NA,1.2637832
Pericytes|Astrocytes|Ptn|Ncl,NA,NA,1.2627462
Neurons|Microglia|App|Lrp1,NA,NA,1.2615495
Neurons|Microglia|Cgn|Tgfbr1,NA,NA,1.2615283
Neurons|Microglia|Gnas|Adcy9,NA,NA,1.2610615
Pericytes|Oligodendrocytes|Ptn|Ncl,NA,NA,1.2601256
Oligodendrocytes|Microglia|Gnai2|P2ry12,NA,NA,1.2585741
Neurons|Neurons|Sst|Grm7,NA,NA,1.2571564
OPCs|Pericytes|Serpine2|Lrp1,NA,NA,1.2570294
OPCs|OPCs|Ntrk3|Ptprs,NA,NA,1.2565444
Neurons|Microglia|Fgf12|Fgfr2,NA,NA,1.2564601
OPCs|Microglia|Ptn|Ptprs,NA,NA,1.2562089
Microglia|Microglia|Adam10|Trem2,NA,NA,1.2558289
Pericytes|Oligodendrocytes|Ptn|Ptprs,NA,NA,1.2553475
Neurons|Microglia|Rims2|Abca1,NA,NA,1.2550828
Neurons|Microglia|Il1rapl1|Ptprs,NA,NA,1.2524135
Oligodendrocytes|Oligodendrocytes|Ncam1|Fgfr2,NA,NA,1.2500443
Neurons|Oligodendrocytes|Ncam1|Fgfr2,NA,NA,1.2489212
OPCs|Astrocytes|Apoe|Sorl1,NA,NA,1.2483047
Pericytes|Astrocytes|Ptn|Sdc3,NA,NA,1.2477005
OPCs|Astrocytes|Serpine2|Lrp1,NA,NA,1.2473036
Astrocytes|Neurons|App|Grm7,NA,NA,1.2469251
Neurons|OPCs|Slit3|Robo1,NA,NA,1.2467378
Oligodendrocytes|OPCs|Ncam1|Cacna1c,NA,NA,1.2461369
Neurons|OPCs|Ncam1|Cacna1c,NA,NA,1.2450136
Neurons|Neurons|Cntn4|Ptprg,NA,NA,1.2441075
OPCs|OPCs|Bcan|Nrcam,NA,NA,1.2440444
OPCs|Astrocytes|Apoe|Sdc2,NA,NA,1.2439694
Astrocytes|Neurons|Spon1|App,NA,NA,1.2437999
Neurons|Astrocytes|Adam17|Erbb4,NA,NA,1.2437727
Pericytes|OPCs|Gpc3|Unc5c,NA,NA,1.2435457
Neurons|Neurons|Penk|Grm7,NA,NA,1.2431834
OPCs|Neurons|Ntrk3|Ptprs,NA,NA,1.2430363
Astrocytes|OPCs|Ncam1|Ptpra,NA,NA,1.2425795
Neurons|OPCs|Cntn3|Ptprg,NA,NA,1.2410628
Neurons|Pericytes|Cntn4|Ptprg,NA,NA,1.2398431
Microglia|Astrocytes|Adam10|Nrcam,NA,NA,1.2394781
Neurons|Neurons|App|Aplp2,NA,NA,1.238999
Pericytes|Microglia|Ptn|Ncl,NA,NA,1.2389936
Microglia|Pericytes|Psap|Lrp1,NA,NA,1.2384788
OPCs|OPCs|Edil3|Itgav,NA,NA,1.2382754
Neurons|OPCs|Gnas|Adcy9,NA,NA,1.2381303
OPCs|Pericytes|Ptn|Cdh10,NA,NA,1.2378918
Neurons|Microglia|Gnai2|P2ry12,NA,NA,1.2361308
OPCs|Microglia|Serpine2|Lrp1,NA,NA,1.2360661
Neurons|Microglia|Gnas|Adcy7,NA,NA,1.2347322
Astrocytes|Astrocytes|Ncam1|Ptpra,NA,NA,1.234029
OPCs|Oligodendrocytes|App|Aplp1,NA,NA,1.2332265
Pericytes|Microglia|Sdc2|Ptprj,NA,NA,1.2329233
OPCs|Neurons|Apoe|Lrp1,NA,NA,1.2326773
OPCs|Pericytes|Ptn|Sdc3,NA,NA,1.2324599
Astrocytes|Pericytes|Ncam1|Fgfr2,NA,NA,1.2312394
OPCs|OPCs|Cntn4|Aplp1,NA,NA,1.231217
Astrocytes|OPCs|Agt|Grm7,NA,NA,1.2296256
Microglia|OPCs|Ncam1|Robo1,NA,NA,1.2295396
Microglia|Astrocytes|Psap|Lrp1,NA,NA,1.228753
Astrocytes|Microglia|Vcl|Itgb5,NA,NA,1.2286278
Neurons|Astrocytes|Cntn4|Ptprg,NA,NA,1.2282169
Pericytes|Neurons|Vtn|Itga3,NA,NA,1.228127
OPCs|Neurons|Olfm2|Robo2,NA,NA,1.2270899
OPCs|Pericytes|Fgf12|Fgfr2,NA,NA,1.22628
OPCs|OPCs|Spon1|App,NA,NA,1.2261249
OPCs|Neurons|Alcam|Chl1,NA,NA,1.2250634
OPCs|OPCs|App|Grm7,NA,NA,1.2231808
OPCs|Microglia|Edil3|Itgav,NA,NA,1.2217121
Neurons|Astrocytes|Rims2|Abca1,NA,NA,1.2216632
Oligodendrocytes|Neurons|Il18|Il1rapl1,NA,NA,1.2215334
Pericytes|Pericytes|Apoe|Lrp1,NA,NA,1.2206563
Microglia|Pericytes|App|Grm7,NA,NA,1.2202443
OPCs|Pericytes|Ptn|Ncl,NA,NA,1.2188549
Microglia|Microglia|Psap|Lrp1,NA,NA,1.2175155
OPCs|OPCs|Vegfa|Itga9,NA,NA,1.2162219
Oligodendrocytes|Oligodendrocytes|App|Rpsa,NA,NA,1.2157196
Astrocytes|Astrocytes|Ncam1|Robo1,NA,NA,1.214407
OPCs|OPCs|Ptn|Ncl,NA,NA,1.2143207
OPCs|Pericytes|Ncam1|Ncam2,NA,NA,1.2141321
OPCs|Microglia|Apoe|Abca1,NA,NA,1.213446
Astrocytes|Pericytes|Fgf14|Fgfr2,NA,NA,1.2127155
Oligodendrocytes|Pericytes|App|Lrp1,NA,NA,1.21269
OPCs|Pericytes|Ptn|Ptprs,NA,NA,1.2119963
Microglia|Pericytes|Selplg|Esam,NA,NA,1.2113041
Pericytes|Astrocytes|Apoe|Lrp1,NA,NA,1.2109303
OPCs|Pericytes|Ncam1|Ptprz1,NA,NA,1.2100921
Neurons|Astrocytes|Gpc3|Cd81,NA,NA,1.2091188
Neurons|Pericytes|Il1rapl1|Ptprs,NA,NA,1.208201
Pericytes|Neurons|Il18|Il1rapl1,NA,NA,1.2059299
Oligodendrocytes|Astrocytes|Ptn|Cdh10,NA,NA,1.2056829
OPCs|Pericytes|Ncam1|Fgfr1,NA,NA,1.2053908
OPCs|Neurons|Ncam1|Ptprz1,NA,NA,1.2038648
Pericytes|OPCs|App|Lrp1,NA,NA,1.2035475
Oligodendrocytes|Astrocytes|App|Lrp1,NA,NA,1.2029642
Microglia|Microglia|Selplg|Itgb2,NA,NA,1.2022831
OPCs|Neurons|Apoe|Sorl1,NA,NA,1.2020347
Pericytes|Neurons|Ptn|Sdc3,NA,NA,1.2016355
Neurons|Neurons|Il1rapl1|Ptprf,NA,NA,1.2015004
OPCs|Neurons|Cntn6|Ptprg,NA,NA,1.2013421
OPCs|Astrocytes|Ncam1|Fgfr1,NA,NA,1.2007699
Astrocytes|OPCs|Ncam1|Gfra1,NA,NA,1.2007182
Microglia|Neurons|B2m|Tfrc,NA,NA,1.200656
OPCs|Microglia|Ptn|Plxnb2,NA,NA,1.2001946
Pericytes|Microglia|Apoe|Lrp1,NA,NA,1.199693
Astrocytes|Oligodendrocytes|Nlgn1|Nrxn2,NA,NA,1.199188
Oligodendrocytes|Astrocytes|Nrxn2|Nlgn1,NA,NA,1.199188
Microglia|Neurons|Il18|Il1rapl1,NA,NA,1.1973095
OPCs|Pericytes|Cntn6|Ptprg,NA,NA,1.1970778
Neurons|Pericytes|Fgf12|Fgfr1,NA,NA,1.196639
Neurons|Neurons|App|Rpsa,NA,NA,1.1960175
OPCs|Astrocytes|Ptn|Ncl,NA,NA,1.1930709
Pericytes|Oligodendrocytes|Lama2|Rpsa,NA,NA,1.192757
Neurons|Pericytes|App|Rpsa,NA,NA,1.1921165
Neurons|Astrocytes|Fgf12|Fgfr1,NA,NA,1.192018
Oligodendrocytes|Microglia|App|Lrp1,NA,NA,1.1917267
Astrocytes|OPCs|Lgi1|Adam22,NA,NA,1.1910415
Astrocytes|Microglia|Vegfa|Sirpa,NA,NA,1.1906177
OPCs|Oligodendrocytes|Ptn|Ncl,NA,NA,1.1904503
Neurons|Neurons|Fgf12|Fgfr1,NA,NA,1.1903074
Astrocytes|Pericytes|Ncam1|Robo1,NA,NA,1.1898979
OPCs|OPCs|Slit2|Robo1,NA,NA,1.1867709
OPCs|Oligodendrocytes|Ptn|Ptprs,NA,NA,1.1856722
OPCs|Astrocytes|Cntn6|Ptprg,NA,NA,1.1854515
Oligodendrocytes|Astrocytes|Ncam1|Fgfr2,NA,NA,1.1833899
Neurons|OPCs|Slit1|Robo1,NA,NA,1.1832944
Neurons|Astrocytes|Ncam1|Fgfr2,NA,NA,1.1822667
Neurons|Oligodendrocytes|Il1rapl1|Ptprs,NA,NA,1.1818769
Neurons|Microglia|Sorbs1|Itgb5,NA,NA,1.1817894
Neurons|Neurons|Gnas|Adcy1,NA,NA,1.1809446
Pericytes|Astrocytes|Nrxn2|Nlgn1,NA,NA,1.1807919
Astrocytes|Pericytes|Nlgn1|Nrxn2,NA,NA,1.1807919
Neurons|Neurons|App|Aplp1,NA,NA,1.1804448
OPCs|Astrocytes|Apoe|Abca1,NA,NA,1.1800264
OPCs|Microglia|Ncam1|Robo1,NA,NA,1.1784806
Neurons|Microglia|App|Rpsa,NA,NA,1.1784347
OPCs|Astrocytes|Ptn|Sdc3,NA,NA,1.1780251
Pericytes|Astrocytes|Ncam1|Ptprz1,NA,NA,1.1777737
Neurons|Astrocytes|Il1rapl1|Ptprf,NA,NA,1.1774375
Astrocytes|OPCs|Psap|Lrp1,NA,NA,1.1770289
OPCs|OPCs|Apoe|Sdc2,NA,NA,1.175549
Neurons|OPCs|Rims2|Abca1,NA,NA,1.1753517
Astrocytes|Oligodendrocytes|Spon1|App,NA,NA,1.1739773
Astrocytes|Oligodendrocytes|Ncam1|Ptpra,NA,NA,1.1737556
Neurons|Neurons|Slit2|App,NA,NA,1.1736158
Astrocytes|Pericytes|Ncam1|Ptpra,NA,NA,1.1730679
OPCs|Microglia|Alcam|Nrp1,NA,NA,1.1702615
OPCs|Microglia|Ptn|Ncl,NA,NA,1.1693183
Oligodendrocytes|Neurons|App|Aplp2,NA,NA,1.1691763
Neurons|Astrocytes|Gnas|Adcy9,NA,NA,1.1689256
Astrocytes|Astrocytes|Il1rapl1|Ptprs,NA,NA,1.168383
Neurons|Microglia|Cd47|Sirpa,NA,NA,1.1669638
Microglia|Neurons|Sirpa|Cd47,NA,NA,1.1669638
Neurons|Neurons|Fstl5|Cntn5,NA,NA,1.1665328
Oligodendrocytes|OPCs|Ptn|Cdh10,NA,NA,1.1660049
OPCs|Microglia|Cntn4|Ptprg,NA,NA,1.1657312
Oligodendrocytes|OPCs|Apoe|Lrp1,NA,NA,1.1654207
Neurons|Neurons|Slit2|Dcc,NA,NA,1.1648078
Astrocytes|Neurons|Ncam1|Ptpra,NA,NA,1.1630694
Oligodendrocytes|OPCs|Nlgn1|Nrxn2,NA,NA,1.162842
Neurons|Pericytes|Sst|Grm7,NA,NA,1.1623822
Astrocytes|Pericytes|Lama2|Itga1,NA,NA,1.1615862
Astrocytes|Astrocytes|Ptn|Cdh10,NA,NA,1.1588216
Neurons|OPCs|Gpc3|Unc5c,NA,NA,1.1585046
Neurons|OPCs|Gnas|Adora1,NA,NA,1.1584208
Neurons|Oligodendrocytes|App|Dcc,NA,NA,1.1576476
Neurons|OPCs|App|Rpsa,NA,NA,1.157552
Astrocytes|Astrocytes|Nrxn2|Nlgn1,NA,NA,1.1568735
Astrocytes|Astrocytes|Nlgn1|Nrxn2,NA,NA,1.1568735
OPCs|Neurons|Ccl25|Grm7,NA,NA,1.156834
Pericytes|Neurons|Cxcl12|Grm7,NA,NA,1.1562992
Pericytes|Astrocytes|Cntn1|Ptprz1,NA,NA,1.1561682
OPCs|Astrocytes|Bcan|Nrcam,NA,NA,1.1555758
OPCs|Astrocytes|Apoe|Lrp6,NA,NA,1.1554402
Astrocytes|Microglia|Ncam1|Fgfr2,NA,NA,1.1544788
Pericytes|Pericytes|Apoe|Sdc2,NA,NA,1.1539141
Neurons|Oligodendrocytes|Il1rapl1|Ptprf,NA,NA,1.1535014
OPCs|Neurons|Apoe|Lrp8,NA,NA,1.153288
Astrocytes|Pericytes|App|Grm7,NA,NA,1.152151
Pericytes|OPCs|Gpc3|Cd81,NA,NA,1.1519724
Neurons|OPCs|App|Lrp6,NA,NA,1.1515481
Oligodendrocytes|OPCs|Cntn2|Nrcam,NA,NA,1.1507403
Neurons|Astrocytes|App|Rpsa,NA,NA,1.1505897
Astrocytes|Astrocytes|Il18|Il1rapl1,NA,NA,1.1502714
OPCs|Pericytes|Cntn4|Aplp1,NA,NA,1.149673
OPCs|Microglia|Fgf12|Fgfr2,NA,NA,1.1495192
OPCs|Pericytes|Apoe|Lrp6,NA,NA,1.1495063
OPCs|Microglia|Ncam1|Ncam2,NA,NA,1.1494269
Neurons|Pericytes|Penk|Grm7,NA,NA,1.1484092
OPCs|Microglia|Sorbs1|Itgb5,NA,NA,1.1479899
OPCs|Neurons|Apoe|Lrp6,NA,NA,1.1462729
OPCs|Microglia|Cntn4|Aplp1,NA,NA,1.1462023
Neurons|Neurons|Ccl25|Grm7,NA,NA,1.1458004
Pericytes|Oligodendrocytes|App|Grm7,NA,NA,1.1407783
Oligodendrocytes|Neurons|Ncam1|Fgfr2,NA,NA,1.1404827
Neurons|Neurons|Ncam1|Fgfr2,NA,NA,1.1393594
OPCs|Astrocytes|Ncam1|Cacna1c,NA,NA,1.1367352
Oligodendrocytes|Oligodendrocytes|Ncam1|Robo1,NA,NA,1.1360399
Astrocytes|Microglia|Fgf14|Fgfr2,NA,NA,1.1359549
Oligodendrocytes|Astrocytes|Cntn2|Cntn1,NA,NA,1.135459
Neurons|Oligodendrocytes|Ncam1|Robo1,NA,NA,1.1349165
Microglia|Neurons|Adam10|Cadm1,NA,NA,1.1341147
OPCs|OPCs|Apoe|Abca1,NA,NA,1.1337149
Neurons|Microglia|App|Notch2,NA,NA,1.1326077
Neurons|OPCs|App|Aplp2,NA,NA,1.132156
OPCs|Neurons|Ptn|Sdc3,NA,NA,1.1319602
OPCs|Microglia|Apoe|Lrp5,NA,NA,1.1314799
Microglia|Pericytes|Apoe|Lrp1,NA,NA,1.1314403
Astrocytes|Microglia|Sdc2|Ptprj,NA,NA,1.1312497
Neurons|Neurons|Efna5|Epha6,NA,NA,1.130821
Neurons|Pericytes|App|Aplp2,NA,NA,1.1303334
Neurons|Astrocytes|Gnas|Adora1,NA,NA,1.1281579
Pericytes|Microglia|Pros1|Mertk,NA,NA,1.1273488
Pericytes|Neurons|Ncam1|Ncam2,NA,NA,1.1266491
Oligodendrocytes|Neurons|App|Rpsa,NA,NA,1.1261948
OPCs|OPCs|Adam10|Nrcam,NA,NA,1.1258512
Microglia|Neurons|App|Dcc,NA,NA,1.1238083
Oligodendrocytes|Pericytes|App|Rpsa,NA,NA,1.1222937
Microglia|Astrocytes|Apoe|Lrp1,NA,NA,1.1217145
OPCs|Microglia|Apoe|Lrp6,NA,NA,1.1207294
Oligodendrocytes|Microglia|Ncam1|Ptpra,NA,NA,1.1204946
Neurons|Microglia|Ncam1|Ptpra,NA,NA,1.1193713
Astrocytes|OPCs|Ptn|Cdh10,NA,NA,1.1191435
Neurons|Pericytes|Pdgfa|Pdgfrb,NA,NA,1.1189464
Oligodendrocytes|Neurons|Trf|Tfrc,NA,NA,1.1180744
OPCs|Oligodendrocytes|Ncam1|Cacna1c,NA,NA,1.1179723
Astrocytes|OPCs|Serpine2|Lrp1,NA,NA,1.1169858
Microglia|OPCs|Adam15|Itga9,NA,NA,1.1164682
Neurons|Pericytes|Pdgfc|Pdgfrb,NA,NA,1.1153492
Astrocytes|Microglia|Gas6|Mertk,NA,NA,1.1146075
Microglia|Pericytes|B2m|Tfrc,NA,NA,1.1137701
OPCs|OPCs|Apoe|Ldlr,NA,NA,1.1136435
Neurons|Pericytes|Gnas|Adcy8,NA,NA,1.1134582
OPCs|OPCs|Ncam1|Fgfr1,NA,NA,1.1129537
OPCs|Microglia|Vegfa|Sirpa,NA,NA,1.1125251
Neurons|OPCs|Pdgfa|Pdgfra,NA,NA,1.1119447
Neurons|Pericytes|Rims2|Abca1,NA,NA,1.1109235
Oligodendrocytes|Neurons|App|Aplp1,NA,NA,1.110622
Microglia|Microglia|Apoe|Lrp1,NA,NA,1.110477
OPCs|Neurons|Ncam1|Gfra1,NA,NA,1.110273
Pericytes|Pericytes|Sorbs1|Itga1,NA,NA,1.1095395
Oligodendrocytes|Microglia|App|Rpsa,NA,NA,1.1086121
Neurons|OPCs|Pdgfc|Pdgfra,NA,NA,1.1083474
Pericytes|OPCs|Fn1|Itga9,NA,NA,1.1081958
Microglia|OPCs|Sirpa|Cd47,NA,NA,1.1066446
OPCs|Microglia|Cd47|Sirpa,NA,NA,1.1066446
Neurons|Pericytes|Pdap1|Pdgfrb,NA,NA,1.1063265
Pericytes|OPCs|Cntn1|Nrcam,NA,NA,1.1063092
Neurons|OPCs|Psap|Lrp1,NA,NA,1.1060781
Astrocytes|Neurons|Bcan|Nrcam,NA,NA,1.1058893
Pericytes|Neurons|Gnas|Adcy8,NA,NA,1.10574
OPCs|OPCs|Apoe|Lrp4,NA,NA,1.1056648
Oligodendrocytes|Astrocytes|Cntn1|Ptprz1,NA,NA,1.1050553
Pericytes|Microglia|Vcl|Itgb5,NA,NA,1.1043596
Oligodendrocytes|OPCs|Adam10|Nrcam,NA,NA,1.1043197
Neurons|OPCs|Fgf12|Fgfr1,NA,NA,1.1042018
Neurons|Oligodendrocytes|Slit2|App,NA,NA,1.103793
Astrocytes|Pericytes|Ncam1|Ncam2,NA,NA,1.103399
Pericytes|Neurons|Lama2|Rpsa,NA,NA,1.1032321
Microglia|Astrocytes|B2m|Tfrc,NA,NA,1.1030546
Neurons|Neurons|App|Lrp1,NA,NA,1.1028048
OPCs|Neurons|Apoe|Sdc2,NA,NA,1.1012682
Neurons|Pericytes|Nxph1|Nrxn1,NA,NA,1.0996422
Astrocytes|Pericytes|Ncam1|Ptprz1,NA,NA,1.0993589
Neurons|OPCs|Adam10|Nrcam,NA,NA,1.0993328
Pericytes|Pericytes|Lama2|Rpsa,NA,NA,1.0993311
Neurons|Astrocytes|App|Aplp1,NA,NA,1.098513
OPCs|Astrocytes|Il18|Il1rapl1,NA,NA,1.0983865
OPCs|Oligodendrocytes|Apoe|Vldlr,NA,NA,1.098304
Microglia|Pericytes|Sparc|Fgfr1,NA,NA,1.0960984
Pericytes|OPCs|Adam10|Nrcam,NA,NA,1.0957053
Astrocytes|Pericytes|Ncam1|Fgfr1,NA,NA,1.0946577
Astrocytes|Neurons|Ccl25|Grm7,NA,NA,1.0936936
Astrocytes|Neurons|Ncam1|Ptprz1,NA,NA,1.0931317
OPCs|Pericytes|Nrxn2|Nlgn1,NA,NA,1.0930697
Pericytes|OPCs|Nlgn1|Nrxn2,NA,NA,1.0930697
Neurons|Neurons|Gnas|Adora1,NA,NA,1.092598
Microglia|Astrocytes|Sparc|Fgfr1,NA,NA,1.0914775
OPCs|Microglia|Gas6|Mertk,NA,NA,1.0905933
OPCs|OPCs|App|Lrp1,NA,NA,1.0904548
Astrocytes|Astrocytes|Ncam1|Fgfr1,NA,NA,1.0900367
Microglia|Neurons|Sparc|Fgfr1,NA,NA,1.0897667
OPCs|Pericytes|Fgf12|Fgfr1,NA,NA,1.0896982
Pericytes|OPCs|Apoe|Lrp6,NA,NA,1.0896916
Oligodendrocytes|OPCs|Ncam1|Fgfr2,NA,NA,1.0896857
Astrocytes|OPCs|Adam10|Nrcam,NA,NA,1.089636
OPCs|Microglia|Apoe|Sorl1,NA,NA,1.0886497
Neurons|OPCs|Ncam1|Fgfr2,NA,NA,1.0885625
Oligodendrocytes|Oligodendrocytes|App|Dcc,NA,NA,1.0878248
Oligodendrocytes|OPCs|App|Rpsa,NA,NA,1.0877293
Pericytes|Microglia|Mfge8|Itgb5,NA,NA,1.0866761
Pericytes|Microglia|Lama2|Rpsa,NA,NA,1.0856494
OPCs|Astrocytes|Fgf12|Fgfr1,NA,NA,1.0850773
OPCs|Neurons|Fgf12|Fgfr1,NA,NA,1.0833665
Oligodendrocytes|Astrocytes|Edil3|Itgav,NA,NA,1.0827893
OPCs|OPCs|Psap|Lrp1,NA,NA,1.0821176
Neurons|Oligodendrocytes|App|Aplp2,NA,NA,1.082008
OPCs|Oligodendrocytes|Apoe|Sorl1,NA,NA,1.0818245
Oligodendrocytes|OPCs|App|Lrp6,NA,NA,1.0817255
OPCs|Pericytes|Apoe|Ldlr,NA,NA,1.0815488
Astrocytes|Microglia|Il1rapl1|Ptprs,NA,NA,1.0814579
Oligodendrocytes|Astrocytes|App|Rpsa,NA,NA,1.0807669
Oligodendrocytes|OPCs|Trf|Ldlr,NA,NA,1.0799303
Neurons|Neurons|Gnas|Crhr1,NA,NA,1.0794294
Neurons|Oligodendrocytes|Ntng1|Lrrc4c,NA,NA,1.0787051
OPCs|Neurons|Serpine2|Lrp1,NA,NA,1.0773215
Oligodendrocytes|Pericytes|Edil3|Itgb5,NA,NA,1.0771445
Neurons|Neurons|Gnas|Adcy7,NA,NA,1.0771264
Astrocytes|Pericytes|Fgf14|Fgfr1,NA,NA,1.0761337
Oligodendrocytes|Neurons|Gnas|Adcy8,NA,NA,1.0756489
Neurons|OPCs|Ntrk3|Ptprs,NA,NA,1.0750904
OPCs|Astrocytes|Olfm2|Robo2,NA,NA,1.0749524
Astrocytes|Neurons|Gnas|Adcy8,NA,NA,1.0721548
Neurons|Neurons|Cntn6|Ptprg,NA,NA,1.0720577
Astrocytes|OPCs|Lgi1|Adam23,NA,NA,1.0718665
OPCs|OPCs|Apoe|Vldlr,NA,NA,1.0716535
OPCs|Neurons|Alcam|Nrp1,NA,NA,1.0715332
Astrocytes|Astrocytes|Fgf14|Fgfr1,NA,NA,1.0715128
Pericytes|Neurons|Ncam1|Robo1,NA,NA,1.0715033
Pericytes|OPCs|Vegfa|Itga9,NA,NA,1.0712259
Microglia|Oligodendrocytes|App|Aplp1,NA,NA,1.0706968
Oligodendrocytes|Pericytes|Edil3|Itgav,NA,NA,1.0699244
Astrocytes|Neurons|Fgf14|Fgfr1,NA,NA,1.0698022
Oligodendrocytes|OPCs|Il1rapl1|Ptprs,NA,NA,1.0696521
OPCs|Pericytes|Apoe|Abca1,NA,NA,1.0692867
OPCs|OPCs|Adam10|Cadm1,NA,NA,1.0691669
Neurons|Pericytes|Cntn6|Ptprg,NA,NA,1.0677934
Astrocytes|Microglia|Ncam1|Robo1,NA,NA,1.0677475
Neurons|OPCs|Gpc3|Cd81,NA,NA,1.0669314
OPCs|Astrocytes|Apoe|Lrp4,NA,NA,1.0666525
Neurons|OPCs|Edil3|Itgav,NA,NA,1.065577
Pericytes|OPCs|Lama2|Rpsa,NA,NA,1.0647666
Microglia|Pericytes|Apoe|Sdc2,NA,NA,1.0646981
OPCs|Microglia|Spon1|App,NA,NA,1.0635952
OPCs|Microglia|Sdc2|Ptprj,NA,NA,1.0628293
Oligodendrocytes|Microglia|App|Notch2,NA,NA,1.062785
Oligodendrocytes|OPCs|App|Aplp2,NA,NA,1.0623333
Oligodendrocytes|Astrocytes|Cntn2|Nrcam,NA,NA,1.0622716
OPCs|Pericytes|Ccl25|Grm7,NA,NA,1.0620599
Neurons|Neurons|Ntrk3|Ptprs,NA,NA,1.0615826
Pericytes|Pericytes|Cxcl12|Grm7,NA,NA,1.0615251
Microglia|OPCs|App|Grm7,NA,NA,1.0606511
Oligodendrocytes|Pericytes|App|Aplp2,NA,NA,1.0605108
OPCs|Astrocytes|Mdk|Ptprz1,NA,NA,1.0593178
Neurons|OPCs|Adam15|Itga9,NA,NA,1.0590798
Microglia|Microglia|Sirpa|Cd47,NA,NA,1.0588411
Microglia|Microglia|Cd47|Sirpa,NA,NA,1.0588411
Microglia|Neurons|Psap|Lrp1,NA,NA,1.0587709
OPCs|OPCs|Cntn3|Ptprg,NA,NA,1.0584393
Astrocytes|Pericytes|Sorbs1|Itga1,NA,NA,1.058297
OPCs|Pericytes|Alcam|Nrp1,NA,NA,1.0582033
Pericytes|Astrocytes|Lama2|Rpsa,NA,NA,1.0578043
Pericytes|Astrocytes|Apoe|Sorl1,NA,NA,1.0565758
Microglia|Pericytes|Sparc|Eng,NA,NA,1.0564281
Neurons|Astrocytes|Cntn6|Ptprg,NA,NA,1.0561671
OPCs|OPCs|Apoe|Lrp5,NA,NA,1.056165
Oligodendrocytes|Neurons|Il1rapl1|Ptprs,NA,NA,1.0561441
Astrocytes|Neurons|App|Dcc,NA,NA,1.055715
Oligodendrocytes|OPCs|Cntn1|Nrcam,NA,NA,1.0551963
Microglia|Astrocytes|Fgf13|Fgfr3,NA,NA,1.0550226
Neurons|OPCs|Vegfa|Itga9,NA,NA,1.0546557
Astrocytes|Pericytes|Cntn1|Notch2,NA,NA,1.0544653
OPCs|Microglia|Adam10|Trem2,NA,NA,1.0537333
OPCs|Microglia|Rims2|Abca1,NA,NA,1.0531057
OPCs|Oligodendrocytes|Apoe|Lrp6,NA,NA,1.052285
Pericytes|Astrocytes|Apoe|Sdc2,NA,NA,1.0522405
Neurons|Pericytes|Ccl25|Grm7,NA,NA,1.0510262
Oligodendrocytes|Astrocytes|Il18|Il1rapl1,NA,NA,1.0505778
Oligodendrocytes|Oligodendrocytes|Edil3|Itgav,NA,NA,1.0494745
Neurons|Microglia|Edil3|Itgav,NA,NA,1.0490136
Oligodendrocytes|Pericytes|Trf|Ldlr,NA,NA,1.0478357
Oligodendrocytes|OPCs|Adam10|Cadm1,NA,NA,1.0476354
OPCs|Microglia|Sema3d|Nrp1_Plxna4,NA,NA,1.0471213
Microglia|Astrocytes|Ncam1|Ptprz1,NA,NA,1.0464339
Astrocytes|Pericytes|Cntn1|Ptprz1,NA,NA,1.0462397
Neurons|Oligodendrocytes|Dscam|Dcc,NA,NA,1.0461271
Astrocytes|Astrocytes|Cntn1|Notch2,NA,NA,1.0448636
OPCs|Neurons|Apoe|Ldlr,NA,NA,1.0446646
Microglia|Astrocytes|Cntn1|Ptprz1,NA,NA,1.0443051
Oligodendrocytes|OPCs|Ncam1|Ptpra,NA,NA,1.043653
Astrocytes|Pericytes|Cntn1|Nrcam,NA,NA,1.0429833
Neurons|OPCs|Adam10|Cadm1,NA,NA,1.0426486
Neurons|OPCs|Ncam1|Ptpra,NA,NA,1.0425298
Pericytes|Neurons|Apoe|Lrp1,NA,NA,1.0409483
OPCs|Astrocytes|Apoe|Ldlr,NA,NA,1.0402496
Astrocytes|Neurons|Cntn1|Ptprz1,NA,NA,1.0400125
Astrocytes|Oligodendrocytes|Lama2|Rpsa,NA,NA,1.0396534
Pericytes|OPCs|Adam10|Cadm1,NA,NA,1.039021
Astrocytes|Microglia|Ncam1|Ncam2,NA,NA,1.0386938
Neurons|Astrocytes|L1cam|Ptprz1,NA,NA,1.0384425
Microglia|Microglia|Tgfb1|Itgb5,NA,NA,1.0377347
OPCs|Astrocytes|Adam10|Nrcam,NA,NA,1.0373825
Astrocytes|Pericytes|Il1rapl1|Ptprs,NA,NA,1.0372453
Neurons|Neurons|Efnb2|Grm5,NA,NA,1.0362844
Neurons|Neurons|Cntn4|Aplp1,NA,NA,1.035435
Oligodendrocytes|Astrocytes|Ncam1|Ptpra,NA,NA,1.0351027
Pericytes|Astrocytes|Il18|Il1rapl1,NA,NA,1.0349741
Astrocytes|Oligodendrocytes|Agt|Grm7,NA,NA,1.0341306
Neurons|Astrocytes|Ncam1|Ptpra,NA,NA,1.0339794
Neurons|Pericytes|App|Notch2,NA,NA,1.033516
Oligodendrocytes|Neurons|App|Lrp1,NA,NA,1.0329821
Astrocytes|OPCs|Adam10|Cadm1,NA,NA,1.0329517
Oligodendrocytes|Pericytes|Ncam1|Fgfr2,NA,NA,1.0323131
Oligodendrocytes|Microglia|Adam10|Trem2,NA,NA,1.0322018
OPCs|OPCs|Apoe|Lrp8,NA,NA,1.0317957
Neurons|Pericytes|Ncam1|Fgfr2,NA,NA,1.0311898
Oligodendrocytes|Pericytes|Trf|Tfrc,NA,NA,1.0311885
Astrocytes|Neurons|Il1rapl1|Ptprf,NA,NA,1.0305448
Oligodendrocytes|Microglia|Cd47|Sirpa,NA,NA,1.0304632
Microglia|Oligodendrocytes|Sirpa|Cd47,NA,NA,1.0304632
Pericytes|Neurons|Ntn1|Dcc,NA,NA,1.0303011
Oligodendrocytes|Neurons|Cntn2|Cntn1,NA,NA,1.0298055
Pericytes|Oligodendrocytes|App|Rpsa,NA,NA,1.0290366
Oligodendrocytes|Astrocytes|App|Aplp1,NA,NA,1.0286903
OPCs|Oligodendrocytes|App|Grm7,NA,NA,1.0276858
Neurons|Microglia|Adam10|Trem2,NA,NA,1.027215
Pericytes|Microglia|Lama2|Itga6_Itgb1,NA,NA,1.0265807
Microglia|Astrocytes|Il18|Il1rapl1,NA,NA,1.0263538
Astrocytes|Pericytes|Cntn1|Notch1,NA,NA,1.0260515
Pericytes|Pericytes|App|Lrp1,NA,NA,1.026007
Astrocytes|Astrocytes|Ncam1|Cacna1c,NA,NA,1.026002
OPCs|Neurons|Apoe|Vldlr,NA,NA,1.0259824
Astrocytes|Astrocytes|Cntn1|Notch1,NA,NA,1.0256481
Neurons|Astrocytes|App|Lrp6,NA,NA,1.0255677
Neurons|Astrocytes|App|Notch2,NA,NA,1.0239142
Pericytes|Microglia|Adam10|Trem2,NA,NA,1.0235875
Neurons|OPCs|App|Aplp1,NA,NA,1.023556
Neurons|OPCs|Vegfc|Itga9,NA,NA,1.0218894
OPCs|Neurons|Apoe|Scarb1,NA,NA,1.0217222
Pericytes|Microglia|Apoe|Abca1,NA,NA,1.021717
Pericytes|Microglia|Cd47|Sirpa,NA,NA,1.0215352
Microglia|Pericytes|Sirpa|Cd47,NA,NA,1.0215352
Oligodendrocytes|Astrocytes|Trf|Tfrc,NA,NA,1.0204729
Oligodendrocytes|Astrocytes|Edil3|Itgb5,NA,NA,1.0198251
OPCs|Astrocytes|Rims2|Abca1,NA,NA,1.0196862
Neurons|Pericytes|App|Lrp6,NA,NA,1.0196339
OPCs|OPCs|Nlgn2|Nrxn2,NA,NA,1.0186224
Neurons|Astrocytes|Rims1|Cacna1c,NA,NA,1.0179445
Pericytes|Astrocytes|Cntn1|Nrcam,NA,NA,1.0178405
Microglia|OPCs|Nlgn1|Nrxn2,NA,NA,1.0177583
OPCs|Microglia|Nrxn2|Nlgn1,NA,NA,1.0177583
Astrocytes|Microglia|Adam10|Trem2,NA,NA,1.0175182
Neurons|Neurons|App|Lrp6,NA,NA,1.0164005
Pericytes|Astrocytes|App|Lrp1,NA,NA,1.0162811
Oligodendrocytes|Astrocytes|Adam10|Nrcam,NA,NA,1.015851
Oligodendrocytes|Astrocytes|Ncam1|Robo1,NA,NA,1.0154806
Neurons|Astrocytes|Ncam1|Robo1,NA,NA,1.0143573
Neurons|Microglia|App|Tnfrsf21,NA,NA,1.0129263
Pericytes|Astrocytes|Gnas|Adcy8,NA,NA,1.0128343
Oligodendrocytes|Oligodendrocytes|App|Aplp2,NA,NA,1.0121852
Oligodendrocytes|Neurons|Trf|Ldlr,NA,NA,1.0109515
Astrocytes|Oligodendrocytes|Il1rapl1|Ptprs,NA,NA,1.0109212
Neurons|Astrocytes|Adam10|Nrcam,NA,NA,1.0108641
Microglia|Oligodendrocytes|Psap|Sort1,NA,NA,1.0108621
Pericytes|Neurons|Apoe|Sorl1,NA,NA,1.0103056
Neurons|Astrocytes|App|Aplp2,NA,NA,1.0097384
Pericytes|OPCs|Bcan|Nrcam,NA,NA,1.0095849
Microglia|Neurons|Gnas|Adcy8,NA,NA,1.0084795
Oligodendrocytes|OPCs|Cntn3|Ptprg,NA,NA,1.0084752
Microglia|Oligodendrocytes|Fgf13|Fgfr2,NA,NA,1.0078068
Astrocytes|Oligodendrocytes|Ncam1|Cacna1c,NA,NA,1.0072391
Pericytes|Astrocytes|Adam10|Nrcam,NA,NA,1.0072366
Oligodendrocytes|Astrocytes|Trf|Ldlr,NA,NA,1.0065364
Astrocytes|Astrocytes|Il1rapl1|Ptprf,NA,NA,1.0064819
Pericytes|Microglia|App|Lrp1,NA,NA,1.0050437
OPCs|Pericytes|Alcam|Chl1,NA,NA,1.0050159
Neurons|Astrocytes|Fgf13|Fgfr3,NA,NA,1.0047474
Oligodendrocytes|OPCs|Ptn|Ptprs,NA,NA,1.0047221
Microglia|OPCs|Sparc|Fgfr1,NA,NA,1.0036612
Neurons|OPCs|Sst|Grm7,NA,NA,1.002789
Astrocytes|Oligodendrocytes|App|Aplp1,NA,NA,1.0026035
Astrocytes|OPCs|Ncam1|Fgfr1,NA,NA,1.0022205
Oligodendrocytes|OPCs|Ncam1|Gfra1,NA,NA,1.0017917
Astrocytes|Astrocytes|Adam10|Nrcam,NA,NA,1.0011673
Neurons|OPCs|Ncam1|Gfra1,NA,NA,1.0006685
Microglia|OPCs|Apoe|Lrp6,NA,NA,1.0004758
Astrocytes|Neurons|Ncam1|Gfra1,NA,NA,0.9995398
Astrocytes|Pericytes|Psap|Lrp1,NA,NA,0.9994885
OPCs|Astrocytes|Ntrk3|Ptprs,NA,NA,0.99919116
Neurons|Oligodendrocytes|Rims1|Cacna1c,NA,NA,0.99918157
Astrocytes|Pericytes|Ccl25|Grm7,NA,NA,0.99891955
OPCs|OPCs|Fgf12|Fgfr1,NA,NA,0.997261
OPCs|Astrocytes|Spon1|App,NA,NA,0.9955019
Microglia|Neurons|Ncam1|Ncam2,NA,NA,0.99530935
Microglia|OPCs|Cntn1|Nrcam,NA,NA,0.99444604
Neurons|Astrocytes|Fstl5|Chl1,NA,NA,0.99381906
OPCs|Astrocytes|Edil3|Itgav,NA,NA,0.993318
Microglia|Neurons|Adam10|Nrcam,NA,NA,0.99256957
Astrocytes|OPCs|App|Grm7,NA,NA,0.99255776
Neurons|Neurons|Olfm2|Robo2,NA,NA,0.9923117
Neurons|OPCs|Bcan|Nrcam,NA,NA,0.9917385
Oligodendrocytes|Neurons|Ptn|Ptprs,NA,NA,0.9912142
Oligodendrocytes|Pericytes|Ncam1|Robo1,NA,NA,0.9909715
Neurons|Microglia|App|Lrp6,NA,NA,0.99085695
Neurons|Pericytes|Ncam1|Robo1,NA,NA,0.98984826
Astrocytes|Astrocytes|Psap|Lrp1,NA,NA,0.98976266
Microglia|Astrocytes|Adam10|Cadm1,NA,NA,0.9888792
Neurons|OPCs|Penk|Grm7,NA,NA,0.988816
Neurons|Microglia|Sdc2|Ptprj,NA,NA,0.98854834
Pericytes|Astrocytes|Apoe|Abca1,NA,NA,0.98829746
Oligodendrocytes|Pericytes|Apoe|Lrp1,NA,NA,0.98788023
Pericytes|OPCs|Lama2|Itga9_Itgb1,NA,NA,0.9877092
OPCs|Pericytes|Edil3|Itgb5,NA,NA,0.9876732
Astrocytes|Pericytes|Spon1|App,NA,NA,0.98729426
Neurons|Pericytes|App|Tnfrsf21,NA,NA,0.98573065
OPCs|Astrocytes|Alcam|Nrp1,NA,NA,0.98418486
Pericytes|OPCs|Apoe|Sdc2,NA,NA,0.9838201
Astrocytes|OPCs|Fgf14|Fgfr1,NA,NA,0.9836966
OPCs|OPCs|Alcam|Chl1,NA,NA,0.9829843
Oligodendrocytes|Astrocytes|Gnas|Adcy8,NA,NA,0.9827432
Pericytes|Pericytes|Lamc1|Itga1,NA,NA,0.9825629
Astrocytes|Oligodendrocytes|Il1rapl1|Ptprf,NA,NA,0.9825456
Pericytes|Neurons|App|Aplp2,NA,NA,0.9824933
OPCs|Pericytes|Edil3|Itgav,NA,NA,0.98045313
Oligodendrocytes|Microglia|Rtn4|Rtn4rl1,NA,NA,0.9800417
Astrocytes|OPCs|Ntrk3|Ptprs,NA,NA,0.9797722
Neurons|Microglia|Fstl5|Il6ra,NA,NA,0.97972554
Astrocytes|Astrocytes|Gnas|Adcy8,NA,NA,0.97924906
Astrocytes|Microglia|Psap|Lrp1,NA,NA,0.9785252
Pericytes|OPCs|Lama2|Itgav_Itgb8,NA,NA,0.97836953
Oligodendrocytes|Astrocytes|Apoe|Lrp1,NA,NA,0.9781543
Neurons|Microglia|App|Grm7,NA,NA,0.97748685
OPCs|Neurons|Agrn|Atp1a3,NA,NA,0.9772997
Pericytes|Microglia|Lama2|Itga9_Itgb1,NA,NA,0.97682273
OPCs|OPCs|Nlgn3|Nrxn2,NA,NA,0.97654194
Microglia|Microglia|Adam10|Cadm1,NA,NA,0.97583103
Pericytes|OPCs|Gnas|Adcy8,NA,NA,0.97547996
Microglia|Neurons|Psap|Sort1,NA,NA,0.9754567
Oligodendrocytes|Oligodendrocytes|Ncam1|Ptpra,NA,NA,0.9748292
Oligodendrocytes|Pericytes|Ncam1|Ptpra,NA,NA,0.9741415
OPCs|Neurons|Ntn1|Unc5d,NA,NA,0.9739635
Neurons|Oligodendrocytes|Ncam1|Ptpra,NA,NA,0.973706
OPCs|OPCs|Rims2|Abca1,NA,NA,0.9733747
Neurons|Astrocytes|L1cam|Cntn1,NA,NA,0.9733021
Neurons|Pericytes|Ncam1|Ptpra,NA,NA,0.9730183
Microglia|Microglia|Psap|Sort1,NA,NA,0.9712958
Pericytes|Pericytes|Gpc3|Cd81,NA,NA,0.9704768
OPCs|Neurons|Gnas|Adcy8,NA,NA,0.97028136
Neurons|OPCs|Cntn2|Nrcam,NA,NA,0.97001314
Neurons|Oligodendrocytes|App|Vldlr,NA,NA,0.96843153
Pericytes|Microglia|Vegfa|Sirpa,NA,NA,0.96752906
Microglia|Astrocytes|Apoe|Sorl1,NA,NA,0.9673598
Neurons|Neurons|Cntn3|Ptprg,NA,NA,0.96728814
Pericytes|Neurons|Gnas|Adcy9,NA,NA,0.9672514
Astrocytes|Astrocytes|Alcam|Chl1,NA,NA,0.9669956
Astrocytes|Oligodendrocytes|Lgi1|Adam22,NA,NA,0.9669862
Oligodendrocytes|Microglia|Apoe|Lrp1,NA,NA,0.9669169
Oligodendrocytes|Astrocytes|Cntn1|Nrcam,NA,NA,0.96672755
Astrocytes|Neurons|Ntrk3|Ptprs,NA,NA,0.96626425
Neurons|Astrocytes|App|Grm7,NA,NA,0.9662238
Oligodendrocytes|Neurons|Ncam1|Ptpra,NA,NA,0.96414304
Neurons|Astrocytes|Il34|Ptprz1,NA,NA,0.9640889
Pericytes|Astrocytes|Apoe|Lrp6,NA,NA,0.9637112
Oligodendrocytes|Pericytes|App|Notch2,NA,NA,0.9636933
Microglia|Astrocytes|Apoe|Sdc2,NA,NA,0.9630245
Neurons|Pericytes|Cntn3|Ptprg,NA,NA,0.9630238
Neurons|Neurons|Ncam1|Ptpra,NA,NA,0.9630197
Neurons|Microglia|App|Aplp2,NA,NA,0.9624944
Neurons|Microglia|Apoe|Trem2,NA,NA,0.96231025
Pericytes|Neurons|Apoe|Lrp8,NA,NA,0.96155906
Pericytes|Pericytes|Gnas|Adcy9,NA,NA,0.9601072
OPCs|Oligodendrocytes|Edil3|Itgav,NA,NA,0.9600032
Neurons|Oligodendrocytes|Nxph1|Nrxn1,NA,NA,0.9598705
Neurons|Pericytes|Sorbs1|Itga1,NA,NA,0.95948213
Astrocytes|OPCs|Ptn|Ptprs,NA,NA,0.9578609
Pericytes|Pericytes|Apoe|Lrp6,NA,NA,0.9577774
Neurons|Oligodendrocytes|Fgf13|Fgfr2,NA,NA,0.9575315
Neurons|Neurons|Slit3|Robo1,NA,NA,0.9573618
Microglia|Astrocytes|Sirpa|Cd47,NA,NA,0.9569413
Astrocytes|Microglia|Cd47|Sirpa,NA,NA,0.9569413
Microglia|Neurons|Fgf13|Scn8a,NA,NA,0.9561573
Oligodendrocytes|Astrocytes|App|Lrp6,NA,NA,0.955745
Oligodendrocytes|Microglia|Ncam1|Fgfr2,NA,NA,0.9555524
OPCs|Astrocytes|Rims1|Cacna1c,NA,NA,0.95509505
Neurons|Astrocytes|Cntn2|Cntn1,NA,NA,0.95473176
Neurons|Neurons|Agrn|Atp1a3,NA,NA,0.9546623
Pericytes|Neurons|Apoe|Lrp6,NA,NA,0.95454395
Neurons|Microglia|Ncam1|Fgfr2,NA,NA,0.95442915
OPCs|Neurons|Spon1|Lrp8,NA,NA,0.9543945
Oligodendrocytes|Astrocytes|App|Notch2,NA,NA,0.95409155
Oligodendrocytes|OPCs|App|Aplp1,NA,NA,0.9537332
Neurons|Astrocytes|Cntn4|Aplp1,NA,NA,0.95350313
Oligodendrocytes|Microglia|Csf1|Sirpa,NA,NA,0.95273906
Astrocytes|Neurons|Vegfa|Grin2b,NA,NA,0.95268345
Microglia|Microglia|Tln1|Itgb5,NA,NA,0.95186603
Microglia|Neurons|Apoe|Lrp1,NA,NA,0.9517324
Neurons|Astrocytes|Cntn3|Ptprg,NA,NA,0.95139754
Neurons|Microglia|Vegfa|Sirpa,NA,NA,0.9509589
Astrocytes|Neurons|Lama2|Rpsa,NA,NA,0.9501286
Oligodendrocytes|Pericytes|App|Lrp6,NA,NA,0.9498111
Neurons|Pericytes|Cntn1|Notch2,NA,NA,0.948812
OPCs|Neurons|Sema3d|Nrp1_Plxna2,NA,NA,0.9483929
OPCs|Neurons|Sema3d|Nrp1_Plxna4,NA,NA,0.9483929
Oligodendrocytes|Neurons|App|Lrp6,NA,NA,0.94657767
Astrocytes|Pericytes|Lama2|Rpsa,NA,NA,0.9462275
Neurons|Neurons|App|Gpc1,NA,NA,0.94596136
Oligodendrocytes|OPCs|Gnas|Adcy8,NA,NA,0.9453888
Pericytes|Oligodendrocytes|Ncam1|Ncam2,NA,NA,0.94465166
Oligodendrocytes|Neurons|Dscam|Dcc,NA,NA,0.9445191
Astrocytes|Neurons|Ptn|Ptprs,NA,NA,0.9443529
Pericytes|Astrocytes|Lama2|Itgav_Itgb8,NA,NA,0.94426346
Oligodendrocytes|Microglia|App|Tnfrsf21,NA,NA,0.94310355
Pericytes|Microglia|Col4a2|Itgb5,NA,NA,0.94297135
Pericytes|Pericytes|Lama2|Dag1,NA,NA,0.9424709
Neurons|Pericytes|App|Aplp1,NA,NA,0.9420119
Pericytes|OPCs|Apoe|Abca1,NA,NA,0.94198596
Astrocytes|OPCs|Gnas|Adcy8,NA,NA,0.94189465000000006
Neurons|OPCs|App|Vldlr,NA,NA,0.941781
Pericytes|Neurons|Spon1|App,NA,NA,0.94127727
Microglia|Astrocytes|Fgf13|Fgfr2,NA,NA,0.94115233
Neurons|Pericytes|Cntn1|Ptprz1,NA,NA,0.9405863
Microglia|Neurons|Ncam1|Robo1,NA,NA,0.9401635
Oligodendrocytes|Astrocytes|App|Aplp2,NA,NA,0.9399158
Pericytes|Microglia|Apoe|Lrp5,NA,NA,0.93975085
Pericytes|Neurons|App|Rpsa,NA,NA,0.93951184
Astrocytes|Pericytes|Serpine2|Lrp1,NA,NA,0.9394454
Neurons|Astrocytes|Cntn1|Notch2,NA,NA,0.93921024
Neurons|Microglia|App|Aplp1,NA,NA,0.93854123
Neurons|Microglia|App|Ncstn,NA,NA,0.93845195
OPCs|Microglia|Adam9|Itgb5,NA,NA,0.9383423
OPCs|OPCs|Calr|Lrp1,NA,NA,0.9380801
Neurons|Pericytes|Cntn1|Nrcam,NA,NA,0.9373299
Neurons|Astrocytes|Ptn|Cdh10,NA,NA,0.9372183
Oligodendrocytes|Neurons|Gnas|Adcy9,NA,NA,0.9371603
Oligodendrocytes|OPCs|Psap|Lrp1,NA,NA,0.9369323
Microglia|OPCs|Hsp90b1|Lrp1,NA,NA,0.9363563
OPCs|Oligodendrocytes|Rims1|Cacna1c,NA,NA,0.9363321
Microglia|Pericytes|Psap|Gpr37l1,NA,NA,0.93607455
Pericytes|Pericytes|App|Rpsa,NA,NA,0.9356107
OPCs|Astrocytes|Adam12|Sdc4,NA,NA,0.9351063
Neurons|Oligodendrocytes|App|Tspan15,NA,NA,0.9347821
Neurons|Oligodendrocytes|Nrg2|Mog,NA,NA,0.93443394
Neurons|Neurons|Cntn1|Ptprz1,NA,NA,0.9343591
Neurons|Neurons|Nxph1|Nrxn2,NA,NA,0.93434536
Neurons|OPCs|App|Tnfrsf21,NA,NA,0.9342761
Astrocytes|Neurons|Gnas|Adcy9,NA,NA,0.93366617
Neurons|OPCs|L1cam|Cd9,NA,NA,0.93345463
Astrocytes|Microglia|Lama2|Rpsa,NA,NA,0.9325458
Microglia|Microglia|Apoe|Abca1,NA,NA,0.9325011
OPCs|Neurons|Adam10|Cadm1,NA,NA,0.9320191
OPCs|Astrocytes|Edil3|Itgb5,NA,NA,0.93035376
Neurons|Microglia|Sptan1|Ptpra,NA,NA,0.93011737
Oligodendrocytes|Pericytes|Gnas|Adcy9,NA,NA,0.93001616
Astrocytes|Astrocytes|Serpine2|Lrp1,NA,NA,0.92971957
OPCs|Pericytes|Sema3d|Nrp1_Plxna2,NA,NA,0.9293817
Pericytes|Microglia|Apoe|Lrp6,NA,NA,0.92900044
Neurons|Pericytes|Psap|Lrp1,NA,NA,0.92853767
Pericytes|Microglia|Gnas|Adcy9,NA,NA,0.92843795
Microglia|OPCs|App|Lrp1,NA,NA,0.92792517
Pericytes|Neurons|Ntn1|Dscam,NA,NA,0.9275886
Pericytes|OPCs|Psap|Lrp1,NA,NA,0.92758524
Pericytes|OPCs|Sdc2|Ptprj,NA,NA,0.92728984
Astrocytes|Pericytes|Gnas|Adcy9,NA,NA,0.926522
OPCs|Pericytes|Sorbs1|Itga1,NA,NA,0.92568254
Pericytes|Neurons|Agrn|Atp1a3,NA,NA,0.9254582
Neurons|Neurons|Slit3|Robo2,NA,NA,0.9241607
Pericytes|Neurons|App|Aplp1,NA,NA,0.9239391
Neurons|Neurons|Spon1|App,NA,NA,0.9239316
Pericytes|Neurons|Ncam1|Cacna1c,NA,NA,0.92338073
Neurons|Oligodendrocytes|App|Lrp6,NA,NA,0.9224124
Pericytes|Microglia|App|Rpsa,NA,NA,0.921929
Pericytes|OPCs|Apoe|Ldlr,NA,NA,0.92191446
Neurons|OPCs|Nlgn2|Nrxn2,NA,NA,0.9217159
Neurons|Astrocytes|App|Tspan12,NA,NA,0.921692
Oligodendrocytes|Pericytes|Apoe|Sdc2,NA,NA,0.92113805
Pericytes|Astrocytes|Bcan|Nrcam,NA,NA,0.92111623
Microglia|Neurons|Apoe|Sorl1,NA,NA,0.9210897
Oligodendrocytes|Microglia|App|Lrp6,NA,NA,0.9210342
Neurons|Pericytes|Cntn1|Notch1,NA,NA,0.9203982
Neurons|OPCs|App|Tspan12,NA,NA,0.9202441
Neurons|Astrocytes|Cntn1|Notch1,NA,NA,0.91999483
Oligodendrocytes|Neurons|Ptn|Cdh10,NA,NA,0.91995764
OPCs|Microglia|Vcl|Itgb5,NA,NA,0.91964287
Neurons|Astrocytes|Psap|Lrp1,NA,NA,0.9188118
Astrocytes|Neurons|Agrn|Atp1a3,NA,NA,0.91856503
Astrocytes|Microglia|Serpine2|Lrp1,NA,NA,0.9184821
Neurons|Microglia|Vcl|Itgb5,NA,NA,0.9177425
OPCs|Neurons|Slit2|App,NA,NA,0.9175756
Pericytes|Microglia|Tln1|Itgb5,NA,NA,0.91718733
Microglia|Astrocytes|Adam10|Tspan5,NA,NA,0.91717327
Neurons|Pericytes|Slit2|App,NA,NA,0.9171101
OPCs|Oligodendrocytes|App|Rpsa,NA,NA,0.915944
Oligodendrocytes|Pericytes|App|Tnfrsf21,NA,NA,0.9159079
Microglia|Astrocytes|Gnas|Adcy8,NA,NA,0.91557384
Neurons|Microglia|Col4a2|Itgb5,NA,NA,0.91461056
Microglia|Microglia|Sorbs1|Itgb5,NA,NA,0.9142334
Pericytes|OPCs|Apoe|Lrp4,NA,NA,0.9139358
Microglia|Microglia|Adam10|Il6ra,NA,NA,0.9138578
OPCs|Pericytes|App|Lrp1,NA,NA,0.9129144
Pericytes|Pericytes|Ncam1|Cacna1c,NA,NA,0.91247934
OPCs|Microglia|Ntrk3|Ptprs,NA,NA,0.91226596
Astrocytes|OPCs|Lama2|Rpsa,NA,NA,0.9116631
Neurons|Microglia|Fndc5|Itgb5,NA,NA,0.91100705
Oligodendrocytes|Neurons|Adam10|Cadm1,NA,NA,0.91048765
Neurons|Neurons|App|Tspan12,NA,NA,0.91023755
Pericytes|Astrocytes|Ncam1|Ncam2,NA,NA,0.90993804
Pericytes|Neurons|Apoe|Sdc2,NA,NA,0.90953916
OPCs|Pericytes|Rims2|Abca1,NA,NA,0.9089464
OPCs|Neurons|Slit2|Dcc,NA,NA,0.9087676
OPCs|Neurons|Bcan|Nrcam,NA,NA,0.9086673
Oligodendrocytes|Microglia|App|Grm7,NA,NA,0.9076641
Neurons|Microglia|Psap|Lrp1,NA,NA,0.9075744
OPCs|Microglia|Adam12|Itgb1,NA,NA,0.9069553
Pericytes|Oligodendrocytes|Apoe|Vldlr,NA,NA,0.906575
Microglia|OPCs|Serpine2|Lrp1,NA,NA,0.9064322
Microglia|Astrocytes|Cntn1|Nrcam,NA,NA,0.90597737
Neurons|Neurons|Fgf13|Scn8a,NA,NA,0.90588206
Pericytes|OPCs|Gnas|Adcy9,NA,NA,0.9055066
Neurons|Neurons|Adam10|Cadm1,NA,NA,0.9055008
Astrocytes|Astrocytes|Lama2|Rpsa,NA,NA,0.9047007
OPCs|Pericytes|Psap|Lrp1,NA,NA,0.904577
Oligodendrocytes|Pericytes|Ncam1|Ncam2,NA,NA,0.9044726
Microglia|Microglia|Edil3|Itgb5,NA,NA,0.90390855
Neurons|Pericytes|Ncam1|Ncam2,NA,NA,0.90334934
Neurons|Astrocytes|Bcan|Nrcam,NA,NA,0.9032698
OPCs|Astrocytes|App|Lrp1,NA,NA,0.9031885
OPCs|OPCs|Ntn1|Neo1,NA,NA,0.90318066
OPCs|OPCs|Ccl25|Grm7,NA,NA,0.9024666
Pericytes|Microglia|Gnas|Adcy7,NA,NA,0.90210843
Pericytes|OPCs|Cxcl12|Grm7,NA,NA,0.9019318
Pericytes|Neurons|Adam10|Cadm1,NA,NA,0.9018733
Pericytes|Oligodendrocytes|App|Dcc,NA,NA,0.9011419
Pericytes|OPCs|App|Rpsa,NA,NA,0.90104634
Pericytes|Astrocytes|Lama2|Dag1,NA,NA,0.9008738
Oligodendrocytes|Pericytes|Ncam1|Ptprz1,NA,NA,0.90043247
Neurons|Pericytes|Ncam1|Ptprz1,NA,NA,0.8993093
Oligodendrocytes|Microglia|Sorbs1|Itgb5,NA,NA,0.8992407
Microglia|Astrocytes|Apoe|Abca1,NA,NA,0.89908147
Oligodendrocytes|Oligodendrocytes|App|Vldlr,NA,NA,0.8986088
Oligodendrocytes|Microglia|Gnas|Adcy9,NA,NA,0.8983468
Astrocytes|Astrocytes|Lgi1|Adam22,NA,NA,0.8983224
Microglia|Neurons|Fgf13|Fgfr2,NA,NA,0.89824504
Microglia|Microglia|Adam9|Itgb5,NA,NA,0.8977423
Neurons|OPCs|Ptn|Cdh10,NA,NA,0.8975403
OPCs|Neurons|Slit2|Robo1,NA,NA,0.8973949
Neurons|Neurons|Fstl5|Chl1,NA,NA,0.89695543
Pericytes|Microglia|Apoe|Sorl1,NA,NA,0.8969208
Astrocytes|Oligodendrocytes|Lgi1|Adam23,NA,NA,0.8967118
Oligodendrocytes|Astrocytes|App|Grm7,NA,NA,0.89640105
Astrocytes|Astrocytes|Lrig1|Egfr,NA,NA,0.8961945
Oligodendrocytes|Astrocytes|Rtn4|Tnfrsf19,NA,NA,0.89612806
Neurons|Neurons|App|Vldlr,NA,NA,0.8961098
Astrocytes|Neurons|Adam10|Cadm1,NA,NA,0.895804
Oligodendrocytes|Pericytes|Ncam1|Fgfr1,NA,NA,0.89573133
Pericytes|OPCs|App|Lrp6,NA,NA,0.8950425
Astrocytes|Microglia|Gnas|Adcy9,NA,NA,0.89485264
OPCs|Astrocytes|Psap|Lrp1,NA,NA,0.8948512
Astrocytes|Neurons|S100a1|Ryr2,NA,NA,0.89480084
Neurons|Pericytes|Ncam1|Fgfr1,NA,NA,0.8946081
Microglia|OPCs|Apoe|Sdc2,NA,NA,0.89460415
Oligodendrocytes|Neurons|Ncam1|Ptprz1,NA,NA,0.8942052
Pericytes|Astrocytes|App|Rpsa,NA,NA,0.8940839
Neurons|Neurons|Slit1|Robo1,NA,NA,0.8939184
Neurons|Neurons|Ncam1|Ptprz1,NA,NA,0.893082
OPCs|Microglia|Itgb3bp|Itgb5,NA,NA,0.89305484
Oligodendrocytes|Microglia|App|Aplp2,NA,NA,0.8926716
Neurons|Neurons|App|Ncstn,NA,NA,0.89235660000000006
OPCs|Microglia|App|Lrp1,NA,NA,0.8919511
OPCs|Pericytes|Adam12|Itgb1,NA,NA,0.8918042
Neurons|OPCs|Ccl25|Grm7,NA,NA,0.891433
Oligodendrocytes|Astrocytes|Ncam1|Fgfr1,NA,NA,0.8911104
Neurons|Astrocytes|Fgf13|Fgfr2,NA,NA,0.8908771
Pericytes|Oligodendrocytes|Apoe|Sorl1,NA,NA,0.89009553
Neurons|Astrocytes|Ncam1|Fgfr1,NA,NA,0.8899872
Pericytes|Pericytes|Apoe|Ldlr,NA,NA,0.8898198
Neurons|Pericytes|Ntng1|Lrrc4c,NA,NA,0.8887758
Microglia|Astrocytes|Psap|Gpr37,NA,NA,0.88849175
Microglia|Neurons|Psap|Ar,NA,NA,0.8872043
Pericytes|Oligodendrocytes|Gpc3|Cd81,NA,NA,0.8859426
Oligodendrocytes|Oligodendrocytes|Ptn|Cdh10,NA,NA,0.8857109
Neurons|Pericytes|Gpc3|Cd81,NA,NA,0.8854357
Neurons|Microglia|Itgb3bp|Itgb5,NA,NA,0.8847879
OPCs|Neurons|S100a1|Ryr2,NA,NA,0.88383716
OPCs|Microglia|Psap|Lrp1,NA,NA,0.88361377
Pericytes|Oligodendrocytes|Nrxn1|Nlgn1,NA,NA,0.8828802
Oligodendrocytes|Pericytes|Nlgn1|Nrxn1,NA,NA,0.8828802
Astrocytes|Astrocytes|Bcan|Egfr,NA,NA,0.88205665
Neurons|Astrocytes|Cntn2|Nrcam,NA,NA,0.8815445
Pericytes|OPCs|Apoe|Vldlr,NA,NA,0.8799245
Neurons|OPCs|Hsp90b1|Lrp1,NA,NA,0.8797169
Microglia|OPCs|Pdgfb|Lrp1,NA,NA,0.8788301
Neurons|Neurons|Ntn4|Dcc,NA,NA,0.8786479
Neurons|OPCs|Cntn4|Aplp1,NA,NA,0.87854606
Microglia|OPCs|Gnas|Adcy8,NA,NA,0.8782195
Oligodendrocytes|Neurons|Rtn4|Lingo1,NA,NA,0.87763333
Pericytes|Pericytes|Apoe|Abca1,NA,NA,0.87755764
OPCs|Astrocytes|Gnas|Adcy8,NA,NA,0.87737566
Neurons|Microglia|Adam9|Itgb5,NA,NA,0.87682754
OPCs|OPCs|Hsp90b1|Lrp1,NA,NA,0.8767546
Oligodendrocytes|Neurons|App|Gpc1,NA,NA,0.8761386
Pericytes|Microglia|App|Notch2,NA,NA,0.87610203
Pericytes|OPCs|App|Aplp2,NA,NA,0.8756503
Oligodendrocytes|OPCs|Gnas|Adcy9,NA,NA,0.8754155
OPCs|OPCs|Sema3d|Nrp2_Plxna2,NA,NA,0.87530243
Pericytes|Astrocytes|Apoe|Lrp4,NA,NA,0.8749235
OPCs|Neurons|Vegfa|Grin2b,NA,NA,0.8745909
Microglia|Astrocytes|Apoe|Lrp6,NA,NA,0.87449527
Astrocytes|OPCs|Spon1|App,NA,NA,0.87420166
Neurons|Astrocytes|Alcam|Chl1,NA,NA,0.873906
Pericytes|Pericytes|App|Aplp2,NA,NA,0.8738277
Pericytes|Neurons|Efna5|Epha5,NA,NA,0.87348205
Astrocytes|Microglia|Lama2|Itga6_Itgb1,NA,NA,0.8734771
Astrocytes|Neurons|Ptn|Cdh10,NA,NA,0.87309635
Oligodendrocytes|Neurons|Rtn4|Cntnap1,NA,NA,0.87249184
Microglia|Neurons|Apoe|Lrp8,NA,NA,0.8723431
Oligodendrocytes|Pericytes|App|Aplp1,NA,NA,0.87218916
Oligodendrocytes|Microglia|Gnas|Adcy7,NA,NA,0.8720173
Oligodendrocytes|OPCs|App|Vldlr,NA,NA,0.87195826
Astrocytes|OPCs|Gnas|Adcy9,NA,NA,0.87192136
Neurons|Astrocytes|Hsp90aa1|Egfr,NA,NA,0.87152046
Pericytes|Oligodendrocytes|Spon1|App,NA,NA,0.87145454
Neurons|OPCs|Calr|Lrp1,NA,NA,0.8712689
OPCs|Neurons|Itgav|Thy1,NA,NA,0.8707931
Astrocytes|Neurons|Alcam|Chl1,NA,NA,0.87013197
Microglia|Neurons|Gnas|Adcy9,NA,NA,0.86999094
OPCs|Neurons|App|Aplp2,NA,NA,0.8694006
Oligodendrocytes|Microglia|Ncam1|Robo1,NA,NA,0.8688211
Oligodendrocytes|Microglia|App|Aplp1,NA,NA,0.8687185
Oligodendrocytes|Microglia|App|Ncstn,NA,NA,0.8686292
Microglia|Pericytes|Apoe|Lrp6,NA,NA,0.8685614
Astrocytes|Microglia|Gnas|Adcy7,NA,NA,0.8685232
OPCs|OPCs|Adam12|Itgb1,NA,NA,0.86808383
OPCs|Pericytes|Ntrk3|Ptprs,NA,NA,0.86805344
Neurons|Microglia|Ltbp3|Itgb5,NA,NA,0.86783624
Neurons|Microglia|Ncam1|Robo1,NA,NA,0.86769783
Neurons|Neurons|L1cam|Cntn1,NA,NA,0.8676487
OPCs|OPCs|Agrn|Lrp1,NA,NA,0.8659067
Neurons|Microglia|Tln1|Itgb5,NA,NA,0.8658077
Microglia|OPCs|Calr|Lrp1,NA,NA,0.86534804
Microglia|Neurons|Apoe|Lrp6,NA,NA,0.86532795
Microglia|Oligodendrocytes|App|Grm7,NA,NA,0.86515605
Astrocytes|Astrocytes|Rgma|Bmpr1b,NA,NA,0.8650918
Oligodendrocytes|Oligodendrocytes|App|Tspan15,NA,NA,0.86495936
Oligodendrocytes|OPCs|App|Tnfrsf21,NA,NA,0.8644533
Pericytes|OPCs|Apoe|Lrp5,NA,NA,0.86443603
OPCs|Neurons|Slit2|Robo2,NA,NA,0.8641938
Microglia|Pericytes|Gnas|Adcy9,NA,NA,0.86284673
OPCs|Neurons|Ntrk3|Ptprf,NA,NA,0.8613528
Neurons|Neurons|Slit1|Robo2,NA,NA,0.8607173
Astrocytes|OPCs|Fgf1|Cspg4,NA,NA,0.86070275
Pericytes|Oligodendrocytes|Apoe|Lrp6,NA,NA,0.8605559
Astrocytes|OPCs|App|Lrp1,NA,NA,0.8598318
Microglia|Oligodendrocytes|Adam17|Erbb4,NA,NA,0.85844576
Neurons|OPCs|Nlgn3|Nrxn2,NA,NA,0.8578474
OPCs|Neurons|Nrxn2|Nlgn3,NA,NA,0.8578474
OPCs|Pericytes|Lamc1|Itga1,NA,NA,0.857285
OPCs|Microglia|Adam12|Itga9,NA,NA,0.8571973
Oligodendrocytes|OPCs|Apoe|Lrp6,NA,NA,0.85691565
Pericytes|OPCs|Hsp90b1|Lrp1,NA,NA,0.8565241
OPCs|Neurons|Sema3d|Nrp2_Plxna4,NA,NA,0.855426
OPCs|Neurons|Sema3d|Nrp2_Plxna2,NA,NA,0.855426
Pericytes|Oligodendrocytes|Fgf14|Fgfr2,NA,NA,0.85507524
OPCs|Oligodendrocytes|Tgfa|Erbb4,NA,NA,0.8547283
Microglia|Neurons|Itgav|Thy1,NA,NA,0.8542298
Neurons|Oligodendrocytes|Spon1|App,NA,NA,0.85410887
Neurons|OPCs|Sptan1|Ptpra,NA,NA,0.8532759
Pericytes|Neurons|Apoe|Ldlr,NA,NA,0.8529356
Microglia|OPCs|Apoe|Abca1,NA,NA,0.85277
Oligodendrocytes|Oligodendrocytes|App|Lrp6,NA,NA,0.85258967
Astrocytes|Pericytes|Sparc|Fgfr1,NA,NA,0.8524123
Oligodendrocytes|Astrocytes|App|Tspan12,NA,NA,0.8518693
Neurons|Neurons|Lgi1|Adam22,NA,NA,0.85137826
Pericytes|Oligodendrocytes|Lama2|Itgav_Itgb8,NA,NA,0.85122997
Pericytes|Neurons|Ntn1|Unc5c,NA,NA,0.851096
Microglia|Microglia|Apoe|Lrp5,NA,NA,0.8505349
Oligodendrocytes|OPCs|App|Tspan12,NA,NA,0.85042137
Neurons|Neurons|Cntn2|Cntn1,NA,NA,0.8490784
Neurons|Microglia|Nxph1|Nrxn1,NA,NA,0.8490748
Pericytes|Pericytes|Lama2|Itgav_Itgb8,NA,NA,0.8486482
Pericytes|Astrocytes|Apoe|Ldlr,NA,NA,0.8485205
Pericytes|Neurons|Gnas|Adcy1,NA,NA,0.84832084
Neurons|Neurons|Fgf13|Fgfr2,NA,NA,0.8479698
Astrocytes|Astrocytes|Sparc|Fgfr1,NA,NA,0.8477914
OPCs|Oligodendrocytes|Slit2|App,NA,NA,0.8477528
Microglia|OPCs|Fgf13|Fgfr2,NA,NA,0.8474481
Pericytes|Astrocytes|Lama2|Itga6_Itgb1,NA,NA,0.8474411
Pericytes|Pericytes|Sparc|Fgfr1,NA,NA,0.84706515
Pericytes|Neurons|App|Lrp1,NA,NA,0.84629905
Astrocytes|Neurons|Sparc|Fgfr1,NA,NA,0.84608066
Neurons|Astrocytes|Sptan1|Ptpra,NA,NA,0.84472555
Microglia|Microglia|Rtn4|Rtn4rl1,NA,NA,0.8439868
Neurons|OPCs|Agrn|Lrp1,NA,NA,0.84326935
Pericytes|Astrocytes|Sparc|Fgfr1,NA,NA,0.84244424
Pericytes|Astrocytes|App|Aplp1,NA,NA,0.8420073
OPCs|Oligodendrocytes|Ntrk3|Ptprs,NA,NA,0.8417293
Pericytes|OPCs|Calr|Lrp1,NA,NA,0.841396
Oligodendrocytes|OPCs|Rtn4|Lingo1,NA,NA,0.8410252
Pericytes|Neurons|Sparc|Fgfr1,NA,NA,0.8407335
Oligodendrocytes|Neurons|App|Tspan12,NA,NA,0.8404148
OPCs|OPCs|Sema3d|Nrp2_Plxna4,NA,NA,0.8401869
Neurons|Astrocytes|Olfm2|Robo2,NA,NA,0.8401742
Pericytes|OPCs|Apoe|Lrp8,NA,NA,0.84006673
OPCs|OPCs|Gnas|Adcy8,NA,NA,0.84002125
Microglia|Microglia|Apoe|Lrp6,NA,NA,0.8397845
Oligodendrocytes|Microglia|Ncam1|Ncam2,NA,NA,0.8397674
Astrocytes|OPCs|Ccl25|Grm7,NA,NA,0.8393263
Astrocytes|Oligodendrocytes|Ptn|Cdh10,NA,NA,0.8388496
Neurons|Microglia|Ncam1|Ncam2,NA,NA,0.83864415
Pericytes|Microglia|Lama2|Dag1,NA,NA,0.83804065
OPCs|Neurons|Fstl5|Cntn5,NA,NA,0.83740914
OPCs|Astrocytes|Ntrk3|Ptprf,NA,NA,0.83729
Pericytes|Astrocytes|Gnas|Adcy9,NA,NA,0.836302
Pericytes|Pericytes|Lama2|Itga6_Itgb1,NA,NA,0.83583283
Astrocytes|OPCs|Lama2|Itga9_Itgb1,NA,NA,0.83460563
Oligodendrocytes|Neurons|Agrn|Atp1a3,NA,NA,0.8343921
Pericytes|Neurons|Apoe|Vldlr,NA,NA,0.8342533
OPCs|OPCs|Spon1|Lrp8,NA,NA,0.8329022
Microglia|OPCs|Apoe|Ldlr,NA,NA,0.8326985
OPCs|Neurons|Gnas|Adcy9,NA,NA,0.8317928
Microglia|Microglia|Gnas|Adcy9,NA,NA,0.8311775
Neurons|OPCs|Lrpap1|Lrp1,NA,NA,0.83108544
Pericytes|Neurons|Apoe|Scarb1,NA,NA,0.8299932
OPCs|OPCs|Cntn6|Notch1,NA,NA,0.82952344
Pericytes|Astrocytes|Alcam|Chl1,NA,NA,0.8281837
Microglia|Astrocytes|Grn|Egfr,NA,NA,0.82816064
Oligodendrocytes|Neurons|Lgi3|Adam22,NA,NA,0.827625
Oligodendrocytes|Astrocytes|Ncam1|Cacna1c,NA,NA,0.82707566
OPCs|Neurons|App|Rpsa,NA,NA,0.82641923
Oligodendrocytes|Neurons|App|Vldlr,NA,NA,0.8262871
Neurons|Astrocytes|Ncam1|Cacna1c,NA,NA,0.8259524
Pericytes|OPCs|Gnas|Adora1,NA,NA,0.8257972
Astrocytes|OPCs|Sdc2|Ptprj,NA,NA,0.82561624
Pericytes|Oligodendrocytes|App|Aplp2,NA,NA,0.8255022
Astrocytes|Astrocytes|Fgfr3|Epha4,NA,NA,0.8254183
Astrocytes|OPCs|Lama2|Itgav_Itgb8,NA,NA,0.82526594
Microglia|OPCs|Apoe|Lrp4,NA,NA,0.82471985
OPCs|Pericytes|Gnas|Adcy9,NA,NA,0.8246486
Oligodendrocytes|Astrocytes|Apoe|Sorl1,NA,NA,0.82379967
Astrocytes|Microglia|Lama2|Itga9_Itgb1,NA,NA,0.82371914
Astrocytes|Neurons|S100a1|Trpm3,NA,NA,0.82303804
Microglia|Neurons|H2-K1|Aplp2,NA,NA,0.82288074
OPCs|OPCs|Lrpap1|Lrp1,NA,NA,0.8226992
Oligodendrocytes|Neurons|App|Ncstn,NA,NA,0.82253385
OPCs|Pericytes|App|Rpsa,NA,NA,0.8225181
Pericytes|Neurons|Gpc3|Unc5c,NA,NA,0.8209227
Neurons|Astrocytes|Edil3|Itgav,NA,NA,0.8206196
Microglia|Microglia|Tgfb1|Tgfbr1_Tgfbr2,NA,NA,0.82060957
Microglia|Neurons|Apoe|Sdc2,NA,NA,0.8203232
Astrocytes|Neurons|Psap|Lrp1,NA,NA,0.8197806
Oligodendrocytes|Astrocytes|Apoe|Sdc2,NA,NA,0.81946445
Oligodendrocytes|Neurons|Gnas|Adcy1,NA,NA,0.8182298
Neurons|Astrocytes|Ntrk3|Ptprs,NA,NA,0.81773734
Microglia|Oligodendrocytes|Apoe|Vldlr,NA,NA,0.8173591
Pericytes|Astrocytes|Lama2|Itga7_Itgb1,NA,NA,0.81735116
OPCs|Pericytes|Cntn6|Notch1,NA,NA,0.81732696
OPCs|Astrocytes|Cntn6|Notch1,NA,NA,0.8169236
Pericytes|OPCs|Serpine2|Lrp1,NA,NA,0.8162372
Oligodendrocytes|Neurons|Cntn2|Nrcam,NA,NA,0.8153631
Astrocytes|Microglia|Alcam|Nrp1,NA,NA,0.81532997
Neurons|Microglia|L1cam|Cd9,NA,NA,0.8149986
Neurons|Pericytes|Edil3|Itgb5,NA,NA,0.8149748
Astrocytes|Neurons|Gnas|Adcy1,NA,NA,0.81473565
OPCs|Astrocytes|Sema3d|Nrp1_Plxna2,NA,NA,0.81411797
Pericytes|OPCs|Agrn|Lrp1,NA,NA,0.8140652
Oligodendrocytes|OPCs|Rtn4|Tnfrsf19,NA,NA,0.81338966
OPCs|Oligodendrocytes|Ntrk3|Ptprf,NA,NA,0.8133537
Microglia|Oligodendrocytes|Ncam1|Ncam2,NA,NA,0.8133119
Microglia|Pericytes|Adam10|Tspan5,NA,NA,0.8132121
Pericytes|Pericytes|Nrxn1|Nlgn1,NA,NA,0.8131078
Pericytes|Pericytes|Nlgn1|Nrxn1,NA,NA,0.8131078
Neurons|Microglia|Cntn4|Ptprg,NA,NA,0.8130603
Astrocytes|OPCs|Vcl|Alk,NA,NA,0.81303495
Astrocytes|Pericytes|Sparc|Eng,NA,NA,0.812742
Oligodendrocytes|Astrocytes|Il1rapl1|Ptprs,NA,NA,0.8122989
OPCs|Neurons|S100a1|Trpm3,NA,NA,0.81207436
OPCs|Neurons|App|Aplp1,NA,NA,0.81084645
Oligodendrocytes|Pericytes|Rtn4|Tnfrsf19,NA,NA,0.8107814
Pericytes|Oligodendrocytes|Dcn|Erbb4,NA,NA,0.8099892
OPCs|Microglia|App|Rpsa,NA,NA,0.8088364
Oligodendrocytes|Oligodendrocytes|Ncam1|Cacna1c,NA,NA,0.8083127
Microglia|OPCs|Gnas|Adcy9,NA,NA,0.80824614
Oligodendrocytes|Neurons|Apoe|Lrp1,NA,NA,0.8081722
Neurons|Pericytes|Edil3|Itgav,NA,NA,0.80775464
Microglia|Microglia|Apoe|Sorl1,NA,NA,0.80770487
Pericytes|Pericytes|Sparc|Eng,NA,NA,0.80739486
Oligodendrocytes|OPCs|Hsp90b1|Lrp1,NA,NA,0.8073034
Neurons|Oligodendrocytes|Sst|Grm7,NA,NA,0.8072941
Neurons|Oligodendrocytes|Ncam1|Cacna1c,NA,NA,0.80718946
Astrocytes|OPCs|Agrn|Lrp1,NA,NA,0.80717206
Pericytes|Oligodendrocytes|Ntn1|Unc5c,NA,NA,0.80644536
Oligodendrocytes|Astrocytes|Gnas|Adcy9,NA,NA,0.8062109
Astrocytes|OPCs|Rgma|Neo1,NA,NA,0.80503607
Microglia|Microglia|Gnas|Adcy7,NA,NA,0.80484796
Pericytes|OPCs|Gpc3|Lrp1,NA,NA,0.8042447
Neurons|OPCs|Slit2|App,NA,NA,0.8040174
Oligodendrocytes|OPCs|Ncam1|Fgfr1,NA,NA,0.8032941
Astrocytes|Astrocytes|Gnas|Adcy9,NA,NA,0.80271673
Neurons|OPCs|Ncam1|Fgfr1,NA,NA,0.8021709
Pericytes|Oligodendrocytes|Ncam1|Fgfr2,NA,NA,0.801842
Pericytes|Neurons|Lgi1|Adam22,NA,NA,0.8017279
Neurons|Oligodendrocytes|Gpc3|Cd81,NA,NA,0.8009015
Microglia|Oligodendrocytes|Apoe|Sorl1,NA,NA,0.8008796
Oligodendrocytes|Neurons|Ncam1|Gfra1,NA,NA,0.8006134
Microglia|Pericytes|Apoe|Ldlr,NA,NA,0.80060387
Microglia|Oligodendrocytes|Adam10|Cadm1,NA,NA,0.7998357
Neurons|Neurons|Ncam1|Gfra1,NA,NA,0.79949015
Oligodendrocytes|Microglia|Csf1|Csf3r,NA,NA,0.7981419
Pericytes|OPCs|Ncam1|Cacna1c,NA,NA,0.7979345
Neurons|OPCs|Fgf13|Fgfr2,NA,NA,0.7971729
Astrocytes|Oligodendrocytes|App|Grm7,NA,NA,0.79706275
Neurons|Pericytes|Cntn4|Aplp1,NA,NA,0.797002
Oligodendrocytes|OPCs|Gnas|Adora1,NA,NA,0.79570603
Pericytes|Astrocytes|Gnas|Adora1,NA,NA,0.79553413
Pericytes|Neurons|Lama2|Itga3_Itgb1,NA,NA,0.79455936
Astrocytes|Oligodendrocytes|Il18|Il1rapl1,NA,NA,0.7941873
Neurons|Microglia|Cntn4|Aplp1,NA,NA,0.79353136
Neurons|OPCs|Apoe|Lrp1,NA,NA,0.7935064
Neurons|Oligodendrocytes|Penk|Grm7,NA,NA,0.793321
OPCs|Microglia|Gnas|Adcy9,NA,NA,0.79297924
Astrocytes|OPCs|Gnas|Adora1,NA,NA,0.7922119
Microglia|Neurons|Ncam1|Cacna1c,NA,NA,0.79204094
Neurons|Neurons|Lgi1|Adam23,NA,NA,0.7918729
Astrocytes|Astrocytes|Lama2|Itgav_Itgb8,NA,NA,0.79115987
Oligodendrocytes|Neurons|Rtn4|Rtn4rl1,NA,NA,0.791148
Oligodendrocytes|Neurons|Rims1|Cacna1c,NA,NA,0.7907757
Microglia|OPCs|Apoe|Vldlr,NA,NA,0.79070854
Pericytes|Neurons|Efna5|Epha6,NA,NA,0.79069346
OPCs|Neurons|Adam10|Nrcam,NA,NA,0.790474
Astrocytes|OPCs|Hsp90b1|Lrp1,NA,NA,0.79046917
Microglia|Pericytes|Fgf13|Fgfr2,NA,NA,0.7900754
Astrocytes|Pericytes|Lama2|Dag1,NA,NA,0.7893673
Oligodendrocytes|Microglia|Apoe|Abca1,NA,NA,0.7889409
Pericytes|Astrocytes|Fgf14|Fgfr2,NA,NA,0.7884208
Microglia|Pericytes|Apoe|Abca1,NA,NA,0.78834176
OPCs|Oligodendrocytes|App|Dcc,NA,NA,0.7880492
OPCs|OPCs|App|Rpsa,NA,NA,0.78795373
Neurons|Oligodendrocytes|Edil3|Itgav,NA,NA,0.78730476
OPCs|Astrocytes|Adam10|Cadm1,NA,NA,0.78678364
OPCs|Neurons|Sema3d|Nrp1_Plxna1,NA,NA,0.78595364
OPCs|Neurons|Sema3d|Nrp2_Plxna1,NA,NA,0.78595364
Microglia|Astrocytes|Apoe|Lrp4,NA,NA,0.7857076
Pericytes|OPCs|Plat|Lrp1,NA,NA,0.7855189
Astrocytes|Pericytes|S100a1|Trpm3,NA,NA,0.7851315
OPCs|Neurons|Cntn3|Ptprg,NA,NA,0.78466463
Pericytes|Microglia|Cfh|Itgam,NA,NA,0.7846507
Neurons|Oligodendrocytes|Sptan1|Ptpra,NA,NA,0.7844521
OPCs|Neurons|Adam12|Itgb1,NA,NA,0.78423065
Neurons|Pericytes|Sptan1|Ptpra,NA,NA,0.78376436
Microglia|Neurons|Adam17|Erbb4,NA,NA,0.7832894
OPCs|Pericytes|Bmp7|Ptprk,NA,NA,0.78273535
OPCs|OPCs|App|Lrp6,NA,NA,0.7819499
Pericytes|OPCs|Lrpap1|Lrp1,NA,NA,0.7817668
Neurons|Neurons|Efna5|Epha10,NA,NA,0.78134036
Pericytes|OPCs|Tfpi|Lrp1,NA,NA,0.78133523
Microglia|Pericytes|Ncam1|Cacna1c,NA,NA,0.78113955
OPCs|Astrocytes|App|Rpsa,NA,NA,0.7809913
Pericytes|Astrocytes|Sdc2|Ptprj,NA,NA,0.78096664
Pericytes|Pericytes|Gnas|Adcy8,NA,NA,0.78083444
OPCs|Pericytes|Cntn3|Ptprg,NA,NA,0.7804003
Oligodendrocytes|Pericytes|Rims1|Cacna1c,NA,NA,0.7798743
OPCs|Neurons|Tgfa|Erbb4,NA,NA,0.7795719
Microglia|Astrocytes|Ncam1|Ncam2,NA,NA,0.77859825
Microglia|Oligodendrocytes|Fgf14|Fgfr2,NA,NA,0.7778675
Oligodendrocytes|Neurons|Apoe|Sorl1,NA,NA,0.7775296
Oligodendrocytes|OPCs|Calr|Lrp1,NA,NA,0.7771719
Neurons|Neurons|Alcam|Chl1,NA,NA,0.7770424
Pericytes|Pericytes|App|Notch2,NA,NA,0.7770103
Pericytes|Oligodendrocytes|Gpc3|Unc5c,NA,NA,0.77627206
Pericytes|OPCs|Serping1|Lrp1,NA,NA,0.77615833
Microglia|OPCs|Apoe|Lrp5,NA,NA,0.7752201
Microglia|Astrocytes|Fgf13|Egfr,NA,NA,0.77466965
Astrocytes|OPCs|Vegfa|Itgav,NA,NA,0.7746378
OPCs|Pericytes|S100a1|Trpm3,NA,NA,0.77416784
Neurons|Neurons|Sptan1|Ptpra,NA,NA,0.7737658
OPCs|Microglia|Adam10|Cadm1,NA,NA,0.7737354
OPCs|Oligodendrocytes|Ntn1|Neo1,NA,NA,0.7731732
OPCs|Astrocytes|Ntn1|Neo1,NA,NA,0.7729608
Neurons|Neurons|Lgi3|Adam22,NA,NA,0.77224
Neurons|Astrocytes|Slit3|Robo2,NA,NA,0.7720232
Astrocytes|OPCs|Calr|Lrp1,NA,NA,0.77190965
Astrocytes|Oligodendrocytes|Psap|Sort1,NA,NA,0.7718718
Microglia|Oligodendrocytes|Apoe|Lrp6,NA,NA,0.77133995
Pericytes|Oligodendrocytes|Fn1|Mag,NA,NA,0.77097243
Pericytes|Neurons|Cntn1|Nrcam,NA,NA,0.77093196
OPCs|Oligodendrocytes|Nrg2|Mog,NA,NA,0.7708472
Astrocytes|OPCs|Lrpap1|Lrp1,NA,NA,0.770772
OPCs|Oligodendrocytes|Col9a3|Mag,NA,NA,0.7707499
Neurons|OPCs|Hspa8|Ldlr,NA,NA,0.7704028
OPCs|Microglia|Cntn6|Ptprg,NA,NA,0.7702949
OPCs|OPCs|Gnas|Adcy9,NA,NA,0.77004796
Pericytes|Astrocytes|App|Lrp6,NA,NA,0.769062
Oligodendrocytes|Neurons|Adam10|Nrcam,NA,NA,0.7689425
OPCs|Astrocytes|Cntn3|Ptprg,NA,NA,0.76877403
OPCs|OPCs|Mdk|Lrp1,NA,NA,0.76853704
Oligodendrocytes|Neurons|Lgi3|Adam23,NA,NA,0.76811963
Pericytes|Astrocytes|App|Notch2,NA,NA,0.76740855
Pericytes|OPCs|App|Aplp1,NA,NA,0.7670502
OPCs|Microglia|Gnas|Adcy7,NA,NA,0.7666498
Oligodendrocytes|Astrocytes|Gnas|Adora1,NA,NA,0.7654431
Oligodendrocytes|Astrocytes|Adam10|Cadm1,NA,NA,0.7652521
Neurons|Neurons|Adam10|Nrcam,NA,NA,0.7639557
Microglia|Neurons|Apoe|Ldlr,NA,NA,0.7637197
Pericytes|OPCs|Ntrk3|Ptprs,NA,NA,0.76367986
Pericytes|Pericytes|App|Lrp6,NA,NA,0.76312816000000006
OPCs|Microglia|App|Notch2,NA,NA,0.7630094
Oligodendrocytes|Astrocytes|Hsp90aa1|Egfr,NA,NA,0.76282966
OPCs|OPCs|App|Aplp2,NA,NA,0.7625577
Astrocytes|Pericytes|Bcan|Nrcam,NA,NA,0.7623255
Pericytes|OPCs|Efna5|Epha5,NA,NA,0.7620442
Astrocytes|Astrocytes|Gnas|Adora1,NA,NA,0.76194894
OPCs|Pericytes|App|Aplp2,NA,NA,0.7607351
OPCs|Pericytes|Calr|Lrp1,NA,NA,0.7605396
Pericytes|Neurons|Adam10|Nrcam,NA,NA,0.7603282
Neurons|Astrocytes|Adam10|Cadm1,NA,NA,0.76026535
Microglia|Astrocytes|Rtn4|Tnfrsf19,NA,NA,0.7600732
OPCs|OPCs|Calr|Itgav,NA,NA,0.760033
Astrocytes|OPCs|Sparc|Fgfr1,NA,NA,0.7599751
Pericytes|Neurons|Gnas|Adora1,NA,NA,0.75997424
Pericytes|Neurons|App|Lrp6,NA,NA,0.7598947
Astrocytes|Neurons|Serpine2|Lrp1,NA,NA,0.7597375
Microglia|Microglia|Adam10|Notch2,NA,NA,0.75957954
Oligodendrocytes|Pericytes|Psap|Lrp1,NA,NA,0.7593919
Microglia|Astrocytes|Apoe|Ldlr,NA,NA,0.7593046
Pericytes|OPCs|Il1rapl1|Ptprs,NA,NA,0.7590716
Microglia|Pericytes|Hsp90b1|Lrp1,NA,NA,0.7588158
Astrocytes|Microglia|Vegfa|Itgav,NA,NA,0.7580745
Neurons|Astrocytes|Edil3|Itgb5,NA,NA,0.7576554
Neurons|Neurons|Lgi2|Adam22,NA,NA,0.7572961
OPCs|OPCs|Sdc2|Ptprj,NA,NA,0.75719583
Pericytes|Astrocytes|Adam10|Cadm1,NA,NA,0.7566378
Pericytes|Microglia|App|Tnfrsf21,NA,NA,0.75642055
Oligodendrocytes|Astrocytes|Apoe|Abca1,NA,NA,0.7555214
Oligodendrocytes|Oligodendrocytes|Fgf12|Fgfr2,NA,NA,0.7554805
OPCs|Neurons|Ntn1|Neo1,NA,NA,0.75479126
Pericytes|OPCs|Sparc|Fgfr1,NA,NA,0.75462794
Astrocytes|Neurons|Adam10|Nrcam,NA,NA,0.7542589
Oligodendrocytes|Oligodendrocytes|Fgf14|Fgfr2,NA,NA,0.75371534
Microglia|Oligodendrocytes|App|Rpsa,NA,NA,0.7534143
Neurons|Oligodendrocytes|Nxph1|Nrxn2,NA,NA,0.7533911
Pericytes|Astrocytes|App|Aplp2,NA,NA,0.7532327
Neurons|Microglia|Rtn4|Rtn4rl1,NA,NA,0.7527151
Oligodendrocytes|Microglia|Adam10|Cadm1,NA,NA,0.75220394
Microglia|Neurons|Gnas|Adcy1,NA,NA,0.75106037
Oligodendrocytes|OPCs|Apoe|Sdc2,NA,NA,0.75104403
Microglia|OPCs|Apoe|Lrp8,NA,NA,0.7508508
OPCs|Astrocytes|Calr|Lrp1,NA,NA,0.7508137
Oligodendrocytes|Pericytes|Gnas|Adcy8,NA,NA,0.7507433
Astrocytes|Astrocytes|Adam10|Cadm1,NA,NA,0.7505685
Microglia|Pericytes|App|Lrp1,NA,NA,0.7503847
Pericytes|Neurons|Ntrk3|Ptprs,NA,NA,0.7501719
Pericytes|Pericytes|Psap|Lrp1,NA,NA,0.7500448
Oligodendrocytes|Astrocytes|Psap|Lrp1,NA,NA,0.74966604
Microglia|Astrocytes|Hsp90b1|Lrp1,NA,NA,0.74908996
Neurons|Neurons|Psap|Lrp1,NA,NA,0.7488297
Microglia|Oligodendrocytes|Adam10|Tspan5,NA,NA,0.74812996
OPCs|Astrocytes|Ncan|Cdh2,NA,NA,0.7480012
Astrocytes|Astrocytes|Lama2|Dag1,NA,NA,0.7477702
OPCs|OPCs|Bmp7|Ptprk,NA,NA,0.7474197
Oligodendrocytes|Astrocytes|Ptn|Ptprs,NA,NA,0.74736905
Astrocytes|Pericytes|Gnas|Adcy8,NA,NA,0.7472492
Neurons|Microglia|Adam10|Cadm1,NA,NA,0.7472171
Pericytes|Neurons|Gnas|Crhr1,NA,NA,0.7468057
Pericytes|Neurons|Il1rapl1|Ptprs,NA,NA,0.7455636
Pericytes|Neurons|Fgf14|Fgfr2,NA,NA,0.7455135
OPCs|Oligodendrocytes|Sema5a|Plxnb3,NA,NA,0.74506384
Microglia|Neurons|Apoe|Vldlr,NA,NA,0.7450374
Astrocytes|Neurons|Lgi4|Adam22,NA,NA,0.74491334
Pericytes|Neurons|Gnas|Adcy7,NA,NA,0.7445027
Pericytes|Microglia|Adam10|Cadm1,NA,NA,0.7435896
OPCs|Microglia|Calr|Itgav,NA,NA,0.7434697
Oligodendrocytes|Oligodendrocytes|Nrxn1|Nlgn1,NA,NA,0.7431086
Oligodendrocytes|Oligodendrocytes|Nlgn1|Nrxn1,NA,NA,0.7431086
OPCs|Oligodendrocytes|Il18|Il1rapl1,NA,NA,0.7423024
Pericytes|Neurons|Lgi1|Adam23,NA,NA,0.74222255
Microglia|Neurons|Rtn4|Lingo1,NA,NA,0.74157846
Microglia|Oligodendrocytes|Grn|Sort1,NA,NA,0.7412916
Microglia|OPCs|Fgf13|Scn8a,NA,NA,0.7409925
Microglia|Neurons|Apoe|Scarb1,NA,NA,0.74077725
Neurons|Oligodendrocytes|Efna5|Ephb1,NA,NA,0.7406846
Microglia|Astrocytes|App|Lrp1,NA,NA,0.7406589
Pericytes|Astrocytes|Psap|Lrp1,NA,NA,0.74031895
Neurons|Pericytes|Fgf13|Fgfr2,NA,NA,0.7398002
OPCs|Microglia|Calr|Lrp1,NA,NA,0.73957634
Microglia|Astrocytes|Gnas|Adcy9,NA,NA,0.7390415
Pericytes|OPCs|Mfge8|Itgav,NA,NA,0.7388999
OPCs|Pericytes|Nlgn2|Nrxn1,NA,NA,0.7386605
Pericytes|OPCs|Nrxn1|Nlgn2,NA,NA,0.7386605
Oligodendrocytes|Microglia|Psap|Lrp1,NA,NA,0.7384286
Neurons|Pericytes|Hspa8|Ldlr,NA,NA,0.73830813
Astrocytes|Neurons|Fgfr3|Epha4,NA,NA,0.7379627
Microglia|Microglia|Hsp90b1|Lrp1,NA,NA,0.7378526
Microglia|Pericytes|Nlgn1|Nrxn1,NA,NA,0.73779637
Pericytes|Microglia|Nrxn1|Nlgn1,NA,NA,0.73779637
Pericytes|OPCs|Nid1|Itgav,NA,NA,0.7377306
Astrocytes|Microglia|Adam10|Cadm1,NA,NA,0.7375203
Oligodendrocytes|Neurons|Sema6a|Plxna4,NA,NA,0.73691744
Astrocytes|Neurons|Psap|Sort1,NA,NA,0.7364664
Microglia|Neurons|Rtn4|Cntnap1,NA,NA,0.73643696
Neurons|Neurons|Efnb2|Epha6,NA,NA,0.73641616
Neurons|OPCs|Ptn|Ptprs,NA,NA,0.7362576
Neurons|Neurons|Gpc3|Unc5c,NA,NA,0.73588157
Pericytes|Astrocytes|Ncam1|Fgfr2,NA,NA,0.73518753
Neurons|Pericytes|Nxph1|Nrxn2,NA,NA,0.734995
Pericytes|Neurons|Dcn|Erbb4,NA,NA,0.7348328
Oligodendrocytes|Neurons|Cntn3|Ptprg,NA,NA,0.73470044
Pericytes|Microglia|App|Lrp6,NA,NA,0.7343512
Pericytes|Astrocytes|Rgma|Bmpr1b,NA,NA,0.73407614
Pericytes|Pericytes|Sorbs1|Itgb5,NA,NA,0.73346835
OPCs|Neurons|App|Lrp1,NA,NA,0.73320645
Astrocytes|Microglia|Psap|Sort1,NA,NA,0.73230547
Pericytes|Neurons|Alcam|Chl1,NA,NA,0.7313201
Oligodendrocytes|Astrocytes|Apoe|Lrp6,NA,NA,0.73093516
Neurons|Microglia|Ntrk3|Ptprs,NA,NA,0.73081213
Oligodendrocytes|Pericytes|Cntn3|Ptprg,NA,NA,0.7304361
Pericytes|Oligodendrocytes|Fgf12|Fgfr2,NA,NA,0.73023117
Oligodendrocytes|Neurons|Gnas|Adora1,NA,NA,0.7298832
Pericytes|Neurons|Vegfa|Grin2b,NA,NA,0.7295948
Microglia|Microglia|App|Lrp1,NA,NA,0.72942144
Pericytes|Pericytes|App|Tnfrsf21,NA,NA,0.7292249
Pericytes|Microglia|Psap|Lrp1,NA,NA,0.7290815
OPCs|Astrocytes|App|Aplp1,NA,NA,0.7289146
Microglia|Pericytes|Serpine2|Lrp1,NA,NA,0.72889173
Oligodendrocytes|Neurons|Apoe|Lrp8,NA,NA,0.728783
Microglia|OPCs|Gnas|Adora1,NA,NA,0.7285367
OPCs|Astrocytes|Adam12|Itgb1,NA,NA,0.7278157
Pericytes|Pericytes|Jag1|Notch3,NA,NA,0.7269515
Microglia|Neurons|Adam10|Tspan5,NA,NA,0.72688735
OPCs|Oligodendrocytes|Adam17|Erbb4,NA,NA,0.7268324
OPCs|Neurons|Lgi1|Adam22,NA,NA,0.726658
Astrocytes|Oligodendrocytes|Nrg2|Mog,NA,NA,0.72650594
Astrocytes|Neurons|Gnas|Adora1,NA,NA,0.72638905
Oligodendrocytes|Microglia|Il1rapl1|Ptprs,NA,NA,0.72537374
Oligodendrocytes|Pericytes|Apoe|Lrp6,NA,NA,0.72500134
OPCs|Neurons|Psap|Lrp1,NA,NA,0.72486913
Microglia|Neurons|Trf|Tfrc,NA,NA,0.7244327
Neurons|Astrocytes|Fgf13|Egfr,NA,NA,0.7243944
Oligodendrocytes|OPCs|Agrn|Lrp1,NA,NA,0.7229991
Neurons|Neurons|Ptn|Ptprs,NA,NA,0.72274965
Pericytes|Neurons|Ntn1|Unc5d,NA,NA,0.72242403
Astrocytes|Astrocytes|Ntrk3|Ptprs,NA,NA,0.722419
Pericytes|Microglia|Mfge8|Itgav,NA,NA,0.72233653
Neurons|Microglia|Alcam|Nrp1,NA,NA,0.72224045
Microglia|Microglia|Gnai2|Ccr5,NA,NA,0.7221221
Pericytes|Astrocytes|Tfpi|F3,NA,NA,0.72187
Oligodendrocytes|Neurons|Apoe|Lrp6,NA,NA,0.7217679
Pericytes|Microglia|Nid1|Itgav,NA,NA,0.7211673
Pericytes|Microglia|App|Grm7,NA,NA,0.7209811
Oligodendrocytes|Neurons|Cntn1|Nrcam,NA,NA,0.71981907
Neurons|OPCs|Gpc3|Lrp1,NA,NA,0.7192036
Microglia|Astrocytes|Serpine2|Lrp1,NA,NA,0.7191659
Oligodendrocytes|Astrocytes|Cntn3|Ptprg,NA,NA,0.71880984
Oligodendrocytes|Neurons|Nlgn1|Nrxn2,NA,NA,0.7175834
Oligodendrocytes|Neurons|Gnas|Crhr1,NA,NA,0.7167146
Astrocytes|Oligodendrocytes|Fgf12|Fgfr2,NA,NA,0.71664965
Astrocytes|Neurons|Alcam|Nrp1,NA,NA,0.7166016
Pericytes|OPCs|Bsg|Slc16a7,NA,NA,0.7163911
Microglia|OPCs|H2-K1|Aplp2,NA,NA,0.71603775
Microglia|Pericytes|Col27a1|Itga1_Itgb1,NA,NA,0.71597743
Neurons|OPCs|Fgf1|Cspg4,NA,NA,0.7152666
OPCs|Astrocytes|Adam10|Tspan5,NA,NA,0.7150777
Microglia|Microglia|Adam17|Il6ra,NA,NA,0.71464664
Oligodendrocytes|Neurons|Gnas|Adcy7,NA,NA,0.7144116
Microglia|Pericytes|H2-K1|Aplp2,NA,NA,0.71421516
Microglia|Microglia|Fgf13|Fgfr2,NA,NA,0.7133148
Astrocytes|Neurons|Gnas|Crhr1,NA,NA,0.7132205
Neurons|Neurons|Vegfa|Grin2b,NA,NA,0.7130247
OPCs|Neurons|Gnas|Adcy1,NA,NA,0.71286225
Neurons|Neurons|Lgi3|Adam23,NA,NA,0.71273464
OPCs|Oligodendrocytes|App|Aplp2,NA,NA,0.7124096
Astrocytes|Pericytes|Lrig1|Egfr,NA,NA,0.7122334
OPCs|Astrocytes|Slit2|Robo2,NA,NA,0.7120563
Pericytes|Oligodendrocytes|App|Vldlr,NA,NA,0.7119258
OPCs|Microglia|Adam10|Il6ra,NA,NA,0.71176225
Astrocytes|Microglia|Spon1|App,NA,NA,0.71167195
Microglia|Astrocytes|Fgf14|Fgfr2,NA,NA,0.71121305
Neurons|Astrocytes|Nxph1|Nrxn2,NA,NA,0.7110766
Astrocytes|Neurons|Gnas|Adcy7,NA,NA,0.7109175
Pericytes|Astrocytes|App|Grm7,NA,NA,0.70971805
Microglia|Oligodendrocytes|Fgf12|Fgfr2,NA,NA,0.70930314
Oligodendrocytes|OPCs|Apoe|Abca1,NA,NA,0.7092099
Microglia|OPCs|Il1rapl1|Ptprs,NA,NA,0.7085983
Neurons|Astrocytes|Slit1|Robo2,NA,NA,0.70857984
Neurons|Pericytes|Adam23|Itga4,NA,NA,0.70840454
OPCs|Astrocytes|Fgf13|Fgfr3,NA,NA,0.7081841
Microglia|Microglia|Serpine2|Lrp1,NA,NA,0.7079285
OPCs|Pericytes|Sparc|Fgfr1,NA,NA,0.70725673
Oligodendrocytes|Microglia|Apoe|Lrp5,NA,NA,0.7069748
OPCs|Oligodendrocytes|Ccl25|Grm7,NA,NA,0.7069716
Microglia|Neurons|App|Aplp2,NA,NA,0.706871
Pericytes|Oligodendrocytes|Cxcl12|Grm7,NA,NA,0.7064368
Pericytes|Microglia|Bsg|Slc16a7,NA,NA,0.7061789
Pericytes|Microglia|App|Aplp2,NA,NA,0.70598865
Microglia|OPCs|Rtn4|Lingo1,NA,NA,0.7049703
Microglia|Pericytes|Gnai2|Igf1r,NA,NA,0.70420897
Oligodendrocytes|OPCs|Fgf1|Cspg4,NA,NA,0.70361316
Astrocytes|Pericytes|Alcam|Nrp1,NA,NA,0.70327187
OPCs|Astrocytes|Sparc|Fgfr1,NA,NA,0.7026358
Neurons|Pericytes|Hsp90b1|Lrp1,NA,NA,0.7021764
Microglia|Microglia|Grn|Sort1,NA,NA,0.70172524
Neurons|Neurons|Hspa8|Ldlr,NA,NA,0.70142394
Microglia|Pericytes|Pdgfb|Lrp1,NA,NA,0.7012896
Oligodendrocytes|Pericytes|Lama2|Itga1,NA,NA,0.70123756
Astrocytes|Neurons|Rgma|Bmpr2,NA,NA,0.70119417
Neurons|Astrocytes|Fgf1|Fgfr3,NA,NA,0.7010068
OPCs|Neurons|Sparc|Fgfr1,NA,NA,0.7009251
Neurons|Oligodendrocytes|Psap|Sort1,NA,NA,0.70092094
OPCs|Astrocytes|Gnas|Adcy9,NA,NA,0.70084333
Microglia|OPCs|Pdgfb|Itgav,NA,NA,0.700783
Astrocytes|Astrocytes|Ptn|Ptprs,NA,NA,0.70050776
Neurons|OPCs|Cntn6|Notch1,NA,NA,0.7002392
Pericytes|OPCs|Fgf1|Cspg4,NA,NA,0.6998496
Neurons|OPCs|Bsg|Slc16a7,NA,NA,0.69949436
OPCs|Pericytes|Hsp90b1|Lrp1,NA,NA,0.6992141
Microglia|OPCs|Gnai2|Igf1r,NA,NA,0.6991807
Microglia|Astrocytes|Gnas|Adora1,NA,NA,0.69827366
Astrocytes|Oligodendrocytes|Lama2|Itgav_Itgb8,NA,NA,0.6981264
Astrocytes|Pericytes|Bcan|Egfr,NA,NA,0.69809556
Neurons|Neurons|Lgi2|Adam23,NA,NA,0.69779074
Microglia|Oligodendrocytes|Tgfa|Erbb4,NA,NA,0.6972053
Astrocytes|Pericytes|Psap|Gpr37l1,NA,NA,0.69708425
Neurons|Astrocytes|Hspa8|Ldlr,NA,NA,0.69700885
Astrocytes|OPCs|Slitrk2|Ptprs,NA,NA,0.69693995
OPCs|Pericytes|Nlgn3|Nrxn1,NA,NA,0.69658005
Pericytes|OPCs|Nrxn1|Nlgn3,NA,NA,0.69658005
OPCs|OPCs|Vegfa|Itgav,NA,NA,0.69654524
Oligodendrocytes|Microglia|Apoe|Lrp6,NA,NA,0.6962244
Neurons|Oligodendrocytes|Ccl25|Grm7,NA,NA,0.695938
Astrocytes|Pericytes|Lama2|Itgav_Itgb8,NA,NA,0.6955446
Microglia|Neurons|Il1rapl1|Ptprs,NA,NA,0.69509035
Pericytes|OPCs|Fgf14|Fgfr2,NA,NA,0.6947166
Oligodendrocytes|Oligodendrocytes|Il18|Il1rapl1,NA,NA,0.69449365
Pericytes|Microglia|Lamc1|Itga6_Itgb1,NA,NA,0.69445384
Astrocytes|Astrocytes|Lama2|Itga6_Itgb1,NA,NA,0.6943375
Neurons|OPCs|Serpine2|Lrp1,NA,NA,0.6939287
Neurons|Pericytes|Calr|Lrp1,NA,NA,0.69372845
Oligodendrocytes|Astrocytes|Adam10|Tspan5,NA,NA,0.6935462
Microglia|Microglia|Grn|Tnfrsf1b,NA,NA,0.69326687
Neurons|OPCs|Calr|Itgav,NA,NA,0.6932219
Astrocytes|Microglia|Rims2|Abca1,NA,NA,0.69254434
Neurons|Astrocytes|Hsp90b1|Lrp1,NA,NA,0.6924505
Pericytes|Neurons|Ncam1|Fgfr2,NA,NA,0.6922803
Pericytes|Neurons|Gpc3|Unc5d,NA,NA,0.6922507
Microglia|Pericytes|Sorbs1|Itga1,NA,NA,0.69192606
OPCs|OPCs|Bsg|Slc16a7,NA,NA,0.6917249
Microglia|Astrocytes|Pdgfb|Lrp1,NA,NA,0.6915637
Neurons|Oligodendrocytes|Gpc3|Unc5c,NA,NA,0.69123095
Neurons|OPCs|Fgf13|Scn8a,NA,NA,0.6907172
Neurons|Neurons|Efna5|Ephb1,NA,NA,0.69054747
OPCs|OPCs|Gnas|Adora1,NA,NA,0.6903385
Oligodendrocytes|Microglia|Adam10|Il6ra,NA,NA,0.6902307
Astrocytes|Microglia|Rgma|Bmpr2,NA,NA,0.68997467
OPCs|Astrocytes|Hsp90b1|Lrp1,NA,NA,0.68948823
Pericytes|Neurons|App|Gpc1,NA,NA,0.6894556
Oligodendrocytes|Astrocytes|Fgf1|Fgfr3,NA,NA,0.6893534
Neurons|Microglia|Bsg|Slc16a7,NA,NA,0.6892822
Oligodendrocytes|OPCs|Apoe|Ldlr,NA,NA,0.6891384
Oligodendrocytes|Astrocytes|Fgf12|Fgfr2,NA,NA,0.68882614
Pericytes|OPCs|Vcl|Alk,NA,NA,0.6887667
Neurons|Astrocytes|Adam10|Tspan5,NA,NA,0.6885594
OPCs|Pericytes|Agrn|Lrp1,NA,NA,0.6883663
Microglia|Neurons|Gnai2|Adcy8,NA,NA,0.6880771
Neurons|Pericytes|Cntn6|Notch1,NA,NA,0.6880427
Pericytes|Oligodendrocytes|Ncam1|Robo1,NA,NA,0.6878375
Microglia|Pericytes|Calr|Lrp1,NA,NA,0.6878076
Neurons|Astrocytes|Cntn6|Notch1,NA,NA,0.68763936
Neurons|Pericytes|Hsp90aa1|Egfr,NA,NA,0.68755937
Microglia|OPCs|Calr|Itgav,NA,NA,0.68730104
Oligodendrocytes|Astrocytes|Fgf14|Fgfr2,NA,NA,0.68706095
Microglia|Microglia|Adam10|Tspan14,NA,NA,0.6869799
Neurons|Pericytes|Ntrk3|Ptprs,NA,NA,0.6865996
Microglia|OPCs|Trf|Ldlr,NA,NA,0.68628864999999994
Pericytes|Microglia|Sptan1|Ptpra,NA,NA,0.6859695
Pericytes|Astrocytes|Fgf1|Fgfr3,NA,NA,0.68558985
Pericytes|Pericytes|App|Aplp1,NA,NA,0.68550617
Astrocytes|Neurons|Lgi4|Adam23,NA,NA,0.685408
Astrocytes|Oligodendrocytes|App|Rpsa,NA,NA,0.685321
Pericytes|OPCs|App|Vldlr,NA,NA,0.68527526
Neurons|Microglia|Adam10|Il6ra,NA,NA,0.68524396
Astrocytes|Microglia|Lama2|Dag1,NA,NA,0.68493706
Pericytes|Astrocytes|Adam10|Tspan5,NA,NA,0.6849319
OPCs|Astrocytes|Bcan|Egfr,NA,NA,0.6848346
Pericytes|Pericytes|Spon1|App,NA,NA,0.68477154
Microglia|Microglia|Pdgfb|Itgav,NA,NA,0.6842197
OPCs|OPCs|Slitrk1|Ptprs,NA,NA,0.6841598
Neurons|Astrocytes|Calr|Lrp1,NA,NA,0.6840026
Microglia|Pericytes|Gnas|Adcy8,NA,NA,0.68357396
Astrocytes|Neurons|Slitrk2|Ptprs,NA,NA,0.683432
Neurons|OPCs|Sdc2|Ptprj,NA,NA,0.6829149
Astrocytes|Pericytes|Lama2|Itga6_Itgb1,NA,NA,0.68272924
Astrocytes|Pericytes|App|Lrp1,NA,NA,0.6822914
Astrocytes|Pericytes|Sorbs1|Itgb5,NA,NA,0.68222594
Pericytes|Microglia|App|Aplp1,NA,NA,0.6820355
Pericytes|Microglia|App|Ncstn,NA,NA,0.6819462
Pericytes|Microglia|Adam10|Il6ra,NA,NA,0.6816164
OPCs|Microglia|Bsg|Slc16a7,NA,NA,0.6815127
Neurons|OPCs|Lgi1|Adam22,NA,NA,0.68148774
Neurons|Microglia|Hsp90b1|Lrp1,NA,NA,0.68121314
Oligodendrocytes|Pericytes|Il1rapl1|Ptprs,NA,NA,0.6811612
Oligodendrocytes|OPCs|Apoe|Lrp4,NA,NA,0.68115973
Microglia|Microglia|Pdgfb|Lrp1,NA,NA,0.68032634
OPCs|Microglia|Sptan1|Ptpra,NA,NA,0.68009305
OPCs|Microglia|Vegfa|Itgav,NA,NA,0.67998195
Neurons|Neurons|Ntrk3|Ptprf,NA,NA,0.679899
Astrocytes|Astrocytes|Sdc2|Ptprj,NA,NA,0.67929304
Pericytes|Pericytes|Hsp90b1|Lrp1,NA,NA,0.6789837
Pericytes|Oligodendrocytes|Il18|Il1rapl1,NA,NA,0.67889005
Astrocytes|Astrocytes|Adam10|Tspan5,NA,NA,0.6788626
Neurons|Astrocytes|Fgf9|Fgfr3,NA,NA,0.6787406
OPCs|Astrocytes|Agrn|Lrp1,NA,NA,0.6786404
Pericytes|Oligodendrocytes|App|Tspan15,NA,NA,0.67827636
OPCs|Microglia|Hsp90b1|Lrp1,NA,NA,0.67825085
Microglia|Astrocytes|Calr|Lrp1,NA,NA,0.67808175
Pericytes|OPCs|App|Tnfrsf21,NA,NA,0.6777704
Microglia|OPCs|Rtn4|Tnfrsf19,NA,NA,0.6773348
OPCs|Oligodendrocytes|Psap|Sort1,NA,NA,0.67696035
Oligodendrocytes|Pericytes|Sorbs1|Itga1,NA,NA,0.67693335
Neurons|Pericytes|Fstl5|Chl1,NA,NA,0.6769078
Oligodendrocytes|Neurons|Apoe|Sdc2,NA,NA,0.6767631
Neurons|Microglia|Calr|Itgav,NA,NA,0.6766586
Pericytes|Microglia|Alcam|Nrp1,NA,NA,0.6765181
Pericytes|Astrocytes|Sorbs1|Itgb5,NA,NA,0.6761489
Astrocytes|Microglia|Adam10|Il6ra,NA,NA,0.6755471
Astrocytes|Oligodendrocytes|Rgma|Neo1,NA,NA,0.6750286
Astrocytes|Astrocytes|Rgma|Neo1,NA,NA,0.67481613
Microglia|Pericytes|Rtn4|Tnfrsf19,NA,NA,0.67472655
Oligodendrocytes|Neurons|Il1rapl1|Ptprf,NA,NA,0.67446065
Pericytes|Neurons|Bcan|Nrcam,NA,NA,0.67420775
Pericytes|OPCs|Rgma|Neo1,NA,NA,0.6740204
Oligodendrocytes|Oligodendrocytes|Apoe|Vldlr,NA,NA,0.673799
Microglia|Pericytes|Adam10|Cadm1,NA,NA,0.67371464
Oligodendrocytes|Pericytes|Nrxn1|Nlgn1,NA,NA,0.67333615
Pericytes|Oligodendrocytes|Nlgn1|Nrxn1,NA,NA,0.67333615
Neurons|Astrocytes|Fstl5|Sdk2,NA,NA,0.6729461
Neurons|Microglia|Calr|Lrp1,NA,NA,0.6727652
Oligodendrocytes|Astrocytes|Alcam|Chl1,NA,NA,0.6726318
Astrocytes|Astrocytes|App|Lrp1,NA,NA,0.6725655
Pericytes|Microglia|Ncam1|Ptpra,NA,NA,0.67229223
Pericytes|Microglia|Gnai2|Ccr5,NA,NA,0.671133
Microglia|Microglia|Calr|Itgav,NA,NA,0.67073774
OPCs|Neurons|Slitrk1|Ptprs,NA,NA,0.67065185
Microglia|Oligodendrocytes|Ncam1|Fgfr2,NA,NA,0.6705022
Microglia|Oligodendrocytes|Il18|Il1rapl1,NA,NA,0.67026967
Neurons|Oligodendrocytes|Adam17|Erbb4,NA,NA,0.67016137
Pericytes|Astrocytes|Hsp90b1|Lrp1,NA,NA,0.6692578
Astrocytes|OPCs|Lrrc4b|Ptprs,NA,NA,0.66916203
Neurons|OPCs|F8|Lrp1,NA,NA,0.66908646
Neurons|Astrocytes|Rtn4|Tnfrsf19,NA,NA,0.6688015
Oligodendrocytes|Pericytes|Ptn|Ptprz1,NA,NA,0.6687273
Microglia|Neurons|Fgf14|Fgfr2,NA,NA,0.66830575
OPCs|Pericytes|Sparc|Eng,NA,NA,0.66758645
Neurons|Pericytes|Spon1|App,NA,NA,0.6674259
OPCs|Microglia|Agrn|Lrp1,NA,NA,0.667403
OPCs|Neurons|Lgi1|Adam23,NA,NA,0.66715264
Astrocytes|Pericytes|Fgfr3|Epha4,NA,NA,0.6671319
Microglia|Microglia|Calr|Lrp1,NA,NA,0.6668443
Microglia|OPCs|Ncam1|Cacna1c,NA,NA,0.6665947
OPCs|OPCs|Sema5a|Plxnb3,NA,NA,0.66655785
Neurons|Oligodendrocytes|Slit2|Dcc,NA,NA,0.6665191
Pericytes|Oligodendrocytes|App|Lrp6,NA,NA,0.66590667
Microglia|Oligodendrocytes|H2-K1|Aplp2,NA,NA,0.6658897
Neurons|Pericytes|Agrn|Lrp1,NA,NA,0.6657289
Neurons|Neurons|Psap|Sort1,NA,NA,0.66551554
Oligodendrocytes|OPCs|Rims1|Cacna1c,NA,NA,0.66532946
Pericytes|Astrocytes|App|Tspan12,NA,NA,0.6651863
Neurons|Pericytes|Lamc1|Itga1,NA,NA,0.6648213
OPCs|Astrocytes|Fstl5|Chl1,NA,NA,0.6646954
Astrocytes|Astrocytes|Lama2|Itga7_Itgb1,NA,NA,0.6642476
Oligodendrocytes|Microglia|Apoe|Sorl1,NA,NA,0.66414475
OPCs|Microglia|Rtn4|Rtn4rl1,NA,NA,0.6640532
OPCs|Pericytes|App|Notch2,NA,NA,0.66391766
Microglia|Neurons|App|Rpsa,NA,NA,0.6638895
Pericytes|Pericytes|Calr|Lrp1,NA,NA,0.6638555
Pericytes|OPCs|App|Tspan12,NA,NA,0.66373837
Pericytes|Astrocytes|Fgf12|Fgfr2,NA,NA,0.6635767
Pericytes|OPCs|Calr|Itgav,NA,NA,0.6633489
Neurons|Microglia|Fgf13|Fgfr2,NA,NA,0.66303957
Astrocytes|Microglia|Tgfb2|Tgfbr1_Tgfbr2,NA,NA,0.6630039
Microglia|Neurons|Gnas|Adora1,NA,NA,0.66271377
Neurons|Oligodendrocytes|L1cam|Fgfr2,NA,NA,0.66251075
Neurons|Microglia|Psap|Sort1,NA,NA,0.66135466
Astrocytes|Microglia|App|Lrp1,NA,NA,0.6613281
Astrocytes|OPCs|Fgfr3|Epha4,NA,NA,0.66132224
Neurons|Neurons|Fstl5|Sdk2,NA,NA,0.66125745
OPCs|Pericytes|Slit2|App,NA,NA,0.66106987
OPCs|Oligodendrocytes|Fgf13|Fgfr2,NA,NA,0.66096824
Microglia|Pericytes|Adam10|Notch2,NA,NA,0.66048783
Oligodendrocytes|Microglia|Ptn|Ptprs,NA,NA,0.66044384
Neurons|Oligodendrocytes|Ntrk3|Ptprs,NA,NA,0.66027546
OPCs|Astrocytes|Gnas|Adora1,NA,NA,0.66007555
Microglia|Pericytes|App|Rpsa,NA,NA,0.6599884
Astrocytes|Astrocytes|Rims2|Abca1,NA,NA,0.65912485
Microglia|Neurons|Cntn1|Nrcam,NA,NA,0.6590689
OPCs|Neurons|Cspg4|Itga3_Itgb1,NA,NA,0.65897834
Astrocytes|Pericytes|Rgma|Bmpr2,NA,NA,0.6587546
OPCs|Microglia|Adam9|Itga6,NA,NA,0.6582972
Astrocytes|Pericytes|Agt|Enpep,NA,NA,0.6582894
OPCs|Pericytes|Col11a2|Itga1_Itgb1,NA,NA,0.6582345
Pericytes|Microglia|Hsp90b1|Lrp1,NA,NA,0.6580204
Oligodendrocytes|OPCs|Lgi3|Adam22,NA,NA,0.65773445
Oligodendrocytes|Oligodendrocytes|Apoe|Sorl1,NA,NA,0.6573195
Oligodendrocytes|Pericytes|Apoe|Ldlr,NA,NA,0.65704376
Astrocytes|Neurons|Rgma|Neo1,NA,NA,0.6566467
Pericytes|Microglia|Plat|Itgam,NA,NA,0.6564235
Neurons|Neurons|Bcan|Nrcam,NA,NA,0.65636134
Pericytes|Microglia|Fn1|Itga6,NA,NA,0.65625024
Neurons|Microglia|Ntng1|Lrrc4c,NA,NA,0.6560731
Neurons|Astrocytes|Agrn|Lrp1,NA,NA,0.65600306
OPCs|Astrocytes|App|Lrp6,NA,NA,0.6559693
Neurons|Astrocytes|Ntrk3|Ptprf,NA,NA,0.65583616
Astrocytes|Neurons|Lrrc4b|Ptprs,NA,NA,0.6556541
Pericytes|OPCs|Lamc1|Itga9_Itgb1,NA,NA,0.65558237
Microglia|Neurons|Rtn4|Rtn4rl1,NA,NA,0.65509313
Neurons|OPCs|Fstl5|Chl1,NA,NA,0.65487623
Oligodendrocytes|Oligodendrocytes|Il1rapl1|Ptprs,NA,NA,0.65483713
OPCs|Astrocytes|App|Notch2,NA,NA,0.6543159
Microglia|Pericytes|Trf|Ldlr,NA,NA,0.654194
Pericytes|Astrocytes|Calr|Lrp1,NA,NA,0.6541296
OPCs|Neurons|Sema5a|Plxna1,NA,NA,0.654005
OPCs|OPCs|App|Aplp1,NA,NA,0.6539576
Neurons|Oligodendrocytes|Fgf1|Fgfr2,NA,NA,0.65379095
Pericytes|Neurons|App|Tspan12,NA,NA,0.6537318
Neurons|Pericytes|Pam|Fap,NA,NA,0.6536579
Neurons|Pericytes|Lrpap1|Lrp1,NA,NA,0.653545
Microglia|Pericytes|Fgf13|Fgfr1,NA,NA,0.6534937
Pericytes|Pericytes|Gnai2|Igf1r,NA,NA,0.6532199
OPCs|OPCs|Slitrk3|Ptprs,NA,NA,0.65223986
OPCs|Neurons|Adam17|Erbb4,NA,NA,0.65167606
Pericytes|OPCs|Ntn1|Neo1,NA,NA,0.6516412
Oligodendrocytes|Microglia|Sema6a|Plxna4,NA,NA,0.65151405
Neurons|Neurons|Ptn|Cdh10,NA,NA,0.6514931
Pericytes|Neurons|Bsg|Slc16a7,NA,NA,0.65098655
Microglia|Astrocytes|Adam10|Notch2,NA,NA,0.65088606
Pericytes|Neurons|Sdc2|Ptprj,NA,NA,0.6508297
OPCs|Microglia|Fstl5|Il6ra,NA,NA,0.65060186
Oligodendrocytes|Astrocytes|Il1rapl1|Ptprf,NA,NA,0.6503978
Microglia|Astrocytes|Tgfb1|Lpp,NA,NA,0.6503127
Neurons|Neurons|Rtn4|Lingo1,NA,NA,0.6503068
Astrocytes|Pericytes|Alcam|Chl1,NA,NA,0.6500843
OPCs|Pericytes|App|Lrp6,NA,NA,0.6500355
Astrocytes|Astrocytes|Fgf12|Fgfr2,NA,NA,0.6499952
Microglia|Neurons|Gnas|Crhr1,NA,NA,0.64954525
Astrocytes|Astrocytes|Psap|Gpr37,NA,NA,0.64950144
Microglia|Pericytes|Adam10|Nrcam,NA,NA,0.6490058
Microglia|Astrocytes|Fgf13|Fgfr1,NA,NA,0.6488728
Microglia|Neurons|App|Aplp1,NA,NA,0.64831674
Astrocytes|Neurons|Psap|Ar,NA,NA,0.648214
Pericytes|OPCs|Gnai2|Igf1r,NA,NA,0.64819163
Neurons|Pericytes|Nrxn2|Nlgn1,NA,NA,0.64781094
Pericytes|Neurons|Nlgn1|Nrxn2,NA,NA,0.64781094
Microglia|Neurons|Gnas|Adcy7,NA,NA,0.64724225
Microglia|Pericytes|Psen1|Notch3,NA,NA,0.64718866
Microglia|Neurons|Fgf13|Fgfr1,NA,NA,0.6471621
Oligodendrocytes|OPCs|Apoe|Vldlr,NA,NA,0.64714843
Pericytes|Astrocytes|St6gal1|Egfr,NA,NA,0.6469934
OPCs|Neurons|App|Lrp6,NA,NA,0.64680207
Pericytes|Microglia|Calr|Itgav,NA,NA,0.6467856
Microglia|Microglia|App|Rpsa,NA,NA,0.64630675
Pericytes|OPCs|Lamc1|Itgav_Itgb8,NA,NA,0.6462427
Oligodendrocytes|Neurons|Fgf12|Fgfr2,NA,NA,0.64591885
Microglia|Neurons|Adam10|Epha3,NA,NA,0.64581466
OPCs|Astrocytes|Rgma|Bmpr1b,NA,NA,0.6457586
OPCs|Pericytes|Gnas|Adcy8,NA,NA,0.6453758
Microglia|Astrocytes|Fgf13|Scn8a,NA,NA,0.64536643
OPCs|OPCs|Slitrk2|Ptprs,NA,NA,0.6452109
Neurons|Neurons|Rtn4|Cntnap1,NA,NA,0.64516526
OPCs|Pericytes|Lrpap1|Lrp1,NA,NA,0.64515877
Oligodendrocytes|Pericytes|Apoe|Abca1,NA,NA,0.6447816
Neurons|Microglia|Agrn|Lrp1,NA,NA,0.6447656
Pericytes|Microglia|Lamc1|Itga9_Itgb1,NA,NA,0.6446959
Microglia|OPCs|Adam10|Notch1,NA,NA,0.64427054
Microglia|Pericytes|Grn|Egfr,NA,NA,0.6441995
Oligodendrocytes|Neurons|Fgf14|Fgfr2,NA,NA,0.6441536
Astrocytes|Oligodendrocytes|Ccl25|Grm7,NA,NA,0.6438313
Neurons|Astrocytes|Lrpap1|Lrp1,NA,NA,0.6438191
Astrocytes|Astrocytes|Spon1|App,NA,NA,0.64357865
OPCs|Microglia|App|Tnfrsf21,NA,NA,0.64332795
OPCs|Pericytes|Olfm2|Robo2,NA,NA,0.6430619
Pericytes|Microglia|Calr|Lrp1,NA,NA,0.64289224
Oligodendrocytes|OPCs|Lrrc4b|Ptprs,NA,NA,0.6428672
Microglia|Astrocytes|Fgf12|Fgfr2,NA,NA,0.6426487
Oligodendrocytes|Astrocytes|Apoe|Lrp4,NA,NA,0.6421475
Oligodendrocytes|Oligodendrocytes|Fgf1|Fgfr2,NA,NA,0.6421375
Oligodendrocytes|Pericytes|Ptn|Cdh10,NA,NA,0.6421268
Astrocytes|Microglia|Vegfa|Nrp1,NA,NA,0.6419456
Astrocytes|OPCs|Rgma|Bmpr2,NA,NA,0.6417749
Pericytes|Neurons|Nrxn1|Nlgn2,NA,NA,0.6417541
Neurons|Pericytes|Nlgn2|Nrxn1,NA,NA,0.6417541
OPCs|Neurons|Psap|Sort1,NA,NA,0.64155495
Neurons|Microglia|Slit2|App,NA,NA,0.6414877
Pericytes|OPCs|Ncam1|Fgfr2,NA,NA,0.64148337
Astrocytes|Neurons|Lama2|Itga3_Itgb1,NA,NA,0.64145577
Neurons|Microglia|Cntn6|Ptprg,NA,NA,0.64101064
OPCs|Astrocytes|App|Aplp2,NA,NA,0.6401401
Pericytes|Neurons|App|Vldlr,NA,NA,0.6396041
Astrocytes|Neurons|App|Aplp2,NA,NA,0.6387776
OPCs|Neurons|Slitrk3|Ptprs,NA,NA,0.6387319
Pericytes|Pericytes|Serpine2|Lrp1,NA,NA,0.6386968
Pericytes|Oligodendrocytes|Fgf1|Fgfr2,NA,NA,0.638374
Astrocytes|Neurons|Vcl|Alk,NA,NA,0.63788825
Microglia|Pericytes|Trf|Tfrc,NA,NA,0.63754684
OPCs|Microglia|Psap|Sort1,NA,NA,0.637394
Pericytes|Pericytes|Fgf14|Fgfr2,NA,NA,0.6373439
Pericytes|Neurons|Gnai2|Adcy8,NA,NA,0.63708806
Oligodendrocytes|Pericytes|Ptn|Sdc3,NA,NA,0.6366949
Pericytes|Pericytes|Agrn|Lrp1,NA,NA,0.63652474
Astrocytes|Microglia|Sptan1|Ptpra,NA,NA,0.63612866
Pericytes|Neurons|App|Ncstn,NA,NA,0.63585085
Astrocytes|Microglia|Ntrk3|Ptprs,NA,NA,0.6354939
OPCs|Astrocytes|Lrpap1|Lrp1,NA,NA,0.6354329
Microglia|Pericytes|Tgfb1|Lpp,NA,NA,0.635301
Neurons|Pericytes|Psen1|Notch3,NA,NA,0.63471395
Neurons|Neurons|Cntn2|Nrcam,NA,NA,0.634636
Astrocytes|Astrocytes|Vegfa|Egfr,NA,NA,0.6343968
Neurons|Neurons|Bsg|Slc16a7,NA,NA,0.6340898
Oligodendrocytes|OPCs|Hspa8|Ldlr,NA,NA,0.63358074
Microglia|OPCs|Entpd1|Adora1,NA,NA,0.632594
Neurons|Microglia|Lrpap1|Lrp1,NA,NA,0.6325817
Oligodendrocytes|Microglia|Nlgn1|Nrxn1,NA,NA,0.63231283
Microglia|Oligodendrocytes|Nrxn1|Nlgn1,NA,NA,0.63231283
Microglia|Pericytes|Adam10|Notch1,NA,NA,0.632074
Neurons|Oligodendrocytes|Ntrk3|Ptprf,NA,NA,0.6318999
Pericytes|OPCs|Lgi1|Adam22,NA,NA,0.63183737
OPCs|Neurons|Slitrk2|Ptprs,NA,NA,0.63170296
Pericytes|Neurons|Sema6a|Plxna4,NA,NA,0.6317023
Microglia|Astrocytes|Adam10|Notch1,NA,NA,0.63167065
Oligodendrocytes|OPCs|Apoe|Lrp5,NA,NA,0.63166
Neurons|Oligodendrocytes|Fgf9|Fgfr2,NA,NA,0.63152474
Astrocytes|Pericytes|Vcl|Itgb5,NA,NA,0.63024944
Microglia|Astrocytes|Alcam|Chl1,NA,NA,0.6300329
Oligodendrocytes|Pericytes|Hsp90b1|Lrp1,NA,NA,0.629763
Neurons|Microglia|Cgn|Tgfbr2,NA,NA,0.62971675
Astrocytes|Pericytes|Agrn|Lrp1,NA,NA,0.62963164
Oligodendrocytes|Neurons|Lrrc4b|Ptprs,NA,NA,0.62935925
Astrocytes|Astrocytes|Alcam|Nrp1,NA,NA,0.6292534
Microglia|Pericytes|Pros1|Mertk,NA,NA,0.6291494
Pericytes|Astrocytes|Serpine2|Lrp1,NA,NA,0.62897086
Astrocytes|OPCs|Alcam|Chl1,NA,NA,0.6280528
Oligodendrocytes|Oligodendrocytes|Apoe|Lrp6,NA,NA,0.62777984
Microglia|Astrocytes|Trf|Tfrc,NA,NA,0.62683123
Pericytes|Astrocytes|Agrn|Lrp1,NA,NA,0.62679887
Pericytes|Pericytes|Gpc3|Lrp1,NA,NA,0.6267042
Oligodendrocytes|Oligodendrocytes|Il1rapl1|Ptprf,NA,NA,0.6264615
OPCs|Neurons|Bsg|Slc16a7,NA,NA,0.6263204
Neurons|Pericytes|Psap|Gpr37l1,NA,NA,0.6261334
Astrocytes|Neurons|Itgav|Thy1,NA,NA,0.6258358
Microglia|Oligodendrocytes|App|Dcc,NA,NA,0.6255195
Microglia|OPCs|App|Rpsa,NA,NA,0.625424
Pericytes|Oligodendrocytes|Bsg|Slc16a7,NA,NA,0.6252203
Astrocytes|Astrocytes|Sorbs1|Itgb5,NA,NA,0.6249065
Neurons|Pericytes|Slit2|Robo1,NA,NA,0.6247009
OPCs|Neurons|Gnas|Adora1,NA,NA,0.62451565
OPCs|Microglia|Lrpap1|Lrp1,NA,NA,0.62419546
Microglia|OPCs|Ntrk3|Ptprs,NA,NA,0.62398565
Microglia|Pericytes|Tgfb1|Sdc2,NA,NA,0.6237229
Neurons|Neurons|Alcam|Nrp1,NA,NA,0.62351215
Oligodendrocytes|Pericytes|Ptn|Ncl,NA,NA,0.6230899
Neurons|OPCs|Cx3cl1|Itgav,NA,NA,0.6222662
Microglia|Neurons|Tgfa|Erbb4,NA,NA,0.622049
Astrocytes|Pericytes|Ptn|Ptprz1,NA,NA,0.621866
Pericytes|Neurons|H2-K1|Aplp2,NA,NA,0.62167823
OPCs|Microglia|App|Lrp6,NA,NA,0.6212586
Pericytes|Neurons|Fgf12|Fgfr2,NA,NA,0.6206694
OPCs|Neurons|Ncan|Cdh2,NA,NA,0.6205406
Oligodendrocytes|Neurons|Apoe|Ldlr,NA,NA,0.62015957
Oligodendrocytes|Astrocytes|Hsp90b1|Lrp1,NA,NA,0.6200371
Astrocytes|Astrocytes|Agrn|Lrp1,NA,NA,0.61990577
Microglia|OPCs|App|Lrp6,NA,NA,0.6194202
Oligodendrocytes|OPCs|Ptn|Ncl,NA,NA,0.6185557
Microglia|Astrocytes|App|Rpsa,NA,NA,0.6184616
Pericytes|Microglia|Serpine2|Lrp1,NA,NA,0.6177335
Microglia|Microglia|Adam9|Itga6,NA,NA,0.6176972
Microglia|OPCs|Fgf14|Fgfr2,NA,NA,0.6175089
Microglia|Neurons|Trf|Ldlr,NA,NA,0.6173098
Astrocytes|Astrocytes|Agt|Enpep,NA,NA,0.6172806
Neurons|Oligodendrocytes|Ptn|Cdh10,NA,NA,0.6172463
Pericytes|Astrocytes|Gpc3|Lrp1,NA,NA,0.61697835
Oligodendrocytes|Pericytes|Ptn|Ptprs,NA,NA,0.6162313
OPCs|Pericytes|App|Tnfrsf21,NA,NA,0.6161323
Microglia|Pericytes|Fgf13|Fgfr3,NA,NA,0.61612403
Neurons|Pericytes|Apoe|Lrp1,NA,NA,0.6159659
Oligodendrocytes|Astrocytes|Apoe|Ldlr,NA,NA,0.6157445
Pericytes|Microglia|Agrn|Lrp1,NA,NA,0.6155615
OPCs|Pericytes|Ntn1|Neo1,NA,NA,0.6152314
OPCs|OPCs|Sparc|Fgfr1,NA,NA,0.6148195
Microglia|Pericytes|Grn|Tnfrsf1a,NA,NA,0.61461145
Astrocytes|Microglia|Agt|Grm7,NA,NA,0.61433333
Neurons|OPCs|Rtn4|Lingo1,NA,NA,0.6136986
Astrocytes|Microglia|Ptn|Ptprs,NA,NA,0.61358255
Microglia|OPCs|Adam10|Tspan5,NA,NA,0.6133014
Pericytes|Neurons|Itgav|Thy1,NA,NA,0.6129708
Astrocytes|Pericytes|Hsp90b1|Lrp1,NA,NA,0.61292875
Microglia|Astrocytes|Trf|Ldlr,NA,NA,0.6128947
Astrocytes|OPCs|Rims2|Abca1,NA,NA,0.61281335
Pericytes|Astrocytes|Lamc1|Itgav_Itgb8,NA,NA,0.6121366
Astrocytes|Microglia|Vegfa|Itgb1,NA,NA,0.6119977
Microglia|Pericytes|Adam10|Axl,NA,NA,0.611851
OPCs|Neurons|Gnas|Crhr1,NA,NA,0.6113471
OPCs|Pericytes|Jag1|Notch3,NA,NA,0.61132765
OPCs|Pericytes|Adam10|Tspan5,NA,NA,0.6111165
Microglia|Microglia|Entpd1|Adora3,NA,NA,0.6108984
OPCs|Astrocytes|Sdc2|Ptprj,NA,NA,0.6108726
Microglia|Neurons|Ntrk3|Ptprs,NA,NA,0.6104777
Pericytes|Pericytes|Lamc1|Dag1,NA,NA,0.61034405
Neurons|Pericytes|Alcam|Nrp1,NA,NA,0.61018234
OPCs|Neurons|Fgf13|Scn8a,NA,NA,0.6093188
Pericytes|OPCs|Sptan1|Ptpra,NA,NA,0.609128
OPCs|Neurons|Gnas|Adcy7,NA,NA,0.6090441
Neurons|Neurons|Farp2|Plxna4,NA,NA,0.6090106
Oligodendrocytes|Microglia|Hsp90b1|Lrp1,NA,NA,0.6087997
Astrocytes|Microglia|Agrn|Lrp1,NA,NA,0.6086683
Neurons|Oligodendrocytes|Bsg|Slc16a7,NA,NA,0.6083236
Pericytes|Pericytes|Plat|Lrp1,NA,NA,0.60797846
OPCs|Microglia|App|Grm7,NA,NA,0.60788846
Oligodendrocytes|OPCs|Apoe|Lrp8,NA,NA,0.6072907
Neurons|Neurons|Gpc3|Unc5d,NA,NA,0.6072096
Astrocytes|Neurons|Fgf12|Fgfr2,NA,NA,0.60708797
OPCs|Microglia|Fam3c|Lamp1,NA,NA,0.60706604
Microglia|Neurons|Gnai2|Igf1r,NA,NA,0.6068223
Pericytes|Pericytes|Gpc3|Igf1r,NA,NA,0.6067954
Neurons|Astrocytes|Apoe|Lrp1,NA,NA,0.60624003
Pericytes|Microglia|Gpc3|Lrp1,NA,NA,0.60574096
Neurons|Microglia|Cx3cl1|Itgav,NA,NA,0.6057029
OPCs|Neurons|Farp2|Plxna4,NA,NA,0.6051768
Pericytes|Microglia|Lama4|Itga6_Itgb1,NA,NA,0.604826
Oligodendrocytes|Microglia|Ptn|Plxnb2,NA,NA,0.6044296
Pericytes|Pericytes|Lrpap1|Lrp1,NA,NA,0.60422635
Microglia|Astrocytes|Ncam1|Fgfr2,NA,NA,0.60384774
Pericytes|Pericytes|Tfpi|Lrp1,NA,NA,0.6037948
Neurons|Oligodendrocytes|Fgf10|Fgfr2,NA,NA,0.603788
OPCs|OPCs|Sptan1|Ptpra,NA,NA,0.6032516
Neurons|Pericytes|Fgf13|Fgfr1,NA,NA,0.6032185
Astrocytes|Astrocytes|Hsp90b1|Lrp1,NA,NA,0.6032029
Astrocytes|Astrocytes|Agt|Grm7,NA,NA,0.6030703
OPCs|Microglia|Gnai2|Ccr5,NA,NA,0.6030649
Astrocytes|Neurons|Spon1|Lrp8,NA,NA,0.6024713
Neurons|OPCs|Lgi3|Adam22,NA,NA,0.60234946
Microglia|Astrocytes|Entpd1|Adora1,NA,NA,0.6023309
OPCs|Pericytes|Psap|Gpr37l1,NA,NA,0.6021728
Pericytes|OPCs|Gpc3|Igf1r,NA,NA,0.6017671
Oligodendrocytes|Pericytes|Hspa8|Ldlr,NA,NA,0.6014861
Oligodendrocytes|Neurons|Apoe|Vldlr,NA,NA,0.60147727
OPCs|Pericytes|Psen1|Notch3,NA,NA,0.60136503
Pericytes|Astrocytes|Sptan1|Ptpra,NA,NA,0.6005776
OPCs|Oligodendrocytes|Bsg|Slc16a7,NA,NA,0.6005541
Microglia|Microglia|App|Notch2,NA,NA,0.6004797
Microglia|OPCs|App|Aplp2,NA,NA,0.60002804
Microglia|Neurons|Fgf12|Fgfr2,NA,NA,0.5997414
Oligodendrocytes|Pericytes|Calr|Lrp1,NA,NA,0.5996314
Oligodendrocytes|OPCs|Calr|Itgav,NA,NA,0.5991249
Oligodendrocytes|Microglia|Cntn2|Nrp1,NA,NA,0.59907925
Astrocytes|Astrocytes|Rgma|Bmpr2,NA,NA,0.599005
Oligodendrocytes|OPCs|Nrxn1|Nlgn2,NA,NA,0.5988889
OPCs|Oligodendrocytes|Nlgn2|Nrxn1,NA,NA,0.5988889
OPCs|Oligodendrocytes|App|Vldlr,NA,NA,0.59883314
Pericytes|Pericytes|Serping1|Lrp1,NA,NA,0.59861785
Neurons|Astrocytes|Fgf13|Fgfr1,NA,NA,0.5985976
Pericytes|Astrocytes|Plat|Lrp1,NA,NA,0.59825253
Microglia|Pericytes|App|Aplp2,NA,NA,0.59820545
Oligodendrocytes|Microglia|Nrxn1|Nlgn1,NA,NA,0.5980247
Microglia|Oligodendrocytes|Nlgn1|Nrxn1,NA,NA,0.5980247
OPCs|Oligodendrocytes|Adam10|Cadm1,NA,NA,0.59774005
Oligodendrocytes|Astrocytes|Ptn|Ncl,NA,NA,0.5973059
Oligodendrocytes|Neurons|Apoe|Scarb1,NA,NA,0.59721714
Pericytes|Oligodendrocytes|Timp3|Ddr1,NA,NA,0.5969614
Neurons|Neurons|Fgf13|Fgfr1,NA,NA,0.5968869
Astrocytes|Pericytes|Vegfa|Itgb1,NA,NA,0.5968466
Microglia|OPCs|Adam15|Itgav,NA,NA,0.59679157
Neurons|Microglia|Adam9|Itga6,NA,NA,0.59678245
OPCs|Astrocytes|App|Grm7,NA,NA,0.59662545
Neurons|OPCs|Slitrk3|Ptprs,NA,NA,0.5962
Astrocytes|Pericytes|Fgf1|Tgfbr3,NA,NA,0.59616584
Microglia|Microglia|Tgfb1|Lpp,NA,NA,0.595977
Neurons|Astrocytes|L1cam|Fgfr2,NA,NA,0.59585637
Astrocytes|Neurons|App|Rpsa,NA,NA,0.5957962
Pericytes|OPCs|Ncam1|Ptpra,NA,NA,0.5954507
Astrocytes|Astrocytes|Bmp1|Bmpr1b,NA,NA,0.5953143
Astrocytes|Pericytes|Ptn|Cdh10,NA,NA,0.5952655
OPCs|Pericytes|Ntn1|Mcam,NA,NA,0.5952002
Microglia|Astrocytes|Gnai2|Adcy8,NA,NA,0.59517145
Oligodendrocytes|OPCs|Fgf12|Fgfr2,NA,NA,0.5951219
Neurons|Astrocytes|Fgf13|Scn8a,NA,NA,0.5950912
Neurons|Neurons|Adam17|Erbb4,NA,NA,0.595005
Neurons|Microglia|Apoe|Lrp1,NA,NA,0.59500265
OPCs|Astrocytes|Sptan1|Ptpra,NA,NA,0.59470123
Oligodendrocytes|Oligodendrocytes|Ptn|Ncl,NA,NA,0.59468526
Pericytes|Astrocytes|Lrpap1|Lrp1,NA,NA,0.5945005
Astrocytes|Pericytes|Calr|Lrp1,NA,NA,0.59436923
OPCs|Astrocytes|Fgf13|Fgfr2,NA,NA,0.59431386
Pericytes|Astrocytes|Tfpi|Lrp1,NA,NA,0.5940689
Astrocytes|OPCs|Calr|Itgav,NA,NA,0.59386265
Microglia|Astrocytes|H2-K1|Aplp2,NA,NA,0.5936202
OPCs|Pericytes|Dll3|Notch3,NA,NA,0.5935205
Oligodendrocytes|OPCs|Fgf14|Fgfr2,NA,NA,0.5933567
Astrocytes|Pericytes|Lrpap1|Lrp1,NA,NA,0.59323156
Pericytes|Neurons|B2m|Tfrc,NA,NA,0.592929
OPCs|Microglia|App|Aplp2,NA,NA,0.592896
OPCs|Oligodendrocytes|Itgav|Thy1,NA,NA,0.5927556
Oligodendrocytes|Neurons|Itgav|Thy1,NA,NA,0.59252095
Oligodendrocytes|Astrocytes|Rgma|Bmpr1b,NA,NA,0.59210527
Astrocytes|Microglia|Hsp90b1|Lrp1,NA,NA,0.59196544
OPCs|Astrocytes|Bmp1|Bmpr1b,NA,NA,0.59190536
Astrocytes|Pericytes|App|Rpsa,NA,NA,0.5918951
Microglia|Microglia|Cd14|Itgb1,NA,NA,0.5918931
Astrocytes|Pericytes|Ntrk3|Ptprs,NA,NA,0.5912813
Pericytes|OPCs|Cxcl12|Itgav,NA,NA,0.5911589
OPCs|Pericytes|Mdk|Lrp1,NA,NA,0.5909966
Microglia|Pericytes|Fgf13|Egfr,NA,NA,0.5907085
OPCs|OPCs|Adam9|Itgav,NA,NA,0.59056604
Microglia|Microglia|Ccl12|Ccr5,NA,NA,0.59016097
Oligodendrocytes|Oligodendrocytes|Ptn|Ptprs,NA,NA,0.58990717
Oligodendrocytes|Astrocytes|Calr|Lrp1,NA,NA,0.58990556
Astrocytes|Pericytes|Ptn|Sdc3,NA,NA,0.5898336
Astrocytes|OPCs|Bsg|Slc16a7,NA,NA,0.58966583
Oligodendrocytes|Pericytes|Adam10|Tspan5,NA,NA,0.589585
Pericytes|Neurons|Gpc3|Cd81,NA,NA,0.589272
Pericytes|Astrocytes|Serping1|Lrp1,NA,NA,0.588892
OPCs|Pericytes|Ncan|Cdh2,NA,NA,0.5880395
Neurons|OPCs|Lgi2|Adam22,NA,NA,0.58740556
Neurons|Astrocytes|Fgf1|Fgfr2,NA,NA,0.58713657
Pericytes|Microglia|Plat|Lrp1,NA,NA,0.58701515
Pericytes|Astrocytes|Ncam1|Ptpra,NA,NA,0.58690035
Pericytes|Pericytes|Il34|Ptprz1,NA,NA,0.5866978
OPCs|Pericytes|Fam3c|Lamp1,NA,NA,0.586258
Neurons|OPCs|Rtn4|Tnfrsf19,NA,NA,0.58606315
OPCs|OPCs|Rgma|Neo1,NA,NA,0.5857029
OPCs|Pericytes|Gnai2|Igf1r,NA,NA,0.5851518
Microglia|Astrocytes|Gnai2|Igf1r,NA,NA,0.5846812
Astrocytes|Astrocytes|Calr|Lrp1,NA,NA,0.58464336
Neurons|Pericytes|Adam10|Tspan5,NA,NA,0.5845982
Astrocytes|Neurons|Ntrk3|Ptprf,NA,NA,0.5845807
Pericytes|Pericytes|Ncam1|Fgfr2,NA,NA,0.5841107
Microglia|Microglia|Adam10|Tspan5,NA,NA,0.5835282
Astrocytes|Astrocytes|Lrpap1|Lrp1,NA,NA,0.58350563
Neurons|Pericytes|Rtn4|Tnfrsf19,NA,NA,0.58345485
Neurons|Pericytes|Sorbs1|Itgb5,NA,NA,0.58341104
Microglia|Astrocytes|Gnai2|Egfr,NA,NA,0.5833702
Pericytes|Microglia|Lrpap1|Lrp1,NA,NA,0.58326304
Neurons|Pericytes|Jag2|Notch3,NA,NA,0.58321625
OPCs|Microglia|Adam17|Il6ra,NA,NA,0.5830333
Astrocytes|Oligodendrocytes|Fstl1|Dip2a,NA,NA,0.5830201
Pericytes|Microglia|Tfpi|Lrp1,NA,NA,0.5828315
Neurons|Neurons|Slitrk3|Ptprs,NA,NA,0.582692
Pericytes|OPCs|Hspa8|Ldlr,NA,NA,0.58258176
Oligodendrocytes|Microglia|Calr|Itgav,NA,NA,0.58256155
Oligodendrocytes|Astrocytes|Ptn|Sdc3,NA,NA,0.58226013
Neurons|Astrocytes|Mif|Egfr,NA,NA,0.581952
Neurons|Astrocytes|Rgmb|Bmpr1b,NA,NA,0.5817103
Pericytes|Microglia|Spp1|Itgav_Itgb5,NA,NA,0.58158684
OPCs|Astrocytes|Mdk|Lrp1,NA,NA,0.58127075
OPCs|Oligodendrocytes|Bmp7|Ptprk,NA,NA,0.5812472
Pericytes|Pericytes|Adam10|Tspan5,NA,NA,0.58097064
OPCs|Neurons|Calr|Lrp1,NA,NA,0.58083165
Oligodendrocytes|Neurons|Nfasc|Cntn1_Cntnap1,NA,NA,0.58055604
Pericytes|Neurons|Il34|Ptprz1,NA,NA,0.58047056
Microglia|Microglia|Adam15|Itgav,NA,NA,0.58022827
Astrocytes|Neurons|App|Aplp1,NA,NA,0.58022344
OPCs|Astrocytes|Rtn4|Tnfrsf19,NA,NA,0.5801396
OPCs|OPCs|Gnai2|Igf1r,NA,NA,0.58012354
Microglia|Neurons|Itgb2|Thy1,NA,NA,0.5800804
Neurons|Microglia|Thy1|Itgam_Itgb2,NA,NA,0.5800804
Neurons|Neurons|Sema6b|Plxna4,NA,NA,0.5799457
Microglia|Pericytes|Tgfb1|Tgfbr3,NA,NA,0.5797932
Oligodendrocytes|Neurons|Psap|Lrp1,NA,NA,0.57968396
Astrocytes|Microglia|Bsg|Slc16a7,NA,NA,0.5794536
Oligodendrocytes|Oligodendrocytes|Lama2|Rpsa,NA,NA,0.5793048
OPCs|Oligodendrocytes|Ntn1|Dscam,NA,NA,0.5792313
Microglia|Neurons|Hsp90b1|Lrp1,NA,NA,0.5791079
Neurons|OPCs|Tnr|Itga9_Itgb1,NA,NA,0.5789956
Oligodendrocytes|Pericytes|Hsp90aa1|Egfr,NA,NA,0.57886857
Oligodendrocytes|Microglia|Calr|Lrp1,NA,NA,0.5786682
Neurons|Astrocytes|Psap|Gpr37,NA,NA,0.5785506
Microglia|Astrocytes|Tgfb1|Itgb8,NA,NA,0.5784207
Astrocytes|Microglia|App|Rpsa,NA,NA,0.5782134
Pericytes|Oligodendrocytes|Lamb2|Rpsa,NA,NA,0.5779448
Neurons|Pericytes|Nlgn3|Nrxn1,NA,NA,0.57788557
Pericytes|Neurons|Nrxn1|Nlgn3,NA,NA,0.57788557
Pericytes|Neurons|Alcam|Nrp1,NA,NA,0.5777898
Pericytes|Microglia|Serping1|Lrp1,NA,NA,0.5776546
OPCs|Astrocytes|St6gal1|Egfr,NA,NA,0.57755935
Astrocytes|Microglia|Calr|Itgav,NA,NA,0.57729936
Neurons|Neurons|Psap|Ar,NA,NA,0.5772632
Microglia|Pericytes|Cd14|Itgb1,NA,NA,0.57674193
OPCs|Neurons|App|Gpc1,NA,NA,0.57636297
Astrocytes|Pericytes|Ptn|Ncl,NA,NA,0.5762286
Oligodendrocytes|Oligodendrocytes|Adam10|Cadm1,NA,NA,0.5762086
Microglia|Oligodendrocytes|Itgav|Thy1,NA,NA,0.57619226
Oligodendrocytes|Astrocytes|Mif|Egfr,NA,NA,0.5761682
Oligodendrocytes|Neurons|Alcam|Chl1,NA,NA,0.5757682
Oligodendrocytes|Astrocytes|Fgf1|Fgfr2,NA,NA,0.5754831
Pericytes|Microglia|Nid1|Itgb1,NA,NA,0.57509047
Pericytes|Astrocytes|Hsp90aa1|Egfr,NA,NA,0.5750779
Astrocytes|OPCs|Lgi4|Adam22,NA,NA,0.5750228
Astrocytes|Pericytes|Adam10|Tspan5,NA,NA,0.57490134
Pericytes|Microglia|Cxcl12|Itgav,NA,NA,0.57459563
OPCs|Microglia|Adam9|Itgav,NA,NA,0.5740027
Astrocytes|Neurons|Lin7c|Htr2c,NA,NA,0.57376707
Neurons|Oligodendrocytes|Slit3|Robo1,NA,NA,0.573696
Astrocytes|Microglia|Fgf1|Nrp1,NA,NA,0.57363886
Oligodendrocytes|Microglia|Ptn|Ncl,NA,NA,0.57355326
Astrocytes|Microglia|Calr|Lrp1,NA,NA,0.5734059
Neurons|Astrocytes|Slit2|App,NA,NA,0.5733944
OPCs|Neurons|Nlgn2|Nrxn2,NA,NA,0.57336366
Astrocytes|OPCs|Vegfa|Itgb1,NA,NA,0.5731262
Astrocytes|Oligodendrocytes|Timp3|Ddr1,NA,NA,0.5729691
Astrocytes|Astrocytes|Vcl|Itgb5,NA,NA,0.57293
Microglia|Neurons|Nlgn1|Nrxn2,NA,NA,0.5724996
Neurons|Microglia|Nrxn2|Nlgn1,NA,NA,0.5724996
OPCs|Pericytes|App|Aplp1,NA,NA,0.57241356
Microglia|OPCs|Tgfb1|Lpp,NA,NA,0.572349
Astrocytes|Microglia|Lrpap1|Lrp1,NA,NA,0.57226825
OPCs|OPCs|App|Vldlr,NA,NA,0.57218266
Microglia|Microglia|Sptan1|Ptpra,NA,NA,0.5718695
Pericytes|Astrocytes|Fgf1|Fgfr2,NA,NA,0.5717195
Astrocytes|OPCs|Ptn|Ncl,NA,NA,0.57169443
Pericytes|OPCs|Spon1|App,NA,NA,0.5716789
Neurons|Oligodendrocytes|Adam10|Cadm1,NA,NA,0.57122177
Microglia|Neurons|App|Lrp1,NA,NA,0.5706768
Microglia|Astrocytes|Gnai2|S1pr1,NA,NA,0.57040435
Pericytes|Neurons|Psap|Lrp1,NA,NA,0.5703369
Pericytes|Neurons|Rgma|Bmpr2,NA,NA,0.5701785
OPCs|Microglia|Mdk|Lrp1,NA,NA,0.5700333
Pericytes|OPCs|Fgf12|Fgfr2,NA,NA,0.5698725
Astrocytes|Pericytes|Fgf1|Cspg4,NA,NA,0.5697833
Astrocytes|Pericytes|Ptn|Ptprs,NA,NA,0.56937003
OPCs|Neurons|H2-K1|Aplp2,NA,NA,0.5691997
OPCs|Microglia|Lamc1|Itga6_Itgb1,NA,NA,0.56917596
OPCs|Neurons|Gnai2|Adcy8,NA,NA,0.56902
OPCs|Microglia|App|Aplp1,NA,NA,0.56894284
Astrocytes|OPCs|Hspa8|Ldlr,NA,NA,0.5688663
OPCs|Microglia|App|Ncstn,NA,NA,0.56885356
Pericytes|Oligodendrocytes|Fstl1|Dip2a,NA,NA,0.5688108
Pericytes|Astrocytes|Lamc1|Dag1,NA,NA,0.5687469
OPCs|Microglia|Olfm2|Robo2,NA,NA,0.56821764
Neurons|Microglia|Tnr|Itga9_Itgb1,NA,NA,0.5681091
OPCs|Neurons|Fstl5|Chl1,NA,NA,0.56783175
Pericytes|Oligodendrocytes|Adam10|Cadm1,NA,NA,0.56759423
Astrocytes|Microglia|Gnai2|Ccr5,NA,NA,0.56755424
Pericytes|Astrocytes|Ncam1|Robo1,NA,NA,0.56727827
Pericytes|Pericytes|Gpc3|Flt1,NA,NA,0.5671128
Microglia|Neurons|Entpd1|Adora1,NA,NA,0.56677103
Microglia|Astrocytes|App|Aplp1,NA,NA,0.566385
Astrocytes|Astrocytes|Fgf1|Egfr,NA,NA,0.56609
Pericytes|OPCs|Lama4|Itga9_Itgb1,NA,NA,0.5659545
Neurons|Pericytes|Fgf13|Fgfr3,NA,NA,0.56584877
Astrocytes|Microglia|Jam2|Itgav_Itgb1,NA,NA,0.5658454
OPCs|Oligodendrocytes|App|Tspan15,NA,NA,0.56518376
OPCs|Pericytes|Bcan|Nrcam,NA,NA,0.5651035
Astrocytes|Oligodendrocytes|Ntrk3|Ptprs,NA,NA,0.5649572
Neurons|Astrocytes|Fgf9|Fgfr2,NA,NA,0.5648703
OPCs|OPCs|App|Tnfrsf21,NA,NA,0.5646777
Oligodendrocytes|Neurons|Hspa8|Ldlr,NA,NA,0.5646019
Pericytes|Pericytes|Alcam|Nrp1,NA,NA,0.56446004
OPCs|Microglia|Vegfa|Nrp1,NA,NA,0.563853
Neurons|Neurons|Rtn4|Rtn4rl1,NA,NA,0.56382143
Astrocytes|Neurons|H2-K1|Aplp2,NA,NA,0.5637487
Microglia|Pericytes|Pros1|Axl,NA,NA,0.56339264
Neurons|OPCs|Fndc5|Itgav,NA,NA,0.5632308
Microglia|Astrocytes|Gnai2|Ednrb,NA,NA,0.56317794
Pericytes|Microglia|Nlgn1|Nrxn1,NA,NA,0.5625404
Microglia|Pericytes|Nrxn1|Nlgn1,NA,NA,0.5625404
Neurons|OPCs|Lgi1|Adam23,NA,NA,0.5623128
Astrocytes|Microglia|Vegfa|Itga9,NA,NA,0.5622397
OPCs|OPCs|Ncan|Cdh2,NA,NA,0.56218237
OPCs|Astrocytes|Adam9|Itga6,NA,NA,0.5619517
Microglia|Oligodendrocytes|Adam10|Tspan15,NA,NA,0.56175387
OPCs|Neurons|Rtn4|Lingo1,NA,NA,0.5616449
OPCs|Pericytes|Col11a1|Itga1_Itgb1,NA,NA,0.56161577
Astrocytes|Oligodendrocytes|Adam10|Cadm1,NA,NA,0.5615249
Oligodendrocytes|Microglia|Sptan1|Ptpra,NA,NA,0.5613971
OPCs|Microglia|Jam2|Itgav_Itgb1,NA,NA,0.561268
Microglia|OPCs|Fgf13|Fgfr1,NA,NA,0.5610565
Microglia|Neurons|Ncam1|Fgfr2,NA,NA,0.5609405
Astrocytes|Astrocytes|Hsp90aa1|Egfr,NA,NA,0.5609026
Pericytes|Microglia|Fgf14|Fgfr2,NA,NA,0.56058323
Astrocytes|Astrocytes|Ntrk3|Ptprf,NA,NA,0.56051785
Neurons|Neurons|Lin7c|Htr2c,NA,NA,0.56036294
Oligodendrocytes|Astrocytes|Hspa8|Ldlr,NA,NA,0.5601868
Microglia|Pericytes|Fgf14|Fgfr2,NA,NA,0.5601362
Pericytes|OPCs|Tnxb|Itga9_Itgb1,NA,NA,0.5601305
Pericytes|Pericytes|Nid1|Itgb1,NA,NA,0.5599394
Pericytes|Astrocytes|Fn1|Itga6,NA,NA,0.5599048
Astrocytes|OPCs|Sptan1|Ptpra,NA,NA,0.55928713
Pericytes|Microglia|Pltp|Abca1,NA,NA,0.55924565
Pericytes|Microglia|Rgma|Bmpr2,NA,NA,0.558959
Microglia|OPCs|Gnai2|Adcy8,NA,NA,0.55781704
Astrocytes|Microglia|Ptn|Plxnb2,NA,NA,0.5575683
OPCs|Microglia|Adam10|Notch2,NA,NA,0.557484
Astrocytes|Oligodendrocytes|App|Dcc,NA,NA,0.5574262
Astrocytes|OPCs|App|Rpsa,NA,NA,0.5573307
Neurons|Pericytes|Alcam|Chl1,NA,NA,0.5569948
Oligodendrocytes|OPCs|Nrxn1|Nlgn3,NA,NA,0.5568084
OPCs|Oligodendrocytes|Nlgn3|Nrxn1,NA,NA,0.5568084
OPCs|OPCs|Lgi1|Adam22,NA,NA,0.55676746
Pericytes|OPCs|Lama4|Itgav_Itgb8,NA,NA,0.5566149
OPCs|Neurons|Rtn4|Cntnap1,NA,NA,0.55650336
Microglia|Oligodendrocytes|Ncam1|Robo1,NA,NA,0.5564977
OPCs|Astrocytes|Vegfa|Egfr,NA,NA,0.5563042
Astrocytes|OPCs|Fgf12|Fgfr2,NA,NA,0.55629104
Neurons|Microglia|Efna5|Epha5,NA,NA,0.55624264
Microglia|OPCs|Edil3|Itgav,NA,NA,0.5561323
Microglia|Microglia|Timp2|Itgb1,NA,NA,0.5559696
Pericytes|Neurons|Gnai2|Igf1r,NA,NA,0.5558333
OPCs|Astrocytes|Hsp90aa1|Egfr,NA,NA,0.5556661
OPCs|Oligodendrocytes|Fam3c|Lamp1,NA,NA,0.5555569
OPCs|Microglia|Ntn1|Neo1,NA,NA,0.5555399
Pericytes|Microglia|Lama4|Itga9_Itgb1,NA,NA,0.555068
Microglia|Pericytes|Adam10|Epha3,NA,NA,0.5546322
OPCs|Astrocytes|Psap|Gpr37,NA,NA,0.55459
Neurons|OPCs|Spon1|App,NA,NA,0.55433327
Pericytes|OPCs|Ncam1|Gfra1,NA,NA,0.55358934
OPCs|Neurons|Psap|Ar,NA,NA,0.5533025
Microglia|OPCs|Cd14|Itgb1,NA,NA,0.55302155
Neurons|Neurons|L1cam|Fgfr2,NA,NA,0.5529491
OPCs|Oligodendrocytes|App|Lrp6,NA,NA,0.55281407
Neurons|Astrocytes|Efna5|Epha5,NA,NA,0.5525533
OPCs|Astrocytes|App|Tspan12,NA,NA,0.5520936
Pericytes|OPCs|Vegfa|Itgav,NA,NA,0.55154926
Microglia|Astrocytes|Adam10|Axl,NA,NA,0.5515367
OPCs|Neurons|Fgf13|Fgfr2,NA,NA,0.5514065
Microglia|Neurons|Adam10|Tspan17,NA,NA,0.5513614
Astrocytes|OPCs|App|Lrp6,NA,NA,0.5513269
Astrocytes|Astrocytes|Sptan1|Ptpra,NA,NA,0.5507368
OPCs|OPCs|App|Tspan12,NA,NA,0.55064577
Microglia|Oligodendrocytes|Adam10|Tspan14,NA,NA,0.5505391
Pericytes|Pericytes|Hspa8|Ldlr,NA,NA,0.5504871
Astrocytes|Astrocytes|Ptn|Ncl,NA,NA,0.5504446
OPCs|Microglia|Angpt1|Itgb1,NA,NA,0.55038536
Astrocytes|Astrocytes|App|Rpsa,NA,NA,0.5503683
Neurons|Microglia|Fam3c|Lamp1,NA,NA,0.55016994
Microglia|OPCs|Adam9|Itgav,NA,NA,0.54996604
Oligodendrocytes|Microglia|Gnai2|Ccr5,NA,NA,0.549895
Microglia|Oligodendrocytes|App|Aplp2,NA,NA,0.5498799
Microglia|Astrocytes|Tgfb1|Egfr,NA,NA,0.5497174
Astrocytes|Pericytes|Gnai2|Igf1r,NA,NA,0.54964113
OPCs|Pericytes|Sorbs1|Itgb5,NA,NA,0.54961145
Microglia|Neurons|Gnai2|Adcy9,NA,NA,0.54958856
Astrocytes|Neurons|Nfasc|Cntn1_Cntnap1,NA,NA,0.54954934
Pericytes|Microglia|Tnxb|Itga9_Itgb1,NA,NA,0.5492439
Neurons|Pericytes|Apoe|Sdc2,NA,NA,0.5492237
Astrocytes|Microglia|Rtn4|Rtn4rl1,NA,NA,0.5491895
Microglia|Neurons|Serpine2|Lrp1,NA,NA,0.54918385
Astrocytes|Neurons|Sdc2|Ptprj,NA,NA,0.54915607
Microglia|OPCs|Fgf12|Fgfr2,NA,NA,0.5489445
Microglia|Astrocytes|Adam10|Tspan12,NA,NA,0.54866385
Astrocytes|Pericytes|Rims2|Abca1,NA,NA,0.548385
Microglia|Pericytes|Adam17|Erbb4,NA,NA,0.5481267
OPCs|OPCs|Slit2|App,NA,NA,0.5479772
Neurons|OPCs|Efna5|Ephb2,NA,NA,0.5478844
Astrocytes|Oligodendrocytes|Ptn|Ncl,NA,NA,0.54782397
Microglia|Astrocytes|Pdgfb|S1pr1,NA,NA,0.5475761
Microglia|OPCs|Adam10|Tspan12,NA,NA,0.54721594
Microglia|Microglia|Adam17|Itgb1,NA,NA,0.54712665
Neurons|Microglia|Fndc5|Itgav,NA,NA,0.5466675
Microglia|Microglia|H2-K1|Aplp2,NA,NA,0.5463761
Pericytes|Microglia|Sema6a|Plxna4,NA,NA,0.546299
Oligodendrocytes|Astrocytes|St6gal1|Egfr,NA,NA,0.5462808
OPCs|Oligodendrocytes|Adam10|Tspan5,NA,NA,0.5460344
Oligodendrocytes|Pericytes|Agrn|Lrp1,NA,NA,0.5454587
OPCs|OPCs|Fam3c|Lamp1,NA,NA,0.54474044
Astrocytes|OPCs|Gnai2|Igf1r,NA,NA,0.5446129
OPCs|Pericytes|Tgfa|Erbb4,NA,NA,0.54440916
Neurons|Neurons|Fgf1|Fgfr2,NA,NA,0.54422927
Pericytes|Astrocytes|Gnai2|Adcy8,NA,NA,0.54418236
Pericytes|Oligodendrocytes|Rgma|Neo1,NA,NA,0.54401296
Pericytes|Astrocytes|Rgma|Neo1,NA,NA,0.5438005
Neurons|Astrocytes|Lrig2|Egfr,NA,NA,0.543745
Astrocytes|Neurons|Vegfa|Nrp1,NA,NA,0.5432173
Microglia|Oligodendrocytes|Gnai2|Igf1r,NA,NA,0.5431944
Neurons|OPCs|Efna5|Ephb1,NA,NA,0.5431739
Astrocytes|Oligodendrocytes|Ptn|Ptprs,NA,NA,0.5430459
Pericytes|Pericytes|Ncam1|Robo1,NA,NA,0.54276913
Microglia|Pericytes|Gnai2|Adcy9,NA,NA,0.54244435
OPCs|Astrocytes|Mif|Egfr,NA,NA,0.5420122
Neurons|Pericytes|Gpc3|Lrp1,NA,NA,0.54166317
Microglia|Microglia|Ncam1|Ptpra,NA,NA,0.54095244
Microglia|Pericytes|Timp2|Itgb1,NA,NA,0.54081845
OPCs|Neurons|App|Tspan12,NA,NA,0.54063916
Oligodendrocytes|Microglia|Jam3|Itgb1,NA,NA,0.54057014
Neurons|Pericytes|Fgf13|Egfr,NA,NA,0.5404333
Pericytes|Oligodendrocytes|Sptan1|Ptpra,NA,NA,0.5403041
Neurons|Pericytes|Efna5|Epha3,NA,NA,0.5401814
Pericytes|Pericytes|Sptan1|Ptpra,NA,NA,0.5396164
Microglia|Microglia|Edil3|Itgav,NA,NA,0.53956896
Neurons|OPCs|Adam15|Itgav,NA,NA,0.5394032
Oligodendrocytes|OPCs|Lgi3|Adam23,NA,NA,0.5385595
OPCs|OPCs|Hspa8|Ldlr,NA,NA,0.5381981
Pericytes|Microglia|Cntn1|Notch2,NA,NA,0.53794193
Oligodendrocytes|Pericytes|Fgf12|Fgfr2,NA,NA,0.53774923
Neurons|Microglia|Spp1|Itgav_Itgb5,NA,NA,0.5376266
Microglia|Astrocytes|St6gal1|Egfr,NA,NA,0.53755826
Microglia|Neurons|Adam10|Tspan12,NA,NA,0.53720933
Neurons|Astrocytes|Fgf10|Fgfr2,NA,NA,0.5371336
Pericytes|Astrocytes|Timp3|Ddr1,NA,NA,0.5368912
Astrocytes|Pericytes|Hspa8|Ldlr,NA,NA,0.53677166
Oligodendrocytes|Oligodendrocytes|Nrxn2|Nlgn1,NA,NA,0.53662914
Oligodendrocytes|Oligodendrocytes|Nlgn1|Nrxn2,NA,NA,0.53662914
Neurons|Astrocytes|Sdc2|Ptprj,NA,NA,0.53659177
Astrocytes|Oligodendrocytes|Ntrk3|Ptprf,NA,NA,0.53658164
Neurons|Microglia|Cntn3|Ptprg,NA,NA,0.53624094
Pericytes|OPCs|Nid1|Itgb1,NA,NA,0.536219
Neurons|Pericytes|Slit2|Robo2,NA,NA,0.536206
Oligodendrocytes|Neurons|Ptn|Sdc3,NA,NA,0.53619516
Neurons|Astrocytes|Alcam|Nrp1,NA,NA,0.53616387
Oligodendrocytes|Pericytes|Fgf14|Fgfr2,NA,NA,0.53598404
Oligodendrocytes|Microglia|Adam10|Notch2,NA,NA,0.53595245
Oligodendrocytes|Astrocytes|Agrn|Lrp1,NA,NA,0.53573275
Astrocytes|Astrocytes|Ptn|Sdc3,NA,NA,0.53539884
OPCs|Pericytes|Angpt1|Itgb1,NA,NA,0.5352342
Pericytes|Microglia|Vegfa|Itgav,NA,NA,0.53498596
Neurons|OPCs|Vegfa|Itgav,NA,NA,0.5349791
Neurons|OPCs|Alcam|Chl1,NA,NA,0.53496325
Microglia|OPCs|Bsg|Slc16a7,NA,NA,0.53475225
OPCs|Oligodendrocytes|Sptan1|Ptpra,NA,NA,0.53442776
OPCs|Microglia|Vegfa|Itgb1,NA,NA,0.53390515
OPCs|Pericytes|Sptan1|Ptpra,NA,NA,0.53374004
Pericytes|Astrocytes|Gnai2|Igf1r,NA,NA,0.5336922
Astrocytes|Neurons|Gnai2|Adcy8,NA,NA,0.53350925
Microglia|Microglia|Adam9|Itgav,NA,NA,0.53340274
Microglia|Neurons|Alcam|Chl1,NA,NA,0.53316927
Oligodendrocytes|Neurons|Fgf1|Fgfr2,NA,NA,0.5325758
Astrocytes|Microglia|App|Notch2,NA,NA,0.5323864
Pericytes|Astrocytes|Gnai2|Egfr,NA,NA,0.5323811
Astrocytes|OPCs|Mdk|Sdc3,NA,NA,0.53210926
Oligodendrocytes|OPCs|Rgma|Neo1,NA,NA,0.53204954
Pericytes|Oligodendrocytes|Ntn1|Dcc,NA,NA,0.5320124
Oligodendrocytes|Pericytes|Gnai2|Igf1r,NA,NA,0.5319819
Microglia|Pericytes|Adam17|Itgb1,NA,NA,0.5319755
Neurons|Astrocytes|Gpc3|Lrp1,NA,NA,0.5319373
Astrocytes|OPCs|App|Aplp2,NA,NA,0.5319347
OPCs|Oligodendrocytes|Col11a1|Ddr1,NA,NA,0.5319176
Oligodendrocytes|Oligodendrocytes|Psap|Sort1,NA,NA,0.5317752
Pericytes|Astrocytes|Pros1|Mertk,NA,NA,0.5314094
OPCs|Neurons|Nlgn3|Nrxn2,NA,NA,0.53128326
Neurons|Microglia|Adam10|Notch2,NA,NA,0.5309657
Neurons|Microglia|Sptbn2|Ptpra,NA,NA,0.5305077
OPCs|OPCs|Lamc1|Itga9_Itgb1,NA,NA,0.53030443
Astrocytes|Pericytes|App|Aplp2,NA,NA,0.5301121
Astrocytes|Pericytes|Vegfa|Nrp1,NA,NA,0.5298875
Astrocytes|Astrocytes|Vegfa|Itgav,NA,NA,0.5296805
Pericytes|Neurons|Sptan1|Ptpra,NA,NA,0.5296179
Neurons|Pericytes|Fam3c|Lamp1,NA,NA,0.52936184
Neurons|OPCs|Adam9|Itgav,NA,NA,0.5290513
Pericytes|Neurons|Fgf1|Fgfr2,NA,NA,0.5288123
Pericytes|Pericytes|Rgma|Bmpr2,NA,NA,0.5277389
Neurons|Microglia|Gnai2|Ccr5,NA,NA,0.52745163
Pericytes|Microglia|Adam10|Notch2,NA,NA,0.52733815
Microglia|Microglia|Tgfb1|Itgb1,NA,NA,0.52731836
Astrocytes|OPCs|Jam2|Itgav_Itgb1,NA,NA,0.52697384
Oligodendrocytes|OPCs|Gnai2|Igf1r,NA,NA,0.52695364
Astrocytes|Microglia|Ptn|Ncl,NA,NA,0.526692
Pericytes|Oligodendrocytes|Ncam1|Ptpra,NA,NA,0.5266268
Microglia|OPCs|Actr2|Ldlr,NA,NA,0.5266256
OPCs|Neurons|App|Vldlr,NA,NA,0.5265115
Neurons|Microglia|Adam17|Il6ra,NA,NA,0.52636224
Neurons|Astrocytes|Sorbs1|Itgb5,NA,NA,0.5260916
Pericytes|Pericytes|Ncam1|Ptpra,NA,NA,0.5259391
Pericytes|Astrocytes|Pltp|Abca1,NA,NA,0.5258261
OPCs|Microglia|Lama4|Itga6_Itgb1,NA,NA,0.5256458
Pericytes|Neurons|Rgma|Neo1,NA,NA,0.52563107
Oligodendrocytes|Pericytes|Jam3|Itgb1,NA,NA,0.525419
OPCs|Microglia|Agrn|Itgb1,NA,NA,0.52521956
Oligodendrocytes|Neurons|Sema6a|Plxna2,NA,NA,0.5251614
OPCs|OPCs|Rtn4|Lingo1,NA,NA,0.5250367
OPCs|Neurons|Adam10|Tspan5,NA,NA,0.5247917
Microglia|Microglia|Bsg|Slc16a7,NA,NA,0.52454
Oligodendrocytes|Oligodendrocytes|Adam10|Tspan5,NA,NA,0.5245029
Oligodendrocytes|Microglia|Agrn|Lrp1,NA,NA,0.52449536
Astrocytes|Neurons|Bsg|Slc16a7,NA,NA,0.5242613
OPCs|Pericytes|Mdk|Sdc2,NA,NA,0.52425444
OPCs|Neurons|Sptan1|Ptpra,NA,NA,0.5237415
Astrocytes|Microglia|Mdk|Notch2,NA,NA,0.5236931
Neurons|Microglia|Farp2|Plxna4,NA,NA,0.5236072
Neurons|Neurons|Nfasc|Cntn1_Cntnap1,NA,NA,0.52321273
Neurons|Microglia|Adam15|Itgav,NA,NA,0.52283984
OPCs|Neurons|App|Ncstn,NA,NA,0.5227582
OPCs|OPCs|Mdk|Alk,NA,NA,0.5226734
Pericytes|Astrocytes|Lama4|Itgav_Itgb8,NA,NA,0.52250874
Neurons|Neurons|Hsp90b1|Lrp1,NA,NA,0.52246845
Pericytes|Oligodendrocytes|Psap|Sort1,NA,NA,0.5224281
OPCs|OPCs|Jam2|Itgav_Itgb1,NA,NA,0.52239645
Pericytes|Pericytes|Fn1|Sdc2,NA,NA,0.52228343
Neurons|Pericytes|Efna5|Epha4,NA,NA,0.522279
Microglia|Microglia|Hsp90b1|Tlr7,NA,NA,0.5222418
Microglia|Astrocytes|Tgfb1|Sdc2,NA,NA,0.5220493
Neurons|Neurons|Fgf9|Fgfr2,NA,NA,0.521963
Neurons|Pericytes|Col11a1|Itga1_Itgb1,NA,NA,0.5218779
Neurons|Pericytes|Gpc3|Igf1r,NA,NA,0.52175426
Neurons|OPCs|Rgmb|Neo1,NA,NA,0.52165455
Pericytes|Oligodendrocytes|Ntn1|Neo1,NA,NA,0.52163374
Microglia|Neurons|Pdgfb|Lrp1,NA,NA,0.52158165
Pericytes|Astrocytes|Ntn1|Neo1,NA,NA,0.5214213
Microglia|Astrocytes|Adam9|Itga6,NA,NA,0.52135175
Astrocytes|Microglia|Adam10|Notch2,NA,NA,0.52126884
Pericytes|Astrocytes|Dcn|Egfr,NA,NA,0.52106917
Oligodendrocytes|Microglia|Alcam|Nrp1,NA,NA,0.52096623
OPCs|OPCs|Lamc1|Itgav_Itgb8,NA,NA,0.52096474
Pericytes|Pericytes|Lama4|Dag1,NA,NA,0.52071625
Neurons|Microglia|Gpc3|Lrp1,NA,NA,0.52069986
Oligodendrocytes|Pericytes|Cntn2|Cntn1,NA,NA,0.51984376
OPCs|Microglia|Farp2|Plxna4,NA,NA,0.5197734
Neurons|Oligodendrocytes|Adam10|Tspan5,NA,NA,0.5195161
OPCs|Neurons|Hsp90b1|Lrp1,NA,NA,0.51950616
OPCs|Microglia|Lamc1|Itga9_Itgb1,NA,NA,0.51941794
Pericytes|Astrocytes|Gnai2|S1pr1,NA,NA,0.5194153
Pericytes|Oligodendrocytes|Lamc1|Itgav_Itgb8,NA,NA,0.5191031
OPCs|Pericytes|Vegfa|Itgb1,NA,NA,0.518754
Pericytes|Microglia|Rtn4|Rtn4rl1,NA,NA,0.5187418
Astrocytes|Astrocytes|Gas6|Mertk,NA,NA,0.5186681
Neurons|Microglia|Vegfa|Itgav,NA,NA,0.51841575
Neurons|Astrocytes|Efnb2|Grm5,NA,NA,0.51825815
Oligodendrocytes|Pericytes|Nlgn1|Nrxn2,NA,NA,0.51823306
Pericytes|Oligodendrocytes|Nrxn2|Nlgn1,NA,NA,0.51823306
Microglia|OPCs|Timp2|Itgb1,NA,NA,0.5170981
Astrocytes|Pericytes|Rgma|Neo1,NA,NA,0.5170868
Astrocytes|Pericytes|Vegfa|Itgav,NA,NA,0.51681554
Neurons|OPCs|Gpc3|Igf1r,NA,NA,0.516726
Pericytes|Pericytes|Lamc1|Itgav_Itgb8,NA,NA,0.51652133
Neurons|OPCs|Efna5|Epha4,NA,NA,0.51646936
Neurons|Pericytes|Serpine2|Lrp1,NA,NA,0.5163883
Pericytes|Neurons|Ncam1|Ptpra,NA,NA,0.51594067
Pericytes|Oligodendrocytes|Adam10|Tspan5,NA,NA,0.5158886
Oligodendrocytes|Neurons|Gnai2|Adcy8,NA,NA,0.51585
Pericytes|Astrocytes|Lamc1|Itga6_Itgb1,NA,NA,0.51531419999999994
OPCs|Astrocytes|Calr|Itgav,NA,NA,0.5150757
Pericytes|OPCs|H2-K1|Aplp2,NA,NA,0.5148353
Neurons|Neurons|Calr|Lrp1,NA,NA,0.5140205
OPCs|Oligodendrocytes|Slit2|Robo1,NA,NA,0.5137291
Pericytes|Neurons|Vcl|Alk,NA,NA,0.51362
Pericytes|Neurons|Hspa8|Ldlr,NA,NA,0.5136029
Pericytes|Pericytes|H2-K1|Aplp2,NA,NA,0.5130127
Astrocytes|Astrocytes|Timp3|Ddr1,NA,NA,0.5128989
Pericytes|OPCs|Lgi1|Adam23,NA,NA,0.5126624
Pericytes|Pericytes|Fgf12|Fgfr2,NA,NA,0.5124998
Neurons|Microglia|Adam9|Itgav,NA,NA,0.51248795
Pericytes|Astrocytes|Gnai2|Ednrb,NA,NA,0.5121889
Pericytes|Pericytes|Bmp5|Bmpr1a_Bmpr2,NA,NA,0.51217407
Microglia|Pericytes|Tgfb1|Itgb1,NA,NA,0.5121672
Neurons|Microglia|Timp2|Itgb1,NA,NA,0.51185334
OPCs|OPCs|Angpt1|Itgb1,NA,NA,0.5115138
Pericytes|Pericytes|Alcam|Chl1,NA,NA,0.51127243
OPCs|Neurons|Ntn1|Unc5a,NA,NA,0.5108174
Neurons|OPCs|Fgf13|Fgfr1,NA,NA,0.5107813
Microglia|Microglia|Gnai2|Adcy9,NA,NA,0.510775
Pericytes|OPCs|Rgma|Bmpr2,NA,NA,0.51075923
OPCs|Microglia|Sema3e|Nrp1,NA,NA,0.5107411
Astrocytes|Microglia|Mdk|Itga6_Itgb1,NA,NA,0.5104513
Neurons|Oligodendrocytes|Slit1|Robo1,NA,NA,0.5102526
Microglia|OPCs|Ncam1|Fgfr2,NA,NA,0.5101436
OPCs|Pericytes|Agrn|Itgb1,NA,NA,0.5100685
Astrocytes|Oligodendrocytes|Adam10|Tspan5,NA,NA,0.50981927
Neurons|Pericytes|Gnai2|Igf1r,NA,NA,0.50953853
Astrocytes|Astrocytes|Mdk|Sorl1,NA,NA,0.50951755
Pericytes|Neurons|Gpc3|Igf1r,NA,NA,0.5094087
Pericytes|Astrocytes|Hspa8|Ldlr,NA,NA,0.5091878
Pericytes|Microglia|Jag1|Notch2,NA,NA,0.50902325
OPCs|Neurons|Agrn|Lrp1,NA,NA,0.50865835
Microglia|OPCs|Adam17|Itgb1,NA,NA,0.5082552
Microglia|Neurons|Calr|Lrp1,NA,NA,0.5080997
Astrocytes|Neurons|Vegfa|Ephb2,NA,NA,0.5079402
Oligodendrocytes|OPCs|Bsg|Slc16a7,NA,NA,0.50761646
Pericytes|Microglia|Ncam1|Fgfr2,NA,NA,0.50735
Microglia|Astrocytes|Nrg3|Egfr,NA,NA,0.507204
Astrocytes|Astrocytes|Mif|Egfr,NA,NA,0.50708604
Pericytes|OPCs|Gnai2|Adcy8,NA,NA,0.506828
Neurons|Astrocytes|Serpine2|Lrp1,NA,NA,0.5066624
Pericytes|Astrocytes|Ntrk3|Ptprs,NA,NA,0.50632674
Astrocytes|Microglia|Megf10|Abca1,NA,NA,0.50630224
OPCs|Pericytes|Hspa8|Ldlr,NA,NA,0.50610346
Pericytes|Pericytes|B2m|Tfrc,NA,NA,0.5060431
Pericytes|Pericytes|Vcl|Itgb5,NA,NA,0.5059812
Pericytes|Microglia|Lamc1|Dag1,NA,NA,0.5059138
Pericytes|Pericytes|Sdc2|Ptprj,NA,NA,0.50576264
Neurons|Microglia|Copa|P2ry6,NA,NA,0.5055235
Microglia|Microglia|Gnai2|Igf1r,NA,NA,0.50474197
Neurons|OPCs|Gnai2|Igf1r,NA,NA,0.5045103
Neurons|Neurons|Gpc3|Cd81,NA,NA,0.5042309
OPCs|OPCs|Vcl|Alk,NA,NA,0.50405
Pericytes|Pericytes|Lamc1|Itga6_Itgb1,NA,NA,0.503706
Oligodendrocytes|Neurons|Adam10|Tspan5,NA,NA,0.50326025
Pericytes|Neurons|Ntn1|Neo1,NA,NA,0.50325185
Microglia|Astrocytes|Pros1|Axl,NA,NA,0.5030783
Astrocytes|Neurons|App|Lrp1,NA,NA,0.50258344
Neurons|Microglia|Agrn|Itgb1,NA,NA,0.5025822
Neurons|Microglia|Slit2|Robo1,NA,NA,0.5025505
OPCs|Pericytes|Calr|Itgav,NA,NA,0.50221074
Neurons|OPCs|L1cam|Fgfr2,NA,NA,0.5021522
Neurons|OPCs|Vcl|Alk,NA,NA,0.5021496
Oligodendrocytes|Neurons|Nrxn1|Nlgn2,NA,NA,0.5019824
Neurons|Oligodendrocytes|Nlgn2|Nrxn1,NA,NA,0.5019824
Pericytes|Astrocytes|Il1rapl1|Ptprs,NA,NA,0.50171846
Oligodendrocytes|OPCs|Jam3|Itgb1,NA,NA,0.5016987
Microglia|Oligodendrocytes|Pros1|Tyro3,NA,NA,0.5016598
Microglia|Pericytes|App|Notch2,NA,NA,0.501388
OPCs|Pericytes|Bcan|Egfr,NA,NA,0.5008735
Pericytes|Pericytes|Fgf14|Fgfr1,NA,NA,0.50076216
OPCs|OPCs|Fgf13|Fgfr2,NA,NA,0.50060964
Neurons|Astrocytes|Adam9|Itga6,NA,NA,0.50043696
Oligodendrocytes|Neurons|Cntn2|Nrp1,NA,NA,0.50035095
Astrocytes|Neurons|Hspa8|Ldlr,NA,NA,0.49988747
Pericytes|Pericytes|Dcn|Erbb4,NA,NA,0.49967015
Pericytes|Neurons|Hsp90b1|Lrp1,NA,NA,0.49927574
Astrocytes|Pericytes|Fgf12|Fgfr2,NA,NA,0.49891835
Oligodendrocytes|Astrocytes|Nrg3|Egfr,NA,NA,0.49867293
Neurons|Oligodendrocytes|Fam3c|Lamp1,NA,NA,0.49866074
Pericytes|Neurons|Gnai2|Adcy9,NA,NA,0.49859947
Astrocytes|Oligodendrocytes|Bsg|Slc16a7,NA,NA,0.49849504
Astrocytes|Astrocytes|App|Aplp1,NA,NA,0.49829164
Neurons|Neurons|Adam10|Tspan5,NA,NA,0.49827343
Pericytes|Pericytes|Col8a1|Itga1_Itgb1,NA,NA,0.49749392
Oligodendrocytes|Microglia|Bsg|Slc16a7,NA,NA,0.49740425
OPCs|OPCs|Rtn4|Tnfrsf19,NA,NA,0.4974012
Pericytes|OPCs|Timp3|Ddr1,NA,NA,0.4969895
Neurons|Pericytes|Timp2|Itgb1,NA,NA,0.4967022
Oligodendrocytes|Neurons|Psap|Sort1,NA,NA,0.49636978
Astrocytes|Oligodendrocytes|Vegfa|Itgav,NA,NA,0.49636567
Pericytes|Astrocytes|Lrig1|Egfr,NA,NA,0.496199
Pericytes|Astrocytes|Fgf14|Fgfr1,NA,NA,0.49614125
Astrocytes|Astrocytes|Hspa8|Ldlr,NA,NA,0.49547234
Neurons|Microglia|Serpine2|Lrp1,NA,NA,0.49542502
Pericytes|Astrocytes|B2m|Tfrc,NA,NA,0.49532753
Pericytes|OPCs|Bmp5|Bmpr1a_Bmpr2,NA,NA,0.49519438
OPCs|OPCs|Vegfa|Itgb1,NA,NA,0.49503362
Microglia|OPCs|Sptan1|Ptpra,NA,NA,0.495028
OPCs|Pericytes|Rtn4|Tnfrsf19,NA,NA,0.49479294
OPCs|Astrocytes|Gas6|Mertk,NA,NA,0.49465403
Pericytes|Neurons|Adam10|Tspan5,NA,NA,0.4946459
Neurons|Microglia|Sema6b|Plxna4,NA,NA,0.49454227
Microglia|Pericytes|Actr2|Ldlr,NA,NA,0.49453092
Pericytes|Neurons|Fgf14|Fgfr1,NA,NA,0.49443054
Astrocytes|Oligodendrocytes|Nrxn2|Nlgn1,NA,NA,0.49431467
Oligodendrocytes|Astrocytes|Nlgn1|Nrxn2,NA,NA,0.49431467
Neurons|Neurons|Fgf10|Fgfr2,NA,NA,0.4942263
Pericytes|Astrocytes|Mfge8|Itgav,NA,NA,0.4939425
Pericytes|Microglia|Copa|P2ry6,NA,NA,0.4937817
Pericytes|Pericytes|Pam|Fap,NA,NA,0.49348316
Microglia|Astrocytes|App|Lrp6,NA,NA,0.49343967
Neurons|OPCs|Fgf1|Fgfr2,NA,NA,0.49343234
Neurons|Neurons|Gnai2|Adcy8,NA,NA,0.4934067
Astrocytes|Oligodendrocytes|Rgma|Bmpr2,NA,NA,0.4928882
Pericytes|Astrocytes|Nid1|Itgav,NA,NA,0.49277323
OPCs|Astrocytes|Sorbs1|Itgb5,NA,NA,0.492292
Oligodendrocytes|Microglia|Psap|Sort1,NA,NA,0.4922089
Pericytes|Oligodendrocytes|Gnai2|Igf1r,NA,NA,0.49220538
Neurons|Oligodendrocytes|Col11a1|Ddr1,NA,NA,0.4921797
Microglia|Astrocytes|App|Notch2,NA,NA,0.49178624
Microglia|Pericytes|Fgf12|Fgfr2,NA,NA,0.4915718
Neurons|Pericytes|F8|Lrp1,NA,NA,0.49154598
Pericytes|Pericytes|Gnai2|Adcy9,NA,NA,0.49145532
Microglia|OPCs|App|Aplp1,NA,NA,0.4914279
Neurons|Neurons|Efna5|Ephb6,NA,NA,0.49052048
Astrocytes|Oligodendrocytes|Sptan1|Ptpra,NA,NA,0.4904633
Pericytes|Astrocytes|Alcam|Nrp1,NA,NA,0.49044153
Microglia|Microglia|Tgfb1|Acvr1_Tgfbr1_Tgfbr2,NA,NA,0.48981524
Microglia|Microglia|Tgfb1|Acvr1_Tgfbr2,NA,NA,0.48981524
Oligodendrocytes|Neurons|Lama2|Rpsa,NA,NA,0.48978
Astrocytes|Pericytes|Sptan1|Ptpra,NA,NA,0.48977557
Neurons|Astrocytes|Lrpap1|Sorl1,NA,NA,0.48946446
Astrocytes|Neurons|Ptn|Sdc3,NA,NA,0.4893339
Astrocytes|Neurons|Vegfa|Itgb1,NA,NA,0.489273
Pericytes|OPCs|Alcam|Chl1,NA,NA,0.4892409
Astrocytes|Neurons|Adam10|Tspan5,NA,NA,0.4885766
Microglia|Pericytes|Gnai2|Ednra,NA,NA,0.48854476
Microglia|OPCs|Tgfb1|Itgb1,NA,NA,0.4884469
Pericytes|Neurons|Lamb2|Rpsa,NA,NA,0.48842
Pericytes|Pericytes|Mfge8|Itgb5,NA,NA,0.4882977
OPCs|Microglia|Jam3|Itgb1,NA,NA,0.4881413
OPCs|Microglia|Nlgn2|Nrxn1,NA,NA,0.48809314
Microglia|OPCs|Nrxn1|Nlgn2,NA,NA,0.48809314
Neurons|OPCs|Fam3c|Lamp1,NA,NA,0.48784432
Microglia|OPCs|Gnai2|Adcy9,NA,NA,0.48784372
OPCs|Neurons|Gnai2|Igf1r,NA,NA,0.4877652
Microglia|Pericytes|App|Lrp6,NA,NA,0.48750582
Neurons|Pericytes|Agrn|Itgb1,NA,NA,0.4874311
Pericytes|Astrocytes|Gpc3|Igf1r,NA,NA,0.4872676
Microglia|Microglia|Nrxn1|Nlgn1,NA,NA,0.487229
Microglia|Microglia|Nlgn1|Nrxn1,NA,NA,0.487229
Pericytes|Pericytes|Col1a2|Itga1_Itgb1,NA,NA,0.48708063
Pericytes|Neurons|Psap|Sort1,NA,NA,0.4870227
Oligodendrocytes|Pericytes|Cntn2|Nrp1,NA,NA,0.48702118
OPCs|Astrocytes|Lamc1|Itgav_Itgb8,NA,NA,0.4868587
Oligodendrocytes|Microglia|Cntn1|Notch2,NA,NA,0.48682904
OPCs|OPCs|Lama4|Itga9_Itgb1,NA,NA,0.48677433
Microglia|Astrocytes|Sptan1|Ptpra,NA,NA,0.48647764
OPCs|OPCs|Agrn|Itgb1,NA,NA,0.4863481
Neurons|Neurons|Agrn|Lrp1,NA,NA,0.48602098
Oligodendrocytes|Pericytes|Lama2|Rpsa,NA,NA,0.48587888
OPCs|Oligodendrocytes|Agrn|Atp1a3,NA,NA,0.48532027
Pericytes|Astrocytes|Lamc1|Itga7_Itgb1,NA,NA,0.4852243
OPCs|Pericytes|Lamc1|Dag1,NA,NA,0.48506618
Neurons|OPCs|Apoe|Lrp6,NA,NA,0.4850014
OPCs|Microglia|Adam10|Tspan14,NA,NA,0.48488426
Oligodendrocytes|OPCs|Sptan1|Ptpra,NA,NA,0.48455557
Pericytes|Pericytes|Lamb2|Rpsa,NA,NA,0.4845189
Microglia|Microglia|Gnai2|Adcy7,NA,NA,0.48444557
Microglia|Neurons|App|Lrp6,NA,NA,0.4842724
Pericytes|Neurons|Calr|Lrp1,NA,NA,0.48414755
OPCs|Microglia|Vegfa|Itga9,NA,NA,0.48414713
Astrocytes|Pericytes|Il18|Il1rapl1,NA,NA,0.48360682
Microglia|Microglia|Fgf14|Fgfr2,NA,NA,0.48337552
Neurons|OPCs|Lgi3|Adam23,NA,NA,0.4831745
Neurons|Pericytes|Mif|Ackr3,NA,NA,0.48304337
Pericytes|Microglia|Psap|Sort1,NA,NA,0.48286182
Microglia|Astrocytes|Hsp90aa1|Egfr,NA,NA,0.4828276
Neurons|Pericytes|Gpc3|Flt1,NA,NA,0.48207173
OPCs|Neurons|Rgma|Bmpr2,NA,NA,0.481861
Neurons|Astrocytes|F8|Lrp1,NA,NA,0.4818201
Astrocytes|Oligodendrocytes|App|Aplp2,NA,NA,0.4817866
Oligodendrocytes|OPCs|Fgf1|Fgfr2,NA,NA,0.48177892
OPCs|Oligodendrocytes|Calr|Itgav,NA,NA,0.48176086
OPCs|Pericytes|Col27a1|Itga1_Itgb1,NA,NA,0.48169953
Astrocytes|Pericytes|Rgma|Bmpr1b,NA,NA,0.48161456
OPCs|Astrocytes|Lrpap1|Sorl1,NA,NA,0.4810782
Pericytes|Pericytes|Mfge8|Itgav,NA,NA,0.48107758
Astrocytes|OPCs|Spon1|Lrp8,NA,NA,0.48097897
Microglia|Microglia|App|Tnfrsf21,NA,NA,0.48079824
OPCs|Neurons|Sdc2|Ptprj,NA,NA,0.48073566
Microglia|Microglia|Copa|P2ry6,NA,NA,0.48012167
Pericytes|Pericytes|Nid1|Itgav,NA,NA,0.47990832
Astrocytes|Neurons|Sptan1|Ptpra,NA,NA,0.47977707000000003
Microglia|Astrocytes|Ptpn6|Egfr,NA,NA,0.47960913
Pericytes|OPCs|Pltp|Abca1,NA,NA,0.4795146
Pericytes|Astrocytes|Lama4|Dag1,NA,NA,0.47911906
Microglia|OPCs|Tgfb1|Itgb8,NA,NA,0.4791072
Neurons|Astrocytes|Ptn|Ptprs,NA,NA,0.47890446
OPCs|Pericytes|Adam23|Itga4,NA,NA,0.4788444
OPCs|Microglia|Copa|P2ry6,NA,NA,0.47843647
Microglia|Microglia|Alcam|Nrp1,NA,NA,0.47836733
OPCs|Microglia|Fbn1|Itgb1,NA,NA,0.47835523
Pericytes|OPCs|Fgf1|Fgfr2,NA,NA,0.47801536
Microglia|Astrocytes|App|Aplp2,NA,NA,0.47761044
OPCs|OPCs|Lama4|Itgav_Itgb8,NA,NA,0.47743464
Oligodendrocytes|Microglia|Megf10|Abca1,NA,NA,0.47741377
Oligodendrocytes|Pericytes|Mif|Ackr3,NA,NA,0.4772596
Neurons|Neurons|Nlgn2|Nrxn2,NA,NA,0.47645724
OPCs|Astrocytes|Gnai2|Adcy8,NA,NA,0.4761143
Oligodendrocytes|Astrocytes|Sptan1|Ptpra,NA,NA,0.47600523
Pericytes|Microglia|Lamc3|Itga6_Itgb1,NA,NA,0.47590548
OPCs|Microglia|Lama4|Itga9_Itgb1,NA,NA,0.4758878
OPCs|Neurons|Rtn4|Rtn4rl1,NA,NA,0.47515953
Astrocytes|Neurons|Fgf1|Nrp1,NA,NA,0.47491053
Neurons|Pericytes|Pdgfc|Flt1,NA,NA,0.47488707
Neurons|OPCs|Nrg2|Nrp2,NA,NA,0.47477075
Neurons|Neurons|Lrpap1|Lrp1,NA,NA,0.47383705
Pericytes|Microglia|Agrn|Itgb1,NA,NA,0.47337803
Astrocytes|OPCs|Timp3|Ddr1,NA,NA,0.4729972
OPCs|Pericytes|Jam3|Itgb1,NA,NA,0.47299016
Neurons|OPCs|Timp2|Itgb1,NA,NA,0.47298184
Astrocytes|Astrocytes|Megf10|Abca1,NA,NA,0.47288272
OPCs|Astrocytes|Lrig2|Egfr,NA,NA,0.47228116
Oligodendrocytes|Microglia|Lama2|Rpsa,NA,NA,0.4721972
Neurons|Pericytes|Arf1|Insr,NA,NA,0.47202
OPCs|Astrocytes|Col11a1|Ddr1,NA,NA,0.47184736
Oligodendrocytes|Pericytes|Cntn2|Nrcam,NA,NA,0.47179928
OPCs|Pericytes|Adam10|Cadm1,NA,NA,0.471619
Astrocytes|OPCs|S100a1|Trpm3,NA,NA,0.4716069
Pericytes|Neurons|Col4a5|Cd47,NA,NA,0.47129014
Neurons|OPCs|Fgf9|Fgfr2,NA,NA,0.4711661
Pericytes|Astrocytes|Mif|Egfr,NA,NA,0.47106686
Pericytes|Microglia|Lamb2|Rpsa,NA,NA,0.4708372
Astrocytes|Pericytes|Jam2|Itgav_Itgb1,NA,NA,0.4706632
OPCs|Microglia|Rgma|Bmpr2,NA,NA,0.4706415
Neurons|Microglia|F8|Lrp1,NA,NA,0.4705827
Astrocytes|OPCs|Vegfa|Nrp2,NA,NA,0.47012675
OPCs|OPCs|Ncan|Sdc3,NA,NA,0.46951216
Microglia|Neurons|Bsg|Slc16a7,NA,NA,0.46934772
OPCs|Neurons|Hspa8|Ldlr,NA,NA,0.46921927
Microglia|Neurons|Cd14|Itgb1,NA,NA,0.46916837
Pericytes|Astrocytes|Tfpi|Sdc4,NA,NA,0.46879905
Oligodendrocytes|Oligodendrocytes|Cntn2|Cntn1,NA,NA,0.46873087
Neurons|OPCs|Lgi2|Adam23,NA,NA,0.46823063
Pericytes|Astrocytes|Rgma|Bmpr2,NA,NA,0.46798933
OPCs|Pericytes|Cthrc1|Fzd6,NA,NA,0.46755266
Oligodendrocytes|Pericytes|Nrxn2|Nlgn1,NA,NA,0.4668567
Pericytes|Oligodendrocytes|Nlgn1|Nrxn2,NA,NA,0.4668567
Astrocytes|Microglia|Agrn|Itgb1,NA,NA,0.46648493
OPCs|Pericytes|Jam2|Itgav_Itgb1,NA,NA,0.4660858
OPCs|Astrocytes|Gnai2|Igf1r,NA,NA,0.4656241
Neurons|Microglia|Hsp90b1|Tlr7,NA,NA,0.46560234
OPCs|Neurons|Lrpap1|Lrp1,NA,NA,0.46545082
Astrocytes|Astrocytes|Rtn4|Tnfrsf19,NA,NA,0.46527588
OPCs|Neurons|Vegfa|Nrp1,NA,NA,0.4651247
OPCs|Astrocytes|Hspa8|Ldlr,NA,NA,0.46480414
Pericytes|Oligodendrocytes|H2-K1|Aplp2,NA,NA,0.4646872
OPCs|Astrocytes|Gnai2|Egfr,NA,NA,0.46431306
Microglia|OPCs|Ncam1|Ptpra,NA,NA,0.4641109
Microglia|Microglia|Cd14|Itgb2,NA,NA,0.46382046
Neurons|OPCs|Agrn|Itgb1,NA,NA,0.46371073
Pericytes|OPCs|Col1a2|Itga9_Itgb1,NA,NA,0.46336028
Oligodendrocytes|Microglia|Adam10|Tspan14,NA,NA,0.46335277
Microglia|Astrocytes|Sema4d|Plxnb1,NA,NA,0.46332884
Neurons|Neurons|Arf1|Chrm3,NA,NA,0.46332443
Astrocytes|Neurons|Mdk|Sorl1,NA,NA,0.46324748
OPCs|Pericytes|Fbn1|Itgb1,NA,NA,0.4632041
Pericytes|Microglia|Bmp5|Acvr1_Bmpr2,NA,NA,0.4630421
Pericytes|Pericytes|St6gal1|Egfr,NA,NA,0.4630323
Neurons|Oligodendrocytes|Agrn|Atp1a3,NA,NA,0.4626829
OPCs|Microglia|Hsp90b1|Tlr7,NA,NA,0.46264005
Pericytes|Neurons|Lamc1|Itga3_Itgb1,NA,NA,0.46243253
OPCs|OPCs|H2-K1|Aplp2,NA,NA,0.46235672
OPCs|Astrocytes|Fam3c|Lamp1,NA,NA,0.4621811
Microglia|Pericytes|Cd14|Itga4,NA,NA,0.46208706
Astrocytes|Pericytes|Fgf1|Nrp1,NA,NA,0.46158075
Neurons|Microglia|Slit2|Robo2,NA,NA,0.46136177
OPCs|Microglia|Megf10|Abca1,NA,NA,0.46110636
Oligodendrocytes|Microglia|Fgf12|Fgfr2,NA,NA,0.46098858
OPCs|OPCs|S100a1|Trpm3,NA,NA,0.46064323
Pericytes|Oligodendrocytes|Mfge8|Itgav,NA,NA,0.46062768
OPCs|Pericytes|H2-K1|Aplp2,NA,NA,0.46053413
Microglia|Oligodendrocytes|Sema4d|Plxnb3,NA,NA,0.45979953
Pericytes|Microglia|Gnai2|Adcy9,NA,NA,0.459786
Pericytes|Oligodendrocytes|Nid1|Itgav,NA,NA,0.4594584
Pericytes|Pericytes|Bmp6|Bmpr1a_Bmpr2,NA,NA,0.45944268
Oligodendrocytes|Microglia|Fgf14|Fgfr2,NA,NA,0.4592234
Pericytes|Neurons|Serpine2|Lrp1,NA,NA,0.45898882
OPCs|Neurons|B2m|Tfrc,NA,NA,0.45890647
Microglia|Microglia|App|Lrp6,NA,NA,0.4587289
Pericytes|Neurons|Col4a6|Cd47,NA,NA,0.45856184
OPCs|Pericytes|Adam10|Notch2,NA,NA,0.45839226
Neurons|Microglia|Adam10|Tspan14,NA,NA,0.45836598
Pericytes|Pericytes|Agrn|Itgb1,NA,NA,0.45822692
Microglia|Neurons|Actr2|Ldlr,NA,NA,0.45764673
Neurons|Oligodendrocytes|Lgi1|Adam22,NA,NA,0.45743245
Astrocytes|Microglia|Rgma|Neo1,NA,NA,0.45739532
Oligodendrocytes|Pericytes|Psap|Gpr37l1,NA,NA,0.45698762
Astrocytes|OPCs|H2-K1|Aplp2,NA,NA,0.45690578
Pericytes|Neurons|Agrn|Lrp1,NA,NA,0.4568168
Pericytes|Astrocytes|Cxcl12|Sdc4,NA,NA,0.45666975
Pericytes|Pericytes|Ncam1|Ncam2,NA,NA,0.45627022
OPCs|Microglia|Bmp7|Actr2,NA,NA,0.4562391
OPCs|Astrocytes|Mdk|Sdc4,NA,NA,0.4560009
Neurons|Oligodendrocytes|Fstl1|Dip2a,NA,NA,0.45588085
Astrocytes|Astrocytes|Vegfa|Nrp1,NA,NA,0.45586902
Astrocytes|OPCs|Lgi4|Adam23,NA,NA,0.45584786
Microglia|Astrocytes|Pdgfb|Itgav,NA,NA,0.45582566
OPCs|Oligodendrocytes|Rgma|Neo1,NA,NA,0.45569548
Microglia|Astrocytes|Ncam1|Ptpra,NA,NA,0.45556056
OPCs|Astrocytes|Rgma|Neo1,NA,NA,0.45548302
Astrocytes|Pericytes|H2-K1|Aplp2,NA,NA,0.4550832
Neurons|Neurons|Nrg2|Nrp2,NA,NA,0.45489436
Neurons|Neurons|Slit2|Gpc1,NA,NA,0.45483285
Pericytes|Microglia|Adam10|Tspan14,NA,NA,0.45473844
Pericytes|OPCs|Col1a2|Itgav_Itgb8,NA,NA,0.45402062
Pericytes|Microglia|Gnai2|Igf1r,NA,NA,0.4537529
Neurons|OPCs|Sptbn2|Ptpra,NA,NA,0.45366618
Microglia|OPCs|Tgfb1|Sdc2,NA,NA,0.4536289
Microglia|Pericytes|App|Tnfrsf21,NA,NA,0.4536026
OPCs|Pericytes|Sema6a|Plxna2,NA,NA,0.45332608
Microglia|Astrocytes|Actr2|Ldlr,NA,NA,0.4532316
Neurons|Astrocytes|Slit3|Robo1,NA,NA,0.45313677
Microglia|Pericytes|Ncam1|Fgfr2,NA,NA,0.4527709
Pericytes|Microglia|Col1a2|Itga9_Itgb1,NA,NA,0.45247376
Pericytes|Astrocytes|Bmp5|Bmpr1a_Bmpr2,NA,NA,0.45242447
Pericytes|Astrocytes|Bmp5|Bmpr1b_Bmpr2,NA,NA,0.45242447
Pericytes|Neurons|Nid1|Itgb1,NA,NA,0.45236582
Microglia|Neurons|Tgfb1|Lpp,NA,NA,0.45234013
Astrocytes|Neurons|Gnai2|Igf1r,NA,NA,0.45225447
Pericytes|Pericytes|Ncam1|Ptprz1,NA,NA,0.45223013
Neurons|Astrocytes|Apoe|Sorl1,NA,NA,0.4518854
OPCs|Pericytes|Vegfa|Nrp1,NA,NA,0.45179492
OPCs|Astrocytes|Vegfa|Itgav,NA,NA,0.4515879
OPCs|Astrocytes|Gnai2|S1pr1,NA,NA,0.45134723
Astrocytes|Pericytes|Agrn|Itgb1,NA,NA,0.45133382
Oligodendrocytes|OPCs|Lama2|Rpsa,NA,NA,0.4513145
Microglia|Astrocytes|Il1rapl1|Ptprs,NA,NA,0.4512452
Neurons|Pericytes|Fgf1|Tgfbr3,NA,NA,0.45072967
Astrocytes|Pericytes|Vegfa|Egfr,NA,NA,0.45043564
Pericytes|Astrocytes|Bcan|Egfr,NA,NA,0.45037508
Astrocytes|Neurons|Vegfa|Nrp2,NA,NA,0.45025036
Astrocytes|Astrocytes|Vegfa|Grin2b,NA,NA,0.45024616
Oligodendrocytes|Pericytes|Adam10|Cadm1,NA,NA,0.45008752
Oligodendrocytes|Neurons|Hsp90b1|Lrp1,NA,NA,0.45005503
Pericytes|OPCs|Lamb2|Rpsa,NA,NA,0.4499545
Astrocytes|Neurons|Agrn|Lrp1,NA,NA,0.4499237
OPCs|OPCs|Mdk|Sdc3,NA,NA,0.44950786
OPCs|OPCs|Jam3|Itgb1,NA,NA,0.4492698
Pericytes|Neurons|Col4a3|Cd47,NA,NA,0.44903958
OPCs|Astrocytes|Adam10|Notch2,NA,NA,0.4487905
Astrocytes|Microglia|Adam10|Tspan14,NA,NA,0.44866914
Pericytes|Astrocytes|Vcl|Itgb5,NA,NA,0.44866174
Microglia|OPCs|Hspa8|Ldlr,NA,NA,0.4484946
Pericytes|Pericytes|Nlgn1|Nrxn2,NA,NA,0.44846064
Pericytes|Pericytes|Nrxn2|Nlgn1,NA,NA,0.44846064
Pericytes|Pericytes|Arf1|Insr,NA,NA,0.44828767
Neurons|Astrocytes|Calr|Itgav,NA,NA,0.44826454
Pericytes|Pericytes|Psap|Gpr37l1,NA,NA,0.44764054
Neurons|Astrocytes|Apoe|Sdc2,NA,NA,0.44755012
Pericytes|Pericytes|Ncam1|Fgfr1,NA,NA,0.44752896
Pericytes|Neurons|Gpc3|Lrp1,NA,NA,0.44699627
Pericytes|Microglia|Sema3c|Nrp1_Plxna4,NA,NA,0.44699502
OPCs|Pericytes|Adam10|Nrcam,NA,NA,0.44691017
Astrocytes|Neurons|Rtn4|Lingo1,NA,NA,0.4467812
Oligodendrocytes|Oligodendrocytes|Dscam|Dcc,NA,NA,0.44623035
OPCs|Microglia|Nlgn3|Nrxn1,NA,NA,0.44601268
Microglia|OPCs|Nrxn1|Nlgn3,NA,NA,0.44601268
Pericytes|Neurons|Ncam1|Ptprz1,NA,NA,0.44600287
Pericytes|Oligodendrocytes|Gpc3|Igf1r,NA,NA,0.44578087
Microglia|Microglia|App|Grm7,NA,NA,0.4453588
Neurons|Pericytes|Pigf|Flt1,NA,NA,0.4451485
Neurons|Astrocytes|Sptbn2|Ptpra,NA,NA,0.44511583
Neurons|Pericytes|Adam10|Cadm1,NA,NA,0.44510072
Microglia|OPCs|Adam17|Notch1,NA,NA,0.4450593
Pericytes|Astrocytes|Spp1|S1pr1,NA,NA,0.44494322
Astrocytes|Pericytes|Fgf1|Fgfr1,NA,NA,0.4449141
OPCs|OPCs|Sema6a|Plxna2,NA,NA,0.4447923
Neurons|Pericytes|L1cam|Fgfr2,NA,NA,0.4447795
Microglia|Astrocytes|Mif|Egfr,NA,NA,0.44474173
Astrocytes|Microglia|Angpt1|Itgb1,NA,NA,0.4445968
Oligodendrocytes|Astrocytes|Lama2|Rpsa,NA,NA,0.4443521
OPCs|Astrocytes|Gnai2|Ednrb,NA,NA,0.44412085
Oligodendrocytes|Astrocytes|Megf10|Abca1,NA,NA,0.44399422
Astrocytes|Astrocytes|Vegfa|Sirpa,NA,NA,0.4437783
Pericytes|Neurons|Timp3|Ddr1,NA,NA,0.44375494
Astrocytes|Neurons|Vegfa|Sirpa,NA,NA,0.44374648
OPCs|Neurons|Adam10|Epha3,NA,NA,0.44371903
Microglia|Astrocytes|Ang|Egfr,NA,NA,0.4436502
Microglia|Oligodendrocytes|Bsg|Slc16a7,NA,NA,0.44358143
OPCs|Astrocytes|Lamc1|Dag1,NA,NA,0.443469
Neurons|OPCs|Fgf10|Fgfr2,NA,NA,0.4434294
OPCs|Astrocytes|Lama4|Itgav_Itgb8,NA,NA,0.44332856
OPCs|Pericytes|Fgf13|Fgfr2,NA,NA,0.44323695
Neurons|Neurons|Lrpap1|Sorl1,NA,NA,0.4431944
Pericytes|Pericytes|Timp3|Ddr1,NA,NA,0.44314784
Neurons|Pericytes|Vegfc|Flt1,NA,NA,0.44312793
OPCs|Pericytes|Mif|Ackr3,NA,NA,0.4431036
Pericytes|Astrocytes|Lamb2|Rpsa,NA,NA,0.4429921
Microglia|Pericytes|Pdgfb|Itgav,NA,NA,0.44296074
Pericytes|Astrocytes|Ncam1|Fgfr1,NA,NA,0.44290805
Pericytes|OPCs|Bmp6|Bmpr1a_Bmpr2,NA,NA,0.44246298
Pericytes|Microglia|Hsp90b1|Tlr7,NA,NA,0.4424096
Microglia|Astrocytes|Calr|Itgav,NA,NA,0.44234365
Oligodendrocytes|Neurons|Bsg|Slc16a7,NA,NA,0.44221193
OPCs|OPCs|Adam10|Notch1,NA,NA,0.4421749
Pericytes|Pericytes|Col4a5|Itga1_Itgb1,NA,NA,0.44178307
Astrocytes|Neurons|Rtn4|Cntnap1,NA,NA,0.44163966
Microglia|Microglia|Sema4d|Plxnb2,NA,NA,0.44158706
OPCs|Pericytes|Lama4|Dag1,NA,NA,0.441536
Pericytes|Pericytes|Adam10|Cadm1,NA,NA,0.4414732
Neurons|Microglia|Sema3e|Nrp1,NA,NA,0.44136912
Pericytes|Neurons|Efna5|Epha10,NA,NA,0.44121286
Pericytes|Neurons|Ncam1|Fgfr1,NA,NA,0.4411973
OPCs|Pericytes|Agrn|Dag1,NA,NA,0.44110984
OPCs|Microglia|Mdk|Notch2,NA,NA,0.44109163
Astrocytes|Astrocytes|Gnai2|Adcy8,NA,NA,0.44060358
Astrocytes|Astrocytes|Fgf1|Fgfr1,NA,NA,0.4402932
Pericytes|Astrocytes|Lrpap1|Sorl1,NA,NA,0.44014582
Astrocytes|Microglia|Il18|Il1rl2,NA,NA,0.43972492
Pericytes|Neurons|Arf1|Chrm3,NA,NA,0.4395921
Astrocytes|Astrocytes|Slitrk2|Ptprs,NA,NA,0.43958676
Oligodendrocytes|Astrocytes|Lrig2|Egfr,NA,NA,0.43957698
OPCs|Oligodendrocytes|Timp3|Ddr1,NA,NA,0.43953764
OPCs|OPCs|Fbn1|Itgb1,NA,NA,0.43948373
Microglia|Astrocytes|Icam1|Egfr,NA,NA,0.43942675
OPCs|Pericytes|Rgma|Bmpr2,NA,NA,0.43942142
Microglia|Pericytes|Tgfb1|Itgb5,NA,NA,0.43935633
Neurons|Oligodendrocytes|L1cam|Cd9,NA,NA,0.4393418
Pericytes|Microglia|Jam2|Itgav_Itgb1,NA,NA,0.43929535
Oligodendrocytes|Pericytes|Fgf1|Tgfbr3,NA,NA,0.43907622
Microglia|OPCs|Cklf|Lrp6,NA,NA,0.4388683
Pericytes|Pericytes|Cntn1|Notch2,NA,NA,0.43885022
OPCs|OPCs|Gnai2|Adcy8,NA,NA,0.43875992
OPCs|Pericytes|Vegfa|Itgav,NA,NA,0.43872297
Astrocytes|Neurons|Vegfa|Gpc1,NA,NA,0.43859297
Oligodendrocytes|Neurons|Nrxn1|Nlgn3,NA,NA,0.43811387
Neurons|Oligodendrocytes|Nlgn3|Nrxn1,NA,NA,0.43811387
OPCs|OPCs|Lgi1|Adam23,NA,NA,0.43759248
Pericytes|Pericytes|Gnai2|Ednra,NA,NA,0.4375557
OPCs|Neurons|Nfasc|Cntn1_Cntnap1,NA,NA,0.43754625
Microglia|Pericytes|Arf1|Insr,NA,NA,0.43746012
OPCs|Neurons|Rgma|Neo1,NA,NA,0.43731356
Pericytes|OPCs|Lamc3|Itga9_Itgb1,NA,NA,0.437034
Oligodendrocytes|Pericytes|Adam10|Notch2,NA,NA,0.43686074
Pericytes|OPCs|Gnai2|Adcy9,NA,NA,0.43685466
Neurons|Neurons|Efnb2|Grm1,NA,NA,0.43682253
Microglia|Microglia|Jam2|Itgav_Itgb1,NA,NA,0.4366703
Microglia|Oligodendrocytes|App|Vldlr,NA,NA,0.4363035
Neurons|Neurons|Apoe|Lrp1,NA,NA,0.43625796
Neurons|Pericytes|Fgf1|Fgfr2,NA,NA,0.43605965
Astrocytes|Pericytes|Jam2|Itga4_Itgb1,NA,NA,0.43603936
Microglia|Astrocytes|Ncam1|Robo1,NA,NA,0.43593848
Pericytes|Microglia|Fgf12|Fgfr2,NA,NA,0.43573916
Pericytes|Microglia|Spp1|Itgav_Itgb1,NA,NA,0.43550998
Astrocytes|Pericytes|Adam10|Cadm1,NA,NA,0.43540388
Neurons|Pericytes|Calr|Itgav,NA,NA,0.4353996
Pericytes|Pericytes|Fgf1|Tgfbr3,NA,NA,0.43531266
Oligodendrocytes|Pericytes|Sparc|Fgfr1,NA,NA,0.4352031
Pericytes|Astrocytes|Rtn4|Tnfrsf19,NA,NA,0.43482816
OPCs|Neurons|Lrpap1|Sorl1,NA,NA,0.43480816
Neurons|OPCs|Arf1|Insr,NA,NA,0.43469143
Oligodendrocytes|Neurons|Gnai2|Igf1r,NA,NA,0.43459523
Pericytes|OPCs|Agrn|Itgb1,NA,NA,0.43450654
Neurons|Pericytes|Inha|Tgfbr3,NA,NA,0.4344269
Microglia|Microglia|Adam15|Itgb1,NA,NA,0.4341514
Microglia|Astrocytes|App|Grm7,NA,NA,0.43409574
Oligodendrocytes|Oligodendrocytes|Lgi3|Adam22,NA,NA,0.43367913
Pericytes|Oligodendrocytes|Agrn|Atp1a3,NA,NA,0.4334787
Pericytes|Microglia|Gnai2|Adcy7,NA,NA,0.4334565
Astrocytes|Pericytes|App|Notch2,NA,NA,0.43329465
Microglia|Neurons|Timp2|Itgb1,NA,NA,0.43324494
Astrocytes|Neurons|Hsp90b1|Lrp1,NA,NA,0.4332208
Astrocytes|Microglia|Il18|Il1rapl1,NA,NA,0.43313354
Microglia|Pericytes|Adam17|Notch1,NA,NA,0.43286282
Astrocytes|Astrocytes|Vegfa|Itgb1,NA,NA,0.43285808
Microglia|Astrocytes|Lrig2|Egfr,NA,NA,0.43278924
Neurons|Astrocytes|Bcan|Egfr,NA,NA,0.43252864
Microglia|Astrocytes|Adam17|Notch1,NA,NA,0.43245947
Neurons|Astrocytes|Col11a1|Ddr1,NA,NA,0.43210953
OPCs|Oligodendrocytes|Ncan|Cdh2,NA,NA,0.4320472
OPCs|OPCs|Col11a1|Ddr1,NA,NA,0.43194565
Neurons|Pericytes|Adam10|Notch2,NA,NA,0.43187395
OPCs|Pericytes|Il18|Il1rapl1,NA,NA,0.431722
OPCs|Pericytes|Jam2|Itga4_Itgb1,NA,NA,0.43146196
Astrocytes|Neurons|Bmp1|Bmpr2,NA,NA,0.4314167
Pericytes|Neurons|Col4a1|Cd47,NA,NA,0.43140092
Oligodendrocytes|Microglia|Timp2|Itgb1,NA,NA,0.4313107
OPCs|Microglia|Lrrc4b|Ptprs,NA,NA,0.43105417
Pericytes|Astrocytes|Mfge8|Itgb5,NA,NA,0.43097827
Pericytes|Neurons|Efna5|Epha7,NA,NA,0.4309709
Microglia|OPCs|Gnai2|Ednrb,NA,NA,0.4309128
Microglia|Neurons|Gnai2|Adcy1,NA,NA,0.43065798
Pericytes|Pericytes|Cntn1|Ptprz1,NA,NA,0.4306246
Astrocytes|Neurons|Fstl1|Dip2a,NA,NA,0.43061465
Oligodendrocytes|Astrocytes|Sparc|Fgfr1,NA,NA,0.4305822
OPCs|Neurons|Gnai2|Adcy9,NA,NA,0.4305314
Microglia|Microglia|App|Aplp2,NA,NA,0.4303663
Astrocytes|Microglia|Sema4a|Nrp1_Plxna4,NA,NA,0.43028647
Astrocytes|Astrocytes|Gnai2|Igf1r,NA,NA,0.43011338
OPCs|Pericytes|Adam10|Notch1,NA,NA,0.42997843
OPCs|Neurons|Vegfa|Ephb2,NA,NA,0.4298476
OPCs|Astrocytes|Adam10|Notch1,NA,NA,0.4295751
Microglia|Pericytes|Calr|Itgav,NA,NA,0.42947876
Pericytes|Oligodendrocytes|Lama4|Itgav_Itgb8,NA,NA,0.42947525
Astrocytes|Pericytes|Angpt1|Itgb1,NA,NA,0.42944568
Neurons|Astrocytes|L1cam|Egfr,NA,NA,0.42937365
Microglia|Microglia|Psen1|Notch2,NA,NA,0.42926046
Pericytes|Astrocytes|Cntn1|Notch2,NA,NA,0.42924845
Astrocytes|Astrocytes|Lrpap1|Sorl1,NA,NA,0.429151
Pericytes|Pericytes|Col4a6|Itga1_Itgb1,NA,NA,0.42905474
Pericytes|Microglia|Rims2|Abca1,NA,NA,0.42895702
Oligodendrocytes|Neurons|Sparc|Fgfr1,NA,NA,0.42887145
Astrocytes|Astrocytes|Gnai2|Egfr,NA,NA,0.42880234
Microglia|Neurons|Arf1|Chrm3,NA,NA,0.42876455
Neurons|Pericytes|Slit3|Robo1,NA,NA,0.42862764
Pericytes|Microglia|Cxcl12|Itgb1,NA,NA,0.42851877
Pericytes|Neurons|Plat|Lrp1,NA,NA,0.4282705
Pericytes|Pericytes|Adam10|Notch2,NA,NA,0.4282464
Oligodendrocytes|Neurons|Rgma|Bmpr2,NA,NA,0.42820764
Neurons|Microglia|Fgf1|Nrp1,NA,NA,0.4282027
OPCs|Neurons|Bmp1|Bmpr2,NA,NA,0.42800772
Astrocytes|OPCs|Vegfa|Ephb2,NA,NA,0.42799503
OPCs|Microglia|Adam9|Itgb1,NA,NA,0.42792588
OPCs|Microglia|Mdk|Itga6_Itgb1,NA,NA,0.42784992
OPCs|Astrocytes|Fgf13|Egfr,NA,NA,0.4278311
Pericytes|OPCs|Lamc3|Itgav_Itgb8,NA,NA,0.42769432
OPCs|Astrocytes|Megf10|Abca1,NA,NA,0.4276868
OPCs|Neurons|Angpt1|Itgb1,NA,NA,0.42766064
Astrocytes|OPCs|Agrn|Itgb1,NA,NA,0.42761344
Pericytes|Pericytes|Cntn1|Nrcam,NA,NA,0.42736816
Oligodendrocytes|Astrocytes|Adam10|Notch2,NA,NA,0.42725897
OPCs|Astrocytes|Mdk|Sorl1,NA,NA,0.4269161
Pericytes|Pericytes|Lama4|Itgav_Itgb8,NA,NA,0.42689353
OPCs|Astrocytes|Slitrk1|Ptprs,NA,NA,0.4268067
Astrocytes|Oligodendrocytes|Agrn|Atp1a3,NA,NA,0.4265856
Astrocytes|OPCs|Megf10|Abca1,NA,NA,0.42657122
Pericytes|OPCs|Bmp5|Acvr1_Bmpr2,NA,NA,0.4265256
Microglia|Oligodendrocytes|Sptan1|Ptpra,NA,NA,0.42620414
Pericytes|Microglia|Lamc3|Itga9_Itgb1,NA,NA,0.4261475
Microglia|Microglia|Cntn1|Notch2,NA,NA,0.42607886
Neurons|Oligodendrocytes|Lrpap1|Sort1,NA,NA,0.4259283
Pericytes|Microglia|Fn1|Itgav_Itgb1,NA,NA,0.42587894
Microglia|Pericytes|Sema4d|Plxnb1,NA,NA,0.4257329
Pericytes|Astrocytes|Lama4|Itga6_Itgb1,NA,NA,0.4256864
Microglia|Pericytes|Sptan1|Ptpra,NA,NA,0.42551643
Oligodendrocytes|Pericytes|Adam10|Nrcam,NA,NA,0.42537868
Astrocytes|Astrocytes|App|Lrp6,NA,NA,0.42534631
Oligodendrocytes|Pericytes|Arf1|Insr,NA,NA,0.4252523
Pericytes|Neurons|Bmp5|Bmpr1a_Bmpr2,NA,NA,0.42494962
Pericytes|Neurons|Bmp5|Acvr2a_Bmpr1a,NA,NA,0.42494962
Astrocytes|Pericytes|Mdk|Notch2,NA,NA,0.42460132
Astrocytes|Pericytes|Nrxn2|Nlgn1,NA,NA,0.42454222
Pericytes|Astrocytes|Nlgn1|Nrxn2,NA,NA,0.42454222
Pericytes|Neurons|Lrpap1|Lrp1,NA,NA,0.4245184
Oligodendrocytes|Pericytes|Fgf1|Fgfr2,NA,NA,0.42440623
Microglia|Neurons|Adam17|Itgb1,NA,NA,0.424402
Pericytes|Neurons|Cntn1|Ptprz1,NA,NA,0.42439735
Neurons|Neurons|Gpc3|Igf1r,NA,NA,0.42436764
Neurons|Pericytes|Fgf1|Cspg4,NA,NA,0.4243471
OPCs|Oligodendrocytes|Gnai2|Igf1r,NA,NA,0.42413732
Pericytes|Neurons|Tfpi|Lrp1,NA,NA,0.42408684
Astrocytes|Astrocytes|App|Notch2,NA,NA,0.42369288
Microglia|Pericytes|Fgf14|Fgfr1,NA,NA,0.42355445
OPCs|Pericytes|Gnai2|Adcy9,NA,NA,0.42338723
Astrocytes|OPCs|App|Aplp1,NA,NA,0.42333457
Oligodendrocytes|Astrocytes|Gnai2|Adcy8,NA,NA,0.42294437
Pericytes|OPCs|Cntn1|Notch1,NA,NA,0.4226329
OPCs|Astrocytes|Mdk|Sdc2,NA,NA,0.42258084
Microglia|Oligodendrocytes|Pdgfb|Itgav,NA,NA,0.42251086
OPCs|OPCs|Rgma|Bmpr2,NA,NA,0.42244172
Neurons|Astrocytes|Adam10|Notch2,NA,NA,0.42227218
Microglia|OPCs|Ncam1|Gfra1,NA,NA,0.42224956
Oligodendrocytes|Neurons|Alcam|Nrp1,NA,NA,0.42223787
Astrocytes|Pericytes|Tgfb2|Tgfbr3,NA,NA,0.4221876
Oligodendrocytes|Neurons|Adam10|Epha3,NA,NA,0.42218753999999997
Astrocytes|Pericytes|Adam10|Notch2,NA,NA,0.4221771
Astrocytes|Microglia|Fgf12|Fgfr2,NA,NA,0.4221577
Pericytes|Neurons|Col4a4|Cd47,NA,NA,0.42212942
Pericytes|Neurons|Nid1|Ptprf,NA,NA,0.4218183
Neurons|Pericytes|Hras|Insr,NA,NA,0.4215436
Neurons|Astrocytes|Fgf1|Egfr,NA,NA,0.42065382
Oligodendrocytes|OPCs|Adam10|Notch1,NA,NA,0.42064345
Pericytes|Pericytes|Fgf1|Fgfr2,NA,NA,0.42064267
Pericytes|Microglia|Ncam1|Robo1,NA,NA,0.4206187
Pericytes|Astrocytes|Fn1|Sdc2,NA,NA,0.42060986
Neurons|Pericytes|Adam10|Nrcam,NA,NA,0.42039186
Astrocytes|Microglia|Bmp1|Bmpr2,NA,NA,0.4201972
Astrocytes|Neurons|Sirpa|Cd47,NA,NA,0.4201244
Neurons|Astrocytes|Cd47|Sirpa,NA,NA,0.4201244
Neurons|Neurons|Sirpa|Cd47,NA,NA,0.42009258
Neurons|Neurons|Cd47|Sirpa,NA,NA,0.42009258
Pericytes|Neurons|Sema6a|Plxna2,NA,NA,0.41994628
Oligodendrocytes|Neurons|Calr|Lrp1,NA,NA,0.41992348
Pericytes|Astrocytes|Col1a2|Itgav_Itgb8,NA,NA,0.41991454
Astrocytes|Neurons|Timp3|Ddr1,NA,NA,0.41976264
Pericytes|Pericytes|Col4a3|Itga1_Itgb1,NA,NA,0.41953248
Astrocytes|Pericytes|App|Lrp6,NA,NA,0.4194125
Pericytes|Microglia|Ntrk3|Ptprs,NA,NA,0.41940156
Astrocytes|Pericytes|Timp3|Ddr1,NA,NA,0.41915554
Oligodendrocytes|Microglia|Copa|P2ry6,NA,NA,0.41907063
Microglia|Pericytes|Adam15|Itgb1,NA,NA,0.41900033
Microglia|Astrocytes|Fgf14|Fgfr1,NA,NA,0.41893354
Pericytes|Neurons|Serping1|Lrp1,NA,NA,0.4189099
Pericytes|Microglia|Vegfa|Nrp1,NA,NA,0.41885704
Pericytes|Astrocytes|Adam10|Notch2,NA,NA,0.41864464
Microglia|Astrocytes|Gnai2|Adcy9,NA,NA,0.41863906
Neurons|Pericytes|Agrn|Dag1,NA,NA,0.41847247
Pericytes|Astrocytes|Calr|Itgav,NA,NA,0.41839156
Neurons|Microglia|Cntn2|Nrp1,NA,NA,0.41835216
OPCs|Oligodendrocytes|Vegfa|Itgav,NA,NA,0.4182731
OPCs|Microglia|Timp2|Itgb1,NA,NA,0.41825742
Pericytes|OPCs|Col4a5|Itga9_Itgb1,NA,NA,0.4180627
Oligodendrocytes|Neurons|Jam3|Itgb1,NA,NA,0.4178455
Neurons|Neurons|Rgmb|Bmpr2,NA,NA,0.4178126
OPCs|Oligodendrocytes|Lrpap1|Sort1,NA,NA,0.41754204
Pericytes|Pericytes|Col4a2|Itga1_Itgb1,NA,NA,0.41740385
Microglia|Neurons|Fgf14|Fgfr1,NA,NA,0.4172228
Neurons|Neurons|Adam10|Epha3,NA,NA,0.41720074
Neurons|Neurons|Gpi1|Amfr,NA,NA,0.41716832
Neurons|Microglia|Apoe|Abca1,NA,NA,0.41702664
Oligodendrocytes|Microglia|Rgma|Bmpr2,NA,NA,0.41698813
OPCs|Microglia|Bmp1|Bmpr2,NA,NA,0.41678822
Neurons|Microglia|Psen1|Notch2,NA,NA,0.41678575
Neurons|Microglia|Vegfb|Nrp1,NA,NA,0.4167833
Pericytes|Pericytes|Adam10|Nrcam,NA,NA,0.41676432
Oligodendrocytes|Neurons|Arf1|Chrm3,NA,NA,0.41655672
Oligodendrocytes|Microglia|Fgf1|Nrp1,NA,NA,0.41654924
OPCs|Pericytes|Adam17|Erbb4,NA,NA,0.41651332
Oligodendrocytes|Oligodendrocytes|Bsg|Slc16a7,NA,NA,0.41644567
Pericytes|Neurons|Fstl1|Dip2a,NA,NA,0.41640535
Microglia|Pericytes|Hspa8|Ldlr,NA,NA,0.41639996
Astrocytes|Pericytes|Mdk|Ptprz1,NA,NA,0.4163757
Pericytes|Neurons|Rtn4|Lingo1,NA,NA,0.41633347
Pericytes|Microglia|Lama4|Dag1,NA,NA,0.41628596
Astrocytes|Neurons|App|Lrp6,NA,NA,0.41617906
Oligodendrocytes|Pericytes|Timp2|Itgb1,NA,NA,0.41615963
Astrocytes|Astrocytes|Gnai2|S1pr1,NA,NA,0.4158365
Astrocytes|Oligodendrocytes|Vegfa|Tyro3,NA,NA,0.41577804
Oligodendrocytes|Oligodendrocytes|Sptan1|Ptpra,NA,NA,0.41573173
Neurons|OPCs|Adam10|Notch1,NA,NA,0.41565663
Microglia|Neurons|Sptan1|Ptpra,NA,NA,0.41551793
OPCs|Microglia|Adam17|Itgb1,NA,NA,0.4155133
Pericytes|Pericytes|Pltp|Abca1,NA,NA,0.41508633
Oligodendrocytes|Pericytes|Sptan1|Ptpra,NA,NA,0.415044
Microglia|Microglia|Hsp90b1|Tlr4,NA,NA,0.41501507
Astrocytes|Astrocytes|Mdk|Notch2,NA,NA,0.41499954
Neurons|Oligodendrocytes|Calr|Itgav,NA,NA,0.41494972
Microglia|Microglia|Fgf12|Fgfr2,NA,NA,0.41481113
Pericytes|Microglia|Il1rapl1|Ptprs,NA,NA,0.41479325
Astrocytes|Neurons|Calr|Lrp1,NA,NA,0.4146613
Pericytes|Pericytes|Lama4|Itga6_Itgb1,NA,NA,0.41407818
Microglia|Neurons|App|Gpc1,NA,NA,0.4138333
Astrocytes|Microglia|Copa|P2ry6,NA,NA,0.41379535
Neurons|Pericytes|Fgf9|Fgfr2,NA,NA,0.4137934
Pericytes|Neurons|Adam10|Epha3,NA,NA,0.4135732
Astrocytes|Neurons|Lrpap1|Lrp1,NA,NA,0.41352358
Astrocytes|OPCs|Vegfa|Sirpa,NA,NA,0.41351095
Pericytes|Microglia|Vegfb|Nrp1,NA,NA,0.41338563
Pericytes|Pericytes|Cxcl12|Itgb1,NA,NA,0.4133677
Pericytes|Microglia|Jam3|Itgb1,NA,NA,0.41329357
Oligodendrocytes|Pericytes|Sema6a|Plxna2,NA,NA,0.4132375
Oligodendrocytes|Microglia|Lama2|Itga6_Itgb1,NA,NA,0.4131285
Oligodendrocytes|Astrocytes|Cntn2|Nrp1,NA,NA,0.4130027
Pericytes|Microglia|Fgf1|Nrp1,NA,NA,0.41278568
OPCs|Pericytes|Adam9|Itgb1,NA,NA,0.41277474
Microglia|Astrocytes|Cd14|Itgb1,NA,NA,0.41275343
Astrocytes|Microglia|App|Tnfrsf21,NA,NA,0.4127049
Oligodendrocytes|Pericytes|Fgf1|Cspg4,NA,NA,0.41269365
Neurons|Neurons|Nlgn3|Nrxn2,NA,NA,0.41258872
Neurons|Neurons|Nrxn2|Nlgn3,NA,NA,0.41258872
Astrocytes|Astrocytes|Adam10|Notch2,NA,NA,0.41257533
Oligodendrocytes|Microglia|Jam3|Itgam_Itgb2,NA,NA,0.41249758
Oligodendrocytes|Astrocytes|Gnai2|Igf1r,NA,NA,0.41245413
OPCs|Oligodendrocytes|H2-K1|Aplp2,NA,NA,0.41220862
Neurons|Neurons|Gnai2|Igf1r,NA,NA,0.41215193
Pericytes|OPCs|Adam10|Notch1,NA,NA,0.4120291
OPCs|Neurons|Sema3e|Nrp1,NA,NA,0.41201282
Astrocytes|Astrocytes|Lrrc4b|Ptprs,NA,NA,0.41180888
Pericytes|Microglia|Lamb2|Itga6_Itgb1,NA,NA,0.4117685
Microglia|Pericytes|Ncam1|Robo1,NA,NA,0.41142935
Pericytes|Astrocytes|Vegfa|Egfr,NA,NA,0.4113082
OPCs|Neurons|Mdk|Lrp1,NA,NA,0.41128868
Microglia|Microglia|Cd14|Tlr4,NA,NA,0.411239
OPCs|OPCs|Adam10|Tspan5,NA,NA,0.4112058
Pericytes|Neurons|Rtn4|Cntnap1,NA,NA,0.41119194
OPCs|Neurons|Vegfa|Itgb1,NA,NA,0.41118044
Oligodendrocytes|Astrocytes|Gnai2|Egfr,NA,NA,0.41114312
Pericytes|OPCs|Col4a5|Cd47,NA,NA,0.410971
Pericytes|OPCs|Arf1|Insr,NA,NA,0.4109591
Astrocytes|Pericytes|Adam10|Nrcam,NA,NA,0.41069502
OPCs|Pericytes|Col9a3|Itga1_Itgb1,NA,NA,0.41050532
OPCs|Oligodendrocytes|Slit2|Dcc,NA,NA,0.4104789
Pericytes|Pericytes|Cntn1|Notch1,NA,NA,0.4104364
Pericytes|Microglia|Bmp6|Acvr1_Bmpr2,NA,NA,0.41031075
Astrocytes|OPCs|Rtn4|Lingo1,NA,NA,0.410173
Pericytes|Astrocytes|Cntn1|Notch1,NA,NA,0.41003305
Neurons|Pericytes|Cadm3|Cadm1,NA,NA,0.4099367
Pericytes|Pericytes|Jag1|Notch2,NA,NA,0.40993154
Microglia|Pericytes|App|Aplp1,NA,NA,0.40988386
OPCs|Pericytes|Adam10|Axl,NA,NA,0.4097554
Microglia|OPCs|App|Vldlr,NA,NA,0.40965298
Astrocytes|Astrocytes|App|Aplp2,NA,NA,0.4095171
Oligodendrocytes|Astrocytes|Psap|Gpr37,NA,NA,0.4094048
Pericytes|Microglia|Spon1|App,NA,NA,0.40914923
Microglia|Oligodendrocytes|Calr|Itgav,NA,NA,0.40902886
Oligodendrocytes|Astrocytes|Fgf1|Egfr,NA,NA,0.4090004
Pericytes|Pericytes|Fgf1|Cspg4,NA,NA,0.4089301
Oligodendrocytes|Pericytes|Alcam|Nrp1,NA,NA,0.40890813
Pericytes|Astrocytes|Lrig2|Egfr,NA,NA,0.40879804
Pericytes|OPCs|Col4a5|Itgav_Itgb8,NA,NA,0.40872303
Astrocytes|Astrocytes|Gnai2|Ednrb,NA,NA,0.40861014
Oligodendrocytes|Pericytes|Adam10|Notch1,NA,NA,0.4084469
Pericytes|OPCs|Fgf14|Fgfr1,NA,NA,0.40832496
Neurons|Pericytes|Olfm2|Robo2,NA,NA,0.40828368
Astrocytes|Pericytes|Mif|Ackr3,NA,NA,0.40817744
Microglia|OPCs|Gnai2|Adora1,NA,NA,0.40813428
Oligodendrocytes|Neurons|Psap|Ar,NA,NA,0.4081174
Oligodendrocytes|Astrocytes|Adam10|Notch1,NA,NA,0.40804356
Oligodendrocytes|Microglia|Cntn2|Cntn1,NA,NA,0.40798068
Pericytes|Oligodendrocytes|Lgi1|Adam22,NA,NA,0.40778208
Astrocytes|Pericytes|Fgf1|Fgfr3,NA,NA,0.4075444
Astrocytes|Neurons|Adam10|Epha3,NA,NA,0.4075039
Pericytes|Microglia|Gpc3|Igf1r,NA,NA,0.40732837
Astrocytes|Neurons|Fgf1|Tgfbr3,NA,NA,0.40728694
Pericytes|Microglia|Col4a5|Itga9_Itgb1,NA,NA,0.4071762
Neurons|Microglia|Sema3a|Nrp1_Plxna4,NA,NA,0.40685713
Astrocytes|Oligodendrocytes|H2-K1|Aplp2,NA,NA,0.4067577
Oligodendrocytes|Microglia|Rims2|Abca1,NA,NA,0.406596
Neurons|Microglia|Rgmb|Bmpr2,NA,NA,0.40659308
Astrocytes|Pericytes|Col11a2|Itga1_Itgb1,NA,NA,0.40654802
Neurons|Neurons|Sdc2|Ptprj,NA,NA,0.40645477
Microglia|Microglia|App|Aplp1,NA,NA,0.4064132
Microglia|Microglia|App|Ncstn,NA,NA,0.4063239
Astrocytes|OPCs|Adam10|Notch1,NA,NA,0.40595978
Astrocytes|Neurons|Col4a5|Cd47,NA,NA,0.40593517
OPCs|Pericytes|Pam|Fap,NA,NA,0.40577176
Astrocytes|OPCs|Angpt1|Itgb1,NA,NA,0.4057253
Neurons|Neurons|Apoe|Sorl1,NA,NA,0.40561533
Pericytes|Pericytes|Calr|Itgav,NA,NA,0.40552664
Astrocytes|Astrocytes|Lrig2|Egfr,NA,NA,0.4053456
Pericytes|OPCs|Col4a6|Itga9_Itgb1,NA,NA,0.40533438
Neurons|Astrocytes|Fam3c|Lamp1,NA,NA,0.40528497
Pericytes|Astrocytes|Fgf1|Egfr,NA,NA,0.40523684
Pericytes|Pericytes|Col5a2|Itga1_Itgb1,NA,NA,0.4050992
Oligodendrocytes|Neurons|Sptan1|Ptpra,NA,NA,0.4050455
Oligodendrocytes|OPCs|Sema6a|Plxna2,NA,NA,0.40470374
Microglia|Neurons|Tgfb1|Itgb1,NA,NA,0.4045937
OPCs|Microglia|Vegfb|Nrp1,NA,NA,0.4044461
Microglia|Microglia|Adam17|Erbb4,NA,NA,0.40435416
Astrocytes|Pericytes|Bmp1|Bmpr1a,NA,NA,0.4042646
Astrocytes|Pericytes|Sdc2|Ptprj,NA,NA,0.40408903
Neurons|OPCs|Nrg2|Lrrtm2,NA,NA,0.4039352
OPCs|Neurons|Sema5b|Plxna1,NA,NA,0.40386263
Microglia|OPCs|Sema4d|Plxnb1,NA,NA,0.40380293
Neurons|Pericytes|Adam10|Notch1,NA,NA,0.40346012
Astrocytes|OPCs|Gnai2|Adcy8,NA,NA,0.4032492
OPCs|Pericytes|Timp2|Itgb1,NA,NA,0.40310627
Neurons|Astrocytes|Adam10|Notch1,NA,NA,0.40305677
Astrocytes|Astrocytes|St6gal1|Egfr,NA,NA,0.40290833
Microglia|Oligodendrocytes|App|Tspan15,NA,NA,0.40265405
OPCs|Neurons|Agrn|Itgb1,NA,NA,0.4024949
Neurons|Microglia|Vegfa|Nrp1,NA,NA,0.40228683
Neurons|Astrocytes|Gpc3|Igf1r,NA,NA,0.40222654
Microglia|OPCs|App|Tnfrsf21,NA,NA,0.40214804
Oligodendrocytes|Oligodendrocytes|Rgma|Neo1,NA,NA,0.40204212
Pericytes|Pericytes|Col4a1|Itga1_Itgb1,NA,NA,0.40189385
Oligodendrocytes|Astrocytes|Rgma|Neo1,NA,NA,0.40182966
Neurons|Neurons|Apoo|Il1rapl2,NA,NA,0.4012174
Astrocytes|Astrocytes|Bmp1|Bmpr1a,NA,NA,0.40117443
Oligodendrocytes|Pericytes|Fgf12|Fgfr1,NA,NA,0.4011675
Microglia|Pericytes|Gnai2|Tbxa2r,NA,NA,0.40107375
Neurons|Astrocytes|Spp1|S1pr1,NA,NA,0.400983
OPCs|Pericytes|Bmp1|Bmpr1a,NA,NA,0.40085563
OPCs|Microglia|Tgfa|Erbb4,NA,NA,0.40063667
Pericytes|Oligodendrocytes|Efna5|Ephb1,NA,NA,0.40055716
Neurons|Astrocytes|Gnai2|Adcy8,NA,NA,0.400501
Pericytes|OPCs|Jam2|Itgav_Itgb1,NA,NA,0.40042388
OPCs|Pericytes|Adam17|Itgb1,NA,NA,0.4003622
Pericytes|Astrocytes|Jag1|Notch2,NA,NA,0.40032977
Microglia|Pericytes|Gnai2|S1pr1,NA,NA,0.40029323
Neurons|Pericytes|Ptn|Ptprz1,NA,NA,0.40026268
Microglia|OPCs|Arf1|Insr,NA,NA,0.40013155
Pericytes|Astrocytes|Psap|Gpr37,NA,NA,0.40005773
OPCs|Astrocytes|Lama4|Dag1,NA,NA,0.39993888
Microglia|Neurons|Gnai2|Oprm1,NA,NA,0.39987493
Pericytes|Pericytes|Adam10|Notch1,NA,NA,0.39983258
Pericytes|Astrocytes|Bmp6|Bmpr1a_Bmpr2,NA,NA,0.3996931
Pericytes|Astrocytes|Bmp6|Bmpr1b_Bmpr2,NA,NA,0.3996931
Neurons|Astrocytes|Gpi1|Amfr,NA,NA,0.39961612
Pericytes|Pericytes|Col27a1|Itga1_Itgb1,NA,NA,0.3995644
OPCs|Astrocytes|Agrn|Dag1,NA,NA,0.39951265
Pericytes|Astrocytes|Adam10|Notch1,NA,NA,0.39942923
Microglia|Pericytes|Gnai2|Egfr,NA,NA,0.39940906
Oligodendrocytes|Pericytes|Fgf14|Fgfr1,NA,NA,0.39940232
Neurons|Pericytes|Nampt|Insr,NA,NA,0.39920086
Pericytes|Neurons|Jag1|Cd46,NA,NA,0.3989929
Pericytes|Neurons|Psap|Ar,NA,NA,0.39877033
OPCs|Pericytes|Sema3e|Nrp1,NA,NA,0.398683
Astrocytes|Neurons|B2m|Tfrc,NA,NA,0.39867562
Microglia|Microglia|Lgals3bp|Itgb1,NA,NA,0.3985784
Microglia|Microglia|Rims2|Abca1,NA,NA,0.39857405
Pericytes|OPCs|Col4a6|Cd47,NA,NA,0.39824265
Oligodendrocytes|Astrocytes|Gnai2|S1pr1,NA,NA,0.39817727
Pericytes|Pericytes|Jam3|Itgb1,NA,NA,0.39814246
Neurons|Pericytes|Mif|Egfr,NA,NA,0.39799085
Microglia|OPCs|Jam2|Itgav_Itgb1,NA,NA,0.3977988
OPCs|Astrocytes|Bmp1|Bmpr1a,NA,NA,0.39776546
Pericytes|Astrocytes|Nid1|Ptprf,NA,NA,0.3977554
Neurons|OPCs|Actr2|Ldlr,NA,NA,0.3977437
Oligodendrocytes|OPCs|Megf10|Abca1,NA,NA,0.39768273
Astrocytes|Microglia|Vegfb|Nrp1,NA,NA,0.39741105
Neurons|Neurons|Farp2|Plxna2,NA,NA,0.39725453
OPCs|Pericytes|Nampt|Insr,NA,NA,0.39712235
Neurons|Neurons|Slit2|Plxna1,NA,NA,0.3970179
Neurons|Pericytes|Col19a1|Itga1_Itgb1,NA,NA,0.39668444
Pericytes|OPCs|Spp1|Itgav_Itgb1,NA,NA,0.3966385
Pericytes|OPCs|Spp1|Itga9_Itgb1,NA,NA,0.3966385
Oligodendrocytes|Astrocytes|Fgf12|Fgfr1,NA,NA,0.3965466
Pericytes|OPCs|Col4a6|Itgav_Itgb8,NA,NA,0.39599472
Pericytes|Astrocytes|Nid1|Itgb1,NA,NA,0.39595085
Pericytes|OPCs|Col4a3|Itga9_Itgb1,NA,NA,0.39581212
Pericytes|Astrocytes|Lama4|Itga7_Itgb1,NA,NA,0.39559644
Pericytes|Astrocytes|Rims2|Abca1,NA,NA,0.39553747
Oligodendrocytes|Pericytes|Sparc|Eng,NA,NA,0.3955328
Microglia|Oligodendrocytes|Ncam1|Ptpra,NA,NA,0.39528707
Microglia|OPCs|Adam15|Itgb1,NA,NA,0.39527994
Astrocytes|Neurons|Gnai2|Adcy9,NA,NA,0.3950207
OPCs|Astrocytes|Slitrk3|Ptprs,NA,NA,0.3948867
Oligodendrocytes|Neurons|Fgf12|Fgfr1,NA,NA,0.3948359
Oligodendrocytes|Astrocytes|Fgf14|Fgfr1,NA,NA,0.3947814
Neurons|Astrocytes|Vegfa|Egfr,NA,NA,0.39473802
Microglia|Pericytes|Ncam1|Ptpra,NA,NA,0.39459935
Pericytes|Microglia|Col4a6|Itga9_Itgb1,NA,NA,0.39444786
Neurons|Neurons|Lrpap1|Lrp8,NA,NA,0.3944478
OPCs|OPCs|Fgf13|Scn8a,NA,NA,0.39415398
Pericytes|Neurons|Lrpap1|Sorl1,NA,NA,0.39387578
OPCs|Oligodendrocytes|Lamc1|Itgav_Itgb8,NA,NA,0.39382517
Neurons|Microglia|Sema3c|Nrp1_Plxna4,NA,NA,0.39377743
Astrocytes|Pericytes|Adam10|Notch1,NA,NA,0.39376327
Pericytes|OPCs|Jag1|Notch1,NA,NA,0.3937142
Pericytes|OPCs|Col4a2|Itga9_Itgb1,NA,NA,0.3936835
OPCs|Pericytes|St6gal1|Egfr,NA,NA,0.3935982
Pericytes|Astrocytes|Lamc3|Itgav_Itgb8,NA,NA,0.39358824
OPCs|Neurons|Farp2|Plxna2,NA,NA,0.3934208
OPCs|Microglia|Jag1|Notch2,NA,NA,0.39339945
Astrocytes|Astrocytes|Adam10|Notch1,NA,NA,0.39335993
Neurons|Microglia|Arf1|Insr,NA,NA,0.3932848
Oligodendrocytes|Microglia|Hsp90b1|Tlr7,NA,NA,0.3931889
OPCs|Astrocytes|Slit2|Robo1,NA,NA,0.39316985
Oligodendrocytes|Neurons|Fgf14|Fgfr1,NA,NA,0.39307067
Pericytes|OPCs|Lamc3|Dag1,NA,NA,0.39293188
Pericytes|Pericytes|Col4a4|Itga1_Itgb1,NA,NA,0.39262235
Oligodendrocytes|OPCs|Timp2|Itgb1,NA,NA,0.39243925
Pericytes|Astrocytes|H2-K1|Aplp2,NA,NA,0.39241773
OPCs|Oligodendrocytes|Nlgn2|Nrxn2,NA,NA,0.3924094
Oligodendrocytes|OPCs|Nrxn2|Nlgn2,NA,NA,0.3924094
Neurons|OPCs|Col11a1|Ddr1,NA,NA,0.3922078
Oligodendrocytes|Pericytes|Mif|Egfr,NA,NA,0.3922071
OPCs|OPCs|Vegfa|Nrp2,NA,NA,0.39203417
Neurons|Microglia|Ptn|Ptprs,NA,NA,0.39197928
Neurons|Microglia|Spon1|App,NA,NA,0.39180356
Pericytes|Pericytes|Lamc3|Dag1,NA,NA,0.3917957
OPCs|Microglia|Gnai2|Adcy9,NA,NA,0.3917179
Neurons|Oligodendrocytes|Rgmb|Neo1,NA,NA,0.3916471
Pericytes|Microglia|Ncam1|Ncam2,NA,NA,0.39156502
Neurons|Microglia|Spp1|Itgav_Itgb1,NA,NA,0.39154977
Oligodendrocytes|Microglia|Nrxn2|Nlgn1,NA,NA,0.3915453
Microglia|Oligodendrocytes|Nlgn1|Nrxn2,NA,NA,0.3915453
Neurons|Astrocytes|Rgmb|Neo1,NA,NA,0.3914346
OPCs|Pericytes|Lamc1|Itgav_Itgb8,NA,NA,0.39124346
Microglia|Neurons|Nrxn1|Nlgn2,NA,NA,0.39118668
Neurons|Microglia|Nlgn2|Nrxn1,NA,NA,0.39118668
Pericytes|Pericytes|Hsp90aa1|Egfr,NA,NA,0.39111677
Microglia|OPCs|Gnai2|Cav1,NA,NA,0.3910778
OPCs|Pericytes|Col16a1|Itga1_Itgb1,NA,NA,0.39097458
Oligodendrocytes|Astrocytes|Gnai2|Ednrb,NA,NA,0.39095092
Microglia|Neurons|Tgfb1|Tgfbr3,NA,NA,0.39091435
Astrocytes|Microglia|App|Lrp6,NA,NA,0.3906356
Neurons|Neurons|Lrpap1|Sort1,NA,NA,0.39052287
Pericytes|OPCs|Agrn|Dag1,NA,NA,0.39040446
OPCs|Astrocytes|Agrn|Atp1a3,NA,NA,0.39035112
Microglia|Oligodendrocytes|App|Lrp6,NA,NA,0.3902844
OPCs|Astrocytes|Lamc1|Itga6_Itgb1,NA,NA,0.3900363
Neurons|Astrocytes|Gnai2|Igf1r,NA,NA,0.39001083
OPCs|Neurons|Sirpa|Cd47,NA,NA,0.38985705
Neurons|OPCs|Cd47|Sirpa,NA,NA,0.38985705
Neurons|Astrocytes|Slit1|Robo1,NA,NA,0.38969335
Oligodendrocytes|OPCs|Adam10|Tspan5,NA,NA,0.3896743
Pericytes|OPCs|Cxcl12|Itgb1,NA,NA,0.3896473
Microglia|Astrocytes|App|Tspan12,NA,NA,0.38956398
OPCs|Astrocytes|Fam3c|Lifr,NA,NA,0.38946715
Pericytes|Pericytes|Agrn|Dag1,NA,NA,0.38926828
Pericytes|Microglia|Bmp5|Bmpr1a_Bmpr2,NA,NA,0.38925827
Neurons|Neurons|Timp2|Itgb1,NA,NA,0.38912866
OPCs|OPCs|Adam9|Itgb1,NA,NA,0.3890544
Neurons|Pericytes|Col4a2|Itga1_Itgb1,NA,NA,0.38904306
Astrocytes|Pericytes|Bmp1|Bmpr2,NA,NA,0.3889771
Pericytes|Microglia|Vegfa|Itgb1,NA,NA,0.38890913
Microglia|Pericytes|Tgfb1|Eng,NA,NA,0.38887122
Neurons|Astrocytes|Lgi1|Adam22,NA,NA,0.38876867
Pericytes|OPCs|Col4a3|Cd47,NA,NA,0.3887204
Neurons|Astrocytes|Gnai2|Egfr,NA,NA,0.38869977
Astrocytes|Oligodendrocytes|Gnai2|Igf1r,NA,NA,0.3886266
OPCs|Microglia|Omg|Rtn4rl1,NA,NA,0.38859934
Oligodendrocytes|Pericytes|Adam10|Axl,NA,NA,0.38822392
Microglia|OPCs|App|Tspan12,NA,NA,0.38811606
Oligodendrocytes|OPCs|Arf1|Insr,NA,NA,0.38792372
Astrocytes|Pericytes|Gnai2|Adcy9,NA,NA,0.3878765
OPCs|Astrocytes|Slitrk2|Ptprs,NA,NA,0.38785776
OPCs|Microglia|Il18|Il1rl2,NA,NA,0.38784006
Oligodendrocytes|Pericytes|Cntn1|Notch2,NA,NA,0.38773733
Astrocytes|Astrocytes|Fgf1|Nrp1,NA,NA,0.38756227
Neurons|Microglia|Sst|Grm7,NA,NA,0.3874968
Microglia|Microglia|Adam9|Itgb1,NA,NA,0.38732588
Neurons|Oligodendrocytes|Lgi1|Adam23,NA,NA,0.38715816
OPCs|OPCs|Col5a3|Sdc3,NA,NA,0.3871463
Pericytes|OPCs|Fn1|Itgav_Itgb1,NA,NA,0.38700747
Microglia|Pericytes|Tgfa|Erbb4,NA,NA,0.38688624
OPCs|Pericytes|Lrrc4b|Ptprs,NA,NA,0.38684165
OPCs|OPCs|Col9a3|Itga9_Itgb1,NA,NA,0.38678497
Astrocytes|Astrocytes|Jam2|Itgav_Itgb1,NA,NA,0.38670573
Pericytes|Astrocytes|Fgfr3|Epha4,NA,NA,0.38651967
Pericytes|OPCs|Col4a3|Itgav_Itgb8,NA,NA,0.38647246
Neurons|Microglia|Lrpap1|Sort1,NA,NA,0.38636196
Pericytes|Pericytes|Rgma|Neo1,NA,NA,0.38607115
OPCs|Neurons|Lrpap1|Lrp8,NA,NA,0.38606155
Neurons|Pericytes|Fgf10|Fgfr2,NA,NA,0.38605672
Oligodendrocytes|Pericytes|Rgma|Bmpr2,NA,NA,0.38576806
Pericytes|Microglia|Spp1|Itga9_Itgb1,NA,NA,0.385752
OPCs|Microglia|Gnai2|Igf1r,NA,NA,0.38568485
Pericytes|OPCs|Ybx1|Notch1,NA,NA,0.38565022
Oligodendrocytes|OPCs|Gnai2|Adcy8,NA,NA,0.38558996
OPCs|Pericytes|Bmp1|Bmpr2,NA,NA,0.38556814
Oligodendrocytes|Astrocytes|Lrrc4b|Ptprs,NA,NA,0.38551408
Astrocytes|Pericytes|App|Tnfrsf21,NA,NA,0.3855093
OPCs|Microglia|Slit2|App,NA,NA,0.38544753
Pericytes|Oligodendrocytes|Calr|Itgav,NA,NA,0.38507676
Pericytes|Microglia|Col4a3|Itga9_Itgb1,NA,NA,0.3849256
Neurons|Oligodendrocytes|Sptbn2|Ptpra,NA,NA,0.38484234
Neurons|OPCs|Adam10|Tspan5,NA,NA,0.38468748
Microglia|Neurons|Ncam1|Ptpra,NA,NA,0.38460085
Astrocytes|OPCs|Bmp1|Bmpr1a,NA,NA,0.38442633
Microglia|Microglia|Adam15|Itga9,NA,NA,0.38439345
Pericytes|OPCs|Col4a2|Itgav_Itgb8,NA,NA,0.3843438
Astrocytes|Pericytes|Mdk|Sdc3,NA,NA,0.3843434
Neurons|OPCs|Hras|Insr,NA,NA,0.38421503
Neurons|Pericytes|Sptbn2|Ptpra,NA,NA,0.38415462
Oligodendrocytes|Pericytes|Il18|Il1rapl1,NA,NA,0.38391316
Oligodendrocytes|Neurons|Rgma|Neo1,NA,NA,0.3836602
Neurons|Astrocytes|Apoe|Abca1,NA,NA,0.3836071
Astrocytes|OPCs|Agrn|Dag1,NA,NA,0.38351136
OPCs|Microglia|Psen1|Notch2,NA,NA,0.3834368
Microglia|Pericytes|Lgals3bp|Itgb1,NA,NA,0.3834273
Neurons|Pericytes|Adam10|Axl,NA,NA,0.38323712
Astrocytes|Neurons|Lrpap1|Sorl1,NA,NA,0.38288093
Pericytes|Microglia|Col4a2|Itga9_Itgb1,NA,NA,0.38279697
Astrocytes|OPCs|Rtn4|Tnfrsf19,NA,NA,0.3825375
Astrocytes|Pericytes|Agrn|Dag1,NA,NA,0.38237518
Oligodendrocytes|Microglia|Agrn|Itgb1,NA,NA,0.38231194
OPCs|Neurons|Lrpap1|Sort1,NA,NA,0.38213664
Astrocytes|Pericytes|Fgf1|Egfr,NA,NA,0.3821289
OPCs|Astrocytes|Jam2|Itgav_Itgb1,NA,NA,0.38212833
Microglia|Astrocytes|Tgfb1|Itgb5,NA,NA,0.3820369
Neurons|Pericytes|Gpi1|Amfr,NA,NA,0.38173205
OPCs|OPCs|Agrn|Lrp4,NA,NA,0.38164586
Pericytes|Pericytes|Jag1|Notch1,NA,NA,0.3815177
OPCs|Microglia|Adam10|Tspan5,NA,NA,0.38143262
OPCs|OPCs|Megf10|Abca1,NA,NA,0.3813753
Microglia|OPCs|Sema4d|Plxnb3,NA,NA,0.38129354
OPCs|Microglia|Il18|Il1rapl1,NA,NA,0.3812487
Pericytes|Astrocytes|Jag1|Notch1,NA,NA,0.38111436
Pericytes|OPCs|Adam10|Tspan5,NA,NA,0.38105994
OPCs|OPCs|Bmp1|Bmpr1a,NA,NA,0.38101736
Neurons|OPCs|Gpi1|Amfr,NA,NA,0.38088688
Neurons|Astrocytes|St6gal1|Egfr,NA,NA,0.38065046
OPCs|Neurons|Mdk|Sorl1,NA,NA,0.38064605
Astrocytes|Pericytes|Mdk|Itga4_Itgb1,NA,NA,0.38064536
OPCs|Microglia|Lamc1|Dag1,NA,NA,0.3806359
Pericytes|Neurons|Bmp5|Acvr1_Acvr2a,NA,NA,0.38053104
Pericytes|Neurons|Bmp5|Acvr1_Bmpr2,NA,NA,0.38053104
Neurons|OPCs|Agrp|Sdc3,NA,NA,0.38049263
Neurons|Oligodendrocytes|Ntn4|Dcc,NA,NA,0.38035917
Astrocytes|Pericytes|Rtn4|Tnfrsf19,NA,NA,0.37992924
Pericytes|OPCs|Gnai2|Ednrb,NA,NA,0.37992376
Neurons|Neurons|Agrn|Itgb1,NA,NA,0.37985754
Microglia|Microglia|Gnai2|Oprm1,NA,NA,0.37984765
OPCs|Pericytes|Agrn|Atp1a3,NA,NA,0.37977642
Pericytes|OPCs|Rtn4|Lingo1,NA,NA,0.37972528
OPCs|Astrocytes|Rgma|Bmpr2,NA,NA,0.3796718
Pericytes|Neurons|Gnai2|Adcy1,NA,NA,0.37966895
Microglia|Neurons|Alcam|Nrp1,NA,NA,0.37963897
OPCs|Pericytes|Bmp7|Bmpr1a_Bmpr2,NA,NA,0.37963516
Pericytes|Pericytes|Adam10|Axl,NA,NA,0.37960958
Microglia|Neurons|Hspa8|Ldlr,NA,NA,0.37951577
Oligodendrocytes|Pericytes|Cntn1|Ptprz1,NA,NA,0.37951168
OPCs|Astrocytes|Timp3|Ddr1,NA,NA,0.37946746
OPCs|OPCs|Timp2|Itgb1,NA,NA,0.37938592
Microglia|Neurons|Tgfb1|Sdc2,NA,NA,0.37934798
Neurons|OPCs|Apoe|Sdc2,NA,NA,0.37912974
Neurons|Neurons|Arf1|Insr,NA,NA,0.37907407
Pericytes|Astrocytes|Ncam1|Cacna1c,NA,NA,0.3788733
OPCs|Neurons|Col11a1|Ddr1,NA,NA,0.3787111
OPCs|Pericytes|Lamc1|Itga6_Itgb1,NA,NA,0.3784281
Neurons|Oligodendrocytes|Lgi3|Adam22,NA,NA,0.37829417
Pericytes|OPCs|Col4a1|Itga9_Itgb1,NA,NA,0.37817347
Oligodendrocytes|Astrocytes|Cntn1|Notch2,NA,NA,0.37813556
Microglia|Neurons|App|Tspan12,NA,NA,0.3781095
OPCs|Pericytes|Col11a1|Ddr1,NA,NA,0.37810397
OPCs|Microglia|Lrpap1|Sort1,NA,NA,0.37797573
Microglia|Astrocytes|Gnai2|Adora1,NA,NA,0.37787127
OPCs|Astrocytes|Vegfa|Nrp1,NA,NA,0.37777644
Pericytes|OPCs|Fn1|Itgav_Itgb8,NA,NA,0.37766778
Neurons|Neurons|Nrg2|Lrrtm2,NA,NA,0.37758437
Microglia|Pericytes|Pdgfb|S1pr1,NA,NA,0.377465
OPCs|OPCs|Col9a3|Itgav_Itgb8,NA,NA,0.37744528
Oligodendrocytes|Neurons|Gnai2|Adcy9,NA,NA,0.37736148
Neurons|Astrocytes|Cx3cl1|Itgav,NA,NA,0.37730882
Astrocytes|Microglia|App|Grm7,NA,NA,0.37726545
Astrocytes|Pericytes|Hsp90aa1|Egfr,NA,NA,0.37694144
Neurons|Astrocytes|Agrn|Dag1,NA,NA,0.37687528
Microglia|Astrocytes|Timp2|Itgb1,NA,NA,0.37682998
Neurons|Microglia|Adam15|Itgb1,NA,NA,0.37676302
Neurons|Microglia|Lamc1|Itga6_Itgb1,NA,NA,0.37671226
OPCs|OPCs|Adam17|Itgb1,NA,NA,0.3766418
Pericytes|Oligodendrocytes|Lrpap1|Sort1,NA,NA,0.37660962
Astrocytes|Pericytes|Col4a5|Itga1_Itgb1,NA,NA,0.37642807
Astrocytes|Microglia|Hsp90b1|Tlr7,NA,NA,0.37635466
Oligodendrocytes|Pericytes|Cntn1|Nrcam,NA,NA,0.37625524
Neurons|Astrocytes|Sst|Grm7,NA,NA,0.37623376
Pericytes|Microglia|Fn1|Itga9,NA,NA,0.37612095
Microglia|Microglia|Ncam1|Fgfr2,NA,NA,0.37601024
Pericytes|Pericytes|Fgf12|Fgfr1,NA,NA,0.3759181
OPCs|Microglia|Col9a3|Itga9_Itgb1,NA,NA,0.37589845
Neurons|Astrocytes|Gnai2|S1pr1,NA,NA,0.37573397
OPCs|Microglia|Dll3|Notch2,NA,NA,0.37559226
Pericytes|Oligodendrocytes|Col5a2|Ddr1,NA,NA,0.37540102
Neurons|Pericytes|Rgmb|Bmpr2,NA,NA,0.375373
Pericytes|Pericytes|Ntrk3|Ptprs,NA,NA,0.37518904
Microglia|Astrocytes|Hspa8|Ldlr,NA,NA,0.37510064
Astrocytes|OPCs|Adam10|Tspan5,NA,NA,0.37499064
Pericytes|Astrocytes|Col4a5|Itgav_Itgb8,NA,NA,0.37461695
Pericytes|OPCs|Jam3|Itgb1,NA,NA,0.37442207
Oligodendrocytes|Microglia|Omg|Rtn4rl1,NA,NA,0.37433052
Oligodendrocytes|OPCs|Lama2|Itga9_Itgb1,NA,NA,0.37425703
Neurons|Neurons|Sptbn2|Ptpra,NA,NA,0.37415612
OPCs|Pericytes|Nlgn2|Nrxn2,NA,NA,0.37401336
Pericytes|OPCs|Nrxn2|Nlgn2,NA,NA,0.37401336
Pericytes|Oligodendrocytes|Nid1|Ptprf,NA,NA,0.37381917
Pericytes|OPCs|Bmp6|Acvr1_Bmpr2,NA,NA,0.37379423
Pericytes|Pericytes|Vegfa|Itgb1,NA,NA,0.37375802
OPCs|OPCs|Agrn|Atp1a3,NA,NA,0.3736718
Neurons|Pericytes|Ptn|Cdh10,NA,NA,0.37366223
Astrocytes|Pericytes|Adam10|Axl,NA,NA,0.37354028
Neurons|Microglia|Penk|Grm7,NA,NA,0.37352377
Pericytes|Pericytes|Ybx1|Notch1,NA,NA,0.3734537
Oligodendrocytes|Neurons|Cntn1|Ptprz1,NA,NA,0.37328443
Neurons|Neurons|Rgmb|Neo1,NA,NA,0.37326515
Oligodendrocytes|Astrocytes|Rims2|Abca1,NA,NA,0.37317646
Pericytes|Microglia|Nrxn2|Nlgn1,NA,NA,0.37314922
Microglia|Pericytes|Nlgn1|Nrxn2,NA,NA,0.37314922
Pericytes|Astrocytes|Ybx1|Notch1,NA,NA,0.37305036
Pericytes|OPCs|Lamb2|Itga9_Itgb1,NA,NA,0.37289703
Pericytes|Neurons|Lama4|Itga3_Itgb1,NA,NA,0.3728047
OPCs|Pericytes|Vegfa|Egfr,NA,NA,0.37234306
Neurons|Microglia|Vegfa|Itgb1,NA,NA,0.37233895
Pericytes|Neurons|Bmp6|Acvr2a_Bmpr1a,NA,NA,0.37221825
Pericytes|Neurons|Bmp6|Bmpr1a_Bmpr2,NA,NA,0.37221825
Microglia|Pericytes|Adam9|Itgb1,NA,NA,0.3721748
Pericytes|Pericytes|Mif|Ackr3,NA,NA,0.37215826
OPCs|Neurons|Vegfa|Nrp2,NA,NA,0.37215778
OPCs|Astrocytes|Vegfa|Grin2b,NA,NA,0.37215358
OPCs|Pericytes|B2m|Tfrc,NA,NA,0.3720206
Astrocytes|OPCs|Bmp1|Bmpr2,NA,NA,0.37199742
Pericytes|OPCs|Bmp5|Acvr2a_Bmpr1a,NA,NA,0.3719716
Pericytes|OPCs|Bmp5|Acvr1_Acvr2a,NA,NA,0.3719716
OPCs|Pericytes|Hsp90aa1|Egfr,NA,NA,0.371705
Oligodendrocytes|OPCs|Cntn1|Notch1,NA,NA,0.37151998
Pericytes|Astrocytes|Fgf12|Fgfr1,NA,NA,0.37129718
OPCs|Astrocytes|Angpt1|Itgb1,NA,NA,0.3712457
Pericytes|OPCs|Col4a1|Cd47,NA,NA,0.37108177
Neurons|Pericytes|Gas6|Mertk,NA,NA,0.37100178
Oligodendrocytes|Oligodendrocytes|Gnai2|Igf1r,NA,NA,0.3709674
Microglia|Oligodendrocytes|Gnai2|S1pr5,NA,NA,0.37094796
Astrocytes|Pericytes|Mdk|Ncl,NA,NA,0.3707384
Pericytes|Pericytes|Il1rapl1|Ptprs,NA,NA,0.37058073
Oligodendrocytes|Pericytes|Gnai2|Adcy9,NA,NA,0.37021726
Pericytes|OPCs|Pros1|Mertk,NA,NA,0.36978066
Pericytes|Neurons|Fgf12|Fgfr1,NA,NA,0.36958647
Pericytes|Microglia|Arf1|Insr,NA,NA,0.3695525
Neurons|Microglia|Sema4a|Nrp1_Plxna4,NA,NA,0.36948925
OPCs|Pericytes|Gnai2|Ednra,NA,NA,0.36948764
Pericytes|Microglia|Rarres2|Cmklr1,NA,NA,0.36897653
Pericytes|OPCs|Col4a4|Itga9_Itgb1,NA,NA,0.368902
Pericytes|OPCs|Col4a1|Itgav_Itgb8,NA,NA,0.3688338
Oligodendrocytes|OPCs|Rgma|Bmpr2,NA,NA,0.36878836
OPCs|OPCs|Gnai2|Adcy9,NA,NA,0.3687866
OPCs|Pericytes|Slit2|Robo1,NA,NA,0.36866072
OPCs|OPCs|Bmp1|Bmpr2,NA,NA,0.36858845
Neurons|Astrocytes|Gnai2|Ednrb,NA,NA,0.36850756
Pericytes|Neurons|Ntrk3|Ptprf,NA,NA,0.36848843
Pericytes|Pericytes|Il18|Il1rapl1,NA,NA,0.36830956
Microglia|Pericytes|Tgfb1|Tgfbr1_Tgfbr2,NA,NA,0.36827177
Neurons|Pericytes|Ptn|Sdc3,NA,NA,0.36823037
Astrocytes|Oligodendrocytes|App|Vldlr,NA,NA,0.36821014
Neurons|Neurons|Sema6b|Plxna2,NA,NA,0.3681896
Neurons|Microglia|Jam3|Itgb1,NA,NA,0.36814803
Pericytes|Neurons|Cspg4|Itga3_Itgb1,NA,NA,0.36805886
Neurons|Microglia|L1cam|Fgfr2,NA,NA,0.3680188
Microglia|Astrocytes|Adam17|Itgb1,NA,NA,0.36798704
Neurons|Astrocytes|Agrn|Atp1a3,NA,NA,0.36771375
Pericytes|Astrocytes|Gnai2|Adcy9,NA,NA,0.36765003
Pericytes|Microglia|Col4a1|Itga9_Itgb1,NA,NA,0.36728698
Oligodendrocytes|Pericytes|Agrn|Itgb1,NA,NA,0.36716083
Microglia|Astrocytes|Ntrk3|Ptprs,NA,NA,0.36663246
OPCs|Microglia|Fgf13|Fgfr2,NA,NA,0.3664763
Neurons|Microglia|Adam9|Itgb1,NA,NA,0.36641112
Microglia|Pericytes|Alcam|Nrp1,NA,NA,0.36630923
Astrocytes|OPCs|Mdk|Ncl,NA,NA,0.36620414
Astrocytes|Astrocytes|App|Grm7,NA,NA,0.36600244
Astrocytes|Microglia|Omg|Rtn4rl1,NA,NA,0.36592513
Microglia|Pericytes|Tgfb1|Egfr,NA,NA,0.3657563
Oligodendrocytes|Neurons|Agrn|Lrp1,NA,NA,0.3657507
OPCs|Astrocytes|Vegfa|Sirpa,NA,NA,0.36568573
OPCs|Neurons|Vegfa|Sirpa,NA,NA,0.3656539
Neurons|Pericytes|Actr2|Ldlr,NA,NA,0.36564904
Astrocytes|Oligodendrocytes|Lrpap1|Sort1,NA,NA,0.36561483
OPCs|Neurons|Jam3|Itgb1,NA,NA,0.36541662
OPCs|Microglia|Gnai2|Adcy7,NA,NA,0.36538845
OPCs|Neurons|Calr|Itga3,NA,NA,0.36537158
Neurons|OPCs|Col4a2|Itga9_Itgb1,NA,NA,0.36532268
Neurons|Microglia|Jag2|Notch2,NA,NA,0.36528805
Neurons|Pericytes|Slit1|Robo1,NA,NA,0.36518422
Astrocytes|Pericytes|Col1a2|Itga1_Itgb1,NA,NA,0.36518103
Microglia|Astrocytes|Rims2|Abca1,NA,NA,0.3651545
Oligodendrocytes|Astrocytes|Lgi3|Adam22,NA,NA,0.36501536
Oligodendrocytes|OPCs|Lama2|Itgav_Itgb8,NA,NA,0.36491734
Astrocytes|Neurons|App|Tnfrsf21,NA,NA,0.36479306
Astrocytes|OPCs|Fgf1|Tgfbr3,NA,NA,0.36470708
Neurons|Pericytes|Cx3cl1|Itgav,NA,NA,0.3644439
Microglia|Microglia|Il1rapl1|Ptprs,NA,NA,0.36431998
OPCs|OPCs|Sema6a|Plxna4,NA,NA,0.36413124
Microglia|Neurons|App|Vldlr,NA,NA,0.36398178
Pericytes|Neurons|Il1rapl1|Ptprf,NA,NA,0.36388016
Pericytes|Pericytes|Ntn1|Neo1,NA,NA,0.36369193
Pericytes|OPCs|Lamb2|Itgav_Itgb8,NA,NA,0.36355734
Oligodendrocytes|Oligodendrocytes|Lgi3|Adam23,NA,NA,0.3634048
Oligodendrocytes|Microglia|Lama2|Itga9_Itgb1,NA,NA,0.3633705
Neurons|Oligodendrocytes|Lgi2|Adam22,NA,NA,0.36335027
Microglia|Pericytes|Gnai2|Adcy8,NA,NA,0.36317158
Pericytes|Microglia|Col4a5|Cd47,NA,NA,0.36316752
Neurons|OPCs|Gnai2|Adcy8,NA,NA,0.36314666
OPCs|OPCs|Bmp7|Bmpr1a_Bmpr2,NA,NA,0.36265546
Astrocytes|Pericytes|Fgf12|Fgfr1,NA,NA,0.36233664
Oligodendrocytes|Pericytes|St6gal1|Egfr,NA,NA,0.36231968
Astrocytes|Microglia|App|Aplp2,NA,NA,0.36227298
Neurons|Astrocytes|Penk|Grm7,NA,NA,0.3622607
Astrocytes|Pericytes|Megf10|Abca1,NA,NA,0.36214295
Pericytes|Microglia|Lamb2|Itga9_Itgb1,NA,NA,0.3620105
Neurons|Neurons|Gpc3|Lrp1,NA,NA,0.3619552
Pericytes|Astrocytes|Col4a6|Itgav_Itgb8,NA,NA,0.36188865
Pericytes|Oligodendrocytes|Rgma|Bmpr2,NA,NA,0.36187255
Neurons|OPCs|Nampt|Insr,NA,NA,0.3618723
Pericytes|OPCs|Col4a4|Cd47,NA,NA,0.36181027
Neurons|Pericytes|Adam15|Itgb1,NA,NA,0.3616119
OPCs|Neurons|Cthrc1|Fzd3,NA,NA,0.36150062
Pericytes|OPCs|Tfpi|F3,NA,NA,0.3614925
Oligodendrocytes|Astrocytes|Jam3|Itgb1,NA,NA,0.36143053
OPCs|Astrocytes|B2m|Tfrc,NA,NA,0.36130503
Neurons|Oligodendrocytes|Gpc3|Igf1r,NA,NA,0.36073977
OPCs|Oligodendrocytes|Lrrc4b|Ptprs,NA,NA,0.3605175
OPCs|Neurons|Vegfa|Gpc1,NA,NA,0.3605004
Astrocytes|Neurons|Rtn4|Rtn4rl1,NA,NA,0.36029583
Microglia|Neurons|App|Ncstn,NA,NA,0.3602285
Pericytes|Oligodendrocytes|Ncam1|Cacna1c,NA,NA,0.36011034
OPCs|Microglia|Jam3|Itgam_Itgb2,NA,NA,0.3600687
OPCs|Astrocytes|Lamc1|Itga7_Itgb1,NA,NA,0.35994637
Pericytes|Neurons|Lamc3|Dag1,NA,NA,0.3599013
Oligodendrocytes|Microglia|Adam10|Tspan5,NA,NA,0.35990113
Neurons|Pericytes|Adam17|Erbb4,NA,NA,0.35984224
OPCs|Astrocytes|Cd47|Sirpa,NA,NA,0.35980526
Astrocytes|OPCs|Sirpa|Cd47,NA,NA,0.35980526
OPCs|OPCs|Nampt|Insr,NA,NA,0.35979378
Neurons|Pericytes|Lrig2|Egfr,NA,NA,0.35978383
Neurons|OPCs|Sirpa|Cd47,NA,NA,0.35977343
OPCs|Neurons|Cd47|Sirpa,NA,NA,0.35977343
Microglia|OPCs|Lgals3bp|Itgb1,NA,NA,0.35970694
Microglia|Pericytes|Il18|Il1rapl1,NA,NA,0.35968918
OPCs|Oligodendrocytes|Adam10|Tspan15,NA,NA,0.3596583
Pericytes|OPCs|Col4a4|Itgav_Itgb8,NA,NA,0.3595623
Neurons|Astrocytes|Nrg4|Egfr,NA,NA,0.35943118
Oligodendrocytes|Pericytes|Cntn1|Notch1,NA,NA,0.3593235
Neurons|Microglia|Fgf1|Fgfr2,NA,NA,0.359299
Pericytes|Pericytes|Tfpi|F3,NA,NA,0.35903573
Neurons|Astrocytes|Apoe|Lrp6,NA,NA,0.35902086
Neurons|OPCs|Agrn|Lrp4,NA,NA,0.3590085
Oligodendrocytes|Astrocytes|Cntn1|Notch1,NA,NA,0.35892016
Microglia|Neurons|Gnai2|Cnr1,NA,NA,0.35886866
Neurons|Microglia|Fbn1|Itgb1,NA,NA,0.35885417
Neurons|Microglia|Adam17|Itgb1,NA,NA,0.35884222
Microglia|Microglia|Arf1|Insr,NA,NA,0.35872495
Neurons|OPCs|Rgmb|Bmpr2,NA,NA,0.3583933
Neurons|Microglia|Hsp90b1|Tlr4,NA,NA,0.35837564
OPCs|Pericytes|Mif|Egfr,NA,NA,0.35805112
Pericytes|Microglia|Col4a4|Itga9_Itgb1,NA,NA,0.35801548
Astrocytes|Astrocytes|Fgf12|Fgfr1,NA,NA,0.35771573
Neurons|Pericytes|L1cam|Cntn1,NA,NA,0.357687
OPCs|Microglia|Agrn|Atp1a3,NA,NA,0.3576411
Microglia|OPCs|Tgfb1|Cav1,NA,NA,0.35742503
Pericytes|Neurons|Agrn|Dag1,NA,NA,0.35737386
Neurons|Pericytes|Vegfa|Itgb1,NA,NA,0.3571878
OPCs|OPCs|Cthrc1|Fzd3,NA,NA,0.35718486
Pericytes|OPCs|Gnai2|Adora1,NA,NA,0.35714525
Neurons|Pericytes|Agrn|Atp1a3,NA,NA,0.35713905
Astrocytes|OPCs|Gas6|Mertk,NA,NA,0.3570394
Pericytes|Pericytes|Jag1|Cd46,NA,NA,0.35695767
Neurons|Neurons|Apoe|Lrp8,NA,NA,0.3568687
Microglia|Neurons|Gnai2|P2ry12,NA,NA,0.35665423
Astrocytes|Microglia|Gnai2|Adcy9,NA,NA,0.3562072
OPCs|Astrocytes|Lrrc4b|Ptprf,NA,NA,0.35607818
Astrocytes|Neurons|Fgf12|Fgfr1,NA,NA,0.35600498
Neurons|OPCs|Col4a2|Itgav_Itgb8,NA,NA,0.35598302
Pericytes|Microglia|Dcn|Erbb4,NA,NA,0.3558976
Neurons|Neurons|Col4a1|Cd47,NA,NA,0.35589078
Oligodendrocytes|Pericytes|Alcam|Chl1,NA,NA,0.35572058
OPCs|Neurons|Fbn1|Itgb1,NA,NA,0.35563055
OPCs|Microglia|Hsp90b1|Tlr4,NA,NA,0.35541338
Pericytes|Neurons|Arf1|Insr,NA,NA,0.35534173
Pericytes|OPCs|Ncam1|Fgfr1,NA,NA,0.35509175
Microglia|Pericytes|Fgf12|Fgfr1,NA,NA,0.35499007
Neurons|Neurons|Gnai2|Adcy9,NA,NA,0.35491812
Neurons|Microglia|Adam10|Tspan5,NA,NA,0.35491434
Neurons|OPCs|Lrpap1|Ldlr,NA,NA,0.3548032
OPCs|Astrocytes|Vegfa|Itgb1,NA,NA,0.3547655
Neurons|Pericytes|Ptn|Ncl,NA,NA,0.35462537
Neurons|Microglia|Col4a2|Itga9_Itgb1,NA,NA,0.3544362
Oligodendrocytes|Astrocytes|Calr|Itgav,NA,NA,0.35416752
OPCs|OPCs|Mdk|Sdc2,NA,NA,0.35416043
Neurons|Pericytes|Sema6a|Plxna2,NA,NA,0.3538577
OPCs|Microglia|Cntn3|Ptprg,NA,NA,0.3536175
Microglia|Pericytes|St6gal1|Egfr,NA,NA,0.35359713
Microglia|Pericytes|Tln1|Itgb5,NA,NA,0.35348764
Pericytes|Microglia|Bmp5|Acvr2a_Bmpr1a,NA,NA,0.35345364
Pericytes|Microglia|Bmp5|Acvr1_Acvr2a,NA,NA,0.35345364
Neurons|Pericytes|Apoe|Lrp6,NA,NA,0.353087
Neurons|Pericytes|Jam3|Itgb1,NA,NA,0.3529969
Neurons|Microglia|Lrrc4b|Ptprs,NA,NA,0.35292926
Astrocytes|OPCs|Col4a5|Itga9_Itgb1,NA,NA,0.3527077
Neurons|OPCs|Spp1|Itga9_Itgb1,NA,NA,0.3526783
Neurons|OPCs|Spp1|Itgav_Itgb1,NA,NA,0.3526783
Astrocytes|Microglia|Slitrk2|Ptprs,NA,NA,0.3526616
OPCs|Pericytes|Adam10|Epha3,NA,NA,0.35253662
Astrocytes|OPCs|Fgf1|Fgfr1,NA,NA,0.3524769
Pericytes|Neurons|Ncam1|Gfra1,NA,NA,0.35241106
Astrocytes|Astrocytes|Fgf1|Fgfrl1,NA,NA,0.35239846
Pericytes|Astrocytes|Col4a3|Itgav_Itgb8,NA,NA,0.3523664
Pericytes|OPCs|Fn1|Sdc2,NA,NA,0.35218948
Astrocytes|Microglia|S100a1|Trpm3,NA,NA,0.35216165
Pericytes|OPCs|Rtn4|Tnfrsf19,NA,NA,0.3520898
Pericytes|Pericytes|Cxcl12|Ackr3,NA,NA,0.35200924
Microglia|Oligodendrocytes|Tgfb1|Itgb8,NA,NA,0.3519676
Microglia|Astrocytes|Adam15|Itgav,NA,NA,0.35183418
Astrocytes|OPCs|Fstl1|Dip2a,NA,NA,0.3515208
OPCs|Neurons|Fam3c|Lamp1,NA,NA,0.35133162
Pericytes|Microglia|Adam10|Tspan5,NA,NA,0.3512868
Neurons|Pericytes|Adam9|Itgb1,NA,NA,0.35126
Neurons|Microglia|Omg|Rtn4rl1,NA,NA,0.35122442
Neurons|OPCs|Agrn|Atp1a3,NA,NA,0.35103443
Astrocytes|Oligodendrocytes|Lgi4|Adam22,NA,NA,0.3509675
Astrocytes|Neurons|Gpi1|Amfr,NA,NA,0.35083598
Pericytes|Neurons|Agrn|Itgb1,NA,NA,0.35065335
Pericytes|Pericytes|Rgma|Bmpr1b,NA,NA,0.3505989
Astrocytes|Neurons|Agrn|Dag1,NA,NA,0.35048077
Pericytes|Microglia|Col4a6|Cd47,NA,NA,0.3504392
Pericytes|Neurons|Efna5|Ephb1,NA,NA,0.35041994
Microglia|Astrocytes|Fgf12|Fgfr1,NA,NA,0.35036916
OPCs|Pericytes|Col5a3|Itga1_Itgb1,NA,NA,0.3503372
Oligodendrocytes|OPCs|Nrxn2|Nlgn3,NA,NA,0.35032898
OPCs|Oligodendrocytes|Nlgn3|Nrxn2,NA,NA,0.35032898
OPCs|Oligodendrocytes|Lama4|Itgav_Itgb8,NA,NA,0.35029504
Pericytes|Astrocytes|Col4a2|Itgav_Itgb8,NA,NA,0.35023773
Pericytes|Astrocytes|Lamc3|Dag1,NA,NA,0.35019857
Astrocytes|Microglia|Gnai2|Igf1r,NA,NA,0.35017413
Astrocytes|OPCs|Nrxn2|Nlgn2,NA,NA,0.35009494
OPCs|Astrocytes|Nlgn2|Nrxn2,NA,NA,0.35009494
Neurons|OPCs|Ptn|Ncl,NA,NA,0.35009116
Pericytes|Pericytes|Gnai2|Tbxa2r,NA,NA,0.35008472
Pericytes|OPCs|Vegfa|Itgb1,NA,NA,0.35003763
OPCs|OPCs|Vegfa|Ephb2,NA,NA,0.34990245
Astrocytes|Microglia|Mdk|Sorl1,NA,NA,0.3498626
Neurons|Neurons|Apoe|Lrp6,NA,NA,0.34985358
Astrocytes|Neurons|Apoo|Il1rapl2,NA,NA,0.34958816
Pericytes|Pericytes|Rtn4|Tnfrsf19,NA,NA,0.34948152
OPCs|Astrocytes|Adam10|Axl,NA,NA,0.3494411
Astrocytes|OPCs|Fgf1|Fgfrl1,NA,NA,0.3494198
Microglia|Pericytes|Tgfb1|Itgb8,NA,NA,0.34938586
OPCs|OPCs|Ybx1|Notch1,NA,NA,0.34932745
Pericytes|Pericytes|Gnai2|S1pr1,NA,NA,0.3493042
OPCs|Neurons|Adam10|Tspan17,NA,NA,0.3492658
Astrocytes|Microglia|Nrxn2|Nlgn1,NA,NA,0.34923083
Microglia|Astrocytes|Nlgn1|Nrxn2,NA,NA,0.34923083
Pericytes|OPCs|Rims2|Abca1,NA,NA,0.34922597
Astrocytes|Astrocytes|Calr|Itgav,NA,NA,0.34890527
Pericytes|Neurons|Gnai2|Oprm1,NA,NA,0.3488859
Pericytes|Oligodendrocytes|Ntrk3|Ptprs,NA,NA,0.3488649
Microglia|Neurons|Fgf12|Fgfr1,NA,NA,0.34865844
Neurons|Oligodendrocytes|Gnai2|Igf1r,NA,NA,0.34852403
Microglia|OPCs|Adam9|Itgb1,NA,NA,0.34845442
OPCs|Oligodendrocytes|Adam10|Tspan14,NA,NA,0.34844348000000003
Pericytes|Pericytes|Gnai2|Egfr,NA,NA,0.34842002
Microglia|OPCs|Tgfb1|Tgfbr3,NA,NA,0.3483345
Pericytes|Neurons|Sema3c|Nrp1_Plxna2,NA,NA,0.3482667
Pericytes|Neurons|Sema3c|Nrp1_Plxna4,NA,NA,0.3482667
Microglia|Astrocytes|Tgfb1|Itgb1,NA,NA,0.34817874
Astrocytes|Oligodendrocytes|Itgav|Thy1,NA,NA,0.34779823
OPCs|Pericytes|Fstl5|Chl1,NA,NA,0.34778416
Neurons|Pericytes|Gnai2|Adcy9,NA,NA,0.34777397
Neurons|Pericytes|Ptn|Ptprs,NA,NA,0.34776676
OPCs|Pericytes|Lama4|Itgav_Itgb8,NA,NA,0.3477133
Pericytes|Astrocytes|Agrn|Dag1,NA,NA,0.3476711
Oligodendrocytes|Microglia|Fgf1|Fgfr2,NA,NA,0.34764555
OPCs|Neurons|Mdk|Alk,NA,NA,0.34752673
OPCs|Astrocytes|Adam10|Tspan12,NA,NA,0.34656823
Oligodendrocytes|Microglia|Arf1|Insr,NA,NA,0.3465171
OPCs|Astrocytes|Lama4|Itga6_Itgb1,NA,NA,0.34650618
OPCs|OPCs|Lrpap1|Ldlr,NA,NA,0.34641698
Microglia|Neurons|Gnai2|Ptpru,NA,NA,0.3463531
Neurons|Oligodendrocytes|Efnb2|Ephb1,NA,NA,0.3462798
Pericytes|Astrocytes|Cxcl12|Itgav,NA,NA,0.34620154
OPCs|Astrocytes|Agrn|Itgb1,NA,NA,0.34607998
Microglia|Pericytes|Mif|Ackr3,NA,NA,0.34583312
Astrocytes|Neurons|App|Gpc1,NA,NA,0.34573996
Astrocytes|OPCs|Col4a5|Cd47,NA,NA,0.34561598
OPCs|Astrocytes|Adam9|Itgav,NA,NA,0.34560865
Neurons|OPCs|Sema6a|Plxna2,NA,NA,0.34532392
Astrocytes|Microglia|Adam10|Tspan5,NA,NA,0.3452175
Pericytes|Microglia|H2-K1|Aplp2,NA,NA,0.3451736
Pericytes|Neurons|Lrpap1|Lrp8,NA,NA,0.34512913
OPCs|OPCs|Adam10|Tspan12,NA,NA,0.3451203
Astrocytes|Astrocytes|Mdk|Ncl,NA,NA,0.3449543
Pericytes|Pericytes|Col4a2|Itgb5,NA,NA,0.34459293
Microglia|Neurons|Arf1|Insr,NA,NA,0.3445142
Neurons|Microglia|Inha|Acvr1,NA,NA,0.34444892
Oligodendrocytes|OPCs|Efnb3|Ephb2,NA,NA,0.34444344
Pericytes|Astrocytes|Ntrk3|Ptprf,NA,NA,0.34442556
OPCs|Pericytes|Slitrk1|Enpep,NA,NA,0.34431738
Pericytes|Oligodendrocytes|Il1rapl1|Ptprs,NA,NA,0.34425664
Pericytes|Pericytes|Jam2|Itgav_Itgb1,NA,NA,0.3441132
Neurons|Oligodendrocytes|Cx3cl1|Itgav,NA,NA,0.34399402
Pericytes|Microglia|Fgf1|Fgfr2,NA,NA,0.34388202
OPCs|Astrocytes|Fstl5|Sdk2,NA,NA,0.34382242
Astrocytes|Neurons|Agrn|Itgb1,NA,NA,0.34376025
Neurons|Pericytes|Fbn1|Itgb1,NA,NA,0.34370306
Neurons|Pericytes|Adam17|Itgb1,NA,NA,0.3436911
Pericytes|Pericytes|Ntn1|Mcam,NA,NA,0.3436607
Pericytes|Astrocytes|Fn1|Itgav_Itgb8,NA,NA,0.3435617
OPCs|Microglia|Fam3c|Lifr,NA,NA,0.34355953
Oligodendrocytes|Pericytes|Pam|Fap,NA,NA,0.34351724
Oligodendrocytes|OPCs|Agrn|Itgb1,NA,NA,0.34344047
Astrocytes|OPCs|Col4a5|Itgav_Itgb8,NA,NA,0.34336805
OPCs|Astrocytes|Col9a3|Itgav_Itgb8,NA,NA,0.3433392
Pericytes|Neurons|Nid1|Itga3,NA,NA,0.34306917
Astrocytes|Oligodendrocytes|Mdk|Sorl1,NA,NA,0.34303734
Neurons|Microglia|Hras|Insr,NA,NA,0.34280843
Oligodendrocytes|OPCs|Sparc|Fgfr1,NA,NA,0.3427659
Neurons|Neurons|Sema3e|Nrp1,NA,NA,0.34264082
OPCs|Astrocytes|Agrn|Lrp4,NA,NA,0.34263358
Oligodendrocytes|Oligodendrocytes|Agrn|Atp1a3,NA,NA,0.34241262
Astrocytes|Oligodendrocytes|Mdk|Ncl,NA,NA,0.34233373
Microglia|Neurons|Gnai2|Adora1,NA,NA,0.34231138
OPCs|Pericytes|Mdk|Notch2,NA,NA,0.3419999
Astrocytes|Microglia|Col4a5|Itga9_Itgb1,NA,NA,0.3418212
Neurons|Microglia|Spp1|Itga9_Itgb1,NA,NA,0.34179178
Astrocytes|Pericytes|App|Aplp1,NA,NA,0.34179053
Astrocytes|OPCs|App|Vldlr,NA,NA,0.34155965
Microglia|Pericytes|Jam2|Itgav_Itgb1,NA,NA,0.34148812
Astrocytes|OPCs|Col1a2|Itga9_Itgb1,NA,NA,0.34146068
Oligodendrocytes|Pericytes|Calr|Itgav,NA,NA,0.34130257
Pericytes|Neurons|Lrpap1|Sort1,NA,NA,0.34120423
OPCs|Microglia|S100a1|Trpm3,NA,NA,0.34119797
Pericytes|Astrocytes|Spon1|App,NA,NA,0.3410559
Pericytes|Microglia|Col4a3|Cd47,NA,NA,0.34091693
Neurons|Oligodendrocytes|Timp3|Ddr1,NA,NA,0.34090018
Astrocytes|Astrocytes|Agrn|Dag1,NA,NA,0.340778
Pericytes|Astrocytes|Efna5|Epha4,NA,NA,0.34043792
Pericytes|Pericytes|Spp1|Itgav_Itgb5,NA,NA,0.34032783
Pericytes|Pericytes|Spp1|Itgav_Itgb1,NA,NA,0.34032783
Neurons|Pericytes|Slit3|Robo2,NA,NA,0.34013268
Pericytes|OPCs|Gnai2|Cav1,NA,NA,0.34008873
Oligodendrocytes|Microglia|Il18|Il1rl2,NA,NA,0.34003124
OPCs|Pericytes|Adam9|Itgb5,NA,NA,0.33996385
OPCs|Astrocytes|H2-K1|Aplp2,NA,NA,0.33993915
Astrocytes|Astrocytes|Fstl1|Dip2a,NA,NA,0.33988395
OPCs|Microglia|Slitrk1|Ptprs,NA,NA,0.33988148
Astrocytes|Oligodendrocytes|S100a1|Trpm3,NA,NA,0.33982903
Pericytes|Astrocytes|Il1rapl1|Ptprf,NA,NA,0.3398173
Oligodendrocytes|OPCs|Efnb3|Ephb1,NA,NA,0.33973292
Neurons|Microglia|Vegfc|Itgb1,NA,NA,0.33957264
OPCs|OPCs|Timp3|Ddr1,NA,NA,0.33956575
Neurons|Oligodendrocytes|Lrpap1|Vldlr,NA,NA,0.33946377
Pericytes|Microglia|Vegfa|Itga9,NA,NA,0.33915114
Pericytes|Astrocytes|Lgi1|Adam22,NA,NA,0.3391183
Neurons|Pericytes|Cntn2|Cntn1,NA,NA,0.33911663
Neurons|Neurons|Col11a1|Ddr1,NA,NA,0.33897325
Microglia|Pericytes|Adam15|Itgav,NA,NA,0.3389693
OPCs|OPCs|Sema3e|Nrp2,NA,NA,0.33892226
Neurons|Astrocytes|Slitrk3|Ptprs,NA,NA,0.33884683
Oligodendrocytes|Microglia|Gnai2|Adcy9,NA,NA,0.33854795
Pericytes|Astrocytes|Agrn|Atp1a3,NA,NA,0.33850956
Neurons|Pericytes|Col11a1|Ddr1,NA,NA,0.33836615
Astrocytes|Microglia|App|Aplp1,NA,NA,0.33831987
Astrocytes|Microglia|App|Ncstn,NA,NA,0.33823055
Oligodendrocytes|Oligodendrocytes|Adam10|Tspan15,NA,NA,0.3381268
OPCs|Astrocytes|Sema6a|Plxna2,NA,NA,0.33806232
Neurons|Astrocytes|Arf1|Insr,NA,NA,0.33802688
Neurons|OPCs|Adam15|Itgb1,NA,NA,0.33789152
Neurons|OPCs|Lamc1|Itga9_Itgb1,NA,NA,0.3378408
OPCs|Oligodendrocytes|Vegfa|Tyro3,NA,NA,0.33768547
Pericytes|Oligodendrocytes|Lgi1|Adam23,NA,NA,0.33750778
Pericytes|OPCs|Fstl1|Dip2a,NA,NA,0.3373115
Neurons|OPCs|Apoe|Abca1,NA,NA,0.3372956
OPCs|Neurons|Lamc1|Itga3_Itgb1,NA,NA,0.33715463
OPCs|Pericytes|Ybx1|Notch1,NA,NA,0.33713096
Pericytes|Pericytes|Dcn|Egfr,NA,NA,0.33710808
OPCs|Microglia|Lama4|Dag1,NA,NA,0.33710575
Pericytes|Microglia|Lrpap1|Sort1,NA,NA,0.33704334
Neurons|Microglia|Fgf9|Fgfr2,NA,NA,0.33703277
OPCs|Astrocytes|Ybx1|Notch1,NA,NA,0.33672762
Neurons|Neurons|Serpine2|Lrp1,NA,NA,0.33668035
OPCs|Microglia|Agrn|Dag1,NA,NA,0.33667955
Pericytes|Microglia|Bmp6|Bmpr1a_Bmpr2,NA,NA,0.33652693
Astrocytes|Pericytes|Calr|Itgav,NA,NA,0.33604038
Microglia|Pericytes|Tgfb1|Acvr1_Tgfbr1_Tgfbr2,NA,NA,0.3360171
Microglia|Pericytes|Tgfb1|Acvr1_Tgfbr2,NA,NA,0.3360171
Neurons|Microglia|Ptn|Plxnb2,NA,NA,0.335965
Neurons|Oligodendrocytes|Sema5a|Plxnb3,NA,NA,0.33578312
OPCs|Pericytes|Sdc2|Ptprj,NA,NA,0.33566862
OPCs|OPCs|Vegfa|Sirpa,NA,NA,0.33541837
Pericytes|Microglia|Hsp90b1|Tlr4,NA,NA,0.33518293
OPCs|Neurons|Adam10|Tspan12,NA,NA,0.33511376
Neurons|Microglia|Apoe|Lrp5,NA,NA,0.33506054
Pericytes|Pericytes|Bmp5|Bmpr1b_Bmpr2,NA,NA,0.33503407
Neurons|Microglia|Agrn|Atp1a3,NA,NA,0.33500373
Pericytes|Oligodendrocytes|Itgav|Thy1,NA,NA,0.33493328
OPCs|Pericytes|Lama4|Itga6_Itgb1,NA,NA,0.33489797
Oligodendrocytes|Astrocytes|Alcam|Nrp1,NA,NA,0.33488965
Pericytes|Oligodendrocytes|Col4a5|Cd47,NA,NA,0.33478957
Pericytes|Astrocytes|Col4a1|Itgav_Itgb8,NA,NA,0.33472773
Astrocytes|Oligodendrocytes|App|Tspan15,NA,NA,0.33456072
Astrocytes|Astrocytes|H2-K1|Aplp2,NA,NA,0.3344882
Neurons|OPCs|Ybx1|Notch1,NA,NA,0.33444446
Pericytes|Oligodendrocytes|Bmp5|Bmpr1a_Bmpr2,NA,NA,0.33435053
Neurons|Microglia|Penk|Oprm1,NA,NA,0.33427954
Astrocytes|Neurons|Lrpap1|Lrp8,NA,NA,0.33413434
Astrocytes|OPCs|App|Tnfrsf21,NA,NA,0.3340547
Astrocytes|Pericytes|Gnai2|Ednra,NA,NA,0.33397692
OPCs|Astrocytes|Cthrc1|Fzd3,NA,NA,0.33392882
Astrocytes|Neurons|Jam2|Itga3_Itgb1,NA,NA,0.33382404
OPCs|Pericytes|Mdk|Ptprz1,NA,NA,0.33377427
Pericytes|Astrocytes|Bmp5|Acvr1_Bmpr2,NA,NA,0.33370292
Oligodendrocytes|OPCs|Alcam|Chl1,NA,NA,0.33368903
Neurons|OPCs|Vegfa|Itgb1,NA,NA,0.33346745
Oligodendrocytes|Microglia|Il18|Il1rapl1,NA,NA,0.3334399
Neurons|Microglia|Olfm2|Robo2,NA,NA,0.33343947
Pericytes|Pericytes|Cxcl12|Itgav,NA,NA,0.33333665
Astrocytes|Astrocytes|Gpi1|Amfr,NA,NA,0.33328378
Astrocytes|OPCs|Gnai2|Adcy9,NA,NA,0.33327588
Oligodendrocytes|Pericytes|Megf10|Abca1,NA,NA,0.33325446
Neurons|Oligodendrocytes|Adam10|Tspan15,NA,NA,0.33314002
OPCs|OPCs|Gas6|Mertk,NA,NA,0.33302528
OPCs|Pericytes|Adam9|Itgav,NA,NA,0.3327437
Neurons|Astrocytes|Timp2|Itgb1,NA,NA,0.3327137
OPCs|Oligodendrocytes|Lgi1|Adam22,NA,NA,0.3327121
Neurons|Astrocytes|Fam3c|Lifr,NA,NA,0.33257103
Oligodendrocytes|Microglia|Gnai2|Igf1r,NA,NA,0.33251488
Pericytes|Pericytes|Bmp5|Acvr2a_Bmpr1b,NA,NA,0.33241948
Pericytes|Pericytes|Bmp5|Acvr2a_Bmpr1a,NA,NA,0.33241948
Neurons|Pericytes|Col26a1|Itga1_Itgb1,NA,NA,0.33240822
OPCs|Astrocytes|Mdk|Notch2,NA,NA,0.33239812
Oligodendrocytes|Neurons|Arf1|Insr,NA,NA,0.33230636
Astrocytes|Microglia|Tgfb2|Acvr1_Tgfbr2,NA,NA,0.33220962
Astrocytes|Microglia|Tgfb2|Acvr1_Tgfbr1_Tgfbr2,NA,NA,0.33220962
OPCs|Oligodendrocytes|Lrrc4b|Ptprf,NA,NA,0.33214194
OPCs|Neurons|Fstl5|Sdk2,NA,NA,0.3321338
Astrocytes|OPCs|Col1a2|Itgav_Itgb8,NA,NA,0.332121
OPCs|Pericytes|Nlgn3|Nrxn2,NA,NA,0.3319329
Pericytes|OPCs|Nrxn2|Nlgn3,NA,NA,0.3319329
Astrocytes|Microglia|Lin7c|Abca1,NA,NA,0.33186615
Astrocytes|Astrocytes|Agrn|Atp1a3,NA,NA,0.33161646
Astrocytes|Neurons|Sema4a|Nrp1_Plxna4,NA,NA,0.33155814
Astrocytes|Neurons|Sema4a|Nrp1_Plxna2,NA,NA,0.33155814
Astrocytes|Astrocytes|Mdk|Itga6_Itgb1,NA,NA,0.33131173
Microglia|OPCs|Fgf14|Fgfr1,NA,NA,0.33111724
OPCs|Oligodendrocytes|Lrpap1|Vldlr,NA,NA,0.33107752
Pericytes|Microglia|Bgn|Tlr4,NA,NA,0.33106712
Oligodendrocytes|Pericytes|Adam10|Epha3,NA,NA,0.33100513
Oligodendrocytes|Astrocytes|Lama2|Itgav_Itgb8,NA,NA,0.33081126
Pericytes|Pericytes|Fn1|Itgav_Itgb1,NA,NA,0.3306968
Pericytes|Pericytes|Bcan|Nrcam,NA,NA,0.33064392
Microglia|OPCs|Ybx1|Notch1,NA,NA,0.33058655
Astrocytes|Microglia|Col1a2|Itga9_Itgb1,NA,NA,0.33057415
OPCs|Microglia|Bmp7|Acvr1_Bmpr2,NA,NA,0.33050323
Astrocytes|Neurons|Lrpap1|Sort1,NA,NA,0.3302094
Microglia|Pericytes|Psen1|Notch2,NA,NA,0.33016872
Oligodendrocytes|OPCs|Lama2|Dag1,NA,NA,0.3301549
Astrocytes|Astrocytes|Mdk|Sdc3,NA,NA,0.32990858
Astrocytes|Microglia|Gnai2|Adcy7,NA,NA,0.32987773
Pericytes|Neurons|Rtn4|Rtn4rl1,NA,NA,0.3298481
Neurons|Microglia|Lrpap1|Sorl1,NA,NA,0.32980955
Pericytes|OPCs|Agrn|Lrp4,NA,NA,0.3298043
OPCs|OPCs|Sirpa|Cd47,NA,NA,0.3295379
OPCs|OPCs|Cd47|Sirpa,NA,NA,0.3295379
Pericytes|Oligodendrocytes|Adam10|Tspan15,NA,NA,0.32951248
Neurons|Neurons|Fgf1|Nrp1,NA,NA,0.32947433
Pericytes|Astrocytes|Lamb2|Itgav_Itgb8,NA,NA,0.32945126
Neurons|Pericytes|Sema3e|Nrp1,NA,NA,0.329311
Neurons|OPCs|Jam3|Itgb1,NA,NA,0.32927653
Pericytes|Pericytes|Sema3c|Nrp1_Plxna2,NA,NA,0.3292555
OPCs|Neurons|Jam2|Itga3_Itgb1,NA,NA,0.32924664
Astrocytes|Astrocytes|Bmp1|Bmpr2,NA,NA,0.3292275
Oligodendrocytes|Pericytes|Lama2|Dag1,NA,NA,0.3290187
OPCs|Neurons|Vcl|Alk,NA,NA,0.32890332
OPCs|Oligodendrocytes|S100a1|Trpm3,NA,NA,0.32886535
Pericytes|Microglia|Gnai2|Oprm1,NA,NA,0.3288586
Neurons|Astrocytes|Ptn|Ncl,NA,NA,0.3288413
Pericytes|OPCs|Lamb2|Dag1,NA,NA,0.32879493
Neurons|Neurons|Actr2|Ldlr,NA,NA,0.32876486
Neurons|Neurons|Hras|Insr,NA,NA,0.32859766
Neurons|OPCs|Lamc1|Itgav_Itgb8,NA,NA,0.3285011
Pericytes|Pericytes|Agrn|Atp1a3,NA,NA,0.32793486
Oligodendrocytes|Astrocytes|Adam10|Axl,NA,NA,0.32790962
Pericytes|Neurons|Bmp6|Acvr1_Bmpr2,NA,NA,0.32779968
Pericytes|Neurons|Bmp6|Acvr1_Acvr2a,NA,NA,0.32779968
Oligodendrocytes|Neurons|Adam10|Tspan17,NA,NA,0.3277343
Pericytes|Oligodendrocytes|Ntn1|Dscam,NA,NA,0.32769185
Pericytes|Pericytes|Lamb2|Dag1,NA,NA,0.32765874
OPCs|Neurons|Mdk|Ptprz1,NA,NA,0.327547
Neurons|OPCs|Adam9|Itgb1,NA,NA,0.32753965
OPCs|Neurons|Bmp7|Actr2,NA,NA,0.32735726
Neurons|Microglia|Nlgn3|Nrxn1,NA,NA,0.32731816
Microglia|Neurons|Nrxn1|Nlgn3,NA,NA,0.32731816
Neurons|Microglia|Adam15|Itga9,NA,NA,0.32700503
Neurons|Neurons|Vcl|Alk,NA,NA,0.3270029
Microglia|Pericytes|Cntn1|Notch2,NA,NA,0.32698715
Neurons|Microglia|Lamc1|Itga9_Itgb1,NA,NA,0.32695428
Oligodendrocytes|Oligodendrocytes|Adam10|Tspan14,NA,NA,0.326912
Pericytes|Astrocytes|Gnai2|Adora1,NA,NA,0.32688224
Pericytes|Oligodendrocytes|Col1a2|Itgav_Itgb8,NA,NA,0.32688102
Oligodendrocytes|OPCs|Rims2|Abca1,NA,NA,0.32686496
Microglia|Neurons|Gnai2|Adcy7,NA,NA,0.32683983
Pericytes|Astrocytes|Jag1|Cd46,NA,NA,0.32654116
Neurons|Pericytes|Sema7a|Itga1_Itgb1,NA,NA,0.32650676
Neurons|Pericytes|Col4a1|Itga1_Itgb1,NA,NA,0.3263837
Pericytes|Microglia|Rgma|Neo1,NA,NA,0.32637966
Neurons|Oligodendrocytes|Ptn|Ncl,NA,NA,0.32622072
Astrocytes|Microglia|Lrpap1|Sort1,NA,NA,0.3260485
Oligodendrocytes|Astrocytes|Rgma|Bmpr2,NA,NA,0.32601845
Neurons|Pericytes|Adam10|Epha3,NA,NA,0.3260183
Pericytes|Pericytes|Col4a5|Cd47,NA,NA,0.3258615
OPCs|Astrocytes|Bmp1|Bmpr2,NA,NA,0.32581854
OPCs|OPCs|Fstl5|Chl1,NA,NA,0.32575262
Pericytes|Astrocytes|Fstl1|Dip2a,NA,NA,0.32567465
Pericytes|Astrocytes|Col4a4|Itgav_Itgb8,NA,NA,0.32545623
Microglia|Neurons|Tcn2|Cnr1,NA,NA,0.32523134
Oligodendrocytes|Astrocytes|Adam10|Tspan12,NA,NA,0.32503673
Microglia|Pericytes|Ncam1|Ncam2,NA,NA,0.32493043
Astrocytes|Microglia|Lrrc4b|Ptprs,NA,NA,0.3248837
Astrocytes|Pericytes|Sema4b|Dcbld2,NA,NA,0.32470644
OPCs|Astrocytes|Sema3e|Nrp1,NA,NA,0.32466453
Pericytes|Microglia|Il18|Il1rl2,NA,NA,0.32442766
Neurons|Pericytes|Vegfc|Itgb1,NA,NA,0.32442153
Neurons|Astrocytes|Actr2|Ldlr,NA,NA,0.32434976
Neurons|Microglia|Apoe|Lrp6,NA,NA,0.32431012
Pericytes|Pericytes|Col1a2|Itgav_Itgb8,NA,NA,0.32429928
Oligodendrocytes|OPCs|Sema6a|Plxna4,NA,NA,0.32404268
Microglia|Neurons|Timp2|Itga3,NA,NA,0.3239483
Pericytes|Pericytes|Pros1|Mertk,NA,NA,0.3237241
Neurons|Astrocytes|Spon1|App,NA,NA,0.32371023
Oligodendrocytes|OPCs|Adam10|Tspan12,NA,NA,0.32358882
Astrocytes|Oligodendrocytes|Adam10|Tspan15,NA,NA,0.32344317
Neurons|Astrocytes|Agrn|Itgb1,NA,NA,0.3234426
Pericytes|Microglia|Col4a1|Cd47,NA,NA,0.3232783
Microglia|Pericytes|Nrg3|Egfr,NA,NA,0.32324284
Astrocytes|Pericytes|Mif|Egfr,NA,NA,0.32312492
Neurons|Oligodendrocytes|Lrpap1|Sorl1,NA,NA,0.32298428
Neurons|Astrocytes|Adam10|Axl,NA,NA,0.3229228
Astrocytes|OPCs|Agrn|Lrp4,NA,NA,0.3229112
Neurons|Neurons|Adam10|Tspan17,NA,NA,0.3227475
Neurons|Pericytes|Lrpap1|Ldlr,NA,NA,0.32270855
Neurons|Microglia|Vegfa|Itga9,NA,NA,0.32258093
Pericytes|Pericytes|Adam10|Epha3,NA,NA,0.32239076
Neurons|Microglia|Gpc3|Igf1r,NA,NA,0.3222873
Neurons|Pericytes|Ybx1|Notch1,NA,NA,0.32224798
Astrocytes|Oligodendrocytes|App|Lrp6,NA,NA,0.32219106
Pericytes|Oligodendrocytes|Col4a6|Cd47,NA,NA,0.32206127
Neurons|Oligodendrocytes|Adam10|Tspan14,NA,NA,0.3219252
Neurons|Astrocytes|Col4a2|Itgav_Itgb8,NA,NA,0.32187694
Astrocytes|Neurons|Angpt1|Itgb1,NA,NA,0.32187212
Neurons|Astrocytes|Ybx1|Notch1,NA,NA,0.32184464
Pericytes|OPCs|Agrn|Atp1a3,NA,NA,0.32183024
OPCs|Pericytes|Ncan|Sdc3,NA,NA,0.32174623
Astrocytes|Astrocytes|App|Tspan12,NA,NA,0.32147065
Neurons|Oligodendrocytes|Ptn|Ptprs,NA,NA,0.32144263
OPCs|Microglia|Lrpap1|Sorl1,NA,NA,0.3214233
OPCs|Pericytes|Vcl|Itgb5,NA,NA,0.32126448
Astrocytes|Microglia|Mdk|Ncl,NA,NA,0.32120174
Astrocytes|Pericytes|Agrn|Atp1a3,NA,NA,0.32104176
Neurons|Pericytes|Slitrk1|Enpep,NA,NA,0.32093436
Microglia|Pericytes|Ncam1|Ptprz1,NA,NA,0.32089034
Oligodendrocytes|Oligodendrocytes|Calr|Itgav,NA,NA,0.3208527
Microglia|Astrocytes|Psen1|Notch2,NA,NA,0.32056695
Pericytes|Oligodendrocytes|Ntrk3|Ptprf,NA,NA,0.32048935
Neurons|Microglia|Nampt|Insr,NA,NA,0.32046568
Pericytes|Neurons|Vegfa|Nrp1,NA,NA,0.3201287
Microglia|Pericytes|Il1rapl1|Ptprs,NA,NA,0.32010746
Neurons|Astrocytes|Adam10|Tspan12,NA,NA,0.32004994
Astrocytes|OPCs|App|Tspan12,NA,NA,0.32002273
Neurons|Astrocytes|Agrn|Lrp4,NA,NA,0.3199962
Neurons|OPCs|Fbn1|Itgb1,NA,NA,0.31998268
Neurons|OPCs|Adam17|Itgb1,NA,NA,0.31997076
Pericytes|Oligodendrocytes|Gnai2|S1pr5,NA,NA,0.3199589
OPCs|Astrocytes|Bmp7|Bmpr1b_Bmpr2,NA,NA,0.31988555
OPCs|Astrocytes|Bmp7|Bmpr1a_Bmpr2,NA,NA,0.31988555
Astrocytes|Pericytes|Mdk|Itga6_Itgb1,NA,NA,0.31970352
Neurons|Neurons|Cntn2|Nrp1,NA,NA,0.31962383
Neurons|Pericytes|Vcl|Itgb5,NA,NA,0.31936407
Pericytes|Astrocytes|Adam10|Axl,NA,NA,0.31929526
Pericytes|OPCs|Bmp6|Acvr2a_Bmpr1a,NA,NA,0.31924024
Pericytes|OPCs|Bmp6|Acvr1_Acvr2a,NA,NA,0.31924024
Pericytes|Neurons|Adam10|Tspan17,NA,NA,0.31911996
OPCs|Neurons|Sema3e|Nrp2,NA,NA,0.3190459
OPCs|OPCs|Fam3c|Lifr,NA,NA,0.31902862
Microglia|OPCs|Rims2|Abca1,NA,NA,0.318843
Oligodendrocytes|Pericytes|Efnb3|Epha4,NA,NA,0.31883803
Pericytes|Pericytes|Tln1|Itgb5,NA,NA,0.3188089
Microglia|Pericytes|Cntn1|Ptprz1,NA,NA,0.31876153
Neurons|OPCs|Adam10|Tspan12,NA,NA,0.31860203
Microglia|Oligodendrocytes|Adam15|Itgav,NA,NA,0.31851938
Pericytes|Neurons|Trf|Tfrc,NA,NA,0.31849703
Neurons|Microglia|Lin7c|Abca1,NA,NA,0.318462
Microglia|Pericytes|Ybx1|Notch1,NA,NA,0.31839
OPCs|Microglia|Nampt|Insr,NA,NA,0.31838715
Pericytes|Oligodendrocytes|Adam10|Tspan14,NA,NA,0.31829765
Neurons|Astrocytes|Fndc5|Itgav,NA,NA,0.31827345
Neurons|Neurons|Vegfb|Nrp1,NA,NA,0.31805497
Pericytes|Microglia|Dcn|Tlr4,NA,NA,0.31801608
Microglia|Astrocytes|Ybx1|Notch1,NA,NA,0.31798667
Pericytes|Microglia|Il18|Il1rapl1,NA,NA,0.31783628
Oligodendrocytes|Neurons|Fgf1|Nrp1,NA,NA,0.3178209
Astrocytes|OPCs|S100a1|Ryr2,NA,NA,0.3177457
Neurons|Pericytes|Psen1|Notch2,NA,NA,0.317694
Microglia|Astrocytes|Cntn1|Notch2,NA,NA,0.31738538
Microglia|Microglia|Irak4|Tlr7,NA,NA,0.3173561
OPCs|Astrocytes|Slit2|App,NA,NA,0.3173542
Neurons|OPCs|Apoe|Ldlr,NA,NA,0.31722414
OPCs|Pericytes|Megf10|Abca1,NA,NA,0.31694704
OPCs|Neurons|Bmp7|Ptprk,NA,NA,0.31678247
Neurons|Pericytes|Cthrc1|Fzd6,NA,NA,0.31650347
Neurons|Microglia|Slitrk1|Ptprs,NA,NA,0.31649846
Pericytes|Astrocytes|Adam10|Tspan12,NA,NA,0.3164224
OPCs|Astrocytes|Lama4|Itga7_Itgb1,NA,NA,0.31641626
Astrocytes|Pericytes|Adam10|Epha3,NA,NA,0.31632146
Oligodendrocytes|Pericytes|Gnai2|Ednra,NA,NA,0.31631768
Neurons|Pericytes|Col4a2|Itgb5,NA,NA,0.31623214
Microglia|Pericytes|Ncam1|Fgfr1,NA,NA,0.31618917
Neurons|Pericytes|Fgf1|Nrp1,NA,NA,0.3161446
Neurons|Microglia|Gnai2|Adcy9,NA,NA,0.31610465
Pericytes|Oligodendrocytes|Il1rapl1|Ptprf,NA,NA,0.31588104
Microglia|Pericytes|Sorbs1|Itgb5,NA,NA,0.31585497
Oligodendrocytes|Neurons|B2m|Tfrc,NA,NA,0.31583798
Microglia|Microglia|Il18|Il1rl2,NA,NA,0.31580728
Neurons|Astrocytes|Rgmb|Bmpr2,NA,NA,0.31562343
Oligodendrocytes|OPCs|Gnai2|Adcy9,NA,NA,0.31561667
Astrocytes|Oligodendrocytes|Calr|Itgav,NA,NA,0.31559047
Microglia|Pericytes|Cntn1|Nrcam,NA,NA,0.3155051
Neurons|Microglia|Snca|Lag3,NA,NA,0.3154834
Astrocytes|Pericytes|Gpi1|Amfr,NA,NA,0.31539974
Pericytes|Astrocytes|Col5a2|Ddr1,NA,NA,0.31533083
Pericytes|Astrocytes|Jag1|Notch3,NA,NA,0.31524625
Oligodendrocytes|Astrocytes|Sema4d|Plxnb1,NA,NA,0.3150842
Pericytes|OPCs|Adam10|Tspan12,NA,NA,0.3149745
Astrocytes|OPCs|Agrn|Atp1a3,NA,NA,0.31493714
Oligodendrocytes|Pericytes|Nrg3|Egfr,NA,NA,0.3147118
Microglia|Neurons|Ncam1|Ptprz1,NA,NA,0.31466308
Pericytes|Neurons|Vegfb|Nrp1,NA,NA,0.3146573
OPCs|Oligodendrocytes|Lrpap1|Sorl1,NA,NA,0.31459802
Astrocytes|OPCs|Gpi1|Amfr,NA,NA,0.31455457
Oligodendrocytes|Oligodendrocytes|Itgav|Thy1,NA,NA,0.3144834
OPCs|Pericytes|Lrpap1|Ldlr,NA,NA,0.31432232
Pericytes|Astrocytes|Arf1|Insr,NA,NA,0.31429452
Neurons|Oligodendrocytes|Arf1|Insr,NA,NA,0.31416413
Pericytes|Neurons|Fgf1|Nrp1,NA,NA,0.31405735
Neurons|Microglia|Agrn|Dag1,NA,NA,0.31404218
Pericytes|Microglia|Col4a4|Cd47,NA,NA,0.3140068
Microglia|OPCs|Psen1|Notch1,NA,NA,0.31395143
Neurons|Astrocytes|Ptn|Sdc3,NA,NA,0.31379557
Oligodendrocytes|Neurons|Adam10|Tspan12,NA,NA,0.31358224
OPCs|OPCs|Adam17|Notch1,NA,NA,0.313446
Microglia|Neurons|Il1rapl1|Ptprf,NA,NA,0.31340688
Astrocytes|Astrocytes|Adam10|Axl,NA,NA,0.31322595
Pericytes|Pericytes|Col4a6|Cd47,NA,NA,0.31313318
Microglia|Pericytes|Alcam|Chl1,NA,NA,0.31312168
Astrocytes|Neurons|Adam10|Tspan17,NA,NA,0.31305066
Oligodendrocytes|OPCs|Efnb3|Epha4,NA,NA,0.3130284
Neurons|Pericytes|L1cam|Ptprz1,NA,NA,0.31289893
Microglia|Astrocytes|Cklf|Lrp6,NA,NA,0.3128878
Pericytes|Oligodendrocytes|Cxcl12|Itgav,NA,NA,0.31288674
Neurons|OPCs|Lrpap1|Vldlr,NA,NA,0.31281325
Neurons|Pericytes|Bcan|Nrcam,NA,NA,0.3127975
Neurons|Pericytes|Fndc5|Itgb5,NA,NA,0.31262866
Astrocytes|Pericytes|Sema4a|Nrp1_Plxna2,NA,NA,0.31254694
Pericytes|Oligodendrocytes|Col4a3|Cd47,NA,NA,0.312539
Microglia|Neurons|Cntn1|Ptprz1,NA,NA,0.31253427
OPCs|Oligodendrocytes|Adam9|Itgav,NA,NA,0.31229383
Pericytes|Pericytes|Lrig1|Egfr,NA,NA,0.31223786
Astrocytes|Oligodendrocytes|Adam10|Tspan14,NA,NA,0.31222835
Oligodendrocytes|Microglia|Gnai2|Adcy7,NA,NA,0.3122185
Pericytes|Pericytes|Gnai2|Adcy8,NA,NA,0.31218252
Astrocytes|Microglia|Sirpa|Cd47,NA,NA,0.31200176
Microglia|Astrocytes|Cd47|Sirpa,NA,NA,0.31200176
Neurons|Microglia|Sirpa|Cd47,NA,NA,0.31196994
Microglia|Neurons|Cd47|Sirpa,NA,NA,0.31196994
OPCs|OPCs|Gnai2|Ednrb,NA,NA,0.31185567
Neurons|Neurons|F8|Lrp1,NA,NA,0.31183803
Astrocytes|Pericytes|B2m|Tfrc,NA,NA,0.31178972
OPCs|Microglia|Omg|Tnfrsf1b,NA,NA,0.31167835
OPCs|Neurons|Gnai2|Adcy1,NA,NA,0.31160086
Microglia|Astrocytes|Ncam1|Fgfr1,NA,NA,0.31156826
Oligodendrocytes|Oligodendrocytes|Sema4d|Plxnb3,NA,NA,0.3115549
OPCs|Microglia|Snca|Lag3,NA,NA,0.31148547
Microglia|Neurons|Adam15|Itgb1,NA,NA,0.31142676
OPCs|OPCs|Nrg2|Nrp2,NA,NA,0.31118405
Microglia|Astrocytes|Edil3|Itgav,NA,NA,0.3111749
Astrocytes|Pericytes|Gas6|Mertk,NA,NA,0.31098282
Microglia|OPCs|Cntn1|Notch1,NA,NA,0.31076983
Astrocytes|Astrocytes|Adam10|Tspan12,NA,NA,0.3103531
Neurons|Microglia|Gnai2|Igf1r,NA,NA,0.31007156
Astrocytes|Neurons|App|Tspan12,NA,NA,0.31001616
Microglia|Neurons|Ncam1|Fgfr1,NA,NA,0.30985752
Neurons|Astrocytes|Lgi3|Adam22,NA,NA,0.3096304
Pericytes|Pericytes|Jam2|Itga4_Itgb1,NA,NA,0.30948937
OPCs|OPCs|Actr2|Ldlr,NA,NA,0.30941647
Astrocytes|OPCs|Enho|Gpr19,NA,NA,0.30937052
Neurons|Microglia|Fgf10|Fgfr2,NA,NA,0.30929604
Astrocytes|Astrocytes|Col4a5|Itgav_Itgb8,NA,NA,0.30926198
Neurons|OPCs|Apoe|Lrp4,NA,NA,0.30924547
Pericytes|Pericytes|Bmp5|Acvr1_Bmpr2,NA,NA,0.30924398
Pericytes|Pericytes|Bmp5|Acvr1_Acvr2a,NA,NA,0.30924398
Microglia|Microglia|Il18|Il1rapl1,NA,NA,0.3092159
OPCs|Astrocytes|Jam3|Itgb1,NA,NA,0.30900165
Astrocytes|OPCs|Adam10|Tspan12,NA,NA,0.30890518
Pericytes|Astrocytes|Bmp5|Acvr2a_Bmpr1b,NA,NA,0.3087781
Pericytes|Astrocytes|Bmp5|Acvr1_Acvr2a,NA,NA,0.3087781
Pericytes|Astrocytes|Bmp5|Acvr2a_Bmpr1a,NA,NA,0.3087781
Oligodendrocytes|OPCs|Fgf12|Fgfr1,NA,NA,0.3087303
Neurons|Pericytes|Lrrc4b|Ptprs,NA,NA,0.30871674
Neurons|Neurons|Adam10|Tspan12,NA,NA,0.30859545
Oligodendrocytes|Neurons|Timp2|Itgb1,NA,NA,0.30858606
Astrocytes|Pericytes|Slitrk2|Ptprs,NA,NA,0.3084491
Neurons|Neurons|Sema3a|Nrp1_Plxna2,NA,NA,0.3081288
Neurons|Neurons|Sema3a|Nrp1_Plxna4,NA,NA,0.3081288
Neurons|Astrocytes|Psen1|Notch2,NA,NA,0.30809224
Pericytes|Pericytes|Sema6a|Plxna2,NA,NA,0.3080224
Neurons|Oligodendrocytes|Lgi3|Adam23,NA,NA,0.30801988
Astrocytes|OPCs|Nrxn2|Nlgn3,NA,NA,0.3080145
OPCs|Astrocytes|Nlgn3|Nrxn2,NA,NA,0.3080145
OPCs|Microglia|Slitrk3|Ptprs,NA,NA,0.30796152
Neurons|OPCs|Inha|Acvr1,NA,NA,0.3079324
Pericytes|Neurons|Gnai2|Cnr1,NA,NA,0.30787963
Pericytes|Pericytes|Il15ra|Axl,NA,NA,0.307804
Astrocytes|Neurons|Trf|Tfrc,NA,NA,0.30755663
Oligodendrocytes|OPCs|Fgf14|Fgfr1,NA,NA,0.3069651
Microglia|Pericytes|Cklf|Lrp6,NA,NA,0.30695397
Microglia|Oligodendrocytes|Liph|Lpar1,NA,NA,0.306899
Microglia|Pericytes|Jam2|Itga4_Itgb1,NA,NA,0.30686432
Pericytes|Pericytes|Vegfa|Nrp1,NA,NA,0.30679893
OPCs|OPCs|S100a1|Ryr2,NA,NA,0.306782
Neurons|Neurons|L1cam|Ptprz1,NA,NA,0.30667168
OPCs|Pericytes|Fgf13|Fgfr1,NA,NA,0.30665523
Pericytes|Astrocytes|Vegfa|Itgav,NA,NA,0.3065919
Neurons|Oligodendrocytes|L1cam|Cntn1,NA,NA,0.30657408
Neurons|Microglia|Slit3|Robo1,NA,NA,0.30647722
Neurons|Pericytes|Cntn2|Nrp1,NA,NA,0.30629405
Neurons|Neurons|Nampt|Insr,NA,NA,0.30625492
Pericytes|Microglia|Agrn|Atp1a3,NA,NA,0.30579954
Pericytes|Neurons|Cxcl12|Itgb1,NA,NA,0.30579412
OPCs|Neurons|Vegfb|Nrp1,NA,NA,0.30571777
Pericytes|Pericytes|Spp1|Itga4_Itgb1,NA,NA,0.305704
Pericytes|Neurons|Gnai2|P2ry12,NA,NA,0.3056652
Microglia|Pericytes|Edil3|Itgb5,NA,NA,0.30553013
Pericytes|OPCs|Lrpap1|Ldlr,NA,NA,0.3054846
Neurons|Pericytes|Fndc5|Itgav,NA,NA,0.30540854
Neurons|Astrocytes|Slc6a8|Lifr,NA,NA,0.30528143
Neurons|Pericytes|Gas6|Axl,NA,NA,0.305245
OPCs|Neurons|Adam9|Itgb1,NA,NA,0.3052012
Neurons|Microglia|Ptn|Ncl,NA,NA,0.30508873
Microglia|Astrocytes|Adam9|Itgav,NA,NA,0.30500865
Pericytes|Neurons|Adam10|Tspan12,NA,NA,0.3049679
Neurons|Neurons|Apoe|Sdc2,NA,NA,0.30484885
Neurons|Pericytes|Vegfb|Nrp1,NA,NA,0.3047252
Oligodendrocytes|Pericytes|Fgf1|Nrp1,NA,NA,0.30449113
OPCs|OPCs|Lrpap1|Vldlr,NA,NA,0.304427
OPCs|Neurons|Nampt|Insr,NA,NA,0.30417642
Pericytes|Microglia|Ntn1|Neo1,NA,NA,0.30400044
Microglia|Neurons|Cklf|Lrp6,NA,NA,0.30372053
Oligodendrocytes|Pericytes|Adam23|Itga4,NA,NA,0.30368975
Oligodendrocytes|Microglia|Cntn3|Ptprg,NA,NA,0.30365333
Pericytes|Pericytes|Col4a3|Cd47,NA,NA,0.30361092
Neurons|Neurons|Vegfa|Nrp1,NA,NA,0.30355853
Neurons|Neurons|Fstl1|Dip2a,NA,NA,0.30347538
Microglia|Astrocytes|Arf1|Insr,NA,NA,0.303467
OPCs|Astrocytes|Slitrk1|Enpep,NA,NA,0.3033086
Neurons|Neurons|L1cam|Ephb2,NA,NA,0.30291706
Neurons|OPCs|Col4a1|Itga9_Itgb1,NA,NA,0.30266333
Oligodendrocytes|Microglia|Thy1|Itgam_Itgb2,NA,NA,0.30204287
Microglia|Oligodendrocytes|Itgb2|Thy1,NA,NA,0.30204287
OPCs|Astrocytes|Fgf13|Fgfr1,NA,NA,0.30203432
Neurons|Oligodendrocytes|Apoe|Vldlr,NA,NA,0.30188468
Oligodendrocytes|Neurons|Lgi3|Flot1,NA,NA,0.30187178
Microglia|Pericytes|Psen1|Notch1,NA,NA,0.3017549
Astrocytes|Neurons|Bmp1|Bmpr1a,NA,NA,0.30175266
OPCs|Pericytes|Mdk|Sdc3,NA,NA,0.30174196
Neurons|Astrocytes|L1cam|Cd9,NA,NA,0.30165955
Neurons|OPCs|Psen1|Notch1,NA,NA,0.3014767
Microglia|Astrocytes|Psen1|Notch1,NA,NA,0.30135155
Pericytes|Pericytes|Vegfb|Nrp1,NA,NA,0.30132753
OPCs|Pericytes|Adam17|Notch1,NA,NA,0.30124944
Astrocytes|Astrocytes|B2m|Tfrc,NA,NA,0.30107415
OPCs|Microglia|Slitrk2|Ptprs,NA,NA,0.3009326
Oligodendrocytes|Pericytes|Sorbs1|Itgb5,NA,NA,0.30086225
OPCs|Astrocytes|Adam17|Notch1,NA,NA,0.3008461
Pericytes|Pericytes|Fgf1|Nrp1,NA,NA,0.30072758
Pericytes|Microglia|Bmp6|Acvr1_Acvr2a,NA,NA,0.30072224
Pericytes|Microglia|Bmp6|Acvr2a_Bmpr1a,NA,NA,0.30072224
Neurons|OPCs|Vegfc|Itgb1,NA,NA,0.30070114
Pericytes|Oligodendrocytes|Lamc3|Itgav_Itgb8,NA,NA,0.30055472
OPCs|Neurons|Fgf13|Fgfr1,NA,NA,0.30032358
Pericytes|Neurons|Spon1|Lrp8,NA,NA,0.29994854
Astrocytes|Neurons|Reln|Lrp8,NA,NA,0.2998494
Neurons|Neurons|Penk|Oprl1,NA,NA,0.29960567
OPCs|Astrocytes|Gnai2|Adcy9,NA,NA,0.29958194
Pericytes|OPCs|Sema6a|Plxna2,NA,NA,0.29948863
Neurons|Pericytes|Fgf1|Fgfr1,NA,NA,0.29947793
Microglia|Pericytes|Adam9|Itgb5,NA,NA,0.29936388
Oligodendrocytes|OPCs|Agrn|Dag1,NA,NA,0.29933834
OPCs|Astrocytes|Fbn1|Itgb1,NA,NA,0.29921558
OPCs|Pericytes|Fam3c|Lifr,NA,NA,0.29911065
Pericytes|Neurons|Fgfr3|Epha4,NA,NA,0.29906407
Astrocytes|Microglia|Agrn|Atp1a3,NA,NA,0.29890645
Astrocytes|Neurons|Adam10|Tspan12,NA,NA,0.2988986
Microglia|Pericytes|Hsp90aa1|Egfr,NA,NA,0.2988665
Pericytes|Pericytes|Cxcl12|Itga4,NA,NA,0.2987128
Astrocytes|Neurons|Vegfb|Nrp1,NA,NA,0.29868272
Oligodendrocytes|Microglia|Lrrc4b|Ptprs,NA,NA,0.29858887
Microglia|Pericytes|Cntn1|Notch1,NA,NA,0.29857332
Neurons|Neurons|Calr|Itga3,NA,NA,0.29856044
OPCs|Astrocytes|Fgf13|Scn8a,NA,NA,0.29852796
Astrocytes|Astrocytes|Lin7c|Abca1,NA,NA,0.2984466
OPCs|Neurons|Bmp1|Bmpr1a,NA,NA,0.29834372
Microglia|Pericytes|Edil3|Itgav,NA,NA,0.29830998
Oligodendrocytes|Pericytes|Agrn|Dag1,NA,NA,0.29820216
Microglia|Astrocytes|Cntn1|Notch1,NA,NA,0.29816997
OPCs|Pericytes|Mdk|Itga4_Itgb1,NA,NA,0.29804394
Astrocytes|Astrocytes|Col1a2|Itgav_Itgb8,NA,NA,0.29801494
Oligodendrocytes|Astrocytes|Sema6a|Plxna2,NA,NA,0.29797375
Pericytes|Pericytes|Lamc3|Itgav_Itgb8,NA,NA,0.29797298
Astrocytes|Microglia|Col4a5|Cd47,NA,NA,0.29781252
OPCs|Pericytes|Rgma|Neo1,NA,NA,0.29775366
Oligodendrocytes|Microglia|Omg|Tnfrsf1b,NA,NA,0.29740956
Oligodendrocytes|Neurons|Lama2|Dag1,NA,NA,0.29712433
Pericytes|Astrocytes|Lamc3|Itga6_Itgb1,NA,NA,0.29676586
Neurons|Pericytes|Spp1|Itgav_Itgb5,NA,NA,0.29636762
Neurons|Pericytes|Spp1|Itgav_Itgb1,NA,NA,0.29636762
Microglia|Astrocytes|Tln1|Itgb5,NA,NA,0.2961682
Neurons|Neurons|Efnb2|Ephb1,NA,NA,0.2961426
Pericytes|Pericytes|Fn1|Itga4_Itgb1,NA,NA,0.29607296
Astrocytes|Neurons|App|Vldlr,NA,NA,0.29588845
Pericytes|Neurons|Lamb2|Dag1,NA,NA,0.29576433
OPCs|Pericytes|Slitrk1|Ptprs,NA,NA,0.29566896
Microglia|Pericytes|Ptpn6|Egfr,NA,NA,0.295648
Neurons|OPCs|Col4a1|Cd47,NA,NA,0.29557163
OPCs|Neurons|Timp2|Itgb1,NA,NA,0.29553273
Neurons|Oligodendrocytes|Nlgn2|Nrxn2,NA,NA,0.29550296
Oligodendrocytes|Neurons|Nrxn2|Nlgn2,NA,NA,0.29550296
Pericytes|Neurons|Gnai2|Ptpru,NA,NA,0.29536405
Neurons|Astrocytes|Sema4d|Plxnb1,NA,NA,0.29529876
Neurons|Neurons|Sema3c|Nrp1_Plxna2,NA,NA,0.29504913
Neurons|Neurons|Sema3c|Nrp1_Plxna4,NA,NA,0.29504913
Pericytes|Oligodendrocytes|Col4a1|Cd47,NA,NA,0.29490036
Neurons|Astrocytes|Fgf1|Fgfr1,NA,NA,0.29485703
Neurons|Astrocytes|Lgi2|Adam22,NA,NA,0.2946865
OPCs|Pericytes|Itgb3bp|Itgb5,NA,NA,0.29467642
Astrocytes|OPCs|Lrpap1|Ldlr,NA,NA,0.29448974
Neurons|Astrocytes|Adam15|Itgav,NA,NA,0.29444578
Neurons|Neurons|Fam3c|Lamp1,NA,NA,0.2944355
Neurons|Astrocytes|Lamc1|Itgav_Itgb8,NA,NA,0.29439503
OPCs|Pericytes|Jag1|Notch2,NA,NA,0.2943077
Pericytes|Astrocytes|Agrn|Itgb1,NA,NA,0.29423842
OPCs|OPCs|Bmp7|Acvr1_Bmpr2,NA,NA,0.29398668
Neurons|Pericytes|Gnai2|Ednra,NA,NA,0.29387435
Microglia|Oligodendrocytes|Il1rapl1|Ptprs,NA,NA,0.29378337
Neurons|OPCs|Lamc1|Dag1,NA,NA,0.29373866
Pericytes|Pericytes|Vegfa|Itgav,NA,NA,0.29372698
OPCs|Neurons|Lama4|Itga3_Itgb1,NA,NA,0.2936245
Oligodendrocytes|Microglia|Sema4d|Plxnb2,NA,NA,0.2933424
Neurons|OPCs|Col4a1|Itgav_Itgb8,NA,NA,0.29332367
Microglia|Neurons|Tnfsf13b|Tfrc,NA,NA,0.29331458
Neurons|OPCs|Gnai2|Adcy9,NA,NA,0.2931733
Neurons|Neurons|Fgf1|Fgfr1,NA,NA,0.2931463
Neurons|Oligodendrocytes|Lgi2|Adam23,NA,NA,0.29307598
OPCs|Neurons|Adam17|Itgb1,NA,NA,0.29278862
OPCs|Microglia|H2-K1|Aplp2,NA,NA,0.29269502
Microglia|Neurons|Calr|Itga3,NA,NA,0.29263958
Oligodendrocytes|OPCs|Ybx1|Notch1,NA,NA,0.29262605
Neurons|Pericytes|Lamc1|Dag1,NA,NA,0.29260248
OPCs|Neurons|Bmp7|Bmpr1a_Bmpr2,NA,NA,0.29241073
OPCs|Neurons|Bmp7|Acvr2a_Bmpr1a,NA,NA,0.29241073
OPCs|Pericytes|Vegfb|Nrp1,NA,NA,0.292388
Microglia|Astrocytes|Alcam|Nrp1,NA,NA,0.29229075
Neurons|Microglia|Apoe|Sorl1,NA,NA,0.2922305
Microglia|Pericytes|Adam9|Itgav,NA,NA,0.29214376
Astrocytes|Neurons|App|Ncstn,NA,NA,0.29213518
Neurons|Microglia|Col4a1|Itga9_Itgb1,NA,NA,0.29177684
Neurons|Oligodendrocytes|Sema4d|Plxnb3,NA,NA,0.29176947
Pericytes|Neurons|Gnai2|Adora1,NA,NA,0.29132235
OPCs|Neurons|Nrg2|Nrp2,NA,NA,0.29130763
Oligodendrocytes|Astrocytes|Arf1|Insr,NA,NA,0.29125917
Pericytes|Neurons|Efna5|Epha3,NA,NA,0.2912363
Microglia|OPCs|Alcam|Chl1,NA,NA,0.29109013
Neurons|Pericytes|Cntn2|Nrcam,NA,NA,0.29107216
Pericytes|Astrocytes|Agrn|Lrp4,NA,NA,0.29079202
Neurons|Microglia|Hspa4|Tlr4,NA,NA,0.29064718
Pericytes|Neurons|Jam3|Itgb1,NA,NA,0.2905689
Pericytes|Oligodendrocytes|Arf1|Insr,NA,NA,0.2904318
Neurons|Pericytes|Vegfa|Nrp1,NA,NA,0.29022872
Pericytes|Astrocytes|Spp1|Itgav_Itgb5,NA,NA,0.29022852
Pericytes|Oligodendrocytes|Lrpap1|Vldlr,NA,NA,0.2901451
OPCs|Neurons|Trf|Tfrc,NA,NA,0.2900958
Neurons|Astrocytes|Vegfa|Itgav,NA,NA,0.29002172
Neurons|Microglia|Vegfc|Itga9,NA,NA,0.28981465
Neurons|Microglia|Gnai2|Adcy7,NA,NA,0.28977516
Pericytes|Oligodendrocytes|Tfpi|Vldlr,NA,NA,0.28971356
Microglia|Astrocytes|Il1rapl1|Ptprf,NA,NA,0.289344
Neurons|Pericytes|Psen1|Notch1,NA,NA,0.28928018
Microglia|Microglia|Ncam1|Robo1,NA,NA,0.28927892
Neurons|Pericytes|Sema3a|Nrp1_Plxna2,NA,NA,0.2891176
OPCs|OPCs|Gnai2|Adora1,NA,NA,0.28907716
Astrocytes|Microglia|Omg|Tnfrsf1b,NA,NA,0.28900418
Microglia|Microglia|Icam1|Itgam_Itgb2,NA,NA,0.2889551
Neurons|Astrocytes|Psen1|Notch1,NA,NA,0.28887683
OPCs|Pericytes|Lrig2|Egfr,NA,NA,0.28832006
OPCs|Pericytes|Mdk|Ncl,NA,NA,0.28813696
Neurons|Oligodendrocytes|Cntn2|Cntn1,NA,NA,0.28800374
Neurons|Neurons|Reln|Lrp8,NA,NA,0.2879117
Oligodendrocytes|Pericytes|Fgf1|Fgfr1,NA,NA,0.28782448
Pericytes|Neurons|Efna5|Ephb2,NA,NA,0.28770202
Neurons|Astrocytes|Hras|Insr,NA,NA,0.28755045
Oligodendrocytes|Astrocytes|Lama2|Dag1,NA,NA,0.28742158
Pericytes|Microglia|Lamc3|Dag1,NA,NA,0.28736544
Astrocytes|Astrocytes|Agrn|Itgb1,NA,NA,0.28734532
Pericytes|Astrocytes|Col4a2|Itgb5,NA,NA,0.2872735
Astrocytes|Microglia|H2-K1|Aplp2,NA,NA,0.28724408
OPCs|Microglia|Ccl25|Grm7,NA,NA,0.28717434
Pericytes|OPCs|Jag1|Cd46,NA,NA,0.2871364
Pericytes|Pericytes|Mif|Egfr,NA,NA,0.28710574
Oligodendrocytes|Neurons|Efnb3|Ephb6,NA,NA,0.2870795
OPCs|Pericytes|Gas6|Mertk,NA,NA,0.2869687
Pericytes|OPCs|Actr2|Ldlr,NA,NA,0.28689522
Neurons|Microglia|Fam3c|Lifr,NA,NA,0.2866634
Pericytes|Microglia|Cxcl12|Grm7,NA,NA,0.28663957
Neurons|Pericytes|Itgb3bp|Itgb5,NA,NA,0.2864095
OPCs|Neurons|Timp3|Ddr1,NA,NA,0.28633118
OPCs|Neurons|Omg|Lingo1,NA,NA,0.286191
Neurons|Astrocytes|Efnb2|Epha4,NA,NA,0.2861606
Pericytes|Astrocytes|Lamb2|Dag1,NA,NA,0.28606158
Pericytes|Pericytes|Col4a1|Cd47,NA,NA,0.2859723
Oligodendrocytes|Microglia|Hsp90b1|Tlr4,NA,NA,0.28596222
Neurons|Neurons|Lrpap1|Ldlr,NA,NA,0.28582436
OPCs|Pericytes|Timp3|Ddr1,NA,NA,0.28572407
Pericytes|Oligodendrocytes|Col4a4|Cd47,NA,NA,0.28562889
Neurons|Oligodendrocytes|Apoe|Sorl1,NA,NA,0.2854052
Astrocytes|Pericytes|Vegfb|Nrp1,NA,NA,0.28535295
Neurons|Pericytes|Farp2|Plxna2,NA,NA,0.28533065
Pericytes|Microglia|Jam3|Itgam_Itgb2,NA,NA,0.28522098
Pericytes|Pericytes|Lamc3|Itga6_Itgb1,NA,NA,0.28515765
Neurons|Pericytes|Apoe|Ldlr,NA,NA,0.2851295
Neurons|Astrocytes|Lin7c|Abca1,NA,NA,0.28504246
Neurons|Oligodendrocytes|Fndc5|Itgav,NA,NA,0.28495863
Pericytes|Neurons|Vegfa|Ephb2,NA,NA,0.2848516
Pericytes|Microglia|Agrn|Dag1,NA,NA,0.284838
Pericytes|Pericytes|Rims2|Abca1,NA,NA,0.2847977
OPCs|Astrocytes|Jag1|Notch2,NA,NA,0.28470594
OPCs|Pericytes|Psen1|Notch2,NA,NA,0.2843451
Neurons|Astrocytes|Arf1|Pld2,NA,NA,0.2842207
Neurons|Astrocytes|Adam9|Itgav,NA,NA,0.2840939
Pericytes|Pericytes|Fgf1|Fgfr1,NA,NA,0.28406096
Astrocytes|Astrocytes|Agrn|Lrp4,NA,NA,0.28389892
Astrocytes|Neurons|Mdk|Sdc3,NA,NA,0.28384364
Oligodendrocytes|Astrocytes|Cd47|Sirpa,NA,NA,0.28362387
Astrocytes|Oligodendrocytes|Sirpa|Cd47,NA,NA,0.28362387
OPCs|OPCs|Mdk|Ncl,NA,NA,0.2836027
Oligodendrocytes|Neurons|Cd47|Sirpa,NA,NA,0.28359205
Neurons|Oligodendrocytes|Sirpa|Cd47,NA,NA,0.28359205
Pericytes|OPCs|Fgf12|Fgfr1,NA,NA,0.28348088
OPCs|Neurons|Jag1|Cd46,NA,NA,0.2833691
Oligodendrocytes|Astrocytes|Fgf1|Fgfr1,NA,NA,0.28320357
Neurons|Neurons|B2m|Tfrc,NA,NA,0.28303668
OPCs|Astrocytes|Adam9|Itgb5,NA,NA,0.2826444
Neurons|Neurons|Spon1|Lrp8,NA,NA,0.2826029
Neurons|Oligodendrocytes|Lrrc4b|Ptprs,NA,NA,0.28239262
Oligodendrocytes|OPCs|Lgi3|Stx1a,NA,NA,0.28232634
Astrocytes|Astrocytes|Lgi4|Adam22,NA,NA,0.28230372
Pericytes|Pericytes|Bmp6|Bmpr1b_Bmpr2,NA,NA,0.2823027
Astrocytes|Oligodendrocytes|Slitrk2|Ptprs,NA,NA,0.28212494
OPCs|Pericytes|Gnai2|Tbxa2r,NA,NA,0.28201663
OPCs|OPCs|Entpd1|Adora1,NA,NA,0.28195357
OPCs|Microglia|Sirpa|Cd47,NA,NA,0.2817344
Microglia|OPCs|Cd47|Sirpa,NA,NA,0.2817344
Pericytes|Oligodendrocytes|Bmp6|Bmpr1a_Bmpr2,NA,NA,0.28161913
Pericytes|Oligodendrocytes|Col4a5|Itgav_Itgb8,NA,NA,0.28158343
Neurons|Pericytes|Adam15|Itgav,NA,NA,0.28158087
OPCs|Pericytes|Farp2|Plxna2,NA,NA,0.2814969
Oligodendrocytes|Neurons|Fgf1|Fgfr1,NA,NA,0.28149286
Neurons|Astrocytes|Lrpap1|Ldlr,NA,NA,0.28140926
Astrocytes|OPCs|Ybx1|Notch1,NA,NA,0.2813692
OPCs|Pericytes|Gnai2|S1pr1,NA,NA,0.2812361
Pericytes|Astrocytes|Bmp6|Acvr1_Bmpr2,NA,NA,0.28097156
Neurons|Astrocytes|Timp3|Ddr1,NA,NA,0.28083
OPCs|Neurons|Gnai2|Oprm1,NA,NA,0.2808178
Astrocytes|Oligodendrocytes|Lgi4|Adam23,NA,NA,0.28069317
Astrocytes|Pericytes|Lrrc4b|Ptprs,NA,NA,0.28067118
Pericytes|Microglia|Lrpap1|Sorl1,NA,NA,0.2804909
Oligodendrocytes|Pericytes|Ybx1|Notch1,NA,NA,0.28042954
Pericytes|OPCs|Trf|Ldlr,NA,NA,0.280353
OPCs|Pericytes|Gnai2|Egfr,NA,NA,0.28035194
OPCs|Pericytes|Slit2|Robo2,NA,NA,0.28016576
Oligodendrocytes|Astrocytes|Ybx1|Notch1,NA,NA,0.2800262
Neurons|Astrocytes|Slitrk1|Enpep,NA,NA,0.27992558
OPCs|Neurons|Mdk|Sdc2,NA,NA,0.27987954
Neurons|Neurons|Timp2|Itga3,NA,NA,0.279832
Microglia|Microglia|Ntrk3|Ptprs,NA,NA,0.2797073
Pericytes|Pericytes|Bmp6|Acvr2a_Bmpr1a,NA,NA,0.27968812
Pericytes|Pericytes|Bmp6|Acvr2a_Bmpr1b,NA,NA,0.27968812
Microglia|Oligodendrocytes|Arf1|Insr,NA,NA,0.27960426
Astrocytes|OPCs|Actr2|Ldlr,NA,NA,0.27959648
Pericytes|Astrocytes|Fgf1|Fgfr1,NA,NA,0.27944005
Astrocytes|Oligodendrocytes|Lrpap1|Vldlr,NA,NA,0.2791503
Neurons|Neurons|Trf|Tfrc,NA,NA,0.2790758
Pericytes|Pericytes|Col4a5|Itgav_Itgb8,NA,NA,0.2790017
Oligodendrocytes|OPCs|Actr2|Ldlr,NA,NA,0.27885637
Pericytes|Neurons|Gpi1|Amfr,NA,NA,0.2787695
Neurons|Pericytes|Adam9|Itgb5,NA,NA,0.27844912
Microglia|Microglia|Cklf|Lrp6,NA,NA,0.27817705
OPCs|OPCs|Jag1|Notch1,NA,NA,0.27809042
Neurons|Astrocytes|Lrrc4b|Ptprf,NA,NA,0.27795327
Astrocytes|Microglia|Agrn|Dag1,NA,NA,0.2779449
Microglia|Microglia|Hspa4|Tlr4,NA,NA,0.277933
Pericytes|Neurons|Fn1|Sdc2,NA,NA,0.27790856
Microglia|Oligodendrocytes|Edil3|Itgav,NA,NA,0.2778601
Pericytes|Neurons|Fgf1|Fgfr1,NA,NA,0.2777293
Microglia|Neurons|Gpi1|Amfr,NA,NA,0.27767786
OPCs|Neurons|Mdk|Ncl,NA,NA,0.2775
Oligodendrocytes|Pericytes|Sema4d|Plxnb1,NA,NA,0.27748823
OPCs|Neurons|Lrpap1|Ldlr,NA,NA,0.27743813
Astrocytes|Neurons|Enho|Gpr19,NA,NA,0.27733794
OPCs|Pericytes|Actr2|Ldlr,NA,NA,0.27732182
Neurons|Pericytes|Fgf9|Fgfr1,NA,NA,0.2772117
Neurons|Pericytes|Vegfa|Itgav,NA,NA,0.27715677
Neurons|Pericytes|Nlgn2|Nrxn2,NA,NA,0.27710694
Pericytes|Neurons|Nrxn2|Nlgn2,NA,NA,0.27710694
Oligodendrocytes|Neurons|Gpi1|Amfr,NA,NA,0.27694207
Neurons|OPCs|Farp2|Plxna2,NA,NA,0.27679688
Pericytes|Pericytes|Col4a4|Cd47,NA,NA,0.2767008
Neurons|Pericytes|Slit1|Robo2,NA,NA,0.27668926
OPCs|Pericytes|Dll3|Notch2,NA,NA,0.27650052
Astrocytes|OPCs|Gnai2|Ednrb,NA,NA,0.27634495
Neurons|Microglia|Ccl25|Grm7,NA,NA,0.27614075
Astrocytes|Neurons|Gnai2|Adcy1,NA,NA,0.27609015
Neurons|Pericytes|Sema3c|Nrp1_Plxna2,NA,NA,0.27603793
OPCs|Astrocytes|Ccl25|Grm7,NA,NA,0.2759113
Microglia|Neurons|Lgals3bp|Itgb1,NA,NA,0.27585375
Pericytes|Neurons|Gnai2|Adcy7,NA,NA,0.27585077
Pericytes|OPCs|Col5a2|Ddr1,NA,NA,0.27542913
Pericytes|Astrocytes|Cxcl12|Grm7,NA,NA,0.27537653
Neurons|OPCs|Apoe|Vldlr,NA,NA,0.27523416
Pericytes|OPCs|Sema3c|Nrp2_Plxna2,NA,NA,0.27517617
Pericytes|Pericytes|Spp1|S1pr1,NA,NA,0.2748321
OPCs|Astrocytes|Psen1|Notch2,NA,NA,0.27474332
Astrocytes|Pericytes|Sirpa|Cd47,NA,NA,0.27469578
Pericytes|Astrocytes|Cd47|Sirpa,NA,NA,0.27469578
Pericytes|Neurons|Cd47|Sirpa,NA,NA,0.27466395
Neurons|Pericytes|Sirpa|Cd47,NA,NA,0.27466395
Pericytes|Oligodendrocytes|Sema5a|Plxnb3,NA,NA,0.2744549
Neurons|Microglia|Omg|Tnfrsf1b,NA,NA,0.2743035
Astrocytes|Neurons|Lrrc4b|Ptprf,NA,NA,0.27397057
Pericytes|Oligodendrocytes|Lrpap1|Sorl1,NA,NA,0.27366564
Neurons|Microglia|Sema4d|Plxnb2,NA,NA,0.273557
OPCs|Oligodendrocytes|Rgma|Bmpr2,NA,NA,0.27355504
Pericytes|Pericytes|Lrpap1|Ldlr,NA,NA,0.27338994
Pericytes|Oligodendrocytes|Vegfa|Itgav,NA,NA,0.27327707
OPCs|Astrocytes|Lrpap1|Ldlr,NA,NA,0.27302304
OPCs|OPCs|Farp2|Plxna2,NA,NA,0.27296314
Neurons|OPCs|Lrpap1|Lrp8,NA,NA,0.27295548
Neurons|Pericytes|Apoe|Abca1,NA,NA,0.27286732
OPCs|Microglia|Adam17|Erbb4,NA,NA,0.27274078
Neurons|Astrocytes|Fgf9|Fgfr1,NA,NA,0.2725908
Neurons|Pericytes|Sparc|Fgfr1,NA,NA,0.2725712
Neurons|Pericytes|Slitrk1|Ptprs,NA,NA,0.27228594
Astrocytes|Microglia|S100a1|Tlr4,NA,NA,0.27204877
OPCs|OPCs|Gnai2|Cav1,NA,NA,0.27202067
Oligodendrocytes|Neurons|Omg|Lingo1,NA,NA,0.2719222
Microglia|Oligodendrocytes|Adam9|Itgav,NA,NA,0.27169386
Neurons|Pericytes|Adam9|Itgav,NA,NA,0.27122897
Neurons|Neurons|Fgf9|Fgfr1,NA,NA,0.27088004
Astrocytes|OPCs|Sema4b|Dcbld2,NA,NA,0.27077687
Neurons|Neurons|Sema4a|Nrp1_Plxna4,NA,NA,0.27076092
Neurons|Neurons|Sema4a|Nrp1_Plxna2,NA,NA,0.27076092
Neurons|Astrocytes|Apoe|Lrp4,NA,NA,0.27023318
Pericytes|Neurons|Col1a2|Itga3_Itgb1,NA,NA,0.27021044
Astrocytes|OPCs|Fgf12|Fgfr1,NA,NA,0.26989943
Neurons|OPCs|Sema3e|Nrp2,NA,NA,0.26955026
Astrocytes|Microglia|Lrpap1|Sorl1,NA,NA,0.26949608
Neurons|Pericytes|Ltbp3|Itgb5,NA,NA,0.26945782
Astrocytes|Oligodendrocytes|Col4a5|Cd47,NA,NA,0.2694346
Astrocytes|OPCs|Trf|Ldlr,NA,NA,0.26941258
OPCs|Oligodendrocytes|Slitrk1|Ptprs,NA,NA,0.26934487
OPCs|Pericytes|Fgf13|Fgfr3,NA,NA,0.2692855
Astrocytes|Pericytes|Ybx1|Notch1,NA,NA,0.2691727
Astrocytes|Microglia|Hsp90b1|Tlr4,NA,NA,0.269128
Pericytes|Oligodendrocytes|Col4a6|Itgav_Itgb8,NA,NA,0.26885512
Astrocytes|Astrocytes|Ybx1|Notch1,NA,NA,0.26876935
Pericytes|Neurons|Calr|Itga3,NA,NA,0.2686875
OPCs|Pericytes|Mmp2|Fgfr1,NA,NA,0.26857594
Neurons|Neurons|Vegfa|Ephb2,NA,NA,0.26828143
Astrocytes|Pericytes|Il15ra|Axl,NA,NA,0.26813188
OPCs|OPCs|Psen1|Notch1,NA,NA,0.26812777
Neurons|Astrocytes|Sparc|Fgfr1,NA,NA,0.2679503
Neurons|Neurons|Ptn|Sdc3,NA,NA,0.26773062
Neurons|Pericytes|Tln1|Itgb5,NA,NA,0.2674293
Oligodendrocytes|Oligodendrocytes|Arf1|Insr,NA,NA,0.26739642
OPCs|Astrocytes|Ncan|Sdc3,NA,NA,0.26731145
OPCs|Microglia|Mdk|Sorl1,NA,NA,0.26726118
Neurons|Neurons|Lrpap1|Vldlr,NA,NA,0.26714206
OPCs|Astrocytes|Dll3|Notch2,NA,NA,0.26689875
Astrocytes|OPCs|Nrg2|Nrp2,NA,NA,0.26684278
Pericytes|Astrocytes|Lamc3|Itga7_Itgb1,NA,NA,0.26667595
Pericytes|Pericytes|Bcan|Egfr,NA,NA,0.26641396
Oligodendrocytes|Neurons|Agrn|Dag1,NA,NA,0.26630777
Pericytes|Pericytes|Col4a6|Itgav_Itgb8,NA,NA,0.26627338
Neurons|Neurons|Sparc|Fgfr1,NA,NA,0.26623958
Neurons|Pericytes|Jag2|Notch2,NA,NA,0.2661963
Pericytes|Neurons|Vegfa|Itgb1,NA,NA,0.26618445
Astrocytes|Microglia|Bmp1|Bmpr1a,NA,NA,0.26606134
OPCs|Pericytes|Jag1|Notch1,NA,NA,0.26589388
OPCs|Astrocytes|Jag1|Notch1,NA,NA,0.26549053
Astrocytes|Astrocytes|Angpt1|Itgb1,NA,NA,0.26545718
Microglia|Oligodendrocytes|Il1rapl1|Ptprf,NA,NA,0.26540777
Neurons|Microglia|Slit3|Robo2,NA,NA,0.26528847
Neurons|Astrocytes|Nampt|Insr,NA,NA,0.26520774
Neurons|Astrocytes|Ccl25|Grm7,NA,NA,0.26487768
Neurons|OPCs|Sema6a|Plxna4,NA,NA,0.2646629
Microglia|Neurons|Adam9|Itgb1,NA,NA,0.26460123
OPCs|OPCs|Lrpap1|Lrp8,NA,NA,0.26456925
Astrocytes|Astrocytes|Gnai2|Adcy9,NA,NA,0.26407123
OPCs|Astrocytes|Lgi1|Adam22,NA,NA,0.26404834
OPCs|Astrocytes|Mmp2|Fgfr1,NA,NA,0.26395503
OPCs|Astrocytes|Vcl|Itgb5,NA,NA,0.26394504
OPCs|Pericytes|Slitrk3|Ptprs,NA,NA,0.263749
Astrocytes|Astrocytes|Sema4a|Plxnb1,NA,NA,0.263707
Neurons|Oligodendrocytes|Hras|Insr,NA,NA,0.26368773
Astrocytes|Neurons|Omg|Lingo1,NA,NA,0.2635168
Pericytes|OPCs|Lrpap1|Vldlr,NA,NA,0.2634946
OPCs|Astrocytes|Nampt|Insr,NA,NA,0.2631292
Pericytes|OPCs|Tfpi|Vldlr,NA,NA,0.26306304
Microglia|Microglia|Ang|Plxnb2,NA,NA,0.2628778
Astrocytes|Oligodendrocytes|Lrpap1|Sorl1,NA,NA,0.26267081
OPCs|Microglia|Bmp1|Bmpr1a,NA,NA,0.26265237
Microglia|OPCs|Fgf12|Fgfr1,NA,NA,0.26255286
OPCs|Oligodendrocytes|Lgi1|Adam23,NA,NA,0.26243782
Oligodendrocytes|Pericytes|Rims2|Abca1,NA,NA,0.2624367
Astrocytes|Pericytes|Lrpap1|Ldlr,NA,NA,0.26239508
OPCs|Astrocytes|Mdk|Ncl,NA,NA,0.26235288
OPCs|Pericytes|Rgma|Bmpr1b,NA,NA,0.26228142
OPCs|Neurons|Mmp2|Fgfr1,NA,NA,0.26224428
Neurons|OPCs|Fam3c|Lifr,NA,NA,0.2621325
Neurons|Pericytes|Fgf1|Fgfr3,NA,NA,0.2621082
Neurons|Astrocytes|Vcl|Itgb5,NA,NA,0.26204464
Microglia|Pericytes|Pam|Fap,NA,NA,0.26202175
Neurons|Neurons|Inha|Acvr1,NA,NA,0.26193786
Neurons|Neurons|Fgf1|Tgfbr3,NA,NA,0.26185077
Neurons|Pericytes|Spp1|Itga4_Itgb1,NA,NA,0.26174378
Pericytes|Astrocytes|Tln1|Itgb5,NA,NA,0.26148948
Neurons|Pericytes|Sdc2|Ptprj,NA,NA,0.26138774
Pericytes|Astrocytes|Col4a5|Cd47,NA,NA,0.26126766
Pericytes|Astrocytes|Gpi1|Amfr,NA,NA,0.2612173
Neurons|Oligodendrocytes|Adam15|Itgav,NA,NA,0.261131
OPCs|Microglia|S100a1|Tlr4,NA,NA,0.2610851
OPCs|Microglia|Gnai2|Oprm1,NA,NA,0.26079053
Microglia|Pericytes|Mif|Egfr,NA,NA,0.26078057
Neurons|Neurons|Lamc1|Dag1,NA,NA,0.2607081
Astrocytes|Pericytes|Col4a5|Cd47,NA,NA,0.2605065
Pericytes|Astrocytes|Arf1|Pld2,NA,NA,0.26048833
OPCs|Oligodendrocytes|Mdk|Sorl1,NA,NA,0.2604359
OPCs|OPCs|Dll3|Notch1,NA,NA,0.26028323
OPCs|Microglia|Entpd1|Adora3,NA,NA,0.26025796
Microglia|Microglia|Ncam1|Ncam2,NA,NA,0.26022524
Astrocytes|Oligodendrocytes|Sema4a|Plxnb3,NA,NA,0.2601777
Pericytes|Astrocytes|Jam2|Itgav_Itgb1,NA,NA,0.26015574
Microglia|Astrocytes|Gpi1|Amfr,NA,NA,0.26012567
Neurons|OPCs|Apoe|Lrp5,NA,NA,0.2597457
OPCs|Oligodendrocytes|Mdk|Ncl,NA,NA,0.2597323
Microglia|Pericytes|Ang|Egfr,NA,NA,0.25968906
Oligodendrocytes|Neurons|Agrn|Itgb1,NA,NA,0.2595873
Oligodendrocytes|Astrocytes|Gpi1|Amfr,NA,NA,0.25938988
Neurons|Microglia|Slc6a8|Lifr,NA,NA,0.2593738
Pericytes|Oligodendrocytes|Col4a3|Itgav_Itgb8,NA,NA,0.25933287
Pericytes|Neurons|Ntn1|Unc5a,NA,NA,0.25927794
Neurons|Astrocytes|Col4a1|Itgav_Itgb8,NA,NA,0.2592176
Neurons|Astrocytes|Col4a2|Itgb5,NA,NA,0.2589127
OPCs|Astrocytes|Gnai2|Adora1,NA,NA,0.25881416
OPCs|Neurons|Lrpap1|Vldlr,NA,NA,0.25875583
Oligodendrocytes|OPCs|Gnai2|Ednrb,NA,NA,0.25868574
Microglia|Astrocytes|Sorbs1|Itgb5,NA,NA,0.2585355
Oligodendrocytes|Neurons|Gnai2|Adcy1,NA,NA,0.2584309
Pericytes|Pericytes|Pros1|Axl,NA,NA,0.25796735
Neurons|Pericytes|Sema4d|Plxnb1,NA,NA,0.25770283
Microglia|Astrocytes|Jam2|Itgav_Itgb1,NA,NA,0.25753066
Neurons|OPCs|Sema5a|Plxnb3,NA,NA,0.2572771
Pericytes|Oligodendrocytes|Col4a2|Itgav_Itgb8,NA,NA,0.2572042
Neurons|OPCs|Adam17|Notch1,NA,NA,0.2567749
Pericytes|Pericytes|Col4a3|Itgav_Itgb8,NA,NA,0.25675112
OPCs|Pericytes|Slitrk2|Ptprs,NA,NA,0.25672007
OPCs|Microglia|Bmp7|Bmpr1a_Bmpr2,NA,NA,0.25671938
Neurons|Oligodendrocytes|Vegfa|Itgav,NA,NA,0.2567069
Oligodendrocytes|Astrocytes|Agrn|Dag1,NA,NA,0.25660503
Neurons|Astrocytes|Jag2|Notch2,NA,NA,0.25659454
Pericytes|Pericytes|Bmp6|Acvr1_Bmpr2,NA,NA,0.2565126
Pericytes|Pericytes|Bmp6|Acvr1_Acvr2a,NA,NA,0.2565126
Pericytes|Astrocytes|Spp1|Itgav_Itgb1,NA,NA,0.25637037
Neurons|Pericytes|Sema6b|Plxna2,NA,NA,0.25626573
Pericytes|Astrocytes|Bmp6|Acvr2a_Bmpr1b,NA,NA,0.25604674
Pericytes|Astrocytes|Bmp6|Acvr1_Acvr2a,NA,NA,0.25604674
Pericytes|Astrocytes|Bmp6|Acvr2a_Bmpr1a,NA,NA,0.25604674
OPCs|Pericytes|Psen1|Notch1,NA,NA,0.25593126
Neurons|Oligodendrocytes|Apoe|Lrp6,NA,NA,0.25586557
Oligodendrocytes|Pericytes|Lrig2|Egfr,NA,NA,0.25561586
Oligodendrocytes|OPCs|Sema4d|Plxnb1,NA,NA,0.25555828
OPCs|Astrocytes|Psen1|Notch1,NA,NA,0.2555279
Microglia|Pericytes|Icam1|Egfr,NA,NA,0.25546563
Neurons|Astrocytes|Fndc5|Itgb5,NA,NA,0.25530922
Pericytes|Neurons|Sema3c|Nrp2_Plxna4,NA,NA,0.25529978
Pericytes|Neurons|Sema3c|Nrp2_Plxna2,NA,NA,0.25529978
Neurons|Astrocytes|Sema3e|Nrp1,NA,NA,0.25529253
Microglia|Astrocytes|Adam15|Itgb1,NA,NA,0.2550118
Astrocytes|Pericytes|Pam|Fap,NA,NA,0.25488454
Pericytes|Pericytes|Actr2|Ldlr,NA,NA,0.25480056
Pericytes|Pericytes|Col4a2|Itgav_Itgb8,NA,NA,0.25462246
Microglia|Pericytes|Rims2|Abca1,NA,NA,0.25441474
Oligodendrocytes|Pericytes|Lrrc4b|Ptprs,NA,NA,0.25437635
Astrocytes|Oligodendrocytes|Lrrc4b|Ptprs,NA,NA,0.25434706
Neurons|Neurons|Adam15|Itgb1,NA,NA,0.25403833
Neurons|Oligodendrocytes|Lrrc4b|Ptprf,NA,NA,0.25401706
Astrocytes|OPCs|Gnai2|Adora1,NA,NA,0.25356644
Pericytes|Neurons|Bmp5|Acvr1_Acvr2b,NA,NA,0.25336194
Pericytes|Neurons|Bmp5|Acvr2b_Bmpr1a,NA,NA,0.25336194
OPCs|Oligodendrocytes|Sirpa|Cd47,NA,NA,0.25335652
Oligodendrocytes|OPCs|Cd47|Sirpa,NA,NA,0.25335652
Astrocytes|Neurons|Nrxn2|Nlgn2,NA,NA,0.2531885
Neurons|Astrocytes|Nlgn2|Nrxn2,NA,NA,0.2531885
Pericytes|Neurons|Efna5|Epha4,NA,NA,0.25298232
Astrocytes|OPCs|Lrpap1|Vldlr,NA,NA,0.2524998
Oligodendrocytes|Astrocytes|Timp2|Itgb1,NA,NA,0.2521711
Astrocytes|OPCs|Lin7c|Abca1,NA,NA,0.2521351
OPCs|OPCs|Trf|Ldlr,NA,NA,0.25195178
Neurons|Microglia|Slitrk3|Ptprs,NA,NA,0.25192165
OPCs|Oligodendrocytes|Gnai2|S1pr5,NA,NA,0.25189084
Neurons|Pericytes|Sema4a|Nrp1_Plxna2,NA,NA,0.25174972
OPCs|Astrocytes|Entpd1|Adora1,NA,NA,0.25169057
Neurons|Astrocytes|Lamc1|Dag1,NA,NA,0.25100535
Neurons|Oligodendrocytes|Adam9|Itgav,NA,NA,0.2507791
Pericytes|Oligodendrocytes|Fn1|Itgav_Itgb8,NA,NA,0.2505282
Oligodendrocytes|Pericytes|Fgf1|Fgfr3,NA,NA,0.25045478
OPCs|Oligodendrocytes|Col9a3|Itgav_Itgb8,NA,NA,0.25030568
Oligodendrocytes|Neurons|Fgf1|Tgfbr3,NA,NA,0.25019732
Neurons|OPCs|Jag2|Notch1,NA,NA,0.24997899
Astrocytes|Astrocytes|Lrrc4b|Ptprf,NA,NA,0.2499077
Neurons|Neurons|Sema3e|Nrp2,NA,NA,0.24967389
Microglia|Astrocytes|Arf1|Pld2,NA,NA,0.24966082
Neurons|Neurons|Vegfa|Itgb1,NA,NA,0.24961427
OPCs|OPCs|Omg|Lingo1,NA,NA,0.2495828
Neurons|Pericytes|Fgf10|Fgfr1,NA,NA,0.24947497
OPCs|Microglia|Hspa4|Tlr4,NA,NA,0.24941936
Pericytes|Astrocytes|Cxcl12|Itgb1,NA,NA,0.24937916
Microglia|Pericytes|Lrig2|Egfr,NA,NA,0.24882811
Neurons|Neurons|Omg|Lingo1,NA,NA,0.24881612
OPCs|Astrocytes|Adam9|Itgb1,NA,NA,0.24878624
OPCs|Astrocytes|Mdk|Itga6_Itgb1,NA,NA,0.2487103
Neurons|Pericytes|Bcan|Egfr,NA,NA,0.24856752
Pericytes|Astrocytes|Col4a6|Cd47,NA,NA,0.24853936
Pericytes|Pericytes|Trf|Ldlr,NA,NA,0.24825834
Neurons|Neurons|Apoe|Ldlr,NA,NA,0.2482453
Microglia|Astrocytes|Edil3|Itgb5,NA,NA,0.24821067
OPCs|Pericytes|Dll3|Notch1,NA,NA,0.2480867
OPCs|Neurons|Bmp7|Acvr1_Acvr2a,NA,NA,0.24799214
OPCs|Neurons|Bmp7|Acvr1_Bmpr2,NA,NA,0.24799214
Pericytes|Pericytes|Fn1|Itgav_Itgb8,NA,NA,0.24794646
Neurons|Microglia|Col4a1|Cd47,NA,NA,0.24776815
Neurons|OPCs|Sema6b|Plxna2,NA,NA,0.24773197
OPCs|Pericytes|Col9a3|Itgav_Itgb8,NA,NA,0.24772395
OPCs|Astrocytes|Dll3|Notch1,NA,NA,0.24768336
Oligodendrocytes|Neurons|Lrrc4b|Ptprf,NA,NA,0.24767576
Microglia|Astrocytes|Ncam1|Cacna1c,NA,NA,0.2475335
Astrocytes|Pericytes|Actr2|Ldlr,NA,NA,0.24750182
Pericytes|Astrocytes|Il15ra|Axl,NA,NA,0.24748966
Oligodendrocytes|Astrocytes|Agrn|Atp1a3,NA,NA,0.24744348
OPCs|Astrocytes|Mdk|Sdc3,NA,NA,0.24730715
Microglia|OPCs|Icam1|Cav1,NA,NA,0.24713436
Pericytes|OPCs|Vegfa|Nrp2,NA,NA,0.24703819
Astrocytes|Neurons|Nrg2|Nrp2,NA,NA,0.24696638
Pericytes|Neurons|Jag1|Notch3,NA,NA,0.2468624
Oligodendrocytes|Pericytes|Actr2|Ldlr,NA,NA,0.24676171
Pericytes|Astrocytes|Fn1|Itgav_Itgb1,NA,NA,0.24673933
Pericytes|Pericytes|Fgf1|Fgfr3,NA,NA,0.24669123
OPCs|Microglia|Slit2|Robo1,NA,NA,0.2465103
Astrocytes|Pericytes|Gnai2|Tbxa2r,NA,NA,0.24650593
Neurons|Neurons|Lgi3|Flot1,NA,NA,0.24648681
Pericytes|Neurons|Fgf1|Tgfbr3,NA,NA,0.24643376
Oligodendrocytes|Astrocytes|Gnai2|Adcy9,NA,NA,0.24641201
Neurons|Astrocytes|Spp1|Itgav_Itgb5,NA,NA,0.2462683
Oligodendrocytes|Astrocytes|Rims1|Cacna1c,NA,NA,0.24626827
Neurons|Oligodendrocytes|Slitrk1|Ptprs,NA,NA,0.24596183
Neurons|Microglia|L1cam|Cntn1,NA,NA,0.2458239
Astrocytes|Pericytes|Gnai2|S1pr1,NA,NA,0.2457254
Neurons|Neurons|Inha|Tgfbr3,NA,NA,0.24554802
Neurons|Neurons|Jam3|Itgb1,NA,NA,0.24542335
Neurons|Pericytes|L1cam|Egfr,NA,NA,0.24541253
Astrocytes|Neurons|Gnai2|Oprm1,NA,NA,0.2453071
Astrocytes|Pericytes|Gas6|Axl,NA,NA,0.24522607
Neurons|Astrocytes|Gas6|Axl,NA,NA,0.24493071
Astrocytes|Oligodendrocytes|Reln|Vldlr,NA,NA,0.24486536
Neurons|Astrocytes|Fgf10|Fgfr1,NA,NA,0.24485406
Astrocytes|Pericytes|Gnai2|Egfr,NA,NA,0.24484122
Neurons|Neurons|Sema5a|Plxna1,NA,NA,0.24472427
Neurons|Pericytes|Adam17|Notch1,NA,NA,0.24457839
Pericytes|OPCs|Cd47|Sirpa,NA,NA,0.24442843
OPCs|Pericytes|Sirpa|Cd47,NA,NA,0.24442843
Neurons|Astrocytes|Adam17|Notch1,NA,NA,0.24417505
OPCs|Pericytes|Gnai2|Adcy8,NA,NA,0.24411444
Oligodendrocytes|Pericytes|Rgma|Neo1,NA,NA,0.2441003
Pericytes|Neurons|Lamc3|Itga3_Itgb1,NA,NA,0.24388418
OPCs|Pericytes|Fgf13|Egfr,NA,NA,0.24386999
Neurons|Astrocytes|Apoe|Ldlr,NA,NA,0.2438302
Neurons|Neurons|Adam9|Itgb1,NA,NA,0.24368647
Oligodendrocytes|Astrocytes|Sorbs1|Itgb5,NA,NA,0.2435428
Neurons|Oligodendrocytes|Gas6|Tyro3,NA,NA,0.24351221
Pericytes|Pericytes|Gpi1|Amfr,NA,NA,0.24333322
Neurons|Neurons|Fgf10|Fgfr1,NA,NA,0.24314333
Microglia|Microglia|Tgfa|Erbb4,NA,NA,0.24311371
Neurons|Microglia|Slit1|Robo1,NA,NA,0.2430338
Pericytes|OPCs|Gpi1|Amfr,NA,NA,0.24248807
Microglia|Pericytes|Gpi1|Amfr,NA,NA,0.24224159
Neurons|Pericytes|Fam3c|Lifr,NA,NA,0.24221455
Neurons|Pericytes|Sema4b|Dcbld2,NA,NA,0.24214323
Neurons|Astrocytes|Fgf1|Nrp1,NA,NA,0.24212609
Microglia|Astrocytes|Adam9|Itgb5,NA,NA,0.24204443
Astrocytes|Microglia|Sema4a|Plxnb2,NA,NA,0.24196523
Pericytes|Oligodendrocytes|Col4a1|Itgav_Itgb8,NA,NA,0.24169421
Oligodendrocytes|Pericytes|Gpi1|Amfr,NA,NA,0.24150583
Microglia|OPCs|Gpi1|Amfr,NA,NA,0.24139644
Neurons|Oligodendrocytes|Nampt|Insr,NA,NA,0.24134499
OPCs|Pericytes|Jag1|Cd46,NA,NA,0.24133387
Neurons|OPCs|Trf|Ldlr,NA,NA,0.24093178
Neurons|OPCs|Timp3|Ddr1,NA,NA,0.24092828
Oligodendrocytes|OPCs|Gpi1|Amfr,NA,NA,0.24066067
OPCs|Neurons|Actr2|Ldlr,NA,NA,0.24043764
OPCs|OPCs|Nrg2|Lrrtm2,NA,NA,0.24034849
Neurons|Microglia|Jam3|Itgam_Itgb2,NA,NA,0.24007544
Pericytes|OPCs|Sema3c|Nrp2_Plxna4,NA,NA,0.24006066
Neurons|Pericytes|Fgf9|Fgfr3,NA,NA,0.23984197
OPCs|Neurons|Gnai2|Cnr1,NA,NA,0.23981154
Neurons|Pericytes|Adcyap1|Pth1r,NA,NA,0.23971632
OPCs|OPCs|Bmp7|Acvr2a_Bmpr1a,NA,NA,0.2394327
OPCs|OPCs|Bmp7|Acvr1_Acvr2a,NA,NA,0.2394327
OPCs|Pericytes|Col5a3|Sdc3,NA,NA,0.23938037
Pericytes|Microglia|Hspa4|Tlr4,NA,NA,0.23933777
OPCs|Oligodendrocytes|Nampt|Insr,NA,NA,0.23926648
OPCs|Pericytes|Scel|Eng,NA,NA,0.23926163
OPCs|Astrocytes|Timp2|Itgb1,NA,NA,0.23911777
Pericytes|Pericytes|Col4a1|Itgav_Itgb8,NA,NA,0.23911248
OPCs|OPCs|Bmp7|Actr2,NA,NA,0.23903003
Pericytes|Astrocytes|Col4a3|Cd47,NA,NA,0.2390171
Oligodendrocytes|OPCs|Agrn|Lrp4,NA,NA,0.2387382
Neurons|OPCs|Lin7c|Abca1,NA,NA,0.23873097
Neurons|OPCs|Adcyap1|Adcyap1r1,NA,NA,0.23867866
OPCs|Microglia|Mdk|Ncl,NA,NA,0.23860031
Neurons|Astrocytes|Sema6a|Plxna2,NA,NA,0.23859395
Neurons|Pericytes|Il34|Ptprz1,NA,NA,0.23854531
OPCs|Microglia|Rgma|Neo1,NA,NA,0.23806216
Neurons|Pericytes|Jag2|Notch1,NA,NA,0.23778248
Oligodendrocytes|Oligodendrocytes|Lama2|Itgav_Itgb8,NA,NA,0.23777774
OPCs|Neurons|Gnai2|P2ry12,NA,NA,0.23759711
Oligodendrocytes|Astrocytes|Arf1|Pld2,NA,NA,0.23745297
OPCs|Neurons|Fam3c|Glra2,NA,NA,0.23742825
OPCs|Oligodendrocytes|Slitrk3|Ptprs,NA,NA,0.23742488
Neurons|Astrocytes|Jag2|Notch1,NA,NA,0.23737913
OPCs|Astrocytes|Itgb3bp|Itgb5,NA,NA,0.23735698
Astrocytes|Pericytes|Trf|Ldlr,NA,NA,0.23731793
OPCs|Pericytes|Adam9|Itga6,NA,NA,0.23717803
OPCs|Pericytes|Mdk|Itga6_Itgb1,NA,NA,0.23710209
Neurons|Neurons|Efnb2|Epha3,NA,NA,0.23695897
Oligodendrocytes|Pericytes|Agrn|Atp1a3,NA,NA,0.23686875
Neurons|Pericytes|Fgf1|Egfr,NA,NA,0.23669271
Astrocytes|OPCs|Gnai2|Cav1,NA,NA,0.23650995
Pericytes|Neurons|Lrpap1|Ldlr,NA,NA,0.23650573
Pericytes|Oligodendrocytes|Lamb2|Itgav_Itgb8,NA,NA,0.23641776
OPCs|Astrocytes|Adam17|Itgb1,NA,NA,0.2363737
Neurons|OPCs|Gnai2|Ednrb,NA,NA,0.23624241
Neurons|Neurons|Fbn1|Itgb1,NA,NA,0.23612949
Neurons|Neurons|Adam17|Itgb1,NA,NA,0.23611757
OPCs|Astrocytes|Actr2|Ldlr,NA,NA,0.23602253
Neurons|Neurons|Gnai2|Adcy1,NA,NA,0.23598759
Oligodendrocytes|OPCs|Gnai2|Adora1,NA,NA,0.23590721
Neurons|OPCs|Sema4d|Plxnb1,NA,NA,0.23577288
Microglia|Pericytes|Ntrk3|Ptprs,NA,NA,0.23549478
Microglia|Astrocytes|Psen1|Notch3,NA,NA,0.23548347
Neurons|OPCs|Apoe|Lrp8,NA,NA,0.23537642
Oligodendrocytes|OPCs|Omg|Lingo1,NA,NA,0.23531401
Oligodendrocytes|Pericytes|Lama2|Itgav_Itgb8,NA,NA,0.23519601
Pericytes|Pericytes|Fn1|Itga6,NA,NA,0.23513111
Microglia|Microglia|Psen1|Ncstn,NA,NA,0.23510464
Neurons|OPCs|Sema3a|Nrp2,NA,NA,0.23503828
Neurons|OPCs|Slc6a8|Lifr,NA,NA,0.2348429
Pericytes|Astrocytes|Jam3|Itgb1,NA,NA,0.23415396
Oligodendrocytes|Astrocytes|Lama2|Itga6_Itgb1,NA,NA,0.23398888
Pericytes|Pericytes|Lamb2|Itgav_Itgb8,NA,NA,0.23383602
Neurons|Pericytes|Rgmb|Neo1,NA,NA,0.23370527
Neurons|Pericytes|Adam11|Itga4,NA,NA,0.23356006
Neurons|Neurons|Efnb2|Ephb2,NA,NA,0.2334247
Astrocytes|Neurons|Tgfb2|Tgfbr3,NA,NA,0.2333087
Oligodendrocytes|OPCs|Sema4d|Plxnb3,NA,NA,0.23304889
Neurons|Oligodendrocytes|Reln|Vldlr,NA,NA,0.23292767
Neurons|Pericytes|Sparc|Eng,NA,NA,0.23290092
Pericytes|Astrocytes|Vegfa|Nrp1,NA,NA,0.23278046
Neurons|Pericytes|Agrp|Sdc3,NA,NA,0.23272672
Pericytes|Astrocytes|Lamb2|Itga6_Itgb1,NA,NA,0.23262888
Pericytes|Oligodendrocytes|Col4a4|Itgav_Itgb8,NA,NA,0.23242272
Neurons|Neurons|Il34|Ptprz1,NA,NA,0.23231806
Neurons|Astrocytes|Cntn2|Nrp1,NA,NA,0.23227558
Pericytes|Astrocytes|Lrpap1|Ldlr,NA,NA,0.23209062
Neurons|Oligodendrocytes|Nlgn3|Nrxn2,NA,NA,0.23163444
Oligodendrocytes|Neurons|Nrxn2|Nlgn3,NA,NA,0.23163444
Pericytes|Pericytes|Trf|Tfrc,NA,NA,0.23161116
Astrocytes|Pericytes|Tgfb2|Eng,NA,NA,0.23126557
Astrocytes|Neurons|Sema4b|Dcbld2,NA,NA,0.23124877
Microglia|Neurons|Lgals8|Itga3,NA,NA,0.23087713
Neurons|Pericytes|Spp1|S1pr1,NA,NA,0.23087189
Oligodendrocytes|OPCs|Agrn|Atp1a3,NA,NA,0.23076415
Neurons|Astrocytes|Vegfb|Nrp1,NA,NA,0.23070672
OPCs|Oligodendrocytes|Fam3c|Lifr,NA,NA,0.2305995
Oligodendrocytes|Astrocytes|Fgf1|Nrp1,NA,NA,0.23047265
Neurons|OPCs|Vegfa|Nrp2,NA,NA,0.23046799
OPCs|Oligodendrocytes|Slitrk2|Ptprs,NA,NA,0.23039594
Pericytes|OPCs|Kitl|Lrrn3,NA,NA,0.23018134
Pericytes|Pericytes|Col4a4|Itgav_Itgb8,NA,NA,0.229841
Neurons|Neurons|Apoe|Vldlr,NA,NA,0.229563
OPCs|Pericytes|Bmp7|Eng,NA,NA,0.22955918
Neurons|Pericytes|Wnt5b|Fzd6_Lrp6,NA,NA,0.22909519
Neurons|Astrocytes|Itgb3bp|Itgb5,NA,NA,0.22909005
Oligodendrocytes|Pericytes|B2m|Tfrc,NA,NA,0.22895208
Oligodendrocytes|Pericytes|Gnai2|Tbxa2r,NA,NA,0.2288467
Neurons|Oligodendrocytes|Col4a2|Itgav_Itgb8,NA,NA,0.22884342
Microglia|Neurons|Ntrk3|Ptprf,NA,NA,0.22879417
Microglia|Oligodendrocytes|Ncam1|Cacna1c,NA,NA,0.22877055
Neurons|Pericytes|Tac1|Fap,NA,NA,0.22855838
Pericytes|Pericytes|Fgfr3|Epha4,NA,NA,0.22823325
Oligodendrocytes|Pericytes|Gnai2|S1pr1,NA,NA,0.22806616
Oligodendrocytes|Oligodendrocytes|Lrrc4b|Ptprs,NA,NA,0.22805224
Oligodendrocytes|Neurons|Gnai2|Oprm1,NA,NA,0.22764787
Oligodendrocytes|Oligodendrocytes|Rims1|Cacna1c,NA,NA,0.22750533
Pericytes|Pericytes|Vegfa|Egfr,NA,NA,0.22734708
Pericytes|Astrocytes|Vegfb|Nrp1,NA,NA,0.22730905
OPCs|Neurons|Gnai2|Ptpru,NA,NA,0.227296
Neurons|Microglia|Cntn2|Cntn1,NA,NA,0.22725356
Oligodendrocytes|Pericytes|Gnai2|Egfr,NA,NA,0.22718199
Pericytes|Neurons|Vegfa|Nrp2,NA,NA,0.2271618
Pericytes|Astrocytes|Vegfa|Grin2b,NA,NA,0.2271576
Neurons|OPCs|Lgi3|Stx1a,NA,NA,0.22694138
Astrocytes|OPCs|Omg|Lingo1,NA,NA,0.22690861
Pericytes|Astrocytes|Fgf1|Nrp1,NA,NA,0.2267091
Neurons|Pericytes|Col4a2|Itgav_Itgb8,NA,NA,0.22626168
Astrocytes|Pericytes|Sema4a|Plxnb1,NA,NA,0.22611105
Astrocytes|Oligodendrocytes|Lrrc4b|Ptprf,NA,NA,0.22597148
OPCs|Astrocytes|Sema4d|Plxnb1,NA,NA,0.22577387
Astrocytes|Neurons|Lrpap1|Ldlr,NA,NA,0.22551091
Neurons|Neurons|Apoe|Scarb1,NA,NA,0.22530283
Astrocytes|Microglia|Gnai2|Oprm1,NA,NA,0.22527982
OPCs|Neurons|Gpi1|Amfr,NA,NA,0.22517146
Oligodendrocytes|Pericytes|Fgf1|Egfr,NA,NA,0.22503927
Pericytes|Neurons|Col4a5|Itga3_Itgb1,NA,NA,0.22491288
Pericytes|Pericytes|Lrig2|Egfr,NA,NA,0.22483692
Oligodendrocytes|Microglia|Lama2|Dag1,NA,NA,0.22458845
Neurons|OPCs|Fstl1|Dip2a,NA,NA,0.22438154
Astrocytes|Microglia|Ccl25|Grm7,NA,NA,0.22403404
Neurons|Astrocytes|Gnai2|Adcy9,NA,NA,0.22396868
Microglia|OPCs|Ncam1|Fgfr1,NA,NA,0.22375195
Pericytes|OPCs|Lrpap1|Lrp8,NA,NA,0.22363685
Oligodendrocytes|Astrocytes|Lrrc4b|Ptprf,NA,NA,0.2236129
Astrocytes|Astrocytes|Gnai2|Adora1,NA,NA,0.22330344
OPCs|Neurons|Gnai2|Adora1,NA,NA,0.22325426
Pericytes|Microglia|Lamb2|Dag1,NA,NA,0.22322845
Astrocytes|Oligodendrocytes|Bmp1|Bmpr2,NA,NA,0.22311074
Neurons|Astrocytes|Psen1|Notch3,NA,NA,0.22300875
Neurons|OPCs|L1cam|Ephb2,NA,NA,0.22297193
Neurons|Microglia|Psen1|Ncstn,NA,NA,0.2226299
Pericytes|OPCs|Fgfr3|Epha4,NA,NA,0.22242361
Astrocytes|OPCs|Entpd1|Adora1,NA,NA,0.22239351
Oligodendrocytes|Pericytes|Lama2|Itga6_Itgb1,NA,NA,0.22238067
OPCs|Oligodendrocytes|Sema4d|Plxnb3,NA,NA,0.22224458
Pericytes|Neurons|Col5a2|Ddr1,NA,NA,0.22219455
Neurons|OPCs|Sema3c|Nrp2_Plxna2,NA,NA,0.22195859
Pericytes|Pericytes|Col5a2|Ddr1,NA,NA,0.22158745
Neurons|OPCs|Hras|Cav1,NA,NA,0.22144523
Astrocytes|Pericytes|Lrig2|Egfr,NA,NA,0.22138447
Pericytes|Astrocytes|Col4a1|Cd47,NA,NA,0.22137846
Pericytes|Pericytes|Fgf1|Egfr,NA,NA,0.22127572
OPCs|Neurons|Ncan|Sdc3,NA,NA,0.22124648
OPCs|Pericytes|Gas6|Axl,NA,NA,0.22121197
Neurons|Astrocytes|Adam9|Itgb5,NA,NA,0.22112966
Astrocytes|Astrocytes|Lrpap1|Ldlr,NA,NA,0.2210958
Microglia|Neurons|Ncam1|Gfra1,NA,NA,0.22107127
Pericytes|Pericytes|Lamb2|Itga6_Itgb1,NA,NA,0.22102067
OPCs|Microglia|Bmp7|Acvr1_Acvr2a,NA,NA,0.22091472
OPCs|Microglia|Bmp7|Acvr2a_Bmpr1a,NA,NA,0.22091472
Pericytes|Astrocytes|Trf|Tfrc,NA,NA,0.22089559
Pericytes|Astrocytes|Vegfa|Sirpa,NA,NA,0.22068974
Astrocytes|Pericytes|Trf|Tfrc,NA,NA,0.22067076
Pericytes|Neurons|Vegfa|Sirpa,NA,NA,0.22065791
Neurons|Astrocytes|Adcyap1|Adcyap1r1,NA,NA,0.22063497
Oligodendrocytes|Oligodendrocytes|Rgma|Bmpr2,NA,NA,0.2199017
OPCs|Pericytes|Trf|Ldlr,NA,NA,0.21985713
OPCs|Oligodendrocytes|Bmp1|Bmpr2,NA,NA,0.21970178
OPCs|Neurons|Fam3c|Lifr,NA,NA,0.21958032
Microglia|Astrocytes|Lgals3bp|Itgb1,NA,NA,0.21943879
Neurons|Oligodendrocytes|Col4a1|Cd47,NA,NA,0.21939023
Neurons|OPCs|Fgf1|Tgfbr3,NA,NA,0.21927091
Pericytes|OPCs|Fn1|Nt5e,NA,NA,0.21918324
Astrocytes|Pericytes|St6gal1|Egfr,NA,NA,0.21894719
Oligodendrocytes|OPCs|Gnai2|Cav1,NA,NA,0.21885072
Pericytes|OPCs|Sema6a|Plxna4,NA,NA,0.21882758
OPCs|Astrocytes|Vegfb|Nrp1,NA,NA,0.21836951
Oligodendrocytes|Astrocytes|B2m|Tfrc,NA,NA,0.2182365
Astrocytes|OPCs|Reln|Vldlr,NA,NA,0.21821484
Pericytes|Neurons|Actr2|Ldlr,NA,NA,0.21791637
Pericytes|Neurons|Lrpap1|Vldlr,NA,NA,0.21782342
Pericytes|Neurons|Tfpi|Vldlr,NA,NA,0.21739185
Microglia|Pericytes|Liph|Lpar1,NA,NA,0.21721974
Neurons|Neurons|Vegfc|Itgb1,NA,NA,0.21684797
Pericytes|Microglia|Angptl2|Tlr4,NA,NA,0.2165204
OPCs|Pericytes|Bmp7|Actr2,NA,NA,0.21650876
Astrocytes|Oligodendrocytes|Gnai2|S1pr5,NA,NA,0.2163801
Pericytes|Neurons|Tcn2|Cnr1,NA,NA,0.21624151
Astrocytes|Oligodendrocytes|Col4a5|Itgav_Itgb8,NA,NA,0.21622846
Neurons|Astrocytes|Vegfa|Nrp1,NA,NA,0.21621026
OPCs|Neurons|Entpd1|Adora1,NA,NA,0.21613067
Pericytes|Microglia|Efna5|Epha5,NA,NA,0.21611515
Neurons|Microglia|Adam17|Erbb4,NA,NA,0.21606973
Pericytes|Neurons|Vegfa|Gpc1,NA,NA,0.21550441
Neurons|Neurons|Sema3a|Nrp2,NA,NA,0.21516189
Neurons|Astrocytes|Inha|Acvr1,NA,NA,0.21510974
Neurons|Pericytes|Slc6a8|Lifr,NA,NA,0.21492495
Oligodendrocytes|Microglia|Agrn|Atp1a3,NA,NA,0.21473345
OPCs|OPCs|Fgf13|Fgfr1,NA,NA,0.214218
OPCs|Neurons|Nrg2|Lrrtm2,NA,NA,0.21399763
Pericytes|Astrocytes|Sema3c|Nrp1_Plxna2,NA,NA,0.21399173
Astrocytes|Pericytes|Col4a5|Itgav_Itgb8,NA,NA,0.21364671
Pericytes|Astrocytes|Actr2|Ldlr,NA,NA,0.21350127
Neurons|OPCs|Gnai2|Adora1,NA,NA,0.21346389
Neurons|OPCs|Sema4d|Plxnb3,NA,NA,0.21326345
Pericytes|Neurons|Nrxn2|Nlgn3,NA,NA,0.21323839
Neurons|Pericytes|Nlgn3|Nrxn2,NA,NA,0.21323839
Astrocytes|Astrocytes|Ccl25|Grm7,NA,NA,0.212771
Neurons|Astrocytes|Fstl1|Dip2a,NA,NA,0.21274468
Astrocytes|OPCs|Lrpap1|Lrp8,NA,NA,0.21264203
Pericytes|Astrocytes|Efna5|Epha5,NA,NA,0.21242577
Neurons|Astrocytes|Spp1|Itgav_Itgb1,NA,NA,0.21241015
Neurons|OPCs|Omg|Lingo1,NA,NA,0.21220791
Pericytes|Neurons|Col4a6|Itga3_Itgb1,NA,NA,0.21218455
Neurons|Astrocytes|Ltbp3|Itgb5,NA,NA,0.21213838
Pericytes|Astrocytes|Col4a4|Cd47,NA,NA,0.21210697
Astrocytes|Pericytes|Bmp1|Bmpr1b,NA,NA,0.21183711
Pericytes|Neurons|Trf|Ldlr,NA,NA,0.21137415
Astrocytes|Astrocytes|Vegfb|Nrp1,NA,NA,0.21133447
Astrocytes|Oligodendrocytes|Bmp1|Bmpr1a,NA,NA,0.21115357
OPCs|Astrocytes|Jag1|Cd46,NA,NA,0.21091735
Neurons|Pericytes|Vegfa|Egfr,NA,NA,0.21077688
Astrocytes|Pericytes|Tgfb2|Tgfbr1_Tgfbr2,NA,NA,0.21066615
Astrocytes|Neurons|Actr2|Ldlr,NA,NA,0.21061763
Neurons|Neurons|Vegfa|Nrp2,NA,NA,0.2105916
Neurons|Astrocytes|Vegfa|Grin2b,NA,NA,0.2105874
Neurons|Pericytes|Col4a1|Cd47,NA,NA,0.21046215
Neurons|Neurons|Cthrc1|Fzd3,NA,NA,0.2104514
Pericytes|Neurons|Kitl|Lrrn3,NA,NA,0.21032834
Microglia|Microglia|Irak4|Tlr4,NA,NA,0.21012944
Neurons|Astrocytes|Tln1|Itgb5,NA,NA,0.21010986
Astrocytes|Astrocytes|Sirpa|Cd47,NA,NA,0.21010195
Astrocytes|Astrocytes|Cd47|Sirpa,NA,NA,0.21010195
Neurons|Astrocytes|Sirpa|Cd47,NA,NA,0.21007012
Astrocytes|Neurons|Cd47|Sirpa,NA,NA,0.21007012
Astrocytes|Astrocytes|Trf|Tfrc,NA,NA,0.20995519
Oligodendrocytes|Neurons|Actr2|Ldlr,NA,NA,0.20987752
Pericytes|Astrocytes|Vegfa|Itgb1,NA,NA,0.2097695
Microglia|Oligodendrocytes|Cklf|Lrp6,NA,NA,0.20973252
Neurons|Oligodendrocytes|Rgmb|Bmpr2,NA,NA,0.20950666
Astrocytes|Microglia|Hspa4|Tlr4,NA,NA,0.20931873
OPCs|Astrocytes|Bmp7|Actr2,NA,NA,0.20921002
Microglia|Oligodendrocytes|Ntrk3|Ptprs,NA,NA,0.20917065
Neurons|Pericytes|Trf|Ldlr,NA,NA,0.20883712
Oligodendrocytes|Pericytes|Rgma|Bmpr1b,NA,NA,0.20862806
Astrocytes|Pericytes|Gnai2|Adcy8,NA,NA,0.20860372
OPCs|Oligodendrocytes|Bmp7|Actr2,NA,NA,0.20846991
OPCs|Pericytes|Bmp1|Bmpr1b,NA,NA,0.20842814
Microglia|Astrocytes|Adam9|Itgb1,NA,NA,0.20818627
Astrocytes|Astrocytes|Il15ra|Axl,NA,NA,0.20781758
OPCs|Neurons|Gnai2|Adcy7,NA,NA,0.20778272
Pericytes|OPCs|Efna5|Ephb2,NA,NA,0.20775688
OPCs|Oligodendrocytes|Bmp1|Bmpr1a,NA,NA,0.2077446
Neurons|Pericytes|Slitrk3|Ptprs,NA,NA,0.20770913
Oligodendrocytes|Microglia|Gnai2|Oprm1,NA,NA,0.20762059
OPCs|Astrocytes|Gpi1|Amfr,NA,NA,0.20761926
Oligodendrocytes|OPCs|Fgf1|Tgfbr3,NA,NA,0.20761746
Neurons|Neurons|Lgals8|Itga3,NA,NA,0.20749196
Pericytes|Neurons|Jam2|Itga3_Itgb1,NA,NA,0.20727405
Neurons|OPCs|Fgf1|Fgfr1,NA,NA,0.20704073
Neurons|Astrocytes|Fgf1|Fgfrl1,NA,NA,0.20696226
Pericytes|Astrocytes|Trf|Ldlr,NA,NA,0.20695904
Astrocytes|Neurons|Lrpap1|Vldlr,NA,NA,0.2068286
Microglia|Pericytes|Tnfsf13b|Tfrc,NA,NA,0.2064287
Neurons|Pericytes|Gnai2|Tbxa2r,NA,NA,0.20640337
Neurons|OPCs|Reln|Vldlr,NA,NA,0.20627716
Astrocytes|Astrocytes|Actr2|Ldlr,NA,NA,0.20620254
Neurons|OPCs|Cthrc1|Fzd3,NA,NA,0.20613563
Oligodendrocytes|Astrocytes|Csf1|Sirpa,NA,NA,0.2058997
Oligodendrocytes|Neurons|Csf1|Sirpa,NA,NA,0.20586787
Oligodendrocytes|Astrocytes|Gnai2|Adora1,NA,NA,0.2056442
Neurons|Pericytes|Gnai2|S1pr1,NA,NA,0.20562284
Oligodendrocytes|Astrocytes|Actr2|Ldlr,NA,NA,0.20546243
Neurons|OPCs|Arpc5|Ldlr,NA,NA,0.20538294000000001
OPCs|Microglia|Slit2|Robo2,NA,NA,0.20532154
Neurons|Neurons|Gnai2|Oprm1,NA,NA,0.20520455
Astrocytes|Oligodendrocytes|Col1a2|Itgav_Itgb8,NA,NA,0.20498142
Pericytes|OPCs|Vegfa|Ephb2,NA,NA,0.20490646
Neurons|Pericytes|Gnai2|Egfr,NA,NA,0.20473866
Microglia|Astrocytes|Ntrk3|Ptprf,NA,NA,0.20473132
Microglia|Neurons|Jam2|Itga3_Itgb1,NA,NA,0.20464897
Oligodendrocytes|Neurons|Calr|Itga3,NA,NA,0.20446342
Astrocytes|Neurons|Gnai2|Cnr1,NA,NA,0.20430082
Astrocytes|OPCs|Sema4a|Plxnb1,NA,NA,0.2041811
Neurons|Astrocytes|Vegfa|Sirpa,NA,NA,0.20411955
Neurons|Neurons|Vegfa|Sirpa,NA,NA,0.20408772
OPCs|Microglia|Sema4d|Plxnb2,NA,NA,0.2040321
Neurons|OPCs|Fgf1|Fgfrl1,NA,NA,0.20398363
Oligodendrocytes|Astrocytes|Lama2|Itga7_Itgb1,NA,NA,0.20389895
Pericytes|OPCs|Fgf1|Tgfbr3,NA,NA,0.2038539
OPCs|Pericytes|Trf|Tfrc,NA,NA,0.20320994
Oligodendrocytes|Astrocytes|Agrn|Itgb1,NA,NA,0.20317233
Pericytes|OPCs|Efna5|Ephb1,NA,NA,0.20304638
Neurons|OPCs|Inha|Tgfbr3,NA,NA,0.20296818
Neurons|Astrocytes|Sema4a|Plxnb1,NA,NA,0.2029098
Pericytes|Neurons|Col4a3|Itga3_Itgb1,NA,NA,0.20266229
Pericytes|Astrocytes|Lamb2|Itga7_Itgb1,NA,NA,0.20253897
OPCs|Pericytes|Bmp7|Bmpr1b_Bmpr2,NA,NA,0.20249516
Astrocytes|Pericytes|Col1a2|Itgav_Itgb8,NA,NA,0.20239967
Astrocytes|Neurons|Gnai2|P2ry12,NA,NA,0.20208639
Neurons|Neurons|Sema3c|Nrp2_Plxna2,NA,NA,0.2020822
Neurons|Neurons|Sema3c|Nrp2_Plxna4,NA,NA,0.2020822
Neurons|Microglia|Efnb2|Grm5,NA,NA,0.20205325
Neurons|Microglia|Slit1|Robo2,NA,NA,0.20184505
OPCs|Oligodendrocytes|Bmp7|Bmpr1a_Bmpr2,NA,NA,0.20181161
Neurons|Oligodendrocytes|Lamc1|Itgav_Itgb8,NA,NA,0.2013615
OPCs|Neurons|Mdk|Sdc3,NA,NA,0.2012422
OPCs|Astrocytes|Bmp7|Acvr1_Bmpr2,NA,NA,0.20116404
Astrocytes|Microglia|Entpd1|Adora3,NA,NA,0.20069793
Pericytes|Neurons|Bmp6|Acvr2b_Bmpr1a,NA,NA,0.20063058
Pericytes|Neurons|Bmp6|Acvr1_Acvr2b,NA,NA,0.20063058
Pericytes|Neurons|Col4a2|Itga3_Itgb1,NA,NA,0.20053366
Astrocytes|Neurons|Trf|Ldlr,NA,NA,0.20043375
Pericytes|Pericytes|Efna5|Epha3,NA,NA,0.20005389
OPCs|Pericytes|Bmp7|Acvr2a_Bmpr1a,NA,NA,0.19988059
OPCs|Pericytes|Bmp7|Acvr2a_Bmpr1b,NA,NA,0.19988059
Oligodendrocytes|Astrocytes|Agrn|Lrp4,NA,NA,0.19972593
OPCs|Neurons|Omg|Rtn4rl1,NA,NA,0.19970566
Oligodendrocytes|Oligodendrocytes|Lrrc4b|Ptprf,NA,NA,0.19967666
OPCs|Astrocytes|Jag1|Notch3,NA,NA,0.19962245
Neurons|Oligodendrocytes|Sema4a|Plxnb3,NA,NA,0.1993805
Oligodendrocytes|Neurons|Timp2|Itga3,NA,NA,0.19928941
Astrocytes|Neurons|Calr|Itga3,NA,NA,0.1992012
Neurons|Neurons|Vegfa|Gpc1,NA,NA,0.19893423
OPCs|Neurons|Slit2|Gpc1,NA,NA,0.19879264
Neurons|Pericytes|Lamc1|Itgav_Itgb8,NA,NA,0.19877978
Oligodendrocytes|Oligodendrocytes|Gnai2|S1pr5,NA,NA,0.19872087
Neurons|Neurons|Efnb2|Epha4,NA,NA,0.19870497
Neurons|Pericytes|Rgmb|Bmpr1b,NA,NA,0.19823304
Oligodendrocytes|Microglia|Hspa4|Tlr4,NA,NA,0.19791639
Neurons|OPCs|Vegfc|Nrp2,NA,NA,0.1977017
Pericytes|Astrocytes|Pros1|Axl,NA,NA,0.19765303
Neurons|Astrocytes|Adam15|Itgb1,NA,NA,0.1976234
Neurons|Astrocytes|Lamc1|Itga6_Itgb1,NA,NA,0.19757265
Astrocytes|Astrocytes|Sema4a|Nrp1_Plxna2,NA,NA,0.19728318
Neurons|Pericytes|St6gal1|Egfr,NA,NA,0.19668934
Microglia|Pericytes|Adam9|Itga6,NA,NA,0.19657806
OPCs|OPCs|Enho|Gpr19,NA,NA,0.1965119
Neurons|OPCs|Gnai2|Cav1,NA,NA,0.1964074
Neurons|Pericytes|Adcyap1|Ramp2,NA,NA,0.19627365
Pericytes|Oligodendrocytes|Pros1|Tyro3,NA,NA,0.19623452
Neurons|OPCs|Sema4f|Nrp2,NA,NA,0.19620134
Neurons|Pericytes|B2m|Tfrc,NA,NA,0.19615081
Neurons|OPCs|Farp2|Plxna4,NA,NA,0.19613582
Astrocytes|Astrocytes|Trf|Ldlr,NA,NA,0.19601864
Astrocytes|OPCs|Nrg2|Lrrtm2,NA,NA,0.19600722
Neurons|Pericytes|Ptdss1|Jmjd6,NA,NA,0.19598925
Pericytes|OPCs|Sema5a|Plxnb3,NA,NA,0.19594887
Astrocytes|Astrocytes|Col4a5|Cd47,NA,NA,0.19591269
OPCs|Neurons|Adam9|Itga3,NA,NA,0.19590455
Microglia|Astrocytes|Tnfsf13b|Tfrc,NA,NA,0.19571313
Oligodendrocytes|OPCs|Fgf1|Fgfr1,NA,NA,0.19538727
Neurons|Neurons|Slit1|Gpc1,NA,NA,0.19531615
Oligodendrocytes|Astrocytes|Fgf1|Fgfrl1,NA,NA,0.1953088
Pericytes|Neurons|Fn1|Itga3_Itgb1,NA,NA,0.19385764
Oligodendrocytes|Microglia|Agrn|Dag1,NA,NA,0.1937719
OPCs|Neurons|Col9a3|Itga3_Itgb1,NA,NA,0.19363514
Neurons|Astrocytes|Vegfa|Itgb1,NA,NA,0.1931993
Neurons|OPCs|F8|Ldlr,NA,NA,0.1928042
Pericytes|Astrocytes|Sema6a|Plxna2,NA,NA,0.19275865
Pericytes|Oligodendrocytes|Vegfa|Tyro3,NA,NA,0.19268946
OPCs|Astrocytes|Trf|Tfrc,NA,NA,0.19249436
Pericytes|Neurons|P4hb|Mttp,NA,NA,0.19238845
Neurons|Microglia|Sema4g|Plxnb2,NA,NA,0.19233084
Oligodendrocytes|OPCs|Fgf1|Fgfrl1,NA,NA,0.19233018
OPCs|OPCs|Farp2|Plxna4,NA,NA,0.19230208
Neurons|Pericytes|Trf|Tfrc,NA,NA,0.19218993
Astrocytes|Astrocytes|Entpd1|Adora1,NA,NA,0.1921305
Astrocytes|Neurons|Gnai2|Ptpru,NA,NA,0.19178528
Pericytes|OPCs|Fgf1|Fgfr1,NA,NA,0.19162373
Pericytes|Astrocytes|Fgf1|Fgfrl1,NA,NA,0.19154526
Oligodendrocytes|Pericytes|Gnai2|Adcy8,NA,NA,0.1909445
Astrocytes|OPCs|Tgfb2|Tgfbr3,NA,NA,0.19072886
Neurons|Pericytes|Inha|Acvr1,NA,NA,0.19065079
Pericytes|OPCs|Vegfa|Sirpa,NA,NA,0.19042239
Neurons|Neurons|Txlna|Stx3,NA,NA,0.19004852
OPCs|Pericytes|Gpi1|Amfr,NA,NA,0.1897352
OPCs|Astrocytes|Psen1|Notch3,NA,NA,0.1896598
Neurons|Astrocytes|Nlgn3|Nrxn2,NA,NA,0.18931997
Astrocytes|Neurons|Nrxn2|Nlgn3,NA,NA,0.18931997
OPCs|Microglia|Psen1|Ncstn,NA,NA,0.18928099
Neurons|Oligodendrocytes|Efnb2|Grm5,NA,NA,0.18923692
Microglia|Neurons|Psen1|Ncstn,NA,NA,0.18900925
Neurons|Astrocytes|Jam3|Itgb1,NA,NA,0.18900838
OPCs|OPCs|Gpi1|Amfr,NA,NA,0.18889004
Pericytes|OPCs|Fgf1|Fgfrl1,NA,NA,0.18856663
Neurons|Neurons|Adcyap1|Adcyap1r1,NA,NA,0.18853131
Neurons|OPCs|Vegfa|Ephb2,NA,NA,0.18833628
Neurons|OPCs|Sema4b|Dcbld2,NA,NA,0.18821366
OPCs|Pericytes|Sema4d|Plxnb1,NA,NA,0.18817793
Neurons|Microglia|Lamc1|Dag1,NA,NA,0.18817222
Neurons|Pericytes|Il15ra|Axl,NA,NA,0.18795905
Astrocytes|Neurons|Gnai2|Adora1,NA,NA,0.18774354
Astrocytes|Pericytes|Lin7c|Abca1,NA,NA,0.18770683
Neurons|Neurons|Timp3|Ddr1,NA,NA,0.18769372
OPCs|Neurons|Lgals8|Itga3,NA,NA,0.18736574
Pericytes|Neurons|Kitl|Kit,NA,NA,0.18732277
Neurons|Astrocytes|Adam9|Itgb1,NA,NA,0.1872715
Neurons|Pericytes|Timp3|Ddr1,NA,NA,0.18708661
Oligodendrocytes|Microglia|Csf1|Csf2ra,NA,NA,0.18686044
Neurons|OPCs|Sema3c|Nrp2_Plxna4,NA,NA,0.1868431
Oligodendrocytes|Neurons|Gnai2|Cnr1,NA,NA,0.18664159
OPCs|Neurons|Timp2|Itga3,NA,NA,0.18623608
Neurons|Pericytes|Lamc1|Itga6_Itgb1,NA,NA,0.18596444
Pericytes|Neurons|Sema3c|Nrp2_Plxna1,NA,NA,0.18582743
Pericytes|Neurons|Sema3c|Nrp1_Plxna1,NA,NA,0.18582743
Oligodendrocytes|Neurons|Omg|Rtn4rl1,NA,NA,0.18543686
Neurons|Astrocytes|B2m|Tfrc,NA,NA,0.18543524
Neurons|Microglia|Gnai2|Oprm1,NA,NA,0.18517727
Pericytes|Neurons|Col4a1|Itga3_Itgb1,NA,NA,0.18502367
OPCs|Astrocytes|Col5a3|Sdc3,NA,NA,0.18494558
Astrocytes|Astrocytes|Gas6|Axl,NA,NA,0.18491176
Neurons|OPCs|F8|Lrp4,NA,NA,0.18482552
Neurons|OPCs|Fgf9|Fgfr1,NA,NA,0.18477449
Oligodendrocytes|Neurons|Gnai2|P2ry12,NA,NA,0.18442716
Oligodendrocytes|Microglia|Rgma|Neo1,NA,NA,0.1844088
OPCs|OPCs|Dnajb11|Prtg,NA,NA,0.18395114
Astrocytes|Oligodendrocytes|Gas6|Tyro3,NA,NA,0.18349326
Pericytes|Neurons|Sema5a|Plxna1,NA,NA,0.18339604
Neurons|Astrocytes|Gnai2|Adora1,NA,NA,0.18320088
Pericytes|OPCs|Kitl|Kit,NA,NA,0.1831298
OPCs|Neurons|Trf|Ldlr,NA,NA,0.18297294
Neurons|Astrocytes|Cthrc1|Fzd3,NA,NA,0.18287963
Pericytes|Pericytes|Efna5|Epha4,NA,NA,0.1821515
OPCs|Astrocytes|Dll3|Notch3,NA,NA,0.18181527
Astrocytes|OPCs|Sema4a|Plxnb3,NA,NA,0.1816717
Neurons|OPCs|Dnajb11|Prtg,NA,NA,0.18166192
Neurons|Astrocytes|Trf|Tfrc,NA,NA,0.18147436
Neurons|Oligodendrocytes|Slitrk3|Ptprs,NA,NA,0.18138501
Neurons|Microglia|Sema4a|Plxnb2,NA,NA,0.18116802
Oligodendrocytes|Neurons|Lama2|Itga3_Itgb1,NA,NA,0.1811072
Microglia|Oligodendrocytes|Ntrk3|Ptprf,NA,NA,0.18079507
Neurons|Neurons|Fam3c|Glra2,NA,NA,0.18053213
Neurons|OPCs|Sparc|Fgfr1,NA,NA,0.18013401
Neurons|OPCs|Adcyap1|Ramp2,NA,NA,0.17997846
OPCs|Astrocytes|Sirpa|Cd47,NA,NA,0.17983459
Astrocytes|OPCs|Cd47|Sirpa,NA,NA,0.17983459
Pericytes|Neurons|Lamb2|Itga3_Itgb1,NA,NA,0.1797472
Neurons|Astrocytes|Fbn1|Itgb1,NA,NA,0.17971455
Neurons|Astrocytes|Adam17|Itgb1,NA,NA,0.17970261
Neurons|Pericytes|Cgn|Tgfbr2,NA,NA,0.17918818
OPCs|Astrocytes|Trf|Ldlr,NA,NA,0.17855784
Pericytes|OPCs|Spon1|Lrp8,NA,NA,0.17845625
Astrocytes|Pericytes|Tgfb2|Acvr1_Tgfbr1_Tgfbr2,NA,NA,0.17841147
Astrocytes|Pericytes|Tgfb2|Acvr1_Tgfbr2,NA,NA,0.17841147
Astrocytes|OPCs|Reln|Lrp8,NA,NA,0.1783571
Neurons|Astrocytes|Agrp|Sdc3,NA,NA,0.17829193
Neurons|Neurons|Vegfc|Nrp2,NA,NA,0.1778253
Neurons|Pericytes|Cgn|Tgfbr1,NA,NA,0.17737894
Astrocytes|Neurons|Omg|Rtn4rl1,NA,NA,0.17703146
OPCs|Pericytes|Bmp7|Acvr1_Acvr2a,NA,NA,0.17670506
OPCs|Pericytes|Bmp7|Acvr1_Bmpr2,NA,NA,0.17670506
Neurons|Neurons|Psen1|Ncstn,NA,NA,0.17653453
Pericytes|OPCs|Efna5|Epha4,NA,NA,0.17634186
Neurons|Neurons|Sema4f|Nrp2,NA,NA,0.17632495
Neurons|Oligodendrocytes|Gnai2|S1pr5,NA,NA,0.17627755
OPCs|Astrocytes|Bmp7|Acvr1_Acvr2a,NA,NA,0.17623922
OPCs|Astrocytes|Bmp7|Acvr2a_Bmpr1a,NA,NA,0.17623922
OPCs|Astrocytes|Bmp7|Acvr2a_Bmpr1b,NA,NA,0.17623922
OPCs|OPCs|Mmp2|Fgfr1,NA,NA,0.17613873
Neurons|Oligodendrocytes|Vegfa|Tyro3,NA,NA,0.17611927
Astrocytes|Neurons|Tcn2|Cnr1,NA,NA,0.17590845
Pericytes|Neurons|Col4a4|Itga3_Itgb1,NA,NA,0.17575216
Neurons|Pericytes|Adam9|Itga6,NA,NA,0.17566329
Oligodendrocytes|OPCs|Csf1|Sirpa,NA,NA,0.17563234
Neurons|Pericytes|Nrg4|Egfr,NA,NA,0.17547005
Neurons|OPCs|Enho|Gpr19,NA,NA,0.17441532
Neurons|Pericytes|Lin7c|Abca1,NA,NA,0.1743027
Oligodendrocytes|Neurons|Gnai2|Ptpru,NA,NA,0.17412603
Neurons|Microglia|Rgmb|Neo1,NA,NA,0.17401376
Neurons|Neurons|Wnt5b|Fzd3_Lrp6,NA,NA,0.1739949
Neurons|Astrocytes|Sema3a|Nrp1_Plxna2,NA,NA,0.17385384
Neurons|OPCs|Vegfa|Sirpa,NA,NA,0.17385219
Neurons|Oligodendrocytes|Fam3c|Lifr,NA,NA,0.17370337
Neurons|OPCs|Cgn|Tgfbr1,NA,NA,0.17361453
Neurons|Pericytes|Arpc5|Ldlr,NA,NA,0.17328829
Astrocytes|Neurons|Reln|Vldlr,NA,NA,0.17254367
Astrocytes|Neurons|Gnai2|Adcy7,NA,NA,0.172272
Neurons|Neurons|Col4a2|Itga3_Itgb1,NA,NA,0.17217286
OPCs|Neurons|Gad1|Grm4,NA,NA,0.17212711
Neurons|Pericytes|Efnb2|Grm5,NA,NA,0.1720468
Neurons|Neurons|Trf|Ldlr,NA,NA,0.17195293
OPCs|OPCs|Jag1|Cd46,NA,NA,0.1715126
Neurons|Astrocytes|Jag2|Notch3,NA,NA,0.17151105
Neurons|Neurons|Ptdss1|Scarb1,NA,NA,0.17039743
Oligodendrocytes|Neurons|Gnai2|Adora1,NA,NA,0.17008431
Neurons|Astrocytes|Farp2|Plxna2,NA,NA,0.1700669
Neurons|OPCs|Wnt5b|Fzd3_Lrp6,NA,NA,0.16967914
Astrocytes|Neurons|Nrg2|Lrrtm2,NA,NA,0.16965637
Astrocytes|Neurons|Sema4a|Nrp1_Plxna1,NA,NA,0.16911887
Neurons|Pericytes|Gnai2|Adcy8,NA,NA,0.16850117
OPCs|Neurons|P4hb|Mttp,NA,NA,0.16832185
Neurons|Pericytes|Dkk3|Kremen1,NA,NA,0.16756266
Neurons|Astrocytes|Trf|Ldlr,NA,NA,0.16753782
Neurons|Astrocytes|Lamc1|Itga7_Itgb1,NA,NA,0.16748272
Microglia|Neurons|Psen1|Notch3,NA,NA,0.16709961
Neurons|OPCs|Sema6b|Plxna4,NA,NA,0.16707091
Neurons|Microglia|Nucb2|Erap1,NA,NA,0.16687582
Neurons|OPCs|Reln|Lrp8,NA,NA,0.1664194
OPCs|OPCs|Sema4d|Plxnb1,NA,NA,0.16624796
OPCs|Astrocytes|Farp2|Plxna2,NA,NA,0.16623315
Neurons|Oligodendrocytes|Col4a1|Itgav_Itgb8,NA,NA,0.16618407
Oligodendrocytes|Neurons|Csf1|Celsr3,NA,NA,0.16590792
Neurons|Pericytes|Sema4a|Plxnb1,NA,NA,0.16531385
OPCs|Neurons|Enho|Gpr19,NA,NA,0.16447932
Neurons|Neurons|Gnai2|Cnr1,NA,NA,0.16419826
Astrocytes|Neurons|Reln|Itga3_Itgb1,NA,NA,0.16377857
Neurons|Pericytes|Col4a1|Itgav_Itgb8,NA,NA,0.16360234
Neurons|Neurons|Fam3c|Lifr,NA,NA,0.1626842
Neurons|Neurons|Omg|Rtn4rl1,NA,NA,0.16233078
Neurons|Neurons|Gnai2|P2ry12,NA,NA,0.16198383
Neurons|Neurons|Gad1|Grm4,NA,NA,0.16116093
Neurons|OPCs|Spon1|Lrp8,NA,NA,0.16111061
OPCs|Pericytes|Ptdss1|Jmjd6,NA,NA,0.16106547
OPCs|Astrocytes|Gas6|Axl,NA,NA,0.16089767
Neurons|Astrocytes|Sema3c|Nrp1_Plxna2,NA,NA,0.16077416
Neurons|Pericytes|F8|Ldlr,NA,NA,0.16070955
Neurons|Neurons|Reln|Vldlr,NA,NA,0.16060597
Neurons|Astrocytes|Vegfc|Itgb1,NA,NA,0.16043302
Astrocytes|Neurons|Col4a5|Itga3_Itgb1,NA,NA,0.15955788
OPCs|Oligodendrocytes|Gas6|Tyro3,NA,NA,0.15947917
Oligodendrocytes|Neurons|Csf1|Csf2ra,NA,NA,0.15809448
Neurons|Neurons|Slit1|Flrt3,NA,NA,0.15789329
Neurons|OPCs|Fgf10|Fgfr1,NA,NA,0.15703776
Neurons|Astrocytes|Fgf10|Fgfrl1,NA,NA,0.1569593
Astrocytes|Neurons|Entpd1|Adora1,NA,NA,0.15657061
Pericytes|Neurons|Lgals8|Itga3,NA,NA,0.15551472
Microglia|Neurons|Adam9|Itga3,NA,NA,0.15530458
Neurons|Neurons|Psen1|Notch3,NA,NA,0.1546249
Oligodendrocytes|Neurons|Gnai2|Adcy7,NA,NA,0.15461275
Neurons|OPCs|Fgf10|Fgfrl1,NA,NA,0.15398067
Neurons|OPCs|Efnb2|Ephb2,NA,NA,0.15347955
OPCs|Neurons|Bmp7|Acvr1b,NA,NA,0.15293974
Neurons|Neurons|Reln|Itga3_Itgb1,NA,NA,0.1518409
Neurons|Neurons|Gnai2|Ptpru,NA,NA,0.1516827
Neurons|Neurons|Tctn1|Tmem67,NA,NA,0.15131372
Pericytes|Neurons|Efna5|Ephb6,NA,NA,0.15039295
Neurons|Neurons|Nppc|Npr2,NA,NA,0.15002185
Neurons|Neurons|Ptdss1|Jmjd6,NA,NA,0.14995736
Neurons|OPCs|Efnb2|Ephb1,NA,NA,0.14876905
Neurons|Neurons|Sema4b|Dcbld2,NA,NA,0.14868557
Astrocytes|Neurons|Lgals8|Itga3,NA,NA,0.1485808
Astrocytes|Neurons|Col1a2|Itga3_Itgb1,NA,NA,0.14831084
Neurons|Neurons|Gnai2|Adora1,NA,NA,0.14764099
Neurons|Astrocytes|Wnt5b|Fzd3_Lrp6,NA,NA,0.14642313
Neurons|Oligodendrocytes|Slc6a8|Lifr,NA,NA,0.14641377
Neurons|Astrocytes|Col4a1|Cd47,NA,NA,0.14586832
Neurons|Astrocytes|F8|Lrp4,NA,NA,0.14581326
Neurons|Pericytes|Efnb2|Epha3,NA,NA,0.14577654
Neurons|Neurons|Sema3a|Nrp1_Plxna1,NA,NA,0.14568955
Neurons|Neurons|Lamc1|Itga3_Itgb1,NA,NA,0.14469096
Neurons|Neurons|Sema7a|Plxnc1,NA,NA,0.14441393
OPCs|OPCs|Sema4d|Plxnb3,NA,NA,0.14373857
Neurons|OPCs|Sema4a|Plxnb1,NA,NA,0.14338389000000001
OPCs|Neurons|Psen1|Ncstn,NA,NA,0.1431856
Neurons|Neurons|Enho|Gpr19,NA,NA,0.14238274
Neurons|Neurons|Farp2|Plxna1,NA,NA,0.1419026
Neurons|Astrocytes|Sema6b|Plxna2,NA,NA,0.14100198
OPCs|Neurons|Slit2|Plxna1,NA,NA,0.14097768
Neurons|Neurons|P4hb|Mttp,NA,NA,0.13888964
OPCs|Neurons|Col5a3|Sdc3,NA,NA,0.13888061
OPCs|Neurons|Farp2|Plxna1,NA,NA,0.13806884
Neurons|OPCs|Sema7a|Plxnc1,NA,NA,0.13679059
Neurons|Astrocytes|Sema4a|Nrp1_Plxna2,NA,NA,0.13648596
Neurons|Neurons|Arpc5|Ldlr,NA,NA,0.1364041
Neurons|OPCs|Wnt5b|Fzd3_Lrp5,NA,NA,0.13575384
OPCs|Neurons|Ptdss1|Scarb1,NA,NA,0.13547365
Neurons|Neurons|Slc6a8|Lifr,NA,NA,0.1353946
Neurons|Neurons|Adam9|Itga3,NA,NA,0.13438982
Astrocytes|Neurons|Lman1|Mcfd2,NA,NA,0.13270476
Neurons|Neurons|Sema3c|Nrp1_Plxna1,NA,NA,0.13260986
Neurons|Neurons|Sema3c|Nrp2_Plxna1,NA,NA,0.13260986
Neurons|Neurons|Agrp|Sdc3,NA,NA,0.13222697
Neurons|Neurons|Gnai2|Adcy7,NA,NA,0.13216943
Neurons|Astrocytes|Arpc5|Ldlr,NA,NA,0.131989
OPCs|Neurons|Jag1|Notch3,NA,NA,0.1312386
Neurons|Pericytes|Efnb2|Epha4,NA,NA,0.12787415
Neurons|Astrocytes|Il15ra|Axl,NA,NA,0.12764475
OPCs|Neurons|Lman1|Mcfd2,NA,NA,0.12730807
Neurons|Neurons|F8|Ldlr,NA,NA,0.12382536
Neurons|OPCs|Efnb2|Epha4,NA,NA,0.122064516
Neurons|OPCs|Txlna|Stx3,NA,NA,0.121730946
Neurons|OPCs|Wnt5b|Fzd9_Lrp6,NA,NA,0.12141961
Neurons|OPCs|Wnt5b|Fzd9_Lrp5,NA,NA,0.12141961
OPCs|Neurons|Psen1|Notch3,NA,NA,0.12127596
Neurons|OPCs|Sema4a|Plxnb3,NA,NA,0.12087448
OPCs|Neurons|Bmp7|Acvr1_Acvr2b,NA,NA,0.12082304
OPCs|Neurons|Bmp7|Acvr2b_Bmpr1a,NA,NA,0.12082304
Neurons|OPCs|Txlna|Stx1a,NA,NA,0.120198995
Neurons|Astrocytes|F8|Ldlr,NA,NA,0.119410254
Neurons|Neurons|Txlna|Stx4a,NA,NA,0.11881592
Neurons|Neurons|Nptx1|Nptxr,NA,NA,0.116349995
OPCs|Neurons|Ptdss1|Jmjd6,NA,NA,0.115033574
OPCs|Neurons|Dll3|Notch3,NA,NA,0.11343141
Neurons|Neurons|Col4a1|Itga3_Itgb1,NA,NA,0.109513514
Neurons|Neurons|Lman1|Mcfd2,NA,NA,0.10917571
Neurons|Neurons|Sema4a|Nrp1_Plxna1,NA,NA,0.10832166
Neurons|Neurons|Ntn4|Unc5a,NA,NA,0.107624725
Neurons|Neurons|Jag2|Notch3,NA,NA,0.1031272
Neurons|Neurons|Sema5b|Plxna1,NA,NA,0.09921616
Neurons|Neurons|Efnb2|Ephb6,NA,NA,0.09611562
Neurons|Neurons|Cgn|Tgfbr1,NA,NA,0.09386857
