ligand,ligand_complex,ligand_means,ligand_props,receptor,receptor_complex,receptor_means,receptor_props,source,target,lr_means,cellphone_pvals
Nrxn1,Nrxn1,3.808307,0.8768472906403941,Nlgn1,Nlgn1,3.402233,0.8669950738916257,OPCs,OPCs,3.60527,0.0
Nlgn1,Nlgn1,3.402233,0.8669950738916257,Nrxn1,Nrxn1,3.808307,0.8768472906403941,OPCs,OPCs,3.60527,0.0
Nlgn1,Nlgn1,3.402233,0.8669950738916257,Nrxn1,Nrxn1,3.4162903,0.7680412371134021,OPCs,Astrocytes,3.4092617,0.0
Nrxn1,Nrxn1,3.4162903,0.7680412371134021,Nlgn1,Nlgn1,3.402233,0.8669950738916257,Astrocytes,OPCs,3.4092617,0.0
Nxph1,Nxph1,2.6327152,0.8374384236453202,Nrxn1,Nrxn1,3.808307,0.8768472906403941,OPCs,OPCs,3.220511,0.0
Nrxn1,Nrxn1,2.9071066,0.7875805904309467,Nlgn1,Nlgn1,3.402233,0.8669950738916257,Neurons,OPCs,3.1546698,0.0
Nlgn1,Nlgn1,3.402233,0.8669950738916257,Nrxn1,Nrxn1,2.9071066,0.7875805904309467,OPCs,Neurons,3.1546698,0.0
Nrxn1,Nrxn1,3.808307,0.8768472906403941,Nlgn1,Nlgn1,2.4956772,0.7604343400067866,OPCs,Neurons,3.151992,0.0
Nlgn1,Nlgn1,2.4956772,0.7604343400067866,Nrxn1,Nrxn1,3.808307,0.8768472906403941,Neurons,OPCs,3.151992,0.0
Nxph1,Nxph1,2.6327152,0.8374384236453202,Nrxn1,Nrxn1,3.4162903,0.7680412371134021,OPCs,Astrocytes,3.0245028,0.0
Nlgn1,Nlgn1,2.1104903,0.7087628865979382,Nrxn1,Nrxn1,3.808307,0.8768472906403941,Astrocytes,OPCs,2.9593987,0.0
Nrxn1,Nrxn1,3.808307,0.8768472906403941,Nlgn1,Nlgn1,2.1104903,0.7087628865979382,OPCs,Astrocytes,2.9593987,0.0
Nlgn1,Nlgn1,2.4956772,0.7604343400067866,Nrxn1,Nrxn1,3.4162903,0.7680412371134021,Neurons,Astrocytes,2.9559836,0.0
Nrxn1,Nrxn1,3.4162903,0.7680412371134021,Nlgn1,Nlgn1,2.4956772,0.7604343400067866,Astrocytes,Neurons,2.9559836,0.0
Nxph1,Nxph1,2.6327152,0.8374384236453202,Nrxn1,Nrxn1,2.9071066,0.7875805904309467,OPCs,Neurons,2.7699108,0.0
Nrxn1,Nrxn1,3.4162903,0.7680412371134021,Nlgn1,Nlgn1,2.1104903,0.7087628865979382,Astrocytes,Astrocytes,2.7633903,0.0
Nlgn1,Nlgn1,2.1104903,0.7087628865979382,Nrxn1,Nrxn1,3.4162903,0.7680412371134021,Astrocytes,Astrocytes,2.7633903,0.0
Nrxn1,Nrxn1,2.9071066,0.7875805904309467,Nlgn1,Nlgn1,2.4956772,0.7604343400067866,Neurons,Neurons,2.701392,0.0
Nlgn1,Nlgn1,2.4956772,0.7604343400067866,Nrxn1,Nrxn1,2.9071066,0.7875805904309467,Neurons,Neurons,2.701392,0.0
Dscam,Dscam,2.8617182,0.8472906403940886,Dcc,Dcc,2.4758208,0.8472906403940886,OPCs,OPCs,2.6687694,0.0
Cntn1,Cntn1,2.5617676,0.8768472906403941,Ptprz1,Ptprz1,2.723878,0.8571428571428571,OPCs,OPCs,2.6428227,0.0
Nxph1,Nxph1,1.2188966,0.5242619613165932,Nrxn1,Nrxn1,3.808307,0.8768472906403941,Neurons,OPCs,2.5136018,0.0
Nrxn1,Nrxn1,2.9071066,0.7875805904309467,Nlgn1,Nlgn1,2.1104903,0.7087628865979382,Neurons,Astrocytes,2.5087986,0.0
Nlgn1,Nlgn1,2.1104903,0.7087628865979382,Nrxn1,Nrxn1,2.9071066,0.7875805904309467,Astrocytes,Neurons,2.5087986,0.0
Ptn,Ptn,2.2824986,0.75,Ptprz1,Ptprz1,2.723878,0.8571428571428571,Pericytes,OPCs,2.5031881,0.0
Nrxn2,Nrxn2,1.5403115,0.7536945812807881,Nlgn1,Nlgn1,3.402233,0.8669950738916257,OPCs,OPCs,2.4712722,0.0
Nlgn1,Nlgn1,3.402233,0.8669950738916257,Nrxn2,Nrxn2,1.5403115,0.7536945812807881,OPCs,OPCs,2.4712722,0.0
Ptn,Ptn,2.143148,0.8669950738916257,Ptprz1,Ptprz1,2.723878,0.8571428571428571,OPCs,OPCs,2.433513,0.0
Ncam1,Ncam1,2.0343475,0.8275862068965517,Ptprz1,Ptprz1,2.723878,0.8571428571428571,OPCs,OPCs,2.3791127,0.0
Nxph1,Nxph1,1.2188966,0.5242619613165932,Nrxn1,Nrxn1,3.4162903,0.7680412371134021,Neurons,Astrocytes,2.3175936,0.0
Apoe,Apoe,3.0216167,0.8582474226804123,Trem2,Trem2,1.5929699,0.6213991769547325,Astrocytes,Microglia,2.3072934,0.0
Nlgn1,Nlgn1,0.78537273,0.30360398261113447,Nrxn1,Nrxn1,3.808307,0.8768472906403941,Oligodendrocytes,OPCs,2.2968397,0.0
Nrxn1,Nrxn1,3.808307,0.8768472906403941,Nlgn1,Nlgn1,0.78537273,0.30360398261113447,OPCs,Oligodendrocytes,2.2968397,0.0
Ncam1,Ncam1,1.8128812,0.7139175257731959,Ptprz1,Ptprz1,2.723878,0.8571428571428571,Astrocytes,OPCs,2.2683797,0.0
Ncam1,Ncam1,2.0343475,0.8275862068965517,Ncam2,Ncam2,2.4932775,0.8374384236453202,OPCs,OPCs,2.2638125,0.0
Ntng1,Ntng1,0.802619,0.41839158466236853,Lrrc4c,Lrrc4c,3.720894,0.8669950738916257,Neurons,OPCs,2.2617564,0.0
Dscam,Dscam,2.8617182,0.8472906403940886,Dcc,Dcc,1.6471283,0.6386155412283678,OPCs,Neurons,2.2544231,0.0
Nrxn1,Nrxn1,3.808307,0.8768472906403941,Nlgn1,Nlgn1,0.64582783,0.21794871794871795,OPCs,Pericytes,2.2270675,0.0
Nlgn1,Nlgn1,0.64582783,0.21794871794871795,Nrxn1,Nrxn1,3.808307,0.8768472906403941,Pericytes,OPCs,2.2270675,0.0
Cntn1,Cntn1,1.7066429,0.6804123711340206,Ptprz1,Ptprz1,2.723878,0.8571428571428571,Astrocytes,OPCs,2.2152605,0.0
Cntn1,Cntn1,2.5617676,0.8768472906403941,Ptprz1,Ptprz1,1.8369237,0.7164948453608248,OPCs,Astrocytes,2.1993456,0.0
Nlgn1,Nlgn1,3.402233,0.8669950738916257,Nrxn1,Nrxn1,0.98038775,0.23717948717948717,OPCs,Pericytes,2.1913104,0.0
Nrxn1,Nrxn1,0.98038775,0.23717948717948717,Nlgn1,Nlgn1,3.402233,0.8669950738916257,Pericytes,OPCs,2.1913104,0.0
Ncam1,Ncam1,1.8128812,0.7139175257731959,Ncam2,Ncam2,2.4932775,0.8374384236453202,Astrocytes,OPCs,2.1530795,0.0
Nlgn2,Nlgn2,0.49693328,0.32019704433497537,Nrxn1,Nrxn1,3.808307,0.8768472906403941,OPCs,OPCs,2.15262,0.0
Nrxn1,Nrxn1,3.808307,0.8768472906403941,Nlgn2,Nlgn2,0.49693328,0.32019704433497537,OPCs,OPCs,2.15262,0.0
Nrxn1,Nrxn1,3.808307,0.8768472906403941,Nlgn1,Nlgn1,0.49520501,0.1522633744855967,OPCs,Microglia,2.151756,0.0
Nlgn1,Nlgn1,0.49520501,0.1522633744855967,Nrxn1,Nrxn1,3.808307,0.8768472906403941,Microglia,OPCs,2.151756,0.0
Cntn1,Cntn1,2.5617676,0.8768472906403941,Nrcam,Nrcam,1.7372056,0.7635467980295566,OPCs,OPCs,2.1494865,0.0
Apoe,Apoe,3.0216167,0.8582474226804123,Lrp1,Lrp1,1.2553622,0.6896551724137931,Astrocytes,OPCs,2.1384895,0.0
Ncam1,Ncam1,2.0343475,0.8275862068965517,Robo1,Robo1,2.203135,0.8522167487684729,OPCs,OPCs,2.1187413,0.0
Nlgn3,Nlgn3,0.4127724,0.2857142857142857,Nrxn1,Nrxn1,3.808307,0.8768472906403941,OPCs,OPCs,2.1105397,0.0
Nrxn1,Nrxn1,3.808307,0.8768472906403941,Nlgn3,Nlgn3,0.4127724,0.2857142857142857,OPCs,OPCs,2.1105397,0.0
Cntn1,Cntn1,1.4953362,0.7570410587037666,Ptprz1,Ptprz1,2.723878,0.8571428571428571,Neurons,OPCs,2.109607,0.0
Nlgn1,Nlgn1,0.78537273,0.30360398261113447,Nrxn1,Nrxn1,3.4162903,0.7680412371134021,Oligodendrocytes,Astrocytes,2.1008315,0.0
Nrxn1,Nrxn1,3.4162903,0.7680412371134021,Nlgn1,Nlgn1,0.78537273,0.30360398261113447,Astrocytes,Oligodendrocytes,2.1008315,0.0
Nxph1,Nxph1,2.6327152,0.8374384236453202,Nrxn2,Nrxn2,1.5403115,0.7536945812807881,OPCs,OPCs,2.0865133,0.0
App,App,1.6647443,0.8177807940278249,Dcc,Dcc,2.4758208,0.8472906403940886,Neurons,OPCs,2.0702825,0.0
Ncam1,Ncam1,1.4150285,0.5330248212031973,Ptprz1,Ptprz1,2.723878,0.8571428571428571,Oligodendrocytes,OPCs,2.0694532,0.0
Ncam1,Ncam1,1.412782,0.7502544960977265,Ptprz1,Ptprz1,2.723878,0.8571428571428571,Neurons,OPCs,2.0683298,0.0
Nxph1,Nxph1,1.2188966,0.5242619613165932,Nrxn1,Nrxn1,2.9071066,0.7875805904309467,Neurons,Neurons,2.0630016,0.0
Cntn1,Cntn1,2.5617676,0.8768472906403941,Nrcam,Nrcam,1.5602683,0.6597938144329897,OPCs,Astrocytes,2.061018,0.0
Ptn,Ptn,2.2824986,0.75,Ptprz1,Ptprz1,1.8369237,0.7164948453608248,Pericytes,Astrocytes,2.0597112,0.0
Il1rapl1,Il1rapl1,3.0569131,0.8669950738916257,Ptprs,Ptprs,1.0578264,0.5960591133004927,OPCs,OPCs,2.0573697,0.0
Nlgn2,Nlgn2,0.3031204,0.34068544282321006,Nrxn1,Nrxn1,3.808307,0.8768472906403941,Neurons,OPCs,2.0557137,0.0
Nrxn1,Nrxn1,3.808307,0.8768472906403941,Nlgn2,Nlgn2,0.3031204,0.34068544282321006,OPCs,Neurons,2.0557137,0.0
Nrxn1,Nrxn1,0.7008444,0.21778151731874912,Nlgn1,Nlgn1,3.402233,0.8669950738916257,Oligodendrocytes,OPCs,2.0515387,0.0
Nlgn1,Nlgn1,3.402233,0.8669950738916257,Nrxn1,Nrxn1,0.7008444,0.21778151731874912,OPCs,Oligodendrocytes,2.0515387,0.0
Il1rapl1,Il1rapl1,3.0569131,0.8669950738916257,Ptprs,Ptprs,1.0308105,0.7047845266372582,OPCs,Neurons,2.0438619,0.0
Nlgn1,Nlgn1,0.64582783,0.21794871794871795,Nrxn1,Nrxn1,3.4162903,0.7680412371134021,Pericytes,Astrocytes,2.031059,0.0
Nrxn1,Nrxn1,3.4162903,0.7680412371134021,Nlgn1,Nlgn1,0.64582783,0.21794871794871795,Astrocytes,Pericytes,2.031059,0.0
Nrxn2,Nrxn2,0.6497941,0.5687139463861555,Nlgn1,Nlgn1,3.402233,0.8669950738916257,Neurons,OPCs,2.0260134,0.0
Nlgn1,Nlgn1,3.402233,0.8669950738916257,Nrxn2,Nrxn2,0.6497941,0.5687139463861555,OPCs,Neurons,2.0260134,0.0
Nrxn2,Nrxn2,1.5403115,0.7536945812807881,Nlgn1,Nlgn1,2.4956772,0.7604343400067866,OPCs,Neurons,2.0179944,0.0
Nlgn1,Nlgn1,2.4956772,0.7604343400067866,Nrxn2,Nrxn2,1.5403115,0.7536945812807881,Neurons,OPCs,2.0179944,0.0
Ncam1,Ncam1,1.8128812,0.7139175257731959,Robo1,Robo1,2.203135,0.8522167487684729,Astrocytes,OPCs,2.008008,0.0
App,App,1.5250988,0.5727106997616043,Dcc,Dcc,2.4758208,0.8472906403940886,Oligodendrocytes,OPCs,2.0004597,0.0
Nlgn3,Nlgn3,0.17538334,0.2130980658296573,Nrxn1,Nrxn1,3.808307,0.8768472906403941,Neurons,OPCs,1.9918451,0.0
Nrxn1,Nrxn1,3.808307,0.8768472906403941,Nlgn3,Nlgn3,0.17538334,0.2130980658296573,OPCs,Neurons,1.9918451,0.0
Ptn,Ptn,2.143148,0.8669950738916257,Ptprz1,Ptprz1,1.8369237,0.7164948453608248,OPCs,Astrocytes,1.9900358,0.0
Fgf14,Fgf14,2.8460488,0.7716321683067526,Fgfr2,Fgfr2,1.0850602,0.46038423783480575,Neurons,Oligodendrocytes,1.9655545,0.0
Apoe,Apoe,3.0216167,0.8582474226804123,Lrp1,Lrp1,0.90028125,0.4551282051282051,Astrocytes,Pericytes,1.960949,0.0
Dscam,Dscam,1.4417033,0.6610111978283,Dcc,Dcc,2.4758208,0.8472906403940886,Neurons,OPCs,1.958762,0.0
Nlgn2,Nlgn2,0.49693328,0.32019704433497537,Nrxn1,Nrxn1,3.4162903,0.7680412371134021,OPCs,Astrocytes,1.9566118,0.0
Nrxn1,Nrxn1,3.4162903,0.7680412371134021,Nlgn2,Nlgn2,0.49693328,0.32019704433497537,Astrocytes,OPCs,1.9566118,0.0
Nrxn1,Nrxn1,3.4162903,0.7680412371134021,Nlgn1,Nlgn1,0.49520501,0.1522633744855967,Astrocytes,Microglia,1.9557476,0.0
Nlgn1,Nlgn1,0.49520501,0.1522633744855967,Nrxn1,Nrxn1,3.4162903,0.7680412371134021,Microglia,Astrocytes,1.9557476,0.0
Ncam1,Ncam1,1.4150285,0.5330248212031973,Ncam2,Ncam2,2.4932775,0.8374384236453202,Oligodendrocytes,OPCs,1.9541531,0.0
Ncam1,Ncam1,1.412782,0.7502544960977265,Ncam2,Ncam2,2.4932775,0.8374384236453202,Neurons,OPCs,1.9530298,0.0
Apoe,Apoe,3.0216167,0.8582474226804123,Lrp1,Lrp1,0.8808295,0.4742268041237113,Astrocytes,Astrocytes,1.9512231,0.0
Nrxn1,Nrxn1,0.47925296,0.13168724279835392,Nlgn1,Nlgn1,3.402233,0.8669950738916257,Microglia,OPCs,1.940743,0.0
Nlgn1,Nlgn1,3.402233,0.8669950738916257,Nrxn1,Nrxn1,0.47925296,0.13168724279835392,OPCs,Microglia,1.940743,0.0
Apoe,Apoe,3.0216167,0.8582474226804123,Lrp1,Lrp1,0.8583547,0.411522633744856,Astrocytes,Microglia,1.9399858,0.0
Ncam1,Ncam1,2.0343475,0.8275862068965517,Ptprz1,Ptprz1,1.8369237,0.7164948453608248,OPCs,Astrocytes,1.9356356,0.0
Nlgn3,Nlgn3,0.4127724,0.2857142857142857,Nrxn1,Nrxn1,3.4162903,0.7680412371134021,OPCs,Astrocytes,1.9145314,0.0
Nrxn1,Nrxn1,3.4162903,0.7680412371134021,Nlgn3,Nlgn3,0.4127724,0.2857142857142857,Astrocytes,OPCs,1.9145314,0.0
C1qb,C1qb,2.5735238,0.7818930041152263,Lrp1,Lrp1,1.2553622,0.6896551724137931,Microglia,OPCs,1.914443,0.0
Fgf14,Fgf14,2.8460488,0.7716321683067526,Fgfr2,Fgfr2,0.9517514,0.5,Neurons,Astrocytes,1.8989002,0.0
Apoe,Apoe,3.0216167,0.8582474226804123,Sdc2,Sdc2,0.7667969,0.3717948717948718,Astrocytes,Pericytes,1.8942068,0.0
Ntn1,Ntn1,0.9165528,0.5369458128078818,Dscam,Dscam,2.8617182,0.8472906403940886,OPCs,OPCs,1.8891355,0.0
Ncam1,Ncam1,2.0343475,0.8275862068965517,Ncam2,Ncam2,1.7346746,0.6878181201221581,OPCs,Neurons,1.884511,0.0
Ptn,Ptn,2.2824986,0.75,Cdh10,Cdh10,1.4597478,0.615979381443299,Pericytes,Astrocytes,1.8711232,0.0
Cntn4,Cntn4,2.0800664,0.7980295566502463,Ptprg,Ptprg,1.6610397,0.7684729064039408,OPCs,OPCs,1.870553,0.0
Nlgn2,Nlgn2,0.3031204,0.34068544282321006,Nrxn1,Nrxn1,3.4162903,0.7680412371134021,Neurons,Astrocytes,1.8597053,0.0
Nrxn1,Nrxn1,3.4162903,0.7680412371134021,Nlgn2,Nlgn2,0.3031204,0.34068544282321006,Astrocytes,Neurons,1.8597053,0.0
Fgf14,Fgf14,2.8460488,0.7716321683067526,Fgfr2,Fgfr2,0.8659368,0.652867322701052,Neurons,Neurons,1.8559928,0.0
App,App,1.6647443,0.8177807940278249,Grm7,Grm7,2.0295486,0.7010519172039362,Neurons,Neurons,1.8471465,0.0
Nlgn1,Nlgn1,0.78537273,0.30360398261113447,Nrxn1,Nrxn1,2.9071066,0.7875805904309467,Oligodendrocytes,Neurons,1.8462397,0.0
Nrxn1,Nrxn1,2.9071066,0.7875805904309467,Nlgn1,Nlgn1,0.78537273,0.30360398261113447,Neurons,Oligodendrocytes,1.8462397,0.0
Nrxn2,Nrxn2,0.28788555,0.15972514373860608,Nlgn1,Nlgn1,3.402233,0.8669950738916257,Oligodendrocytes,OPCs,1.8450592,0.0
Nlgn1,Nlgn1,3.402233,0.8669950738916257,Nrxn2,Nrxn2,0.28788555,0.15972514373860608,OPCs,Oligodendrocytes,1.8450592,0.0
Ptn,Ptn,0.95161796,0.40316926097321554,Ptprz1,Ptprz1,2.723878,0.8571428571428571,Oligodendrocytes,OPCs,1.8377479,0.0
Ptn,Ptn,2.2824986,0.75,Cdh10,Cdh10,1.3803917,0.6847290640394089,Pericytes,OPCs,1.8314452,0.0
Fgf14,Fgf14,2.575546,0.8571428571428571,Fgfr2,Fgfr2,1.0850602,0.46038423783480575,OPCs,Oligodendrocytes,1.8303032,0.0
Apoe,Apoe,3.0216167,0.8582474226804123,Lrp6,Lrp6,0.63835216,0.4088669950738916,Astrocytes,OPCs,1.8299844,0.0
Ncam1,Ncam1,2.0343475,0.8275862068965517,Robo1,Robo1,1.6243829,0.6450627757041059,OPCs,Neurons,1.8293653,0.0
Nrxn2,Nrxn2,0.25109345,0.14743589743589744,Nlgn1,Nlgn1,3.402233,0.8669950738916257,Pericytes,OPCs,1.8266631,0.0
Nlgn1,Nlgn1,3.402233,0.8669950738916257,Nrxn2,Nrxn2,0.25109345,0.14743589743589744,OPCs,Pericytes,1.8266631,0.0
Nrxn2,Nrxn2,1.5403115,0.7536945812807881,Nlgn1,Nlgn1,2.1104903,0.7087628865979382,OPCs,Astrocytes,1.8254008,0.0
Nlgn1,Nlgn1,2.1104903,0.7087628865979382,Nrxn2,Nrxn2,1.5403115,0.7536945812807881,Astrocytes,OPCs,1.8254008,0.0
Ncam1,Ncam1,1.8128812,0.7139175257731959,Ptprz1,Ptprz1,1.8369237,0.7164948453608248,Astrocytes,Astrocytes,1.8249025,0.0
Cntn1,Cntn1,2.5617676,0.8768472906403941,Nrcam,Nrcam,1.0664513,0.66270783847981,OPCs,Neurons,1.8141094,0.0
App,App,1.1517328,0.5064102564102564,Dcc,Dcc,2.4758208,0.8472906403940886,Pericytes,OPCs,1.8137767,0.0
Cntn4,Cntn4,2.0800664,0.7980295566502463,Aplp1,Aplp1,1.5409055,0.5556022998176974,OPCs,Oligodendrocytes,1.810486,0.0
Ncam1,Ncam1,1.4150285,0.5330248212031973,Robo1,Robo1,2.203135,0.8522167487684729,Oligodendrocytes,OPCs,1.8090818,0.0
Ncam1,Ncam1,1.412782,0.7502544960977265,Robo1,Robo1,2.203135,0.8522167487684729,Neurons,OPCs,1.8079585,0.0
Nxph1,Nxph1,2.6327152,0.8374384236453202,Nrxn1,Nrxn1,0.98038775,0.23717948717948717,OPCs,Pericytes,1.8065515,0.0
Fgf14,Fgf14,2.8460488,0.7716321683067526,Fgfr2,Fgfr2,0.764343,0.46798029556650245,Neurons,OPCs,1.8051959,0.0
Nrxn2,Nrxn2,0.2032566,0.13144329896907217,Nlgn1,Nlgn1,3.402233,0.8669950738916257,Astrocytes,OPCs,1.8027447,0.0
Nlgn1,Nlgn1,3.402233,0.8669950738916257,Nrxn2,Nrxn2,0.2032566,0.13144329896907217,OPCs,Astrocytes,1.8027447,0.0
Ptn,Ptn,2.143148,0.8669950738916257,Cdh10,Cdh10,1.4597478,0.615979381443299,OPCs,Astrocytes,1.8014479,0.0
Il1rapl1,Il1rapl1,3.0569131,0.8669950738916257,Ptprs,Ptprs,0.5431201,0.327319587628866,OPCs,Astrocytes,1.8000166,0.0
Apoe,Apoe,3.0216167,0.8582474226804123,Sorl1,Sorl1,0.5721202,0.34536082474226804,Astrocytes,Astrocytes,1.7968684,0.0
Nrxn1,Nrxn1,3.4162903,0.7680412371134021,Nlgn3,Nlgn3,0.17538334,0.2130980658296573,Astrocytes,Neurons,1.7958368,0.0
Nlgn3,Nlgn3,0.17538334,0.2130980658296573,Nrxn1,Nrxn1,3.4162903,0.7680412371134021,Neurons,Astrocytes,1.7958368,0.0
Nrg3,Nrg3,2.968688,0.7651849338310146,Egfr,Egfr,0.618786,0.3582474226804124,Neurons,Astrocytes,1.7937369,0.0
Apoe,Apoe,3.0216167,0.8582474226804123,Sdc2,Sdc2,0.5634497,0.3427835051546392,Astrocytes,Astrocytes,1.7925332,0.0
Ptn,Ptn,0.8578954,0.41494845360824745,Ptprz1,Ptprz1,2.723878,0.8571428571428571,Astrocytes,OPCs,1.7908866,0.0
Adam17,Adam17,0.52026546,0.26337448559670784,Erbb4,Erbb4,3.0477219,0.8719211822660099,Microglia,OPCs,1.7839937,0.0
Il18,Il18,0.50689685,0.30927835051546393,Il1rapl1,Il1rapl1,3.0569131,0.8669950738916257,Astrocytes,OPCs,1.7819049,0.0
Apoe,Apoe,3.0216167,0.8582474226804123,Lrp1,Lrp1,0.54086536,0.5218866644044792,Astrocytes,Neurons,1.781241,0.0
Tgfa,Tgfa,0.5128305,0.33004926108374383,Erbb4,Erbb4,3.0477219,0.8719211822660099,OPCs,OPCs,1.7802762,0.0
App,App,1.5250988,0.5727106997616043,Grm7,Grm7,2.0295486,0.7010519172039362,Oligodendrocytes,Neurons,1.7773237,0.0
Nlgn1,Nlgn1,0.64582783,0.21794871794871795,Nrxn1,Nrxn1,2.9071066,0.7875805904309467,Pericytes,Neurons,1.7764672,0.0
Nrxn1,Nrxn1,2.9071066,0.7875805904309467,Nlgn1,Nlgn1,0.64582783,0.21794871794871795,Neurons,Pericytes,1.7764672,0.0
Ncam1,Ncam1,1.8128812,0.7139175257731959,Ncam2,Ncam2,1.7346746,0.6878181201221581,Astrocytes,Neurons,1.773778,0.0
Cntn1,Cntn1,1.7066429,0.6804123711340206,Ptprz1,Ptprz1,1.8369237,0.7164948453608248,Astrocytes,Astrocytes,1.7717834,0.0
Fgf14,Fgf14,2.575546,0.8571428571428571,Fgfr2,Fgfr2,0.9517514,0.5,OPCs,Astrocytes,1.7636487,0.0
Apoe,Apoe,3.0216167,0.8582474226804123,Abca1,Abca1,0.5024027,0.2345679012345679,Astrocytes,Microglia,1.7620097,0.0
Ptn,Ptn,2.143148,0.8669950738916257,Cdh10,Cdh10,1.3803917,0.6847290640394089,OPCs,OPCs,1.7617698,0.0
Apoe,Apoe,1.9244893,0.8374384236453202,Trem2,Trem2,1.5929699,0.6213991769547325,OPCs,Microglia,1.7587296,0.0
Dscam,Dscam,2.8617182,0.8472906403940886,Dcc,Dcc,0.6505509,0.2755574253260412,OPCs,Oligodendrocytes,1.7561345,0.0
Il34,Il34,0.7875591,0.33974358974358976,Ptprz1,Ptprz1,2.723878,0.8571428571428571,Pericytes,OPCs,1.7557185,0.0
App,App,1.6647443,0.8177807940278249,Grm7,Grm7,1.8400004,0.47435897435897434,Neurons,Pericytes,1.7523723,0.0
Apoe,Apoe,3.0216167,0.8582474226804123,Sorl1,Sorl1,0.47958007,0.4482524601289447,Astrocytes,Neurons,1.7505984,0.0
Fgf14,Fgf14,2.8460488,0.7716321683067526,Fgfr2,Fgfr2,0.64959764,0.3333333333333333,Neurons,Pericytes,1.7478232,0.0
Nrxn1,Nrxn1,0.98038775,0.23717948717948717,Nlgn1,Nlgn1,2.4956772,0.7604343400067866,Pericytes,Neurons,1.7380325,0.0
Nlgn1,Nlgn1,2.4956772,0.7604343400067866,Nrxn1,Nrxn1,0.98038775,0.23717948717948717,Neurons,Pericytes,1.7380325,0.0
C1qb,C1qb,2.5735238,0.7818930041152263,Lrp1,Lrp1,0.90028125,0.4551282051282051,Microglia,Pericytes,1.7369025,0.0
Dcn,Dcn,0.4233524,0.16666666666666666,Erbb4,Erbb4,3.0477219,0.8719211822660099,Pericytes,OPCs,1.7355372,0.0
Il18,Il18,0.40312713,0.27586206896551724,Il1rapl1,Il1rapl1,3.0569131,0.8669950738916257,OPCs,OPCs,1.7300202,0.0
Tnr,Tnr,2.9631279,0.8571428571428571,Itgb1,Itga9_Itgb1,0.49624488,0.3251231527093596,OPCs,OPCs,1.7296864,0.0
Apoe,Apoe,3.0216167,0.8582474226804123,Abca1,Abca1,0.43556362,0.27319587628865977,Astrocytes,Astrocytes,1.7285901,0.0
C1qb,C1qb,2.5735238,0.7818930041152263,Lrp1,Lrp1,0.8808295,0.4742268041237113,Microglia,Astrocytes,1.7271767,0.0
Apoe,Apoe,3.0216167,0.8582474226804123,Sdc2,Sdc2,0.4266089,0.2660098522167488,Astrocytes,OPCs,1.7241127,0.0
Cntn1,Cntn1,1.7066429,0.6804123711340206,Nrcam,Nrcam,1.7372056,0.7635467980295566,Astrocytes,OPCs,1.7219243,0.0
Fgf14,Fgf14,2.575546,0.8571428571428571,Fgfr2,Fgfr2,0.8659368,0.652867322701052,OPCs,Neurons,1.7207414,0.0
Tnr,Tnr,2.9631279,0.8571428571428571,Itga9,Itga9_Itgb1,0.47447187,0.22633744855967078,OPCs,Microglia,1.7187998,0.0
Ncam1,Ncam1,1.8128812,0.7139175257731959,Robo1,Robo1,1.6243829,0.6450627757041059,Astrocytes,Neurons,1.718632,0.0
C1qb,C1qb,2.5735238,0.7818930041152263,Lrp1,Lrp1,0.8583547,0.411522633744856,Microglia,Microglia,1.7159393,0.0
Il1rapl1,Il1rapl1,3.0569131,0.8669950738916257,Ptprs,Ptprs,0.36926973,0.205761316872428,OPCs,Microglia,1.7130914,0.0
Apoe,Apoe,3.0216167,0.8582474226804123,Lrp6,Lrp6,0.38639113,0.24742268041237114,Astrocytes,Astrocytes,1.7040039,0.0
Ncam1,Ncam1,2.0343475,0.8275862068965517,Ncam2,Ncam2,1.3706796,0.4891319590520264,OPCs,Oligodendrocytes,1.7025136,0.0
Nlgn2,Nlgn2,0.49693328,0.32019704433497537,Nrxn1,Nrxn1,2.9071066,0.7875805904309467,OPCs,Neurons,1.7020199,0.0
Nrxn1,Nrxn1,2.9071066,0.7875805904309467,Nlgn2,Nlgn2,0.49693328,0.32019704433497537,Neurons,OPCs,1.7020199,0.0
Apoe,Apoe,3.0216167,0.8582474226804123,Lrp8,Lrp8,0.38208684,0.41839158466236853,Astrocytes,Neurons,1.7018517,0.0
Nrxn1,Nrxn1,2.9071066,0.7875805904309467,Nlgn1,Nlgn1,0.49520501,0.1522633744855967,Neurons,Microglia,1.7011558,0.0
Nlgn1,Nlgn1,0.49520501,0.1522633744855967,Nrxn1,Nrxn1,2.9071066,0.7875805904309467,Microglia,Neurons,1.7011558,0.0
App,App,0.92554754,0.5517241379310345,Dcc,Dcc,2.4758208,0.8472906403940886,OPCs,OPCs,1.7006842,0.0
Apoe,Apoe,3.0216167,0.8582474226804123,Lrp6,Lrp6,0.37452346,0.20512820512820512,Astrocytes,Pericytes,1.69807,0.0
Ntn1,Ntn1,0.9165528,0.5369458128078818,Dcc,Dcc,2.4758208,0.8472906403940886,OPCs,OPCs,1.6961868,0.0
Apoe,Apoe,3.0216167,0.8582474226804123,Lrp6,Lrp6,0.3680566,0.4034611469290804,Astrocytes,Neurons,1.6948366,0.0
App,App,1.5250988,0.5727106997616043,Grm7,Grm7,1.8400004,0.47435897435897434,Oligodendrocytes,Pericytes,1.6825496,0.0
Apoe,Apoe,3.0216167,0.8582474226804123,Abca1,Abca1,0.34294063,0.22660098522167488,Astrocytes,OPCs,1.6822786,0.0
Il18,Il18,0.30750948,0.17010236993409059,Il1rapl1,Il1rapl1,3.0569131,0.8669950738916257,Oligodendrocytes,OPCs,1.6822113,0.0
Ncam1,Ncam1,2.0343475,0.8275862068965517,Cacna1c,Cacna1c,1.3281378,0.7115710892432983,OPCs,Neurons,1.6812427,0.0
Apoe,Apoe,3.0216167,0.8582474226804123,Lrp5,Lrp5,0.3384705,0.1728395061728395,Astrocytes,Microglia,1.6800436,0.0
Edil3,Edil3,1.7562252,0.5213854999298836,Itgb5,Itgb5,1.5948206,0.6255144032921811,Oligodendrocytes,Microglia,1.6755229,0.0
Fgf14,Fgf14,2.8460488,0.7716321683067526,Fgfr2,Fgfr2,0.49607632,0.25925925925925924,Neurons,Microglia,1.6710626,0.0
Ncam1,Ncam1,2.0343475,0.8275862068965517,Cacna1c,Cacna1c,1.306335,0.44871794871794873,OPCs,Pericytes,1.6703413,0.0
Ptn,Ptn,2.2824986,0.75,Ptprs,Ptprs,1.0578264,0.5960591133004927,Pericytes,OPCs,1.6701624,0.0
Fgf14,Fgf14,2.575546,0.8571428571428571,Fgfr2,Fgfr2,0.764343,0.46798029556650245,OPCs,OPCs,1.6699445,0.0
Apoe,Apoe,3.0216167,0.8582474226804123,Lrp6,Lrp6,0.31696966,0.17695473251028807,Astrocytes,Microglia,1.6692932,0.0
Il1rapl1,Il1rapl1,3.0569131,0.8669950738916257,Ptprs,Ptprs,0.2808447,0.17307692307692307,OPCs,Pericytes,1.6688789,0.0
Ncam1,Ncam1,2.0343475,0.8275862068965517,Ncam2,Ncam2,1.3012524,0.5592783505154639,OPCs,Astrocytes,1.6678,0.0
Nxph1,Nxph1,2.6327152,0.8374384236453202,Nrxn1,Nrxn1,0.7008444,0.21778151731874912,OPCs,Oligodendrocytes,1.6667798,0.0
Il18,Il18,0.27630234,0.16025641025641027,Il1rapl1,Il1rapl1,3.0569131,0.8669950738916257,Pericytes,OPCs,1.6666077,0.0
Cntn1,Cntn1,1.4953362,0.7570410587037666,Ptprz1,Ptprz1,1.8369237,0.7164948453608248,Neurons,Astrocytes,1.66613,0.0
Vcan,Vcan,2.7060626,0.8571428571428571,Egfr,Egfr,0.618786,0.3582474226804124,OPCs,Astrocytes,1.6624243,0.0
Apoe,Apoe,3.0216167,0.8582474226804123,Ldlr,Ldlr,0.3027977,0.2019704433497537,Astrocytes,OPCs,1.6622072,0.0
Il1rapl1,Il1rapl1,3.0569131,0.8669950738916257,Ptprf,Ptprf,0.26744348,0.31218187987784185,OPCs,Neurons,1.6621783,0.0
Nlgn3,Nlgn3,0.4127724,0.2857142857142857,Nrxn1,Nrxn1,2.9071066,0.7875805904309467,OPCs,Neurons,1.6599395,0.0
Nrxn1,Nrxn1,2.9071066,0.7875805904309467,Nlgn3,Nlgn3,0.4127724,0.2857142857142857,Neurons,OPCs,1.6599395,0.0
Il18,Il18,0.25906157,0.13168724279835392,Il1rapl1,Il1rapl1,3.0569131,0.8669950738916257,Microglia,OPCs,1.6579874,0.0
Ptn,Ptn,2.2824986,0.75,Ptprs,Ptprs,1.0308105,0.7047845266372582,Pericytes,Neurons,1.6566546,0.0
App,App,1.6647443,0.8177807940278249,Dcc,Dcc,1.6471283,0.6386155412283678,Neurons,Neurons,1.6559362,0.0
Apoe,Apoe,3.0216167,0.8582474226804123,Lrp4,Lrp4,0.28684035,0.1921182266009852,Astrocytes,OPCs,1.6542286,0.0
Ntng1,Ntng1,0.802619,0.41839158466236853,Lrrc4c,Lrrc4c,2.5031068,0.7396907216494846,Neurons,Astrocytes,1.6528629,0.0
Adam17,Adam17,0.25703877,0.1724137931034483,Erbb4,Erbb4,3.0477219,0.8719211822660099,OPCs,OPCs,1.6523803,0.0
Apoe,Apoe,3.0216167,0.8582474226804123,Sdc2,Sdc2,0.27804708,0.27994570749915165,Astrocytes,Neurons,1.6498319,0.0
Apoe,Apoe,3.0216167,0.8582474226804123,Vldlr,Vldlr,0.27211878,0.15453653064086384,Astrocytes,Oligodendrocytes,1.6468678,0.0
Il1rapl1,Il1rapl1,3.0569131,0.8669950738916257,Ptprs,Ptprs,0.22819644,0.12074042911232646,OPCs,Oligodendrocytes,1.6425548,0.0
Nxph1,Nxph1,2.6327152,0.8374384236453202,Nrxn2,Nrxn2,0.6497941,0.5687139463861555,OPCs,Neurons,1.6412547,0.0
Vcan,Vcan,2.7060626,0.8571428571428571,Itgb1,Itgb1,0.57398784,0.2962962962962963,OPCs,Microglia,1.6400251,0.0
Il1rapl1,Il1rapl1,3.0569131,0.8669950738916257,Ptprf,Ptprf,0.21931775,0.12371134020618557,OPCs,Astrocytes,1.6381154,0.0
Ntn1,Ntn1,0.41347387,0.20512820512820512,Dscam,Dscam,2.8617182,0.8472906403940886,Pericytes,OPCs,1.637596,0.0
Apoe,Apoe,3.0216167,0.8582474226804123,Sorl1,Sorl1,0.25281036,0.13168724279835392,Astrocytes,Microglia,1.6372135,0.0
Cntn1,Cntn1,1.7066429,0.6804123711340206,Nrcam,Nrcam,1.5602683,0.6597938144329897,Astrocytes,Astrocytes,1.6334555,0.0
Apoe,Apoe,3.0216167,0.8582474226804123,Sorl1,Sorl1,0.23915981,0.13209928481278924,Astrocytes,Oligodendrocytes,1.6303883,0.0
Apoe,Apoe,3.0216167,0.8582474226804123,Ldlr,Ldlr,0.23860839,0.10897435897435898,Astrocytes,Pericytes,1.6301125,0.0
Ncam1,Ncam1,1.4150285,0.5330248212031973,Ptprz1,Ptprz1,1.8369237,0.7164948453608248,Oligodendrocytes,Astrocytes,1.6259761,0.0
Vcan,Vcan,2.7060626,0.8571428571428571,Itgb1,Itgb1,0.5436856,0.27564102564102566,OPCs,Pericytes,1.6248741,0.0
Ncam1,Ncam1,1.412782,0.7502544960977265,Ptprz1,Ptprz1,1.8369237,0.7164948453608248,Neurons,Astrocytes,1.6248529,0.0
Tgfa,Tgfa,0.1977846,0.10699588477366255,Erbb4,Erbb4,3.0477219,0.8719211822660099,Microglia,OPCs,1.6227533,0.0
Ncam1,Ncam1,0.5186237,0.22435897435897437,Ptprz1,Ptprz1,2.723878,0.8571428571428571,Pericytes,OPCs,1.6212509,0.0
Apoe,Apoe,3.0216167,0.8582474226804123,Vldlr,Vldlr,0.21881776,0.15763546798029557,Astrocytes,OPCs,1.6202172,0.0
Apoe,Apoe,3.0216167,0.8582474226804123,Abca1,Abca1,0.21408409,0.1346153846153846,Astrocytes,Pericytes,1.6178504,0.0
Cntn1,Cntn1,1.4953362,0.7570410587037666,Nrcam,Nrcam,1.7372056,0.7635467980295566,Neurons,OPCs,1.6162709,0.0
Apoe,Apoe,3.0216167,0.8582474226804123,Lrp4,Lrp4,0.2088158,0.13402061855670103,Astrocytes,Astrocytes,1.6152163,0.0
Il1rapl1,Il1rapl1,3.0569131,0.8669950738916257,Ptprf,Ptprf,0.17144528,0.10363202916841957,OPCs,Oligodendrocytes,1.6141793,0.0
Fgf14,Fgf14,2.575546,0.8571428571428571,Fgfr2,Fgfr2,0.64959764,0.3333333333333333,OPCs,Pericytes,1.6125718,0.0
Ntng1,Ntng1,0.802619,0.41839158466236853,Lrrc4c,Lrrc4c,2.4214432,0.7472005429250085,Neurons,Neurons,1.6120311,0.0
Fgf14,Fgf14,2.8460488,0.7716321683067526,Fgfr1,Fgfr1,0.37643418,0.1987179487179487,Neurons,Pericytes,1.6112415,0.0
Nrg3,Nrg3,2.968688,0.7651849338310146,Egfr,Egfr,0.25086373,0.1282051282051282,Neurons,Pericytes,1.6097759,0.0
S100a1,S100a1,0.3314178,0.17783505154639176,Trpm3,Trpm3,2.8869755,0.7087628865979382,Astrocytes,Astrocytes,1.6091967,0.0
Fgf14,Fgf14,2.8460488,0.7716321683067526,Fgfr1,Fgfr1,0.36719236,0.2268041237113402,Neurons,Astrocytes,1.6066206,0.0
Vtn,Vtn,2.3463087,0.6217948717948718,Itgav,Itgav_Itgb5,0.8661415,0.4074074074074074,Pericytes,Microglia,1.6062251,0.0
Nrxn1,Nrxn1,2.9071066,0.7875805904309467,Nlgn2,Nlgn2,0.3031204,0.34068544282321006,Neurons,Neurons,1.6051135,0.0
Nlgn2,Nlgn2,0.3031204,0.34068544282321006,Nrxn1,Nrxn1,2.9071066,0.7875805904309467,Neurons,Neurons,1.6051135,0.0
Fgf14,Fgf14,2.8460488,0.7716321683067526,Fgfr1,Fgfr1,0.3637709,0.3712249745503902,Neurons,Neurons,1.6049099,0.0
Apoe,Apoe,3.0216167,0.8582474226804123,Lrp5,Lrp5,0.18784079,0.12807881773399016,Astrocytes,OPCs,1.6047287,0.0
App,App,1.6647443,0.8177807940278249,Aplp1,Aplp1,1.5409055,0.5556022998176974,Neurons,Oligodendrocytes,1.6028249,0.0
Vcan,Vcan,2.7060626,0.8571428571428571,Itgb1,Itgb1,0.49624488,0.3251231527093596,OPCs,OPCs,1.6011537,0.0
Apoe,Apoe,3.0216167,0.8582474226804123,Lrp6,Lrp6,0.18008058,0.1072780816154817,Astrocytes,Oligodendrocytes,1.6008487,0.0
Ptn,Ptn,2.143148,0.8669950738916257,Ptprs,Ptprs,1.0578264,0.5960591133004927,OPCs,OPCs,1.6004872,0.0
Cntn1,Cntn1,0.47541264,0.1987179487179487,Ptprz1,Ptprz1,2.723878,0.8571428571428571,Pericytes,OPCs,1.5996453,0.0
Nrxn1,Nrxn1,0.7008444,0.21778151731874912,Nlgn1,Nlgn1,2.4956772,0.7604343400067866,Oligodendrocytes,Neurons,1.5982609,0.0
Nlgn1,Nlgn1,2.4956772,0.7604343400067866,Nrxn1,Nrxn1,0.7008444,0.21778151731874912,Neurons,Oligodendrocytes,1.5982609,0.0
S100a1,S100a1,0.30949044,0.22167487684729065,Trpm3,Trpm3,2.8869755,0.7087628865979382,OPCs,Astrocytes,1.598233,0.0
Cntn4,Cntn4,2.0800664,0.7980295566502463,Ptprg,Ptprg,1.1134903,0.6576179165252799,OPCs,Neurons,1.5967784,0.0
Il1rapl1,Il1rapl1,2.1355574,0.6935866983372921,Ptprs,Ptprs,1.0578264,0.5960591133004927,Neurons,OPCs,1.5966918,0.0
Spon1,Spon1,1.5267022,0.729064039408867,App,App,1.6647443,0.8177807940278249,OPCs,Neurons,1.5957232,0.0
Adam17,Adam17,0.14369662,0.1866304716661011,Erbb4,Erbb4,3.0477219,0.8719211822660099,Neurons,OPCs,1.5957092,0.0
Apoe,Apoe,3.0216167,0.8582474226804123,Ldlr,Ldlr,0.16484001,0.18730912792670512,Astrocytes,Neurons,1.5932283,0.0
App,App,1.6647443,0.8177807940278249,Grm7,Grm7,1.520814,0.6847290640394089,Neurons,OPCs,1.5927792,0.0
Cntn4,Cntn4,2.0800664,0.7980295566502463,Ptprg,Ptprg,1.1049616,0.4551282051282051,OPCs,Pericytes,1.592514,0.0
Ncam1,Ncam1,1.8128812,0.7139175257731959,Ncam2,Ncam2,1.3706796,0.4891319590520264,Astrocytes,Oligodendrocytes,1.5917804,0.0
App,App,1.1517328,0.5064102564102564,Grm7,Grm7,2.0295486,0.7010519172039362,Pericytes,Neurons,1.5906408,0.0
Apoe,Apoe,1.9244893,0.8374384236453202,Lrp1,Lrp1,1.2553622,0.6896551724137931,OPCs,OPCs,1.5899258,0.0
Adam12,Adam12,1.2399228,0.6354679802955665,Itga9,Itga9,1.9386214,0.7783251231527094,OPCs,OPCs,1.589272,0.0
Apoe,Apoe,3.0216167,0.8582474226804123,Ldlr,Ldlr,0.15600981,0.10309278350515463,Astrocytes,Astrocytes,1.5888133,0.0
Ptn,Ptn,2.143148,0.8669950738916257,Ptprs,Ptprs,1.0308105,0.7047845266372582,OPCs,Neurons,1.5869792,0.0
App,App,1.5250988,0.5727106997616043,Dcc,Dcc,1.6471283,0.6386155412283678,Oligodendrocytes,Neurons,1.5861136,0.0
Edil3,Edil3,1.5772827,0.7142857142857143,Itgb5,Itgb5,1.5948206,0.6255144032921811,OPCs,Microglia,1.5860517,0.0
Ptn,Ptn,2.2824986,0.75,Cdh10,Cdh10,0.8882974,0.5629453681710214,Pericytes,Neurons,1.585398,0.0
Mdk,Mdk,0.44691485,0.2654639175257732,Ptprz1,Ptprz1,2.723878,0.8571428571428571,Astrocytes,OPCs,1.5853964,0.0
Il1rapl1,Il1rapl1,2.1355574,0.6935866983372921,Ptprs,Ptprs,1.0308105,0.7047845266372582,Neurons,Neurons,1.583184,0.0
Cntn1,Cntn1,2.5617676,0.8768472906403941,Notch2,Notch2,0.60047126,0.3004115226337449,OPCs,Microglia,1.5811194,0.0
Cntn4,Cntn4,2.0800664,0.7980295566502463,Ptprg,Ptprg,1.0817091,0.5360824742268041,OPCs,Astrocytes,1.5808878,0.0
Apoe,Apoe,3.0216167,0.8582474226804123,Lrp8,Lrp8,0.13910225,0.10344827586206896,Astrocytes,OPCs,1.5803595,0.0
Slit2,Slit2,0.6824873,0.39124533423820834,Dcc,Dcc,2.4758208,0.8472906403940886,Neurons,OPCs,1.579154,0.0
Ncam1,Ncam1,1.4150285,0.5330248212031973,Ncam2,Ncam2,1.7346746,0.6878181201221581,Oligodendrocytes,Neurons,1.5748515,0.0
Apoe,Apoe,3.0216167,0.8582474226804123,Vldlr,Vldlr,0.1274754,0.15710892432982695,Astrocytes,Neurons,1.5745461,0.0
Ncam1,Ncam1,1.412782,0.7502544960977265,Ncam2,Ncam2,1.7346746,0.6878181201221581,Neurons,Neurons,1.5737283,0.0
Nrxn2,Nrxn2,0.6497941,0.5687139463861555,Nlgn1,Nlgn1,2.4956772,0.7604343400067866,Neurons,Neurons,1.5727357,0.0
Nlgn1,Nlgn1,2.4956772,0.7604343400067866,Nrxn2,Nrxn2,0.6497941,0.5687139463861555,Neurons,Neurons,1.5727357,0.0
Ncam1,Ncam1,1.8128812,0.7139175257731959,Cacna1c,Cacna1c,1.3281378,0.7115710892432983,Astrocytes,Neurons,1.5705094,0.0
Apoe,Apoe,3.0216167,0.8582474226804123,Scarb1,Scarb1,0.11895508,0.15405497115710892,Astrocytes,Neurons,1.5702859,0.0
Ptn,Ptn,0.41468883,0.34170342721411606,Ptprz1,Ptprz1,2.723878,0.8571428571428571,Neurons,OPCs,1.5692834,0.0
Apoe,Apoe,1.5410312,0.5064102564102564,Trem2,Trem2,1.5929699,0.6213991769547325,Pericytes,Microglia,1.5670006,0.0
Cntn2,Cntn2,0.5642749,0.286916281026504,Cntn1,Cntn1,2.5617676,0.8768472906403941,Oligodendrocytes,OPCs,1.5630212,0.0
Rims1,Rims1,1.7967662,0.7465218866644044,Cacna1c,Cacna1c,1.3281378,0.7115710892432983,Neurons,Neurons,1.562452,0.0
Ncam1,Ncam1,2.0343475,0.8275862068965517,Fgfr2,Fgfr2,1.0850602,0.46038423783480575,OPCs,Oligodendrocytes,1.5597038,0.0
Ncam1,Ncam1,1.8128812,0.7139175257731959,Cacna1c,Cacna1c,1.306335,0.44871794871794873,Astrocytes,Pericytes,1.5596081,0.0
C1qb,C1qb,2.5735238,0.7818930041152263,Lrp1,Lrp1,0.54086536,0.5218866644044792,Microglia,Neurons,1.5571946,0.0
Ncam1,Ncam1,1.8128812,0.7139175257731959,Ncam2,Ncam2,1.3012524,0.5592783505154639,Astrocytes,Astrocytes,1.5570668,0.0
Nxph1,Nxph1,2.6327152,0.8374384236453202,Nrxn1,Nrxn1,0.47925296,0.13168724279835392,OPCs,Microglia,1.5559841,0.0
Ncam1,Ncam1,2.0343475,0.8275862068965517,Cacna1c,Cacna1c,1.0772452,0.6059113300492611,OPCs,OPCs,1.5557964,0.0
Rims1,Rims1,1.7967662,0.7465218866644044,Cacna1c,Cacna1c,1.306335,0.44871794871794873,Neurons,Pericytes,1.5515506,0.0
Ptn,Ptn,2.2824986,0.75,Cdh10,Cdh10,0.81980383,0.3552096480157061,Pericytes,Oligodendrocytes,1.5511513,0.0
Fgf12,Fgf12,2.0168438,0.7567017305734646,Fgfr2,Fgfr2,1.0850602,0.46038423783480575,Neurons,Oligodendrocytes,1.550952,0.0
Cntn1,Cntn1,0.37318683,0.15285373720375825,Ptprz1,Ptprz1,2.723878,0.8571428571428571,Oligodendrocytes,OPCs,1.5485324,0.0
Nlgn1,Nlgn1,2.1104903,0.7087628865979382,Nrxn1,Nrxn1,0.98038775,0.23717948717948717,Astrocytes,Pericytes,1.545439,0.06
Nrxn1,Nrxn1,0.98038775,0.23717948717948717,Nlgn1,Nlgn1,2.1104903,0.7087628865979382,Pericytes,Astrocytes,1.545439,0.06
Dscam,Dscam,1.4417033,0.6610111978283,Dcc,Dcc,1.6471283,0.6386155412283678,Neurons,Neurons,1.5444158,0.0
Selplg,Selplg,2.0867236,0.7283950617283951,Itgam,Itgam,0.9971714,0.4403292181069959,Microglia,Microglia,1.5419475,0.0
Nrxn1,Nrxn1,2.9071066,0.7875805904309467,Nlgn3,Nlgn3,0.17538334,0.2130980658296573,Neurons,Neurons,1.541245,0.0
Nlgn3,Nlgn3,0.17538334,0.2130980658296573,Nrxn1,Nrxn1,2.9071066,0.7875805904309467,Neurons,Neurons,1.541245,0.0
App,App,0.6004882,0.29218106995884774,Dcc,Dcc,2.4758208,0.8472906403940886,Microglia,OPCs,1.5381545,0.0
Fgf14,Fgf14,2.575546,0.8571428571428571,Fgfr2,Fgfr2,0.49607632,0.25925925925925924,OPCs,Microglia,1.5358112,0.0
App,App,1.5250988,0.5727106997616043,Aplp1,Aplp1,1.5409055,0.5556022998176974,Oligodendrocytes,Oligodendrocytes,1.5330021,0.0
Nrg3,Nrg3,2.4467902,0.8374384236453202,Egfr,Egfr,0.618786,0.3582474226804124,OPCs,Astrocytes,1.532788,0.0
Psap,Psap,1.5766764,0.6666666666666666,Gpr37l1,Gpr37l1,1.4791247,0.6649484536082474,Microglia,Astrocytes,1.5279005,0.0
Cntn1,Cntn1,1.4953362,0.7570410587037666,Nrcam,Nrcam,1.5602683,0.6597938144329897,Neurons,Astrocytes,1.5278022,0.0
Spon1,Spon1,1.5267022,0.729064039408867,App,App,1.5250988,0.5727106997616043,OPCs,Oligodendrocytes,1.5259005,0.0
Ntn1,Ntn1,0.9165528,0.5369458128078818,Unc5c,Unc5c,2.133964,0.8226600985221675,OPCs,OPCs,1.5252584,0.0
Ptn,Ptn,2.2824986,0.75,Sdc2,Sdc2,0.7667969,0.3717948717948718,Pericytes,Pericytes,1.5246477,0.0
Ptn,Ptn,2.2824986,0.75,Alk,Alk,0.76363486,0.43842364532019706,Pericytes,OPCs,1.5230668,0.0
App,App,1.5250988,0.5727106997616043,Grm7,Grm7,1.520814,0.6847290640394089,Oligodendrocytes,OPCs,1.5229564,0.02
Ncam1,Ncam1,1.4150285,0.5330248212031973,Robo1,Robo1,1.6243829,0.6450627757041059,Oligodendrocytes,Neurons,1.5197057,0.0
Fgf14,Fgf14,2.8460488,0.7716321683067526,Fgfr1,Fgfr1,0.19155976,0.13793103448275862,Neurons,OPCs,1.5188043,0.0
Ncam1,Ncam1,1.412782,0.7502544960977265,Robo1,Robo1,1.6243829,0.6450627757041059,Neurons,Neurons,1.5185823,0.0
Cntn4,Cntn4,1.3747245,0.6070580251102816,Ptprg,Ptprg,1.6610397,0.7684729064039408,Neurons,OPCs,1.5178821,0.0
Vcan,Vcan,2.7060626,0.8571428571428571,Itgb1,Itgb1,0.3285385,0.35900916185951814,OPCs,Neurons,1.5173005,0.0
Ptn,Ptn,2.143148,0.8669950738916257,Cdh10,Cdh10,0.8882974,0.5629453681710214,OPCs,Neurons,1.5157226,0.0
Vcan,Vcan,2.7060626,0.8571428571428571,Itga4,Itga4,0.31437588,0.14743589743589744,OPCs,Pericytes,1.5102192,0.0
Ncam1,Ncam1,0.5186237,0.22435897435897437,Ncam2,Ncam2,2.4932775,0.8374384236453202,Pericytes,OPCs,1.5059507,0.18
Mdk,Mdk,0.281712,0.18719211822660098,Ptprz1,Ptprz1,2.723878,0.8571428571428571,OPCs,OPCs,1.502795,0.0
Rims1,Rims1,1.6710672,0.7438423645320197,Cacna1c,Cacna1c,1.3281378,0.7115710892432983,OPCs,Neurons,1.4996026,0.0
App,App,1.1517328,0.5064102564102564,Grm7,Grm7,1.8400004,0.47435897435897434,Pericytes,Pericytes,1.4958665,0.15
Ncam1,Ncam1,2.0343475,0.8275862068965517,Fgfr2,Fgfr2,0.9517514,0.5,OPCs,Astrocytes,1.4930495,0.0
Ncam1,Ncam1,0.25594413,0.1111111111111111,Ptprz1,Ptprz1,2.723878,0.8571428571428571,Microglia,OPCs,1.4899111,0.0
Rims1,Rims1,1.6710672,0.7438423645320197,Cacna1c,Cacna1c,1.306335,0.44871794871794873,OPCs,Pericytes,1.4887011,0.0
Cntn1,Cntn1,0.25168648,0.11522633744855967,Ptprz1,Ptprz1,2.723878,0.8571428571428571,Microglia,OPCs,1.4877822,0.0
Nrxn1,Nrxn1,0.47925296,0.13168724279835392,Nlgn1,Nlgn1,2.4956772,0.7604343400067866,Microglia,Neurons,1.4874651,0.05
Nlgn1,Nlgn1,2.4956772,0.7604343400067866,Nrxn1,Nrxn1,0.47925296,0.13168724279835392,Neurons,Microglia,1.4874651,0.05
Fgf12,Fgf12,2.0168438,0.7567017305734646,Fgfr2,Fgfr2,0.9517514,0.5,Neurons,Astrocytes,1.4842976,0.0
Agt,Agt,0.9384373,0.4793814432989691,Grm7,Grm7,2.0295486,0.7010519172039362,Astrocytes,Neurons,1.4839929,0.0
Cntn1,Cntn1,2.5617676,0.8768472906403941,Notch2,Notch2,0.4022878,0.1794871794871795,OPCs,Pericytes,1.4820276,0.0
L1cam,L1cam,0.23996133,0.2829996606718697,Ptprz1,Ptprz1,2.723878,0.8571428571428571,Neurons,OPCs,1.4819196,0.0
Ptn,Ptn,2.143148,0.8669950738916257,Cdh10,Cdh10,0.81980383,0.3552096480157061,OPCs,Oligodendrocytes,1.4814758,0.0
Vcan,Vcan,2.7060626,0.8571428571428571,Egfr,Egfr,0.25086373,0.1282051282051282,OPCs,Pericytes,1.4784632,0.0
Apoe,Apoe,1.3625994,0.45267489711934156,Trem2,Trem2,1.5929699,0.6213991769547325,Microglia,Microglia,1.4777846,0.0
App,App,0.92554754,0.5517241379310345,Grm7,Grm7,2.0295486,0.7010519172039362,OPCs,Neurons,1.4775481,0.09
Fgf14,Fgf14,2.575546,0.8571428571428571,Fgfr1,Fgfr1,0.37643418,0.1987179487179487,OPCs,Pericytes,1.47599,0.0
Cntn6,Cntn6,1.2891937,0.625615763546798,Ptprg,Ptprg,1.6610397,0.7684729064039408,OPCs,OPCs,1.4751167,0.0
Vtn,Vtn,2.3463087,0.6217948717948718,Cd47,Cd47,0.60269976,0.5337631489650492,Pericytes,Neurons,1.4745042,0.0
Cntn1,Cntn1,2.5617676,0.8768472906403941,Ptprz1,Ptprz1,0.38583654,0.16025641025641027,OPCs,Pericytes,1.4738021,0.0
Cntn1,Cntn1,2.5617676,0.8768472906403941,Notch2,Notch2,0.38308427,0.2345360824742268,OPCs,Astrocytes,1.4724259,0.0
Fgf14,Fgf14,2.575546,0.8571428571428571,Fgfr1,Fgfr1,0.36719236,0.2268041237113402,OPCs,Astrocytes,1.4713691,0.0
Cntn1,Cntn1,2.5617676,0.8768472906403941,Nrcam,Nrcam,0.37932366,0.16025641025641027,OPCs,Pericytes,1.4705456,0.0
App,App,0.46430153,0.24742268041237114,Dcc,Dcc,2.4758208,0.8472906403940886,Astrocytes,OPCs,1.4700612,0.0
Fgf14,Fgf14,2.575546,0.8571428571428571,Fgfr1,Fgfr1,0.3637709,0.3712249745503902,OPCs,Neurons,1.4696585,0.0
Cntn1,Cntn1,2.5617676,0.8768472906403941,Ptprz1,Ptprz1,0.37338203,0.3003053953172718,OPCs,Neurons,1.4675748,0.0
Cntn1,Cntn1,2.5617676,0.8768472906403941,Notch1,Notch1,0.36985317,0.2512315270935961,OPCs,OPCs,1.4658104,0.0
Vcan,Vcan,2.7060626,0.8571428571428571,Itgb1,Itgb1,0.2157086,0.13402061855670103,OPCs,Astrocytes,1.4608855,0.0
Nxph1,Nxph1,2.6327152,0.8374384236453202,Nrxn2,Nrxn2,0.28788555,0.15972514373860608,OPCs,Oligodendrocytes,1.4603004,0.0
Vtn,Vtn,2.3463087,0.6217948717948718,Itgb1,Itgav_Itgb1,0.57398784,0.2962962962962963,Pericytes,Microglia,1.4601483,0.0
App,App,1.6647443,0.8177807940278249,Lrp1,Lrp1,1.2553622,0.6896551724137931,Neurons,OPCs,1.4600532,0.0
Cntn4,Cntn4,1.3747245,0.6070580251102816,Aplp1,Aplp1,1.5409055,0.5556022998176974,Neurons,Oligodendrocytes,1.4578149,0.0
Ptn,Ptn,2.2824986,0.75,Sdc4,Sdc4,0.6302898,0.3634020618556701,Pericytes,Astrocytes,1.4563942,0.0
Ptn,Ptn,2.143148,0.8669950738916257,Sdc2,Sdc2,0.7667969,0.3717948717948718,OPCs,Pericytes,1.4549724,0.0
Cntn1,Cntn1,2.5617676,0.8768472906403941,Notch1,Notch1,0.34546015,0.19230769230769232,OPCs,Pericytes,1.4536139,0.0
Ptn,Ptn,2.143148,0.8669950738916257,Alk,Alk,0.76363486,0.43842364532019706,OPCs,OPCs,1.4533914,0.0
Cntn1,Cntn1,2.5617676,0.8768472906403941,Notch1,Notch1,0.34465346,0.22422680412371135,OPCs,Astrocytes,1.4532105,0.0
Ncam1,Ncam1,2.0343475,0.8275862068965517,Fgfr2,Fgfr2,0.8659368,0.652867322701052,OPCs,Neurons,1.4501421,0.0
Ptn,Ptn,2.2824986,0.75,Sdc3,Sdc3,0.6173037,0.3891625615763547,Pericytes,OPCs,1.4499011,0.0
Ncam1,Ncam1,1.8128812,0.7139175257731959,Fgfr2,Fgfr2,1.0850602,0.46038423783480575,Astrocytes,Oligodendrocytes,1.4489708,0.0
Ly86,Ly86,2.184245,0.7366255144032922,Cd180,Cd180,0.71337974,0.32510288065843623,Microglia,Microglia,1.4488125,0.0
Ncam1,Ncam1,2.0343475,0.8275862068965517,Robo1,Robo1,0.85705125,0.33894264479035197,OPCs,Oligodendrocytes,1.4456995,0.0
Ncam1,Ncam1,1.8128812,0.7139175257731959,Cacna1c,Cacna1c,1.0772452,0.6059113300492611,Astrocytes,OPCs,1.4450632,0.0
Ntn1,Ntn1,0.41347387,0.20512820512820512,Dcc,Dcc,2.4758208,0.8472906403940886,Pericytes,OPCs,1.4446473,0.0
Fgf12,Fgf12,1.8029622,0.8029556650246306,Fgfr2,Fgfr2,1.0850602,0.46038423783480575,OPCs,Oligodendrocytes,1.4440112,0.0
Slit2,Slit2,0.6824873,0.39124533423820834,Robo1,Robo1,2.203135,0.8522167487684729,Neurons,OPCs,1.4428111,0.0
Nxph1,Nxph1,2.6327152,0.8374384236453202,Nrxn2,Nrxn2,0.25109345,0.14743589743589744,OPCs,Pericytes,1.4419043,0.0
Fgf12,Fgf12,2.0168438,0.7567017305734646,Fgfr2,Fgfr2,0.8659368,0.652867322701052,Neurons,Neurons,1.4413903,0.0
Bcan,Bcan,1.1453273,0.5824742268041238,Nrcam,Nrcam,1.7372056,0.7635467980295566,Astrocytes,OPCs,1.4412665,0.0
Gnas,Gnas,2.0485275,0.8890397013912453,Adcy8,Adcy8,0.8281998,0.5564981336952833,Neurons,Neurons,1.4383637,0.0
Rims1,Rims1,1.7967662,0.7465218866644044,Cacna1c,Cacna1c,1.0772452,0.6059113300492611,Neurons,OPCs,1.4370058,0.0
Serpine2,Serpine2,1.6137776,0.7832512315270936,Lrp1,Lrp1,1.2553622,0.6896551724137931,OPCs,OPCs,1.4345698,0.0
Pros1,Pros1,0.8217711,0.37448559670781895,Mertk,Mertk,2.043777,0.7366255144032922,Microglia,Microglia,1.4327741,0.0
Adam17,Adam17,0.52026546,0.26337448559670784,Erbb4,Erbb4,2.343849,0.7216494845360825,Microglia,Astrocytes,1.4320571,0.0
Gnai2,Gnai2,0.5479544,0.2757201646090535,P2ry12,P2ry12,2.313648,0.8518518518518519,Microglia,Microglia,1.4308012,0.0
Fgf14,Fgf14,1.7758334,0.6675257731958762,Fgfr2,Fgfr2,1.0850602,0.46038423783480575,Astrocytes,Oligodendrocytes,1.4304469,0.0
Ncam1,Ncam1,2.0343475,0.8275862068965517,Ptpra,Ptpra,0.8259607,0.4074074074074074,OPCs,Microglia,1.4301541,0.0
Tgfa,Tgfa,0.5128305,0.33004926108374383,Erbb4,Erbb4,2.343849,0.7216494845360825,OPCs,Astrocytes,1.4283397,0.0
Il1rapl1,Il1rapl1,1.793646,0.654639175257732,Ptprs,Ptprs,1.0578264,0.5960591133004927,Astrocytes,OPCs,1.4257362,0.0
Ptn,Ptn,2.2824986,0.75,Sdc2,Sdc2,0.5634497,0.3427835051546392,Pericytes,Astrocytes,1.4229741,0.0
Vtn,Vtn,2.3463087,0.6217948717948718,Itgb1,Itgav_Itgb1,0.49624488,0.3251231527093596,Pericytes,OPCs,1.4212768,0.0
Nxph1,Nxph1,2.6327152,0.8374384236453202,Nrxn2,Nrxn2,0.2032566,0.13144329896907217,OPCs,Astrocytes,1.4179859,0.0
Psap,Psap,1.5766764,0.6666666666666666,Lrp1,Lrp1,1.2553622,0.6896551724137931,Microglia,OPCs,1.4160192,0.0
Vtn,Vtn,2.3463087,0.6217948717948718,Cd47,Cd47,0.48206145,0.32019704433497537,Pericytes,OPCs,1.414185,0.0
Edil3,Edil3,1.2318858,0.6240244316253818,Itgb5,Itgb5,1.5948206,0.6255144032921811,Neurons,Microglia,1.4133532,0.0
Ptn,Ptn,2.2824986,0.75,Ptprs,Ptprs,0.5431201,0.327319587628866,Pericytes,Astrocytes,1.4128094,0.0
Apoe,Apoe,1.9244893,0.8374384236453202,Lrp1,Lrp1,0.90028125,0.4551282051282051,OPCs,Pericytes,1.4123852,0.0
Il1rapl1,Il1rapl1,1.793646,0.654639175257732,Ptprs,Ptprs,1.0308105,0.7047845266372582,Astrocytes,Neurons,1.4122282,0.0
Vtn,Vtn,2.3463087,0.6217948717948718,Itgb8,Itgav_Itgb8,0.47756553,0.31527093596059114,Pericytes,OPCs,1.4119371,0.0
Il34,Il34,0.09125408,0.11163895486935867,Ptprz1,Ptprz1,2.723878,0.8571428571428571,Neurons,OPCs,1.407566,0.0
Nrxn1,Nrxn1,0.7008444,0.21778151731874912,Nlgn1,Nlgn1,2.1104903,0.7087628865979382,Oligodendrocytes,Astrocytes,1.4056673,0.3
Nlgn1,Nlgn1,2.1104903,0.7087628865979382,Nrxn1,Nrxn1,0.7008444,0.21778151731874912,Astrocytes,Oligodendrocytes,1.4056673,0.3
Apoe,Apoe,1.9244893,0.8374384236453202,Lrp1,Lrp1,0.8808295,0.4742268041237113,OPCs,Astrocytes,1.4026594,0.0
L1cam,L1cam,0.23996133,0.2829996606718697,Cntn1,Cntn1,2.5617676,0.8768472906403941,Neurons,OPCs,1.4008645,0.0
App,App,1.1517328,0.5064102564102564,Dcc,Dcc,1.6471283,0.6386155412283678,Pericytes,Neurons,1.3994305,0.0
Ncam1,Ncam1,2.0343475,0.8275862068965517,Fgfr2,Fgfr2,0.764343,0.46798029556650245,OPCs,OPCs,1.3993453,0.0
Apoe,Apoe,1.5410312,0.5064102564102564,Lrp1,Lrp1,1.2553622,0.6896551724137931,Pericytes,OPCs,1.3981967,0.0
App,App,1.6647443,0.8177807940278249,Grm7,Grm7,1.1298239,0.37498247090169684,Neurons,Oligodendrocytes,1.397284,0.95
Ptn,Ptn,0.95161796,0.40316926097321554,Ptprz1,Ptprz1,1.8369237,0.7164948453608248,Oligodendrocytes,Astrocytes,1.3942709,0.0
Ncam1,Ncam1,1.4150285,0.5330248212031973,Ncam2,Ncam2,1.3706796,0.4891319590520264,Oligodendrocytes,Oligodendrocytes,1.392854,1.0
Nrxn2,Nrxn2,0.28788555,0.15972514373860608,Nlgn1,Nlgn1,2.4956772,0.7604343400067866,Oligodendrocytes,Neurons,1.3917813,0.0
Nlgn1,Nlgn1,2.4956772,0.7604343400067866,Nrxn2,Nrxn2,0.28788555,0.15972514373860608,Neurons,Oligodendrocytes,1.3917813,0.0
Ncam1,Ncam1,1.412782,0.7502544960977265,Ncam2,Ncam2,1.3706796,0.4891319590520264,Neurons,Oligodendrocytes,1.3917308,1.0
Apoe,Apoe,1.9244893,0.8374384236453202,Lrp1,Lrp1,0.8583547,0.411522633744856,OPCs,Microglia,1.391422,0.0
Fgf12,Fgf12,2.0168438,0.7567017305734646,Fgfr2,Fgfr2,0.764343,0.46798029556650245,Neurons,OPCs,1.3905934,0.0
App,App,1.5250988,0.5727106997616043,Lrp1,Lrp1,1.2553622,0.6896551724137931,Oligodendrocytes,OPCs,1.3902304,0.0
Agt,Agt,0.9384373,0.4793814432989691,Grm7,Grm7,1.8400004,0.47435897435897434,Astrocytes,Pericytes,1.3892188,0.0
Cntn4,Cntn4,2.0800664,0.7980295566502463,Aplp1,Aplp1,0.69614536,0.5541228367831693,OPCs,Neurons,1.3881059,0.0
Ptn,Ptn,2.143148,0.8669950738916257,Sdc4,Sdc4,0.6302898,0.3634020618556701,OPCs,Astrocytes,1.3867189,0.0
Cntn1,Cntn1,1.7066429,0.6804123711340206,Nrcam,Nrcam,1.0664513,0.66270783847981,Astrocytes,Neurons,1.3865471,0.0
Dcn,Dcn,0.4233524,0.16666666666666666,Erbb4,Erbb4,2.343849,0.7216494845360825,Pericytes,Astrocytes,1.3836007,0.0
Fgf14,Fgf14,2.575546,0.8571428571428571,Fgfr1,Fgfr1,0.19155976,0.13793103448275862,OPCs,OPCs,1.3835529,0.0
App,App,0.92554754,0.5517241379310345,Grm7,Grm7,1.8400004,0.47435897435897434,OPCs,Pericytes,1.382774,0.66
Ncam1,Ncam1,1.8128812,0.7139175257731959,Fgfr2,Fgfr2,0.9517514,0.5,Astrocytes,Astrocytes,1.3823164,0.0
Cntn2,Cntn2,0.20282064,0.25212080081438754,Cntn1,Cntn1,2.5617676,0.8768472906403941,Neurons,OPCs,1.382294,0.0
Ptn,Ptn,2.143148,0.8669950738916257,Sdc3,Sdc3,0.6173037,0.3891625615763547,OPCs,OPCs,1.3802259,0.0
Nlgn1,Nlgn1,2.1104903,0.7087628865979382,Nrxn2,Nrxn2,0.6497941,0.5687139463861555,Astrocytes,Neurons,1.3801422,0.0
Nrxn2,Nrxn2,0.6497941,0.5687139463861555,Nlgn1,Nlgn1,2.1104903,0.7087628865979382,Neurons,Astrocytes,1.3801422,0.0
Gnai2,Gnai2,0.4459763,0.22435897435897437,P2ry12,P2ry12,2.313648,0.8518518518518519,Pericytes,Microglia,1.3798121,0.0
Nxph1,Nxph1,1.2188966,0.5242619613165932,Nrxn2,Nrxn2,1.5403115,0.7536945812807881,Neurons,OPCs,1.3796041,0.0
Vtn,Vtn,2.3463087,0.6217948717948718,Itgav,Itgav_Itgb8,0.40935338,0.25773195876288657,Pericytes,Astrocytes,1.377831,0.0
Fgf12,Fgf12,1.8029622,0.8029556650246306,Fgfr2,Fgfr2,0.9517514,0.5,OPCs,Astrocytes,1.3773568,0.0
Ncam1,Ncam1,0.25594413,0.1111111111111111,Ncam2,Ncam2,2.4932775,0.8374384236453202,Microglia,OPCs,1.3746109,0.72
Rims1,Rims1,1.6710672,0.7438423645320197,Cacna1c,Cacna1c,1.0772452,0.6059113300492611,OPCs,OPCs,1.3741562,0.0
Nrxn2,Nrxn2,0.25109345,0.14743589743589744,Nlgn1,Nlgn1,2.4956772,0.7604343400067866,Pericytes,Neurons,1.3733853,0.0
Nlgn1,Nlgn1,2.4956772,0.7604343400067866,Nrxn2,Nrxn2,0.25109345,0.14743589743589744,Neurons,Pericytes,1.3733853,0.0
Ncam1,Ncam1,1.4150285,0.5330248212031973,Cacna1c,Cacna1c,1.3281378,0.7115710892432983,Oligodendrocytes,Neurons,1.3715831,0.0
Ncam1,Ncam1,1.412782,0.7502544960977265,Cacna1c,Cacna1c,1.3281378,0.7115710892432983,Neurons,Neurons,1.3704598,0.0
C1qb,C1qb,2.5735238,0.7818930041152263,C1qbp,C1qbp,0.16056582,0.15710892432982695,Microglia,Neurons,1.3670448,0.0
Vtn,Vtn,2.3463087,0.6217948717948718,Cd47,Cd47,0.3864545,0.19753086419753085,Pericytes,Microglia,1.3663816,0.0
Vtn,Vtn,2.3463087,0.6217948717948718,Itgav,Itgav_Itgb1,0.38362354,0.21794871794871795,Pericytes,Pericytes,1.3649662,0.0
Vtn,Vtn,2.3463087,0.6217948717948718,Itgav,Itgav_Itgb5,0.38362354,0.21794871794871795,Pericytes,Pericytes,1.3649662,0.0
Fgf14,Fgf14,1.7758334,0.6675257731958762,Fgfr2,Fgfr2,0.9517514,0.5,Astrocytes,Astrocytes,1.3637924,0.0
Lgi1,Lgi1,1.5004201,0.6288659793814433,Adam22,Adam22,1.2214439,0.7200542925008483,Astrocytes,Neurons,1.360932,0.0
Ncam1,Ncam1,0.5186237,0.22435897435897437,Robo1,Robo1,2.203135,0.8522167487684729,Pericytes,OPCs,1.3608794,0.03
Ncam1,Ncam1,1.4150285,0.5330248212031973,Cacna1c,Cacna1c,1.306335,0.44871794871794873,Oligodendrocytes,Pericytes,1.3606818,0.0
Ncam1,Ncam1,1.412782,0.7502544960977265,Cacna1c,Cacna1c,1.306335,0.44871794871794873,Neurons,Pericytes,1.3595585,0.0
Dscam,Dscam,0.24190983,0.10910110783901276,Dcc,Dcc,2.4758208,0.8472906403940886,Oligodendrocytes,OPCs,1.3588653,0.0
Ncam1,Ncam1,1.4150285,0.5330248212031973,Ncam2,Ncam2,1.3012524,0.5592783505154639,Oligodendrocytes,Astrocytes,1.3581405,0.97
Ncam1,Ncam1,1.412782,0.7502544960977265,Ncam2,Ncam2,1.3012524,0.5592783505154639,Neurons,Astrocytes,1.3570172,1.0
Ptn,Ptn,2.2824986,0.75,Sdc2,Sdc2,0.4266089,0.2660098522167488,Pericytes,OPCs,1.3545537,0.0
Ncam1,Ncam1,2.0343475,0.8275862068965517,Ptpra,Ptpra,0.6722777,0.43349753694581283,OPCs,OPCs,1.3533126,0.0
Ptn,Ptn,2.143148,0.8669950738916257,Sdc2,Sdc2,0.5634497,0.3427835051546392,OPCs,Astrocytes,1.3532988,0.0
Bcan,Bcan,1.1453273,0.5824742268041238,Nrcam,Nrcam,1.5602683,0.6597938144329897,Astrocytes,Astrocytes,1.3527977,0.0
Nlgn1,Nlgn1,2.4956772,0.7604343400067866,Nrxn2,Nrxn2,0.2032566,0.13144329896907217,Neurons,Astrocytes,1.3494669,0.0
Nrxn2,Nrxn2,0.2032566,0.13144329896907217,Nlgn1,Nlgn1,2.4956772,0.7604343400067866,Astrocytes,Neurons,1.3494669,0.0
Nrg3,Nrg3,2.4467902,0.8374384236453202,Egfr,Egfr,0.25086373,0.1282051282051282,OPCs,Pericytes,1.348827,0.0
Gpc3,Gpc3,0.3531272,0.15384615384615385,Cd81,Cd81,2.3445213,0.8271604938271605,Pericytes,Microglia,1.3488243,0.0
Ptn,Ptn,2.2824986,0.75,Alk,Alk,0.4133415,0.3189684424838819,Pericytes,Neurons,1.3479201,0.0
Ptn,Ptn,0.8578954,0.41494845360824745,Ptprz1,Ptprz1,1.8369237,0.7164948453608248,Astrocytes,Astrocytes,1.3474095,0.0
App,App,1.1517328,0.5064102564102564,Aplp1,Aplp1,1.5409055,0.5556022998176974,Pericytes,Oligodendrocytes,1.3463192,0.42
Cntn6,Cntn6,1.0306252,0.5873769935527655,Ptprg,Ptprg,1.6610397,0.7684729064039408,Neurons,OPCs,1.3458325,0.0
Apoe,Apoe,1.9244893,0.8374384236453202,Sdc2,Sdc2,0.7667969,0.3717948717948718,OPCs,Pericytes,1.345643,0.0
Gnas,Gnas,2.0485275,0.8890397013912453,Adcy8,Adcy8,0.64238846,0.3711340206185567,Neurons,Astrocytes,1.345458,0.0
Ncam1,Ncam1,2.0343475,0.8275862068965517,Ptpra,Ptpra,0.655177,0.37371134020618557,OPCs,Astrocytes,1.3447623,0.0
Ptn,Ptn,2.143148,0.8669950738916257,Ptprs,Ptprs,0.5431201,0.327319587628866,OPCs,Astrocytes,1.343134,0.0
Ncam1,Ncam1,2.0343475,0.8275862068965517,Fgfr2,Fgfr2,0.64959764,0.3333333333333333,OPCs,Pericytes,1.3419726,0.0
Ncam1,Ncam1,1.8128812,0.7139175257731959,Fgfr2,Fgfr2,0.8659368,0.652867322701052,Astrocytes,Neurons,1.339409,0.0
Cfh,Cfh,1.6815296,0.654320987654321,Itgam,Itgam,0.9971714,0.4403292181069959,Microglia,Microglia,1.3393505,0.0
Il1rapl1,Il1rapl1,2.1355574,0.6935866983372921,Ptprs,Ptprs,0.5431201,0.327319587628866,Neurons,Astrocytes,1.3393388,0.0
Spon1,Spon1,1.5267022,0.729064039408867,App,App,1.1517328,0.5064102564102564,OPCs,Pericytes,1.3392174,0.0
Vtn,Vtn,2.3463087,0.6217948717948718,Cd47,Cd47,0.32969865,0.1771140092553639,Pericytes,Oligodendrocytes,1.3380036,0.0
App,App,1.1517328,0.5064102564102564,Grm7,Grm7,1.520814,0.6847290640394089,Pericytes,OPCs,1.3362734,0.83
Ncam1,Ncam1,1.8128812,0.7139175257731959,Robo1,Robo1,0.85705125,0.33894264479035197,Astrocytes,Oligodendrocytes,1.3349662,0.0
Fgf12,Fgf12,1.8029622,0.8029556650246306,Fgfr2,Fgfr2,0.8659368,0.652867322701052,OPCs,Neurons,1.3344495,0.0
Apoe,Apoe,1.0754791,0.388865516757818,Trem2,Trem2,1.5929699,0.6213991769547325,Oligodendrocytes,Microglia,1.3342245,0.0
Ptn,Ptn,2.2824986,0.75,Ptprz1,Ptprz1,0.38583654,0.16025641025641027,Pericytes,Pericytes,1.3341676,0.0
Fgf12,Fgf12,2.0168438,0.7567017305734646,Fgfr2,Fgfr2,0.64959764,0.3333333333333333,Neurons,Pericytes,1.3332207,0.0
Sorbs1,Sorbs1,1.0688729,0.47435897435897434,Itgb5,Itgb5,1.5948206,0.6255144032921811,Pericytes,Microglia,1.3318467,0.0
Vtn,Vtn,2.3463087,0.6217948717948718,Cd47,Cd47,0.3118425,0.17307692307692307,Pericytes,Pericytes,1.3290756,0.0
Adam10,Adam10,0.9186879,0.43209876543209874,Nrcam,Nrcam,1.7372056,0.7635467980295566,Microglia,OPCs,1.3279468,0.0
Ptn,Ptn,2.2824986,0.75,Ptprz1,Ptprz1,0.37338203,0.3003053953172718,Pericytes,Neurons,1.3279403,0.0
Edil3,Edil3,1.7562252,0.5213854999298836,Itgav,Itgav,0.89926815,0.5320197044334976,Oligodendrocytes,OPCs,1.3277466,0.0
App,App,1.5250988,0.5727106997616043,Grm7,Grm7,1.1298239,0.37498247090169684,Oligodendrocytes,Oligodendrocytes,1.3274614,1.0
Ptn,Ptn,2.2824986,0.75,Ptprs,Ptprs,0.36926973,0.205761316872428,Pericytes,Microglia,1.3258841,0.0
Ncam1,Ncam1,2.0343475,0.8275862068965517,Robo1,Robo1,0.6159328,0.30927835051546393,OPCs,Astrocytes,1.3251402,0.02
Slit2,Slit2,0.17040688,0.11330049261083744,Dcc,Dcc,2.4758208,0.8472906403940886,OPCs,OPCs,1.3231138,0.0
Alcam,Alcam,1.7066393,0.7832512315270936,Chl1,Chl1,0.93721485,0.4742268041237113,OPCs,Astrocytes,1.3219271,0.0
Il18,Il18,0.50689685,0.30927835051546393,Il1rapl1,Il1rapl1,2.1355574,0.6935866983372921,Astrocytes,Neurons,1.3212271,0.0
Fgf14,Fgf14,1.7758334,0.6675257731958762,Fgfr2,Fgfr2,0.8659368,0.652867322701052,Astrocytes,Neurons,1.3208851,0.0
Mfge8,Mfge8,0.5785316,0.25,Pdgfrb,Pdgfrb,2.0620227,0.8141025641025641,Pericytes,Pericytes,1.3202772,0.0
Ncam1,Ncam1,1.8128812,0.7139175257731959,Ptpra,Ptpra,0.8259607,0.4074074074074074,Astrocytes,Microglia,1.3194209,0.0
App,App,0.6004882,0.29218106995884774,Grm7,Grm7,2.0295486,0.7010519172039362,Microglia,Neurons,1.3150184,0.99
Vtn,Vtn,2.3463087,0.6217948717948718,Itgb5,Itgav_Itgb5,0.2834249,0.17525773195876287,Pericytes,Astrocytes,1.3148668,0.0
Lama2,Lama2,1.4791735,0.5897435897435898,Itga1,Itga1,1.150206,0.4358974358974359,Pericytes,Pericytes,1.3146898,0.0
Il34,Il34,0.7875591,0.33974358974358976,Ptprz1,Ptprz1,1.8369237,0.7164948453608248,Pericytes,Astrocytes,1.3122414,0.0
Gnai2,Gnai2,0.30984014,0.21182266009852216,P2ry12,P2ry12,2.313648,0.8518518518518519,OPCs,Microglia,1.3117441,0.0
Ncam1,Ncam1,2.0343475,0.8275862068965517,Gfra1,Gfra1,0.588555,0.3793103448275862,OPCs,OPCs,1.3114512,0.0
Edil3,Edil3,1.7562252,0.5213854999298836,Itgav,Itgav,0.8661415,0.4074074074074074,Oligodendrocytes,Microglia,1.3111833,0.0
Apoe,Apoe,1.3625994,0.45267489711934156,Lrp1,Lrp1,1.2553622,0.6896551724137931,Microglia,OPCs,1.3089807,0.0
Gnas,Gnas,2.0485275,0.8890397013912453,Adcy8,Adcy8,0.5676797,0.3448275862068966,Neurons,OPCs,1.3081036,0.0
Ptn,Ptn,2.2824986,0.75,Cdh10,Cdh10,0.3326356,0.14743589743589744,Pericytes,Pericytes,1.3075671,0.0
Cntn4,Cntn4,2.0800664,0.7980295566502463,Aplp1,Aplp1,0.53228176,0.28350515463917525,OPCs,Astrocytes,1.306174,0.0
Ptn,Ptn,2.2824986,0.75,Sdc3,Sdc3,0.32177192,0.16025641025641027,Pericytes,Pericytes,1.3021352,0.0
Lgi1,Lgi1,1.5004201,0.6288659793814433,Adam23,Adam23,1.1024332,0.677638276213098,Astrocytes,Neurons,1.3014266,0.0
Ncam1,Ncam1,2.0343475,0.8275862068965517,Robo1,Robo1,0.56691456,0.23076923076923078,OPCs,Pericytes,1.300631,0.13
Adam17,Adam17,0.25703877,0.1724137931034483,Erbb4,Erbb4,2.343849,0.7216494845360825,OPCs,Astrocytes,1.3004439,0.0
Gnas,Gnas,2.0485275,0.8890397013912453,Adcy9,Adcy9,0.5512227,0.513403461146929,Neurons,Neurons,1.299875,0.0
Nlgn1,Nlgn1,2.1104903,0.7087628865979382,Nrxn1,Nrxn1,0.47925296,0.13168724279835392,Astrocytes,Microglia,1.2948717,0.92
Nrxn1,Nrxn1,0.47925296,0.13168724279835392,Nlgn1,Nlgn1,2.1104903,0.7087628865979382,Microglia,Astrocytes,1.2948717,0.92
Vegfa,Vegfa,0.65000755,0.36597938144329895,Itga9,Itga9,1.9386214,0.7783251231527094,Astrocytes,OPCs,1.2943145,0.0
Gpc3,Gpc3,0.3531272,0.15384615384615385,Cd81,Cd81,2.2351925,0.8015463917525774,Pericytes,Astrocytes,1.2941599,0.0
Ntn4,Ntn4,0.11016745,0.1323379708177808,Dcc,Dcc,2.4758208,0.8472906403940886,Neurons,OPCs,1.2929941,0.0
Gnas,Gnas,2.0485275,0.8890397013912453,Adcy9,Adcy9,0.5369343,0.28846153846153844,Neurons,Pericytes,1.2927309,0.0
Psap,Psap,1.0986958,0.5489690721649485,Gpr37l1,Gpr37l1,1.4791247,0.6649484536082474,Astrocytes,Astrocytes,1.2889102,0.0
Ncam1,Ncam1,1.8128812,0.7139175257731959,Fgfr2,Fgfr2,0.764343,0.46798029556650245,Astrocytes,OPCs,1.2886121,0.05
Ptn,Ptn,2.2824986,0.75,Ncl,Ncl,0.29456192,0.16025641025641027,Pericytes,Pericytes,1.2885302,0.0
App,App,0.92554754,0.5517241379310345,Dcc,Dcc,1.6471283,0.6386155412283678,OPCs,Neurons,1.286338,0.01
App,App,1.6647443,0.8177807940278249,Rpsa,Rpsa,0.9063404,0.35436825129715327,Neurons,Oligodendrocytes,1.2855424,0.0
Ptn,Ptn,2.143148,0.8669950738916257,Sdc2,Sdc2,0.4266089,0.2660098522167488,OPCs,OPCs,1.2848784,0.0
Vtn,Vtn,2.3463087,0.6217948717948718,Itgb8,Itgav_Itgb8,0.22328635,0.12634974056934511,Pericytes,Oligodendrocytes,1.2847975,0.0
Ncam1,Ncam1,2.0343475,0.8275862068965517,Ptpra,Ptpra,0.53463,0.28172766792876175,OPCs,Oligodendrocytes,1.2844888,0.0
Ptn,Ptn,2.2824986,0.75,Ncl,Ncl,0.28549346,0.1921182266009852,Pericytes,OPCs,1.283996,0.0
Ncam1,Ncam1,2.0343475,0.8275862068965517,Ptpra,Ptpra,0.53325456,0.3076923076923077,OPCs,Pericytes,1.2838011,0.0
Fgf12,Fgf12,1.8029622,0.8029556650246306,Fgfr2,Fgfr2,0.764343,0.46798029556650245,OPCs,OPCs,1.2836525,0.0
App,App,1.6647443,0.8177807940278249,Lrp1,Lrp1,0.90028125,0.4551282051282051,Neurons,Pericytes,1.2825128,0.0
Vtn,Vtn,2.3463087,0.6217948717948718,Itgb8,Itgav_Itgb8,0.21812287,0.1282051282051282,Pericytes,Pericytes,1.2822158,0.0
Ntn1,Ntn1,0.9165528,0.5369458128078818,Dcc,Dcc,1.6471283,0.6386155412283678,OPCs,Neurons,1.2818406,0.0
Ptn,Ptn,2.2824986,0.75,Ptprs,Ptprs,0.2808447,0.17307692307692307,Pericytes,Pericytes,1.2816716,0.0
Apoe,Apoe,1.9244893,0.8374384236453202,Lrp6,Lrp6,0.63835216,0.4088669950738916,OPCs,OPCs,1.2814207,0.0
Vtn,Vtn,2.3463087,0.6217948717948718,Itgb1,Itgav_Itgb1,0.2157086,0.13402061855670103,Pericytes,Astrocytes,1.2810086,0.0
Cntn1,Cntn1,1.4953362,0.7570410587037666,Nrcam,Nrcam,1.0664513,0.66270783847981,Neurons,Neurons,1.2808938,0.0
Sorbs1,Sorbs1,0.96638805,0.5,Itgb5,Itgb5,1.5948206,0.6255144032921811,Astrocytes,Microglia,1.2806044,0.0
Ptn,Ptn,2.2824986,0.75,Sdc2,Sdc2,0.27804708,0.27994570749915165,Pericytes,Neurons,1.2802728,0.0
Ptn,Ptn,2.143148,0.8669950738916257,Alk,Alk,0.4133415,0.3189684424838819,OPCs,Neurons,1.2782447,0.0
Ptn,Ptn,2.2824986,0.75,Ncl,Ncl,0.273288,0.2734984730234136,Pericytes,Neurons,1.2778933,0.0
Gnai2,Gnai2,0.2388187,0.13402061855670103,P2ry12,P2ry12,2.313648,0.8518518518518519,Astrocytes,Microglia,1.2762333,0.0
Ncam1,Ncam1,2.0343475,0.8275862068965517,Ptpra,Ptpra,0.51325756,0.4906684764166949,OPCs,Neurons,1.2738025,0.0
Ntn1,Ntn1,0.41347387,0.20512820512820512,Unc5c,Unc5c,2.133964,0.8226600985221675,Pericytes,OPCs,1.273719,0.0
App,App,1.6647443,0.8177807940278249,Lrp1,Lrp1,0.8808295,0.4742268041237113,Neurons,Astrocytes,1.2727869,0.0
Adam10,Adam10,0.9186879,0.43209876543209874,Cadm1,Cadm1,1.6238371,0.7438423645320197,Microglia,OPCs,1.2712625,0.0
Efnb2,Efnb2,0.10097656,0.12690872073294876,Grm5,Grm5,2.44134,0.8374384236453202,Neurons,OPCs,1.2711582,0.0
Tgfa,Tgfa,0.1977846,0.10699588477366255,Erbb4,Erbb4,2.343849,0.7216494845360825,Microglia,Astrocytes,1.2708168,0.0
Fgf14,Fgf14,1.7758334,0.6675257731958762,Fgfr2,Fgfr2,0.764343,0.46798029556650245,Astrocytes,OPCs,1.2700882,0.0
Ptn,Ptn,2.2824986,0.75,Plxnb2,Plxnb2,0.2572412,0.13580246913580246,Pericytes,Microglia,1.2698699,0.0
Il18,Il18,0.40312713,0.27586206896551724,Il1rapl1,Il1rapl1,2.1355574,0.6935866983372921,OPCs,Neurons,1.2693423,0.0
Psap,Psap,1.5766764,0.6666666666666666,Gpr37l1,Gpr37l1,0.958507,0.5566502463054187,Microglia,OPCs,1.2675917,0.0
Ncam1,Ncam1,2.0343475,0.8275862068965517,Fgfr2,Fgfr2,0.49607632,0.25925925925925924,OPCs,Microglia,1.2652119,0.1
Ptn,Ptn,2.143148,0.8669950738916257,Ptprz1,Ptprz1,0.38583654,0.16025641025641027,OPCs,Pericytes,1.2644923,0.0
Vtn,Vtn,2.3463087,0.6217948717948718,Cd47,Cd47,0.18265483,0.1056701030927835,Pericytes,Astrocytes,1.2644818,0.0
Gpc3,Gpc3,0.18304504,0.15405497115710892,Cd81,Cd81,2.3445213,0.8271604938271605,Neurons,Microglia,1.2637832,0.0
Ptn,Ptn,2.2824986,0.75,Ncl,Ncl,0.24299379,0.14690721649484537,Pericytes,Astrocytes,1.2627462,0.0
App,App,1.6647443,0.8177807940278249,Lrp1,Lrp1,0.8583547,0.411522633744856,Neurons,Microglia,1.2615495,0.0
Cgn,Cgn,0.09886319,0.12792670512385476,Tgfbr1,Tgfbr1,2.4241934,0.7654320987654321,Neurons,Microglia,1.2615283,0.0
Gnas,Gnas,2.0485275,0.8890397013912453,Adcy9,Adcy9,0.47359568,0.24279835390946503,Neurons,Microglia,1.2610615,0.0
Ptn,Ptn,2.2824986,0.75,Ncl,Ncl,0.2377526,0.11555181601458421,Pericytes,Oligodendrocytes,1.2601256,0.0
Gnai2,Gnai2,0.20350024,0.10531482260552517,P2ry12,P2ry12,2.313648,0.8518518518518519,Oligodendrocytes,Microglia,1.2585741,0.0
Ptn,Ptn,2.143148,0.8669950738916257,Ptprz1,Ptprz1,0.37338203,0.3003053953172718,OPCs,Neurons,1.258265,0.0
Sst,Sst,0.4847642,0.24363759755683745,Grm7,Grm7,2.0295486,0.7010519172039362,Neurons,Neurons,1.2571564,0.0
Serpine2,Serpine2,1.6137776,0.7832512315270936,Lrp1,Lrp1,0.90028125,0.4551282051282051,OPCs,Pericytes,1.2570294,0.0
Ntrk3,Ntrk3,1.4552622,0.7192118226600985,Ptprs,Ptprs,1.0578264,0.5960591133004927,OPCs,OPCs,1.2565444,0.0
Fgf12,Fgf12,2.0168438,0.7567017305734646,Fgfr2,Fgfr2,0.49607632,0.25925925925925924,Neurons,Microglia,1.2564601,0.0
Ptn,Ptn,2.143148,0.8669950738916257,Ptprs,Ptprs,0.36926973,0.205761316872428,OPCs,Microglia,1.2562089,0.0
Adam10,Adam10,0.9186879,0.43209876543209874,Trem2,Trem2,1.5929699,0.6213991769547325,Microglia,Microglia,1.2558289,0.0
Ptn,Ptn,2.2824986,0.75,Ptprs,Ptprs,0.22819644,0.12074042911232646,Pericytes,Oligodendrocytes,1.2553475,0.0
Rims2,Rims2,2.007763,0.7539871055310485,Abca1,Abca1,0.5024027,0.2345679012345679,Neurons,Microglia,1.2550828,0.0
Il1rapl1,Il1rapl1,2.1355574,0.6935866983372921,Ptprs,Ptprs,0.36926973,0.205761316872428,Neurons,Microglia,1.2524135,0.0
Ncam1,Ncam1,1.4150285,0.5330248212031973,Fgfr2,Fgfr2,1.0850602,0.46038423783480575,Oligodendrocytes,Oligodendrocytes,1.2500443,0.0
Ncam1,Ncam1,1.412782,0.7502544960977265,Fgfr2,Fgfr2,1.0850602,0.46038423783480575,Neurons,Oligodendrocytes,1.2489212,0.0
Apoe,Apoe,1.9244893,0.8374384236453202,Sorl1,Sorl1,0.5721202,0.34536082474226804,OPCs,Astrocytes,1.2483047,0.0
Ptn,Ptn,2.2824986,0.75,Sdc3,Sdc3,0.21290232,0.13144329896907217,Pericytes,Astrocytes,1.2477005,0.0
Serpine2,Serpine2,1.6137776,0.7832512315270936,Lrp1,Lrp1,0.8808295,0.4742268041237113,OPCs,Astrocytes,1.2473036,0.0
App,App,0.46430153,0.24742268041237114,Grm7,Grm7,2.0295486,0.7010519172039362,Astrocytes,Neurons,1.2469251,1.0
Slit3,Slit3,0.29034072,0.2147947064811673,Robo1,Robo1,2.203135,0.8522167487684729,Neurons,OPCs,1.2467378,0.0
Ncam1,Ncam1,1.4150285,0.5330248212031973,Cacna1c,Cacna1c,1.0772452,0.6059113300492611,Oligodendrocytes,OPCs,1.2461369,0.0
Ncam1,Ncam1,1.412782,0.7502544960977265,Cacna1c,Cacna1c,1.0772452,0.6059113300492611,Neurons,OPCs,1.2450136,0.0
Cntn4,Cntn4,1.3747245,0.6070580251102816,Ptprg,Ptprg,1.1134903,0.6576179165252799,Neurons,Neurons,1.2441075,0.0
Bcan,Bcan,0.7508833,0.46798029556650245,Nrcam,Nrcam,1.7372056,0.7635467980295566,OPCs,OPCs,1.2440444,0.0
Apoe,Apoe,1.9244893,0.8374384236453202,Sdc2,Sdc2,0.5634497,0.3427835051546392,OPCs,Astrocytes,1.2439694,0.0
Spon1,Spon1,0.8228557,0.4484536082474227,App,App,1.6647443,0.8177807940278249,Astrocytes,Neurons,1.2437999,0.0
Adam17,Adam17,0.14369662,0.1866304716661011,Erbb4,Erbb4,2.343849,0.7216494845360825,Neurons,Astrocytes,1.2437727,0.0
Gpc3,Gpc3,0.3531272,0.15384615384615385,Unc5c,Unc5c,2.133964,0.8226600985221675,Pericytes,OPCs,1.2435457,0.0
Penk,Penk,0.4568181,0.26060400407193757,Grm7,Grm7,2.0295486,0.7010519172039362,Neurons,Neurons,1.2431834,0.0
Ntrk3,Ntrk3,1.4552622,0.7192118226600985,Ptprs,Ptprs,1.0308105,0.7047845266372582,OPCs,Neurons,1.2430363,0.0
Ncam1,Ncam1,1.8128812,0.7139175257731959,Ptpra,Ptpra,0.6722777,0.43349753694581283,Astrocytes,OPCs,1.2425795,0.0
Cntn3,Cntn3,0.8210859,0.502544960977265,Ptprg,Ptprg,1.6610397,0.7684729064039408,Neurons,OPCs,1.2410628,0.0
Cntn4,Cntn4,1.3747245,0.6070580251102816,Ptprg,Ptprg,1.1049616,0.4551282051282051,Neurons,Pericytes,1.2398431,0.0
Adam10,Adam10,0.9186879,0.43209876543209874,Nrcam,Nrcam,1.5602683,0.6597938144329897,Microglia,Astrocytes,1.2394781,0.0
App,App,1.6647443,0.8177807940278249,Aplp2,Aplp2,0.81325376,0.6331862911435358,Neurons,Neurons,1.238999,0.0
Ptn,Ptn,2.2824986,0.75,Ncl,Ncl,0.19548862,0.102880658436214,Pericytes,Microglia,1.2389936,0.0
Psap,Psap,1.5766764,0.6666666666666666,Lrp1,Lrp1,0.90028125,0.4551282051282051,Microglia,Pericytes,1.2384788,0.0
Edil3,Edil3,1.5772827,0.7142857142857143,Itgav,Itgav,0.89926815,0.5320197044334976,OPCs,OPCs,1.2382754,0.0
Gnas,Gnas,2.0485275,0.8890397013912453,Adcy9,Adcy9,0.42773306,0.29064039408866993,Neurons,OPCs,1.2381303,0.0
Ptn,Ptn,2.143148,0.8669950738916257,Cdh10,Cdh10,0.3326356,0.14743589743589744,OPCs,Pericytes,1.2378918,0.0
Gnai2,Gnai2,0.15861359,0.16762809636918902,P2ry12,P2ry12,2.313648,0.8518518518518519,Neurons,Microglia,1.2361308,0.0
Serpine2,Serpine2,1.6137776,0.7832512315270936,Lrp1,Lrp1,0.8583547,0.411522633744856,OPCs,Microglia,1.2360661,0.0
Gnas,Gnas,2.0485275,0.8890397013912453,Adcy7,Adcy7,0.42093673,0.20164609053497942,Neurons,Microglia,1.2347322,0.0
Ncam1,Ncam1,1.8128812,0.7139175257731959,Ptpra,Ptpra,0.655177,0.37371134020618557,Astrocytes,Astrocytes,1.234029,0.0
App,App,0.92554754,0.5517241379310345,Aplp1,Aplp1,1.5409055,0.5556022998176974,OPCs,Oligodendrocytes,1.2332265,1.0
Sdc2,Sdc2,0.7667969,0.3717948717948718,Ptprj,Ptprj,1.6990496,0.6790123456790124,Pericytes,Microglia,1.2329233,0.0
Apoe,Apoe,1.9244893,0.8374384236453202,Lrp1,Lrp1,0.54086536,0.5218866644044792,OPCs,Neurons,1.2326773,0.0
Ptn,Ptn,2.143148,0.8669950738916257,Sdc3,Sdc3,0.32177192,0.16025641025641027,OPCs,Pericytes,1.2324599,0.0
Ncam1,Ncam1,1.8128812,0.7139175257731959,Fgfr2,Fgfr2,0.64959764,0.3333333333333333,Astrocytes,Pericytes,1.2312394,0.34
Cntn4,Cntn4,2.0800664,0.7980295566502463,Aplp1,Aplp1,0.3823676,0.26108374384236455,OPCs,OPCs,1.231217,0.0
Agt,Agt,0.9384373,0.4793814432989691,Grm7,Grm7,1.520814,0.6847290640394089,Astrocytes,OPCs,1.2296256,0.0
Ncam1,Ncam1,0.25594413,0.1111111111111111,Robo1,Robo1,2.203135,0.8522167487684729,Microglia,OPCs,1.2295396,0.52
Psap,Psap,1.5766764,0.6666666666666666,Lrp1,Lrp1,0.8808295,0.4742268041237113,Microglia,Astrocytes,1.228753,0.0
Vcl,Vcl,0.86243504,0.4639175257731959,Itgb5,Itgb5,1.5948206,0.6255144032921811,Astrocytes,Microglia,1.2286278,0.0
Cntn4,Cntn4,1.3747245,0.6070580251102816,Ptprg,Ptprg,1.0817091,0.5360824742268041,Neurons,Astrocytes,1.2282169,0.0
Vtn,Vtn,2.3463087,0.6217948717948718,Itga3,Itga3,0.10994522,0.14183915846623685,Pericytes,Neurons,1.228127,0.0
Olfm2,Olfm2,0.8961991,0.5369458128078818,Robo2,Robo2,1.5579807,0.7064811672887682,OPCs,Neurons,1.2270899,0.0
Fgf12,Fgf12,1.8029622,0.8029556650246306,Fgfr2,Fgfr2,0.64959764,0.3333333333333333,OPCs,Pericytes,1.22628,0.0
Spon1,Spon1,1.5267022,0.729064039408867,App,App,0.92554754,0.5517241379310345,OPCs,OPCs,1.2261249,0.0
Alcam,Alcam,1.7066393,0.7832512315270936,Chl1,Chl1,0.7434876,0.5212080081438751,OPCs,Neurons,1.2250634,0.0
App,App,0.92554754,0.5517241379310345,Grm7,Grm7,1.520814,0.6847290640394089,OPCs,OPCs,1.2231808,0.99
Edil3,Edil3,1.5772827,0.7142857142857143,Itgav,Itgav,0.8661415,0.4074074074074074,OPCs,Microglia,1.2217121,0.0
Rims2,Rims2,2.007763,0.7539871055310485,Abca1,Abca1,0.43556362,0.27319587628865977,Neurons,Astrocytes,1.2216632,0.0
Il18,Il18,0.30750948,0.17010236993409059,Il1rapl1,Il1rapl1,2.1355574,0.6935866983372921,Oligodendrocytes,Neurons,1.2215334,0.0
Apoe,Apoe,1.5410312,0.5064102564102564,Lrp1,Lrp1,0.90028125,0.4551282051282051,Pericytes,Pericytes,1.2206563,0.0
App,App,0.6004882,0.29218106995884774,Grm7,Grm7,1.8400004,0.47435897435897434,Microglia,Pericytes,1.2202443,1.0
Ptn,Ptn,2.143148,0.8669950738916257,Ncl,Ncl,0.29456192,0.16025641025641027,OPCs,Pericytes,1.2188549,0.0
Psap,Psap,0.9567941,0.6827281981676281,Gpr37l1,Gpr37l1,1.4791247,0.6649484536082474,Neurons,Astrocytes,1.2179594,0.0
Psap,Psap,1.5766764,0.6666666666666666,Lrp1,Lrp1,0.8583547,0.411522633744856,Microglia,Microglia,1.2175155,0.0
Vegfa,Vegfa,0.4938224,0.2955665024630542,Itga9,Itga9,1.9386214,0.7783251231527094,OPCs,OPCs,1.2162219,0.0
App,App,1.5250988,0.5727106997616043,Rpsa,Rpsa,0.9063404,0.35436825129715327,Oligodendrocytes,Oligodendrocytes,1.2157196,0.0
Ncam1,Ncam1,1.8128812,0.7139175257731959,Robo1,Robo1,0.6159328,0.30927835051546393,Astrocytes,Astrocytes,1.214407,0.67
Ptn,Ptn,2.143148,0.8669950738916257,Ncl,Ncl,0.28549346,0.1921182266009852,OPCs,OPCs,1.2143207,0.0
Ncam1,Ncam1,2.0343475,0.8275862068965517,Ncam2,Ncam2,0.39391673,0.17307692307692307,OPCs,Pericytes,1.2141321,1.0
Efna5,Efna5,0.88978624,0.5561588055649813,Epha5,Epha5,1.5374329,0.7095351204614863,Neurons,Neurons,1.2136096,0.0
Apoe,Apoe,1.9244893,0.8374384236453202,Abca1,Abca1,0.5024027,0.2345679012345679,OPCs,Microglia,1.213446,0.0
Fgf14,Fgf14,1.7758334,0.6675257731958762,Fgfr2,Fgfr2,0.64959764,0.3333333333333333,Astrocytes,Pericytes,1.2127155,0.01
App,App,1.5250988,0.5727106997616043,Lrp1,Lrp1,0.90028125,0.4551282051282051,Oligodendrocytes,Pericytes,1.21269,0.0
Ptn,Ptn,2.143148,0.8669950738916257,Ptprs,Ptprs,0.2808447,0.17307692307692307,OPCs,Pericytes,1.2119963,0.0
Selplg,Selplg,2.0867236,0.7283950617283951,Esam,Esam,0.3358846,0.15384615384615385,Microglia,Pericytes,1.2113041,0.0
Apoe,Apoe,1.5410312,0.5064102564102564,Lrp1,Lrp1,0.8808295,0.4742268041237113,Pericytes,Astrocytes,1.2109303,0.0
Ptn,Ptn,2.143148,0.8669950738916257,Sdc2,Sdc2,0.27804708,0.27994570749915165,OPCs,Neurons,1.2105975,0.0
Ncam1,Ncam1,2.0343475,0.8275862068965517,Ptprz1,Ptprz1,0.38583654,0.16025641025641027,OPCs,Pericytes,1.2100921,0.0
Gpc3,Gpc3,0.18304504,0.15405497115710892,Cd81,Cd81,2.2351925,0.8015463917525774,Neurons,Astrocytes,1.2091188,0.0
Ptn,Ptn,2.143148,0.8669950738916257,Ncl,Ncl,0.273288,0.2734984730234136,OPCs,Neurons,1.208218,0.0
Il1rapl1,Il1rapl1,2.1355574,0.6935866983372921,Ptprs,Ptprs,0.2808447,0.17307692307692307,Neurons,Pericytes,1.208201,0.0
Il18,Il18,0.27630234,0.16025641025641027,Il1rapl1,Il1rapl1,2.1355574,0.6935866983372921,Pericytes,Neurons,1.2059299,0.0
Ptn,Ptn,0.95161796,0.40316926097321554,Cdh10,Cdh10,1.4597478,0.615979381443299,Oligodendrocytes,Astrocytes,1.2056829,0.0
Ncam1,Ncam1,2.0343475,0.8275862068965517,Fgfr1,Fgfr1,0.37643418,0.1987179487179487,OPCs,Pericytes,1.2053908,0.0
Ncam1,Ncam1,2.0343475,0.8275862068965517,Ptprz1,Ptprz1,0.37338203,0.3003053953172718,OPCs,Neurons,1.2038648,0.0
App,App,1.1517328,0.5064102564102564,Lrp1,Lrp1,1.2553622,0.6896551724137931,Pericytes,OPCs,1.2035475,0.0
App,App,1.5250988,0.5727106997616043,Lrp1,Lrp1,0.8808295,0.4742268041237113,Oligodendrocytes,Astrocytes,1.2029642,0.0
Selplg,Selplg,2.0867236,0.7283950617283951,Itgb2,Itgb2,0.3178427,0.15637860082304528,Microglia,Microglia,1.2022831,0.0
Apoe,Apoe,1.9244893,0.8374384236453202,Sorl1,Sorl1,0.47958007,0.4482524601289447,OPCs,Neurons,1.2020347,0.0
Ptn,Ptn,2.2824986,0.75,Sdc3,Sdc3,0.1207724,0.1340346114692908,Pericytes,Neurons,1.2016355,0.0
Il1rapl1,Il1rapl1,2.1355574,0.6935866983372921,Ptprf,Ptprf,0.26744348,0.31218187987784185,Neurons,Neurons,1.2015004,0.0
Cntn6,Cntn6,1.2891937,0.625615763546798,Ptprg,Ptprg,1.1134903,0.6576179165252799,OPCs,Neurons,1.2013421,0.0
Ncam1,Ncam1,2.0343475,0.8275862068965517,Fgfr1,Fgfr1,0.36719236,0.2268041237113402,OPCs,Astrocytes,1.2007699,0.0
Ncam1,Ncam1,1.8128812,0.7139175257731959,Gfra1,Gfra1,0.588555,0.3793103448275862,Astrocytes,OPCs,1.2007182,0.0
B2m,B2m,2.0222263,0.7448559670781894,Tfrc,Tfrc,0.37908578,0.3983712249745504,Microglia,Neurons,1.200656,0.0
Ptn,Ptn,2.143148,0.8669950738916257,Plxnb2,Plxnb2,0.2572412,0.13580246913580246,OPCs,Microglia,1.2001946,0.0
Apoe,Apoe,1.5410312,0.5064102564102564,Lrp1,Lrp1,0.8583547,0.411522633744856,Pericytes,Microglia,1.199693,0.0
Nlgn1,Nlgn1,2.1104903,0.7087628865979382,Nrxn2,Nrxn2,0.28788555,0.15972514373860608,Astrocytes,Oligodendrocytes,1.199188,0.0
Nrxn2,Nrxn2,0.28788555,0.15972514373860608,Nlgn1,Nlgn1,2.1104903,0.7087628865979382,Oligodendrocytes,Astrocytes,1.199188,0.0
Ncam1,Ncam1,2.0343475,0.8275862068965517,Fgfr1,Fgfr1,0.3637709,0.3712249745503902,OPCs,Neurons,1.1990592,0.0
Il18,Il18,0.25906157,0.13168724279835392,Il1rapl1,Il1rapl1,2.1355574,0.6935866983372921,Microglia,Neurons,1.1973095,0.0
Cntn6,Cntn6,1.2891937,0.625615763546798,Ptprg,Ptprg,1.1049616,0.4551282051282051,OPCs,Pericytes,1.1970778,0.0
Fgf12,Fgf12,2.0168438,0.7567017305734646,Fgfr1,Fgfr1,0.37643418,0.1987179487179487,Neurons,Pericytes,1.196639,0.0
App,App,1.6647443,0.8177807940278249,Rpsa,Rpsa,0.72729087,0.5391923990498813,Neurons,Neurons,1.1960175,0.01
Psap,Psap,0.90887284,0.5566502463054187,Gpr37l1,Gpr37l1,1.4791247,0.6649484536082474,OPCs,Astrocytes,1.1939988,0.0
Ptn,Ptn,2.143148,0.8669950738916257,Ncl,Ncl,0.24299379,0.14690721649484537,OPCs,Astrocytes,1.1930709,0.0
Lama2,Lama2,1.4791735,0.5897435897435898,Rpsa,Rpsa,0.9063404,0.35436825129715327,Pericytes,Oligodendrocytes,1.192757,0.0
App,App,1.6647443,0.8177807940278249,Rpsa,Rpsa,0.7194886,0.3141025641025641,Neurons,Pericytes,1.1921165,0.3
Fgf12,Fgf12,2.0168438,0.7567017305734646,Fgfr1,Fgfr1,0.36719236,0.2268041237113402,Neurons,Astrocytes,1.192018,0.0
App,App,1.5250988,0.5727106997616043,Lrp1,Lrp1,0.8583547,0.411522633744856,Oligodendrocytes,Microglia,1.1917267,0.0
Lgi1,Lgi1,1.5004201,0.6288659793814433,Adam22,Adam22,0.88166285,0.5369458128078818,Astrocytes,OPCs,1.1910415,0.0
Vegfa,Vegfa,0.65000755,0.36597938144329895,Sirpa,Sirpa,1.7312278,0.6748971193415638,Astrocytes,Microglia,1.1906177,0.0
Ptn,Ptn,2.143148,0.8669950738916257,Ncl,Ncl,0.2377526,0.11555181601458421,OPCs,Oligodendrocytes,1.1904503,0.0
Fgf12,Fgf12,2.0168438,0.7567017305734646,Fgfr1,Fgfr1,0.3637709,0.3712249745503902,Neurons,Neurons,1.1903074,0.0
Ncam1,Ncam1,1.8128812,0.7139175257731959,Robo1,Robo1,0.56691456,0.23076923076923078,Astrocytes,Pericytes,1.1898979,0.73
Slit2,Slit2,0.17040688,0.11330049261083744,Robo1,Robo1,2.203135,0.8522167487684729,OPCs,OPCs,1.1867709,0.0
Ptn,Ptn,2.143148,0.8669950738916257,Ptprs,Ptprs,0.22819644,0.12074042911232646,OPCs,Oligodendrocytes,1.1856722,0.0
Cntn6,Cntn6,1.2891937,0.625615763546798,Ptprg,Ptprg,1.0817091,0.5360824742268041,OPCs,Astrocytes,1.1854515,0.0
Ncam1,Ncam1,1.4150285,0.5330248212031973,Fgfr2,Fgfr2,0.9517514,0.5,Oligodendrocytes,Astrocytes,1.1833899,0.72
Slit1,Slit1,0.16345389,0.18595181540549713,Robo1,Robo1,2.203135,0.8522167487684729,Neurons,OPCs,1.1832944,0.0
Ncam1,Ncam1,1.412782,0.7502544960977265,Fgfr2,Fgfr2,0.9517514,0.5,Neurons,Astrocytes,1.1822667,0.73
Il1rapl1,Il1rapl1,2.1355574,0.6935866983372921,Ptprs,Ptprs,0.22819644,0.12074042911232646,Neurons,Oligodendrocytes,1.1818769,0.0
Sorbs1,Sorbs1,0.7687583,0.6029860875466576,Itgb5,Itgb5,1.5948206,0.6255144032921811,Neurons,Microglia,1.1817894,0.0
Gnas,Gnas,2.0485275,0.8890397013912453,Adcy1,Adcy1,0.3133616,0.3461146929080421,Neurons,Neurons,1.1809446,0.0
Nrxn2,Nrxn2,0.25109345,0.14743589743589744,Nlgn1,Nlgn1,2.1104903,0.7087628865979382,Pericytes,Astrocytes,1.1807919,0.0
Nlgn1,Nlgn1,2.1104903,0.7087628865979382,Nrxn2,Nrxn2,0.25109345,0.14743589743589744,Astrocytes,Pericytes,1.1807919,0.0
App,App,1.6647443,0.8177807940278249,Aplp1,Aplp1,0.69614536,0.5541228367831693,Neurons,Neurons,1.1804448,1.0
Apoe,Apoe,1.9244893,0.8374384236453202,Abca1,Abca1,0.43556362,0.27319587628865977,OPCs,Astrocytes,1.1800264,0.0
Ntn1,Ntn1,0.9165528,0.5369458128078818,Dscam,Dscam,1.4417033,0.6610111978283,OPCs,Neurons,1.179128,0.0
Ncam1,Ncam1,2.0343475,0.8275862068965517,Robo1,Robo1,0.32261372,0.13168724279835392,OPCs,Microglia,1.1784806,0.85
App,App,1.6647443,0.8177807940278249,Rpsa,Rpsa,0.69212526,0.3374485596707819,Neurons,Microglia,1.1784347,0.32
Ptn,Ptn,2.143148,0.8669950738916257,Sdc3,Sdc3,0.21290232,0.13144329896907217,OPCs,Astrocytes,1.1780251,0.0
Ncam1,Ncam1,0.5186237,0.22435897435897437,Ptprz1,Ptprz1,1.8369237,0.7164948453608248,Pericytes,Astrocytes,1.1777737,0.0
Il1rapl1,Il1rapl1,2.1355574,0.6935866983372921,Ptprf,Ptprf,0.21931775,0.12371134020618557,Neurons,Astrocytes,1.1774375,0.0
Psap,Psap,1.0986958,0.5489690721649485,Lrp1,Lrp1,1.2553622,0.6896551724137931,Astrocytes,OPCs,1.1770289,0.0
Apoe,Apoe,1.9244893,0.8374384236453202,Sdc2,Sdc2,0.4266089,0.2660098522167488,OPCs,OPCs,1.175549,0.0
Rims2,Rims2,2.007763,0.7539871055310485,Abca1,Abca1,0.34294063,0.22660098522167488,Neurons,OPCs,1.1753517,0.0
Gas6,Gas6,0.3054759,0.32609433322022396,Mertk,Mertk,2.043777,0.7366255144032922,Neurons,Microglia,1.1746265,0.0
Spon1,Spon1,0.8228557,0.4484536082474227,App,App,1.5250988,0.5727106997616043,Astrocytes,Oligodendrocytes,1.1739773,0.0
Ncam1,Ncam1,1.8128812,0.7139175257731959,Ptpra,Ptpra,0.53463,0.28172766792876175,Astrocytes,Oligodendrocytes,1.1737556,0.0
Slit2,Slit2,0.6824873,0.39124533423820834,App,App,1.6647443,0.8177807940278249,Neurons,Neurons,1.1736158,0.0
Ncam1,Ncam1,1.8128812,0.7139175257731959,Ptpra,Ptpra,0.53325456,0.3076923076923077,Astrocytes,Pericytes,1.1730679,0.0
Alcam,Alcam,1.7066393,0.7832512315270936,Nrp1,Nrp1,0.63388366,0.2880658436213992,OPCs,Microglia,1.1702615,0.0
Ptn,Ptn,2.143148,0.8669950738916257,Ncl,Ncl,0.19548862,0.102880658436214,OPCs,Microglia,1.1693183,0.0
App,App,1.5250988,0.5727106997616043,Aplp2,Aplp2,0.81325376,0.6331862911435358,Oligodendrocytes,Neurons,1.1691763,0.0
Gnas,Gnas,2.0485275,0.8890397013912453,Adcy9,Adcy9,0.28932378,0.18298969072164947,Neurons,Astrocytes,1.1689256,0.0
Il1rapl1,Il1rapl1,1.793646,0.654639175257732,Ptprs,Ptprs,0.5431201,0.327319587628866,Astrocytes,Astrocytes,1.168383,0.0
Cd47,Cd47,0.60269976,0.5337631489650492,Sirpa,Sirpa,1.7312278,0.6748971193415638,Neurons,Microglia,1.1669638,0.0
Sirpa,Sirpa,1.7312278,0.6748971193415638,Cd47,Cd47,0.60269976,0.5337631489650492,Microglia,Neurons,1.1669638,0.0
Fstl5,Fstl5,1.0504233,0.5629453681710214,Cntn5,Cntn5,1.2826424,0.5273159144893111,Neurons,Neurons,1.1665328,0.0
Ptn,Ptn,0.95161796,0.40316926097321554,Cdh10,Cdh10,1.3803917,0.6847290640394089,Oligodendrocytes,OPCs,1.1660049,0.0
Cntn4,Cntn4,2.0800664,0.7980295566502463,Ptprg,Ptprg,0.25139606,0.12757201646090535,OPCs,Microglia,1.1657312,0.0
Apoe,Apoe,1.0754791,0.388865516757818,Lrp1,Lrp1,1.2553622,0.6896551724137931,Oligodendrocytes,OPCs,1.1654207,0.0
Slit2,Slit2,0.6824873,0.39124533423820834,Dcc,Dcc,1.6471283,0.6386155412283678,Neurons,Neurons,1.1648078,0.0
Ncam1,Ncam1,1.8128812,0.7139175257731959,Ptpra,Ptpra,0.51325756,0.4906684764166949,Astrocytes,Neurons,1.1630694,0.0
Nrxn2,Nrxn2,1.5403115,0.7536945812807881,Nlgn1,Nlgn1,0.78537273,0.30360398261113447,OPCs,Oligodendrocytes,1.162842,0.0
Nlgn1,Nlgn1,0.78537273,0.30360398261113447,Nrxn2,Nrxn2,1.5403115,0.7536945812807881,Oligodendrocytes,OPCs,1.162842,0.0
Sst,Sst,0.4847642,0.24363759755683745,Grm7,Grm7,1.8400004,0.47435897435897434,Neurons,Pericytes,1.1623822,0.0
Lama2,Lama2,1.1729664,0.5335051546391752,Itga1,Itga1,1.150206,0.4358974358974359,Astrocytes,Pericytes,1.1615862,0.0
Ptn,Ptn,0.8578954,0.41494845360824745,Cdh10,Cdh10,1.4597478,0.615979381443299,Astrocytes,Astrocytes,1.1588216,0.0
Gpc3,Gpc3,0.18304504,0.15405497115710892,Unc5c,Unc5c,2.133964,0.8226600985221675,Neurons,OPCs,1.1585046,0.0
Gnas,Gnas,2.0485275,0.8890397013912453,Adora1,Adora1,0.26831418,0.18719211822660098,Neurons,OPCs,1.1584208,0.0
App,App,1.6647443,0.8177807940278249,Dcc,Dcc,0.6505509,0.2755574253260412,Neurons,Oligodendrocytes,1.1576476,1.0
App,App,1.6647443,0.8177807940278249,Rpsa,Rpsa,0.65035987,0.4039408866995074,Neurons,OPCs,1.157552,0.55
Nrxn2,Nrxn2,0.2032566,0.13144329896907217,Nlgn1,Nlgn1,2.1104903,0.7087628865979382,Astrocytes,Astrocytes,1.1568735,0.0
Nlgn1,Nlgn1,2.1104903,0.7087628865979382,Nrxn2,Nrxn2,0.2032566,0.13144329896907217,Astrocytes,Astrocytes,1.1568735,0.0
Ccl25,Ccl25,0.28411928,0.18719211822660098,Grm7,Grm7,2.0295486,0.7010519172039362,OPCs,Neurons,1.156834,0.0
Cxcl12,Cxcl12,0.28304973,0.1346153846153846,Grm7,Grm7,2.0295486,0.7010519172039362,Pericytes,Neurons,1.1562992,0.0
Cntn1,Cntn1,0.47541264,0.1987179487179487,Ptprz1,Ptprz1,1.8369237,0.7164948453608248,Pericytes,Astrocytes,1.1561682,0.0
Bcan,Bcan,0.7508833,0.46798029556650245,Nrcam,Nrcam,1.5602683,0.6597938144329897,OPCs,Astrocytes,1.1555758,0.0
Apoe,Apoe,1.9244893,0.8374384236453202,Lrp6,Lrp6,0.38639113,0.24742268041237114,OPCs,Astrocytes,1.1554402,0.0
Ncam1,Ncam1,1.8128812,0.7139175257731959,Fgfr2,Fgfr2,0.49607632,0.25925925925925924,Astrocytes,Microglia,1.1544788,0.87
Apoe,Apoe,1.5410312,0.5064102564102564,Sdc2,Sdc2,0.7667969,0.3717948717948718,Pericytes,Pericytes,1.1539141,0.0
Cntn1,Cntn1,1.7066429,0.6804123711340206,Notch2,Notch2,0.60047126,0.3004115226337449,Astrocytes,Microglia,1.1535571,0.0
Il1rapl1,Il1rapl1,2.1355574,0.6935866983372921,Ptprf,Ptprf,0.17144528,0.10363202916841957,Neurons,Oligodendrocytes,1.1535014,0.0
Slit2,Slit2,0.6824873,0.39124533423820834,Robo1,Robo1,1.6243829,0.6450627757041059,Neurons,Neurons,1.1534351,0.0
Apoe,Apoe,1.9244893,0.8374384236453202,Lrp8,Lrp8,0.38208684,0.41839158466236853,OPCs,Neurons,1.153288,0.0
App,App,0.46430153,0.24742268041237114,Grm7,Grm7,1.8400004,0.47435897435897434,Astrocytes,Pericytes,1.152151,1.0
Gpc3,Gpc3,0.3531272,0.15384615384615385,Cd81,Cd81,1.9508176,0.8522167487684729,Pericytes,OPCs,1.1519724,0.0
App,App,1.6647443,0.8177807940278249,Lrp6,Lrp6,0.63835216,0.4088669950738916,Neurons,OPCs,1.1515481,0.0
Cntn2,Cntn2,0.5642749,0.286916281026504,Nrcam,Nrcam,1.7372056,0.7635467980295566,Oligodendrocytes,OPCs,1.1507403,0.0
App,App,1.6647443,0.8177807940278249,Rpsa,Rpsa,0.63643503,0.28350515463917525,Neurons,Astrocytes,1.1505897,0.62
Il18,Il18,0.50689685,0.30927835051546393,Il1rapl1,Il1rapl1,1.793646,0.654639175257732,Astrocytes,Astrocytes,1.1502714,0.0
Cntn4,Cntn4,2.0800664,0.7980295566502463,Aplp1,Aplp1,0.21927953,0.12179487179487179,OPCs,Pericytes,1.149673,0.0
Fgf12,Fgf12,1.8029622,0.8029556650246306,Fgfr2,Fgfr2,0.49607632,0.25925925925925924,OPCs,Microglia,1.1495192,0.0
Apoe,Apoe,1.9244893,0.8374384236453202,Lrp6,Lrp6,0.37452346,0.20512820512820512,OPCs,Pericytes,1.1495063,0.0
Ncam1,Ncam1,2.0343475,0.8275862068965517,Ncam2,Ncam2,0.26450637,0.10699588477366255,OPCs,Microglia,1.1494269,1.0
Penk,Penk,0.4568181,0.26060400407193757,Grm7,Grm7,1.8400004,0.47435897435897434,Neurons,Pericytes,1.1484092,0.0
Sorbs1,Sorbs1,0.70115906,0.4236453201970443,Itgb5,Itgb5,1.5948206,0.6255144032921811,OPCs,Microglia,1.1479899,0.0
Apoe,Apoe,1.9244893,0.8374384236453202,Lrp6,Lrp6,0.3680566,0.4034611469290804,OPCs,Neurons,1.1462729,0.0
Cntn4,Cntn4,2.0800664,0.7980295566502463,Aplp1,Aplp1,0.2123382,0.11522633744855967,OPCs,Microglia,1.1462023,0.0
Ccl25,Ccl25,0.26205206,0.31116389548693585,Grm7,Grm7,2.0295486,0.7010519172039362,Neurons,Neurons,1.1458004,0.0
Mdk,Mdk,0.44691485,0.2654639175257732,Ptprz1,Ptprz1,1.8369237,0.7164948453608248,Astrocytes,Astrocytes,1.1419193,0.0
App,App,1.1517328,0.5064102564102564,Grm7,Grm7,1.1298239,0.37498247090169684,Pericytes,Oligodendrocytes,1.1407783,1.0
Ncam1,Ncam1,1.4150285,0.5330248212031973,Fgfr2,Fgfr2,0.8659368,0.652867322701052,Oligodendrocytes,Neurons,1.1404827,1.0
Ncam1,Ncam1,1.412782,0.7502544960977265,Fgfr2,Fgfr2,0.8659368,0.652867322701052,Neurons,Neurons,1.1393594,1.0
Cx3cl1,Cx3cl1,0.34526426,0.3661350525958602,Cx3cr1,Cx3cr1,1.9315244,0.757201646090535,Neurons,Microglia,1.1383944,0.0
Ncam1,Ncam1,2.0343475,0.8275862068965517,Cacna1c,Cacna1c,0.23912285,0.13144329896907217,OPCs,Astrocytes,1.1367352,0.0
Ncam1,Ncam1,1.4150285,0.5330248212031973,Robo1,Robo1,0.85705125,0.33894264479035197,Oligodendrocytes,Oligodendrocytes,1.1360399,1.0
Fgf14,Fgf14,1.7758334,0.6675257731958762,Fgfr2,Fgfr2,0.49607632,0.25925925925925924,Astrocytes,Microglia,1.1359549,0.16
Cntn2,Cntn2,0.5642749,0.286916281026504,Cntn1,Cntn1,1.7066429,0.6804123711340206,Oligodendrocytes,Astrocytes,1.135459,0.0
Ncam1,Ncam1,1.412782,0.7502544960977265,Robo1,Robo1,0.85705125,0.33894264479035197,Neurons,Oligodendrocytes,1.1349165,1.0
Adam10,Adam10,0.9186879,0.43209876543209874,Cadm1,Cadm1,1.3495415,0.6973193077706142,Microglia,Neurons,1.1341147,0.0
Apoe,Apoe,1.9244893,0.8374384236453202,Abca1,Abca1,0.34294063,0.22660098522167488,OPCs,OPCs,1.1337149,0.0
App,App,1.6647443,0.8177807940278249,Notch2,Notch2,0.60047126,0.3004115226337449,Neurons,Microglia,1.1326077,0.0
App,App,1.6647443,0.8177807940278249,Aplp2,Aplp2,0.59956783,0.39408866995073893,Neurons,OPCs,1.132156,0.0
Ptn,Ptn,2.143148,0.8669950738916257,Sdc3,Sdc3,0.1207724,0.1340346114692908,OPCs,Neurons,1.1319602,0.0
Apoe,Apoe,1.9244893,0.8374384236453202,Lrp5,Lrp5,0.3384705,0.1728395061728395,OPCs,Microglia,1.1314799,0.0
Apoe,Apoe,1.3625994,0.45267489711934156,Lrp1,Lrp1,0.90028125,0.4551282051282051,Microglia,Pericytes,1.1314403,0.0
Sdc2,Sdc2,0.5634497,0.3427835051546392,Ptprj,Ptprj,1.6990496,0.6790123456790124,Astrocytes,Microglia,1.1312497,0.0
Efna5,Efna5,0.88978624,0.5561588055649813,Epha6,Epha6,1.3718557,0.6311503223617237,Neurons,Neurons,1.130821,0.0
App,App,1.6647443,0.8177807940278249,Aplp2,Aplp2,0.59592265,0.30128205128205127,Neurons,Pericytes,1.1303334,0.01
Gnas,Gnas,2.0485275,0.8890397013912453,Adora1,Adora1,0.20778817,0.14175257731958762,Neurons,Astrocytes,1.1281579,0.0
Pros1,Pros1,0.21092054,0.1282051282051282,Mertk,Mertk,2.043777,0.7366255144032922,Pericytes,Microglia,1.1273488,0.0
Ncam1,Ncam1,0.5186237,0.22435897435897437,Ncam2,Ncam2,1.7346746,0.6878181201221581,Pericytes,Neurons,1.1266491,1.0
App,App,1.5250988,0.5727106997616043,Rpsa,Rpsa,0.72729087,0.5391923990498813,Oligodendrocytes,Neurons,1.1261948,1.0
Adam10,Adam10,0.5144967,0.33004926108374383,Nrcam,Nrcam,1.7372056,0.7635467980295566,OPCs,OPCs,1.1258512,0.0
Ptn,Ptn,0.41468883,0.34170342721411606,Ptprz1,Ptprz1,1.8369237,0.7164948453608248,Neurons,Astrocytes,1.1258063,0.0
App,App,0.6004882,0.29218106995884774,Dcc,Dcc,1.6471283,0.6386155412283678,Microglia,Neurons,1.1238083,0.98
App,App,1.5250988,0.5727106997616043,Rpsa,Rpsa,0.7194886,0.3141025641025641,Oligodendrocytes,Pericytes,1.1222937,0.76
Apoe,Apoe,1.3625994,0.45267489711934156,Lrp1,Lrp1,0.8808295,0.4742268041237113,Microglia,Astrocytes,1.1217145,0.0
Apoe,Apoe,1.9244893,0.8374384236453202,Lrp6,Lrp6,0.31696966,0.17695473251028807,OPCs,Microglia,1.1207294,0.0
Ncam1,Ncam1,1.4150285,0.5330248212031973,Ptpra,Ptpra,0.8259607,0.4074074074074074,Oligodendrocytes,Microglia,1.1204946,0.0
Slit2,Slit2,0.6824873,0.39124533423820834,Robo2,Robo2,1.5579807,0.7064811672887682,Neurons,Neurons,1.120234,0.0
Ncam1,Ncam1,1.412782,0.7502544960977265,Ptpra,Ptpra,0.8259607,0.4074074074074074,Neurons,Microglia,1.1193713,0.0
Ptn,Ptn,0.8578954,0.41494845360824745,Cdh10,Cdh10,1.3803917,0.6847290640394089,Astrocytes,OPCs,1.1191435,0.0
Pdgfa,Pdgfa,0.17587009,0.18798778418730913,Pdgfrb,Pdgfrb,2.0620227,0.8141025641025641,Neurons,Pericytes,1.1189464,0.0
Trf,Trf,1.8570629,0.5626139391389707,Tfrc,Tfrc,0.37908578,0.3983712249745504,Oligodendrocytes,Neurons,1.1180744,0.0
Ncam1,Ncam1,2.0343475,0.8275862068965517,Cacna1c,Cacna1c,0.20159696,0.10447342588697238,OPCs,Oligodendrocytes,1.1179723,0.0
Serpine2,Serpine2,0.97860956,0.5103092783505154,Lrp1,Lrp1,1.2553622,0.6896551724137931,Astrocytes,OPCs,1.1169858,0.0
Adam15,Adam15,0.294315,0.1522633744855967,Itga9,Itga9,1.9386214,0.7783251231527094,Microglia,OPCs,1.1164682,0.0
Pdgfc,Pdgfc,0.1686757,0.17441465897522904,Pdgfrb,Pdgfrb,2.0620227,0.8141025641025641,Neurons,Pericytes,1.1153492,0.0
Gas6,Gas6,0.185438,0.11082474226804123,Mertk,Mertk,2.043777,0.7366255144032922,Astrocytes,Microglia,1.1146075,0.0
B2m,B2m,2.0222263,0.7448559670781894,Tfrc,Tfrc,0.20531403,0.11538461538461539,Microglia,Pericytes,1.1137701,0.0
Apoe,Apoe,1.9244893,0.8374384236453202,Ldlr,Ldlr,0.3027977,0.2019704433497537,OPCs,OPCs,1.1136435,0.0
Gnas,Gnas,2.0485275,0.8890397013912453,Adcy8,Adcy8,0.17838874,0.10897435897435898,Neurons,Pericytes,1.1134582,0.0
Ncam1,Ncam1,2.0343475,0.8275862068965517,Fgfr1,Fgfr1,0.19155976,0.13793103448275862,OPCs,OPCs,1.1129537,0.0
Vegfa,Vegfa,0.4938224,0.2955665024630542,Sirpa,Sirpa,1.7312278,0.6748971193415638,OPCs,Microglia,1.1125251,0.0
Pdgfa,Pdgfa,0.17587009,0.18798778418730913,Pdgfra,Pdgfra,2.0480192,0.9211822660098522,Neurons,OPCs,1.1119447,0.0
Rims2,Rims2,2.007763,0.7539871055310485,Abca1,Abca1,0.21408409,0.1346153846153846,Neurons,Pericytes,1.1109235,0.0
App,App,1.5250988,0.5727106997616043,Aplp1,Aplp1,0.69614536,0.5541228367831693,Oligodendrocytes,Neurons,1.110622,1.0
Apoe,Apoe,1.3625994,0.45267489711934156,Lrp1,Lrp1,0.8583547,0.411522633744856,Microglia,Microglia,1.110477,0.0
Ncam1,Ncam1,2.0343475,0.8275862068965517,Gfra1,Gfra1,0.1861984,0.16762809636918902,OPCs,Neurons,1.110273,0.0
Sorbs1,Sorbs1,1.0688729,0.47435897435897434,Itga1,Itga1,1.150206,0.4358974358974359,Pericytes,Pericytes,1.1095395,0.0
App,App,1.5250988,0.5727106997616043,Rpsa,Rpsa,0.69212526,0.3374485596707819,Oligodendrocytes,Microglia,1.1086121,0.92
Pdgfc,Pdgfc,0.1686757,0.17441465897522904,Pdgfra,Pdgfra,2.0480192,0.9211822660098522,Neurons,OPCs,1.1083474,0.0
Fn1,Fn1,0.27777004,0.1346153846153846,Itga9,Itga9,1.9386214,0.7783251231527094,Pericytes,OPCs,1.1081958,0.0
Sirpa,Sirpa,1.7312278,0.6748971193415638,Cd47,Cd47,0.48206145,0.32019704433497537,Microglia,OPCs,1.1066446,0.0
Cd47,Cd47,0.48206145,0.32019704433497537,Sirpa,Sirpa,1.7312278,0.6748971193415638,OPCs,Microglia,1.1066446,0.0
Pdap1,Pdap1,0.15063019,0.15744825246012895,Pdgfrb,Pdgfrb,2.0620227,0.8141025641025641,Neurons,Pericytes,1.1063265,0.0
Cntn1,Cntn1,0.47541264,0.1987179487179487,Nrcam,Nrcam,1.7372056,0.7635467980295566,Pericytes,OPCs,1.1063092,0.0
Psap,Psap,0.9567941,0.6827281981676281,Lrp1,Lrp1,1.2553622,0.6896551724137931,Neurons,OPCs,1.1060781,0.0
Bcan,Bcan,1.1453273,0.5824742268041238,Nrcam,Nrcam,1.0664513,0.66270783847981,Astrocytes,Neurons,1.1058893,0.0
Gnas,Gnas,1.3832802,0.5833333333333334,Adcy8,Adcy8,0.8281998,0.5564981336952833,Pericytes,Neurons,1.10574,0.0
Apoe,Apoe,1.9244893,0.8374384236453202,Lrp4,Lrp4,0.28684035,0.1921182266009852,OPCs,OPCs,1.1056648,0.0
Cntn1,Cntn1,0.37318683,0.15285373720375825,Ptprz1,Ptprz1,1.8369237,0.7164948453608248,Oligodendrocytes,Astrocytes,1.1050553,0.0
Vcl,Vcl,0.6138986,0.2948717948717949,Itgb5,Itgb5,1.5948206,0.6255144032921811,Pericytes,Microglia,1.1043596,0.0
Adam10,Adam10,0.4714337,0.2507362221287337,Nrcam,Nrcam,1.7372056,0.7635467980295566,Oligodendrocytes,OPCs,1.1043197,0.0
Fgf12,Fgf12,2.0168438,0.7567017305734646,Fgfr1,Fgfr1,0.19155976,0.13793103448275862,Neurons,OPCs,1.1042018,0.0
Slit2,Slit2,0.6824873,0.39124533423820834,App,App,1.5250988,0.5727106997616043,Neurons,Oligodendrocytes,1.103793,0.0
Ncam1,Ncam1,1.8128812,0.7139175257731959,Ncam2,Ncam2,0.39391673,0.17307692307692307,Astrocytes,Pericytes,1.103399,1.0
Lama2,Lama2,1.4791735,0.5897435897435898,Rpsa,Rpsa,0.72729087,0.5391923990498813,Pericytes,Neurons,1.1032321,0.0
B2m,B2m,2.0222263,0.7448559670781894,Tfrc,Tfrc,0.18388288,0.11855670103092783,Microglia,Astrocytes,1.1030546,0.0
App,App,1.6647443,0.8177807940278249,Lrp1,Lrp1,0.54086536,0.5218866644044792,Neurons,Neurons,1.1028048,0.0
Ntn1,Ntn1,0.9165528,0.5369458128078818,Unc5c,Unc5c,1.2887181,0.6423481506616898,OPCs,Neurons,1.1026354,0.0
Efna5,Efna5,0.88978624,0.5561588055649813,Epha5,Epha5,1.3145572,0.6650246305418719,Neurons,OPCs,1.1021717,0.0
Apoe,Apoe,1.9244893,0.8374384236453202,Sdc2,Sdc2,0.27804708,0.27994570749915165,OPCs,Neurons,1.1012682,0.0
Nxph1,Nxph1,1.2188966,0.5242619613165932,Nrxn1,Nrxn1,0.98038775,0.23717948717948717,Neurons,Pericytes,1.0996422,0.05
Ncam1,Ncam1,1.8128812,0.7139175257731959,Ptprz1,Ptprz1,0.38583654,0.16025641025641027,Astrocytes,Pericytes,1.0993589,0.0
Adam10,Adam10,0.46146008,0.46182558534102475,Nrcam,Nrcam,1.7372056,0.7635467980295566,Neurons,OPCs,1.0993328,0.0
Lama2,Lama2,1.4791735,0.5897435897435898,Rpsa,Rpsa,0.7194886,0.3141025641025641,Pericytes,Pericytes,1.0993311,0.0
App,App,1.6647443,0.8177807940278249,Aplp1,Aplp1,0.53228176,0.28350515463917525,Neurons,Astrocytes,1.098513,1.0
Il18,Il18,0.40312713,0.27586206896551724,Il1rapl1,Il1rapl1,1.793646,0.654639175257732,OPCs,Astrocytes,1.0983865,0.0
Apoe,Apoe,1.9244893,0.8374384236453202,Vldlr,Vldlr,0.27211878,0.15453653064086384,OPCs,Oligodendrocytes,1.098304,0.0
Sparc,Sparc,1.8157626,0.691358024691358,Fgfr1,Fgfr1,0.37643418,0.1987179487179487,Microglia,Pericytes,1.0960984,0.0
Adam10,Adam10,0.454205,0.2692307692307692,Nrcam,Nrcam,1.7372056,0.7635467980295566,Pericytes,OPCs,1.0957053,0.0
Ncam1,Ncam1,1.8128812,0.7139175257731959,Fgfr1,Fgfr1,0.37643418,0.1987179487179487,Astrocytes,Pericytes,1.0946577,0.0
Ccl25,Ccl25,0.15783869,0.10309278350515463,Grm7,Grm7,2.0295486,0.7010519172039362,Astrocytes,Neurons,1.0936936,0.0
Ncam1,Ncam1,1.8128812,0.7139175257731959,Ptprz1,Ptprz1,0.37338203,0.3003053953172718,Astrocytes,Neurons,1.0931317,0.0
Nrxn2,Nrxn2,1.5403115,0.7536945812807881,Nlgn1,Nlgn1,0.64582783,0.21794871794871795,OPCs,Pericytes,1.0930697,0.0
Nlgn1,Nlgn1,0.64582783,0.21794871794871795,Nrxn2,Nrxn2,1.5403115,0.7536945812807881,Pericytes,OPCs,1.0930697,0.0
Gnas,Gnas,2.0485275,0.8890397013912453,Adora1,Adora1,0.13666838,0.1503223617237869,Neurons,Neurons,1.092598,0.0
Sparc,Sparc,1.8157626,0.691358024691358,Fgfr1,Fgfr1,0.36719236,0.2268041237113402,Microglia,Astrocytes,1.0914775,0.0
Gas6,Gas6,0.1374098,0.10344827586206896,Mertk,Mertk,2.043777,0.7366255144032922,OPCs,Microglia,1.0905933,0.0
App,App,0.92554754,0.5517241379310345,Lrp1,Lrp1,1.2553622,0.6896551724137931,OPCs,OPCs,1.0904548,0.0
Ncam1,Ncam1,1.8128812,0.7139175257731959,Fgfr1,Fgfr1,0.36719236,0.2268041237113402,Astrocytes,Astrocytes,1.0900367,0.0
Sparc,Sparc,1.8157626,0.691358024691358,Fgfr1,Fgfr1,0.3637709,0.3712249745503902,Microglia,Neurons,1.0897667,0.0
Fgf12,Fgf12,1.8029622,0.8029556650246306,Fgfr1,Fgfr1,0.37643418,0.1987179487179487,OPCs,Pericytes,1.0896982,0.0
Apoe,Apoe,1.5410312,0.5064102564102564,Lrp6,Lrp6,0.63835216,0.4088669950738916,Pericytes,OPCs,1.0896916,0.0
Ncam1,Ncam1,1.4150285,0.5330248212031973,Fgfr2,Fgfr2,0.764343,0.46798029556650245,Oligodendrocytes,OPCs,1.0896857,1.0
Adam10,Adam10,0.4420664,0.26804123711340205,Nrcam,Nrcam,1.7372056,0.7635467980295566,Astrocytes,OPCs,1.089636,0.0
Apoe,Apoe,1.9244893,0.8374384236453202,Sorl1,Sorl1,0.25281036,0.13168724279835392,OPCs,Microglia,1.0886497,0.0
Ncam1,Ncam1,1.412782,0.7502544960977265,Fgfr2,Fgfr2,0.764343,0.46798029556650245,Neurons,OPCs,1.0885625,0.99
Ncam1,Ncam1,1.8128812,0.7139175257731959,Fgfr1,Fgfr1,0.3637709,0.3712249745503902,Astrocytes,Neurons,1.0883261,0.0
App,App,1.5250988,0.5727106997616043,Dcc,Dcc,0.6505509,0.2755574253260412,Oligodendrocytes,Oligodendrocytes,1.0878248,1.0
App,App,1.5250988,0.5727106997616043,Rpsa,Rpsa,0.65035987,0.4039408866995074,Oligodendrocytes,OPCs,1.0877293,0.96
Mfge8,Mfge8,0.5785316,0.25,Itgb5,Itgb5,1.5948206,0.6255144032921811,Pericytes,Microglia,1.0866761,0.0
Lama2,Lama2,1.4791735,0.5897435897435898,Rpsa,Rpsa,0.69212526,0.3374485596707819,Pericytes,Microglia,1.0856494,0.0
Fgf12,Fgf12,1.8029622,0.8029556650246306,Fgfr1,Fgfr1,0.36719236,0.2268041237113402,OPCs,Astrocytes,1.0850773,0.0
Fgf12,Fgf12,1.8029622,0.8029556650246306,Fgfr1,Fgfr1,0.3637709,0.3712249745503902,OPCs,Neurons,1.0833665,0.0
Edil3,Edil3,1.7562252,0.5213854999298836,Itgav,Itgav,0.40935338,0.25773195876288657,Oligodendrocytes,Astrocytes,1.0827893,0.0
Psap,Psap,0.90887284,0.5566502463054187,Lrp1,Lrp1,1.2553622,0.6896551724137931,OPCs,OPCs,1.0821176,0.0
App,App,1.6647443,0.8177807940278249,Aplp2,Aplp2,0.49927166,0.2465292385359697,Neurons,Oligodendrocytes,1.082008,0.0
Apoe,Apoe,1.9244893,0.8374384236453202,Sorl1,Sorl1,0.23915981,0.13209928481278924,OPCs,Oligodendrocytes,1.0818245,0.0
App,App,1.5250988,0.5727106997616043,Lrp6,Lrp6,0.63835216,0.4088669950738916,Oligodendrocytes,OPCs,1.0817255,0.0
Apoe,Apoe,1.9244893,0.8374384236453202,Ldlr,Ldlr,0.23860839,0.10897435897435898,OPCs,Pericytes,1.0815488,0.0
Il1rapl1,Il1rapl1,1.793646,0.654639175257732,Ptprs,Ptprs,0.36926973,0.205761316872428,Astrocytes,Microglia,1.0814579,0.0
App,App,1.5250988,0.5727106997616043,Rpsa,Rpsa,0.63643503,0.28350515463917525,Oligodendrocytes,Astrocytes,1.0807669,1.0
Trf,Trf,1.8570629,0.5626139391389707,Ldlr,Ldlr,0.3027977,0.2019704433497537,Oligodendrocytes,OPCs,1.0799303,0.0
Gnas,Gnas,2.0485275,0.8890397013912453,Crhr1,Crhr1,0.11033128,0.1350525958601968,Neurons,Neurons,1.0794294,0.0
Ntng1,Ntng1,0.802619,0.41839158466236853,Lrrc4c,Lrrc4c,1.354791,0.48576637217781515,Neurons,Oligodendrocytes,1.0787051,0.0
Serpine2,Serpine2,1.6137776,0.7832512315270936,Lrp1,Lrp1,0.54086536,0.5218866644044792,OPCs,Neurons,1.0773215,0.0
Edil3,Edil3,1.7562252,0.5213854999298836,Itgb5,Itgb5,0.3980638,0.1987179487179487,Oligodendrocytes,Pericytes,1.0771445,0.0
Gnas,Gnas,2.0485275,0.8890397013912453,Adcy7,Adcy7,0.10572527,0.13165931455717678,Neurons,Neurons,1.0771264,0.0
Fgf14,Fgf14,1.7758334,0.6675257731958762,Fgfr1,Fgfr1,0.37643418,0.1987179487179487,Astrocytes,Pericytes,1.0761337,0.0
Gnas,Gnas,1.323098,0.48590660496424065,Adcy8,Adcy8,0.8281998,0.5564981336952833,Oligodendrocytes,Neurons,1.0756489,0.0
Ntrk3,Ntrk3,1.0923545,0.6501526976586359,Ptprs,Ptprs,1.0578264,0.5960591133004927,Neurons,OPCs,1.0750904,0.0
Olfm2,Olfm2,0.8961991,0.5369458128078818,Robo2,Robo2,1.2537057,0.5747422680412371,OPCs,Astrocytes,1.0749524,0.0
Gnas,Gnas,1.3161097,0.5850515463917526,Adcy8,Adcy8,0.8281998,0.5564981336952833,Astrocytes,Neurons,1.0721548,0.0
Cntn6,Cntn6,1.0306252,0.5873769935527655,Ptprg,Ptprg,1.1134903,0.6576179165252799,Neurons,Neurons,1.0720577,0.0
Lgi1,Lgi1,1.5004201,0.6288659793814433,Adam23,Adam23,0.64331293,0.3645320197044335,Astrocytes,OPCs,1.0718665,0.0
Apoe,Apoe,1.9244893,0.8374384236453202,Vldlr,Vldlr,0.21881776,0.15763546798029557,OPCs,OPCs,1.0716535,0.0
Alcam,Alcam,1.7066393,0.7832512315270936,Nrp1,Nrp1,0.436427,0.35595520868680014,OPCs,Neurons,1.0715332,0.0
Fgf14,Fgf14,1.7758334,0.6675257731958762,Fgfr1,Fgfr1,0.36719236,0.2268041237113402,Astrocytes,Astrocytes,1.0715128,0.0
Ncam1,Ncam1,0.5186237,0.22435897435897437,Robo1,Robo1,1.6243829,0.6450627757041059,Pericytes,Neurons,1.0715033,1.0
Vegfa,Vegfa,0.2038304,0.11538461538461539,Itga9,Itga9,1.9386214,0.7783251231527094,Pericytes,OPCs,1.0712259,0.0
App,App,0.6004882,0.29218106995884774,Aplp1,Aplp1,1.5409055,0.5556022998176974,Microglia,Oligodendrocytes,1.0706968,1.0
Edil3,Edil3,1.7562252,0.5213854999298836,Itgav,Itgav,0.38362354,0.21794871794871795,Oligodendrocytes,Pericytes,1.0699244,0.0
Fgf14,Fgf14,1.7758334,0.6675257731958762,Fgfr1,Fgfr1,0.3637709,0.3712249745503902,Astrocytes,Neurons,1.0698022,0.0
Il1rapl1,Il1rapl1,1.0814778,0.41438788388725284,Ptprs,Ptprs,1.0578264,0.5960591133004927,Oligodendrocytes,OPCs,1.0696521,0.0
Apoe,Apoe,1.9244893,0.8374384236453202,Abca1,Abca1,0.21408409,0.1346153846153846,OPCs,Pericytes,1.0692867,0.0
Adam10,Adam10,0.5144967,0.33004926108374383,Cadm1,Cadm1,1.6238371,0.7438423645320197,OPCs,OPCs,1.0691669,0.0
Cntn6,Cntn6,1.0306252,0.5873769935527655,Ptprg,Ptprg,1.1049616,0.4551282051282051,Neurons,Pericytes,1.0677934,0.0
Ncam1,Ncam1,1.8128812,0.7139175257731959,Robo1,Robo1,0.32261372,0.13168724279835392,Astrocytes,Microglia,1.0677475,1.0
Gpc3,Gpc3,0.18304504,0.15405497115710892,Cd81,Cd81,1.9508176,0.8522167487684729,Neurons,OPCs,1.0669314,0.0
Apoe,Apoe,1.9244893,0.8374384236453202,Lrp4,Lrp4,0.2088158,0.13402061855670103,OPCs,Astrocytes,1.0666525,0.0
Edil3,Edil3,1.2318858,0.6240244316253818,Itgav,Itgav,0.89926815,0.5320197044334976,Neurons,OPCs,1.065577,0.0
Lama2,Lama2,1.4791735,0.5897435897435898,Rpsa,Rpsa,0.65035987,0.4039408866995074,Pericytes,OPCs,1.0647666,0.0
Apoe,Apoe,1.3625994,0.45267489711934156,Sdc2,Sdc2,0.7667969,0.3717948717948718,Microglia,Pericytes,1.0646981,0.0
Spon1,Spon1,1.5267022,0.729064039408867,App,App,0.6004882,0.29218106995884774,OPCs,Microglia,1.0635952,0.0
Sdc2,Sdc2,0.4266089,0.2660098522167488,Ptprj,Ptprj,1.6990496,0.6790123456790124,OPCs,Microglia,1.0628293,0.0
App,App,1.5250988,0.5727106997616043,Notch2,Notch2,0.60047126,0.3004115226337449,Oligodendrocytes,Microglia,1.062785,0.0
App,App,1.5250988,0.5727106997616043,Aplp2,Aplp2,0.59956783,0.39408866995073893,Oligodendrocytes,OPCs,1.0623333,0.16
Cntn2,Cntn2,0.5642749,0.286916281026504,Nrcam,Nrcam,1.5602683,0.6597938144329897,Oligodendrocytes,Astrocytes,1.0622716,0.0
Ccl25,Ccl25,0.28411928,0.18719211822660098,Grm7,Grm7,1.8400004,0.47435897435897434,OPCs,Pericytes,1.0620599,0.0
Ntrk3,Ntrk3,1.0923545,0.6501526976586359,Ptprs,Ptprs,1.0308105,0.7047845266372582,Neurons,Neurons,1.0615826,0.0
Cxcl12,Cxcl12,0.28304973,0.1346153846153846,Grm7,Grm7,1.8400004,0.47435897435897434,Pericytes,Pericytes,1.0615251,0.0
App,App,0.6004882,0.29218106995884774,Grm7,Grm7,1.520814,0.6847290640394089,Microglia,OPCs,1.0606511,1.0
App,App,1.5250988,0.5727106997616043,Aplp2,Aplp2,0.59592265,0.30128205128205127,Oligodendrocytes,Pericytes,1.0605108,0.15
Mdk,Mdk,0.281712,0.18719211822660098,Ptprz1,Ptprz1,1.8369237,0.7164948453608248,OPCs,Astrocytes,1.0593178,0.0
Adam15,Adam15,0.17953819,0.2130980658296573,Itga9,Itga9,1.9386214,0.7783251231527094,Neurons,OPCs,1.0590798,0.0
Sirpa,Sirpa,1.7312278,0.6748971193415638,Cd47,Cd47,0.3864545,0.19753086419753085,Microglia,Microglia,1.0588411,0.0
Cd47,Cd47,0.3864545,0.19753086419753085,Sirpa,Sirpa,1.7312278,0.6748971193415638,Microglia,Microglia,1.0588411,0.0
Psap,Psap,1.5766764,0.6666666666666666,Lrp1,Lrp1,0.54086536,0.5218866644044792,Microglia,Neurons,1.0587709,0.0
Cntn3,Cntn3,0.45583892,0.28078817733990147,Ptprg,Ptprg,1.6610397,0.7684729064039408,OPCs,OPCs,1.0584393,0.0
Sorbs1,Sorbs1,0.96638805,0.5,Itga1,Itga1,1.150206,0.4358974358974359,Astrocytes,Pericytes,1.058297,0.0
Alcam,Alcam,1.7066393,0.7832512315270936,Nrp1,Nrp1,0.40976745,0.1794871794871795,OPCs,Pericytes,1.0582033,0.0
Ntn1,Ntn1,0.9165528,0.5369458128078818,Unc5c,Unc5c,1.1994169,0.4442574673958772,OPCs,Oligodendrocytes,1.0579848,0.0
Lama2,Lama2,1.4791735,0.5897435897435898,Rpsa,Rpsa,0.63643503,0.28350515463917525,Pericytes,Astrocytes,1.0578043,0.0
Apoe,Apoe,1.5410312,0.5064102564102564,Sorl1,Sorl1,0.5721202,0.34536082474226804,Pericytes,Astrocytes,1.0565758,0.0
Sparc,Sparc,1.8157626,0.691358024691358,Eng,Eng,0.29709357,0.16025641025641027,Microglia,Pericytes,1.0564281,0.0
Cntn6,Cntn6,1.0306252,0.5873769935527655,Ptprg,Ptprg,1.0817091,0.5360824742268041,Neurons,Astrocytes,1.0561671,0.0
Apoe,Apoe,1.9244893,0.8374384236453202,Lrp5,Lrp5,0.18784079,0.12807881773399016,OPCs,OPCs,1.056165,0.0
Il1rapl1,Il1rapl1,1.0814778,0.41438788388725284,Ptprs,Ptprs,1.0308105,0.7047845266372582,Oligodendrocytes,Neurons,1.0561441,0.0
App,App,0.46430153,0.24742268041237114,Dcc,Dcc,1.6471283,0.6386155412283678,Astrocytes,Neurons,1.055715,1.0
Cntn1,Cntn1,0.37318683,0.15285373720375825,Nrcam,Nrcam,1.7372056,0.7635467980295566,Oligodendrocytes,OPCs,1.0551963,0.0
Fgf13,Fgf13,0.93055326,0.36213991769547327,Fgfr3,Fgfr3,1.179492,0.5876288659793815,Microglia,Astrocytes,1.0550226,0.0
Vegfa,Vegfa,0.17069003,0.2130980658296573,Itga9,Itga9,1.9386214,0.7783251231527094,Neurons,OPCs,1.0546557,0.0
Cntn1,Cntn1,1.7066429,0.6804123711340206,Notch2,Notch2,0.4022878,0.1794871794871795,Astrocytes,Pericytes,1.0544653,0.0
Adam10,Adam10,0.5144967,0.33004926108374383,Trem2,Trem2,1.5929699,0.6213991769547325,OPCs,Microglia,1.0537333,0.0
Rims2,Rims2,1.6038088,0.7192118226600985,Abca1,Abca1,0.5024027,0.2345679012345679,OPCs,Microglia,1.0531057,0.0
Apoe,Apoe,1.9244893,0.8374384236453202,Lrp6,Lrp6,0.18008058,0.1072780816154817,OPCs,Oligodendrocytes,1.052285,0.0
Apoe,Apoe,1.5410312,0.5064102564102564,Sdc2,Sdc2,0.5634497,0.3427835051546392,Pericytes,Astrocytes,1.0522405,0.0
Ccl25,Ccl25,0.26205206,0.31116389548693585,Grm7,Grm7,1.8400004,0.47435897435897434,Neurons,Pericytes,1.0510262,0.0
Il18,Il18,0.30750948,0.17010236993409059,Il1rapl1,Il1rapl1,1.793646,0.654639175257732,Oligodendrocytes,Astrocytes,1.0505778,0.0
Edil3,Edil3,1.7562252,0.5213854999298836,Itgav,Itgav,0.34272376,0.1841256485766372,Oligodendrocytes,Oligodendrocytes,1.0494745,0.0
Edil3,Edil3,1.2318858,0.6240244316253818,Itgav,Itgav,0.8661415,0.4074074074074074,Neurons,Microglia,1.0490136,0.0
Psap,Psap,0.61850256,0.28705651381292946,Gpr37l1,Gpr37l1,1.4791247,0.6649484536082474,Oligodendrocytes,Astrocytes,1.0488136,0.0
Cntn1,Cntn1,1.4953362,0.7570410587037666,Notch2,Notch2,0.60047126,0.3004115226337449,Neurons,Microglia,1.0479038,0.0
Trf,Trf,1.8570629,0.5626139391389707,Ldlr,Ldlr,0.23860839,0.10897435897435898,Oligodendrocytes,Pericytes,1.0478357,0.0
Adam10,Adam10,0.4714337,0.2507362221287337,Cadm1,Cadm1,1.6238371,0.7438423645320197,Oligodendrocytes,OPCs,1.0476354,0.0
Sema3d,Sema3d,1.4603589,0.7093596059113301,Nrp1,Nrp1_Plxna4,0.63388366,0.2880658436213992,OPCs,Microglia,1.0471213,0.0
Ncam1,Ncam1,0.25594413,0.1111111111111111,Ptprz1,Ptprz1,1.8369237,0.7164948453608248,Microglia,Astrocytes,1.0464339,0.0
Cntn1,Cntn1,1.7066429,0.6804123711340206,Ptprz1,Ptprz1,0.38583654,0.16025641025641027,Astrocytes,Pericytes,1.0462397,0.0
Dscam,Dscam,1.4417033,0.6610111978283,Dcc,Dcc,0.6505509,0.2755574253260412,Neurons,Oligodendrocytes,1.0461271,0.0
Cntn1,Cntn1,1.7066429,0.6804123711340206,Notch2,Notch2,0.38308427,0.2345360824742268,Astrocytes,Astrocytes,1.0448636,0.0
Apoe,Apoe,1.9244893,0.8374384236453202,Ldlr,Ldlr,0.16484001,0.18730912792670512,OPCs,Neurons,1.0446646,0.0
Cntn1,Cntn1,0.25168648,0.11522633744855967,Ptprz1,Ptprz1,1.8369237,0.7164948453608248,Microglia,Astrocytes,1.0443051,0.0
Psap,Psap,1.5766764,0.6666666666666666,Gpr37,Gpr37,0.51098347,0.25872949095498526,Microglia,Oligodendrocytes,1.0438299,0.0
Ncam1,Ncam1,1.4150285,0.5330248212031973,Ptpra,Ptpra,0.6722777,0.43349753694581283,Oligodendrocytes,OPCs,1.043653,0.0
Cntn1,Cntn1,1.7066429,0.6804123711340206,Nrcam,Nrcam,0.37932366,0.16025641025641027,Astrocytes,Pericytes,1.0429833,0.0
Adam10,Adam10,0.46146008,0.46182558534102475,Cadm1,Cadm1,1.6238371,0.7438423645320197,Neurons,OPCs,1.0426486,0.0
Ncam1,Ncam1,1.412782,0.7502544960977265,Ptpra,Ptpra,0.6722777,0.43349753694581283,Neurons,OPCs,1.0425298,0.0
Apoe,Apoe,1.5410312,0.5064102564102564,Lrp1,Lrp1,0.54086536,0.5218866644044792,Pericytes,Neurons,1.0409483,0.0
Apoe,Apoe,1.9244893,0.8374384236453202,Ldlr,Ldlr,0.15600981,0.10309278350515463,OPCs,Astrocytes,1.0402496,0.0
Cntn1,Cntn1,1.7066429,0.6804123711340206,Ptprz1,Ptprz1,0.37338203,0.3003053953172718,Astrocytes,Neurons,1.0400125,0.0
Lama2,Lama2,1.1729664,0.5335051546391752,Rpsa,Rpsa,0.9063404,0.35436825129715327,Astrocytes,Oligodendrocytes,1.0396534,0.0
Psap,Psap,0.5998084,0.32051282051282054,Gpr37l1,Gpr37l1,1.4791247,0.6649484536082474,Pericytes,Astrocytes,1.0394665,0.0
Adam10,Adam10,0.454205,0.2692307692307692,Cadm1,Cadm1,1.6238371,0.7438423645320197,Pericytes,OPCs,1.039021,0.0
Ncam1,Ncam1,1.8128812,0.7139175257731959,Ncam2,Ncam2,0.26450637,0.10699588477366255,Astrocytes,Microglia,1.0386938,1.0
L1cam,L1cam,0.23996133,0.2829996606718697,Ptprz1,Ptprz1,1.8369237,0.7164948453608248,Neurons,Astrocytes,1.0384425,0.0
Cntn1,Cntn1,1.7066429,0.6804123711340206,Notch1,Notch1,0.36985317,0.2512315270935961,Astrocytes,OPCs,1.0382481,0.0
Tgfb1,Tgfb1,0.48064888,0.23868312757201646,Itgb5,Itgb5,1.5948206,0.6255144032921811,Microglia,Microglia,1.0377347,0.0
Adam10,Adam10,0.5144967,0.33004926108374383,Nrcam,Nrcam,1.5602683,0.6597938144329897,OPCs,Astrocytes,1.0373825,0.0
Il1rapl1,Il1rapl1,1.793646,0.654639175257732,Ptprs,Ptprs,0.2808447,0.17307692307692307,Astrocytes,Pericytes,1.0372453,0.01
Efnb2,Efnb2,0.10097656,0.12690872073294876,Grm5,Grm5,1.9715923,0.7146250424160163,Neurons,Neurons,1.0362844,0.0
Cntn4,Cntn4,1.3747245,0.6070580251102816,Aplp1,Aplp1,0.69614536,0.5541228367831693,Neurons,Neurons,1.035435,0.0
Ncam1,Ncam1,1.4150285,0.5330248212031973,Ptpra,Ptpra,0.655177,0.37371134020618557,Oligodendrocytes,Astrocytes,1.0351027,0.0
Il18,Il18,0.27630234,0.16025641025641027,Il1rapl1,Il1rapl1,1.793646,0.654639175257732,Pericytes,Astrocytes,1.0349741,0.0
Agt,Agt,0.9384373,0.4793814432989691,Grm7,Grm7,1.1298239,0.37498247090169684,Astrocytes,Oligodendrocytes,1.0341306,0.0
Ncam1,Ncam1,1.412782,0.7502544960977265,Ptpra,Ptpra,0.655177,0.37371134020618557,Neurons,Astrocytes,1.0339794,0.0
App,App,1.6647443,0.8177807940278249,Notch2,Notch2,0.4022878,0.1794871794871795,Neurons,Pericytes,1.033516,0.0
App,App,1.5250988,0.5727106997616043,Lrp1,Lrp1,0.54086536,0.5218866644044792,Oligodendrocytes,Neurons,1.0329821,0.0
Adam10,Adam10,0.4420664,0.26804123711340205,Cadm1,Cadm1,1.6238371,0.7438423645320197,Astrocytes,OPCs,1.0329517,0.0
Ncam1,Ncam1,1.4150285,0.5330248212031973,Fgfr2,Fgfr2,0.64959764,0.3333333333333333,Oligodendrocytes,Pericytes,1.0323131,1.0
Adam10,Adam10,0.4714337,0.2507362221287337,Trem2,Trem2,1.5929699,0.6213991769547325,Oligodendrocytes,Microglia,1.0322018,0.0
Apoe,Apoe,1.9244893,0.8374384236453202,Lrp8,Lrp8,0.13910225,0.10344827586206896,OPCs,OPCs,1.0317957,0.0
Ncam1,Ncam1,1.412782,0.7502544960977265,Fgfr2,Fgfr2,0.64959764,0.3333333333333333,Neurons,Pericytes,1.0311898,1.0
Trf,Trf,1.8570629,0.5626139391389707,Tfrc,Tfrc,0.20531403,0.11538461538461539,Oligodendrocytes,Pericytes,1.0311885,0.0
Il1rapl1,Il1rapl1,1.793646,0.654639175257732,Ptprf,Ptprf,0.26744348,0.31218187987784185,Astrocytes,Neurons,1.0305448,0.0
Cd47,Cd47,0.32969865,0.1771140092553639,Sirpa,Sirpa,1.7312278,0.6748971193415638,Oligodendrocytes,Microglia,1.0304632,0.0
Sirpa,Sirpa,1.7312278,0.6748971193415638,Cd47,Cd47,0.32969865,0.1771140092553639,Microglia,Oligodendrocytes,1.0304632,0.0
Ntn1,Ntn1,0.41347387,0.20512820512820512,Dcc,Dcc,1.6471283,0.6386155412283678,Pericytes,Neurons,1.0303011,0.0
Cntn2,Cntn2,0.5642749,0.286916281026504,Cntn1,Cntn1,1.4953362,0.7570410587037666,Oligodendrocytes,Neurons,1.0298055,0.0
App,App,1.1517328,0.5064102564102564,Rpsa,Rpsa,0.9063404,0.35436825129715327,Pericytes,Oligodendrocytes,1.0290366,1.0
App,App,1.5250988,0.5727106997616043,Aplp1,Aplp1,0.53228176,0.28350515463917525,Oligodendrocytes,Astrocytes,1.0286903,1.0
Psap,Psap,1.0986958,0.5489690721649485,Gpr37l1,Gpr37l1,0.958507,0.5566502463054187,Astrocytes,OPCs,1.0286014,0.0
App,App,0.92554754,0.5517241379310345,Grm7,Grm7,1.1298239,0.37498247090169684,OPCs,Oligodendrocytes,1.0276858,1.0
Adam10,Adam10,0.46146008,0.46182558534102475,Trem2,Trem2,1.5929699,0.6213991769547325,Neurons,Microglia,1.027215,0.0
Lama2,Lama2,1.4791735,0.5897435897435898,Itgb1,Itga6_Itgb1,0.57398784,0.2962962962962963,Pericytes,Microglia,1.0265807,0.0
Il18,Il18,0.25906157,0.13168724279835392,Il1rapl1,Il1rapl1,1.793646,0.654639175257732,Microglia,Astrocytes,1.0263538,0.0
Cntn1,Cntn1,1.7066429,0.6804123711340206,Notch1,Notch1,0.34546015,0.19230769230769232,Astrocytes,Pericytes,1.0260515,0.0
App,App,1.1517328,0.5064102564102564,Lrp1,Lrp1,0.90028125,0.4551282051282051,Pericytes,Pericytes,1.026007,0.01
Ncam1,Ncam1,1.8128812,0.7139175257731959,Cacna1c,Cacna1c,0.23912285,0.13144329896907217,Astrocytes,Astrocytes,1.026002,0.1
Apoe,Apoe,1.9244893,0.8374384236453202,Vldlr,Vldlr,0.1274754,0.15710892432982695,OPCs,Neurons,1.0259824,0.0
Cntn1,Cntn1,1.7066429,0.6804123711340206,Notch1,Notch1,0.34465346,0.22422680412371135,Astrocytes,Astrocytes,1.0256481,0.0
App,App,1.6647443,0.8177807940278249,Lrp6,Lrp6,0.38639113,0.24742268041237114,Neurons,Astrocytes,1.0255677,0.0
App,App,1.6647443,0.8177807940278249,Notch2,Notch2,0.38308427,0.2345360824742268,Neurons,Astrocytes,1.0239142,0.0
Adam10,Adam10,0.454205,0.2692307692307692,Trem2,Trem2,1.5929699,0.6213991769547325,Pericytes,Microglia,1.0235875,0.0
App,App,1.6647443,0.8177807940278249,Aplp1,Aplp1,0.3823676,0.26108374384236455,Neurons,OPCs,1.023556,1.0
Vegfc,Vegfc,0.105157435,0.11706820495419071,Itga9,Itga9,1.9386214,0.7783251231527094,Neurons,OPCs,1.0218894,0.0
Apoe,Apoe,1.9244893,0.8374384236453202,Scarb1,Scarb1,0.11895508,0.15405497115710892,OPCs,Neurons,1.0217222,0.0
Apoe,Apoe,1.5410312,0.5064102564102564,Abca1,Abca1,0.5024027,0.2345679012345679,Pericytes,Microglia,1.021717,0.0
Cd47,Cd47,0.3118425,0.17307692307692307,Sirpa,Sirpa,1.7312278,0.6748971193415638,Pericytes,Microglia,1.0215352,0.0
Sirpa,Sirpa,1.7312278,0.6748971193415638,Cd47,Cd47,0.3118425,0.17307692307692307,Microglia,Pericytes,1.0215352,0.0
Trf,Trf,1.8570629,0.5626139391389707,Tfrc,Tfrc,0.18388288,0.11855670103092783,Oligodendrocytes,Astrocytes,1.0204729,0.0
Edil3,Edil3,1.7562252,0.5213854999298836,Itgb5,Itgb5,0.2834249,0.17525773195876287,Oligodendrocytes,Astrocytes,1.0198251,0.0
Rims2,Rims2,1.6038088,0.7192118226600985,Abca1,Abca1,0.43556362,0.27319587628865977,OPCs,Astrocytes,1.0196862,0.0
App,App,1.6647443,0.8177807940278249,Lrp6,Lrp6,0.37452346,0.20512820512820512,Neurons,Pericytes,1.0196339,0.0
Nlgn2,Nlgn2,0.49693328,0.32019704433497537,Nrxn2,Nrxn2,1.5403115,0.7536945812807881,OPCs,OPCs,1.0186224,0.0
Nrxn2,Nrxn2,1.5403115,0.7536945812807881,Nlgn2,Nlgn2,0.49693328,0.32019704433497537,OPCs,OPCs,1.0186224,0.0
Rims1,Rims1,1.7967662,0.7465218866644044,Cacna1c,Cacna1c,0.23912285,0.13144329896907217,Neurons,Astrocytes,1.0179445,0.0
Cntn1,Cntn1,0.47541264,0.1987179487179487,Nrcam,Nrcam,1.5602683,0.6597938144329897,Pericytes,Astrocytes,1.0178405,0.0
Nlgn1,Nlgn1,0.49520501,0.1522633744855967,Nrxn2,Nrxn2,1.5403115,0.7536945812807881,Microglia,OPCs,1.0177583,0.02
Nrxn2,Nrxn2,1.5403115,0.7536945812807881,Nlgn1,Nlgn1,0.49520501,0.1522633744855967,OPCs,Microglia,1.0177583,0.02
Adam10,Adam10,0.4420664,0.26804123711340205,Trem2,Trem2,1.5929699,0.6213991769547325,Astrocytes,Microglia,1.0175182,0.0
App,App,1.6647443,0.8177807940278249,Lrp6,Lrp6,0.3680566,0.4034611469290804,Neurons,Neurons,1.0164005,0.0
App,App,1.1517328,0.5064102564102564,Lrp1,Lrp1,0.8808295,0.4742268041237113,Pericytes,Astrocytes,1.0162811,0.01
Adam10,Adam10,0.4714337,0.2507362221287337,Nrcam,Nrcam,1.5602683,0.6597938144329897,Oligodendrocytes,Astrocytes,1.015851,0.0
Ncam1,Ncam1,1.4150285,0.5330248212031973,Robo1,Robo1,0.6159328,0.30927835051546393,Oligodendrocytes,Astrocytes,1.0154806,1.0
Ncam1,Ncam1,1.412782,0.7502544960977265,Robo1,Robo1,0.6159328,0.30927835051546393,Neurons,Astrocytes,1.0143573,1.0
App,App,1.6647443,0.8177807940278249,Tnfrsf21,Tnfrsf21,0.3611083,0.18518518518518517,Neurons,Microglia,1.0129263,0.0
Gnas,Gnas,1.3832802,0.5833333333333334,Adcy8,Adcy8,0.64238846,0.3711340206185567,Pericytes,Astrocytes,1.0128343,0.03
App,App,1.5250988,0.5727106997616043,Aplp2,Aplp2,0.49927166,0.2465292385359697,Oligodendrocytes,Oligodendrocytes,1.0121852,1.0
Trf,Trf,1.8570629,0.5626139391389707,Ldlr,Ldlr,0.16484001,0.18730912792670512,Oligodendrocytes,Neurons,1.0109515,0.0
Il1rapl1,Il1rapl1,1.793646,0.654639175257732,Ptprs,Ptprs,0.22819644,0.12074042911232646,Astrocytes,Oligodendrocytes,1.0109212,0.06
Adam10,Adam10,0.46146008,0.46182558534102475,Nrcam,Nrcam,1.5602683,0.6597938144329897,Neurons,Astrocytes,1.0108641,0.0
Psap,Psap,1.5766764,0.6666666666666666,Sort1,Sort1,0.44504783,0.23615201234048522,Microglia,Oligodendrocytes,1.0108621,0.0
Apoe,Apoe,1.5410312,0.5064102564102564,Sorl1,Sorl1,0.47958007,0.4482524601289447,Pericytes,Neurons,1.0103056,0.0
App,App,1.6647443,0.8177807940278249,Aplp2,Aplp2,0.3547327,0.20876288659793815,Neurons,Astrocytes,1.0097384,0.77
Bcan,Bcan,0.28196418,0.14102564102564102,Nrcam,Nrcam,1.7372056,0.7635467980295566,Pericytes,OPCs,1.0095849,0.0
Gnas,Gnas,1.1887592,0.5390946502057613,Adcy8,Adcy8,0.8281998,0.5564981336952833,Microglia,Neurons,1.0084795,0.05
Cntn3,Cntn3,0.3559106,0.16827934371055953,Ptprg,Ptprg,1.6610397,0.7684729064039408,Oligodendrocytes,OPCs,1.0084752,0.0
Fgf13,Fgf13,0.93055326,0.36213991769547327,Fgfr2,Fgfr2,1.0850602,0.46038423783480575,Microglia,Oligodendrocytes,1.0078068,0.0
Cadm3,Cadm3,0.39113206,0.4014251781472684,Cadm1,Cadm1,1.6238371,0.7438423645320197,Neurons,OPCs,1.0074846,0.0
Ncam1,Ncam1,1.8128812,0.7139175257731959,Cacna1c,Cacna1c,0.20159696,0.10447342588697238,Astrocytes,Oligodendrocytes,1.0072391,0.1
Adam10,Adam10,0.454205,0.2692307692307692,Nrcam,Nrcam,1.5602683,0.6597938144329897,Pericytes,Astrocytes,1.0072366,0.0
Trf,Trf,1.8570629,0.5626139391389707,Ldlr,Ldlr,0.15600981,0.10309278350515463,Oligodendrocytes,Astrocytes,1.0065364,0.0
Il1rapl1,Il1rapl1,1.793646,0.654639175257732,Ptprf,Ptprf,0.21931775,0.12371134020618557,Astrocytes,Astrocytes,1.0064819,0.0
App,App,1.1517328,0.5064102564102564,Lrp1,Lrp1,0.8583547,0.411522633744856,Pericytes,Microglia,1.0050437,0.04
Alcam,Alcam,1.7066393,0.7832512315270936,Chl1,Chl1,0.30339235,0.14743589743589744,OPCs,Pericytes,1.0050159,0.0
Fgf13,Fgf13,0.8300028,0.5408890397013912,Fgfr3,Fgfr3,1.179492,0.5876288659793815,Neurons,Astrocytes,1.0047474,0.0
Ptn,Ptn,0.95161796,0.40316926097321554,Ptprs,Ptprs,1.0578264,0.5960591133004927,Oligodendrocytes,OPCs,1.0047221,0.0
Sparc,Sparc,1.8157626,0.691358024691358,Fgfr1,Fgfr1,0.19155976,0.13793103448275862,Microglia,OPCs,1.0036612,0.0
Sst,Sst,0.4847642,0.24363759755683745,Grm7,Grm7,1.520814,0.6847290640394089,Neurons,OPCs,1.002789,0.0
App,App,0.46430153,0.24742268041237114,Aplp1,Aplp1,1.5409055,0.5556022998176974,Astrocytes,Oligodendrocytes,1.0026035,1.0
Ncam1,Ncam1,1.8128812,0.7139175257731959,Fgfr1,Fgfr1,0.19155976,0.13793103448275862,Astrocytes,OPCs,1.0022205,0.0
Ncam1,Ncam1,1.4150285,0.5330248212031973,Gfra1,Gfra1,0.588555,0.3793103448275862,Oligodendrocytes,OPCs,1.0017917,0.0
Adam10,Adam10,0.4420664,0.26804123711340205,Nrcam,Nrcam,1.5602683,0.6597938144329897,Astrocytes,Astrocytes,1.0011673,0.0
Ncam1,Ncam1,1.412782,0.7502544960977265,Gfra1,Gfra1,0.588555,0.3793103448275862,Neurons,OPCs,1.0006685,0.0
Apoe,Apoe,1.3625994,0.45267489711934156,Lrp6,Lrp6,0.63835216,0.4088669950738916,Microglia,OPCs,1.0004758,0.0
Ncam1,Ncam1,1.8128812,0.7139175257731959,Gfra1,Gfra1,0.1861984,0.16762809636918902,Astrocytes,Neurons,0.9995398,0.0
Psap,Psap,1.0986958,0.5489690721649485,Lrp1,Lrp1,0.90028125,0.4551282051282051,Astrocytes,Pericytes,0.9994885,0.0
Ntrk3,Ntrk3,1.4552622,0.7192118226600985,Ptprs,Ptprs,0.5431201,0.327319587628866,OPCs,Astrocytes,0.99919116,0.0
Rims1,Rims1,1.7967662,0.7465218866644044,Cacna1c,Cacna1c,0.20159696,0.10447342588697238,Neurons,Oligodendrocytes,0.99918157,0.0
Ccl25,Ccl25,0.15783869,0.10309278350515463,Grm7,Grm7,1.8400004,0.47435897435897434,Astrocytes,Pericytes,0.99891955,0.0
Fgf12,Fgf12,1.8029622,0.8029556650246306,Fgfr1,Fgfr1,0.19155976,0.13793103448275862,OPCs,OPCs,0.997261,0.0
Spon1,Spon1,1.5267022,0.729064039408867,App,App,0.46430153,0.24742268041237114,OPCs,Astrocytes,0.9955019,0.0
Ncam1,Ncam1,0.25594413,0.1111111111111111,Ncam2,Ncam2,1.7346746,0.6878181201221581,Microglia,Neurons,0.99530935,1.0
Cntn1,Cntn1,0.25168648,0.11522633744855967,Nrcam,Nrcam,1.7372056,0.7635467980295566,Microglia,OPCs,0.99444604,0.0
Fstl5,Fstl5,1.0504233,0.5629453681710214,Chl1,Chl1,0.93721485,0.4742268041237113,Neurons,Astrocytes,0.99381906,0.0
Edil3,Edil3,1.5772827,0.7142857142857143,Itgav,Itgav,0.40935338,0.25773195876288657,OPCs,Astrocytes,0.993318,0.09
Adam10,Adam10,0.9186879,0.43209876543209874,Nrcam,Nrcam,1.0664513,0.66270783847981,Microglia,Neurons,0.99256957,0.0
App,App,0.46430153,0.24742268041237114,Grm7,Grm7,1.520814,0.6847290640394089,Astrocytes,OPCs,0.99255776,1.0
Olfm2,Olfm2,0.42664272,0.40821174075330846,Robo2,Robo2,1.5579807,0.7064811672887682,Neurons,Neurons,0.9923117,0.0
Bcan,Bcan,0.24627133,0.26874787919918564,Nrcam,Nrcam,1.7372056,0.7635467980295566,Neurons,OPCs,0.9917385,0.0
Ptn,Ptn,0.95161796,0.40316926097321554,Ptprs,Ptprs,1.0308105,0.7047845266372582,Oligodendrocytes,Neurons,0.9912142,0.0
Ncam1,Ncam1,1.4150285,0.5330248212031973,Robo1,Robo1,0.56691456,0.23076923076923078,Oligodendrocytes,Pericytes,0.9909715,1.0
App,App,1.6647443,0.8177807940278249,Lrp6,Lrp6,0.31696966,0.17695473251028807,Neurons,Microglia,0.99085695,0.0
Ncam1,Ncam1,1.412782,0.7502544960977265,Robo1,Robo1,0.56691456,0.23076923076923078,Neurons,Pericytes,0.98984826,1.0
Psap,Psap,1.0986958,0.5489690721649485,Lrp1,Lrp1,0.8808295,0.4742268041237113,Astrocytes,Astrocytes,0.98976266,0.0
Adam10,Adam10,0.9186879,0.43209876543209874,Cadm1,Cadm1,1.0590706,0.5128865979381443,Microglia,Astrocytes,0.9888792,0.0
Penk,Penk,0.4568181,0.26060400407193757,Grm7,Grm7,1.520814,0.6847290640394089,Neurons,OPCs,0.988816,0.0
Sdc2,Sdc2,0.27804708,0.27994570749915165,Ptprj,Ptprj,1.6990496,0.6790123456790124,Neurons,Microglia,0.98854834,0.0
Apoe,Apoe,1.5410312,0.5064102564102564,Abca1,Abca1,0.43556362,0.27319587628865977,Pericytes,Astrocytes,0.98829746,0.0
Apoe,Apoe,1.0754791,0.388865516757818,Lrp1,Lrp1,0.90028125,0.4551282051282051,Oligodendrocytes,Pericytes,0.98788023,0.0
Lama2,Lama2,1.4791735,0.5897435897435898,Itgb1,Itga9_Itgb1,0.49624488,0.3251231527093596,Pericytes,OPCs,0.9877092,0.0
Edil3,Edil3,1.5772827,0.7142857142857143,Itgb5,Itgb5,0.3980638,0.1987179487179487,OPCs,Pericytes,0.9876732,0.0
Spon1,Spon1,0.8228557,0.4484536082474227,App,App,1.1517328,0.5064102564102564,Astrocytes,Pericytes,0.98729426,0.0
App,App,1.6647443,0.8177807940278249,Tnfrsf21,Tnfrsf21,0.30671707,0.1346153846153846,Neurons,Pericytes,0.98573065,0.0
Alcam,Alcam,1.7066393,0.7832512315270936,Nrp1,Nrp1,0.2617305,0.17525773195876287,OPCs,Astrocytes,0.98418486,0.0
Apoe,Apoe,1.5410312,0.5064102564102564,Sdc2,Sdc2,0.4266089,0.2660098522167488,Pericytes,OPCs,0.9838201,0.0
Fgf14,Fgf14,1.7758334,0.6675257731958762,Fgfr1,Fgfr1,0.19155976,0.13793103448275862,Astrocytes,OPCs,0.9836966,0.0
Alcam,Alcam,1.7066393,0.7832512315270936,Chl1,Chl1,0.25932926,0.15763546798029557,OPCs,OPCs,0.9829843,0.0
Gnas,Gnas,1.323098,0.48590660496424065,Adcy8,Adcy8,0.64238846,0.3711340206185567,Oligodendrocytes,Astrocytes,0.9827432,0.0
Lamc1,Lamc1,0.8149198,0.358974358974359,Itga1,Itga1,1.150206,0.4358974358974359,Pericytes,Pericytes,0.9825629,0.0
Il1rapl1,Il1rapl1,1.793646,0.654639175257732,Ptprf,Ptprf,0.17144528,0.10363202916841957,Astrocytes,Oligodendrocytes,0.9825456,0.0
App,App,1.1517328,0.5064102564102564,Aplp2,Aplp2,0.81325376,0.6331862911435358,Pericytes,Neurons,0.9824933,0.75
Edil3,Edil3,1.5772827,0.7142857142857143,Itgav,Itgav,0.38362354,0.21794871794871795,OPCs,Pericytes,0.98045313,0.1
Rtn4,Rtn4,1.4572431,0.5348478474267284,Rtn4rl1,Rtn4rl1,0.5028403,0.25102880658436216,Oligodendrocytes,Microglia,0.9800417,0.0
Ntrk3,Ntrk3,0.90171796,0.49226804123711343,Ptprs,Ptprs,1.0578264,0.5960591133004927,Astrocytes,OPCs,0.9797722,0.0
Fstl5,Fstl5,1.0504233,0.5629453681710214,Il6ra,Il6ra,0.9090278,0.4156378600823045,Neurons,Microglia,0.97972554,0.0
Gnas,Gnas,1.3161097,0.5850515463917526,Adcy8,Adcy8,0.64238846,0.3711340206185567,Astrocytes,Astrocytes,0.97924906,0.04
Psap,Psap,1.0986958,0.5489690721649485,Lrp1,Lrp1,0.8583547,0.411522633744856,Astrocytes,Microglia,0.9785252,0.0
Lama2,Lama2,1.4791735,0.5897435897435898,Itgb8,Itgav_Itgb8,0.47756553,0.31527093596059114,Pericytes,OPCs,0.97836953,0.0
Apoe,Apoe,1.0754791,0.388865516757818,Lrp1,Lrp1,0.8808295,0.4742268041237113,Oligodendrocytes,Astrocytes,0.9781543,0.0
App,App,1.6647443,0.8177807940278249,Grm7,Grm7,0.2902294,0.11522633744855967,Neurons,Microglia,0.97748685,1.0
Agrn,Agrn,0.47645134,0.3054187192118227,Atp1a3,Atp1a3,1.4781481,0.8106549032914828,OPCs,Neurons,0.9772997,0.0
Lama2,Lama2,1.4791735,0.5897435897435898,Itga9,Itga9_Itgb1,0.47447187,0.22633744855967078,Pericytes,Microglia,0.97682273,0.0
Nlgn3,Nlgn3,0.4127724,0.2857142857142857,Nrxn2,Nrxn2,1.5403115,0.7536945812807881,OPCs,OPCs,0.97654194,0.0
Nrxn2,Nrxn2,1.5403115,0.7536945812807881,Nlgn3,Nlgn3,0.4127724,0.2857142857142857,OPCs,OPCs,0.97654194,0.0
Adam10,Adam10,0.9186879,0.43209876543209874,Cadm1,Cadm1,1.0329741,0.4691358024691358,Microglia,Microglia,0.97583103,0.0
Gnas,Gnas,1.3832802,0.5833333333333334,Adcy8,Adcy8,0.5676797,0.3448275862068966,Pericytes,OPCs,0.97547996,0.17
Psap,Psap,1.5766764,0.6666666666666666,Sort1,Sort1,0.374237,0.39531727180183235,Microglia,Neurons,0.9754567,0.0
Ncam1,Ncam1,1.4150285,0.5330248212031973,Ptpra,Ptpra,0.53463,0.28172766792876175,Oligodendrocytes,Oligodendrocytes,0.9748292,0.29
Ncam1,Ncam1,1.4150285,0.5330248212031973,Ptpra,Ptpra,0.53325456,0.3076923076923077,Oligodendrocytes,Pericytes,0.9741415,0.52
Ntn1,Ntn1,0.9165528,0.5369458128078818,Unc5d,Unc5d,1.0313742,0.4855785544621649,OPCs,Neurons,0.9739635,0.0
Ncam1,Ncam1,1.412782,0.7502544960977265,Ptpra,Ptpra,0.53463,0.28172766792876175,Neurons,Oligodendrocytes,0.973706,0.46
Rims2,Rims2,1.6038088,0.7192118226600985,Abca1,Abca1,0.34294063,0.22660098522167488,OPCs,OPCs,0.9733747,0.0
L1cam,L1cam,0.23996133,0.2829996606718697,Cntn1,Cntn1,1.7066429,0.6804123711340206,Neurons,Astrocytes,0.9733021,0.0
Ncam1,Ncam1,1.412782,0.7502544960977265,Ptpra,Ptpra,0.53325456,0.3076923076923077,Neurons,Pericytes,0.9730183,0.53
Psap,Psap,1.5766764,0.6666666666666666,Sort1,Sort1,0.3659152,0.20164609053497942,Microglia,Microglia,0.9712958,0.0
Gpc3,Gpc3,0.3531272,0.15384615384615385,Cd81,Cd81,1.5878264,0.6474358974358975,Pericytes,Pericytes,0.9704768,0.0
Gnas,Gnas,1.1123629,0.5911330049261084,Adcy8,Adcy8,0.8281998,0.5564981336952833,OPCs,Neurons,0.97028136,0.12
Cntn2,Cntn2,0.20282064,0.25212080081438754,Nrcam,Nrcam,1.7372056,0.7635467980295566,Neurons,OPCs,0.97001314,0.0
App,App,1.6647443,0.8177807940278249,Vldlr,Vldlr,0.27211878,0.15453653064086384,Neurons,Oligodendrocytes,0.96843153,0.0
Slit2,Slit2,0.6824873,0.39124533423820834,Robo2,Robo2,1.2537057,0.5747422680412371,Neurons,Astrocytes,0.9680965,0.0
Vegfa,Vegfa,0.2038304,0.11538461538461539,Sirpa,Sirpa,1.7312278,0.6748971193415638,Pericytes,Microglia,0.96752906,0.0
Apoe,Apoe,1.3625994,0.45267489711934156,Sorl1,Sorl1,0.5721202,0.34536082474226804,Microglia,Astrocytes,0.9673598,0.0
Cntn3,Cntn3,0.8210859,0.502544960977265,Ptprg,Ptprg,1.1134903,0.6576179165252799,Neurons,Neurons,0.96728814,0.0
Gnas,Gnas,1.3832802,0.5833333333333334,Adcy9,Adcy9,0.5512227,0.513403461146929,Pericytes,Neurons,0.9672514,0.12
Alcam,Alcam,0.9967763,0.5103092783505154,Chl1,Chl1,0.93721485,0.4742268041237113,Astrocytes,Astrocytes,0.9669956,0.0
Lgi1,Lgi1,1.5004201,0.6288659793814433,Adam22,Adam22,0.43355224,0.22717711400925536,Astrocytes,Oligodendrocytes,0.9669862,0.0
Apoe,Apoe,1.0754791,0.388865516757818,Lrp1,Lrp1,0.8583547,0.411522633744856,Oligodendrocytes,Microglia,0.9669169,0.0
Cntn1,Cntn1,0.37318683,0.15285373720375825,Nrcam,Nrcam,1.5602683,0.6597938144329897,Oligodendrocytes,Astrocytes,0.96672755,0.0
Ntrk3,Ntrk3,0.90171796,0.49226804123711343,Ptprs,Ptprs,1.0308105,0.7047845266372582,Astrocytes,Neurons,0.96626425,0.0
App,App,1.6647443,0.8177807940278249,Grm7,Grm7,0.26770332,0.11082474226804123,Neurons,Astrocytes,0.9662238,1.0
App,App,1.6647443,0.8177807940278249,Tnfrsf21,Tnfrsf21,0.26528463,0.2891075670173057,Neurons,Neurons,0.96501446,0.0
Ncam1,Ncam1,1.4150285,0.5330248212031973,Ptpra,Ptpra,0.51325756,0.4906684764166949,Oligodendrocytes,Neurons,0.96414304,0.79
Il34,Il34,0.09125408,0.11163895486935867,Ptprz1,Ptprz1,1.8369237,0.7164948453608248,Neurons,Astrocytes,0.9640889,0.0
Apoe,Apoe,1.5410312,0.5064102564102564,Lrp6,Lrp6,0.38639113,0.24742268041237114,Pericytes,Astrocytes,0.9637112,0.0
App,App,1.5250988,0.5727106997616043,Notch2,Notch2,0.4022878,0.1794871794871795,Oligodendrocytes,Pericytes,0.9636933,0.0
Apoe,Apoe,1.3625994,0.45267489711934156,Sdc2,Sdc2,0.5634497,0.3427835051546392,Microglia,Astrocytes,0.9630245,0.0
Cntn3,Cntn3,0.8210859,0.502544960977265,Ptprg,Ptprg,1.1049616,0.4551282051282051,Neurons,Pericytes,0.9630238,0.0
Ncam1,Ncam1,1.412782,0.7502544960977265,Ptpra,Ptpra,0.51325756,0.4906684764166949,Neurons,Neurons,0.9630197,0.77
App,App,1.6647443,0.8177807940278249,Aplp2,Aplp2,0.26024443,0.14814814814814814,Neurons,Microglia,0.9624944,1.0
Apoe,Apoe,0.33165058,0.2297251442144554,Trem2,Trem2,1.5929699,0.6213991769547325,Neurons,Microglia,0.96231025,0.0
Apoe,Apoe,1.5410312,0.5064102564102564,Lrp8,Lrp8,0.38208684,0.41839158466236853,Pericytes,Neurons,0.96155906,0.0
Gnas,Gnas,1.3832802,0.5833333333333334,Adcy9,Adcy9,0.5369343,0.28846153846153844,Pericytes,Pericytes,0.9601072,0.16
Edil3,Edil3,1.5772827,0.7142857142857143,Itgav,Itgav,0.34272376,0.1841256485766372,OPCs,Oligodendrocytes,0.9600032,0.13
Nxph1,Nxph1,1.2188966,0.5242619613165932,Nrxn1,Nrxn1,0.7008444,0.21778151731874912,Neurons,Oligodendrocytes,0.9598705,0.2
Sorbs1,Sorbs1,0.7687583,0.6029860875466576,Itga1,Itga1,1.150206,0.4358974358974359,Neurons,Pericytes,0.95948213,0.0
Ptn,Ptn,0.8578954,0.41494845360824745,Ptprs,Ptprs,1.0578264,0.5960591133004927,Astrocytes,OPCs,0.9578609,0.0
Apoe,Apoe,1.5410312,0.5064102564102564,Lrp6,Lrp6,0.37452346,0.20512820512820512,Pericytes,Pericytes,0.9577774,0.0
Psap,Psap,0.9567941,0.6827281981676281,Gpr37l1,Gpr37l1,0.958507,0.5566502463054187,Neurons,OPCs,0.95765054,0.0
Fgf13,Fgf13,0.8300028,0.5408890397013912,Fgfr2,Fgfr2,1.0850602,0.46038423783480575,Neurons,Oligodendrocytes,0.9575315,0.0
Slit3,Slit3,0.29034072,0.2147947064811673,Robo1,Robo1,1.6243829,0.6450627757041059,Neurons,Neurons,0.9573618,0.0
Sirpa,Sirpa,1.7312278,0.6748971193415638,Cd47,Cd47,0.18265483,0.1056701030927835,Microglia,Astrocytes,0.9569413,0.0
Cd47,Cd47,0.18265483,0.1056701030927835,Sirpa,Sirpa,1.7312278,0.6748971193415638,Astrocytes,Microglia,0.9569413,0.0
Fgf13,Fgf13,0.93055326,0.36213991769547327,Scn8a,Scn8a,0.98176134,0.665422463522226,Microglia,Neurons,0.9561573,0.0
App,App,1.5250988,0.5727106997616043,Lrp6,Lrp6,0.38639113,0.24742268041237114,Oligodendrocytes,Astrocytes,0.955745,0.0
Ncam1,Ncam1,1.4150285,0.5330248212031973,Fgfr2,Fgfr2,0.49607632,0.25925925925925924,Oligodendrocytes,Microglia,0.9555524,1.0
Rims1,Rims1,1.6710672,0.7438423645320197,Cacna1c,Cacna1c,0.23912285,0.13144329896907217,OPCs,Astrocytes,0.95509505,0.0
Cntn2,Cntn2,0.20282064,0.25212080081438754,Cntn1,Cntn1,1.7066429,0.6804123711340206,Neurons,Astrocytes,0.95473176,0.0
Agrn,Agrn,0.4311766,0.4530030539531727,Atp1a3,Atp1a3,1.4781481,0.8106549032914828,Neurons,Neurons,0.9546623,0.0
Apoe,Apoe,1.5410312,0.5064102564102564,Lrp6,Lrp6,0.3680566,0.4034611469290804,Pericytes,Neurons,0.95454395,0.0
Ncam1,Ncam1,1.412782,0.7502544960977265,Fgfr2,Fgfr2,0.49607632,0.25925925925925924,Neurons,Microglia,0.95442915,1.0
Spon1,Spon1,1.5267022,0.729064039408867,Lrp8,Lrp8,0.38208684,0.41839158466236853,OPCs,Neurons,0.9543945,0.0
App,App,1.5250988,0.5727106997616043,Notch2,Notch2,0.38308427,0.2345360824742268,Oligodendrocytes,Astrocytes,0.95409155,0.0
App,App,1.5250988,0.5727106997616043,Aplp1,Aplp1,0.3823676,0.26108374384236455,Oligodendrocytes,OPCs,0.9537332,1.0
Cntn4,Cntn4,1.3747245,0.6070580251102816,Aplp1,Aplp1,0.53228176,0.28350515463917525,Neurons,Astrocytes,0.95350313,0.0
Csf1,Csf1,0.17425033,0.10321133080914317,Sirpa,Sirpa,1.7312278,0.6748971193415638,Oligodendrocytes,Microglia,0.95273906,0.0
Vegfa,Vegfa,0.65000755,0.36597938144329895,Grin2b,Grin2b,1.2553593,0.7132677298948082,Astrocytes,Neurons,0.95268345,0.0
Tln1,Tln1,0.30891147,0.1646090534979424,Itgb5,Itgb5,1.5948206,0.6255144032921811,Microglia,Microglia,0.95186603,0.0
Apoe,Apoe,1.3625994,0.45267489711934156,Lrp1,Lrp1,0.54086536,0.5218866644044792,Microglia,Neurons,0.9517324,0.0
Cntn3,Cntn3,0.8210859,0.502544960977265,Ptprg,Ptprg,1.0817091,0.5360824742268041,Neurons,Astrocytes,0.95139754,0.0
Vegfa,Vegfa,0.17069003,0.2130980658296573,Sirpa,Sirpa,1.7312278,0.6748971193415638,Neurons,Microglia,0.9509589,0.0
Lama2,Lama2,1.1729664,0.5335051546391752,Rpsa,Rpsa,0.72729087,0.5391923990498813,Astrocytes,Neurons,0.9501286,0.0
App,App,1.5250988,0.5727106997616043,Lrp6,Lrp6,0.37452346,0.20512820512820512,Oligodendrocytes,Pericytes,0.9498111,0.0
Cntn1,Cntn1,1.4953362,0.7570410587037666,Notch2,Notch2,0.4022878,0.1794871794871795,Neurons,Pericytes,0.948812,0.0
Sema3d,Sema3d,1.4603589,0.7093596059113301,Nrp1,Nrp1_Plxna2,0.436427,0.35595520868680014,OPCs,Neurons,0.9483929,0.0
Sema3d,Sema3d,1.4603589,0.7093596059113301,Nrp1,Nrp1_Plxna4,0.436427,0.35595520868680014,OPCs,Neurons,0.9483929,0.0
App,App,1.5250988,0.5727106997616043,Lrp6,Lrp6,0.3680566,0.4034611469290804,Oligodendrocytes,Neurons,0.94657767,0.0
Lama2,Lama2,1.1729664,0.5335051546391752,Rpsa,Rpsa,0.7194886,0.3141025641025641,Astrocytes,Pericytes,0.9462275,0.0
App,App,1.6647443,0.8177807940278249,Gpc1,Gpc1,0.22717841,0.2653545978961656,Neurons,Neurons,0.94596136,0.0
Gnas,Gnas,1.323098,0.48590660496424065,Adcy8,Adcy8,0.5676797,0.3448275862068966,Oligodendrocytes,OPCs,0.9453888,0.12
Ncam1,Ncam1,0.5186237,0.22435897435897437,Ncam2,Ncam2,1.3706796,0.4891319590520264,Pericytes,Oligodendrocytes,0.94465166,1.0
Dscam,Dscam,0.24190983,0.10910110783901276,Dcc,Dcc,1.6471283,0.6386155412283678,Oligodendrocytes,Neurons,0.9445191,0.0
Ptn,Ptn,0.8578954,0.41494845360824745,Ptprs,Ptprs,1.0308105,0.7047845266372582,Astrocytes,Neurons,0.9443529,0.0
Lama2,Lama2,1.4791735,0.5897435897435898,Itgav,Itgav_Itgb8,0.40935338,0.25773195876288657,Pericytes,Astrocytes,0.94426346,0.0
Lama2,Lama2,1.4791735,0.5897435897435898,Dag1,Dag1,0.40804067,0.270935960591133,Pericytes,OPCs,0.9436071,0.0
App,App,1.5250988,0.5727106997616043,Tnfrsf21,Tnfrsf21,0.3611083,0.18518518518518517,Oligodendrocytes,Microglia,0.94310355,0.0
Col4a2,Col4a2,0.29112208,0.14743589743589744,Itgb5,Itgb5,1.5948206,0.6255144032921811,Pericytes,Microglia,0.94297135,0.0
Lama2,Lama2,1.4791735,0.5897435897435898,Dag1,Dag1,0.4057683,0.23076923076923078,Pericytes,Pericytes,0.9424709,0.0
App,App,1.6647443,0.8177807940278249,Aplp1,Aplp1,0.21927953,0.12179487179487179,Neurons,Pericytes,0.9420119,1.0
Apoe,Apoe,1.5410312,0.5064102564102564,Abca1,Abca1,0.34294063,0.22660098522167488,Pericytes,OPCs,0.94198596,0.0
Gnas,Gnas,1.3161097,0.5850515463917526,Adcy8,Adcy8,0.5676797,0.3448275862068966,Astrocytes,OPCs,0.94189465,0.3
App,App,1.6647443,0.8177807940278249,Vldlr,Vldlr,0.21881776,0.15763546798029557,Neurons,OPCs,0.941781,0.0
Spon1,Spon1,0.21781026,0.11538461538461539,App,App,1.6647443,0.8177807940278249,Pericytes,Neurons,0.94127727,0.0
Fgf13,Fgf13,0.93055326,0.36213991769547327,Fgfr2,Fgfr2,0.9517514,0.5,Microglia,Astrocytes,0.94115233,0.0
Cntn1,Cntn1,1.4953362,0.7570410587037666,Ptprz1,Ptprz1,0.38583654,0.16025641025641027,Neurons,Pericytes,0.9405863,0.0
Ncam1,Ncam1,0.25594413,0.1111111111111111,Robo1,Robo1,1.6243829,0.6450627757041059,Microglia,Neurons,0.9401635,1.0
App,App,1.5250988,0.5727106997616043,Aplp2,Aplp2,0.3547327,0.20876288659793815,Oligodendrocytes,Astrocytes,0.9399158,1.0
Apoe,Apoe,1.5410312,0.5064102564102564,Lrp5,Lrp5,0.3384705,0.1728395061728395,Pericytes,Microglia,0.93975085,0.0
App,App,1.1517328,0.5064102564102564,Rpsa,Rpsa,0.72729087,0.5391923990498813,Pericytes,Neurons,0.93951184,1.0
Serpine2,Serpine2,0.97860956,0.5103092783505154,Lrp1,Lrp1,0.90028125,0.4551282051282051,Astrocytes,Pericytes,0.9394454,0.0
Cntn1,Cntn1,1.4953362,0.7570410587037666,Notch2,Notch2,0.38308427,0.2345360824742268,Neurons,Astrocytes,0.93921024,0.0
App,App,1.6647443,0.8177807940278249,Aplp1,Aplp1,0.2123382,0.11522633744855967,Neurons,Microglia,0.93854123,1.0
App,App,1.6647443,0.8177807940278249,Ncstn,Ncstn,0.2121596,0.10699588477366255,Neurons,Microglia,0.93845195,0.0
Adam9,Adam9,0.2818639,0.2019704433497537,Itgb5,Itgb5,1.5948206,0.6255144032921811,OPCs,Microglia,0.9383423,0.0
Calr,Calr,0.62079793,0.3694581280788177,Lrp1,Lrp1,1.2553622,0.6896551724137931,OPCs,OPCs,0.9380801,0.0
Cntn1,Cntn1,1.4953362,0.7570410587037666,Nrcam,Nrcam,0.37932366,0.16025641025641027,Neurons,Pericytes,0.9373299,0.0
Ptn,Ptn,0.41468883,0.34170342721411606,Cdh10,Cdh10,1.4597478,0.615979381443299,Neurons,Astrocytes,0.9372183,0.0
Gnas,Gnas,1.323098,0.48590660496424065,Adcy9,Adcy9,0.5512227,0.513403461146929,Oligodendrocytes,Neurons,0.9371603,0.0
Psap,Psap,0.61850256,0.28705651381292946,Lrp1,Lrp1,1.2553622,0.6896551724137931,Oligodendrocytes,OPCs,0.9369323,0.0
Hsp90b1,Hsp90b1,0.6173504,0.30864197530864196,Lrp1,Lrp1,1.2553622,0.6896551724137931,Microglia,OPCs,0.9363563,0.0
Rims1,Rims1,1.6710672,0.7438423645320197,Cacna1c,Cacna1c,0.20159696,0.10447342588697238,OPCs,Oligodendrocytes,0.9363321,0.0
Psap,Psap,1.5766764,0.6666666666666666,Gpr37l1,Gpr37l1,0.2954727,0.1346153846153846,Microglia,Pericytes,0.93607455,0.0
App,App,1.1517328,0.5064102564102564,Rpsa,Rpsa,0.7194886,0.3141025641025641,Pericytes,Pericytes,0.9356107,1.0
Adam12,Adam12,1.2399228,0.6354679802955665,Sdc4,Sdc4,0.6302898,0.3634020618556701,OPCs,Astrocytes,0.9351063,0.0
App,App,1.6647443,0.8177807940278249,Tspan15,Tspan15,0.20481992,0.1189174028887954,Neurons,Oligodendrocytes,0.9347821,0.0
Nrg2,Nrg2,0.65929556,0.5609093993892094,Mog,Mog,1.2095723,0.4572991165334455,Neurons,Oligodendrocytes,0.93443394,0.0
Cntn1,Cntn1,1.4953362,0.7570410587037666,Ptprz1,Ptprz1,0.37338203,0.3003053953172718,Neurons,Neurons,0.9343591,0.0
Nxph1,Nxph1,1.2188966,0.5242619613165932,Nrxn2,Nrxn2,0.6497941,0.5687139463861555,Neurons,Neurons,0.93434536,0.0
App,App,1.6647443,0.8177807940278249,Tnfrsf21,Tnfrsf21,0.20380789,0.15270935960591134,Neurons,OPCs,0.9342761,0.0
Psap,Psap,0.90887284,0.5566502463054187,Gpr37l1,Gpr37l1,0.958507,0.5566502463054187,OPCs,OPCs,0.93368995,0.0
Gnas,Gnas,1.3161097,0.5850515463917526,Adcy9,Adcy9,0.5512227,0.513403461146929,Astrocytes,Neurons,0.93366617,0.15
L1cam,L1cam,0.23996133,0.2829996606718697,Cd9,Cd9,1.6269479,0.7733990147783252,Neurons,OPCs,0.93345463,0.0
Cntn1,Cntn1,1.4953362,0.7570410587037666,Notch1,Notch1,0.36985317,0.2512315270935961,Neurons,OPCs,0.93259466,0.0
Lama2,Lama2,1.1729664,0.5335051546391752,Rpsa,Rpsa,0.69212526,0.3374485596707819,Astrocytes,Microglia,0.9325458,0.0
Apoe,Apoe,1.3625994,0.45267489711934156,Abca1,Abca1,0.5024027,0.2345679012345679,Microglia,Microglia,0.9325011,0.0
Adam10,Adam10,0.5144967,0.33004926108374383,Cadm1,Cadm1,1.3495415,0.6973193077706142,OPCs,Neurons,0.9320191,0.0
Edil3,Edil3,1.5772827,0.7142857142857143,Itgb5,Itgb5,0.2834249,0.17525773195876287,OPCs,Astrocytes,0.93035376,0.01
Sptan1,Sptan1,1.0342741,0.6881574482524602,Ptpra,Ptpra,0.8259607,0.4074074074074074,Neurons,Microglia,0.93011737,0.0
Gnas,Gnas,1.323098,0.48590660496424065,Adcy9,Adcy9,0.5369343,0.28846153846153844,Oligodendrocytes,Pericytes,0.93001616,0.11
Serpine2,Serpine2,0.97860956,0.5103092783505154,Lrp1,Lrp1,0.8808295,0.4742268041237113,Astrocytes,Astrocytes,0.92971957,0.0
Sema3d,Sema3d,1.4603589,0.7093596059113301,Plxna2,Nrp1_Plxna2,0.3984046,0.19230769230769232,OPCs,Pericytes,0.9293817,0.0
Apoe,Apoe,1.5410312,0.5064102564102564,Lrp6,Lrp6,0.31696966,0.17695473251028807,Pericytes,Microglia,0.92900044,0.0
Psap,Psap,0.9567941,0.6827281981676281,Lrp1,Lrp1,0.90028125,0.4551282051282051,Neurons,Pericytes,0.92853767,0.0
Gnas,Gnas,1.3832802,0.5833333333333334,Adcy9,Adcy9,0.47359568,0.24279835390946503,Pericytes,Microglia,0.92843795,0.3
App,App,0.6004882,0.29218106995884774,Lrp1,Lrp1,1.2553622,0.6896551724137931,Microglia,OPCs,0.92792517,0.24
Ntn1,Ntn1,0.41347387,0.20512820512820512,Dscam,Dscam,1.4417033,0.6610111978283,Pericytes,Neurons,0.9275886,0.0
Psap,Psap,0.5998084,0.32051282051282054,Lrp1,Lrp1,1.2553622,0.6896551724137931,Pericytes,OPCs,0.92758524,0.0
Sdc2,Sdc2,0.7667969,0.3717948717948718,Ptprj,Ptprj,1.0877827,0.5812807881773399,Pericytes,OPCs,0.92728984,0.0
Gnas,Gnas,1.3161097,0.5850515463917526,Adcy9,Adcy9,0.5369343,0.28846153846153844,Astrocytes,Pericytes,0.926522,0.27
Sorbs1,Sorbs1,0.70115906,0.4236453201970443,Itga1,Itga1,1.150206,0.4358974358974359,OPCs,Pericytes,0.92568254,0.0
Agrn,Agrn,0.37276822,0.20512820512820512,Atp1a3,Atp1a3,1.4781481,0.8106549032914828,Pericytes,Neurons,0.9254582,0.0
Slit3,Slit3,0.29034072,0.2147947064811673,Robo2,Robo2,1.5579807,0.7064811672887682,Neurons,Neurons,0.9241607,0.0
App,App,1.1517328,0.5064102564102564,Aplp1,Aplp1,0.69614536,0.5541228367831693,Pericytes,Neurons,0.9239391,1.0
Spon1,Spon1,0.18311895,0.15914489311163896,App,App,1.6647443,0.8177807940278249,Neurons,Neurons,0.9239316,0.0
Ncam1,Ncam1,0.5186237,0.22435897435897437,Cacna1c,Cacna1c,1.3281378,0.7115710892432983,Pericytes,Neurons,0.92338073,0.86
App,App,1.6647443,0.8177807940278249,Lrp6,Lrp6,0.18008058,0.1072780816154817,Neurons,Oligodendrocytes,0.9224124,0.0
App,App,1.1517328,0.5064102564102564,Rpsa,Rpsa,0.69212526,0.3374485596707819,Pericytes,Microglia,0.921929,1.0
Apoe,Apoe,1.5410312,0.5064102564102564,Ldlr,Ldlr,0.3027977,0.2019704433497537,Pericytes,OPCs,0.92191446,0.0
Nlgn2,Nlgn2,0.3031204,0.34068544282321006,Nrxn2,Nrxn2,1.5403115,0.7536945812807881,Neurons,OPCs,0.9217159,0.0
Nrxn2,Nrxn2,1.5403115,0.7536945812807881,Nlgn2,Nlgn2,0.3031204,0.34068544282321006,OPCs,Neurons,0.9217159,0.0
App,App,1.6647443,0.8177807940278249,Tspan12,Tspan12,0.17863977,0.1211340206185567,Neurons,Astrocytes,0.921692,0.0
Apoe,Apoe,1.0754791,0.388865516757818,Sdc2,Sdc2,0.7667969,0.3717948717948718,Oligodendrocytes,Pericytes,0.92113805,0.0
Bcan,Bcan,0.28196418,0.14102564102564102,Nrcam,Nrcam,1.5602683,0.6597938144329897,Pericytes,Astrocytes,0.92111623,0.0
Apoe,Apoe,1.3625994,0.45267489711934156,Sorl1,Sorl1,0.47958007,0.4482524601289447,Microglia,Neurons,0.9210897,0.0
App,App,1.5250988,0.5727106997616043,Lrp6,Lrp6,0.31696966,0.17695473251028807,Oligodendrocytes,Microglia,0.9210342,0.01
Cntn1,Cntn1,1.4953362,0.7570410587037666,Notch1,Notch1,0.34546015,0.19230769230769232,Neurons,Pericytes,0.9203982,0.0
App,App,1.6647443,0.8177807940278249,Tspan12,Tspan12,0.17574395,0.11330049261083744,Neurons,OPCs,0.9202441,0.0
Cntn1,Cntn1,1.4953362,0.7570410587037666,Notch1,Notch1,0.34465346,0.22422680412371135,Neurons,Astrocytes,0.91999483,0.0
Ptn,Ptn,0.95161796,0.40316926097321554,Cdh10,Cdh10,0.8882974,0.5629453681710214,Oligodendrocytes,Neurons,0.91995764,0.0
Vcl,Vcl,0.24446514,0.15763546798029557,Itgb5,Itgb5,1.5948206,0.6255144032921811,OPCs,Microglia,0.91964287,0.0
Psap,Psap,0.9567941,0.6827281981676281,Lrp1,Lrp1,0.8808295,0.4742268041237113,Neurons,Astrocytes,0.9188118,0.0
Agrn,Agrn,0.35898203,0.21649484536082475,Atp1a3,Atp1a3,1.4781481,0.8106549032914828,Astrocytes,Neurons,0.91856503,0.0
Serpine2,Serpine2,0.97860956,0.5103092783505154,Lrp1,Lrp1,0.8583547,0.411522633744856,Astrocytes,Microglia,0.9184821,0.0
Vcl,Vcl,0.24066435,0.28028503562945367,Itgb5,Itgb5,1.5948206,0.6255144032921811,Neurons,Microglia,0.9177425,0.0
Slit2,Slit2,0.17040688,0.11330049261083744,App,App,1.6647443,0.8177807940278249,OPCs,Neurons,0.9175756,0.04
Tln1,Tln1,0.23955403,0.1346153846153846,Itgb5,Itgb5,1.5948206,0.6255144032921811,Pericytes,Microglia,0.91718733,0.0
Adam10,Adam10,0.9186879,0.43209876543209874,Tspan5,Tspan5,0.9156587,0.49226804123711343,Microglia,Astrocytes,0.91717327,0.0
Slit2,Slit2,0.6824873,0.39124533423820834,App,App,1.1517328,0.5064102564102564,Neurons,Pericytes,0.9171101,0.13
App,App,0.92554754,0.5517241379310345,Rpsa,Rpsa,0.9063404,0.35436825129715327,OPCs,Oligodendrocytes,0.915944,1.0
App,App,1.5250988,0.5727106997616043,Tnfrsf21,Tnfrsf21,0.30671707,0.1346153846153846,Oligodendrocytes,Pericytes,0.9159079,0.0
Gnas,Gnas,1.1887592,0.5390946502057613,Adcy8,Adcy8,0.64238846,0.3711340206185567,Microglia,Astrocytes,0.91557384,0.47
Col4a2,Col4a2,0.2344005,0.27723108245673567,Itgb5,Itgb5,1.5948206,0.6255144032921811,Neurons,Microglia,0.91461056,0.0
Sorbs1,Sorbs1,0.23364611,0.1111111111111111,Itgb5,Itgb5,1.5948206,0.6255144032921811,Microglia,Microglia,0.9142334,0.0
Apoe,Apoe,1.5410312,0.5064102564102564,Lrp4,Lrp4,0.28684035,0.1921182266009852,Pericytes,OPCs,0.9139358,0.0
Adam10,Adam10,0.9186879,0.43209876543209874,Il6ra,Il6ra,0.9090278,0.4156378600823045,Microglia,Microglia,0.9138578,0.0
App,App,0.92554754,0.5517241379310345,Lrp1,Lrp1,0.90028125,0.4551282051282051,OPCs,Pericytes,0.9129144,0.41
Ncam1,Ncam1,0.5186237,0.22435897435897437,Cacna1c,Cacna1c,1.306335,0.44871794871794873,Pericytes,Pericytes,0.91247934,0.86
Ntrk3,Ntrk3,1.4552622,0.7192118226600985,Ptprs,Ptprs,0.36926973,0.205761316872428,OPCs,Microglia,0.91226596,0.0
Lama2,Lama2,1.1729664,0.5335051546391752,Rpsa,Rpsa,0.65035987,0.4039408866995074,Astrocytes,OPCs,0.9116631,0.0
Fndc5,Fndc5,0.22719352,0.2507634882931795,Itgb5,Itgb5,1.5948206,0.6255144032921811,Neurons,Microglia,0.91100705,0.0
Lama2,Lama2,1.4791735,0.5897435897435898,Dag1,Dag1,0.3419795,0.3752969121140142,Pericytes,Neurons,0.9105765,0.0
Adam10,Adam10,0.4714337,0.2507362221287337,Cadm1,Cadm1,1.3495415,0.6973193077706142,Oligodendrocytes,Neurons,0.91048765,0.0
App,App,1.6647443,0.8177807940278249,Tspan12,Tspan12,0.15573081,0.18425517475398712,Neurons,Neurons,0.91023755,0.0
Ncam1,Ncam1,0.5186237,0.22435897435897437,Ncam2,Ncam2,1.3012524,0.5592783505154639,Pericytes,Astrocytes,0.90993804,1.0
Apoe,Apoe,1.5410312,0.5064102564102564,Sdc2,Sdc2,0.27804708,0.27994570749915165,Pericytes,Neurons,0.90953916,0.0
Rims2,Rims2,1.6038088,0.7192118226600985,Abca1,Abca1,0.21408409,0.1346153846153846,OPCs,Pericytes,0.9089464,0.0
Slit2,Slit2,0.17040688,0.11330049261083744,Dcc,Dcc,1.6471283,0.6386155412283678,OPCs,Neurons,0.9087676,0.0
Bcan,Bcan,0.7508833,0.46798029556650245,Nrcam,Nrcam,1.0664513,0.66270783847981,OPCs,Neurons,0.9086673,0.0
App,App,1.5250988,0.5727106997616043,Grm7,Grm7,0.2902294,0.11522633744855967,Oligodendrocytes,Microglia,0.9076641,1.0
Psap,Psap,0.9567941,0.6827281981676281,Lrp1,Lrp1,0.8583547,0.411522633744856,Neurons,Microglia,0.9075744,0.0
Adam12,Adam12,1.2399228,0.6354679802955665,Itgb1,Itgb1,0.57398784,0.2962962962962963,OPCs,Microglia,0.9069553,0.0
Apoe,Apoe,1.5410312,0.5064102564102564,Vldlr,Vldlr,0.27211878,0.15453653064086384,Pericytes,Oligodendrocytes,0.906575,0.0
Serpine2,Serpine2,0.55750227,0.2757201646090535,Lrp1,Lrp1,1.2553622,0.6896551724137931,Microglia,OPCs,0.9064322,0.0
Cntn1,Cntn1,0.25168648,0.11522633744855967,Nrcam,Nrcam,1.5602683,0.6597938144329897,Microglia,Astrocytes,0.90597737,0.0
Fgf13,Fgf13,0.8300028,0.5408890397013912,Scn8a,Scn8a,0.98176134,0.665422463522226,Neurons,Neurons,0.90588206,0.0
Gnas,Gnas,1.3832802,0.5833333333333334,Adcy9,Adcy9,0.42773306,0.29064039408866993,Pericytes,OPCs,0.9055066,0.49
Adam10,Adam10,0.46146008,0.46182558534102475,Cadm1,Cadm1,1.3495415,0.6973193077706142,Neurons,Neurons,0.9055008,0.0
Lama2,Lama2,1.1729664,0.5335051546391752,Rpsa,Rpsa,0.63643503,0.28350515463917525,Astrocytes,Astrocytes,0.9047007,0.0
Psap,Psap,0.90887284,0.5566502463054187,Lrp1,Lrp1,0.90028125,0.4551282051282051,OPCs,Pericytes,0.904577,0.0
Ncam1,Ncam1,1.4150285,0.5330248212031973,Ncam2,Ncam2,0.39391673,0.17307692307692307,Oligodendrocytes,Pericytes,0.9044726,1.0
Edil3,Edil3,0.21299644,0.10699588477366255,Itgb5,Itgb5,1.5948206,0.6255144032921811,Microglia,Microglia,0.90390855,0.03
Ncam1,Ncam1,1.412782,0.7502544960977265,Ncam2,Ncam2,0.39391673,0.17307692307692307,Neurons,Pericytes,0.90334934,1.0
Bcan,Bcan,0.24627133,0.26874787919918564,Nrcam,Nrcam,1.5602683,0.6597938144329897,Neurons,Astrocytes,0.9032698,0.0
App,App,0.92554754,0.5517241379310345,Lrp1,Lrp1,0.8808295,0.4742268041237113,OPCs,Astrocytes,0.9031885,0.48
Ntn1,Ntn1,0.9165528,0.5369458128078818,Neo1,Neo1,0.88980854,0.5270935960591133,OPCs,OPCs,0.90318066,0.0
Ccl25,Ccl25,0.28411928,0.18719211822660098,Grm7,Grm7,1.520814,0.6847290640394089,OPCs,OPCs,0.9024666,0.0
Gnas,Gnas,1.3832802,0.5833333333333334,Adcy7,Adcy7,0.42093673,0.20164609053497942,Pericytes,Microglia,0.90210843,0.01
Cxcl12,Cxcl12,0.28304973,0.1346153846153846,Grm7,Grm7,1.520814,0.6847290640394089,Pericytes,OPCs,0.9019318,0.0
Adam10,Adam10,0.454205,0.2692307692307692,Cadm1,Cadm1,1.3495415,0.6973193077706142,Pericytes,Neurons,0.9018733,0.0
App,App,1.1517328,0.5064102564102564,Dcc,Dcc,0.6505509,0.2755574253260412,Pericytes,Oligodendrocytes,0.9011419,1.0
App,App,1.1517328,0.5064102564102564,Rpsa,Rpsa,0.65035987,0.4039408866995074,Pericytes,OPCs,0.90104634,1.0
Lama2,Lama2,1.4791735,0.5897435897435898,Dag1,Dag1,0.322574,0.19845360824742267,Pericytes,Astrocytes,0.9008738,0.0
Ncam1,Ncam1,1.4150285,0.5330248212031973,Ptprz1,Ptprz1,0.38583654,0.16025641025641027,Oligodendrocytes,Pericytes,0.90043247,0.17
Ncam1,Ncam1,1.412782,0.7502544960977265,Ptprz1,Ptprz1,0.38583654,0.16025641025641027,Neurons,Pericytes,0.8993093,0.15
Sorbs1,Sorbs1,0.2036607,0.10938157341186369,Itgb5,Itgb5,1.5948206,0.6255144032921811,Oligodendrocytes,Microglia,0.8992407,0.0
Apoe,Apoe,1.3625994,0.45267489711934156,Abca1,Abca1,0.43556362,0.27319587628865977,Microglia,Astrocytes,0.89908147,0.0
App,App,1.5250988,0.5727106997616043,Vldlr,Vldlr,0.27211878,0.15453653064086384,Oligodendrocytes,Oligodendrocytes,0.8986088,0.0
Gnas,Gnas,1.323098,0.48590660496424065,Adcy9,Adcy9,0.47359568,0.24279835390946503,Oligodendrocytes,Microglia,0.8983468,0.52
Lgi1,Lgi1,1.5004201,0.6288659793814433,Adam22,Adam22,0.29622468,0.17783505154639176,Astrocytes,Astrocytes,0.8983224,0.0
Fgf13,Fgf13,0.93055326,0.36213991769547327,Fgfr2,Fgfr2,0.8659368,0.652867322701052,Microglia,Neurons,0.89824504,0.0
Adam9,Adam9,0.20066395,0.11522633744855967,Itgb5,Itgb5,1.5948206,0.6255144032921811,Microglia,Microglia,0.8977423,0.0
Ptn,Ptn,0.41468883,0.34170342721411606,Cdh10,Cdh10,1.3803917,0.6847290640394089,Neurons,OPCs,0.8975403,0.04
Slit2,Slit2,0.17040688,0.11330049261083744,Robo1,Robo1,1.6243829,0.6450627757041059,OPCs,Neurons,0.8973949,0.0
Fstl5,Fstl5,1.0504233,0.5629453681710214,Chl1,Chl1,0.7434876,0.5212080081438751,Neurons,Neurons,0.89695543,0.0
Apoe,Apoe,1.5410312,0.5064102564102564,Sorl1,Sorl1,0.25281036,0.13168724279835392,Pericytes,Microglia,0.8969208,0.0
Lgi1,Lgi1,1.5004201,0.6288659793814433,Adam23,Adam23,0.29300362,0.14794558967886692,Astrocytes,Oligodendrocytes,0.8967118,0.0
App,App,1.5250988,0.5727106997616043,Grm7,Grm7,0.26770332,0.11082474226804123,Oligodendrocytes,Astrocytes,0.89640105,1.0
Lrig1,Lrig1,1.173603,0.5721649484536082,Egfr,Egfr,0.618786,0.3582474226804124,Astrocytes,Astrocytes,0.8961945,0.0
Rtn4,Rtn4,1.4572431,0.5348478474267284,Tnfrsf19,Tnfrsf19,0.33501306,0.211340206185567,Oligodendrocytes,Astrocytes,0.89612806,0.0
App,App,1.6647443,0.8177807940278249,Vldlr,Vldlr,0.1274754,0.15710892432982695,Neurons,Neurons,0.8961098,0.0
Adam10,Adam10,0.4420664,0.26804123711340205,Cadm1,Cadm1,1.3495415,0.6973193077706142,Astrocytes,Neurons,0.895804,0.0
Ncam1,Ncam1,1.4150285,0.5330248212031973,Fgfr1,Fgfr1,0.37643418,0.1987179487179487,Oligodendrocytes,Pericytes,0.89573133,0.0
App,App,1.5250988,0.5727106997616043,Tnfrsf21,Tnfrsf21,0.26528463,0.2891075670173057,Oligodendrocytes,Neurons,0.8951917,0.0
App,App,1.1517328,0.5064102564102564,Lrp6,Lrp6,0.63835216,0.4088669950738916,Pericytes,OPCs,0.8950425,0.25
Gnas,Gnas,1.3161097,0.5850515463917526,Adcy9,Adcy9,0.47359568,0.24279835390946503,Astrocytes,Microglia,0.89485264,0.57
Psap,Psap,0.90887284,0.5566502463054187,Lrp1,Lrp1,0.8808295,0.4742268041237113,OPCs,Astrocytes,0.8948512,0.0
S100a1,S100a1,0.3314178,0.17783505154639176,Ryr2,Ryr2,1.4581839,0.7010519172039362,Astrocytes,Neurons,0.89480084,0.0
Ncam1,Ncam1,1.412782,0.7502544960977265,Fgfr1,Fgfr1,0.37643418,0.1987179487179487,Neurons,Pericytes,0.8946081,0.0
Apoe,Apoe,1.3625994,0.45267489711934156,Sdc2,Sdc2,0.4266089,0.2660098522167488,Microglia,OPCs,0.89460415,0.0
Ncam1,Ncam1,1.4150285,0.5330248212031973,Ptprz1,Ptprz1,0.37338203,0.3003053953172718,Oligodendrocytes,Neurons,0.8942052,0.0
App,App,1.1517328,0.5064102564102564,Rpsa,Rpsa,0.63643503,0.28350515463917525,Pericytes,Astrocytes,0.8940839,1.0
Slit1,Slit1,0.16345389,0.18595181540549713,Robo1,Robo1,1.6243829,0.6450627757041059,Neurons,Neurons,0.8939184,0.0
Ncam1,Ncam1,1.412782,0.7502544960977265,Ptprz1,Ptprz1,0.37338203,0.3003053953172718,Neurons,Neurons,0.893082,0.0
Itgb3bp,Itgb3bp,0.19128904,0.1330049261083744,Itgb5,Itgb5,1.5948206,0.6255144032921811,OPCs,Microglia,0.89305484,0.0
App,App,1.5250988,0.5727106997616043,Aplp2,Aplp2,0.26024443,0.14814814814814814,Oligodendrocytes,Microglia,0.8926716,1.0
App,App,1.6647443,0.8177807940278249,Ncstn,Ncstn,0.11996884,0.15676959619952494,Neurons,Neurons,0.8923566,0.0
App,App,0.92554754,0.5517241379310345,Lrp1,Lrp1,0.8583547,0.411522633744856,OPCs,Microglia,0.8919511,0.66
Adam12,Adam12,1.2399228,0.6354679802955665,Itgb1,Itgb1,0.5436856,0.27564102564102566,OPCs,Pericytes,0.8918042,0.0
Ccl25,Ccl25,0.26205206,0.31116389548693585,Grm7,Grm7,1.520814,0.6847290640394089,Neurons,OPCs,0.891433,0.0
Ncam1,Ncam1,1.4150285,0.5330248212031973,Fgfr1,Fgfr1,0.36719236,0.2268041237113402,Oligodendrocytes,Astrocytes,0.8911104,0.0
Fgf13,Fgf13,0.8300028,0.5408890397013912,Fgfr2,Fgfr2,0.9517514,0.5,Neurons,Astrocytes,0.8908771,0.0
Apoe,Apoe,1.5410312,0.5064102564102564,Sorl1,Sorl1,0.23915981,0.13209928481278924,Pericytes,Oligodendrocytes,0.89009553,0.0
Ncam1,Ncam1,1.412782,0.7502544960977265,Fgfr1,Fgfr1,0.36719236,0.2268041237113402,Neurons,Astrocytes,0.8899872,0.0
Apoe,Apoe,1.5410312,0.5064102564102564,Ldlr,Ldlr,0.23860839,0.10897435897435898,Pericytes,Pericytes,0.8898198,0.0
Ncam1,Ncam1,1.4150285,0.5330248212031973,Fgfr1,Fgfr1,0.3637709,0.3712249745503902,Oligodendrocytes,Neurons,0.88939965,0.0
Ntng1,Ntng1,0.802619,0.41839158466236853,Lrrc4c,Lrrc4c,0.9749326,0.32051282051282054,Neurons,Pericytes,0.8887758,0.92
Psap,Psap,1.5766764,0.6666666666666666,Gpr37,Gpr37,0.20030709,0.1211340206185567,Microglia,Astrocytes,0.88849175,0.0
Ncam1,Ncam1,1.412782,0.7502544960977265,Fgfr1,Fgfr1,0.3637709,0.3712249745503902,Neurons,Neurons,0.88827646,0.0
Psap,Psap,1.5766764,0.6666666666666666,Ar,Ar,0.19773225,0.2178486596538853,Microglia,Neurons,0.8872043,0.0
Gpc3,Gpc3,0.3531272,0.15384615384615385,Cd81,Cd81,1.4187579,0.5508343850792315,Pericytes,Oligodendrocytes,0.8859426,0.0
Ptn,Ptn,0.95161796,0.40316926097321554,Cdh10,Cdh10,0.81980383,0.3552096480157061,Oligodendrocytes,Oligodendrocytes,0.8857109,0.0
Gpc3,Gpc3,0.18304504,0.15405497115710892,Cd81,Cd81,1.5878264,0.6474358974358975,Neurons,Pericytes,0.8854357,0.0
Itgb3bp,Itgb3bp,0.17475519,0.20834747200542925,Itgb5,Itgb5,1.5948206,0.6255144032921811,Neurons,Microglia,0.8847879,0.0
S100a1,S100a1,0.30949044,0.22167487684729065,Ryr2,Ryr2,1.4581839,0.7010519172039362,OPCs,Neurons,0.88383716,0.0
Psap,Psap,0.90887284,0.5566502463054187,Lrp1,Lrp1,0.8583547,0.411522633744856,OPCs,Microglia,0.88361377,0.0
Nrxn1,Nrxn1,0.98038775,0.23717948717948717,Nlgn1,Nlgn1,0.78537273,0.30360398261113447,Pericytes,Oligodendrocytes,0.8828802,1.0
Nlgn1,Nlgn1,0.78537273,0.30360398261113447,Nrxn1,Nrxn1,0.98038775,0.23717948717948717,Oligodendrocytes,Pericytes,0.8828802,1.0
Bcan,Bcan,1.1453273,0.5824742268041238,Egfr,Egfr,0.618786,0.3582474226804124,Astrocytes,Astrocytes,0.88205665,0.0
Cntn2,Cntn2,0.20282064,0.25212080081438754,Nrcam,Nrcam,1.5602683,0.6597938144329897,Neurons,Astrocytes,0.8815445,0.0
Apoe,Apoe,1.5410312,0.5064102564102564,Vldlr,Vldlr,0.21881776,0.15763546798029557,Pericytes,OPCs,0.8799245,0.0
Hsp90b1,Hsp90b1,0.50407153,0.47268408551068886,Lrp1,Lrp1,1.2553622,0.6896551724137931,Neurons,OPCs,0.8797169,0.0
Pdgfb,Pdgfb,0.50229794,0.24279835390946503,Lrp1,Lrp1,1.2553622,0.6896551724137931,Microglia,OPCs,0.8788301,0.0
Ntn4,Ntn4,0.11016745,0.1323379708177808,Dcc,Dcc,1.6471283,0.6386155412283678,Neurons,Neurons,0.8786479,0.0
Cntn4,Cntn4,1.3747245,0.6070580251102816,Aplp1,Aplp1,0.3823676,0.26108374384236455,Neurons,OPCs,0.87854606,0.41
Gnas,Gnas,1.1887592,0.5390946502057613,Adcy8,Adcy8,0.5676797,0.3448275862068966,Microglia,OPCs,0.8782195,0.82
Rtn4,Rtn4,1.4572431,0.5348478474267284,Lingo1,Lingo1,0.29802364,0.33932813030200204,Oligodendrocytes,Neurons,0.87763333,0.0
Apoe,Apoe,1.5410312,0.5064102564102564,Abca1,Abca1,0.21408409,0.1346153846153846,Pericytes,Pericytes,0.87755764,0.0
Gnas,Gnas,1.1123629,0.5911330049261084,Adcy8,Adcy8,0.64238846,0.3711340206185567,OPCs,Astrocytes,0.87737566,0.81
Adam9,Adam9,0.15883441,0.1981676280963692,Itgb5,Itgb5,1.5948206,0.6255144032921811,Neurons,Microglia,0.87682754,0.0
Hsp90b1,Hsp90b1,0.49814698,0.3251231527093596,Lrp1,Lrp1,1.2553622,0.6896551724137931,OPCs,OPCs,0.8767546,0.0
App,App,1.5250988,0.5727106997616043,Gpc1,Gpc1,0.22717841,0.2653545978961656,Oligodendrocytes,Neurons,0.8761386,0.0
App,App,1.1517328,0.5064102564102564,Notch2,Notch2,0.60047126,0.3004115226337449,Pericytes,Microglia,0.87610203,0.06
App,App,1.1517328,0.5064102564102564,Aplp2,Aplp2,0.59956783,0.39408866995073893,Pericytes,OPCs,0.8756503,0.98
Gnas,Gnas,1.323098,0.48590660496424065,Adcy9,Adcy9,0.42773306,0.29064039408866993,Oligodendrocytes,OPCs,0.8754155,0.91
Sema3d,Sema3d,1.4603589,0.7093596059113301,Nrp2,Nrp2_Plxna2,0.29024595,0.1921182266009852,OPCs,OPCs,0.87530243,0.0
Apoe,Apoe,1.5410312,0.5064102564102564,Lrp4,Lrp4,0.2088158,0.13402061855670103,Pericytes,Astrocytes,0.8749235,0.0
Vegfa,Vegfa,0.4938224,0.2955665024630542,Grin2b,Grin2b,1.2553593,0.7132677298948082,OPCs,Neurons,0.8745909,0.0
Apoe,Apoe,1.3625994,0.45267489711934156,Lrp6,Lrp6,0.38639113,0.24742268041237114,Microglia,Astrocytes,0.87449527,0.0
Spon1,Spon1,0.8228557,0.4484536082474227,App,App,0.92554754,0.5517241379310345,Astrocytes,OPCs,0.87420166,0.14
Alcam,Alcam,0.81059724,0.49304377332880894,Chl1,Chl1,0.93721485,0.4742268041237113,Neurons,Astrocytes,0.873906,0.0
App,App,1.1517328,0.5064102564102564,Aplp2,Aplp2,0.59592265,0.30128205128205127,Pericytes,Pericytes,0.8738277,0.99
Efna5,Efna5,0.20953123,0.11538461538461539,Epha5,Epha5,1.5374329,0.7095351204614863,Pericytes,Neurons,0.87348205,0.0
Lama2,Lama2,1.1729664,0.5335051546391752,Itgb1,Itga6_Itgb1,0.57398784,0.2962962962962963,Astrocytes,Microglia,0.8734771,0.0
Ptn,Ptn,0.8578954,0.41494845360824745,Cdh10,Cdh10,0.8882974,0.5629453681710214,Astrocytes,Neurons,0.87309635,0.16
Rtn4,Rtn4,1.4572431,0.5348478474267284,Cntnap1,Cntnap1,0.28774056,0.32473702069901594,Oligodendrocytes,Neurons,0.87249184,0.0
Apoe,Apoe,1.3625994,0.45267489711934156,Lrp8,Lrp8,0.38208684,0.41839158466236853,Microglia,Neurons,0.8723431,0.0
App,App,1.5250988,0.5727106997616043,Aplp1,Aplp1,0.21927953,0.12179487179487179,Oligodendrocytes,Pericytes,0.87218916,1.0
Gnas,Gnas,1.323098,0.48590660496424065,Adcy7,Adcy7,0.42093673,0.20164609053497942,Oligodendrocytes,Microglia,0.8720173,0.0
App,App,1.5250988,0.5727106997616043,Vldlr,Vldlr,0.21881776,0.15763546798029557,Oligodendrocytes,OPCs,0.87195826,0.18
Gnas,Gnas,1.3161097,0.5850515463917526,Adcy9,Adcy9,0.42773306,0.29064039408866993,Astrocytes,OPCs,0.87192136,0.77
Hsp90aa1,Hsp90aa1,1.124255,0.6956226671191041,Egfr,Egfr,0.618786,0.3582474226804124,Neurons,Astrocytes,0.87152046,0.0
Spon1,Spon1,0.21781026,0.11538461538461539,App,App,1.5250988,0.5727106997616043,Pericytes,Oligodendrocytes,0.87145454,0.03
Calr,Calr,0.48717567,0.4509670851713607,Lrp1,Lrp1,1.2553622,0.6896551724137931,Neurons,OPCs,0.8712689,0.0
Itgav,Itgav,0.89926815,0.5320197044334976,Thy1,Thy1,0.8423181,0.6084153376314897,OPCs,Neurons,0.8707931,0.0
Cadm3,Cadm3,0.39113206,0.4014251781472684,Cadm1,Cadm1,1.3495415,0.6973193077706142,Neurons,Neurons,0.8703368,0.0
Alcam,Alcam,0.9967763,0.5103092783505154,Chl1,Chl1,0.7434876,0.5212080081438751,Astrocytes,Neurons,0.87013197,0.0
Gnas,Gnas,1.1887592,0.5390946502057613,Adcy9,Adcy9,0.5512227,0.513403461146929,Microglia,Neurons,0.86999094,0.72
App,App,0.92554754,0.5517241379310345,Aplp2,Aplp2,0.81325376,0.6331862911435358,OPCs,Neurons,0.8694006,1.0
Ncam1,Ncam1,1.4150285,0.5330248212031973,Robo1,Robo1,0.32261372,0.13168724279835392,Oligodendrocytes,Microglia,0.8688211,1.0
App,App,1.5250988,0.5727106997616043,Aplp1,Aplp1,0.2123382,0.11522633744855967,Oligodendrocytes,Microglia,0.8687185,1.0
App,App,1.5250988,0.5727106997616043,Ncstn,Ncstn,0.2121596,0.10699588477366255,Oligodendrocytes,Microglia,0.8686292,0.0
Apoe,Apoe,1.3625994,0.45267489711934156,Lrp6,Lrp6,0.37452346,0.20512820512820512,Microglia,Pericytes,0.8685614,0.0
Gnas,Gnas,1.3161097,0.5850515463917526,Adcy7,Adcy7,0.42093673,0.20164609053497942,Astrocytes,Microglia,0.8685232,0.02
Adam12,Adam12,1.2399228,0.6354679802955665,Itgb1,Itgb1,0.49624488,0.3251231527093596,OPCs,OPCs,0.86808383,0.0
Ntrk3,Ntrk3,1.4552622,0.7192118226600985,Ptprs,Ptprs,0.2808447,0.17307692307692307,OPCs,Pericytes,0.86805344,0.0
Ltbp3,Ltbp3,0.14085186,0.18425517475398712,Itgb5,Itgb5,1.5948206,0.6255144032921811,Neurons,Microglia,0.86783624,0.0
Ncam1,Ncam1,1.412782,0.7502544960977265,Robo1,Robo1,0.32261372,0.13168724279835392,Neurons,Microglia,0.86769783,1.0
L1cam,L1cam,0.23996133,0.2829996606718697,Cntn1,Cntn1,1.4953362,0.7570410587037666,Neurons,Neurons,0.8676487,0.0
Agrn,Agrn,0.47645134,0.3054187192118227,Lrp1,Lrp1,1.2553622,0.6896551724137931,OPCs,OPCs,0.8659067,0.0
Tln1,Tln1,0.13679479,0.165252799457075,Itgb5,Itgb5,1.5948206,0.6255144032921811,Neurons,Microglia,0.8658077,0.0
Calr,Calr,0.47533396,0.24691358024691357,Lrp1,Lrp1,1.2553622,0.6896551724137931,Microglia,OPCs,0.86534804,0.0
Apoe,Apoe,1.3625994,0.45267489711934156,Lrp6,Lrp6,0.3680566,0.4034611469290804,Microglia,Neurons,0.86532795,0.0
App,App,0.6004882,0.29218106995884774,Grm7,Grm7,1.1298239,0.37498247090169684,Microglia,Oligodendrocytes,0.86515605,1.0
Rgma,Rgma,0.7202636,0.4097938144329897,Bmpr1b,Bmpr1b,1.00992,0.5128865979381443,Astrocytes,Astrocytes,0.8650918,0.0
App,App,1.5250988,0.5727106997616043,Tspan15,Tspan15,0.20481992,0.1189174028887954,Oligodendrocytes,Oligodendrocytes,0.86495936,0.0
App,App,1.5250988,0.5727106997616043,Tnfrsf21,Tnfrsf21,0.20380789,0.15270935960591134,Oligodendrocytes,OPCs,0.8644533,0.0
Apoe,Apoe,1.5410312,0.5064102564102564,Lrp5,Lrp5,0.18784079,0.12807881773399016,Pericytes,OPCs,0.86443603,0.0
Slit2,Slit2,0.17040688,0.11330049261083744,Robo2,Robo2,1.5579807,0.7064811672887682,OPCs,Neurons,0.8641938,0.0
Gnas,Gnas,1.1887592,0.5390946502057613,Adcy9,Adcy9,0.5369343,0.28846153846153844,Microglia,Pericytes,0.86284673,0.76
Ntrk3,Ntrk3,1.4552622,0.7192118226600985,Ptprf,Ptprf,0.26744348,0.31218187987784185,OPCs,Neurons,0.8613528,0.0
Slit1,Slit1,0.16345389,0.18595181540549713,Robo2,Robo2,1.5579807,0.7064811672887682,Neurons,Neurons,0.8607173,0.0
Fgf1,Fgf1,0.51339406,0.30412371134020616,Cspg4,Cspg4,1.2080115,0.6354679802955665,Astrocytes,OPCs,0.86070275,0.0
Apoe,Apoe,1.5410312,0.5064102564102564,Lrp6,Lrp6,0.18008058,0.1072780816154817,Pericytes,Oligodendrocytes,0.8605559,0.0
App,App,0.46430153,0.24742268041237114,Lrp1,Lrp1,1.2553622,0.6896551724137931,Astrocytes,OPCs,0.8598318,0.87
Ptn,Ptn,0.95161796,0.40316926097321554,Sdc2,Sdc2,0.7667969,0.3717948717948718,Oligodendrocytes,Pericytes,0.8592074,0.0
Adam17,Adam17,0.52026546,0.26337448559670784,Erbb4,Erbb4,1.1966261,0.4211190576356752,Microglia,Oligodendrocytes,0.85844576,0.0
Nlgn3,Nlgn3,0.17538334,0.2130980658296573,Nrxn2,Nrxn2,1.5403115,0.7536945812807881,Neurons,OPCs,0.8578474,0.0
Nrxn2,Nrxn2,1.5403115,0.7536945812807881,Nlgn3,Nlgn3,0.17538334,0.2130980658296573,OPCs,Neurons,0.8578474,0.0
Ptn,Ptn,0.95161796,0.40316926097321554,Alk,Alk,0.76363486,0.43842364532019706,Oligodendrocytes,OPCs,0.85762644,0.0
Lamc1,Lamc1,0.564364,0.35467980295566504,Itga1,Itga1,1.150206,0.4358974358974359,OPCs,Pericytes,0.857285,0.0
Adam12,Adam12,1.2399228,0.6354679802955665,Itga9,Itga9,0.47447187,0.22633744855967078,OPCs,Microglia,0.8571973,0.0
Apoe,Apoe,1.0754791,0.388865516757818,Lrp6,Lrp6,0.63835216,0.4088669950738916,Oligodendrocytes,OPCs,0.85691565,0.0
Hsp90b1,Hsp90b1,0.4576861,0.2564102564102564,Lrp1,Lrp1,1.2553622,0.6896551724137931,Pericytes,OPCs,0.8565241,0.0
Sema3d,Sema3d,1.4603589,0.7093596059113301,Nrp2,Nrp2_Plxna4,0.25049317,0.24431625381744146,OPCs,Neurons,0.855426,0.0
Sema3d,Sema3d,1.4603589,0.7093596059113301,Nrp2,Nrp2_Plxna2,0.25049317,0.24431625381744146,OPCs,Neurons,0.855426,0.0
Fgf14,Fgf14,0.6250902,0.22435897435897437,Fgfr2,Fgfr2,1.0850602,0.46038423783480575,Pericytes,Oligodendrocytes,0.85507524,1.0
Tgfa,Tgfa,0.5128305,0.33004926108374383,Erbb4,Erbb4,1.1966261,0.4211190576356752,OPCs,Oligodendrocytes,0.8547283,0.0
Itgav,Itgav,0.8661415,0.4074074074074074,Thy1,Thy1,0.8423181,0.6084153376314897,Microglia,Neurons,0.8542298,0.0
Spon1,Spon1,0.18311895,0.15914489311163896,App,App,1.5250988,0.5727106997616043,Neurons,Oligodendrocytes,0.85410887,0.0
Sptan1,Sptan1,1.0342741,0.6881574482524602,Ptpra,Ptpra,0.6722777,0.43349753694581283,Neurons,OPCs,0.8532759,0.0
Apoe,Apoe,1.5410312,0.5064102564102564,Ldlr,Ldlr,0.16484001,0.18730912792670512,Pericytes,Neurons,0.8529356,0.0
Apoe,Apoe,1.3625994,0.45267489711934156,Abca1,Abca1,0.34294063,0.22660098522167488,Microglia,OPCs,0.85277,0.0
App,App,1.5250988,0.5727106997616043,Lrp6,Lrp6,0.18008058,0.1072780816154817,Oligodendrocytes,Oligodendrocytes,0.85258967,1.0
Sparc,Sparc,1.3283904,0.6005154639175257,Fgfr1,Fgfr1,0.37643418,0.1987179487179487,Astrocytes,Pericytes,0.8524123,0.0
App,App,1.5250988,0.5727106997616043,Tspan12,Tspan12,0.17863977,0.1211340206185567,Oligodendrocytes,Astrocytes,0.8518693,0.0
Lgi1,Lgi1,0.48131266,0.4333220223956566,Adam22,Adam22,1.2214439,0.7200542925008483,Neurons,Neurons,0.85137826,0.0
Lama2,Lama2,1.4791735,0.5897435897435898,Itgb8,Itgav_Itgb8,0.22328635,0.12634974056934511,Pericytes,Oligodendrocytes,0.85122997,0.0
Mdk,Mdk,0.44691485,0.2654639175257732,Lrp1,Lrp1,1.2553622,0.6896551724137931,Astrocytes,OPCs,0.8511385,0.0
Ntn1,Ntn1,0.41347387,0.20512820512820512,Unc5c,Unc5c,1.2887181,0.6423481506616898,Pericytes,Neurons,0.851096,0.0
Apoe,Apoe,1.3625994,0.45267489711934156,Lrp5,Lrp5,0.3384705,0.1728395061728395,Microglia,Microglia,0.8505349,0.0
App,App,1.5250988,0.5727106997616043,Tspan12,Tspan12,0.17574395,0.11330049261083744,Oligodendrocytes,OPCs,0.85042137,0.0
Cntn2,Cntn2,0.20282064,0.25212080081438754,Cntn1,Cntn1,1.4953362,0.7570410587037666,Neurons,Neurons,0.8490784,0.0
Nxph1,Nxph1,1.2188966,0.5242619613165932,Nrxn1,Nrxn1,0.47925296,0.13168724279835392,Neurons,Microglia,0.8490748,0.97
Lama2,Lama2,1.4791735,0.5897435897435898,Itgb8,Itgav_Itgb8,0.21812287,0.1282051282051282,Pericytes,Pericytes,0.8486482,0.0
Apoe,Apoe,1.5410312,0.5064102564102564,Ldlr,Ldlr,0.15600981,0.10309278350515463,Pericytes,Astrocytes,0.8485205,0.0
Gnas,Gnas,1.3832802,0.5833333333333334,Adcy1,Adcy1,0.3133616,0.3461146929080421,Pericytes,Neurons,0.84832084,0.25
Fgf13,Fgf13,0.8300028,0.5408890397013912,Fgfr2,Fgfr2,0.8659368,0.652867322701052,Neurons,Neurons,0.8479698,0.0
Sparc,Sparc,1.3283904,0.6005154639175257,Fgfr1,Fgfr1,0.36719236,0.2268041237113402,Astrocytes,Astrocytes,0.8477914,0.0
Slit2,Slit2,0.17040688,0.11330049261083744,App,App,1.5250988,0.5727106997616043,OPCs,Oligodendrocytes,0.8477528,0.76
Fgf13,Fgf13,0.93055326,0.36213991769547327,Fgfr2,Fgfr2,0.764343,0.46798029556650245,Microglia,OPCs,0.8474481,0.0
Lama2,Lama2,1.4791735,0.5897435897435898,Itgb1,Itga6_Itgb1,0.2157086,0.13402061855670103,Pericytes,Astrocytes,0.8474411,0.0
Sparc,Sparc,1.3176961,0.5705128205128205,Fgfr1,Fgfr1,0.37643418,0.1987179487179487,Pericytes,Pericytes,0.84706515,0.0
Fgf1,Fgf1,0.51339406,0.30412371134020616,Fgfr3,Fgfr3,1.179492,0.5876288659793815,Astrocytes,Astrocytes,0.84644306,0.0
App,App,1.1517328,0.5064102564102564,Lrp1,Lrp1,0.54086536,0.5218866644044792,Pericytes,Neurons,0.84629905,0.79
Sparc,Sparc,1.3283904,0.6005154639175257,Fgfr1,Fgfr1,0.3637709,0.3712249745503902,Astrocytes,Neurons,0.84608066,0.0
Sptan1,Sptan1,1.0342741,0.6881574482524602,Ptpra,Ptpra,0.655177,0.37371134020618557,Neurons,Astrocytes,0.84472555,0.0
Rtn4,Rtn4,1.1851333,0.5390946502057613,Rtn4rl1,Rtn4rl1,0.5028403,0.25102880658436216,Microglia,Microglia,0.8439868,0.0
Agrn,Agrn,0.4311766,0.4530030539531727,Lrp1,Lrp1,1.2553622,0.6896551724137931,Neurons,OPCs,0.84326935,0.0
Sparc,Sparc,1.3176961,0.5705128205128205,Fgfr1,Fgfr1,0.36719236,0.2268041237113402,Pericytes,Astrocytes,0.84244424,0.0
App,App,1.1517328,0.5064102564102564,Aplp1,Aplp1,0.53228176,0.28350515463917525,Pericytes,Astrocytes,0.8420073,1.0
Ntrk3,Ntrk3,1.4552622,0.7192118226600985,Ptprs,Ptprs,0.22819644,0.12074042911232646,OPCs,Oligodendrocytes,0.8417293,0.0
Calr,Calr,0.42742974,0.22435897435897437,Lrp1,Lrp1,1.2553622,0.6896551724137931,Pericytes,OPCs,0.841396,0.0
Rtn4,Rtn4,1.4572431,0.5348478474267284,Lingo1,Lingo1,0.22480725,0.1625615763546798,Oligodendrocytes,OPCs,0.8410252,0.0
Sparc,Sparc,1.3176961,0.5705128205128205,Fgfr1,Fgfr1,0.3637709,0.3712249745503902,Pericytes,Neurons,0.8407335,0.0
App,App,1.5250988,0.5727106997616043,Tspan12,Tspan12,0.15573081,0.18425517475398712,Oligodendrocytes,Neurons,0.8404148,0.0
Sema3d,Sema3d,1.4603589,0.7093596059113301,Plxna4,Nrp2_Plxna4,0.22001494,0.15270935960591134,OPCs,OPCs,0.8401869,0.0
Olfm2,Olfm2,0.42664272,0.40821174075330846,Robo2,Robo2,1.2537057,0.5747422680412371,Neurons,Astrocytes,0.8401742,0.0
Apoe,Apoe,1.5410312,0.5064102564102564,Lrp8,Lrp8,0.13910225,0.10344827586206896,Pericytes,OPCs,0.84006673,0.0
Gnas,Gnas,1.1123629,0.5911330049261084,Adcy8,Adcy8,0.5676797,0.3448275862068966,OPCs,OPCs,0.84002125,0.91
Apoe,Apoe,1.3625994,0.45267489711934156,Lrp6,Lrp6,0.31696966,0.17695473251028807,Microglia,Microglia,0.8397845,0.0
Ncam1,Ncam1,1.4150285,0.5330248212031973,Ncam2,Ncam2,0.26450637,0.10699588477366255,Oligodendrocytes,Microglia,0.8397674,1.0
Ccl25,Ccl25,0.15783869,0.10309278350515463,Grm7,Grm7,1.520814,0.6847290640394089,Astrocytes,OPCs,0.8393263,0.03
Ptn,Ptn,0.8578954,0.41494845360824745,Cdh10,Cdh10,0.81980383,0.3552096480157061,Astrocytes,Oligodendrocytes,0.8388496,0.51
Ncam1,Ncam1,1.412782,0.7502544960977265,Ncam2,Ncam2,0.26450637,0.10699588477366255,Neurons,Microglia,0.83864415,1.0
Lama2,Lama2,1.4791735,0.5897435897435898,Dag1,Dag1,0.19690774,0.1111111111111111,Pericytes,Microglia,0.83804065,0.0
Fstl5,Fstl5,0.39217594,0.2512315270935961,Cntn5,Cntn5,1.2826424,0.5273159144893111,OPCs,Neurons,0.83740914,0.0
Ntrk3,Ntrk3,1.4552622,0.7192118226600985,Ptprf,Ptprf,0.21931775,0.12371134020618557,OPCs,Astrocytes,0.83729,0.0
Pros1,Pros1,0.8217711,0.37448559670781895,Mertk,Mertk,0.85189825,0.4536082474226804,Microglia,Astrocytes,0.83683467,0.0
Gnas,Gnas,1.3832802,0.5833333333333334,Adcy9,Adcy9,0.28932378,0.18298969072164947,Pericytes,Astrocytes,0.836302,0.87
Lama2,Lama2,1.4791735,0.5897435897435898,Itga6,Itga6_Itgb1,0.19249217,0.10897435897435898,Pericytes,Pericytes,0.83583283,0.0
Lama2,Lama2,1.1729664,0.5335051546391752,Itgb1,Itga9_Itgb1,0.49624488,0.3251231527093596,Astrocytes,OPCs,0.83460563,0.0
Agrn,Agrn,0.19063604,0.11583228158743514,Atp1a3,Atp1a3,1.4781481,0.8106549032914828,Oligodendrocytes,Neurons,0.8343921,0.0
Apoe,Apoe,1.5410312,0.5064102564102564,Vldlr,Vldlr,0.1274754,0.15710892432982695,Pericytes,Neurons,0.8342533,0.0
Spon1,Spon1,1.5267022,0.729064039408867,Lrp8,Lrp8,0.13910225,0.10344827586206896,OPCs,OPCs,0.8329022,0.0
Apoe,Apoe,1.3625994,0.45267489711934156,Ldlr,Ldlr,0.3027977,0.2019704433497537,Microglia,OPCs,0.8326985,0.0
Gnas,Gnas,1.1123629,0.5911330049261084,Adcy9,Adcy9,0.5512227,0.513403461146929,OPCs,Neurons,0.8317928,0.93
Gnas,Gnas,1.1887592,0.5390946502057613,Adcy9,Adcy9,0.47359568,0.24279835390946503,Microglia,Microglia,0.8311775,0.92
Lrpap1,Lrpap1,0.40680873,0.4065151001017984,Lrp1,Lrp1,1.2553622,0.6896551724137931,Neurons,OPCs,0.83108544,0.0
Apoe,Apoe,1.5410312,0.5064102564102564,Scarb1,Scarb1,0.11895508,0.15405497115710892,Pericytes,Neurons,0.8299932,0.0
Cntn6,Cntn6,1.2891937,0.625615763546798,Notch1,Notch1,0.36985317,0.2512315270935961,OPCs,OPCs,0.82952344,0.0
Alcam,Alcam,0.71915257,0.28205128205128205,Chl1,Chl1,0.93721485,0.4742268041237113,Pericytes,Astrocytes,0.8281837,0.0
Grn,Grn,1.0375353,0.4732510288065844,Egfr,Egfr,0.618786,0.3582474226804124,Microglia,Astrocytes,0.82816064,0.0
Lgi3,Lgi3,0.43380603,0.21722058617304726,Adam22,Adam22,1.2214439,0.7200542925008483,Oligodendrocytes,Neurons,0.827625,0.0
Ncam1,Ncam1,1.4150285,0.5330248212031973,Cacna1c,Cacna1c,0.23912285,0.13144329896907217,Oligodendrocytes,Astrocytes,0.82707566,1.0
App,App,0.92554754,0.5517241379310345,Rpsa,Rpsa,0.72729087,0.5391923990498813,OPCs,Neurons,0.82641923,1.0
App,App,1.5250988,0.5727106997616043,Vldlr,Vldlr,0.1274754,0.15710892432982695,Oligodendrocytes,Neurons,0.8262871,1.0
Ncam1,Ncam1,1.412782,0.7502544960977265,Cacna1c,Cacna1c,0.23912285,0.13144329896907217,Neurons,Astrocytes,0.8259524,1.0
Gnas,Gnas,1.3832802,0.5833333333333334,Adora1,Adora1,0.26831418,0.18719211822660098,Pericytes,OPCs,0.8257972,0.52
Sdc2,Sdc2,0.5634497,0.3427835051546392,Ptprj,Ptprj,1.0877827,0.5812807881773399,Astrocytes,OPCs,0.82561624,0.0
App,App,1.1517328,0.5064102564102564,Aplp2,Aplp2,0.49927166,0.2465292385359697,Pericytes,Oligodendrocytes,0.8255022,1.0
Fgfr3,Fgfr3,1.179492,0.5876288659793815,Epha4,Epha4,0.4713446,0.2757731958762887,Astrocytes,Astrocytes,0.8254183,0.0
Lama2,Lama2,1.1729664,0.5335051546391752,Itgb8,Itgav_Itgb8,0.47756553,0.31527093596059114,Astrocytes,OPCs,0.82526594,0.0
Apoe,Apoe,1.3625994,0.45267489711934156,Lrp4,Lrp4,0.28684035,0.1921182266009852,Microglia,OPCs,0.82471985,0.0
Gnas,Gnas,1.1123629,0.5911330049261084,Adcy9,Adcy9,0.5369343,0.28846153846153844,OPCs,Pericytes,0.8246486,0.91
Apoe,Apoe,1.0754791,0.388865516757818,Sorl1,Sorl1,0.5721202,0.34536082474226804,Oligodendrocytes,Astrocytes,0.82379967,0.0
Lama2,Lama2,1.1729664,0.5335051546391752,Itga9,Itga9_Itgb1,0.47447187,0.22633744855967078,Astrocytes,Microglia,0.82371914,0.0
S100a1,S100a1,0.3314178,0.17783505154639176,Trpm3,Trpm3,1.3146583,0.5972175093315236,Astrocytes,Neurons,0.82303804,0.0
H2-K1,H2-K1,0.8325077,0.39094650205761317,Aplp2,Aplp2,0.81325376,0.6331862911435358,Microglia,Neurons,0.82288074,0.0
Lrpap1,Lrpap1,0.39003626,0.2561576354679803,Lrp1,Lrp1,1.2553622,0.6896551724137931,OPCs,OPCs,0.8226992,0.0
App,App,1.5250988,0.5727106997616043,Ncstn,Ncstn,0.11996884,0.15676959619952494,Oligodendrocytes,Neurons,0.82253385,0.0
App,App,0.92554754,0.5517241379310345,Rpsa,Rpsa,0.7194886,0.3141025641025641,OPCs,Pericytes,0.8225181,1.0
Gpc3,Gpc3,0.3531272,0.15384615384615385,Unc5c,Unc5c,1.2887181,0.6423481506616898,Pericytes,Neurons,0.8209227,0.0
Edil3,Edil3,1.2318858,0.6240244316253818,Itgav,Itgav,0.40935338,0.25773195876288657,Neurons,Astrocytes,0.8206196,1.0
Tgfb1,Tgfb1,0.48064888,0.23868312757201646,Tgfbr2,Tgfbr1_Tgfbr2,1.1605703,0.5061728395061729,Microglia,Microglia,0.82060957,0.0
Apoe,Apoe,1.3625994,0.45267489711934156,Sdc2,Sdc2,0.27804708,0.27994570749915165,Microglia,Neurons,0.8203232,0.0
Psap,Psap,1.0986958,0.5489690721649485,Lrp1,Lrp1,0.54086536,0.5218866644044792,Astrocytes,Neurons,0.8197806,0.0
Apoe,Apoe,1.0754791,0.388865516757818,Sdc2,Sdc2,0.5634497,0.3427835051546392,Oligodendrocytes,Astrocytes,0.81946445,0.0
Gnas,Gnas,1.323098,0.48590660496424065,Adcy1,Adcy1,0.3133616,0.3461146929080421,Oligodendrocytes,Neurons,0.8182298,0.13
Ntrk3,Ntrk3,1.0923545,0.6501526976586359,Ptprs,Ptprs,0.5431201,0.327319587628866,Neurons,Astrocytes,0.81773734,0.0
Apoe,Apoe,1.3625994,0.45267489711934156,Vldlr,Vldlr,0.27211878,0.15453653064086384,Microglia,Oligodendrocytes,0.8173591,0.0
Lama2,Lama2,1.4791735,0.5897435897435898,Itga7,Itga7_Itgb1,0.15552875,0.1056701030927835,Pericytes,Astrocytes,0.81735116,0.0
Cntn6,Cntn6,1.2891937,0.625615763546798,Notch1,Notch1,0.34546015,0.19230769230769232,OPCs,Pericytes,0.81732696,0.0
Cntn6,Cntn6,1.2891937,0.625615763546798,Notch1,Notch1,0.34465346,0.22422680412371135,OPCs,Astrocytes,0.8169236,0.0
Serpine2,Serpine2,0.37711227,0.1794871794871795,Lrp1,Lrp1,1.2553622,0.6896551724137931,Pericytes,OPCs,0.8162372,0.0
Cntn2,Cntn2,0.5642749,0.286916281026504,Nrcam,Nrcam,1.0664513,0.66270783847981,Oligodendrocytes,Neurons,0.8153631,0.0
Alcam,Alcam,0.9967763,0.5103092783505154,Nrp1,Nrp1,0.63388366,0.2880658436213992,Astrocytes,Microglia,0.81532997,0.0
L1cam,L1cam,0.23996133,0.2829996606718697,Cd9,Cd9,1.3900359,0.5843621399176955,Neurons,Microglia,0.8149986,0.0
Edil3,Edil3,1.2318858,0.6240244316253818,Itgb5,Itgb5,0.3980638,0.1987179487179487,Neurons,Pericytes,0.8149748,0.22
Gnas,Gnas,1.3161097,0.5850515463917526,Adcy1,Adcy1,0.3133616,0.3461146929080421,Astrocytes,Neurons,0.81473565,0.48
Sema3d,Sema3d,1.4603589,0.7093596059113301,Plxna2,Nrp1_Plxna2,0.16787708,0.10051546391752578,OPCs,Astrocytes,0.81411797,0.0
Agrn,Agrn,0.37276822,0.20512820512820512,Lrp1,Lrp1,1.2553622,0.6896551724137931,Pericytes,OPCs,0.8140652,0.0
Rtn4,Rtn4,1.4572431,0.5348478474267284,Tnfrsf19,Tnfrsf19,0.1695363,0.12315270935960591,Oligodendrocytes,OPCs,0.81338966,0.0
Ntrk3,Ntrk3,1.4552622,0.7192118226600985,Ptprf,Ptprf,0.17144528,0.10363202916841957,OPCs,Oligodendrocytes,0.8133537,0.0
Ncam1,Ncam1,0.25594413,0.1111111111111111,Ncam2,Ncam2,1.3706796,0.4891319590520264,Microglia,Oligodendrocytes,0.8133119,1.0
Adam10,Adam10,0.9186879,0.43209876543209874,Tspan5,Tspan5,0.7077363,0.34615384615384615,Microglia,Pericytes,0.8132121,0.0
Nrxn1,Nrxn1,0.98038775,0.23717948717948717,Nlgn1,Nlgn1,0.64582783,0.21794871794871795,Pericytes,Pericytes,0.8131078,1.0
Nlgn1,Nlgn1,0.64582783,0.21794871794871795,Nrxn1,Nrxn1,0.98038775,0.23717948717948717,Pericytes,Pericytes,0.8131078,1.0
Cntn4,Cntn4,1.3747245,0.6070580251102816,Ptprg,Ptprg,0.25139606,0.12757201646090535,Neurons,Microglia,0.8130603,0.0
Vcl,Vcl,0.86243504,0.4639175257731959,Alk,Alk,0.76363486,0.43842364532019706,Astrocytes,OPCs,0.81303495,0.0
Sparc,Sparc,1.3283904,0.6005154639175257,Eng,Eng,0.29709357,0.16025641025641027,Astrocytes,Pericytes,0.812742,0.0
Ptn,Ptn,0.8578954,0.41494845360824745,Sdc2,Sdc2,0.7667969,0.3717948717948718,Astrocytes,Pericytes,0.8123461,0.0
Il1rapl1,Il1rapl1,1.0814778,0.41438788388725284,Ptprs,Ptprs,0.5431201,0.327319587628866,Oligodendrocytes,Astrocytes,0.8122989,1.0
S100a1,S100a1,0.30949044,0.22167487684729065,Trpm3,Trpm3,1.3146583,0.5972175093315236,OPCs,Neurons,0.81207436,0.0
App,App,0.92554754,0.5517241379310345,Aplp1,Aplp1,0.69614536,0.5541228367831693,OPCs,Neurons,0.81084645,1.0
Rtn4,Rtn4,1.4572431,0.5348478474267284,Tnfrsf19,Tnfrsf19,0.16431972,0.10256410256410256,Oligodendrocytes,Pericytes,0.8107814,0.0
Ptn,Ptn,0.8578954,0.41494845360824745,Alk,Alk,0.76363486,0.43842364532019706,Astrocytes,OPCs,0.81076515,0.0
Dcn,Dcn,0.4233524,0.16666666666666666,Erbb4,Erbb4,1.1966261,0.4211190576356752,Pericytes,Oligodendrocytes,0.8099892,0.0
App,App,0.92554754,0.5517241379310345,Rpsa,Rpsa,0.69212526,0.3374485596707819,OPCs,Microglia,0.8088364,1.0
Ncam1,Ncam1,1.4150285,0.5330248212031973,Cacna1c,Cacna1c,0.20159696,0.10447342588697238,Oligodendrocytes,Oligodendrocytes,0.8083127,1.0
Gnas,Gnas,1.1887592,0.5390946502057613,Adcy9,Adcy9,0.42773306,0.29064039408866993,Microglia,OPCs,0.80824614,0.96
Apoe,Apoe,1.0754791,0.388865516757818,Lrp1,Lrp1,0.54086536,0.5218866644044792,Oligodendrocytes,Neurons,0.8081722,0.0
Edil3,Edil3,1.2318858,0.6240244316253818,Itgav,Itgav,0.38362354,0.21794871794871795,Neurons,Pericytes,0.80775464,1.0
Apoe,Apoe,1.3625994,0.45267489711934156,Sorl1,Sorl1,0.25281036,0.13168724279835392,Microglia,Microglia,0.80770487,0.0
Sparc,Sparc,1.3176961,0.5705128205128205,Eng,Eng,0.29709357,0.16025641025641027,Pericytes,Pericytes,0.80739486,0.0
Hsp90b1,Hsp90b1,0.3592447,0.18384518300378627,Lrp1,Lrp1,1.2553622,0.6896551724137931,Oligodendrocytes,OPCs,0.8073034,0.0
Sst,Sst,0.4847642,0.24363759755683745,Grm7,Grm7,1.1298239,0.37498247090169684,Neurons,Oligodendrocytes,0.8072941,0.95
Ncam1,Ncam1,1.412782,0.7502544960977265,Cacna1c,Cacna1c,0.20159696,0.10447342588697238,Neurons,Oligodendrocytes,0.80718946,1.0
Agrn,Agrn,0.35898203,0.21649484536082475,Lrp1,Lrp1,1.2553622,0.6896551724137931,Astrocytes,OPCs,0.80717206,0.0
Ntn1,Ntn1,0.41347387,0.20512820512820512,Unc5c,Unc5c,1.1994169,0.4442574673958772,Pericytes,Oligodendrocytes,0.80644536,0.0
Gnas,Gnas,1.323098,0.48590660496424065,Adcy9,Adcy9,0.28932378,0.18298969072164947,Oligodendrocytes,Astrocytes,0.8062109,1.0
Rgma,Rgma,0.7202636,0.4097938144329897,Neo1,Neo1,0.88980854,0.5270935960591133,Astrocytes,OPCs,0.80503607,0.0
Gnas,Gnas,1.1887592,0.5390946502057613,Adcy7,Adcy7,0.42093673,0.20164609053497942,Microglia,Microglia,0.80484796,0.31
Psap,Psap,1.0986958,0.5489690721649485,Gpr37,Gpr37,0.51098347,0.25872949095498526,Astrocytes,Oligodendrocytes,0.8048396,0.0
Gpc3,Gpc3,0.3531272,0.15384615384615385,Lrp1,Lrp1,1.2553622,0.6896551724137931,Pericytes,OPCs,0.8042447,0.0
Slit2,Slit2,0.6824873,0.39124533423820834,App,App,0.92554754,0.5517241379310345,Neurons,OPCs,0.8040174,0.92
Ncam1,Ncam1,1.4150285,0.5330248212031973,Fgfr1,Fgfr1,0.19155976,0.13793103448275862,Oligodendrocytes,OPCs,0.8032941,0.2
Gnas,Gnas,1.3161097,0.5850515463917526,Adcy9,Adcy9,0.28932378,0.18298969072164947,Astrocytes,Astrocytes,0.80271673,0.99
Ncam1,Ncam1,1.412782,0.7502544960977265,Fgfr1,Fgfr1,0.19155976,0.13793103448275862,Neurons,OPCs,0.8021709,0.27
Ncam1,Ncam1,0.5186237,0.22435897435897437,Fgfr2,Fgfr2,1.0850602,0.46038423783480575,Pericytes,Oligodendrocytes,0.801842,1.0
Lgi1,Lgi1,0.38201192,0.15384615384615385,Adam22,Adam22,1.2214439,0.7200542925008483,Pericytes,Neurons,0.8017279,0.0
Gpc3,Gpc3,0.18304504,0.15405497115710892,Cd81,Cd81,1.4187579,0.5508343850792315,Neurons,Oligodendrocytes,0.8009015,0.0
Apoe,Apoe,1.3625994,0.45267489711934156,Sorl1,Sorl1,0.23915981,0.13209928481278924,Microglia,Oligodendrocytes,0.8008796,0.0
Ncam1,Ncam1,1.4150285,0.5330248212031973,Gfra1,Gfra1,0.1861984,0.16762809636918902,Oligodendrocytes,Neurons,0.8006134,0.0
Apoe,Apoe,1.3625994,0.45267489711934156,Ldlr,Ldlr,0.23860839,0.10897435897435898,Microglia,Pericytes,0.80060387,0.0
Adam10,Adam10,0.9186879,0.43209876543209874,Cadm1,Cadm1,0.6809834,0.3232365727106998,Microglia,Oligodendrocytes,0.7998357,0.0
Ncam1,Ncam1,1.412782,0.7502544960977265,Gfra1,Gfra1,0.1861984,0.16762809636918902,Neurons,Neurons,0.79949015,0.0
Fgf1,Fgf1,0.51339406,0.30412371134020616,Fgfr2,Fgfr2,1.0850602,0.46038423783480575,Astrocytes,Oligodendrocytes,0.7992271,0.0
Csf1,Csf1,0.17425033,0.10321133080914317,Csf3r,Csf3r,1.4220334,0.5967078189300411,Oligodendrocytes,Microglia,0.7981419,0.0
Ncam1,Ncam1,0.5186237,0.22435897435897437,Cacna1c,Cacna1c,1.0772452,0.6059113300492611,Pericytes,OPCs,0.7979345,1.0
Fgf13,Fgf13,0.8300028,0.5408890397013912,Fgfr2,Fgfr2,0.764343,0.46798029556650245,Neurons,OPCs,0.7971729,0.0
App,App,0.46430153,0.24742268041237114,Grm7,Grm7,1.1298239,0.37498247090169684,Astrocytes,Oligodendrocytes,0.79706275,1.0
Cntn4,Cntn4,1.3747245,0.6070580251102816,Aplp1,Aplp1,0.21927953,0.12179487179487179,Neurons,Pericytes,0.797002,0.9
Gnas,Gnas,1.323098,0.48590660496424065,Adora1,Adora1,0.26831418,0.18719211822660098,Oligodendrocytes,OPCs,0.79570603,0.99
Gnas,Gnas,1.3832802,0.5833333333333334,Adora1,Adora1,0.20778817,0.14175257731958762,Pericytes,Astrocytes,0.79553413,0.72
Lama2,Lama2,1.4791735,0.5897435897435898,Itga3,Itga3_Itgb1,0.10994522,0.14183915846623685,Pericytes,Neurons,0.79455936,0.0
Il18,Il18,0.50689685,0.30927835051546393,Il1rapl1,Il1rapl1,1.0814778,0.41438788388725284,Astrocytes,Oligodendrocytes,0.7941873,0.92
Cntn4,Cntn4,1.3747245,0.6070580251102816,Aplp1,Aplp1,0.2123382,0.11522633744855967,Neurons,Microglia,0.79353136,0.95
Apoe,Apoe,0.33165058,0.2297251442144554,Lrp1,Lrp1,1.2553622,0.6896551724137931,Neurons,OPCs,0.7935064,0.0
Penk,Penk,0.4568181,0.26060400407193757,Grm7,Grm7,1.1298239,0.37498247090169684,Neurons,Oligodendrocytes,0.793321,0.05
Gnas,Gnas,1.1123629,0.5911330049261084,Adcy9,Adcy9,0.47359568,0.24279835390946503,OPCs,Microglia,0.79297924,0.99
Gnas,Gnas,1.3161097,0.5850515463917526,Adora1,Adora1,0.26831418,0.18719211822660098,Astrocytes,OPCs,0.7922119,0.8
Ncam1,Ncam1,0.25594413,0.1111111111111111,Cacna1c,Cacna1c,1.3281378,0.7115710892432983,Microglia,Neurons,0.79204094,1.0
Lgi1,Lgi1,0.48131266,0.4333220223956566,Adam23,Adam23,1.1024332,0.677638276213098,Neurons,Neurons,0.7918729,0.0
Lama2,Lama2,1.1729664,0.5335051546391752,Itgav,Itgav_Itgb8,0.40935338,0.25773195876288657,Astrocytes,Astrocytes,0.79115987,0.0
Rtn4,Rtn4,1.4572431,0.5348478474267284,Rtn4rl1,Rtn4rl1,0.12505294,0.14387512724804885,Oligodendrocytes,Neurons,0.791148,0.0
Ptn,Ptn,0.95161796,0.40316926097321554,Sdc4,Sdc4,0.6302898,0.3634020618556701,Oligodendrocytes,Astrocytes,0.7909539,0.0
Rims1,Rims1,0.25341368,0.11078390127611835,Cacna1c,Cacna1c,1.3281378,0.7115710892432983,Oligodendrocytes,Neurons,0.7907757,0.0
Apoe,Apoe,1.3625994,0.45267489711934156,Vldlr,Vldlr,0.21881776,0.15763546798029557,Microglia,OPCs,0.79070854,0.0
Efna5,Efna5,0.20953123,0.11538461538461539,Epha6,Epha6,1.3718557,0.6311503223617237,Pericytes,Neurons,0.79069346,0.0
Lama2,Lama2,1.1729664,0.5335051546391752,Dag1,Dag1,0.40804067,0.270935960591133,Astrocytes,OPCs,0.7905035,0.0
Adam10,Adam10,0.5144967,0.33004926108374383,Nrcam,Nrcam,1.0664513,0.66270783847981,OPCs,Neurons,0.790474,0.0
Hsp90b1,Hsp90b1,0.32557622,0.1958762886597938,Lrp1,Lrp1,1.2553622,0.6896551724137931,Astrocytes,OPCs,0.79046917,0.0
Fgf13,Fgf13,0.93055326,0.36213991769547327,Fgfr2,Fgfr2,0.64959764,0.3333333333333333,Microglia,Pericytes,0.7900754,0.0
Lama2,Lama2,1.1729664,0.5335051546391752,Dag1,Dag1,0.4057683,0.23076923076923078,Astrocytes,Pericytes,0.7893673,0.0
Apoe,Apoe,1.0754791,0.388865516757818,Abca1,Abca1,0.5024027,0.2345679012345679,Oligodendrocytes,Microglia,0.7889409,0.0
Psap,Psap,0.61850256,0.28705651381292946,Gpr37l1,Gpr37l1,0.958507,0.5566502463054187,Oligodendrocytes,OPCs,0.7885048,0.0
Fgf14,Fgf14,0.6250902,0.22435897435897437,Fgfr2,Fgfr2,0.9517514,0.5,Pericytes,Astrocytes,0.7884208,1.0
Apoe,Apoe,1.3625994,0.45267489711934156,Abca1,Abca1,0.21408409,0.1346153846153846,Microglia,Pericytes,0.78834176,0.0
App,App,0.92554754,0.5517241379310345,Dcc,Dcc,0.6505509,0.2755574253260412,OPCs,Oligodendrocytes,0.7880492,1.0
App,App,0.92554754,0.5517241379310345,Rpsa,Rpsa,0.65035987,0.4039408866995074,OPCs,OPCs,0.78795373,1.0
Edil3,Edil3,1.2318858,0.6240244316253818,Itgav,Itgav,0.34272376,0.1841256485766372,Neurons,Oligodendrocytes,0.78730476,1.0
Adam10,Adam10,0.5144967,0.33004926108374383,Cadm1,Cadm1,1.0590706,0.5128865979381443,OPCs,Astrocytes,0.78678364,0.0
Sema3d,Sema3d,1.4603589,0.7093596059113301,Plxna1,Nrp1_Plxna1,0.111548476,0.15778758059043094,OPCs,Neurons,0.78595364,0.0
Sema3d,Sema3d,1.4603589,0.7093596059113301,Plxna1,Nrp2_Plxna1,0.111548476,0.15778758059043094,OPCs,Neurons,0.78595364,0.0
Apoe,Apoe,1.3625994,0.45267489711934156,Lrp4,Lrp4,0.2088158,0.13402061855670103,Microglia,Astrocytes,0.7857076,0.0
Plat,Plat,0.31567562,0.15384615384615385,Lrp1,Lrp1,1.2553622,0.6896551724137931,Pericytes,OPCs,0.7855189,0.0
S100a1,S100a1,0.3314178,0.17783505154639176,Trpm3,Trpm3,1.2388452,0.30128205128205127,Astrocytes,Pericytes,0.7851315,0.0
Cntn3,Cntn3,0.45583892,0.28078817733990147,Ptprg,Ptprg,1.1134903,0.6576179165252799,OPCs,Neurons,0.78466463,0.0
Cfh,Cfh,0.57213,0.22435897435897437,Itgam,Itgam,0.9971714,0.4403292181069959,Pericytes,Microglia,0.7846507,0.0
Ptn,Ptn,0.95161796,0.40316926097321554,Sdc3,Sdc3,0.6173037,0.3891625615763547,Oligodendrocytes,OPCs,0.78446084,0.0
Sptan1,Sptan1,1.0342741,0.6881574482524602,Ptpra,Ptpra,0.53463,0.28172766792876175,Neurons,Oligodendrocytes,0.7844521,0.0
Adam12,Adam12,1.2399228,0.6354679802955665,Itgb1,Itgb1,0.3285385,0.35900916185951814,OPCs,Neurons,0.78423065,0.0
Sptan1,Sptan1,1.0342741,0.6881574482524602,Ptpra,Ptpra,0.53325456,0.3076923076923077,Neurons,Pericytes,0.78376436,0.0
Ntn1,Ntn1,0.9165528,0.5369458128078818,Dcc,Dcc,0.6505509,0.2755574253260412,OPCs,Oligodendrocytes,0.7835518,0.0
Adam17,Adam17,0.52026546,0.26337448559670784,Erbb4,Erbb4,1.0463133,0.40685442823210044,Microglia,Neurons,0.7832894,0.0
Bmp7,Bmp7,0.1620248,0.11330049261083744,Ptprk,Ptprk,1.4034458,0.5128205128205128,OPCs,Pericytes,0.78273535,0.0
App,App,0.92554754,0.5517241379310345,Lrp6,Lrp6,0.63835216,0.4088669950738916,OPCs,OPCs,0.7819499,0.97
Lrpap1,Lrpap1,0.30817145,0.16666666666666666,Lrp1,Lrp1,1.2553622,0.6896551724137931,Pericytes,OPCs,0.7817668,0.0
Efna5,Efna5,0.88978624,0.5561588055649813,Epha10,Epha10,0.6728945,0.5415676959619953,Neurons,Neurons,0.78134036,0.0
Tfpi,Tfpi,0.30730832,0.16025641025641027,Lrp1,Lrp1,1.2553622,0.6896551724137931,Pericytes,OPCs,0.78133523,0.0
Ncam1,Ncam1,0.25594413,0.1111111111111111,Cacna1c,Cacna1c,1.306335,0.44871794871794873,Microglia,Pericytes,0.78113955,1.0
App,App,0.92554754,0.5517241379310345,Rpsa,Rpsa,0.63643503,0.28350515463917525,OPCs,Astrocytes,0.7809913,1.0
Sdc2,Sdc2,0.7667969,0.3717948717948718,Ptprj,Ptprj,0.7951364,0.4097938144329897,Pericytes,Astrocytes,0.78096664,0.0
Gnas,Gnas,1.3832802,0.5833333333333334,Adcy8,Adcy8,0.17838874,0.10897435897435898,Pericytes,Pericytes,0.78083444,0.96
Cntn3,Cntn3,0.45583892,0.28078817733990147,Ptprg,Ptprg,1.1049616,0.4551282051282051,OPCs,Pericytes,0.7804003,0.0
Rims1,Rims1,0.25341368,0.11078390127611835,Cacna1c,Cacna1c,1.306335,0.44871794871794873,Oligodendrocytes,Pericytes,0.7798743,0.0
Tgfa,Tgfa,0.5128305,0.33004926108374383,Erbb4,Erbb4,1.0463133,0.40685442823210044,OPCs,Neurons,0.7795719,0.0
Psap,Psap,0.5998084,0.32051282051282054,Gpr37l1,Gpr37l1,0.958507,0.5566502463054187,Pericytes,OPCs,0.7791577,0.0
Ncam1,Ncam1,0.25594413,0.1111111111111111,Ncam2,Ncam2,1.3012524,0.5592783505154639,Microglia,Astrocytes,0.77859825,1.0
Fgf14,Fgf14,0.47067472,0.15637860082304528,Fgfr2,Fgfr2,1.0850602,0.46038423783480575,Microglia,Oligodendrocytes,0.7778675,1.0
Apoe,Apoe,1.0754791,0.388865516757818,Sorl1,Sorl1,0.47958007,0.4482524601289447,Oligodendrocytes,Neurons,0.7775296,0.0
Calr,Calr,0.29898164,0.15355490113588557,Lrp1,Lrp1,1.2553622,0.6896551724137931,Oligodendrocytes,OPCs,0.7771719,0.0
Alcam,Alcam,0.81059724,0.49304377332880894,Chl1,Chl1,0.7434876,0.5212080081438751,Neurons,Neurons,0.7770424,0.0
App,App,1.1517328,0.5064102564102564,Notch2,Notch2,0.4022878,0.1794871794871795,Pericytes,Pericytes,0.7770103,0.52
Sema6a,Sema6a,0.50824755,0.3399014778325123,Plxna4,Plxna4,1.0457644,0.667119104173736,OPCs,Neurons,0.77700603,0.0
Gpc3,Gpc3,0.3531272,0.15384615384615385,Unc5c,Unc5c,1.1994169,0.4442574673958772,Pericytes,Oligodendrocytes,0.77627206,0.0
Serping1,Serping1,0.29695445,0.14102564102564102,Lrp1,Lrp1,1.2553622,0.6896551724137931,Pericytes,OPCs,0.77615833,0.0
Lrrc4b,Lrrc4b,0.4928386,0.33004926108374383,Ptprs,Ptprs,1.0578264,0.5960591133004927,OPCs,OPCs,0.7753325,0.0
Apoe,Apoe,1.3625994,0.45267489711934156,Lrp5,Lrp5,0.18784079,0.12807881773399016,Microglia,OPCs,0.7752201,0.0
Fgf13,Fgf13,0.93055326,0.36213991769547327,Egfr,Egfr,0.618786,0.3582474226804124,Microglia,Astrocytes,0.77466965,0.0
Vegfa,Vegfa,0.65000755,0.36597938144329895,Itgav,Itgav,0.89926815,0.5320197044334976,Astrocytes,OPCs,0.7746378,0.0
S100a1,S100a1,0.30949044,0.22167487684729065,Trpm3,Trpm3,1.2388452,0.30128205128205127,OPCs,Pericytes,0.77416784,0.0
Sptan1,Sptan1,1.0342741,0.6881574482524602,Ptpra,Ptpra,0.51325756,0.4906684764166949,Neurons,Neurons,0.7737658,0.0
Adam10,Adam10,0.5144967,0.33004926108374383,Cadm1,Cadm1,1.0329741,0.4691358024691358,OPCs,Microglia,0.7737354,0.04
Ntn1,Ntn1,0.9165528,0.5369458128078818,Neo1,Neo1,0.62979364,0.3134202776609171,OPCs,Oligodendrocytes,0.7731732,0.0
Ntn1,Ntn1,0.9165528,0.5369458128078818,Neo1,Neo1,0.6293687,0.36597938144329895,OPCs,Astrocytes,0.7729608,0.0
Lgi3,Lgi3,0.3230361,0.329487614523244,Adam22,Adam22,1.2214439,0.7200542925008483,Neurons,Neurons,0.77224,0.0
Slit3,Slit3,0.29034072,0.2147947064811673,Robo2,Robo2,1.2537057,0.5747422680412371,Neurons,Astrocytes,0.7720232,0.0
Calr,Calr,0.28845719,0.15721649484536082,Lrp1,Lrp1,1.2553622,0.6896551724137931,Astrocytes,OPCs,0.77190965,0.0
Psap,Psap,1.0986958,0.5489690721649485,Sort1,Sort1,0.44504783,0.23615201234048522,Astrocytes,Oligodendrocytes,0.7718718,0.0
Apoe,Apoe,1.3625994,0.45267489711934156,Lrp6,Lrp6,0.18008058,0.1072780816154817,Microglia,Oligodendrocytes,0.77133995,0.0
Efna5,Efna5,0.88978624,0.5561588055649813,Epha7,Epha7,0.65241057,0.4855785544621649,Neurons,Neurons,0.7710984,0.0
Fn1,Fn1,0.27777004,0.1346153846153846,Mag,Mag,1.2641748,0.47510868040947973,Pericytes,Oligodendrocytes,0.77097243,0.0
Cntn1,Cntn1,0.47541264,0.1987179487179487,Nrcam,Nrcam,1.0664513,0.66270783847981,Pericytes,Neurons,0.77093196,0.01
Nrg2,Nrg2,0.33212212,0.22167487684729065,Mog,Mog,1.2095723,0.4572991165334455,OPCs,Oligodendrocytes,0.7708472,0.0
Lrpap1,Lrpap1,0.2861818,0.17525773195876287,Lrp1,Lrp1,1.2553622,0.6896551724137931,Astrocytes,OPCs,0.770772,0.0
Col9a3,Col9a3,0.27732503,0.2019704433497537,Mag,Mag,1.2641748,0.47510868040947973,OPCs,Oligodendrocytes,0.7707499,0.0
Hspa8,Hspa8,1.2380079,0.7176789955887343,Ldlr,Ldlr,0.3027977,0.2019704433497537,Neurons,OPCs,0.7704028,0.0
Cntn6,Cntn6,1.2891937,0.625615763546798,Ptprg,Ptprg,0.25139606,0.12757201646090535,OPCs,Microglia,0.7702949,0.0
Gnas,Gnas,1.1123629,0.5911330049261084,Adcy9,Adcy9,0.42773306,0.29064039408866993,OPCs,OPCs,0.77004796,0.99
Slit2,Slit2,0.6824873,0.39124533423820834,Robo1,Robo1,0.85705125,0.33894264479035197,Neurons,Oligodendrocytes,0.7697693,0.0
App,App,1.1517328,0.5064102564102564,Lrp6,Lrp6,0.38639113,0.24742268041237114,Pericytes,Astrocytes,0.769062,0.97
Adam10,Adam10,0.4714337,0.2507362221287337,Nrcam,Nrcam,1.0664513,0.66270783847981,Oligodendrocytes,Neurons,0.7689425,0.0
Cntn3,Cntn3,0.45583892,0.28078817733990147,Ptprg,Ptprg,1.0817091,0.5360824742268041,OPCs,Astrocytes,0.76877403,0.0
Mdk,Mdk,0.281712,0.18719211822660098,Lrp1,Lrp1,1.2553622,0.6896551724137931,OPCs,OPCs,0.76853704,0.0
Lgi3,Lgi3,0.43380603,0.21722058617304726,Adam23,Adam23,1.1024332,0.677638276213098,Oligodendrocytes,Neurons,0.76811963,0.0
App,App,1.1517328,0.5064102564102564,Notch2,Notch2,0.38308427,0.2345360824742268,Pericytes,Astrocytes,0.76740855,0.56
App,App,1.1517328,0.5064102564102564,Aplp1,Aplp1,0.3823676,0.26108374384236455,Pericytes,OPCs,0.7670502,1.0
Gnas,Gnas,1.1123629,0.5911330049261084,Adcy7,Adcy7,0.42093673,0.20164609053497942,OPCs,Microglia,0.7666498,0.65
Gnas,Gnas,1.323098,0.48590660496424065,Adora1,Adora1,0.20778817,0.14175257731958762,Oligodendrocytes,Astrocytes,0.7654431,1.0
Adam10,Adam10,0.4714337,0.2507362221287337,Cadm1,Cadm1,1.0590706,0.5128865979381443,Oligodendrocytes,Astrocytes,0.7652521,0.01
Adam10,Adam10,0.46146008,0.46182558534102475,Nrcam,Nrcam,1.0664513,0.66270783847981,Neurons,Neurons,0.7639557,0.0
Apoe,Apoe,1.3625994,0.45267489711934156,Ldlr,Ldlr,0.16484001,0.18730912792670512,Microglia,Neurons,0.7637197,0.0
Ntrk3,Ntrk3,0.46953338,0.21794871794871795,Ptprs,Ptprs,1.0578264,0.5960591133004927,Pericytes,OPCs,0.76367986,0.0
App,App,1.1517328,0.5064102564102564,Lrp6,Lrp6,0.37452346,0.20512820512820512,Pericytes,Pericytes,0.76312816,0.97
App,App,0.92554754,0.5517241379310345,Notch2,Notch2,0.60047126,0.3004115226337449,OPCs,Microglia,0.7630094,0.72
Hsp90aa1,Hsp90aa1,0.9068734,0.368111064366849,Egfr,Egfr,0.618786,0.3582474226804124,Oligodendrocytes,Astrocytes,0.76282966,0.0
App,App,0.92554754,0.5517241379310345,Aplp2,Aplp2,0.59956783,0.39408866995073893,OPCs,OPCs,0.7625577,1.0
Bcan,Bcan,1.1453273,0.5824742268041238,Nrcam,Nrcam,0.37932366,0.16025641025641027,Astrocytes,Pericytes,0.7623255,0.0
Efna5,Efna5,0.20953123,0.11538461538461539,Epha5,Epha5,1.3145572,0.6650246305418719,Pericytes,OPCs,0.7620442,0.0
Gnas,Gnas,1.3161097,0.5850515463917526,Adora1,Adora1,0.20778817,0.14175257731958762,Astrocytes,Astrocytes,0.76194894,0.94
Lrrc4b,Lrrc4b,0.4928386,0.33004926108374383,Ptprs,Ptprs,1.0308105,0.7047845266372582,OPCs,Neurons,0.76182455,0.0
App,App,0.92554754,0.5517241379310345,Aplp2,Aplp2,0.59592265,0.30128205128205127,OPCs,Pericytes,0.7607351,1.0
Calr,Calr,0.62079793,0.3694581280788177,Lrp1,Lrp1,0.90028125,0.4551282051282051,OPCs,Pericytes,0.7605396,0.0
Adam10,Adam10,0.454205,0.2692307692307692,Nrcam,Nrcam,1.0664513,0.66270783847981,Pericytes,Neurons,0.7603282,0.0
Adam10,Adam10,0.46146008,0.46182558534102475,Cadm1,Cadm1,1.0590706,0.5128865979381443,Neurons,Astrocytes,0.76026535,0.01
Rtn4,Rtn4,1.1851333,0.5390946502057613,Tnfrsf19,Tnfrsf19,0.33501306,0.211340206185567,Microglia,Astrocytes,0.7600732,0.0
Calr,Calr,0.62079793,0.3694581280788177,Itgav,Itgav,0.89926815,0.5320197044334976,OPCs,OPCs,0.760033,0.0
Sparc,Sparc,1.3283904,0.6005154639175257,Fgfr1,Fgfr1,0.19155976,0.13793103448275862,Astrocytes,OPCs,0.7599751,0.0
Gnas,Gnas,1.3832802,0.5833333333333334,Adora1,Adora1,0.13666838,0.1503223617237869,Pericytes,Neurons,0.75997424,0.87
App,App,1.1517328,0.5064102564102564,Lrp6,Lrp6,0.3680566,0.4034611469290804,Pericytes,Neurons,0.7598947,0.97
Serpine2,Serpine2,0.97860956,0.5103092783505154,Lrp1,Lrp1,0.54086536,0.5218866644044792,Astrocytes,Neurons,0.7597375,0.0
Adam10,Adam10,0.9186879,0.43209876543209874,Notch2,Notch2,0.60047126,0.3004115226337449,Microglia,Microglia,0.75957954,0.0
Psap,Psap,0.61850256,0.28705651381292946,Lrp1,Lrp1,0.90028125,0.4551282051282051,Oligodendrocytes,Pericytes,0.7593919,0.0
Apoe,Apoe,1.3625994,0.45267489711934156,Ldlr,Ldlr,0.15600981,0.10309278350515463,Microglia,Astrocytes,0.7593046,0.0
Il1rapl1,Il1rapl1,0.4603168,0.1794871794871795,Ptprs,Ptprs,1.0578264,0.5960591133004927,Pericytes,OPCs,0.7590716,1.0
Hsp90b1,Hsp90b1,0.6173504,0.30864197530864196,Lrp1,Lrp1,0.90028125,0.4551282051282051,Microglia,Pericytes,0.7588158,0.0
Vegfa,Vegfa,0.65000755,0.36597938144329895,Itgav,Itgav,0.8661415,0.4074074074074074,Astrocytes,Microglia,0.7580745,0.0
Edil3,Edil3,1.2318858,0.6240244316253818,Itgb5,Itgb5,0.2834249,0.17525773195876287,Neurons,Astrocytes,0.7576554,1.0
Ptn,Ptn,0.95161796,0.40316926097321554,Sdc2,Sdc2,0.5634497,0.3427835051546392,Oligodendrocytes,Astrocytes,0.7575338,0.0
Lama2,Lama2,1.1729664,0.5335051546391752,Dag1,Dag1,0.3419795,0.3752969121140142,Astrocytes,Neurons,0.75747293,0.0
Lgi2,Lgi2,0.29314834,0.2850356294536817,Adam22,Adam22,1.2214439,0.7200542925008483,Neurons,Neurons,0.7572961,0.0
Sdc2,Sdc2,0.4266089,0.2660098522167488,Ptprj,Ptprj,1.0877827,0.5812807881773399,OPCs,OPCs,0.75719583,0.0
Adam10,Adam10,0.454205,0.2692307692307692,Cadm1,Cadm1,1.0590706,0.5128865979381443,Pericytes,Astrocytes,0.7566378,0.07
App,App,1.1517328,0.5064102564102564,Tnfrsf21,Tnfrsf21,0.3611083,0.18518518518518517,Pericytes,Microglia,0.75642055,0.79
Apoe,Apoe,1.0754791,0.388865516757818,Abca1,Abca1,0.43556362,0.27319587628865977,Oligodendrocytes,Astrocytes,0.7555214,0.0
Fgf12,Fgf12,0.42590085,0.17935773383817136,Fgfr2,Fgfr2,1.0850602,0.46038423783480575,Oligodendrocytes,Oligodendrocytes,0.7554805,1.0
Ntn1,Ntn1,0.9165528,0.5369458128078818,Neo1,Neo1,0.5930298,0.5293518832711231,OPCs,Neurons,0.75479126,0.0
Sparc,Sparc,1.3176961,0.5705128205128205,Fgfr1,Fgfr1,0.19155976,0.13793103448275862,Pericytes,OPCs,0.75462794,0.0
Adam10,Adam10,0.4420664,0.26804123711340205,Nrcam,Nrcam,1.0664513,0.66270783847981,Astrocytes,Neurons,0.7542589,0.0
Fgf14,Fgf14,0.42237043,0.13462347496844762,Fgfr2,Fgfr2,1.0850602,0.46038423783480575,Oligodendrocytes,Oligodendrocytes,0.75371534,1.0
App,App,0.6004882,0.29218106995884774,Rpsa,Rpsa,0.9063404,0.35436825129715327,Microglia,Oligodendrocytes,0.7534143,1.0
Nxph1,Nxph1,1.2188966,0.5242619613165932,Nrxn2,Nrxn2,0.28788555,0.15972514373860608,Neurons,Oligodendrocytes,0.7533911,0.0
App,App,1.1517328,0.5064102564102564,Aplp2,Aplp2,0.3547327,0.20876288659793815,Pericytes,Astrocytes,0.7532327,1.0
Rtn4,Rtn4,1.00259,0.6939260264675942,Rtn4rl1,Rtn4rl1,0.5028403,0.25102880658436216,Neurons,Microglia,0.7527151,0.0
Adam10,Adam10,0.4714337,0.2507362221287337,Cadm1,Cadm1,1.0329741,0.4691358024691358,Oligodendrocytes,Microglia,0.75220394,0.07
Gnas,Gnas,1.1887592,0.5390946502057613,Adcy1,Adcy1,0.3133616,0.3461146929080421,Microglia,Neurons,0.75106037,0.91
Apoe,Apoe,1.0754791,0.388865516757818,Sdc2,Sdc2,0.4266089,0.2660098522167488,Oligodendrocytes,OPCs,0.75104403,0.0
Apoe,Apoe,1.3625994,0.45267489711934156,Lrp8,Lrp8,0.13910225,0.10344827586206896,Microglia,OPCs,0.7508508,0.0
Calr,Calr,0.62079793,0.3694581280788177,Lrp1,Lrp1,0.8808295,0.4742268041237113,OPCs,Astrocytes,0.7508137,0.0
Gnas,Gnas,1.323098,0.48590660496424065,Adcy8,Adcy8,0.17838874,0.10897435897435898,Oligodendrocytes,Pericytes,0.7507433,1.0
Adam10,Adam10,0.4420664,0.26804123711340205,Cadm1,Cadm1,1.0590706,0.5128865979381443,Astrocytes,Astrocytes,0.7505685,0.07
App,App,0.6004882,0.29218106995884774,Lrp1,Lrp1,0.90028125,0.4551282051282051,Microglia,Pericytes,0.7503847,1.0
Ntrk3,Ntrk3,0.46953338,0.21794871794871795,Ptprs,Ptprs,1.0308105,0.7047845266372582,Pericytes,Neurons,0.7501719,0.0
Psap,Psap,0.5998084,0.32051282051282054,Lrp1,Lrp1,0.90028125,0.4551282051282051,Pericytes,Pericytes,0.7500448,0.0
Psap,Psap,0.61850256,0.28705651381292946,Lrp1,Lrp1,0.8808295,0.4742268041237113,Oligodendrocytes,Astrocytes,0.74966604,0.0
Hsp90b1,Hsp90b1,0.6173504,0.30864197530864196,Lrp1,Lrp1,0.8808295,0.4742268041237113,Microglia,Astrocytes,0.74908996,0.0
Psap,Psap,0.9567941,0.6827281981676281,Lrp1,Lrp1,0.54086536,0.5218866644044792,Neurons,Neurons,0.7488297,0.0
Adam10,Adam10,0.9186879,0.43209876543209874,Tspan5,Tspan5,0.5775721,0.28817837610433317,Microglia,Oligodendrocytes,0.74812996,0.0
Ncan,Ncan,0.32172057,0.22167487684729065,Cdh2,Cdh2,1.1742818,0.5541237113402062,OPCs,Astrocytes,0.7480012,0.0
Lama2,Lama2,1.1729664,0.5335051546391752,Dag1,Dag1,0.322574,0.19845360824742267,Astrocytes,Astrocytes,0.7477702,0.0
Bmp7,Bmp7,0.1620248,0.11330049261083744,Ptprk,Ptprk,1.3328146,0.6699507389162561,OPCs,OPCs,0.7474197,0.0
Ptn,Ptn,0.95161796,0.40316926097321554,Ptprs,Ptprs,0.5431201,0.327319587628866,Oligodendrocytes,Astrocytes,0.74736905,0.0
Gnas,Gnas,1.3161097,0.5850515463917526,Adcy8,Adcy8,0.17838874,0.10897435897435898,Astrocytes,Pericytes,0.7472492,0.99
Adam10,Adam10,0.46146008,0.46182558534102475,Cadm1,Cadm1,1.0329741,0.4691358024691358,Neurons,Microglia,0.7472171,0.07
Gnas,Gnas,1.3832802,0.5833333333333334,Crhr1,Crhr1,0.11033128,0.1350525958601968,Pericytes,Neurons,0.7468057,0.69
Il1rapl1,Il1rapl1,0.4603168,0.1794871794871795,Ptprs,Ptprs,1.0308105,0.7047845266372582,Pericytes,Neurons,0.7455636,1.0
Fgf14,Fgf14,0.6250902,0.22435897435897437,Fgfr2,Fgfr2,0.8659368,0.652867322701052,Pericytes,Neurons,0.7455135,1.0
Sema5a,Sema5a,1.1964616,0.6354679802955665,Plxnb3,Plxnb3,0.29366615,0.16238956668068993,OPCs,Oligodendrocytes,0.74506384,0.0
Apoe,Apoe,1.3625994,0.45267489711934156,Vldlr,Vldlr,0.1274754,0.15710892432982695,Microglia,Neurons,0.7450374,0.0
Lgi4,Lgi4,0.26838276,0.17010309278350516,Adam22,Adam22,1.2214439,0.7200542925008483,Astrocytes,Neurons,0.74491334,0.0
Gnas,Gnas,1.3832802,0.5833333333333334,Adcy7,Adcy7,0.10572527,0.13165931455717678,Pericytes,Neurons,0.7445027,0.74
Ptn,Ptn,0.8578954,0.41494845360824745,Sdc4,Sdc4,0.6302898,0.3634020618556701,Astrocytes,Astrocytes,0.7440926,0.0
Adam10,Adam10,0.454205,0.2692307692307692,Cadm1,Cadm1,1.0329741,0.4691358024691358,Pericytes,Microglia,0.7435896,0.15
Calr,Calr,0.62079793,0.3694581280788177,Itgav,Itgav,0.8661415,0.4074074074074074,OPCs,Microglia,0.7434697,0.0
Nrxn1,Nrxn1,0.7008444,0.21778151731874912,Nlgn1,Nlgn1,0.78537273,0.30360398261113447,Oligodendrocytes,Oligodendrocytes,0.7431086,1.0
Nlgn1,Nlgn1,0.78537273,0.30360398261113447,Nrxn1,Nrxn1,0.7008444,0.21778151731874912,Oligodendrocytes,Oligodendrocytes,0.7431086,1.0
Il18,Il18,0.40312713,0.27586206896551724,Il1rapl1,Il1rapl1,1.0814778,0.41438788388725284,OPCs,Oligodendrocytes,0.7423024,1.0
Lgi1,Lgi1,0.38201192,0.15384615384615385,Adam23,Adam23,1.1024332,0.677638276213098,Pericytes,Neurons,0.74222255,0.0
Rtn4,Rtn4,1.1851333,0.5390946502057613,Lingo1,Lingo1,0.29802364,0.33932813030200204,Microglia,Neurons,0.74157846,0.09
Grn,Grn,1.0375353,0.4732510288065844,Sort1,Sort1,0.44504783,0.23615201234048522,Microglia,Oligodendrocytes,0.7412916,0.0
Fgf13,Fgf13,0.93055326,0.36213991769547327,Scn8a,Scn8a,0.5514317,0.3497536945812808,Microglia,OPCs,0.7409925,0.0
Apoe,Apoe,1.3625994,0.45267489711934156,Scarb1,Scarb1,0.11895508,0.15405497115710892,Microglia,Neurons,0.74077725,0.0
Efna5,Efna5,0.88978624,0.5561588055649813,Ephb1,Ephb1,0.5915831,0.27990464170523066,Neurons,Oligodendrocytes,0.7406846,0.0
App,App,0.6004882,0.29218106995884774,Lrp1,Lrp1,0.8808295,0.4742268041237113,Microglia,Astrocytes,0.7406589,1.0
Psap,Psap,0.5998084,0.32051282051282054,Lrp1,Lrp1,0.8808295,0.4742268041237113,Pericytes,Astrocytes,0.74031895,0.0
Fgf13,Fgf13,0.8300028,0.5408890397013912,Fgfr2,Fgfr2,0.64959764,0.3333333333333333,Neurons,Pericytes,0.7398002,0.04
Calr,Calr,0.62079793,0.3694581280788177,Lrp1,Lrp1,0.8583547,0.411522633744856,OPCs,Microglia,0.73957634,0.0
Gnas,Gnas,1.1887592,0.5390946502057613,Adcy9,Adcy9,0.28932378,0.18298969072164947,Microglia,Astrocytes,0.7390415,1.0
Mfge8,Mfge8,0.5785316,0.25,Itgav,Itgav,0.89926815,0.5320197044334976,Pericytes,OPCs,0.7388999,0.0
Nlgn2,Nlgn2,0.49693328,0.32019704433497537,Nrxn1,Nrxn1,0.98038775,0.23717948717948717,OPCs,Pericytes,0.7386605,0.7
Nrxn1,Nrxn1,0.98038775,0.23717948717948717,Nlgn2,Nlgn2,0.49693328,0.32019704433497537,Pericytes,OPCs,0.7386605,0.7
Psap,Psap,0.61850256,0.28705651381292946,Lrp1,Lrp1,0.8583547,0.411522633744856,Oligodendrocytes,Microglia,0.7384286,0.0
Hspa8,Hspa8,1.2380079,0.7176789955887343,Ldlr,Ldlr,0.23860839,0.10897435897435898,Neurons,Pericytes,0.73830813,0.0
Fgfr3,Fgfr3,1.179492,0.5876288659793815,Epha4,Epha4,0.2964334,0.2952154733627418,Astrocytes,Neurons,0.7379627,0.0
Hsp90b1,Hsp90b1,0.6173504,0.30864197530864196,Lrp1,Lrp1,0.8583547,0.411522633744856,Microglia,Microglia,0.7378526,0.0
Nlgn1,Nlgn1,0.49520501,0.1522633744855967,Nrxn1,Nrxn1,0.98038775,0.23717948717948717,Microglia,Pericytes,0.73779637,1.0
Nrxn1,Nrxn1,0.98038775,0.23717948717948717,Nlgn1,Nlgn1,0.49520501,0.1522633744855967,Pericytes,Microglia,0.73779637,1.0
Nid1,Nid1,0.5761931,0.27564102564102566,Itgav,Itgav,0.89926815,0.5320197044334976,Pericytes,OPCs,0.7377306,0.0
Ptn,Ptn,0.8578954,0.41494845360824745,Sdc3,Sdc3,0.6173037,0.3891625615763547,Astrocytes,OPCs,0.73759955,0.0
Adam10,Adam10,0.4420664,0.26804123711340205,Cadm1,Cadm1,1.0329741,0.4691358024691358,Astrocytes,Microglia,0.7375203,0.13
Sema6a,Sema6a,0.42807043,0.21147104192960314,Plxna4,Plxna4,1.0457644,0.667119104173736,Oligodendrocytes,Neurons,0.73691744,0.0
Psap,Psap,1.0986958,0.5489690721649485,Sort1,Sort1,0.374237,0.39531727180183235,Astrocytes,Neurons,0.7364664,0.0
Rtn4,Rtn4,1.1851333,0.5390946502057613,Cntnap1,Cntnap1,0.28774056,0.32473702069901594,Microglia,Neurons,0.73643696,0.1
Efnb2,Efnb2,0.10097656,0.12690872073294876,Epha6,Epha6,1.3718557,0.6311503223617237,Neurons,Neurons,0.73641616,0.0
Ptn,Ptn,0.41468883,0.34170342721411606,Ptprs,Ptprs,1.0578264,0.5960591133004927,Neurons,OPCs,0.7362576,0.0
Gpc3,Gpc3,0.18304504,0.15405497115710892,Unc5c,Unc5c,1.2887181,0.6423481506616898,Neurons,Neurons,0.73588157,0.0
Ncam1,Ncam1,0.5186237,0.22435897435897437,Fgfr2,Fgfr2,0.9517514,0.5,Pericytes,Astrocytes,0.73518753,1.0
Nxph1,Nxph1,1.2188966,0.5242619613165932,Nrxn2,Nrxn2,0.25109345,0.14743589743589744,Neurons,Pericytes,0.734995,0.0
Dcn,Dcn,0.4233524,0.16666666666666666,Erbb4,Erbb4,1.0463133,0.40685442823210044,Pericytes,Neurons,0.7348328,0.0
Cntn3,Cntn3,0.3559106,0.16827934371055953,Ptprg,Ptprg,1.1134903,0.6576179165252799,Oligodendrocytes,Neurons,0.73470044,0.0
App,App,1.1517328,0.5064102564102564,Lrp6,Lrp6,0.31696966,0.17695473251028807,Pericytes,Microglia,0.7343512,1.0
Rgma,Rgma,0.45823228,0.24358974358974358,Bmpr1b,Bmpr1b,1.00992,0.5128865979381443,Pericytes,Astrocytes,0.73407614,0.0
Psap,Psap,0.9567941,0.6827281981676281,Gpr37,Gpr37,0.51098347,0.25872949095498526,Neurons,Oligodendrocytes,0.73388875,0.0
Sorbs1,Sorbs1,1.0688729,0.47435897435897434,Itgb5,Itgb5,0.3980638,0.1987179487179487,Pericytes,Pericytes,0.73346835,0.0
App,App,0.92554754,0.5517241379310345,Lrp1,Lrp1,0.54086536,0.5218866644044792,OPCs,Neurons,0.73320645,1.0
Fgf1,Fgf1,0.51339406,0.30412371134020616,Fgfr2,Fgfr2,0.9517514,0.5,Astrocytes,Astrocytes,0.73257273,0.0
Psap,Psap,1.0986958,0.5489690721649485,Sort1,Sort1,0.3659152,0.20164609053497942,Astrocytes,Microglia,0.73230547,0.0
Alcam,Alcam,0.71915257,0.28205128205128205,Chl1,Chl1,0.7434876,0.5212080081438751,Pericytes,Neurons,0.7313201,0.0
Apoe,Apoe,1.0754791,0.388865516757818,Lrp6,Lrp6,0.38639113,0.24742268041237114,Oligodendrocytes,Astrocytes,0.73093516,0.0
Ntrk3,Ntrk3,1.0923545,0.6501526976586359,Ptprs,Ptprs,0.36926973,0.205761316872428,Neurons,Microglia,0.73081213,0.0
Cntn3,Cntn3,0.3559106,0.16827934371055953,Ptprg,Ptprg,1.1049616,0.4551282051282051,Oligodendrocytes,Pericytes,0.7304361,0.0
Fgf12,Fgf12,0.37540203,0.15384615384615385,Fgfr2,Fgfr2,1.0850602,0.46038423783480575,Pericytes,Oligodendrocytes,0.73023117,1.0
Gnas,Gnas,1.323098,0.48590660496424065,Adora1,Adora1,0.13666838,0.1503223617237869,Oligodendrocytes,Neurons,0.7298832,1.0
Vegfa,Vegfa,0.2038304,0.11538461538461539,Grin2b,Grin2b,1.2553593,0.7132677298948082,Pericytes,Neurons,0.7295948,0.0
App,App,0.6004882,0.29218106995884774,Lrp1,Lrp1,0.8583547,0.411522633744856,Microglia,Microglia,0.72942144,1.0
App,App,1.1517328,0.5064102564102564,Tnfrsf21,Tnfrsf21,0.30671707,0.1346153846153846,Pericytes,Pericytes,0.7292249,0.88
Psap,Psap,0.5998084,0.32051282051282054,Lrp1,Lrp1,0.8583547,0.411522633744856,Pericytes,Microglia,0.7290815,0.0
App,App,0.92554754,0.5517241379310345,Aplp1,Aplp1,0.53228176,0.28350515463917525,OPCs,Astrocytes,0.7289146,1.0
Serpine2,Serpine2,0.55750227,0.2757201646090535,Lrp1,Lrp1,0.90028125,0.4551282051282051,Microglia,Pericytes,0.72889173,0.0
Apoe,Apoe,1.0754791,0.388865516757818,Lrp8,Lrp8,0.38208684,0.41839158466236853,Oligodendrocytes,Neurons,0.728783,0.0
Gnas,Gnas,1.1887592,0.5390946502057613,Adora1,Adora1,0.26831418,0.18719211822660098,Microglia,OPCs,0.7285367,0.95
Adam12,Adam12,1.2399228,0.6354679802955665,Itgb1,Itgb1,0.2157086,0.13402061855670103,OPCs,Astrocytes,0.7278157,0.0
Jag1,Jag1,0.41757524,0.1987179487179487,Notch3,Notch3,1.0363277,0.42948717948717946,Pericytes,Pericytes,0.7269515,0.0
Adam10,Adam10,0.9186879,0.43209876543209874,Tspan5,Tspan5,0.5350868,0.49134713267729896,Microglia,Neurons,0.72688735,0.0
Adam17,Adam17,0.25703877,0.1724137931034483,Erbb4,Erbb4,1.1966261,0.4211190576356752,OPCs,Oligodendrocytes,0.7268324,0.0
Lgi1,Lgi1,0.23187202,0.1625615763546798,Adam22,Adam22,1.2214439,0.7200542925008483,OPCs,Neurons,0.726658,0.0
Nrg2,Nrg2,0.24343958,0.14690721649484537,Mog,Mog,1.2095723,0.4572991165334455,Astrocytes,Oligodendrocytes,0.72650594,0.0
Gnas,Gnas,1.3161097,0.5850515463917526,Adora1,Adora1,0.13666838,0.1503223617237869,Astrocytes,Neurons,0.72638905,0.99
Il1rapl1,Il1rapl1,1.0814778,0.41438788388725284,Ptprs,Ptprs,0.36926973,0.205761316872428,Oligodendrocytes,Microglia,0.72537374,1.0
Cadm3,Cadm3,0.39113206,0.4014251781472684,Cadm1,Cadm1,1.0590706,0.5128865979381443,Neurons,Astrocytes,0.72510135,0.0
Apoe,Apoe,1.0754791,0.388865516757818,Lrp6,Lrp6,0.37452346,0.20512820512820512,Oligodendrocytes,Pericytes,0.72500134,0.0
Psap,Psap,0.90887284,0.5566502463054187,Lrp1,Lrp1,0.54086536,0.5218866644044792,OPCs,Neurons,0.72486913,0.0
Trf,Trf,1.0697796,0.4897119341563786,Tfrc,Tfrc,0.37908578,0.3983712249745504,Microglia,Neurons,0.7244327,0.61
Fgf13,Fgf13,0.8300028,0.5408890397013912,Egfr,Egfr,0.618786,0.3582474226804124,Neurons,Astrocytes,0.7243944,0.0
Agrn,Agrn,0.19063604,0.11583228158743514,Lrp1,Lrp1,1.2553622,0.6896551724137931,Oligodendrocytes,OPCs,0.7229991,0.0
Ptn,Ptn,0.41468883,0.34170342721411606,Ptprs,Ptprs,1.0308105,0.7047845266372582,Neurons,Neurons,0.72274965,0.0
Ntn1,Ntn1,0.41347387,0.20512820512820512,Unc5d,Unc5d,1.0313742,0.4855785544621649,Pericytes,Neurons,0.72242403,0.0
Ntrk3,Ntrk3,0.90171796,0.49226804123711343,Ptprs,Ptprs,0.5431201,0.327319587628866,Astrocytes,Astrocytes,0.722419,0.0
Mfge8,Mfge8,0.5785316,0.25,Itgav,Itgav,0.8661415,0.4074074074074074,Pericytes,Microglia,0.72233653,0.0
Alcam,Alcam,0.81059724,0.49304377332880894,Nrp1,Nrp1,0.63388366,0.2880658436213992,Neurons,Microglia,0.72224045,0.0
Gnai2,Gnai2,0.5479544,0.2757201646090535,Ccr5,Ccr5,0.8962897,0.3868312757201646,Microglia,Microglia,0.7221221,0.0
Tfpi,Tfpi,0.30730832,0.16025641025641027,F3,F3,1.1364317,0.5618556701030928,Pericytes,Astrocytes,0.72187,0.0
Apoe,Apoe,1.0754791,0.388865516757818,Lrp6,Lrp6,0.3680566,0.4034611469290804,Oligodendrocytes,Neurons,0.7217679,0.0
Nid1,Nid1,0.5761931,0.27564102564102566,Itgav,Itgav,0.8661415,0.4074074074074074,Pericytes,Microglia,0.7211673,0.0
App,App,1.1517328,0.5064102564102564,Grm7,Grm7,0.2902294,0.11522633744855967,Pericytes,Microglia,0.7209811,1.0
Cntn1,Cntn1,0.37318683,0.15285373720375825,Nrcam,Nrcam,1.0664513,0.66270783847981,Oligodendrocytes,Neurons,0.71981907,0.0
Gpc3,Gpc3,0.18304504,0.15405497115710892,Lrp1,Lrp1,1.2553622,0.6896551724137931,Neurons,OPCs,0.7192036,0.0
Serpine2,Serpine2,0.55750227,0.2757201646090535,Lrp1,Lrp1,0.8808295,0.4742268041237113,Microglia,Astrocytes,0.7191659,0.0
Cntn3,Cntn3,0.3559106,0.16827934371055953,Ptprg,Ptprg,1.0817091,0.5360824742268041,Oligodendrocytes,Astrocytes,0.71880984,0.0
Nlgn1,Nlgn1,0.78537273,0.30360398261113447,Nrxn2,Nrxn2,0.6497941,0.5687139463861555,Oligodendrocytes,Neurons,0.7175834,1.0
Nrxn2,Nrxn2,0.6497941,0.5687139463861555,Nlgn1,Nlgn1,0.78537273,0.30360398261113447,Neurons,Oligodendrocytes,0.7175834,1.0
Gnas,Gnas,1.323098,0.48590660496424065,Crhr1,Crhr1,0.11033128,0.1350525958601968,Oligodendrocytes,Neurons,0.7167146,1.0
Fgf12,Fgf12,0.34823906,0.1958762886597938,Fgfr2,Fgfr2,1.0850602,0.46038423783480575,Astrocytes,Oligodendrocytes,0.71664965,1.0
Alcam,Alcam,0.9967763,0.5103092783505154,Nrp1,Nrp1,0.436427,0.35595520868680014,Astrocytes,Neurons,0.7166016,0.0
Bsg,Bsg,1.0355184,0.41025641025641024,Slc16a7,Slc16a7,0.39726377,0.2561576354679803,Pericytes,OPCs,0.7163911,0.0
H2-K1,H2-K1,0.8325077,0.39094650205761317,Aplp2,Aplp2,0.59956783,0.39408866995073893,Microglia,OPCs,0.71603775,0.0
Col27a1,Col27a1,0.8882693,0.40329218106995884,Itgb1,Itga1_Itgb1,0.5436856,0.27564102564102566,Microglia,Pericytes,0.71597743,0.0
Fgf1,Fgf1,0.22252169,0.23583305055989143,Cspg4,Cspg4,1.2080115,0.6354679802955665,Neurons,OPCs,0.7152666,0.0
Adam10,Adam10,0.5144967,0.33004926108374383,Tspan5,Tspan5,0.9156587,0.49226804123711343,OPCs,Astrocytes,0.7150777,0.0
Adam17,Adam17,0.52026546,0.26337448559670784,Il6ra,Il6ra,0.9090278,0.4156378600823045,Microglia,Microglia,0.71464664,0.0
Gnas,Gnas,1.323098,0.48590660496424065,Adcy7,Adcy7,0.10572527,0.13165931455717678,Oligodendrocytes,Neurons,0.7144116,1.0
H2-K1,H2-K1,0.8325077,0.39094650205761317,Aplp2,Aplp2,0.59592265,0.30128205128205127,Microglia,Pericytes,0.71421516,0.0
Fgf13,Fgf13,0.93055326,0.36213991769547327,Fgfr2,Fgfr2,0.49607632,0.25925925925925924,Microglia,Microglia,0.7133148,0.12
Gnas,Gnas,1.3161097,0.5850515463917526,Crhr1,Crhr1,0.11033128,0.1350525958601968,Astrocytes,Neurons,0.7132205,0.95
Vegfa,Vegfa,0.17069003,0.2130980658296573,Grin2b,Grin2b,1.2553593,0.7132677298948082,Neurons,Neurons,0.7130247,0.0
Gnas,Gnas,1.1123629,0.5911330049261084,Adcy1,Adcy1,0.3133616,0.3461146929080421,OPCs,Neurons,0.71286225,0.99
Lgi3,Lgi3,0.3230361,0.329487614523244,Adam23,Adam23,1.1024332,0.677638276213098,Neurons,Neurons,0.71273464,0.0
App,App,0.92554754,0.5517241379310345,Aplp2,Aplp2,0.49927166,0.2465292385359697,OPCs,Oligodendrocytes,0.7124096,1.0
Lrig1,Lrig1,1.173603,0.5721649484536082,Egfr,Egfr,0.25086373,0.1282051282051282,Astrocytes,Pericytes,0.7122334,0.0
Slit2,Slit2,0.17040688,0.11330049261083744,Robo2,Robo2,1.2537057,0.5747422680412371,OPCs,Astrocytes,0.7120563,0.0
Cadm3,Cadm3,0.39113206,0.4014251781472684,Cadm1,Cadm1,1.0329741,0.4691358024691358,Neurons,Microglia,0.71205306,0.0
App,App,1.1517328,0.5064102564102564,Vldlr,Vldlr,0.27211878,0.15453653064086384,Pericytes,Oligodendrocytes,0.7119258,1.0
Adam10,Adam10,0.5144967,0.33004926108374383,Il6ra,Il6ra,0.9090278,0.4156378600823045,OPCs,Microglia,0.71176225,0.0
Spon1,Spon1,0.8228557,0.4484536082474227,App,App,0.6004882,0.29218106995884774,Astrocytes,Microglia,0.71167195,1.0
Fgf14,Fgf14,0.47067472,0.15637860082304528,Fgfr2,Fgfr2,0.9517514,0.5,Microglia,Astrocytes,0.71121305,1.0
Nxph1,Nxph1,1.2188966,0.5242619613165932,Nrxn2,Nrxn2,0.2032566,0.13144329896907217,Neurons,Astrocytes,0.7110766,0.0
Gnas,Gnas,1.3161097,0.5850515463917526,Adcy7,Adcy7,0.10572527,0.13165931455717678,Astrocytes,Neurons,0.7109175,0.96
Ptn,Ptn,0.8578954,0.41494845360824745,Sdc2,Sdc2,0.5634497,0.3427835051546392,Astrocytes,Astrocytes,0.7106725,0.0
Psap,Psap,0.90887284,0.5566502463054187,Gpr37,Gpr37,0.51098347,0.25872949095498526,OPCs,Oligodendrocytes,0.70992815,0.0
App,App,1.1517328,0.5064102564102564,Grm7,Grm7,0.26770332,0.11082474226804123,Pericytes,Astrocytes,0.70971805,1.0
Fgf12,Fgf12,0.33354598,0.13168724279835392,Fgfr2,Fgfr2,1.0850602,0.46038423783480575,Microglia,Oligodendrocytes,0.70930314,1.0
Apoe,Apoe,1.0754791,0.388865516757818,Abca1,Abca1,0.34294063,0.22660098522167488,Oligodendrocytes,OPCs,0.7092099,0.0
Il1rapl1,Il1rapl1,0.35937026,0.13168724279835392,Ptprs,Ptprs,1.0578264,0.5960591133004927,Microglia,OPCs,0.7085983,1.0
Slit1,Slit1,0.16345389,0.18595181540549713,Robo2,Robo2,1.2537057,0.5747422680412371,Neurons,Astrocytes,0.70857984,0.0
App,App,1.1517328,0.5064102564102564,Tnfrsf21,Tnfrsf21,0.26528463,0.2891075670173057,Pericytes,Neurons,0.70850873,0.96
Adam23,Adam23,1.1024332,0.677638276213098,Itga4,Itga4,0.31437588,0.14743589743589744,Neurons,Pericytes,0.70840454,0.0
Fgf13,Fgf13,0.23687625,0.13793103448275862,Fgfr3,Fgfr3,1.179492,0.5876288659793815,OPCs,Astrocytes,0.7081841,0.0
Serpine2,Serpine2,0.55750227,0.2757201646090535,Lrp1,Lrp1,0.8583547,0.411522633744856,Microglia,Microglia,0.7079285,0.0
Sparc,Sparc,1.0380793,0.5911330049261084,Fgfr1,Fgfr1,0.37643418,0.1987179487179487,OPCs,Pericytes,0.70725673,0.0
Apoe,Apoe,1.0754791,0.388865516757818,Lrp5,Lrp5,0.3384705,0.1728395061728395,Oligodendrocytes,Microglia,0.7069748,0.0
Ccl25,Ccl25,0.28411928,0.18719211822660098,Grm7,Grm7,1.1298239,0.37498247090169684,OPCs,Oligodendrocytes,0.7069716,0.99
App,App,0.6004882,0.29218106995884774,Aplp2,Aplp2,0.81325376,0.6331862911435358,Microglia,Neurons,0.706871,1.0
Cxcl12,Cxcl12,0.28304973,0.1346153846153846,Grm7,Grm7,1.1298239,0.37498247090169684,Pericytes,Oligodendrocytes,0.7064368,0.02
Bsg,Bsg,1.0355184,0.41025641025641024,Slc16a7,Slc16a7,0.37683934,0.1934156378600823,Pericytes,Microglia,0.7061789,0.0
App,App,1.1517328,0.5064102564102564,Aplp2,Aplp2,0.26024443,0.14814814814814814,Pericytes,Microglia,0.70598865,1.0
Grn,Grn,1.0375353,0.4732510288065844,Sort1,Sort1,0.374237,0.39531727180183235,Microglia,Neurons,0.7058861,0.0
Rtn4,Rtn4,1.1851333,0.5390946502057613,Lingo1,Lingo1,0.22480725,0.1625615763546798,Microglia,OPCs,0.7049703,0.48
Gnai2,Gnai2,0.5479544,0.2757201646090535,Igf1r,Igf1r,0.8604635,0.3717948717948718,Microglia,Pericytes,0.70420897,0.0
Fgf1,Fgf1,0.1992148,0.1110643668489693,Cspg4,Cspg4,1.2080115,0.6354679802955665,Oligodendrocytes,OPCs,0.70361316,0.0
Alcam,Alcam,0.9967763,0.5103092783505154,Nrp1,Nrp1,0.40976745,0.1794871794871795,Astrocytes,Pericytes,0.70327187,0.0
Sparc,Sparc,1.0380793,0.5911330049261084,Fgfr1,Fgfr1,0.36719236,0.2268041237113402,OPCs,Astrocytes,0.7026358,0.0
Hsp90b1,Hsp90b1,0.50407153,0.47268408551068886,Lrp1,Lrp1,0.90028125,0.4551282051282051,Neurons,Pericytes,0.7021764,0.0
Grn,Grn,1.0375353,0.4732510288065844,Sort1,Sort1,0.3659152,0.20164609053497942,Microglia,Microglia,0.70172524,0.0
Hspa8,Hspa8,1.2380079,0.7176789955887343,Ldlr,Ldlr,0.16484001,0.18730912792670512,Neurons,Neurons,0.70142394,0.0
Pdgfb,Pdgfb,0.50229794,0.24279835390946503,Lrp1,Lrp1,0.90028125,0.4551282051282051,Microglia,Pericytes,0.7012896,0.0
Lama2,Lama2,0.25226915,0.12326461926798485,Itga1,Itga1,1.150206,0.4358974358974359,Oligodendrocytes,Pericytes,0.70123756,0.0
Rgma,Rgma,0.7202636,0.4097938144329897,Bmpr2,Bmpr2,0.6821247,0.5721072276891754,Astrocytes,Neurons,0.70119417,0.0
Fgf1,Fgf1,0.22252169,0.23583305055989143,Fgfr3,Fgfr3,1.179492,0.5876288659793815,Neurons,Astrocytes,0.7010068,0.0
Sparc,Sparc,1.0380793,0.5911330049261084,Fgfr1,Fgfr1,0.3637709,0.3712249745503902,OPCs,Neurons,0.7009251,0.0
Psap,Psap,0.9567941,0.6827281981676281,Sort1,Sort1,0.44504783,0.23615201234048522,Neurons,Oligodendrocytes,0.70092094,0.0
Gnas,Gnas,1.1123629,0.5911330049261084,Adcy9,Adcy9,0.28932378,0.18298969072164947,OPCs,Astrocytes,0.70084333,1.0
Pdgfb,Pdgfb,0.50229794,0.24279835390946503,Itgav,Itgav,0.89926815,0.5320197044334976,Microglia,OPCs,0.700783,0.0
Ptn,Ptn,0.8578954,0.41494845360824745,Ptprs,Ptprs,0.5431201,0.327319587628866,Astrocytes,Astrocytes,0.70050776,0.1
Cntn6,Cntn6,1.0306252,0.5873769935527655,Notch1,Notch1,0.36985317,0.2512315270935961,Neurons,OPCs,0.7002392,0.0
Fgf1,Fgf1,0.1916877,0.10256410256410256,Cspg4,Cspg4,1.2080115,0.6354679802955665,Pericytes,OPCs,0.6998496,0.0
Bsg,Bsg,1.001725,0.6932473702069901,Slc16a7,Slc16a7,0.39726377,0.2561576354679803,Neurons,OPCs,0.69949436,0.0
Hsp90b1,Hsp90b1,0.49814698,0.3251231527093596,Lrp1,Lrp1,0.90028125,0.4551282051282051,OPCs,Pericytes,0.6992141,0.0
Gnai2,Gnai2,0.5479544,0.2757201646090535,Igf1r,Igf1r,0.850407,0.4975369458128079,Microglia,OPCs,0.6991807,0.0
Gnas,Gnas,1.1887592,0.5390946502057613,Adora1,Adora1,0.20778817,0.14175257731958762,Microglia,Astrocytes,0.69827366,1.0
Lama2,Lama2,1.1729664,0.5335051546391752,Itgb8,Itgav_Itgb8,0.22328635,0.12634974056934511,Astrocytes,Oligodendrocytes,0.6981264,0.0
Bcan,Bcan,1.1453273,0.5824742268041238,Egfr,Egfr,0.25086373,0.1282051282051282,Astrocytes,Pericytes,0.69809556,0.0
Lgi2,Lgi2,0.29314834,0.2850356294536817,Adam23,Adam23,1.1024332,0.677638276213098,Neurons,Neurons,0.69779074,0.0
Lrrc4b,Lrrc4b,0.3365888,0.35799117746861214,Ptprs,Ptprs,1.0578264,0.5960591133004927,Neurons,OPCs,0.69720757,0.0
Tgfa,Tgfa,0.1977846,0.10699588477366255,Erbb4,Erbb4,1.1966261,0.4211190576356752,Microglia,Oligodendrocytes,0.6972053,0.02
Psap,Psap,1.0986958,0.5489690721649485,Gpr37l1,Gpr37l1,0.2954727,0.1346153846153846,Astrocytes,Pericytes,0.69708425,0.0
Hspa8,Hspa8,1.2380079,0.7176789955887343,Ldlr,Ldlr,0.15600981,0.10309278350515463,Neurons,Astrocytes,0.69700885,0.0
Slitrk2,Slitrk2,0.33605346,0.2190721649484536,Ptprs,Ptprs,1.0578264,0.5960591133004927,Astrocytes,OPCs,0.69693995,0.0
Nlgn3,Nlgn3,0.4127724,0.2857142857142857,Nrxn1,Nrxn1,0.98038775,0.23717948717948717,OPCs,Pericytes,0.69658005,0.74
Nrxn1,Nrxn1,0.98038775,0.23717948717948717,Nlgn3,Nlgn3,0.4127724,0.2857142857142857,Pericytes,OPCs,0.69658005,0.74
Vegfa,Vegfa,0.4938224,0.2955665024630542,Itgav,Itgav,0.89926815,0.5320197044334976,OPCs,OPCs,0.69654524,0.0
Apoe,Apoe,1.0754791,0.388865516757818,Lrp6,Lrp6,0.31696966,0.17695473251028807,Oligodendrocytes,Microglia,0.6962244,0.0
Ccl25,Ccl25,0.26205206,0.31116389548693585,Grm7,Grm7,1.1298239,0.37498247090169684,Neurons,Oligodendrocytes,0.695938,1.0
Lama2,Lama2,1.1729664,0.5335051546391752,Itgb8,Itgav_Itgb8,0.21812287,0.1282051282051282,Astrocytes,Pericytes,0.6955446,0.0
Il1rapl1,Il1rapl1,0.35937026,0.13168724279835392,Ptprs,Ptprs,1.0308105,0.7047845266372582,Microglia,Neurons,0.69509035,1.0
Fgf14,Fgf14,0.6250902,0.22435897435897437,Fgfr2,Fgfr2,0.764343,0.46798029556650245,Pericytes,OPCs,0.6947166,1.0
Il18,Il18,0.30750948,0.17010236993409059,Il1rapl1,Il1rapl1,1.0814778,0.41438788388725284,Oligodendrocytes,Oligodendrocytes,0.69449365,1.0
Lamc1,Lamc1,0.8149198,0.358974358974359,Itgb1,Itga6_Itgb1,0.57398784,0.2962962962962963,Pericytes,Microglia,0.69445384,0.0
Lama2,Lama2,1.1729664,0.5335051546391752,Itgb1,Itga6_Itgb1,0.2157086,0.13402061855670103,Astrocytes,Astrocytes,0.6943375,0.0
Serpine2,Serpine2,0.13249534,0.12690872073294876,Lrp1,Lrp1,1.2553622,0.6896551724137931,Neurons,OPCs,0.6939287,0.0
Calr,Calr,0.48717567,0.4509670851713607,Lrp1,Lrp1,0.90028125,0.4551282051282051,Neurons,Pericytes,0.69372845,0.0
Adam10,Adam10,0.4714337,0.2507362221287337,Tspan5,Tspan5,0.9156587,0.49226804123711343,Oligodendrocytes,Astrocytes,0.6935462,0.0
Grn,Grn,1.0375353,0.4732510288065844,Tnfrsf1b,Tnfrsf1b,0.34899837,0.1728395061728395,Microglia,Microglia,0.69326687,0.0
Calr,Calr,0.48717567,0.4509670851713607,Itgav,Itgav,0.89926815,0.5320197044334976,Neurons,OPCs,0.6932219,0.0
Rims2,Rims2,0.882686,0.45618556701030927,Abca1,Abca1,0.5024027,0.2345679012345679,Astrocytes,Microglia,0.69254434,0.0
Hsp90b1,Hsp90b1,0.50407153,0.47268408551068886,Lrp1,Lrp1,0.8808295,0.4742268041237113,Neurons,Astrocytes,0.6924505,0.0
Ncam1,Ncam1,0.5186237,0.22435897435897437,Fgfr2,Fgfr2,0.8659368,0.652867322701052,Pericytes,Neurons,0.6922803,1.0
Gpc3,Gpc3,0.3531272,0.15384615384615385,Unc5d,Unc5d,1.0313742,0.4855785544621649,Pericytes,Neurons,0.6922507,0.0
Sorbs1,Sorbs1,0.23364611,0.1111111111111111,Itga1,Itga1,1.150206,0.4358974358974359,Microglia,Pericytes,0.69192606,0.0
Bsg,Bsg,0.9861861,0.5911330049261084,Slc16a7,Slc16a7,0.39726377,0.2561576354679803,OPCs,OPCs,0.6917249,0.0
Sema6a,Sema6a,0.50824755,0.3399014778325123,Plxna4,Plxna4,0.8749577,0.41975308641975306,OPCs,Microglia,0.6916026,0.0
Pdgfb,Pdgfb,0.50229794,0.24279835390946503,Lrp1,Lrp1,0.8808295,0.4742268041237113,Microglia,Astrocytes,0.6915637,0.0
Gpc3,Gpc3,0.18304504,0.15405497115710892,Unc5c,Unc5c,1.1994169,0.4442574673958772,Neurons,Oligodendrocytes,0.69123095,0.0
Fgf13,Fgf13,0.8300028,0.5408890397013912,Scn8a,Scn8a,0.5514317,0.3497536945812808,Neurons,OPCs,0.6907172,0.0
Efna5,Efna5,0.88978624,0.5561588055649813,Ephb1,Ephb1,0.49130866,0.3997285374957584,Neurons,Neurons,0.69054747,0.0
Gnas,Gnas,1.1123629,0.5911330049261084,Adora1,Adora1,0.26831418,0.18719211822660098,OPCs,OPCs,0.6903385,1.0
Adam10,Adam10,0.4714337,0.2507362221287337,Il6ra,Il6ra,0.9090278,0.4156378600823045,Oligodendrocytes,Microglia,0.6902307,0.0
Rgma,Rgma,0.7202636,0.4097938144329897,Bmpr2,Bmpr2,0.6596857,0.32510288065843623,Astrocytes,Microglia,0.68997467,0.0
Fgf1,Fgf1,0.51339406,0.30412371134020616,Fgfr2,Fgfr2,0.8659368,0.652867322701052,Astrocytes,Neurons,0.68966544,0.0
Hsp90b1,Hsp90b1,0.49814698,0.3251231527093596,Lrp1,Lrp1,0.8808295,0.4742268041237113,OPCs,Astrocytes,0.68948823,0.0
App,App,1.1517328,0.5064102564102564,Gpc1,Gpc1,0.22717841,0.2653545978961656,Pericytes,Neurons,0.6894556,0.96
Fgf1,Fgf1,0.1992148,0.1110643668489693,Fgfr3,Fgfr3,1.179492,0.5876288659793815,Oligodendrocytes,Astrocytes,0.6893534,0.0
Bsg,Bsg,1.001725,0.6932473702069901,Slc16a7,Slc16a7,0.37683934,0.1934156378600823,Neurons,Microglia,0.6892822,0.0
Apoe,Apoe,1.0754791,0.388865516757818,Ldlr,Ldlr,0.3027977,0.2019704433497537,Oligodendrocytes,OPCs,0.6891384,0.0
Ptn,Ptn,0.95161796,0.40316926097321554,Sdc2,Sdc2,0.4266089,0.2660098522167488,Oligodendrocytes,OPCs,0.68911344,0.0
Fgf12,Fgf12,0.42590085,0.17935773383817136,Fgfr2,Fgfr2,0.9517514,0.5,Oligodendrocytes,Astrocytes,0.68882614,1.0
Vcl,Vcl,0.6138986,0.2948717948717949,Alk,Alk,0.76363486,0.43842364532019706,Pericytes,OPCs,0.6887667,0.0
Adam10,Adam10,0.46146008,0.46182558534102475,Tspan5,Tspan5,0.9156587,0.49226804123711343,Neurons,Astrocytes,0.6885594,0.0
Agrn,Agrn,0.47645134,0.3054187192118227,Lrp1,Lrp1,0.90028125,0.4551282051282051,OPCs,Pericytes,0.6883663,0.0
Gnai2,Gnai2,0.5479544,0.2757201646090535,Adcy8,Adcy8,0.8281998,0.5564981336952833,Microglia,Neurons,0.6880771,0.0
Cntn6,Cntn6,1.0306252,0.5873769935527655,Notch1,Notch1,0.34546015,0.19230769230769232,Neurons,Pericytes,0.6880427,0.0
Ncam1,Ncam1,0.5186237,0.22435897435897437,Robo1,Robo1,0.85705125,0.33894264479035197,Pericytes,Oligodendrocytes,0.6878375,1.0
Calr,Calr,0.47533396,0.24691358024691357,Lrp1,Lrp1,0.90028125,0.4551282051282051,Microglia,Pericytes,0.6878076,0.0
Cntn6,Cntn6,1.0306252,0.5873769935527655,Notch1,Notch1,0.34465346,0.22422680412371135,Neurons,Astrocytes,0.68763936,0.0
Hsp90aa1,Hsp90aa1,1.124255,0.6956226671191041,Egfr,Egfr,0.25086373,0.1282051282051282,Neurons,Pericytes,0.68755937,0.0
Calr,Calr,0.47533396,0.24691358024691357,Itgav,Itgav,0.89926815,0.5320197044334976,Microglia,OPCs,0.68730104,0.0
Fgf14,Fgf14,0.42237043,0.13462347496844762,Fgfr2,Fgfr2,0.9517514,0.5,Oligodendrocytes,Astrocytes,0.68706095,1.0
Adam10,Adam10,0.9186879,0.43209876543209874,Tspan14,Tspan14,0.45527184,0.2345679012345679,Microglia,Microglia,0.6869799,0.0
Ntrk3,Ntrk3,1.0923545,0.6501526976586359,Ptprs,Ptprs,0.2808447,0.17307692307692307,Neurons,Pericytes,0.6865996,0.0
Trf,Trf,1.0697796,0.4897119341563786,Ldlr,Ldlr,0.3027977,0.2019704433497537,Microglia,OPCs,0.68628865,0.76
Sptan1,Sptan1,0.54597825,0.28846153846153844,Ptpra,Ptpra,0.8259607,0.4074074074074074,Pericytes,Microglia,0.6859695,0.0
Fgf1,Fgf1,0.1916877,0.10256410256410256,Fgfr3,Fgfr3,1.179492,0.5876288659793815,Pericytes,Astrocytes,0.68558985,0.0
App,App,1.1517328,0.5064102564102564,Aplp1,Aplp1,0.21927953,0.12179487179487179,Pericytes,Pericytes,0.68550617,1.0
Lgi4,Lgi4,0.26838276,0.17010309278350516,Adam23,Adam23,1.1024332,0.677638276213098,Astrocytes,Neurons,0.685408,0.0
App,App,0.46430153,0.24742268041237114,Rpsa,Rpsa,0.9063404,0.35436825129715327,Astrocytes,Oligodendrocytes,0.685321,1.0
App,App,1.1517328,0.5064102564102564,Vldlr,Vldlr,0.21881776,0.15763546798029557,Pericytes,OPCs,0.68527526,1.0
Adam10,Adam10,0.46146008,0.46182558534102475,Il6ra,Il6ra,0.9090278,0.4156378600823045,Neurons,Microglia,0.68524396,0.0
Lama2,Lama2,1.1729664,0.5335051546391752,Dag1,Dag1,0.19690774,0.1111111111111111,Astrocytes,Microglia,0.68493706,0.0
Adam10,Adam10,0.454205,0.2692307692307692,Tspan5,Tspan5,0.9156587,0.49226804123711343,Pericytes,Astrocytes,0.6849319,0.0
Bcan,Bcan,0.7508833,0.46798029556650245,Egfr,Egfr,0.618786,0.3582474226804124,OPCs,Astrocytes,0.6848346,0.0
Spon1,Spon1,0.21781026,0.11538461538461539,App,App,1.1517328,0.5064102564102564,Pericytes,Pericytes,0.68477154,1.0
Pdgfb,Pdgfb,0.50229794,0.24279835390946503,Itgav,Itgav,0.8661415,0.4074074074074074,Microglia,Microglia,0.6842197,0.0
Slitrk1,Slitrk1,0.31049326,0.22167487684729065,Ptprs,Ptprs,1.0578264,0.5960591133004927,OPCs,OPCs,0.6841598,0.0
Calr,Calr,0.48717567,0.4509670851713607,Lrp1,Lrp1,0.8808295,0.4742268041237113,Neurons,Astrocytes,0.6840026,0.0
Lrrc4b,Lrrc4b,0.3365888,0.35799117746861214,Ptprs,Ptprs,1.0308105,0.7047845266372582,Neurons,Neurons,0.6836996,0.0
Gnas,Gnas,1.1887592,0.5390946502057613,Adcy8,Adcy8,0.17838874,0.10897435897435898,Microglia,Pericytes,0.68357396,1.0
Slitrk2,Slitrk2,0.33605346,0.2190721649484536,Ptprs,Ptprs,1.0308105,0.7047845266372582,Astrocytes,Neurons,0.683432,0.0
Sdc2,Sdc2,0.27804708,0.27994570749915165,Ptprj,Ptprj,1.0877827,0.5812807881773399,Neurons,OPCs,0.6829149,0.0
Lama2,Lama2,1.1729664,0.5335051546391752,Itga6,Itga6_Itgb1,0.19249217,0.10897435897435898,Astrocytes,Pericytes,0.68272924,0.0
Ptn,Ptn,0.95161796,0.40316926097321554,Alk,Alk,0.4133415,0.3189684424838819,Oligodendrocytes,Neurons,0.68247974,0.0
App,App,0.46430153,0.24742268041237114,Lrp1,Lrp1,0.90028125,0.4551282051282051,Astrocytes,Pericytes,0.6822914,1.0
Sorbs1,Sorbs1,0.96638805,0.5,Itgb5,Itgb5,0.3980638,0.1987179487179487,Astrocytes,Pericytes,0.68222594,0.0
App,App,1.1517328,0.5064102564102564,Aplp1,Aplp1,0.2123382,0.11522633744855967,Pericytes,Microglia,0.6820355,1.0
App,App,1.1517328,0.5064102564102564,Ncstn,Ncstn,0.2121596,0.10699588477366255,Pericytes,Microglia,0.6819462,0.97
Adam10,Adam10,0.454205,0.2692307692307692,Il6ra,Il6ra,0.9090278,0.4156378600823045,Pericytes,Microglia,0.6816164,0.0
Bsg,Bsg,0.9861861,0.5911330049261084,Slc16a7,Slc16a7,0.37683934,0.1934156378600823,OPCs,Microglia,0.6815127,0.0
Lgi1,Lgi1,0.48131266,0.4333220223956566,Adam22,Adam22,0.88166285,0.5369458128078818,Neurons,OPCs,0.68148774,0.0
Hsp90b1,Hsp90b1,0.50407153,0.47268408551068886,Lrp1,Lrp1,0.8583547,0.411522633744856,Neurons,Microglia,0.68121314,0.0
Il1rapl1,Il1rapl1,1.0814778,0.41438788388725284,Ptprs,Ptprs,0.2808447,0.17307692307692307,Oligodendrocytes,Pericytes,0.6811612,1.0
Apoe,Apoe,1.0754791,0.388865516757818,Lrp4,Lrp4,0.28684035,0.1921182266009852,Oligodendrocytes,OPCs,0.68115973,0.0
Efna5,Efna5,0.88978624,0.5561588055649813,Epha4,Epha4,0.4713446,0.2757731958762887,Neurons,Astrocytes,0.6805654,0.0
Pdgfb,Pdgfb,0.50229794,0.24279835390946503,Lrp1,Lrp1,0.8583547,0.411522633744856,Microglia,Microglia,0.68032634,0.0
Sptan1,Sptan1,0.53422546,0.35960591133004927,Ptpra,Ptpra,0.8259607,0.4074074074074074,OPCs,Microglia,0.68009305,0.0
Vegfa,Vegfa,0.4938224,0.2955665024630542,Itgav,Itgav,0.8661415,0.4074074074074074,OPCs,Microglia,0.67998195,0.0
Ntrk3,Ntrk3,1.0923545,0.6501526976586359,Ptprf,Ptprf,0.26744348,0.31218187987784185,Neurons,Neurons,0.679899,0.0
Sdc2,Sdc2,0.5634497,0.3427835051546392,Ptprj,Ptprj,0.7951364,0.4097938144329897,Astrocytes,Astrocytes,0.67929304,0.0
Hsp90b1,Hsp90b1,0.4576861,0.2564102564102564,Lrp1,Lrp1,0.90028125,0.4551282051282051,Pericytes,Pericytes,0.6789837,0.0
Il18,Il18,0.27630234,0.16025641025641027,Il1rapl1,Il1rapl1,1.0814778,0.41438788388725284,Pericytes,Oligodendrocytes,0.67889005,1.0
Adam10,Adam10,0.4420664,0.26804123711340205,Tspan5,Tspan5,0.9156587,0.49226804123711343,Astrocytes,Astrocytes,0.6788626,0.0
Fgf9,Fgf9,0.1779892,0.21174075330844927,Fgfr3,Fgfr3,1.179492,0.5876288659793815,Neurons,Astrocytes,0.6787406,0.0
Agrn,Agrn,0.47645134,0.3054187192118227,Lrp1,Lrp1,0.8808295,0.4742268041237113,OPCs,Astrocytes,0.6786404,0.0
App,App,1.1517328,0.5064102564102564,Tspan15,Tspan15,0.20481992,0.1189174028887954,Pericytes,Oligodendrocytes,0.67827636,1.0
Hsp90b1,Hsp90b1,0.49814698,0.3251231527093596,Lrp1,Lrp1,0.8583547,0.411522633744856,OPCs,Microglia,0.67825085,0.0
Calr,Calr,0.47533396,0.24691358024691357,Lrp1,Lrp1,0.8808295,0.4742268041237113,Microglia,Astrocytes,0.67808175,0.0
App,App,1.1517328,0.5064102564102564,Tnfrsf21,Tnfrsf21,0.20380789,0.15270935960591134,Pericytes,OPCs,0.6777704,1.0
Sema6a,Sema6a,0.30931082,0.28978622327790976,Plxna4,Plxna4,1.0457644,0.667119104173736,Neurons,Neurons,0.6775376,0.0
Rtn4,Rtn4,1.1851333,0.5390946502057613,Tnfrsf19,Tnfrsf19,0.1695363,0.12315270935960591,Microglia,OPCs,0.6773348,0.43
Psap,Psap,0.90887284,0.5566502463054187,Sort1,Sort1,0.44504783,0.23615201234048522,OPCs,Oligodendrocytes,0.67696035,0.0
Sorbs1,Sorbs1,0.2036607,0.10938157341186369,Itga1,Itga1,1.150206,0.4358974358974359,Oligodendrocytes,Pericytes,0.67693335,0.0
Fstl5,Fstl5,1.0504233,0.5629453681710214,Chl1,Chl1,0.30339235,0.14743589743589744,Neurons,Pericytes,0.6769078,0.0
Apoe,Apoe,1.0754791,0.388865516757818,Sdc2,Sdc2,0.27804708,0.27994570749915165,Oligodendrocytes,Neurons,0.6767631,0.0
Calr,Calr,0.48717567,0.4509670851713607,Itgav,Itgav,0.8661415,0.4074074074074074,Neurons,Microglia,0.6766586,0.0
Alcam,Alcam,0.71915257,0.28205128205128205,Nrp1,Nrp1,0.63388366,0.2880658436213992,Pericytes,Microglia,0.6765181,0.0
Sorbs1,Sorbs1,1.0688729,0.47435897435897434,Itgb5,Itgb5,0.2834249,0.17525773195876287,Pericytes,Astrocytes,0.6761489,0.0
Adam10,Adam10,0.4420664,0.26804123711340205,Il6ra,Il6ra,0.9090278,0.4156378600823045,Astrocytes,Microglia,0.6755471,0.0
Pros1,Pros1,0.8217711,0.37448559670781895,Mertk,Mertk,0.52864075,0.3448275862068966,Microglia,OPCs,0.67520595,0.0
Rgma,Rgma,0.7202636,0.4097938144329897,Neo1,Neo1,0.62979364,0.3134202776609171,Astrocytes,Oligodendrocytes,0.6750286,0.0
Rgma,Rgma,0.7202636,0.4097938144329897,Neo1,Neo1,0.6293687,0.36597938144329895,Astrocytes,Astrocytes,0.67481613,0.0
Rtn4,Rtn4,1.1851333,0.5390946502057613,Tnfrsf19,Tnfrsf19,0.16431972,0.10256410256410256,Microglia,Pericytes,0.67472655,0.4
Il1rapl1,Il1rapl1,1.0814778,0.41438788388725284,Ptprf,Ptprf,0.26744348,0.31218187987784185,Oligodendrocytes,Neurons,0.67446065,1.0
Bcan,Bcan,0.28196418,0.14102564102564102,Nrcam,Nrcam,1.0664513,0.66270783847981,Pericytes,Neurons,0.67420775,0.0
Rgma,Rgma,0.45823228,0.24358974358974358,Neo1,Neo1,0.88980854,0.5270935960591133,Pericytes,OPCs,0.6740204,0.0
Apoe,Apoe,1.0754791,0.388865516757818,Vldlr,Vldlr,0.27211878,0.15453653064086384,Oligodendrocytes,Oligodendrocytes,0.673799,0.0
Adam10,Adam10,0.9186879,0.43209876543209874,Cadm1,Cadm1,0.42874134,0.22435897435897437,Microglia,Pericytes,0.67371464,0.6
Mdk,Mdk,0.44691485,0.2654639175257732,Lrp1,Lrp1,0.90028125,0.4551282051282051,Astrocytes,Pericytes,0.67359805,0.0
Nrxn1,Nrxn1,0.7008444,0.21778151731874912,Nlgn1,Nlgn1,0.64582783,0.21794871794871795,Oligodendrocytes,Pericytes,0.67333615,1.0
Nlgn1,Nlgn1,0.64582783,0.21794871794871795,Nrxn1,Nrxn1,0.7008444,0.21778151731874912,Pericytes,Oligodendrocytes,0.67333615,1.0
Fstl5,Fstl5,1.0504233,0.5629453681710214,Sdk2,Sdk2,0.29546893,0.18814432989690721,Neurons,Astrocytes,0.6729461,0.0
Calr,Calr,0.48717567,0.4509670851713607,Lrp1,Lrp1,0.8583547,0.411522633744856,Neurons,Microglia,0.6727652,0.0
Alcam,Alcam,0.40804878,0.2016547468798205,Chl1,Chl1,0.93721485,0.4742268041237113,Oligodendrocytes,Astrocytes,0.6726318,0.0
App,App,0.46430153,0.24742268041237114,Lrp1,Lrp1,0.8808295,0.4742268041237113,Astrocytes,Astrocytes,0.6725655,1.0
Ncam1,Ncam1,0.5186237,0.22435897435897437,Ptpra,Ptpra,0.8259607,0.4074074074074074,Pericytes,Microglia,0.67229223,1.0
Gnai2,Gnai2,0.4459763,0.22435897435897437,Ccr5,Ccr5,0.8962897,0.3868312757201646,Pericytes,Microglia,0.671133,0.0
Calr,Calr,0.47533396,0.24691358024691357,Itgav,Itgav,0.8661415,0.4074074074074074,Microglia,Microglia,0.67073774,0.0
Slitrk1,Slitrk1,0.31049326,0.22167487684729065,Ptprs,Ptprs,1.0308105,0.7047845266372582,OPCs,Neurons,0.67065185,0.0
Ncam1,Ncam1,0.25594413,0.1111111111111111,Fgfr2,Fgfr2,1.0850602,0.46038423783480575,Microglia,Oligodendrocytes,0.6705022,1.0
Il18,Il18,0.25906157,0.13168724279835392,Il1rapl1,Il1rapl1,1.0814778,0.41438788388725284,Microglia,Oligodendrocytes,0.67026967,1.0
Adam17,Adam17,0.14369662,0.1866304716661011,Erbb4,Erbb4,1.1966261,0.4211190576356752,Neurons,Oligodendrocytes,0.67016137,0.57
Hsp90b1,Hsp90b1,0.4576861,0.2564102564102564,Lrp1,Lrp1,0.8808295,0.4742268041237113,Pericytes,Astrocytes,0.6692578,0.0
Lrrc4b,Lrrc4b,0.28049767,0.18041237113402062,Ptprs,Ptprs,1.0578264,0.5960591133004927,Astrocytes,OPCs,0.66916203,0.0
F8,F8,0.0828107,0.10892432982694265,Lrp1,Lrp1,1.2553622,0.6896551724137931,Neurons,OPCs,0.66908646,0.0
Rtn4,Rtn4,1.00259,0.6939260264675942,Tnfrsf19,Tnfrsf19,0.33501306,0.211340206185567,Neurons,Astrocytes,0.6688015,0.3
Ptn,Ptn,0.95161796,0.40316926097321554,Ptprz1,Ptprz1,0.38583654,0.16025641025641027,Oligodendrocytes,Pericytes,0.6687273,0.0
Fgf14,Fgf14,0.47067472,0.15637860082304528,Fgfr2,Fgfr2,0.8659368,0.652867322701052,Microglia,Neurons,0.66830575,1.0
Sparc,Sparc,1.0380793,0.5911330049261084,Eng,Eng,0.29709357,0.16025641025641027,OPCs,Pericytes,0.66758645,0.0
Spon1,Spon1,0.18311895,0.15914489311163896,App,App,1.1517328,0.5064102564102564,Neurons,Pericytes,0.6674259,1.0
Agrn,Agrn,0.47645134,0.3054187192118227,Lrp1,Lrp1,0.8583547,0.411522633744856,OPCs,Microglia,0.667403,0.0
Lgi1,Lgi1,0.23187202,0.1625615763546798,Adam23,Adam23,1.1024332,0.677638276213098,OPCs,Neurons,0.66715264,0.0
Fgfr3,Fgfr3,1.179492,0.5876288659793815,Epha4,Epha4,0.15477175,0.10256410256410256,Astrocytes,Pericytes,0.6671319,0.0
Calr,Calr,0.47533396,0.24691358024691357,Lrp1,Lrp1,0.8583547,0.411522633744856,Microglia,Microglia,0.6668443,0.0
Ncam1,Ncam1,0.25594413,0.1111111111111111,Cacna1c,Cacna1c,1.0772452,0.6059113300492611,Microglia,OPCs,0.6665947,1.0
Sema5a,Sema5a,1.1964616,0.6354679802955665,Plxnb3,Plxnb3,0.13665412,0.10344827586206896,OPCs,OPCs,0.66655785,0.0
Slit2,Slit2,0.6824873,0.39124533423820834,Dcc,Dcc,0.6505509,0.2755574253260412,Neurons,Oligodendrocytes,0.6665191,0.0
App,App,1.1517328,0.5064102564102564,Lrp6,Lrp6,0.18008058,0.1072780816154817,Pericytes,Oligodendrocytes,0.66590667,1.0
H2-K1,H2-K1,0.8325077,0.39094650205761317,Aplp2,Aplp2,0.49927166,0.2465292385359697,Microglia,Oligodendrocytes,0.6658897,0.0
Agrn,Agrn,0.4311766,0.4530030539531727,Lrp1,Lrp1,0.90028125,0.4551282051282051,Neurons,Pericytes,0.6657289,0.0
Psap,Psap,0.9567941,0.6827281981676281,Sort1,Sort1,0.374237,0.39531727180183235,Neurons,Neurons,0.66551554,0.0
Rims1,Rims1,0.25341368,0.11078390127611835,Cacna1c,Cacna1c,1.0772452,0.6059113300492611,Oligodendrocytes,OPCs,0.66532946,0.05
App,App,1.1517328,0.5064102564102564,Tspan12,Tspan12,0.17863977,0.1211340206185567,Pericytes,Astrocytes,0.6651863,0.99
Lamc1,Lamc1,0.17943668,0.22225992534781133,Itga1,Itga1,1.150206,0.4358974358974359,Neurons,Pericytes,0.6648213,0.0
Fstl5,Fstl5,0.39217594,0.2512315270935961,Chl1,Chl1,0.93721485,0.4742268041237113,OPCs,Astrocytes,0.6646954,0.0
Lama2,Lama2,1.1729664,0.5335051546391752,Itga7,Itga7_Itgb1,0.15552875,0.1056701030927835,Astrocytes,Astrocytes,0.6642476,0.0
Apoe,Apoe,1.0754791,0.388865516757818,Sorl1,Sorl1,0.25281036,0.13168724279835392,Oligodendrocytes,Microglia,0.66414475,0.14
Rtn4,Rtn4,0.8252661,0.4729064039408867,Rtn4rl1,Rtn4rl1,0.5028403,0.25102880658436216,OPCs,Microglia,0.6640532,0.43
App,App,0.92554754,0.5517241379310345,Notch2,Notch2,0.4022878,0.1794871794871795,OPCs,Pericytes,0.66391766,1.0
App,App,0.6004882,0.29218106995884774,Rpsa,Rpsa,0.72729087,0.5391923990498813,Microglia,Neurons,0.6638895,1.0
Mdk,Mdk,0.44691485,0.2654639175257732,Lrp1,Lrp1,0.8808295,0.4742268041237113,Astrocytes,Astrocytes,0.6638722,0.0
Calr,Calr,0.42742974,0.22435897435897437,Lrp1,Lrp1,0.90028125,0.4551282051282051,Pericytes,Pericytes,0.6638555,0.0
App,App,1.1517328,0.5064102564102564,Tspan12,Tspan12,0.17574395,0.11330049261083744,Pericytes,OPCs,0.66373837,0.96
Fgf12,Fgf12,0.37540203,0.15384615384615385,Fgfr2,Fgfr2,0.9517514,0.5,Pericytes,Astrocytes,0.6635767,1.0
Calr,Calr,0.42742974,0.22435897435897437,Itgav,Itgav,0.89926815,0.5320197044334976,Pericytes,OPCs,0.6633489,0.0
Fgf13,Fgf13,0.8300028,0.5408890397013912,Fgfr2,Fgfr2,0.49607632,0.25925925925925924,Neurons,Microglia,0.66303957,0.51
Tgfb2,Tgfb2,0.1654376,0.10309278350515463,Tgfbr2,Tgfbr1_Tgfbr2,1.1605703,0.5061728395061729,Astrocytes,Microglia,0.6630039,0.0
Gnas,Gnas,1.1887592,0.5390946502057613,Adora1,Adora1,0.13666838,0.1503223617237869,Microglia,Neurons,0.66271377,1.0
L1cam,L1cam,0.23996133,0.2829996606718697,Fgfr2,Fgfr2,1.0850602,0.46038423783480575,Neurons,Oligodendrocytes,0.66251075,0.0
Ptn,Ptn,0.95161796,0.40316926097321554,Ptprz1,Ptprz1,0.37338203,0.3003053953172718,Oligodendrocytes,Neurons,0.6625,0.0
Psap,Psap,0.9567941,0.6827281981676281,Sort1,Sort1,0.3659152,0.20164609053497942,Neurons,Microglia,0.66135466,0.0
App,App,0.46430153,0.24742268041237114,Lrp1,Lrp1,0.8583547,0.411522633744856,Astrocytes,Microglia,0.6613281,1.0
Fgfr3,Fgfr3,1.179492,0.5876288659793815,Epha4,Epha4,0.14315248,0.10837438423645321,Astrocytes,OPCs,0.66132224,0.0
Fstl5,Fstl5,1.0504233,0.5629453681710214,Sdk2,Sdk2,0.27209166,0.2690872073294876,Neurons,Neurons,0.66125745,0.0
Slit2,Slit2,0.17040688,0.11330049261083744,App,App,1.1517328,0.5064102564102564,OPCs,Pericytes,0.66106987,1.0
Fgf13,Fgf13,0.23687625,0.13793103448275862,Fgfr2,Fgfr2,1.0850602,0.46038423783480575,OPCs,Oligodendrocytes,0.66096824,0.54
Slitrk1,Slitrk1,0.26372722,0.2992874109263658,Ptprs,Ptprs,1.0578264,0.5960591133004927,Neurons,OPCs,0.6607768,0.0
Adam10,Adam10,0.9186879,0.43209876543209874,Notch2,Notch2,0.4022878,0.1794871794871795,Microglia,Pericytes,0.66048783,0.0
Ptn,Ptn,0.95161796,0.40316926097321554,Ptprs,Ptprs,0.36926973,0.205761316872428,Oligodendrocytes,Microglia,0.66044384,0.36
Ntrk3,Ntrk3,1.0923545,0.6501526976586359,Ptprs,Ptprs,0.22819644,0.12074042911232646,Neurons,Oligodendrocytes,0.66027546,0.0
Gnas,Gnas,1.1123629,0.5911330049261084,Adora1,Adora1,0.20778817,0.14175257731958762,OPCs,Astrocytes,0.66007555,1.0
App,App,0.6004882,0.29218106995884774,Rpsa,Rpsa,0.7194886,0.3141025641025641,Microglia,Pericytes,0.6599884,1.0
Rims2,Rims2,0.882686,0.45618556701030927,Abca1,Abca1,0.43556362,0.27319587628865977,Astrocytes,Astrocytes,0.65912485,0.0
Cntn1,Cntn1,0.25168648,0.11522633744855967,Nrcam,Nrcam,1.0664513,0.66270783847981,Microglia,Neurons,0.6590689,0.26
Cspg4,Cspg4,1.2080115,0.6354679802955665,Itga3,Itga3_Itgb1,0.10994522,0.14183915846623685,OPCs,Neurons,0.65897834,0.0
Rgma,Rgma,0.7202636,0.4097938144329897,Bmpr2,Bmpr2,0.5972455,0.30128205128205127,Astrocytes,Pericytes,0.6587546,0.0
Adam9,Adam9,0.2818639,0.2019704433497537,Itga6,Itga6,1.0347304,0.46502057613168724,OPCs,Microglia,0.6582972,0.0
Agt,Agt,0.9384373,0.4793814432989691,Enpep,Enpep,0.37814146,0.19230769230769232,Astrocytes,Pericytes,0.6582894,0.0
Col11a2,Col11a2,0.77278334,0.4729064039408867,Itgb1,Itga1_Itgb1,0.5436856,0.27564102564102566,OPCs,Pericytes,0.6582345,0.0
Hsp90b1,Hsp90b1,0.4576861,0.2564102564102564,Lrp1,Lrp1,0.8583547,0.411522633744856,Pericytes,Microglia,0.6580204,0.0
Lgi3,Lgi3,0.43380603,0.21722058617304726,Adam22,Adam22,0.88166285,0.5369458128078818,Oligodendrocytes,OPCs,0.65773445,0.0
Apoe,Apoe,1.0754791,0.388865516757818,Sorl1,Sorl1,0.23915981,0.13209928481278924,Oligodendrocytes,Oligodendrocytes,0.6573195,0.0
Apoe,Apoe,1.0754791,0.388865516757818,Ldlr,Ldlr,0.23860839,0.10897435897435898,Oligodendrocytes,Pericytes,0.65704376,0.0
Rgma,Rgma,0.7202636,0.4097938144329897,Neo1,Neo1,0.5930298,0.5293518832711231,Astrocytes,Neurons,0.6566467,0.0
Plat,Plat,0.31567562,0.15384615384615385,Itgam,Itgam,0.9971714,0.4403292181069959,Pericytes,Microglia,0.6564235,0.0
Bcan,Bcan,0.24627133,0.26874787919918564,Nrcam,Nrcam,1.0664513,0.66270783847981,Neurons,Neurons,0.65636134,0.0
Fn1,Fn1,0.27777004,0.1346153846153846,Itga6,Itga6,1.0347304,0.46502057613168724,Pericytes,Microglia,0.65625024,0.0
Ntng1,Ntng1,0.802619,0.41839158466236853,Lrrc4c,Lrrc4c,0.50952715,0.16872427983539096,Neurons,Microglia,0.6560731,1.0
Agrn,Agrn,0.4311766,0.4530030539531727,Lrp1,Lrp1,0.8808295,0.4742268041237113,Neurons,Astrocytes,0.65600306,0.0
App,App,0.92554754,0.5517241379310345,Lrp6,Lrp6,0.38639113,0.24742268041237114,OPCs,Astrocytes,0.6559693,1.0
Ntrk3,Ntrk3,1.0923545,0.6501526976586359,Ptprf,Ptprf,0.21931775,0.12371134020618557,Neurons,Astrocytes,0.65583616,0.0
Lrrc4b,Lrrc4b,0.28049767,0.18041237113402062,Ptprs,Ptprs,1.0308105,0.7047845266372582,Astrocytes,Neurons,0.6556541,0.0
Lamc1,Lamc1,0.8149198,0.358974358974359,Itgb1,Itga9_Itgb1,0.49624488,0.3251231527093596,Pericytes,OPCs,0.65558237,0.0
Rtn4,Rtn4,1.1851333,0.5390946502057613,Rtn4rl1,Rtn4rl1,0.12505294,0.14387512724804885,Microglia,Neurons,0.65509313,0.58
Fstl5,Fstl5,1.0504233,0.5629453681710214,Chl1,Chl1,0.25932926,0.15763546798029557,Neurons,OPCs,0.65487623,0.0
Il1rapl1,Il1rapl1,1.0814778,0.41438788388725284,Ptprs,Ptprs,0.22819644,0.12074042911232646,Oligodendrocytes,Oligodendrocytes,0.65483713,1.0
App,App,0.92554754,0.5517241379310345,Notch2,Notch2,0.38308427,0.2345360824742268,OPCs,Astrocytes,0.6543159,1.0
Trf,Trf,1.0697796,0.4897119341563786,Ldlr,Ldlr,0.23860839,0.10897435897435898,Microglia,Pericytes,0.654194,0.89
Calr,Calr,0.42742974,0.22435897435897437,Lrp1,Lrp1,0.8808295,0.4742268041237113,Pericytes,Astrocytes,0.6541296,0.0
Sema5a,Sema5a,1.1964616,0.6354679802955665,Plxna1,Plxna1,0.111548476,0.15778758059043094,OPCs,Neurons,0.654005,0.0
App,App,0.92554754,0.5517241379310345,Aplp1,Aplp1,0.3823676,0.26108374384236455,OPCs,OPCs,0.6539576,1.0
Fgf1,Fgf1,0.22252169,0.23583305055989143,Fgfr2,Fgfr2,1.0850602,0.46038423783480575,Neurons,Oligodendrocytes,0.65379095,0.0
App,App,1.1517328,0.5064102564102564,Tspan12,Tspan12,0.15573081,0.18425517475398712,Pericytes,Neurons,0.6537318,1.0
Pam,Pam,1.0333418,0.6498133695283339,Fap,Fap,0.27397412,0.1282051282051282,Neurons,Pericytes,0.6536579,0.0
Lrpap1,Lrpap1,0.40680873,0.4065151001017984,Lrp1,Lrp1,0.90028125,0.4551282051282051,Neurons,Pericytes,0.653545,0.0
Fgf13,Fgf13,0.93055326,0.36213991769547327,Fgfr1,Fgfr1,0.37643418,0.1987179487179487,Microglia,Pericytes,0.6534937,0.0
Gnai2,Gnai2,0.4459763,0.22435897435897437,Igf1r,Igf1r,0.8604635,0.3717948717948718,Pericytes,Pericytes,0.6532199,0.0
Mdk,Mdk,0.44691485,0.2654639175257732,Lrp1,Lrp1,0.8583547,0.411522633744856,Astrocytes,Microglia,0.65263474,0.0
Slitrk3,Slitrk3,0.24665332,0.18226600985221675,Ptprs,Ptprs,1.0578264,0.5960591133004927,OPCs,OPCs,0.65223986,0.0
Adam17,Adam17,0.25703877,0.1724137931034483,Erbb4,Erbb4,1.0463133,0.40685442823210044,OPCs,Neurons,0.65167606,0.86
Ntn1,Ntn1,0.41347387,0.20512820512820512,Neo1,Neo1,0.88980854,0.5270935960591133,Pericytes,OPCs,0.6516412,0.0
Sema6a,Sema6a,0.42807043,0.21147104192960314,Plxna4,Plxna4,0.8749577,0.41975308641975306,Oligodendrocytes,Microglia,0.65151405,0.0
Ptn,Ptn,0.41468883,0.34170342721411606,Cdh10,Cdh10,0.8882974,0.5629453681710214,Neurons,Neurons,0.6514931,1.0
Bsg,Bsg,1.0355184,0.41025641025641024,Slc16a7,Slc16a7,0.26645473,0.2972514421445538,Pericytes,Neurons,0.65098655,0.0
Adam10,Adam10,0.9186879,0.43209876543209874,Notch2,Notch2,0.38308427,0.2345360824742268,Microglia,Astrocytes,0.65088606,0.0
Sdc2,Sdc2,0.7667969,0.3717948717948718,Ptprj,Ptprj,0.53486246,0.500508992195453,Pericytes,Neurons,0.6508297,0.0
Fstl5,Fstl5,0.39217594,0.2512315270935961,Il6ra,Il6ra,0.9090278,0.4156378600823045,OPCs,Microglia,0.65060186,0.0
Il1rapl1,Il1rapl1,1.0814778,0.41438788388725284,Ptprf,Ptprf,0.21931775,0.12371134020618557,Oligodendrocytes,Astrocytes,0.6503978,1.0
Tgfb1,Tgfb1,0.48064888,0.23868312757201646,Lpp,Lpp,0.81997657,0.4536082474226804,Microglia,Astrocytes,0.6503127,0.0
Rtn4,Rtn4,1.00259,0.6939260264675942,Lingo1,Lingo1,0.29802364,0.33932813030200204,Neurons,Neurons,0.6503068,1.0
Alcam,Alcam,0.9967763,0.5103092783505154,Chl1,Chl1,0.30339235,0.14743589743589744,Astrocytes,Pericytes,0.6500843,0.0
App,App,0.92554754,0.5517241379310345,Lrp6,Lrp6,0.37452346,0.20512820512820512,OPCs,Pericytes,0.6500355,1.0
Fgf12,Fgf12,0.34823906,0.1958762886597938,Fgfr2,Fgfr2,0.9517514,0.5,Astrocytes,Astrocytes,0.6499952,1.0
Gnas,Gnas,1.1887592,0.5390946502057613,Crhr1,Crhr1,0.11033128,0.1350525958601968,Microglia,Neurons,0.64954525,1.0
Psap,Psap,1.0986958,0.5489690721649485,Gpr37,Gpr37,0.20030709,0.1211340206185567,Astrocytes,Astrocytes,0.64950144,0.0
Slit2,Slit2,0.6824873,0.39124533423820834,Robo1,Robo1,0.6159328,0.30927835051546393,Neurons,Astrocytes,0.6492101,0.59
Adam10,Adam10,0.9186879,0.43209876543209874,Nrcam,Nrcam,0.37932366,0.16025641025641027,Microglia,Pericytes,0.6490058,0.0
Fgf13,Fgf13,0.93055326,0.36213991769547327,Fgfr1,Fgfr1,0.36719236,0.2268041237113402,Microglia,Astrocytes,0.6488728,0.0
App,App,0.6004882,0.29218106995884774,Aplp1,Aplp1,0.69614536,0.5541228367831693,Microglia,Neurons,0.64831674,1.0
Psap,Psap,1.0986958,0.5489690721649485,Ar,Ar,0.19773225,0.2178486596538853,Astrocytes,Neurons,0.648214,0.0
Gnai2,Gnai2,0.4459763,0.22435897435897437,Igf1r,Igf1r,0.850407,0.4975369458128079,Pericytes,OPCs,0.64819163,0.0
Nrxn2,Nrxn2,0.6497941,0.5687139463861555,Nlgn1,Nlgn1,0.64582783,0.21794871794871795,Neurons,Pericytes,0.64781094,1.0
Nlgn1,Nlgn1,0.64582783,0.21794871794871795,Nrxn2,Nrxn2,0.6497941,0.5687139463861555,Pericytes,Neurons,0.64781094,1.0
Slitrk1,Slitrk1,0.26372722,0.2992874109263658,Ptprs,Ptprs,1.0308105,0.7047845266372582,Neurons,Neurons,0.64726883,0.0
Gnas,Gnas,1.1887592,0.5390946502057613,Adcy7,Adcy7,0.10572527,0.13165931455717678,Microglia,Neurons,0.64724225,1.0
Psen1,Psen1,0.25804967,0.1440329218106996,Notch3,Notch3,1.0363277,0.42948717948717946,Microglia,Pericytes,0.64718866,0.0
Fgf13,Fgf13,0.93055326,0.36213991769547327,Fgfr1,Fgfr1,0.3637709,0.3712249745503902,Microglia,Neurons,0.6471621,0.0
Apoe,Apoe,1.0754791,0.388865516757818,Vldlr,Vldlr,0.21881776,0.15763546798029557,Oligodendrocytes,OPCs,0.64714843,0.02
St6gal1,St6gal1,0.6752009,0.3141025641025641,Egfr,Egfr,0.618786,0.3582474226804124,Pericytes,Astrocytes,0.6469934,0.0
App,App,0.92554754,0.5517241379310345,Lrp6,Lrp6,0.3680566,0.4034611469290804,OPCs,Neurons,0.64680207,1.0
Calr,Calr,0.42742974,0.22435897435897437,Itgav,Itgav,0.8661415,0.4074074074074074,Pericytes,Microglia,0.6467856,0.0
App,App,0.6004882,0.29218106995884774,Rpsa,Rpsa,0.69212526,0.3374485596707819,Microglia,Microglia,0.64630675,1.0
Lamc1,Lamc1,0.8149198,0.358974358974359,Itgb8,Itgav_Itgb8,0.47756553,0.31527093596059114,Pericytes,OPCs,0.6462427,0.0
Fgf12,Fgf12,0.42590085,0.17935773383817136,Fgfr2,Fgfr2,0.8659368,0.652867322701052,Oligodendrocytes,Neurons,0.64591885,1.0
Adam10,Adam10,0.9186879,0.43209876543209874,Epha3,Epha3,0.37294137,0.30844927044451986,Microglia,Neurons,0.64581466,0.0
Rgma,Rgma,0.28159732,0.2019704433497537,Bmpr1b,Bmpr1b,1.00992,0.5128865979381443,OPCs,Astrocytes,0.6457586,0.0
Gnas,Gnas,1.1123629,0.5911330049261084,Adcy8,Adcy8,0.17838874,0.10897435897435898,OPCs,Pericytes,0.6453758,1.0
Fgf13,Fgf13,0.93055326,0.36213991769547327,Scn8a,Scn8a,0.36017966,0.21649484536082475,Microglia,Astrocytes,0.64536643,0.0
Slitrk2,Slitrk2,0.23259544,0.15763546798029557,Ptprs,Ptprs,1.0578264,0.5960591133004927,OPCs,OPCs,0.6452109,0.0
Rtn4,Rtn4,1.00259,0.6939260264675942,Cntnap1,Cntnap1,0.28774056,0.32473702069901594,Neurons,Neurons,0.64516526,1.0
Lrpap1,Lrpap1,0.39003626,0.2561576354679803,Lrp1,Lrp1,0.90028125,0.4551282051282051,OPCs,Pericytes,0.64515877,0.0
Apoe,Apoe,1.0754791,0.388865516757818,Abca1,Abca1,0.21408409,0.1346153846153846,Oligodendrocytes,Pericytes,0.6447816,0.0
Agrn,Agrn,0.4311766,0.4530030539531727,Lrp1,Lrp1,0.8583547,0.411522633744856,Neurons,Microglia,0.6447656,0.0
Lamc1,Lamc1,0.8149198,0.358974358974359,Itga9,Itga9_Itgb1,0.47447187,0.22633744855967078,Pericytes,Microglia,0.6446959,0.0
Adam10,Adam10,0.9186879,0.43209876543209874,Notch1,Notch1,0.36985317,0.2512315270935961,Microglia,OPCs,0.64427054,0.0
Grn,Grn,1.0375353,0.4732510288065844,Egfr,Egfr,0.25086373,0.1282051282051282,Microglia,Pericytes,0.6441995,0.0
Fgf14,Fgf14,0.42237043,0.13462347496844762,Fgfr2,Fgfr2,0.8659368,0.652867322701052,Oligodendrocytes,Neurons,0.6441536,1.0
Ccl25,Ccl25,0.15783869,0.10309278350515463,Grm7,Grm7,1.1298239,0.37498247090169684,Astrocytes,Oligodendrocytes,0.6438313,1.0
Lrpap1,Lrpap1,0.40680873,0.4065151001017984,Lrp1,Lrp1,0.8808295,0.4742268041237113,Neurons,Astrocytes,0.6438191,0.0
Spon1,Spon1,0.8228557,0.4484536082474227,App,App,0.46430153,0.24742268041237114,Astrocytes,Astrocytes,0.64357865,1.0
App,App,0.92554754,0.5517241379310345,Tnfrsf21,Tnfrsf21,0.3611083,0.18518518518518517,OPCs,Microglia,0.64332795,1.0
Olfm2,Olfm2,0.8961991,0.5369458128078818,Robo2,Robo2,0.38992465,0.17307692307692307,OPCs,Pericytes,0.6430619,0.0
Calr,Calr,0.42742974,0.22435897435897437,Lrp1,Lrp1,0.8583547,0.411522633744856,Pericytes,Microglia,0.64289224,0.0
Lrrc4b,Lrrc4b,0.22790805,0.12789230122002523,Ptprs,Ptprs,1.0578264,0.5960591133004927,Oligodendrocytes,OPCs,0.6428672,0.0
Fgf12,Fgf12,0.33354598,0.13168724279835392,Fgfr2,Fgfr2,0.9517514,0.5,Microglia,Astrocytes,0.6426487,1.0
Ptn,Ptn,0.8578954,0.41494845360824745,Sdc2,Sdc2,0.4266089,0.2660098522167488,Astrocytes,OPCs,0.64225215,0.0
Apoe,Apoe,1.0754791,0.388865516757818,Lrp4,Lrp4,0.2088158,0.13402061855670103,Oligodendrocytes,Astrocytes,0.6421475,0.0
Fgf1,Fgf1,0.1992148,0.1110643668489693,Fgfr2,Fgfr2,1.0850602,0.46038423783480575,Oligodendrocytes,Oligodendrocytes,0.6421375,0.0
Ptn,Ptn,0.95161796,0.40316926097321554,Cdh10,Cdh10,0.3326356,0.14743589743589744,Oligodendrocytes,Pericytes,0.6421268,1.0
Vegfa,Vegfa,0.65000755,0.36597938144329895,Nrp1,Nrp1,0.63388366,0.2880658436213992,Astrocytes,Microglia,0.6419456,0.0
Rgma,Rgma,0.7202636,0.4097938144329897,Bmpr2,Bmpr2,0.5632861,0.3645320197044335,Astrocytes,OPCs,0.6417749,0.0
Nrxn1,Nrxn1,0.98038775,0.23717948717948717,Nlgn2,Nlgn2,0.3031204,0.34068544282321006,Pericytes,Neurons,0.6417541,0.95
Nlgn2,Nlgn2,0.3031204,0.34068544282321006,Nrxn1,Nrxn1,0.98038775,0.23717948717948717,Neurons,Pericytes,0.6417541,0.95
Psap,Psap,0.90887284,0.5566502463054187,Sort1,Sort1,0.374237,0.39531727180183235,OPCs,Neurons,0.64155495,0.01
Slit2,Slit2,0.6824873,0.39124533423820834,App,App,0.6004882,0.29218106995884774,Neurons,Microglia,0.6414877,1.0
Ncam1,Ncam1,0.5186237,0.22435897435897437,Fgfr2,Fgfr2,0.764343,0.46798029556650245,Pericytes,OPCs,0.64148337,1.0
Lama2,Lama2,1.1729664,0.5335051546391752,Itga3,Itga3_Itgb1,0.10994522,0.14183915846623685,Astrocytes,Neurons,0.64145577,0.0
Cntn6,Cntn6,1.0306252,0.5873769935527655,Ptprg,Ptprg,0.25139606,0.12757201646090535,Neurons,Microglia,0.64101064,0.0
App,App,0.92554754,0.5517241379310345,Aplp2,Aplp2,0.3547327,0.20876288659793815,OPCs,Astrocytes,0.6401401,1.0
App,App,1.1517328,0.5064102564102564,Vldlr,Vldlr,0.1274754,0.15710892432982695,Pericytes,Neurons,0.6396041,1.0
Fgf1,Fgf1,0.51339406,0.30412371134020616,Fgfr2,Fgfr2,0.764343,0.46798029556650245,Astrocytes,OPCs,0.6388686,0.15
App,App,0.46430153,0.24742268041237114,Aplp2,Aplp2,0.81325376,0.6331862911435358,Astrocytes,Neurons,0.6387776,1.0
Slitrk3,Slitrk3,0.24665332,0.18226600985221675,Ptprs,Ptprs,1.0308105,0.7047845266372582,OPCs,Neurons,0.6387319,0.0
Serpine2,Serpine2,0.37711227,0.1794871794871795,Lrp1,Lrp1,0.90028125,0.4551282051282051,Pericytes,Pericytes,0.6386968,0.0
Fgf1,Fgf1,0.1916877,0.10256410256410256,Fgfr2,Fgfr2,1.0850602,0.46038423783480575,Pericytes,Oligodendrocytes,0.638374,0.08
Vcl,Vcl,0.86243504,0.4639175257731959,Alk,Alk,0.4133415,0.3189684424838819,Astrocytes,Neurons,0.63788825,0.0
Trf,Trf,1.0697796,0.4897119341563786,Tfrc,Tfrc,0.20531403,0.11538461538461539,Microglia,Pericytes,0.63754684,0.96
Psap,Psap,0.90887284,0.5566502463054187,Sort1,Sort1,0.3659152,0.20164609053497942,OPCs,Microglia,0.637394,0.06
Fgf14,Fgf14,0.6250902,0.22435897435897437,Fgfr2,Fgfr2,0.64959764,0.3333333333333333,Pericytes,Pericytes,0.6373439,1.0
Gnai2,Gnai2,0.4459763,0.22435897435897437,Adcy8,Adcy8,0.8281998,0.5564981336952833,Pericytes,Neurons,0.63708806,0.0
Ptn,Ptn,0.95161796,0.40316926097321554,Sdc3,Sdc3,0.32177192,0.16025641025641027,Oligodendrocytes,Pericytes,0.6366949,0.0
Agrn,Agrn,0.37276822,0.20512820512820512,Lrp1,Lrp1,0.90028125,0.4551282051282051,Pericytes,Pericytes,0.63652474,0.0
Sptan1,Sptan1,0.44629657,0.27835051546391754,Ptpra,Ptpra,0.8259607,0.4074074074074074,Astrocytes,Microglia,0.63612866,0.0
App,App,1.1517328,0.5064102564102564,Ncstn,Ncstn,0.11996884,0.15676959619952494,Pericytes,Neurons,0.63585085,1.0
Ptn,Ptn,0.8578954,0.41494845360824745,Alk,Alk,0.4133415,0.3189684424838819,Astrocytes,Neurons,0.63561845,0.0
Ntrk3,Ntrk3,0.90171796,0.49226804123711343,Ptprs,Ptprs,0.36926973,0.205761316872428,Astrocytes,Microglia,0.6354939,0.0
Lrpap1,Lrpap1,0.39003626,0.2561576354679803,Lrp1,Lrp1,0.8808295,0.4742268041237113,OPCs,Astrocytes,0.6354329,0.0
Tgfb1,Tgfb1,0.48064888,0.23868312757201646,Lpp,Lpp,0.7899531,0.3974358974358974,Microglia,Pericytes,0.635301,0.0
Psen1,Psen1,0.23310022,0.2809636918900577,Notch3,Notch3,1.0363277,0.42948717948717946,Neurons,Pericytes,0.63471395,0.0
Cntn2,Cntn2,0.20282064,0.25212080081438754,Nrcam,Nrcam,1.0664513,0.66270783847981,Neurons,Neurons,0.634636,0.0
Vegfa,Vegfa,0.65000755,0.36597938144329895,Egfr,Egfr,0.618786,0.3582474226804124,Astrocytes,Astrocytes,0.6343968,0.0
Bsg,Bsg,1.001725,0.6932473702069901,Slc16a7,Slc16a7,0.26645473,0.2972514421445538,Neurons,Neurons,0.6340898,0.0
Hspa8,Hspa8,0.9643638,0.3683915299396999,Ldlr,Ldlr,0.3027977,0.2019704433497537,Oligodendrocytes,OPCs,0.63358074,0.01
Entpd1,Entpd1,0.99687374,0.4279835390946502,Adora1,Adora1,0.26831418,0.18719211822660098,Microglia,OPCs,0.632594,0.0
Lrpap1,Lrpap1,0.40680873,0.4065151001017984,Lrp1,Lrp1,0.8583547,0.411522633744856,Neurons,Microglia,0.6325817,0.0
Nlgn1,Nlgn1,0.78537273,0.30360398261113447,Nrxn1,Nrxn1,0.47925296,0.13168724279835392,Oligodendrocytes,Microglia,0.63231283,1.0
Nrxn1,Nrxn1,0.47925296,0.13168724279835392,Nlgn1,Nlgn1,0.78537273,0.30360398261113447,Microglia,Oligodendrocytes,0.63231283,1.0
Adam10,Adam10,0.9186879,0.43209876543209874,Notch1,Notch1,0.34546015,0.19230769230769232,Microglia,Pericytes,0.632074,0.0
Ntrk3,Ntrk3,1.0923545,0.6501526976586359,Ptprf,Ptprf,0.17144528,0.10363202916841957,Neurons,Oligodendrocytes,0.6318999,0.0
Lgi1,Lgi1,0.38201192,0.15384615384615385,Adam22,Adam22,0.88166285,0.5369458128078818,Pericytes,OPCs,0.63183737,0.0
Slitrk2,Slitrk2,0.23259544,0.15763546798029557,Ptprs,Ptprs,1.0308105,0.7047845266372582,OPCs,Neurons,0.63170296,0.0
Sema6a,Sema6a,0.21764022,0.11538461538461539,Plxna4,Plxna4,1.0457644,0.667119104173736,Pericytes,Neurons,0.6317023,0.0
Adam10,Adam10,0.9186879,0.43209876543209874,Notch1,Notch1,0.34465346,0.22422680412371135,Microglia,Astrocytes,0.63167065,0.0
Apoe,Apoe,1.0754791,0.388865516757818,Lrp5,Lrp5,0.18784079,0.12807881773399016,Oligodendrocytes,OPCs,0.63166,0.0
Fgf9,Fgf9,0.1779892,0.21174075330844927,Fgfr2,Fgfr2,1.0850602,0.46038423783480575,Neurons,Oligodendrocytes,0.63152474,0.0
Efna5,Efna5,0.88978624,0.5561588055649813,Epha3,Epha3,0.37294137,0.30844927044451986,Neurons,Neurons,0.6313638,0.0
Vcl,Vcl,0.86243504,0.4639175257731959,Itgb5,Itgb5,0.3980638,0.1987179487179487,Astrocytes,Pericytes,0.63024944,0.0
Alcam,Alcam,0.32285097,0.1440329218106996,Chl1,Chl1,0.93721485,0.4742268041237113,Microglia,Astrocytes,0.6300329,0.0
Hsp90b1,Hsp90b1,0.3592447,0.18384518300378627,Lrp1,Lrp1,0.90028125,0.4551282051282051,Oligodendrocytes,Pericytes,0.629763,0.0
Cgn,Cgn,0.09886319,0.12792670512385476,Tgfbr2,Tgfbr2,1.1605703,0.5061728395061729,Neurons,Microglia,0.62971675,0.0
Agrn,Agrn,0.35898203,0.21649484536082475,Lrp1,Lrp1,0.90028125,0.4551282051282051,Astrocytes,Pericytes,0.62963164,0.0
Lrrc4b,Lrrc4b,0.22790805,0.12789230122002523,Ptprs,Ptprs,1.0308105,0.7047845266372582,Oligodendrocytes,Neurons,0.62935925,0.0
Alcam,Alcam,0.9967763,0.5103092783505154,Nrp1,Nrp1,0.2617305,0.17525773195876287,Astrocytes,Astrocytes,0.6292534,0.0
Pros1,Pros1,0.8217711,0.37448559670781895,Mertk,Mertk,0.43652764,0.21794871794871795,Microglia,Pericytes,0.6291494,0.0
Serpine2,Serpine2,0.37711227,0.1794871794871795,Lrp1,Lrp1,0.8808295,0.4742268041237113,Pericytes,Astrocytes,0.62897086,0.0
Alcam,Alcam,0.9967763,0.5103092783505154,Chl1,Chl1,0.25932926,0.15763546798029557,Astrocytes,OPCs,0.6280528,0.0
Efna5,Efna5,0.88978624,0.5561588055649813,Ephb2,Ephb2,0.36587283,0.4024431625381744,Neurons,Neurons,0.62782955,0.0
Apoe,Apoe,1.0754791,0.388865516757818,Lrp6,Lrp6,0.18008058,0.1072780816154817,Oligodendrocytes,Oligodendrocytes,0.62777984,0.02
Trf,Trf,1.0697796,0.4897119341563786,Tfrc,Tfrc,0.18388288,0.11855670103092783,Microglia,Astrocytes,0.62683123,0.98
Agrn,Agrn,0.37276822,0.20512820512820512,Lrp1,Lrp1,0.8808295,0.4742268041237113,Pericytes,Astrocytes,0.62679887,0.0
Gpc3,Gpc3,0.3531272,0.15384615384615385,Lrp1,Lrp1,0.90028125,0.4551282051282051,Pericytes,Pericytes,0.6267042,0.0
Il1rapl1,Il1rapl1,1.0814778,0.41438788388725284,Ptprf,Ptprf,0.17144528,0.10363202916841957,Oligodendrocytes,Oligodendrocytes,0.6264615,1.0
Bsg,Bsg,0.9861861,0.5911330049261084,Slc16a7,Slc16a7,0.26645473,0.2972514421445538,OPCs,Neurons,0.6263204,0.0
Psap,Psap,0.9567941,0.6827281981676281,Gpr37l1,Gpr37l1,0.2954727,0.1346153846153846,Neurons,Pericytes,0.6261334,0.0
Itgav,Itgav,0.40935338,0.25773195876288657,Thy1,Thy1,0.8423181,0.6084153376314897,Astrocytes,Neurons,0.6258358,0.0
App,App,0.6004882,0.29218106995884774,Dcc,Dcc,0.6505509,0.2755574253260412,Microglia,Oligodendrocytes,0.6255195,1.0
App,App,0.6004882,0.29218106995884774,Rpsa,Rpsa,0.65035987,0.4039408866995074,Microglia,OPCs,0.625424,1.0
Bsg,Bsg,1.0355184,0.41025641025641024,Slc16a7,Slc16a7,0.21492219,0.12747160286074885,Pericytes,Oligodendrocytes,0.6252203,0.0
Sorbs1,Sorbs1,0.96638805,0.5,Itgb5,Itgb5,0.2834249,0.17525773195876287,Astrocytes,Astrocytes,0.6249065,0.0
Slit2,Slit2,0.6824873,0.39124533423820834,Robo1,Robo1,0.56691456,0.23076923076923078,Neurons,Pericytes,0.6247009,0.68
Gnas,Gnas,1.1123629,0.5911330049261084,Adora1,Adora1,0.13666838,0.1503223617237869,OPCs,Neurons,0.62451565,1.0
Lrpap1,Lrpap1,0.39003626,0.2561576354679803,Lrp1,Lrp1,0.8583547,0.411522633744856,OPCs,Microglia,0.62419546,0.0
Ntrk3,Ntrk3,0.19014487,0.10699588477366255,Ptprs,Ptprs,1.0578264,0.5960591133004927,Microglia,OPCs,0.62398565,0.0
Tgfb1,Tgfb1,0.48064888,0.23868312757201646,Sdc2,Sdc2,0.7667969,0.3717948717948718,Microglia,Pericytes,0.6237229,0.0
Alcam,Alcam,0.81059724,0.49304377332880894,Nrp1,Nrp1,0.436427,0.35595520868680014,Neurons,Neurons,0.62351215,0.0
Ptn,Ptn,0.95161796,0.40316926097321554,Ncl,Ncl,0.29456192,0.16025641025641027,Oligodendrocytes,Pericytes,0.6230899,0.0
Cx3cl1,Cx3cl1,0.34526426,0.3661350525958602,Itgav,Itgav,0.89926815,0.5320197044334976,Neurons,OPCs,0.6222662,0.0
Tgfa,Tgfa,0.1977846,0.10699588477366255,Erbb4,Erbb4,1.0463133,0.40685442823210044,Microglia,Neurons,0.622049,0.98
Ptn,Ptn,0.8578954,0.41494845360824745,Ptprz1,Ptprz1,0.38583654,0.16025641025641027,Astrocytes,Pericytes,0.621866,0.16
H2-K1,H2-K1,0.43010274,0.1987179487179487,Aplp2,Aplp2,0.81325376,0.6331862911435358,Pericytes,Neurons,0.62167823,0.0
App,App,0.92554754,0.5517241379310345,Lrp6,Lrp6,0.31696966,0.17695473251028807,OPCs,Microglia,0.6212586,1.0
Fgf12,Fgf12,0.37540203,0.15384615384615385,Fgfr2,Fgfr2,0.8659368,0.652867322701052,Pericytes,Neurons,0.6206694,1.0
Ncan,Ncan,0.32172057,0.22167487684729065,Cdh2,Cdh2,0.9193607,0.6433661350525959,OPCs,Neurons,0.6205406,0.0
Apoe,Apoe,1.0754791,0.388865516757818,Ldlr,Ldlr,0.16484001,0.18730912792670512,Oligodendrocytes,Neurons,0.62015957,0.0
Hsp90b1,Hsp90b1,0.3592447,0.18384518300378627,Lrp1,Lrp1,0.8808295,0.4742268041237113,Oligodendrocytes,Astrocytes,0.6200371,0.0
Agrn,Agrn,0.35898203,0.21649484536082475,Lrp1,Lrp1,0.8808295,0.4742268041237113,Astrocytes,Astrocytes,0.61990577,0.0
App,App,0.6004882,0.29218106995884774,Lrp6,Lrp6,0.63835216,0.4088669950738916,Microglia,OPCs,0.6194202,1.0
Ptn,Ptn,0.95161796,0.40316926097321554,Ncl,Ncl,0.28549346,0.1921182266009852,Oligodendrocytes,OPCs,0.6185557,0.0
App,App,0.6004882,0.29218106995884774,Rpsa,Rpsa,0.63643503,0.28350515463917525,Microglia,Astrocytes,0.6184616,1.0
Serpine2,Serpine2,0.37711227,0.1794871794871795,Lrp1,Lrp1,0.8583547,0.411522633744856,Pericytes,Microglia,0.6177335,0.0
Adam9,Adam9,0.20066395,0.11522633744855967,Itga6,Itga6,1.0347304,0.46502057613168724,Microglia,Microglia,0.6176972,0.0
Fgf14,Fgf14,0.47067472,0.15637860082304528,Fgfr2,Fgfr2,0.764343,0.46798029556650245,Microglia,OPCs,0.6175089,1.0
Trf,Trf,1.0697796,0.4897119341563786,Ldlr,Ldlr,0.16484001,0.18730912792670512,Microglia,Neurons,0.6173098,0.96
Agt,Agt,0.9384373,0.4793814432989691,Enpep,Enpep,0.29612395,0.17783505154639176,Astrocytes,Astrocytes,0.6172806,0.0
Ptn,Ptn,0.41468883,0.34170342721411606,Cdh10,Cdh10,0.81980383,0.3552096480157061,Neurons,Oligodendrocytes,0.6172463,1.0
Gpc3,Gpc3,0.3531272,0.15384615384615385,Lrp1,Lrp1,0.8808295,0.4742268041237113,Pericytes,Astrocytes,0.61697835,0.0
Ptn,Ptn,0.95161796,0.40316926097321554,Ptprs,Ptprs,0.2808447,0.17307692307692307,Oligodendrocytes,Pericytes,0.6162313,0.79
App,App,0.92554754,0.5517241379310345,Tnfrsf21,Tnfrsf21,0.30671707,0.1346153846153846,OPCs,Pericytes,0.6161323,1.0
Fgf13,Fgf13,0.93055326,0.36213991769547327,Fgfr3,Fgfr3,0.30169475,0.14743589743589744,Microglia,Pericytes,0.61612403,0.0
Apoe,Apoe,0.33165058,0.2297251442144554,Lrp1,Lrp1,0.90028125,0.4551282051282051,Neurons,Pericytes,0.6159659,0.81
Apoe,Apoe,1.0754791,0.388865516757818,Ldlr,Ldlr,0.15600981,0.10309278350515463,Oligodendrocytes,Astrocytes,0.6157445,0.0
Ptn,Ptn,0.8578954,0.41494845360824745,Ptprz1,Ptprz1,0.37338203,0.3003053953172718,Astrocytes,Neurons,0.61563873,0.12
Agrn,Agrn,0.37276822,0.20512820512820512,Lrp1,Lrp1,0.8583547,0.411522633744856,Pericytes,Microglia,0.6155615,0.0
Ntn1,Ntn1,0.9165528,0.5369458128078818,Neo1,Neo1,0.31391,0.1858974358974359,OPCs,Pericytes,0.6152314,0.0
Ptn,Ptn,0.95161796,0.40316926097321554,Sdc2,Sdc2,0.27804708,0.27994570749915165,Oligodendrocytes,Neurons,0.6148325,0.0
Sparc,Sparc,1.0380793,0.5911330049261084,Fgfr1,Fgfr1,0.19155976,0.13793103448275862,OPCs,OPCs,0.6148195,0.0
Grn,Grn,1.0375353,0.4732510288065844,Tnfrsf1a,Tnfrsf1a,0.19168758,0.10897435897435898,Microglia,Pericytes,0.61461145,0.0
Agt,Agt,0.9384373,0.4793814432989691,Grm7,Grm7,0.2902294,0.11522633744855967,Astrocytes,Microglia,0.61433333,0.98
Rtn4,Rtn4,1.00259,0.6939260264675942,Lingo1,Lingo1,0.22480725,0.1625615763546798,Neurons,OPCs,0.6136986,1.0
Ptn,Ptn,0.8578954,0.41494845360824745,Ptprs,Ptprs,0.36926973,0.205761316872428,Astrocytes,Microglia,0.61358255,0.84
Adam10,Adam10,0.9186879,0.43209876543209874,Tspan5,Tspan5,0.3079149,0.18719211822660098,Microglia,OPCs,0.6133014,0.02
Itgav,Itgav,0.38362354,0.21794871794871795,Thy1,Thy1,0.8423181,0.6084153376314897,Pericytes,Neurons,0.6129708,0.0
Hsp90b1,Hsp90b1,0.32557622,0.1958762886597938,Lrp1,Lrp1,0.90028125,0.4551282051282051,Astrocytes,Pericytes,0.61292875,0.0
Trf,Trf,1.0697796,0.4897119341563786,Ldlr,Ldlr,0.15600981,0.10309278350515463,Microglia,Astrocytes,0.6128947,0.97
Rims2,Rims2,0.882686,0.45618556701030927,Abca1,Abca1,0.34294063,0.22660098522167488,Astrocytes,OPCs,0.61281335,0.0
Ptn,Ptn,0.95161796,0.40316926097321554,Ncl,Ncl,0.273288,0.2734984730234136,Oligodendrocytes,Neurons,0.612453,0.0
Lamc1,Lamc1,0.8149198,0.358974358974359,Itgav,Itgav_Itgb8,0.40935338,0.25773195876288657,Pericytes,Astrocytes,0.6121366,0.0
Vegfa,Vegfa,0.65000755,0.36597938144329895,Itgb1,Itgb1,0.57398784,0.2962962962962963,Astrocytes,Microglia,0.6119977,0.0
Adam10,Adam10,0.9186879,0.43209876543209874,Axl,Axl,0.30501413,0.16025641025641027,Microglia,Pericytes,0.611851,0.0
Lamc1,Lamc1,0.8149198,0.358974358974359,Dag1,Dag1,0.40804067,0.270935960591133,Pericytes,OPCs,0.61148024,0.0
Gnas,Gnas,1.1123629,0.5911330049261084,Crhr1,Crhr1,0.11033128,0.1350525958601968,OPCs,Neurons,0.6113471,1.0
Jag1,Jag1,0.18632764,0.12807881773399016,Notch3,Notch3,1.0363277,0.42948717948717946,OPCs,Pericytes,0.61132765,0.0
Adam10,Adam10,0.5144967,0.33004926108374383,Tspan5,Tspan5,0.7077363,0.34615384615384615,OPCs,Pericytes,0.6111165,0.01
Entpd1,Entpd1,0.99687374,0.4279835390946502,Adora3,Adora3,0.22492298,0.11522633744855967,Microglia,Microglia,0.6108984,0.0
Sdc2,Sdc2,0.4266089,0.2660098522167488,Ptprj,Ptprj,0.7951364,0.4097938144329897,OPCs,Astrocytes,0.6108726,0.0
Ntrk3,Ntrk3,0.19014487,0.10699588477366255,Ptprs,Ptprs,1.0308105,0.7047845266372582,Microglia,Neurons,0.6104777,0.0
Lamc1,Lamc1,0.8149198,0.358974358974359,Dag1,Dag1,0.4057683,0.23076923076923078,Pericytes,Pericytes,0.61034405,0.0
Alcam,Alcam,0.81059724,0.49304377332880894,Nrp1,Nrp1,0.40976745,0.1794871794871795,Neurons,Pericytes,0.61018234,0.0
Fgf13,Fgf13,0.23687625,0.13793103448275862,Scn8a,Scn8a,0.98176134,0.665422463522226,OPCs,Neurons,0.6093188,0.0
Sptan1,Sptan1,0.54597825,0.28846153846153844,Ptpra,Ptpra,0.6722777,0.43349753694581283,Pericytes,OPCs,0.609128,0.06
Gnas,Gnas,1.1123629,0.5911330049261084,Adcy7,Adcy7,0.10572527,0.13165931455717678,OPCs,Neurons,0.6090441,1.0
Farp2,Farp2,0.17225671,0.22124194095690533,Plxna4,Plxna4,1.0457644,0.667119104173736,Neurons,Neurons,0.6090106,0.0
Hsp90b1,Hsp90b1,0.3592447,0.18384518300378627,Lrp1,Lrp1,0.8583547,0.411522633744856,Oligodendrocytes,Microglia,0.6087997,0.0
Agrn,Agrn,0.35898203,0.21649484536082475,Lrp1,Lrp1,0.8583547,0.411522633744856,Astrocytes,Microglia,0.6086683,0.0
Bsg,Bsg,1.001725,0.6932473702069901,Slc16a7,Slc16a7,0.21492219,0.12747160286074885,Neurons,Oligodendrocytes,0.6083236,0.0
Plat,Plat,0.31567562,0.15384615384615385,Lrp1,Lrp1,0.90028125,0.4551282051282051,Pericytes,Pericytes,0.60797846,0.0
App,App,0.92554754,0.5517241379310345,Grm7,Grm7,0.2902294,0.11522633744855967,OPCs,Microglia,0.60788846,1.0
Apoe,Apoe,1.0754791,0.388865516757818,Lrp8,Lrp8,0.13910225,0.10344827586206896,Oligodendrocytes,OPCs,0.6072907,0.0
Gpc3,Gpc3,0.18304504,0.15405497115710892,Unc5d,Unc5d,1.0313742,0.4855785544621649,Neurons,Neurons,0.6072096,0.0
Fgf12,Fgf12,0.34823906,0.1958762886597938,Fgfr2,Fgfr2,0.8659368,0.652867322701052,Astrocytes,Neurons,0.60708797,1.0
Fam3c,Fam3c,0.2767852,0.2019704433497537,Lamp1,Lamp1,0.9373469,0.4609053497942387,OPCs,Microglia,0.60706604,0.0
Mdk,Mdk,0.44691485,0.2654639175257732,Sdc2,Sdc2,0.7667969,0.3717948717948718,Astrocytes,Pericytes,0.60685587,0.0
Gnai2,Gnai2,0.5479544,0.2757201646090535,Igf1r,Igf1r,0.66569024,0.5463182897862233,Microglia,Neurons,0.6068223,0.0
Gpc3,Gpc3,0.3531272,0.15384615384615385,Igf1r,Igf1r,0.8604635,0.3717948717948718,Pericytes,Pericytes,0.6067954,0.0
Apoe,Apoe,0.33165058,0.2297251442144554,Lrp1,Lrp1,0.8808295,0.4742268041237113,Neurons,Astrocytes,0.60624003,0.98
Gpc3,Gpc3,0.3531272,0.15384615384615385,Lrp1,Lrp1,0.8583547,0.411522633744856,Pericytes,Microglia,0.60574096,0.0
Cx3cl1,Cx3cl1,0.34526426,0.3661350525958602,Itgav,Itgav,0.8661415,0.4074074074074074,Neurons,Microglia,0.6057029,0.0
Mdk,Mdk,0.44691485,0.2654639175257732,Alk,Alk,0.76363486,0.43842364532019706,Astrocytes,OPCs,0.60527486,0.0
Farp2,Farp2,0.16458921,0.11822660098522167,Plxna4,Plxna4,1.0457644,0.667119104173736,OPCs,Neurons,0.6051768,0.0
Lama4,Lama4,0.63566417,0.28846153846153844,Itgb1,Itga6_Itgb1,0.57398784,0.2962962962962963,Pericytes,Microglia,0.604826,0.0
Ptn,Ptn,0.95161796,0.40316926097321554,Plxnb2,Plxnb2,0.2572412,0.13580246913580246,Oligodendrocytes,Microglia,0.6044296,0.0
Lrpap1,Lrpap1,0.30817145,0.16666666666666666,Lrp1,Lrp1,0.90028125,0.4551282051282051,Pericytes,Pericytes,0.60422635,0.0
Ncam1,Ncam1,0.25594413,0.1111111111111111,Fgfr2,Fgfr2,0.9517514,0.5,Microglia,Astrocytes,0.60384774,1.0
Tfpi,Tfpi,0.30730832,0.16025641025641027,Lrp1,Lrp1,0.90028125,0.4551282051282051,Pericytes,Pericytes,0.6037948,0.0
Fgf10,Fgf10,0.122515775,0.12792670512385476,Fgfr2,Fgfr2,1.0850602,0.46038423783480575,Neurons,Oligodendrocytes,0.603788,0.0
Sptan1,Sptan1,0.53422546,0.35960591133004927,Ptpra,Ptpra,0.6722777,0.43349753694581283,OPCs,OPCs,0.6032516,0.07
Fgf13,Fgf13,0.8300028,0.5408890397013912,Fgfr1,Fgfr1,0.37643418,0.1987179487179487,Neurons,Pericytes,0.6032185,0.0
Hsp90b1,Hsp90b1,0.32557622,0.1958762886597938,Lrp1,Lrp1,0.8808295,0.4742268041237113,Astrocytes,Astrocytes,0.6032029,0.0
Agt,Agt,0.9384373,0.4793814432989691,Grm7,Grm7,0.26770332,0.11082474226804123,Astrocytes,Astrocytes,0.6030703,1.0
Gnai2,Gnai2,0.30984014,0.21182266009852216,Ccr5,Ccr5,0.8962897,0.3868312757201646,OPCs,Microglia,0.6030649,0.0
Spon1,Spon1,0.8228557,0.4484536082474227,Lrp8,Lrp8,0.38208684,0.41839158466236853,Astrocytes,Neurons,0.6024713,0.0
Lgi3,Lgi3,0.3230361,0.329487614523244,Adam22,Adam22,0.88166285,0.5369458128078818,Neurons,OPCs,0.60234946,0.0
Entpd1,Entpd1,0.99687374,0.4279835390946502,Adora1,Adora1,0.20778817,0.14175257731958762,Microglia,Astrocytes,0.6023309,0.0
Psap,Psap,0.90887284,0.5566502463054187,Gpr37l1,Gpr37l1,0.2954727,0.1346153846153846,OPCs,Pericytes,0.6021728,0.0
Gpc3,Gpc3,0.3531272,0.15384615384615385,Igf1r,Igf1r,0.850407,0.4975369458128079,Pericytes,OPCs,0.6017671,0.0
Hspa8,Hspa8,0.9643638,0.3683915299396999,Ldlr,Ldlr,0.23860839,0.10897435897435898,Oligodendrocytes,Pericytes,0.6014861,0.38
Apoe,Apoe,1.0754791,0.388865516757818,Vldlr,Vldlr,0.1274754,0.15710892432982695,Oligodendrocytes,Neurons,0.60147727,0.18
Psen1,Psen1,0.16640235,0.11822660098522167,Notch3,Notch3,1.0363277,0.42948717948717946,OPCs,Pericytes,0.60136503,0.0
Sptan1,Sptan1,0.54597825,0.28846153846153844,Ptpra,Ptpra,0.655177,0.37371134020618557,Pericytes,Astrocytes,0.6005776,0.04
Bsg,Bsg,0.9861861,0.5911330049261084,Slc16a7,Slc16a7,0.21492219,0.12747160286074885,OPCs,Oligodendrocytes,0.6005541,0.0
App,App,0.6004882,0.29218106995884774,Notch2,Notch2,0.60047126,0.3004115226337449,Microglia,Microglia,0.6004797,1.0
App,App,0.6004882,0.29218106995884774,Aplp2,Aplp2,0.59956783,0.39408866995073893,Microglia,OPCs,0.60002804,1.0
Fgf12,Fgf12,0.33354598,0.13168724279835392,Fgfr2,Fgfr2,0.8659368,0.652867322701052,Microglia,Neurons,0.5997414,1.0
Calr,Calr,0.29898164,0.15355490113588557,Lrp1,Lrp1,0.90028125,0.4551282051282051,Oligodendrocytes,Pericytes,0.5996314,0.0
Calr,Calr,0.29898164,0.15355490113588557,Itgav,Itgav,0.89926815,0.5320197044334976,Oligodendrocytes,OPCs,0.5991249,0.0
Cntn2,Cntn2,0.5642749,0.286916281026504,Nrp1,Nrp1,0.63388366,0.2880658436213992,Oligodendrocytes,Microglia,0.59907925,0.0
Rgma,Rgma,0.7202636,0.4097938144329897,Bmpr2,Bmpr2,0.47774634,0.27835051546391754,Astrocytes,Astrocytes,0.599005,0.0
Nrxn1,Nrxn1,0.7008444,0.21778151731874912,Nlgn2,Nlgn2,0.49693328,0.32019704433497537,Oligodendrocytes,OPCs,0.5988889,1.0
Nlgn2,Nlgn2,0.49693328,0.32019704433497537,Nrxn1,Nrxn1,0.7008444,0.21778151731874912,OPCs,Oligodendrocytes,0.5988889,1.0
App,App,0.92554754,0.5517241379310345,Vldlr,Vldlr,0.27211878,0.15453653064086384,OPCs,Oligodendrocytes,0.59883314,1.0
Serping1,Serping1,0.29695445,0.14102564102564102,Lrp1,Lrp1,0.90028125,0.4551282051282051,Pericytes,Pericytes,0.59861785,0.0
Fgf13,Fgf13,0.8300028,0.5408890397013912,Fgfr1,Fgfr1,0.36719236,0.2268041237113402,Neurons,Astrocytes,0.5985976,0.0
Plat,Plat,0.31567562,0.15384615384615385,Lrp1,Lrp1,0.8808295,0.4742268041237113,Pericytes,Astrocytes,0.59825253,0.0
App,App,0.6004882,0.29218106995884774,Aplp2,Aplp2,0.59592265,0.30128205128205127,Microglia,Pericytes,0.59820545,1.0
Nrxn1,Nrxn1,0.7008444,0.21778151731874912,Nlgn1,Nlgn1,0.49520501,0.1522633744855967,Oligodendrocytes,Microglia,0.5980247,1.0
Nlgn1,Nlgn1,0.49520501,0.1522633744855967,Nrxn1,Nrxn1,0.7008444,0.21778151731874912,Microglia,Oligodendrocytes,0.5980247,1.0
Adam10,Adam10,0.5144967,0.33004926108374383,Cadm1,Cadm1,0.6809834,0.3232365727106998,OPCs,Oligodendrocytes,0.59774005,0.99
Ptn,Ptn,0.95161796,0.40316926097321554,Ncl,Ncl,0.24299379,0.14690721649484537,Oligodendrocytes,Astrocytes,0.5973059,0.0
Apoe,Apoe,1.0754791,0.388865516757818,Scarb1,Scarb1,0.11895508,0.15405497115710892,Oligodendrocytes,Neurons,0.59721714,0.0
Timp3,Timp3,0.7096336,0.3269230769230769,Ddr1,Ddr1,0.48428917,0.2549432057214977,Pericytes,Oligodendrocytes,0.5969614,0.0
Fgf13,Fgf13,0.8300028,0.5408890397013912,Fgfr1,Fgfr1,0.3637709,0.3712249745503902,Neurons,Neurons,0.5968869,0.0
Vegfa,Vegfa,0.65000755,0.36597938144329895,Itgb1,Itgb1,0.5436856,0.27564102564102566,Astrocytes,Pericytes,0.5968466,0.0
Adam15,Adam15,0.294315,0.1522633744855967,Itgav,Itgav,0.89926815,0.5320197044334976,Microglia,OPCs,0.59679157,0.0
Adam9,Adam9,0.15883441,0.1981676280963692,Itga6,Itga6,1.0347304,0.46502057613168724,Neurons,Microglia,0.59678245,0.0
App,App,0.92554754,0.5517241379310345,Grm7,Grm7,0.26770332,0.11082474226804123,OPCs,Astrocytes,0.59662545,1.0
Slitrk3,Slitrk3,0.13457356,0.17577197149643706,Ptprs,Ptprs,1.0578264,0.5960591133004927,Neurons,OPCs,0.5962,0.0
Fgf1,Fgf1,0.51339406,0.30412371134020616,Tgfbr3,Tgfbr3,0.6789376,0.28846153846153844,Astrocytes,Pericytes,0.59616584,0.0
Tgfb1,Tgfb1,0.48064888,0.23868312757201646,Lpp,Lpp,0.71130514,0.345679012345679,Microglia,Microglia,0.595977,0.0
L1cam,L1cam,0.23996133,0.2829996606718697,Fgfr2,Fgfr2,0.9517514,0.5,Neurons,Astrocytes,0.59585637,0.05
App,App,0.46430153,0.24742268041237114,Rpsa,Rpsa,0.72729087,0.5391923990498813,Astrocytes,Neurons,0.5957962,1.0
Ncam1,Ncam1,0.5186237,0.22435897435897437,Ptpra,Ptpra,0.6722777,0.43349753694581283,Pericytes,OPCs,0.5954507,1.0
App,App,0.92554754,0.5517241379310345,Tnfrsf21,Tnfrsf21,0.26528463,0.2891075670173057,OPCs,Neurons,0.59541607,1.0
Bmp1,Bmp1,0.18070869,0.12628865979381443,Bmpr1b,Bmpr1b,1.00992,0.5128865979381443,Astrocytes,Astrocytes,0.5953143,0.0
Ptn,Ptn,0.8578954,0.41494845360824745,Cdh10,Cdh10,0.3326356,0.14743589743589744,Astrocytes,Pericytes,0.5952655,1.0
Ntn1,Ntn1,0.9165528,0.5369458128078818,Mcam,Mcam,0.27384752,0.1346153846153846,OPCs,Pericytes,0.5952002,0.0
Gnai2,Gnai2,0.5479544,0.2757201646090535,Adcy8,Adcy8,0.64238846,0.3711340206185567,Microglia,Astrocytes,0.59517145,0.0
Fgf12,Fgf12,0.42590085,0.17935773383817136,Fgfr2,Fgfr2,0.764343,0.46798029556650245,Oligodendrocytes,OPCs,0.5951219,1.0
Fgf13,Fgf13,0.8300028,0.5408890397013912,Scn8a,Scn8a,0.36017966,0.21649484536082475,Neurons,Astrocytes,0.5950912,0.0
Adam17,Adam17,0.14369662,0.1866304716661011,Erbb4,Erbb4,1.0463133,0.40685442823210044,Neurons,Neurons,0.595005,1.0
Apoe,Apoe,0.33165058,0.2297251442144554,Lrp1,Lrp1,0.8583547,0.411522633744856,Neurons,Microglia,0.59500265,0.98
Sptan1,Sptan1,0.53422546,0.35960591133004927,Ptpra,Ptpra,0.655177,0.37371134020618557,OPCs,Astrocytes,0.59470123,0.02
Ptn,Ptn,0.95161796,0.40316926097321554,Ncl,Ncl,0.2377526,0.11555181601458421,Oligodendrocytes,Oligodendrocytes,0.59468526,0.0
Lrpap1,Lrpap1,0.30817145,0.16666666666666666,Lrp1,Lrp1,0.8808295,0.4742268041237113,Pericytes,Astrocytes,0.5945005,0.0
Calr,Calr,0.28845719,0.15721649484536082,Lrp1,Lrp1,0.90028125,0.4551282051282051,Astrocytes,Pericytes,0.59436923,0.0
Fgf13,Fgf13,0.23687625,0.13793103448275862,Fgfr2,Fgfr2,0.9517514,0.5,OPCs,Astrocytes,0.59431386,0.93
Tfpi,Tfpi,0.30730832,0.16025641025641027,Lrp1,Lrp1,0.8808295,0.4742268041237113,Pericytes,Astrocytes,0.5940689,0.0
Calr,Calr,0.28845719,0.15721649484536082,Itgav,Itgav,0.89926815,0.5320197044334976,Astrocytes,OPCs,0.59386265,0.0
H2-K1,H2-K1,0.8325077,0.39094650205761317,Aplp2,Aplp2,0.3547327,0.20876288659793815,Microglia,Astrocytes,0.5936202,0.0
Dll3,Dll3,0.15071326,0.10837438423645321,Notch3,Notch3,1.0363277,0.42948717948717946,OPCs,Pericytes,0.5935205,0.0
Fgf14,Fgf14,0.42237043,0.13462347496844762,Fgfr2,Fgfr2,0.764343,0.46798029556650245,Oligodendrocytes,OPCs,0.5933567,1.0
Lrpap1,Lrpap1,0.2861818,0.17525773195876287,Lrp1,Lrp1,0.90028125,0.4551282051282051,Astrocytes,Pericytes,0.59323156,0.0
Efna5,Efna5,0.88978624,0.5561588055649813,Epha4,Epha4,0.2964334,0.2952154733627418,Neurons,Neurons,0.59310985,0.0
B2m,B2m,0.8067722,0.34615384615384615,Tfrc,Tfrc,0.37908578,0.3983712249745504,Pericytes,Neurons,0.592929,0.0
App,App,0.92554754,0.5517241379310345,Aplp2,Aplp2,0.26024443,0.14814814814814814,OPCs,Microglia,0.592896,1.0
Itgav,Itgav,0.89926815,0.5320197044334976,Thy1,Thy1,0.28624305,0.11176553078109662,OPCs,Oligodendrocytes,0.5927556,0.0
Itgav,Itgav,0.34272376,0.1841256485766372,Thy1,Thy1,0.8423181,0.6084153376314897,Oligodendrocytes,Neurons,0.59252095,0.0
Sema6a,Sema6a,0.30931082,0.28978622327790976,Plxna4,Plxna4,0.8749577,0.41975308641975306,Neurons,Microglia,0.59213424,0.0
Rgma,Rgma,0.1742906,0.10068714065348479,Bmpr1b,Bmpr1b,1.00992,0.5128865979381443,Oligodendrocytes,Astrocytes,0.59210527,0.0
Hsp90b1,Hsp90b1,0.32557622,0.1958762886597938,Lrp1,Lrp1,0.8583547,0.411522633744856,Astrocytes,Microglia,0.59196544,0.0
Bmp1,Bmp1,0.17389077,0.11330049261083744,Bmpr1b,Bmpr1b,1.00992,0.5128865979381443,OPCs,Astrocytes,0.59190536,0.0
App,App,0.46430153,0.24742268041237114,Rpsa,Rpsa,0.7194886,0.3141025641025641,Astrocytes,Pericytes,0.5918951,1.0
Cd14,Cd14,0.60979825,0.2757201646090535,Itgb1,Itgb1,0.57398784,0.2962962962962963,Microglia,Microglia,0.5918931,0.0
Ntrk3,Ntrk3,0.90171796,0.49226804123711343,Ptprs,Ptprs,0.2808447,0.17307692307692307,Astrocytes,Pericytes,0.5912813,0.0
Cxcl12,Cxcl12,0.28304973,0.1346153846153846,Itgav,Itgav,0.89926815,0.5320197044334976,Pericytes,OPCs,0.5911589,0.0
Mdk,Mdk,0.281712,0.18719211822660098,Lrp1,Lrp1,0.90028125,0.4551282051282051,OPCs,Pericytes,0.5909966,0.0
Ptn,Ptn,0.41468883,0.34170342721411606,Sdc2,Sdc2,0.7667969,0.3717948717948718,Neurons,Pericytes,0.5907428,0.0
Fgf13,Fgf13,0.93055326,0.36213991769547327,Egfr,Egfr,0.25086373,0.1282051282051282,Microglia,Pericytes,0.5907085,0.0
Adam9,Adam9,0.2818639,0.2019704433497537,Itgav,Itgav,0.89926815,0.5320197044334976,OPCs,OPCs,0.59056604,0.0
Ccl12,Ccl12,0.2840323,0.12757201646090535,Ccr5,Ccr5,0.8962897,0.3868312757201646,Microglia,Microglia,0.59016097,0.0
Ptn,Ptn,0.95161796,0.40316926097321554,Ptprs,Ptprs,0.22819644,0.12074042911232646,Oligodendrocytes,Oligodendrocytes,0.58990717,1.0
Calr,Calr,0.29898164,0.15355490113588557,Lrp1,Lrp1,0.8808295,0.4742268041237113,Oligodendrocytes,Astrocytes,0.58990556,0.0
Ptn,Ptn,0.8578954,0.41494845360824745,Sdc3,Sdc3,0.32177192,0.16025641025641027,Astrocytes,Pericytes,0.5898336,0.0
Bsg,Bsg,0.7820679,0.40463917525773196,Slc16a7,Slc16a7,0.39726377,0.2561576354679803,Astrocytes,OPCs,0.58966583,0.0
Adam10,Adam10,0.4714337,0.2507362221287337,Tspan5,Tspan5,0.7077363,0.34615384615384615,Oligodendrocytes,Pericytes,0.589585,0.03
Gpc3,Gpc3,0.3531272,0.15384615384615385,Cd81,Cd81,0.8254168,0.6084153376314897,Pericytes,Neurons,0.589272,1.0
Ptn,Ptn,0.41468883,0.34170342721411606,Alk,Alk,0.76363486,0.43842364532019706,Neurons,OPCs,0.5891619,0.0
Serping1,Serping1,0.29695445,0.14102564102564102,Lrp1,Lrp1,0.8808295,0.4742268041237113,Pericytes,Astrocytes,0.588892,0.0
Ncan,Ncan,0.32172057,0.22167487684729065,Cdh2,Cdh2,0.8543585,0.3717948717948718,OPCs,Pericytes,0.5880395,0.0
Lgi2,Lgi2,0.29314834,0.2850356294536817,Adam22,Adam22,0.88166285,0.5369458128078818,Neurons,OPCs,0.58740556,0.0
Fgf1,Fgf1,0.22252169,0.23583305055989143,Fgfr2,Fgfr2,0.9517514,0.5,Neurons,Astrocytes,0.58713657,0.79
Plat,Plat,0.31567562,0.15384615384615385,Lrp1,Lrp1,0.8583547,0.411522633744856,Pericytes,Microglia,0.58701515,0.0
Ncam1,Ncam1,0.5186237,0.22435897435897437,Ptpra,Ptpra,0.655177,0.37371134020618557,Pericytes,Astrocytes,0.58690035,1.0
Il34,Il34,0.7875591,0.33974358974358976,Ptprz1,Ptprz1,0.38583654,0.16025641025641027,Pericytes,Pericytes,0.5866978,0.0
Fam3c,Fam3c,0.2767852,0.2019704433497537,Lamp1,Lamp1,0.8957308,0.42948717948717946,OPCs,Pericytes,0.586258,0.0
Rtn4,Rtn4,1.00259,0.6939260264675942,Tnfrsf19,Tnfrsf19,0.1695363,0.12315270935960591,Neurons,OPCs,0.58606315,1.0
Rgma,Rgma,0.28159732,0.2019704433497537,Neo1,Neo1,0.88980854,0.5270935960591133,OPCs,OPCs,0.5857029,0.0
Gnai2,Gnai2,0.30984014,0.21182266009852216,Igf1r,Igf1r,0.8604635,0.3717948717948718,OPCs,Pericytes,0.5851518,0.0
Gnai2,Gnai2,0.5479544,0.2757201646090535,Igf1r,Igf1r,0.62140805,0.3634020618556701,Microglia,Astrocytes,0.5846812,0.0
Calr,Calr,0.28845719,0.15721649484536082,Lrp1,Lrp1,0.8808295,0.4742268041237113,Astrocytes,Astrocytes,0.58464336,0.0
Adam10,Adam10,0.46146008,0.46182558534102475,Tspan5,Tspan5,0.7077363,0.34615384615384615,Neurons,Pericytes,0.5845982,0.05
Ntrk3,Ntrk3,0.90171796,0.49226804123711343,Ptprf,Ptprf,0.26744348,0.31218187987784185,Astrocytes,Neurons,0.5845807,0.0
Ncam1,Ncam1,0.5186237,0.22435897435897437,Fgfr2,Fgfr2,0.64959764,0.3333333333333333,Pericytes,Pericytes,0.5841107,1.0
Adam10,Adam10,0.9186879,0.43209876543209874,Tspan5,Tspan5,0.24836858,0.13991769547325103,Microglia,Microglia,0.5835282,0.09
Lrpap1,Lrpap1,0.2861818,0.17525773195876287,Lrp1,Lrp1,0.8808295,0.4742268041237113,Astrocytes,Astrocytes,0.58350563,0.0
Rtn4,Rtn4,1.00259,0.6939260264675942,Tnfrsf19,Tnfrsf19,0.16431972,0.10256410256410256,Neurons,Pericytes,0.58345485,1.0
Sorbs1,Sorbs1,0.7687583,0.6029860875466576,Itgb5,Itgb5,0.3980638,0.1987179487179487,Neurons,Pericytes,0.58341104,0.0
Gnai2,Gnai2,0.5479544,0.2757201646090535,Egfr,Egfr,0.618786,0.3582474226804124,Microglia,Astrocytes,0.5833702,0.0
Lrpap1,Lrpap1,0.30817145,0.16666666666666666,Lrp1,Lrp1,0.8583547,0.411522633744856,Pericytes,Microglia,0.58326304,0.0
Jag2,Jag2,0.13010482,0.16932473702069903,Notch3,Notch3,1.0363277,0.42948717948717946,Neurons,Pericytes,0.58321625,0.0
Adam17,Adam17,0.25703877,0.1724137931034483,Il6ra,Il6ra,0.9090278,0.4156378600823045,OPCs,Microglia,0.5830333,0.0
Fstl1,Fstl1,0.47259486,0.27319587628865977,Dip2a,Dip2a,0.6934454,0.33613798906184267,Astrocytes,Oligodendrocytes,0.5830201,0.0
Tfpi,Tfpi,0.30730832,0.16025641025641027,Lrp1,Lrp1,0.8583547,0.411522633744856,Pericytes,Microglia,0.5828315,0.0
Slitrk3,Slitrk3,0.13457356,0.17577197149643706,Ptprs,Ptprs,1.0308105,0.7047845266372582,Neurons,Neurons,0.582692,0.0
Hspa8,Hspa8,0.8623658,0.40384615384615385,Ldlr,Ldlr,0.3027977,0.2019704433497537,Pericytes,OPCs,0.58258176,0.56
Calr,Calr,0.29898164,0.15355490113588557,Itgav,Itgav,0.8661415,0.4074074074074074,Oligodendrocytes,Microglia,0.58256155,0.0
Ptn,Ptn,0.95161796,0.40316926097321554,Sdc3,Sdc3,0.21290232,0.13144329896907217,Oligodendrocytes,Astrocytes,0.58226013,0.0
Mif,Mif,0.545118,0.4180522565320665,Egfr,Egfr,0.618786,0.3582474226804124,Neurons,Astrocytes,0.581952,0.0
Rgmb,Rgmb,0.15350053,0.17678995588734306,Bmpr1b,Bmpr1b,1.00992,0.5128865979381443,Neurons,Astrocytes,0.5817103,0.0
Spp1,Spp1,0.29703212,0.1282051282051282,Itgav,Itgav_Itgb5,0.8661415,0.4074074074074074,Pericytes,Microglia,0.58158684,0.0
Fgf1,Fgf1,0.51339406,0.30412371134020616,Fgfr2,Fgfr2,0.64959764,0.3333333333333333,Astrocytes,Pericytes,0.5814959,0.74
Mdk,Mdk,0.281712,0.18719211822660098,Lrp1,Lrp1,0.8808295,0.4742268041237113,OPCs,Astrocytes,0.58127075,0.0
Bmp7,Bmp7,0.1620248,0.11330049261083744,Ptprk,Ptprk,1.0004696,0.4104613658673398,OPCs,Oligodendrocytes,0.5812472,0.0
Adam10,Adam10,0.454205,0.2692307692307692,Tspan5,Tspan5,0.7077363,0.34615384615384615,Pericytes,Pericytes,0.58097064,0.17
Calr,Calr,0.62079793,0.3694581280788177,Lrp1,Lrp1,0.54086536,0.5218866644044792,OPCs,Neurons,0.58083165,0.0
Nfasc,Nfasc,0.8733715,0.4024680970410882,Cntnap1,Cntn1_Cntnap1,0.28774056,0.32473702069901594,Oligodendrocytes,Neurons,0.58055604,0.0
Il34,Il34,0.7875591,0.33974358974358976,Ptprz1,Ptprz1,0.37338203,0.3003053953172718,Pericytes,Neurons,0.58047056,0.0
Adam15,Adam15,0.294315,0.1522633744855967,Itgav,Itgav,0.8661415,0.4074074074074074,Microglia,Microglia,0.58022827,0.0
App,App,0.46430153,0.24742268041237114,Aplp1,Aplp1,0.69614536,0.5541228367831693,Astrocytes,Neurons,0.58022344,1.0
Rtn4,Rtn4,0.8252661,0.4729064039408867,Tnfrsf19,Tnfrsf19,0.33501306,0.211340206185567,OPCs,Astrocytes,0.5801396,0.92
Gnai2,Gnai2,0.30984014,0.21182266009852216,Igf1r,Igf1r,0.850407,0.4975369458128079,OPCs,OPCs,0.58012354,0.0
Itgb2,Itgb2,0.3178427,0.15637860082304528,Thy1,Thy1,0.8423181,0.6084153376314897,Microglia,Neurons,0.5800804,0.0
Thy1,Thy1,0.8423181,0.6084153376314897,Itgb2,Itgam_Itgb2,0.3178427,0.15637860082304528,Neurons,Microglia,0.5800804,0.0
Sema6b,Sema6b,0.11412688,0.1506616898540889,Plxna4,Plxna4,1.0457644,0.667119104173736,Neurons,Neurons,0.5799457,0.0
Tgfb1,Tgfb1,0.48064888,0.23868312757201646,Tgfbr3,Tgfbr3,0.6789376,0.28846153846153844,Microglia,Pericytes,0.5797932,0.0
Psap,Psap,0.61850256,0.28705651381292946,Lrp1,Lrp1,0.54086536,0.5218866644044792,Oligodendrocytes,Neurons,0.57968396,0.0
Bsg,Bsg,0.7820679,0.40463917525773196,Slc16a7,Slc16a7,0.37683934,0.1934156378600823,Astrocytes,Microglia,0.5794536,0.0
Lama2,Lama2,0.25226915,0.12326461926798485,Rpsa,Rpsa,0.9063404,0.35436825129715327,Oligodendrocytes,Oligodendrocytes,0.5793048,0.0
Ntn1,Ntn1,0.9165528,0.5369458128078818,Dscam,Dscam,0.24190983,0.10910110783901276,OPCs,Oligodendrocytes,0.5792313,0.0
Hsp90b1,Hsp90b1,0.6173504,0.30864197530864196,Lrp1,Lrp1,0.54086536,0.5218866644044792,Microglia,Neurons,0.5791079,0.0
Tnr,Tnr,0.6617463,0.498812351543943,Itgb1,Itga9_Itgb1,0.49624488,0.3251231527093596,Neurons,OPCs,0.5789956,0.0
Hsp90aa1,Hsp90aa1,0.9068734,0.368111064366849,Egfr,Egfr,0.25086373,0.1282051282051282,Oligodendrocytes,Pericytes,0.57886857,0.0
Gas6,Gas6,0.3054759,0.32609433322022396,Mertk,Mertk,0.85189825,0.4536082474226804,Neurons,Astrocytes,0.5786871,0.0
Calr,Calr,0.29898164,0.15355490113588557,Lrp1,Lrp1,0.8583547,0.411522633744856,Oligodendrocytes,Microglia,0.5786682,0.0
Psap,Psap,0.9567941,0.6827281981676281,Gpr37,Gpr37,0.20030709,0.1211340206185567,Neurons,Astrocytes,0.5785506,0.07
Lamc1,Lamc1,0.8149198,0.358974358974359,Dag1,Dag1,0.3419795,0.3752969121140142,Pericytes,Neurons,0.57844967,0.0
Tgfb1,Tgfb1,0.48064888,0.23868312757201646,Itgb8,Itgb8,0.6761925,0.38402061855670105,Microglia,Astrocytes,0.5784207,0.0
App,App,0.46430153,0.24742268041237114,Rpsa,Rpsa,0.69212526,0.3374485596707819,Astrocytes,Microglia,0.5782134,1.0
Lamb2,Lamb2,0.24954917,0.14102564102564102,Rpsa,Rpsa,0.9063404,0.35436825129715327,Pericytes,Oligodendrocytes,0.5779448,0.0
Nlgn3,Nlgn3,0.17538334,0.2130980658296573,Nrxn1,Nrxn1,0.98038775,0.23717948717948717,Neurons,Pericytes,0.57788557,1.0
Nrxn1,Nrxn1,0.98038775,0.23717948717948717,Nlgn3,Nlgn3,0.17538334,0.2130980658296573,Pericytes,Neurons,0.57788557,1.0
Alcam,Alcam,0.71915257,0.28205128205128205,Nrp1,Nrp1,0.436427,0.35595520868680014,Pericytes,Neurons,0.5777898,0.0
Serping1,Serping1,0.29695445,0.14102564102564102,Lrp1,Lrp1,0.8583547,0.411522633744856,Pericytes,Microglia,0.5776546,0.0
St6gal1,St6gal1,0.53633267,0.35960591133004927,Egfr,Egfr,0.618786,0.3582474226804124,OPCs,Astrocytes,0.57755935,0.0
Calr,Calr,0.28845719,0.15721649484536082,Itgav,Itgav,0.8661415,0.4074074074074074,Astrocytes,Microglia,0.57729936,0.0
Psap,Psap,0.9567941,0.6827281981676281,Ar,Ar,0.19773225,0.2178486596538853,Neurons,Neurons,0.5772632,0.0
Cd14,Cd14,0.60979825,0.2757201646090535,Itgb1,Itgb1,0.5436856,0.27564102564102566,Microglia,Pericytes,0.57674193,0.0
App,App,0.92554754,0.5517241379310345,Gpc1,Gpc1,0.22717841,0.2653545978961656,OPCs,Neurons,0.57636297,1.0
Ptn,Ptn,0.8578954,0.41494845360824745,Ncl,Ncl,0.29456192,0.16025641025641027,Astrocytes,Pericytes,0.5762286,0.18
Adam10,Adam10,0.4714337,0.2507362221287337,Cadm1,Cadm1,0.6809834,0.3232365727106998,Oligodendrocytes,Oligodendrocytes,0.5762086,1.0
Itgav,Itgav,0.8661415,0.4074074074074074,Thy1,Thy1,0.28624305,0.11176553078109662,Microglia,Oligodendrocytes,0.57619226,0.0
Mif,Mif,0.53355044,0.21273313700743235,Egfr,Egfr,0.618786,0.3582474226804124,Oligodendrocytes,Astrocytes,0.5761682,0.0
Alcam,Alcam,0.40804878,0.2016547468798205,Chl1,Chl1,0.7434876,0.5212080081438751,Oligodendrocytes,Neurons,0.5757682,0.0
Fgf1,Fgf1,0.1992148,0.1110643668489693,Fgfr2,Fgfr2,0.9517514,0.5,Oligodendrocytes,Astrocytes,0.5754831,0.84
Nid1,Nid1,0.5761931,0.27564102564102566,Itgb1,Itgb1,0.57398784,0.2962962962962963,Pericytes,Microglia,0.57509047,0.0
Hsp90aa1,Hsp90aa1,0.5313698,0.2564102564102564,Egfr,Egfr,0.618786,0.3582474226804124,Pericytes,Astrocytes,0.5750779,0.06
Lgi4,Lgi4,0.26838276,0.17010309278350516,Adam22,Adam22,0.88166285,0.5369458128078818,Astrocytes,OPCs,0.5750228,0.0
Adam10,Adam10,0.4420664,0.26804123711340205,Tspan5,Tspan5,0.7077363,0.34615384615384615,Astrocytes,Pericytes,0.57490134,0.11
Cxcl12,Cxcl12,0.28304973,0.1346153846153846,Itgav,Itgav,0.8661415,0.4074074074074074,Pericytes,Microglia,0.57459563,0.0
Adam9,Adam9,0.2818639,0.2019704433497537,Itgav,Itgav,0.8661415,0.4074074074074074,OPCs,Microglia,0.5740027,0.0
Lin7c,Lin7c,0.16132958,0.10051546391752578,Htr2c,Htr2c,0.9862045,0.46216491347132677,Astrocytes,Neurons,0.57376707,0.0
Slit3,Slit3,0.29034072,0.2147947064811673,Robo1,Robo1,0.85705125,0.33894264479035197,Neurons,Oligodendrocytes,0.573696,0.96
Fgf1,Fgf1,0.51339406,0.30412371134020616,Nrp1,Nrp1,0.63388366,0.2880658436213992,Astrocytes,Microglia,0.57363886,0.0
Ptn,Ptn,0.95161796,0.40316926097321554,Ncl,Ncl,0.19548862,0.102880658436214,Oligodendrocytes,Microglia,0.57355326,0.04
Calr,Calr,0.28845719,0.15721649484536082,Lrp1,Lrp1,0.8583547,0.411522633744856,Astrocytes,Microglia,0.5734059,0.0
Slit2,Slit2,0.6824873,0.39124533423820834,App,App,0.46430153,0.24742268041237114,Neurons,Astrocytes,0.5733944,1.0
Nlgn2,Nlgn2,0.49693328,0.32019704433497537,Nrxn2,Nrxn2,0.6497941,0.5687139463861555,OPCs,Neurons,0.57336366,0.0
Nrxn2,Nrxn2,0.6497941,0.5687139463861555,Nlgn2,Nlgn2,0.49693328,0.32019704433497537,Neurons,OPCs,0.57336366,0.0
Vegfa,Vegfa,0.65000755,0.36597938144329895,Itgb1,Itgb1,0.49624488,0.3251231527093596,Astrocytes,OPCs,0.5731262,0.0
Timp3,Timp3,0.661649,0.38402061855670105,Ddr1,Ddr1,0.48428917,0.2549432057214977,Astrocytes,Oligodendrocytes,0.5729691,0.0
Vcl,Vcl,0.86243504,0.4639175257731959,Itgb5,Itgb5,0.2834249,0.17525773195876287,Astrocytes,Astrocytes,0.57293,0.0
Nlgn1,Nlgn1,0.49520501,0.1522633744855967,Nrxn2,Nrxn2,0.6497941,0.5687139463861555,Microglia,Neurons,0.5724996,1.0
Nrxn2,Nrxn2,0.6497941,0.5687139463861555,Nlgn1,Nlgn1,0.49520501,0.1522633744855967,Neurons,Microglia,0.5724996,1.0
App,App,0.92554754,0.5517241379310345,Aplp1,Aplp1,0.21927953,0.12179487179487179,OPCs,Pericytes,0.57241356,1.0
Tgfb1,Tgfb1,0.48064888,0.23868312757201646,Lpp,Lpp,0.66404915,0.4187192118226601,Microglia,OPCs,0.572349,0.0
Lrpap1,Lrpap1,0.2861818,0.17525773195876287,Lrp1,Lrp1,0.8583547,0.411522633744856,Astrocytes,Microglia,0.57226825,0.0
App,App,0.92554754,0.5517241379310345,Vldlr,Vldlr,0.21881776,0.15763546798029557,OPCs,OPCs,0.57218266,1.0
Sptan1,Sptan1,0.3177783,0.16872427983539096,Ptpra,Ptpra,0.8259607,0.4074074074074074,Microglia,Microglia,0.5718695,0.1
Fgf1,Fgf1,0.1916877,0.10256410256410256,Fgfr2,Fgfr2,0.9517514,0.5,Pericytes,Astrocytes,0.5717195,0.8
Ptn,Ptn,0.8578954,0.41494845360824745,Ncl,Ncl,0.28549346,0.1921182266009852,Astrocytes,OPCs,0.57169443,0.25
Spon1,Spon1,0.21781026,0.11538461538461539,App,App,0.92554754,0.5517241379310345,Pericytes,OPCs,0.5716789,1.0
Adam10,Adam10,0.46146008,0.46182558534102475,Cadm1,Cadm1,0.6809834,0.3232365727106998,Neurons,Oligodendrocytes,0.57122177,1.0
App,App,0.6004882,0.29218106995884774,Lrp1,Lrp1,0.54086536,0.5218866644044792,Microglia,Neurons,0.5706768,1.0
Gnai2,Gnai2,0.5479544,0.2757201646090535,S1pr1,S1pr1,0.5928543,0.3479381443298969,Microglia,Astrocytes,0.57040435,0.0
Psap,Psap,0.5998084,0.32051282051282054,Lrp1,Lrp1,0.54086536,0.5218866644044792,Pericytes,Neurons,0.5703369,0.24
Rgma,Rgma,0.45823228,0.24358974358974358,Bmpr2,Bmpr2,0.6821247,0.5721072276891754,Pericytes,Neurons,0.5701785,0.0
Mdk,Mdk,0.281712,0.18719211822660098,Lrp1,Lrp1,0.8583547,0.411522633744856,OPCs,Microglia,0.5700333,0.0
Fgf12,Fgf12,0.37540203,0.15384615384615385,Fgfr2,Fgfr2,0.764343,0.46798029556650245,Pericytes,OPCs,0.5698725,1.0
Fgf1,Fgf1,0.51339406,0.30412371134020616,Cspg4,Cspg4,0.6261725,0.2564102564102564,Astrocytes,Pericytes,0.5697833,0.0
Ptn,Ptn,0.8578954,0.41494845360824745,Ptprs,Ptprs,0.2808447,0.17307692307692307,Astrocytes,Pericytes,0.56937003,0.99
H2-K1,H2-K1,0.3251456,0.21674876847290642,Aplp2,Aplp2,0.81325376,0.6331862911435358,OPCs,Neurons,0.5691997,0.0
Lamc1,Lamc1,0.564364,0.35467980295566504,Itgb1,Itga6_Itgb1,0.57398784,0.2962962962962963,OPCs,Microglia,0.56917596,0.0
Gnai2,Gnai2,0.30984014,0.21182266009852216,Adcy8,Adcy8,0.8281998,0.5564981336952833,OPCs,Neurons,0.56902,0.0
App,App,0.92554754,0.5517241379310345,Aplp1,Aplp1,0.2123382,0.11522633744855967,OPCs,Microglia,0.56894284,1.0
Hspa8,Hspa8,0.8349349,0.38402061855670105,Ldlr,Ldlr,0.3027977,0.2019704433497537,Astrocytes,OPCs,0.5688663,0.68
App,App,0.92554754,0.5517241379310345,Ncstn,Ncstn,0.2121596,0.10699588477366255,OPCs,Microglia,0.56885356,1.0
Fstl1,Fstl1,0.44417623,0.21794871794871795,Dip2a,Dip2a,0.6934454,0.33613798906184267,Pericytes,Oligodendrocytes,0.5688108,0.0
Lamc1,Lamc1,0.8149198,0.358974358974359,Dag1,Dag1,0.322574,0.19845360824742267,Pericytes,Astrocytes,0.5687469,0.0
Olfm2,Olfm2,0.8961991,0.5369458128078818,Robo2,Robo2,0.2402362,0.102880658436214,OPCs,Microglia,0.56821764,0.0
Tnr,Tnr,0.6617463,0.498812351543943,Itga9,Itga9_Itgb1,0.47447187,0.22633744855967078,Neurons,Microglia,0.5681091,0.0
Ptn,Ptn,0.8578954,0.41494845360824745,Sdc2,Sdc2,0.27804708,0.27994570749915165,Astrocytes,Neurons,0.5679712,0.0
Fstl5,Fstl5,0.39217594,0.2512315270935961,Chl1,Chl1,0.7434876,0.5212080081438751,OPCs,Neurons,0.56783175,0.0
Adam10,Adam10,0.454205,0.2692307692307692,Cadm1,Cadm1,0.6809834,0.3232365727106998,Pericytes,Oligodendrocytes,0.56759423,1.0
Gnai2,Gnai2,0.2388187,0.13402061855670103,Ccr5,Ccr5,0.8962897,0.3868312757201646,Astrocytes,Microglia,0.56755424,0.0
Ncam1,Ncam1,0.5186237,0.22435897435897437,Robo1,Robo1,0.6159328,0.30927835051546393,Pericytes,Astrocytes,0.56727827,1.0
Gpc3,Gpc3,0.3531272,0.15384615384615385,Flt1,Flt1,0.7810984,0.28846153846153844,Pericytes,Pericytes,0.5671128,0.0
Entpd1,Entpd1,0.99687374,0.4279835390946502,Adora1,Adora1,0.13666838,0.1503223617237869,Microglia,Neurons,0.56677103,0.0
App,App,0.6004882,0.29218106995884774,Aplp1,Aplp1,0.53228176,0.28350515463917525,Microglia,Astrocytes,0.566385,1.0
Fgf1,Fgf1,0.51339406,0.30412371134020616,Egfr,Egfr,0.618786,0.3582474226804124,Astrocytes,Astrocytes,0.56609,0.0
Lama4,Lama4,0.63566417,0.28846153846153844,Itgb1,Itga9_Itgb1,0.49624488,0.3251231527093596,Pericytes,OPCs,0.5659545,0.0
Fgf13,Fgf13,0.8300028,0.5408890397013912,Fgfr3,Fgfr3,0.30169475,0.14743589743589744,Neurons,Pericytes,0.56584877,0.0
Jam2,Jam2,0.55770284,0.3247422680412371,Itgb1,Itgav_Itgb1,0.57398784,0.2962962962962963,Astrocytes,Microglia,0.5658454,0.0
Ptn,Ptn,0.8578954,0.41494845360824745,Ncl,Ncl,0.273288,0.2734984730234136,Astrocytes,Neurons,0.5655917,0.21
Sema6a,Sema6a,0.50824755,0.3399014778325123,Plxna2,Plxna2,0.62225235,0.517814726840855,OPCs,Neurons,0.5652499,0.0
App,App,0.92554754,0.5517241379310345,Tspan15,Tspan15,0.20481992,0.1189174028887954,OPCs,Oligodendrocytes,0.56518376,1.0
Bcan,Bcan,0.7508833,0.46798029556650245,Nrcam,Nrcam,0.37932366,0.16025641025641027,OPCs,Pericytes,0.5651035,0.0
Ntrk3,Ntrk3,0.90171796,0.49226804123711343,Ptprs,Ptprs,0.22819644,0.12074042911232646,Astrocytes,Oligodendrocytes,0.5649572,0.0
Fgf9,Fgf9,0.1779892,0.21174075330844927,Fgfr2,Fgfr2,0.9517514,0.5,Neurons,Astrocytes,0.5648703,0.2
Psap,Psap,0.61850256,0.28705651381292946,Gpr37,Gpr37,0.51098347,0.25872949095498526,Oligodendrocytes,Oligodendrocytes,0.56474304,0.0
App,App,0.92554754,0.5517241379310345,Tnfrsf21,Tnfrsf21,0.20380789,0.15270935960591134,OPCs,OPCs,0.5646777,1.0
Hspa8,Hspa8,0.9643638,0.3683915299396999,Ldlr,Ldlr,0.16484001,0.18730912792670512,Oligodendrocytes,Neurons,0.5646019,1.0
Alcam,Alcam,0.71915257,0.28205128205128205,Nrp1,Nrp1,0.40976745,0.1794871794871795,Pericytes,Pericytes,0.56446004,0.0
Vegfa,Vegfa,0.4938224,0.2955665024630542,Nrp1,Nrp1,0.63388366,0.2880658436213992,OPCs,Microglia,0.563853,0.0
Rtn4,Rtn4,1.00259,0.6939260264675942,Rtn4rl1,Rtn4rl1,0.12505294,0.14387512724804885,Neurons,Neurons,0.56382143,1.0
H2-K1,H2-K1,0.31424373,0.19329896907216496,Aplp2,Aplp2,0.81325376,0.6331862911435358,Astrocytes,Neurons,0.5637487,0.0
Pros1,Pros1,0.8217711,0.37448559670781895,Axl,Axl,0.30501413,0.16025641025641027,Microglia,Pericytes,0.56339264,0.0
Fndc5,Fndc5,0.22719352,0.2507634882931795,Itgav,Itgav,0.89926815,0.5320197044334976,Neurons,OPCs,0.5632308,0.0
Gnai2,Gnai2,0.5479544,0.2757201646090535,Ednrb,Ednrb,0.57840157,0.3402061855670103,Microglia,Astrocytes,0.56317794,0.0
Nlgn1,Nlgn1,0.64582783,0.21794871794871795,Nrxn1,Nrxn1,0.47925296,0.13168724279835392,Pericytes,Microglia,0.5625404,1.0
Nrxn1,Nrxn1,0.47925296,0.13168724279835392,Nlgn1,Nlgn1,0.64582783,0.21794871794871795,Microglia,Pericytes,0.5625404,1.0
Lgi1,Lgi1,0.48131266,0.4333220223956566,Adam23,Adam23,0.64331293,0.3645320197044335,Neurons,OPCs,0.5623128,0.0
Vegfa,Vegfa,0.65000755,0.36597938144329895,Itga9,Itga9,0.47447187,0.22633744855967078,Astrocytes,Microglia,0.5622397,0.0
Ncan,Ncan,0.32172057,0.22167487684729065,Cdh2,Cdh2,0.8026442,0.4729064039408867,OPCs,OPCs,0.56218237,0.0
Adam9,Adam9,0.2818639,0.2019704433497537,Itga6,Itga6,0.8420395,0.45103092783505155,OPCs,Astrocytes,0.5619517,0.0
Adam10,Adam10,0.9186879,0.43209876543209874,Tspan15,Tspan15,0.20481992,0.1189174028887954,Microglia,Oligodendrocytes,0.56175387,0.0
Rtn4,Rtn4,0.8252661,0.4729064039408867,Lingo1,Lingo1,0.29802364,0.33932813030200204,OPCs,Neurons,0.5616449,1.0
Col11a1,Col11a1,0.5795459,0.3448275862068966,Itgb1,Itga1_Itgb1,0.5436856,0.27564102564102566,OPCs,Pericytes,0.56161577,0.0
Adam10,Adam10,0.4420664,0.26804123711340205,Cadm1,Cadm1,0.6809834,0.3232365727106998,Astrocytes,Oligodendrocytes,0.5615249,1.0
Sptan1,Sptan1,0.29683346,0.14612256345533586,Ptpra,Ptpra,0.8259607,0.4074074074074074,Oligodendrocytes,Microglia,0.5613971,0.1
Jam2,Jam2,0.54854804,0.3694581280788177,Itgb1,Itgav_Itgb1,0.57398784,0.2962962962962963,OPCs,Microglia,0.561268,0.0
Fgf13,Fgf13,0.93055326,0.36213991769547327,Fgfr1,Fgfr1,0.19155976,0.13793103448275862,Microglia,OPCs,0.5610565,0.0
Ncam1,Ncam1,0.25594413,0.1111111111111111,Fgfr2,Fgfr2,0.8659368,0.652867322701052,Microglia,Neurons,0.5609405,1.0
Hsp90aa1,Hsp90aa1,0.50301915,0.24742268041237114,Egfr,Egfr,0.618786,0.3582474226804124,Astrocytes,Astrocytes,0.5609026,0.01
Fgf14,Fgf14,0.6250902,0.22435897435897437,Fgfr2,Fgfr2,0.49607632,0.25925925925925924,Pericytes,Microglia,0.56058323,1.0
Ntrk3,Ntrk3,0.90171796,0.49226804123711343,Ptprf,Ptprf,0.21931775,0.12371134020618557,Astrocytes,Astrocytes,0.56051785,0.0
Lin7c,Lin7c,0.1345213,0.16966406515100102,Htr2c,Htr2c,0.9862045,0.46216491347132677,Neurons,Neurons,0.56036294,0.0
Hspa8,Hspa8,0.9643638,0.3683915299396999,Ldlr,Ldlr,0.15600981,0.10309278350515463,Oligodendrocytes,Astrocytes,0.5601868,0.98
Fgf14,Fgf14,0.47067472,0.15637860082304528,Fgfr2,Fgfr2,0.64959764,0.3333333333333333,Microglia,Pericytes,0.5601362,1.0
Tnxb,Tnxb,0.62401605,0.28205128205128205,Itgb1,Itga9_Itgb1,0.49624488,0.3251231527093596,Pericytes,OPCs,0.5601305,0.0
Nid1,Nid1,0.5761931,0.27564102564102566,Itgb1,Itgb1,0.5436856,0.27564102564102566,Pericytes,Pericytes,0.5599394,0.0
Fn1,Fn1,0.27777004,0.1346153846153846,Itga6,Itga6,0.8420395,0.45103092783505155,Pericytes,Astrocytes,0.5599048,0.0
Sptan1,Sptan1,0.44629657,0.27835051546391754,Ptpra,Ptpra,0.6722777,0.43349753694581283,Astrocytes,OPCs,0.55928713,0.21
Pltp,Pltp,0.61608857,0.23717948717948717,Abca1,Abca1,0.5024027,0.2345679012345679,Pericytes,Microglia,0.55924565,0.0
Rgma,Rgma,0.45823228,0.24358974358974358,Bmpr2,Bmpr2,0.6596857,0.32510288065843623,Pericytes,Microglia,0.558959,0.0
Gnai2,Gnai2,0.5479544,0.2757201646090535,Adcy8,Adcy8,0.5676797,0.3448275862068966,Microglia,OPCs,0.55781704,0.0
Ptn,Ptn,0.8578954,0.41494845360824745,Plxnb2,Plxnb2,0.2572412,0.13580246913580246,Astrocytes,Microglia,0.5575683,0.0
Adam10,Adam10,0.5144967,0.33004926108374383,Notch2,Notch2,0.60047126,0.3004115226337449,OPCs,Microglia,0.557484,0.0
App,App,0.46430153,0.24742268041237114,Dcc,Dcc,0.6505509,0.2755574253260412,Astrocytes,Oligodendrocytes,0.5574262,1.0
App,App,0.46430153,0.24742268041237114,Rpsa,Rpsa,0.65035987,0.4039408866995074,Astrocytes,OPCs,0.5573307,1.0
Alcam,Alcam,0.81059724,0.49304377332880894,Chl1,Chl1,0.30339235,0.14743589743589744,Neurons,Pericytes,0.5569948,0.0
Nrxn1,Nrxn1,0.7008444,0.21778151731874912,Nlgn3,Nlgn3,0.4127724,0.2857142857142857,Oligodendrocytes,OPCs,0.5568084,1.0
Nlgn3,Nlgn3,0.4127724,0.2857142857142857,Nrxn1,Nrxn1,0.7008444,0.21778151731874912,OPCs,Oligodendrocytes,0.5568084,1.0
Lgi1,Lgi1,0.23187202,0.1625615763546798,Adam22,Adam22,0.88166285,0.5369458128078818,OPCs,OPCs,0.55676746,0.01
Lama4,Lama4,0.63566417,0.28846153846153844,Itgb8,Itgav_Itgb8,0.47756553,0.31527093596059114,Pericytes,OPCs,0.5566149,0.0
Rtn4,Rtn4,0.8252661,0.4729064039408867,Cntnap1,Cntnap1,0.28774056,0.32473702069901594,OPCs,Neurons,0.55650336,1.0
Ncam1,Ncam1,0.25594413,0.1111111111111111,Robo1,Robo1,0.85705125,0.33894264479035197,Microglia,Oligodendrocytes,0.5564977,1.0
Vegfa,Vegfa,0.4938224,0.2955665024630542,Egfr,Egfr,0.618786,0.3582474226804124,OPCs,Astrocytes,0.5563042,0.0
Fgf12,Fgf12,0.34823906,0.1958762886597938,Fgfr2,Fgfr2,0.764343,0.46798029556650245,Astrocytes,OPCs,0.55629104,1.0
Efna5,Efna5,0.88978624,0.5561588055649813,Epha5,Epha5,0.22269908,0.102880658436214,Neurons,Microglia,0.55624264,0.0
Edil3,Edil3,0.21299644,0.10699588477366255,Itgav,Itgav,0.89926815,0.5320197044334976,Microglia,OPCs,0.5561323,1.0
Timp2,Timp2,0.53795135,0.2757201646090535,Itgb1,Itgb1,0.57398784,0.2962962962962963,Microglia,Microglia,0.5559696,0.0
Gnai2,Gnai2,0.4459763,0.22435897435897437,Igf1r,Igf1r,0.66569024,0.5463182897862233,Pericytes,Neurons,0.5558333,0.0
Hsp90aa1,Hsp90aa1,0.49254623,0.3054187192118227,Egfr,Egfr,0.618786,0.3582474226804124,OPCs,Astrocytes,0.5556661,0.08
Fam3c,Fam3c,0.2767852,0.2019704433497537,Lamp1,Lamp1,0.83432853,0.3883045856121161,OPCs,Oligodendrocytes,0.5555569,0.0
Ntn1,Ntn1,0.9165528,0.5369458128078818,Neo1,Neo1,0.194527,0.1111111111111111,OPCs,Microglia,0.5555399,0.0
Psap,Psap,0.5998084,0.32051282051282054,Gpr37,Gpr37,0.51098347,0.25872949095498526,Pericytes,Oligodendrocytes,0.55539596,0.47
Lama4,Lama4,0.63566417,0.28846153846153844,Itga9,Itga9_Itgb1,0.47447187,0.22633744855967078,Pericytes,Microglia,0.555068,0.0
Adam10,Adam10,0.9186879,0.43209876543209874,Epha3,Epha3,0.19057654,0.10256410256410256,Microglia,Pericytes,0.5546322,0.0
Psap,Psap,0.90887284,0.5566502463054187,Gpr37,Gpr37,0.20030709,0.1211340206185567,OPCs,Astrocytes,0.55459,0.4
Spon1,Spon1,0.18311895,0.15914489311163896,App,App,0.92554754,0.5517241379310345,Neurons,OPCs,0.55433327,1.0
Ncam1,Ncam1,0.5186237,0.22435897435897437,Gfra1,Gfra1,0.588555,0.3793103448275862,Pericytes,OPCs,0.55358934,1.0
Psap,Psap,0.90887284,0.5566502463054187,Ar,Ar,0.19773225,0.2178486596538853,OPCs,Neurons,0.5533025,0.0
Cd14,Cd14,0.60979825,0.2757201646090535,Itgb1,Itgb1,0.49624488,0.3251231527093596,Microglia,OPCs,0.55302155,0.0
L1cam,L1cam,0.23996133,0.2829996606718697,Fgfr2,Fgfr2,0.8659368,0.652867322701052,Neurons,Neurons,0.5529491,0.21
App,App,0.92554754,0.5517241379310345,Lrp6,Lrp6,0.18008058,0.1072780816154817,OPCs,Oligodendrocytes,0.55281407,1.0
Efna5,Efna5,0.88978624,0.5561588055649813,Epha5,Epha5,0.21532029,0.11855670103092783,Neurons,Astrocytes,0.5525533,0.0
App,App,0.92554754,0.5517241379310345,Tspan12,Tspan12,0.17863977,0.1211340206185567,OPCs,Astrocytes,0.5520936,1.0
Vegfa,Vegfa,0.2038304,0.11538461538461539,Itgav,Itgav,0.89926815,0.5320197044334976,Pericytes,OPCs,0.55154926,0.0
Adam10,Adam10,0.9186879,0.43209876543209874,Axl,Axl,0.18438552,0.12886597938144329,Microglia,Astrocytes,0.5515367,0.0
Fgf13,Fgf13,0.23687625,0.13793103448275862,Fgfr2,Fgfr2,0.8659368,0.652867322701052,OPCs,Neurons,0.5514065,1.0
Adam10,Adam10,0.9186879,0.43209876543209874,Tspan17,Tspan17,0.18403491,0.20699015948422125,Microglia,Neurons,0.5513614,0.0
App,App,0.46430153,0.24742268041237114,Lrp6,Lrp6,0.63835216,0.4088669950738916,Astrocytes,OPCs,0.5513269,1.0
Sptan1,Sptan1,0.44629657,0.27835051546391754,Ptpra,Ptpra,0.655177,0.37371134020618557,Astrocytes,Astrocytes,0.5507368,0.19
App,App,0.92554754,0.5517241379310345,Tspan12,Tspan12,0.17574395,0.11330049261083744,OPCs,OPCs,0.55064577,1.0
Adam10,Adam10,0.9186879,0.43209876543209874,Tspan14,Tspan14,0.18239029,0.10545505539195064,Microglia,Oligodendrocytes,0.5505391,0.0
Hspa8,Hspa8,0.8623658,0.40384615384615385,Ldlr,Ldlr,0.23860839,0.10897435897435898,Pericytes,Pericytes,0.5504871,0.73
Ptn,Ptn,0.8578954,0.41494845360824745,Ncl,Ncl,0.24299379,0.14690721649484537,Astrocytes,Astrocytes,0.5504446,0.41
Angpt1,Angpt1,0.5267828,0.30049261083743845,Itgb1,Itgb1,0.57398784,0.2962962962962963,OPCs,Microglia,0.55038536,0.0
App,App,0.46430153,0.24742268041237114,Rpsa,Rpsa,0.63643503,0.28350515463917525,Astrocytes,Astrocytes,0.5503683,1.0
Fam3c,Fam3c,0.16299295,0.1815405497115711,Lamp1,Lamp1,0.9373469,0.4609053497942387,Neurons,Microglia,0.55016994,0.0
Adam9,Adam9,0.20066395,0.11522633744855967,Itgav,Itgav,0.89926815,0.5320197044334976,Microglia,OPCs,0.54996604,0.0
Gnai2,Gnai2,0.20350024,0.10531482260552517,Ccr5,Ccr5,0.8962897,0.3868312757201646,Oligodendrocytes,Microglia,0.549895,0.0
App,App,0.6004882,0.29218106995884774,Aplp2,Aplp2,0.49927166,0.2465292385359697,Microglia,Oligodendrocytes,0.5498799,1.0
Tgfb1,Tgfb1,0.48064888,0.23868312757201646,Egfr,Egfr,0.618786,0.3582474226804124,Microglia,Astrocytes,0.5497174,0.0
Gnai2,Gnai2,0.2388187,0.13402061855670103,Igf1r,Igf1r,0.8604635,0.3717948717948718,Astrocytes,Pericytes,0.54964113,0.0
Sorbs1,Sorbs1,0.70115906,0.4236453201970443,Itgb5,Itgb5,0.3980638,0.1987179487179487,OPCs,Pericytes,0.54961145,0.0
Gnai2,Gnai2,0.5479544,0.2757201646090535,Adcy9,Adcy9,0.5512227,0.513403461146929,Microglia,Neurons,0.54958856,0.0
Nfasc,Nfasc,0.81135815,0.4252577319587629,Cntnap1,Cntn1_Cntnap1,0.28774056,0.32473702069901594,Astrocytes,Neurons,0.54954934,0.0
Tnxb,Tnxb,0.62401605,0.28205128205128205,Itga9,Itga9_Itgb1,0.47447187,0.22633744855967078,Pericytes,Microglia,0.5492439,0.0
Apoe,Apoe,0.33165058,0.2297251442144554,Sdc2,Sdc2,0.7667969,0.3717948717948718,Neurons,Pericytes,0.5492237,0.83
Rtn4,Rtn4,0.59553874,0.3247422680412371,Rtn4rl1,Rtn4rl1,0.5028403,0.25102880658436216,Astrocytes,Microglia,0.5491895,1.0
Serpine2,Serpine2,0.55750227,0.2757201646090535,Lrp1,Lrp1,0.54086536,0.5218866644044792,Microglia,Neurons,0.54918385,0.0
Sdc2,Sdc2,0.5634497,0.3427835051546392,Ptprj,Ptprj,0.53486246,0.500508992195453,Astrocytes,Neurons,0.54915607,0.0
Fgf12,Fgf12,0.33354598,0.13168724279835392,Fgfr2,Fgfr2,0.764343,0.46798029556650245,Microglia,OPCs,0.5489445,1.0
Adam10,Adam10,0.9186879,0.43209876543209874,Tspan12,Tspan12,0.17863977,0.1211340206185567,Microglia,Astrocytes,0.54866385,0.0
Rims2,Rims2,0.882686,0.45618556701030927,Abca1,Abca1,0.21408409,0.1346153846153846,Astrocytes,Pericytes,0.548385,0.02
Adam17,Adam17,0.52026546,0.26337448559670784,Erbb4,Erbb4,0.5759879,0.16666666666666666,Microglia,Pericytes,0.5481267,0.97
Slit2,Slit2,0.17040688,0.11330049261083744,App,App,0.92554754,0.5517241379310345,OPCs,OPCs,0.5479772,1.0
Efna5,Efna5,0.88978624,0.5561588055649813,Ephb2,Ephb2,0.20598254,0.14285714285714285,Neurons,OPCs,0.5478844,0.0
Ptn,Ptn,0.8578954,0.41494845360824745,Ncl,Ncl,0.2377526,0.11555181601458421,Astrocytes,Oligodendrocytes,0.54782397,0.4
Pdgfb,Pdgfb,0.50229794,0.24279835390946503,S1pr1,S1pr1,0.5928543,0.3479381443298969,Microglia,Astrocytes,0.5475761,0.0
Adam10,Adam10,0.9186879,0.43209876543209874,Tspan12,Tspan12,0.17574395,0.11330049261083744,Microglia,OPCs,0.54721594,0.0
Adam17,Adam17,0.52026546,0.26337448559670784,Itgb1,Itgb1,0.57398784,0.2962962962962963,Microglia,Microglia,0.54712665,0.0
Fndc5,Fndc5,0.22719352,0.2507634882931795,Itgav,Itgav,0.8661415,0.4074074074074074,Neurons,Microglia,0.5466675,0.0
H2-K1,H2-K1,0.8325077,0.39094650205761317,Aplp2,Aplp2,0.26024443,0.14814814814814814,Microglia,Microglia,0.5463761,0.0
Sema6a,Sema6a,0.21764022,0.11538461538461539,Plxna4,Plxna4,0.8749577,0.41975308641975306,Pericytes,Microglia,0.546299,0.0
St6gal1,St6gal1,0.47377563,0.24442574673958772,Egfr,Egfr,0.618786,0.3582474226804124,Oligodendrocytes,Astrocytes,0.5462808,0.0
Adam10,Adam10,0.5144967,0.33004926108374383,Tspan5,Tspan5,0.5775721,0.28817837610433317,OPCs,Oligodendrocytes,0.5460344,0.18
Agrn,Agrn,0.19063604,0.11583228158743514,Lrp1,Lrp1,0.90028125,0.4551282051282051,Oligodendrocytes,Pericytes,0.5454587,0.0
Fam3c,Fam3c,0.2767852,0.2019704433497537,Lamp1,Lamp1,0.8126957,0.5073891625615764,OPCs,OPCs,0.54474044,0.0
Gnai2,Gnai2,0.2388187,0.13402061855670103,Igf1r,Igf1r,0.850407,0.4975369458128079,Astrocytes,OPCs,0.5446129,0.0
Tgfa,Tgfa,0.5128305,0.33004926108374383,Erbb4,Erbb4,0.5759879,0.16666666666666666,OPCs,Pericytes,0.54440916,0.97
Fgf1,Fgf1,0.22252169,0.23583305055989143,Fgfr2,Fgfr2,0.8659368,0.652867322701052,Neurons,Neurons,0.54422927,1.0
Gnai2,Gnai2,0.4459763,0.22435897435897437,Adcy8,Adcy8,0.64238846,0.3711340206185567,Pericytes,Astrocytes,0.54418236,0.0
Rgma,Rgma,0.45823228,0.24358974358974358,Neo1,Neo1,0.62979364,0.3134202776609171,Pericytes,Oligodendrocytes,0.54401296,0.0
Rgma,Rgma,0.45823228,0.24358974358974358,Neo1,Neo1,0.6293687,0.36597938144329895,Pericytes,Astrocytes,0.5438005,0.0
Lrig2,Lrig2,0.46870396,0.47675602307431286,Egfr,Egfr,0.618786,0.3582474226804124,Neurons,Astrocytes,0.543745,0.0
Vegfa,Vegfa,0.65000755,0.36597938144329895,Nrp1,Nrp1,0.436427,0.35595520868680014,Astrocytes,Neurons,0.5432173,0.0
Gnai2,Gnai2,0.5479544,0.2757201646090535,Igf1r,Igf1r,0.5384345,0.27036881222829895,Microglia,Oligodendrocytes,0.5431944,0.0
Efna5,Efna5,0.88978624,0.5561588055649813,Ephb1,Ephb1,0.19656153,0.13793103448275862,Neurons,OPCs,0.5431739,0.0
Ptn,Ptn,0.8578954,0.41494845360824745,Ptprs,Ptprs,0.22819644,0.12074042911232646,Astrocytes,Oligodendrocytes,0.5430459,1.0
Ncam1,Ncam1,0.5186237,0.22435897435897437,Robo1,Robo1,0.56691456,0.23076923076923078,Pericytes,Pericytes,0.54276913,1.0
Gnai2,Gnai2,0.5479544,0.2757201646090535,Adcy9,Adcy9,0.5369343,0.28846153846153844,Microglia,Pericytes,0.54244435,0.0
Mif,Mif,0.46523848,0.2857142857142857,Egfr,Egfr,0.618786,0.3582474226804124,OPCs,Astrocytes,0.5420122,0.0
Gpc3,Gpc3,0.18304504,0.15405497115710892,Lrp1,Lrp1,0.90028125,0.4551282051282051,Neurons,Pericytes,0.54166317,0.0
Ncam1,Ncam1,0.25594413,0.1111111111111111,Ptpra,Ptpra,0.8259607,0.4074074074074074,Microglia,Microglia,0.54095244,1.0
Timp2,Timp2,0.53795135,0.2757201646090535,Itgb1,Itgb1,0.5436856,0.27564102564102566,Microglia,Pericytes,0.54081845,0.0
App,App,0.92554754,0.5517241379310345,Tspan12,Tspan12,0.15573081,0.18425517475398712,OPCs,Neurons,0.54063916,1.0
Jam3,Jam3,0.50715244,0.2623755434020474,Itgb1,Itgb1,0.57398784,0.2962962962962963,Oligodendrocytes,Microglia,0.54057014,0.0
Fgf13,Fgf13,0.8300028,0.5408890397013912,Egfr,Egfr,0.25086373,0.1282051282051282,Neurons,Pericytes,0.5404333,0.0
Sptan1,Sptan1,0.54597825,0.28846153846153844,Ptpra,Ptpra,0.53463,0.28172766792876175,Pericytes,Oligodendrocytes,0.5403041,0.32
Efna5,Efna5,0.88978624,0.5561588055649813,Epha3,Epha3,0.19057654,0.10256410256410256,Neurons,Pericytes,0.5401814,0.0
Sptan1,Sptan1,0.54597825,0.28846153846153844,Ptpra,Ptpra,0.53325456,0.3076923076923077,Pericytes,Pericytes,0.5396164,0.39
Edil3,Edil3,0.21299644,0.10699588477366255,Itgav,Itgav,0.8661415,0.4074074074074074,Microglia,Microglia,0.53956896,1.0
Adam15,Adam15,0.17953819,0.2130980658296573,Itgav,Itgav,0.89926815,0.5320197044334976,Neurons,OPCs,0.5394032,0.0
Mdk,Mdk,0.44691485,0.2654639175257732,Sdc4,Sdc4,0.6302898,0.3634020618556701,Astrocytes,Astrocytes,0.53860235,0.0
Lgi3,Lgi3,0.43380603,0.21722058617304726,Adam23,Adam23,0.64331293,0.3645320197044335,Oligodendrocytes,OPCs,0.5385595,0.0
Hspa8,Hspa8,0.7735985,0.458128078817734,Ldlr,Ldlr,0.3027977,0.2019704433497537,OPCs,OPCs,0.5381981,0.8
Cntn1,Cntn1,0.47541264,0.1987179487179487,Notch2,Notch2,0.60047126,0.3004115226337449,Pericytes,Microglia,0.53794193,0.02
Fgf12,Fgf12,0.42590085,0.17935773383817136,Fgfr2,Fgfr2,0.64959764,0.3333333333333333,Oligodendrocytes,Pericytes,0.53774923,1.0
Spp1,Spp1,0.20911169,0.11367492365117068,Itgav,Itgav_Itgb5,0.8661415,0.4074074074074074,Neurons,Microglia,0.5376266,0.0
St6gal1,St6gal1,0.45633054,0.2139917695473251,Egfr,Egfr,0.618786,0.3582474226804124,Microglia,Astrocytes,0.53755826,0.0
Efnb3,Efnb3,0.48290431,0.25045575655588276,Ephb1,Ephb1,0.5915831,0.27990464170523066,Oligodendrocytes,Oligodendrocytes,0.5372437,0.0
Adam10,Adam10,0.9186879,0.43209876543209874,Tspan12,Tspan12,0.15573081,0.18425517475398712,Microglia,Neurons,0.53720933,0.0
Fgf10,Fgf10,0.122515775,0.12792670512385476,Fgfr2,Fgfr2,0.9517514,0.5,Neurons,Astrocytes,0.5371336,0.32
Timp3,Timp3,0.7096336,0.3269230769230769,Ddr1,Ddr1,0.36414883,0.2345360824742268,Pericytes,Astrocytes,0.5368912,0.0
Hspa8,Hspa8,0.8349349,0.38402061855670105,Ldlr,Ldlr,0.23860839,0.10897435897435898,Astrocytes,Pericytes,0.53677166,0.89
Nrxn2,Nrxn2,0.28788555,0.15972514373860608,Nlgn1,Nlgn1,0.78537273,0.30360398261113447,Oligodendrocytes,Oligodendrocytes,0.53662914,1.0
Nlgn1,Nlgn1,0.78537273,0.30360398261113447,Nrxn2,Nrxn2,0.28788555,0.15972514373860608,Oligodendrocytes,Oligodendrocytes,0.53662914,1.0
Sdc2,Sdc2,0.27804708,0.27994570749915165,Ptprj,Ptprj,0.7951364,0.4097938144329897,Neurons,Astrocytes,0.53659177,0.0
Ntrk3,Ntrk3,0.90171796,0.49226804123711343,Ptprf,Ptprf,0.17144528,0.10363202916841957,Astrocytes,Oligodendrocytes,0.53658164,0.0
Cntn3,Cntn3,0.8210859,0.502544960977265,Ptprg,Ptprg,0.25139606,0.12757201646090535,Neurons,Microglia,0.53624094,0.1
Nid1,Nid1,0.5761931,0.27564102564102566,Itgb1,Itgb1,0.49624488,0.3251231527093596,Pericytes,OPCs,0.536219,0.0
Slit2,Slit2,0.6824873,0.39124533423820834,Robo2,Robo2,0.38992465,0.17307692307692307,Neurons,Pericytes,0.536206,0.0
Ptn,Ptn,0.95161796,0.40316926097321554,Sdc3,Sdc3,0.1207724,0.1340346114692908,Oligodendrocytes,Neurons,0.53619516,0.0
Alcam,Alcam,0.81059724,0.49304377332880894,Nrp1,Nrp1,0.2617305,0.17525773195876287,Neurons,Astrocytes,0.53616387,0.0
Cadm3,Cadm3,0.39113206,0.4014251781472684,Cadm1,Cadm1,0.6809834,0.3232365727106998,Neurons,Oligodendrocytes,0.5360577,0.07
Fgf14,Fgf14,0.42237043,0.13462347496844762,Fgfr2,Fgfr2,0.64959764,0.3333333333333333,Oligodendrocytes,Pericytes,0.53598404,1.0
Adam10,Adam10,0.4714337,0.2507362221287337,Notch2,Notch2,0.60047126,0.3004115226337449,Oligodendrocytes,Microglia,0.53595245,0.0
Agrn,Agrn,0.19063604,0.11583228158743514,Lrp1,Lrp1,0.8808295,0.4742268041237113,Oligodendrocytes,Astrocytes,0.53573275,0.0
Ptn,Ptn,0.8578954,0.41494845360824745,Sdc3,Sdc3,0.21290232,0.13144329896907217,Astrocytes,Astrocytes,0.53539884,0.02
Angpt1,Angpt1,0.5267828,0.30049261083743845,Itgb1,Itgb1,0.5436856,0.27564102564102566,OPCs,Pericytes,0.5352342,0.0
Vegfa,Vegfa,0.2038304,0.11538461538461539,Itgav,Itgav,0.8661415,0.4074074074074074,Pericytes,Microglia,0.53498596,0.0
Vegfa,Vegfa,0.17069003,0.2130980658296573,Itgav,Itgav,0.89926815,0.5320197044334976,Neurons,OPCs,0.5349791,0.0
Alcam,Alcam,0.81059724,0.49304377332880894,Chl1,Chl1,0.25932926,0.15763546798029557,Neurons,OPCs,0.53496325,0.0
Bsg,Bsg,0.6722407,0.35390946502057613,Slc16a7,Slc16a7,0.39726377,0.2561576354679803,Microglia,OPCs,0.53475225,0.08
Sptan1,Sptan1,0.53422546,0.35960591133004927,Ptpra,Ptpra,0.53463,0.28172766792876175,OPCs,Oligodendrocytes,0.53442776,0.37
Vegfa,Vegfa,0.4938224,0.2955665024630542,Itgb1,Itgb1,0.57398784,0.2962962962962963,OPCs,Microglia,0.53390515,0.0
Sptan1,Sptan1,0.53422546,0.35960591133004927,Ptpra,Ptpra,0.53325456,0.3076923076923077,OPCs,Pericytes,0.53374004,0.44
Gnai2,Gnai2,0.4459763,0.22435897435897437,Igf1r,Igf1r,0.62140805,0.3634020618556701,Pericytes,Astrocytes,0.5336922,0.0
Gnai2,Gnai2,0.2388187,0.13402061855670103,Adcy8,Adcy8,0.8281998,0.5564981336952833,Astrocytes,Neurons,0.53350925,0.0
Adam9,Adam9,0.20066395,0.11522633744855967,Itgav,Itgav,0.8661415,0.4074074074074074,Microglia,Microglia,0.53340274,0.0
Alcam,Alcam,0.32285097,0.1440329218106996,Chl1,Chl1,0.7434876,0.5212080081438751,Microglia,Neurons,0.53316927,0.0
Fgf1,Fgf1,0.1992148,0.1110643668489693,Fgfr2,Fgfr2,0.8659368,0.652867322701052,Oligodendrocytes,Neurons,0.5325758,1.0
App,App,0.46430153,0.24742268041237114,Notch2,Notch2,0.60047126,0.3004115226337449,Astrocytes,Microglia,0.5323864,1.0
Gnai2,Gnai2,0.4459763,0.22435897435897437,Egfr,Egfr,0.618786,0.3582474226804124,Pericytes,Astrocytes,0.5323811,0.0
Mdk,Mdk,0.44691485,0.2654639175257732,Sdc3,Sdc3,0.6173037,0.3891625615763547,Astrocytes,OPCs,0.53210926,0.0
Rgma,Rgma,0.1742906,0.10068714065348479,Neo1,Neo1,0.88980854,0.5270935960591133,Oligodendrocytes,OPCs,0.53204954,0.0
Ntn1,Ntn1,0.41347387,0.20512820512820512,Dcc,Dcc,0.6505509,0.2755574253260412,Pericytes,Oligodendrocytes,0.5320124,0.0
Gnai2,Gnai2,0.20350024,0.10531482260552517,Igf1r,Igf1r,0.8604635,0.3717948717948718,Oligodendrocytes,Pericytes,0.5319819,0.0
Adam17,Adam17,0.52026546,0.26337448559670784,Itgb1,Itgb1,0.5436856,0.27564102564102566,Microglia,Pericytes,0.5319755,0.0
Gpc3,Gpc3,0.18304504,0.15405497115710892,Lrp1,Lrp1,0.8808295,0.4742268041237113,Neurons,Astrocytes,0.5319373,0.0
App,App,0.46430153,0.24742268041237114,Aplp2,Aplp2,0.59956783,0.39408866995073893,Astrocytes,OPCs,0.5319347,1.0
Col11a1,Col11a1,0.5795459,0.3448275862068966,Ddr1,Ddr1,0.48428917,0.2549432057214977,OPCs,Oligodendrocytes,0.5319176,0.0
Psap,Psap,0.61850256,0.28705651381292946,Sort1,Sort1,0.44504783,0.23615201234048522,Oligodendrocytes,Oligodendrocytes,0.5317752,1.0
Pros1,Pros1,0.21092054,0.1282051282051282,Mertk,Mertk,0.85189825,0.4536082474226804,Pericytes,Astrocytes,0.5314094,0.0
Nrxn2,Nrxn2,0.6497941,0.5687139463861555,Nlgn3,Nlgn3,0.4127724,0.2857142857142857,Neurons,OPCs,0.53128326,0.0
Nlgn3,Nlgn3,0.4127724,0.2857142857142857,Nrxn2,Nrxn2,0.6497941,0.5687139463861555,OPCs,Neurons,0.53128326,0.0
Adam10,Adam10,0.46146008,0.46182558534102475,Notch2,Notch2,0.60047126,0.3004115226337449,Neurons,Microglia,0.5309657,0.0
Sptbn2,Sptbn2,0.23505466,0.27587376993552765,Ptpra,Ptpra,0.8259607,0.4074074074074074,Neurons,Microglia,0.5305077,0.0
Lamc1,Lamc1,0.564364,0.35467980295566504,Itgb1,Itga9_Itgb1,0.49624488,0.3251231527093596,OPCs,OPCs,0.53030443,0.0
App,App,0.46430153,0.24742268041237114,Aplp2,Aplp2,0.59592265,0.30128205128205127,Astrocytes,Pericytes,0.5301121,1.0
Vegfa,Vegfa,0.65000755,0.36597938144329895,Nrp1,Nrp1,0.40976745,0.1794871794871795,Astrocytes,Pericytes,0.5298875,0.0
Vegfa,Vegfa,0.65000755,0.36597938144329895,Itgav,Itgav,0.40935338,0.25773195876288657,Astrocytes,Astrocytes,0.5296805,0.0
Sptan1,Sptan1,0.54597825,0.28846153846153844,Ptpra,Ptpra,0.51325756,0.4906684764166949,Pericytes,Neurons,0.5296179,0.41
Fam3c,Fam3c,0.16299295,0.1815405497115711,Lamp1,Lamp1,0.8957308,0.42948717948717946,Neurons,Pericytes,0.52936184,0.0
Adam9,Adam9,0.15883441,0.1981676280963692,Itgav,Itgav,0.89926815,0.5320197044334976,Neurons,OPCs,0.5290513,0.0
Fgf1,Fgf1,0.1916877,0.10256410256410256,Fgfr2,Fgfr2,0.8659368,0.652867322701052,Pericytes,Neurons,0.5288123,1.0
Rgma,Rgma,0.45823228,0.24358974358974358,Bmpr2,Bmpr2,0.5972455,0.30128205128205127,Pericytes,Pericytes,0.5277389,0.0
Gnai2,Gnai2,0.15861359,0.16762809636918902,Ccr5,Ccr5,0.8962897,0.3868312757201646,Neurons,Microglia,0.52745163,0.0
Adam10,Adam10,0.454205,0.2692307692307692,Notch2,Notch2,0.60047126,0.3004115226337449,Pericytes,Microglia,0.52733815,0.0
Tgfb1,Tgfb1,0.48064888,0.23868312757201646,Itgb1,Itgb1,0.57398784,0.2962962962962963,Microglia,Microglia,0.52731836,0.0
Jam2,Jam2,0.55770284,0.3247422680412371,Itgb1,Itgav_Itgb1,0.49624488,0.3251231527093596,Astrocytes,OPCs,0.52697384,0.0
Gnai2,Gnai2,0.20350024,0.10531482260552517,Igf1r,Igf1r,0.850407,0.4975369458128079,Oligodendrocytes,OPCs,0.52695364,0.0
Ptn,Ptn,0.8578954,0.41494845360824745,Ncl,Ncl,0.19548862,0.102880658436214,Astrocytes,Microglia,0.526692,0.62
Ncam1,Ncam1,0.5186237,0.22435897435897437,Ptpra,Ptpra,0.53463,0.28172766792876175,Pericytes,Oligodendrocytes,0.5266268,1.0
Actr2,Actr2,0.7504534,0.36213991769547327,Ldlr,Ldlr,0.3027977,0.2019704433497537,Microglia,OPCs,0.5266256,0.0
App,App,0.92554754,0.5517241379310345,Vldlr,Vldlr,0.1274754,0.15710892432982695,OPCs,Neurons,0.5265115,1.0
Adam17,Adam17,0.14369662,0.1866304716661011,Il6ra,Il6ra,0.9090278,0.4156378600823045,Neurons,Microglia,0.52636224,0.0
Sorbs1,Sorbs1,0.7687583,0.6029860875466576,Itgb5,Itgb5,0.2834249,0.17525773195876287,Neurons,Astrocytes,0.5260916,0.0
Ncam1,Ncam1,0.5186237,0.22435897435897437,Ptpra,Ptpra,0.53325456,0.3076923076923077,Pericytes,Pericytes,0.5259391,1.0
Pltp,Pltp,0.61608857,0.23717948717948717,Abca1,Abca1,0.43556362,0.27319587628865977,Pericytes,Astrocytes,0.5258261,0.0
Lama4,Lama4,0.47730374,0.30049261083743845,Itgb1,Itga6_Itgb1,0.57398784,0.2962962962962963,OPCs,Microglia,0.5256458,0.0
Rgma,Rgma,0.45823228,0.24358974358974358,Neo1,Neo1,0.5930298,0.5293518832711231,Pericytes,Neurons,0.52563107,0.0
Jam3,Jam3,0.50715244,0.2623755434020474,Itgb1,Itgb1,0.5436856,0.27564102564102566,Oligodendrocytes,Pericytes,0.525419,0.0
Agrn,Agrn,0.47645134,0.3054187192118227,Itgb1,Itgb1,0.57398784,0.2962962962962963,OPCs,Microglia,0.52521956,0.0
Sema6a,Sema6a,0.42807043,0.21147104192960314,Plxna2,Plxna2,0.62225235,0.517814726840855,Oligodendrocytes,Neurons,0.5251614,0.0
Rtn4,Rtn4,0.8252661,0.4729064039408867,Lingo1,Lingo1,0.22480725,0.1625615763546798,OPCs,OPCs,0.5250367,1.0
Adam10,Adam10,0.5144967,0.33004926108374383,Tspan5,Tspan5,0.5350868,0.49134713267729896,OPCs,Neurons,0.5247917,0.43
Bsg,Bsg,0.6722407,0.35390946502057613,Slc16a7,Slc16a7,0.37683934,0.1934156378600823,Microglia,Microglia,0.52454,0.15
Adam10,Adam10,0.4714337,0.2507362221287337,Tspan5,Tspan5,0.5775721,0.28817837610433317,Oligodendrocytes,Oligodendrocytes,0.5245029,0.4
Agrn,Agrn,0.19063604,0.11583228158743514,Lrp1,Lrp1,0.8583547,0.411522633744856,Oligodendrocytes,Microglia,0.52449536,0.0
Bsg,Bsg,0.7820679,0.40463917525773196,Slc16a7,Slc16a7,0.26645473,0.2972514421445538,Astrocytes,Neurons,0.5242613,0.11
Mdk,Mdk,0.281712,0.18719211822660098,Sdc2,Sdc2,0.7667969,0.3717948717948718,OPCs,Pericytes,0.52425444,0.0
Sptan1,Sptan1,0.53422546,0.35960591133004927,Ptpra,Ptpra,0.51325756,0.4906684764166949,OPCs,Neurons,0.5237415,0.46
Mdk,Mdk,0.44691485,0.2654639175257732,Notch2,Notch2,0.60047126,0.3004115226337449,Astrocytes,Microglia,0.5236931,0.0
Farp2,Farp2,0.17225671,0.22124194095690533,Plxna4,Plxna4,0.8749577,0.41975308641975306,Neurons,Microglia,0.5236072,0.0
Nfasc,Nfasc,0.7586849,0.6226671191041737,Cntnap1,Cntn1_Cntnap1,0.28774056,0.32473702069901594,Neurons,Neurons,0.52321273,0.0
Adam15,Adam15,0.17953819,0.2130980658296573,Itgav,Itgav,0.8661415,0.4074074074074074,Neurons,Microglia,0.52283984,0.0
App,App,0.92554754,0.5517241379310345,Ncstn,Ncstn,0.11996884,0.15676959619952494,OPCs,Neurons,0.5227582,1.0
Mdk,Mdk,0.281712,0.18719211822660098,Alk,Alk,0.76363486,0.43842364532019706,OPCs,OPCs,0.5226734,0.0
Lama4,Lama4,0.63566417,0.28846153846153844,Itgav,Itgav_Itgb8,0.40935338,0.25773195876288657,Pericytes,Astrocytes,0.52250874,0.0
Ptn,Ptn,0.41468883,0.34170342721411606,Sdc4,Sdc4,0.6302898,0.3634020618556701,Neurons,Astrocytes,0.5224893,0.0
Hsp90b1,Hsp90b1,0.50407153,0.47268408551068886,Lrp1,Lrp1,0.54086536,0.5218866644044792,Neurons,Neurons,0.52246845,0.0
Psap,Psap,0.5998084,0.32051282051282054,Sort1,Sort1,0.44504783,0.23615201234048522,Pericytes,Oligodendrocytes,0.5224281,0.87
Jam2,Jam2,0.54854804,0.3694581280788177,Itgb1,Itgav_Itgb1,0.49624488,0.3251231527093596,OPCs,OPCs,0.52239645,0.0
Fn1,Fn1,0.27777004,0.1346153846153846,Sdc2,Sdc2,0.7667969,0.3717948717948718,Pericytes,Pericytes,0.52228343,0.0
Efna5,Efna5,0.88978624,0.5561588055649813,Epha4,Epha4,0.15477175,0.10256410256410256,Neurons,Pericytes,0.522279,0.0
Hsp90b1,Hsp90b1,0.6173504,0.30864197530864196,Tlr7,Tlr7,0.4271331,0.205761316872428,Microglia,Microglia,0.5222418,0.0
Tgfb1,Tgfb1,0.48064888,0.23868312757201646,Sdc2,Sdc2,0.5634497,0.3427835051546392,Microglia,Astrocytes,0.5220493,0.0
Fgf9,Fgf9,0.1779892,0.21174075330844927,Fgfr2,Fgfr2,0.8659368,0.652867322701052,Neurons,Neurons,0.521963,0.89
Col11a1,Col11a1,0.5000702,0.3545978961655921,Itgb1,Itga1_Itgb1,0.5436856,0.27564102564102566,Neurons,Pericytes,0.5218779,0.0
Lama4,Lama4,0.63566417,0.28846153846153844,Dag1,Dag1,0.40804067,0.270935960591133,Pericytes,OPCs,0.52185243,0.0
Gpc3,Gpc3,0.18304504,0.15405497115710892,Igf1r,Igf1r,0.8604635,0.3717948717948718,Neurons,Pericytes,0.52175426,0.0
Rgmb,Rgmb,0.15350053,0.17678995588734306,Neo1,Neo1,0.88980854,0.5270935960591133,Neurons,OPCs,0.52165455,0.0
Ntn1,Ntn1,0.41347387,0.20512820512820512,Neo1,Neo1,0.62979364,0.3134202776609171,Pericytes,Oligodendrocytes,0.52163374,0.0
Pdgfb,Pdgfb,0.50229794,0.24279835390946503,Lrp1,Lrp1,0.54086536,0.5218866644044792,Microglia,Neurons,0.52158165,0.0
Ntn1,Ntn1,0.41347387,0.20512820512820512,Neo1,Neo1,0.6293687,0.36597938144329895,Pericytes,Astrocytes,0.5214213,0.0
Adam9,Adam9,0.20066395,0.11522633744855967,Itga6,Itga6,0.8420395,0.45103092783505155,Microglia,Astrocytes,0.52135175,0.0
Adam10,Adam10,0.4420664,0.26804123711340205,Notch2,Notch2,0.60047126,0.3004115226337449,Astrocytes,Microglia,0.52126884,0.0
Dcn,Dcn,0.4233524,0.16666666666666666,Egfr,Egfr,0.618786,0.3582474226804124,Pericytes,Astrocytes,0.52106917,0.0
Alcam,Alcam,0.40804878,0.2016547468798205,Nrp1,Nrp1,0.63388366,0.2880658436213992,Oligodendrocytes,Microglia,0.52096623,0.0
Lamc1,Lamc1,0.564364,0.35467980295566504,Itgb8,Itgav_Itgb8,0.47756553,0.31527093596059114,OPCs,OPCs,0.52096474,0.0
Lama4,Lama4,0.63566417,0.28846153846153844,Dag1,Dag1,0.4057683,0.23076923076923078,Pericytes,Pericytes,0.52071625,0.0
Gpc3,Gpc3,0.18304504,0.15405497115710892,Lrp1,Lrp1,0.8583547,0.411522633744856,Neurons,Microglia,0.52069986,0.0
Cntn2,Cntn2,0.5642749,0.286916281026504,Cntn1,Cntn1,0.47541264,0.1987179487179487,Oligodendrocytes,Pericytes,0.51984376,0.88
Farp2,Farp2,0.16458921,0.11822660098522167,Plxna4,Plxna4,0.8749577,0.41975308641975306,OPCs,Microglia,0.5197734,0.0
Adam10,Adam10,0.46146008,0.46182558534102475,Tspan5,Tspan5,0.5775721,0.28817837610433317,Neurons,Oligodendrocytes,0.5195161,0.64
Hsp90b1,Hsp90b1,0.49814698,0.3251231527093596,Lrp1,Lrp1,0.54086536,0.5218866644044792,OPCs,Neurons,0.51950616,0.0
Lamc1,Lamc1,0.564364,0.35467980295566504,Itga9,Itga9_Itgb1,0.47447187,0.22633744855967078,OPCs,Microglia,0.51941794,0.0
Gnai2,Gnai2,0.4459763,0.22435897435897437,S1pr1,S1pr1,0.5928543,0.3479381443298969,Pericytes,Astrocytes,0.5194153,0.0
Lamc1,Lamc1,0.8149198,0.358974358974359,Itgb8,Itgav_Itgb8,0.22328635,0.12634974056934511,Pericytes,Oligodendrocytes,0.5191031,0.0
Vegfa,Vegfa,0.4938224,0.2955665024630542,Itgb1,Itgb1,0.5436856,0.27564102564102566,OPCs,Pericytes,0.518754,0.0
Rtn4,Rtn4,0.5346433,0.27564102564102566,Rtn4rl1,Rtn4rl1,0.5028403,0.25102880658436216,Pericytes,Microglia,0.5187418,1.0
Gas6,Gas6,0.185438,0.11082474226804123,Mertk,Mertk,0.85189825,0.4536082474226804,Astrocytes,Astrocytes,0.5186681,0.0
Vegfa,Vegfa,0.17069003,0.2130980658296573,Itgav,Itgav,0.8661415,0.4074074074074074,Neurons,Microglia,0.51841575,0.0
Efnb2,Efnb2,0.10097656,0.12690872073294876,Grm5,Grm5,0.9355398,0.39690721649484534,Neurons,Astrocytes,0.51825815,0.0
Nlgn1,Nlgn1,0.78537273,0.30360398261113447,Nrxn2,Nrxn2,0.25109345,0.14743589743589744,Oligodendrocytes,Pericytes,0.51823306,1.0
Nrxn2,Nrxn2,0.25109345,0.14743589743589744,Nlgn1,Nlgn1,0.78537273,0.30360398261113447,Pericytes,Oligodendrocytes,0.51823306,1.0
Lrrc4b,Lrrc4b,0.4928386,0.33004926108374383,Ptprs,Ptprs,0.5431201,0.327319587628866,OPCs,Astrocytes,0.5179793,0.0
Timp2,Timp2,0.53795135,0.2757201646090535,Itgb1,Itgb1,0.49624488,0.3251231527093596,Microglia,OPCs,0.5170981,0.0
Rgma,Rgma,0.7202636,0.4097938144329897,Neo1,Neo1,0.31391,0.1858974358974359,Astrocytes,Pericytes,0.5170868,0.0
Vegfa,Vegfa,0.65000755,0.36597938144329895,Itgav,Itgav,0.38362354,0.21794871794871795,Astrocytes,Pericytes,0.51681554,0.0
Gpc3,Gpc3,0.18304504,0.15405497115710892,Igf1r,Igf1r,0.850407,0.4975369458128079,Neurons,OPCs,0.516726,0.0
Lamc1,Lamc1,0.8149198,0.358974358974359,Itgb8,Itgav_Itgb8,0.21812287,0.1282051282051282,Pericytes,Pericytes,0.51652133,0.0
Efna5,Efna5,0.88978624,0.5561588055649813,Epha4,Epha4,0.14315248,0.10837438423645321,Neurons,OPCs,0.51646936,0.0
Serpine2,Serpine2,0.13249534,0.12690872073294876,Lrp1,Lrp1,0.90028125,0.4551282051282051,Neurons,Pericytes,0.5163883,0.0
Ptn,Ptn,0.41468883,0.34170342721411606,Sdc3,Sdc3,0.6173037,0.3891625615763547,Neurons,OPCs,0.5159963,0.0
Ncam1,Ncam1,0.5186237,0.22435897435897437,Ptpra,Ptpra,0.51325756,0.4906684764166949,Pericytes,Neurons,0.51594067,1.0
Adam10,Adam10,0.454205,0.2692307692307692,Tspan5,Tspan5,0.5775721,0.28817837610433317,Pericytes,Oligodendrocytes,0.5158886,0.68
Gnai2,Gnai2,0.20350024,0.10531482260552517,Adcy8,Adcy8,0.8281998,0.5564981336952833,Oligodendrocytes,Neurons,0.51585,0.0
Lamc1,Lamc1,0.8149198,0.358974358974359,Itgb1,Itga6_Itgb1,0.2157086,0.13402061855670103,Pericytes,Astrocytes,0.5153142,0.0
Calr,Calr,0.62079793,0.3694581280788177,Itgav,Itgav,0.40935338,0.25773195876288657,OPCs,Astrocytes,0.5150757,0.0
H2-K1,H2-K1,0.43010274,0.1987179487179487,Aplp2,Aplp2,0.59956783,0.39408866995073893,Pericytes,OPCs,0.5148353,0.0
Calr,Calr,0.48717567,0.4509670851713607,Lrp1,Lrp1,0.54086536,0.5218866644044792,Neurons,Neurons,0.5140205,0.0
Slit2,Slit2,0.17040688,0.11330049261083744,Robo1,Robo1,0.85705125,0.33894264479035197,OPCs,Oligodendrocytes,0.5137291,1.0
Vcl,Vcl,0.6138986,0.2948717948717949,Alk,Alk,0.4133415,0.3189684424838819,Pericytes,Neurons,0.51362,0.0
Hspa8,Hspa8,0.8623658,0.40384615384615385,Ldlr,Ldlr,0.16484001,0.18730912792670512,Pericytes,Neurons,0.5136029,0.97
H2-K1,H2-K1,0.43010274,0.1987179487179487,Aplp2,Aplp2,0.59592265,0.30128205128205127,Pericytes,Pericytes,0.5130127,0.0
Timp3,Timp3,0.661649,0.38402061855670105,Ddr1,Ddr1,0.36414883,0.2345360824742268,Astrocytes,Astrocytes,0.5128989,0.0
Lgi1,Lgi1,0.38201192,0.15384615384615385,Adam23,Adam23,0.64331293,0.3645320197044335,Pericytes,OPCs,0.5126624,0.0
Fgf12,Fgf12,0.37540203,0.15384615384615385,Fgfr2,Fgfr2,0.64959764,0.3333333333333333,Pericytes,Pericytes,0.5124998,1.0
Adam9,Adam9,0.15883441,0.1981676280963692,Itgav,Itgav,0.8661415,0.4074074074074074,Neurons,Microglia,0.51248795,0.0
Gnai2,Gnai2,0.4459763,0.22435897435897437,Ednrb,Ednrb,0.57840157,0.3402061855670103,Pericytes,Astrocytes,0.5121889,0.0
Bmp5,Bmp5,0.4271026,0.19230769230769232,Bmpr2,Bmpr1a_Bmpr2,0.5972455,0.30128205128205127,Pericytes,Pericytes,0.51217407,0.0
Tgfb1,Tgfb1,0.48064888,0.23868312757201646,Itgb1,Itgb1,0.5436856,0.27564102564102566,Microglia,Pericytes,0.5121672,0.0
Timp2,Timp2,0.4497188,0.4160162877502545,Itgb1,Itgb1,0.57398784,0.2962962962962963,Neurons,Microglia,0.51185334,0.0
Angpt1,Angpt1,0.5267828,0.30049261083743845,Itgb1,Itgb1,0.49624488,0.3251231527093596,OPCs,OPCs,0.5115138,0.0
Alcam,Alcam,0.71915257,0.28205128205128205,Chl1,Chl1,0.30339235,0.14743589743589744,Pericytes,Pericytes,0.51127243,0.15
Ntn1,Ntn1,0.9165528,0.5369458128078818,Unc5a,Unc5a,0.10508199,0.13640990838140482,OPCs,Neurons,0.5108174,0.0
Fgf13,Fgf13,0.8300028,0.5408890397013912,Fgfr1,Fgfr1,0.19155976,0.13793103448275862,Neurons,OPCs,0.5107813,0.0
Gnai2,Gnai2,0.5479544,0.2757201646090535,Adcy9,Adcy9,0.47359568,0.24279835390946503,Microglia,Microglia,0.510775,0.0
Rgma,Rgma,0.45823228,0.24358974358974358,Bmpr2,Bmpr2,0.5632861,0.3645320197044335,Pericytes,OPCs,0.51075923,0.0
Sema3e,Sema3e,0.3875986,0.24630541871921183,Nrp1,Nrp1,0.63388366,0.2880658436213992,OPCs,Microglia,0.5107411,0.0
Mdk,Mdk,0.44691485,0.2654639175257732,Itgb1,Itga6_Itgb1,0.57398784,0.2962962962962963,Astrocytes,Microglia,0.5104513,0.0
Slit1,Slit1,0.16345389,0.18595181540549713,Robo1,Robo1,0.85705125,0.33894264479035197,Neurons,Oligodendrocytes,0.5102526,1.0
Ncam1,Ncam1,0.25594413,0.1111111111111111,Fgfr2,Fgfr2,0.764343,0.46798029556650245,Microglia,OPCs,0.5101436,1.0
Agrn,Agrn,0.47645134,0.3054187192118227,Itgb1,Itgb1,0.5436856,0.27564102564102566,OPCs,Pericytes,0.5100685,0.0
Adam10,Adam10,0.4420664,0.26804123711340205,Tspan5,Tspan5,0.5775721,0.28817837610433317,Astrocytes,Oligodendrocytes,0.50981927,0.74
Gnai2,Gnai2,0.15861359,0.16762809636918902,Igf1r,Igf1r,0.8604635,0.3717948717948718,Neurons,Pericytes,0.50953853,0.0
Mdk,Mdk,0.44691485,0.2654639175257732,Sorl1,Sorl1,0.5721202,0.34536082474226804,Astrocytes,Astrocytes,0.50951755,0.0
Gpc3,Gpc3,0.3531272,0.15384615384615385,Igf1r,Igf1r,0.66569024,0.5463182897862233,Pericytes,Neurons,0.5094087,0.0
Hspa8,Hspa8,0.8623658,0.40384615384615385,Ldlr,Ldlr,0.15600981,0.10309278350515463,Pericytes,Astrocytes,0.5091878,0.95
Jag1,Jag1,0.41757524,0.1987179487179487,Notch2,Notch2,0.60047126,0.3004115226337449,Pericytes,Microglia,0.50902325,0.0
Agrn,Agrn,0.47645134,0.3054187192118227,Lrp1,Lrp1,0.54086536,0.5218866644044792,OPCs,Neurons,0.50865835,0.0
Adam17,Adam17,0.52026546,0.26337448559670784,Itgb1,Itgb1,0.49624488,0.3251231527093596,Microglia,OPCs,0.5082552,0.0
Calr,Calr,0.47533396,0.24691358024691357,Lrp1,Lrp1,0.54086536,0.5218866644044792,Microglia,Neurons,0.5080997,0.0
Vegfa,Vegfa,0.65000755,0.36597938144329895,Ephb2,Ephb2,0.36587283,0.4024431625381744,Astrocytes,Neurons,0.5079402,0.0
Bsg,Bsg,0.61796916,0.27822184826812507,Slc16a7,Slc16a7,0.39726377,0.2561576354679803,Oligodendrocytes,OPCs,0.50761646,0.11
Ncam1,Ncam1,0.5186237,0.22435897435897437,Fgfr2,Fgfr2,0.49607632,0.25925925925925924,Pericytes,Microglia,0.50735,1.0
Nrg3,Nrg3,0.395622,0.12345679012345678,Egfr,Egfr,0.618786,0.3582474226804124,Microglia,Astrocytes,0.507204,0.89
Mif,Mif,0.3953861,0.211340206185567,Egfr,Egfr,0.618786,0.3582474226804124,Astrocytes,Astrocytes,0.50708604,0.0
Gnai2,Gnai2,0.4459763,0.22435897435897437,Adcy8,Adcy8,0.5676797,0.3448275862068966,Pericytes,OPCs,0.506828,0.0
Serpine2,Serpine2,0.13249534,0.12690872073294876,Lrp1,Lrp1,0.8808295,0.4742268041237113,Neurons,Astrocytes,0.5066624,0.0
Ntrk3,Ntrk3,0.46953338,0.21794871794871795,Ptprs,Ptprs,0.5431201,0.327319587628866,Pericytes,Astrocytes,0.50632674,0.17
Megf10,Megf10,0.5102018,0.3015463917525773,Abca1,Abca1,0.5024027,0.2345679012345679,Astrocytes,Microglia,0.50630224,0.0
Hspa8,Hspa8,0.7735985,0.458128078817734,Ldlr,Ldlr,0.23860839,0.10897435897435898,OPCs,Pericytes,0.50610346,0.92
B2m,B2m,0.8067722,0.34615384615384615,Tfrc,Tfrc,0.20531403,0.11538461538461539,Pericytes,Pericytes,0.5060431,0.0
Vcl,Vcl,0.6138986,0.2948717948717949,Itgb5,Itgb5,0.3980638,0.1987179487179487,Pericytes,Pericytes,0.5059812,0.0
Lamc1,Lamc1,0.8149198,0.358974358974359,Dag1,Dag1,0.19690774,0.1111111111111111,Pericytes,Microglia,0.5059138,0.0
Sdc2,Sdc2,0.7667969,0.3717948717948718,Ptprj,Ptprj,0.24472839,0.14743589743589744,Pericytes,Pericytes,0.50576264,0.0
Copa,Copa,0.381753,0.40922972514421446,P2ry6,P2ry6,0.629294,0.3045267489711934,Neurons,Microglia,0.5055235,0.0
Mdk,Mdk,0.44691485,0.2654639175257732,Sdc2,Sdc2,0.5634497,0.3427835051546392,Astrocytes,Astrocytes,0.50518227,0.0
Gnai2,Gnai2,0.5479544,0.2757201646090535,Igf1r,Igf1r,0.46152952,0.2345679012345679,Microglia,Microglia,0.50474197,0.01
Fgf1,Fgf1,0.51339406,0.30412371134020616,Fgfr2,Fgfr2,0.49607632,0.25925925925925924,Astrocytes,Microglia,0.5047352,1.0
Gnai2,Gnai2,0.15861359,0.16762809636918902,Igf1r,Igf1r,0.850407,0.4975369458128079,Neurons,OPCs,0.5045103,0.0
Gpc3,Gpc3,0.18304504,0.15405497115710892,Cd81,Cd81,0.8254168,0.6084153376314897,Neurons,Neurons,0.5042309,1.0
Vcl,Vcl,0.24446514,0.15763546798029557,Alk,Alk,0.76363486,0.43842364532019706,OPCs,OPCs,0.50405,0.0
Lamc1,Lamc1,0.8149198,0.358974358974359,Itga6,Itga6_Itgb1,0.19249217,0.10897435897435898,Pericytes,Pericytes,0.503706,0.0
Adam10,Adam10,0.4714337,0.2507362221287337,Tspan5,Tspan5,0.5350868,0.49134713267729896,Oligodendrocytes,Neurons,0.50326025,1.0
Ntn1,Ntn1,0.41347387,0.20512820512820512,Neo1,Neo1,0.5930298,0.5293518832711231,Pericytes,Neurons,0.50325185,0.0
Pros1,Pros1,0.8217711,0.37448559670781895,Axl,Axl,0.18438552,0.12886597938144329,Microglia,Astrocytes,0.5030783,0.0
App,App,0.46430153,0.24742268041237114,Lrp1,Lrp1,0.54086536,0.5218866644044792,Astrocytes,Neurons,0.50258344,1.0
Agrn,Agrn,0.4311766,0.4530030539531727,Itgb1,Itgb1,0.57398784,0.2962962962962963,Neurons,Microglia,0.5025822,0.0
Slit2,Slit2,0.6824873,0.39124533423820834,Robo1,Robo1,0.32261372,0.13168724279835392,Neurons,Microglia,0.5025505,1.0
Calr,Calr,0.62079793,0.3694581280788177,Itgav,Itgav,0.38362354,0.21794871794871795,OPCs,Pericytes,0.50221074,0.0
L1cam,L1cam,0.23996133,0.2829996606718697,Fgfr2,Fgfr2,0.764343,0.46798029556650245,Neurons,OPCs,0.5021522,0.86
Vcl,Vcl,0.24066435,0.28028503562945367,Alk,Alk,0.76363486,0.43842364532019706,Neurons,OPCs,0.5021496,0.0
Nrxn1,Nrxn1,0.7008444,0.21778151731874912,Nlgn2,Nlgn2,0.3031204,0.34068544282321006,Oligodendrocytes,Neurons,0.5019824,1.0
Nlgn2,Nlgn2,0.3031204,0.34068544282321006,Nrxn1,Nrxn1,0.7008444,0.21778151731874912,Neurons,Oligodendrocytes,0.5019824,1.0
Il1rapl1,Il1rapl1,0.4603168,0.1794871794871795,Ptprs,Ptprs,0.5431201,0.327319587628866,Pericytes,Astrocytes,0.50171846,1.0
Jam3,Jam3,0.50715244,0.2623755434020474,Itgb1,Itgb1,0.49624488,0.3251231527093596,Oligodendrocytes,OPCs,0.5016987,0.0
Pros1,Pros1,0.8217711,0.37448559670781895,Tyro3,Tyro3,0.18154852,0.1047538914598233,Microglia,Oligodendrocytes,0.5016598,0.0
App,App,0.6004882,0.29218106995884774,Notch2,Notch2,0.4022878,0.1794871794871795,Microglia,Pericytes,0.501388,1.0
Bcan,Bcan,0.7508833,0.46798029556650245,Egfr,Egfr,0.25086373,0.1282051282051282,OPCs,Pericytes,0.5008735,0.0
Fgf14,Fgf14,0.6250902,0.22435897435897437,Fgfr1,Fgfr1,0.37643418,0.1987179487179487,Pericytes,Pericytes,0.50076216,0.99
Fgf13,Fgf13,0.23687625,0.13793103448275862,Fgfr2,Fgfr2,0.764343,0.46798029556650245,OPCs,OPCs,0.50060964,1.0
Adam9,Adam9,0.15883441,0.1981676280963692,Itga6,Itga6,0.8420395,0.45103092783505155,Neurons,Astrocytes,0.50043696,0.0
Cntn2,Cntn2,0.5642749,0.286916281026504,Nrp1,Nrp1,0.436427,0.35595520868680014,Oligodendrocytes,Neurons,0.50035095,0.0
Hspa8,Hspa8,0.8349349,0.38402061855670105,Ldlr,Ldlr,0.16484001,0.18730912792670512,Astrocytes,Neurons,0.49988747,1.0
Dcn,Dcn,0.4233524,0.16666666666666666,Erbb4,Erbb4,0.5759879,0.16666666666666666,Pericytes,Pericytes,0.49967015,0.97
Hsp90b1,Hsp90b1,0.4576861,0.2564102564102564,Lrp1,Lrp1,0.54086536,0.5218866644044792,Pericytes,Neurons,0.49927574,0.0
Fgf12,Fgf12,0.34823906,0.1958762886597938,Fgfr2,Fgfr2,0.64959764,0.3333333333333333,Astrocytes,Pericytes,0.49891835,1.0
Nrg3,Nrg3,0.3785599,0.11176553078109662,Egfr,Egfr,0.618786,0.3582474226804124,Oligodendrocytes,Astrocytes,0.49867293,1.0
Fam3c,Fam3c,0.16299295,0.1815405497115711,Lamp1,Lamp1,0.83432853,0.3883045856121161,Neurons,Oligodendrocytes,0.49866074,0.0
Gnai2,Gnai2,0.4459763,0.22435897435897437,Adcy9,Adcy9,0.5512227,0.513403461146929,Pericytes,Neurons,0.49859947,0.0
Bsg,Bsg,0.7820679,0.40463917525773196,Slc16a7,Slc16a7,0.21492219,0.12747160286074885,Astrocytes,Oligodendrocytes,0.49849504,0.35
App,App,0.46430153,0.24742268041237114,Aplp1,Aplp1,0.53228176,0.28350515463917525,Astrocytes,Astrocytes,0.49829164,1.0
Adam10,Adam10,0.46146008,0.46182558534102475,Tspan5,Tspan5,0.5350868,0.49134713267729896,Neurons,Neurons,0.49827343,1.0
Col8a1,Col8a1,0.45130223,0.1858974358974359,Itgb1,Itga1_Itgb1,0.5436856,0.27564102564102566,Pericytes,Pericytes,0.49749392,0.0
Bsg,Bsg,0.61796916,0.27822184826812507,Slc16a7,Slc16a7,0.37683934,0.1934156378600823,Oligodendrocytes,Microglia,0.49740425,0.21
Rtn4,Rtn4,0.8252661,0.4729064039408867,Tnfrsf19,Tnfrsf19,0.1695363,0.12315270935960591,OPCs,OPCs,0.4974012,1.0
Timp3,Timp3,0.7096336,0.3269230769230769,Ddr1,Ddr1,0.2843454,0.2019704433497537,Pericytes,OPCs,0.4969895,0.0
Timp2,Timp2,0.4497188,0.4160162877502545,Itgb1,Itgb1,0.5436856,0.27564102564102566,Neurons,Pericytes,0.4967022,0.0
Psap,Psap,0.61850256,0.28705651381292946,Sort1,Sort1,0.374237,0.39531727180183235,Oligodendrocytes,Neurons,0.49636978,1.0
Vegfa,Vegfa,0.65000755,0.36597938144329895,Itgav,Itgav,0.34272376,0.1841256485766372,Astrocytes,Oligodendrocytes,0.49636567,0.0
Lrig1,Lrig1,0.37361202,0.1987179487179487,Egfr,Egfr,0.618786,0.3582474226804124,Pericytes,Astrocytes,0.496199,0.0
Fgf14,Fgf14,0.6250902,0.22435897435897437,Fgfr1,Fgfr1,0.36719236,0.2268041237113402,Pericytes,Astrocytes,0.49614125,1.0
Hspa8,Hspa8,0.8349349,0.38402061855670105,Ldlr,Ldlr,0.15600981,0.10309278350515463,Astrocytes,Astrocytes,0.49547234,0.99
Serpine2,Serpine2,0.13249534,0.12690872073294876,Lrp1,Lrp1,0.8583547,0.411522633744856,Neurons,Microglia,0.49542502,0.0
B2m,B2m,0.8067722,0.34615384615384615,Tfrc,Tfrc,0.18388288,0.11855670103092783,Pericytes,Astrocytes,0.49532753,0.0
Bmp5,Bmp5,0.4271026,0.19230769230769232,Bmpr2,Bmpr1a_Bmpr2,0.5632861,0.3645320197044335,Pericytes,OPCs,0.49519438,0.0
Vegfa,Vegfa,0.4938224,0.2955665024630542,Itgb1,Itgb1,0.49624488,0.3251231527093596,OPCs,OPCs,0.49503362,0.0
Sptan1,Sptan1,0.3177783,0.16872427983539096,Ptpra,Ptpra,0.6722777,0.43349753694581283,Microglia,OPCs,0.495028,0.72
Rtn4,Rtn4,0.8252661,0.4729064039408867,Tnfrsf19,Tnfrsf19,0.16431972,0.10256410256410256,OPCs,Pericytes,0.49479294,1.0
Gas6,Gas6,0.1374098,0.10344827586206896,Mertk,Mertk,0.85189825,0.4536082474226804,OPCs,Astrocytes,0.49465403,0.0
Adam10,Adam10,0.454205,0.2692307692307692,Tspan5,Tspan5,0.5350868,0.49134713267729896,Pericytes,Neurons,0.4946459,0.87
Sema6b,Sema6b,0.11412688,0.1506616898540889,Plxna4,Plxna4,0.8749577,0.41975308641975306,Neurons,Microglia,0.49454227,0.0
Actr2,Actr2,0.7504534,0.36213991769547327,Ldlr,Ldlr,0.23860839,0.10897435897435898,Microglia,Pericytes,0.49453092,0.0
Fgf14,Fgf14,0.6250902,0.22435897435897437,Fgfr1,Fgfr1,0.3637709,0.3712249745503902,Pericytes,Neurons,0.49443054,1.0
Nrxn2,Nrxn2,0.2032566,0.13144329896907217,Nlgn1,Nlgn1,0.78537273,0.30360398261113447,Astrocytes,Oligodendrocytes,0.49431467,1.0
Nlgn1,Nlgn1,0.78537273,0.30360398261113447,Nrxn2,Nrxn2,0.2032566,0.13144329896907217,Oligodendrocytes,Astrocytes,0.49431467,1.0
Fgf10,Fgf10,0.122515775,0.12792670512385476,Fgfr2,Fgfr2,0.8659368,0.652867322701052,Neurons,Neurons,0.4942263,0.98
Mfge8,Mfge8,0.5785316,0.25,Itgav,Itgav,0.40935338,0.25773195876288657,Pericytes,Astrocytes,0.4939425,0.0
Mdk,Mdk,0.44691485,0.2654639175257732,Lrp1,Lrp1,0.54086536,0.5218866644044792,Astrocytes,Neurons,0.4938901,0.0
Copa,Copa,0.35826936,0.20512820512820512,P2ry6,P2ry6,0.629294,0.3045267489711934,Pericytes,Microglia,0.4937817,0.0
Pam,Pam,0.7129922,0.33974358974358976,Fap,Fap,0.27397412,0.1282051282051282,Pericytes,Pericytes,0.49348316,0.0
App,App,0.6004882,0.29218106995884774,Lrp6,Lrp6,0.38639113,0.24742268041237114,Microglia,Astrocytes,0.49343967,1.0
Fgf1,Fgf1,0.22252169,0.23583305055989143,Fgfr2,Fgfr2,0.764343,0.46798029556650245,Neurons,OPCs,0.49343234,0.98
Gnai2,Gnai2,0.15861359,0.16762809636918902,Adcy8,Adcy8,0.8281998,0.5564981336952833,Neurons,Neurons,0.4934067,0.0
Rgma,Rgma,0.7202636,0.4097938144329897,Bmpr2,Bmpr2,0.2655128,0.14486046837750666,Astrocytes,Oligodendrocytes,0.4928882,0.0
Nid1,Nid1,0.5761931,0.27564102564102566,Itgav,Itgav,0.40935338,0.25773195876288657,Pericytes,Astrocytes,0.49277323,0.0
Sorbs1,Sorbs1,0.70115906,0.4236453201970443,Itgb5,Itgb5,0.2834249,0.17525773195876287,OPCs,Astrocytes,0.492292,0.0
Psap,Psap,0.61850256,0.28705651381292946,Sort1,Sort1,0.3659152,0.20164609053497942,Oligodendrocytes,Microglia,0.4922089,1.0
Gnai2,Gnai2,0.4459763,0.22435897435897437,Igf1r,Igf1r,0.5384345,0.27036881222829895,Pericytes,Oligodendrocytes,0.49220538,0.0
Col11a1,Col11a1,0.5000702,0.3545978961655921,Ddr1,Ddr1,0.48428917,0.2549432057214977,Neurons,Oligodendrocytes,0.4921797,0.0
App,App,0.6004882,0.29218106995884774,Notch2,Notch2,0.38308427,0.2345360824742268,Microglia,Astrocytes,0.49178624,1.0
Fgf12,Fgf12,0.33354598,0.13168724279835392,Fgfr2,Fgfr2,0.64959764,0.3333333333333333,Microglia,Pericytes,0.4915718,1.0
F8,F8,0.0828107,0.10892432982694265,Lrp1,Lrp1,0.90028125,0.4551282051282051,Neurons,Pericytes,0.49154598,0.0
Gnai2,Gnai2,0.4459763,0.22435897435897437,Adcy9,Adcy9,0.5369343,0.28846153846153844,Pericytes,Pericytes,0.49145532,0.0
App,App,0.6004882,0.29218106995884774,Aplp1,Aplp1,0.3823676,0.26108374384236455,Microglia,OPCs,0.4914279,1.0
Efna5,Efna5,0.88978624,0.5561588055649813,Ephb6,Ephb6,0.09125468,0.10960298608754666,Neurons,Neurons,0.49052048,0.0
Sptan1,Sptan1,0.44629657,0.27835051546391754,Ptpra,Ptpra,0.53463,0.28172766792876175,Astrocytes,Oligodendrocytes,0.4904633,0.97
Alcam,Alcam,0.71915257,0.28205128205128205,Nrp1,Nrp1,0.2617305,0.17525773195876287,Pericytes,Astrocytes,0.49044153,0.01
Tgfb1,Tgfb1,0.48064888,0.23868312757201646,Acvr1,Acvr1_Tgfbr1_Tgfbr2,0.49898162,0.25102880658436216,Microglia,Microglia,0.48981524,0.0
Tgfb1,Tgfb1,0.48064888,0.23868312757201646,Acvr1,Acvr1_Tgfbr2,0.49898162,0.25102880658436216,Microglia,Microglia,0.48981524,0.0
Lama2,Lama2,0.25226915,0.12326461926798485,Rpsa,Rpsa,0.72729087,0.5391923990498813,Oligodendrocytes,Neurons,0.48978,1.0
Sptan1,Sptan1,0.44629657,0.27835051546391754,Ptpra,Ptpra,0.53325456,0.3076923076923077,Astrocytes,Pericytes,0.48977557,0.84
Lrpap1,Lrpap1,0.40680873,0.4065151001017984,Sorl1,Sorl1,0.5721202,0.34536082474226804,Neurons,Astrocytes,0.48946446,0.0
Ptn,Ptn,0.8578954,0.41494845360824745,Sdc3,Sdc3,0.1207724,0.1340346114692908,Astrocytes,Neurons,0.4893339,0.22
Vegfa,Vegfa,0.65000755,0.36597938144329895,Itgb1,Itgb1,0.3285385,0.35900916185951814,Astrocytes,Neurons,0.489273,0.0
Alcam,Alcam,0.71915257,0.28205128205128205,Chl1,Chl1,0.25932926,0.15763546798029557,Pericytes,OPCs,0.4892409,0.15
Ptn,Ptn,0.41468883,0.34170342721411606,Sdc2,Sdc2,0.5634497,0.3427835051546392,Neurons,Astrocytes,0.48906925,0.64
Lama4,Lama4,0.63566417,0.28846153846153844,Dag1,Dag1,0.3419795,0.3752969121140142,Pericytes,Neurons,0.48882183,0.0
Adam10,Adam10,0.4420664,0.26804123711340205,Tspan5,Tspan5,0.5350868,0.49134713267729896,Astrocytes,Neurons,0.4885766,0.92
Gnai2,Gnai2,0.5479544,0.2757201646090535,Ednra,Ednra,0.4291351,0.19230769230769232,Microglia,Pericytes,0.48854476,0.0
Tgfb1,Tgfb1,0.48064888,0.23868312757201646,Itgb1,Itgb1,0.49624488,0.3251231527093596,Microglia,OPCs,0.4884469,0.0
Lamb2,Lamb2,0.24954917,0.14102564102564102,Rpsa,Rpsa,0.72729087,0.5391923990498813,Pericytes,Neurons,0.48842,0.0
Mfge8,Mfge8,0.5785316,0.25,Itgb5,Itgb5,0.3980638,0.1987179487179487,Pericytes,Pericytes,0.4882977,0.0
Jam3,Jam3,0.40229473,0.29064039408866993,Itgb1,Itgb1,0.57398784,0.2962962962962963,OPCs,Microglia,0.4881413,0.0
Nlgn2,Nlgn2,0.49693328,0.32019704433497537,Nrxn1,Nrxn1,0.47925296,0.13168724279835392,OPCs,Microglia,0.48809314,1.0
Nrxn1,Nrxn1,0.47925296,0.13168724279835392,Nlgn2,Nlgn2,0.49693328,0.32019704433497537,Microglia,OPCs,0.48809314,1.0
Fam3c,Fam3c,0.16299295,0.1815405497115711,Lamp1,Lamp1,0.8126957,0.5073891625615764,Neurons,OPCs,0.48784432,0.01
Gnai2,Gnai2,0.5479544,0.2757201646090535,Adcy9,Adcy9,0.42773306,0.29064039408866993,Microglia,OPCs,0.48784372,0.0
Gnai2,Gnai2,0.30984014,0.21182266009852216,Igf1r,Igf1r,0.66569024,0.5463182897862233,OPCs,Neurons,0.4877652,0.0
App,App,0.6004882,0.29218106995884774,Lrp6,Lrp6,0.37452346,0.20512820512820512,Microglia,Pericytes,0.48750582,1.0
Agrn,Agrn,0.4311766,0.4530030539531727,Itgb1,Itgb1,0.5436856,0.27564102564102566,Neurons,Pericytes,0.4874311,0.0
Gpc3,Gpc3,0.3531272,0.15384615384615385,Igf1r,Igf1r,0.62140805,0.3634020618556701,Pericytes,Astrocytes,0.4872676,0.0
Nrxn1,Nrxn1,0.47925296,0.13168724279835392,Nlgn1,Nlgn1,0.49520501,0.1522633744855967,Microglia,Microglia,0.487229,1.0
Nlgn1,Nlgn1,0.49520501,0.1522633744855967,Nrxn1,Nrxn1,0.47925296,0.13168724279835392,Microglia,Microglia,0.487229,1.0
Efnb3,Efnb3,0.48290431,0.25045575655588276,Ephb1,Ephb1,0.49130866,0.3997285374957584,Oligodendrocytes,Neurons,0.4871065,0.0
Col1a2,Col1a2,0.43047568,0.21794871794871795,Itgb1,Itga1_Itgb1,0.5436856,0.27564102564102566,Pericytes,Pericytes,0.48708063,0.0
Psap,Psap,0.5998084,0.32051282051282054,Sort1,Sort1,0.374237,0.39531727180183235,Pericytes,Neurons,0.4870227,1.0
Cntn2,Cntn2,0.5642749,0.286916281026504,Nrp1,Nrp1,0.40976745,0.1794871794871795,Oligodendrocytes,Pericytes,0.48702118,0.0
Lamc1,Lamc1,0.564364,0.35467980295566504,Itgav,Itgav_Itgb8,0.40935338,0.25773195876288657,OPCs,Astrocytes,0.4868587,0.0
Cntn1,Cntn1,0.37318683,0.15285373720375825,Notch2,Notch2,0.60047126,0.3004115226337449,Oligodendrocytes,Microglia,0.48682904,0.0
Lama4,Lama4,0.47730374,0.30049261083743845,Itgb1,Itga9_Itgb1,0.49624488,0.3251231527093596,OPCs,OPCs,0.48677433,0.0
Sptan1,Sptan1,0.3177783,0.16872427983539096,Ptpra,Ptpra,0.655177,0.37371134020618557,Microglia,Astrocytes,0.48647764,0.87
Agrn,Agrn,0.47645134,0.3054187192118227,Itgb1,Itgb1,0.49624488,0.3251231527093596,OPCs,OPCs,0.4863481,0.0
Lamc1,Lamc1,0.564364,0.35467980295566504,Dag1,Dag1,0.40804067,0.270935960591133,OPCs,OPCs,0.48620236,0.0
Agrn,Agrn,0.4311766,0.4530030539531727,Lrp1,Lrp1,0.54086536,0.5218866644044792,Neurons,Neurons,0.48602098,0.0
Lama2,Lama2,0.25226915,0.12326461926798485,Rpsa,Rpsa,0.7194886,0.3141025641025641,Oligodendrocytes,Pericytes,0.48587888,0.89
Agrn,Agrn,0.47645134,0.3054187192118227,Atp1a3,Atp1a3,0.4941892,0.18300378628523348,OPCs,Oligodendrocytes,0.48532027,0.8
Lamc1,Lamc1,0.8149198,0.358974358974359,Itga7,Itga7_Itgb1,0.15552875,0.1056701030927835,Pericytes,Astrocytes,0.4852243,0.0
Lamc1,Lamc1,0.564364,0.35467980295566504,Dag1,Dag1,0.4057683,0.23076923076923078,OPCs,Pericytes,0.48506618,0.0
Apoe,Apoe,0.33165058,0.2297251442144554,Lrp6,Lrp6,0.63835216,0.4088669950738916,Neurons,OPCs,0.4850014,1.0
Adam10,Adam10,0.5144967,0.33004926108374383,Tspan14,Tspan14,0.45527184,0.2345679012345679,OPCs,Microglia,0.48488426,0.0
Sptan1,Sptan1,0.29683346,0.14612256345533586,Ptpra,Ptpra,0.6722777,0.43349753694581283,Oligodendrocytes,OPCs,0.48455557,0.93
Lamb2,Lamb2,0.24954917,0.14102564102564102,Rpsa,Rpsa,0.7194886,0.3141025641025641,Pericytes,Pericytes,0.4845189,0.09
Gnai2,Gnai2,0.5479544,0.2757201646090535,Adcy7,Adcy7,0.42093673,0.20164609053497942,Microglia,Microglia,0.48444557,0.0
App,App,0.6004882,0.29218106995884774,Lrp6,Lrp6,0.3680566,0.4034611469290804,Microglia,Neurons,0.4842724,1.0
Calr,Calr,0.42742974,0.22435897435897437,Lrp1,Lrp1,0.54086536,0.5218866644044792,Pericytes,Neurons,0.48414755,0.0
Vegfa,Vegfa,0.4938224,0.2955665024630542,Itga9,Itga9,0.47447187,0.22633744855967078,OPCs,Microglia,0.48414713,0.0
Il18,Il18,0.50689685,0.30927835051546393,Il1rapl1,Il1rapl1,0.4603168,0.1794871794871795,Astrocytes,Pericytes,0.48360682,1.0
Fgf14,Fgf14,0.47067472,0.15637860082304528,Fgfr2,Fgfr2,0.49607632,0.25925925925925924,Microglia,Microglia,0.48337552,1.0
Lgi3,Lgi3,0.3230361,0.329487614523244,Adam23,Adam23,0.64331293,0.3645320197044335,Neurons,OPCs,0.4831745,0.08
Mif,Mif,0.545118,0.4180522565320665,Ackr3,Ackr3,0.42096877,0.1858974358974359,Neurons,Pericytes,0.48304337,0.0
Psap,Psap,0.5998084,0.32051282051282054,Sort1,Sort1,0.3659152,0.20164609053497942,Pericytes,Microglia,0.48286182,0.99
Hsp90aa1,Hsp90aa1,0.34686926,0.18106995884773663,Egfr,Egfr,0.618786,0.3582474226804124,Microglia,Astrocytes,0.4828276,0.59
Gpc3,Gpc3,0.18304504,0.15405497115710892,Flt1,Flt1,0.7810984,0.28846153846153844,Neurons,Pericytes,0.48207173,0.0
Rgma,Rgma,0.28159732,0.2019704433497537,Bmpr2,Bmpr2,0.6821247,0.5721072276891754,OPCs,Neurons,0.481861,0.0
F8,F8,0.0828107,0.10892432982694265,Lrp1,Lrp1,0.8808295,0.4742268041237113,Neurons,Astrocytes,0.4818201,0.0
App,App,0.46430153,0.24742268041237114,Aplp2,Aplp2,0.49927166,0.2465292385359697,Astrocytes,Oligodendrocytes,0.4817866,1.0
Fgf1,Fgf1,0.1992148,0.1110643668489693,Fgfr2,Fgfr2,0.764343,0.46798029556650245,Oligodendrocytes,OPCs,0.48177892,1.0
Calr,Calr,0.62079793,0.3694581280788177,Itgav,Itgav,0.34272376,0.1841256485766372,OPCs,Oligodendrocytes,0.48176086,0.0
Col27a1,Col27a1,0.41971347,0.27586206896551724,Itgb1,Itga1_Itgb1,0.5436856,0.27564102564102566,OPCs,Pericytes,0.48169953,0.0
Rgma,Rgma,0.7202636,0.4097938144329897,Bmpr1b,Bmpr1b,0.24296553,0.12179487179487179,Astrocytes,Pericytes,0.48161456,0.0
Lrpap1,Lrpap1,0.39003626,0.2561576354679803,Sorl1,Sorl1,0.5721202,0.34536082474226804,OPCs,Astrocytes,0.4810782,0.0
Mfge8,Mfge8,0.5785316,0.25,Itgav,Itgav,0.38362354,0.21794871794871795,Pericytes,Pericytes,0.48107758,0.0
Spon1,Spon1,0.8228557,0.4484536082474227,Lrp8,Lrp8,0.13910225,0.10344827586206896,Astrocytes,OPCs,0.48097897,0.0
App,App,0.6004882,0.29218106995884774,Tnfrsf21,Tnfrsf21,0.3611083,0.18518518518518517,Microglia,Microglia,0.48079824,1.0
Sdc2,Sdc2,0.4266089,0.2660098522167488,Ptprj,Ptprj,0.53486246,0.500508992195453,OPCs,Neurons,0.48073566,0.0
Copa,Copa,0.33094937,0.18518518518518517,P2ry6,P2ry6,0.629294,0.3045267489711934,Microglia,Microglia,0.48012167,0.0
Nid1,Nid1,0.5761931,0.27564102564102566,Itgav,Itgav,0.38362354,0.21794871794871795,Pericytes,Pericytes,0.47990832,0.0
Sptan1,Sptan1,0.44629657,0.27835051546391754,Ptpra,Ptpra,0.51325756,0.4906684764166949,Astrocytes,Neurons,0.47977707,0.98
Ptpn6,Ptpn6,0.3404323,0.16049382716049382,Egfr,Egfr,0.618786,0.3582474226804124,Microglia,Astrocytes,0.47960913,0.0
Pltp,Pltp,0.61608857,0.23717948717948717,Abca1,Abca1,0.34294063,0.22660098522167488,Pericytes,OPCs,0.4795146,0.0
Lama4,Lama4,0.63566417,0.28846153846153844,Dag1,Dag1,0.322574,0.19845360824742267,Pericytes,Astrocytes,0.47911906,0.0
Tgfb1,Tgfb1,0.48064888,0.23868312757201646,Itgb8,Itgb8,0.47756553,0.31527093596059114,Microglia,OPCs,0.4791072,0.0
Ptn,Ptn,0.41468883,0.34170342721411606,Ptprs,Ptprs,0.5431201,0.327319587628866,Neurons,Astrocytes,0.47890446,1.0
Adam23,Adam23,0.64331293,0.3645320197044335,Itga4,Itga4,0.31437588,0.14743589743589744,OPCs,Pericytes,0.4788444,0.0
Copa,Copa,0.32757896,0.21674876847290642,P2ry6,P2ry6,0.629294,0.3045267489711934,OPCs,Microglia,0.47843647,0.0
Alcam,Alcam,0.32285097,0.1440329218106996,Nrp1,Nrp1,0.63388366,0.2880658436213992,Microglia,Microglia,0.47836733,0.0
Fbn1,Fbn1,0.3827226,0.26108374384236455,Itgb1,Itgb1,0.57398784,0.2962962962962963,OPCs,Microglia,0.47835523,0.0
Fgf1,Fgf1,0.1916877,0.10256410256410256,Fgfr2,Fgfr2,0.764343,0.46798029556650245,Pericytes,OPCs,0.47801536,1.0
App,App,0.6004882,0.29218106995884774,Aplp2,Aplp2,0.3547327,0.20876288659793815,Microglia,Astrocytes,0.47761044,1.0
Lama4,Lama4,0.47730374,0.30049261083743845,Itgb8,Itgav_Itgb8,0.47756553,0.31527093596059114,OPCs,OPCs,0.47743464,0.0
Megf10,Megf10,0.45242482,0.2357313139812088,Abca1,Abca1,0.5024027,0.2345679012345679,Oligodendrocytes,Microglia,0.47741377,0.0
Mif,Mif,0.53355044,0.21273313700743235,Ackr3,Ackr3,0.42096877,0.1858974358974359,Oligodendrocytes,Pericytes,0.4772596,0.0
Efnb3,Efnb3,0.48290431,0.25045575655588276,Epha4,Epha4,0.4713446,0.2757731958762887,Oligodendrocytes,Astrocytes,0.47712445,0.0
Nlgn2,Nlgn2,0.3031204,0.34068544282321006,Nrxn2,Nrxn2,0.6497941,0.5687139463861555,Neurons,Neurons,0.47645724,0.0
Nrxn2,Nrxn2,0.6497941,0.5687139463861555,Nlgn2,Nlgn2,0.3031204,0.34068544282321006,Neurons,Neurons,0.47645724,0.0
Gnai2,Gnai2,0.30984014,0.21182266009852216,Adcy8,Adcy8,0.64238846,0.3711340206185567,OPCs,Astrocytes,0.4761143,0.0
Sptan1,Sptan1,0.29683346,0.14612256345533586,Ptpra,Ptpra,0.655177,0.37371134020618557,Oligodendrocytes,Astrocytes,0.47600523,1.0
Lamc3,Lamc3,0.3778231,0.16025641025641027,Itgb1,Itga6_Itgb1,0.57398784,0.2962962962962963,Pericytes,Microglia,0.47590548,0.0
Lama4,Lama4,0.47730374,0.30049261083743845,Itga9,Itga9_Itgb1,0.47447187,0.22633744855967078,OPCs,Microglia,0.4758878,0.0
Rtn4,Rtn4,0.8252661,0.4729064039408867,Rtn4rl1,Rtn4rl1,0.12505294,0.14387512724804885,OPCs,Neurons,0.47515953,1.0
Fgf1,Fgf1,0.51339406,0.30412371134020616,Nrp1,Nrp1,0.436427,0.35595520868680014,Astrocytes,Neurons,0.47491053,0.0
Pdgfc,Pdgfc,0.1686757,0.17441465897522904,Flt1,Flt1,0.7810984,0.28846153846153844,Neurons,Pericytes,0.47488707,0.0
Nrg2,Nrg2,0.65929556,0.5609093993892094,Nrp2,Nrp2,0.29024595,0.1921182266009852,Neurons,OPCs,0.47477075,0.0
Lrpap1,Lrpap1,0.40680873,0.4065151001017984,Lrp1,Lrp1,0.54086536,0.5218866644044792,Neurons,Neurons,0.47383705,0.0
Agrn,Agrn,0.37276822,0.20512820512820512,Itgb1,Itgb1,0.57398784,0.2962962962962963,Pericytes,Microglia,0.47337803,0.0
Timp3,Timp3,0.661649,0.38402061855670105,Ddr1,Ddr1,0.2843454,0.2019704433497537,Astrocytes,OPCs,0.4729972,0.0
Jam3,Jam3,0.40229473,0.29064039408866993,Itgb1,Itgb1,0.5436856,0.27564102564102566,OPCs,Pericytes,0.47299016,0.0
Timp2,Timp2,0.4497188,0.4160162877502545,Itgb1,Itgb1,0.49624488,0.3251231527093596,Neurons,OPCs,0.47298184,0.0
Megf10,Megf10,0.5102018,0.3015463917525773,Abca1,Abca1,0.43556362,0.27319587628865977,Astrocytes,Astrocytes,0.47288272,0.0
Lrig2,Lrig2,0.32577637,0.22660098522167488,Egfr,Egfr,0.618786,0.3582474226804124,OPCs,Astrocytes,0.47228116,0.0
Lama2,Lama2,0.25226915,0.12326461926798485,Rpsa,Rpsa,0.69212526,0.3374485596707819,Oligodendrocytes,Microglia,0.4721972,0.95
Arf1,Arf1,0.30964208,0.2979300984051578,Insr,Insr,0.6343979,0.33974358974358976,Neurons,Pericytes,0.47202,0.0
Col11a1,Col11a1,0.5795459,0.3448275862068966,Ddr1,Ddr1,0.36414883,0.2345360824742268,OPCs,Astrocytes,0.47184736,0.0
Cntn2,Cntn2,0.5642749,0.286916281026504,Nrcam,Nrcam,0.37932366,0.16025641025641027,Oligodendrocytes,Pericytes,0.47179928,0.4
Adam10,Adam10,0.5144967,0.33004926108374383,Cadm1,Cadm1,0.42874134,0.22435897435897437,OPCs,Pericytes,0.471619,1.0
S100a1,S100a1,0.3314178,0.17783505154639176,Trpm3,Trpm3,0.611796,0.32019704433497537,Astrocytes,OPCs,0.4716069,0.31
Col4a5,Col4a5,0.33988053,0.16025641025641027,Cd47,Cd47,0.60269976,0.5337631489650492,Pericytes,Neurons,0.47129014,0.0
Fgf9,Fgf9,0.1779892,0.21174075330844927,Fgfr2,Fgfr2,0.764343,0.46798029556650245,Neurons,OPCs,0.4711661,0.96
Mif,Mif,0.32334775,0.16666666666666666,Egfr,Egfr,0.618786,0.3582474226804124,Pericytes,Astrocytes,0.47106686,0.0
Lamb2,Lamb2,0.24954917,0.14102564102564102,Rpsa,Rpsa,0.69212526,0.3374485596707819,Pericytes,Microglia,0.4708372,0.1
Jam2,Jam2,0.55770284,0.3247422680412371,Itgav,Itgav_Itgb1,0.38362354,0.21794871794871795,Astrocytes,Pericytes,0.4706632,0.0
Rgma,Rgma,0.28159732,0.2019704433497537,Bmpr2,Bmpr2,0.6596857,0.32510288065843623,OPCs,Microglia,0.4706415,0.0
F8,F8,0.0828107,0.10892432982694265,Lrp1,Lrp1,0.8583547,0.411522633744856,Neurons,Microglia,0.4705827,0.0
Vegfa,Vegfa,0.65000755,0.36597938144329895,Nrp2,Nrp2,0.29024595,0.1921182266009852,Astrocytes,OPCs,0.47012675,0.0
Ncan,Ncan,0.32172057,0.22167487684729065,Sdc3,Sdc3,0.6173037,0.3891625615763547,OPCs,OPCs,0.46951216,0.0
Bsg,Bsg,0.6722407,0.35390946502057613,Slc16a7,Slc16a7,0.26645473,0.2972514421445538,Microglia,Neurons,0.46934772,0.58
Hspa8,Hspa8,0.7735985,0.458128078817734,Ldlr,Ldlr,0.16484001,0.18730912792670512,OPCs,Neurons,0.46921927,0.99
Cd14,Cd14,0.60979825,0.2757201646090535,Itgb1,Itgb1,0.3285385,0.35900916185951814,Microglia,Neurons,0.46916837,0.0
Tfpi,Tfpi,0.30730832,0.16025641025641027,Sdc4,Sdc4,0.6302898,0.3634020618556701,Pericytes,Astrocytes,0.46879905,0.0
Cntn2,Cntn2,0.5642749,0.286916281026504,Cntn1,Cntn1,0.37318683,0.15285373720375825,Oligodendrocytes,Oligodendrocytes,0.46873087,1.0
Lgi2,Lgi2,0.29314834,0.2850356294536817,Adam23,Adam23,0.64331293,0.3645320197044335,Neurons,OPCs,0.46823063,0.0
Rgma,Rgma,0.45823228,0.24358974358974358,Bmpr2,Bmpr2,0.47774634,0.27835051546391754,Pericytes,Astrocytes,0.46798933,0.0
Cthrc1,Cthrc1,0.45867833,0.30049261083743845,Fzd6,Fzd6,0.47642702,0.21153846153846154,OPCs,Pericytes,0.46755266,0.0
Nrxn2,Nrxn2,0.28788555,0.15972514373860608,Nlgn1,Nlgn1,0.64582783,0.21794871794871795,Oligodendrocytes,Pericytes,0.4668567,1.0
Nlgn1,Nlgn1,0.64582783,0.21794871794871795,Nrxn2,Nrxn2,0.28788555,0.15972514373860608,Pericytes,Oligodendrocytes,0.4668567,1.0
Agrn,Agrn,0.35898203,0.21649484536082475,Itgb1,Itgb1,0.57398784,0.2962962962962963,Astrocytes,Microglia,0.46648493,0.0
Jam2,Jam2,0.54854804,0.3694581280788177,Itgav,Itgav_Itgb1,0.38362354,0.21794871794871795,OPCs,Pericytes,0.4660858,0.0
Sema6a,Sema6a,0.30931082,0.28978622327790976,Plxna2,Plxna2,0.62225235,0.517814726840855,Neurons,Neurons,0.46578157,0.0
Gnai2,Gnai2,0.30984014,0.21182266009852216,Igf1r,Igf1r,0.62140805,0.3634020618556701,OPCs,Astrocytes,0.4656241,0.02
Hsp90b1,Hsp90b1,0.50407153,0.47268408551068886,Tlr7,Tlr7,0.4271331,0.205761316872428,Neurons,Microglia,0.46560234,0.0
Lrpap1,Lrpap1,0.39003626,0.2561576354679803,Lrp1,Lrp1,0.54086536,0.5218866644044792,OPCs,Neurons,0.46545082,0.0
Rtn4,Rtn4,0.59553874,0.3247422680412371,Tnfrsf19,Tnfrsf19,0.33501306,0.211340206185567,Astrocytes,Astrocytes,0.46527588,1.0
Vegfa,Vegfa,0.4938224,0.2955665024630542,Nrp1,Nrp1,0.436427,0.35595520868680014,OPCs,Neurons,0.4651247,0.0
Hspa8,Hspa8,0.7735985,0.458128078817734,Ldlr,Ldlr,0.15600981,0.10309278350515463,OPCs,Astrocytes,0.46480414,0.97
H2-K1,H2-K1,0.43010274,0.1987179487179487,Aplp2,Aplp2,0.49927166,0.2465292385359697,Pericytes,Oligodendrocytes,0.4646872,0.0
Gnai2,Gnai2,0.30984014,0.21182266009852216,Egfr,Egfr,0.618786,0.3582474226804124,OPCs,Astrocytes,0.46431306,0.0
Ncam1,Ncam1,0.25594413,0.1111111111111111,Ptpra,Ptpra,0.6722777,0.43349753694581283,Microglia,OPCs,0.4641109,1.0
Cd14,Cd14,0.60979825,0.2757201646090535,Itgb2,Itgb2,0.3178427,0.15637860082304528,Microglia,Microglia,0.46382046,0.0
Agrn,Agrn,0.4311766,0.4530030539531727,Itgb1,Itgb1,0.49624488,0.3251231527093596,Neurons,OPCs,0.46371073,0.0
Col1a2,Col1a2,0.43047568,0.21794871794871795,Itgb1,Itga9_Itgb1,0.49624488,0.3251231527093596,Pericytes,OPCs,0.46336028,0.0
Adam10,Adam10,0.4714337,0.2507362221287337,Tspan14,Tspan14,0.45527184,0.2345679012345679,Oligodendrocytes,Microglia,0.46335277,0.0
Sema4d,Sema4d,0.62593293,0.32098765432098764,Plxnb1,Plxnb1,0.30072474,0.2036082474226804,Microglia,Astrocytes,0.46332884,0.0
Arf1,Arf1,0.30964208,0.2979300984051578,Chrm3,Chrm3,0.6170068,0.36443841194435017,Neurons,Neurons,0.46332443,0.0
Mdk,Mdk,0.44691485,0.2654639175257732,Sorl1,Sorl1,0.47958007,0.4482524601289447,Astrocytes,Neurons,0.46324748,0.0
Fbn1,Fbn1,0.3827226,0.26108374384236455,Itgb1,Itgb1,0.5436856,0.27564102564102566,OPCs,Pericytes,0.4632041,0.0
Bmp5,Bmp5,0.4271026,0.19230769230769232,Acvr1,Acvr1_Bmpr2,0.49898162,0.25102880658436216,Pericytes,Microglia,0.4630421,0.0
St6gal1,St6gal1,0.6752009,0.3141025641025641,Egfr,Egfr,0.25086373,0.1282051282051282,Pericytes,Pericytes,0.4630323,0.0
Agrn,Agrn,0.4311766,0.4530030539531727,Atp1a3,Atp1a3,0.4941892,0.18300378628523348,Neurons,Oligodendrocytes,0.4626829,1.0
Hsp90b1,Hsp90b1,0.49814698,0.3251231527093596,Tlr7,Tlr7,0.4271331,0.205761316872428,OPCs,Microglia,0.46264005,0.0
Lamc1,Lamc1,0.8149198,0.358974358974359,Itga3,Itga3_Itgb1,0.10994522,0.14183915846623685,Pericytes,Neurons,0.46243253,0.0
H2-K1,H2-K1,0.3251456,0.21674876847290642,Aplp2,Aplp2,0.59956783,0.39408866995073893,OPCs,OPCs,0.46235672,0.0
Fam3c,Fam3c,0.2767852,0.2019704433497537,Lamp1,Lamp1,0.647577,0.35051546391752575,OPCs,Astrocytes,0.4621811,0.05
Cd14,Cd14,0.60979825,0.2757201646090535,Itga4,Itga4,0.31437588,0.14743589743589744,Microglia,Pericytes,0.46208706,0.0
Fgf1,Fgf1,0.51339406,0.30412371134020616,Nrp1,Nrp1,0.40976745,0.1794871794871795,Astrocytes,Pericytes,0.46158075,0.0
Slit2,Slit2,0.6824873,0.39124533423820834,Robo2,Robo2,0.2402362,0.102880658436214,Neurons,Microglia,0.46136177,0.15
Megf10,Megf10,0.41980997,0.270935960591133,Abca1,Abca1,0.5024027,0.2345679012345679,OPCs,Microglia,0.46110636,0.0
Fgf12,Fgf12,0.42590085,0.17935773383817136,Fgfr2,Fgfr2,0.49607632,0.25925925925925924,Oligodendrocytes,Microglia,0.46098858,1.0
S100a1,S100a1,0.30949044,0.22167487684729065,Trpm3,Trpm3,0.611796,0.32019704433497537,OPCs,OPCs,0.46064323,0.42
Mfge8,Mfge8,0.5785316,0.25,Itgav,Itgav,0.34272376,0.1841256485766372,Pericytes,Oligodendrocytes,0.46062768,0.0
H2-K1,H2-K1,0.3251456,0.21674876847290642,Aplp2,Aplp2,0.59592265,0.30128205128205127,OPCs,Pericytes,0.46053413,0.0
Sema4d,Sema4d,0.62593293,0.32098765432098764,Plxnb3,Plxnb3,0.29366615,0.16238956668068993,Microglia,Oligodendrocytes,0.45979953,0.0
Gnai2,Gnai2,0.4459763,0.22435897435897437,Adcy9,Adcy9,0.47359568,0.24279835390946503,Pericytes,Microglia,0.459786,0.0
Nid1,Nid1,0.5761931,0.27564102564102566,Itgav,Itgav,0.34272376,0.1841256485766372,Pericytes,Oligodendrocytes,0.4594584,0.0
Bmp6,Bmp6,0.32163987,0.1282051282051282,Bmpr2,Bmpr1a_Bmpr2,0.5972455,0.30128205128205127,Pericytes,Pericytes,0.45944268,0.0
Fgf14,Fgf14,0.42237043,0.13462347496844762,Fgfr2,Fgfr2,0.49607632,0.25925925925925924,Oligodendrocytes,Microglia,0.4592234,1.0
Serpine2,Serpine2,0.37711227,0.1794871794871795,Lrp1,Lrp1,0.54086536,0.5218866644044792,Pericytes,Neurons,0.45898882,0.0
B2m,B2m,0.53872716,0.33497536945812806,Tfrc,Tfrc,0.37908578,0.3983712249745504,OPCs,Neurons,0.45890647,0.0
App,App,0.6004882,0.29218106995884774,Lrp6,Lrp6,0.31696966,0.17695473251028807,Microglia,Microglia,0.4587289,1.0
Col4a6,Col4a6,0.3144239,0.1346153846153846,Cd47,Cd47,0.60269976,0.5337631489650492,Pericytes,Neurons,0.45856184,0.0
Adam10,Adam10,0.5144967,0.33004926108374383,Notch2,Notch2,0.4022878,0.1794871794871795,OPCs,Pericytes,0.45839226,0.0
Adam10,Adam10,0.46146008,0.46182558534102475,Tspan14,Tspan14,0.45527184,0.2345679012345679,Neurons,Microglia,0.45836598,0.0
Agrn,Agrn,0.37276822,0.20512820512820512,Itgb1,Itgb1,0.5436856,0.27564102564102566,Pericytes,Pericytes,0.45822692,0.0
Actr2,Actr2,0.7504534,0.36213991769547327,Ldlr,Ldlr,0.16484001,0.18730912792670512,Microglia,Neurons,0.45764673,0.0
Lgi1,Lgi1,0.48131266,0.4333220223956566,Adam22,Adam22,0.43355224,0.22717711400925536,Neurons,Oligodendrocytes,0.45743245,0.29
Rgma,Rgma,0.7202636,0.4097938144329897,Neo1,Neo1,0.194527,0.1111111111111111,Astrocytes,Microglia,0.45739532,0.0
Psap,Psap,0.61850256,0.28705651381292946,Gpr37l1,Gpr37l1,0.2954727,0.1346153846153846,Oligodendrocytes,Pericytes,0.45698762,0.66
H2-K1,H2-K1,0.31424373,0.19329896907216496,Aplp2,Aplp2,0.59956783,0.39408866995073893,Astrocytes,OPCs,0.45690578,0.0
Agrn,Agrn,0.37276822,0.20512820512820512,Lrp1,Lrp1,0.54086536,0.5218866644044792,Pericytes,Neurons,0.4568168,0.0
Cxcl12,Cxcl12,0.28304973,0.1346153846153846,Sdc4,Sdc4,0.6302898,0.3634020618556701,Pericytes,Astrocytes,0.45666975,0.0
Ncam1,Ncam1,0.5186237,0.22435897435897437,Ncam2,Ncam2,0.39391673,0.17307692307692307,Pericytes,Pericytes,0.45627022,1.0
Bmp7,Bmp7,0.1620248,0.11330049261083744,Actr2,Actr2,0.7504534,0.36213991769547327,OPCs,Microglia,0.4562391,0.0
Mdk,Mdk,0.281712,0.18719211822660098,Sdc4,Sdc4,0.6302898,0.3634020618556701,OPCs,Astrocytes,0.4560009,0.0
Fstl1,Fstl1,0.21831632,0.22734984730234137,Dip2a,Dip2a,0.6934454,0.33613798906184267,Neurons,Oligodendrocytes,0.45588085,0.0
Vegfa,Vegfa,0.65000755,0.36597938144329895,Nrp1,Nrp1,0.2617305,0.17525773195876287,Astrocytes,Astrocytes,0.45586902,0.0
Lgi4,Lgi4,0.26838276,0.17010309278350516,Adam23,Adam23,0.64331293,0.3645320197044335,Astrocytes,OPCs,0.45584786,0.0
Pdgfb,Pdgfb,0.50229794,0.24279835390946503,Itgav,Itgav,0.40935338,0.25773195876288657,Microglia,Astrocytes,0.45582566,0.0
Rgma,Rgma,0.28159732,0.2019704433497537,Neo1,Neo1,0.62979364,0.3134202776609171,OPCs,Oligodendrocytes,0.45569548,0.0
Ncam1,Ncam1,0.25594413,0.1111111111111111,Ptpra,Ptpra,0.655177,0.37371134020618557,Microglia,Astrocytes,0.45556056,1.0
Rgma,Rgma,0.28159732,0.2019704433497537,Neo1,Neo1,0.6293687,0.36597938144329895,OPCs,Astrocytes,0.45548302,0.0
H2-K1,H2-K1,0.31424373,0.19329896907216496,Aplp2,Aplp2,0.59592265,0.30128205128205127,Astrocytes,Pericytes,0.4550832,0.01
Nrg2,Nrg2,0.65929556,0.5609093993892094,Nrp2,Nrp2,0.25049317,0.24431625381744146,Neurons,Neurons,0.45489436,0.0
Slit2,Slit2,0.6824873,0.39124533423820834,Gpc1,Gpc1,0.22717841,0.2653545978961656,Neurons,Neurons,0.45483285,0.0
Adam10,Adam10,0.454205,0.2692307692307692,Tspan14,Tspan14,0.45527184,0.2345679012345679,Pericytes,Microglia,0.45473844,0.0
Col1a2,Col1a2,0.43047568,0.21794871794871795,Itgb8,Itgav_Itgb8,0.47756553,0.31527093596059114,Pericytes,OPCs,0.45402062,0.0
Gnai2,Gnai2,0.4459763,0.22435897435897437,Igf1r,Igf1r,0.46152952,0.2345679012345679,Pericytes,Microglia,0.4537529,0.09
Sptbn2,Sptbn2,0.23505466,0.27587376993552765,Ptpra,Ptpra,0.6722777,0.43349753694581283,Neurons,OPCs,0.45366618,0.0
Tgfb1,Tgfb1,0.48064888,0.23868312757201646,Sdc2,Sdc2,0.4266089,0.2660098522167488,Microglia,OPCs,0.4536289,0.0
App,App,0.6004882,0.29218106995884774,Tnfrsf21,Tnfrsf21,0.30671707,0.1346153846153846,Microglia,Pericytes,0.4536026,1.0
Sema6a,Sema6a,0.50824755,0.3399014778325123,Plxna2,Plxna2,0.3984046,0.19230769230769232,OPCs,Pericytes,0.45332608,0.0
Actr2,Actr2,0.7504534,0.36213991769547327,Ldlr,Ldlr,0.15600981,0.10309278350515463,Microglia,Astrocytes,0.4532316,0.0
Lamc1,Lamc1,0.564364,0.35467980295566504,Dag1,Dag1,0.3419795,0.3752969121140142,OPCs,Neurons,0.45317176,0.0
Slit3,Slit3,0.29034072,0.2147947064811673,Robo1,Robo1,0.6159328,0.30927835051546393,Neurons,Astrocytes,0.45313677,1.0
Ncam1,Ncam1,0.25594413,0.1111111111111111,Fgfr2,Fgfr2,0.64959764,0.3333333333333333,Microglia,Pericytes,0.4527709,1.0
Col1a2,Col1a2,0.43047568,0.21794871794871795,Itga9,Itga9_Itgb1,0.47447187,0.22633744855967078,Pericytes,Microglia,0.45247376,0.0
Bmp5,Bmp5,0.4271026,0.19230769230769232,Bmpr2,Bmpr1a_Bmpr2,0.47774634,0.27835051546391754,Pericytes,Astrocytes,0.45242447,0.0
Bmp5,Bmp5,0.4271026,0.19230769230769232,Bmpr2,Bmpr1b_Bmpr2,0.47774634,0.27835051546391754,Pericytes,Astrocytes,0.45242447,0.0
Nid1,Nid1,0.5761931,0.27564102564102566,Itgb1,Itgb1,0.3285385,0.35900916185951814,Pericytes,Neurons,0.45236582,0.0
Tgfb1,Tgfb1,0.48064888,0.23868312757201646,Lpp,Lpp,0.4240314,0.4041398031896844,Microglia,Neurons,0.45234013,0.0
Gnai2,Gnai2,0.2388187,0.13402061855670103,Igf1r,Igf1r,0.66569024,0.5463182897862233,Astrocytes,Neurons,0.45225447,0.0
Ncam1,Ncam1,0.5186237,0.22435897435897437,Ptprz1,Ptprz1,0.38583654,0.16025641025641027,Pericytes,Pericytes,0.45223013,1.0
Apoe,Apoe,0.33165058,0.2297251442144554,Sorl1,Sorl1,0.5721202,0.34536082474226804,Neurons,Astrocytes,0.4518854,1.0
Vegfa,Vegfa,0.4938224,0.2955665024630542,Nrp1,Nrp1,0.40976745,0.1794871794871795,OPCs,Pericytes,0.45179492,0.0
Vegfa,Vegfa,0.4938224,0.2955665024630542,Itgav,Itgav,0.40935338,0.25773195876288657,OPCs,Astrocytes,0.4515879,0.0
Gnai2,Gnai2,0.30984014,0.21182266009852216,S1pr1,S1pr1,0.5928543,0.3479381443298969,OPCs,Astrocytes,0.45134723,0.0
Agrn,Agrn,0.35898203,0.21649484536082475,Itgb1,Itgb1,0.5436856,0.27564102564102566,Astrocytes,Pericytes,0.45133382,0.0
Lama2,Lama2,0.25226915,0.12326461926798485,Rpsa,Rpsa,0.65035987,0.4039408866995074,Oligodendrocytes,OPCs,0.4513145,0.98
Il1rapl1,Il1rapl1,0.35937026,0.13168724279835392,Ptprs,Ptprs,0.5431201,0.327319587628866,Microglia,Astrocytes,0.4512452,1.0
Fgf1,Fgf1,0.22252169,0.23583305055989143,Tgfbr3,Tgfbr3,0.6789376,0.28846153846153844,Neurons,Pericytes,0.45072967,0.0
Vegfa,Vegfa,0.65000755,0.36597938144329895,Egfr,Egfr,0.25086373,0.1282051282051282,Astrocytes,Pericytes,0.45043564,0.0
Bcan,Bcan,0.28196418,0.14102564102564102,Egfr,Egfr,0.618786,0.3582474226804124,Pericytes,Astrocytes,0.45037508,0.0
Vegfa,Vegfa,0.65000755,0.36597938144329895,Nrp2,Nrp2,0.25049317,0.24431625381744146,Astrocytes,Neurons,0.45025036,0.0
Vegfa,Vegfa,0.65000755,0.36597938144329895,Grin2b,Grin2b,0.25048476,0.13917525773195877,Astrocytes,Astrocytes,0.45024616,0.0
Adam10,Adam10,0.4714337,0.2507362221287337,Cadm1,Cadm1,0.42874134,0.22435897435897437,Oligodendrocytes,Pericytes,0.45008752,1.0
Hsp90b1,Hsp90b1,0.3592447,0.18384518300378627,Lrp1,Lrp1,0.54086536,0.5218866644044792,Oligodendrocytes,Neurons,0.45005503,0.0
Lamb2,Lamb2,0.24954917,0.14102564102564102,Rpsa,Rpsa,0.65035987,0.4039408866995074,Pericytes,OPCs,0.4499545,0.29
Agrn,Agrn,0.35898203,0.21649484536082475,Lrp1,Lrp1,0.54086536,0.5218866644044792,Astrocytes,Neurons,0.4499237,0.0
Mdk,Mdk,0.281712,0.18719211822660098,Sdc3,Sdc3,0.6173037,0.3891625615763547,OPCs,OPCs,0.44950786,0.0
Jam3,Jam3,0.40229473,0.29064039408866993,Itgb1,Itgb1,0.49624488,0.3251231527093596,OPCs,OPCs,0.4492698,0.0
Col4a3,Col4a3,0.29537937,0.1346153846153846,Cd47,Cd47,0.60269976,0.5337631489650492,Pericytes,Neurons,0.44903958,0.0
Adam10,Adam10,0.5144967,0.33004926108374383,Notch2,Notch2,0.38308427,0.2345360824742268,OPCs,Astrocytes,0.4487905,0.0
Adam10,Adam10,0.4420664,0.26804123711340205,Tspan14,Tspan14,0.45527184,0.2345679012345679,Astrocytes,Microglia,0.44866914,0.0
Vcl,Vcl,0.6138986,0.2948717948717949,Itgb5,Itgb5,0.2834249,0.17525773195876287,Pericytes,Astrocytes,0.44866174,0.0
Hspa8,Hspa8,0.5941915,0.2962962962962963,Ldlr,Ldlr,0.3027977,0.2019704433497537,Microglia,OPCs,0.4484946,1.0
Nlgn1,Nlgn1,0.64582783,0.21794871794871795,Nrxn2,Nrxn2,0.25109345,0.14743589743589744,Pericytes,Pericytes,0.44846064,1.0
Nrxn2,Nrxn2,0.25109345,0.14743589743589744,Nlgn1,Nlgn1,0.64582783,0.21794871794871795,Pericytes,Pericytes,0.44846064,1.0
Arf1,Arf1,0.2621774,0.1346153846153846,Insr,Insr,0.6343979,0.33974358974358976,Pericytes,Pericytes,0.44828767,0.0
Calr,Calr,0.48717567,0.4509670851713607,Itgav,Itgav,0.40935338,0.25773195876288657,Neurons,Astrocytes,0.44826454,0.0
Psap,Psap,0.5998084,0.32051282051282054,Gpr37l1,Gpr37l1,0.2954727,0.1346153846153846,Pericytes,Pericytes,0.44764054,0.7
Apoe,Apoe,0.33165058,0.2297251442144554,Sdc2,Sdc2,0.5634497,0.3427835051546392,Neurons,Astrocytes,0.44755012,1.0
Ncam1,Ncam1,0.5186237,0.22435897435897437,Fgfr1,Fgfr1,0.37643418,0.1987179487179487,Pericytes,Pericytes,0.44752896,1.0
Gpc3,Gpc3,0.3531272,0.15384615384615385,Lrp1,Lrp1,0.54086536,0.5218866644044792,Pericytes,Neurons,0.44699627,0.0
Sema3c,Sema3c,0.26010638,0.10256410256410256,Nrp1,Nrp1_Plxna4,0.63388366,0.2880658436213992,Pericytes,Microglia,0.44699502,0.0
Adam10,Adam10,0.5144967,0.33004926108374383,Nrcam,Nrcam,0.37932366,0.16025641025641027,OPCs,Pericytes,0.44691017,0.86
Rtn4,Rtn4,0.59553874,0.3247422680412371,Lingo1,Lingo1,0.29802364,0.33932813030200204,Astrocytes,Neurons,0.4467812,1.0
Dscam,Dscam,0.24190983,0.10910110783901276,Dcc,Dcc,0.6505509,0.2755574253260412,Oligodendrocytes,Oligodendrocytes,0.44623035,1.0
Nlgn3,Nlgn3,0.4127724,0.2857142857142857,Nrxn1,Nrxn1,0.47925296,0.13168724279835392,OPCs,Microglia,0.44601268,1.0
Nrxn1,Nrxn1,0.47925296,0.13168724279835392,Nlgn3,Nlgn3,0.4127724,0.2857142857142857,Microglia,OPCs,0.44601268,1.0
Ncam1,Ncam1,0.5186237,0.22435897435897437,Ptprz1,Ptprz1,0.37338203,0.3003053953172718,Pericytes,Neurons,0.44600287,1.0
Gpc3,Gpc3,0.3531272,0.15384615384615385,Igf1r,Igf1r,0.5384345,0.27036881222829895,Pericytes,Oligodendrocytes,0.44578087,0.0
App,App,0.6004882,0.29218106995884774,Grm7,Grm7,0.2902294,0.11522633744855967,Microglia,Microglia,0.4453588,1.0
Pigf,Pigf,0.10919858,0.14489311163895488,Flt1,Flt1,0.7810984,0.28846153846153844,Neurons,Pericytes,0.4451485,0.0
Sptbn2,Sptbn2,0.23505466,0.27587376993552765,Ptpra,Ptpra,0.655177,0.37371134020618557,Neurons,Astrocytes,0.44511583,0.0
Adam10,Adam10,0.46146008,0.46182558534102475,Cadm1,Cadm1,0.42874134,0.22435897435897437,Neurons,Pericytes,0.44510072,1.0
Adam17,Adam17,0.52026546,0.26337448559670784,Notch1,Notch1,0.36985317,0.2512315270935961,Microglia,OPCs,0.4450593,0.0
Spp1,Spp1,0.29703212,0.1282051282051282,S1pr1,S1pr1,0.5928543,0.3479381443298969,Pericytes,Astrocytes,0.44494322,0.0
Fgf1,Fgf1,0.51339406,0.30412371134020616,Fgfr1,Fgfr1,0.37643418,0.1987179487179487,Astrocytes,Pericytes,0.4449141,0.0
Sema6a,Sema6a,0.50824755,0.3399014778325123,Plxna2,Plxna2,0.38133705,0.23645320197044334,OPCs,OPCs,0.4447923,0.0
L1cam,L1cam,0.23996133,0.2829996606718697,Fgfr2,Fgfr2,0.64959764,0.3333333333333333,Neurons,Pericytes,0.4447795,1.0
Mif,Mif,0.27069744,0.1522633744855967,Egfr,Egfr,0.618786,0.3582474226804124,Microglia,Astrocytes,0.44474173,0.0
Angpt1,Angpt1,0.31520575,0.19072164948453607,Itgb1,Itgb1,0.57398784,0.2962962962962963,Astrocytes,Microglia,0.4445968,0.0
Lama2,Lama2,0.25226915,0.12326461926798485,Rpsa,Rpsa,0.63643503,0.28350515463917525,Oligodendrocytes,Astrocytes,0.4443521,1.0
Gnai2,Gnai2,0.30984014,0.21182266009852216,Ednrb,Ednrb,0.57840157,0.3402061855670103,OPCs,Astrocytes,0.44412085,0.0
Megf10,Megf10,0.45242482,0.2357313139812088,Abca1,Abca1,0.43556362,0.27319587628865977,Oligodendrocytes,Astrocytes,0.44399422,0.0
Vegfa,Vegfa,0.65000755,0.36597938144329895,Sirpa,Sirpa,0.23754907,0.14690721649484537,Astrocytes,Astrocytes,0.4437783,0.0
Timp3,Timp3,0.7096336,0.3269230769230769,Ddr1,Ddr1,0.17787628,0.21445537835086528,Pericytes,Neurons,0.44375494,0.0
Vegfa,Vegfa,0.65000755,0.36597938144329895,Sirpa,Sirpa,0.23748541,0.2704445198506956,Astrocytes,Neurons,0.44374648,0.0
Adam10,Adam10,0.5144967,0.33004926108374383,Epha3,Epha3,0.37294137,0.30844927044451986,OPCs,Neurons,0.44371903,0.0
Ang,Ang,0.2685144,0.13168724279835392,Egfr,Egfr,0.618786,0.3582474226804124,Microglia,Astrocytes,0.4436502,0.0
Bsg,Bsg,0.6722407,0.35390946502057613,Slc16a7,Slc16a7,0.21492219,0.12747160286074885,Microglia,Oligodendrocytes,0.44358143,0.84
Lamc1,Lamc1,0.564364,0.35467980295566504,Dag1,Dag1,0.322574,0.19845360824742267,OPCs,Astrocytes,0.443469,0.0
Fgf10,Fgf10,0.122515775,0.12792670512385476,Fgfr2,Fgfr2,0.764343,0.46798029556650245,Neurons,OPCs,0.4434294,0.98
Lama4,Lama4,0.47730374,0.30049261083743845,Itgav,Itgav_Itgb8,0.40935338,0.25773195876288657,OPCs,Astrocytes,0.44332856,0.0
Fgf13,Fgf13,0.23687625,0.13793103448275862,Fgfr2,Fgfr2,0.64959764,0.3333333333333333,OPCs,Pericytes,0.44323695,1.0
Lrpap1,Lrpap1,0.40680873,0.4065151001017984,Sorl1,Sorl1,0.47958007,0.4482524601289447,Neurons,Neurons,0.4431944,0.0
Timp3,Timp3,0.7096336,0.3269230769230769,Ddr1,Ddr1,0.17666206,0.10897435897435898,Pericytes,Pericytes,0.44314784,0.0
Vegfc,Vegfc,0.105157435,0.11706820495419071,Flt1,Flt1,0.7810984,0.28846153846153844,Neurons,Pericytes,0.44312793,0.0
Mif,Mif,0.46523848,0.2857142857142857,Ackr3,Ackr3,0.42096877,0.1858974358974359,OPCs,Pericytes,0.4431036,0.0
Lamb2,Lamb2,0.24954917,0.14102564102564102,Rpsa,Rpsa,0.63643503,0.28350515463917525,Pericytes,Astrocytes,0.4429921,0.26
Pdgfb,Pdgfb,0.50229794,0.24279835390946503,Itgav,Itgav,0.38362354,0.21794871794871795,Microglia,Pericytes,0.44296074,0.0
Ncam1,Ncam1,0.5186237,0.22435897435897437,Fgfr1,Fgfr1,0.36719236,0.2268041237113402,Pericytes,Astrocytes,0.44290805,1.0
Lama4,Lama4,0.47730374,0.30049261083743845,Dag1,Dag1,0.40804067,0.270935960591133,OPCs,OPCs,0.4426722,0.0
Bmp6,Bmp6,0.32163987,0.1282051282051282,Bmpr2,Bmpr1a_Bmpr2,0.5632861,0.3645320197044335,Pericytes,OPCs,0.44246298,0.0
Hsp90b1,Hsp90b1,0.4576861,0.2564102564102564,Tlr7,Tlr7,0.4271331,0.205761316872428,Pericytes,Microglia,0.4424096,0.0
Calr,Calr,0.47533396,0.24691358024691357,Itgav,Itgav,0.40935338,0.25773195876288657,Microglia,Astrocytes,0.44234365,0.0
Agrn,Agrn,0.47645134,0.3054187192118227,Dag1,Dag1,0.40804067,0.270935960591133,OPCs,OPCs,0.44224602,0.0
Bsg,Bsg,0.61796916,0.27822184826812507,Slc16a7,Slc16a7,0.26645473,0.2972514421445538,Oligodendrocytes,Neurons,0.44221193,1.0
Adam10,Adam10,0.5144967,0.33004926108374383,Notch1,Notch1,0.36985317,0.2512315270935961,OPCs,OPCs,0.4421749,0.0
Col4a5,Col4a5,0.33988053,0.16025641025641027,Itgb1,Itga1_Itgb1,0.5436856,0.27564102564102566,Pericytes,Pericytes,0.44178307,0.0
Rtn4,Rtn4,0.59553874,0.3247422680412371,Cntnap1,Cntnap1,0.28774056,0.32473702069901594,Astrocytes,Neurons,0.44163966,1.0
Sema4d,Sema4d,0.62593293,0.32098765432098764,Plxnb2,Plxnb2,0.2572412,0.13580246913580246,Microglia,Microglia,0.44158706,0.0
Lama4,Lama4,0.47730374,0.30049261083743845,Dag1,Dag1,0.4057683,0.23076923076923078,OPCs,Pericytes,0.441536,0.0
Adam10,Adam10,0.454205,0.2692307692307692,Cadm1,Cadm1,0.42874134,0.22435897435897437,Pericytes,Pericytes,0.4414732,1.0
Sema3e,Sema3e,0.2488546,0.19477434679334918,Nrp1,Nrp1,0.63388366,0.2880658436213992,Neurons,Microglia,0.44136912,0.0
Efna5,Efna5,0.20953123,0.11538461538461539,Epha10,Epha10,0.6728945,0.5415676959619953,Pericytes,Neurons,0.44121286,0.0
Ncam1,Ncam1,0.5186237,0.22435897435897437,Fgfr1,Fgfr1,0.3637709,0.3712249745503902,Pericytes,Neurons,0.4411973,1.0
Agrn,Agrn,0.47645134,0.3054187192118227,Dag1,Dag1,0.4057683,0.23076923076923078,OPCs,Pericytes,0.44110984,0.0
Mdk,Mdk,0.281712,0.18719211822660098,Notch2,Notch2,0.60047126,0.3004115226337449,OPCs,Microglia,0.44109163,0.0
Gnai2,Gnai2,0.2388187,0.13402061855670103,Adcy8,Adcy8,0.64238846,0.3711340206185567,Astrocytes,Astrocytes,0.44060358,0.0
Fgf1,Fgf1,0.51339406,0.30412371134020616,Fgfr1,Fgfr1,0.36719236,0.2268041237113402,Astrocytes,Astrocytes,0.4402932,0.0
Lrpap1,Lrpap1,0.30817145,0.16666666666666666,Sorl1,Sorl1,0.5721202,0.34536082474226804,Pericytes,Astrocytes,0.44014582,0.0
Lrrc4b,Lrrc4b,0.3365888,0.35799117746861214,Ptprs,Ptprs,0.5431201,0.327319587628866,Neurons,Astrocytes,0.43985444,0.0
Il18,Il18,0.50689685,0.30927835051546393,Il1rl2,Il1rl2,0.372553,0.18930041152263374,Astrocytes,Microglia,0.43972492,0.0
Arf1,Arf1,0.2621774,0.1346153846153846,Chrm3,Chrm3,0.6170068,0.36443841194435017,Pericytes,Neurons,0.4395921,0.0
Slitrk2,Slitrk2,0.33605346,0.2190721649484536,Ptprs,Ptprs,0.5431201,0.327319587628866,Astrocytes,Astrocytes,0.43958676,0.0
Lrig2,Lrig2,0.260368,0.15355490113588557,Egfr,Egfr,0.618786,0.3582474226804124,Oligodendrocytes,Astrocytes,0.43957698,0.0
Timp3,Timp3,0.3947861,0.2413793103448276,Ddr1,Ddr1,0.48428917,0.2549432057214977,OPCs,Oligodendrocytes,0.43953764,0.0
Fbn1,Fbn1,0.3827226,0.26108374384236455,Itgb1,Itgb1,0.49624488,0.3251231527093596,OPCs,OPCs,0.43948373,0.0
Icam1,Icam1,0.26006752,0.12345679012345678,Egfr,Egfr,0.618786,0.3582474226804124,Microglia,Astrocytes,0.43942675,0.0
Rgma,Rgma,0.28159732,0.2019704433497537,Bmpr2,Bmpr2,0.5972455,0.30128205128205127,OPCs,Pericytes,0.43942142,0.0
Tgfb1,Tgfb1,0.48064888,0.23868312757201646,Itgb5,Itgb5,0.3980638,0.1987179487179487,Microglia,Pericytes,0.43935633,0.0
L1cam,L1cam,0.23996133,0.2829996606718697,Cd9,Cd9,0.6387223,0.276679287617445,Neurons,Oligodendrocytes,0.4393418,0.0
Jam2,Jam2,0.30460286,0.17307692307692307,Itgb1,Itgav_Itgb1,0.57398784,0.2962962962962963,Pericytes,Microglia,0.43929535,0.0
Fgf1,Fgf1,0.1992148,0.1110643668489693,Tgfbr3,Tgfbr3,0.6789376,0.28846153846153844,Oligodendrocytes,Pericytes,0.43907622,0.0
Cklf,Cklf,0.23938446,0.12345679012345678,Lrp6,Lrp6,0.63835216,0.4088669950738916,Microglia,OPCs,0.4388683,0.0
Cntn1,Cntn1,0.47541264,0.1987179487179487,Notch2,Notch2,0.4022878,0.1794871794871795,Pericytes,Pericytes,0.43885022,0.36
Gnai2,Gnai2,0.30984014,0.21182266009852216,Adcy8,Adcy8,0.5676797,0.3448275862068966,OPCs,OPCs,0.43875992,0.0
Vegfa,Vegfa,0.4938224,0.2955665024630542,Itgav,Itgav,0.38362354,0.21794871794871795,OPCs,Pericytes,0.43872297,0.0
Vegfa,Vegfa,0.65000755,0.36597938144329895,Gpc1,Gpc1,0.22717841,0.2653545978961656,Astrocytes,Neurons,0.43859297,0.0
Fgf1,Fgf1,0.51339406,0.30412371134020616,Fgfr1,Fgfr1,0.3637709,0.3712249745503902,Astrocytes,Neurons,0.43858248,0.0
Nrxn1,Nrxn1,0.7008444,0.21778151731874912,Nlgn3,Nlgn3,0.17538334,0.2130980658296573,Oligodendrocytes,Neurons,0.43811387,1.0
Nlgn3,Nlgn3,0.17538334,0.2130980658296573,Nrxn1,Nrxn1,0.7008444,0.21778151731874912,Neurons,Oligodendrocytes,0.43811387,1.0
Lgi1,Lgi1,0.23187202,0.1625615763546798,Adam23,Adam23,0.64331293,0.3645320197044335,OPCs,OPCs,0.43759248,0.11
Gnai2,Gnai2,0.4459763,0.22435897435897437,Ednra,Ednra,0.4291351,0.19230769230769232,Pericytes,Pericytes,0.4375557,0.0
Nfasc,Nfasc,0.5873519,0.3645320197044335,Cntnap1,Cntn1_Cntnap1,0.28774056,0.32473702069901594,OPCs,Neurons,0.43754625,0.71
Arf1,Arf1,0.24052234,0.13580246913580246,Insr,Insr,0.6343979,0.33974358974358976,Microglia,Pericytes,0.43746012,0.0
Rgma,Rgma,0.28159732,0.2019704433497537,Neo1,Neo1,0.5930298,0.5293518832711231,OPCs,Neurons,0.43731356,0.0
Lamc3,Lamc3,0.3778231,0.16025641025641027,Itgb1,Itga9_Itgb1,0.49624488,0.3251231527093596,Pericytes,OPCs,0.437034,0.0
Adam10,Adam10,0.4714337,0.2507362221287337,Notch2,Notch2,0.4022878,0.1794871794871795,Oligodendrocytes,Pericytes,0.43686074,0.0
Gnai2,Gnai2,0.4459763,0.22435897435897437,Adcy9,Adcy9,0.42773306,0.29064039408866993,Pericytes,OPCs,0.43685466,0.0
Efnb2,Efnb2,0.10097656,0.12690872073294876,Grm1,Grm1,0.77266854,0.498812351543943,Neurons,Neurons,0.43682253,0.0
Mdk,Mdk,0.44691485,0.2654639175257732,Sdc2,Sdc2,0.4266089,0.2660098522167488,Astrocytes,OPCs,0.43676186,0.0
Jam2,Jam2,0.29935274,0.15637860082304528,Itgb1,Itgav_Itgb1,0.57398784,0.2962962962962963,Microglia,Microglia,0.4366703,0.0
App,App,0.6004882,0.29218106995884774,Vldlr,Vldlr,0.27211878,0.15453653064086384,Microglia,Oligodendrocytes,0.4363035,1.0
Apoe,Apoe,0.33165058,0.2297251442144554,Lrp1,Lrp1,0.54086536,0.5218866644044792,Neurons,Neurons,0.43625796,1.0
Fgf1,Fgf1,0.22252169,0.23583305055989143,Fgfr2,Fgfr2,0.64959764,0.3333333333333333,Neurons,Pericytes,0.43605965,1.0
Jam2,Jam2,0.55770284,0.3247422680412371,Itga4,Itga4_Itgb1,0.31437588,0.14743589743589744,Astrocytes,Pericytes,0.43603936,0.0
Ncam1,Ncam1,0.25594413,0.1111111111111111,Robo1,Robo1,0.6159328,0.30927835051546393,Microglia,Astrocytes,0.43593848,1.0
Fgf12,Fgf12,0.37540203,0.15384615384615385,Fgfr2,Fgfr2,0.49607632,0.25925925925925924,Pericytes,Microglia,0.43573916,1.0
Spp1,Spp1,0.29703212,0.1282051282051282,Itgb1,Itgav_Itgb1,0.57398784,0.2962962962962963,Pericytes,Microglia,0.43550998,0.0
Adam10,Adam10,0.4420664,0.26804123711340205,Cadm1,Cadm1,0.42874134,0.22435897435897437,Astrocytes,Pericytes,0.43540388,1.0
Calr,Calr,0.48717567,0.4509670851713607,Itgav,Itgav,0.38362354,0.21794871794871795,Neurons,Pericytes,0.4353996,0.0
Fgf1,Fgf1,0.1916877,0.10256410256410256,Tgfbr3,Tgfbr3,0.6789376,0.28846153846153844,Pericytes,Pericytes,0.43531266,0.0
Sparc,Sparc,0.49397203,0.19772822885990746,Fgfr1,Fgfr1,0.37643418,0.1987179487179487,Oligodendrocytes,Pericytes,0.4352031,0.0
Rtn4,Rtn4,0.5346433,0.27564102564102566,Tnfrsf19,Tnfrsf19,0.33501306,0.211340206185567,Pericytes,Astrocytes,0.43482816,1.0
Lrpap1,Lrpap1,0.39003626,0.2561576354679803,Sorl1,Sorl1,0.47958007,0.4482524601289447,OPCs,Neurons,0.43480816,0.0
Arf1,Arf1,0.30964208,0.2979300984051578,Insr,Insr,0.5597408,0.3694581280788177,Neurons,OPCs,0.43469143,0.0
Gnai2,Gnai2,0.20350024,0.10531482260552517,Igf1r,Igf1r,0.66569024,0.5463182897862233,Oligodendrocytes,Neurons,0.43459523,0.0
Agrn,Agrn,0.37276822,0.20512820512820512,Itgb1,Itgb1,0.49624488,0.3251231527093596,Pericytes,OPCs,0.43450654,0.0
Inha,Inha,0.18991622,0.24363759755683745,Tgfbr3,Tgfbr3,0.6789376,0.28846153846153844,Neurons,Pericytes,0.4344269,0.0
Adam15,Adam15,0.294315,0.1522633744855967,Itgb1,Itgb1,0.57398784,0.2962962962962963,Microglia,Microglia,0.4341514,0.0
App,App,0.6004882,0.29218106995884774,Grm7,Grm7,0.26770332,0.11082474226804123,Microglia,Astrocytes,0.43409574,1.0
Lgi3,Lgi3,0.43380603,0.21722058617304726,Adam22,Adam22,0.43355224,0.22717711400925536,Oligodendrocytes,Oligodendrocytes,0.43367913,1.0
Agrn,Agrn,0.37276822,0.20512820512820512,Atp1a3,Atp1a3,0.4941892,0.18300378628523348,Pericytes,Oligodendrocytes,0.4334787,1.0
Gnai2,Gnai2,0.4459763,0.22435897435897437,Adcy7,Adcy7,0.42093673,0.20164609053497942,Pericytes,Microglia,0.4334565,0.0
App,App,0.46430153,0.24742268041237114,Notch2,Notch2,0.4022878,0.1794871794871795,Astrocytes,Pericytes,0.43329465,1.0
Timp2,Timp2,0.53795135,0.2757201646090535,Itgb1,Itgb1,0.3285385,0.35900916185951814,Microglia,Neurons,0.43324494,0.0
Hsp90b1,Hsp90b1,0.32557622,0.1958762886597938,Lrp1,Lrp1,0.54086536,0.5218866644044792,Astrocytes,Neurons,0.4332208,0.0
Il18,Il18,0.50689685,0.30927835051546393,Il1rapl1,Il1rapl1,0.35937026,0.13168724279835392,Astrocytes,Microglia,0.43313354,1.0
App,App,0.6004882,0.29218106995884774,Tnfrsf21,Tnfrsf21,0.26528463,0.2891075670173057,Microglia,Neurons,0.43288642,1.0
Adam17,Adam17,0.52026546,0.26337448559670784,Notch1,Notch1,0.34546015,0.19230769230769232,Microglia,Pericytes,0.43286282,0.0
Vegfa,Vegfa,0.65000755,0.36597938144329895,Itgb1,Itgb1,0.2157086,0.13402061855670103,Astrocytes,Astrocytes,0.43285808,0.0
Lrig2,Lrig2,0.24679251,0.13991769547325103,Egfr,Egfr,0.618786,0.3582474226804124,Microglia,Astrocytes,0.43278924,0.0
Bcan,Bcan,0.24627133,0.26874787919918564,Egfr,Egfr,0.618786,0.3582474226804124,Neurons,Astrocytes,0.43252864,0.0
Adam17,Adam17,0.52026546,0.26337448559670784,Notch1,Notch1,0.34465346,0.22422680412371135,Microglia,Astrocytes,0.43245947,0.0
Col11a1,Col11a1,0.5000702,0.3545978961655921,Ddr1,Ddr1,0.36414883,0.2345360824742268,Neurons,Astrocytes,0.43210953,0.0
Ncan,Ncan,0.32172057,0.22167487684729065,Cdh2,Cdh2,0.5423738,0.2778011499088487,OPCs,Oligodendrocytes,0.4320472,0.0
Col11a1,Col11a1,0.5795459,0.3448275862068966,Ddr1,Ddr1,0.2843454,0.2019704433497537,OPCs,OPCs,0.43194565,0.0
Adam10,Adam10,0.46146008,0.46182558534102475,Notch2,Notch2,0.4022878,0.1794871794871795,Neurons,Pericytes,0.43187395,0.0
Il18,Il18,0.40312713,0.27586206896551724,Il1rapl1,Il1rapl1,0.4603168,0.1794871794871795,OPCs,Pericytes,0.431722,1.0
Jam2,Jam2,0.54854804,0.3694581280788177,Itga4,Itga4_Itgb1,0.31437588,0.14743589743589744,OPCs,Pericytes,0.43146196,0.0
Bmp1,Bmp1,0.18070869,0.12628865979381443,Bmpr2,Bmpr2,0.6821247,0.5721072276891754,Astrocytes,Neurons,0.4314167,0.0
Col4a1,Col4a1,0.2601021,0.1346153846153846,Cd47,Cd47,0.60269976,0.5337631489650492,Pericytes,Neurons,0.43140092,0.0
Timp2,Timp2,0.2886336,0.1472444257467396,Itgb1,Itgb1,0.57398784,0.2962962962962963,Oligodendrocytes,Microglia,0.4313107,0.0
Lrrc4b,Lrrc4b,0.4928386,0.33004926108374383,Ptprs,Ptprs,0.36926973,0.205761316872428,OPCs,Microglia,0.43105417,0.01
Mfge8,Mfge8,0.5785316,0.25,Itgb5,Itgb5,0.2834249,0.17525773195876287,Pericytes,Astrocytes,0.43097827,0.0
Efna5,Efna5,0.20953123,0.11538461538461539,Epha7,Epha7,0.65241057,0.4855785544621649,Pericytes,Neurons,0.4309709,0.0
Gnai2,Gnai2,0.5479544,0.2757201646090535,Ednrb,Ednrb,0.31387123,0.22167487684729065,Microglia,OPCs,0.4309128,0.0
Gnai2,Gnai2,0.5479544,0.2757201646090535,Adcy1,Adcy1,0.3133616,0.3461146929080421,Microglia,Neurons,0.43065798,0.0
Cntn1,Cntn1,0.47541264,0.1987179487179487,Ptprz1,Ptprz1,0.38583654,0.16025641025641027,Pericytes,Pericytes,0.4306246,0.91
Fstl1,Fstl1,0.47259486,0.27319587628865977,Dip2a,Dip2a,0.38863447,0.4231421784865965,Astrocytes,Neurons,0.43061465,0.0
Sparc,Sparc,0.49397203,0.19772822885990746,Fgfr1,Fgfr1,0.36719236,0.2268041237113402,Oligodendrocytes,Astrocytes,0.4305822,0.0
Gnai2,Gnai2,0.30984014,0.21182266009852216,Adcy9,Adcy9,0.5512227,0.513403461146929,OPCs,Neurons,0.4305314,0.0
App,App,0.6004882,0.29218106995884774,Aplp2,Aplp2,0.26024443,0.14814814814814814,Microglia,Microglia,0.4303663,1.0
Sema4a,Sema4a,0.22668926,0.14948453608247422,Nrp1,Nrp1_Plxna4,0.63388366,0.2880658436213992,Astrocytes,Microglia,0.43028647,0.0
Mdk,Mdk,0.44691485,0.2654639175257732,Alk,Alk,0.4133415,0.3189684424838819,Astrocytes,Neurons,0.43012816,0.0
Gnai2,Gnai2,0.2388187,0.13402061855670103,Igf1r,Igf1r,0.62140805,0.3634020618556701,Astrocytes,Astrocytes,0.43011338,0.09
Adam10,Adam10,0.5144967,0.33004926108374383,Notch1,Notch1,0.34546015,0.19230769230769232,OPCs,Pericytes,0.42997843,0.0
Vegfa,Vegfa,0.4938224,0.2955665024630542,Ephb2,Ephb2,0.36587283,0.4024431625381744,OPCs,Neurons,0.4298476,0.0
Adam10,Adam10,0.5144967,0.33004926108374383,Notch1,Notch1,0.34465346,0.22422680412371135,OPCs,Astrocytes,0.4295751,0.0
Calr,Calr,0.47533396,0.24691358024691357,Itgav,Itgav,0.38362354,0.21794871794871795,Microglia,Pericytes,0.42947876,0.01
Lama4,Lama4,0.63566417,0.28846153846153844,Itgb8,Itgav_Itgb8,0.22328635,0.12634974056934511,Pericytes,Oligodendrocytes,0.42947525,0.0
Angpt1,Angpt1,0.31520575,0.19072164948453607,Itgb1,Itgb1,0.5436856,0.27564102564102566,Astrocytes,Pericytes,0.42944568,0.0
L1cam,L1cam,0.23996133,0.2829996606718697,Egfr,Egfr,0.618786,0.3582474226804124,Neurons,Astrocytes,0.42937365,0.0
Psen1,Psen1,0.25804967,0.1440329218106996,Notch2,Notch2,0.60047126,0.3004115226337449,Microglia,Microglia,0.42926046,0.0
Cntn1,Cntn1,0.47541264,0.1987179487179487,Notch2,Notch2,0.38308427,0.2345360824742268,Pericytes,Astrocytes,0.42924845,0.4
Lrpap1,Lrpap1,0.2861818,0.17525773195876287,Sorl1,Sorl1,0.5721202,0.34536082474226804,Astrocytes,Astrocytes,0.429151,0.0
Col4a6,Col4a6,0.3144239,0.1346153846153846,Itgb1,Itga1_Itgb1,0.5436856,0.27564102564102566,Pericytes,Pericytes,0.42905474,0.0
Rims2,Rims2,0.3555113,0.16025641025641027,Abca1,Abca1,0.5024027,0.2345679012345679,Pericytes,Microglia,0.42895702,0.72
Sparc,Sparc,0.49397203,0.19772822885990746,Fgfr1,Fgfr1,0.3637709,0.3712249745503902,Oligodendrocytes,Neurons,0.42887145,0.0
Gnai2,Gnai2,0.2388187,0.13402061855670103,Egfr,Egfr,0.618786,0.3582474226804124,Astrocytes,Astrocytes,0.42880234,0.0
Arf1,Arf1,0.24052234,0.13580246913580246,Chrm3,Chrm3,0.6170068,0.36443841194435017,Microglia,Neurons,0.42876455,0.0
Slit3,Slit3,0.29034072,0.2147947064811673,Robo1,Robo1,0.56691456,0.23076923076923078,Neurons,Pericytes,0.42862764,1.0
Cxcl12,Cxcl12,0.28304973,0.1346153846153846,Itgb1,Itgb1,0.57398784,0.2962962962962963,Pericytes,Microglia,0.42851877,0.0
Plat,Plat,0.31567562,0.15384615384615385,Lrp1,Lrp1,0.54086536,0.5218866644044792,Pericytes,Neurons,0.4282705,0.0
Adam10,Adam10,0.454205,0.2692307692307692,Notch2,Notch2,0.4022878,0.1794871794871795,Pericytes,Pericytes,0.4282464,0.0
Rgma,Rgma,0.1742906,0.10068714065348479,Bmpr2,Bmpr2,0.6821247,0.5721072276891754,Oligodendrocytes,Neurons,0.42820764,0.0
Fgf1,Fgf1,0.22252169,0.23583305055989143,Nrp1,Nrp1,0.63388366,0.2880658436213992,Neurons,Microglia,0.4282027,0.0
Bmp1,Bmp1,0.17389077,0.11330049261083744,Bmpr2,Bmpr2,0.6821247,0.5721072276891754,OPCs,Neurons,0.42800772,0.0
Vegfa,Vegfa,0.65000755,0.36597938144329895,Ephb2,Ephb2,0.20598254,0.14285714285714285,Astrocytes,OPCs,0.42799503,0.0
Adam9,Adam9,0.2818639,0.2019704433497537,Itgb1,Itgb1,0.57398784,0.2962962962962963,OPCs,Microglia,0.42792588,0.0
Mdk,Mdk,0.281712,0.18719211822660098,Itgb1,Itga6_Itgb1,0.57398784,0.2962962962962963,OPCs,Microglia,0.42784992,0.0
Fgf13,Fgf13,0.23687625,0.13793103448275862,Egfr,Egfr,0.618786,0.3582474226804124,OPCs,Astrocytes,0.4278311,0.0
Lamc3,Lamc3,0.3778231,0.16025641025641027,Itgb8,Itgav_Itgb8,0.47756553,0.31527093596059114,Pericytes,OPCs,0.42769432,0.0
Megf10,Megf10,0.41980997,0.270935960591133,Abca1,Abca1,0.43556362,0.27319587628865977,OPCs,Astrocytes,0.4276868,0.0
Angpt1,Angpt1,0.5267828,0.30049261083743845,Itgb1,Itgb1,0.3285385,0.35900916185951814,OPCs,Neurons,0.42766064,0.0
Agrn,Agrn,0.35898203,0.21649484536082475,Itgb1,Itgb1,0.49624488,0.3251231527093596,Astrocytes,OPCs,0.42761344,0.0
Cntn1,Cntn1,0.47541264,0.1987179487179487,Nrcam,Nrcam,0.37932366,0.16025641025641027,Pericytes,Pericytes,0.42736816,1.0
Adam10,Adam10,0.4714337,0.2507362221287337,Notch2,Notch2,0.38308427,0.2345360824742268,Oligodendrocytes,Astrocytes,0.42725897,0.0
Mdk,Mdk,0.281712,0.18719211822660098,Sorl1,Sorl1,0.5721202,0.34536082474226804,OPCs,Astrocytes,0.4269161,0.0
Lama4,Lama4,0.63566417,0.28846153846153844,Itgb8,Itgav_Itgb8,0.21812287,0.1282051282051282,Pericytes,Pericytes,0.42689353,0.0
Slitrk1,Slitrk1,0.31049326,0.22167487684729065,Ptprs,Ptprs,0.5431201,0.327319587628866,OPCs,Astrocytes,0.4268067,0.0
Agrn,Agrn,0.35898203,0.21649484536082475,Atp1a3,Atp1a3,0.4941892,0.18300378628523348,Astrocytes,Oligodendrocytes,0.4265856,1.0
Megf10,Megf10,0.5102018,0.3015463917525773,Abca1,Abca1,0.34294063,0.22660098522167488,Astrocytes,OPCs,0.42657122,0.0
Bmp5,Bmp5,0.4271026,0.19230769230769232,Acvr1,Acvr1_Bmpr2,0.4259486,0.29064039408866993,Pericytes,OPCs,0.4265256,0.0
Sptan1,Sptan1,0.3177783,0.16872427983539096,Ptpra,Ptpra,0.53463,0.28172766792876175,Microglia,Oligodendrocytes,0.42620414,1.0
Lamc3,Lamc3,0.3778231,0.16025641025641027,Itga9,Itga9_Itgb1,0.47447187,0.22633744855967078,Pericytes,Microglia,0.4261475,0.0
Cntn1,Cntn1,0.25168648,0.11522633744855967,Notch2,Notch2,0.60047126,0.3004115226337449,Microglia,Microglia,0.42607886,0.46
Lrpap1,Lrpap1,0.40680873,0.4065151001017984,Sort1,Sort1,0.44504783,0.23615201234048522,Neurons,Oligodendrocytes,0.4259283,0.0
Fn1,Fn1,0.27777004,0.1346153846153846,Itgb1,Itgav_Itgb1,0.57398784,0.2962962962962963,Pericytes,Microglia,0.42587894,0.0
Sema4d,Sema4d,0.62593293,0.32098765432098764,Plxnb1,Plxnb1,0.22553286,0.1346153846153846,Microglia,Pericytes,0.4257329,0.0
Lama4,Lama4,0.63566417,0.28846153846153844,Itgb1,Itga6_Itgb1,0.2157086,0.13402061855670103,Pericytes,Astrocytes,0.4256864,0.0
Sptan1,Sptan1,0.3177783,0.16872427983539096,Ptpra,Ptpra,0.53325456,0.3076923076923077,Microglia,Pericytes,0.42551643,1.0
Adam10,Adam10,0.4714337,0.2507362221287337,Nrcam,Nrcam,0.37932366,0.16025641025641027,Oligodendrocytes,Pericytes,0.42537868,0.98
App,App,0.46430153,0.24742268041237114,Lrp6,Lrp6,0.38639113,0.24742268041237114,Astrocytes,Astrocytes,0.42534631,1.0
Arf1,Arf1,0.21610665,0.10138830458561211,Insr,Insr,0.6343979,0.33974358974358976,Oligodendrocytes,Pericytes,0.4252523,0.0
Bmp5,Bmp5,0.4271026,0.19230769230769232,Bmpr1a,Bmpr1a_Bmpr2,0.42279664,0.4272141160502206,Pericytes,Neurons,0.42494962,0.0
Bmp5,Bmp5,0.4271026,0.19230769230769232,Bmpr1a,Acvr2a_Bmpr1a,0.42279664,0.4272141160502206,Pericytes,Neurons,0.42494962,0.0
Mdk,Mdk,0.44691485,0.2654639175257732,Notch2,Notch2,0.4022878,0.1794871794871795,Astrocytes,Pericytes,0.42460132,0.0
Nrxn2,Nrxn2,0.2032566,0.13144329896907217,Nlgn1,Nlgn1,0.64582783,0.21794871794871795,Astrocytes,Pericytes,0.42454222,1.0
Nlgn1,Nlgn1,0.64582783,0.21794871794871795,Nrxn2,Nrxn2,0.2032566,0.13144329896907217,Pericytes,Astrocytes,0.42454222,1.0
Lrpap1,Lrpap1,0.30817145,0.16666666666666666,Lrp1,Lrp1,0.54086536,0.5218866644044792,Pericytes,Neurons,0.4245184,0.0
Fgf1,Fgf1,0.1992148,0.1110643668489693,Fgfr2,Fgfr2,0.64959764,0.3333333333333333,Oligodendrocytes,Pericytes,0.42440623,1.0
Adam17,Adam17,0.52026546,0.26337448559670784,Itgb1,Itgb1,0.3285385,0.35900916185951814,Microglia,Neurons,0.424402,0.0
Cntn1,Cntn1,0.47541264,0.1987179487179487,Ptprz1,Ptprz1,0.37338203,0.3003053953172718,Pericytes,Neurons,0.42439735,1.0
Efnb3,Efnb3,0.48290431,0.25045575655588276,Ephb2,Ephb2,0.36587283,0.4024431625381744,Oligodendrocytes,Neurons,0.4243886,0.0
Gpc3,Gpc3,0.18304504,0.15405497115710892,Igf1r,Igf1r,0.66569024,0.5463182897862233,Neurons,Neurons,0.42436764,0.0
Fgf1,Fgf1,0.22252169,0.23583305055989143,Cspg4,Cspg4,0.6261725,0.2564102564102564,Neurons,Pericytes,0.4243471,0.0
Gnai2,Gnai2,0.30984014,0.21182266009852216,Igf1r,Igf1r,0.5384345,0.27036881222829895,OPCs,Oligodendrocytes,0.42413732,0.1
Tfpi,Tfpi,0.30730832,0.16025641025641027,Lrp1,Lrp1,0.54086536,0.5218866644044792,Pericytes,Neurons,0.42408684,0.0
App,App,0.46430153,0.24742268041237114,Notch2,Notch2,0.38308427,0.2345360824742268,Astrocytes,Astrocytes,0.42369288,1.0
Fgf14,Fgf14,0.47067472,0.15637860082304528,Fgfr1,Fgfr1,0.37643418,0.1987179487179487,Microglia,Pericytes,0.42355445,1.0
Gnai2,Gnai2,0.30984014,0.21182266009852216,Adcy9,Adcy9,0.5369343,0.28846153846153844,OPCs,Pericytes,0.42338723,0.0
App,App,0.46430153,0.24742268041237114,Aplp1,Aplp1,0.3823676,0.26108374384236455,Astrocytes,OPCs,0.42333457,1.0
Gnai2,Gnai2,0.20350024,0.10531482260552517,Adcy8,Adcy8,0.64238846,0.3711340206185567,Oligodendrocytes,Astrocytes,0.42294437,0.0
Cntn1,Cntn1,0.47541264,0.1987179487179487,Notch1,Notch1,0.36985317,0.2512315270935961,Pericytes,OPCs,0.4226329,0.31
Mdk,Mdk,0.281712,0.18719211822660098,Sdc2,Sdc2,0.5634497,0.3427835051546392,OPCs,Astrocytes,0.42258084,0.0
Pdgfb,Pdgfb,0.50229794,0.24279835390946503,Itgav,Itgav,0.34272376,0.1841256485766372,Microglia,Oligodendrocytes,0.42251086,0.0
Rgma,Rgma,0.28159732,0.2019704433497537,Bmpr2,Bmpr2,0.5632861,0.3645320197044335,OPCs,OPCs,0.42244172,0.0
Adam10,Adam10,0.46146008,0.46182558534102475,Notch2,Notch2,0.38308427,0.2345360824742268,Neurons,Astrocytes,0.42227218,0.0
Ncam1,Ncam1,0.25594413,0.1111111111111111,Gfra1,Gfra1,0.588555,0.3793103448275862,Microglia,OPCs,0.42224956,1.0
Alcam,Alcam,0.40804878,0.2016547468798205,Nrp1,Nrp1,0.436427,0.35595520868680014,Oligodendrocytes,Neurons,0.42223787,0.0
Tgfb2,Tgfb2,0.1654376,0.10309278350515463,Tgfbr3,Tgfbr3,0.6789376,0.28846153846153844,Astrocytes,Pericytes,0.4221876,0.0
Adam10,Adam10,0.4714337,0.2507362221287337,Epha3,Epha3,0.37294137,0.30844927044451986,Oligodendrocytes,Neurons,0.42218754,0.0
Adam10,Adam10,0.4420664,0.26804123711340205,Notch2,Notch2,0.4022878,0.1794871794871795,Astrocytes,Pericytes,0.4221771,0.0
Fgf12,Fgf12,0.34823906,0.1958762886597938,Fgfr2,Fgfr2,0.49607632,0.25925925925925924,Astrocytes,Microglia,0.4221577,1.0
Col4a4,Col4a4,0.2415591,0.11538461538461539,Cd47,Cd47,0.60269976,0.5337631489650492,Pericytes,Neurons,0.42212942,0.0
Nid1,Nid1,0.5761931,0.27564102564102566,Ptprf,Ptprf,0.26744348,0.31218187987784185,Pericytes,Neurons,0.4218183,0.0
Hras,Hras,0.20868927,0.1995249406175772,Insr,Insr,0.6343979,0.33974358974358976,Neurons,Pericytes,0.4215436,0.0
Fgf1,Fgf1,0.22252169,0.23583305055989143,Egfr,Egfr,0.618786,0.3582474226804124,Neurons,Astrocytes,0.42065382,0.0
Ptn,Ptn,0.41468883,0.34170342721411606,Sdc2,Sdc2,0.4266089,0.2660098522167488,Neurons,OPCs,0.42064887,1.0
Adam10,Adam10,0.4714337,0.2507362221287337,Notch1,Notch1,0.36985317,0.2512315270935961,Oligodendrocytes,OPCs,0.42064345,0.0
Fgf1,Fgf1,0.1916877,0.10256410256410256,Fgfr2,Fgfr2,0.64959764,0.3333333333333333,Pericytes,Pericytes,0.42064267,1.0
Ncam1,Ncam1,0.5186237,0.22435897435897437,Robo1,Robo1,0.32261372,0.13168724279835392,Pericytes,Microglia,0.4206187,1.0
Fn1,Fn1,0.27777004,0.1346153846153846,Sdc2,Sdc2,0.5634497,0.3427835051546392,Pericytes,Astrocytes,0.42060986,0.0
Adam10,Adam10,0.46146008,0.46182558534102475,Nrcam,Nrcam,0.37932366,0.16025641025641027,Neurons,Pericytes,0.42039186,0.97
Bmp1,Bmp1,0.18070869,0.12628865979381443,Bmpr2,Bmpr2,0.6596857,0.32510288065843623,Astrocytes,Microglia,0.4201972,0.0
Sirpa,Sirpa,0.23754907,0.14690721649484537,Cd47,Cd47,0.60269976,0.5337631489650492,Astrocytes,Neurons,0.4201244,0.0
Cd47,Cd47,0.60269976,0.5337631489650492,Sirpa,Sirpa,0.23754907,0.14690721649484537,Neurons,Astrocytes,0.4201244,0.0
Sirpa,Sirpa,0.23748541,0.2704445198506956,Cd47,Cd47,0.60269976,0.5337631489650492,Neurons,Neurons,0.42009258,0.0
Cd47,Cd47,0.60269976,0.5337631489650492,Sirpa,Sirpa,0.23748541,0.2704445198506956,Neurons,Neurons,0.42009258,0.0
Sema6a,Sema6a,0.21764022,0.11538461538461539,Plxna2,Plxna2,0.62225235,0.517814726840855,Pericytes,Neurons,0.41994628,0.0
Calr,Calr,0.29898164,0.15355490113588557,Lrp1,Lrp1,0.54086536,0.5218866644044792,Oligodendrocytes,Neurons,0.41992348,0.0
Col1a2,Col1a2,0.43047568,0.21794871794871795,Itgav,Itgav_Itgb8,0.40935338,0.25773195876288657,Pericytes,Astrocytes,0.41991454,0.0
Timp3,Timp3,0.661649,0.38402061855670105,Ddr1,Ddr1,0.17787628,0.21445537835086528,Astrocytes,Neurons,0.41976264,0.0
Agrn,Agrn,0.4311766,0.4530030539531727,Dag1,Dag1,0.40804067,0.270935960591133,Neurons,OPCs,0.41960865,0.0
Col4a3,Col4a3,0.29537937,0.1346153846153846,Itgb1,Itga1_Itgb1,0.5436856,0.27564102564102566,Pericytes,Pericytes,0.41953248,0.0
App,App,0.46430153,0.24742268041237114,Lrp6,Lrp6,0.37452346,0.20512820512820512,Astrocytes,Pericytes,0.4194125,1.0
Ntrk3,Ntrk3,0.46953338,0.21794871794871795,Ptprs,Ptprs,0.36926973,0.205761316872428,Pericytes,Microglia,0.41940156,0.87
Timp3,Timp3,0.661649,0.38402061855670105,Ddr1,Ddr1,0.17666206,0.10897435897435898,Astrocytes,Pericytes,0.41915554,0.0
Copa,Copa,0.20884727,0.12214275697658113,P2ry6,P2ry6,0.629294,0.3045267489711934,Oligodendrocytes,Microglia,0.41907063,0.0
Adam15,Adam15,0.294315,0.1522633744855967,Itgb1,Itgb1,0.5436856,0.27564102564102566,Microglia,Pericytes,0.41900033,0.0
Fgf14,Fgf14,0.47067472,0.15637860082304528,Fgfr1,Fgfr1,0.36719236,0.2268041237113402,Microglia,Astrocytes,0.41893354,1.0
Serping1,Serping1,0.29695445,0.14102564102564102,Lrp1,Lrp1,0.54086536,0.5218866644044792,Pericytes,Neurons,0.4189099,0.0
Vegfa,Vegfa,0.2038304,0.11538461538461539,Nrp1,Nrp1,0.63388366,0.2880658436213992,Pericytes,Microglia,0.41885704,0.0
Adam10,Adam10,0.454205,0.2692307692307692,Notch2,Notch2,0.38308427,0.2345360824742268,Pericytes,Astrocytes,0.41864464,0.0
Gnai2,Gnai2,0.5479544,0.2757201646090535,Adcy9,Adcy9,0.28932378,0.18298969072164947,Microglia,Astrocytes,0.41863906,0.0
Agrn,Agrn,0.4311766,0.4530030539531727,Dag1,Dag1,0.4057683,0.23076923076923078,Neurons,Pericytes,0.41847247,0.0
Calr,Calr,0.42742974,0.22435897435897437,Itgav,Itgav,0.40935338,0.25773195876288657,Pericytes,Astrocytes,0.41839156,0.0
Cntn2,Cntn2,0.20282064,0.25212080081438754,Nrp1,Nrp1,0.63388366,0.2880658436213992,Neurons,Microglia,0.41835216,0.0
Vegfa,Vegfa,0.4938224,0.2955665024630542,Itgav,Itgav,0.34272376,0.1841256485766372,OPCs,Oligodendrocytes,0.4182731,0.0
Timp2,Timp2,0.26252696,0.1625615763546798,Itgb1,Itgb1,0.57398784,0.2962962962962963,OPCs,Microglia,0.41825742,0.0
Col4a5,Col4a5,0.33988053,0.16025641025641027,Itgb1,Itga9_Itgb1,0.49624488,0.3251231527093596,Pericytes,OPCs,0.4180627,0.0
Jam3,Jam3,0.50715244,0.2623755434020474,Itgb1,Itgb1,0.3285385,0.35900916185951814,Oligodendrocytes,Neurons,0.4178455,0.0
Rgmb,Rgmb,0.15350053,0.17678995588734306,Bmpr2,Bmpr2,0.6821247,0.5721072276891754,Neurons,Neurons,0.4178126,0.0
Lrpap1,Lrpap1,0.39003626,0.2561576354679803,Sort1,Sort1,0.44504783,0.23615201234048522,OPCs,Oligodendrocytes,0.41754204,0.0
Col4a2,Col4a2,0.29112208,0.14743589743589744,Itgb1,Itga1_Itgb1,0.5436856,0.27564102564102566,Pericytes,Pericytes,0.41740385,0.0
Fgf14,Fgf14,0.47067472,0.15637860082304528,Fgfr1,Fgfr1,0.3637709,0.3712249745503902,Microglia,Neurons,0.4172228,1.0
Adam10,Adam10,0.46146008,0.46182558534102475,Epha3,Epha3,0.37294137,0.30844927044451986,Neurons,Neurons,0.41720074,0.0
Gpi1,Gpi1,0.5749585,0.49949100780454697,Amfr,Amfr,0.2593781,0.30709195792331184,Neurons,Neurons,0.41716832,0.0
Gas6,Gas6,0.3054759,0.32609433322022396,Mertk,Mertk,0.52864075,0.3448275862068966,Neurons,OPCs,0.41705832,0.0
Apoe,Apoe,0.33165058,0.2297251442144554,Abca1,Abca1,0.5024027,0.2345679012345679,Neurons,Microglia,0.41702664,1.0
Rgma,Rgma,0.1742906,0.10068714065348479,Bmpr2,Bmpr2,0.6596857,0.32510288065843623,Oligodendrocytes,Microglia,0.41698813,0.0
Bmp1,Bmp1,0.17389077,0.11330049261083744,Bmpr2,Bmpr2,0.6596857,0.32510288065843623,OPCs,Microglia,0.41678822,0.0
Psen1,Psen1,0.23310022,0.2809636918900577,Notch2,Notch2,0.60047126,0.3004115226337449,Neurons,Microglia,0.41678575,0.0
Vegfb,Vegfb,0.19968294,0.21038344078724125,Nrp1,Nrp1,0.63388366,0.2880658436213992,Neurons,Microglia,0.4167833,0.0
Adam10,Adam10,0.454205,0.2692307692307692,Nrcam,Nrcam,0.37932366,0.16025641025641027,Pericytes,Pericytes,0.41676432,0.96
Arf1,Arf1,0.21610665,0.10138830458561211,Chrm3,Chrm3,0.6170068,0.36443841194435017,Oligodendrocytes,Neurons,0.41655672,0.0
Fgf1,Fgf1,0.1992148,0.1110643668489693,Nrp1,Nrp1,0.63388366,0.2880658436213992,Oligodendrocytes,Microglia,0.41654924,0.0
Adam17,Adam17,0.25703877,0.1724137931034483,Erbb4,Erbb4,0.5759879,0.16666666666666666,OPCs,Pericytes,0.41651332,1.0
Bsg,Bsg,0.61796916,0.27822184826812507,Slc16a7,Slc16a7,0.21492219,0.12747160286074885,Oligodendrocytes,Oligodendrocytes,0.41644567,1.0
Fstl1,Fstl1,0.44417623,0.21794871794871795,Dip2a,Dip2a,0.38863447,0.4231421784865965,Pericytes,Neurons,0.41640535,0.0
Hspa8,Hspa8,0.5941915,0.2962962962962963,Ldlr,Ldlr,0.23860839,0.10897435897435898,Microglia,Pericytes,0.41639996,1.0
Mdk,Mdk,0.44691485,0.2654639175257732,Ptprz1,Ptprz1,0.38583654,0.16025641025641027,Astrocytes,Pericytes,0.4163757,0.0
Rtn4,Rtn4,0.5346433,0.27564102564102566,Lingo1,Lingo1,0.29802364,0.33932813030200204,Pericytes,Neurons,0.41633347,1.0
Lama4,Lama4,0.63566417,0.28846153846153844,Dag1,Dag1,0.19690774,0.1111111111111111,Pericytes,Microglia,0.41628596,0.0
App,App,0.46430153,0.24742268041237114,Lrp6,Lrp6,0.3680566,0.4034611469290804,Astrocytes,Neurons,0.41617906,1.0
Timp2,Timp2,0.2886336,0.1472444257467396,Itgb1,Itgb1,0.5436856,0.27564102564102566,Oligodendrocytes,Pericytes,0.41615963,0.0
Gnai2,Gnai2,0.2388187,0.13402061855670103,S1pr1,S1pr1,0.5928543,0.3479381443298969,Astrocytes,Astrocytes,0.4158365,0.0
Vegfa,Vegfa,0.65000755,0.36597938144329895,Tyro3,Tyro3,0.18154852,0.1047538914598233,Astrocytes,Oligodendrocytes,0.41577804,0.0
Sptan1,Sptan1,0.29683346,0.14612256345533586,Ptpra,Ptpra,0.53463,0.28172766792876175,Oligodendrocytes,Oligodendrocytes,0.41573173,1.0
Adam10,Adam10,0.46146008,0.46182558534102475,Notch1,Notch1,0.36985317,0.2512315270935961,Neurons,OPCs,0.41565663,0.0
Sptan1,Sptan1,0.3177783,0.16872427983539096,Ptpra,Ptpra,0.51325756,0.4906684764166949,Microglia,Neurons,0.41551793,1.0
Adam17,Adam17,0.25703877,0.1724137931034483,Itgb1,Itgb1,0.57398784,0.2962962962962963,OPCs,Microglia,0.4155133,0.0
Pltp,Pltp,0.61608857,0.23717948717948717,Abca1,Abca1,0.21408409,0.1346153846153846,Pericytes,Pericytes,0.41508633,0.0
Sptan1,Sptan1,0.29683346,0.14612256345533586,Ptpra,Ptpra,0.53325456,0.3076923076923077,Oligodendrocytes,Pericytes,0.415044,1.0
Hsp90b1,Hsp90b1,0.6173504,0.30864197530864196,Tlr4,Tlr4,0.21267976,0.10699588477366255,Microglia,Microglia,0.41501507,0.0
Mdk,Mdk,0.44691485,0.2654639175257732,Notch2,Notch2,0.38308427,0.2345360824742268,Astrocytes,Astrocytes,0.41499954,0.0
Calr,Calr,0.48717567,0.4509670851713607,Itgav,Itgav,0.34272376,0.1841256485766372,Neurons,Oligodendrocytes,0.41494972,0.0
Fgf12,Fgf12,0.33354598,0.13168724279835392,Fgfr2,Fgfr2,0.49607632,0.25925925925925924,Microglia,Microglia,0.41481113,1.0
Il1rapl1,Il1rapl1,0.4603168,0.1794871794871795,Ptprs,Ptprs,0.36926973,0.205761316872428,Pericytes,Microglia,0.41479325,1.0
Calr,Calr,0.28845719,0.15721649484536082,Lrp1,Lrp1,0.54086536,0.5218866644044792,Astrocytes,Neurons,0.4146613,0.0
Lama4,Lama4,0.63566417,0.28846153846153844,Itga6,Itga6_Itgb1,0.19249217,0.10897435897435898,Pericytes,Pericytes,0.41407818,0.0
Ptn,Ptn,0.41468883,0.34170342721411606,Alk,Alk,0.4133415,0.3189684424838819,Neurons,Neurons,0.41401517,1.0
App,App,0.6004882,0.29218106995884774,Gpc1,Gpc1,0.22717841,0.2653545978961656,Microglia,Neurons,0.4138333,1.0
Copa,Copa,0.19829673,0.12886597938144329,P2ry6,P2ry6,0.629294,0.3045267489711934,Astrocytes,Microglia,0.41379535,0.0
Fgf9,Fgf9,0.1779892,0.21174075330844927,Fgfr2,Fgfr2,0.64959764,0.3333333333333333,Neurons,Pericytes,0.4137934,1.0
Adam10,Adam10,0.454205,0.2692307692307692,Epha3,Epha3,0.37294137,0.30844927044451986,Pericytes,Neurons,0.4135732,0.0
Lrpap1,Lrpap1,0.2861818,0.17525773195876287,Lrp1,Lrp1,0.54086536,0.5218866644044792,Astrocytes,Neurons,0.41352358,0.0
Vegfa,Vegfa,0.65000755,0.36597938144329895,Sirpa,Sirpa,0.17701435,0.1330049261083744,Astrocytes,OPCs,0.41351095,0.0
Vegfb,Vegfb,0.19288759,0.10897435897435898,Nrp1,Nrp1,0.63388366,0.2880658436213992,Pericytes,Microglia,0.41338563,0.0
Cxcl12,Cxcl12,0.28304973,0.1346153846153846,Itgb1,Itgb1,0.5436856,0.27564102564102566,Pericytes,Pericytes,0.4133677,0.0
Jam3,Jam3,0.2525993,0.14102564102564102,Itgb1,Itgb1,0.57398784,0.2962962962962963,Pericytes,Microglia,0.41329357,0.0
Sema6a,Sema6a,0.42807043,0.21147104192960314,Plxna2,Plxna2,0.3984046,0.19230769230769232,Oligodendrocytes,Pericytes,0.4132375,0.0
Lama2,Lama2,0.25226915,0.12326461926798485,Itgb1,Itga6_Itgb1,0.57398784,0.2962962962962963,Oligodendrocytes,Microglia,0.4131285,0.0
Cntn2,Cntn2,0.5642749,0.286916281026504,Nrp1,Nrp1,0.2617305,0.17525773195876287,Oligodendrocytes,Astrocytes,0.4130027,0.0
Fgf1,Fgf1,0.1916877,0.10256410256410256,Nrp1,Nrp1,0.63388366,0.2880658436213992,Pericytes,Microglia,0.41278568,0.0
Adam9,Adam9,0.2818639,0.2019704433497537,Itgb1,Itgb1,0.5436856,0.27564102564102566,OPCs,Pericytes,0.41277474,0.0
Cd14,Cd14,0.60979825,0.2757201646090535,Itgb1,Itgb1,0.2157086,0.13402061855670103,Microglia,Astrocytes,0.41275343,0.0
App,App,0.46430153,0.24742268041237114,Tnfrsf21,Tnfrsf21,0.3611083,0.18518518518518517,Astrocytes,Microglia,0.4127049,1.0
Fgf1,Fgf1,0.1992148,0.1110643668489693,Cspg4,Cspg4,0.6261725,0.2564102564102564,Oligodendrocytes,Pericytes,0.41269365,0.0
Nlgn3,Nlgn3,0.17538334,0.2130980658296573,Nrxn2,Nrxn2,0.6497941,0.5687139463861555,Neurons,Neurons,0.41258872,0.0
Nrxn2,Nrxn2,0.6497941,0.5687139463861555,Nlgn3,Nlgn3,0.17538334,0.2130980658296573,Neurons,Neurons,0.41258872,0.0
Adam10,Adam10,0.4420664,0.26804123711340205,Notch2,Notch2,0.38308427,0.2345360824742268,Astrocytes,Astrocytes,0.41257533,0.0
Jam3,Jam3,0.50715244,0.2623755434020474,Itgb2,Itgam_Itgb2,0.3178427,0.15637860082304528,Oligodendrocytes,Microglia,0.41249758,0.0
Gnai2,Gnai2,0.20350024,0.10531482260552517,Igf1r,Igf1r,0.62140805,0.3634020618556701,Oligodendrocytes,Astrocytes,0.41245413,0.22
H2-K1,H2-K1,0.3251456,0.21674876847290642,Aplp2,Aplp2,0.49927166,0.2465292385359697,OPCs,Oligodendrocytes,0.41220862,0.0
Gnai2,Gnai2,0.15861359,0.16762809636918902,Igf1r,Igf1r,0.66569024,0.5463182897862233,Neurons,Neurons,0.41215193,0.04
Adam10,Adam10,0.454205,0.2692307692307692,Notch1,Notch1,0.36985317,0.2512315270935961,Pericytes,OPCs,0.4120291,0.0
Sema3e,Sema3e,0.3875986,0.24630541871921183,Nrp1,Nrp1,0.436427,0.35595520868680014,OPCs,Neurons,0.41201282,0.0
Lrrc4b,Lrrc4b,0.28049767,0.18041237113402062,Ptprs,Ptprs,0.5431201,0.327319587628866,Astrocytes,Astrocytes,0.41180888,0.06
Lamb2,Lamb2,0.24954917,0.14102564102564102,Itgb1,Itga6_Itgb1,0.57398784,0.2962962962962963,Pericytes,Microglia,0.4117685,0.0
Ncam1,Ncam1,0.25594413,0.1111111111111111,Robo1,Robo1,0.56691456,0.23076923076923078,Microglia,Pericytes,0.41142935,1.0
Vegfa,Vegfa,0.2038304,0.11538461538461539,Egfr,Egfr,0.618786,0.3582474226804124,Pericytes,Astrocytes,0.4113082,0.0
Mdk,Mdk,0.281712,0.18719211822660098,Lrp1,Lrp1,0.54086536,0.5218866644044792,OPCs,Neurons,0.41128868,0.0
Cd14,Cd14,0.60979825,0.2757201646090535,Tlr4,Tlr4,0.21267976,0.10699588477366255,Microglia,Microglia,0.411239,0.0
Adam10,Adam10,0.5144967,0.33004926108374383,Tspan5,Tspan5,0.3079149,0.18719211822660098,OPCs,OPCs,0.4112058,0.98
Rtn4,Rtn4,0.5346433,0.27564102564102566,Cntnap1,Cntnap1,0.28774056,0.32473702069901594,Pericytes,Neurons,0.41119194,1.0
Vegfa,Vegfa,0.4938224,0.2955665024630542,Itgb1,Itgb1,0.3285385,0.35900916185951814,OPCs,Neurons,0.41118044,0.0
Gnai2,Gnai2,0.20350024,0.10531482260552517,Egfr,Egfr,0.618786,0.3582474226804124,Oligodendrocytes,Astrocytes,0.41114312,0.0
Col4a5,Col4a5,0.33988053,0.16025641025641027,Cd47,Cd47,0.48206145,0.32019704433497537,Pericytes,OPCs,0.410971,0.0
Arf1,Arf1,0.2621774,0.1346153846153846,Insr,Insr,0.5597408,0.3694581280788177,Pericytes,OPCs,0.4109591,0.01
Adam10,Adam10,0.4420664,0.26804123711340205,Nrcam,Nrcam,0.37932366,0.16025641025641027,Astrocytes,Pericytes,0.41069502,0.97
Col9a3,Col9a3,0.27732503,0.2019704433497537,Itgb1,Itga1_Itgb1,0.5436856,0.27564102564102566,OPCs,Pericytes,0.41050532,0.0
Slit2,Slit2,0.17040688,0.11330049261083744,Dcc,Dcc,0.6505509,0.2755574253260412,OPCs,Oligodendrocytes,0.4104789,1.0
Cntn1,Cntn1,0.47541264,0.1987179487179487,Notch1,Notch1,0.34546015,0.19230769230769232,Pericytes,Pericytes,0.4104364,0.4
Bmp6,Bmp6,0.32163987,0.1282051282051282,Acvr1,Acvr1_Bmpr2,0.49898162,0.25102880658436216,Pericytes,Microglia,0.41031075,0.0
Rtn4,Rtn4,0.59553874,0.3247422680412371,Lingo1,Lingo1,0.22480725,0.1625615763546798,Astrocytes,OPCs,0.410173,1.0
Mdk,Mdk,0.44691485,0.2654639175257732,Ptprz1,Ptprz1,0.37338203,0.3003053953172718,Astrocytes,Neurons,0.41014844,0.0
Cntn1,Cntn1,0.47541264,0.1987179487179487,Notch1,Notch1,0.34465346,0.22422680412371135,Pericytes,Astrocytes,0.41003305,0.37
Cadm3,Cadm3,0.39113206,0.4014251781472684,Cadm1,Cadm1,0.42874134,0.22435897435897437,Neurons,Pericytes,0.4099367,1.0
Jag1,Jag1,0.41757524,0.1987179487179487,Notch2,Notch2,0.4022878,0.1794871794871795,Pericytes,Pericytes,0.40993154,0.0
App,App,0.6004882,0.29218106995884774,Aplp1,Aplp1,0.21927953,0.12179487179487179,Microglia,Pericytes,0.40988386,1.0
Adam10,Adam10,0.5144967,0.33004926108374383,Axl,Axl,0.30501413,0.16025641025641027,OPCs,Pericytes,0.4097554,0.0
App,App,0.6004882,0.29218106995884774,Vldlr,Vldlr,0.21881776,0.15763546798029557,Microglia,OPCs,0.40965298,1.0
Lama4,Lama4,0.47730374,0.30049261083743845,Dag1,Dag1,0.3419795,0.3752969121140142,OPCs,Neurons,0.40964162,0.0
App,App,0.46430153,0.24742268041237114,Aplp2,Aplp2,0.3547327,0.20876288659793815,Astrocytes,Astrocytes,0.4095171,1.0
Psap,Psap,0.61850256,0.28705651381292946,Gpr37,Gpr37,0.20030709,0.1211340206185567,Oligodendrocytes,Astrocytes,0.4094048,1.0
Agrn,Agrn,0.47645134,0.3054187192118227,Dag1,Dag1,0.3419795,0.3752969121140142,OPCs,Neurons,0.40921542,0.0
Spon1,Spon1,0.21781026,0.11538461538461539,App,App,0.6004882,0.29218106995884774,Pericytes,Microglia,0.40914923,1.0
Calr,Calr,0.47533396,0.24691358024691357,Itgav,Itgav,0.34272376,0.1841256485766372,Microglia,Oligodendrocytes,0.40902886,0.0
Fgf1,Fgf1,0.1992148,0.1110643668489693,Egfr,Egfr,0.618786,0.3582474226804124,Oligodendrocytes,Astrocytes,0.4090004,0.0
Fgf1,Fgf1,0.1916877,0.10256410256410256,Cspg4,Cspg4,0.6261725,0.2564102564102564,Pericytes,Pericytes,0.4089301,0.0
Alcam,Alcam,0.40804878,0.2016547468798205,Nrp1,Nrp1,0.40976745,0.1794871794871795,Oligodendrocytes,Pericytes,0.40890813,0.13
Lrig2,Lrig2,0.19881009,0.12179487179487179,Egfr,Egfr,0.618786,0.3582474226804124,Pericytes,Astrocytes,0.40879804,0.0
Col4a5,Col4a5,0.33988053,0.16025641025641027,Itgb8,Itgav_Itgb8,0.47756553,0.31527093596059114,Pericytes,OPCs,0.40872303,0.0
Gnai2,Gnai2,0.2388187,0.13402061855670103,Ednrb,Ednrb,0.57840157,0.3402061855670103,Astrocytes,Astrocytes,0.40861014,0.0
Adam10,Adam10,0.4714337,0.2507362221287337,Notch1,Notch1,0.34546015,0.19230769230769232,Oligodendrocytes,Pericytes,0.4084469,0.0
Fgf14,Fgf14,0.6250902,0.22435897435897437,Fgfr1,Fgfr1,0.19155976,0.13793103448275862,Pericytes,OPCs,0.40832496,1.0
Olfm2,Olfm2,0.42664272,0.40821174075330846,Robo2,Robo2,0.38992465,0.17307692307692307,Neurons,Pericytes,0.40828368,0.38
Mif,Mif,0.3953861,0.211340206185567,Ackr3,Ackr3,0.42096877,0.1858974358974359,Astrocytes,Pericytes,0.40817744,0.0
Gnai2,Gnai2,0.5479544,0.2757201646090535,Adora1,Adora1,0.26831418,0.18719211822660098,Microglia,OPCs,0.40813428,0.0
Psap,Psap,0.61850256,0.28705651381292946,Ar,Ar,0.19773225,0.2178486596538853,Oligodendrocytes,Neurons,0.4081174,0.78
Adam10,Adam10,0.4714337,0.2507362221287337,Notch1,Notch1,0.34465346,0.22422680412371135,Oligodendrocytes,Astrocytes,0.40804356,0.0
Cntn2,Cntn2,0.5642749,0.286916281026504,Cntn1,Cntn1,0.25168648,0.11522633744855967,Oligodendrocytes,Microglia,0.40798068,1.0
Lgi1,Lgi1,0.38201192,0.15384615384615385,Adam22,Adam22,0.43355224,0.22717711400925536,Pericytes,Oligodendrocytes,0.40778208,0.97
Fgf1,Fgf1,0.51339406,0.30412371134020616,Fgfr3,Fgfr3,0.30169475,0.14743589743589744,Astrocytes,Pericytes,0.4075444,0.0
Adam10,Adam10,0.4420664,0.26804123711340205,Epha3,Epha3,0.37294137,0.30844927044451986,Astrocytes,Neurons,0.4075039,0.0
Gpc3,Gpc3,0.3531272,0.15384615384615385,Igf1r,Igf1r,0.46152952,0.2345679012345679,Pericytes,Microglia,0.40732837,0.03
Fgf1,Fgf1,0.51339406,0.30412371134020616,Tgfbr3,Tgfbr3,0.30117983,0.3155751611808619,Astrocytes,Neurons,0.40728694,0.0
Col4a5,Col4a5,0.33988053,0.16025641025641027,Itga9,Itga9_Itgb1,0.47447187,0.22633744855967078,Pericytes,Microglia,0.4071762,0.0
Sema3a,Sema3a,0.17983061,0.14794706481167288,Nrp1,Nrp1_Plxna4,0.63388366,0.2880658436213992,Neurons,Microglia,0.40685713,0.0
H2-K1,H2-K1,0.31424373,0.19329896907216496,Aplp2,Aplp2,0.49927166,0.2465292385359697,Astrocytes,Oligodendrocytes,0.4067577,0.0
Rims2,Rims2,0.31078932,0.12943486187070538,Abca1,Abca1,0.5024027,0.2345679012345679,Oligodendrocytes,Microglia,0.406596,1.0
Rgmb,Rgmb,0.15350053,0.17678995588734306,Bmpr2,Bmpr2,0.6596857,0.32510288065843623,Neurons,Microglia,0.40659308,0.0
Col11a2,Col11a2,0.26941046,0.17525773195876287,Itgb1,Itga1_Itgb1,0.5436856,0.27564102564102566,Astrocytes,Pericytes,0.40654802,0.0
Sdc2,Sdc2,0.27804708,0.27994570749915165,Ptprj,Ptprj,0.53486246,0.500508992195453,Neurons,Neurons,0.40645477,0.0
App,App,0.6004882,0.29218106995884774,Aplp1,Aplp1,0.2123382,0.11522633744855967,Microglia,Microglia,0.4064132,1.0
App,App,0.6004882,0.29218106995884774,Ncstn,Ncstn,0.2121596,0.10699588477366255,Microglia,Microglia,0.4063239,1.0
Adam10,Adam10,0.4420664,0.26804123711340205,Notch1,Notch1,0.36985317,0.2512315270935961,Astrocytes,OPCs,0.40595978,0.0
Col4a5,Col4a5,0.20917055,0.12628865979381443,Cd47,Cd47,0.60269976,0.5337631489650492,Astrocytes,Neurons,0.40593517,0.0
Pam,Pam,0.5375694,0.33497536945812806,Fap,Fap,0.27397412,0.1282051282051282,OPCs,Pericytes,0.40577176,0.0
Angpt1,Angpt1,0.31520575,0.19072164948453607,Itgb1,Itgb1,0.49624488,0.3251231527093596,Astrocytes,OPCs,0.4057253,0.0
Apoe,Apoe,0.33165058,0.2297251442144554,Sorl1,Sorl1,0.47958007,0.4482524601289447,Neurons,Neurons,0.40561533,1.0
Calr,Calr,0.42742974,0.22435897435897437,Itgav,Itgav,0.38362354,0.21794871794871795,Pericytes,Pericytes,0.40552664,0.03
Lrig2,Lrig2,0.1919052,0.12371134020618557,Egfr,Egfr,0.618786,0.3582474226804124,Astrocytes,Astrocytes,0.4053456,0.0
Col4a6,Col4a6,0.3144239,0.1346153846153846,Itgb1,Itga9_Itgb1,0.49624488,0.3251231527093596,Pericytes,OPCs,0.40533438,0.0
Fam3c,Fam3c,0.16299295,0.1815405497115711,Lamp1,Lamp1,0.647577,0.35051546391752575,Neurons,Astrocytes,0.40528497,0.62
Fgf1,Fgf1,0.1916877,0.10256410256410256,Egfr,Egfr,0.618786,0.3582474226804124,Pericytes,Astrocytes,0.40523684,0.0
Col5a2,Col5a2,0.26651284,0.12179487179487179,Itgb1,Itga1_Itgb1,0.5436856,0.27564102564102566,Pericytes,Pericytes,0.4050992,0.0
Sptan1,Sptan1,0.29683346,0.14612256345533586,Ptpra,Ptpra,0.51325756,0.4906684764166949,Oligodendrocytes,Neurons,0.4050455,1.0
Sema6a,Sema6a,0.42807043,0.21147104192960314,Plxna2,Plxna2,0.38133705,0.23645320197044334,Oligodendrocytes,OPCs,0.40470374,0.0
Tgfb1,Tgfb1,0.48064888,0.23868312757201646,Itgb1,Itgb1,0.3285385,0.35900916185951814,Microglia,Neurons,0.4045937,0.0
Vegfb,Vegfb,0.17500852,0.11822660098522167,Nrp1,Nrp1,0.63388366,0.2880658436213992,OPCs,Microglia,0.4044461,0.0
Adam17,Adam17,0.52026546,0.26337448559670784,Erbb4,Erbb4,0.28844282,0.10699588477366255,Microglia,Microglia,0.40435416,1.0
Bmp1,Bmp1,0.18070869,0.12628865979381443,Bmpr1a,Bmpr1a,0.6278205,0.3333333333333333,Astrocytes,Pericytes,0.4042646,0.0
Sdc2,Sdc2,0.5634497,0.3427835051546392,Ptprj,Ptprj,0.24472839,0.14743589743589744,Astrocytes,Pericytes,0.40408903,0.0
Nrg2,Nrg2,0.65929556,0.5609093993892094,Lrrtm2,Lrrtm2,0.14857486,0.10837438423645321,Neurons,OPCs,0.4039352,0.0
Sema5b,Sema5b,0.69617677,0.43349753694581283,Plxna1,Plxna1,0.111548476,0.15778758059043094,OPCs,Neurons,0.40386263,0.0
Sema4d,Sema4d,0.62593293,0.32098765432098764,Plxnb1,Plxnb1,0.18167295,0.1330049261083744,Microglia,OPCs,0.40380293,0.0
Adam10,Adam10,0.46146008,0.46182558534102475,Notch1,Notch1,0.34546015,0.19230769230769232,Neurons,Pericytes,0.40346012,0.0
Slitrk1,Slitrk1,0.26372722,0.2992874109263658,Ptprs,Ptprs,0.5431201,0.327319587628866,Neurons,Astrocytes,0.40342367,0.0
Gnai2,Gnai2,0.2388187,0.13402061855670103,Adcy8,Adcy8,0.5676797,0.3448275862068966,Astrocytes,OPCs,0.4032492,0.0
Timp2,Timp2,0.26252696,0.1625615763546798,Itgb1,Itgb1,0.5436856,0.27564102564102566,OPCs,Pericytes,0.40310627,0.0
Adam10,Adam10,0.46146008,0.46182558534102475,Notch1,Notch1,0.34465346,0.22422680412371135,Neurons,Astrocytes,0.40305677,0.0
St6gal1,St6gal1,0.18703064,0.11855670103092783,Egfr,Egfr,0.618786,0.3582474226804124,Astrocytes,Astrocytes,0.40290833,0.0
App,App,0.6004882,0.29218106995884774,Tspan15,Tspan15,0.20481992,0.1189174028887954,Microglia,Oligodendrocytes,0.40265405,1.0
Agrn,Agrn,0.47645134,0.3054187192118227,Itgb1,Itgb1,0.3285385,0.35900916185951814,OPCs,Neurons,0.4024949,0.0
Vegfa,Vegfa,0.17069003,0.2130980658296573,Nrp1,Nrp1,0.63388366,0.2880658436213992,Neurons,Microglia,0.40228683,0.0
Gpc3,Gpc3,0.18304504,0.15405497115710892,Igf1r,Igf1r,0.62140805,0.3634020618556701,Neurons,Astrocytes,0.40222654,0.0
App,App,0.6004882,0.29218106995884774,Tnfrsf21,Tnfrsf21,0.20380789,0.15270935960591134,Microglia,OPCs,0.40214804,1.0
Rgma,Rgma,0.1742906,0.10068714065348479,Neo1,Neo1,0.62979364,0.3134202776609171,Oligodendrocytes,Oligodendrocytes,0.40204212,0.0
Col4a1,Col4a1,0.2601021,0.1346153846153846,Itgb1,Itga1_Itgb1,0.5436856,0.27564102564102566,Pericytes,Pericytes,0.40189385,0.0
Rgma,Rgma,0.1742906,0.10068714065348479,Neo1,Neo1,0.6293687,0.36597938144329895,Oligodendrocytes,Astrocytes,0.40182966,0.29
Apoo,Apoo,0.2954454,0.328469630132338,Il1rapl2,Il1rapl2,0.5069894,0.23786901934170343,Neurons,Neurons,0.4012174,0.0
Bmp1,Bmp1,0.18070869,0.12628865979381443,Bmpr1a,Bmpr1a,0.62164015,0.36082474226804123,Astrocytes,Astrocytes,0.40117443,0.0
Fgf12,Fgf12,0.42590085,0.17935773383817136,Fgfr1,Fgfr1,0.37643418,0.1987179487179487,Oligodendrocytes,Pericytes,0.4011675,1.0
Gnai2,Gnai2,0.5479544,0.2757201646090535,Tbxa2r,Tbxa2r,0.25419316,0.12179487179487179,Microglia,Pericytes,0.40107375,0.0
Spp1,Spp1,0.20911169,0.11367492365117068,S1pr1,S1pr1,0.5928543,0.3479381443298969,Neurons,Astrocytes,0.400983,0.0
Bmp1,Bmp1,0.17389077,0.11330049261083744,Bmpr1a,Bmpr1a,0.6278205,0.3333333333333333,OPCs,Pericytes,0.40085563,0.0
Tgfa,Tgfa,0.5128305,0.33004926108374383,Erbb4,Erbb4,0.28844282,0.10699588477366255,OPCs,Microglia,0.40063667,1.0
Efna5,Efna5,0.20953123,0.11538461538461539,Ephb1,Ephb1,0.5915831,0.27990464170523066,Pericytes,Oligodendrocytes,0.40055716,0.65
Gnai2,Gnai2,0.15861359,0.16762809636918902,Adcy8,Adcy8,0.64238846,0.3711340206185567,Neurons,Astrocytes,0.400501,0.0
Jam2,Jam2,0.30460286,0.17307692307692307,Itgb1,Itgav_Itgb1,0.49624488,0.3251231527093596,Pericytes,OPCs,0.40042388,0.0
Adam17,Adam17,0.25703877,0.1724137931034483,Itgb1,Itgb1,0.5436856,0.27564102564102566,OPCs,Pericytes,0.4003622,0.0
Jag1,Jag1,0.41757524,0.1987179487179487,Notch2,Notch2,0.38308427,0.2345360824742268,Pericytes,Astrocytes,0.40032977,0.0
Gnai2,Gnai2,0.5479544,0.2757201646090535,S1pr1,S1pr1,0.25263208,0.14102564102564102,Microglia,Pericytes,0.40029323,0.0
Ptn,Ptn,0.41468883,0.34170342721411606,Ptprz1,Ptprz1,0.38583654,0.16025641025641027,Neurons,Pericytes,0.40026268,1.0
Arf1,Arf1,0.24052234,0.13580246913580246,Insr,Insr,0.5597408,0.3694581280788177,Microglia,OPCs,0.40013155,0.0
Psap,Psap,0.5998084,0.32051282051282054,Gpr37,Gpr37,0.20030709,0.1211340206185567,Pericytes,Astrocytes,0.40005773,1.0
Lama4,Lama4,0.47730374,0.30049261083743845,Dag1,Dag1,0.322574,0.19845360824742267,OPCs,Astrocytes,0.39993888,0.0
Gnai2,Gnai2,0.5479544,0.2757201646090535,Oprm1,Oprm1,0.2517955,0.25110281642348153,Microglia,Neurons,0.39987493,0.0
Adam10,Adam10,0.454205,0.2692307692307692,Notch1,Notch1,0.34546015,0.19230769230769232,Pericytes,Pericytes,0.39983258,0.0
Bmp6,Bmp6,0.32163987,0.1282051282051282,Bmpr2,Bmpr1a_Bmpr2,0.47774634,0.27835051546391754,Pericytes,Astrocytes,0.3996931,0.0
Bmp6,Bmp6,0.32163987,0.1282051282051282,Bmpr2,Bmpr1b_Bmpr2,0.47774634,0.27835051546391754,Pericytes,Astrocytes,0.3996931,0.0
Gpi1,Gpi1,0.5749585,0.49949100780454697,Amfr,Amfr,0.22427371,0.15206185567010308,Neurons,Astrocytes,0.39961612,0.0
Col27a1,Col27a1,0.2554432,0.1282051282051282,Itgb1,Itga1_Itgb1,0.5436856,0.27564102564102566,Pericytes,Pericytes,0.3995644,0.0
Agrn,Agrn,0.47645134,0.3054187192118227,Dag1,Dag1,0.322574,0.19845360824742267,OPCs,Astrocytes,0.39951265,0.0
Adam10,Adam10,0.454205,0.2692307692307692,Notch1,Notch1,0.34465346,0.22422680412371135,Pericytes,Astrocytes,0.39942923,0.0
Gnai2,Gnai2,0.5479544,0.2757201646090535,Egfr,Egfr,0.25086373,0.1282051282051282,Microglia,Pericytes,0.39940906,0.0
Fgf14,Fgf14,0.42237043,0.13462347496844762,Fgfr1,Fgfr1,0.37643418,0.1987179487179487,Oligodendrocytes,Pericytes,0.39940232,1.0
Nampt,Nampt,0.1640038,0.20665083135391923,Insr,Insr,0.6343979,0.33974358974358976,Neurons,Pericytes,0.39920086,0.0
Jag1,Jag1,0.41757524,0.1987179487179487,Cd46,Cd46,0.38041055,0.4010858500169664,Pericytes,Neurons,0.3989929,0.0
Psap,Psap,0.5998084,0.32051282051282054,Ar,Ar,0.19773225,0.2178486596538853,Pericytes,Neurons,0.39877033,0.64
Sema3e,Sema3e,0.3875986,0.24630541871921183,Nrp1,Nrp1,0.40976745,0.1794871794871795,OPCs,Pericytes,0.398683,0.0
B2m,B2m,0.41826543,0.22938144329896906,Tfrc,Tfrc,0.37908578,0.3983712249745504,Astrocytes,Neurons,0.39867562,0.0
Lgals3bp,Lgals3bp,0.22316898,0.1111111111111111,Itgb1,Itgb1,0.57398784,0.2962962962962963,Microglia,Microglia,0.3985784,0.0
Rims2,Rims2,0.29474536,0.11522633744855967,Abca1,Abca1,0.5024027,0.2345679012345679,Microglia,Microglia,0.39857405,0.98
Col4a6,Col4a6,0.3144239,0.1346153846153846,Cd47,Cd47,0.48206145,0.32019704433497537,Pericytes,OPCs,0.39824265,0.0
Gnai2,Gnai2,0.20350024,0.10531482260552517,S1pr1,S1pr1,0.5928543,0.3479381443298969,Oligodendrocytes,Astrocytes,0.39817727,0.0
Jam3,Jam3,0.2525993,0.14102564102564102,Itgb1,Itgb1,0.5436856,0.27564102564102566,Pericytes,Pericytes,0.39814246,0.0
Mif,Mif,0.545118,0.4180522565320665,Egfr,Egfr,0.25086373,0.1282051282051282,Neurons,Pericytes,0.39799085,0.0
Jam2,Jam2,0.29935274,0.15637860082304528,Itgb1,Itgav_Itgb1,0.49624488,0.3251231527093596,Microglia,OPCs,0.3977988,0.0
Bmp1,Bmp1,0.17389077,0.11330049261083744,Bmpr1a,Bmpr1a,0.62164015,0.36082474226804123,OPCs,Astrocytes,0.39776546,0.0
Nid1,Nid1,0.5761931,0.27564102564102566,Ptprf,Ptprf,0.21931775,0.12371134020618557,Pericytes,Astrocytes,0.3977554,0.0
Actr2,Actr2,0.49268973,0.47845266372582285,Ldlr,Ldlr,0.3027977,0.2019704433497537,Neurons,OPCs,0.3977437,0.0
Megf10,Megf10,0.45242482,0.2357313139812088,Abca1,Abca1,0.34294063,0.22660098522167488,Oligodendrocytes,OPCs,0.39768273,0.0
Vegfb,Vegfb,0.16093843,0.1056701030927835,Nrp1,Nrp1,0.63388366,0.2880658436213992,Astrocytes,Microglia,0.39741105,0.0
Farp2,Farp2,0.17225671,0.22124194095690533,Plxna2,Plxna2,0.62225235,0.517814726840855,Neurons,Neurons,0.39725453,0.0
Nampt,Nampt,0.15984677,0.10344827586206896,Insr,Insr,0.6343979,0.33974358974358976,OPCs,Pericytes,0.39712235,0.0
Slit2,Slit2,0.6824873,0.39124533423820834,Plxna1,Plxna1,0.111548476,0.15778758059043094,Neurons,Neurons,0.3970179,0.0
Col19a1,Col19a1,0.24968328,0.2524601289446895,Itgb1,Itga1_Itgb1,0.5436856,0.27564102564102566,Neurons,Pericytes,0.39668444,0.0
Spp1,Spp1,0.29703212,0.1282051282051282,Itgb1,Itgav_Itgb1,0.49624488,0.3251231527093596,Pericytes,OPCs,0.3966385,0.0
Spp1,Spp1,0.29703212,0.1282051282051282,Itgb1,Itga9_Itgb1,0.49624488,0.3251231527093596,Pericytes,OPCs,0.3966385,0.0
Fgf12,Fgf12,0.42590085,0.17935773383817136,Fgfr1,Fgfr1,0.36719236,0.2268041237113402,Oligodendrocytes,Astrocytes,0.3965466,1.0
Col4a6,Col4a6,0.3144239,0.1346153846153846,Itgb8,Itgav_Itgb8,0.47756553,0.31527093596059114,Pericytes,OPCs,0.39599472,0.0
Nid1,Nid1,0.5761931,0.27564102564102566,Itgb1,Itgb1,0.2157086,0.13402061855670103,Pericytes,Astrocytes,0.39595085,0.0
Col4a3,Col4a3,0.29537937,0.1346153846153846,Itgb1,Itga9_Itgb1,0.49624488,0.3251231527093596,Pericytes,OPCs,0.39581212,0.0
Lama4,Lama4,0.63566417,0.28846153846153844,Itga7,Itga7_Itgb1,0.15552875,0.1056701030927835,Pericytes,Astrocytes,0.39559644,0.0
Rims2,Rims2,0.3555113,0.16025641025641027,Abca1,Abca1,0.43556362,0.27319587628865977,Pericytes,Astrocytes,0.39553747,0.89
Sparc,Sparc,0.49397203,0.19772822885990746,Eng,Eng,0.29709357,0.16025641025641027,Oligodendrocytes,Pericytes,0.3955328,0.0
Ncam1,Ncam1,0.25594413,0.1111111111111111,Ptpra,Ptpra,0.53463,0.28172766792876175,Microglia,Oligodendrocytes,0.39528707,1.0
Adam15,Adam15,0.294315,0.1522633744855967,Itgb1,Itgb1,0.49624488,0.3251231527093596,Microglia,OPCs,0.39527994,0.0
Gnai2,Gnai2,0.2388187,0.13402061855670103,Adcy9,Adcy9,0.5512227,0.513403461146929,Astrocytes,Neurons,0.3950207,0.0
Slitrk3,Slitrk3,0.24665332,0.18226600985221675,Ptprs,Ptprs,0.5431201,0.327319587628866,OPCs,Astrocytes,0.3948867,0.0
Fgf12,Fgf12,0.42590085,0.17935773383817136,Fgfr1,Fgfr1,0.3637709,0.3712249745503902,Oligodendrocytes,Neurons,0.3948359,1.0
Fgf14,Fgf14,0.42237043,0.13462347496844762,Fgfr1,Fgfr1,0.36719236,0.2268041237113402,Oligodendrocytes,Astrocytes,0.3947814,1.0
Vegfa,Vegfa,0.17069003,0.2130980658296573,Egfr,Egfr,0.618786,0.3582474226804124,Neurons,Astrocytes,0.39473802,0.0
Ncam1,Ncam1,0.25594413,0.1111111111111111,Ptpra,Ptpra,0.53325456,0.3076923076923077,Microglia,Pericytes,0.39459935,1.0
Col4a6,Col4a6,0.3144239,0.1346153846153846,Itga9,Itga9_Itgb1,0.47447187,0.22633744855967078,Pericytes,Microglia,0.39444786,0.0
Lrpap1,Lrpap1,0.40680873,0.4065151001017984,Lrp8,Lrp8,0.38208684,0.41839158466236853,Neurons,Neurons,0.3944478,0.0
Fgf13,Fgf13,0.23687625,0.13793103448275862,Scn8a,Scn8a,0.5514317,0.3497536945812808,OPCs,OPCs,0.39415398,0.35
Ptn,Ptn,0.41468883,0.34170342721411606,Ptprz1,Ptprz1,0.37338203,0.3003053953172718,Neurons,Neurons,0.39403543,1.0
Lrpap1,Lrpap1,0.30817145,0.16666666666666666,Sorl1,Sorl1,0.47958007,0.4482524601289447,Pericytes,Neurons,0.39387578,0.0
Lamc1,Lamc1,0.564364,0.35467980295566504,Itgb8,Itgav_Itgb8,0.22328635,0.12634974056934511,OPCs,Oligodendrocytes,0.39382517,0.0
Sema3c,Sema3c,0.15367123,0.16491347132677298,Nrp1,Nrp1_Plxna4,0.63388366,0.2880658436213992,Neurons,Microglia,0.39377743,0.0
Adam10,Adam10,0.4420664,0.26804123711340205,Notch1,Notch1,0.34546015,0.19230769230769232,Astrocytes,Pericytes,0.39376327,0.0
Jag1,Jag1,0.41757524,0.1987179487179487,Notch1,Notch1,0.36985317,0.2512315270935961,Pericytes,OPCs,0.3937142,0.0
Col4a2,Col4a2,0.29112208,0.14743589743589744,Itgb1,Itga9_Itgb1,0.49624488,0.3251231527093596,Pericytes,OPCs,0.3936835,0.0
St6gal1,St6gal1,0.53633267,0.35960591133004927,Egfr,Egfr,0.25086373,0.1282051282051282,OPCs,Pericytes,0.3935982,0.0
Lamc3,Lamc3,0.3778231,0.16025641025641027,Itgav,Itgav_Itgb8,0.40935338,0.25773195876288657,Pericytes,Astrocytes,0.39358824,0.0
Farp2,Farp2,0.16458921,0.11822660098522167,Plxna2,Plxna2,0.62225235,0.517814726840855,OPCs,Neurons,0.3934208,0.0
Jag1,Jag1,0.18632764,0.12807881773399016,Notch2,Notch2,0.60047126,0.3004115226337449,OPCs,Microglia,0.39339945,0.0
Adam10,Adam10,0.4420664,0.26804123711340205,Notch1,Notch1,0.34465346,0.22422680412371135,Astrocytes,Astrocytes,0.39335993,0.0
Arf1,Arf1,0.30964208,0.2979300984051578,Insr,Insr,0.47692755,0.24279835390946503,Neurons,Microglia,0.3932848,0.0
Hsp90b1,Hsp90b1,0.3592447,0.18384518300378627,Tlr7,Tlr7,0.4271331,0.205761316872428,Oligodendrocytes,Microglia,0.3931889,0.0
Slit2,Slit2,0.17040688,0.11330049261083744,Robo1,Robo1,0.6159328,0.30927835051546393,OPCs,Astrocytes,0.39316985,1.0
Fgf14,Fgf14,0.42237043,0.13462347496844762,Fgfr1,Fgfr1,0.3637709,0.3712249745503902,Oligodendrocytes,Neurons,0.39307067,1.0
Lamc3,Lamc3,0.3778231,0.16025641025641027,Dag1,Dag1,0.40804067,0.270935960591133,Pericytes,OPCs,0.39293188,0.0
Col4a4,Col4a4,0.2415591,0.11538461538461539,Itgb1,Itga1_Itgb1,0.5436856,0.27564102564102566,Pericytes,Pericytes,0.39262235,0.0
Timp2,Timp2,0.2886336,0.1472444257467396,Itgb1,Itgb1,0.49624488,0.3251231527093596,Oligodendrocytes,OPCs,0.39243925,0.0
H2-K1,H2-K1,0.43010274,0.1987179487179487,Aplp2,Aplp2,0.3547327,0.20876288659793815,Pericytes,Astrocytes,0.39241773,0.11
Nlgn2,Nlgn2,0.49693328,0.32019704433497537,Nrxn2,Nrxn2,0.28788555,0.15972514373860608,OPCs,Oligodendrocytes,0.3924094,0.0
Nrxn2,Nrxn2,0.28788555,0.15972514373860608,Nlgn2,Nlgn2,0.49693328,0.32019704433497537,Oligodendrocytes,OPCs,0.3924094,0.0
Col11a1,Col11a1,0.5000702,0.3545978961655921,Ddr1,Ddr1,0.2843454,0.2019704433497537,Neurons,OPCs,0.3922078,0.0
Mif,Mif,0.53355044,0.21273313700743235,Egfr,Egfr,0.25086373,0.1282051282051282,Oligodendrocytes,Pericytes,0.3922071,0.0
Vegfa,Vegfa,0.4938224,0.2955665024630542,Nrp2,Nrp2,0.29024595,0.1921182266009852,OPCs,OPCs,0.39203417,0.0
Ptn,Ptn,0.41468883,0.34170342721411606,Ptprs,Ptprs,0.36926973,0.205761316872428,Neurons,Microglia,0.39197928,1.0
Spon1,Spon1,0.18311895,0.15914489311163896,App,App,0.6004882,0.29218106995884774,Neurons,Microglia,0.39180356,1.0
Lamc3,Lamc3,0.3778231,0.16025641025641027,Dag1,Dag1,0.4057683,0.23076923076923078,Pericytes,Pericytes,0.3917957,0.0
Gnai2,Gnai2,0.30984014,0.21182266009852216,Adcy9,Adcy9,0.47359568,0.24279835390946503,OPCs,Microglia,0.3917179,0.0
Rgmb,Rgmb,0.15350053,0.17678995588734306,Neo1,Neo1,0.62979364,0.3134202776609171,Neurons,Oligodendrocytes,0.3916471,0.0
Ncam1,Ncam1,0.5186237,0.22435897435897437,Ncam2,Ncam2,0.26450637,0.10699588477366255,Pericytes,Microglia,0.39156502,1.0
Spp1,Spp1,0.20911169,0.11367492365117068,Itgb1,Itgav_Itgb1,0.57398784,0.2962962962962963,Neurons,Microglia,0.39154977,0.0
Nrxn2,Nrxn2,0.28788555,0.15972514373860608,Nlgn1,Nlgn1,0.49520501,0.1522633744855967,Oligodendrocytes,Microglia,0.3915453,1.0
Nlgn1,Nlgn1,0.49520501,0.1522633744855967,Nrxn2,Nrxn2,0.28788555,0.15972514373860608,Microglia,Oligodendrocytes,0.3915453,1.0
Rgmb,Rgmb,0.15350053,0.17678995588734306,Neo1,Neo1,0.6293687,0.36597938144329895,Neurons,Astrocytes,0.3914346,0.15
Lamc1,Lamc1,0.564364,0.35467980295566504,Itgb8,Itgav_Itgb8,0.21812287,0.1282051282051282,OPCs,Pericytes,0.39124346,0.0
Nrxn1,Nrxn1,0.47925296,0.13168724279835392,Nlgn2,Nlgn2,0.3031204,0.34068544282321006,Microglia,Neurons,0.39118668,1.0
Nlgn2,Nlgn2,0.3031204,0.34068544282321006,Nrxn1,Nrxn1,0.47925296,0.13168724279835392,Neurons,Microglia,0.39118668,1.0
Hsp90aa1,Hsp90aa1,0.5313698,0.2564102564102564,Egfr,Egfr,0.25086373,0.1282051282051282,Pericytes,Pericytes,0.39111677,0.98
Gnai2,Gnai2,0.5479544,0.2757201646090535,Cav1,Cav1,0.2342012,0.1625615763546798,Microglia,OPCs,0.3910778,0.0
Col16a1,Col16a1,0.23826358,0.16748768472906403,Itgb1,Itga1_Itgb1,0.5436856,0.27564102564102566,OPCs,Pericytes,0.39097458,0.0
Gnai2,Gnai2,0.20350024,0.10531482260552517,Ednrb,Ednrb,0.57840157,0.3402061855670103,Oligodendrocytes,Astrocytes,0.39095092,0.0
Tgfb1,Tgfb1,0.48064888,0.23868312757201646,Tgfbr3,Tgfbr3,0.30117983,0.3155751611808619,Microglia,Neurons,0.39091435,0.0
App,App,0.46430153,0.24742268041237114,Lrp6,Lrp6,0.31696966,0.17695473251028807,Astrocytes,Microglia,0.3906356,1.0
Lrpap1,Lrpap1,0.40680873,0.4065151001017984,Sort1,Sort1,0.374237,0.39531727180183235,Neurons,Neurons,0.39052287,0.0
Agrn,Agrn,0.37276822,0.20512820512820512,Dag1,Dag1,0.40804067,0.270935960591133,Pericytes,OPCs,0.39040446,0.0
Agrn,Agrn,0.47645134,0.3054187192118227,Atp1a3,Atp1a3,0.30425093,0.1211340206185567,OPCs,Astrocytes,0.39035112,0.99
App,App,0.6004882,0.29218106995884774,Lrp6,Lrp6,0.18008058,0.1072780816154817,Microglia,Oligodendrocytes,0.3902844,1.0
Lamc1,Lamc1,0.564364,0.35467980295566504,Itgb1,Itga6_Itgb1,0.2157086,0.13402061855670103,OPCs,Astrocytes,0.3900363,0.0
Gnai2,Gnai2,0.15861359,0.16762809636918902,Igf1r,Igf1r,0.62140805,0.3634020618556701,Neurons,Astrocytes,0.39001083,0.57
Sirpa,Sirpa,0.17701435,0.1330049261083744,Cd47,Cd47,0.60269976,0.5337631489650492,OPCs,Neurons,0.38985705,0.0
Cd47,Cd47,0.60269976,0.5337631489650492,Sirpa,Sirpa,0.17701435,0.1330049261083744,Neurons,OPCs,0.38985705,0.0
Slit1,Slit1,0.16345389,0.18595181540549713,Robo1,Robo1,0.6159328,0.30927835051546393,Neurons,Astrocytes,0.38969335,1.0
Adam10,Adam10,0.4714337,0.2507362221287337,Tspan5,Tspan5,0.3079149,0.18719211822660098,Oligodendrocytes,OPCs,0.3896743,1.0
Efnb3,Efnb3,0.48290431,0.25045575655588276,Epha4,Epha4,0.2964334,0.2952154733627418,Oligodendrocytes,Neurons,0.38966885,0.0
Cxcl12,Cxcl12,0.28304973,0.1346153846153846,Itgb1,Itgb1,0.49624488,0.3251231527093596,Pericytes,OPCs,0.3896473,0.0
App,App,0.6004882,0.29218106995884774,Tspan12,Tspan12,0.17863977,0.1211340206185567,Microglia,Astrocytes,0.38956398,1.0
Fam3c,Fam3c,0.2767852,0.2019704433497537,Lifr,Lifr,0.5021491,0.3118556701030928,OPCs,Astrocytes,0.38946715,0.0
Agrn,Agrn,0.37276822,0.20512820512820512,Dag1,Dag1,0.4057683,0.23076923076923078,Pericytes,Pericytes,0.38926828,0.0
Bmp5,Bmp5,0.4271026,0.19230769230769232,Bmpr1a,Bmpr1a_Bmpr2,0.35141397,0.20164609053497942,Pericytes,Microglia,0.38925827,0.0
Timp2,Timp2,0.4497188,0.4160162877502545,Itgb1,Itgb1,0.3285385,0.35900916185951814,Neurons,Neurons,0.38912866,0.0
Adam9,Adam9,0.2818639,0.2019704433497537,Itgb1,Itgb1,0.49624488,0.3251231527093596,OPCs,OPCs,0.3890544,0.0
Col4a2,Col4a2,0.2344005,0.27723108245673567,Itgb1,Itga1_Itgb1,0.5436856,0.27564102564102566,Neurons,Pericytes,0.38904306,0.0
Bmp1,Bmp1,0.18070869,0.12628865979381443,Bmpr2,Bmpr2,0.5972455,0.30128205128205127,Astrocytes,Pericytes,0.3889771,0.0
Vegfa,Vegfa,0.2038304,0.11538461538461539,Itgb1,Itgb1,0.57398784,0.2962962962962963,Pericytes,Microglia,0.38890913,0.0
Tgfb1,Tgfb1,0.48064888,0.23868312757201646,Eng,Eng,0.29709357,0.16025641025641027,Microglia,Pericytes,0.38887122,0.0
Lgi1,Lgi1,0.48131266,0.4333220223956566,Adam22,Adam22,0.29622468,0.17783505154639176,Neurons,Astrocytes,0.38876867,1.0
Col4a3,Col4a3,0.29537937,0.1346153846153846,Cd47,Cd47,0.48206145,0.32019704433497537,Pericytes,OPCs,0.3887204,0.0
Gnai2,Gnai2,0.15861359,0.16762809636918902,Egfr,Egfr,0.618786,0.3582474226804124,Neurons,Astrocytes,0.38869977,0.0
Gnai2,Gnai2,0.2388187,0.13402061855670103,Igf1r,Igf1r,0.5384345,0.27036881222829895,Astrocytes,Oligodendrocytes,0.3886266,0.6
Omg,Omg,0.27435836,0.18226600985221675,Rtn4rl1,Rtn4rl1,0.5028403,0.25102880658436216,OPCs,Microglia,0.38859934,0.0
Adam10,Adam10,0.4714337,0.2507362221287337,Axl,Axl,0.30501413,0.16025641025641027,Oligodendrocytes,Pericytes,0.38822392,0.0
App,App,0.6004882,0.29218106995884774,Tspan12,Tspan12,0.17574395,0.11330049261083744,Microglia,OPCs,0.38811606,1.0
Arf1,Arf1,0.21610665,0.10138830458561211,Insr,Insr,0.5597408,0.3694581280788177,Oligodendrocytes,OPCs,0.38792372,0.0
Gnai2,Gnai2,0.2388187,0.13402061855670103,Adcy9,Adcy9,0.5369343,0.28846153846153844,Astrocytes,Pericytes,0.3878765,0.0
Slitrk2,Slitrk2,0.23259544,0.15763546798029557,Ptprs,Ptprs,0.5431201,0.327319587628866,OPCs,Astrocytes,0.38785776,0.0
Il18,Il18,0.40312713,0.27586206896551724,Il1rl2,Il1rl2,0.372553,0.18930041152263374,OPCs,Microglia,0.38784006,0.0
Cntn1,Cntn1,0.37318683,0.15285373720375825,Notch2,Notch2,0.4022878,0.1794871794871795,Oligodendrocytes,Pericytes,0.38773733,1.0
Fgf1,Fgf1,0.51339406,0.30412371134020616,Nrp1,Nrp1,0.2617305,0.17525773195876287,Astrocytes,Astrocytes,0.38756227,0.0
Sst,Sst,0.4847642,0.24363759755683745,Grm7,Grm7,0.2902294,0.11522633744855967,Neurons,Microglia,0.3874968,1.0
Adam9,Adam9,0.20066395,0.11522633744855967,Itgb1,Itgb1,0.57398784,0.2962962962962963,Microglia,Microglia,0.38732588,0.0
Lgi1,Lgi1,0.48131266,0.4333220223956566,Adam23,Adam23,0.29300362,0.14794558967886692,Neurons,Oligodendrocytes,0.38715816,0.57
Col5a3,Col5a3,0.15698883,0.11330049261083744,Sdc3,Sdc3,0.6173037,0.3891625615763547,OPCs,OPCs,0.3871463,0.0
Fn1,Fn1,0.27777004,0.1346153846153846,Itgb1,Itgav_Itgb1,0.49624488,0.3251231527093596,Pericytes,OPCs,0.38700747,0.0
Tgfa,Tgfa,0.1977846,0.10699588477366255,Erbb4,Erbb4,0.5759879,0.16666666666666666,Microglia,Pericytes,0.38688624,1.0
Lrrc4b,Lrrc4b,0.4928386,0.33004926108374383,Ptprs,Ptprs,0.2808447,0.17307692307692307,OPCs,Pericytes,0.38684165,0.28
Col9a3,Col9a3,0.27732503,0.2019704433497537,Itgb1,Itga9_Itgb1,0.49624488,0.3251231527093596,OPCs,OPCs,0.38678497,0.0
Jam2,Jam2,0.55770284,0.3247422680412371,Itgb1,Itgav_Itgb1,0.2157086,0.13402061855670103,Astrocytes,Astrocytes,0.38670573,0.0
Agrn,Agrn,0.4311766,0.4530030539531727,Dag1,Dag1,0.3419795,0.3752969121140142,Neurons,Neurons,0.38657805,0.0
Fgfr3,Fgfr3,0.30169475,0.14743589743589744,Epha4,Epha4,0.4713446,0.2757731958762887,Pericytes,Astrocytes,0.38651967,0.0
Col4a3,Col4a3,0.29537937,0.1346153846153846,Itgb8,Itgav_Itgb8,0.47756553,0.31527093596059114,Pericytes,OPCs,0.38647246,0.0
Lrpap1,Lrpap1,0.40680873,0.4065151001017984,Sort1,Sort1,0.3659152,0.20164609053497942,Neurons,Microglia,0.38636196,0.01
Rgma,Rgma,0.45823228,0.24358974358974358,Neo1,Neo1,0.31391,0.1858974358974359,Pericytes,Pericytes,0.38607115,0.56
Lrpap1,Lrpap1,0.39003626,0.2561576354679803,Lrp8,Lrp8,0.38208684,0.41839158466236853,OPCs,Neurons,0.38606155,0.0
Fgf10,Fgf10,0.122515775,0.12792670512385476,Fgfr2,Fgfr2,0.64959764,0.3333333333333333,Neurons,Pericytes,0.38605672,1.0
Rgma,Rgma,0.1742906,0.10068714065348479,Bmpr2,Bmpr2,0.5972455,0.30128205128205127,Oligodendrocytes,Pericytes,0.38576806,0.0
Spp1,Spp1,0.29703212,0.1282051282051282,Itga9,Itga9_Itgb1,0.47447187,0.22633744855967078,Pericytes,Microglia,0.385752,0.0
Gnai2,Gnai2,0.30984014,0.21182266009852216,Igf1r,Igf1r,0.46152952,0.2345679012345679,OPCs,Microglia,0.38568485,0.62
Ybx1,Ybx1,0.40144727,0.21153846153846154,Notch1,Notch1,0.36985317,0.2512315270935961,Pericytes,OPCs,0.38565022,0.0
Gnai2,Gnai2,0.20350024,0.10531482260552517,Adcy8,Adcy8,0.5676797,0.3448275862068966,Oligodendrocytes,OPCs,0.38558996,0.0
Bmp1,Bmp1,0.17389077,0.11330049261083744,Bmpr2,Bmpr2,0.5972455,0.30128205128205127,OPCs,Pericytes,0.38556814,0.0
Lrrc4b,Lrrc4b,0.22790805,0.12789230122002523,Ptprs,Ptprs,0.5431201,0.327319587628866,Oligodendrocytes,Astrocytes,0.38551408,0.17
App,App,0.46430153,0.24742268041237114,Tnfrsf21,Tnfrsf21,0.30671707,0.1346153846153846,Astrocytes,Pericytes,0.3855093,1.0
Slit2,Slit2,0.17040688,0.11330049261083744,App,App,0.6004882,0.29218106995884774,OPCs,Microglia,0.38544753,1.0
Calr,Calr,0.42742974,0.22435897435897437,Itgav,Itgav,0.34272376,0.1841256485766372,Pericytes,Oligodendrocytes,0.38507676,0.06
Col4a3,Col4a3,0.29537937,0.1346153846153846,Itga9,Itga9_Itgb1,0.47447187,0.22633744855967078,Pericytes,Microglia,0.3849256,0.0
Sptbn2,Sptbn2,0.23505466,0.27587376993552765,Ptpra,Ptpra,0.53463,0.28172766792876175,Neurons,Oligodendrocytes,0.38484234,0.0
Adam10,Adam10,0.46146008,0.46182558534102475,Tspan5,Tspan5,0.3079149,0.18719211822660098,Neurons,OPCs,0.38468748,1.0
Ncam1,Ncam1,0.25594413,0.1111111111111111,Ptpra,Ptpra,0.51325756,0.4906684764166949,Microglia,Neurons,0.38460085,1.0
Bmp1,Bmp1,0.18070869,0.12628865979381443,Bmpr1a,Bmpr1a,0.58814394,0.3842364532019704,Astrocytes,OPCs,0.38442633,0.0
Adam15,Adam15,0.294315,0.1522633744855967,Itga9,Itga9,0.47447187,0.22633744855967078,Microglia,Microglia,0.38439345,0.0
Col4a2,Col4a2,0.29112208,0.14743589743589744,Itgb8,Itgav_Itgb8,0.47756553,0.31527093596059114,Pericytes,OPCs,0.3843438,0.0
Mdk,Mdk,0.44691485,0.2654639175257732,Sdc3,Sdc3,0.32177192,0.16025641025641027,Astrocytes,Pericytes,0.3843434,0.0
Hras,Hras,0.20868927,0.1995249406175772,Insr,Insr,0.5597408,0.3694581280788177,Neurons,OPCs,0.38421503,0.0
Sptbn2,Sptbn2,0.23505466,0.27587376993552765,Ptpra,Ptpra,0.53325456,0.3076923076923077,Neurons,Pericytes,0.38415462,0.02
Il18,Il18,0.30750948,0.17010236993409059,Il1rapl1,Il1rapl1,0.4603168,0.1794871794871795,Oligodendrocytes,Pericytes,0.38391316,1.0
Rgma,Rgma,0.1742906,0.10068714065348479,Neo1,Neo1,0.5930298,0.5293518832711231,Oligodendrocytes,Neurons,0.3836602,0.65
Apoe,Apoe,0.33165058,0.2297251442144554,Abca1,Abca1,0.43556362,0.27319587628865977,Neurons,Astrocytes,0.3836071,1.0
Agrn,Agrn,0.35898203,0.21649484536082475,Dag1,Dag1,0.40804067,0.270935960591133,Astrocytes,OPCs,0.38351136,0.0
Psen1,Psen1,0.16640235,0.11822660098522167,Notch2,Notch2,0.60047126,0.3004115226337449,OPCs,Microglia,0.3834368,0.0
Lgals3bp,Lgals3bp,0.22316898,0.1111111111111111,Itgb1,Itgb1,0.5436856,0.27564102564102566,Microglia,Pericytes,0.3834273,0.0
Adam10,Adam10,0.46146008,0.46182558534102475,Axl,Axl,0.30501413,0.16025641025641027,Neurons,Pericytes,0.38323712,0.0
Lrpap1,Lrpap1,0.2861818,0.17525773195876287,Sorl1,Sorl1,0.47958007,0.4482524601289447,Astrocytes,Neurons,0.38288093,0.0
Col4a2,Col4a2,0.29112208,0.14743589743589744,Itga9,Itga9_Itgb1,0.47447187,0.22633744855967078,Pericytes,Microglia,0.38279697,0.0
Rtn4,Rtn4,0.59553874,0.3247422680412371,Tnfrsf19,Tnfrsf19,0.1695363,0.12315270935960591,Astrocytes,OPCs,0.3825375,1.0
Agrn,Agrn,0.35898203,0.21649484536082475,Dag1,Dag1,0.4057683,0.23076923076923078,Astrocytes,Pericytes,0.38237518,0.0
Agrn,Agrn,0.19063604,0.11583228158743514,Itgb1,Itgb1,0.57398784,0.2962962962962963,Oligodendrocytes,Microglia,0.38231194,0.0
Lrpap1,Lrpap1,0.39003626,0.2561576354679803,Sort1,Sort1,0.374237,0.39531727180183235,OPCs,Neurons,0.38213664,0.01
Fgf1,Fgf1,0.51339406,0.30412371134020616,Egfr,Egfr,0.25086373,0.1282051282051282,Astrocytes,Pericytes,0.3821289,0.0
Jam2,Jam2,0.54854804,0.3694581280788177,Itgb1,Itgav_Itgb1,0.2157086,0.13402061855670103,OPCs,Astrocytes,0.38212833,0.0
Tgfb1,Tgfb1,0.48064888,0.23868312757201646,Itgb5,Itgb5,0.2834249,0.17525773195876287,Microglia,Astrocytes,0.3820369,0.0
Gpi1,Gpi1,0.5749585,0.49949100780454697,Amfr,Amfr,0.18850558,0.10256410256410256,Neurons,Pericytes,0.38173205,0.0
Agrn,Agrn,0.47645134,0.3054187192118227,Lrp4,Lrp4,0.28684035,0.1921182266009852,OPCs,OPCs,0.38164586,0.0
Jag1,Jag1,0.41757524,0.1987179487179487,Notch1,Notch1,0.34546015,0.19230769230769232,Pericytes,Pericytes,0.3815177,0.0
Adam10,Adam10,0.5144967,0.33004926108374383,Tspan5,Tspan5,0.24836858,0.13991769547325103,OPCs,Microglia,0.38143262,1.0
Megf10,Megf10,0.41980997,0.270935960591133,Abca1,Abca1,0.34294063,0.22660098522167488,OPCs,OPCs,0.3813753,0.0
Sema4d,Sema4d,0.62593293,0.32098765432098764,Plxnb3,Plxnb3,0.13665412,0.10344827586206896,Microglia,OPCs,0.38129354,0.0
Il18,Il18,0.40312713,0.27586206896551724,Il1rapl1,Il1rapl1,0.35937026,0.13168724279835392,OPCs,Microglia,0.3812487,1.0
Jag1,Jag1,0.41757524,0.1987179487179487,Notch1,Notch1,0.34465346,0.22422680412371135,Pericytes,Astrocytes,0.38111436,0.0
Adam10,Adam10,0.454205,0.2692307692307692,Tspan5,Tspan5,0.3079149,0.18719211822660098,Pericytes,OPCs,0.38105994,1.0
Bmp1,Bmp1,0.17389077,0.11330049261083744,Bmpr1a,Bmpr1a,0.58814394,0.3842364532019704,OPCs,OPCs,0.38101736,0.0
Gpi1,Gpi1,0.5749585,0.49949100780454697,Amfr,Amfr,0.18681526,0.13793103448275862,Neurons,OPCs,0.38088688,0.0
St6gal1,St6gal1,0.14251493,0.16864608076009502,Egfr,Egfr,0.618786,0.3582474226804124,Neurons,Astrocytes,0.38065046,0.0
Mdk,Mdk,0.281712,0.18719211822660098,Sorl1,Sorl1,0.47958007,0.4482524601289447,OPCs,Neurons,0.38064605,0.0
Mdk,Mdk,0.44691485,0.2654639175257732,Itga4,Itga4_Itgb1,0.31437588,0.14743589743589744,Astrocytes,Pericytes,0.38064536,0.0
Lamc1,Lamc1,0.564364,0.35467980295566504,Dag1,Dag1,0.19690774,0.1111111111111111,OPCs,Microglia,0.3806359,0.0
Bmp5,Bmp5,0.4271026,0.19230769230769232,Acvr1,Acvr1_Acvr2a,0.3339595,0.3678316932473702,Pericytes,Neurons,0.38053104,0.0
Bmp5,Bmp5,0.4271026,0.19230769230769232,Acvr1,Acvr1_Bmpr2,0.3339595,0.3678316932473702,Pericytes,Neurons,0.38053104,0.0
Agrp,Agrp,0.14368154,0.18934509670851712,Sdc3,Sdc3,0.6173037,0.3891625615763547,Neurons,OPCs,0.38049263,0.0
Ntn4,Ntn4,0.11016745,0.1323379708177808,Dcc,Dcc,0.6505509,0.2755574253260412,Neurons,Oligodendrocytes,0.38035917,1.0
Lrrc4b,Lrrc4b,0.4928386,0.33004926108374383,Ptprf,Ptprf,0.26744348,0.31218187987784185,OPCs,Neurons,0.38014102,0.0
Rtn4,Rtn4,0.59553874,0.3247422680412371,Tnfrsf19,Tnfrsf19,0.16431972,0.10256410256410256,Astrocytes,Pericytes,0.37992924,1.0
Gnai2,Gnai2,0.4459763,0.22435897435897437,Ednrb,Ednrb,0.31387123,0.22167487684729065,Pericytes,OPCs,0.37992376,0.0
Agrn,Agrn,0.4311766,0.4530030539531727,Itgb1,Itgb1,0.3285385,0.35900916185951814,Neurons,Neurons,0.37985754,0.0
Gnai2,Gnai2,0.5479544,0.2757201646090535,Oprm1,Oprm1,0.21174094,0.11934156378600823,Microglia,Microglia,0.37984765,0.0
Agrn,Agrn,0.47645134,0.3054187192118227,Atp1a3,Atp1a3,0.28310147,0.1282051282051282,OPCs,Pericytes,0.37977642,0.98
Rtn4,Rtn4,0.5346433,0.27564102564102566,Lingo1,Lingo1,0.22480725,0.1625615763546798,Pericytes,OPCs,0.37972528,1.0
Rgma,Rgma,0.28159732,0.2019704433497537,Bmpr2,Bmpr2,0.47774634,0.27835051546391754,OPCs,Astrocytes,0.3796718,0.0
Gnai2,Gnai2,0.4459763,0.22435897435897437,Adcy1,Adcy1,0.3133616,0.3461146929080421,Pericytes,Neurons,0.37966895,0.0
Alcam,Alcam,0.32285097,0.1440329218106996,Nrp1,Nrp1,0.436427,0.35595520868680014,Microglia,Neurons,0.37963897,0.45
Bmp7,Bmp7,0.1620248,0.11330049261083744,Bmpr2,Bmpr1a_Bmpr2,0.5972455,0.30128205128205127,OPCs,Pericytes,0.37963516,0.0
Adam10,Adam10,0.454205,0.2692307692307692,Axl,Axl,0.30501413,0.16025641025641027,Pericytes,Pericytes,0.37960958,0.0
Hspa8,Hspa8,0.5941915,0.2962962962962963,Ldlr,Ldlr,0.16484001,0.18730912792670512,Microglia,Neurons,0.37951577,1.0
Cntn1,Cntn1,0.37318683,0.15285373720375825,Ptprz1,Ptprz1,0.38583654,0.16025641025641027,Oligodendrocytes,Pericytes,0.37951168,1.0
Timp3,Timp3,0.3947861,0.2413793103448276,Ddr1,Ddr1,0.36414883,0.2345360824742268,OPCs,Astrocytes,0.37946746,0.0
Timp2,Timp2,0.26252696,0.1625615763546798,Itgb1,Itgb1,0.49624488,0.3251231527093596,OPCs,OPCs,0.37938592,0.0
Tgfb1,Tgfb1,0.48064888,0.23868312757201646,Sdc2,Sdc2,0.27804708,0.27994570749915165,Microglia,Neurons,0.37934798,0.0
Apoe,Apoe,0.33165058,0.2297251442144554,Sdc2,Sdc2,0.4266089,0.2660098522167488,Neurons,OPCs,0.37912974,1.0
Arf1,Arf1,0.30964208,0.2979300984051578,Insr,Insr,0.44850606,0.45978961655921274,Neurons,Neurons,0.37907407,0.0
Ncam1,Ncam1,0.5186237,0.22435897435897437,Cacna1c,Cacna1c,0.23912285,0.13144329896907217,Pericytes,Astrocytes,0.3788733,1.0
Col11a1,Col11a1,0.5795459,0.3448275862068966,Ddr1,Ddr1,0.17787628,0.21445537835086528,OPCs,Neurons,0.3787111,0.0
Lamc1,Lamc1,0.564364,0.35467980295566504,Itga6,Itga6_Itgb1,0.19249217,0.10897435897435898,OPCs,Pericytes,0.3784281,0.0
Lgi3,Lgi3,0.3230361,0.329487614523244,Adam22,Adam22,0.43355224,0.22717711400925536,Neurons,Oligodendrocytes,0.37829417,1.0
Col4a1,Col4a1,0.2601021,0.1346153846153846,Itgb1,Itga9_Itgb1,0.49624488,0.3251231527093596,Pericytes,OPCs,0.37817347,0.0
Cntn1,Cntn1,0.37318683,0.15285373720375825,Notch2,Notch2,0.38308427,0.2345360824742268,Oligodendrocytes,Astrocytes,0.37813556,1.0
App,App,0.6004882,0.29218106995884774,Tspan12,Tspan12,0.15573081,0.18425517475398712,Microglia,Neurons,0.3781095,1.0
Col11a1,Col11a1,0.5795459,0.3448275862068966,Ddr1,Ddr1,0.17666206,0.10897435897435898,OPCs,Pericytes,0.37810397,0.0
Lrpap1,Lrpap1,0.39003626,0.2561576354679803,Sort1,Sort1,0.3659152,0.20164609053497942,OPCs,Microglia,0.37797573,0.08
Gnai2,Gnai2,0.5479544,0.2757201646090535,Adora1,Adora1,0.20778817,0.14175257731958762,Microglia,Astrocytes,0.37787127,0.0
Vegfa,Vegfa,0.4938224,0.2955665024630542,Nrp1,Nrp1,0.2617305,0.17525773195876287,OPCs,Astrocytes,0.37777644,0.0
Fn1,Fn1,0.27777004,0.1346153846153846,Itgb8,Itgav_Itgb8,0.47756553,0.31527093596059114,Pericytes,OPCs,0.37766778,0.0
Nrg2,Nrg2,0.65929556,0.5609093993892094,Lrrtm2,Lrrtm2,0.09587316,0.11842551747539871,Neurons,Neurons,0.37758437,0.0
Pdgfb,Pdgfb,0.50229794,0.24279835390946503,S1pr1,S1pr1,0.25263208,0.14102564102564102,Microglia,Pericytes,0.377465,0.0
Col9a3,Col9a3,0.27732503,0.2019704433497537,Itgb8,Itgav_Itgb8,0.47756553,0.31527093596059114,OPCs,OPCs,0.37744528,0.0
Gnai2,Gnai2,0.20350024,0.10531482260552517,Adcy9,Adcy9,0.5512227,0.513403461146929,Oligodendrocytes,Neurons,0.37736148,0.0
Cx3cl1,Cx3cl1,0.34526426,0.3661350525958602,Itgav,Itgav,0.40935338,0.25773195876288657,Neurons,Astrocytes,0.37730882,0.0
App,App,0.46430153,0.24742268041237114,Grm7,Grm7,0.2902294,0.11522633744855967,Astrocytes,Microglia,0.37726545,1.0
Hsp90aa1,Hsp90aa1,0.50301915,0.24742268041237114,Egfr,Egfr,0.25086373,0.1282051282051282,Astrocytes,Pericytes,0.37694144,1.0
Agrn,Agrn,0.4311766,0.4530030539531727,Dag1,Dag1,0.322574,0.19845360824742267,Neurons,Astrocytes,0.37687528,0.0
Timp2,Timp2,0.53795135,0.2757201646090535,Itgb1,Itgb1,0.2157086,0.13402061855670103,Microglia,Astrocytes,0.37682998,0.0
Adam15,Adam15,0.17953819,0.2130980658296573,Itgb1,Itgb1,0.57398784,0.2962962962962963,Neurons,Microglia,0.37676302,0.0
Lamc1,Lamc1,0.17943668,0.22225992534781133,Itgb1,Itga6_Itgb1,0.57398784,0.2962962962962963,Neurons,Microglia,0.37671226,0.0
Adam17,Adam17,0.25703877,0.1724137931034483,Itgb1,Itgb1,0.49624488,0.3251231527093596,OPCs,OPCs,0.3766418,0.0
Lrpap1,Lrpap1,0.30817145,0.16666666666666666,Sort1,Sort1,0.44504783,0.23615201234048522,Pericytes,Oligodendrocytes,0.37660962,0.03
Col4a5,Col4a5,0.20917055,0.12628865979381443,Itgb1,Itga1_Itgb1,0.5436856,0.27564102564102566,Astrocytes,Pericytes,0.37642807,0.0
Hsp90b1,Hsp90b1,0.32557622,0.1958762886597938,Tlr7,Tlr7,0.4271331,0.205761316872428,Astrocytes,Microglia,0.37635466,0.0
Cntn1,Cntn1,0.37318683,0.15285373720375825,Nrcam,Nrcam,0.37932366,0.16025641025641027,Oligodendrocytes,Pericytes,0.37625524,1.0
Sst,Sst,0.4847642,0.24363759755683745,Grm7,Grm7,0.26770332,0.11082474226804123,Neurons,Astrocytes,0.37623376,1.0
Fn1,Fn1,0.27777004,0.1346153846153846,Itga9,Itga9,0.47447187,0.22633744855967078,Pericytes,Microglia,0.37612095,0.0
Ncam1,Ncam1,0.25594413,0.1111111111111111,Fgfr2,Fgfr2,0.49607632,0.25925925925925924,Microglia,Microglia,0.37601024,1.0
Fgf12,Fgf12,0.37540203,0.15384615384615385,Fgfr1,Fgfr1,0.37643418,0.1987179487179487,Pericytes,Pericytes,0.3759181,1.0
Col9a3,Col9a3,0.27732503,0.2019704433497537,Itga9,Itga9_Itgb1,0.47447187,0.22633744855967078,OPCs,Microglia,0.37589845,0.0
Gnai2,Gnai2,0.15861359,0.16762809636918902,S1pr1,S1pr1,0.5928543,0.3479381443298969,Neurons,Astrocytes,0.37573397,0.0
Dll3,Dll3,0.15071326,0.10837438423645321,Notch2,Notch2,0.60047126,0.3004115226337449,OPCs,Microglia,0.37559226,0.0
Col5a2,Col5a2,0.26651284,0.12179487179487179,Ddr1,Ddr1,0.48428917,0.2549432057214977,Pericytes,Oligodendrocytes,0.37540102,0.0
Rgmb,Rgmb,0.15350053,0.17678995588734306,Bmpr2,Bmpr2,0.5972455,0.30128205128205127,Neurons,Pericytes,0.375373,0.0
Ntrk3,Ntrk3,0.46953338,0.21794871794871795,Ptprs,Ptprs,0.2808447,0.17307692307692307,Pericytes,Pericytes,0.37518904,0.96
Hspa8,Hspa8,0.5941915,0.2962962962962963,Ldlr,Ldlr,0.15600981,0.10309278350515463,Microglia,Astrocytes,0.37510064,1.0
Adam10,Adam10,0.4420664,0.26804123711340205,Tspan5,Tspan5,0.3079149,0.18719211822660098,Astrocytes,OPCs,0.37499064,1.0
Col4a5,Col4a5,0.33988053,0.16025641025641027,Itgav,Itgav_Itgb8,0.40935338,0.25773195876288657,Pericytes,Astrocytes,0.37461695,0.0
Jam3,Jam3,0.2525993,0.14102564102564102,Itgb1,Itgb1,0.49624488,0.3251231527093596,Pericytes,OPCs,0.37442207,0.03
Omg,Omg,0.24582078,0.13490394054129856,Rtn4rl1,Rtn4rl1,0.5028403,0.25102880658436216,Oligodendrocytes,Microglia,0.37433052,0.0
Lama2,Lama2,0.25226915,0.12326461926798485,Itgb1,Itga9_Itgb1,0.49624488,0.3251231527093596,Oligodendrocytes,OPCs,0.37425703,0.0
Sptbn2,Sptbn2,0.23505466,0.27587376993552765,Ptpra,Ptpra,0.51325756,0.4906684764166949,Neurons,Neurons,0.37415612,0.0
Nlgn2,Nlgn2,0.49693328,0.32019704433497537,Nrxn2,Nrxn2,0.25109345,0.14743589743589744,OPCs,Pericytes,0.37401336,0.0
Nrxn2,Nrxn2,0.25109345,0.14743589743589744,Nlgn2,Nlgn2,0.49693328,0.32019704433497537,Pericytes,OPCs,0.37401336,0.0
Nid1,Nid1,0.5761931,0.27564102564102566,Ptprf,Ptprf,0.17144528,0.10363202916841957,Pericytes,Oligodendrocytes,0.37381917,0.0
Bmp6,Bmp6,0.32163987,0.1282051282051282,Acvr1,Acvr1_Bmpr2,0.4259486,0.29064039408866993,Pericytes,OPCs,0.37379423,0.0
Vegfa,Vegfa,0.2038304,0.11538461538461539,Itgb1,Itgb1,0.5436856,0.27564102564102566,Pericytes,Pericytes,0.37375802,0.0
Agrn,Agrn,0.47645134,0.3054187192118227,Atp1a3,Atp1a3,0.27089226,0.15763546798029557,OPCs,OPCs,0.3736718,0.99
Ptn,Ptn,0.41468883,0.34170342721411606,Cdh10,Cdh10,0.3326356,0.14743589743589744,Neurons,Pericytes,0.37366223,1.0
Adam10,Adam10,0.4420664,0.26804123711340205,Axl,Axl,0.30501413,0.16025641025641027,Astrocytes,Pericytes,0.37354028,0.0
Penk,Penk,0.4568181,0.26060400407193757,Grm7,Grm7,0.2902294,0.11522633744855967,Neurons,Microglia,0.37352377,1.0
Ybx1,Ybx1,0.40144727,0.21153846153846154,Notch1,Notch1,0.34546015,0.19230769230769232,Pericytes,Pericytes,0.3734537,0.0
Cntn1,Cntn1,0.37318683,0.15285373720375825,Ptprz1,Ptprz1,0.37338203,0.3003053953172718,Oligodendrocytes,Neurons,0.37328443,1.0
Rgmb,Rgmb,0.15350053,0.17678995588734306,Neo1,Neo1,0.5930298,0.5293518832711231,Neurons,Neurons,0.37326515,0.11
Rims2,Rims2,0.31078932,0.12943486187070538,Abca1,Abca1,0.43556362,0.27319587628865977,Oligodendrocytes,Astrocytes,0.37317646,1.0
Nrxn2,Nrxn2,0.25109345,0.14743589743589744,Nlgn1,Nlgn1,0.49520501,0.1522633744855967,Pericytes,Microglia,0.37314922,1.0
Nlgn1,Nlgn1,0.49520501,0.1522633744855967,Nrxn2,Nrxn2,0.25109345,0.14743589743589744,Microglia,Pericytes,0.37314922,1.0
Ybx1,Ybx1,0.40144727,0.21153846153846154,Notch1,Notch1,0.34465346,0.22422680412371135,Pericytes,Astrocytes,0.37305036,0.0
Lamb2,Lamb2,0.24954917,0.14102564102564102,Itgb1,Itga9_Itgb1,0.49624488,0.3251231527093596,Pericytes,OPCs,0.37289703,0.0
Lama4,Lama4,0.63566417,0.28846153846153844,Itga3,Itga3_Itgb1,0.10994522,0.14183915846623685,Pericytes,Neurons,0.3728047,0.0
Vegfa,Vegfa,0.4938224,0.2955665024630542,Egfr,Egfr,0.25086373,0.1282051282051282,OPCs,Pericytes,0.37234306,0.0
Vegfa,Vegfa,0.17069003,0.2130980658296573,Itgb1,Itgb1,0.57398784,0.2962962962962963,Neurons,Microglia,0.37233895,0.0
Bmp6,Bmp6,0.32163987,0.1282051282051282,Bmpr1a,Acvr2a_Bmpr1a,0.42279664,0.4272141160502206,Pericytes,Neurons,0.37221825,0.0
Bmp6,Bmp6,0.32163987,0.1282051282051282,Bmpr1a,Bmpr1a_Bmpr2,0.42279664,0.4272141160502206,Pericytes,Neurons,0.37221825,0.0
Adam9,Adam9,0.20066395,0.11522633744855967,Itgb1,Itgb1,0.5436856,0.27564102564102566,Microglia,Pericytes,0.3721748,0.0
Mif,Mif,0.32334775,0.16666666666666666,Ackr3,Ackr3,0.42096877,0.1858974358974359,Pericytes,Pericytes,0.37215826,0.0
Vegfa,Vegfa,0.4938224,0.2955665024630542,Nrp2,Nrp2,0.25049317,0.24431625381744146,OPCs,Neurons,0.37215778,0.0
Vegfa,Vegfa,0.4938224,0.2955665024630542,Grin2b,Grin2b,0.25048476,0.13917525773195877,OPCs,Astrocytes,0.37215358,0.0
B2m,B2m,0.53872716,0.33497536945812806,Tfrc,Tfrc,0.20531403,0.11538461538461539,OPCs,Pericytes,0.3720206,0.0
Bmp1,Bmp1,0.18070869,0.12628865979381443,Bmpr2,Bmpr2,0.5632861,0.3645320197044335,Astrocytes,OPCs,0.37199742,0.0
Bmp5,Bmp5,0.4271026,0.19230769230769232,Acvr2a,Acvr2a_Bmpr1a,0.31684062,0.21182266009852216,Pericytes,OPCs,0.3719716,0.0
Bmp5,Bmp5,0.4271026,0.19230769230769232,Acvr2a,Acvr1_Acvr2a,0.31684062,0.21182266009852216,Pericytes,OPCs,0.3719716,0.0
Hsp90aa1,Hsp90aa1,0.49254623,0.3054187192118227,Egfr,Egfr,0.25086373,0.1282051282051282,OPCs,Pericytes,0.371705,0.99
Cntn1,Cntn1,0.37318683,0.15285373720375825,Notch1,Notch1,0.36985317,0.2512315270935961,Oligodendrocytes,OPCs,0.37151998,1.0
Fgf12,Fgf12,0.37540203,0.15384615384615385,Fgfr1,Fgfr1,0.36719236,0.2268041237113402,Pericytes,Astrocytes,0.37129718,1.0
Angpt1,Angpt1,0.5267828,0.30049261083743845,Itgb1,Itgb1,0.2157086,0.13402061855670103,OPCs,Astrocytes,0.3712457,0.0
Col4a1,Col4a1,0.2601021,0.1346153846153846,Cd47,Cd47,0.48206145,0.32019704433497537,Pericytes,OPCs,0.37108177,0.0
Gas6,Gas6,0.3054759,0.32609433322022396,Mertk,Mertk,0.43652764,0.21794871794871795,Neurons,Pericytes,0.37100178,0.0
Gnai2,Gnai2,0.20350024,0.10531482260552517,Igf1r,Igf1r,0.5384345,0.27036881222829895,Oligodendrocytes,Oligodendrocytes,0.3709674,1.0
Gnai2,Gnai2,0.5479544,0.2757201646090535,S1pr5,S1pr5,0.1939415,0.10980227177114009,Microglia,Oligodendrocytes,0.37094796,0.0
Mdk,Mdk,0.44691485,0.2654639175257732,Ncl,Ncl,0.29456192,0.16025641025641027,Astrocytes,Pericytes,0.3707384,0.0
Il1rapl1,Il1rapl1,0.4603168,0.1794871794871795,Ptprs,Ptprs,0.2808447,0.17307692307692307,Pericytes,Pericytes,0.37058073,1.0
Gnai2,Gnai2,0.20350024,0.10531482260552517,Adcy9,Adcy9,0.5369343,0.28846153846153844,Oligodendrocytes,Pericytes,0.37021726,0.0
Pros1,Pros1,0.21092054,0.1282051282051282,Mertk,Mertk,0.52864075,0.3448275862068966,Pericytes,OPCs,0.36978066,0.0
Fgf12,Fgf12,0.37540203,0.15384615384615385,Fgfr1,Fgfr1,0.3637709,0.3712249745503902,Pericytes,Neurons,0.36958647,1.0
Arf1,Arf1,0.2621774,0.1346153846153846,Insr,Insr,0.47692755,0.24279835390946503,Pericytes,Microglia,0.3695525,0.02
Sema4a,Sema4a,0.10509484,0.13030200203596878,Nrp1,Nrp1_Plxna4,0.63388366,0.2880658436213992,Neurons,Microglia,0.36948925,0.0
Gnai2,Gnai2,0.30984014,0.21182266009852216,Ednra,Ednra,0.4291351,0.19230769230769232,OPCs,Pericytes,0.36948764,0.0
Rarres2,Rarres2,0.48497713,0.21794871794871795,Cmklr1,Cmklr1,0.25297594,0.12757201646090535,Pericytes,Microglia,0.36897653,0.0
Col4a4,Col4a4,0.2415591,0.11538461538461539,Itgb1,Itga9_Itgb1,0.49624488,0.3251231527093596,Pericytes,OPCs,0.368902,0.0
Col4a1,Col4a1,0.2601021,0.1346153846153846,Itgb8,Itgav_Itgb8,0.47756553,0.31527093596059114,Pericytes,OPCs,0.3688338,0.0
Rgma,Rgma,0.1742906,0.10068714065348479,Bmpr2,Bmpr2,0.5632861,0.3645320197044335,Oligodendrocytes,OPCs,0.36878836,0.0
Gnai2,Gnai2,0.30984014,0.21182266009852216,Adcy9,Adcy9,0.42773306,0.29064039408866993,OPCs,OPCs,0.3687866,0.0
Slit2,Slit2,0.17040688,0.11330049261083744,Robo1,Robo1,0.56691456,0.23076923076923078,OPCs,Pericytes,0.36866072,1.0
Bmp1,Bmp1,0.17389077,0.11330049261083744,Bmpr2,Bmpr2,0.5632861,0.3645320197044335,OPCs,OPCs,0.36858845,0.0
Gnai2,Gnai2,0.15861359,0.16762809636918902,Ednrb,Ednrb,0.57840157,0.3402061855670103,Neurons,Astrocytes,0.36850756,0.0
Ntrk3,Ntrk3,0.46953338,0.21794871794871795,Ptprf,Ptprf,0.26744348,0.31218187987784185,Pericytes,Neurons,0.36848843,0.17
Il18,Il18,0.27630234,0.16025641025641027,Il1rapl1,Il1rapl1,0.4603168,0.1794871794871795,Pericytes,Pericytes,0.36830956,1.0
Tgfb1,Tgfb1,0.48064888,0.23868312757201646,Tgfbr1,Tgfbr1_Tgfbr2,0.2558947,0.14102564102564102,Microglia,Pericytes,0.36827177,0.0
Ptn,Ptn,0.41468883,0.34170342721411606,Sdc3,Sdc3,0.32177192,0.16025641025641027,Neurons,Pericytes,0.36823037,1.0
App,App,0.46430153,0.24742268041237114,Vldlr,Vldlr,0.27211878,0.15453653064086384,Astrocytes,Oligodendrocytes,0.36821014,1.0
Sema6b,Sema6b,0.11412688,0.1506616898540889,Plxna2,Plxna2,0.62225235,0.517814726840855,Neurons,Neurons,0.3681896,0.0
Jam3,Jam3,0.16230819,0.20291822192059722,Itgb1,Itgb1,0.57398784,0.2962962962962963,Neurons,Microglia,0.36814803,0.0
Cspg4,Cspg4,0.6261725,0.2564102564102564,Itga3,Itga3_Itgb1,0.10994522,0.14183915846623685,Pericytes,Neurons,0.36805886,0.0
L1cam,L1cam,0.23996133,0.2829996606718697,Fgfr2,Fgfr2,0.49607632,0.25925925925925924,Neurons,Microglia,0.3680188,1.0
Adam17,Adam17,0.52026546,0.26337448559670784,Itgb1,Itgb1,0.2157086,0.13402061855670103,Microglia,Astrocytes,0.36798704,0.0
Agrn,Agrn,0.4311766,0.4530030539531727,Atp1a3,Atp1a3,0.30425093,0.1211340206185567,Neurons,Astrocytes,0.36771375,1.0
Gnai2,Gnai2,0.4459763,0.22435897435897437,Adcy9,Adcy9,0.28932378,0.18298969072164947,Pericytes,Astrocytes,0.36765003,0.0
Col4a1,Col4a1,0.2601021,0.1346153846153846,Itga9,Itga9_Itgb1,0.47447187,0.22633744855967078,Pericytes,Microglia,0.36728698,0.0
Agrn,Agrn,0.19063604,0.11583228158743514,Itgb1,Itgb1,0.5436856,0.27564102564102566,Oligodendrocytes,Pericytes,0.36716083,0.0
Ntrk3,Ntrk3,0.19014487,0.10699588477366255,Ptprs,Ptprs,0.5431201,0.327319587628866,Microglia,Astrocytes,0.36663246,1.0
Fgf13,Fgf13,0.23687625,0.13793103448275862,Fgfr2,Fgfr2,0.49607632,0.25925925925925924,OPCs,Microglia,0.3664763,1.0
Adam9,Adam9,0.15883441,0.1981676280963692,Itgb1,Itgb1,0.57398784,0.2962962962962963,Neurons,Microglia,0.36641112,0.0
Alcam,Alcam,0.32285097,0.1440329218106996,Nrp1,Nrp1,0.40976745,0.1794871794871795,Microglia,Pericytes,0.36630923,0.59
Mdk,Mdk,0.44691485,0.2654639175257732,Ncl,Ncl,0.28549346,0.1921182266009852,Astrocytes,OPCs,0.36620414,0.0
App,App,0.46430153,0.24742268041237114,Grm7,Grm7,0.26770332,0.11082474226804123,Astrocytes,Astrocytes,0.36600244,1.0
Omg,Omg,0.22900997,0.14690721649484537,Rtn4rl1,Rtn4rl1,0.5028403,0.25102880658436216,Astrocytes,Microglia,0.36592513,0.0
Tgfb1,Tgfb1,0.48064888,0.23868312757201646,Egfr,Egfr,0.25086373,0.1282051282051282,Microglia,Pericytes,0.3657563,0.0
Agrn,Agrn,0.19063604,0.11583228158743514,Lrp1,Lrp1,0.54086536,0.5218866644044792,Oligodendrocytes,Neurons,0.3657507,0.0
Vegfa,Vegfa,0.4938224,0.2955665024630542,Sirpa,Sirpa,0.23754907,0.14690721649484537,OPCs,Astrocytes,0.36568573,0.0
Vegfa,Vegfa,0.4938224,0.2955665024630542,Sirpa,Sirpa,0.23748541,0.2704445198506956,OPCs,Neurons,0.3656539,0.0
Actr2,Actr2,0.49268973,0.47845266372582285,Ldlr,Ldlr,0.23860839,0.10897435897435898,Neurons,Pericytes,0.36564904,0.0
Lrpap1,Lrpap1,0.2861818,0.17525773195876287,Sort1,Sort1,0.44504783,0.23615201234048522,Astrocytes,Oligodendrocytes,0.36561483,0.01
Jam3,Jam3,0.40229473,0.29064039408866993,Itgb1,Itgb1,0.3285385,0.35900916185951814,OPCs,Neurons,0.36541662,0.02
Gnai2,Gnai2,0.30984014,0.21182266009852216,Adcy7,Adcy7,0.42093673,0.20164609053497942,OPCs,Microglia,0.36538845,0.0
Calr,Calr,0.62079793,0.3694581280788177,Itga3,Itga3,0.10994522,0.14183915846623685,OPCs,Neurons,0.36537158,0.0
Col4a2,Col4a2,0.2344005,0.27723108245673567,Itgb1,Itga9_Itgb1,0.49624488,0.3251231527093596,Neurons,OPCs,0.36532268,0.0
Jag2,Jag2,0.13010482,0.16932473702069903,Notch2,Notch2,0.60047126,0.3004115226337449,Neurons,Microglia,0.36528805,0.0
Slit1,Slit1,0.16345389,0.18595181540549713,Robo1,Robo1,0.56691456,0.23076923076923078,Neurons,Pericytes,0.36518422,1.0
Col1a2,Col1a2,0.18667647,0.11855670103092783,Itgb1,Itga1_Itgb1,0.5436856,0.27564102564102566,Astrocytes,Pericytes,0.36518103,0.0
Rims2,Rims2,0.29474536,0.11522633744855967,Abca1,Abca1,0.43556362,0.27319587628865977,Microglia,Astrocytes,0.3651545,1.0
Lgi3,Lgi3,0.43380603,0.21722058617304726,Adam22,Adam22,0.29622468,0.17783505154639176,Oligodendrocytes,Astrocytes,0.36501536,1.0
Lama2,Lama2,0.25226915,0.12326461926798485,Itgb8,Itgav_Itgb8,0.47756553,0.31527093596059114,Oligodendrocytes,OPCs,0.36491734,0.0
App,App,0.46430153,0.24742268041237114,Tnfrsf21,Tnfrsf21,0.26528463,0.2891075670173057,Astrocytes,Neurons,0.36479306,1.0
Fgf1,Fgf1,0.51339406,0.30412371134020616,Tgfbr3,Tgfbr3,0.21602012,0.10344827586206896,Astrocytes,OPCs,0.36470708,0.0
Cx3cl1,Cx3cl1,0.34526426,0.3661350525958602,Itgav,Itgav,0.38362354,0.21794871794871795,Neurons,Pericytes,0.3644439,0.0
Il1rapl1,Il1rapl1,0.35937026,0.13168724279835392,Ptprs,Ptprs,0.36926973,0.205761316872428,Microglia,Microglia,0.36431998,1.0
Sema6a,Sema6a,0.50824755,0.3399014778325123,Plxna4,Plxna4,0.22001494,0.15270935960591134,OPCs,OPCs,0.36413124,0.72
App,App,0.6004882,0.29218106995884774,Vldlr,Vldlr,0.1274754,0.15710892432982695,Microglia,Neurons,0.36398178,1.0
Il1rapl1,Il1rapl1,0.4603168,0.1794871794871795,Ptprf,Ptprf,0.26744348,0.31218187987784185,Pericytes,Neurons,0.36388016,1.0
Ntn1,Ntn1,0.41347387,0.20512820512820512,Neo1,Neo1,0.31391,0.1858974358974359,Pericytes,Pericytes,0.36369193,0.21
Lamb2,Lamb2,0.24954917,0.14102564102564102,Itgb8,Itgav_Itgb8,0.47756553,0.31527093596059114,Pericytes,OPCs,0.36355734,0.0
Lgi3,Lgi3,0.43380603,0.21722058617304726,Adam23,Adam23,0.29300362,0.14794558967886692,Oligodendrocytes,Oligodendrocytes,0.3634048,1.0
Lama2,Lama2,0.25226915,0.12326461926798485,Itga9,Itga9_Itgb1,0.47447187,0.22633744855967078,Oligodendrocytes,Microglia,0.3633705,0.0
Lgi2,Lgi2,0.29314834,0.2850356294536817,Adam22,Adam22,0.43355224,0.22717711400925536,Neurons,Oligodendrocytes,0.36335027,1.0
Gnai2,Gnai2,0.5479544,0.2757201646090535,Adcy8,Adcy8,0.17838874,0.10897435897435898,Microglia,Pericytes,0.36317158,0.0
Col4a5,Col4a5,0.33988053,0.16025641025641027,Cd47,Cd47,0.3864545,0.19753086419753085,Pericytes,Microglia,0.36316752,0.0
Gnai2,Gnai2,0.15861359,0.16762809636918902,Adcy8,Adcy8,0.5676797,0.3448275862068966,Neurons,OPCs,0.36314666,0.0
Bmp7,Bmp7,0.1620248,0.11330049261083744,Bmpr2,Bmpr1a_Bmpr2,0.5632861,0.3645320197044335,OPCs,OPCs,0.36265546,0.0
Mdk,Mdk,0.44691485,0.2654639175257732,Sdc2,Sdc2,0.27804708,0.27994570749915165,Astrocytes,Neurons,0.36248097,0.0
Fgf12,Fgf12,0.34823906,0.1958762886597938,Fgfr1,Fgfr1,0.37643418,0.1987179487179487,Astrocytes,Pericytes,0.36233664,1.0
St6gal1,St6gal1,0.47377563,0.24442574673958772,Egfr,Egfr,0.25086373,0.1282051282051282,Oligodendrocytes,Pericytes,0.36231968,0.0
App,App,0.46430153,0.24742268041237114,Aplp2,Aplp2,0.26024443,0.14814814814814814,Astrocytes,Microglia,0.36227298,1.0
Penk,Penk,0.4568181,0.26060400407193757,Grm7,Grm7,0.26770332,0.11082474226804123,Neurons,Astrocytes,0.3622607,1.0
Megf10,Megf10,0.5102018,0.3015463917525773,Abca1,Abca1,0.21408409,0.1346153846153846,Astrocytes,Pericytes,0.36214295,0.0
Lamb2,Lamb2,0.24954917,0.14102564102564102,Itga9,Itga9_Itgb1,0.47447187,0.22633744855967078,Pericytes,Microglia,0.3620105,0.0
Gpc3,Gpc3,0.18304504,0.15405497115710892,Lrp1,Lrp1,0.54086536,0.5218866644044792,Neurons,Neurons,0.3619552,0.0
Col4a6,Col4a6,0.3144239,0.1346153846153846,Itgav,Itgav_Itgb8,0.40935338,0.25773195876288657,Pericytes,Astrocytes,0.36188865,0.0
Rgma,Rgma,0.45823228,0.24358974358974358,Bmpr2,Bmpr2,0.2655128,0.14486046837750666,Pericytes,Oligodendrocytes,0.36187255,0.0
Nampt,Nampt,0.1640038,0.20665083135391923,Insr,Insr,0.5597408,0.3694581280788177,Neurons,OPCs,0.3618723,0.0
Col4a4,Col4a4,0.2415591,0.11538461538461539,Cd47,Cd47,0.48206145,0.32019704433497537,Pericytes,OPCs,0.36181027,0.0
Adam15,Adam15,0.17953819,0.2130980658296573,Itgb1,Itgb1,0.5436856,0.27564102564102566,Neurons,Pericytes,0.3616119,0.0
Cthrc1,Cthrc1,0.45867833,0.30049261083743845,Fzd3,Fzd3,0.2643229,0.2931795045809298,OPCs,Neurons,0.36150062,0.0
Tfpi,Tfpi,0.30730832,0.16025641025641027,F3,F3,0.4156767,0.2413793103448276,Pericytes,OPCs,0.3614925,0.0
Jam3,Jam3,0.50715244,0.2623755434020474,Itgb1,Itgb1,0.2157086,0.13402061855670103,Oligodendrocytes,Astrocytes,0.36143053,0.0
B2m,B2m,0.53872716,0.33497536945812806,Tfrc,Tfrc,0.18388288,0.11855670103092783,OPCs,Astrocytes,0.36130503,0.0
Gpc3,Gpc3,0.18304504,0.15405497115710892,Igf1r,Igf1r,0.5384345,0.27036881222829895,Neurons,Oligodendrocytes,0.36073977,0.0
Lrrc4b,Lrrc4b,0.4928386,0.33004926108374383,Ptprs,Ptprs,0.22819644,0.12074042911232646,OPCs,Oligodendrocytes,0.3605175,0.59
Vegfa,Vegfa,0.4938224,0.2955665024630542,Gpc1,Gpc1,0.22717841,0.2653545978961656,OPCs,Neurons,0.3605004,0.0
Rtn4,Rtn4,0.59553874,0.3247422680412371,Rtn4rl1,Rtn4rl1,0.12505294,0.14387512724804885,Astrocytes,Neurons,0.36029583,1.0
App,App,0.6004882,0.29218106995884774,Ncstn,Ncstn,0.11996884,0.15676959619952494,Microglia,Neurons,0.3602285,1.0
Ncam1,Ncam1,0.5186237,0.22435897435897437,Cacna1c,Cacna1c,0.20159696,0.10447342588697238,Pericytes,Oligodendrocytes,0.36011034,1.0
Mdk,Mdk,0.44691485,0.2654639175257732,Ncl,Ncl,0.273288,0.2734984730234136,Astrocytes,Neurons,0.36010143,0.0
Jam3,Jam3,0.40229473,0.29064039408866993,Itgb2,Itgam_Itgb2,0.3178427,0.15637860082304528,OPCs,Microglia,0.3600687,0.0
Lamc1,Lamc1,0.564364,0.35467980295566504,Itga7,Itga7_Itgb1,0.15552875,0.1056701030927835,OPCs,Astrocytes,0.35994637,0.0
Lamc3,Lamc3,0.3778231,0.16025641025641027,Dag1,Dag1,0.3419795,0.3752969121140142,Pericytes,Neurons,0.3599013,0.0
Adam10,Adam10,0.4714337,0.2507362221287337,Tspan5,Tspan5,0.24836858,0.13991769547325103,Oligodendrocytes,Microglia,0.35990113,1.0
Adam17,Adam17,0.14369662,0.1866304716661011,Erbb4,Erbb4,0.5759879,0.16666666666666666,Neurons,Pericytes,0.35984224,1.0
Cd47,Cd47,0.48206145,0.32019704433497537,Sirpa,Sirpa,0.23754907,0.14690721649484537,OPCs,Astrocytes,0.35980526,0.0
Sirpa,Sirpa,0.23754907,0.14690721649484537,Cd47,Cd47,0.48206145,0.32019704433497537,Astrocytes,OPCs,0.35980526,0.0
Nampt,Nampt,0.15984677,0.10344827586206896,Insr,Insr,0.5597408,0.3694581280788177,OPCs,OPCs,0.35979378,0.0
Lrig2,Lrig2,0.46870396,0.47675602307431286,Egfr,Egfr,0.25086373,0.1282051282051282,Neurons,Pericytes,0.35978383,0.0
Sirpa,Sirpa,0.23748541,0.2704445198506956,Cd47,Cd47,0.48206145,0.32019704433497537,Neurons,OPCs,0.35977343,0.01
Cd47,Cd47,0.48206145,0.32019704433497537,Sirpa,Sirpa,0.23748541,0.2704445198506956,OPCs,Neurons,0.35977343,0.01
Lgals3bp,Lgals3bp,0.22316898,0.1111111111111111,Itgb1,Itgb1,0.49624488,0.3251231527093596,Microglia,OPCs,0.35970694,0.0
Il18,Il18,0.25906157,0.13168724279835392,Il1rapl1,Il1rapl1,0.4603168,0.1794871794871795,Microglia,Pericytes,0.35968918,1.0
Adam10,Adam10,0.5144967,0.33004926108374383,Tspan15,Tspan15,0.20481992,0.1189174028887954,OPCs,Oligodendrocytes,0.3596583,0.04
Col4a4,Col4a4,0.2415591,0.11538461538461539,Itgb8,Itgav_Itgb8,0.47756553,0.31527093596059114,Pericytes,OPCs,0.3595623,0.0
Nrg4,Nrg4,0.10007636,0.13131998642687479,Egfr,Egfr,0.618786,0.3582474226804124,Neurons,Astrocytes,0.35943118,0.0
Cntn1,Cntn1,0.37318683,0.15285373720375825,Notch1,Notch1,0.34546015,0.19230769230769232,Oligodendrocytes,Pericytes,0.3593235,1.0
Fgf1,Fgf1,0.22252169,0.23583305055989143,Fgfr2,Fgfr2,0.49607632,0.25925925925925924,Neurons,Microglia,0.359299,1.0
Tfpi,Tfpi,0.30730832,0.16025641025641027,F3,F3,0.4107631,0.19230769230769232,Pericytes,Pericytes,0.35903573,0.0
Apoe,Apoe,0.33165058,0.2297251442144554,Lrp6,Lrp6,0.38639113,0.24742268041237114,Neurons,Astrocytes,0.35902086,1.0
Agrn,Agrn,0.4311766,0.4530030539531727,Lrp4,Lrp4,0.28684035,0.1921182266009852,Neurons,OPCs,0.3590085,0.0
Cntn1,Cntn1,0.37318683,0.15285373720375825,Notch1,Notch1,0.34465346,0.22422680412371135,Oligodendrocytes,Astrocytes,0.35892016,1.0
Gnai2,Gnai2,0.5479544,0.2757201646090535,Cnr1,Cnr1,0.16978294,0.1856124872751951,Microglia,Neurons,0.35886866,0.0
Fbn1,Fbn1,0.1437205,0.17780794027824906,Itgb1,Itgb1,0.57398784,0.2962962962962963,Neurons,Microglia,0.35885417,0.0
Adam17,Adam17,0.14369662,0.1866304716661011,Itgb1,Itgb1,0.57398784,0.2962962962962963,Neurons,Microglia,0.35884222,0.0
Arf1,Arf1,0.24052234,0.13580246913580246,Insr,Insr,0.47692755,0.24279835390946503,Microglia,Microglia,0.35872495,0.04
Rgmb,Rgmb,0.15350053,0.17678995588734306,Bmpr2,Bmpr2,0.5632861,0.3645320197044335,Neurons,OPCs,0.3583933,0.0
Hsp90b1,Hsp90b1,0.50407153,0.47268408551068886,Tlr4,Tlr4,0.21267976,0.10699588477366255,Neurons,Microglia,0.35837564,0.0
Mif,Mif,0.46523848,0.2857142857142857,Egfr,Egfr,0.25086373,0.1282051282051282,OPCs,Pericytes,0.35805112,0.05
Col4a4,Col4a4,0.2415591,0.11538461538461539,Itga9,Itga9_Itgb1,0.47447187,0.22633744855967078,Pericytes,Microglia,0.35801548,0.0
Fgf12,Fgf12,0.34823906,0.1958762886597938,Fgfr1,Fgfr1,0.36719236,0.2268041237113402,Astrocytes,Astrocytes,0.35771573,1.0
L1cam,L1cam,0.23996133,0.2829996606718697,Cntn1,Cntn1,0.47541264,0.1987179487179487,Neurons,Pericytes,0.357687,0.9
Agrn,Agrn,0.47645134,0.3054187192118227,Atp1a3,Atp1a3,0.23883086,0.11522633744855967,OPCs,Microglia,0.3576411,1.0
Tgfb1,Tgfb1,0.48064888,0.23868312757201646,Cav1,Cav1,0.2342012,0.1625615763546798,Microglia,OPCs,0.35742503,0.0
Agrn,Agrn,0.37276822,0.20512820512820512,Dag1,Dag1,0.3419795,0.3752969121140142,Pericytes,Neurons,0.35737386,0.0
Vegfa,Vegfa,0.17069003,0.2130980658296573,Itgb1,Itgb1,0.5436856,0.27564102564102566,Neurons,Pericytes,0.3571878,0.0
Cthrc1,Cthrc1,0.45867833,0.30049261083743845,Fzd3,Fzd3,0.25569138,0.1724137931034483,OPCs,OPCs,0.35718486,0.0
Gnai2,Gnai2,0.4459763,0.22435897435897437,Adora1,Adora1,0.26831418,0.18719211822660098,Pericytes,OPCs,0.35714525,0.0
Agrn,Agrn,0.4311766,0.4530030539531727,Atp1a3,Atp1a3,0.28310147,0.1282051282051282,Neurons,Pericytes,0.35713905,1.0
Gas6,Gas6,0.185438,0.11082474226804123,Mertk,Mertk,0.52864075,0.3448275862068966,Astrocytes,OPCs,0.3570394,0.0
Jag1,Jag1,0.41757524,0.1987179487179487,Cd46,Cd46,0.2963401,0.17307692307692307,Pericytes,Pericytes,0.35695767,0.0
Apoe,Apoe,0.33165058,0.2297251442144554,Lrp8,Lrp8,0.38208684,0.41839158466236853,Neurons,Neurons,0.3568687,1.0
Gnai2,Gnai2,0.5479544,0.2757201646090535,P2ry12,P2ry12,0.16535407,0.20936545639633525,Microglia,Neurons,0.35665423,0.0
Gnai2,Gnai2,0.2388187,0.13402061855670103,Adcy9,Adcy9,0.47359568,0.24279835390946503,Astrocytes,Microglia,0.3562072,0.0
Lrrc4b,Lrrc4b,0.4928386,0.33004926108374383,Ptprf,Ptprf,0.21931775,0.12371134020618557,OPCs,Astrocytes,0.35607818,0.0
Fgf12,Fgf12,0.34823906,0.1958762886597938,Fgfr1,Fgfr1,0.3637709,0.3712249745503902,Astrocytes,Neurons,0.35600498,1.0
Col4a2,Col4a2,0.2344005,0.27723108245673567,Itgb8,Itgav_Itgb8,0.47756553,0.31527093596059114,Neurons,OPCs,0.35598302,0.0
Dcn,Dcn,0.4233524,0.16666666666666666,Erbb4,Erbb4,0.28844282,0.10699588477366255,Pericytes,Microglia,0.3558976,1.0
Col4a1,Col4a1,0.109081805,0.14319647098744487,Cd47,Cd47,0.60269976,0.5337631489650492,Neurons,Neurons,0.35589078,0.0
Alcam,Alcam,0.40804878,0.2016547468798205,Chl1,Chl1,0.30339235,0.14743589743589744,Oligodendrocytes,Pericytes,0.35572058,1.0
Fbn1,Fbn1,0.3827226,0.26108374384236455,Itgb1,Itgb1,0.3285385,0.35900916185951814,OPCs,Neurons,0.35563055,0.0
Hsp90b1,Hsp90b1,0.49814698,0.3251231527093596,Tlr4,Tlr4,0.21267976,0.10699588477366255,OPCs,Microglia,0.35541338,0.0
Arf1,Arf1,0.2621774,0.1346153846153846,Insr,Insr,0.44850606,0.45978961655921274,Pericytes,Neurons,0.35534173,0.02
Ncam1,Ncam1,0.5186237,0.22435897435897437,Fgfr1,Fgfr1,0.19155976,0.13793103448275862,Pericytes,OPCs,0.35509175,1.0
Fgf12,Fgf12,0.33354598,0.13168724279835392,Fgfr1,Fgfr1,0.37643418,0.1987179487179487,Microglia,Pericytes,0.35499007,1.0
Gnai2,Gnai2,0.15861359,0.16762809636918902,Adcy9,Adcy9,0.5512227,0.513403461146929,Neurons,Neurons,0.35491812,0.0
Adam10,Adam10,0.46146008,0.46182558534102475,Tspan5,Tspan5,0.24836858,0.13991769547325103,Neurons,Microglia,0.35491434,1.0
Lrpap1,Lrpap1,0.40680873,0.4065151001017984,Ldlr,Ldlr,0.3027977,0.2019704433497537,Neurons,OPCs,0.3548032,0.0
Vegfa,Vegfa,0.4938224,0.2955665024630542,Itgb1,Itgb1,0.2157086,0.13402061855670103,OPCs,Astrocytes,0.3547655,0.0
Ptn,Ptn,0.41468883,0.34170342721411606,Ncl,Ncl,0.29456192,0.16025641025641027,Neurons,Pericytes,0.35462537,1.0
Col4a2,Col4a2,0.2344005,0.27723108245673567,Itga9,Itga9_Itgb1,0.47447187,0.22633744855967078,Neurons,Microglia,0.3544362,0.0
Penk,Penk,0.4568181,0.26060400407193757,Oprm1,Oprm1,0.2517955,0.25110281642348153,Neurons,Neurons,0.35430682,0.0
Calr,Calr,0.29898164,0.15355490113588557,Itgav,Itgav,0.40935338,0.25773195876288657,Oligodendrocytes,Astrocytes,0.35416752,0.06
Mdk,Mdk,0.281712,0.18719211822660098,Sdc2,Sdc2,0.4266089,0.2660098522167488,OPCs,OPCs,0.35416043,0.0
Sema6a,Sema6a,0.30931082,0.28978622327790976,Plxna2,Plxna2,0.3984046,0.19230769230769232,Neurons,Pericytes,0.3538577,0.07
Cntn3,Cntn3,0.45583892,0.28078817733990147,Ptprg,Ptprg,0.25139606,0.12757201646090535,OPCs,Microglia,0.3536175,1.0
St6gal1,St6gal1,0.45633054,0.2139917695473251,Egfr,Egfr,0.25086373,0.1282051282051282,Microglia,Pericytes,0.35359713,0.0
Tln1,Tln1,0.30891147,0.1646090534979424,Itgb5,Itgb5,0.3980638,0.1987179487179487,Microglia,Pericytes,0.35348764,0.0
Bmp5,Bmp5,0.4271026,0.19230769230769232,Acvr2a,Acvr2a_Bmpr1a,0.27980465,0.14814814814814814,Pericytes,Microglia,0.35345364,0.0
Bmp5,Bmp5,0.4271026,0.19230769230769232,Acvr2a,Acvr1_Acvr2a,0.27980465,0.14814814814814814,Pericytes,Microglia,0.35345364,0.0
Apoe,Apoe,0.33165058,0.2297251442144554,Lrp6,Lrp6,0.37452346,0.20512820512820512,Neurons,Pericytes,0.353087,1.0
Jam3,Jam3,0.16230819,0.20291822192059722,Itgb1,Itgb1,0.5436856,0.27564102564102566,Neurons,Pericytes,0.3529969,0.01
Lrrc4b,Lrrc4b,0.3365888,0.35799117746861214,Ptprs,Ptprs,0.36926973,0.205761316872428,Neurons,Microglia,0.35292926,0.7
Col4a5,Col4a5,0.20917055,0.12628865979381443,Itgb1,Itga9_Itgb1,0.49624488,0.3251231527093596,Astrocytes,OPCs,0.3527077,0.0
Spp1,Spp1,0.20911169,0.11367492365117068,Itgb1,Itga9_Itgb1,0.49624488,0.3251231527093596,Neurons,OPCs,0.3526783,0.0
Spp1,Spp1,0.20911169,0.11367492365117068,Itgb1,Itgav_Itgb1,0.49624488,0.3251231527093596,Neurons,OPCs,0.3526783,0.0
Slitrk2,Slitrk2,0.33605346,0.2190721649484536,Ptprs,Ptprs,0.36926973,0.205761316872428,Astrocytes,Microglia,0.3526616,0.0
Adam10,Adam10,0.5144967,0.33004926108374383,Epha3,Epha3,0.19057654,0.10256410256410256,OPCs,Pericytes,0.35253662,0.07
Fgf1,Fgf1,0.51339406,0.30412371134020616,Fgfr1,Fgfr1,0.19155976,0.13793103448275862,Astrocytes,OPCs,0.3524769,0.0
Ncam1,Ncam1,0.5186237,0.22435897435897437,Gfra1,Gfra1,0.1861984,0.16762809636918902,Pericytes,Neurons,0.35241106,1.0
Fgf1,Fgf1,0.51339406,0.30412371134020616,Fgfrl1,Fgfrl1,0.19140282,0.13144329896907217,Astrocytes,Astrocytes,0.35239846,0.0
Col4a3,Col4a3,0.29537937,0.1346153846153846,Itgav,Itgav_Itgb8,0.40935338,0.25773195876288657,Pericytes,Astrocytes,0.3523664,0.0
Fn1,Fn1,0.27777004,0.1346153846153846,Sdc2,Sdc2,0.4266089,0.2660098522167488,Pericytes,OPCs,0.35218948,0.0
S100a1,S100a1,0.3314178,0.17783505154639176,Trpm3,Trpm3,0.37290546,0.12345679012345678,Astrocytes,Microglia,0.35216165,0.99
Rtn4,Rtn4,0.5346433,0.27564102564102566,Tnfrsf19,Tnfrsf19,0.1695363,0.12315270935960591,Pericytes,OPCs,0.3520898,1.0
Cxcl12,Cxcl12,0.28304973,0.1346153846153846,Ackr3,Ackr3,0.42096877,0.1858974358974359,Pericytes,Pericytes,0.35200924,0.0
Tgfb1,Tgfb1,0.48064888,0.23868312757201646,Itgb8,Itgb8,0.22328635,0.12634974056934511,Microglia,Oligodendrocytes,0.3519676,0.0
Adam15,Adam15,0.294315,0.1522633744855967,Itgav,Itgav,0.40935338,0.25773195876288657,Microglia,Astrocytes,0.35183418,0.0
Fstl1,Fstl1,0.47259486,0.27319587628865977,Dip2a,Dip2a,0.23044677,0.16748768472906403,Astrocytes,OPCs,0.3515208,0.34
Fam3c,Fam3c,0.2767852,0.2019704433497537,Lamp1,Lamp1,0.42587805,0.39667458432304037,OPCs,Neurons,0.35133162,1.0
Adam10,Adam10,0.454205,0.2692307692307692,Tspan5,Tspan5,0.24836858,0.13991769547325103,Pericytes,Microglia,0.3512868,1.0
Adam9,Adam9,0.15883441,0.1981676280963692,Itgb1,Itgb1,0.5436856,0.27564102564102566,Neurons,Pericytes,0.35126,0.0
Omg,Omg,0.1996086,0.22124194095690533,Rtn4rl1,Rtn4rl1,0.5028403,0.25102880658436216,Neurons,Microglia,0.35122442,0.0
Agrn,Agrn,0.4311766,0.4530030539531727,Atp1a3,Atp1a3,0.27089226,0.15763546798029557,Neurons,OPCs,0.35103443,1.0
Lgi4,Lgi4,0.26838276,0.17010309278350516,Adam22,Adam22,0.43355224,0.22717711400925536,Astrocytes,Oligodendrocytes,0.3509675,0.02
Gpi1,Gpi1,0.44229388,0.2603092783505155,Amfr,Amfr,0.2593781,0.30709195792331184,Astrocytes,Neurons,0.35083598,0.0
Agrn,Agrn,0.37276822,0.20512820512820512,Itgb1,Itgb1,0.3285385,0.35900916185951814,Pericytes,Neurons,0.35065335,0.0
Rgma,Rgma,0.45823228,0.24358974358974358,Bmpr1b,Bmpr1b,0.24296553,0.12179487179487179,Pericytes,Pericytes,0.3505989,0.0
Agrn,Agrn,0.35898203,0.21649484536082475,Dag1,Dag1,0.3419795,0.3752969121140142,Astrocytes,Neurons,0.35048077,0.0
Col4a6,Col4a6,0.3144239,0.1346153846153846,Cd47,Cd47,0.3864545,0.19753086419753085,Pericytes,Microglia,0.3504392,0.0
Efna5,Efna5,0.20953123,0.11538461538461539,Ephb1,Ephb1,0.49130866,0.3997285374957584,Pericytes,Neurons,0.35041994,0.98
Fgf12,Fgf12,0.33354598,0.13168724279835392,Fgfr1,Fgfr1,0.36719236,0.2268041237113402,Microglia,Astrocytes,0.35036916,1.0
Col5a3,Col5a3,0.15698883,0.11330049261083744,Itgb1,Itga1_Itgb1,0.5436856,0.27564102564102566,OPCs,Pericytes,0.3503372,0.0
Nrxn2,Nrxn2,0.28788555,0.15972514373860608,Nlgn3,Nlgn3,0.4127724,0.2857142857142857,Oligodendrocytes,OPCs,0.35032898,0.0
Nlgn3,Nlgn3,0.4127724,0.2857142857142857,Nrxn2,Nrxn2,0.28788555,0.15972514373860608,OPCs,Oligodendrocytes,0.35032898,0.0
Lama4,Lama4,0.47730374,0.30049261083743845,Itgb8,Itgav_Itgb8,0.22328635,0.12634974056934511,OPCs,Oligodendrocytes,0.35029504,0.0
Col4a2,Col4a2,0.29112208,0.14743589743589744,Itgav,Itgav_Itgb8,0.40935338,0.25773195876288657,Pericytes,Astrocytes,0.35023773,0.0
Lamc3,Lamc3,0.3778231,0.16025641025641027,Dag1,Dag1,0.322574,0.19845360824742267,Pericytes,Astrocytes,0.35019857,0.0
Gnai2,Gnai2,0.2388187,0.13402061855670103,Igf1r,Igf1r,0.46152952,0.2345679012345679,Astrocytes,Microglia,0.35017413,0.9
Nrxn2,Nrxn2,0.2032566,0.13144329896907217,Nlgn2,Nlgn2,0.49693328,0.32019704433497537,Astrocytes,OPCs,0.35009494,0.01
Nlgn2,Nlgn2,0.49693328,0.32019704433497537,Nrxn2,Nrxn2,0.2032566,0.13144329896907217,OPCs,Astrocytes,0.35009494,0.01
Ptn,Ptn,0.41468883,0.34170342721411606,Ncl,Ncl,0.28549346,0.1921182266009852,Neurons,OPCs,0.35009116,1.0
Gnai2,Gnai2,0.4459763,0.22435897435897437,Tbxa2r,Tbxa2r,0.25419316,0.12179487179487179,Pericytes,Pericytes,0.35008472,0.0
Vegfa,Vegfa,0.2038304,0.11538461538461539,Itgb1,Itgb1,0.49624488,0.3251231527093596,Pericytes,OPCs,0.35003763,0.0
Vegfa,Vegfa,0.4938224,0.2955665024630542,Ephb2,Ephb2,0.20598254,0.14285714285714285,OPCs,OPCs,0.34990245,0.0
Mdk,Mdk,0.44691485,0.2654639175257732,Sorl1,Sorl1,0.25281036,0.13168724279835392,Astrocytes,Microglia,0.3498626,0.0
Apoe,Apoe,0.33165058,0.2297251442144554,Lrp6,Lrp6,0.3680566,0.4034611469290804,Neurons,Neurons,0.34985358,1.0
Apoo,Apoo,0.19218688,0.1211340206185567,Il1rapl2,Il1rapl2,0.5069894,0.23786901934170343,Astrocytes,Neurons,0.34958816,0.0
Rtn4,Rtn4,0.5346433,0.27564102564102566,Tnfrsf19,Tnfrsf19,0.16431972,0.10256410256410256,Pericytes,Pericytes,0.34948152,1.0
Adam10,Adam10,0.5144967,0.33004926108374383,Axl,Axl,0.18438552,0.12886597938144329,OPCs,Astrocytes,0.3494411,0.0
Fgf1,Fgf1,0.51339406,0.30412371134020616,Fgfrl1,Fgfrl1,0.18544556,0.1330049261083744,Astrocytes,OPCs,0.3494198,0.0
Tgfb1,Tgfb1,0.48064888,0.23868312757201646,Itgb8,Itgb8,0.21812287,0.1282051282051282,Microglia,Pericytes,0.34938586,0.0
Ybx1,Ybx1,0.32880175,0.21182266009852216,Notch1,Notch1,0.36985317,0.2512315270935961,OPCs,OPCs,0.34932745,0.0
Gnai2,Gnai2,0.4459763,0.22435897435897437,S1pr1,S1pr1,0.25263208,0.14102564102564102,Pericytes,Pericytes,0.3493042,0.0
Adam10,Adam10,0.5144967,0.33004926108374383,Tspan17,Tspan17,0.18403491,0.20699015948422125,OPCs,Neurons,0.3492658,0.03
Nrxn2,Nrxn2,0.2032566,0.13144329896907217,Nlgn1,Nlgn1,0.49520501,0.1522633744855967,Astrocytes,Microglia,0.34923083,1.0
Nlgn1,Nlgn1,0.49520501,0.1522633744855967,Nrxn2,Nrxn2,0.2032566,0.13144329896907217,Microglia,Astrocytes,0.34923083,1.0
Rims2,Rims2,0.3555113,0.16025641025641027,Abca1,Abca1,0.34294063,0.22660098522167488,Pericytes,OPCs,0.34922597,0.95
Calr,Calr,0.28845719,0.15721649484536082,Itgav,Itgav,0.40935338,0.25773195876288657,Astrocytes,Astrocytes,0.34890527,0.22
Gnai2,Gnai2,0.4459763,0.22435897435897437,Oprm1,Oprm1,0.2517955,0.25110281642348153,Pericytes,Neurons,0.3488859,0.0
Ntrk3,Ntrk3,0.46953338,0.21794871794871795,Ptprs,Ptprs,0.22819644,0.12074042911232646,Pericytes,Oligodendrocytes,0.3488649,1.0
Fgf12,Fgf12,0.33354598,0.13168724279835392,Fgfr1,Fgfr1,0.3637709,0.3712249745503902,Microglia,Neurons,0.34865844,1.0
Gnai2,Gnai2,0.15861359,0.16762809636918902,Igf1r,Igf1r,0.5384345,0.27036881222829895,Neurons,Oligodendrocytes,0.34852403,1.0
Adam9,Adam9,0.20066395,0.11522633744855967,Itgb1,Itgb1,0.49624488,0.3251231527093596,Microglia,OPCs,0.34845442,0.0
Adam10,Adam10,0.5144967,0.33004926108374383,Tspan14,Tspan14,0.18239029,0.10545505539195064,OPCs,Oligodendrocytes,0.34844348,0.1
Gnai2,Gnai2,0.4459763,0.22435897435897437,Egfr,Egfr,0.25086373,0.1282051282051282,Pericytes,Pericytes,0.34842002,0.0
Tgfb1,Tgfb1,0.48064888,0.23868312757201646,Tgfbr3,Tgfbr3,0.21602012,0.10344827586206896,Microglia,OPCs,0.3483345,0.0
Sema3c,Sema3c,0.26010638,0.10256410256410256,Nrp1,Nrp1_Plxna2,0.436427,0.35595520868680014,Pericytes,Neurons,0.3482667,0.0
Sema3c,Sema3c,0.26010638,0.10256410256410256,Nrp1,Nrp1_Plxna4,0.436427,0.35595520868680014,Pericytes,Neurons,0.3482667,0.0
Tgfb1,Tgfb1,0.48064888,0.23868312757201646,Itgb1,Itgb1,0.2157086,0.13402061855670103,Microglia,Astrocytes,0.34817874,0.0
Itgav,Itgav,0.40935338,0.25773195876288657,Thy1,Thy1,0.28624305,0.11176553078109662,Astrocytes,Oligodendrocytes,0.34779823,0.82
Fstl5,Fstl5,0.39217594,0.2512315270935961,Chl1,Chl1,0.30339235,0.14743589743589744,OPCs,Pericytes,0.34778416,0.44
Gnai2,Gnai2,0.15861359,0.16762809636918902,Adcy9,Adcy9,0.5369343,0.28846153846153844,Neurons,Pericytes,0.34777397,0.0
Ptn,Ptn,0.41468883,0.34170342721411606,Ptprs,Ptprs,0.2808447,0.17307692307692307,Neurons,Pericytes,0.34776676,1.0
Lama4,Lama4,0.47730374,0.30049261083743845,Itgb8,Itgav_Itgb8,0.21812287,0.1282051282051282,OPCs,Pericytes,0.3477133,0.0
Agrn,Agrn,0.37276822,0.20512820512820512,Dag1,Dag1,0.322574,0.19845360824742267,Pericytes,Astrocytes,0.3476711,0.0
Fgf1,Fgf1,0.1992148,0.1110643668489693,Fgfr2,Fgfr2,0.49607632,0.25925925925925924,Oligodendrocytes,Microglia,0.34764555,1.0
Mdk,Mdk,0.281712,0.18719211822660098,Alk,Alk,0.4133415,0.3189684424838819,OPCs,Neurons,0.34752673,0.0
Adam10,Adam10,0.5144967,0.33004926108374383,Tspan12,Tspan12,0.17863977,0.1211340206185567,OPCs,Astrocytes,0.34656823,0.0
Arf1,Arf1,0.21610665,0.10138830458561211,Insr,Insr,0.47692755,0.24279835390946503,Oligodendrocytes,Microglia,0.3465171,0.04
Lama4,Lama4,0.47730374,0.30049261083743845,Itgb1,Itga6_Itgb1,0.2157086,0.13402061855670103,OPCs,Astrocytes,0.34650618,0.0
Lrpap1,Lrpap1,0.39003626,0.2561576354679803,Ldlr,Ldlr,0.3027977,0.2019704433497537,OPCs,OPCs,0.34641698,0.0
Ptn,Ptn,0.41468883,0.34170342721411606,Sdc2,Sdc2,0.27804708,0.27994570749915165,Neurons,Neurons,0.34636796,1.0
Gnai2,Gnai2,0.5479544,0.2757201646090535,Ptpru,Ptpru,0.14475183,0.1798439090600611,Microglia,Neurons,0.3463531,0.0
Efnb2,Efnb2,0.10097656,0.12690872073294876,Ephb1,Ephb1,0.5915831,0.27990464170523066,Neurons,Oligodendrocytes,0.3462798,0.0
Cxcl12,Cxcl12,0.28304973,0.1346153846153846,Itgav,Itgav,0.40935338,0.25773195876288657,Pericytes,Astrocytes,0.34620154,0.0
Agrn,Agrn,0.47645134,0.3054187192118227,Itgb1,Itgb1,0.2157086,0.13402061855670103,OPCs,Astrocytes,0.34607998,0.0
Mif,Mif,0.27069744,0.1522633744855967,Ackr3,Ackr3,0.42096877,0.1858974358974359,Microglia,Pericytes,0.34583312,0.02
App,App,0.46430153,0.24742268041237114,Gpc1,Gpc1,0.22717841,0.2653545978961656,Astrocytes,Neurons,0.34573996,1.0
Col4a5,Col4a5,0.20917055,0.12628865979381443,Cd47,Cd47,0.48206145,0.32019704433497537,Astrocytes,OPCs,0.34561598,0.0
Adam9,Adam9,0.2818639,0.2019704433497537,Itgav,Itgav,0.40935338,0.25773195876288657,OPCs,Astrocytes,0.34560865,0.0
Sema6a,Sema6a,0.30931082,0.28978622327790976,Plxna2,Plxna2,0.38133705,0.23645320197044334,Neurons,OPCs,0.34532392,0.11
Adam10,Adam10,0.4420664,0.26804123711340205,Tspan5,Tspan5,0.24836858,0.13991769547325103,Astrocytes,Microglia,0.3452175,1.0
H2-K1,H2-K1,0.43010274,0.1987179487179487,Aplp2,Aplp2,0.26024443,0.14814814814814814,Pericytes,Microglia,0.3451736,0.57
Lrpap1,Lrpap1,0.30817145,0.16666666666666666,Lrp8,Lrp8,0.38208684,0.41839158466236853,Pericytes,Neurons,0.34512913,0.0
Adam10,Adam10,0.5144967,0.33004926108374383,Tspan12,Tspan12,0.17574395,0.11330049261083744,OPCs,OPCs,0.3451203,0.0
Mdk,Mdk,0.44691485,0.2654639175257732,Ncl,Ncl,0.24299379,0.14690721649484537,Astrocytes,Astrocytes,0.3449543,0.0
Col4a2,Col4a2,0.29112208,0.14743589743589744,Itgb5,Itgb5,0.3980638,0.1987179487179487,Pericytes,Pericytes,0.34459293,0.0
Arf1,Arf1,0.24052234,0.13580246913580246,Insr,Insr,0.44850606,0.45978961655921274,Microglia,Neurons,0.3445142,0.04
Inha,Inha,0.18991622,0.24363759755683745,Acvr1,Acvr1,0.49898162,0.25102880658436216,Neurons,Microglia,0.34444892,0.0
Efnb3,Efnb3,0.48290431,0.25045575655588276,Ephb2,Ephb2,0.20598254,0.14285714285714285,Oligodendrocytes,OPCs,0.34444344,0.0
Ntrk3,Ntrk3,0.46953338,0.21794871794871795,Ptprf,Ptprf,0.21931775,0.12371134020618557,Pericytes,Astrocytes,0.34442556,0.34
Slitrk1,Slitrk1,0.31049326,0.22167487684729065,Enpep,Enpep,0.37814146,0.19230769230769232,OPCs,Pericytes,0.34431738,0.0
Il1rapl1,Il1rapl1,0.4603168,0.1794871794871795,Ptprs,Ptprs,0.22819644,0.12074042911232646,Pericytes,Oligodendrocytes,0.34425664,1.0
Jam2,Jam2,0.30460286,0.17307692307692307,Itgav,Itgav_Itgb1,0.38362354,0.21794871794871795,Pericytes,Pericytes,0.3441132,0.0
Cx3cl1,Cx3cl1,0.34526426,0.3661350525958602,Itgav,Itgav,0.34272376,0.1841256485766372,Neurons,Oligodendrocytes,0.34399402,0.0
Ptn,Ptn,0.41468883,0.34170342721411606,Ncl,Ncl,0.273288,0.2734984730234136,Neurons,Neurons,0.34398842,1.0
Fgf1,Fgf1,0.1916877,0.10256410256410256,Fgfr2,Fgfr2,0.49607632,0.25925925925925924,Pericytes,Microglia,0.34388202,1.0
Fstl5,Fstl5,0.39217594,0.2512315270935961,Sdk2,Sdk2,0.29546893,0.18814432989690721,OPCs,Astrocytes,0.34382242,0.0
Agrn,Agrn,0.35898203,0.21649484536082475,Itgb1,Itgb1,0.3285385,0.35900916185951814,Astrocytes,Neurons,0.34376025,0.0
Fbn1,Fbn1,0.1437205,0.17780794027824906,Itgb1,Itgb1,0.5436856,0.27564102564102566,Neurons,Pericytes,0.34370306,0.0
Adam17,Adam17,0.14369662,0.1866304716661011,Itgb1,Itgb1,0.5436856,0.27564102564102566,Neurons,Pericytes,0.3436911,0.0
Ntn1,Ntn1,0.41347387,0.20512820512820512,Mcam,Mcam,0.27384752,0.1346153846153846,Pericytes,Pericytes,0.3436607,0.0
Fn1,Fn1,0.27777004,0.1346153846153846,Itgav,Itgav_Itgb8,0.40935338,0.25773195876288657,Pericytes,Astrocytes,0.3435617,0.0
Fam3c,Fam3c,0.2767852,0.2019704433497537,Lifr,Lifr,0.41033387,0.205761316872428,OPCs,Microglia,0.34355953,0.0
Pam,Pam,0.41306034,0.20656289440471182,Fap,Fap,0.27397412,0.1282051282051282,Oligodendrocytes,Pericytes,0.34351724,0.0
Agrn,Agrn,0.19063604,0.11583228158743514,Itgb1,Itgb1,0.49624488,0.3251231527093596,Oligodendrocytes,OPCs,0.34344047,0.0
Col4a5,Col4a5,0.20917055,0.12628865979381443,Itgb8,Itgav_Itgb8,0.47756553,0.31527093596059114,Astrocytes,OPCs,0.34336805,0.0
Col9a3,Col9a3,0.27732503,0.2019704433497537,Itgav,Itgav_Itgb8,0.40935338,0.25773195876288657,OPCs,Astrocytes,0.3433392,0.0
Nid1,Nid1,0.5761931,0.27564102564102566,Itga3,Itga3,0.10994522,0.14183915846623685,Pericytes,Neurons,0.34306917,0.0
Mdk,Mdk,0.44691485,0.2654639175257732,Sorl1,Sorl1,0.23915981,0.13209928481278924,Astrocytes,Oligodendrocytes,0.34303734,0.0
Hras,Hras,0.20868927,0.1995249406175772,Insr,Insr,0.47692755,0.24279835390946503,Neurons,Microglia,0.34280843,0.0
Sparc,Sparc,0.49397203,0.19772822885990746,Fgfr1,Fgfr1,0.19155976,0.13793103448275862,Oligodendrocytes,OPCs,0.3427659,0.27
Sema3e,Sema3e,0.2488546,0.19477434679334918,Nrp1,Nrp1,0.436427,0.35595520868680014,Neurons,Neurons,0.34264082,0.0
Agrn,Agrn,0.47645134,0.3054187192118227,Lrp4,Lrp4,0.2088158,0.13402061855670103,OPCs,Astrocytes,0.34263358,0.0
Agrn,Agrn,0.19063604,0.11583228158743514,Atp1a3,Atp1a3,0.4941892,0.18300378628523348,Oligodendrocytes,Oligodendrocytes,0.34241262,1.0
Mdk,Mdk,0.44691485,0.2654639175257732,Ncl,Ncl,0.2377526,0.11555181601458421,Astrocytes,Oligodendrocytes,0.34233373,0.0
Gnai2,Gnai2,0.5479544,0.2757201646090535,Adora1,Adora1,0.13666838,0.1503223617237869,Microglia,Neurons,0.34231138,0.0
Mdk,Mdk,0.281712,0.18719211822660098,Notch2,Notch2,0.4022878,0.1794871794871795,OPCs,Pericytes,0.3419999,0.0
Col4a5,Col4a5,0.20917055,0.12628865979381443,Itga9,Itga9_Itgb1,0.47447187,0.22633744855967078,Astrocytes,Microglia,0.3418212,0.0
Spp1,Spp1,0.20911169,0.11367492365117068,Itga9,Itga9_Itgb1,0.47447187,0.22633744855967078,Neurons,Microglia,0.34179178,0.0
App,App,0.46430153,0.24742268041237114,Aplp1,Aplp1,0.21927953,0.12179487179487179,Astrocytes,Pericytes,0.34179053,1.0
App,App,0.46430153,0.24742268041237114,Vldlr,Vldlr,0.21881776,0.15763546798029557,Astrocytes,OPCs,0.34155965,1.0
Jam2,Jam2,0.29935274,0.15637860082304528,Itgav,Itgav_Itgb1,0.38362354,0.21794871794871795,Microglia,Pericytes,0.34148812,0.0
Col1a2,Col1a2,0.18667647,0.11855670103092783,Itgb1,Itga9_Itgb1,0.49624488,0.3251231527093596,Astrocytes,OPCs,0.34146068,0.0
Calr,Calr,0.29898164,0.15355490113588557,Itgav,Itgav,0.38362354,0.21794871794871795,Oligodendrocytes,Pericytes,0.34130257,0.35
Lrpap1,Lrpap1,0.30817145,0.16666666666666666,Sort1,Sort1,0.374237,0.39531727180183235,Pericytes,Neurons,0.34120423,0.27
S100a1,S100a1,0.30949044,0.22167487684729065,Trpm3,Trpm3,0.37290546,0.12345679012345678,OPCs,Microglia,0.34119797,1.0
Spon1,Spon1,0.21781026,0.11538461538461539,App,App,0.46430153,0.24742268041237114,Pericytes,Astrocytes,0.3410559,1.0
Col4a3,Col4a3,0.29537937,0.1346153846153846,Cd47,Cd47,0.3864545,0.19753086419753085,Pericytes,Microglia,0.34091693,0.0
Timp3,Timp3,0.19751117,0.2307431286053614,Ddr1,Ddr1,0.48428917,0.2549432057214977,Neurons,Oligodendrocytes,0.34090018,0.0
Agrn,Agrn,0.35898203,0.21649484536082475,Dag1,Dag1,0.322574,0.19845360824742267,Astrocytes,Astrocytes,0.340778,0.0
Efna5,Efna5,0.20953123,0.11538461538461539,Epha4,Epha4,0.4713446,0.2757731958762887,Pericytes,Astrocytes,0.34043792,0.0
Spp1,Spp1,0.29703212,0.1282051282051282,Itgav,Itgav_Itgb5,0.38362354,0.21794871794871795,Pericytes,Pericytes,0.34032783,0.0
Spp1,Spp1,0.29703212,0.1282051282051282,Itgav,Itgav_Itgb1,0.38362354,0.21794871794871795,Pericytes,Pericytes,0.34032783,0.0
Slit3,Slit3,0.29034072,0.2147947064811673,Robo2,Robo2,0.38992465,0.17307692307692307,Neurons,Pericytes,0.34013268,0.57
Gnai2,Gnai2,0.4459763,0.22435897435897437,Cav1,Cav1,0.2342012,0.1625615763546798,Pericytes,OPCs,0.34008873,0.0
Il18,Il18,0.30750948,0.17010236993409059,Il1rl2,Il1rl2,0.372553,0.18930041152263374,Oligodendrocytes,Microglia,0.34003124,0.0
Adam9,Adam9,0.2818639,0.2019704433497537,Itgb5,Itgb5,0.3980638,0.1987179487179487,OPCs,Pericytes,0.33996385,0.0
H2-K1,H2-K1,0.3251456,0.21674876847290642,Aplp2,Aplp2,0.3547327,0.20876288659793815,OPCs,Astrocytes,0.33993915,0.55
Fstl1,Fstl1,0.47259486,0.27319587628865977,Dip2a,Dip2a,0.20717306,0.13917525773195877,Astrocytes,Astrocytes,0.33988395,0.58
Slitrk1,Slitrk1,0.31049326,0.22167487684729065,Ptprs,Ptprs,0.36926973,0.205761316872428,OPCs,Microglia,0.33988148,0.06
S100a1,S100a1,0.3314178,0.17783505154639176,Trpm3,Trpm3,0.3482403,0.11583228158743514,Astrocytes,Oligodendrocytes,0.33982903,1.0
Il1rapl1,Il1rapl1,0.4603168,0.1794871794871795,Ptprf,Ptprf,0.21931775,0.12371134020618557,Pericytes,Astrocytes,0.3398173,1.0
Efnb3,Efnb3,0.48290431,0.25045575655588276,Ephb1,Ephb1,0.19656153,0.13793103448275862,Oligodendrocytes,OPCs,0.33973292,1.0
Vegfc,Vegfc,0.105157435,0.11706820495419071,Itgb1,Itgb1,0.57398784,0.2962962962962963,Neurons,Microglia,0.33957264,0.0
Timp3,Timp3,0.3947861,0.2413793103448276,Ddr1,Ddr1,0.2843454,0.2019704433497537,OPCs,OPCs,0.33956575,0.02
Lrpap1,Lrpap1,0.40680873,0.4065151001017984,Vldlr,Vldlr,0.27211878,0.15453653064086384,Neurons,Oligodendrocytes,0.33946377,0.0
Vegfa,Vegfa,0.2038304,0.11538461538461539,Itga9,Itga9,0.47447187,0.22633744855967078,Pericytes,Microglia,0.33915114,0.0
Lgi1,Lgi1,0.38201192,0.15384615384615385,Adam22,Adam22,0.29622468,0.17783505154639176,Pericytes,Astrocytes,0.3391183,1.0
Cntn2,Cntn2,0.20282064,0.25212080081438754,Cntn1,Cntn1,0.47541264,0.1987179487179487,Neurons,Pericytes,0.33911663,1.0
Col11a1,Col11a1,0.5000702,0.3545978961655921,Ddr1,Ddr1,0.17787628,0.21445537835086528,Neurons,Neurons,0.33897325,0.0
Adam15,Adam15,0.294315,0.1522633744855967,Itgav,Itgav,0.38362354,0.21794871794871795,Microglia,Pericytes,0.3389693,0.0
Sema3e,Sema3e,0.3875986,0.24630541871921183,Nrp2,Nrp2,0.29024595,0.1921182266009852,OPCs,OPCs,0.33892226,0.0
Slitrk3,Slitrk3,0.13457356,0.17577197149643706,Ptprs,Ptprs,0.5431201,0.327319587628866,Neurons,Astrocytes,0.33884683,0.0
Gnai2,Gnai2,0.20350024,0.10531482260552517,Adcy9,Adcy9,0.47359568,0.24279835390946503,Oligodendrocytes,Microglia,0.33854795,0.0
Agrn,Agrn,0.37276822,0.20512820512820512,Atp1a3,Atp1a3,0.30425093,0.1211340206185567,Pericytes,Astrocytes,0.33850956,1.0
Col11a1,Col11a1,0.5000702,0.3545978961655921,Ddr1,Ddr1,0.17666206,0.10897435897435898,Neurons,Pericytes,0.33836615,0.04
App,App,0.46430153,0.24742268041237114,Aplp1,Aplp1,0.2123382,0.11522633744855967,Astrocytes,Microglia,0.33831987,1.0
App,App,0.46430153,0.24742268041237114,Ncstn,Ncstn,0.2121596,0.10699588477366255,Astrocytes,Microglia,0.33823055,1.0
Adam10,Adam10,0.4714337,0.2507362221287337,Tspan15,Tspan15,0.20481992,0.1189174028887954,Oligodendrocytes,Oligodendrocytes,0.3381268,0.0
Sema6a,Sema6a,0.50824755,0.3399014778325123,Plxna2,Plxna2,0.16787708,0.10051546391752578,OPCs,Astrocytes,0.33806232,0.28
Arf1,Arf1,0.30964208,0.2979300984051578,Insr,Insr,0.36641166,0.23195876288659795,Neurons,Astrocytes,0.33802688,0.03
Adam15,Adam15,0.17953819,0.2130980658296573,Itgb1,Itgb1,0.49624488,0.3251231527093596,Neurons,OPCs,0.33789152,0.0
Lamc1,Lamc1,0.17943668,0.22225992534781133,Itgb1,Itga9_Itgb1,0.49624488,0.3251231527093596,Neurons,OPCs,0.3378408,0.0
Vegfa,Vegfa,0.4938224,0.2955665024630542,Tyro3,Tyro3,0.18154852,0.1047538914598233,OPCs,Oligodendrocytes,0.33768547,0.0
Lgi1,Lgi1,0.38201192,0.15384615384615385,Adam23,Adam23,0.29300362,0.14794558967886692,Pericytes,Oligodendrocytes,0.33750778,0.98
Fstl1,Fstl1,0.44417623,0.21794871794871795,Dip2a,Dip2a,0.23044677,0.16748768472906403,Pericytes,OPCs,0.3373115,0.54
Apoe,Apoe,0.33165058,0.2297251442144554,Abca1,Abca1,0.34294063,0.22660098522167488,Neurons,OPCs,0.3372956,1.0
Lamc1,Lamc1,0.564364,0.35467980295566504,Itga3,Itga3_Itgb1,0.10994522,0.14183915846623685,OPCs,Neurons,0.33715463,0.0
Ybx1,Ybx1,0.32880175,0.21182266009852216,Notch1,Notch1,0.34546015,0.19230769230769232,OPCs,Pericytes,0.33713096,0.0
Dcn,Dcn,0.4233524,0.16666666666666666,Egfr,Egfr,0.25086373,0.1282051282051282,Pericytes,Pericytes,0.33710808,0.0
Lama4,Lama4,0.47730374,0.30049261083743845,Dag1,Dag1,0.19690774,0.1111111111111111,OPCs,Microglia,0.33710575,0.0
Lrpap1,Lrpap1,0.30817145,0.16666666666666666,Sort1,Sort1,0.3659152,0.20164609053497942,Pericytes,Microglia,0.33704334,0.32
Fgf9,Fgf9,0.1779892,0.21174075330844927,Fgfr2,Fgfr2,0.49607632,0.25925925925925924,Neurons,Microglia,0.33703277,1.0
Ybx1,Ybx1,0.32880175,0.21182266009852216,Notch1,Notch1,0.34465346,0.22422680412371135,OPCs,Astrocytes,0.33672762,0.0
Serpine2,Serpine2,0.13249534,0.12690872073294876,Lrp1,Lrp1,0.54086536,0.5218866644044792,Neurons,Neurons,0.33668035,0.0
Agrn,Agrn,0.47645134,0.3054187192118227,Dag1,Dag1,0.19690774,0.1111111111111111,OPCs,Microglia,0.33667955,0.0
Bmp6,Bmp6,0.32163987,0.1282051282051282,Bmpr1a,Bmpr1a_Bmpr2,0.35141397,0.20164609053497942,Pericytes,Microglia,0.33652693,0.0
Calr,Calr,0.28845719,0.15721649484536082,Itgav,Itgav,0.38362354,0.21794871794871795,Astrocytes,Pericytes,0.33604038,0.41
Tgfb1,Tgfb1,0.48064888,0.23868312757201646,Acvr1,Acvr1_Tgfbr1_Tgfbr2,0.19138534,0.1282051282051282,Microglia,Pericytes,0.3360171,0.0
Tgfb1,Tgfb1,0.48064888,0.23868312757201646,Acvr1,Acvr1_Tgfbr2,0.19138534,0.1282051282051282,Microglia,Pericytes,0.3360171,0.0
Ptn,Ptn,0.41468883,0.34170342721411606,Plxnb2,Plxnb2,0.2572412,0.13580246913580246,Neurons,Microglia,0.335965,1.0
Sema5a,Sema5a,0.37790006,0.2891075670173057,Plxnb3,Plxnb3,0.29366615,0.16238956668068993,Neurons,Oligodendrocytes,0.33578312,0.0
Sdc2,Sdc2,0.4266089,0.2660098522167488,Ptprj,Ptprj,0.24472839,0.14743589743589744,OPCs,Pericytes,0.33566862,0.0
Vegfa,Vegfa,0.4938224,0.2955665024630542,Sirpa,Sirpa,0.17701435,0.1330049261083744,OPCs,OPCs,0.33541837,0.0
Hsp90b1,Hsp90b1,0.4576861,0.2564102564102564,Tlr4,Tlr4,0.21267976,0.10699588477366255,Pericytes,Microglia,0.33518293,0.0
Adam10,Adam10,0.5144967,0.33004926108374383,Tspan12,Tspan12,0.15573081,0.18425517475398712,OPCs,Neurons,0.33511376,0.01
Apoe,Apoe,0.33165058,0.2297251442144554,Lrp5,Lrp5,0.3384705,0.1728395061728395,Neurons,Microglia,0.33506054,1.0
Bmp5,Bmp5,0.4271026,0.19230769230769232,Bmpr1b,Bmpr1b_Bmpr2,0.24296553,0.12179487179487179,Pericytes,Pericytes,0.33503407,0.0
Agrn,Agrn,0.4311766,0.4530030539531727,Atp1a3,Atp1a3,0.23883086,0.11522633744855967,Neurons,Microglia,0.33500373,1.0
Itgav,Itgav,0.38362354,0.21794871794871795,Thy1,Thy1,0.28624305,0.11176553078109662,Pericytes,Oligodendrocytes,0.33493328,0.8
Lama4,Lama4,0.47730374,0.30049261083743845,Itga6,Itga6_Itgb1,0.19249217,0.10897435897435898,OPCs,Pericytes,0.33489797,0.0
Alcam,Alcam,0.40804878,0.2016547468798205,Nrp1,Nrp1,0.2617305,0.17525773195876287,Oligodendrocytes,Astrocytes,0.33488965,1.0
Col4a5,Col4a5,0.33988053,0.16025641025641027,Cd47,Cd47,0.32969865,0.1771140092553639,Pericytes,Oligodendrocytes,0.33478957,0.0
Col4a1,Col4a1,0.2601021,0.1346153846153846,Itgav,Itgav_Itgb8,0.40935338,0.25773195876288657,Pericytes,Astrocytes,0.33472773,0.0
App,App,0.46430153,0.24742268041237114,Tspan15,Tspan15,0.20481992,0.1189174028887954,Astrocytes,Oligodendrocytes,0.33456072,1.0
H2-K1,H2-K1,0.31424373,0.19329896907216496,Aplp2,Aplp2,0.3547327,0.20876288659793815,Astrocytes,Astrocytes,0.3344882,0.67
Ybx1,Ybx1,0.2990358,0.34136409908381404,Notch1,Notch1,0.36985317,0.2512315270935961,Neurons,OPCs,0.33444446,0.0
Bmp5,Bmp5,0.4271026,0.19230769230769232,Bmpr1a,Bmpr1a_Bmpr2,0.24159843,0.14275697658112466,Pericytes,Oligodendrocytes,0.33435053,0.0
Penk,Penk,0.4568181,0.26060400407193757,Oprm1,Oprm1,0.21174094,0.11934156378600823,Neurons,Microglia,0.33427954,0.0
Lrpap1,Lrpap1,0.2861818,0.17525773195876287,Lrp8,Lrp8,0.38208684,0.41839158466236853,Astrocytes,Neurons,0.33413434,0.0
App,App,0.46430153,0.24742268041237114,Tnfrsf21,Tnfrsf21,0.20380789,0.15270935960591134,Astrocytes,OPCs,0.3340547,1.0
Gnai2,Gnai2,0.2388187,0.13402061855670103,Ednra,Ednra,0.4291351,0.19230769230769232,Astrocytes,Pericytes,0.33397692,0.0
Cthrc1,Cthrc1,0.45867833,0.30049261083743845,Fzd3,Fzd3,0.20917934,0.12886597938144329,OPCs,Astrocytes,0.33392882,0.0
Jam2,Jam2,0.55770284,0.3247422680412371,Itga3,Itga3_Itgb1,0.10994522,0.14183915846623685,Astrocytes,Neurons,0.33382404,0.0
Mdk,Mdk,0.281712,0.18719211822660098,Ptprz1,Ptprz1,0.38583654,0.16025641025641027,OPCs,Pericytes,0.33377427,0.0
Bmp5,Bmp5,0.4271026,0.19230769230769232,Acvr1,Acvr1_Bmpr2,0.24030326,0.15721649484536082,Pericytes,Astrocytes,0.33370292,0.0
Alcam,Alcam,0.40804878,0.2016547468798205,Chl1,Chl1,0.25932926,0.15763546798029557,Oligodendrocytes,OPCs,0.33368903,1.0
Vegfa,Vegfa,0.17069003,0.2130980658296573,Itgb1,Itgb1,0.49624488,0.3251231527093596,Neurons,OPCs,0.33346745,0.0
Il18,Il18,0.30750948,0.17010236993409059,Il1rapl1,Il1rapl1,0.35937026,0.13168724279835392,Oligodendrocytes,Microglia,0.3334399,1.0
Olfm2,Olfm2,0.42664272,0.40821174075330846,Robo2,Robo2,0.2402362,0.102880658436214,Neurons,Microglia,0.33343947,0.98
Cxcl12,Cxcl12,0.28304973,0.1346153846153846,Itgav,Itgav,0.38362354,0.21794871794871795,Pericytes,Pericytes,0.33333665,0.0
Gpi1,Gpi1,0.44229388,0.2603092783505155,Amfr,Amfr,0.22427371,0.15206185567010308,Astrocytes,Astrocytes,0.33328378,0.01
Gnai2,Gnai2,0.2388187,0.13402061855670103,Adcy9,Adcy9,0.42773306,0.29064039408866993,Astrocytes,OPCs,0.33327588,0.0
Megf10,Megf10,0.45242482,0.2357313139812088,Abca1,Abca1,0.21408409,0.1346153846153846,Oligodendrocytes,Pericytes,0.33325446,0.0
Adam10,Adam10,0.46146008,0.46182558534102475,Tspan15,Tspan15,0.20481992,0.1189174028887954,Neurons,Oligodendrocytes,0.33314002,0.0
Gas6,Gas6,0.1374098,0.10344827586206896,Mertk,Mertk,0.52864075,0.3448275862068966,OPCs,OPCs,0.33302528,0.0
Adam9,Adam9,0.2818639,0.2019704433497537,Itgav,Itgav,0.38362354,0.21794871794871795,OPCs,Pericytes,0.3327437,0.0
Timp2,Timp2,0.4497188,0.4160162877502545,Itgb1,Itgb1,0.2157086,0.13402061855670103,Neurons,Astrocytes,0.3327137,0.0
Lgi1,Lgi1,0.23187202,0.1625615763546798,Adam22,Adam22,0.43355224,0.22717711400925536,OPCs,Oligodendrocytes,0.3327121,1.0
Fam3c,Fam3c,0.16299295,0.1815405497115711,Lifr,Lifr,0.5021491,0.3118556701030928,Neurons,Astrocytes,0.33257103,0.0
Gnai2,Gnai2,0.20350024,0.10531482260552517,Igf1r,Igf1r,0.46152952,0.2345679012345679,Oligodendrocytes,Microglia,0.33251488,1.0
Bmp5,Bmp5,0.4271026,0.19230769230769232,Acvr2a,Acvr2a_Bmpr1b,0.23773637,0.1282051282051282,Pericytes,Pericytes,0.33241948,0.0
Bmp5,Bmp5,0.4271026,0.19230769230769232,Acvr2a,Acvr2a_Bmpr1a,0.23773637,0.1282051282051282,Pericytes,Pericytes,0.33241948,0.0
Col26a1,Col26a1,0.12113083,0.14557176789955886,Itgb1,Itga1_Itgb1,0.5436856,0.27564102564102566,Neurons,Pericytes,0.33240822,0.0
Mdk,Mdk,0.281712,0.18719211822660098,Notch2,Notch2,0.38308427,0.2345360824742268,OPCs,Astrocytes,0.33239812,0.0
Arf1,Arf1,0.21610665,0.10138830458561211,Insr,Insr,0.44850606,0.45978961655921274,Oligodendrocytes,Neurons,0.33230636,0.0
Tgfb2,Tgfb2,0.1654376,0.10309278350515463,Acvr1,Acvr1_Tgfbr2,0.49898162,0.25102880658436216,Astrocytes,Microglia,0.33220962,0.0
Tgfb2,Tgfb2,0.1654376,0.10309278350515463,Acvr1,Acvr1_Tgfbr1_Tgfbr2,0.49898162,0.25102880658436216,Astrocytes,Microglia,0.33220962,0.0
Lrrc4b,Lrrc4b,0.4928386,0.33004926108374383,Ptprf,Ptprf,0.17144528,0.10363202916841957,OPCs,Oligodendrocytes,0.33214194,0.0
Fstl5,Fstl5,0.39217594,0.2512315270935961,Sdk2,Sdk2,0.27209166,0.2690872073294876,OPCs,Neurons,0.3321338,0.0
Col1a2,Col1a2,0.18667647,0.11855670103092783,Itgb8,Itgav_Itgb8,0.47756553,0.31527093596059114,Astrocytes,OPCs,0.332121,0.0
Nlgn3,Nlgn3,0.4127724,0.2857142857142857,Nrxn2,Nrxn2,0.25109345,0.14743589743589744,OPCs,Pericytes,0.3319329,0.01
Nrxn2,Nrxn2,0.25109345,0.14743589743589744,Nlgn3,Nlgn3,0.4127724,0.2857142857142857,Pericytes,OPCs,0.3319329,0.01
Lin7c,Lin7c,0.16132958,0.10051546391752578,Abca1,Abca1,0.5024027,0.2345679012345679,Astrocytes,Microglia,0.33186615,0.0
Agrn,Agrn,0.35898203,0.21649484536082475,Atp1a3,Atp1a3,0.30425093,0.1211340206185567,Astrocytes,Astrocytes,0.33161646,1.0
Sema4a,Sema4a,0.22668926,0.14948453608247422,Nrp1,Nrp1_Plxna4,0.436427,0.35595520868680014,Astrocytes,Neurons,0.33155814,0.0
Sema4a,Sema4a,0.22668926,0.14948453608247422,Nrp1,Nrp1_Plxna2,0.436427,0.35595520868680014,Astrocytes,Neurons,0.33155814,0.0
Mdk,Mdk,0.44691485,0.2654639175257732,Itgb1,Itga6_Itgb1,0.2157086,0.13402061855670103,Astrocytes,Astrocytes,0.33131173,0.0
Fgf14,Fgf14,0.47067472,0.15637860082304528,Fgfr1,Fgfr1,0.19155976,0.13793103448275862,Microglia,OPCs,0.33111724,1.0
Lrpap1,Lrpap1,0.39003626,0.2561576354679803,Vldlr,Vldlr,0.27211878,0.15453653064086384,OPCs,Oligodendrocytes,0.33107752,0.0
Bgn,Bgn,0.44945446,0.22435897435897437,Tlr4,Tlr4,0.21267976,0.10699588477366255,Pericytes,Microglia,0.33106712,0.0
Adam10,Adam10,0.4714337,0.2507362221287337,Epha3,Epha3,0.19057654,0.10256410256410256,Oligodendrocytes,Pericytes,0.33100513,0.04
Lama2,Lama2,0.25226915,0.12326461926798485,Itgav,Itgav_Itgb8,0.40935338,0.25773195876288657,Oligodendrocytes,Astrocytes,0.33081126,0.0
Fn1,Fn1,0.27777004,0.1346153846153846,Itgav,Itgav_Itgb1,0.38362354,0.21794871794871795,Pericytes,Pericytes,0.3306968,0.0
Bcan,Bcan,0.28196418,0.14102564102564102,Nrcam,Nrcam,0.37932366,0.16025641025641027,Pericytes,Pericytes,0.33064392,0.63
Ybx1,Ybx1,0.2913199,0.16872427983539096,Notch1,Notch1,0.36985317,0.2512315270935961,Microglia,OPCs,0.33058655,0.0
Col1a2,Col1a2,0.18667647,0.11855670103092783,Itga9,Itga9_Itgb1,0.47447187,0.22633744855967078,Astrocytes,Microglia,0.33057415,0.0
Bmp7,Bmp7,0.1620248,0.11330049261083744,Acvr1,Acvr1_Bmpr2,0.49898162,0.25102880658436216,OPCs,Microglia,0.33050323,0.0
Lrpap1,Lrpap1,0.2861818,0.17525773195876287,Sort1,Sort1,0.374237,0.39531727180183235,Astrocytes,Neurons,0.3302094,0.43
Psen1,Psen1,0.25804967,0.1440329218106996,Notch2,Notch2,0.4022878,0.1794871794871795,Microglia,Pericytes,0.33016872,0.0
Lama2,Lama2,0.25226915,0.12326461926798485,Dag1,Dag1,0.40804067,0.270935960591133,Oligodendrocytes,OPCs,0.3301549,0.0
Mdk,Mdk,0.44691485,0.2654639175257732,Sdc3,Sdc3,0.21290232,0.13144329896907217,Astrocytes,Astrocytes,0.32990858,0.0
Gnai2,Gnai2,0.2388187,0.13402061855670103,Adcy7,Adcy7,0.42093673,0.20164609053497942,Astrocytes,Microglia,0.32987773,0.0
Rtn4,Rtn4,0.5346433,0.27564102564102566,Rtn4rl1,Rtn4rl1,0.12505294,0.14387512724804885,Pericytes,Neurons,0.3298481,1.0
Lrpap1,Lrpap1,0.40680873,0.4065151001017984,Sorl1,Sorl1,0.25281036,0.13168724279835392,Neurons,Microglia,0.32980955,0.02
Agrn,Agrn,0.37276822,0.20512820512820512,Lrp4,Lrp4,0.28684035,0.1921182266009852,Pericytes,OPCs,0.3298043,0.0
Sirpa,Sirpa,0.17701435,0.1330049261083744,Cd47,Cd47,0.48206145,0.32019704433497537,OPCs,OPCs,0.3295379,0.08
Cd47,Cd47,0.48206145,0.32019704433497537,Sirpa,Sirpa,0.17701435,0.1330049261083744,OPCs,OPCs,0.3295379,0.08
Adam10,Adam10,0.454205,0.2692307692307692,Tspan15,Tspan15,0.20481992,0.1189174028887954,Pericytes,Oligodendrocytes,0.32951248,0.33
Fgf1,Fgf1,0.22252169,0.23583305055989143,Nrp1,Nrp1,0.436427,0.35595520868680014,Neurons,Neurons,0.32947433,0.0
Lamb2,Lamb2,0.24954917,0.14102564102564102,Itgav,Itgav_Itgb8,0.40935338,0.25773195876288657,Pericytes,Astrocytes,0.32945126,0.0
Sema3e,Sema3e,0.2488546,0.19477434679334918,Nrp1,Nrp1,0.40976745,0.1794871794871795,Neurons,Pericytes,0.329311,0.0
Jam3,Jam3,0.16230819,0.20291822192059722,Itgb1,Itgb1,0.49624488,0.3251231527093596,Neurons,OPCs,0.32927653,0.09
Sema3c,Sema3c,0.26010638,0.10256410256410256,Plxna2,Nrp1_Plxna2,0.3984046,0.19230769230769232,Pericytes,Pericytes,0.3292555,0.0
Jam2,Jam2,0.54854804,0.3694581280788177,Itga3,Itga3_Itgb1,0.10994522,0.14183915846623685,OPCs,Neurons,0.32924664,0.0
Bmp1,Bmp1,0.18070869,0.12628865979381443,Bmpr2,Bmpr2,0.47774634,0.27835051546391754,Astrocytes,Astrocytes,0.3292275,0.0
Lama2,Lama2,0.25226915,0.12326461926798485,Dag1,Dag1,0.4057683,0.23076923076923078,Oligodendrocytes,Pericytes,0.3290187,0.0
Vcl,Vcl,0.24446514,0.15763546798029557,Alk,Alk,0.4133415,0.3189684424838819,OPCs,Neurons,0.32890332,0.0
S100a1,S100a1,0.30949044,0.22167487684729065,Trpm3,Trpm3,0.3482403,0.11583228158743514,OPCs,Oligodendrocytes,0.32886535,1.0
Gnai2,Gnai2,0.4459763,0.22435897435897437,Oprm1,Oprm1,0.21174094,0.11934156378600823,Pericytes,Microglia,0.3288586,0.0
Ptn,Ptn,0.41468883,0.34170342721411606,Ncl,Ncl,0.24299379,0.14690721649484537,Neurons,Astrocytes,0.3288413,1.0
Lamb2,Lamb2,0.24954917,0.14102564102564102,Dag1,Dag1,0.40804067,0.270935960591133,Pericytes,OPCs,0.32879493,0.0
Actr2,Actr2,0.49268973,0.47845266372582285,Ldlr,Ldlr,0.16484001,0.18730912792670512,Neurons,Neurons,0.32876486,0.0
Hras,Hras,0.20868927,0.1995249406175772,Insr,Insr,0.44850606,0.45978961655921274,Neurons,Neurons,0.32859766,0.0
Lamc1,Lamc1,0.17943668,0.22225992534781133,Itgb8,Itgav_Itgb8,0.47756553,0.31527093596059114,Neurons,OPCs,0.3285011,0.0
Agrn,Agrn,0.37276822,0.20512820512820512,Atp1a3,Atp1a3,0.28310147,0.1282051282051282,Pericytes,Pericytes,0.32793486,1.0
Adam10,Adam10,0.4714337,0.2507362221287337,Axl,Axl,0.18438552,0.12886597938144329,Oligodendrocytes,Astrocytes,0.32790962,0.0
Bmp6,Bmp6,0.32163987,0.1282051282051282,Acvr1,Acvr1_Bmpr2,0.3339595,0.3678316932473702,Pericytes,Neurons,0.32779968,0.0
Bmp6,Bmp6,0.32163987,0.1282051282051282,Acvr1,Acvr1_Acvr2a,0.3339595,0.3678316932473702,Pericytes,Neurons,0.32779968,0.0
Adam10,Adam10,0.4714337,0.2507362221287337,Tspan17,Tspan17,0.18403491,0.20699015948422125,Oligodendrocytes,Neurons,0.3277343,0.0
Ntn1,Ntn1,0.41347387,0.20512820512820512,Dscam,Dscam,0.24190983,0.10910110783901276,Pericytes,Oligodendrocytes,0.32769185,0.39
Lamb2,Lamb2,0.24954917,0.14102564102564102,Dag1,Dag1,0.4057683,0.23076923076923078,Pericytes,Pericytes,0.32765874,0.0
Mdk,Mdk,0.281712,0.18719211822660098,Ptprz1,Ptprz1,0.37338203,0.3003053953172718,OPCs,Neurons,0.327547,0.0
Adam9,Adam9,0.15883441,0.1981676280963692,Itgb1,Itgb1,0.49624488,0.3251231527093596,Neurons,OPCs,0.32753965,0.0
Bmp7,Bmp7,0.1620248,0.11330049261083744,Actr2,Actr2,0.49268973,0.47845266372582285,OPCs,Neurons,0.32735726,0.0
Nlgn3,Nlgn3,0.17538334,0.2130980658296573,Nrxn1,Nrxn1,0.47925296,0.13168724279835392,Neurons,Microglia,0.32731816,1.0
Nrxn1,Nrxn1,0.47925296,0.13168724279835392,Nlgn3,Nlgn3,0.17538334,0.2130980658296573,Microglia,Neurons,0.32731816,1.0
Adam15,Adam15,0.17953819,0.2130980658296573,Itga9,Itga9,0.47447187,0.22633744855967078,Neurons,Microglia,0.32700503,0.0
Vcl,Vcl,0.24066435,0.28028503562945367,Alk,Alk,0.4133415,0.3189684424838819,Neurons,Neurons,0.3270029,0.0
Cntn1,Cntn1,0.25168648,0.11522633744855967,Notch2,Notch2,0.4022878,0.1794871794871795,Microglia,Pericytes,0.32698715,0.97
Lamc1,Lamc1,0.17943668,0.22225992534781133,Itga9,Itga9_Itgb1,0.47447187,0.22633744855967078,Neurons,Microglia,0.32695428,0.0
Adam10,Adam10,0.4714337,0.2507362221287337,Tspan14,Tspan14,0.18239029,0.10545505539195064,Oligodendrocytes,Oligodendrocytes,0.326912,0.0
Gnai2,Gnai2,0.4459763,0.22435897435897437,Adora1,Adora1,0.20778817,0.14175257731958762,Pericytes,Astrocytes,0.32688224,0.0
Col1a2,Col1a2,0.43047568,0.21794871794871795,Itgb8,Itgav_Itgb8,0.22328635,0.12634974056934511,Pericytes,Oligodendrocytes,0.32688102,0.0
Rims2,Rims2,0.31078932,0.12943486187070538,Abca1,Abca1,0.34294063,0.22660098522167488,Oligodendrocytes,OPCs,0.32686496,1.0
Gnai2,Gnai2,0.5479544,0.2757201646090535,Adcy7,Adcy7,0.10572527,0.13165931455717678,Microglia,Neurons,0.32683983,0.0
Jag1,Jag1,0.41757524,0.1987179487179487,Cd46,Cd46,0.23550709,0.15463917525773196,Pericytes,Astrocytes,0.32654116,0.0
Sema7a,Sema7a,0.10932789,0.14149983033593486,Itgb1,Itga1_Itgb1,0.5436856,0.27564102564102566,Neurons,Pericytes,0.32650676,0.0
Col4a1,Col4a1,0.109081805,0.14319647098744487,Itgb1,Itga1_Itgb1,0.5436856,0.27564102564102566,Neurons,Pericytes,0.3263837,0.0
Rgma,Rgma,0.45823228,0.24358974358974358,Neo1,Neo1,0.194527,0.1111111111111111,Pericytes,Microglia,0.32637966,0.96
Ptn,Ptn,0.41468883,0.34170342721411606,Ncl,Ncl,0.2377526,0.11555181601458421,Neurons,Oligodendrocytes,0.32622072,1.0
Lrpap1,Lrpap1,0.2861818,0.17525773195876287,Sort1,Sort1,0.3659152,0.20164609053497942,Astrocytes,Microglia,0.3260485,0.49
Rgma,Rgma,0.1742906,0.10068714065348479,Bmpr2,Bmpr2,0.47774634,0.27835051546391754,Oligodendrocytes,Astrocytes,0.32601845,0.01
Adam10,Adam10,0.46146008,0.46182558534102475,Epha3,Epha3,0.19057654,0.10256410256410256,Neurons,Pericytes,0.3260183,0.09
Col4a5,Col4a5,0.33988053,0.16025641025641027,Cd47,Cd47,0.3118425,0.17307692307692307,Pericytes,Pericytes,0.3258615,0.0
Bmp1,Bmp1,0.17389077,0.11330049261083744,Bmpr2,Bmpr2,0.47774634,0.27835051546391754,OPCs,Astrocytes,0.32581854,0.0
Fstl5,Fstl5,0.39217594,0.2512315270935961,Chl1,Chl1,0.25932926,0.15763546798029557,OPCs,OPCs,0.32575262,0.71
Fstl1,Fstl1,0.44417623,0.21794871794871795,Dip2a,Dip2a,0.20717306,0.13917525773195877,Pericytes,Astrocytes,0.32567465,0.7
Col4a4,Col4a4,0.2415591,0.11538461538461539,Itgav,Itgav_Itgb8,0.40935338,0.25773195876288657,Pericytes,Astrocytes,0.32545623,0.0
Tcn2,Tcn2,0.48067975,0.24279835390946503,Cnr1,Cnr1,0.16978294,0.1856124872751951,Microglia,Neurons,0.32523134,0.0
Adam10,Adam10,0.4714337,0.2507362221287337,Tspan12,Tspan12,0.17863977,0.1211340206185567,Oligodendrocytes,Astrocytes,0.32503673,0.0
Ncam1,Ncam1,0.25594413,0.1111111111111111,Ncam2,Ncam2,0.39391673,0.17307692307692307,Microglia,Pericytes,0.32493043,1.0
Lrrc4b,Lrrc4b,0.28049767,0.18041237113402062,Ptprs,Ptprs,0.36926973,0.205761316872428,Astrocytes,Microglia,0.3248837,0.94
Sema4b,Sema4b,0.28733745,0.1958762886597938,Dcbld2,Dcbld2,0.3620754,0.20512820512820512,Astrocytes,Pericytes,0.32470644,0.0
Sema3e,Sema3e,0.3875986,0.24630541871921183,Nrp1,Nrp1,0.2617305,0.17525773195876287,OPCs,Astrocytes,0.32466453,0.0
Il18,Il18,0.27630234,0.16025641025641027,Il1rl2,Il1rl2,0.372553,0.18930041152263374,Pericytes,Microglia,0.32442766,0.0
Vegfc,Vegfc,0.105157435,0.11706820495419071,Itgb1,Itgb1,0.5436856,0.27564102564102566,Neurons,Pericytes,0.32442153,0.0
Actr2,Actr2,0.49268973,0.47845266372582285,Ldlr,Ldlr,0.15600981,0.10309278350515463,Neurons,Astrocytes,0.32434976,0.0
Apoe,Apoe,0.33165058,0.2297251442144554,Lrp6,Lrp6,0.31696966,0.17695473251028807,Neurons,Microglia,0.32431012,1.0
Col1a2,Col1a2,0.43047568,0.21794871794871795,Itgb8,Itgav_Itgb8,0.21812287,0.1282051282051282,Pericytes,Pericytes,0.32429928,0.0
Sema6a,Sema6a,0.42807043,0.21147104192960314,Plxna4,Plxna4,0.22001494,0.15270935960591134,Oligodendrocytes,OPCs,0.32404268,1.0
Timp2,Timp2,0.53795135,0.2757201646090535,Itga3,Itga3,0.10994522,0.14183915846623685,Microglia,Neurons,0.3239483,0.0
Pros1,Pros1,0.21092054,0.1282051282051282,Mertk,Mertk,0.43652764,0.21794871794871795,Pericytes,Pericytes,0.3237241,0.0
Spon1,Spon1,0.18311895,0.15914489311163896,App,App,0.46430153,0.24742268041237114,Neurons,Astrocytes,0.32371023,1.0
Adam10,Adam10,0.4714337,0.2507362221287337,Tspan12,Tspan12,0.17574395,0.11330049261083744,Oligodendrocytes,OPCs,0.32358882,0.0
Adam10,Adam10,0.4420664,0.26804123711340205,Tspan15,Tspan15,0.20481992,0.1189174028887954,Astrocytes,Oligodendrocytes,0.32344317,0.27
Agrn,Agrn,0.4311766,0.4530030539531727,Itgb1,Itgb1,0.2157086,0.13402061855670103,Neurons,Astrocytes,0.3234426,0.0
Col4a1,Col4a1,0.2601021,0.1346153846153846,Cd47,Cd47,0.3864545,0.19753086419753085,Pericytes,Microglia,0.3232783,0.0
Nrg3,Nrg3,0.395622,0.12345679012345678,Egfr,Egfr,0.25086373,0.1282051282051282,Microglia,Pericytes,0.32324284,1.0
Mif,Mif,0.3953861,0.211340206185567,Egfr,Egfr,0.25086373,0.1282051282051282,Astrocytes,Pericytes,0.32312492,0.09
Lrpap1,Lrpap1,0.40680873,0.4065151001017984,Sorl1,Sorl1,0.23915981,0.13209928481278924,Neurons,Oligodendrocytes,0.32298428,0.0
Adam10,Adam10,0.46146008,0.46182558534102475,Axl,Axl,0.18438552,0.12886597938144329,Neurons,Astrocytes,0.3229228,0.0
Agrn,Agrn,0.35898203,0.21649484536082475,Lrp4,Lrp4,0.28684035,0.1921182266009852,Astrocytes,OPCs,0.3229112,0.0
Adam10,Adam10,0.46146008,0.46182558534102475,Tspan17,Tspan17,0.18403491,0.20699015948422125,Neurons,Neurons,0.3227475,0.0
Lrpap1,Lrpap1,0.40680873,0.4065151001017984,Ldlr,Ldlr,0.23860839,0.10897435897435898,Neurons,Pericytes,0.32270855,0.0
Vegfa,Vegfa,0.17069003,0.2130980658296573,Itga9,Itga9,0.47447187,0.22633744855967078,Neurons,Microglia,0.32258093,0.0
Adam10,Adam10,0.454205,0.2692307692307692,Epha3,Epha3,0.19057654,0.10256410256410256,Pericytes,Pericytes,0.32239076,0.35
Gpc3,Gpc3,0.18304504,0.15405497115710892,Igf1r,Igf1r,0.46152952,0.2345679012345679,Neurons,Microglia,0.3222873,0.52
Ybx1,Ybx1,0.2990358,0.34136409908381404,Notch1,Notch1,0.34546015,0.19230769230769232,Neurons,Pericytes,0.32224798,0.0
App,App,0.46430153,0.24742268041237114,Lrp6,Lrp6,0.18008058,0.1072780816154817,Astrocytes,Oligodendrocytes,0.32219106,1.0
Col4a6,Col4a6,0.3144239,0.1346153846153846,Cd47,Cd47,0.32969865,0.1771140092553639,Pericytes,Oligodendrocytes,0.32206127,0.0
Adam10,Adam10,0.46146008,0.46182558534102475,Tspan14,Tspan14,0.18239029,0.10545505539195064,Neurons,Oligodendrocytes,0.3219252,0.05
Col4a2,Col4a2,0.2344005,0.27723108245673567,Itgav,Itgav_Itgb8,0.40935338,0.25773195876288657,Neurons,Astrocytes,0.32187694,0.0
Angpt1,Angpt1,0.31520575,0.19072164948453607,Itgb1,Itgb1,0.3285385,0.35900916185951814,Astrocytes,Neurons,0.32187212,0.0
Ybx1,Ybx1,0.2990358,0.34136409908381404,Notch1,Notch1,0.34465346,0.22422680412371135,Neurons,Astrocytes,0.32184464,0.0
Agrn,Agrn,0.37276822,0.20512820512820512,Atp1a3,Atp1a3,0.27089226,0.15763546798029557,Pericytes,OPCs,0.32183024,1.0
Ncan,Ncan,0.32172057,0.22167487684729065,Sdc3,Sdc3,0.32177192,0.16025641025641027,OPCs,Pericytes,0.32174623,0.0
App,App,0.46430153,0.24742268041237114,Tspan12,Tspan12,0.17863977,0.1211340206185567,Astrocytes,Astrocytes,0.32147065,1.0
Ptn,Ptn,0.41468883,0.34170342721411606,Ptprs,Ptprs,0.22819644,0.12074042911232646,Neurons,Oligodendrocytes,0.32144263,1.0
Lrpap1,Lrpap1,0.39003626,0.2561576354679803,Sorl1,Sorl1,0.25281036,0.13168724279835392,OPCs,Microglia,0.3214233,0.1
Vcl,Vcl,0.24446514,0.15763546798029557,Itgb5,Itgb5,0.3980638,0.1987179487179487,OPCs,Pericytes,0.32126448,0.0
Mdk,Mdk,0.44691485,0.2654639175257732,Ncl,Ncl,0.19548862,0.102880658436214,Astrocytes,Microglia,0.32120174,0.0
Agrn,Agrn,0.35898203,0.21649484536082475,Atp1a3,Atp1a3,0.28310147,0.1282051282051282,Astrocytes,Pericytes,0.32104176,1.0
Slitrk1,Slitrk1,0.26372722,0.2992874109263658,Enpep,Enpep,0.37814146,0.19230769230769232,Neurons,Pericytes,0.32093436,0.0
Ncam1,Ncam1,0.25594413,0.1111111111111111,Ptprz1,Ptprz1,0.38583654,0.16025641025641027,Microglia,Pericytes,0.32089034,1.0
Calr,Calr,0.29898164,0.15355490113588557,Itgav,Itgav,0.34272376,0.1841256485766372,Oligodendrocytes,Oligodendrocytes,0.3208527,0.98
Psen1,Psen1,0.25804967,0.1440329218106996,Notch2,Notch2,0.38308427,0.2345360824742268,Microglia,Astrocytes,0.32056695,0.0
Ntrk3,Ntrk3,0.46953338,0.21794871794871795,Ptprf,Ptprf,0.17144528,0.10363202916841957,Pericytes,Oligodendrocytes,0.32048935,0.6
Nampt,Nampt,0.1640038,0.20665083135391923,Insr,Insr,0.47692755,0.24279835390946503,Neurons,Microglia,0.32046568,0.0
Vegfa,Vegfa,0.2038304,0.11538461538461539,Nrp1,Nrp1,0.436427,0.35595520868680014,Pericytes,Neurons,0.3201287,0.0
Il1rapl1,Il1rapl1,0.35937026,0.13168724279835392,Ptprs,Ptprs,0.2808447,0.17307692307692307,Microglia,Pericytes,0.32010746,1.0
Adam10,Adam10,0.46146008,0.46182558534102475,Tspan12,Tspan12,0.17863977,0.1211340206185567,Neurons,Astrocytes,0.32004994,0.0
App,App,0.46430153,0.24742268041237114,Tspan12,Tspan12,0.17574395,0.11330049261083744,Astrocytes,OPCs,0.32002273,1.0
Agrn,Agrn,0.4311766,0.4530030539531727,Lrp4,Lrp4,0.2088158,0.13402061855670103,Neurons,Astrocytes,0.3199962,0.0
Fbn1,Fbn1,0.1437205,0.17780794027824906,Itgb1,Itgb1,0.49624488,0.3251231527093596,Neurons,OPCs,0.31998268,0.0
Adam17,Adam17,0.14369662,0.1866304716661011,Itgb1,Itgb1,0.49624488,0.3251231527093596,Neurons,OPCs,0.31997076,0.0
Gnai2,Gnai2,0.4459763,0.22435897435897437,S1pr5,S1pr5,0.1939415,0.10980227177114009,Pericytes,Oligodendrocytes,0.3199589,0.0
Bmp7,Bmp7,0.1620248,0.11330049261083744,Bmpr2,Bmpr1b_Bmpr2,0.47774634,0.27835051546391754,OPCs,Astrocytes,0.31988555,0.0
Bmp7,Bmp7,0.1620248,0.11330049261083744,Bmpr2,Bmpr1a_Bmpr2,0.47774634,0.27835051546391754,OPCs,Astrocytes,0.31988555,0.0
Mdk,Mdk,0.44691485,0.2654639175257732,Itga6,Itga6_Itgb1,0.19249217,0.10897435897435898,Astrocytes,Pericytes,0.31970352,0.0
Cntn2,Cntn2,0.20282064,0.25212080081438754,Nrp1,Nrp1,0.436427,0.35595520868680014,Neurons,Neurons,0.31962383,0.01
Vcl,Vcl,0.24066435,0.28028503562945367,Itgb5,Itgb5,0.3980638,0.1987179487179487,Neurons,Pericytes,0.31936407,0.0
Adam10,Adam10,0.454205,0.2692307692307692,Axl,Axl,0.18438552,0.12886597938144329,Pericytes,Astrocytes,0.31929526,0.07
Bmp6,Bmp6,0.32163987,0.1282051282051282,Acvr2a,Acvr2a_Bmpr1a,0.31684062,0.21182266009852216,Pericytes,OPCs,0.31924024,0.0
Bmp6,Bmp6,0.32163987,0.1282051282051282,Acvr2a,Acvr1_Acvr2a,0.31684062,0.21182266009852216,Pericytes,OPCs,0.31924024,0.0
Adam10,Adam10,0.454205,0.2692307692307692,Tspan17,Tspan17,0.18403491,0.20699015948422125,Pericytes,Neurons,0.31911996,0.29
Sema3e,Sema3e,0.3875986,0.24630541871921183,Nrp2,Nrp2,0.25049317,0.24431625381744146,OPCs,Neurons,0.3190459,0.0
Fam3c,Fam3c,0.2767852,0.2019704433497537,Lifr,Lifr,0.36127204,0.24630541871921183,OPCs,OPCs,0.31902862,0.0
Rims2,Rims2,0.29474536,0.11522633744855967,Abca1,Abca1,0.34294063,0.22660098522167488,Microglia,OPCs,0.318843,1.0
Efnb3,Efnb3,0.48290431,0.25045575655588276,Epha4,Epha4,0.15477175,0.10256410256410256,Oligodendrocytes,Pericytes,0.31883803,0.0
Tln1,Tln1,0.23955403,0.1346153846153846,Itgb5,Itgb5,0.3980638,0.1987179487179487,Pericytes,Pericytes,0.3188089,0.0
Cntn1,Cntn1,0.25168648,0.11522633744855967,Ptprz1,Ptprz1,0.38583654,0.16025641025641027,Microglia,Pericytes,0.31876153,1.0
Adam10,Adam10,0.46146008,0.46182558534102475,Tspan12,Tspan12,0.17574395,0.11330049261083744,Neurons,OPCs,0.31860203,0.0
Adam15,Adam15,0.294315,0.1522633744855967,Itgav,Itgav,0.34272376,0.1841256485766372,Microglia,Oligodendrocytes,0.31851938,0.0
Trf,Trf,0.25790828,0.1346153846153846,Tfrc,Tfrc,0.37908578,0.3983712249745504,Pericytes,Neurons,0.31849703,1.0
Lin7c,Lin7c,0.1345213,0.16966406515100102,Abca1,Abca1,0.5024027,0.2345679012345679,Neurons,Microglia,0.318462,0.0
Ybx1,Ybx1,0.2913199,0.16872427983539096,Notch1,Notch1,0.34546015,0.19230769230769232,Microglia,Pericytes,0.31839,0.0
Nampt,Nampt,0.15984677,0.10344827586206896,Insr,Insr,0.47692755,0.24279835390946503,OPCs,Microglia,0.31838715,0.0
Adam10,Adam10,0.454205,0.2692307692307692,Tspan14,Tspan14,0.18239029,0.10545505539195064,Pericytes,Oligodendrocytes,0.31829765,0.52
Fndc5,Fndc5,0.22719352,0.2507634882931795,Itgav,Itgav,0.40935338,0.25773195876288657,Neurons,Astrocytes,0.31827345,0.0
Vegfb,Vegfb,0.19968294,0.21038344078724125,Nrp1,Nrp1,0.436427,0.35595520868680014,Neurons,Neurons,0.31805497,0.0
Dcn,Dcn,0.4233524,0.16666666666666666,Tlr4,Tlr4,0.21267976,0.10699588477366255,Pericytes,Microglia,0.31801608,0.0
Ybx1,Ybx1,0.2913199,0.16872427983539096,Notch1,Notch1,0.34465346,0.22422680412371135,Microglia,Astrocytes,0.31798667,0.0
Il18,Il18,0.27630234,0.16025641025641027,Il1rapl1,Il1rapl1,0.35937026,0.13168724279835392,Pericytes,Microglia,0.31783628,1.0
Fgf1,Fgf1,0.1992148,0.1110643668489693,Nrp1,Nrp1,0.436427,0.35595520868680014,Oligodendrocytes,Neurons,0.3178209,0.0
S100a1,S100a1,0.3314178,0.17783505154639176,Ryr2,Ryr2,0.30407354,0.20689655172413793,Astrocytes,OPCs,0.3177457,0.76
Psen1,Psen1,0.23310022,0.2809636918900577,Notch2,Notch2,0.4022878,0.1794871794871795,Neurons,Pericytes,0.317694,0.0
Cntn1,Cntn1,0.25168648,0.11522633744855967,Notch2,Notch2,0.38308427,0.2345360824742268,Microglia,Astrocytes,0.31738538,0.99
Irak4,Irak4,0.2075791,0.1111111111111111,Tlr7,Tlr7,0.4271331,0.205761316872428,Microglia,Microglia,0.3173561,0.0
Slit2,Slit2,0.17040688,0.11330049261083744,App,App,0.46430153,0.24742268041237114,OPCs,Astrocytes,0.3173542,1.0
Apoe,Apoe,0.33165058,0.2297251442144554,Ldlr,Ldlr,0.3027977,0.2019704433497537,Neurons,OPCs,0.31722414,1.0
Megf10,Megf10,0.41980997,0.270935960591133,Abca1,Abca1,0.21408409,0.1346153846153846,OPCs,Pericytes,0.31694704,0.0
Bmp7,Bmp7,0.1620248,0.11330049261083744,Ptprk,Ptprk,0.47154015,0.28435697319307773,OPCs,Neurons,0.31678247,1.0
Cthrc1,Cthrc1,0.1565799,0.18018323719036308,Fzd6,Fzd6,0.47642702,0.21153846153846154,Neurons,Pericytes,0.31650347,0.0
Slitrk1,Slitrk1,0.26372722,0.2992874109263658,Ptprs,Ptprs,0.36926973,0.205761316872428,Neurons,Microglia,0.31649846,0.13
Adam10,Adam10,0.454205,0.2692307692307692,Tspan12,Tspan12,0.17863977,0.1211340206185567,Pericytes,Astrocytes,0.3164224,0.16
Lama4,Lama4,0.47730374,0.30049261083743845,Itga7,Itga7_Itgb1,0.15552875,0.1056701030927835,OPCs,Astrocytes,0.31641626,0.0
Adam10,Adam10,0.4420664,0.26804123711340205,Epha3,Epha3,0.19057654,0.10256410256410256,Astrocytes,Pericytes,0.31632146,0.32
Gnai2,Gnai2,0.20350024,0.10531482260552517,Ednra,Ednra,0.4291351,0.19230769230769232,Oligodendrocytes,Pericytes,0.31631768,0.0
Col4a2,Col4a2,0.2344005,0.27723108245673567,Itgb5,Itgb5,0.3980638,0.1987179487179487,Neurons,Pericytes,0.31623214,0.0
Ncam1,Ncam1,0.25594413,0.1111111111111111,Fgfr1,Fgfr1,0.37643418,0.1987179487179487,Microglia,Pericytes,0.31618917,1.0
Fgf1,Fgf1,0.22252169,0.23583305055989143,Nrp1,Nrp1,0.40976745,0.1794871794871795,Neurons,Pericytes,0.3161446,0.0
Gnai2,Gnai2,0.15861359,0.16762809636918902,Adcy9,Adcy9,0.47359568,0.24279835390946503,Neurons,Microglia,0.31610465,0.0
Il1rapl1,Il1rapl1,0.4603168,0.1794871794871795,Ptprf,Ptprf,0.17144528,0.10363202916841957,Pericytes,Oligodendrocytes,0.31588104,1.0
Sorbs1,Sorbs1,0.23364611,0.1111111111111111,Itgb5,Itgb5,0.3980638,0.1987179487179487,Microglia,Pericytes,0.31585497,0.02
B2m,B2m,0.25259015,0.11008273734399103,Tfrc,Tfrc,0.37908578,0.3983712249745504,Oligodendrocytes,Neurons,0.31583798,0.0
Il18,Il18,0.25906157,0.13168724279835392,Il1rl2,Il1rl2,0.372553,0.18930041152263374,Microglia,Microglia,0.31580728,0.0
Rgmb,Rgmb,0.15350053,0.17678995588734306,Bmpr2,Bmpr2,0.47774634,0.27835051546391754,Neurons,Astrocytes,0.31562343,0.0
Gnai2,Gnai2,0.20350024,0.10531482260552517,Adcy9,Adcy9,0.42773306,0.29064039408866993,Oligodendrocytes,OPCs,0.31561667,0.0
Calr,Calr,0.28845719,0.15721649484536082,Itgav,Itgav,0.34272376,0.1841256485766372,Astrocytes,Oligodendrocytes,0.31559047,0.74
Cntn1,Cntn1,0.25168648,0.11522633744855967,Nrcam,Nrcam,0.37932366,0.16025641025641027,Microglia,Pericytes,0.3155051,1.0
Snca,Snca,0.3902266,0.337631489650492,Lag3,Lag3,0.24074015,0.11934156378600823,Neurons,Microglia,0.3154834,0.0
Gpi1,Gpi1,0.44229388,0.2603092783505155,Amfr,Amfr,0.18850558,0.10256410256410256,Astrocytes,Pericytes,0.31539974,0.1
Col5a2,Col5a2,0.26651284,0.12179487179487179,Ddr1,Ddr1,0.36414883,0.2345360824742268,Pericytes,Astrocytes,0.31533083,0.0
Jag1,Jag1,0.41757524,0.1987179487179487,Notch3,Notch3,0.21291727,0.13659793814432988,Pericytes,Astrocytes,0.31524625,0.0
Sema4d,Sema4d,0.32944363,0.18384518300378627,Plxnb1,Plxnb1,0.30072474,0.2036082474226804,Oligodendrocytes,Astrocytes,0.3150842,0.0
Adam10,Adam10,0.454205,0.2692307692307692,Tspan12,Tspan12,0.17574395,0.11330049261083744,Pericytes,OPCs,0.3149745,0.17
Agrn,Agrn,0.35898203,0.21649484536082475,Atp1a3,Atp1a3,0.27089226,0.15763546798029557,Astrocytes,OPCs,0.31493714,1.0
Nrg3,Nrg3,0.3785599,0.11176553078109662,Egfr,Egfr,0.25086373,0.1282051282051282,Oligodendrocytes,Pericytes,0.3147118,1.0
Ncam1,Ncam1,0.25594413,0.1111111111111111,Ptprz1,Ptprz1,0.37338203,0.3003053953172718,Microglia,Neurons,0.31466308,1.0
Vegfb,Vegfb,0.19288759,0.10897435897435898,Nrp1,Nrp1,0.436427,0.35595520868680014,Pericytes,Neurons,0.3146573,0.0
Lrpap1,Lrpap1,0.39003626,0.2561576354679803,Sorl1,Sorl1,0.23915981,0.13209928481278924,OPCs,Oligodendrocytes,0.31459802,0.07
Gpi1,Gpi1,0.44229388,0.2603092783505155,Amfr,Amfr,0.18681526,0.13793103448275862,Astrocytes,OPCs,0.31455457,0.1
Itgav,Itgav,0.34272376,0.1841256485766372,Thy1,Thy1,0.28624305,0.11176553078109662,Oligodendrocytes,Oligodendrocytes,0.3144834,1.0
Lrpap1,Lrpap1,0.39003626,0.2561576354679803,Ldlr,Ldlr,0.23860839,0.10897435897435898,OPCs,Pericytes,0.31432232,0.0
Arf1,Arf1,0.2621774,0.1346153846153846,Insr,Insr,0.36641166,0.23195876288659795,Pericytes,Astrocytes,0.31429452,0.37
Arf1,Arf1,0.30964208,0.2979300984051578,Insr,Insr,0.3186862,0.18454634693591362,Neurons,Oligodendrocytes,0.31416413,0.03
Fgf1,Fgf1,0.1916877,0.10256410256410256,Nrp1,Nrp1,0.436427,0.35595520868680014,Pericytes,Neurons,0.31405735,0.0
Agrn,Agrn,0.4311766,0.4530030539531727,Dag1,Dag1,0.19690774,0.1111111111111111,Neurons,Microglia,0.31404218,0.0
Col4a4,Col4a4,0.2415591,0.11538461538461539,Cd47,Cd47,0.3864545,0.19753086419753085,Pericytes,Microglia,0.3140068,0.0
Psen1,Psen1,0.25804967,0.1440329218106996,Notch1,Notch1,0.36985317,0.2512315270935961,Microglia,OPCs,0.31395143,0.0
Ptn,Ptn,0.41468883,0.34170342721411606,Sdc3,Sdc3,0.21290232,0.13144329896907217,Neurons,Astrocytes,0.31379557,1.0
Adam10,Adam10,0.4714337,0.2507362221287337,Tspan12,Tspan12,0.15573081,0.18425517475398712,Oligodendrocytes,Neurons,0.31358224,0.0
Adam17,Adam17,0.25703877,0.1724137931034483,Notch1,Notch1,0.36985317,0.2512315270935961,OPCs,OPCs,0.313446,0.0
Il1rapl1,Il1rapl1,0.35937026,0.13168724279835392,Ptprf,Ptprf,0.26744348,0.31218187987784185,Microglia,Neurons,0.31340688,1.0
Adam10,Adam10,0.4420664,0.26804123711340205,Axl,Axl,0.18438552,0.12886597938144329,Astrocytes,Astrocytes,0.31322595,0.01
Col4a6,Col4a6,0.3144239,0.1346153846153846,Cd47,Cd47,0.3118425,0.17307692307692307,Pericytes,Pericytes,0.31313318,0.0
Alcam,Alcam,0.32285097,0.1440329218106996,Chl1,Chl1,0.30339235,0.14743589743589744,Microglia,Pericytes,0.31312168,1.0
Adam10,Adam10,0.4420664,0.26804123711340205,Tspan17,Tspan17,0.18403491,0.20699015948422125,Astrocytes,Neurons,0.31305066,0.24
Efnb3,Efnb3,0.48290431,0.25045575655588276,Epha4,Epha4,0.14315248,0.10837438423645321,Oligodendrocytes,OPCs,0.3130284,0.0
L1cam,L1cam,0.23996133,0.2829996606718697,Ptprz1,Ptprz1,0.38583654,0.16025641025641027,Neurons,Pericytes,0.31289893,0.0
Cklf,Cklf,0.23938446,0.12345679012345678,Lrp6,Lrp6,0.38639113,0.24742268041237114,Microglia,Astrocytes,0.3128878,0.0
Cxcl12,Cxcl12,0.28304973,0.1346153846153846,Itgav,Itgav,0.34272376,0.1841256485766372,Pericytes,Oligodendrocytes,0.31288674,0.0
Lrpap1,Lrpap1,0.40680873,0.4065151001017984,Vldlr,Vldlr,0.21881776,0.15763546798029557,Neurons,OPCs,0.31281325,0.0
Bcan,Bcan,0.24627133,0.26874787919918564,Nrcam,Nrcam,0.37932366,0.16025641025641027,Neurons,Pericytes,0.3127975,0.8
Fndc5,Fndc5,0.22719352,0.2507634882931795,Itgb5,Itgb5,0.3980638,0.1987179487179487,Neurons,Pericytes,0.31262866,0.0
Sema4a,Sema4a,0.22668926,0.14948453608247422,Plxna2,Nrp1_Plxna2,0.3984046,0.19230769230769232,Astrocytes,Pericytes,0.31254694,0.0
Col4a3,Col4a3,0.29537937,0.1346153846153846,Cd47,Cd47,0.32969865,0.1771140092553639,Pericytes,Oligodendrocytes,0.312539,0.0
Cntn1,Cntn1,0.25168648,0.11522633744855967,Ptprz1,Ptprz1,0.37338203,0.3003053953172718,Microglia,Neurons,0.31253427,1.0
Adam9,Adam9,0.2818639,0.2019704433497537,Itgav,Itgav,0.34272376,0.1841256485766372,OPCs,Oligodendrocytes,0.31229383,0.0
Lrig1,Lrig1,0.37361202,0.1987179487179487,Egfr,Egfr,0.25086373,0.1282051282051282,Pericytes,Pericytes,0.31223786,0.0
Adam10,Adam10,0.4420664,0.26804123711340205,Tspan14,Tspan14,0.18239029,0.10545505539195064,Astrocytes,Oligodendrocytes,0.31222835,0.46
Gnai2,Gnai2,0.20350024,0.10531482260552517,Adcy7,Adcy7,0.42093673,0.20164609053497942,Oligodendrocytes,Microglia,0.3122185,0.0
Gnai2,Gnai2,0.4459763,0.22435897435897437,Adcy8,Adcy8,0.17838874,0.10897435897435898,Pericytes,Pericytes,0.31218252,0.11
Sirpa,Sirpa,0.23754907,0.14690721649484537,Cd47,Cd47,0.3864545,0.19753086419753085,Astrocytes,Microglia,0.31200176,0.17
Cd47,Cd47,0.3864545,0.19753086419753085,Sirpa,Sirpa,0.23754907,0.14690721649484537,Microglia,Astrocytes,0.31200176,0.17
Sirpa,Sirpa,0.23748541,0.2704445198506956,Cd47,Cd47,0.3864545,0.19753086419753085,Neurons,Microglia,0.31196994,0.16
Cd47,Cd47,0.3864545,0.19753086419753085,Sirpa,Sirpa,0.23748541,0.2704445198506956,Microglia,Neurons,0.31196994,0.16
Gnai2,Gnai2,0.30984014,0.21182266009852216,Ednrb,Ednrb,0.31387123,0.22167487684729065,OPCs,OPCs,0.31185567,0.0
F8,F8,0.0828107,0.10892432982694265,Lrp1,Lrp1,0.54086536,0.5218866644044792,Neurons,Neurons,0.31183803,0.0
B2m,B2m,0.41826543,0.22938144329896906,Tfrc,Tfrc,0.20531403,0.11538461538461539,Astrocytes,Pericytes,0.31178972,0.0
Omg,Omg,0.27435836,0.18226600985221675,Tnfrsf1b,Tnfrsf1b,0.34899837,0.1728395061728395,OPCs,Microglia,0.31167835,0.0
Gnai2,Gnai2,0.30984014,0.21182266009852216,Adcy1,Adcy1,0.3133616,0.3461146929080421,OPCs,Neurons,0.31160086,0.0
Ncam1,Ncam1,0.25594413,0.1111111111111111,Fgfr1,Fgfr1,0.36719236,0.2268041237113402,Microglia,Astrocytes,0.31156826,1.0
Sema4d,Sema4d,0.32944363,0.18384518300378627,Plxnb3,Plxnb3,0.29366615,0.16238956668068993,Oligodendrocytes,Oligodendrocytes,0.3115549,0.0
Snca,Snca,0.38223082,0.26108374384236455,Lag3,Lag3,0.24074015,0.11934156378600823,OPCs,Microglia,0.31148547,0.0
Adam15,Adam15,0.294315,0.1522633744855967,Itgb1,Itgb1,0.3285385,0.35900916185951814,Microglia,Neurons,0.31142676,0.0
Nrg2,Nrg2,0.33212212,0.22167487684729065,Nrp2,Nrp2,0.29024595,0.1921182266009852,OPCs,OPCs,0.31118405,0.0
Edil3,Edil3,0.21299644,0.10699588477366255,Itgav,Itgav,0.40935338,0.25773195876288657,Microglia,Astrocytes,0.3111749,1.0
Gas6,Gas6,0.185438,0.11082474226804123,Mertk,Mertk,0.43652764,0.21794871794871795,Astrocytes,Pericytes,0.31098282,0.0
Cntn1,Cntn1,0.25168648,0.11522633744855967,Notch1,Notch1,0.36985317,0.2512315270935961,Microglia,OPCs,0.31076983,0.98
Adam10,Adam10,0.4420664,0.26804123711340205,Tspan12,Tspan12,0.17863977,0.1211340206185567,Astrocytes,Astrocytes,0.3103531,0.06
Gnai2,Gnai2,0.15861359,0.16762809636918902,Igf1r,Igf1r,0.46152952,0.2345679012345679,Neurons,Microglia,0.31007156,1.0
App,App,0.46430153,0.24742268041237114,Tspan12,Tspan12,0.15573081,0.18425517475398712,Astrocytes,Neurons,0.31001616,1.0
Ncam1,Ncam1,0.25594413,0.1111111111111111,Fgfr1,Fgfr1,0.3637709,0.3712249745503902,Microglia,Neurons,0.30985752,1.0
Lgi3,Lgi3,0.3230361,0.329487614523244,Adam22,Adam22,0.29622468,0.17783505154639176,Neurons,Astrocytes,0.3096304,1.0
Jam2,Jam2,0.30460286,0.17307692307692307,Itga4,Itga4_Itgb1,0.31437588,0.14743589743589744,Pericytes,Pericytes,0.30948937,0.0
Actr2,Actr2,0.31603527,0.21182266009852216,Ldlr,Ldlr,0.3027977,0.2019704433497537,OPCs,OPCs,0.30941647,0.0
Enho,Enho,0.45573235,0.25257731958762886,Gpr19,Gpr19,0.1630087,0.11330049261083744,Astrocytes,OPCs,0.30937052,0.0
Fgf10,Fgf10,0.122515775,0.12792670512385476,Fgfr2,Fgfr2,0.49607632,0.25925925925925924,Neurons,Microglia,0.30929604,1.0
Col4a5,Col4a5,0.20917055,0.12628865979381443,Itgav,Itgav_Itgb8,0.40935338,0.25773195876288657,Astrocytes,Astrocytes,0.30926198,0.0
Apoe,Apoe,0.33165058,0.2297251442144554,Lrp4,Lrp4,0.28684035,0.1921182266009852,Neurons,OPCs,0.30924547,1.0
Bmp5,Bmp5,0.4271026,0.19230769230769232,Acvr1,Acvr1_Bmpr2,0.19138534,0.1282051282051282,Pericytes,Pericytes,0.30924398,0.0
Bmp5,Bmp5,0.4271026,0.19230769230769232,Acvr1,Acvr1_Acvr2a,0.19138534,0.1282051282051282,Pericytes,Pericytes,0.30924398,0.0
Il18,Il18,0.25906157,0.13168724279835392,Il1rapl1,Il1rapl1,0.35937026,0.13168724279835392,Microglia,Microglia,0.3092159,1.0
Jam3,Jam3,0.40229473,0.29064039408866993,Itgb1,Itgb1,0.2157086,0.13402061855670103,OPCs,Astrocytes,0.30900165,0.42
Adam10,Adam10,0.4420664,0.26804123711340205,Tspan12,Tspan12,0.17574395,0.11330049261083744,Astrocytes,OPCs,0.30890518,0.09
Bmp5,Bmp5,0.4271026,0.19230769230769232,Acvr2a,Acvr2a_Bmpr1b,0.19045363,0.13144329896907217,Pericytes,Astrocytes,0.3087781,0.0
Bmp5,Bmp5,0.4271026,0.19230769230769232,Acvr2a,Acvr1_Acvr2a,0.19045363,0.13144329896907217,Pericytes,Astrocytes,0.3087781,0.0
Bmp5,Bmp5,0.4271026,0.19230769230769232,Acvr2a,Acvr2a_Bmpr1a,0.19045363,0.13144329896907217,Pericytes,Astrocytes,0.3087781,0.0
Fgf12,Fgf12,0.42590085,0.17935773383817136,Fgfr1,Fgfr1,0.19155976,0.13793103448275862,Oligodendrocytes,OPCs,0.3087303,1.0
Lrrc4b,Lrrc4b,0.3365888,0.35799117746861214,Ptprs,Ptprs,0.2808447,0.17307692307692307,Neurons,Pericytes,0.30871674,0.92
Adam10,Adam10,0.46146008,0.46182558534102475,Tspan12,Tspan12,0.15573081,0.18425517475398712,Neurons,Neurons,0.30859545,0.0
Timp2,Timp2,0.2886336,0.1472444257467396,Itgb1,Itgb1,0.3285385,0.35900916185951814,Oligodendrocytes,Neurons,0.30858606,0.0
Slitrk2,Slitrk2,0.33605346,0.2190721649484536,Ptprs,Ptprs,0.2808447,0.17307692307692307,Astrocytes,Pericytes,0.3084491,0.11
Sema3a,Sema3a,0.17983061,0.14794706481167288,Nrp1,Nrp1_Plxna2,0.436427,0.35595520868680014,Neurons,Neurons,0.3081288,0.0
Sema3a,Sema3a,0.17983061,0.14794706481167288,Nrp1,Nrp1_Plxna4,0.436427,0.35595520868680014,Neurons,Neurons,0.3081288,0.0
Psen1,Psen1,0.23310022,0.2809636918900577,Notch2,Notch2,0.38308427,0.2345360824742268,Neurons,Astrocytes,0.30809224,0.0
Sema6a,Sema6a,0.21764022,0.11538461538461539,Plxna2,Plxna2,0.3984046,0.19230769230769232,Pericytes,Pericytes,0.3080224,0.54
Lgi3,Lgi3,0.3230361,0.329487614523244,Adam23,Adam23,0.29300362,0.14794558967886692,Neurons,Oligodendrocytes,0.30801988,1.0
Nrxn2,Nrxn2,0.2032566,0.13144329896907217,Nlgn3,Nlgn3,0.4127724,0.2857142857142857,Astrocytes,OPCs,0.3080145,0.0
Nlgn3,Nlgn3,0.4127724,0.2857142857142857,Nrxn2,Nrxn2,0.2032566,0.13144329896907217,OPCs,Astrocytes,0.3080145,0.0
Slitrk3,Slitrk3,0.24665332,0.18226600985221675,Ptprs,Ptprs,0.36926973,0.205761316872428,OPCs,Microglia,0.30796152,0.02
Inha,Inha,0.18991622,0.24363759755683745,Acvr1,Acvr1,0.4259486,0.29064039408866993,Neurons,OPCs,0.3079324,0.0
Gnai2,Gnai2,0.4459763,0.22435897435897437,Cnr1,Cnr1,0.16978294,0.1856124872751951,Pericytes,Neurons,0.30787963,0.0
Il15ra,Il15ra,0.3105938,0.16025641025641027,Axl,Axl,0.30501413,0.16025641025641027,Pericytes,Pericytes,0.307804,0.0
Trf,Trf,0.23602748,0.10824742268041238,Tfrc,Tfrc,0.37908578,0.3983712249745504,Astrocytes,Neurons,0.30755663,1.0
Fgf14,Fgf14,0.42237043,0.13462347496844762,Fgfr1,Fgfr1,0.19155976,0.13793103448275862,Oligodendrocytes,OPCs,0.3069651,1.0
Cklf,Cklf,0.23938446,0.12345679012345678,Lrp6,Lrp6,0.37452346,0.20512820512820512,Microglia,Pericytes,0.30695397,0.0
Liph,Liph,0.24326713,0.11934156378600823,Lpar1,Lpar1,0.3705309,0.19057635675220866,Microglia,Oligodendrocytes,0.306899,0.0
Jam2,Jam2,0.29935274,0.15637860082304528,Itga4,Itga4_Itgb1,0.31437588,0.14743589743589744,Microglia,Pericytes,0.30686432,0.0
Vegfa,Vegfa,0.2038304,0.11538461538461539,Nrp1,Nrp1,0.40976745,0.1794871794871795,Pericytes,Pericytes,0.30679893,0.0
S100a1,S100a1,0.30949044,0.22167487684729065,Ryr2,Ryr2,0.30407354,0.20689655172413793,OPCs,OPCs,0.306782,0.85
L1cam,L1cam,0.23996133,0.2829996606718697,Ptprz1,Ptprz1,0.37338203,0.3003053953172718,Neurons,Neurons,0.30667168,0.0
Fgf13,Fgf13,0.23687625,0.13793103448275862,Fgfr1,Fgfr1,0.37643418,0.1987179487179487,OPCs,Pericytes,0.30665523,0.06
Vegfa,Vegfa,0.2038304,0.11538461538461539,Itgav,Itgav,0.40935338,0.25773195876288657,Pericytes,Astrocytes,0.3065919,0.0
L1cam,L1cam,0.23996133,0.2829996606718697,Cntn1,Cntn1,0.37318683,0.15285373720375825,Neurons,Oligodendrocytes,0.30657408,1.0
Slit3,Slit3,0.29034072,0.2147947064811673,Robo1,Robo1,0.32261372,0.13168724279835392,Neurons,Microglia,0.30647722,1.0
Cntn2,Cntn2,0.20282064,0.25212080081438754,Nrp1,Nrp1,0.40976745,0.1794871794871795,Neurons,Pericytes,0.30629405,0.52
Nampt,Nampt,0.1640038,0.20665083135391923,Insr,Insr,0.44850606,0.45978961655921274,Neurons,Neurons,0.30625492,0.0
Agrn,Agrn,0.37276822,0.20512820512820512,Atp1a3,Atp1a3,0.23883086,0.11522633744855967,Pericytes,Microglia,0.30579954,1.0
Cxcl12,Cxcl12,0.28304973,0.1346153846153846,Itgb1,Itgb1,0.3285385,0.35900916185951814,Pericytes,Neurons,0.30579412,0.0
Vegfb,Vegfb,0.17500852,0.11822660098522167,Nrp1,Nrp1,0.436427,0.35595520868680014,OPCs,Neurons,0.30571777,0.0
Spp1,Spp1,0.29703212,0.1282051282051282,Itga4,Itga4_Itgb1,0.31437588,0.14743589743589744,Pericytes,Pericytes,0.305704,0.0
Gnai2,Gnai2,0.4459763,0.22435897435897437,P2ry12,P2ry12,0.16535407,0.20936545639633525,Pericytes,Neurons,0.3056652,0.0
Edil3,Edil3,0.21299644,0.10699588477366255,Itgb5,Itgb5,0.3980638,0.1987179487179487,Microglia,Pericytes,0.30553013,1.0
Lrpap1,Lrpap1,0.30817145,0.16666666666666666,Ldlr,Ldlr,0.3027977,0.2019704433497537,Pericytes,OPCs,0.3054846,0.0
Fndc5,Fndc5,0.22719352,0.2507634882931795,Itgav,Itgav,0.38362354,0.21794871794871795,Neurons,Pericytes,0.30540854,0.0
Slc6a8,Slc6a8,0.10841376,0.14014251781472684,Lifr,Lifr,0.5021491,0.3118556701030928,Neurons,Astrocytes,0.30528143,0.0
Gas6,Gas6,0.3054759,0.32609433322022396,Axl,Axl,0.30501413,0.16025641025641027,Neurons,Pericytes,0.305245,0.0
Adam9,Adam9,0.2818639,0.2019704433497537,Itgb1,Itgb1,0.3285385,0.35900916185951814,OPCs,Neurons,0.3052012,0.0
Ptn,Ptn,0.41468883,0.34170342721411606,Ncl,Ncl,0.19548862,0.102880658436214,Neurons,Microglia,0.30508873,1.0
Adam9,Adam9,0.20066395,0.11522633744855967,Itgav,Itgav,0.40935338,0.25773195876288657,Microglia,Astrocytes,0.30500865,0.0
Adam10,Adam10,0.454205,0.2692307692307692,Tspan12,Tspan12,0.15573081,0.18425517475398712,Pericytes,Neurons,0.3049679,0.23
Apoe,Apoe,0.33165058,0.2297251442144554,Sdc2,Sdc2,0.27804708,0.27994570749915165,Neurons,Neurons,0.30484885,1.0
Vegfb,Vegfb,0.19968294,0.21038344078724125,Nrp1,Nrp1,0.40976745,0.1794871794871795,Neurons,Pericytes,0.3047252,0.0
Fgf1,Fgf1,0.1992148,0.1110643668489693,Nrp1,Nrp1,0.40976745,0.1794871794871795,Oligodendrocytes,Pericytes,0.30449113,0.0
Lrpap1,Lrpap1,0.39003626,0.2561576354679803,Vldlr,Vldlr,0.21881776,0.15763546798029557,OPCs,OPCs,0.304427,0.02
Nampt,Nampt,0.15984677,0.10344827586206896,Insr,Insr,0.44850606,0.45978961655921274,OPCs,Neurons,0.30417642,0.0
Ntn1,Ntn1,0.41347387,0.20512820512820512,Neo1,Neo1,0.194527,0.1111111111111111,Pericytes,Microglia,0.30400044,0.78
Cklf,Cklf,0.23938446,0.12345679012345678,Lrp6,Lrp6,0.3680566,0.4034611469290804,Microglia,Neurons,0.30372053,0.0
Adam23,Adam23,0.29300362,0.14794558967886692,Itga4,Itga4,0.31437588,0.14743589743589744,Oligodendrocytes,Pericytes,0.30368975,0.02
Cntn3,Cntn3,0.3559106,0.16827934371055953,Ptprg,Ptprg,0.25139606,0.12757201646090535,Oligodendrocytes,Microglia,0.30365333,1.0
Col4a3,Col4a3,0.29537937,0.1346153846153846,Cd47,Cd47,0.3118425,0.17307692307692307,Pericytes,Pericytes,0.30361092,0.0
Vegfa,Vegfa,0.17069003,0.2130980658296573,Nrp1,Nrp1,0.436427,0.35595520868680014,Neurons,Neurons,0.30355853,0.0
Fstl1,Fstl1,0.21831632,0.22734984730234137,Dip2a,Dip2a,0.38863447,0.4231421784865965,Neurons,Neurons,0.30347538,1.0
Arf1,Arf1,0.24052234,0.13580246913580246,Insr,Insr,0.36641166,0.23195876288659795,Microglia,Astrocytes,0.303467,0.57
Slitrk1,Slitrk1,0.31049326,0.22167487684729065,Enpep,Enpep,0.29612395,0.17783505154639176,OPCs,Astrocytes,0.3033086,0.0
L1cam,L1cam,0.23996133,0.2829996606718697,Ephb2,Ephb2,0.36587283,0.4024431625381744,Neurons,Neurons,0.30291706,0.0
Col4a1,Col4a1,0.109081805,0.14319647098744487,Itgb1,Itga9_Itgb1,0.49624488,0.3251231527093596,Neurons,OPCs,0.30266333,0.0
Thy1,Thy1,0.28624305,0.11176553078109662,Itgb2,Itgam_Itgb2,0.3178427,0.15637860082304528,Oligodendrocytes,Microglia,0.30204287,0.0
Itgb2,Itgb2,0.3178427,0.15637860082304528,Thy1,Thy1,0.28624305,0.11176553078109662,Microglia,Oligodendrocytes,0.30204287,0.0
Fgf13,Fgf13,0.23687625,0.13793103448275862,Fgfr1,Fgfr1,0.36719236,0.2268041237113402,OPCs,Astrocytes,0.30203432,0.09
Lrrc4b,Lrrc4b,0.3365888,0.35799117746861214,Ptprf,Ptprf,0.26744348,0.31218187987784185,Neurons,Neurons,0.30201614,0.0
Apoe,Apoe,0.33165058,0.2297251442144554,Vldlr,Vldlr,0.27211878,0.15453653064086384,Neurons,Oligodendrocytes,0.30188468,1.0
Lgi3,Lgi3,0.43380603,0.21722058617304726,Flot1,Flot1,0.16993752,0.1991856124872752,Oligodendrocytes,Neurons,0.30187178,0.0
Psen1,Psen1,0.25804967,0.1440329218106996,Notch1,Notch1,0.34546015,0.19230769230769232,Microglia,Pericytes,0.3017549,0.0
Bmp1,Bmp1,0.18070869,0.12628865979381443,Bmpr1a,Bmpr1a,0.42279664,0.4272141160502206,Astrocytes,Neurons,0.30175266,0.0
Mdk,Mdk,0.281712,0.18719211822660098,Sdc3,Sdc3,0.32177192,0.16025641025641027,OPCs,Pericytes,0.30174196,0.0
L1cam,L1cam,0.23996133,0.2829996606718697,Cd9,Cd9,0.36335778,0.19845360824742267,Neurons,Astrocytes,0.30165955,0.46
Psen1,Psen1,0.23310022,0.2809636918900577,Notch1,Notch1,0.36985317,0.2512315270935961,Neurons,OPCs,0.3014767,0.0
Psen1,Psen1,0.25804967,0.1440329218106996,Notch1,Notch1,0.34465346,0.22422680412371135,Microglia,Astrocytes,0.30135155,0.0
Vegfb,Vegfb,0.19288759,0.10897435897435898,Nrp1,Nrp1,0.40976745,0.1794871794871795,Pericytes,Pericytes,0.30132753,0.0
Adam17,Adam17,0.25703877,0.1724137931034483,Notch1,Notch1,0.34546015,0.19230769230769232,OPCs,Pericytes,0.30124944,0.0
B2m,B2m,0.41826543,0.22938144329896906,Tfrc,Tfrc,0.18388288,0.11855670103092783,Astrocytes,Astrocytes,0.30107415,0.0
Slitrk2,Slitrk2,0.23259544,0.15763546798029557,Ptprs,Ptprs,0.36926973,0.205761316872428,OPCs,Microglia,0.3009326,0.09
Sorbs1,Sorbs1,0.2036607,0.10938157341186369,Itgb5,Itgb5,0.3980638,0.1987179487179487,Oligodendrocytes,Pericytes,0.30086225,0.0
Adam17,Adam17,0.25703877,0.1724137931034483,Notch1,Notch1,0.34465346,0.22422680412371135,OPCs,Astrocytes,0.3008461,0.0
Fgf1,Fgf1,0.1916877,0.10256410256410256,Nrp1,Nrp1,0.40976745,0.1794871794871795,Pericytes,Pericytes,0.30072758,0.0
Bmp6,Bmp6,0.32163987,0.1282051282051282,Acvr2a,Acvr1_Acvr2a,0.27980465,0.14814814814814814,Pericytes,Microglia,0.30072224,0.0
Bmp6,Bmp6,0.32163987,0.1282051282051282,Acvr2a,Acvr2a_Bmpr1a,0.27980465,0.14814814814814814,Pericytes,Microglia,0.30072224,0.0
Vegfc,Vegfc,0.105157435,0.11706820495419071,Itgb1,Itgb1,0.49624488,0.3251231527093596,Neurons,OPCs,0.30070114,0.0
Lamc3,Lamc3,0.3778231,0.16025641025641027,Itgb8,Itgav_Itgb8,0.22328635,0.12634974056934511,Pericytes,Oligodendrocytes,0.30055472,0.0
Fgf13,Fgf13,0.23687625,0.13793103448275862,Fgfr1,Fgfr1,0.3637709,0.3712249745503902,OPCs,Neurons,0.30032358,0.08
Spon1,Spon1,0.21781026,0.11538461538461539,Lrp8,Lrp8,0.38208684,0.41839158466236853,Pericytes,Neurons,0.29994854,0.0
Reln,Reln,0.21761194,0.13402061855670103,Lrp8,Lrp8,0.38208684,0.41839158466236853,Astrocytes,Neurons,0.2998494,0.0
Penk,Penk,0.4568181,0.26060400407193757,Oprl1,Oprl1,0.14239325,0.17407533084492705,Neurons,Neurons,0.29960567,0.0
Gnai2,Gnai2,0.30984014,0.21182266009852216,Adcy9,Adcy9,0.28932378,0.18298969072164947,OPCs,Astrocytes,0.29958194,0.02
Sema6a,Sema6a,0.21764022,0.11538461538461539,Plxna2,Plxna2,0.38133705,0.23645320197044334,Pericytes,OPCs,0.29948863,0.67
Fgf1,Fgf1,0.22252169,0.23583305055989143,Fgfr1,Fgfr1,0.37643418,0.1987179487179487,Neurons,Pericytes,0.29947793,0.0
Adam9,Adam9,0.20066395,0.11522633744855967,Itgb5,Itgb5,0.3980638,0.1987179487179487,Microglia,Pericytes,0.29936388,0.0
Agrn,Agrn,0.19063604,0.11583228158743514,Dag1,Dag1,0.40804067,0.270935960591133,Oligodendrocytes,OPCs,0.29933834,0.0
Fbn1,Fbn1,0.3827226,0.26108374384236455,Itgb1,Itgb1,0.2157086,0.13402061855670103,OPCs,Astrocytes,0.29921558,0.0
Fam3c,Fam3c,0.2767852,0.2019704433497537,Lifr,Lifr,0.32143614,0.17307692307692307,OPCs,Pericytes,0.29911065,0.0
Fgfr3,Fgfr3,0.30169475,0.14743589743589744,Epha4,Epha4,0.2964334,0.2952154733627418,Pericytes,Neurons,0.29906407,0.0
Agrn,Agrn,0.35898203,0.21649484536082475,Atp1a3,Atp1a3,0.23883086,0.11522633744855967,Astrocytes,Microglia,0.29890645,1.0
Adam10,Adam10,0.4420664,0.26804123711340205,Tspan12,Tspan12,0.15573081,0.18425517475398712,Astrocytes,Neurons,0.2988986,0.18
Hsp90aa1,Hsp90aa1,0.34686926,0.18106995884773663,Egfr,Egfr,0.25086373,0.1282051282051282,Microglia,Pericytes,0.2988665,1.0
Cxcl12,Cxcl12,0.28304973,0.1346153846153846,Itga4,Itga4,0.31437588,0.14743589743589744,Pericytes,Pericytes,0.2987128,0.0
Vegfb,Vegfb,0.16093843,0.1056701030927835,Nrp1,Nrp1,0.436427,0.35595520868680014,Astrocytes,Neurons,0.29868272,0.0
Lrrc4b,Lrrc4b,0.22790805,0.12789230122002523,Ptprs,Ptprs,0.36926973,0.205761316872428,Oligodendrocytes,Microglia,0.29858887,1.0
Cntn1,Cntn1,0.25168648,0.11522633744855967,Notch1,Notch1,0.34546015,0.19230769230769232,Microglia,Pericytes,0.29857332,0.98
Calr,Calr,0.48717567,0.4509670851713607,Itga3,Itga3,0.10994522,0.14183915846623685,Neurons,Neurons,0.29856044,0.0
Fgf13,Fgf13,0.23687625,0.13793103448275862,Scn8a,Scn8a,0.36017966,0.21649484536082475,OPCs,Astrocytes,0.29852796,0.98
Lin7c,Lin7c,0.16132958,0.10051546391752578,Abca1,Abca1,0.43556362,0.27319587628865977,Astrocytes,Astrocytes,0.2984466,0.0
Bmp1,Bmp1,0.17389077,0.11330049261083744,Bmpr1a,Bmpr1a,0.42279664,0.4272141160502206,OPCs,Neurons,0.29834372,0.0
Edil3,Edil3,0.21299644,0.10699588477366255,Itgav,Itgav,0.38362354,0.21794871794871795,Microglia,Pericytes,0.29830998,1.0
Agrn,Agrn,0.19063604,0.11583228158743514,Dag1,Dag1,0.4057683,0.23076923076923078,Oligodendrocytes,Pericytes,0.29820216,0.0
Cntn1,Cntn1,0.25168648,0.11522633744855967,Notch1,Notch1,0.34465346,0.22422680412371135,Microglia,Astrocytes,0.29816997,0.99
Mdk,Mdk,0.281712,0.18719211822660098,Itga4,Itga4_Itgb1,0.31437588,0.14743589743589744,OPCs,Pericytes,0.29804394,0.0
Col1a2,Col1a2,0.18667647,0.11855670103092783,Itgav,Itgav_Itgb8,0.40935338,0.25773195876288657,Astrocytes,Astrocytes,0.29801494,0.0
Sema6a,Sema6a,0.42807043,0.21147104192960314,Plxna2,Plxna2,0.16787708,0.10051546391752578,Oligodendrocytes,Astrocytes,0.29797375,0.9
Lamc3,Lamc3,0.3778231,0.16025641025641027,Itgb8,Itgav_Itgb8,0.21812287,0.1282051282051282,Pericytes,Pericytes,0.29797298,0.0
Col4a5,Col4a5,0.20917055,0.12628865979381443,Cd47,Cd47,0.3864545,0.19753086419753085,Astrocytes,Microglia,0.29781252,0.0
Rgma,Rgma,0.28159732,0.2019704433497537,Neo1,Neo1,0.31391,0.1858974358974359,OPCs,Pericytes,0.29775366,0.99
Omg,Omg,0.24582078,0.13490394054129856,Tnfrsf1b,Tnfrsf1b,0.34899837,0.1728395061728395,Oligodendrocytes,Microglia,0.29740956,0.0
Lama2,Lama2,0.25226915,0.12326461926798485,Dag1,Dag1,0.3419795,0.3752969121140142,Oligodendrocytes,Neurons,0.29712433,0.0
Lamc3,Lamc3,0.3778231,0.16025641025641027,Itgb1,Itga6_Itgb1,0.2157086,0.13402061855670103,Pericytes,Astrocytes,0.29676586,0.0
Spp1,Spp1,0.20911169,0.11367492365117068,Itgav,Itgav_Itgb5,0.38362354,0.21794871794871795,Neurons,Pericytes,0.29636762,0.02
Spp1,Spp1,0.20911169,0.11367492365117068,Itgav,Itgav_Itgb1,0.38362354,0.21794871794871795,Neurons,Pericytes,0.29636762,0.02
Tln1,Tln1,0.30891147,0.1646090534979424,Itgb5,Itgb5,0.2834249,0.17525773195876287,Microglia,Astrocytes,0.2961682,0.0
Efnb2,Efnb2,0.10097656,0.12690872073294876,Ephb1,Ephb1,0.49130866,0.3997285374957584,Neurons,Neurons,0.2961426,0.03
Fn1,Fn1,0.27777004,0.1346153846153846,Itga4,Itga4_Itgb1,0.31437588,0.14743589743589744,Pericytes,Pericytes,0.29607296,0.0
App,App,0.46430153,0.24742268041237114,Vldlr,Vldlr,0.1274754,0.15710892432982695,Astrocytes,Neurons,0.29588845,1.0
Lamb2,Lamb2,0.24954917,0.14102564102564102,Dag1,Dag1,0.3419795,0.3752969121140142,Pericytes,Neurons,0.29576433,0.0
Slitrk1,Slitrk1,0.31049326,0.22167487684729065,Ptprs,Ptprs,0.2808447,0.17307692307692307,OPCs,Pericytes,0.29566896,0.34
Ptpn6,Ptpn6,0.3404323,0.16049382716049382,Egfr,Egfr,0.25086373,0.1282051282051282,Microglia,Pericytes,0.295648,0.0
Col4a1,Col4a1,0.109081805,0.14319647098744487,Cd47,Cd47,0.48206145,0.32019704433497537,Neurons,OPCs,0.29557163,0.01
Timp2,Timp2,0.26252696,0.1625615763546798,Itgb1,Itgb1,0.3285385,0.35900916185951814,OPCs,Neurons,0.29553273,0.17
Nlgn2,Nlgn2,0.3031204,0.34068544282321006,Nrxn2,Nrxn2,0.28788555,0.15972514373860608,Neurons,Oligodendrocytes,0.29550296,0.0
Nrxn2,Nrxn2,0.28788555,0.15972514373860608,Nlgn2,Nlgn2,0.3031204,0.34068544282321006,Oligodendrocytes,Neurons,0.29550296,0.0
Gnai2,Gnai2,0.4459763,0.22435897435897437,Ptpru,Ptpru,0.14475183,0.1798439090600611,Pericytes,Neurons,0.29536405,0.0
Sema4d,Sema4d,0.2898728,0.332880895826264,Plxnb1,Plxnb1,0.30072474,0.2036082474226804,Neurons,Astrocytes,0.29529876,0.0
Sema3c,Sema3c,0.15367123,0.16491347132677298,Nrp1,Nrp1_Plxna2,0.436427,0.35595520868680014,Neurons,Neurons,0.29504913,0.0
Sema3c,Sema3c,0.15367123,0.16491347132677298,Nrp1,Nrp1_Plxna4,0.436427,0.35595520868680014,Neurons,Neurons,0.29504913,0.0
Col4a1,Col4a1,0.2601021,0.1346153846153846,Cd47,Cd47,0.32969865,0.1771140092553639,Pericytes,Oligodendrocytes,0.29490036,0.0
Fgf1,Fgf1,0.22252169,0.23583305055989143,Fgfr1,Fgfr1,0.36719236,0.2268041237113402,Neurons,Astrocytes,0.29485703,0.0
Lgi2,Lgi2,0.29314834,0.2850356294536817,Adam22,Adam22,0.29622468,0.17783505154639176,Neurons,Astrocytes,0.2946865,1.0
Itgb3bp,Itgb3bp,0.19128904,0.1330049261083744,Itgb5,Itgb5,0.3980638,0.1987179487179487,OPCs,Pericytes,0.29467642,0.0
Lrpap1,Lrpap1,0.2861818,0.17525773195876287,Ldlr,Ldlr,0.3027977,0.2019704433497537,Astrocytes,OPCs,0.29448974,0.0
Adam15,Adam15,0.17953819,0.2130980658296573,Itgav,Itgav,0.40935338,0.25773195876288657,Neurons,Astrocytes,0.29444578,0.0
Fam3c,Fam3c,0.16299295,0.1815405497115711,Lamp1,Lamp1,0.42587805,0.39667458432304037,Neurons,Neurons,0.2944355,1.0
Lamc1,Lamc1,0.17943668,0.22225992534781133,Itgav,Itgav_Itgb8,0.40935338,0.25773195876288657,Neurons,Astrocytes,0.29439503,0.0
Jag1,Jag1,0.18632764,0.12807881773399016,Notch2,Notch2,0.4022878,0.1794871794871795,OPCs,Pericytes,0.2943077,0.0
Agrn,Agrn,0.37276822,0.20512820512820512,Itgb1,Itgb1,0.2157086,0.13402061855670103,Pericytes,Astrocytes,0.29423842,0.02
Bmp7,Bmp7,0.1620248,0.11330049261083744,Acvr1,Acvr1_Bmpr2,0.4259486,0.29064039408866993,OPCs,OPCs,0.29398668,0.0
Gnai2,Gnai2,0.15861359,0.16762809636918902,Ednra,Ednra,0.4291351,0.19230769230769232,Neurons,Pericytes,0.29387435,0.0
Il1rapl1,Il1rapl1,0.35937026,0.13168724279835392,Ptprs,Ptprs,0.22819644,0.12074042911232646,Microglia,Oligodendrocytes,0.29378337,1.0
Lamc1,Lamc1,0.17943668,0.22225992534781133,Dag1,Dag1,0.40804067,0.270935960591133,Neurons,OPCs,0.29373866,0.0
Vegfa,Vegfa,0.2038304,0.11538461538461539,Itgav,Itgav,0.38362354,0.21794871794871795,Pericytes,Pericytes,0.29372698,0.01
Lama4,Lama4,0.47730374,0.30049261083743845,Itga3,Itga3_Itgb1,0.10994522,0.14183915846623685,OPCs,Neurons,0.2936245,0.0
Sema4d,Sema4d,0.32944363,0.18384518300378627,Plxnb2,Plxnb2,0.2572412,0.13580246913580246,Oligodendrocytes,Microglia,0.2933424,0.0
Col4a1,Col4a1,0.109081805,0.14319647098744487,Itgb8,Itgav_Itgb8,0.47756553,0.31527093596059114,Neurons,OPCs,0.29332367,0.0
Tnfsf13b,Tnfsf13b,0.20754337,0.10699588477366255,Tfrc,Tfrc,0.37908578,0.3983712249745504,Microglia,Neurons,0.29331458,0.0
Gnai2,Gnai2,0.15861359,0.16762809636918902,Adcy9,Adcy9,0.42773306,0.29064039408866993,Neurons,OPCs,0.2931733,0.02
Fgf1,Fgf1,0.22252169,0.23583305055989143,Fgfr1,Fgfr1,0.3637709,0.3712249745503902,Neurons,Neurons,0.2931463,0.0
Lgi2,Lgi2,0.29314834,0.2850356294536817,Adam23,Adam23,0.29300362,0.14794558967886692,Neurons,Oligodendrocytes,0.29307598,1.0
Adam17,Adam17,0.25703877,0.1724137931034483,Itgb1,Itgb1,0.3285385,0.35900916185951814,OPCs,Neurons,0.29278862,0.0
H2-K1,H2-K1,0.3251456,0.21674876847290642,Aplp2,Aplp2,0.26024443,0.14814814814814814,OPCs,Microglia,0.29269502,0.96
Calr,Calr,0.47533396,0.24691358024691357,Itga3,Itga3,0.10994522,0.14183915846623685,Microglia,Neurons,0.29263958,0.0
Ybx1,Ybx1,0.21539892,0.11471041929603142,Notch1,Notch1,0.36985317,0.2512315270935961,Oligodendrocytes,OPCs,0.29262605,0.0
Lamc1,Lamc1,0.17943668,0.22225992534781133,Dag1,Dag1,0.4057683,0.23076923076923078,Neurons,Pericytes,0.29260248,0.0
Bmp7,Bmp7,0.1620248,0.11330049261083744,Bmpr1a,Bmpr1a_Bmpr2,0.42279664,0.4272141160502206,OPCs,Neurons,0.29241073,0.0
Bmp7,Bmp7,0.1620248,0.11330049261083744,Bmpr1a,Acvr2a_Bmpr1a,0.42279664,0.4272141160502206,OPCs,Neurons,0.29241073,0.0
Vegfb,Vegfb,0.17500852,0.11822660098522167,Nrp1,Nrp1,0.40976745,0.1794871794871795,OPCs,Pericytes,0.292388,0.0
Alcam,Alcam,0.32285097,0.1440329218106996,Nrp1,Nrp1,0.2617305,0.17525773195876287,Microglia,Astrocytes,0.29229075,1.0
Apoe,Apoe,0.33165058,0.2297251442144554,Sorl1,Sorl1,0.25281036,0.13168724279835392,Neurons,Microglia,0.2922305,1.0
Adam9,Adam9,0.20066395,0.11522633744855967,Itgav,Itgav,0.38362354,0.21794871794871795,Microglia,Pericytes,0.29214376,0.01
App,App,0.46430153,0.24742268041237114,Ncstn,Ncstn,0.11996884,0.15676959619952494,Astrocytes,Neurons,0.29213518,1.0
Col4a1,Col4a1,0.109081805,0.14319647098744487,Itga9,Itga9_Itgb1,0.47447187,0.22633744855967078,Neurons,Microglia,0.29177684,0.0
Sema4d,Sema4d,0.2898728,0.332880895826264,Plxnb3,Plxnb3,0.29366615,0.16238956668068993,Neurons,Oligodendrocytes,0.29176947,0.0
Gnai2,Gnai2,0.4459763,0.22435897435897437,Adora1,Adora1,0.13666838,0.1503223617237869,Pericytes,Neurons,0.29132235,0.0
Nrg2,Nrg2,0.33212212,0.22167487684729065,Nrp2,Nrp2,0.25049317,0.24431625381744146,OPCs,Neurons,0.29130763,0.0
Arf1,Arf1,0.21610665,0.10138830458561211,Insr,Insr,0.36641166,0.23195876288659795,Oligodendrocytes,Astrocytes,0.29125917,0.75
Efna5,Efna5,0.20953123,0.11538461538461539,Epha3,Epha3,0.37294137,0.30844927044451986,Pericytes,Neurons,0.2912363,0.01
Alcam,Alcam,0.32285097,0.1440329218106996,Chl1,Chl1,0.25932926,0.15763546798029557,Microglia,OPCs,0.29109013,1.0
Cntn2,Cntn2,0.20282064,0.25212080081438754,Nrcam,Nrcam,0.37932366,0.16025641025641027,Neurons,Pericytes,0.29107216,1.0
Agrn,Agrn,0.37276822,0.20512820512820512,Lrp4,Lrp4,0.2088158,0.13402061855670103,Pericytes,Astrocytes,0.29079202,0.0
Hspa4,Hspa4,0.3686146,0.39260264675941636,Tlr4,Tlr4,0.21267976,0.10699588477366255,Neurons,Microglia,0.29064718,0.0
Jam3,Jam3,0.2525993,0.14102564102564102,Itgb1,Itgb1,0.3285385,0.35900916185951814,Pericytes,Neurons,0.2905689,0.72
Arf1,Arf1,0.2621774,0.1346153846153846,Insr,Insr,0.3186862,0.18454634693591362,Pericytes,Oligodendrocytes,0.2904318,0.71
Vegfa,Vegfa,0.17069003,0.2130980658296573,Nrp1,Nrp1,0.40976745,0.1794871794871795,Neurons,Pericytes,0.29022872,0.0
Spp1,Spp1,0.29703212,0.1282051282051282,Itgb5,Itgav_Itgb5,0.2834249,0.17525773195876287,Pericytes,Astrocytes,0.29022852,0.0
Lrpap1,Lrpap1,0.30817145,0.16666666666666666,Vldlr,Vldlr,0.27211878,0.15453653064086384,Pericytes,Oligodendrocytes,0.2901451,0.02
Trf,Trf,0.20110586,0.12315270935960591,Tfrc,Tfrc,0.37908578,0.3983712249745504,OPCs,Neurons,0.2900958,1.0
Vegfa,Vegfa,0.17069003,0.2130980658296573,Itgav,Itgav,0.40935338,0.25773195876288657,Neurons,Astrocytes,0.29002172,0.0
Vegfc,Vegfc,0.105157435,0.11706820495419071,Itga9,Itga9,0.47447187,0.22633744855967078,Neurons,Microglia,0.28981465,0.0
Gnai2,Gnai2,0.15861359,0.16762809636918902,Adcy7,Adcy7,0.42093673,0.20164609053497942,Neurons,Microglia,0.28977516,0.0
Tfpi,Tfpi,0.30730832,0.16025641025641027,Vldlr,Vldlr,0.27211878,0.15453653064086384,Pericytes,Oligodendrocytes,0.28971356,0.0
Il1rapl1,Il1rapl1,0.35937026,0.13168724279835392,Ptprf,Ptprf,0.21931775,0.12371134020618557,Microglia,Astrocytes,0.289344,1.0
Psen1,Psen1,0.23310022,0.2809636918900577,Notch1,Notch1,0.34546015,0.19230769230769232,Neurons,Pericytes,0.28928018,0.0
Ncam1,Ncam1,0.25594413,0.1111111111111111,Robo1,Robo1,0.32261372,0.13168724279835392,Microglia,Microglia,0.28927892,1.0
Sema3a,Sema3a,0.17983061,0.14794706481167288,Plxna2,Nrp1_Plxna2,0.3984046,0.19230769230769232,Neurons,Pericytes,0.2891176,0.0
Gnai2,Gnai2,0.30984014,0.21182266009852216,Adora1,Adora1,0.26831418,0.18719211822660098,OPCs,OPCs,0.28907716,0.0
Omg,Omg,0.22900997,0.14690721649484537,Tnfrsf1b,Tnfrsf1b,0.34899837,0.1728395061728395,Astrocytes,Microglia,0.28900418,0.0
Icam1,Icam1,0.26006752,0.12345679012345678,Itgb2,Itgam_Itgb2,0.3178427,0.15637860082304528,Microglia,Microglia,0.2889551,0.0
Psen1,Psen1,0.23310022,0.2809636918900577,Notch1,Notch1,0.34465346,0.22422680412371135,Neurons,Astrocytes,0.28887683,0.0
Lrig2,Lrig2,0.32577637,0.22660098522167488,Egfr,Egfr,0.25086373,0.1282051282051282,OPCs,Pericytes,0.28832006,0.0
Mdk,Mdk,0.281712,0.18719211822660098,Ncl,Ncl,0.29456192,0.16025641025641027,OPCs,Pericytes,0.28813696,0.0
Cntn2,Cntn2,0.20282064,0.25212080081438754,Cntn1,Cntn1,0.37318683,0.15285373720375825,Neurons,Oligodendrocytes,0.28800374,1.0
Reln,Reln,0.19373655,0.12249745503902273,Lrp8,Lrp8,0.38208684,0.41839158466236853,Neurons,Neurons,0.2879117,0.0
Fgf1,Fgf1,0.1992148,0.1110643668489693,Fgfr1,Fgfr1,0.37643418,0.1987179487179487,Oligodendrocytes,Pericytes,0.28782448,0.0
Efna5,Efna5,0.20953123,0.11538461538461539,Ephb2,Ephb2,0.36587283,0.4024431625381744,Pericytes,Neurons,0.28770202,0.02
Hras,Hras,0.20868927,0.1995249406175772,Insr,Insr,0.36641166,0.23195876288659795,Neurons,Astrocytes,0.28755045,0.11
Lama2,Lama2,0.25226915,0.12326461926798485,Dag1,Dag1,0.322574,0.19845360824742267,Oligodendrocytes,Astrocytes,0.28742158,0.0
Lamc3,Lamc3,0.3778231,0.16025641025641027,Dag1,Dag1,0.19690774,0.1111111111111111,Pericytes,Microglia,0.28736544,0.0
Agrn,Agrn,0.35898203,0.21649484536082475,Itgb1,Itgb1,0.2157086,0.13402061855670103,Astrocytes,Astrocytes,0.28734532,0.04
Col4a2,Col4a2,0.29112208,0.14743589743589744,Itgb5,Itgb5,0.2834249,0.17525773195876287,Pericytes,Astrocytes,0.2872735,0.0
H2-K1,H2-K1,0.31424373,0.19329896907216496,Aplp2,Aplp2,0.26024443,0.14814814814814814,Astrocytes,Microglia,0.28724408,0.97
Ccl25,Ccl25,0.28411928,0.18719211822660098,Grm7,Grm7,0.2902294,0.11522633744855967,OPCs,Microglia,0.28717434,1.0
Jag1,Jag1,0.41757524,0.1987179487179487,Cd46,Cd46,0.15669757,0.10344827586206896,Pericytes,OPCs,0.2871364,0.0
Mif,Mif,0.32334775,0.16666666666666666,Egfr,Egfr,0.25086373,0.1282051282051282,Pericytes,Pericytes,0.28710574,0.49
Efnb3,Efnb3,0.48290431,0.25045575655588276,Ephb6,Ephb6,0.09125468,0.10960298608754666,Oligodendrocytes,Neurons,0.2870795,0.0
Gas6,Gas6,0.1374098,0.10344827586206896,Mertk,Mertk,0.43652764,0.21794871794871795,OPCs,Pericytes,0.2869687,0.0
Actr2,Actr2,0.27099273,0.16666666666666666,Ldlr,Ldlr,0.3027977,0.2019704433497537,Pericytes,OPCs,0.28689522,0.08
Fam3c,Fam3c,0.16299295,0.1815405497115711,Lifr,Lifr,0.41033387,0.205761316872428,Neurons,Microglia,0.2866634,0.0
Cxcl12,Cxcl12,0.28304973,0.1346153846153846,Grm7,Grm7,0.2902294,0.11522633744855967,Pericytes,Microglia,0.28663957,1.0
Itgb3bp,Itgb3bp,0.17475519,0.20834747200542925,Itgb5,Itgb5,0.3980638,0.1987179487179487,Neurons,Pericytes,0.2864095,0.0
Timp3,Timp3,0.3947861,0.2413793103448276,Ddr1,Ddr1,0.17787628,0.21445537835086528,OPCs,Neurons,0.28633118,0.26
Omg,Omg,0.27435836,0.18226600985221675,Lingo1,Lingo1,0.29802364,0.33932813030200204,OPCs,Neurons,0.286191,0.0
Efnb2,Efnb2,0.10097656,0.12690872073294876,Epha4,Epha4,0.4713446,0.2757731958762887,Neurons,Astrocytes,0.2861606,0.0
Lamb2,Lamb2,0.24954917,0.14102564102564102,Dag1,Dag1,0.322574,0.19845360824742267,Pericytes,Astrocytes,0.28606158,0.0
Col4a1,Col4a1,0.2601021,0.1346153846153846,Cd47,Cd47,0.3118425,0.17307692307692307,Pericytes,Pericytes,0.2859723,0.0
Hsp90b1,Hsp90b1,0.3592447,0.18384518300378627,Tlr4,Tlr4,0.21267976,0.10699588477366255,Oligodendrocytes,Microglia,0.28596222,0.0
Lrpap1,Lrpap1,0.40680873,0.4065151001017984,Ldlr,Ldlr,0.16484001,0.18730912792670512,Neurons,Neurons,0.28582436,0.0
Timp3,Timp3,0.3947861,0.2413793103448276,Ddr1,Ddr1,0.17666206,0.10897435897435898,OPCs,Pericytes,0.28572407,0.37
Col4a4,Col4a4,0.2415591,0.11538461538461539,Cd47,Cd47,0.32969865,0.1771140092553639,Pericytes,Oligodendrocytes,0.28562889,0.0
Apoe,Apoe,0.33165058,0.2297251442144554,Sorl1,Sorl1,0.23915981,0.13209928481278924,Neurons,Oligodendrocytes,0.2854052,1.0
Vegfb,Vegfb,0.16093843,0.1056701030927835,Nrp1,Nrp1,0.40976745,0.1794871794871795,Astrocytes,Pericytes,0.28535295,0.0
Farp2,Farp2,0.17225671,0.22124194095690533,Plxna2,Plxna2,0.3984046,0.19230769230769232,Neurons,Pericytes,0.28533065,0.0
Jam3,Jam3,0.2525993,0.14102564102564102,Itgb2,Itgam_Itgb2,0.3178427,0.15637860082304528,Pericytes,Microglia,0.28522098,0.0
Lamc3,Lamc3,0.3778231,0.16025641025641027,Itga6,Itga6_Itgb1,0.19249217,0.10897435897435898,Pericytes,Pericytes,0.28515765,0.0
Apoe,Apoe,0.33165058,0.2297251442144554,Ldlr,Ldlr,0.23860839,0.10897435897435898,Neurons,Pericytes,0.2851295,1.0
Lin7c,Lin7c,0.1345213,0.16966406515100102,Abca1,Abca1,0.43556362,0.27319587628865977,Neurons,Astrocytes,0.28504246,0.0
Fndc5,Fndc5,0.22719352,0.2507634882931795,Itgav,Itgav,0.34272376,0.1841256485766372,Neurons,Oligodendrocytes,0.28495863,0.0
Vegfa,Vegfa,0.2038304,0.11538461538461539,Ephb2,Ephb2,0.36587283,0.4024431625381744,Pericytes,Neurons,0.2848516,0.0
Agrn,Agrn,0.37276822,0.20512820512820512,Dag1,Dag1,0.19690774,0.1111111111111111,Pericytes,Microglia,0.284838,0.01
Rims2,Rims2,0.3555113,0.16025641025641027,Abca1,Abca1,0.21408409,0.1346153846153846,Pericytes,Pericytes,0.2847977,1.0
Jag1,Jag1,0.18632764,0.12807881773399016,Notch2,Notch2,0.38308427,0.2345360824742268,OPCs,Astrocytes,0.28470594,0.0
Psen1,Psen1,0.16640235,0.11822660098522167,Notch2,Notch2,0.4022878,0.1794871794871795,OPCs,Pericytes,0.2843451,0.0
Arf1,Arf1,0.30964208,0.2979300984051578,Pld2,Pld2,0.25879928,0.17268041237113402,Neurons,Astrocytes,0.2842207,0.0
Adam9,Adam9,0.15883441,0.1981676280963692,Itgav,Itgav,0.40935338,0.25773195876288657,Neurons,Astrocytes,0.2840939,0.0
Fgf1,Fgf1,0.1916877,0.10256410256410256,Fgfr1,Fgfr1,0.37643418,0.1987179487179487,Pericytes,Pericytes,0.28406096,0.0
Agrn,Agrn,0.35898203,0.21649484536082475,Lrp4,Lrp4,0.2088158,0.13402061855670103,Astrocytes,Astrocytes,0.28389892,0.0
Mdk,Mdk,0.44691485,0.2654639175257732,Sdc3,Sdc3,0.1207724,0.1340346114692908,Astrocytes,Neurons,0.28384364,0.0
Cd47,Cd47,0.32969865,0.1771140092553639,Sirpa,Sirpa,0.23754907,0.14690721649484537,Oligodendrocytes,Astrocytes,0.28362387,0.37
Sirpa,Sirpa,0.23754907,0.14690721649484537,Cd47,Cd47,0.32969865,0.1771140092553639,Astrocytes,Oligodendrocytes,0.28362387,0.37
Mdk,Mdk,0.281712,0.18719211822660098,Ncl,Ncl,0.28549346,0.1921182266009852,OPCs,OPCs,0.2836027,0.0
Cd47,Cd47,0.32969865,0.1771140092553639,Sirpa,Sirpa,0.23748541,0.2704445198506956,Oligodendrocytes,Neurons,0.28359205,0.17
Sirpa,Sirpa,0.23748541,0.2704445198506956,Cd47,Cd47,0.32969865,0.1771140092553639,Neurons,Oligodendrocytes,0.28359205,0.17
Fgf12,Fgf12,0.37540203,0.15384615384615385,Fgfr1,Fgfr1,0.19155976,0.13793103448275862,Pericytes,OPCs,0.28348088,1.0
Jag1,Jag1,0.18632764,0.12807881773399016,Cd46,Cd46,0.38041055,0.4010858500169664,OPCs,Neurons,0.2833691,0.0
Fgf1,Fgf1,0.1992148,0.1110643668489693,Fgfr1,Fgfr1,0.36719236,0.2268041237113402,Oligodendrocytes,Astrocytes,0.28320357,0.0
B2m,B2m,0.1869876,0.16287750254496097,Tfrc,Tfrc,0.37908578,0.3983712249745504,Neurons,Neurons,0.28303668,0.0
Adam9,Adam9,0.2818639,0.2019704433497537,Itgb5,Itgb5,0.2834249,0.17525773195876287,OPCs,Astrocytes,0.2826444,0.0
Spon1,Spon1,0.18311895,0.15914489311163896,Lrp8,Lrp8,0.38208684,0.41839158466236853,Neurons,Neurons,0.2826029,0.0
Lrrc4b,Lrrc4b,0.3365888,0.35799117746861214,Ptprs,Ptprs,0.22819644,0.12074042911232646,Neurons,Oligodendrocytes,0.28239262,1.0
Lgi3,Lgi3,0.43380603,0.21722058617304726,Stx1a,Stx1a,0.13084665,0.10344827586206896,Oligodendrocytes,OPCs,0.28232634,0.0
Lgi4,Lgi4,0.26838276,0.17010309278350516,Adam22,Adam22,0.29622468,0.17783505154639176,Astrocytes,Astrocytes,0.28230372,0.99
Bmp6,Bmp6,0.32163987,0.1282051282051282,Bmpr1b,Bmpr1b_Bmpr2,0.24296553,0.12179487179487179,Pericytes,Pericytes,0.2823027,0.0
Slitrk2,Slitrk2,0.33605346,0.2190721649484536,Ptprs,Ptprs,0.22819644,0.12074042911232646,Astrocytes,Oligodendrocytes,0.28212494,0.03
Gnai2,Gnai2,0.30984014,0.21182266009852216,Tbxa2r,Tbxa2r,0.25419316,0.12179487179487179,OPCs,Pericytes,0.28201663,0.0
Entpd1,Entpd1,0.29559296,0.21674876847290642,Adora1,Adora1,0.26831418,0.18719211822660098,OPCs,OPCs,0.28195357,0.0
Sirpa,Sirpa,0.17701435,0.1330049261083744,Cd47,Cd47,0.3864545,0.19753086419753085,OPCs,Microglia,0.2817344,0.55
Cd47,Cd47,0.3864545,0.19753086419753085,Sirpa,Sirpa,0.17701435,0.1330049261083744,Microglia,OPCs,0.2817344,0.55
Bmp6,Bmp6,0.32163987,0.1282051282051282,Bmpr1a,Bmpr1a_Bmpr2,0.24159843,0.14275697658112466,Pericytes,Oligodendrocytes,0.28161913,0.0
Col4a5,Col4a5,0.33988053,0.16025641025641027,Itgb8,Itgav_Itgb8,0.22328635,0.12634974056934511,Pericytes,Oligodendrocytes,0.28158343,0.0
Adam15,Adam15,0.17953819,0.2130980658296573,Itgav,Itgav,0.38362354,0.21794871794871795,Neurons,Pericytes,0.28158087,0.02
Farp2,Farp2,0.16458921,0.11822660098522167,Plxna2,Plxna2,0.3984046,0.19230769230769232,OPCs,Pericytes,0.2814969,0.0
Fgf1,Fgf1,0.1992148,0.1110643668489693,Fgfr1,Fgfr1,0.3637709,0.3712249745503902,Oligodendrocytes,Neurons,0.28149286,0.0
Lrpap1,Lrpap1,0.40680873,0.4065151001017984,Ldlr,Ldlr,0.15600981,0.10309278350515463,Neurons,Astrocytes,0.28140926,0.0
Ybx1,Ybx1,0.19288523,0.12628865979381443,Notch1,Notch1,0.36985317,0.2512315270935961,Astrocytes,OPCs,0.2813692,0.0
Gnai2,Gnai2,0.30984014,0.21182266009852216,S1pr1,S1pr1,0.25263208,0.14102564102564102,OPCs,Pericytes,0.2812361,0.0
Bmp6,Bmp6,0.32163987,0.1282051282051282,Acvr1,Acvr1_Bmpr2,0.24030326,0.15721649484536082,Pericytes,Astrocytes,0.28097156,0.0
Timp3,Timp3,0.19751117,0.2307431286053614,Ddr1,Ddr1,0.36414883,0.2345360824742268,Neurons,Astrocytes,0.28083,0.47
Gnai2,Gnai2,0.30984014,0.21182266009852216,Oprm1,Oprm1,0.2517955,0.25110281642348153,OPCs,Neurons,0.2808178,0.0
Lgi4,Lgi4,0.26838276,0.17010309278350516,Adam23,Adam23,0.29300362,0.14794558967886692,Astrocytes,Oligodendrocytes,0.28069317,0.03
Lrrc4b,Lrrc4b,0.28049767,0.18041237113402062,Ptprs,Ptprs,0.2808447,0.17307692307692307,Astrocytes,Pericytes,0.28067118,0.99
Lrpap1,Lrpap1,0.30817145,0.16666666666666666,Sorl1,Sorl1,0.25281036,0.13168724279835392,Pericytes,Microglia,0.2804909,0.48
Ybx1,Ybx1,0.21539892,0.11471041929603142,Notch1,Notch1,0.34546015,0.19230769230769232,Oligodendrocytes,Pericytes,0.28042954,0.0
Trf,Trf,0.25790828,0.1346153846153846,Ldlr,Ldlr,0.3027977,0.2019704433497537,Pericytes,OPCs,0.280353,1.0
Gnai2,Gnai2,0.30984014,0.21182266009852216,Egfr,Egfr,0.25086373,0.1282051282051282,OPCs,Pericytes,0.28035194,0.0
Slit2,Slit2,0.17040688,0.11330049261083744,Robo2,Robo2,0.38992465,0.17307692307692307,OPCs,Pericytes,0.28016576,1.0
Ybx1,Ybx1,0.21539892,0.11471041929603142,Notch1,Notch1,0.34465346,0.22422680412371135,Oligodendrocytes,Astrocytes,0.2800262,0.0
Slitrk1,Slitrk1,0.26372722,0.2992874109263658,Enpep,Enpep,0.29612395,0.17783505154639176,Neurons,Astrocytes,0.27992558,0.0
Mdk,Mdk,0.281712,0.18719211822660098,Sdc2,Sdc2,0.27804708,0.27994570749915165,OPCs,Neurons,0.27987954,0.0
Timp2,Timp2,0.4497188,0.4160162877502545,Itga3,Itga3,0.10994522,0.14183915846623685,Neurons,Neurons,0.279832,0.0
Ntrk3,Ntrk3,0.19014487,0.10699588477366255,Ptprs,Ptprs,0.36926973,0.205761316872428,Microglia,Microglia,0.2797073,1.0
Bmp6,Bmp6,0.32163987,0.1282051282051282,Acvr2a,Acvr2a_Bmpr1a,0.23773637,0.1282051282051282,Pericytes,Pericytes,0.27968812,0.0
Bmp6,Bmp6,0.32163987,0.1282051282051282,Acvr2a,Acvr2a_Bmpr1b,0.23773637,0.1282051282051282,Pericytes,Pericytes,0.27968812,0.0
Arf1,Arf1,0.24052234,0.13580246913580246,Insr,Insr,0.3186862,0.18454634693591362,Microglia,Oligodendrocytes,0.27960426,0.9
Actr2,Actr2,0.25639525,0.15979381443298968,Ldlr,Ldlr,0.3027977,0.2019704433497537,Astrocytes,OPCs,0.27959648,0.05
Fgf1,Fgf1,0.1916877,0.10256410256410256,Fgfr1,Fgfr1,0.36719236,0.2268041237113402,Pericytes,Astrocytes,0.27944005,0.0
Lrpap1,Lrpap1,0.2861818,0.17525773195876287,Vldlr,Vldlr,0.27211878,0.15453653064086384,Astrocytes,Oligodendrocytes,0.2791503,0.0
Trf,Trf,0.17906584,0.14217848659653887,Tfrc,Tfrc,0.37908578,0.3983712249745504,Neurons,Neurons,0.2790758,1.0
Col4a5,Col4a5,0.33988053,0.16025641025641027,Itgb8,Itgav_Itgb8,0.21812287,0.1282051282051282,Pericytes,Pericytes,0.2790017,0.0
Actr2,Actr2,0.25491503,0.13490394054129856,Ldlr,Ldlr,0.3027977,0.2019704433497537,Oligodendrocytes,OPCs,0.27885637,0.04
Gpi1,Gpi1,0.29816088,0.19230769230769232,Amfr,Amfr,0.2593781,0.30709195792331184,Pericytes,Neurons,0.2787695,0.49
Adam9,Adam9,0.15883441,0.1981676280963692,Itgb5,Itgb5,0.3980638,0.1987179487179487,Neurons,Pericytes,0.27844912,0.0
Cklf,Cklf,0.23938446,0.12345679012345678,Lrp6,Lrp6,0.31696966,0.17695473251028807,Microglia,Microglia,0.27817705,0.0
Jag1,Jag1,0.18632764,0.12807881773399016,Notch1,Notch1,0.36985317,0.2512315270935961,OPCs,OPCs,0.27809042,0.0
Lrrc4b,Lrrc4b,0.3365888,0.35799117746861214,Ptprf,Ptprf,0.21931775,0.12371134020618557,Neurons,Astrocytes,0.27795327,0.0
Agrn,Agrn,0.35898203,0.21649484536082475,Dag1,Dag1,0.19690774,0.1111111111111111,Astrocytes,Microglia,0.2779449,0.0
Hspa4,Hspa4,0.34318626,0.19753086419753085,Tlr4,Tlr4,0.21267976,0.10699588477366255,Microglia,Microglia,0.277933,0.0
Fn1,Fn1,0.27777004,0.1346153846153846,Sdc2,Sdc2,0.27804708,0.27994570749915165,Pericytes,Neurons,0.27790856,0.0
Edil3,Edil3,0.21299644,0.10699588477366255,Itgav,Itgav,0.34272376,0.1841256485766372,Microglia,Oligodendrocytes,0.2778601,1.0
Fgf1,Fgf1,0.1916877,0.10256410256410256,Fgfr1,Fgfr1,0.3637709,0.3712249745503902,Pericytes,Neurons,0.2777293,0.0
Gpi1,Gpi1,0.29597762,0.1728395061728395,Amfr,Amfr,0.2593781,0.30709195792331184,Microglia,Neurons,0.27767786,0.49
Mdk,Mdk,0.281712,0.18719211822660098,Ncl,Ncl,0.273288,0.2734984730234136,OPCs,Neurons,0.2775,0.0
Sema4d,Sema4d,0.32944363,0.18384518300378627,Plxnb1,Plxnb1,0.22553286,0.1346153846153846,Oligodendrocytes,Pericytes,0.27748823,0.0
Lrpap1,Lrpap1,0.39003626,0.2561576354679803,Ldlr,Ldlr,0.16484001,0.18730912792670512,OPCs,Neurons,0.27743813,0.0
Enho,Enho,0.45573235,0.25257731958762886,Gpr19,Gpr19,0.09894353,0.12928401764506278,Astrocytes,Neurons,0.27733794,0.0
Actr2,Actr2,0.31603527,0.21182266009852216,Ldlr,Ldlr,0.23860839,0.10897435897435898,OPCs,Pericytes,0.27732182,0.19
Fgf9,Fgf9,0.1779892,0.21174075330844927,Fgfr1,Fgfr1,0.37643418,0.1987179487179487,Neurons,Pericytes,0.2772117,0.0
Vegfa,Vegfa,0.17069003,0.2130980658296573,Itgav,Itgav,0.38362354,0.21794871794871795,Neurons,Pericytes,0.27715677,0.03
Nlgn2,Nlgn2,0.3031204,0.34068544282321006,Nrxn2,Nrxn2,0.25109345,0.14743589743589744,Neurons,Pericytes,0.27710694,0.44
Nrxn2,Nrxn2,0.25109345,0.14743589743589744,Nlgn2,Nlgn2,0.3031204,0.34068544282321006,Pericytes,Neurons,0.27710694,0.44
Gpi1,Gpi1,0.29450607,0.1442995372318048,Amfr,Amfr,0.2593781,0.30709195792331184,Oligodendrocytes,Neurons,0.27694207,0.63
Farp2,Farp2,0.17225671,0.22124194095690533,Plxna2,Plxna2,0.38133705,0.23645320197044334,Neurons,OPCs,0.27679688,0.0
Col4a4,Col4a4,0.2415591,0.11538461538461539,Cd47,Cd47,0.3118425,0.17307692307692307,Pericytes,Pericytes,0.2767008,0.0
Slit1,Slit1,0.16345389,0.18595181540549713,Robo2,Robo2,0.38992465,0.17307692307692307,Neurons,Pericytes,0.27668926,0.84
Dll3,Dll3,0.15071326,0.10837438423645321,Notch2,Notch2,0.4022878,0.1794871794871795,OPCs,Pericytes,0.27650052,0.0
Gnai2,Gnai2,0.2388187,0.13402061855670103,Ednrb,Ednrb,0.31387123,0.22167487684729065,Astrocytes,OPCs,0.27634495,0.0
Ccl25,Ccl25,0.26205206,0.31116389548693585,Grm7,Grm7,0.2902294,0.11522633744855967,Neurons,Microglia,0.27614075,1.0
Gnai2,Gnai2,0.2388187,0.13402061855670103,Adcy1,Adcy1,0.3133616,0.3461146929080421,Astrocytes,Neurons,0.27609015,0.0
Sema3c,Sema3c,0.15367123,0.16491347132677298,Plxna2,Nrp1_Plxna2,0.3984046,0.19230769230769232,Neurons,Pericytes,0.27603793,0.0
Ccl25,Ccl25,0.28411928,0.18719211822660098,Grm7,Grm7,0.26770332,0.11082474226804123,OPCs,Astrocytes,0.2759113,1.0
Lgals3bp,Lgals3bp,0.22316898,0.1111111111111111,Itgb1,Itgb1,0.3285385,0.35900916185951814,Microglia,Neurons,0.27585375,0.0
Gnai2,Gnai2,0.4459763,0.22435897435897437,Adcy7,Adcy7,0.10572527,0.13165931455717678,Pericytes,Neurons,0.27585077,0.0
Col5a2,Col5a2,0.26651284,0.12179487179487179,Ddr1,Ddr1,0.2843454,0.2019704433497537,Pericytes,OPCs,0.27542913,0.01
Cxcl12,Cxcl12,0.28304973,0.1346153846153846,Grm7,Grm7,0.26770332,0.11082474226804123,Pericytes,Astrocytes,0.27537653,1.0
Apoe,Apoe,0.33165058,0.2297251442144554,Vldlr,Vldlr,0.21881776,0.15763546798029557,Neurons,OPCs,0.27523416,1.0
Sema3c,Sema3c,0.26010638,0.10256410256410256,Nrp2,Nrp2_Plxna2,0.29024595,0.1921182266009852,Pericytes,OPCs,0.27517617,0.0
Spp1,Spp1,0.29703212,0.1282051282051282,S1pr1,S1pr1,0.25263208,0.14102564102564102,Pericytes,Pericytes,0.2748321,0.0
Psen1,Psen1,0.16640235,0.11822660098522167,Notch2,Notch2,0.38308427,0.2345360824742268,OPCs,Astrocytes,0.27474332,0.0
Sirpa,Sirpa,0.23754907,0.14690721649484537,Cd47,Cd47,0.3118425,0.17307692307692307,Astrocytes,Pericytes,0.27469578,0.5
Cd47,Cd47,0.3118425,0.17307692307692307,Sirpa,Sirpa,0.23754907,0.14690721649484537,Pericytes,Astrocytes,0.27469578,0.5
Cd47,Cd47,0.3118425,0.17307692307692307,Sirpa,Sirpa,0.23748541,0.2704445198506956,Pericytes,Neurons,0.27466395,0.53
Sirpa,Sirpa,0.23748541,0.2704445198506956,Cd47,Cd47,0.3118425,0.17307692307692307,Neurons,Pericytes,0.27466395,0.53
Sema5a,Sema5a,0.2552436,0.14102564102564102,Plxnb3,Plxnb3,0.29366615,0.16238956668068993,Pericytes,Oligodendrocytes,0.2744549,0.01
Omg,Omg,0.1996086,0.22124194095690533,Tnfrsf1b,Tnfrsf1b,0.34899837,0.1728395061728395,Neurons,Microglia,0.2743035,0.0
Lrrc4b,Lrrc4b,0.28049767,0.18041237113402062,Ptprf,Ptprf,0.26744348,0.31218187987784185,Astrocytes,Neurons,0.27397057,0.01
Lrpap1,Lrpap1,0.30817145,0.16666666666666666,Sorl1,Sorl1,0.23915981,0.13209928481278924,Pericytes,Oligodendrocytes,0.27366564,0.54
Sema4d,Sema4d,0.2898728,0.332880895826264,Plxnb2,Plxnb2,0.2572412,0.13580246913580246,Neurons,Microglia,0.273557,0.0
Rgma,Rgma,0.28159732,0.2019704433497537,Bmpr2,Bmpr2,0.2655128,0.14486046837750666,OPCs,Oligodendrocytes,0.27355504,0.68
Lrpap1,Lrpap1,0.30817145,0.16666666666666666,Ldlr,Ldlr,0.23860839,0.10897435897435898,Pericytes,Pericytes,0.27338994,0.01
Vegfa,Vegfa,0.2038304,0.11538461538461539,Itgav,Itgav,0.34272376,0.1841256485766372,Pericytes,Oligodendrocytes,0.27327707,0.0
Lrpap1,Lrpap1,0.39003626,0.2561576354679803,Ldlr,Ldlr,0.15600981,0.10309278350515463,OPCs,Astrocytes,0.27302304,0.0
Farp2,Farp2,0.16458921,0.11822660098522167,Plxna2,Plxna2,0.38133705,0.23645320197044334,OPCs,OPCs,0.27296314,0.0
Lrpap1,Lrpap1,0.40680873,0.4065151001017984,Lrp8,Lrp8,0.13910225,0.10344827586206896,Neurons,OPCs,0.27295548,0.0
Apoe,Apoe,0.33165058,0.2297251442144554,Abca1,Abca1,0.21408409,0.1346153846153846,Neurons,Pericytes,0.27286732,1.0
Adam17,Adam17,0.25703877,0.1724137931034483,Erbb4,Erbb4,0.28844282,0.10699588477366255,OPCs,Microglia,0.27274078,1.0
Fgf9,Fgf9,0.1779892,0.21174075330844927,Fgfr1,Fgfr1,0.36719236,0.2268041237113402,Neurons,Astrocytes,0.2725908,0.0
Sparc,Sparc,0.16870826,0.11333559552086868,Fgfr1,Fgfr1,0.37643418,0.1987179487179487,Neurons,Pericytes,0.2725712,0.99
Slitrk1,Slitrk1,0.26372722,0.2992874109263658,Ptprs,Ptprs,0.2808447,0.17307692307692307,Neurons,Pericytes,0.27228594,0.6
S100a1,S100a1,0.3314178,0.17783505154639176,Tlr4,Tlr4,0.21267976,0.10699588477366255,Astrocytes,Microglia,0.27204877,0.0
Gnai2,Gnai2,0.30984014,0.21182266009852216,Cav1,Cav1,0.2342012,0.1625615763546798,OPCs,OPCs,0.27202067,0.0
Omg,Omg,0.24582078,0.13490394054129856,Lingo1,Lingo1,0.29802364,0.33932813030200204,Oligodendrocytes,Neurons,0.2719222,0.0
Adam9,Adam9,0.20066395,0.11522633744855967,Itgav,Itgav,0.34272376,0.1841256485766372,Microglia,Oligodendrocytes,0.27169386,0.0
Adam9,Adam9,0.15883441,0.1981676280963692,Itgav,Itgav,0.38362354,0.21794871794871795,Neurons,Pericytes,0.27122897,0.04
Fgf9,Fgf9,0.1779892,0.21174075330844927,Fgfr1,Fgfr1,0.3637709,0.3712249745503902,Neurons,Neurons,0.27088004,0.0
Sema4b,Sema4b,0.28733745,0.1958762886597938,Dcbld2,Dcbld2,0.25421625,0.18719211822660098,Astrocytes,OPCs,0.27077687,0.0
Sema4a,Sema4a,0.10509484,0.13030200203596878,Nrp1,Nrp1_Plxna4,0.436427,0.35595520868680014,Neurons,Neurons,0.27076092,0.0
Sema4a,Sema4a,0.10509484,0.13030200203596878,Nrp1,Nrp1_Plxna2,0.436427,0.35595520868680014,Neurons,Neurons,0.27076092,0.0
Apoe,Apoe,0.33165058,0.2297251442144554,Lrp4,Lrp4,0.2088158,0.13402061855670103,Neurons,Astrocytes,0.27023318,1.0
Col1a2,Col1a2,0.43047568,0.21794871794871795,Itga3,Itga3_Itgb1,0.10994522,0.14183915846623685,Pericytes,Neurons,0.27021044,0.0
Fgf12,Fgf12,0.34823906,0.1958762886597938,Fgfr1,Fgfr1,0.19155976,0.13793103448275862,Astrocytes,OPCs,0.26989943,1.0
Sema3e,Sema3e,0.2488546,0.19477434679334918,Nrp2,Nrp2,0.29024595,0.1921182266009852,Neurons,OPCs,0.26955026,0.0
Lrpap1,Lrpap1,0.2861818,0.17525773195876287,Sorl1,Sorl1,0.25281036,0.13168724279835392,Astrocytes,Microglia,0.26949608,0.66
Ltbp3,Ltbp3,0.14085186,0.18425517475398712,Itgb5,Itgb5,0.3980638,0.1987179487179487,Neurons,Pericytes,0.26945782,0.0
Col4a5,Col4a5,0.20917055,0.12628865979381443,Cd47,Cd47,0.32969865,0.1771140092553639,Astrocytes,Oligodendrocytes,0.2694346,0.0
Trf,Trf,0.23602748,0.10824742268041238,Ldlr,Ldlr,0.3027977,0.2019704433497537,Astrocytes,OPCs,0.26941258,1.0
Slitrk1,Slitrk1,0.31049326,0.22167487684729065,Ptprs,Ptprs,0.22819644,0.12074042911232646,OPCs,Oligodendrocytes,0.26934487,0.92
Fgf13,Fgf13,0.23687625,0.13793103448275862,Fgfr3,Fgfr3,0.30169475,0.14743589743589744,OPCs,Pericytes,0.2692855,0.03
Ybx1,Ybx1,0.19288523,0.12628865979381443,Notch1,Notch1,0.34546015,0.19230769230769232,Astrocytes,Pericytes,0.2691727,0.0
Hsp90b1,Hsp90b1,0.32557622,0.1958762886597938,Tlr4,Tlr4,0.21267976,0.10699588477366255,Astrocytes,Microglia,0.269128,0.01
Col4a6,Col4a6,0.3144239,0.1346153846153846,Itgb8,Itgav_Itgb8,0.22328635,0.12634974056934511,Pericytes,Oligodendrocytes,0.26885512,0.0
Ybx1,Ybx1,0.19288523,0.12628865979381443,Notch1,Notch1,0.34465346,0.22422680412371135,Astrocytes,Astrocytes,0.26876935,0.0
Calr,Calr,0.42742974,0.22435897435897437,Itga3,Itga3,0.10994522,0.14183915846623685,Pericytes,Neurons,0.2686875,0.03
Mmp2,Mmp2,0.1607177,0.11330049261083744,Fgfr1,Fgfr1,0.37643418,0.1987179487179487,OPCs,Pericytes,0.26857594,0.0
Vegfa,Vegfa,0.17069003,0.2130980658296573,Ephb2,Ephb2,0.36587283,0.4024431625381744,Neurons,Neurons,0.26828143,0.0
Il15ra,Il15ra,0.23124965,0.15979381443298968,Axl,Axl,0.30501413,0.16025641025641027,Astrocytes,Pericytes,0.26813188,0.0
Psen1,Psen1,0.16640235,0.11822660098522167,Notch1,Notch1,0.36985317,0.2512315270935961,OPCs,OPCs,0.26812777,0.0
Sparc,Sparc,0.16870826,0.11333559552086868,Fgfr1,Fgfr1,0.36719236,0.2268041237113402,Neurons,Astrocytes,0.2679503,1.0
Ptn,Ptn,0.41468883,0.34170342721411606,Sdc3,Sdc3,0.1207724,0.1340346114692908,Neurons,Neurons,0.26773062,1.0
Tln1,Tln1,0.13679479,0.165252799457075,Itgb5,Itgb5,0.3980638,0.1987179487179487,Neurons,Pericytes,0.2674293,0.0
Arf1,Arf1,0.21610665,0.10138830458561211,Insr,Insr,0.3186862,0.18454634693591362,Oligodendrocytes,Oligodendrocytes,0.26739642,1.0
Ncan,Ncan,0.32172057,0.22167487684729065,Sdc3,Sdc3,0.21290232,0.13144329896907217,OPCs,Astrocytes,0.26731145,0.0
Mdk,Mdk,0.281712,0.18719211822660098,Sorl1,Sorl1,0.25281036,0.13168724279835392,OPCs,Microglia,0.26726118,0.0
Lrpap1,Lrpap1,0.40680873,0.4065151001017984,Vldlr,Vldlr,0.1274754,0.15710892432982695,Neurons,Neurons,0.26714206,0.0
Dll3,Dll3,0.15071326,0.10837438423645321,Notch2,Notch2,0.38308427,0.2345360824742268,OPCs,Astrocytes,0.26689875,0.0
Nrg2,Nrg2,0.24343958,0.14690721649484537,Nrp2,Nrp2,0.29024595,0.1921182266009852,Astrocytes,OPCs,0.26684278,0.0
Lamc3,Lamc3,0.3778231,0.16025641025641027,Itga7,Itga7_Itgb1,0.15552875,0.1056701030927835,Pericytes,Astrocytes,0.26667595,0.0
Bcan,Bcan,0.28196418,0.14102564102564102,Egfr,Egfr,0.25086373,0.1282051282051282,Pericytes,Pericytes,0.26641396,0.0
Agrn,Agrn,0.19063604,0.11583228158743514,Dag1,Dag1,0.3419795,0.3752969121140142,Oligodendrocytes,Neurons,0.26630777,0.0
Col4a6,Col4a6,0.3144239,0.1346153846153846,Itgb8,Itgav_Itgb8,0.21812287,0.1282051282051282,Pericytes,Pericytes,0.26627338,0.0
Sparc,Sparc,0.16870826,0.11333559552086868,Fgfr1,Fgfr1,0.3637709,0.3712249745503902,Neurons,Neurons,0.26623958,1.0
Jag2,Jag2,0.13010482,0.16932473702069903,Notch2,Notch2,0.4022878,0.1794871794871795,Neurons,Pericytes,0.2661963,0.0
Vegfa,Vegfa,0.2038304,0.11538461538461539,Itgb1,Itgb1,0.3285385,0.35900916185951814,Pericytes,Neurons,0.26618445,0.0
Bmp1,Bmp1,0.18070869,0.12628865979381443,Bmpr1a,Bmpr1a,0.35141397,0.20164609053497942,Astrocytes,Microglia,0.26606134,0.01
Jag1,Jag1,0.18632764,0.12807881773399016,Notch1,Notch1,0.34546015,0.19230769230769232,OPCs,Pericytes,0.26589388,0.0
Jag1,Jag1,0.18632764,0.12807881773399016,Notch1,Notch1,0.34465346,0.22422680412371135,OPCs,Astrocytes,0.26549053,0.0
Angpt1,Angpt1,0.31520575,0.19072164948453607,Itgb1,Itgb1,0.2157086,0.13402061855670103,Astrocytes,Astrocytes,0.26545718,0.0
Il1rapl1,Il1rapl1,0.35937026,0.13168724279835392,Ptprf,Ptprf,0.17144528,0.10363202916841957,Microglia,Oligodendrocytes,0.26540777,1.0
Slit3,Slit3,0.29034072,0.2147947064811673,Robo2,Robo2,0.2402362,0.102880658436214,Neurons,Microglia,0.26528847,1.0
Nampt,Nampt,0.1640038,0.20665083135391923,Insr,Insr,0.36641166,0.23195876288659795,Neurons,Astrocytes,0.26520774,0.1
Ccl25,Ccl25,0.26205206,0.31116389548693585,Grm7,Grm7,0.26770332,0.11082474226804123,Neurons,Astrocytes,0.26487768,1.0
Sema6a,Sema6a,0.30931082,0.28978622327790976,Plxna4,Plxna4,0.22001494,0.15270935960591134,Neurons,OPCs,0.2646629,1.0
Adam9,Adam9,0.20066395,0.11522633744855967,Itgb1,Itgb1,0.3285385,0.35900916185951814,Microglia,Neurons,0.26460123,0.0
Lrpap1,Lrpap1,0.39003626,0.2561576354679803,Lrp8,Lrp8,0.13910225,0.10344827586206896,OPCs,OPCs,0.26456925,0.01
Gnai2,Gnai2,0.2388187,0.13402061855670103,Adcy9,Adcy9,0.28932378,0.18298969072164947,Astrocytes,Astrocytes,0.26407123,0.18
Lgi1,Lgi1,0.23187202,0.1625615763546798,Adam22,Adam22,0.29622468,0.17783505154639176,OPCs,Astrocytes,0.26404834,1.0
Mmp2,Mmp2,0.1607177,0.11330049261083744,Fgfr1,Fgfr1,0.36719236,0.2268041237113402,OPCs,Astrocytes,0.26395503,0.0
Vcl,Vcl,0.24446514,0.15763546798029557,Itgb5,Itgb5,0.2834249,0.17525773195876287,OPCs,Astrocytes,0.26394504,0.0
Slitrk3,Slitrk3,0.24665332,0.18226600985221675,Ptprs,Ptprs,0.2808447,0.17307692307692307,OPCs,Pericytes,0.263749,0.46
Sema4a,Sema4a,0.22668926,0.14948453608247422,Plxnb1,Plxnb1,0.30072474,0.2036082474226804,Astrocytes,Astrocytes,0.263707,0.0
Hras,Hras,0.20868927,0.1995249406175772,Insr,Insr,0.3186862,0.18454634693591362,Neurons,Oligodendrocytes,0.26368773,0.65
Omg,Omg,0.22900997,0.14690721649484537,Lingo1,Lingo1,0.29802364,0.33932813030200204,Astrocytes,Neurons,0.2635168,0.0
Lrpap1,Lrpap1,0.30817145,0.16666666666666666,Vldlr,Vldlr,0.21881776,0.15763546798029557,Pericytes,OPCs,0.2634946,0.16
Nampt,Nampt,0.15984677,0.10344827586206896,Insr,Insr,0.36641166,0.23195876288659795,OPCs,Astrocytes,0.2631292,0.2
Tfpi,Tfpi,0.30730832,0.16025641025641027,Vldlr,Vldlr,0.21881776,0.15763546798029557,Pericytes,OPCs,0.26306304,0.0
Ang,Ang,0.2685144,0.13168724279835392,Plxnb2,Plxnb2,0.2572412,0.13580246913580246,Microglia,Microglia,0.2628778,0.0
Lrpap1,Lrpap1,0.2861818,0.17525773195876287,Sorl1,Sorl1,0.23915981,0.13209928481278924,Astrocytes,Oligodendrocytes,0.26267081,0.9
Bmp1,Bmp1,0.17389077,0.11330049261083744,Bmpr1a,Bmpr1a,0.35141397,0.20164609053497942,OPCs,Microglia,0.26265237,0.0
Fgf12,Fgf12,0.33354598,0.13168724279835392,Fgfr1,Fgfr1,0.19155976,0.13793103448275862,Microglia,OPCs,0.26255286,1.0
Lgi1,Lgi1,0.23187202,0.1625615763546798,Adam23,Adam23,0.29300362,0.14794558967886692,OPCs,Oligodendrocytes,0.26243782,1.0
Rims2,Rims2,0.31078932,0.12943486187070538,Abca1,Abca1,0.21408409,0.1346153846153846,Oligodendrocytes,Pericytes,0.2624367,1.0
Lrpap1,Lrpap1,0.2861818,0.17525773195876287,Ldlr,Ldlr,0.23860839,0.10897435897435898,Astrocytes,Pericytes,0.26239508,0.02
Mdk,Mdk,0.281712,0.18719211822660098,Ncl,Ncl,0.24299379,0.14690721649484537,OPCs,Astrocytes,0.26235288,0.0
Rgma,Rgma,0.28159732,0.2019704433497537,Bmpr1b,Bmpr1b,0.24296553,0.12179487179487179,OPCs,Pericytes,0.26228142,0.0
Mmp2,Mmp2,0.1607177,0.11330049261083744,Fgfr1,Fgfr1,0.3637709,0.3712249745503902,OPCs,Neurons,0.26224428,0.0
Fam3c,Fam3c,0.16299295,0.1815405497115711,Lifr,Lifr,0.36127204,0.24630541871921183,Neurons,OPCs,0.2621325,0.0
Fgf1,Fgf1,0.22252169,0.23583305055989143,Fgfr3,Fgfr3,0.30169475,0.14743589743589744,Neurons,Pericytes,0.2621082,0.0
Vcl,Vcl,0.24066435,0.28028503562945367,Itgb5,Itgb5,0.2834249,0.17525773195876287,Neurons,Astrocytes,0.26204464,0.0
Pam,Pam,0.25006938,0.12757201646090535,Fap,Fap,0.27397412,0.1282051282051282,Microglia,Pericytes,0.26202175,0.83
Inha,Inha,0.18991622,0.24363759755683745,Acvr1,Acvr1,0.3339595,0.3678316932473702,Neurons,Neurons,0.26193786,0.0
Fgf1,Fgf1,0.22252169,0.23583305055989143,Tgfbr3,Tgfbr3,0.30117983,0.3155751611808619,Neurons,Neurons,0.26185077,0.0
Spp1,Spp1,0.20911169,0.11367492365117068,Itga4,Itga4_Itgb1,0.31437588,0.14743589743589744,Neurons,Pericytes,0.26174378,0.0
Tln1,Tln1,0.23955403,0.1346153846153846,Itgb5,Itgb5,0.2834249,0.17525773195876287,Pericytes,Astrocytes,0.26148948,0.0
Sdc2,Sdc2,0.27804708,0.27994570749915165,Ptprj,Ptprj,0.24472839,0.14743589743589744,Neurons,Pericytes,0.26138774,0.24
Col4a5,Col4a5,0.33988053,0.16025641025641027,Cd47,Cd47,0.18265483,0.1056701030927835,Pericytes,Astrocytes,0.26126766,0.04
Gpi1,Gpi1,0.29816088,0.19230769230769232,Amfr,Amfr,0.22427371,0.15206185567010308,Pericytes,Astrocytes,0.2612173,0.69
Adam15,Adam15,0.17953819,0.2130980658296573,Itgav,Itgav,0.34272376,0.1841256485766372,Neurons,Oligodendrocytes,0.261131,0.0
S100a1,S100a1,0.30949044,0.22167487684729065,Tlr4,Tlr4,0.21267976,0.10699588477366255,OPCs,Microglia,0.2610851,0.0
Gnai2,Gnai2,0.30984014,0.21182266009852216,Oprm1,Oprm1,0.21174094,0.11934156378600823,OPCs,Microglia,0.26079053,0.0
Mif,Mif,0.27069744,0.1522633744855967,Egfr,Egfr,0.25086373,0.1282051282051282,Microglia,Pericytes,0.26078057,0.76
Lamc1,Lamc1,0.17943668,0.22225992534781133,Dag1,Dag1,0.3419795,0.3752969121140142,Neurons,Neurons,0.2607081,0.0
Col4a5,Col4a5,0.20917055,0.12628865979381443,Cd47,Cd47,0.3118425,0.17307692307692307,Astrocytes,Pericytes,0.2605065,0.07
Arf1,Arf1,0.2621774,0.1346153846153846,Pld2,Pld2,0.25879928,0.17268041237113402,Pericytes,Astrocytes,0.26048833,0.0
Mdk,Mdk,0.281712,0.18719211822660098,Sorl1,Sorl1,0.23915981,0.13209928481278924,OPCs,Oligodendrocytes,0.2604359,0.0
Dll3,Dll3,0.15071326,0.10837438423645321,Notch1,Notch1,0.36985317,0.2512315270935961,OPCs,OPCs,0.26028323,0.0
Entpd1,Entpd1,0.29559296,0.21674876847290642,Adora3,Adora3,0.22492298,0.11522633744855967,OPCs,Microglia,0.26025796,0.0
Ncam1,Ncam1,0.25594413,0.1111111111111111,Ncam2,Ncam2,0.26450637,0.10699588477366255,Microglia,Microglia,0.26022524,1.0
Sema4a,Sema4a,0.22668926,0.14948453608247422,Plxnb3,Plxnb3,0.29366615,0.16238956668068993,Astrocytes,Oligodendrocytes,0.2601777,0.0
Jam2,Jam2,0.30460286,0.17307692307692307,Itgb1,Itgav_Itgb1,0.2157086,0.13402061855670103,Pericytes,Astrocytes,0.26015574,0.0
Gpi1,Gpi1,0.29597762,0.1728395061728395,Amfr,Amfr,0.22427371,0.15206185567010308,Microglia,Astrocytes,0.26012567,0.71
Apoe,Apoe,0.33165058,0.2297251442144554,Lrp5,Lrp5,0.18784079,0.12807881773399016,Neurons,OPCs,0.2597457,1.0
Mdk,Mdk,0.281712,0.18719211822660098,Ncl,Ncl,0.2377526,0.11555181601458421,OPCs,Oligodendrocytes,0.2597323,0.0
Ang,Ang,0.2685144,0.13168724279835392,Egfr,Egfr,0.25086373,0.1282051282051282,Microglia,Pericytes,0.25968906,0.0
Agrn,Agrn,0.19063604,0.11583228158743514,Itgb1,Itgb1,0.3285385,0.35900916185951814,Oligodendrocytes,Neurons,0.2595873,0.0
Gpi1,Gpi1,0.29450607,0.1442995372318048,Amfr,Amfr,0.22427371,0.15206185567010308,Oligodendrocytes,Astrocytes,0.25938988,0.95
Slc6a8,Slc6a8,0.10841376,0.14014251781472684,Lifr,Lifr,0.41033387,0.205761316872428,Neurons,Microglia,0.2593738,0.0
Col4a3,Col4a3,0.29537937,0.1346153846153846,Itgb8,Itgav_Itgb8,0.22328635,0.12634974056934511,Pericytes,Oligodendrocytes,0.25933287,0.0
Ntn1,Ntn1,0.41347387,0.20512820512820512,Unc5a,Unc5a,0.10508199,0.13640990838140482,Pericytes,Neurons,0.25927794,0.0
Col4a1,Col4a1,0.109081805,0.14319647098744487,Itgav,Itgav_Itgb8,0.40935338,0.25773195876288657,Neurons,Astrocytes,0.2592176,0.0
Col4a2,Col4a2,0.2344005,0.27723108245673567,Itgb5,Itgb5,0.2834249,0.17525773195876287,Neurons,Astrocytes,0.2589127,0.0
Gnai2,Gnai2,0.30984014,0.21182266009852216,Adora1,Adora1,0.20778817,0.14175257731958762,OPCs,Astrocytes,0.25881416,0.0
Lrpap1,Lrpap1,0.39003626,0.2561576354679803,Vldlr,Vldlr,0.1274754,0.15710892432982695,OPCs,Neurons,0.25875583,0.13
Gnai2,Gnai2,0.20350024,0.10531482260552517,Ednrb,Ednrb,0.31387123,0.22167487684729065,Oligodendrocytes,OPCs,0.25868574,0.0
Sorbs1,Sorbs1,0.23364611,0.1111111111111111,Itgb5,Itgb5,0.2834249,0.17525773195876287,Microglia,Astrocytes,0.2585355,0.41
Gnai2,Gnai2,0.20350024,0.10531482260552517,Adcy1,Adcy1,0.3133616,0.3461146929080421,Oligodendrocytes,Neurons,0.2584309,0.0
Pros1,Pros1,0.21092054,0.1282051282051282,Axl,Axl,0.30501413,0.16025641025641027,Pericytes,Pericytes,0.25796735,0.0
Sema4d,Sema4d,0.2898728,0.332880895826264,Plxnb1,Plxnb1,0.22553286,0.1346153846153846,Neurons,Pericytes,0.25770283,0.0
Jam2,Jam2,0.29935274,0.15637860082304528,Itgb1,Itgav_Itgb1,0.2157086,0.13402061855670103,Microglia,Astrocytes,0.25753066,0.0
Sema5a,Sema5a,0.37790006,0.2891075670173057,Plxnb3,Plxnb3,0.13665412,0.10344827586206896,Neurons,OPCs,0.2572771,0.05
Col4a2,Col4a2,0.29112208,0.14743589743589744,Itgb8,Itgav_Itgb8,0.22328635,0.12634974056934511,Pericytes,Oligodendrocytes,0.2572042,0.0
Adam17,Adam17,0.14369662,0.1866304716661011,Notch1,Notch1,0.36985317,0.2512315270935961,Neurons,OPCs,0.2567749,0.0
Col4a3,Col4a3,0.29537937,0.1346153846153846,Itgb8,Itgav_Itgb8,0.21812287,0.1282051282051282,Pericytes,Pericytes,0.25675112,0.0
Slitrk2,Slitrk2,0.23259544,0.15763546798029557,Ptprs,Ptprs,0.2808447,0.17307692307692307,OPCs,Pericytes,0.25672007,0.53
Bmp7,Bmp7,0.1620248,0.11330049261083744,Bmpr1a,Bmpr1a_Bmpr2,0.35141397,0.20164609053497942,OPCs,Microglia,0.25671938,0.0
Vegfa,Vegfa,0.17069003,0.2130980658296573,Itgav,Itgav,0.34272376,0.1841256485766372,Neurons,Oligodendrocytes,0.2567069,0.0
Agrn,Agrn,0.19063604,0.11583228158743514,Dag1,Dag1,0.322574,0.19845360824742267,Oligodendrocytes,Astrocytes,0.25660503,0.0
Jag2,Jag2,0.13010482,0.16932473702069903,Notch2,Notch2,0.38308427,0.2345360824742268,Neurons,Astrocytes,0.25659454,0.0
Bmp6,Bmp6,0.32163987,0.1282051282051282,Acvr1,Acvr1_Bmpr2,0.19138534,0.1282051282051282,Pericytes,Pericytes,0.2565126,0.0
Bmp6,Bmp6,0.32163987,0.1282051282051282,Acvr1,Acvr1_Acvr2a,0.19138534,0.1282051282051282,Pericytes,Pericytes,0.2565126,0.0
Spp1,Spp1,0.29703212,0.1282051282051282,Itgb1,Itgav_Itgb1,0.2157086,0.13402061855670103,Pericytes,Astrocytes,0.25637037,0.01
Sema6b,Sema6b,0.11412688,0.1506616898540889,Plxna2,Plxna2,0.3984046,0.19230769230769232,Neurons,Pericytes,0.25626573,0.0
Bmp6,Bmp6,0.32163987,0.1282051282051282,Acvr2a,Acvr2a_Bmpr1b,0.19045363,0.13144329896907217,Pericytes,Astrocytes,0.25604674,0.0
Bmp6,Bmp6,0.32163987,0.1282051282051282,Acvr2a,Acvr1_Acvr2a,0.19045363,0.13144329896907217,Pericytes,Astrocytes,0.25604674,0.0
Bmp6,Bmp6,0.32163987,0.1282051282051282,Acvr2a,Acvr2a_Bmpr1a,0.19045363,0.13144329896907217,Pericytes,Astrocytes,0.25604674,0.0
Psen1,Psen1,0.16640235,0.11822660098522167,Notch1,Notch1,0.34546015,0.19230769230769232,OPCs,Pericytes,0.25593126,0.0
Apoe,Apoe,0.33165058,0.2297251442144554,Lrp6,Lrp6,0.18008058,0.1072780816154817,Neurons,Oligodendrocytes,0.25586557,1.0
Lrig2,Lrig2,0.260368,0.15355490113588557,Egfr,Egfr,0.25086373,0.1282051282051282,Oligodendrocytes,Pericytes,0.25561586,0.0
Sema4d,Sema4d,0.32944363,0.18384518300378627,Plxnb1,Plxnb1,0.18167295,0.1330049261083744,Oligodendrocytes,OPCs,0.25555828,0.0
Psen1,Psen1,0.16640235,0.11822660098522167,Notch1,Notch1,0.34465346,0.22422680412371135,OPCs,Astrocytes,0.2555279,0.0
Icam1,Icam1,0.26006752,0.12345679012345678,Egfr,Egfr,0.25086373,0.1282051282051282,Microglia,Pericytes,0.25546563,0.0
Fndc5,Fndc5,0.22719352,0.2507634882931795,Itgb5,Itgb5,0.2834249,0.17525773195876287,Neurons,Astrocytes,0.25530922,0.0
Sema3c,Sema3c,0.26010638,0.10256410256410256,Nrp2,Nrp2_Plxna4,0.25049317,0.24431625381744146,Pericytes,Neurons,0.25529978,0.0
Sema3c,Sema3c,0.26010638,0.10256410256410256,Nrp2,Nrp2_Plxna2,0.25049317,0.24431625381744146,Pericytes,Neurons,0.25529978,0.0
Sema3e,Sema3e,0.2488546,0.19477434679334918,Nrp1,Nrp1,0.2617305,0.17525773195876287,Neurons,Astrocytes,0.25529253,0.0
Adam15,Adam15,0.294315,0.1522633744855967,Itgb1,Itgb1,0.2157086,0.13402061855670103,Microglia,Astrocytes,0.2550118,0.0
Pam,Pam,0.23579499,0.13402061855670103,Fap,Fap,0.27397412,0.1282051282051282,Astrocytes,Pericytes,0.25488454,0.89
Actr2,Actr2,0.27099273,0.16666666666666666,Ldlr,Ldlr,0.23860839,0.10897435897435898,Pericytes,Pericytes,0.25480056,0.38
Col4a2,Col4a2,0.29112208,0.14743589743589744,Itgb8,Itgav_Itgb8,0.21812287,0.1282051282051282,Pericytes,Pericytes,0.25462246,0.0
Rims2,Rims2,0.29474536,0.11522633744855967,Abca1,Abca1,0.21408409,0.1346153846153846,Microglia,Pericytes,0.25441474,1.0
Lrrc4b,Lrrc4b,0.22790805,0.12789230122002523,Ptprs,Ptprs,0.2808447,0.17307692307692307,Oligodendrocytes,Pericytes,0.25437635,1.0
Lrrc4b,Lrrc4b,0.28049767,0.18041237113402062,Ptprs,Ptprs,0.22819644,0.12074042911232646,Astrocytes,Oligodendrocytes,0.25434706,1.0
Adam15,Adam15,0.17953819,0.2130980658296573,Itgb1,Itgb1,0.3285385,0.35900916185951814,Neurons,Neurons,0.25403833,0.0
Lrrc4b,Lrrc4b,0.3365888,0.35799117746861214,Ptprf,Ptprf,0.17144528,0.10363202916841957,Neurons,Oligodendrocytes,0.25401706,0.0
Gnai2,Gnai2,0.2388187,0.13402061855670103,Adora1,Adora1,0.26831418,0.18719211822660098,Astrocytes,OPCs,0.25356644,0.0
Bmp5,Bmp5,0.4271026,0.19230769230769232,Acvr2b,Acvr1_Acvr2b,0.07962129,0.10383440787241262,Pericytes,Neurons,0.25336194,0.0
Bmp5,Bmp5,0.4271026,0.19230769230769232,Acvr2b,Acvr2b_Bmpr1a,0.07962129,0.10383440787241262,Pericytes,Neurons,0.25336194,0.0
Sirpa,Sirpa,0.17701435,0.1330049261083744,Cd47,Cd47,0.32969865,0.1771140092553639,OPCs,Oligodendrocytes,0.25335652,0.91
Cd47,Cd47,0.32969865,0.1771140092553639,Sirpa,Sirpa,0.17701435,0.1330049261083744,Oligodendrocytes,OPCs,0.25335652,0.91
Nrxn2,Nrxn2,0.2032566,0.13144329896907217,Nlgn2,Nlgn2,0.3031204,0.34068544282321006,Astrocytes,Neurons,0.2531885,0.78
Nlgn2,Nlgn2,0.3031204,0.34068544282321006,Nrxn2,Nrxn2,0.2032566,0.13144329896907217,Neurons,Astrocytes,0.2531885,0.78
Efna5,Efna5,0.20953123,0.11538461538461539,Epha4,Epha4,0.2964334,0.2952154733627418,Pericytes,Neurons,0.25298232,0.33
Lrpap1,Lrpap1,0.2861818,0.17525773195876287,Vldlr,Vldlr,0.21881776,0.15763546798029557,Astrocytes,OPCs,0.2524998,0.25
Timp2,Timp2,0.2886336,0.1472444257467396,Itgb1,Itgb1,0.2157086,0.13402061855670103,Oligodendrocytes,Astrocytes,0.2521711,0.96
Lin7c,Lin7c,0.16132958,0.10051546391752578,Abca1,Abca1,0.34294063,0.22660098522167488,Astrocytes,OPCs,0.2521351,0.0
Trf,Trf,0.20110586,0.12315270935960591,Ldlr,Ldlr,0.3027977,0.2019704433497537,OPCs,OPCs,0.25195178,1.0
Slitrk3,Slitrk3,0.13457356,0.17577197149643706,Ptprs,Ptprs,0.36926973,0.205761316872428,Neurons,Microglia,0.25192165,0.68
Gnai2,Gnai2,0.30984014,0.21182266009852216,S1pr5,S1pr5,0.1939415,0.10980227177114009,OPCs,Oligodendrocytes,0.25189084,0.0
Sema4a,Sema4a,0.10509484,0.13030200203596878,Plxna2,Nrp1_Plxna2,0.3984046,0.19230769230769232,Neurons,Pericytes,0.25174972,0.0
Entpd1,Entpd1,0.29559296,0.21674876847290642,Adora1,Adora1,0.20778817,0.14175257731958762,OPCs,Astrocytes,0.25169057,0.0
Lamc1,Lamc1,0.17943668,0.22225992534781133,Dag1,Dag1,0.322574,0.19845360824742267,Neurons,Astrocytes,0.25100535,0.0
Adam9,Adam9,0.15883441,0.1981676280963692,Itgav,Itgav,0.34272376,0.1841256485766372,Neurons,Oligodendrocytes,0.2507791,0.0
Fn1,Fn1,0.27777004,0.1346153846153846,Itgb8,Itgav_Itgb8,0.22328635,0.12634974056934511,Pericytes,Oligodendrocytes,0.2505282,0.0
Fgf1,Fgf1,0.1992148,0.1110643668489693,Fgfr3,Fgfr3,0.30169475,0.14743589743589744,Oligodendrocytes,Pericytes,0.25045478,0.0
Col9a3,Col9a3,0.27732503,0.2019704433497537,Itgb8,Itgav_Itgb8,0.22328635,0.12634974056934511,OPCs,Oligodendrocytes,0.25030568,0.0
Fgf1,Fgf1,0.1992148,0.1110643668489693,Tgfbr3,Tgfbr3,0.30117983,0.3155751611808619,Oligodendrocytes,Neurons,0.25019732,0.0
Jag2,Jag2,0.13010482,0.16932473702069903,Notch1,Notch1,0.36985317,0.2512315270935961,Neurons,OPCs,0.24997899,0.0
Lrrc4b,Lrrc4b,0.28049767,0.18041237113402062,Ptprf,Ptprf,0.21931775,0.12371134020618557,Astrocytes,Astrocytes,0.2499077,0.11
Sema3e,Sema3e,0.2488546,0.19477434679334918,Nrp2,Nrp2,0.25049317,0.24431625381744146,Neurons,Neurons,0.24967389,0.0
Arf1,Arf1,0.24052234,0.13580246913580246,Pld2,Pld2,0.25879928,0.17268041237113402,Microglia,Astrocytes,0.24966082,0.0
Vegfa,Vegfa,0.17069003,0.2130980658296573,Itgb1,Itgb1,0.3285385,0.35900916185951814,Neurons,Neurons,0.24961427,0.0
Omg,Omg,0.27435836,0.18226600985221675,Lingo1,Lingo1,0.22480725,0.1625615763546798,OPCs,OPCs,0.2495828,0.0
Fgf10,Fgf10,0.122515775,0.12792670512385476,Fgfr1,Fgfr1,0.37643418,0.1987179487179487,Neurons,Pericytes,0.24947497,0.0
Hspa4,Hspa4,0.28615895,0.18719211822660098,Tlr4,Tlr4,0.21267976,0.10699588477366255,OPCs,Microglia,0.24941936,0.0
Cxcl12,Cxcl12,0.28304973,0.1346153846153846,Itgb1,Itgb1,0.2157086,0.13402061855670103,Pericytes,Astrocytes,0.24937916,0.0
Lrig2,Lrig2,0.24679251,0.13991769547325103,Egfr,Egfr,0.25086373,0.1282051282051282,Microglia,Pericytes,0.24882811,0.0
Omg,Omg,0.1996086,0.22124194095690533,Lingo1,Lingo1,0.29802364,0.33932813030200204,Neurons,Neurons,0.24881612,0.0
Adam9,Adam9,0.2818639,0.2019704433497537,Itgb1,Itgb1,0.2157086,0.13402061855670103,OPCs,Astrocytes,0.24878624,0.0
Mdk,Mdk,0.281712,0.18719211822660098,Itgb1,Itga6_Itgb1,0.2157086,0.13402061855670103,OPCs,Astrocytes,0.2487103,0.0
Bcan,Bcan,0.24627133,0.26874787919918564,Egfr,Egfr,0.25086373,0.1282051282051282,Neurons,Pericytes,0.24856752,0.0
Col4a6,Col4a6,0.3144239,0.1346153846153846,Cd47,Cd47,0.18265483,0.1056701030927835,Pericytes,Astrocytes,0.24853936,0.01
Trf,Trf,0.25790828,0.1346153846153846,Ldlr,Ldlr,0.23860839,0.10897435897435898,Pericytes,Pericytes,0.24825834,1.0
Apoe,Apoe,0.33165058,0.2297251442144554,Ldlr,Ldlr,0.16484001,0.18730912792670512,Neurons,Neurons,0.2482453,1.0
Edil3,Edil3,0.21299644,0.10699588477366255,Itgb5,Itgb5,0.2834249,0.17525773195876287,Microglia,Astrocytes,0.24821067,1.0
Dll3,Dll3,0.15071326,0.10837438423645321,Notch1,Notch1,0.34546015,0.19230769230769232,OPCs,Pericytes,0.2480867,0.0
Bmp7,Bmp7,0.1620248,0.11330049261083744,Acvr1,Acvr1_Acvr2a,0.3339595,0.3678316932473702,OPCs,Neurons,0.24799214,0.0
Bmp7,Bmp7,0.1620248,0.11330049261083744,Acvr1,Acvr1_Bmpr2,0.3339595,0.3678316932473702,OPCs,Neurons,0.24799214,0.0
Fn1,Fn1,0.27777004,0.1346153846153846,Itgb8,Itgav_Itgb8,0.21812287,0.1282051282051282,Pericytes,Pericytes,0.24794646,0.0
Col4a1,Col4a1,0.109081805,0.14319647098744487,Cd47,Cd47,0.3864545,0.19753086419753085,Neurons,Microglia,0.24776815,0.21
Sema6b,Sema6b,0.11412688,0.1506616898540889,Plxna2,Plxna2,0.38133705,0.23645320197044334,Neurons,OPCs,0.24773197,0.0
Col9a3,Col9a3,0.27732503,0.2019704433497537,Itgb8,Itgav_Itgb8,0.21812287,0.1282051282051282,OPCs,Pericytes,0.24772395,0.0
Dll3,Dll3,0.15071326,0.10837438423645321,Notch1,Notch1,0.34465346,0.22422680412371135,OPCs,Astrocytes,0.24768336,0.0
Lrrc4b,Lrrc4b,0.22790805,0.12789230122002523,Ptprf,Ptprf,0.26744348,0.31218187987784185,Oligodendrocytes,Neurons,0.24767576,0.0
Ncam1,Ncam1,0.25594413,0.1111111111111111,Cacna1c,Cacna1c,0.23912285,0.13144329896907217,Microglia,Astrocytes,0.2475335,1.0
Actr2,Actr2,0.25639525,0.15979381443298968,Ldlr,Ldlr,0.23860839,0.10897435897435898,Astrocytes,Pericytes,0.24750182,0.54
Il15ra,Il15ra,0.3105938,0.16025641025641027,Axl,Axl,0.18438552,0.12886597938144329,Pericytes,Astrocytes,0.24748966,0.0
Agrn,Agrn,0.19063604,0.11583228158743514,Atp1a3,Atp1a3,0.30425093,0.1211340206185567,Oligodendrocytes,Astrocytes,0.24744348,1.0
Mdk,Mdk,0.281712,0.18719211822660098,Sdc3,Sdc3,0.21290232,0.13144329896907217,OPCs,Astrocytes,0.24730715,0.0
Icam1,Icam1,0.26006752,0.12345679012345678,Cav1,Cav1,0.2342012,0.1625615763546798,Microglia,OPCs,0.24713436,0.0
Vegfa,Vegfa,0.2038304,0.11538461538461539,Nrp2,Nrp2,0.29024595,0.1921182266009852,Pericytes,OPCs,0.24703819,0.0
Nrg2,Nrg2,0.24343958,0.14690721649484537,Nrp2,Nrp2,0.25049317,0.24431625381744146,Astrocytes,Neurons,0.24696638,0.0
Jag1,Jag1,0.41757524,0.1987179487179487,Notch3,Notch3,0.07614956,0.10960298608754666,Pericytes,Neurons,0.2468624,0.0
Actr2,Actr2,0.25491503,0.13490394054129856,Ldlr,Ldlr,0.23860839,0.10897435897435898,Oligodendrocytes,Pericytes,0.24676171,0.49
Fn1,Fn1,0.27777004,0.1346153846153846,Itgb1,Itgav_Itgb1,0.2157086,0.13402061855670103,Pericytes,Astrocytes,0.24673933,0.0
Fgf1,Fgf1,0.1916877,0.10256410256410256,Fgfr3,Fgfr3,0.30169475,0.14743589743589744,Pericytes,Pericytes,0.24669123,0.01
Slit2,Slit2,0.17040688,0.11330049261083744,Robo1,Robo1,0.32261372,0.13168724279835392,OPCs,Microglia,0.2465103,1.0
Gnai2,Gnai2,0.2388187,0.13402061855670103,Tbxa2r,Tbxa2r,0.25419316,0.12179487179487179,Astrocytes,Pericytes,0.24650593,0.0
Lgi3,Lgi3,0.3230361,0.329487614523244,Flot1,Flot1,0.16993752,0.1991856124872752,Neurons,Neurons,0.24648681,0.04
Fgf1,Fgf1,0.1916877,0.10256410256410256,Tgfbr3,Tgfbr3,0.30117983,0.3155751611808619,Pericytes,Neurons,0.24643376,0.01
Gnai2,Gnai2,0.20350024,0.10531482260552517,Adcy9,Adcy9,0.28932378,0.18298969072164947,Oligodendrocytes,Astrocytes,0.24641201,0.48
Spp1,Spp1,0.20911169,0.11367492365117068,Itgb5,Itgav_Itgb5,0.2834249,0.17525773195876287,Neurons,Astrocytes,0.2462683,0.0
Rims1,Rims1,0.25341368,0.11078390127611835,Cacna1c,Cacna1c,0.23912285,0.13144329896907217,Oligodendrocytes,Astrocytes,0.24626827,1.0
Slitrk1,Slitrk1,0.26372722,0.2992874109263658,Ptprs,Ptprs,0.22819644,0.12074042911232646,Neurons,Oligodendrocytes,0.24596183,1.0
L1cam,L1cam,0.23996133,0.2829996606718697,Cntn1,Cntn1,0.25168648,0.11522633744855967,Neurons,Microglia,0.2458239,1.0
Gnai2,Gnai2,0.2388187,0.13402061855670103,S1pr1,S1pr1,0.25263208,0.14102564102564102,Astrocytes,Pericytes,0.2457254,0.0
Inha,Inha,0.18991622,0.24363759755683745,Tgfbr3,Tgfbr3,0.30117983,0.3155751611808619,Neurons,Neurons,0.24554802,0.0
Jam3,Jam3,0.16230819,0.20291822192059722,Itgb1,Itgb1,0.3285385,0.35900916185951814,Neurons,Neurons,0.24542335,1.0
L1cam,L1cam,0.23996133,0.2829996606718697,Egfr,Egfr,0.25086373,0.1282051282051282,Neurons,Pericytes,0.24541253,0.0
Gnai2,Gnai2,0.2388187,0.13402061855670103,Oprm1,Oprm1,0.2517955,0.25110281642348153,Astrocytes,Neurons,0.2453071,0.0
Gas6,Gas6,0.185438,0.11082474226804123,Axl,Axl,0.30501413,0.16025641025641027,Astrocytes,Pericytes,0.24522607,0.0
Gas6,Gas6,0.3054759,0.32609433322022396,Axl,Axl,0.18438552,0.12886597938144329,Neurons,Astrocytes,0.24493071,0.0
Reln,Reln,0.21761194,0.13402061855670103,Vldlr,Vldlr,0.27211878,0.15453653064086384,Astrocytes,Oligodendrocytes,0.24486536,0.0
Fgf10,Fgf10,0.122515775,0.12792670512385476,Fgfr1,Fgfr1,0.36719236,0.2268041237113402,Neurons,Astrocytes,0.24485406,0.0
Gnai2,Gnai2,0.2388187,0.13402061855670103,Egfr,Egfr,0.25086373,0.1282051282051282,Astrocytes,Pericytes,0.24484122,0.0
Sema5a,Sema5a,0.37790006,0.2891075670173057,Plxna1,Plxna1,0.111548476,0.15778758059043094,Neurons,Neurons,0.24472427,0.0
Adam17,Adam17,0.14369662,0.1866304716661011,Notch1,Notch1,0.34546015,0.19230769230769232,Neurons,Pericytes,0.24457839,0.0
Cd47,Cd47,0.3118425,0.17307692307692307,Sirpa,Sirpa,0.17701435,0.1330049261083744,Pericytes,OPCs,0.24442843,0.87
Sirpa,Sirpa,0.17701435,0.1330049261083744,Cd47,Cd47,0.3118425,0.17307692307692307,OPCs,Pericytes,0.24442843,0.87
Adam17,Adam17,0.14369662,0.1866304716661011,Notch1,Notch1,0.34465346,0.22422680412371135,Neurons,Astrocytes,0.24417505,0.0
Gnai2,Gnai2,0.30984014,0.21182266009852216,Adcy8,Adcy8,0.17838874,0.10897435897435898,OPCs,Pericytes,0.24411444,0.68
Rgma,Rgma,0.1742906,0.10068714065348479,Neo1,Neo1,0.31391,0.1858974358974359,Oligodendrocytes,Pericytes,0.2441003,1.0
Lamc3,Lamc3,0.3778231,0.16025641025641027,Itga3,Itga3_Itgb1,0.10994522,0.14183915846623685,Pericytes,Neurons,0.24388418,0.0
Fgf13,Fgf13,0.23687625,0.13793103448275862,Egfr,Egfr,0.25086373,0.1282051282051282,OPCs,Pericytes,0.24386999,0.02
Apoe,Apoe,0.33165058,0.2297251442144554,Ldlr,Ldlr,0.15600981,0.10309278350515463,Neurons,Astrocytes,0.2438302,1.0
Adam9,Adam9,0.15883441,0.1981676280963692,Itgb1,Itgb1,0.3285385,0.35900916185951814,Neurons,Neurons,0.24368647,0.0
Sorbs1,Sorbs1,0.2036607,0.10938157341186369,Itgb5,Itgb5,0.2834249,0.17525773195876287,Oligodendrocytes,Astrocytes,0.2435428,0.73
Gas6,Gas6,0.3054759,0.32609433322022396,Tyro3,Tyro3,0.18154852,0.1047538914598233,Neurons,Oligodendrocytes,0.24351221,0.0
Gpi1,Gpi1,0.29816088,0.19230769230769232,Amfr,Amfr,0.18850558,0.10256410256410256,Pericytes,Pericytes,0.24333322,0.79
Fgf10,Fgf10,0.122515775,0.12792670512385476,Fgfr1,Fgfr1,0.3637709,0.3712249745503902,Neurons,Neurons,0.24314333,0.0
Tgfa,Tgfa,0.1977846,0.10699588477366255,Erbb4,Erbb4,0.28844282,0.10699588477366255,Microglia,Microglia,0.24311371,1.0
Slit1,Slit1,0.16345389,0.18595181540549713,Robo1,Robo1,0.32261372,0.13168724279835392,Neurons,Microglia,0.2430338,1.0
Gpi1,Gpi1,0.29816088,0.19230769230769232,Amfr,Amfr,0.18681526,0.13793103448275862,Pericytes,OPCs,0.24248807,0.81
Gpi1,Gpi1,0.29597762,0.1728395061728395,Amfr,Amfr,0.18850558,0.10256410256410256,Microglia,Pericytes,0.24224159,0.82
Fam3c,Fam3c,0.16299295,0.1815405497115711,Lifr,Lifr,0.32143614,0.17307692307692307,Neurons,Pericytes,0.24221455,0.0
Sema4b,Sema4b,0.12221106,0.16118086189345096,Dcbld2,Dcbld2,0.3620754,0.20512820512820512,Neurons,Pericytes,0.24214323,0.0
Fgf1,Fgf1,0.22252169,0.23583305055989143,Nrp1,Nrp1,0.2617305,0.17525773195876287,Neurons,Astrocytes,0.24212609,0.01
Adam9,Adam9,0.20066395,0.11522633744855967,Itgb5,Itgb5,0.2834249,0.17525773195876287,Microglia,Astrocytes,0.24204443,0.0
Sema4a,Sema4a,0.22668926,0.14948453608247422,Plxnb2,Plxnb2,0.2572412,0.13580246913580246,Astrocytes,Microglia,0.24196523,0.0
Col4a1,Col4a1,0.2601021,0.1346153846153846,Itgb8,Itgav_Itgb8,0.22328635,0.12634974056934511,Pericytes,Oligodendrocytes,0.24169421,0.0
Gpi1,Gpi1,0.29450607,0.1442995372318048,Amfr,Amfr,0.18850558,0.10256410256410256,Oligodendrocytes,Pericytes,0.24150583,0.96
Gpi1,Gpi1,0.29597762,0.1728395061728395,Amfr,Amfr,0.18681526,0.13793103448275862,Microglia,OPCs,0.24139644,0.86
Nampt,Nampt,0.1640038,0.20665083135391923,Insr,Insr,0.3186862,0.18454634693591362,Neurons,Oligodendrocytes,0.24134499,0.65
Jag1,Jag1,0.18632764,0.12807881773399016,Cd46,Cd46,0.2963401,0.17307692307692307,OPCs,Pericytes,0.24133387,0.0
Trf,Trf,0.17906584,0.14217848659653887,Ldlr,Ldlr,0.3027977,0.2019704433497537,Neurons,OPCs,0.24093178,1.0
Timp3,Timp3,0.19751117,0.2307431286053614,Ddr1,Ddr1,0.2843454,0.2019704433497537,Neurons,OPCs,0.24092828,0.87
Gpi1,Gpi1,0.29450607,0.1442995372318048,Amfr,Amfr,0.18681526,0.13793103448275862,Oligodendrocytes,OPCs,0.24066067,0.99
Actr2,Actr2,0.31603527,0.21182266009852216,Ldlr,Ldlr,0.16484001,0.18730912792670512,OPCs,Neurons,0.24043764,0.5
Nrg2,Nrg2,0.33212212,0.22167487684729065,Lrrtm2,Lrrtm2,0.14857486,0.10837438423645321,OPCs,OPCs,0.24034849,0.0
Jam3,Jam3,0.16230819,0.20291822192059722,Itgb2,Itgam_Itgb2,0.3178427,0.15637860082304528,Neurons,Microglia,0.24007544,0.0
Sema3c,Sema3c,0.26010638,0.10256410256410256,Plxna4,Nrp2_Plxna4,0.22001494,0.15270935960591134,Pericytes,OPCs,0.24006066,0.54
Fgf9,Fgf9,0.1779892,0.21174075330844927,Fgfr3,Fgfr3,0.30169475,0.14743589743589744,Neurons,Pericytes,0.23984197,0.0
Gnai2,Gnai2,0.30984014,0.21182266009852216,Cnr1,Cnr1,0.16978294,0.1856124872751951,OPCs,Neurons,0.23981154,0.0
Adcyap1,Adcyap1,0.14492305,0.11808618934509671,Pth1r,Pth1r,0.3345096,0.16025641025641027,Neurons,Pericytes,0.23971632,0.0
Bmp7,Bmp7,0.1620248,0.11330049261083744,Acvr2a,Acvr2a_Bmpr1a,0.31684062,0.21182266009852216,OPCs,OPCs,0.2394327,0.0
Bmp7,Bmp7,0.1620248,0.11330049261083744,Acvr2a,Acvr1_Acvr2a,0.31684062,0.21182266009852216,OPCs,OPCs,0.2394327,0.0
Col5a3,Col5a3,0.15698883,0.11330049261083744,Sdc3,Sdc3,0.32177192,0.16025641025641027,OPCs,Pericytes,0.23938037,0.0
Hspa4,Hspa4,0.2659958,0.15384615384615385,Tlr4,Tlr4,0.21267976,0.10699588477366255,Pericytes,Microglia,0.23933777,0.0
Nampt,Nampt,0.15984677,0.10344827586206896,Insr,Insr,0.3186862,0.18454634693591362,OPCs,Oligodendrocytes,0.23926648,0.65
Scel,Scel,0.18142968,0.10837438423645321,Eng,Eng,0.29709357,0.16025641025641027,OPCs,Pericytes,0.23926163,0.0
Timp2,Timp2,0.26252696,0.1625615763546798,Itgb1,Itgb1,0.2157086,0.13402061855670103,OPCs,Astrocytes,0.23911777,0.9
Col4a1,Col4a1,0.2601021,0.1346153846153846,Itgb8,Itgav_Itgb8,0.21812287,0.1282051282051282,Pericytes,Pericytes,0.23911248,0.0
Bmp7,Bmp7,0.1620248,0.11330049261083744,Actr2,Actr2,0.31603527,0.21182266009852216,OPCs,OPCs,0.23903003,0.01
Col4a3,Col4a3,0.29537937,0.1346153846153846,Cd47,Cd47,0.18265483,0.1056701030927835,Pericytes,Astrocytes,0.2390171,0.06
Agrn,Agrn,0.19063604,0.11583228158743514,Lrp4,Lrp4,0.28684035,0.1921182266009852,Oligodendrocytes,OPCs,0.2387382,0.0
Lin7c,Lin7c,0.1345213,0.16966406515100102,Abca1,Abca1,0.34294063,0.22660098522167488,Neurons,OPCs,0.23873097,0.0
Adcyap1,Adcyap1,0.14492305,0.11808618934509671,Adcyap1r1,Adcyap1r1,0.33243427,0.2315270935960591,Neurons,OPCs,0.23867866,0.0
Mdk,Mdk,0.281712,0.18719211822660098,Ncl,Ncl,0.19548862,0.102880658436214,OPCs,Microglia,0.23860031,0.0
Sema6a,Sema6a,0.30931082,0.28978622327790976,Plxna2,Plxna2,0.16787708,0.10051546391752578,Neurons,Astrocytes,0.23859395,1.0
Il34,Il34,0.09125408,0.11163895486935867,Ptprz1,Ptprz1,0.38583654,0.16025641025641027,Neurons,Pericytes,0.23854531,0.11
Rgma,Rgma,0.28159732,0.2019704433497537,Neo1,Neo1,0.194527,0.1111111111111111,OPCs,Microglia,0.23806216,1.0
Jag2,Jag2,0.13010482,0.16932473702069903,Notch1,Notch1,0.34546015,0.19230769230769232,Neurons,Pericytes,0.23778248,0.0
Lama2,Lama2,0.25226915,0.12326461926798485,Itgb8,Itgav_Itgb8,0.22328635,0.12634974056934511,Oligodendrocytes,Oligodendrocytes,0.23777774,0.0
Gnai2,Gnai2,0.30984014,0.21182266009852216,P2ry12,P2ry12,0.16535407,0.20936545639633525,OPCs,Neurons,0.23759711,0.0
Arf1,Arf1,0.21610665,0.10138830458561211,Pld2,Pld2,0.25879928,0.17268041237113402,Oligodendrocytes,Astrocytes,0.23745297,0.0
Fam3c,Fam3c,0.2767852,0.2019704433497537,Glra2,Glra2,0.19807129,0.19104173736002714,OPCs,Neurons,0.23742825,0.0
Slitrk3,Slitrk3,0.24665332,0.18226600985221675,Ptprs,Ptprs,0.22819644,0.12074042911232646,OPCs,Oligodendrocytes,0.23742488,1.0
Jag2,Jag2,0.13010482,0.16932473702069903,Notch1,Notch1,0.34465346,0.22422680412371135,Neurons,Astrocytes,0.23737913,0.0
Itgb3bp,Itgb3bp,0.19128904,0.1330049261083744,Itgb5,Itgb5,0.2834249,0.17525773195876287,OPCs,Astrocytes,0.23735698,0.0
Trf,Trf,0.23602748,0.10824742268041238,Ldlr,Ldlr,0.23860839,0.10897435897435898,Astrocytes,Pericytes,0.23731793,1.0
Adam9,Adam9,0.2818639,0.2019704433497537,Itga6,Itga6,0.19249217,0.10897435897435898,OPCs,Pericytes,0.23717803,0.0
Mdk,Mdk,0.281712,0.18719211822660098,Itga6,Itga6_Itgb1,0.19249217,0.10897435897435898,OPCs,Pericytes,0.23710209,0.0
Efnb2,Efnb2,0.10097656,0.12690872073294876,Epha3,Epha3,0.37294137,0.30844927044451986,Neurons,Neurons,0.23695897,0.0
Agrn,Agrn,0.19063604,0.11583228158743514,Atp1a3,Atp1a3,0.28310147,0.1282051282051282,Oligodendrocytes,Pericytes,0.23686875,1.0
Fgf1,Fgf1,0.22252169,0.23583305055989143,Egfr,Egfr,0.25086373,0.1282051282051282,Neurons,Pericytes,0.23669271,0.0
Gnai2,Gnai2,0.2388187,0.13402061855670103,Cav1,Cav1,0.2342012,0.1625615763546798,Astrocytes,OPCs,0.23650995,0.0
Lrpap1,Lrpap1,0.30817145,0.16666666666666666,Ldlr,Ldlr,0.16484001,0.18730912792670512,Pericytes,Neurons,0.23650573,0.08
Lamb2,Lamb2,0.24954917,0.14102564102564102,Itgb8,Itgav_Itgb8,0.22328635,0.12634974056934511,Pericytes,Oligodendrocytes,0.23641776,0.0
Adam17,Adam17,0.25703877,0.1724137931034483,Itgb1,Itgb1,0.2157086,0.13402061855670103,OPCs,Astrocytes,0.2363737,0.0
Gnai2,Gnai2,0.15861359,0.16762809636918902,Ednrb,Ednrb,0.31387123,0.22167487684729065,Neurons,OPCs,0.23624241,0.0
Fbn1,Fbn1,0.1437205,0.17780794027824906,Itgb1,Itgb1,0.3285385,0.35900916185951814,Neurons,Neurons,0.23612949,0.0
Adam17,Adam17,0.14369662,0.1866304716661011,Itgb1,Itgb1,0.3285385,0.35900916185951814,Neurons,Neurons,0.23611757,0.0
Actr2,Actr2,0.31603527,0.21182266009852216,Ldlr,Ldlr,0.15600981,0.10309278350515463,OPCs,Astrocytes,0.23602253,0.6
Gnai2,Gnai2,0.15861359,0.16762809636918902,Adcy1,Adcy1,0.3133616,0.3461146929080421,Neurons,Neurons,0.23598759,0.0
Gnai2,Gnai2,0.20350024,0.10531482260552517,Adora1,Adora1,0.26831418,0.18719211822660098,Oligodendrocytes,OPCs,0.23590721,0.0
Sema4d,Sema4d,0.2898728,0.332880895826264,Plxnb1,Plxnb1,0.18167295,0.1330049261083744,Neurons,OPCs,0.23577288,0.0
Ntrk3,Ntrk3,0.19014487,0.10699588477366255,Ptprs,Ptprs,0.2808447,0.17307692307692307,Microglia,Pericytes,0.23549478,1.0
Psen1,Psen1,0.25804967,0.1440329218106996,Notch3,Notch3,0.21291727,0.13659793814432988,Microglia,Astrocytes,0.23548347,0.0
Apoe,Apoe,0.33165058,0.2297251442144554,Lrp8,Lrp8,0.13910225,0.10344827586206896,Neurons,OPCs,0.23537642,1.0
Omg,Omg,0.24582078,0.13490394054129856,Lingo1,Lingo1,0.22480725,0.1625615763546798,Oligodendrocytes,OPCs,0.23531401,0.0
Lama2,Lama2,0.25226915,0.12326461926798485,Itgb8,Itgav_Itgb8,0.21812287,0.1282051282051282,Oligodendrocytes,Pericytes,0.23519601,0.41
Fn1,Fn1,0.27777004,0.1346153846153846,Itga6,Itga6,0.19249217,0.10897435897435898,Pericytes,Pericytes,0.23513111,0.0
Psen1,Psen1,0.25804967,0.1440329218106996,Ncstn,Ncstn,0.2121596,0.10699588477366255,Microglia,Microglia,0.23510464,0.0
Sema3a,Sema3a,0.17983061,0.14794706481167288,Nrp2,Nrp2,0.29024595,0.1921182266009852,Neurons,OPCs,0.23503828,0.0
Slc6a8,Slc6a8,0.10841376,0.14014251781472684,Lifr,Lifr,0.36127204,0.24630541871921183,Neurons,OPCs,0.2348429,0.0
Jam3,Jam3,0.2525993,0.14102564102564102,Itgb1,Itgb1,0.2157086,0.13402061855670103,Pericytes,Astrocytes,0.23415396,0.97
Lama2,Lama2,0.25226915,0.12326461926798485,Itgb1,Itga6_Itgb1,0.2157086,0.13402061855670103,Oligodendrocytes,Astrocytes,0.23398888,0.52
Lamb2,Lamb2,0.24954917,0.14102564102564102,Itgb8,Itgav_Itgb8,0.21812287,0.1282051282051282,Pericytes,Pericytes,0.23383602,0.0
Rgmb,Rgmb,0.15350053,0.17678995588734306,Neo1,Neo1,0.31391,0.1858974358974359,Neurons,Pericytes,0.23370527,1.0
Adam11,Adam11,0.15274422,0.1876484560570071,Itga4,Itga4,0.31437588,0.14743589743589744,Neurons,Pericytes,0.23356006,0.0
Efnb2,Efnb2,0.10097656,0.12690872073294876,Ephb2,Ephb2,0.36587283,0.4024431625381744,Neurons,Neurons,0.2334247,0.0
Tgfb2,Tgfb2,0.1654376,0.10309278350515463,Tgfbr3,Tgfbr3,0.30117983,0.3155751611808619,Astrocytes,Neurons,0.2333087,0.0
Sema4d,Sema4d,0.32944363,0.18384518300378627,Plxnb3,Plxnb3,0.13665412,0.10344827586206896,Oligodendrocytes,OPCs,0.23304889,0.88
Reln,Reln,0.19373655,0.12249745503902273,Vldlr,Vldlr,0.27211878,0.15453653064086384,Neurons,Oligodendrocytes,0.23292767,0.0
Sparc,Sparc,0.16870826,0.11333559552086868,Eng,Eng,0.29709357,0.16025641025641027,Neurons,Pericytes,0.23290092,0.99
Vegfa,Vegfa,0.2038304,0.11538461538461539,Nrp1,Nrp1,0.2617305,0.17525773195876287,Pericytes,Astrocytes,0.23278046,0.01
Agrp,Agrp,0.14368154,0.18934509670851712,Sdc3,Sdc3,0.32177192,0.16025641025641027,Neurons,Pericytes,0.23272672,0.0
Lamb2,Lamb2,0.24954917,0.14102564102564102,Itgb1,Itga6_Itgb1,0.2157086,0.13402061855670103,Pericytes,Astrocytes,0.23262888,0.0
Col4a4,Col4a4,0.2415591,0.11538461538461539,Itgb8,Itgav_Itgb8,0.22328635,0.12634974056934511,Pericytes,Oligodendrocytes,0.23242272,0.0
Il34,Il34,0.09125408,0.11163895486935867,Ptprz1,Ptprz1,0.37338203,0.3003053953172718,Neurons,Neurons,0.23231806,0.0
Cntn2,Cntn2,0.20282064,0.25212080081438754,Nrp1,Nrp1,0.2617305,0.17525773195876287,Neurons,Astrocytes,0.23227558,1.0
Lrpap1,Lrpap1,0.30817145,0.16666666666666666,Ldlr,Ldlr,0.15600981,0.10309278350515463,Pericytes,Astrocytes,0.23209062,0.15
Nlgn3,Nlgn3,0.17538334,0.2130980658296573,Nrxn2,Nrxn2,0.28788555,0.15972514373860608,Neurons,Oligodendrocytes,0.23163444,1.0
Nrxn2,Nrxn2,0.28788555,0.15972514373860608,Nlgn3,Nlgn3,0.17538334,0.2130980658296573,Oligodendrocytes,Neurons,0.23163444,1.0
Trf,Trf,0.25790828,0.1346153846153846,Tfrc,Tfrc,0.20531403,0.11538461538461539,Pericytes,Pericytes,0.23161116,1.0
Tgfb2,Tgfb2,0.1654376,0.10309278350515463,Eng,Eng,0.29709357,0.16025641025641027,Astrocytes,Pericytes,0.23126557,0.0
Sema4b,Sema4b,0.28733745,0.1958762886597938,Dcbld2,Dcbld2,0.1751601,0.21445537835086528,Astrocytes,Neurons,0.23124877,0.0
Lgals8,Lgals8,0.35180905,0.17695473251028807,Itga3,Itga3,0.10994522,0.14183915846623685,Microglia,Neurons,0.23087713,0.0
Spp1,Spp1,0.20911169,0.11367492365117068,S1pr1,S1pr1,0.25263208,0.14102564102564102,Neurons,Pericytes,0.23087189,0.0
Agrn,Agrn,0.19063604,0.11583228158743514,Atp1a3,Atp1a3,0.27089226,0.15763546798029557,Oligodendrocytes,OPCs,0.23076415,1.0
Vegfb,Vegfb,0.19968294,0.21038344078724125,Nrp1,Nrp1,0.2617305,0.17525773195876287,Neurons,Astrocytes,0.23070672,0.0
Fam3c,Fam3c,0.2767852,0.2019704433497537,Lifr,Lifr,0.18441379,0.10377226195484504,OPCs,Oligodendrocytes,0.2305995,0.0
Fgf1,Fgf1,0.1992148,0.1110643668489693,Nrp1,Nrp1,0.2617305,0.17525773195876287,Oligodendrocytes,Astrocytes,0.23047265,0.02
Vegfa,Vegfa,0.17069003,0.2130980658296573,Nrp2,Nrp2,0.29024595,0.1921182266009852,Neurons,OPCs,0.23046799,0.0
Slitrk2,Slitrk2,0.23259544,0.15763546798029557,Ptprs,Ptprs,0.22819644,0.12074042911232646,OPCs,Oligodendrocytes,0.23039594,1.0
Kitl,Kitl,0.22783974,0.10897435897435898,Lrrn3,Lrrn3,0.23252295,0.1625615763546798,Pericytes,OPCs,0.23018134,0.0
Col4a4,Col4a4,0.2415591,0.11538461538461539,Itgb8,Itgav_Itgb8,0.21812287,0.1282051282051282,Pericytes,Pericytes,0.229841,0.0
Apoe,Apoe,0.33165058,0.2297251442144554,Vldlr,Vldlr,0.1274754,0.15710892432982695,Neurons,Neurons,0.229563,1.0
Bmp7,Bmp7,0.1620248,0.11330049261083744,Eng,Eng,0.29709357,0.16025641025641027,OPCs,Pericytes,0.22955918,0.0
Wnt5b,Wnt5b,0.083666906,0.10654903291482865,Lrp6,Fzd6_Lrp6,0.37452346,0.20512820512820512,Neurons,Pericytes,0.22909519,0.0
Itgb3bp,Itgb3bp,0.17475519,0.20834747200542925,Itgb5,Itgb5,0.2834249,0.17525773195876287,Neurons,Astrocytes,0.22909005,0.0
B2m,B2m,0.25259015,0.11008273734399103,Tfrc,Tfrc,0.20531403,0.11538461538461539,Oligodendrocytes,Pericytes,0.22895208,0.69
Gnai2,Gnai2,0.20350024,0.10531482260552517,Tbxa2r,Tbxa2r,0.25419316,0.12179487179487179,Oligodendrocytes,Pericytes,0.2288467,0.0
Col4a2,Col4a2,0.2344005,0.27723108245673567,Itgb8,Itgav_Itgb8,0.22328635,0.12634974056934511,Neurons,Oligodendrocytes,0.22884342,0.0
Ntrk3,Ntrk3,0.19014487,0.10699588477366255,Ptprf,Ptprf,0.26744348,0.31218187987784185,Microglia,Neurons,0.22879417,1.0
Ncam1,Ncam1,0.25594413,0.1111111111111111,Cacna1c,Cacna1c,0.20159696,0.10447342588697238,Microglia,Oligodendrocytes,0.22877055,1.0
Tac1,Tac1,0.18314263,0.1001017984390906,Fap,Fap,0.27397412,0.1282051282051282,Neurons,Pericytes,0.22855838,0.0
Fgfr3,Fgfr3,0.30169475,0.14743589743589744,Epha4,Epha4,0.15477175,0.10256410256410256,Pericytes,Pericytes,0.22823325,0.0
Gnai2,Gnai2,0.20350024,0.10531482260552517,S1pr1,S1pr1,0.25263208,0.14102564102564102,Oligodendrocytes,Pericytes,0.22806616,0.0
Lrrc4b,Lrrc4b,0.22790805,0.12789230122002523,Ptprs,Ptprs,0.22819644,0.12074042911232646,Oligodendrocytes,Oligodendrocytes,0.22805224,1.0
Gnai2,Gnai2,0.20350024,0.10531482260552517,Oprm1,Oprm1,0.2517955,0.25110281642348153,Oligodendrocytes,Neurons,0.22764787,0.0
Rims1,Rims1,0.25341368,0.11078390127611835,Cacna1c,Cacna1c,0.20159696,0.10447342588697238,Oligodendrocytes,Oligodendrocytes,0.22750533,1.0
Vegfa,Vegfa,0.2038304,0.11538461538461539,Egfr,Egfr,0.25086373,0.1282051282051282,Pericytes,Pericytes,0.22734708,0.0
Vegfb,Vegfb,0.19288759,0.10897435897435898,Nrp1,Nrp1,0.2617305,0.17525773195876287,Pericytes,Astrocytes,0.22730905,0.02
Gnai2,Gnai2,0.30984014,0.21182266009852216,Ptpru,Ptpru,0.14475183,0.1798439090600611,OPCs,Neurons,0.227296,0.0
Cntn2,Cntn2,0.20282064,0.25212080081438754,Cntn1,Cntn1,0.25168648,0.11522633744855967,Neurons,Microglia,0.22725356,1.0
Gnai2,Gnai2,0.20350024,0.10531482260552517,Egfr,Egfr,0.25086373,0.1282051282051282,Oligodendrocytes,Pericytes,0.22718199,0.0
Vegfa,Vegfa,0.2038304,0.11538461538461539,Nrp2,Nrp2,0.25049317,0.24431625381744146,Pericytes,Neurons,0.2271618,0.0
Vegfa,Vegfa,0.2038304,0.11538461538461539,Grin2b,Grin2b,0.25048476,0.13917525773195877,Pericytes,Astrocytes,0.2271576,1.0
Lgi3,Lgi3,0.3230361,0.329487614523244,Stx1a,Stx1a,0.13084665,0.10344827586206896,Neurons,OPCs,0.22694138,0.02
Omg,Omg,0.22900997,0.14690721649484537,Lingo1,Lingo1,0.22480725,0.1625615763546798,Astrocytes,OPCs,0.22690861,0.01
Fgf1,Fgf1,0.1916877,0.10256410256410256,Nrp1,Nrp1,0.2617305,0.17525773195876287,Pericytes,Astrocytes,0.2267091,0.15
Col4a2,Col4a2,0.2344005,0.27723108245673567,Itgb8,Itgav_Itgb8,0.21812287,0.1282051282051282,Neurons,Pericytes,0.22626168,0.0
Sema4a,Sema4a,0.22668926,0.14948453608247422,Plxnb1,Plxnb1,0.22553286,0.1346153846153846,Astrocytes,Pericytes,0.22611105,0.0
Lrrc4b,Lrrc4b,0.28049767,0.18041237113402062,Ptprf,Ptprf,0.17144528,0.10363202916841957,Astrocytes,Oligodendrocytes,0.22597148,0.5
Sema4d,Sema4d,0.150823,0.11330049261083744,Plxnb1,Plxnb1,0.30072474,0.2036082474226804,OPCs,Astrocytes,0.22577387,0.09
Lrpap1,Lrpap1,0.2861818,0.17525773195876287,Ldlr,Ldlr,0.16484001,0.18730912792670512,Astrocytes,Neurons,0.22551091,0.09
Apoe,Apoe,0.33165058,0.2297251442144554,Scarb1,Scarb1,0.11895508,0.15405497115710892,Neurons,Neurons,0.22530283,1.0
Gnai2,Gnai2,0.2388187,0.13402061855670103,Oprm1,Oprm1,0.21174094,0.11934156378600823,Astrocytes,Microglia,0.22527982,0.0
Gpi1,Gpi1,0.19096482,0.1330049261083744,Amfr,Amfr,0.2593781,0.30709195792331184,OPCs,Neurons,0.22517146,0.98
Fgf1,Fgf1,0.1992148,0.1110643668489693,Egfr,Egfr,0.25086373,0.1282051282051282,Oligodendrocytes,Pericytes,0.22503927,0.0
Col4a5,Col4a5,0.33988053,0.16025641025641027,Itga3,Itga3_Itgb1,0.10994522,0.14183915846623685,Pericytes,Neurons,0.22491288,0.0
Lrig2,Lrig2,0.19881009,0.12179487179487179,Egfr,Egfr,0.25086373,0.1282051282051282,Pericytes,Pericytes,0.22483692,0.09
Lama2,Lama2,0.25226915,0.12326461926798485,Dag1,Dag1,0.19690774,0.1111111111111111,Oligodendrocytes,Microglia,0.22458845,0.09
Fstl1,Fstl1,0.21831632,0.22734984730234137,Dip2a,Dip2a,0.23044677,0.16748768472906403,Neurons,OPCs,0.22438154,1.0
Ccl25,Ccl25,0.15783869,0.10309278350515463,Grm7,Grm7,0.2902294,0.11522633744855967,Astrocytes,Microglia,0.22403404,1.0
Gnai2,Gnai2,0.15861359,0.16762809636918902,Adcy9,Adcy9,0.28932378,0.18298969072164947,Neurons,Astrocytes,0.22396868,0.94
Ncam1,Ncam1,0.25594413,0.1111111111111111,Fgfr1,Fgfr1,0.19155976,0.13793103448275862,Microglia,OPCs,0.22375195,1.0
Lrpap1,Lrpap1,0.30817145,0.16666666666666666,Lrp8,Lrp8,0.13910225,0.10344827586206896,Pericytes,OPCs,0.22363685,0.16
Lrrc4b,Lrrc4b,0.22790805,0.12789230122002523,Ptprf,Ptprf,0.21931775,0.12371134020618557,Oligodendrocytes,Astrocytes,0.2236129,0.58
Gnai2,Gnai2,0.2388187,0.13402061855670103,Adora1,Adora1,0.20778817,0.14175257731958762,Astrocytes,Astrocytes,0.22330344,0.0
Gnai2,Gnai2,0.30984014,0.21182266009852216,Adora1,Adora1,0.13666838,0.1503223617237869,OPCs,Neurons,0.22325426,0.0
Lamb2,Lamb2,0.24954917,0.14102564102564102,Dag1,Dag1,0.19690774,0.1111111111111111,Pericytes,Microglia,0.22322845,0.0
Bmp1,Bmp1,0.18070869,0.12628865979381443,Bmpr2,Bmpr2,0.2655128,0.14486046837750666,Astrocytes,Oligodendrocytes,0.22311074,0.88
Psen1,Psen1,0.23310022,0.2809636918900577,Notch3,Notch3,0.21291727,0.13659793814432988,Neurons,Astrocytes,0.22300875,0.0
L1cam,L1cam,0.23996133,0.2829996606718697,Ephb2,Ephb2,0.20598254,0.14285714285714285,Neurons,OPCs,0.22297193,0.0
Psen1,Psen1,0.23310022,0.2809636918900577,Ncstn,Ncstn,0.2121596,0.10699588477366255,Neurons,Microglia,0.2226299,0.0
Fgfr3,Fgfr3,0.30169475,0.14743589743589744,Epha4,Epha4,0.14315248,0.10837438423645321,Pericytes,OPCs,0.22242361,0.0
Entpd1,Entpd1,0.17647286,0.11082474226804123,Adora1,Adora1,0.26831418,0.18719211822660098,Astrocytes,OPCs,0.22239351,0.0
Lama2,Lama2,0.25226915,0.12326461926798485,Itga6,Itga6_Itgb1,0.19249217,0.10897435897435898,Oligodendrocytes,Pericytes,0.22238067,0.02
Sema4d,Sema4d,0.150823,0.11330049261083744,Plxnb3,Plxnb3,0.29366615,0.16238956668068993,OPCs,Oligodendrocytes,0.22224458,0.87
Col5a2,Col5a2,0.26651284,0.12179487179487179,Ddr1,Ddr1,0.17787628,0.21445537835086528,Pericytes,Neurons,0.22219455,0.06
Sema3c,Sema3c,0.15367123,0.16491347132677298,Nrp2,Nrp2_Plxna2,0.29024595,0.1921182266009852,Neurons,OPCs,0.22195859,0.0
Col5a2,Col5a2,0.26651284,0.12179487179487179,Ddr1,Ddr1,0.17666206,0.10897435897435898,Pericytes,Pericytes,0.22158745,0.25
Hras,Hras,0.20868927,0.1995249406175772,Cav1,Cav1,0.2342012,0.1625615763546798,Neurons,OPCs,0.22144523,0.0
Lrig2,Lrig2,0.1919052,0.12371134020618557,Egfr,Egfr,0.25086373,0.1282051282051282,Astrocytes,Pericytes,0.22138447,0.06
Col4a1,Col4a1,0.2601021,0.1346153846153846,Cd47,Cd47,0.18265483,0.1056701030927835,Pericytes,Astrocytes,0.22137846,0.63
Fgf1,Fgf1,0.1916877,0.10256410256410256,Egfr,Egfr,0.25086373,0.1282051282051282,Pericytes,Pericytes,0.22127572,0.0
Ncan,Ncan,0.32172057,0.22167487684729065,Sdc3,Sdc3,0.1207724,0.1340346114692908,OPCs,Neurons,0.22124648,0.0
Gas6,Gas6,0.1374098,0.10344827586206896,Axl,Axl,0.30501413,0.16025641025641027,OPCs,Pericytes,0.22121197,0.0
Adam9,Adam9,0.15883441,0.1981676280963692,Itgb5,Itgb5,0.2834249,0.17525773195876287,Neurons,Astrocytes,0.22112966,0.0
Lrpap1,Lrpap1,0.2861818,0.17525773195876287,Ldlr,Ldlr,0.15600981,0.10309278350515463,Astrocytes,Astrocytes,0.2210958,0.21
Ncam1,Ncam1,0.25594413,0.1111111111111111,Gfra1,Gfra1,0.1861984,0.16762809636918902,Microglia,Neurons,0.22107127,1.0
Lamb2,Lamb2,0.24954917,0.14102564102564102,Itga6,Itga6_Itgb1,0.19249217,0.10897435897435898,Pericytes,Pericytes,0.22102067,0.0
Bmp7,Bmp7,0.1620248,0.11330049261083744,Acvr2a,Acvr1_Acvr2a,0.27980465,0.14814814814814814,OPCs,Microglia,0.22091472,0.0
Bmp7,Bmp7,0.1620248,0.11330049261083744,Acvr2a,Acvr2a_Bmpr1a,0.27980465,0.14814814814814814,OPCs,Microglia,0.22091472,0.0
Trf,Trf,0.25790828,0.1346153846153846,Tfrc,Tfrc,0.18388288,0.11855670103092783,Pericytes,Astrocytes,0.22089559,1.0
Vegfa,Vegfa,0.2038304,0.11538461538461539,Sirpa,Sirpa,0.23754907,0.14690721649484537,Pericytes,Astrocytes,0.22068974,0.0
Trf,Trf,0.23602748,0.10824742268041238,Tfrc,Tfrc,0.20531403,0.11538461538461539,Astrocytes,Pericytes,0.22067076,1.0
Vegfa,Vegfa,0.2038304,0.11538461538461539,Sirpa,Sirpa,0.23748541,0.2704445198506956,Pericytes,Neurons,0.22065791,0.0
Adcyap1,Adcyap1,0.14492305,0.11808618934509671,Adcyap1r1,Adcyap1r1,0.29634687,0.18556701030927836,Neurons,Astrocytes,0.22063497,0.0
Rgma,Rgma,0.1742906,0.10068714065348479,Bmpr2,Bmpr2,0.2655128,0.14486046837750666,Oligodendrocytes,Oligodendrocytes,0.2199017,1.0
Trf,Trf,0.20110586,0.12315270935960591,Ldlr,Ldlr,0.23860839,0.10897435897435898,OPCs,Pericytes,0.21985713,1.0
Bmp1,Bmp1,0.17389077,0.11330049261083744,Bmpr2,Bmpr2,0.2655128,0.14486046837750666,OPCs,Oligodendrocytes,0.21970178,0.91
Fam3c,Fam3c,0.2767852,0.2019704433497537,Lifr,Lifr,0.16237544,0.19172039362063115,OPCs,Neurons,0.21958032,0.0
Lgals3bp,Lgals3bp,0.22316898,0.1111111111111111,Itgb1,Itgb1,0.2157086,0.13402061855670103,Microglia,Astrocytes,0.21943879,0.0
Col4a1,Col4a1,0.109081805,0.14319647098744487,Cd47,Cd47,0.32969865,0.1771140092553639,Neurons,Oligodendrocytes,0.21939023,0.83
Fgf1,Fgf1,0.22252169,0.23583305055989143,Tgfbr3,Tgfbr3,0.21602012,0.10344827586206896,Neurons,OPCs,0.21927091,0.01
Fn1,Fn1,0.27777004,0.1346153846153846,Nt5e,Nt5e,0.16059645,0.11330049261083744,Pericytes,OPCs,0.21918324,0.0
St6gal1,St6gal1,0.18703064,0.11855670103092783,Egfr,Egfr,0.25086373,0.1282051282051282,Astrocytes,Pericytes,0.21894719,0.41
Gnai2,Gnai2,0.20350024,0.10531482260552517,Cav1,Cav1,0.2342012,0.1625615763546798,Oligodendrocytes,OPCs,0.21885072,0.0
Sema6a,Sema6a,0.21764022,0.11538461538461539,Plxna4,Plxna4,0.22001494,0.15270935960591134,Pericytes,OPCs,0.21882758,1.0
Vegfb,Vegfb,0.17500852,0.11822660098522167,Nrp1,Nrp1,0.2617305,0.17525773195876287,OPCs,Astrocytes,0.21836951,0.01
B2m,B2m,0.25259015,0.11008273734399103,Tfrc,Tfrc,0.18388288,0.11855670103092783,Oligodendrocytes,Astrocytes,0.2182365,0.96
Reln,Reln,0.21761194,0.13402061855670103,Vldlr,Vldlr,0.21881776,0.15763546798029557,Astrocytes,OPCs,0.21821484,0.01
Actr2,Actr2,0.27099273,0.16666666666666666,Ldlr,Ldlr,0.16484001,0.18730912792670512,Pericytes,Neurons,0.21791637,0.83
Lrpap1,Lrpap1,0.30817145,0.16666666666666666,Vldlr,Vldlr,0.1274754,0.15710892432982695,Pericytes,Neurons,0.21782342,0.62
Tfpi,Tfpi,0.30730832,0.16025641025641027,Vldlr,Vldlr,0.1274754,0.15710892432982695,Pericytes,Neurons,0.21739185,0.0
Liph,Liph,0.24326713,0.11934156378600823,Lpar1,Lpar1,0.19117236,0.10256410256410256,Microglia,Pericytes,0.21721974,0.01
Vegfc,Vegfc,0.105157435,0.11706820495419071,Itgb1,Itgb1,0.3285385,0.35900916185951814,Neurons,Neurons,0.21684797,0.0
Angptl2,Angptl2,0.22036104,0.12179487179487179,Tlr4,Tlr4,0.21267976,0.10699588477366255,Pericytes,Microglia,0.2165204,0.0
Bmp7,Bmp7,0.1620248,0.11330049261083744,Actr2,Actr2,0.27099273,0.16666666666666666,OPCs,Pericytes,0.21650876,0.04
Gnai2,Gnai2,0.2388187,0.13402061855670103,S1pr5,S1pr5,0.1939415,0.10980227177114009,Astrocytes,Oligodendrocytes,0.2163801,0.0
Tcn2,Tcn2,0.26270008,0.14743589743589744,Cnr1,Cnr1,0.16978294,0.1856124872751951,Pericytes,Neurons,0.21624151,0.0
Col4a5,Col4a5,0.20917055,0.12628865979381443,Itgb8,Itgav_Itgb8,0.22328635,0.12634974056934511,Astrocytes,Oligodendrocytes,0.21622846,0.0
Vegfa,Vegfa,0.17069003,0.2130980658296573,Nrp1,Nrp1,0.2617305,0.17525773195876287,Neurons,Astrocytes,0.21621026,0.0
Entpd1,Entpd1,0.29559296,0.21674876847290642,Adora1,Adora1,0.13666838,0.1503223617237869,OPCs,Neurons,0.21613067,0.0
Efna5,Efna5,0.20953123,0.11538461538461539,Epha5,Epha5,0.22269908,0.102880658436214,Pericytes,Microglia,0.21611515,1.0
Adam17,Adam17,0.14369662,0.1866304716661011,Erbb4,Erbb4,0.28844282,0.10699588477366255,Neurons,Microglia,0.21606973,1.0
Vegfa,Vegfa,0.2038304,0.11538461538461539,Gpc1,Gpc1,0.22717841,0.2653545978961656,Pericytes,Neurons,0.21550441,0.0
Sema3a,Sema3a,0.17983061,0.14794706481167288,Nrp2,Nrp2,0.25049317,0.24431625381744146,Neurons,Neurons,0.21516189,0.0
Inha,Inha,0.18991622,0.24363759755683745,Acvr1,Acvr1,0.24030326,0.15721649484536082,Neurons,Astrocytes,0.21510974,0.0
Slc6a8,Slc6a8,0.10841376,0.14014251781472684,Lifr,Lifr,0.32143614,0.17307692307692307,Neurons,Pericytes,0.21492495,0.0
Agrn,Agrn,0.19063604,0.11583228158743514,Atp1a3,Atp1a3,0.23883086,0.11522633744855967,Oligodendrocytes,Microglia,0.21473345,1.0
Fgf13,Fgf13,0.23687625,0.13793103448275862,Fgfr1,Fgfr1,0.19155976,0.13793103448275862,OPCs,OPCs,0.214218,0.87
Nrg2,Nrg2,0.33212212,0.22167487684729065,Lrrtm2,Lrrtm2,0.09587316,0.11842551747539871,OPCs,Neurons,0.21399763,0.01
Sema3c,Sema3c,0.26010638,0.10256410256410256,Plxna2,Nrp1_Plxna2,0.16787708,0.10051546391752578,Pericytes,Astrocytes,0.21399173,0.09
Col4a5,Col4a5,0.20917055,0.12628865979381443,Itgb8,Itgav_Itgb8,0.21812287,0.1282051282051282,Astrocytes,Pericytes,0.21364671,0.0
Actr2,Actr2,0.27099273,0.16666666666666666,Ldlr,Ldlr,0.15600981,0.10309278350515463,Pericytes,Astrocytes,0.21350127,0.78
Gnai2,Gnai2,0.15861359,0.16762809636918902,Adora1,Adora1,0.26831418,0.18719211822660098,Neurons,OPCs,0.21346389,0.01
Sema4d,Sema4d,0.2898728,0.332880895826264,Plxnb3,Plxnb3,0.13665412,0.10344827586206896,Neurons,OPCs,0.21326345,0.98
Nrxn2,Nrxn2,0.25109345,0.14743589743589744,Nlgn3,Nlgn3,0.17538334,0.2130980658296573,Pericytes,Neurons,0.21323839,0.84
Nlgn3,Nlgn3,0.17538334,0.2130980658296573,Nrxn2,Nrxn2,0.25109345,0.14743589743589744,Neurons,Pericytes,0.21323839,0.84
Ccl25,Ccl25,0.15783869,0.10309278350515463,Grm7,Grm7,0.26770332,0.11082474226804123,Astrocytes,Astrocytes,0.212771,1.0
Fstl1,Fstl1,0.21831632,0.22734984730234137,Dip2a,Dip2a,0.20717306,0.13917525773195877,Neurons,Astrocytes,0.21274468,1.0
Lrpap1,Lrpap1,0.2861818,0.17525773195876287,Lrp8,Lrp8,0.13910225,0.10344827586206896,Astrocytes,OPCs,0.21264203,0.21
Efna5,Efna5,0.20953123,0.11538461538461539,Epha5,Epha5,0.21532029,0.11855670103092783,Pericytes,Astrocytes,0.21242577,1.0
Spp1,Spp1,0.20911169,0.11367492365117068,Itgb1,Itgav_Itgb1,0.2157086,0.13402061855670103,Neurons,Astrocytes,0.21241015,0.07
Omg,Omg,0.1996086,0.22124194095690533,Lingo1,Lingo1,0.22480725,0.1625615763546798,Neurons,OPCs,0.21220791,0.02
Col4a6,Col4a6,0.3144239,0.1346153846153846,Itga3,Itga3_Itgb1,0.10994522,0.14183915846623685,Pericytes,Neurons,0.21218455,0.0
Ltbp3,Ltbp3,0.14085186,0.18425517475398712,Itgb5,Itgb5,0.2834249,0.17525773195876287,Neurons,Astrocytes,0.21213838,0.0
Col4a4,Col4a4,0.2415591,0.11538461538461539,Cd47,Cd47,0.18265483,0.1056701030927835,Pericytes,Astrocytes,0.21210697,0.54
Bmp1,Bmp1,0.18070869,0.12628865979381443,Bmpr1b,Bmpr1b,0.24296553,0.12179487179487179,Astrocytes,Pericytes,0.21183711,0.0
Trf,Trf,0.25790828,0.1346153846153846,Ldlr,Ldlr,0.16484001,0.18730912792670512,Pericytes,Neurons,0.21137415,1.0
Vegfb,Vegfb,0.16093843,0.1056701030927835,Nrp1,Nrp1,0.2617305,0.17525773195876287,Astrocytes,Astrocytes,0.21133447,0.02
Bmp1,Bmp1,0.18070869,0.12628865979381443,Bmpr1a,Bmpr1a,0.24159843,0.14275697658112466,Astrocytes,Oligodendrocytes,0.21115357,0.01
Jag1,Jag1,0.18632764,0.12807881773399016,Cd46,Cd46,0.23550709,0.15463917525773196,OPCs,Astrocytes,0.21091735,0.0
Vegfa,Vegfa,0.17069003,0.2130980658296573,Egfr,Egfr,0.25086373,0.1282051282051282,Neurons,Pericytes,0.21077688,0.0
Tgfb2,Tgfb2,0.1654376,0.10309278350515463,Tgfbr1,Tgfbr1_Tgfbr2,0.2558947,0.14102564102564102,Astrocytes,Pericytes,0.21066615,0.0
Actr2,Actr2,0.25639525,0.15979381443298968,Ldlr,Ldlr,0.16484001,0.18730912792670512,Astrocytes,Neurons,0.21061763,0.98
Vegfa,Vegfa,0.17069003,0.2130980658296573,Nrp2,Nrp2,0.25049317,0.24431625381744146,Neurons,Neurons,0.2105916,0.0
Vegfa,Vegfa,0.17069003,0.2130980658296573,Grin2b,Grin2b,0.25048476,0.13917525773195877,Neurons,Astrocytes,0.2105874,1.0
Col4a1,Col4a1,0.109081805,0.14319647098744487,Cd47,Cd47,0.3118425,0.17307692307692307,Neurons,Pericytes,0.21046215,0.62
Cthrc1,Cthrc1,0.1565799,0.18018323719036308,Fzd3,Fzd3,0.2643229,0.2931795045809298,Neurons,Neurons,0.2104514,0.0
Kitl,Kitl,0.22783974,0.10897435897435898,Lrrn3,Lrrn3,0.19281693,0.22599253478113335,Pericytes,Neurons,0.21032834,0.0
Irak4,Irak4,0.2075791,0.1111111111111111,Tlr4,Tlr4,0.21267976,0.10699588477366255,Microglia,Microglia,0.21012944,0.0
Tln1,Tln1,0.13679479,0.165252799457075,Itgb5,Itgb5,0.2834249,0.17525773195876287,Neurons,Astrocytes,0.21010986,0.0
Sirpa,Sirpa,0.23754907,0.14690721649484537,Cd47,Cd47,0.18265483,0.1056701030927835,Astrocytes,Astrocytes,0.21010195,1.0
Cd47,Cd47,0.18265483,0.1056701030927835,Sirpa,Sirpa,0.23754907,0.14690721649484537,Astrocytes,Astrocytes,0.21010195,1.0
Sirpa,Sirpa,0.23748541,0.2704445198506956,Cd47,Cd47,0.18265483,0.1056701030927835,Neurons,Astrocytes,0.21007012,1.0
Cd47,Cd47,0.18265483,0.1056701030927835,Sirpa,Sirpa,0.23748541,0.2704445198506956,Astrocytes,Neurons,0.21007012,1.0
Trf,Trf,0.23602748,0.10824742268041238,Tfrc,Tfrc,0.18388288,0.11855670103092783,Astrocytes,Astrocytes,0.20995519,1.0
Actr2,Actr2,0.25491503,0.13490394054129856,Ldlr,Ldlr,0.16484001,0.18730912792670512,Oligodendrocytes,Neurons,0.20987752,1.0
Vegfa,Vegfa,0.2038304,0.11538461538461539,Itgb1,Itgb1,0.2157086,0.13402061855670103,Pericytes,Astrocytes,0.2097695,0.07
Cklf,Cklf,0.23938446,0.12345679012345678,Lrp6,Lrp6,0.18008058,0.1072780816154817,Microglia,Oligodendrocytes,0.20973252,0.0
Rgmb,Rgmb,0.15350053,0.17678995588734306,Bmpr2,Bmpr2,0.2655128,0.14486046837750666,Neurons,Oligodendrocytes,0.20950666,1.0
Hspa4,Hspa4,0.20595768,0.12628865979381443,Tlr4,Tlr4,0.21267976,0.10699588477366255,Astrocytes,Microglia,0.20931873,0.0
Bmp7,Bmp7,0.1620248,0.11330049261083744,Actr2,Actr2,0.25639525,0.15979381443298968,OPCs,Astrocytes,0.20921002,0.05
Ntrk3,Ntrk3,0.19014487,0.10699588477366255,Ptprs,Ptprs,0.22819644,0.12074042911232646,Microglia,Oligodendrocytes,0.20917065,1.0
Trf,Trf,0.17906584,0.14217848659653887,Ldlr,Ldlr,0.23860839,0.10897435897435898,Neurons,Pericytes,0.20883712,1.0
Rgma,Rgma,0.1742906,0.10068714065348479,Bmpr1b,Bmpr1b,0.24296553,0.12179487179487179,Oligodendrocytes,Pericytes,0.20862806,0.0
Gnai2,Gnai2,0.2388187,0.13402061855670103,Adcy8,Adcy8,0.17838874,0.10897435897435898,Astrocytes,Pericytes,0.20860372,0.98
Bmp7,Bmp7,0.1620248,0.11330049261083744,Actr2,Actr2,0.25491503,0.13490394054129856,OPCs,Oligodendrocytes,0.20846991,0.0
Bmp1,Bmp1,0.17389077,0.11330049261083744,Bmpr1b,Bmpr1b,0.24296553,0.12179487179487179,OPCs,Pericytes,0.20842814,0.0
Adam9,Adam9,0.20066395,0.11522633744855967,Itgb1,Itgb1,0.2157086,0.13402061855670103,Microglia,Astrocytes,0.20818627,0.04
Il15ra,Il15ra,0.23124965,0.15979381443298968,Axl,Axl,0.18438552,0.12886597938144329,Astrocytes,Astrocytes,0.20781758,0.0
Gnai2,Gnai2,0.30984014,0.21182266009852216,Adcy7,Adcy7,0.10572527,0.13165931455717678,OPCs,Neurons,0.20778272,0.0
Efna5,Efna5,0.20953123,0.11538461538461539,Ephb2,Ephb2,0.20598254,0.14285714285714285,Pericytes,OPCs,0.20775688,0.67
Bmp1,Bmp1,0.17389077,0.11330049261083744,Bmpr1a,Bmpr1a,0.24159843,0.14275697658112466,OPCs,Oligodendrocytes,0.2077446,0.08
Slitrk3,Slitrk3,0.13457356,0.17577197149643706,Ptprs,Ptprs,0.2808447,0.17307692307692307,Neurons,Pericytes,0.20770913,0.91
Gnai2,Gnai2,0.20350024,0.10531482260552517,Oprm1,Oprm1,0.21174094,0.11934156378600823,Oligodendrocytes,Microglia,0.20762059,0.0
Gpi1,Gpi1,0.19096482,0.1330049261083744,Amfr,Amfr,0.22427371,0.15206185567010308,OPCs,Astrocytes,0.20761926,0.98
Fgf1,Fgf1,0.1992148,0.1110643668489693,Tgfbr3,Tgfbr3,0.21602012,0.10344827586206896,Oligodendrocytes,OPCs,0.20761746,0.04
Lgals8,Lgals8,0.30503872,0.34034611469290804,Itga3,Itga3,0.10994522,0.14183915846623685,Neurons,Neurons,0.20749196,0.0
Jam2,Jam2,0.30460286,0.17307692307692307,Itga3,Itga3_Itgb1,0.10994522,0.14183915846623685,Pericytes,Neurons,0.20727405,0.0
Fgf1,Fgf1,0.22252169,0.23583305055989143,Fgfr1,Fgfr1,0.19155976,0.13793103448275862,Neurons,OPCs,0.20704073,0.25
Fgf1,Fgf1,0.22252169,0.23583305055989143,Fgfrl1,Fgfrl1,0.19140282,0.13144329896907217,Neurons,Astrocytes,0.20696226,0.0
Trf,Trf,0.25790828,0.1346153846153846,Ldlr,Ldlr,0.15600981,0.10309278350515463,Pericytes,Astrocytes,0.20695904,1.0
Lrpap1,Lrpap1,0.2861818,0.17525773195876287,Vldlr,Vldlr,0.1274754,0.15710892432982695,Astrocytes,Neurons,0.2068286,0.98
Tnfsf13b,Tnfsf13b,0.20754337,0.10699588477366255,Tfrc,Tfrc,0.20531403,0.11538461538461539,Microglia,Pericytes,0.2064287,0.0
Gnai2,Gnai2,0.15861359,0.16762809636918902,Tbxa2r,Tbxa2r,0.25419316,0.12179487179487179,Neurons,Pericytes,0.20640337,0.0
Reln,Reln,0.19373655,0.12249745503902273,Vldlr,Vldlr,0.21881776,0.15763546798029557,Neurons,OPCs,0.20627716,0.02
Actr2,Actr2,0.25639525,0.15979381443298968,Ldlr,Ldlr,0.15600981,0.10309278350515463,Astrocytes,Astrocytes,0.20620254,0.95
Cthrc1,Cthrc1,0.1565799,0.18018323719036308,Fzd3,Fzd3,0.25569138,0.1724137931034483,Neurons,OPCs,0.20613563,0.0
Csf1,Csf1,0.17425033,0.10321133080914317,Sirpa,Sirpa,0.23754907,0.14690721649484537,Oligodendrocytes,Astrocytes,0.2058997,0.0
Csf1,Csf1,0.17425033,0.10321133080914317,Sirpa,Sirpa,0.23748541,0.2704445198506956,Oligodendrocytes,Neurons,0.20586787,0.0
Gnai2,Gnai2,0.20350024,0.10531482260552517,Adora1,Adora1,0.20778817,0.14175257731958762,Oligodendrocytes,Astrocytes,0.2056442,0.0
Gnai2,Gnai2,0.15861359,0.16762809636918902,S1pr1,S1pr1,0.25263208,0.14102564102564102,Neurons,Pericytes,0.20562284,0.0
Actr2,Actr2,0.25491503,0.13490394054129856,Ldlr,Ldlr,0.15600981,0.10309278350515463,Oligodendrocytes,Astrocytes,0.20546243,1.0
Arpc5,Arpc5,0.107968196,0.12656939260264677,Ldlr,Ldlr,0.3027977,0.2019704433497537,Neurons,OPCs,0.20538294,0.0
Slit2,Slit2,0.17040688,0.11330049261083744,Robo2,Robo2,0.2402362,0.102880658436214,OPCs,Microglia,0.20532154,1.0
Gnai2,Gnai2,0.15861359,0.16762809636918902,Oprm1,Oprm1,0.2517955,0.25110281642348153,Neurons,Neurons,0.20520455,0.0
Col1a2,Col1a2,0.18667647,0.11855670103092783,Itgb8,Itgav_Itgb8,0.22328635,0.12634974056934511,Astrocytes,Oligodendrocytes,0.20498142,0.0
Vegfa,Vegfa,0.2038304,0.11538461538461539,Ephb2,Ephb2,0.20598254,0.14285714285714285,Pericytes,OPCs,0.20490646,0.0
Gnai2,Gnai2,0.15861359,0.16762809636918902,Egfr,Egfr,0.25086373,0.1282051282051282,Neurons,Pericytes,0.20473866,0.0
Ntrk3,Ntrk3,0.19014487,0.10699588477366255,Ptprf,Ptprf,0.21931775,0.12371134020618557,Microglia,Astrocytes,0.20473132,1.0
Jam2,Jam2,0.29935274,0.15637860082304528,Itga3,Itga3_Itgb1,0.10994522,0.14183915846623685,Microglia,Neurons,0.20464897,0.0
Calr,Calr,0.29898164,0.15355490113588557,Itga3,Itga3,0.10994522,0.14183915846623685,Oligodendrocytes,Neurons,0.20446342,0.15
Gnai2,Gnai2,0.2388187,0.13402061855670103,Cnr1,Cnr1,0.16978294,0.1856124872751951,Astrocytes,Neurons,0.20430082,0.0
Sema4a,Sema4a,0.22668926,0.14948453608247422,Plxnb1,Plxnb1,0.18167295,0.1330049261083744,Astrocytes,OPCs,0.2041811,0.0
Vegfa,Vegfa,0.17069003,0.2130980658296573,Sirpa,Sirpa,0.23754907,0.14690721649484537,Neurons,Astrocytes,0.20411955,0.0
Vegfa,Vegfa,0.17069003,0.2130980658296573,Sirpa,Sirpa,0.23748541,0.2704445198506956,Neurons,Neurons,0.20408772,0.0
Sema4d,Sema4d,0.150823,0.11330049261083744,Plxnb2,Plxnb2,0.2572412,0.13580246913580246,OPCs,Microglia,0.2040321,0.18
Fgf1,Fgf1,0.22252169,0.23583305055989143,Fgfrl1,Fgfrl1,0.18544556,0.1330049261083744,Neurons,OPCs,0.20398363,0.0
Lama2,Lama2,0.25226915,0.12326461926798485,Itga7,Itga7_Itgb1,0.15552875,0.1056701030927835,Oligodendrocytes,Astrocytes,0.20389895,0.0
Fgf1,Fgf1,0.1916877,0.10256410256410256,Tgfbr3,Tgfbr3,0.21602012,0.10344827586206896,Pericytes,OPCs,0.2038539,0.15
Trf,Trf,0.20110586,0.12315270935960591,Tfrc,Tfrc,0.20531403,0.11538461538461539,OPCs,Pericytes,0.20320994,1.0
Agrn,Agrn,0.19063604,0.11583228158743514,Itgb1,Itgb1,0.2157086,0.13402061855670103,Oligodendrocytes,Astrocytes,0.20317233,0.99
Efna5,Efna5,0.20953123,0.11538461538461539,Ephb1,Ephb1,0.19656153,0.13793103448275862,Pericytes,OPCs,0.20304638,1.0
Inha,Inha,0.18991622,0.24363759755683745,Tgfbr3,Tgfbr3,0.21602012,0.10344827586206896,Neurons,OPCs,0.20296818,0.0
Sema4a,Sema4a,0.10509484,0.13030200203596878,Plxnb1,Plxnb1,0.30072474,0.2036082474226804,Neurons,Astrocytes,0.2029098,0.0
Col4a3,Col4a3,0.29537937,0.1346153846153846,Itga3,Itga3_Itgb1,0.10994522,0.14183915846623685,Pericytes,Neurons,0.20266229,0.0
Lamb2,Lamb2,0.24954917,0.14102564102564102,Itga7,Itga7_Itgb1,0.15552875,0.1056701030927835,Pericytes,Astrocytes,0.20253897,0.0
Bmp7,Bmp7,0.1620248,0.11330049261083744,Bmpr1b,Bmpr1b_Bmpr2,0.24296553,0.12179487179487179,OPCs,Pericytes,0.20249516,0.0
Col1a2,Col1a2,0.18667647,0.11855670103092783,Itgb8,Itgav_Itgb8,0.21812287,0.1282051282051282,Astrocytes,Pericytes,0.20239967,0.0
Gnai2,Gnai2,0.2388187,0.13402061855670103,P2ry12,P2ry12,0.16535407,0.20936545639633525,Astrocytes,Neurons,0.20208639,0.0
Sema3c,Sema3c,0.15367123,0.16491347132677298,Nrp2,Nrp2_Plxna2,0.25049317,0.24431625381744146,Neurons,Neurons,0.2020822,0.0
Sema3c,Sema3c,0.15367123,0.16491347132677298,Nrp2,Nrp2_Plxna4,0.25049317,0.24431625381744146,Neurons,Neurons,0.2020822,0.0
Efnb2,Efnb2,0.10097656,0.12690872073294876,Grm5,Grm5,0.30312994,0.1111111111111111,Neurons,Microglia,0.20205325,1.0
Slit1,Slit1,0.16345389,0.18595181540549713,Robo2,Robo2,0.2402362,0.102880658436214,Neurons,Microglia,0.20184505,1.0
Bmp7,Bmp7,0.1620248,0.11330049261083744,Bmpr1a,Bmpr1a_Bmpr2,0.24159843,0.14275697658112466,OPCs,Oligodendrocytes,0.20181161,0.0
Lamc1,Lamc1,0.17943668,0.22225992534781133,Itgb8,Itgav_Itgb8,0.22328635,0.12634974056934511,Neurons,Oligodendrocytes,0.2013615,0.0
Mdk,Mdk,0.281712,0.18719211822660098,Sdc3,Sdc3,0.1207724,0.1340346114692908,OPCs,Neurons,0.2012422,0.0
Bmp7,Bmp7,0.1620248,0.11330049261083744,Acvr1,Acvr1_Bmpr2,0.24030326,0.15721649484536082,OPCs,Astrocytes,0.20116404,0.0
Entpd1,Entpd1,0.17647286,0.11082474226804123,Adora3,Adora3,0.22492298,0.11522633744855967,Astrocytes,Microglia,0.20069793,0.0
Bmp6,Bmp6,0.32163987,0.1282051282051282,Acvr2b,Acvr2b_Bmpr1a,0.07962129,0.10383440787241262,Pericytes,Neurons,0.20063058,0.0
Bmp6,Bmp6,0.32163987,0.1282051282051282,Acvr2b,Acvr1_Acvr2b,0.07962129,0.10383440787241262,Pericytes,Neurons,0.20063058,0.0
Col4a2,Col4a2,0.29112208,0.14743589743589744,Itga3,Itga3_Itgb1,0.10994522,0.14183915846623685,Pericytes,Neurons,0.20053366,0.0
Trf,Trf,0.23602748,0.10824742268041238,Ldlr,Ldlr,0.16484001,0.18730912792670512,Astrocytes,Neurons,0.20043375,1.0
Efna5,Efna5,0.20953123,0.11538461538461539,Epha3,Epha3,0.19057654,0.10256410256410256,Pericytes,Pericytes,0.20005389,0.61
Bmp7,Bmp7,0.1620248,0.11330049261083744,Acvr2a,Acvr2a_Bmpr1a,0.23773637,0.1282051282051282,OPCs,Pericytes,0.19988059,0.0
Bmp7,Bmp7,0.1620248,0.11330049261083744,Acvr2a,Acvr2a_Bmpr1b,0.23773637,0.1282051282051282,OPCs,Pericytes,0.19988059,0.0
Agrn,Agrn,0.19063604,0.11583228158743514,Lrp4,Lrp4,0.2088158,0.13402061855670103,Oligodendrocytes,Astrocytes,0.19972593,0.0
Omg,Omg,0.27435836,0.18226600985221675,Rtn4rl1,Rtn4rl1,0.12505294,0.14387512724804885,OPCs,Neurons,0.19970566,0.0
Lrrc4b,Lrrc4b,0.22790805,0.12789230122002523,Ptprf,Ptprf,0.17144528,0.10363202916841957,Oligodendrocytes,Oligodendrocytes,0.19967666,1.0
Jag1,Jag1,0.18632764,0.12807881773399016,Notch3,Notch3,0.21291727,0.13659793814432988,OPCs,Astrocytes,0.19962245,0.0
Sema4a,Sema4a,0.10509484,0.13030200203596878,Plxnb3,Plxnb3,0.29366615,0.16238956668068993,Neurons,Oligodendrocytes,0.1993805,0.0
Timp2,Timp2,0.2886336,0.1472444257467396,Itga3,Itga3,0.10994522,0.14183915846623685,Oligodendrocytes,Neurons,0.19928941,0.0
Calr,Calr,0.28845719,0.15721649484536082,Itga3,Itga3,0.10994522,0.14183915846623685,Astrocytes,Neurons,0.1992012,0.54
Vegfa,Vegfa,0.17069003,0.2130980658296573,Gpc1,Gpc1,0.22717841,0.2653545978961656,Neurons,Neurons,0.19893423,0.0
Slit2,Slit2,0.17040688,0.11330049261083744,Gpc1,Gpc1,0.22717841,0.2653545978961656,OPCs,Neurons,0.19879264,0.15
Lamc1,Lamc1,0.17943668,0.22225992534781133,Itgb8,Itgav_Itgb8,0.21812287,0.1282051282051282,Neurons,Pericytes,0.19877978,0.38
Gnai2,Gnai2,0.20350024,0.10531482260552517,S1pr5,S1pr5,0.1939415,0.10980227177114009,Oligodendrocytes,Oligodendrocytes,0.19872087,0.0
Efnb2,Efnb2,0.10097656,0.12690872073294876,Epha4,Epha4,0.2964334,0.2952154733627418,Neurons,Neurons,0.19870497,0.0
Rgmb,Rgmb,0.15350053,0.17678995588734306,Bmpr1b,Bmpr1b,0.24296553,0.12179487179487179,Neurons,Pericytes,0.19823304,0.0
Hspa4,Hspa4,0.183153,0.10138830458561211,Tlr4,Tlr4,0.21267976,0.10699588477366255,Oligodendrocytes,Microglia,0.19791639,0.0
Vegfc,Vegfc,0.105157435,0.11706820495419071,Nrp2,Nrp2,0.29024595,0.1921182266009852,Neurons,OPCs,0.1977017,0.0
Pros1,Pros1,0.21092054,0.1282051282051282,Axl,Axl,0.18438552,0.12886597938144329,Pericytes,Astrocytes,0.19765303,0.0
Adam15,Adam15,0.17953819,0.2130980658296573,Itgb1,Itgb1,0.2157086,0.13402061855670103,Neurons,Astrocytes,0.1976234,0.02
Lamc1,Lamc1,0.17943668,0.22225992534781133,Itgb1,Itga6_Itgb1,0.2157086,0.13402061855670103,Neurons,Astrocytes,0.19757265,0.52
Sema4a,Sema4a,0.22668926,0.14948453608247422,Plxna2,Nrp1_Plxna2,0.16787708,0.10051546391752578,Astrocytes,Astrocytes,0.19728318,0.02
St6gal1,St6gal1,0.14251493,0.16864608076009502,Egfr,Egfr,0.25086373,0.1282051282051282,Neurons,Pericytes,0.19668934,0.91
Adam9,Adam9,0.20066395,0.11522633744855967,Itga6,Itga6,0.19249217,0.10897435897435898,Microglia,Pericytes,0.19657806,0.0
Enho,Enho,0.23001508,0.1477832512315271,Gpr19,Gpr19,0.1630087,0.11330049261083744,OPCs,OPCs,0.1965119,0.0
Gnai2,Gnai2,0.15861359,0.16762809636918902,Cav1,Cav1,0.2342012,0.1625615763546798,Neurons,OPCs,0.1964074,0.0
Adcyap1,Adcyap1,0.14492305,0.11808618934509671,Ramp2,Ramp2,0.24762425,0.10897435897435898,Neurons,Pericytes,0.19627365,0.0
Pros1,Pros1,0.21092054,0.1282051282051282,Tyro3,Tyro3,0.18154852,0.1047538914598233,Pericytes,Oligodendrocytes,0.19623452,0.0
Sema4f,Sema4f,0.10215673,0.13030200203596878,Nrp2,Nrp2,0.29024595,0.1921182266009852,Neurons,OPCs,0.19620134,0.0
B2m,B2m,0.1869876,0.16287750254496097,Tfrc,Tfrc,0.20531403,0.11538461538461539,Neurons,Pericytes,0.19615081,0.98
Farp2,Farp2,0.17225671,0.22124194095690533,Plxna4,Plxna4,0.22001494,0.15270935960591134,Neurons,OPCs,0.19613582,1.0
Trf,Trf,0.23602748,0.10824742268041238,Ldlr,Ldlr,0.15600981,0.10309278350515463,Astrocytes,Astrocytes,0.19601864,1.0
Nrg2,Nrg2,0.24343958,0.14690721649484537,Lrrtm2,Lrrtm2,0.14857486,0.10837438423645321,Astrocytes,OPCs,0.19600722,0.0
Ptdss1,Ptdss1,0.22183979,0.27078384798099764,Jmjd6,Jmjd6,0.17013872,0.10256410256410256,Neurons,Pericytes,0.19598925,0.0
Sema5a,Sema5a,0.2552436,0.14102564102564102,Plxnb3,Plxnb3,0.13665412,0.10344827586206896,Pericytes,OPCs,0.19594887,0.72
Col4a5,Col4a5,0.20917055,0.12628865979381443,Cd47,Cd47,0.18265483,0.1056701030927835,Astrocytes,Astrocytes,0.19591269,0.88
Adam9,Adam9,0.2818639,0.2019704433497537,Itga3,Itga3,0.10994522,0.14183915846623685,OPCs,Neurons,0.19590455,0.0
Tnfsf13b,Tnfsf13b,0.20754337,0.10699588477366255,Tfrc,Tfrc,0.18388288,0.11855670103092783,Microglia,Astrocytes,0.19571313,0.0
Fgf1,Fgf1,0.1992148,0.1110643668489693,Fgfr1,Fgfr1,0.19155976,0.13793103448275862,Oligodendrocytes,OPCs,0.19538727,0.41
Slit1,Slit1,0.16345389,0.18595181540549713,Gpc1,Gpc1,0.22717841,0.2653545978961656,Neurons,Neurons,0.19531615,0.0
Fgf1,Fgf1,0.1992148,0.1110643668489693,Fgfrl1,Fgfrl1,0.19140282,0.13144329896907217,Oligodendrocytes,Astrocytes,0.1953088,0.0
Fn1,Fn1,0.27777004,0.1346153846153846,Itga3,Itga3_Itgb1,0.10994522,0.14183915846623685,Pericytes,Neurons,0.19385764,0.0
Agrn,Agrn,0.19063604,0.11583228158743514,Dag1,Dag1,0.19690774,0.1111111111111111,Oligodendrocytes,Microglia,0.1937719,0.96
Col9a3,Col9a3,0.27732503,0.2019704433497537,Itga3,Itga3_Itgb1,0.10994522,0.14183915846623685,OPCs,Neurons,0.19363514,0.0
Vegfa,Vegfa,0.17069003,0.2130980658296573,Itgb1,Itgb1,0.2157086,0.13402061855670103,Neurons,Astrocytes,0.1931993,0.2
F8,F8,0.0828107,0.10892432982694265,Ldlr,Ldlr,0.3027977,0.2019704433497537,Neurons,OPCs,0.1928042,0.0
Sema6a,Sema6a,0.21764022,0.11538461538461539,Plxna2,Plxna2,0.16787708,0.10051546391752578,Pericytes,Astrocytes,0.19275865,1.0
Vegfa,Vegfa,0.2038304,0.11538461538461539,Tyro3,Tyro3,0.18154852,0.1047538914598233,Pericytes,Oligodendrocytes,0.19268946,0.0
Trf,Trf,0.20110586,0.12315270935960591,Tfrc,Tfrc,0.18388288,0.11855670103092783,OPCs,Astrocytes,0.19249436,1.0
P4hb,P4hb,0.20974918,0.10897435897435898,Mttp,Mttp,0.1750277,0.21445537835086528,Pericytes,Neurons,0.19238845,0.0
Sema4g,Sema4g,0.12742047,0.166270783847981,Plxnb2,Plxnb2,0.2572412,0.13580246913580246,Neurons,Microglia,0.19233084,0.0
Fgf1,Fgf1,0.1992148,0.1110643668489693,Fgfrl1,Fgfrl1,0.18544556,0.1330049261083744,Oligodendrocytes,OPCs,0.19233018,0.0
Farp2,Farp2,0.16458921,0.11822660098522167,Plxna4,Plxna4,0.22001494,0.15270935960591134,OPCs,OPCs,0.19230208,0.99
Trf,Trf,0.17906584,0.14217848659653887,Tfrc,Tfrc,0.20531403,0.11538461538461539,Neurons,Pericytes,0.19218993,1.0
Entpd1,Entpd1,0.17647286,0.11082474226804123,Adora1,Adora1,0.20778817,0.14175257731958762,Astrocytes,Astrocytes,0.1921305,0.0
Gnai2,Gnai2,0.2388187,0.13402061855670103,Ptpru,Ptpru,0.14475183,0.1798439090600611,Astrocytes,Neurons,0.19178528,0.0
Fgf1,Fgf1,0.1916877,0.10256410256410256,Fgfr1,Fgfr1,0.19155976,0.13793103448275862,Pericytes,OPCs,0.19162373,0.49
Fgf1,Fgf1,0.1916877,0.10256410256410256,Fgfrl1,Fgfrl1,0.19140282,0.13144329896907217,Pericytes,Astrocytes,0.19154526,0.01
Gnai2,Gnai2,0.20350024,0.10531482260552517,Adcy8,Adcy8,0.17838874,0.10897435897435898,Oligodendrocytes,Pericytes,0.1909445,1.0
Tgfb2,Tgfb2,0.1654376,0.10309278350515463,Tgfbr3,Tgfbr3,0.21602012,0.10344827586206896,Astrocytes,OPCs,0.19072886,0.0
Inha,Inha,0.18991622,0.24363759755683745,Acvr1,Acvr1,0.19138534,0.1282051282051282,Neurons,Pericytes,0.19065079,0.0
Vegfa,Vegfa,0.2038304,0.11538461538461539,Sirpa,Sirpa,0.17701435,0.1330049261083744,Pericytes,OPCs,0.19042239,0.09
Txlna,Txlna,0.10955134,0.14217848659653887,Stx3,Stx3,0.2705457,0.32473702069901594,Neurons,Neurons,0.19004852,0.0
Gpi1,Gpi1,0.19096482,0.1330049261083744,Amfr,Amfr,0.18850558,0.10256410256410256,OPCs,Pericytes,0.1897352,1.0
Psen1,Psen1,0.16640235,0.11822660098522167,Notch3,Notch3,0.21291727,0.13659793814432988,OPCs,Astrocytes,0.1896598,0.0
Nlgn3,Nlgn3,0.17538334,0.2130980658296573,Nrxn2,Nrxn2,0.2032566,0.13144329896907217,Neurons,Astrocytes,0.18931997,1.0
Nrxn2,Nrxn2,0.2032566,0.13144329896907217,Nlgn3,Nlgn3,0.17538334,0.2130980658296573,Astrocytes,Neurons,0.18931997,1.0
Psen1,Psen1,0.16640235,0.11822660098522167,Ncstn,Ncstn,0.2121596,0.10699588477366255,OPCs,Microglia,0.18928099,0.0
Efnb2,Efnb2,0.10097656,0.12690872073294876,Grm5,Grm5,0.2774973,0.10208946851773945,Neurons,Oligodendrocytes,0.18923692,1.0
Psen1,Psen1,0.25804967,0.1440329218106996,Ncstn,Ncstn,0.11996884,0.15676959619952494,Microglia,Neurons,0.18900925,0.0
Jam3,Jam3,0.16230819,0.20291822192059722,Itgb1,Itgb1,0.2157086,0.13402061855670103,Neurons,Astrocytes,0.18900838,1.0
Gpi1,Gpi1,0.19096482,0.1330049261083744,Amfr,Amfr,0.18681526,0.13793103448275862,OPCs,OPCs,0.18889004,1.0
Fgf1,Fgf1,0.1916877,0.10256410256410256,Fgfrl1,Fgfrl1,0.18544556,0.1330049261083744,Pericytes,OPCs,0.18856663,0.01
Adcyap1,Adcyap1,0.14492305,0.11808618934509671,Adcyap1r1,Adcyap1r1,0.23213957,0.2711231761112996,Neurons,Neurons,0.18853131,0.0
Vegfa,Vegfa,0.17069003,0.2130980658296573,Ephb2,Ephb2,0.20598254,0.14285714285714285,Neurons,OPCs,0.18833628,0.0
Sema4b,Sema4b,0.12221106,0.16118086189345096,Dcbld2,Dcbld2,0.25421625,0.18719211822660098,Neurons,OPCs,0.18821366,0.0
Sema4d,Sema4d,0.150823,0.11330049261083744,Plxnb1,Plxnb1,0.22553286,0.1346153846153846,OPCs,Pericytes,0.18817793,0.53
Lamc1,Lamc1,0.17943668,0.22225992534781133,Dag1,Dag1,0.19690774,0.1111111111111111,Neurons,Microglia,0.18817222,0.07
Il15ra,Il15ra,0.07090396,0.10315575161180862,Axl,Axl,0.30501413,0.16025641025641027,Neurons,Pericytes,0.18795905,0.0
Gnai2,Gnai2,0.2388187,0.13402061855670103,Adora1,Adora1,0.13666838,0.1503223617237869,Astrocytes,Neurons,0.18774354,0.2
Lin7c,Lin7c,0.16132958,0.10051546391752578,Abca1,Abca1,0.21408409,0.1346153846153846,Astrocytes,Pericytes,0.18770683,0.01
Timp3,Timp3,0.19751117,0.2307431286053614,Ddr1,Ddr1,0.17787628,0.21445537835086528,Neurons,Neurons,0.18769372,1.0
Lgals8,Lgals8,0.26478624,0.17733990147783252,Itga3,Itga3,0.10994522,0.14183915846623685,OPCs,Neurons,0.18736574,0.0
Kitl,Kitl,0.22783974,0.10897435897435898,Kit,Kit,0.1468058,0.13131998642687479,Pericytes,Neurons,0.18732277,0.0
Adam9,Adam9,0.15883441,0.1981676280963692,Itgb1,Itgb1,0.2157086,0.13402061855670103,Neurons,Astrocytes,0.1872715,0.17
Timp3,Timp3,0.19751117,0.2307431286053614,Ddr1,Ddr1,0.17666206,0.10897435897435898,Neurons,Pericytes,0.18708661,1.0
Csf1,Csf1,0.17425033,0.10321133080914317,Csf2ra,Csf2ra,0.19947055,0.10699588477366255,Oligodendrocytes,Microglia,0.18686044,0.0
Sema3c,Sema3c,0.15367123,0.16491347132677298,Plxna4,Nrp2_Plxna4,0.22001494,0.15270935960591134,Neurons,OPCs,0.1868431,1.0
Gnai2,Gnai2,0.20350024,0.10531482260552517,Cnr1,Cnr1,0.16978294,0.1856124872751951,Oligodendrocytes,Neurons,0.18664159,0.0
Timp2,Timp2,0.26252696,0.1625615763546798,Itga3,Itga3,0.10994522,0.14183915846623685,OPCs,Neurons,0.18623608,0.5
Lamc1,Lamc1,0.17943668,0.22225992534781133,Itga6,Itga6_Itgb1,0.19249217,0.10897435897435898,Neurons,Pericytes,0.18596444,0.02
Sema3c,Sema3c,0.26010638,0.10256410256410256,Plxna1,Nrp2_Plxna1,0.111548476,0.15778758059043094,Pericytes,Neurons,0.18582743,0.0
Sema3c,Sema3c,0.26010638,0.10256410256410256,Plxna1,Nrp1_Plxna1,0.111548476,0.15778758059043094,Pericytes,Neurons,0.18582743,0.0
Omg,Omg,0.24582078,0.13490394054129856,Rtn4rl1,Rtn4rl1,0.12505294,0.14387512724804885,Oligodendrocytes,Neurons,0.18543686,0.0
B2m,B2m,0.1869876,0.16287750254496097,Tfrc,Tfrc,0.18388288,0.11855670103092783,Neurons,Astrocytes,0.18543524,1.0
Gnai2,Gnai2,0.15861359,0.16762809636918902,Oprm1,Oprm1,0.21174094,0.11934156378600823,Neurons,Microglia,0.18517727,0.01
Col4a1,Col4a1,0.2601021,0.1346153846153846,Itga3,Itga3_Itgb1,0.10994522,0.14183915846623685,Pericytes,Neurons,0.18502367,0.0
Col5a3,Col5a3,0.15698883,0.11330049261083744,Sdc3,Sdc3,0.21290232,0.13144329896907217,OPCs,Astrocytes,0.18494558,0.0
Gas6,Gas6,0.185438,0.11082474226804123,Axl,Axl,0.18438552,0.12886597938144329,Astrocytes,Astrocytes,0.18491176,0.0
F8,F8,0.0828107,0.10892432982694265,Lrp4,Lrp4,0.28684035,0.1921182266009852,Neurons,OPCs,0.18482552,0.0
Fgf9,Fgf9,0.1779892,0.21174075330844927,Fgfr1,Fgfr1,0.19155976,0.13793103448275862,Neurons,OPCs,0.18477449,0.0
Gnai2,Gnai2,0.20350024,0.10531482260552517,P2ry12,P2ry12,0.16535407,0.20936545639633525,Oligodendrocytes,Neurons,0.18442716,0.0
Rgma,Rgma,0.1742906,0.10068714065348479,Neo1,Neo1,0.194527,0.1111111111111111,Oligodendrocytes,Microglia,0.1844088,1.0
Dnajb11,Dnajb11,0.15685202,0.11822660098522167,Prtg,Prtg,0.21105024,0.1330049261083744,OPCs,OPCs,0.18395114,0.0
Gas6,Gas6,0.185438,0.11082474226804123,Tyro3,Tyro3,0.18154852,0.1047538914598233,Astrocytes,Oligodendrocytes,0.18349326,0.0
Sema5a,Sema5a,0.2552436,0.14102564102564102,Plxna1,Plxna1,0.111548476,0.15778758059043094,Pericytes,Neurons,0.18339604,0.06
Gnai2,Gnai2,0.15861359,0.16762809636918902,Adora1,Adora1,0.20778817,0.14175257731958762,Neurons,Astrocytes,0.18320088,0.21
Kitl,Kitl,0.22783974,0.10897435897435898,Kit,Kit,0.13841987,0.10344827586206896,Pericytes,OPCs,0.1831298,0.0
Trf,Trf,0.20110586,0.12315270935960591,Ldlr,Ldlr,0.16484001,0.18730912792670512,OPCs,Neurons,0.18297294,1.0
Cthrc1,Cthrc1,0.1565799,0.18018323719036308,Fzd3,Fzd3,0.20917934,0.12886597938144329,Neurons,Astrocytes,0.18287963,0.0
Efna5,Efna5,0.20953123,0.11538461538461539,Epha4,Epha4,0.15477175,0.10256410256410256,Pericytes,Pericytes,0.1821515,0.92
Dll3,Dll3,0.15071326,0.10837438423645321,Notch3,Notch3,0.21291727,0.13659793814432988,OPCs,Astrocytes,0.18181527,0.0
Sema4a,Sema4a,0.22668926,0.14948453608247422,Plxnb3,Plxnb3,0.13665412,0.10344827586206896,Astrocytes,OPCs,0.1816717,0.01
Dnajb11,Dnajb11,0.1522736,0.17712928401764505,Prtg,Prtg,0.21105024,0.1330049261083744,Neurons,OPCs,0.18166192,0.0
Trf,Trf,0.17906584,0.14217848659653887,Tfrc,Tfrc,0.18388288,0.11855670103092783,Neurons,Astrocytes,0.18147436,1.0
Slitrk3,Slitrk3,0.13457356,0.17577197149643706,Ptprs,Ptprs,0.22819644,0.12074042911232646,Neurons,Oligodendrocytes,0.18138501,1.0
Sema4a,Sema4a,0.10509484,0.13030200203596878,Plxnb2,Plxnb2,0.2572412,0.13580246913580246,Neurons,Microglia,0.18116802,0.0
Lama2,Lama2,0.25226915,0.12326461926798485,Itga3,Itga3_Itgb1,0.10994522,0.14183915846623685,Oligodendrocytes,Neurons,0.1811072,0.0
Ntrk3,Ntrk3,0.19014487,0.10699588477366255,Ptprf,Ptprf,0.17144528,0.10363202916841957,Microglia,Oligodendrocytes,0.18079507,1.0
Fam3c,Fam3c,0.16299295,0.1815405497115711,Glra2,Glra2,0.19807129,0.19104173736002714,Neurons,Neurons,0.18053213,0.0
Sparc,Sparc,0.16870826,0.11333559552086868,Fgfr1,Fgfr1,0.19155976,0.13793103448275862,Neurons,OPCs,0.18013401,1.0
Adcyap1,Adcyap1,0.14492305,0.11808618934509671,Ramp2,Ramp2,0.21503386,0.15270935960591134,Neurons,OPCs,0.17997846,0.0
Sirpa,Sirpa,0.17701435,0.1330049261083744,Cd47,Cd47,0.18265483,0.1056701030927835,OPCs,Astrocytes,0.17983459,1.0
Cd47,Cd47,0.18265483,0.1056701030927835,Sirpa,Sirpa,0.17701435,0.1330049261083744,Astrocytes,OPCs,0.17983459,1.0
Lamb2,Lamb2,0.24954917,0.14102564102564102,Itga3,Itga3_Itgb1,0.10994522,0.14183915846623685,Pericytes,Neurons,0.1797472,0.0
Fbn1,Fbn1,0.1437205,0.17780794027824906,Itgb1,Itgb1,0.2157086,0.13402061855670103,Neurons,Astrocytes,0.17971455,0.01
Adam17,Adam17,0.14369662,0.1866304716661011,Itgb1,Itgb1,0.2157086,0.13402061855670103,Neurons,Astrocytes,0.17970261,0.58
Cgn,Cgn,0.09886319,0.12792670512385476,Tgfbr2,Tgfbr2,0.25951317,0.14743589743589744,Neurons,Pericytes,0.17918818,0.0
Trf,Trf,0.20110586,0.12315270935960591,Ldlr,Ldlr,0.15600981,0.10309278350515463,OPCs,Astrocytes,0.17855784,1.0
Spon1,Spon1,0.21781026,0.11538461538461539,Lrp8,Lrp8,0.13910225,0.10344827586206896,Pericytes,OPCs,0.17845625,0.13
Tgfb2,Tgfb2,0.1654376,0.10309278350515463,Acvr1,Acvr1_Tgfbr1_Tgfbr2,0.19138534,0.1282051282051282,Astrocytes,Pericytes,0.17841147,0.0
Tgfb2,Tgfb2,0.1654376,0.10309278350515463,Acvr1,Acvr1_Tgfbr2,0.19138534,0.1282051282051282,Astrocytes,Pericytes,0.17841147,0.0
Reln,Reln,0.21761194,0.13402061855670103,Lrp8,Lrp8,0.13910225,0.10344827586206896,Astrocytes,OPCs,0.1783571,0.0
Agrp,Agrp,0.14368154,0.18934509670851712,Sdc3,Sdc3,0.21290232,0.13144329896907217,Neurons,Astrocytes,0.17829193,0.0
Vegfc,Vegfc,0.105157435,0.11706820495419071,Nrp2,Nrp2,0.25049317,0.24431625381744146,Neurons,Neurons,0.1778253,0.0
Cgn,Cgn,0.09886319,0.12792670512385476,Tgfbr1,Tgfbr1,0.2558947,0.14102564102564102,Neurons,Pericytes,0.17737894,0.0
Omg,Omg,0.22900997,0.14690721649484537,Rtn4rl1,Rtn4rl1,0.12505294,0.14387512724804885,Astrocytes,Neurons,0.17703146,0.01
Bmp7,Bmp7,0.1620248,0.11330049261083744,Acvr1,Acvr1_Acvr2a,0.19138534,0.1282051282051282,OPCs,Pericytes,0.17670506,0.0
Bmp7,Bmp7,0.1620248,0.11330049261083744,Acvr1,Acvr1_Bmpr2,0.19138534,0.1282051282051282,OPCs,Pericytes,0.17670506,0.0
Psen1,Psen1,0.23310022,0.2809636918900577,Ncstn,Ncstn,0.11996884,0.15676959619952494,Neurons,Neurons,0.17653453,0.0
Efna5,Efna5,0.20953123,0.11538461538461539,Epha4,Epha4,0.14315248,0.10837438423645321,Pericytes,OPCs,0.17634186,0.96
Sema4f,Sema4f,0.10215673,0.13030200203596878,Nrp2,Nrp2,0.25049317,0.24431625381744146,Neurons,Neurons,0.17632495,0.0
Gnai2,Gnai2,0.15861359,0.16762809636918902,S1pr5,S1pr5,0.1939415,0.10980227177114009,Neurons,Oligodendrocytes,0.17627755,0.05
Bmp7,Bmp7,0.1620248,0.11330049261083744,Acvr2a,Acvr1_Acvr2a,0.19045363,0.13144329896907217,OPCs,Astrocytes,0.17623922,0.0
Bmp7,Bmp7,0.1620248,0.11330049261083744,Acvr2a,Acvr2a_Bmpr1a,0.19045363,0.13144329896907217,OPCs,Astrocytes,0.17623922,0.0
Bmp7,Bmp7,0.1620248,0.11330049261083744,Acvr2a,Acvr2a_Bmpr1b,0.19045363,0.13144329896907217,OPCs,Astrocytes,0.17623922,0.0
Mmp2,Mmp2,0.1607177,0.11330049261083744,Fgfr1,Fgfr1,0.19155976,0.13793103448275862,OPCs,OPCs,0.17613873,0.0
Vegfa,Vegfa,0.17069003,0.2130980658296573,Tyro3,Tyro3,0.18154852,0.1047538914598233,Neurons,Oligodendrocytes,0.17611927,0.0
Tcn2,Tcn2,0.18203396,0.1211340206185567,Cnr1,Cnr1,0.16978294,0.1856124872751951,Astrocytes,Neurons,0.17590845,0.0
Col4a4,Col4a4,0.2415591,0.11538461538461539,Itga3,Itga3_Itgb1,0.10994522,0.14183915846623685,Pericytes,Neurons,0.17575216,0.0
Adam9,Adam9,0.15883441,0.1981676280963692,Itga6,Itga6,0.19249217,0.10897435897435898,Neurons,Pericytes,0.17566329,0.01
Csf1,Csf1,0.17425033,0.10321133080914317,Sirpa,Sirpa,0.17701435,0.1330049261083744,Oligodendrocytes,OPCs,0.17563234,0.06
Nrg4,Nrg4,0.10007636,0.13131998642687479,Egfr,Egfr,0.25086373,0.1282051282051282,Neurons,Pericytes,0.17547005,0.0
Enho,Enho,0.18582194,0.18052256532066507,Gpr19,Gpr19,0.1630087,0.11330049261083744,Neurons,OPCs,0.17441532,0.0
Lin7c,Lin7c,0.1345213,0.16966406515100102,Abca1,Abca1,0.21408409,0.1346153846153846,Neurons,Pericytes,0.1743027,0.01
Gnai2,Gnai2,0.20350024,0.10531482260552517,Ptpru,Ptpru,0.14475183,0.1798439090600611,Oligodendrocytes,Neurons,0.17412603,0.0
Rgmb,Rgmb,0.15350053,0.17678995588734306,Neo1,Neo1,0.194527,0.1111111111111111,Neurons,Microglia,0.17401376,1.0
Wnt5b,Wnt5b,0.083666906,0.10654903291482865,Fzd3,Fzd3_Lrp6,0.2643229,0.2931795045809298,Neurons,Neurons,0.1739949,0.0
Sema3a,Sema3a,0.17983061,0.14794706481167288,Plxna2,Nrp1_Plxna2,0.16787708,0.10051546391752578,Neurons,Astrocytes,0.17385384,0.28
Vegfa,Vegfa,0.17069003,0.2130980658296573,Sirpa,Sirpa,0.17701435,0.1330049261083744,Neurons,OPCs,0.17385219,0.09
Fam3c,Fam3c,0.16299295,0.1815405497115711,Lifr,Lifr,0.18441379,0.10377226195484504,Neurons,Oligodendrocytes,0.17370337,0.0
Cgn,Cgn,0.09886319,0.12792670512385476,Tgfbr1,Tgfbr1,0.24836586,0.16748768472906403,Neurons,OPCs,0.17361453,0.0
Arpc5,Arpc5,0.107968196,0.12656939260264677,Ldlr,Ldlr,0.23860839,0.10897435897435898,Neurons,Pericytes,0.17328829,0.08
Reln,Reln,0.21761194,0.13402061855670103,Vldlr,Vldlr,0.1274754,0.15710892432982695,Astrocytes,Neurons,0.17254367,0.04
Gnai2,Gnai2,0.2388187,0.13402061855670103,Adcy7,Adcy7,0.10572527,0.13165931455717678,Astrocytes,Neurons,0.172272,0.0
Col4a2,Col4a2,0.2344005,0.27723108245673567,Itga3,Itga3_Itgb1,0.10994522,0.14183915846623685,Neurons,Neurons,0.17217286,0.0
Gad1,Gad1,0.25099146,0.18719211822660098,Grm4,Grm4,0.09326276,0.12215812690872073,OPCs,Neurons,0.17212711,0.0
Efnb2,Efnb2,0.10097656,0.12690872073294876,Grm5,Grm5,0.24311703,0.11538461538461539,Neurons,Pericytes,0.1720468,1.0
Trf,Trf,0.17906584,0.14217848659653887,Ldlr,Ldlr,0.16484001,0.18730912792670512,Neurons,Neurons,0.17195293,1.0
Jag1,Jag1,0.18632764,0.12807881773399016,Cd46,Cd46,0.15669757,0.10344827586206896,OPCs,OPCs,0.1715126,0.0
Jag2,Jag2,0.13010482,0.16932473702069903,Notch3,Notch3,0.21291727,0.13659793814432988,Neurons,Astrocytes,0.17151105,0.0
Ptdss1,Ptdss1,0.22183979,0.27078384798099764,Scarb1,Scarb1,0.11895508,0.15405497115710892,Neurons,Neurons,0.17039743,0.0
Gnai2,Gnai2,0.20350024,0.10531482260552517,Adora1,Adora1,0.13666838,0.1503223617237869,Oligodendrocytes,Neurons,0.17008431,0.81
Farp2,Farp2,0.17225671,0.22124194095690533,Plxna2,Plxna2,0.16787708,0.10051546391752578,Neurons,Astrocytes,0.1700669,0.93
Wnt5b,Wnt5b,0.083666906,0.10654903291482865,Fzd3,Fzd3_Lrp6,0.25569138,0.1724137931034483,Neurons,OPCs,0.16967914,0.0
Nrg2,Nrg2,0.24343958,0.14690721649484537,Lrrtm2,Lrrtm2,0.09587316,0.11842551747539871,Astrocytes,Neurons,0.16965637,0.02
Sema4a,Sema4a,0.22668926,0.14948453608247422,Plxna1,Nrp1_Plxna1,0.111548476,0.15778758059043094,Astrocytes,Neurons,0.16911887,0.0
Gnai2,Gnai2,0.15861359,0.16762809636918902,Adcy8,Adcy8,0.17838874,0.10897435897435898,Neurons,Pericytes,0.16850117,1.0
P4hb,P4hb,0.16161598,0.10837438423645321,Mttp,Mttp,0.1750277,0.21445537835086528,OPCs,Neurons,0.16832185,0.0
Dkk3,Dkk3,0.13573883,0.1323379708177808,Kremen1,Kremen1,0.19938648,0.10256410256410256,Neurons,Pericytes,0.16756266,0.0
Trf,Trf,0.17906584,0.14217848659653887,Ldlr,Ldlr,0.15600981,0.10309278350515463,Neurons,Astrocytes,0.16753782,1.0
Lamc1,Lamc1,0.17943668,0.22225992534781133,Itga7,Itga7_Itgb1,0.15552875,0.1056701030927835,Neurons,Astrocytes,0.16748272,0.0
Psen1,Psen1,0.25804967,0.1440329218106996,Notch3,Notch3,0.07614956,0.10960298608754666,Microglia,Neurons,0.16709961,0.0
Sema6b,Sema6b,0.11412688,0.1506616898540889,Plxna4,Plxna4,0.22001494,0.15270935960591134,Neurons,OPCs,0.16707091,0.98
Nucb2,Nucb2,0.11106034,0.1350525958601968,Erap1,Erap1,0.22269131,0.13168724279835392,Neurons,Microglia,0.16687582,0.0
Reln,Reln,0.19373655,0.12249745503902273,Lrp8,Lrp8,0.13910225,0.10344827586206896,Neurons,OPCs,0.1664194,0.0
Sema4d,Sema4d,0.150823,0.11330049261083744,Plxnb1,Plxnb1,0.18167295,0.1330049261083744,OPCs,OPCs,0.16624796,0.78
Farp2,Farp2,0.16458921,0.11822660098522167,Plxna2,Plxna2,0.16787708,0.10051546391752578,OPCs,Astrocytes,0.16623315,0.92
Col4a1,Col4a1,0.109081805,0.14319647098744487,Itgb8,Itgav_Itgb8,0.22328635,0.12634974056934511,Neurons,Oligodendrocytes,0.16618407,0.0
Csf1,Csf1,0.17425033,0.10321133080914317,Celsr3,Celsr3,0.15756552,0.20834747200542925,Oligodendrocytes,Neurons,0.16590792,0.0
Sema4a,Sema4a,0.10509484,0.13030200203596878,Plxnb1,Plxnb1,0.22553286,0.1346153846153846,Neurons,Pericytes,0.16531385,0.0
Enho,Enho,0.23001508,0.1477832512315271,Gpr19,Gpr19,0.09894353,0.12928401764506278,OPCs,Neurons,0.16447932,0.04
Gnai2,Gnai2,0.15861359,0.16762809636918902,Cnr1,Cnr1,0.16978294,0.1856124872751951,Neurons,Neurons,0.16419826,0.0
Reln,Reln,0.21761194,0.13402061855670103,Itga3,Itga3_Itgb1,0.10994522,0.14183915846623685,Astrocytes,Neurons,0.16377857,0.0
Col4a1,Col4a1,0.109081805,0.14319647098744487,Itgb8,Itgav_Itgb8,0.21812287,0.1282051282051282,Neurons,Pericytes,0.16360234,0.01
Fam3c,Fam3c,0.16299295,0.1815405497115711,Lifr,Lifr,0.16237544,0.19172039362063115,Neurons,Neurons,0.1626842,0.0
Omg,Omg,0.1996086,0.22124194095690533,Rtn4rl1,Rtn4rl1,0.12505294,0.14387512724804885,Neurons,Neurons,0.16233078,0.0
Gnai2,Gnai2,0.15861359,0.16762809636918902,P2ry12,P2ry12,0.16535407,0.20936545639633525,Neurons,Neurons,0.16198383,0.64
Gad1,Gad1,0.2290591,0.20393620631150322,Grm4,Grm4,0.09326276,0.12215812690872073,Neurons,Neurons,0.16116093,0.0
Spon1,Spon1,0.18311895,0.15914489311163896,Lrp8,Lrp8,0.13910225,0.10344827586206896,Neurons,OPCs,0.16111061,0.16
Ptdss1,Ptdss1,0.15199223,0.11330049261083744,Jmjd6,Jmjd6,0.17013872,0.10256410256410256,OPCs,Pericytes,0.16106547,0.03
Gas6,Gas6,0.1374098,0.10344827586206896,Axl,Axl,0.18438552,0.12886597938144329,OPCs,Astrocytes,0.16089767,0.0
Sema3c,Sema3c,0.15367123,0.16491347132677298,Plxna2,Nrp1_Plxna2,0.16787708,0.10051546391752578,Neurons,Astrocytes,0.16077416,0.93
F8,F8,0.0828107,0.10892432982694265,Ldlr,Ldlr,0.23860839,0.10897435897435898,Neurons,Pericytes,0.16070955,0.01
Reln,Reln,0.19373655,0.12249745503902273,Vldlr,Vldlr,0.1274754,0.15710892432982695,Neurons,Neurons,0.16060597,0.0
Vegfc,Vegfc,0.105157435,0.11706820495419071,Itgb1,Itgb1,0.2157086,0.13402061855670103,Neurons,Astrocytes,0.16043302,0.01
Col4a5,Col4a5,0.20917055,0.12628865979381443,Itga3,Itga3_Itgb1,0.10994522,0.14183915846623685,Astrocytes,Neurons,0.15955788,0.0
Gas6,Gas6,0.1374098,0.10344827586206896,Tyro3,Tyro3,0.18154852,0.1047538914598233,OPCs,Oligodendrocytes,0.15947917,0.16
Csf1,Csf1,0.17425033,0.10321133080914317,Csf2ra,Csf2ra,0.14193863,0.1835765184933831,Oligodendrocytes,Neurons,0.15809448,0.0
Slit1,Slit1,0.16345389,0.18595181540549713,Flrt3,Flrt3,0.15233268,0.19443501866304716,Neurons,Neurons,0.15789329,0.0
Fgf10,Fgf10,0.122515775,0.12792670512385476,Fgfr1,Fgfr1,0.19155976,0.13793103448275862,Neurons,OPCs,0.15703776,0.03
Fgf10,Fgf10,0.122515775,0.12792670512385476,Fgfrl1,Fgfrl1,0.19140282,0.13144329896907217,Neurons,Astrocytes,0.1569593,0.0
Entpd1,Entpd1,0.17647286,0.11082474226804123,Adora1,Adora1,0.13666838,0.1503223617237869,Astrocytes,Neurons,0.15657061,0.0
Lgals8,Lgals8,0.20108421,0.14102564102564102,Itga3,Itga3,0.10994522,0.14183915846623685,Pericytes,Neurons,0.15551472,0.04
Adam9,Adam9,0.20066395,0.11522633744855967,Itga3,Itga3,0.10994522,0.14183915846623685,Microglia,Neurons,0.15530458,0.0
Psen1,Psen1,0.23310022,0.2809636918900577,Notch3,Notch3,0.07614956,0.10960298608754666,Neurons,Neurons,0.1546249,0.0
Gnai2,Gnai2,0.20350024,0.10531482260552517,Adcy7,Adcy7,0.10572527,0.13165931455717678,Oligodendrocytes,Neurons,0.15461275,0.0
Fgf10,Fgf10,0.122515775,0.12792670512385476,Fgfrl1,Fgfrl1,0.18544556,0.1330049261083744,Neurons,OPCs,0.15398067,0.0
Efnb2,Efnb2,0.10097656,0.12690872073294876,Ephb2,Ephb2,0.20598254,0.14285714285714285,Neurons,OPCs,0.15347955,0.0
Bmp7,Bmp7,0.1620248,0.11330049261083744,Acvr1b,Acvr1b,0.14385466,0.1835765184933831,OPCs,Neurons,0.15293974,0.0
Reln,Reln,0.19373655,0.12249745503902273,Itga3,Itga3_Itgb1,0.10994522,0.14183915846623685,Neurons,Neurons,0.1518409,0.0
Gnai2,Gnai2,0.15861359,0.16762809636918902,Ptpru,Ptpru,0.14475183,0.1798439090600611,Neurons,Neurons,0.1516827,0.0
Tctn1,Tctn1,0.11704643,0.163216830675263,Tmem67,Tmem67,0.18558101,0.23854767560230744,Neurons,Neurons,0.15131372,0.0
Efna5,Efna5,0.20953123,0.11538461538461539,Ephb6,Ephb6,0.09125468,0.10960298608754666,Pericytes,Neurons,0.15039295,0.77
Nppc,Nppc,0.18694927,0.166610111978283,Npr2,Npr2,0.11309445,0.1465897522904649,Neurons,Neurons,0.15002185,0.0
Ptdss1,Ptdss1,0.22183979,0.27078384798099764,Jmjd6,Jmjd6,0.07807492,0.10654903291482865,Neurons,Neurons,0.14995736,0.0
Efnb2,Efnb2,0.10097656,0.12690872073294876,Ephb1,Ephb1,0.19656153,0.13793103448275862,Neurons,OPCs,0.14876905,1.0
Sema4b,Sema4b,0.12221106,0.16118086189345096,Dcbld2,Dcbld2,0.1751601,0.21445537835086528,Neurons,Neurons,0.14868557,0.0
Lgals8,Lgals8,0.18721639,0.1211340206185567,Itga3,Itga3,0.10994522,0.14183915846623685,Astrocytes,Neurons,0.1485808,0.0
Col1a2,Col1a2,0.18667647,0.11855670103092783,Itga3,Itga3_Itgb1,0.10994522,0.14183915846623685,Astrocytes,Neurons,0.14831084,0.0
Gnai2,Gnai2,0.15861359,0.16762809636918902,Adora1,Adora1,0.13666838,0.1503223617237869,Neurons,Neurons,0.14764099,1.0
Wnt5b,Wnt5b,0.083666906,0.10654903291482865,Fzd3,Fzd3_Lrp6,0.20917934,0.12886597938144329,Neurons,Astrocytes,0.14642313,0.0
Slc6a8,Slc6a8,0.10841376,0.14014251781472684,Lifr,Lifr,0.18441379,0.10377226195484504,Neurons,Oligodendrocytes,0.14641377,0.99
Col4a1,Col4a1,0.109081805,0.14319647098744487,Cd47,Cd47,0.18265483,0.1056701030927835,Neurons,Astrocytes,0.14586832,1.0
F8,F8,0.0828107,0.10892432982694265,Lrp4,Lrp4,0.2088158,0.13402061855670103,Neurons,Astrocytes,0.14581326,0.0
Efnb2,Efnb2,0.10097656,0.12690872073294876,Epha3,Epha3,0.19057654,0.10256410256410256,Neurons,Pericytes,0.14577654,0.0
Sema3a,Sema3a,0.17983061,0.14794706481167288,Plxna1,Nrp1_Plxna1,0.111548476,0.15778758059043094,Neurons,Neurons,0.14568955,0.0
Lamc1,Lamc1,0.17943668,0.22225992534781133,Itga3,Itga3_Itgb1,0.10994522,0.14183915846623685,Neurons,Neurons,0.14469096,0.0
Sema7a,Sema7a,0.10932789,0.14149983033593486,Plxnc1,Plxnc1,0.17949998,0.20529351883271124,Neurons,Neurons,0.14441393,0.0
Sema4d,Sema4d,0.150823,0.11330049261083744,Plxnb3,Plxnb3,0.13665412,0.10344827586206896,OPCs,OPCs,0.14373857,1.0
Sema4a,Sema4a,0.10509484,0.13030200203596878,Plxnb1,Plxnb1,0.18167295,0.1330049261083744,Neurons,OPCs,0.14338389,0.0
Psen1,Psen1,0.16640235,0.11822660098522167,Ncstn,Ncstn,0.11996884,0.15676959619952494,OPCs,Neurons,0.1431856,0.41
Enho,Enho,0.18582194,0.18052256532066507,Gpr19,Gpr19,0.09894353,0.12928401764506278,Neurons,Neurons,0.14238274,0.0
Farp2,Farp2,0.17225671,0.22124194095690533,Plxna1,Plxna1,0.111548476,0.15778758059043094,Neurons,Neurons,0.1419026,0.0
Sema6b,Sema6b,0.11412688,0.1506616898540889,Plxna2,Plxna2,0.16787708,0.10051546391752578,Neurons,Astrocytes,0.14100198,0.73
Slit2,Slit2,0.17040688,0.11330049261083744,Plxna1,Plxna1,0.111548476,0.15778758059043094,OPCs,Neurons,0.14097768,0.6
P4hb,P4hb,0.10275159,0.12487275195113674,Mttp,Mttp,0.1750277,0.21445537835086528,Neurons,Neurons,0.13888964,0.0
Col5a3,Col5a3,0.15698883,0.11330049261083744,Sdc3,Sdc3,0.1207724,0.1340346114692908,OPCs,Neurons,0.13888061,0.0
Farp2,Farp2,0.16458921,0.11822660098522167,Plxna1,Plxna1,0.111548476,0.15778758059043094,OPCs,Neurons,0.13806884,0.0
Sema7a,Sema7a,0.10932789,0.14149983033593486,Plxnc1,Plxnc1,0.1642533,0.10837438423645321,Neurons,OPCs,0.13679059,0.0
Sema4a,Sema4a,0.10509484,0.13030200203596878,Plxna2,Nrp1_Plxna2,0.16787708,0.10051546391752578,Neurons,Astrocytes,0.13648596,0.93
Arpc5,Arpc5,0.107968196,0.12656939260264677,Ldlr,Ldlr,0.16484001,0.18730912792670512,Neurons,Neurons,0.1364041,0.71
Wnt5b,Wnt5b,0.083666906,0.10654903291482865,Lrp5,Fzd3_Lrp5,0.18784079,0.12807881773399016,Neurons,OPCs,0.13575384,0.0
Ptdss1,Ptdss1,0.15199223,0.11330049261083744,Scarb1,Scarb1,0.11895508,0.15405497115710892,OPCs,Neurons,0.13547365,0.07
Slc6a8,Slc6a8,0.10841376,0.14014251781472684,Lifr,Lifr,0.16237544,0.19172039362063115,Neurons,Neurons,0.1353946,1.0
Adam9,Adam9,0.15883441,0.1981676280963692,Itga3,Itga3,0.10994522,0.14183915846623685,Neurons,Neurons,0.13438982,0.0
Lman1,Lman1,0.1688677,0.10051546391752578,Mcfd2,Mcfd2,0.096541815,0.11401425178147269,Astrocytes,Neurons,0.13270476,0.0
Sema3c,Sema3c,0.15367123,0.16491347132677298,Plxna1,Nrp1_Plxna1,0.111548476,0.15778758059043094,Neurons,Neurons,0.13260986,0.0
Sema3c,Sema3c,0.15367123,0.16491347132677298,Plxna1,Nrp2_Plxna1,0.111548476,0.15778758059043094,Neurons,Neurons,0.13260986,0.0
Agrp,Agrp,0.14368154,0.18934509670851712,Sdc3,Sdc3,0.1207724,0.1340346114692908,Neurons,Neurons,0.13222697,0.0
Gnai2,Gnai2,0.15861359,0.16762809636918902,Adcy7,Adcy7,0.10572527,0.13165931455717678,Neurons,Neurons,0.13216943,0.21
Arpc5,Arpc5,0.107968196,0.12656939260264677,Ldlr,Ldlr,0.15600981,0.10309278350515463,Neurons,Astrocytes,0.131989,0.66
Jag1,Jag1,0.18632764,0.12807881773399016,Notch3,Notch3,0.07614956,0.10960298608754666,OPCs,Neurons,0.1312386,0.0
Efnb2,Efnb2,0.10097656,0.12690872073294876,Epha4,Epha4,0.15477175,0.10256410256410256,Neurons,Pericytes,0.12787415,0.2
Il15ra,Il15ra,0.07090396,0.10315575161180862,Axl,Axl,0.18438552,0.12886597938144329,Neurons,Astrocytes,0.12764475,0.0
Lman1,Lman1,0.15807432,0.11330049261083744,Mcfd2,Mcfd2,0.096541815,0.11401425178147269,OPCs,Neurons,0.12730807,0.01
F8,F8,0.0828107,0.10892432982694265,Ldlr,Ldlr,0.16484001,0.18730912792670512,Neurons,Neurons,0.12382536,0.0
Efnb2,Efnb2,0.10097656,0.12690872073294876,Epha4,Epha4,0.14315248,0.10837438423645321,Neurons,OPCs,0.122064516,0.31
Txlna,Txlna,0.10955134,0.14217848659653887,Stx3,Stx3,0.13391055,0.10344827586206896,Neurons,OPCs,0.121730946,0.21
Wnt5b,Wnt5b,0.083666906,0.10654903291482865,Fzd9,Fzd9_Lrp6,0.15917231,0.11330049261083744,Neurons,OPCs,0.12141961,0.0
Wnt5b,Wnt5b,0.083666906,0.10654903291482865,Fzd9,Fzd9_Lrp5,0.15917231,0.11330049261083744,Neurons,OPCs,0.12141961,0.0
Psen1,Psen1,0.16640235,0.11822660098522167,Notch3,Notch3,0.07614956,0.10960298608754666,OPCs,Neurons,0.12127596,0.44
Sema4a,Sema4a,0.10509484,0.13030200203596878,Plxnb3,Plxnb3,0.13665412,0.10344827586206896,Neurons,OPCs,0.12087448,0.57
Bmp7,Bmp7,0.1620248,0.11330049261083744,Acvr2b,Acvr1_Acvr2b,0.07962129,0.10383440787241262,OPCs,Neurons,0.12082304,0.0
Bmp7,Bmp7,0.1620248,0.11330049261083744,Acvr2b,Acvr2b_Bmpr1a,0.07962129,0.10383440787241262,OPCs,Neurons,0.12082304,0.0
Txlna,Txlna,0.10955134,0.14217848659653887,Stx1a,Stx1a,0.13084665,0.10344827586206896,Neurons,OPCs,0.120198995,0.0
F8,F8,0.0828107,0.10892432982694265,Ldlr,Ldlr,0.15600981,0.10309278350515463,Neurons,Astrocytes,0.119410254,0.12
Txlna,Txlna,0.10955134,0.14217848659653887,Stx4a,Stx4a,0.1280805,0.15812690872073296,Neurons,Neurons,0.11881592,0.98
Nptx1,Nptx1,0.13152155,0.15303698676620292,Nptxr,Nptxr,0.10117843,0.11842551747539871,Neurons,Neurons,0.116349995,0.0
Ptdss1,Ptdss1,0.15199223,0.11330049261083744,Jmjd6,Jmjd6,0.07807492,0.10654903291482865,OPCs,Neurons,0.115033574,0.45
Dll3,Dll3,0.15071326,0.10837438423645321,Notch3,Notch3,0.07614956,0.10960298608754666,OPCs,Neurons,0.11343141,0.0
Col4a1,Col4a1,0.109081805,0.14319647098744487,Itga3,Itga3_Itgb1,0.10994522,0.14183915846623685,Neurons,Neurons,0.109513514,0.0
Lman1,Lman1,0.1218096,0.16389548693586697,Mcfd2,Mcfd2,0.096541815,0.11401425178147269,Neurons,Neurons,0.10917571,0.0
Sema4a,Sema4a,0.10509484,0.13030200203596878,Plxna1,Nrp1_Plxna1,0.111548476,0.15778758059043094,Neurons,Neurons,0.10832166,0.0
Ntn4,Ntn4,0.11016745,0.1323379708177808,Unc5a,Unc5a,0.10508199,0.13640990838140482,Neurons,Neurons,0.107624725,0.0
Jag2,Jag2,0.13010482,0.16932473702069903,Notch3,Notch3,0.07614956,0.10960298608754666,Neurons,Neurons,0.1031272,0.0
Sema5b,Sema5b,0.08688385,0.10790634543603665,Plxna1,Plxna1,0.111548476,0.15778758059043094,Neurons,Neurons,0.09921616,0.0
Efnb2,Efnb2,0.10097656,0.12690872073294876,Ephb6,Ephb6,0.09125468,0.10960298608754666,Neurons,Neurons,0.09611562,0.0
Cgn,Cgn,0.09886319,0.12792670512385476,Tgfbr1,Tgfbr1,0.08887394,0.11197828299966067,Neurons,Neurons,0.09386857,0.69
