ligand,ligand_complex,ligand_props,ligand_trimean,mat_max,receptor,receptor_complex,receptor_props,receptor_trimean,source,target,lr_probs,cellchat_pvals
Nlgn1,Nlgn1,0.8669950738916257,0.45541186108127185,8.49027,Nrxn1,Nrxn1,0.8768472906403941,0.5043964435698678,OPCs,OPCs,0.31479452649718426,0.0
Nrxn1,Nrxn1,0.8768472906403941,0.5043964435698678,8.49027,Nlgn1,Nlgn1,0.8669950738916257,0.45541186108127185,OPCs,OPCs,0.31479452649718426,0.0
Nrxn1,Nrxn1,0.7680412371134021,0.48008748870989715,8.49027,Nlgn1,Nlgn1,0.8669950738916257,0.45541186108127185,Astrocytes,OPCs,0.30423895989982647,0.0
Nlgn1,Nlgn1,0.8669950738916257,0.45541186108127185,8.49027,Nrxn1,Nrxn1,0.7680412371134021,0.48008748870989715,OPCs,Astrocytes,0.30423895989982647,0.0
Nrxn1,Nrxn1,0.7875805904309467,0.41325534614377624,8.49027,Nlgn1,Nlgn1,0.8669950738916257,0.45541186108127185,Neurons,OPCs,0.27346847890547044,0.0
Nlgn1,Nlgn1,0.8669950738916257,0.45541186108127185,8.49027,Nrxn1,Nrxn1,0.7875805904309467,0.41325534614377624,OPCs,Neurons,0.27346847890547044,0.0
Nxph1,Nxph1,0.8374384236453202,0.35138865700612953,8.49027,Nrxn1,Nrxn1,0.8768472906403941,0.5043964435698678,OPCs,OPCs,0.26170840643663473,0.0
Nxph1,Nxph1,0.8374384236453202,0.35138865700612953,8.49027,Nrxn1,Nrxn1,0.7680412371134021,0.48008748870989715,OPCs,Astrocytes,0.25227752292732086,0.0
Nrxn1,Nrxn1,0.8768472906403941,0.5043964435698678,8.49027,Nlgn1,Nlgn1,0.7604343400067866,0.33106245781190813,OPCs,Neurons,0.25035989432832323,0.0
Nlgn1,Nlgn1,0.7604343400067866,0.33106245781190813,8.49027,Nrxn1,Nrxn1,0.8768472906403941,0.5043964435698678,Neurons,OPCs,0.25035989432832323,0.0
Nlgn1,Nlgn1,0.7604343400067866,0.33106245781190813,8.49027,Nrxn1,Nrxn1,0.7680412371134021,0.48008748870989715,Neurons,Astrocytes,0.24120435653380057,0.0
Nrxn1,Nrxn1,0.7680412371134021,0.48008748870989715,8.49027,Nlgn1,Nlgn1,0.7604343400067866,0.33106245781190813,Astrocytes,Neurons,0.24120435653380057,0.0
Nxph1,Nxph1,0.8374384236453202,0.35138865700612953,8.49027,Nrxn1,Nrxn1,0.7875805904309467,0.41325534614377624,OPCs,Neurons,0.22506240082508636,0.0
Nrxn1,Nrxn1,0.7875805904309467,0.41325534614377624,8.49027,Nlgn1,Nlgn1,0.7604343400067866,0.33106245781190813,Neurons,Neurons,0.21484055691757722,0.0
Nlgn1,Nlgn1,0.7604343400067866,0.33106245781190813,8.49027,Nrxn1,Nrxn1,0.7875805904309467,0.41325534614377624,Neurons,Neurons,0.21484055691757722,0.0
Nlgn1,Nlgn1,0.7087628865979382,0.2577157641444432,8.49027,Nrxn1,Nrxn1,0.8768472906403941,0.5043964435698678,Astrocytes,OPCs,0.2063377610926321,0.0
Nrxn1,Nrxn1,0.8768472906403941,0.5043964435698678,8.49027,Nlgn1,Nlgn1,0.7087628865979382,0.2577157641444432,OPCs,Astrocytes,0.2063377610926321,0.0
Dscam,Dscam,0.8472906403940886,0.3878610770964315,8.49027,Dcc,Dcc,0.8472906403940886,0.3290022314275842,OPCs,OPCs,0.2033233016006523,0.0
Nrxn1,Nrxn1,0.7680412371134021,0.48008748870989715,8.49027,Nlgn1,Nlgn1,0.7087628865979382,0.2577157641444432,Astrocytes,Astrocytes,0.19836609567907415,0.0
Nlgn1,Nlgn1,0.7087628865979382,0.2577157641444432,8.49027,Nrxn1,Nrxn1,0.7680412371134021,0.48008748870989715,Astrocytes,Astrocytes,0.19836609567907415,0.0
Cntn1,Cntn1,0.8768472906403941,0.33697376270737145,8.49027,Ptprz1,Ptprz1,0.8571428571428571,0.36390258151173605,OPCs,OPCs,0.19694920637430657,0.0
Nlgn1,Nlgn1,0.7087628865979382,0.2577157641444432,8.49027,Nrxn1,Nrxn1,0.7875805904309467,0.41325534614377624,Astrocytes,Neurons,0.17560097746871797,0.0
Nrxn1,Nrxn1,0.7875805904309467,0.41325534614377624,8.49027,Nlgn1,Nlgn1,0.7087628865979382,0.2577157641444432,Neurons,Astrocytes,0.17560097746871797,0.0
Ptn,Ptn,0.75,0.28153483474312335,8.49027,Ptprz1,Ptprz1,0.8571428571428571,0.36390258151173605,Pericytes,OPCs,0.17005733262745595,0.0
Ptn,Ptn,0.8669950738916257,0.27545202362701793,8.49027,Ptprz1,Ptprz1,0.8571428571428571,0.36390258151173605,OPCs,OPCs,0.16699667825974224,0.0
Ncam1,Ncam1,0.8275862068965517,0.2684227441308553,8.49027,Ptprz1,Ptprz1,0.8571428571428571,0.36390258151173605,OPCs,OPCs,0.1634315582414028,0.0
Nlgn1,Nlgn1,0.8669950738916257,0.45541186108127185,8.49027,Nrxn2,Nrxn2,0.7536945812807881,0.20222219681281162,OPCs,OPCs,0.15554004399315857,0.0
Nrxn2,Nrxn2,0.7536945812807881,0.20222219681281162,8.49027,Nlgn1,Nlgn1,0.8669950738916257,0.45541186108127185,OPCs,OPCs,0.15554004399315857,0.0
Ncam1,Ncam1,0.8275862068965517,0.2684227441308553,8.49027,Ncam2,Ncam2,0.8374384236453202,0.3330767711212368,OPCs,OPCs,0.15168741889067852,0.0
Cntn1,Cntn1,0.8768472906403941,0.33697376270737145,8.49027,Nrcam,Nrcam,0.7635467980295566,0.23204312426380924,OPCs,OPCs,0.13523601944503624,0.0
Ncam1,Ncam1,0.7139175257731959,0.21342884216016822,8.49027,Ptprz1,Ptprz1,0.8571428571428571,0.36390258151173605,Astrocytes,OPCs,0.13444989138140448,0.0
Ncam1,Ncam1,0.8275862068965517,0.2684227441308553,8.49027,Robo1,Robo1,0.8522167487684729,0.2884662584880284,OPCs,OPCs,0.13409553257934692,0.0
Apoe,Apoe,0.8582474226804123,0.39041901806253865,8.49027,Trem2,Trem2,0.6213991769547325,0.19802665177083778,Astrocytes,Microglia,0.13391924529553878,0.0
Cntn1,Cntn1,0.6804123711340206,0.20883643597620427,8.49027,Ptprz1,Ptprz1,0.8571428571428571,0.36390258151173605,Astrocytes,OPCs,0.1319385943216057,0.0
Dscam,Dscam,0.8472906403940886,0.3878610770964315,8.49027,Dcc,Dcc,0.6386155412283678,0.1948195146670284,OPCs,Neurons,0.13128522687209337,0.0
Cntn1,Cntn1,0.8768472906403941,0.33697376270737145,8.49027,Ptprz1,Ptprz1,0.7164948453608248,0.22067333919537102,OPCs,Astrocytes,0.1294675460167591,0.0
Ncam1,Ncam1,0.7139175257731959,0.21342884216016822,8.49027,Ncam2,Ncam2,0.8374384236453202,0.3330767711212368,Astrocytes,OPCs,0.12447847968856325,0.0
Nxph1,Nxph1,0.8374384236453202,0.35138865700612953,8.49027,Nrxn2,Nrxn2,0.7536945812807881,0.20222219681281162,OPCs,OPCs,0.12443309299198681,0.0
Cntn1,Cntn1,0.7570410587037666,0.19161842734798618,8.49027,Ptprz1,Ptprz1,0.8571428571428571,0.36390258151173605,Neurons,OPCs,0.12239198651732723,0.0
App,App,0.8177807940278249,0.2096492676470556,8.49027,Dcc,Dcc,0.8472906403940886,0.3290022314275842,Neurons,OPCs,0.12122688616188909,0.0
Nrxn2,Nrxn2,0.7536945812807881,0.20222219681281162,8.49027,Nlgn1,Nlgn1,0.7604343400067866,0.33106245781190813,OPCs,Neurons,0.11808517984142908,0.0
Nlgn1,Nlgn1,0.7604343400067866,0.33106245781190813,8.49027,Nrxn2,Nrxn2,0.7536945812807881,0.20222219681281162,Neurons,OPCs,0.11808517984142908,0.0
Ncam1,Ncam1,0.5330248212031973,0.17965692523993804,8.49027,Ptprz1,Ptprz1,0.8571428571428571,0.36390258151173605,Oligodendrocytes,OPCs,0.11563531469575787,0.0
Cntn1,Cntn1,0.8768472906403941,0.33697376270737145,8.49027,Nrcam,Nrcam,0.6597938144329897,0.1882137973283926,OPCs,Astrocytes,0.11256746517316671,0.0
Ncam1,Ncam1,0.7502544960977265,0.17369001611803242,8.49027,Ptprz1,Ptprz1,0.8571428571428571,0.36390258151173605,Neurons,OPCs,0.11222575349873173,0.0
App,App,0.5727106997616043,0.1912491237039715,8.49027,Dcc,Dcc,0.8472906403940886,0.3290022314275842,Oligodendrocytes,OPCs,0.11177651044602892,0.0
Ptn,Ptn,0.75,0.28153483474312335,8.49027,Ptprz1,Ptprz1,0.7164948453608248,0.22067333919537102,Pericytes,Astrocytes,0.11052165512852238,0.0
Ncam1,Ncam1,0.7139175257731959,0.21342884216016822,8.49027,Robo1,Robo1,0.8522167487684729,0.2884662584880284,Astrocytes,OPCs,0.1096343221875108,0.0
Ptn,Ptn,0.8669950738916257,0.27545202362701793,8.49027,Ptprz1,Ptprz1,0.7164948453608248,0.22067333919537102,OPCs,Astrocytes,0.1083925688940043,0.0
Ncam1,Ncam1,0.5330248212031973,0.17965692523993804,8.49027,Ncam2,Ncam2,0.8374384236453202,0.3330767711212368,Oligodendrocytes,OPCs,0.10688696202599114,0.0
Cntn4,Cntn4,0.7980295566502463,0.2752337592570071,8.49027,Ptprg,Ptprg,0.7684729064039408,0.21725167430169856,OPCs,OPCs,0.10681588001780108,0.0
Ncam1,Ncam1,0.8275862068965517,0.2684227441308553,8.49027,Ptprz1,Ptprz1,0.7164948453608248,0.22067333919537102,OPCs,Astrocytes,0.10591947280879228,0.0
Dscam,Dscam,0.6610111978283,0.179574162359033,8.49027,Dcc,Dcc,0.8472906403940886,0.3290022314275842,Neurons,OPCs,0.1056740867275737,0.0
Nxph1,Nxph1,0.5242619613165932,0.11547830918619306,8.49027,Nrxn1,Nrxn1,0.8768472906403941,0.5043964435698678,Neurons,OPCs,0.10433887557690401,0.0
Ncam1,Ncam1,0.7502544960977265,0.17369001611803242,8.49027,Ncam2,Ncam2,0.8374384236453202,0.3330767711212368,Neurons,OPCs,0.10370510164616417,0.0
Apoe,Apoe,0.8582474226804123,0.39041901806253865,8.49027,Lrp1,Lrp1,0.6896551724137931,0.14452961608495252,Astrocytes,OPCs,0.10140970793540394,0.0
Ncam1,Ncam1,0.8275862068965517,0.2684227441308553,8.49027,Ncam2,Ncam2,0.6878181201221581,0.20953100813229053,OPCs,Neurons,0.10111210296469024,0.0
Nxph1,Nxph1,0.5242619613165932,0.11547830918619306,8.49027,Nrxn1,Nrxn1,0.7680412371134021,0.48008748870989715,Neurons,Astrocytes,0.09981226100744023,0.0
Il1rapl1,Il1rapl1,0.8669950738916257,0.4069855822866528,8.49027,Ptprs,Ptprs,0.5960591133004927,0.1327099197383872,OPCs,OPCs,0.09749088307644888,0.0
Ncam1,Ncam1,0.8275862068965517,0.2684227441308553,8.49027,Robo1,Robo1,0.6450627757041059,0.19763199589561875,OPCs,Neurons,0.09592084984200024,0.0
Ptn,Ptn,0.75,0.28153483474312335,8.49027,Cdh10,Cdh10,0.615979381443299,0.1851830341789218,Pericytes,Astrocytes,0.094425149791171,0.0
Nlgn1,Nlgn1,0.7087628865979382,0.2577157641444432,8.49027,Nrxn2,Nrxn2,0.7536945812807881,0.20222219681281162,Astrocytes,OPCs,0.09439295787177525,0.0
Nrxn2,Nrxn2,0.7536945812807881,0.20222219681281162,8.49027,Nlgn1,Nlgn1,0.7087628865979382,0.2577157641444432,OPCs,Astrocytes,0.09439295787177525,0.0
Ncam1,Ncam1,0.5330248212031973,0.17965692523993804,8.49027,Robo1,Robo1,0.8522167487684729,0.2884662584880284,Oligodendrocytes,OPCs,0.09391557956745109,0.0
App,App,0.8177807940278249,0.2096492676470556,8.49027,Grm7,Grm7,0.7010519172039362,0.24622017093220494,Neurons,Neurons,0.09357871339726304,0.0
Cntn4,Cntn4,0.7980295566502463,0.2752337592570071,8.49027,Aplp1,Aplp1,0.5556022998176974,0.18719070974935015,OPCs,Oligodendrocytes,0.09341654044509018,0.0
Ptn,Ptn,0.8669950738916257,0.27545202362701793,8.49027,Cdh10,Cdh10,0.615979381443299,0.1851830341789218,OPCs,Astrocytes,0.09257387386341479,0.0
C1qb,C1qb,0.7818930041152263,0.34910248423615053,8.49027,Lrp1,Lrp1,0.6896551724137931,0.14452961608495252,Microglia,OPCs,0.09166160471303465,0.0
Ncam1,Ncam1,0.7502544960977265,0.17369001611803242,8.49027,Robo1,Robo1,0.8522167487684729,0.2884662584880284,Neurons,OPCs,0.09108047856924094,0.0
Cntn1,Cntn1,0.6804123711340206,0.20883643597620427,8.49027,Nrcam,Nrcam,0.7635467980295566,0.23204312426380924,Astrocytes,OPCs,0.08835492506356685,0.0
Nxph1,Nxph1,0.5242619613165932,0.11547830918619306,8.49027,Nrxn1,Nrxn1,0.7875805904309467,0.41325534614377624,Neurons,Neurons,0.08712818937332556,0.0
Apoe,Apoe,0.8374384236453202,0.2405724520174406,8.49027,Trem2,Trem2,0.6213991769547325,0.19802665177083778,OPCs,Microglia,0.08699104941999594,0.0
Ncam1,Ncam1,0.7139175257731959,0.21342884216016822,8.49027,Ptprz1,Ptprz1,0.7164948453608248,0.22067333919537102,Astrocytes,Astrocytes,0.08608704568685464,0.0
App,App,0.5727106997616043,0.1912491237039715,8.49027,Grm7,Grm7,0.7010519172039362,0.24622017093220494,Oligodendrocytes,Neurons,0.08607257355692827,0.0
Il1rapl1,Il1rapl1,0.8669950738916257,0.4069855822866528,8.49027,Ptprs,Ptprs,0.7047845266372582,0.11562943445945817,OPCs,Neurons,0.08602265680306519,0.0
Cntn1,Cntn1,0.6804123711340206,0.20883643597620427,8.49027,Ptprz1,Ptprz1,0.7164948453608248,0.22067333919537102,Astrocytes,Astrocytes,0.08439100980117469,0.0
Ncam1,Ncam1,0.7139175257731959,0.21342884216016822,8.49027,Ncam2,Ncam2,0.6878181201221581,0.20953100813229053,Astrocytes,Neurons,0.0820971576374249,0.0
Ptn,Ptn,0.75,0.28153483474312335,8.49027,Cdh10,Cdh10,0.6847290640394089,0.15806744252995308,Pericytes,OPCs,0.08172886947250955,0.0
Cntn1,Cntn1,0.7570410587037666,0.19161842734798618,8.49027,Nrcam,Nrcam,0.7635467980295566,0.23204312426380924,Neurons,OPCs,0.08166519714773696,0.0
Ntn1,Ntn1,0.5369458128078818,0.1135570277715996,8.49027,Dscam,Dscam,0.8472906403940886,0.3878610770964315,OPCs,OPCs,0.08095728043869367,0.0
Ptn,Ptn,0.8669950738916257,0.27545202362701793,8.49027,Cdh10,Cdh10,0.6847290640394089,0.15806744252995308,OPCs,OPCs,0.08010449490670701,0.0
Edil3,Edil3,0.5213854999298836,0.21926278282222977,8.49027,Itgb5,Itgb5,0.6255144032921811,0.19602203356190184,Oligodendrocytes,Microglia,0.0791563408069318,0.0
Cntn1,Cntn1,0.7570410587037666,0.19161842734798618,8.49027,Ptprz1,Ptprz1,0.7164948453608248,0.22067333919537102,Neurons,Astrocytes,0.07797573621883755,0.0
Ncam1,Ncam1,0.7139175257731959,0.21342884216016822,8.49027,Robo1,Robo1,0.6450627757041059,0.19763199589561875,Astrocytes,Neurons,0.07779766760811216,0.0
Ncam1,Ncam1,0.8275862068965517,0.2684227441308553,8.49027,Cacna1c,Cacna1c,0.7115710892432983,0.15558191294183343,OPCs,Neurons,0.07708503971071044,0.0
App,App,0.8177807940278249,0.2096492676470556,8.49027,Dcc,Dcc,0.6386155412283678,0.1948195146670284,Neurons,Neurons,0.07551860804653425,0.0
Ncam1,Ncam1,0.8275862068965517,0.2684227441308553,8.49027,Ncam2,Ncam2,0.5592783505154639,0.15204475981571308,OPCs,Astrocytes,0.0754647662397619,0.0
Fgf14,Fgf14,0.7716321683067526,0.40693580802033535,8.49027,Fgfr2,Fgfr2,0.652867322701052,0.0984659388323621,Neurons,Neurons,0.07419291406835592,0.0
Cntn1,Cntn1,0.8768472906403941,0.33697376270737145,8.49027,Nrcam,Nrcam,0.66270783847981,0.11866098037771522,OPCs,Neurons,0.07404944558022508,0.0
Ncam1,Ncam1,0.5330248212031973,0.17965692523993804,8.49027,Ptprz1,Ptprz1,0.7164948453608248,0.22067333919537102,Oligodendrocytes,Astrocytes,0.0734658105594963,0.0
Cntn1,Cntn1,0.6804123711340206,0.20883643597620427,8.49027,Nrcam,Nrcam,0.6597938144329897,0.1882137973283926,Astrocytes,Astrocytes,0.07288238221582445,0.0
App,App,0.8177807940278249,0.2096492676470556,8.49027,Aplp1,Aplp1,0.5556022998176974,0.18719070974935015,Neurons,Oligodendrocytes,0.07277663997611479,0.0
App,App,0.5517241379310345,0.11841058036538166,8.49027,Dcc,Dcc,0.8472906403940886,0.3290022314275842,OPCs,OPCs,0.07228279847068479,0.0
Ncam1,Ncam1,0.7502544960977265,0.17369001611803242,8.49027,Ptprz1,Ptprz1,0.7164948453608248,0.22067333919537102,Neurons,Astrocytes,0.07119953267541494,0.0
App,App,0.5064102564102564,0.11599158612409188,8.49027,Dcc,Dcc,0.8472906403940886,0.3290022314275842,Pericytes,OPCs,0.07091085357061279,0.0
Adam12,Adam12,0.6354679802955665,0.1453647724619942,8.49027,Itga9,Itga9,0.7783251231527094,0.26057660679434447,OPCs,OPCs,0.0704223127480918,0.0
Ncam1,Ncam1,0.5330248212031973,0.17965692523993804,8.49027,Ncam2,Ncam2,0.6878181201221581,0.20953100813229053,Oligodendrocytes,Neurons,0.07001606621091691,0.0
Ptn,Ptn,0.75,0.28153483474312335,8.49027,Ptprs,Ptprs,0.5960591133004927,0.1327099197383872,Pericytes,OPCs,0.069529354455208,0.0
Ntn1,Ntn1,0.5369458128078818,0.1135570277715996,8.49027,Dcc,Dcc,0.8472906403940886,0.3290022314275842,OPCs,OPCs,0.06952597827961432,0.0
App,App,0.8177807940278249,0.2096492676470556,8.49027,Grm7,Grm7,0.6847290640394089,0.17777367480478157,Neurons,OPCs,0.06936942757793055,0.0
App,App,0.5727106997616043,0.1912491237039715,8.49027,Dcc,Dcc,0.6386155412283678,0.1948195146670284,Oligodendrocytes,Neurons,0.06935027090881629,0.0
Cntn4,Cntn4,0.7980295566502463,0.2752337592570071,8.49027,Ptprg,Ptprg,0.5360824742268041,0.13495208545781456,OPCs,Astrocytes,0.0691498245877043,0.0
Ptn,Ptn,0.8669950738916257,0.27545202362701793,8.49027,Ptprs,Ptprs,0.5960591133004927,0.1327099197383872,OPCs,OPCs,0.06812945780944021,0.0
Spon1,Spon1,0.729064039408867,0.17417848446291417,8.49027,App,App,0.8177807940278249,0.2096492676470556,OPCs,Neurons,0.06806202433313635,0.0
Ncam1,Ncam1,0.7502544960977265,0.17369001611803242,8.49027,Ncam2,Ncam2,0.6878181201221581,0.20953100813229053,Neurons,Neurons,0.0678484134633291,0.0
Cntn1,Cntn1,0.7570410587037666,0.19161842734798618,8.49027,Nrcam,Nrcam,0.6597938144329897,0.1882137973283926,Neurons,Astrocytes,0.0672776925391063,0.0
App,App,0.5727106997616043,0.1912491237039715,8.49027,Aplp1,Aplp1,0.5556022998176974,0.18719070974935015,Oligodendrocytes,Oligodendrocytes,0.06681607922589747,0.0
Il1rapl1,Il1rapl1,0.6935866983372921,0.2682423317214111,8.49027,Ptprs,Ptprs,0.5960591133004927,0.1327099197383872,Neurons,OPCs,0.06646475623527784,0.0
Ncam1,Ncam1,0.5330248212031973,0.17965692523993804,8.49027,Robo1,Robo1,0.6450627757041059,0.19763199589561875,Oligodendrocytes,Neurons,0.06630357004741647,0.0
Edil3,Edil3,0.7142857142857143,0.18023484378583188,8.49027,Itgb5,Itgb5,0.6255144032921811,0.19602203356190184,OPCs,Microglia,0.06599667599082841,0.0
Dscam,Dscam,0.6610111978283,0.179574162359033,8.49027,Dcc,Dcc,0.6386155412283678,0.1948195146670284,Neurons,Neurons,0.06539357273369908,0.0
Ncam1,Ncam1,0.8275862068965517,0.2684227441308553,8.49027,Cacna1c,Cacna1c,0.6059113300492611,0.12967671350786159,OPCs,OPCs,0.06508535328663873,0.0
Apoe,Apoe,0.8374384236453202,0.2405724520174406,8.49027,Lrp1,Lrp1,0.6896551724137931,0.14452961608495252,OPCs,OPCs,0.06501833361082097,0.0
Cntn4,Cntn4,0.7980295566502463,0.2752337592570071,8.49027,Ptprg,Ptprg,0.6576179165252799,0.12594050719364547,OPCs,Neurons,0.0648316305795159,0.0
Ncam1,Ncam1,0.7502544960977265,0.17369001611803242,8.49027,Robo1,Robo1,0.6450627757041059,0.19763199589561875,Neurons,Neurons,0.06424291404505882,0.0
Cntn6,Cntn6,0.625615763546798,0.15704105363233012,8.49027,Ptprg,Ptprg,0.7684729064039408,0.21725167430169856,OPCs,OPCs,0.06387627477063833,0.0
App,App,0.5727106997616043,0.1912491237039715,8.49027,Grm7,Grm7,0.6847290640394089,0.17777367480478157,Oligodendrocytes,OPCs,0.06366876292694686,0.0
Fgf14,Fgf14,0.7716321683067526,0.40693580802033535,8.49027,Fgfr2,Fgfr2,0.5,0.08306514373716856,Neurons,Astrocytes,0.06332342310274268,0.0
Psap,Psap,0.6666666666666666,0.1893218276063502,8.49027,Gpr37l1,Gpr37l1,0.6649484536082474,0.17671965908324805,Microglia,Astrocytes,0.06271713709591348,0.0
Fgf14,Fgf14,0.8571428571428571,0.33953198448739297,8.49027,Fgfr2,Fgfr2,0.652867322701052,0.0984659388323621,OPCs,Neurons,0.06267399515169729,0.0
Spon1,Spon1,0.729064039408867,0.17417848446291417,8.49027,App,App,0.5727106997616043,0.1912491237039715,OPCs,Oligodendrocytes,0.06246158879631444,0.0
Ncam1,Ncam1,0.7139175257731959,0.21342884216016822,8.49027,Cacna1c,Cacna1c,0.7115710892432983,0.15558191294183343,Astrocytes,Neurons,0.062275533741834546,0.0
Cntn4,Cntn4,0.6070580251102816,0.1523873001386038,8.49027,Ptprg,Ptprg,0.7684729064039408,0.21725167430169856,Neurons,OPCs,0.062100917077304814,0.0
Bcan,Bcan,0.5824742268041238,0.1411046568930474,8.49027,Nrcam,Nrcam,0.7635467980295566,0.23204312426380924,Astrocytes,OPCs,0.06146003689228715,0.0
Ptn,Ptn,0.75,0.28153483474312335,8.49027,Ptprs,Ptprs,0.7047845266372582,0.11562943445945817,Pericytes,Neurons,0.061127568700006824,0.0
Ncam1,Ncam1,0.7139175257731959,0.21342884216016822,8.49027,Ncam2,Ncam2,0.5592783505154639,0.15204475981571308,Astrocytes,Astrocytes,0.06094598952786799,0.2
Ntn1,Ntn1,0.5369458128078818,0.1135570277715996,8.49027,Unc5c,Unc5c,0.8226600985221675,0.2855025203546506,OPCs,OPCs,0.06089321934653628,0.0
Rims1,Rims1,0.7465218866644044,0.20739373694039243,8.49027,Cacna1c,Cacna1c,0.7115710892432983,0.15558191294183343,Neurons,Neurons,0.060621326596085046,0.0
Nrxn2,Nrxn2,0.5687139463861555,0.07009189015678263,8.49027,Nlgn1,Nlgn1,0.8669950738916257,0.45541186108127185,Neurons,OPCs,0.06001022230315086,0.0
Nlgn1,Nlgn1,0.8669950738916257,0.45541186108127185,8.49027,Nrxn2,Nrxn2,0.5687139463861555,0.07009189015678263,OPCs,Neurons,0.06001022230315086,0.0
Ptn,Ptn,0.8669950738916257,0.27545202362701793,8.49027,Ptprs,Ptprs,0.7047845266372582,0.11562943445945817,OPCs,Neurons,0.05988594538158894,0.0
Il1rapl1,Il1rapl1,0.6935866983372921,0.2682423317214111,8.49027,Ptprs,Ptprs,0.7047845266372582,0.11562943445945817,Neurons,Neurons,0.05841004356854249,0.0
Serpine2,Serpine2,0.7832512315270936,0.21091842543888983,8.49027,Lrp1,Lrp1,0.6896551724137931,0.14452961608495252,OPCs,OPCs,0.0574644313624319,0.0
Rims1,Rims1,0.7438423645320197,0.19555595266756942,8.49027,Cacna1c,Cacna1c,0.7115710892432983,0.15558191294183343,OPCs,Neurons,0.057359609689732735,0.0
App,App,0.8177807940278249,0.2096492676470556,8.49027,Lrp1,Lrp1,0.6896551724137931,0.14452961608495252,Neurons,OPCs,0.05713840842350214,0.0
App,App,0.5517241379310345,0.11841058036538166,8.49027,Grm7,Grm7,0.7010519172039362,0.24622017093220494,OPCs,Neurons,0.055097408693154375,0.0
Il1rapl1,Il1rapl1,0.654639175257732,0.2154718757125864,8.49027,Ptprs,Ptprs,0.5960591133004927,0.1327099197383872,Astrocytes,OPCs,0.054096693156569044,0.0
App,App,0.5064102564102564,0.11599158612409188,8.49027,Grm7,Grm7,0.7010519172039362,0.24622017093220494,Pericytes,Neurons,0.05403264889279955,0.0
Cntn4,Cntn4,0.6070580251102816,0.1523873001386038,8.49027,Aplp1,Aplp1,0.5556022998176974,0.18719070974935015,Neurons,Oligodendrocytes,0.0539718283761087,0.0
Fgf14,Fgf14,0.8571428571428571,0.33953198448739297,8.49027,Fgfr2,Fgfr2,0.5,0.08306514373716856,OPCs,Astrocytes,0.053394733678125,0.0
Ncam1,Ncam1,0.5330248212031973,0.17965692523993804,8.49027,Cacna1c,Cacna1c,0.7115710892432983,0.15558191294183343,Oligodendrocytes,Neurons,0.05294307353072948,0.0
Ncam1,Ncam1,0.7139175257731959,0.21342884216016822,8.49027,Cacna1c,Cacna1c,0.6059113300492611,0.12967671350786159,Astrocytes,OPCs,0.05245019943773495,0.0
App,App,0.5727106997616043,0.1912491237039715,8.49027,Lrp1,Lrp1,0.6896551724137931,0.14452961608495252,Oligodendrocytes,OPCs,0.052386289004547476,0.0
Fgf14,Fgf14,0.7716321683067526,0.40693580802033535,8.49027,Fgfr2,Fgfr2,0.46038423783480575,0.0679029562249931,Neurons,Oligodendrocytes,0.05237009278877116,0.0
Edil3,Edil3,0.6240244316253818,0.14066036364829415,8.49027,Itgb5,Itgb5,0.6255144032921811,0.19602203356190184,Neurons,Microglia,0.05226301395282065,0.0
Psap,Psap,0.6666666666666666,0.1893218276063502,8.49027,Lrp1,Lrp1,0.6896551724137931,0.14452961608495252,Microglia,OPCs,0.051885762256496035,0.0
Ncam1,Ncam1,0.5330248212031973,0.17965692523993804,8.49027,Ncam2,Ncam2,0.5592783505154639,0.15204475981571308,Oligodendrocytes,Astrocytes,0.05180176504386537,0.74
Ncam1,Ncam1,0.7502544960977265,0.17369001611803242,8.49027,Cacna1c,Cacna1c,0.7115710892432983,0.15558191294183343,Neurons,Neurons,0.05127484699222952,0.0
Rims1,Rims1,0.7465218866644044,0.20739373694039243,8.49027,Cacna1c,Cacna1c,0.6059113300492611,0.12967671350786159,Neurons,OPCs,0.051042773601515025,0.0
Nrxn1,Nrxn1,0.8768472906403941,0.5043964435698678,8.49027,Nlgn1,Nlgn1,0.30360398261113447,0.0529812138718877,OPCs,Oligodendrocytes,0.0507354124772831,0.0
Nlgn1,Nlgn1,0.30360398261113447,0.0529812138718877,8.49027,Nrxn1,Nrxn1,0.8768472906403941,0.5043964435698678,Oligodendrocytes,OPCs,0.0507354124772831,0.0
Ptn,Ptn,0.75,0.28153483474312335,8.49027,Cdh10,Cdh10,0.5629453681710214,0.09438292733393117,Pericytes,Neurons,0.050462382578656304,0.0
Bcan,Bcan,0.5824742268041238,0.1411046568930474,8.49027,Nrcam,Nrcam,0.6597938144329897,0.1882137973283926,Astrocytes,Astrocytes,0.0504367063044653,0.0
Ncam1,Ncam1,0.8275862068965517,0.2684227441308553,8.49027,Fgfr2,Fgfr2,0.652867322701052,0.0984659388323621,OPCs,Neurons,0.05020700288087396,0.0
Ncam1,Ncam1,0.7502544960977265,0.17369001611803242,8.49027,Ncam2,Ncam2,0.5592783505154639,0.15204475981571308,Neurons,Astrocytes,0.05016759592146535,0.78
Fgf12,Fgf12,0.7567017305734646,0.26743388074762353,8.49027,Fgfr2,Fgfr2,0.652867322701052,0.0984659388323621,Neurons,Neurons,0.05003129526785628,0.0
Lgi1,Lgi1,0.6288659793814433,0.18412368650318967,8.49027,Adam22,Adam22,0.7200542925008483,0.14170483696200087,Astrocytes,Neurons,0.04959447360994202,0.0
Ptn,Ptn,0.8669950738916257,0.27545202362701793,8.49027,Cdh10,Cdh10,0.5629453681710214,0.09438292733393117,OPCs,Neurons,0.049425986211535856,0.0
Apoe,Apoe,0.5064102564102564,0.1292165735829045,8.49027,Trem2,Trem2,0.6213991769547325,0.19802665177083778,Pericytes,Microglia,0.04868510996601511,0.0
Nrxn1,Nrxn1,0.7680412371134021,0.48008748870989715,8.49027,Nlgn1,Nlgn1,0.30360398261113447,0.0529812138718877,Astrocytes,Oligodendrocytes,0.04840862904843256,0.0
Nlgn1,Nlgn1,0.30360398261113447,0.0529812138718877,8.49027,Nrxn1,Nrxn1,0.7680412371134021,0.48008748870989715,Oligodendrocytes,Astrocytes,0.04840862904843256,0.0
Rims1,Rims1,0.7438423645320197,0.19555595266756942,8.49027,Cacna1c,Cacna1c,0.6059113300492611,0.12967671350786159,OPCs,OPCs,0.04826994622441266,0.0
Il1rapl1,Il1rapl1,0.654639175257732,0.2154718757125864,8.49027,Ptprs,Ptprs,0.7047845266372582,0.11562943445945817,Astrocytes,Neurons,0.047464630079179455,0.0
App,App,0.8177807940278249,0.2096492676470556,8.49027,Grm7,Grm7,0.47435897435897434,0.11845025059604364,Neurons,Pericytes,0.04731601842456099,0.07
Ntng1,Ntng1,0.41839158466236853,0.04956231675035849,8.49027,Lrrc4c,Lrrc4c,0.8669950738916257,0.500092485928544,Neurons,OPCs,0.04723021263598552,0.0
Cntn1,Cntn1,0.6804123711340206,0.20883643597620427,8.49027,Nrcam,Nrcam,0.66270783847981,0.11866098037771522,Astrocytes,Neurons,0.047221124025009026,0.0
Cntn6,Cntn6,0.5873769935527655,0.11353031008273673,8.49027,Ptprg,Ptprg,0.7684729064039408,0.21725167430169856,Neurons,OPCs,0.047010314020281725,0.0
Nxph1,Nxph1,0.8374384236453202,0.35138865700612953,8.49027,Nrxn2,Nrxn2,0.5687139463861555,0.07009189015678263,OPCs,Neurons,0.04694645531168235,0.0
Edil3,Edil3,0.5213854999298836,0.21926278282222977,8.49027,Itgav,Itgav,0.5320197044334976,0.10911949221648332,Oligodendrocytes,OPCs,0.04566646944275048,0.0
Fgf12,Fgf12,0.8029556650246306,0.2383535131189034,8.49027,Fgfr2,Fgfr2,0.652867322701052,0.0984659388323621,OPCs,Neurons,0.04483488219796099,0.0
Nxph1,Nxph1,0.5242619613165932,0.11547830918619306,8.49027,Nrxn2,Nrxn2,0.7536945812807881,0.20222219681281162,Neurons,OPCs,0.04462057084247075,0.0
Psap,Psap,0.6666666666666666,0.1893218276063502,8.49027,Gpr37l1,Gpr37l1,0.5566502463054187,0.12310192255662988,Microglia,OPCs,0.04453586670478422,0.0
Ncam1,Ncam1,0.5330248212031973,0.17965692523993804,8.49027,Cacna1c,Cacna1c,0.6059113300492611,0.12967671350786159,Oligodendrocytes,OPCs,0.04452023496084492,0.0
Nrxn2,Nrxn2,0.5687139463861555,0.07009189015678263,8.49027,Nlgn1,Nlgn1,0.7604343400067866,0.33106245781190813,Neurons,Neurons,0.044351263060782006,0.0
Nlgn1,Nlgn1,0.7604343400067866,0.33106245781190813,8.49027,Nrxn2,Nrxn2,0.5687139463861555,0.07009189015678263,Neurons,Neurons,0.044351263060782006,0.0
Lgi1,Lgi1,0.6288659793814433,0.18412368650318967,8.49027,Adam23,Adam23,0.677638276213098,0.12573140262250315,Astrocytes,Neurons,0.044251407121679964,0.0
App,App,0.5517241379310345,0.11841058036538166,8.49027,Dcc,Dcc,0.6386155412283678,0.1948195146670284,OPCs,Neurons,0.04410260480113696,0.0
Fgf14,Fgf14,0.8571428571428571,0.33953198448739297,8.49027,Fgfr2,Fgfr2,0.46038423783480575,0.0679029562249931,OPCs,Oligodendrocytes,0.04407799474422847,0.0
Cntn1,Cntn1,0.7570410587037666,0.19161842734798618,8.49027,Nrcam,Nrcam,0.66270783847981,0.11866098037771522,Neurons,Neurons,0.04349721375153525,0.0
Psap,Psap,0.5489690721649485,0.12844396411756553,8.49027,Gpr37l1,Gpr37l1,0.6649484536082474,0.17671965908324805,Astrocytes,Astrocytes,0.04342574228965065,0.0
App,App,0.5727106997616043,0.1912491237039715,8.49027,Grm7,Grm7,0.47435897435897434,0.11845025059604364,Oligodendrocytes,Pericytes,0.04334325961977927,0.08
Ncam1,Ncam1,0.8275862068965517,0.2684227441308553,8.49027,Cacna1c,Cacna1c,0.44871794871794873,0.08420521488275279,OPCs,Pericytes,0.04325006242169438,0.0
App,App,0.5064102564102564,0.11599158612409188,8.49027,Dcc,Dcc,0.6386155412283678,0.1948195146670284,Pericytes,Neurons,0.04324059678472902,0.0
Ncam1,Ncam1,0.7502544960977265,0.17369001611803242,8.49027,Cacna1c,Cacna1c,0.6059113300492611,0.12967671350786159,Neurons,OPCs,0.043105330734882805,0.0
Ptn,Ptn,0.40316926097321554,0.06133538219136003,8.49027,Ptprz1,Ptprz1,0.8571428571428571,0.36390258151173605,Oligodendrocytes,OPCs,0.042732615019108425,0.0
Ncam1,Ncam1,0.8275862068965517,0.2684227441308553,8.49027,Ncam2,Ncam2,0.4891319590520264,0.08311126566751259,OPCs,Oligodendrocytes,0.04271217988485683,0.99
Ncam1,Ncam1,0.8275862068965517,0.2684227441308553,8.49027,Fgfr2,Fgfr2,0.5,0.08306514373716856,OPCs,Astrocytes,0.04268948896281114,0.01
Fgf12,Fgf12,0.7567017305734646,0.26743388074762353,8.49027,Fgfr2,Fgfr2,0.5,0.08306514373716856,Neurons,Astrocytes,0.042538911812918696,0.0
Apoe,Apoe,0.8582474226804123,0.39041901806253865,8.49027,Lrp1,Lrp1,0.411522633744856,0.05689595816266979,Astrocytes,Microglia,0.04253676733993228,0.0
App,App,0.5517241379310345,0.11841058036538166,8.49027,Aplp1,Aplp1,0.5556022998176974,0.18719070974935015,OPCs,Oligodendrocytes,0.04244892950346169,0.02
Ntn1,Ntn1,0.5369458128078818,0.1135570277715996,8.49027,Dcc,Dcc,0.6386155412283678,0.1948195146670284,OPCs,Neurons,0.0423714713572678,0.0
Apoe,Apoe,0.8582474226804123,0.39041901806253865,8.49027,Lrp1,Lrp1,0.4551282051282051,0.05665531204614227,Astrocytes,Pericytes,0.04236447650658889,0.0
Ntrk3,Ntrk3,0.7192118226600985,0.1658477219832024,8.49027,Ptprs,Ptprs,0.5960591133004927,0.1327099197383872,OPCs,OPCs,0.042163278752589003,0.0
Nrxn1,Nrxn1,0.7875805904309467,0.41325534614377624,8.49027,Nlgn1,Nlgn1,0.30360398261113447,0.0529812138718877,Neurons,Oligodendrocytes,0.04195246080521809,0.0
Nlgn1,Nlgn1,0.30360398261113447,0.0529812138718877,8.49027,Nrxn1,Nrxn1,0.7875805904309467,0.41325534614377624,Oligodendrocytes,Neurons,0.04195246080521809,0.0
Gnas,Gnas,0.8890397013912453,0.24492372329315737,8.49027,Adcy8,Adcy8,0.5564981336952833,0.08906501032086811,Neurons,Neurons,0.04180441372505304,0.0
App,App,0.5064102564102564,0.11599158612409188,8.49027,Aplp1,Aplp1,0.5556022998176974,0.18719070974935015,Pericytes,Oligodendrocytes,0.04161783618695378,0.04
Apoe,Apoe,0.8582474226804123,0.39041901806253865,8.49027,Lrp1,Lrp1,0.5218866644044792,0.05486633786237893,Astrocytes,Neurons,0.04108171215264502,0.0
Fgf14,Fgf14,0.6675257731958762,0.21715183266954052,8.49027,Fgfr2,Fgfr2,0.652867322701052,0.0984659388323621,Astrocytes,Neurons,0.0410103468289491,0.0
Cntn6,Cntn6,0.625615763546798,0.15704105363233012,8.49027,Ptprg,Ptprg,0.5360824742268041,0.13495208545781456,OPCs,Astrocytes,0.04066251267927326,0.0
App,App,0.5517241379310345,0.11841058036538166,8.49027,Grm7,Grm7,0.6847290640394089,0.17777367480478157,OPCs,OPCs,0.04039971698206589,0.07
Ncam1,Ncam1,0.7139175257731959,0.21342884216016822,8.49027,Fgfr2,Fgfr2,0.652867322701052,0.0984659388323621,Astrocytes,Neurons,0.040335599371117976,0.0
Spon1,Spon1,0.729064039408867,0.17417848446291417,8.49027,App,App,0.5517241379310345,0.11841058036538166,OPCs,OPCs,0.039615063148500204,0.0
App,App,0.5064102564102564,0.11599158612409188,8.49027,Grm7,Grm7,0.6847290640394089,0.17777367480478157,Pericytes,OPCs,0.03960708499419218,0.07
Cntn4,Cntn4,0.6070580251102816,0.1523873001386038,8.49027,Ptprg,Ptprg,0.5360824742268041,0.13495208545781456,Neurons,Astrocytes,0.03950512344281425,0.0
Ntn1,Ntn1,0.5369458128078818,0.1135570277715996,8.49027,Dscam,Dscam,0.6610111978283,0.179574162359033,OPCs,Neurons,0.03918567491733456,0.0
Olfm2,Olfm2,0.5369458128078818,0.11349186665786304,8.49027,Robo2,Robo2,0.7064811672887682,0.17960444462952108,OPCs,Neurons,0.039170415766461776,0.0
Lgi1,Lgi1,0.6288659793814433,0.18412368650318967,8.49027,Adam22,Adam22,0.5369458128078818,0.11019019354978976,Astrocytes,OPCs,0.038994941829494964,0.0
Apoe,Apoe,0.8582474226804123,0.39041901806253865,8.49027,Sdc2,Sdc2,0.3717948717948718,0.05196056323109566,Astrocytes,Pericytes,0.038990818102637846,0.0
Il34,Il34,0.33974358974358976,0.05573329817030703,8.49027,Ptprz1,Ptprz1,0.8571428571428571,0.36390258151173605,Pericytes,OPCs,0.038981765502025756,0.0
Spon1,Spon1,0.729064039408867,0.17417848446291417,8.49027,App,App,0.5064102564102564,0.11599158612409188,OPCs,Pericytes,0.0388372028070203,0.0
Psap,Psap,0.5566502463054187,0.11329936696449328,8.49027,Gpr37l1,Gpr37l1,0.6649484536082474,0.17671965908324805,OPCs,Astrocytes,0.03850263416125279,0.0
Apoe,Apoe,0.8582474226804123,0.39041901806253865,8.49027,Lrp1,Lrp1,0.4742268041237113,0.05117955567463084,Astrocytes,Astrocytes,0.03842727664786763,0.0
C1qb,C1qb,0.7818930041152263,0.34910248423615053,8.49027,Lrp1,Lrp1,0.411522633744856,0.05689595816266979,Microglia,Microglia,0.038207255881200955,0.0
Fgf12,Fgf12,0.8029556650246306,0.2383535131189034,8.49027,Fgfr2,Fgfr2,0.5,0.08306514373716856,OPCs,Astrocytes,0.038089480402566954,0.0
C1qb,C1qb,0.7818930041152263,0.34910248423615053,8.49027,Lrp1,Lrp1,0.4551282051282051,0.05665531204614227,Microglia,Pericytes,0.038051804361082346,0.0
Cntn6,Cntn6,0.625615763546798,0.15704105363233012,8.49027,Ptprg,Ptprg,0.6576179165252799,0.12594050719364547,OPCs,Neurons,0.038050545454747634,0.0
Edil3,Edil3,0.7142857142857143,0.18023484378583188,8.49027,Itgav,Itgav,0.5320197044334976,0.10911949221648332,OPCs,OPCs,0.03784563872312761,0.0
Fgf14,Fgf14,0.7716321683067526,0.40693580802033535,8.49027,Fgfr2,Fgfr2,0.3333333333333333,0.04783757436178393,Neurons,Pericytes,0.037474620424402444,0.0
Cntn4,Cntn4,0.6070580251102816,0.1523873001386038,8.49027,Ptprg,Ptprg,0.6576179165252799,0.12594050719364547,Neurons,Neurons,0.03696463679476908,0.0
Ntrk3,Ntrk3,0.7192118226600985,0.1658477219832024,8.49027,Ptprs,Ptprs,0.7047845266372582,0.11562943445945817,OPCs,Neurons,0.03693708079243778,0.0
C1qb,C1qb,0.7818930041152263,0.34910248423615053,8.49027,Lrp1,Lrp1,0.5218866644044792,0.05486633786237893,Microglia,Neurons,0.03689459346676241,0.0
Apoe,Apoe,0.5064102564102564,0.1292165735829045,8.49027,Lrp1,Lrp1,0.6896551724137931,0.14452961608495252,Pericytes,OPCs,0.03600636117802477,0.0
Psap,Psap,0.5489690721649485,0.12844396411756553,8.49027,Lrp1,Lrp1,0.6896551724137931,0.14452961608495252,Astrocytes,OPCs,0.03579877964542209,0.0
Cntn4,Cntn4,0.7980295566502463,0.2752337592570071,8.49027,Ptprg,Ptprg,0.4551282051282051,0.06734281846513812,OPCs,Pericytes,0.03574496702134866,0.0
Ncam1,Ncam1,0.8275862068965517,0.2684227441308553,8.49027,Fgfr2,Fgfr2,0.46038423783480575,0.0679029562249931,OPCs,Oligodendrocytes,0.03517128299317912,0.01
Fgf12,Fgf12,0.7567017305734646,0.26743388074762353,8.49027,Fgfr2,Fgfr2,0.46038423783480575,0.0679029562249931,Neurons,Oligodendrocytes,0.03504625372440426,0.0
Nrxn2,Nrxn2,0.5687139463861555,0.07009189015678263,8.49027,Nlgn1,Nlgn1,0.7087628865979382,0.2577157641444432,Neurons,Astrocytes,0.034867878346225116,0.0
Nlgn1,Nlgn1,0.7087628865979382,0.2577157641444432,8.49027,Nrxn2,Nrxn2,0.5687139463861555,0.07009189015678263,Astrocytes,Neurons,0.034867878346225116,0.0
Fgf14,Fgf14,0.7716321683067526,0.40693580802033535,8.49027,Fgfr2,Fgfr2,0.46798029556650245,0.04434428173645366,Neurons,OPCs,0.034833395750031707,0.0
Cntn4,Cntn4,0.7980295566502463,0.2752337592570071,8.49027,Aplp1,Aplp1,0.5541228367831693,0.06553717797555847,OPCs,Neurons,0.03481992119868022,0.0
Fgf14,Fgf14,0.6675257731958762,0.21715183266954052,8.49027,Fgfr2,Fgfr2,0.5,0.08306514373716856,Astrocytes,Astrocytes,0.03481937031883618,0.0
Ncam1,Ncam1,0.7139175257731959,0.21342884216016822,8.49027,Cacna1c,Cacna1c,0.44871794871794873,0.08420521488275279,Astrocytes,Pericytes,0.03469652357470847,0.0
Ptn,Ptn,0.41494845360824745,0.049143312553678875,8.49027,Ptprz1,Ptprz1,0.8571428571428571,0.36390258151173605,Astrocytes,OPCs,0.034531670742060705,0.0
C1qb,C1qb,0.7818930041152263,0.34910248423615053,8.49027,Lrp1,Lrp1,0.4742268041237113,0.05117955567463084,Microglia,Astrocytes,0.03450096865070211,0.0
Nlgn2,Nlgn2,0.32019704433497537,0.0352717879139155,8.49027,Nrxn1,Nrxn1,0.8768472906403941,0.5043964435698678,OPCs,OPCs,0.03435935658583624,0.0
Nrxn1,Nrxn1,0.8768472906403941,0.5043964435698678,8.49027,Nlgn2,Nlgn2,0.32019704433497537,0.0352717879139155,OPCs,OPCs,0.03435935658583624,0.0
Ncam1,Ncam1,0.7139175257731959,0.21342884216016822,8.49027,Ncam2,Ncam2,0.4891319590520264,0.08311126566751259,Astrocytes,Oligodendrocytes,0.03426120839477597,1.0
Ncam1,Ncam1,0.7139175257731959,0.21342884216016822,8.49027,Fgfr2,Fgfr2,0.5,0.08306514373716856,Astrocytes,Astrocytes,0.03424284647059831,0.36
Ncam1,Ncam1,0.5330248212031973,0.17965692523993804,8.49027,Fgfr2,Fgfr2,0.652867322701052,0.0984659388323621,Oligodendrocytes,Neurons,0.03417119281976235,0.01
Vtn,Vtn,0.6217948717948718,0.2921541946454558,8.49027,Cd47,Cd47,0.5337631489650492,0.060312963300451106,Pericytes,Neurons,0.03404169447410015,0.0
Nrg3,Nrg3,0.7651849338310146,0.41907249413376,8.49027,Egfr,Egfr,0.3582474226804124,0.04175933524722142,Neurons,Astrocytes,0.03381677756839516,0.0
Rims1,Rims1,0.7465218866644044,0.20739373694039243,8.49027,Cacna1c,Cacna1c,0.44871794871794873,0.08420521488275279,Neurons,Pericytes,0.0337485245932848,0.0
App,App,0.8177807940278249,0.2096492676470556,8.49027,Aplp2,Aplp2,0.6331862911435358,0.08252132126573697,Neurons,Neurons,0.033443875295926115,0.0
Efna5,Efna5,0.5561588055649813,0.09536538289465502,8.49027,Epha5,Epha5,0.7095351204614863,0.1809050553348488,Neurons,Neurons,0.033353331075896935,0.0
App,App,0.5517241379310345,0.11841058036538166,8.49027,Lrp1,Lrp1,0.6896551724137931,0.14452961608495252,OPCs,OPCs,0.03309490974411209,0.0
Ncam1,Ncam1,0.7502544960977265,0.17369001611803242,8.49027,Fgfr2,Fgfr2,0.652867322701052,0.0984659388323621,Neurons,Neurons,0.03307380806039022,0.13
Olfm2,Olfm2,0.5369458128078818,0.11349186665786304,8.49027,Robo2,Robo2,0.5747422680412371,0.1506504502826036,OPCs,Astrocytes,0.03306455258825175,0.0
Ntn1,Ntn1,0.5369458128078818,0.1135570277715996,8.49027,Unc5c,Unc5c,0.6423481506616898,0.15009224311840974,OPCs,Neurons,0.03296436679174257,0.0
Nrxn1,Nrxn1,0.7680412371134021,0.48008748870989715,8.49027,Nlgn2,Nlgn2,0.32019704433497537,0.0352717879139155,Astrocytes,OPCs,0.032757680896825195,0.0
Nlgn2,Nlgn2,0.32019704433497537,0.0352717879139155,8.49027,Nrxn1,Nrxn1,0.7680412371134021,0.48008748870989715,OPCs,Astrocytes,0.032757680896825195,0.0
Vtn,Vtn,0.6217948717948718,0.2921541946454558,8.49027,Itgav,Itgav_Itgb5,0.4074074074074074,0.057837314851942434,Pericytes,Microglia,0.03269007288245939,0.0
Sorbs1,Sorbs1,0.6029860875466576,0.08618647814945013,8.49027,Itgb5,Itgb5,0.6255144032921811,0.19602203356190184,Neurons,Microglia,0.032684523415715594,0.0
Ntrk3,Ntrk3,0.6501526976586359,0.12720612848524593,8.49027,Ptprs,Ptprs,0.5960591133004927,0.1327099197383872,Neurons,OPCs,0.03266031887054942,0.0
App,App,0.5064102564102564,0.11599158612409188,8.49027,Lrp1,Lrp1,0.6896551724137931,0.14452961608495252,Pericytes,OPCs,0.03244075108506517,0.0
Bcan,Bcan,0.5824742268041238,0.1411046568930474,8.49027,Nrcam,Nrcam,0.66270783847981,0.11866098037771522,Astrocytes,Neurons,0.03240217464610096,0.0
Alcam,Alcam,0.7832512315270936,0.2217915033454625,8.49027,Chl1,Chl1,0.5212080081438751,0.07541488814660835,OPCs,Neurons,0.03236990023774057,0.0
Serpine2,Serpine2,0.5103092783505154,0.11547981592835221,8.49027,Lrp1,Lrp1,0.6896551724137931,0.14452961608495252,Astrocytes,OPCs,0.03230224171999669,0.0
Dscam,Dscam,0.8472906403940886,0.3878610770964315,8.49027,Dcc,Dcc,0.2755574253260412,0.04299481292020402,OPCs,Oligodendrocytes,0.03227557305244858,0.0
Rims1,Rims1,0.7438423645320197,0.19555595266756942,8.49027,Cacna1c,Cacna1c,0.44871794871794873,0.08420521488275279,OPCs,Pericytes,0.03188361774091317,0.0
Psap,Psap,0.5566502463054187,0.11329936696449328,8.49027,Lrp1,Lrp1,0.6896551724137931,0.14452961608495252,OPCs,OPCs,0.031711663799754264,0.0
Psap,Psap,0.6827281981676281,0.09203127051421411,8.49027,Gpr37l1,Gpr37l1,0.6649484536082474,0.17671965908324805,Neurons,Astrocytes,0.03150276429572819,0.0
Fgf14,Fgf14,0.8571428571428571,0.33953198448739297,8.49027,Fgfr2,Fgfr2,0.3333333333333333,0.04783757436178393,OPCs,Pericytes,0.031462713986880365,0.0
App,App,0.8177807940278249,0.2096492676470556,8.49027,Grm7,Grm7,0.37498247090169684,0.07721478774672663,Neurons,Oligodendrocytes,0.031360711522338616,0.0
Fgf12,Fgf12,0.8029556650246306,0.2383535131189034,8.49027,Fgfr2,Fgfr2,0.46038423783480575,0.0679029562249931,OPCs,Oligodendrocytes,0.03135486510996142,0.0
Cntn1,Cntn1,0.8768472906403941,0.33697376270737145,8.49027,Notch2,Notch2,0.3004115226337449,0.04775724139878146,OPCs,Microglia,0.031182246774984546,0.0
Vcan,Vcan,0.8571428571428571,0.35736201826648895,8.49027,Itgb1,Itgb1,0.2962962962962963,0.044881685854855524,OPCs,Microglia,0.031081002665394483,0.0
Psap,Psap,0.5489690721649485,0.12844396411756553,8.49027,Gpr37l1,Gpr37l1,0.5566502463054187,0.12310192255662988,Astrocytes,OPCs,0.030654013774137005,0.0
Ncam1,Ncam1,0.8275862068965517,0.2684227441308553,8.49027,Robo1,Robo1,0.33894264479035197,0.05884100520985158,OPCs,Oligodendrocytes,0.03062124801608417,0.0
App,App,0.5727106997616043,0.1912491237039715,8.49027,Aplp2,Aplp2,0.6331862911435358,0.08252132126573697,Oligodendrocytes,Neurons,0.030598443508250913,0.0
Apoe,Apoe,0.8582474226804123,0.39041901806253865,8.49027,Sdc2,Sdc2,0.3427835051546392,0.04035273484009849,Astrocytes,Astrocytes,0.030546463235196438,0.0
App,App,0.29218106995884774,0.047175932024871914,8.49027,Dcc,Dcc,0.8472906403940886,0.3290022314275842,Microglia,OPCs,0.030107381270771102,0.0
Ptn,Ptn,0.75,0.28153483474312335,8.49027,Cdh10,Cdh10,0.3552096480157061,0.05507752133403088,Pericytes,Oligodendrocytes,0.030079637524393656,0.0
Apoe,Apoe,0.8582474226804123,0.39041901806253865,8.49027,Sorl1,Sorl1,0.34536082474226804,0.039568285558095995,Astrocytes,Astrocytes,0.029970442924275476,0.0
Selplg,Selplg,0.7283950617283951,0.24767969774183385,8.49027,Itgam,Itgam,0.4403292181069959,0.06225553918518667,Microglia,Microglia,0.029916282035699644,0.0
Edil3,Edil3,0.6240244316253818,0.14066036364829415,8.49027,Itgav,Itgav,0.5320197044334976,0.10911949221648332,Neurons,OPCs,0.02978329983475442,0.0
Cntn3,Cntn3,0.502544960977265,0.07052728335553815,8.49027,Ptprg,Ptprg,0.7684729064039408,0.21725167430169856,Neurons,OPCs,0.02973318687464503,0.0
Cntn6,Cntn6,0.5873769935527655,0.11353031008273673,8.49027,Ptprg,Ptprg,0.5360824742268041,0.13495208545781456,Neurons,Astrocytes,0.02973126960858121,0.0
Il1rapl1,Il1rapl1,0.8669950738916257,0.4069855822866528,8.49027,Ptprs,Ptprs,0.327319587628866,0.03760428532678295,OPCs,Astrocytes,0.029699730687292702,0.0
Nlgn3,Nlgn3,0.2857142857142857,0.030202463173612415,8.49027,Nrxn1,Nrxn1,0.8768472906403941,0.5043964435698678,OPCs,OPCs,0.02956717640521176,0.0
Nrxn1,Nrxn1,0.8768472906403941,0.5043964435698678,8.49027,Nlgn3,Nlgn3,0.2857142857142857,0.030202463173612415,OPCs,OPCs,0.02956717640521176,0.0
Apoe,Apoe,0.8582474226804123,0.39041901806253865,8.49027,Lrp6,Lrp6,0.4088669950738916,0.038993602515021486,Astrocytes,OPCs,0.029548019141168964,0.0
Ptn,Ptn,0.8669950738916257,0.27545202362701793,8.49027,Cdh10,Cdh10,0.3552096480157061,0.05507752133403088,OPCs,Oligodendrocytes,0.029448878886650258,0.0
Efna5,Efna5,0.5561588055649813,0.09536538289465502,8.49027,Epha6,Epha6,0.6311503223617237,0.1589762406009445,Neurons,Neurons,0.029429314442272352,0.0
Ncam1,Ncam1,0.5330248212031973,0.17965692523993804,8.49027,Cacna1c,Cacna1c,0.44871794871794873,0.08420521488275279,Oligodendrocytes,Pericytes,0.029367552388479656,0.0
Apoe,Apoe,0.45267489711934156,0.07626742690494792,8.49027,Trem2,Trem2,0.6213991769547325,0.19802665177083778,Microglia,Microglia,0.029320317843349784,0.0
Fgf14,Fgf14,0.8571428571428571,0.33953198448739297,8.49027,Fgfr2,Fgfr2,0.46798029556650245,0.04434428173645366,OPCs,OPCs,0.029232342019320425,0.0
Il18,Il18,0.30927835051546393,0.03697795621714317,8.49027,Il1rapl1,Il1rapl1,0.8669950738916257,0.4069855822866528,Astrocytes,OPCs,0.029219512275327333,0.0
Sorbs1,Sorbs1,0.5,0.07662136037486966,8.49027,Itgb5,Itgb5,0.6255144032921811,0.19602203356190184,Astrocytes,Microglia,0.02916292607887842,0.0
Tgfa,Tgfa,0.33004926108374383,0.03690540355465499,8.49027,Erbb4,Erbb4,0.8719211822660099,0.40493419101010897,OPCs,OPCs,0.029021121121098826,0.0
Ncam1,Ncam1,0.5330248212031973,0.17965692523993804,8.49027,Ncam2,Ncam2,0.4891319590520264,0.08311126566751259,Oligodendrocytes,Oligodendrocytes,0.02899708800846495,1.0
Ncam1,Ncam1,0.5330248212031973,0.17965692523993804,8.49027,Fgfr2,Fgfr2,0.5,0.08306514373716856,Oligodendrocytes,Astrocytes,0.02898146266807086,0.59
Vcan,Vcan,0.8571428571428571,0.35736201826648895,8.49027,Egfr,Egfr,0.3582474226804124,0.04175933524722142,OPCs,Astrocytes,0.02898140988012003,0.0
Gnas,Gnas,0.5833333333333334,0.1670952097162841,8.49027,Adcy8,Adcy8,0.5564981336952833,0.08906501032086811,Pericytes,Neurons,0.028904344780713635,0.0
App,App,0.5727106997616043,0.1912491237039715,8.49027,Grm7,Grm7,0.37498247090169684,0.07721478774672663,Oligodendrocytes,Oligodendrocytes,0.02868725660484127,1.0
Fgf14,Fgf14,0.6675257731958762,0.21715183266954052,8.49027,Fgfr2,Fgfr2,0.46038423783480575,0.0679029562249931,Astrocytes,Oligodendrocytes,0.02864572591622434,0.0
Efna5,Efna5,0.5561588055649813,0.09536538289465502,8.49027,Epha5,Epha5,0.6650246305418719,0.15439302405232747,Neurons,OPCs,0.02860514957617798,0.0
Ntng1,Ntng1,0.41839158466236853,0.04956231675035849,8.49027,Lrrc4c,Lrrc4c,0.7396907216494846,0.2969608109485422,Neurons,Astrocytes,0.02859442237086354,0.0
Ntrk3,Ntrk3,0.6501526976586359,0.12720612848524593,8.49027,Ptprs,Ptprs,0.7047845266372582,0.11562943445945817,Neurons,Neurons,0.028576883621912727,0.0
Ncam1,Ncam1,0.8275862068965517,0.2684227441308553,8.49027,Ptpra,Ptpra,0.4074074074074074,0.054624077065843935,OPCs,Microglia,0.028489250891803788,0.0
Ptn,Ptn,0.75,0.28153483474312335,8.49027,Sdc2,Sdc2,0.3717948717948718,0.05196056323109566,Pericytes,Pericytes,0.02842575304965347,0.0
Ncam1,Ncam1,0.7502544960977265,0.17369001611803242,8.49027,Cacna1c,Cacna1c,0.44871794871794873,0.08420521488275279,Neurons,Pericytes,0.028419893966424827,0.0
Nrxn1,Nrxn1,0.7875805904309467,0.41325534614377624,8.49027,Nlgn2,Nlgn2,0.32019704433497537,0.0352717879139155,Neurons,OPCs,0.02832671500872638,0.0
Nlgn2,Nlgn2,0.32019704433497537,0.0352717879139155,8.49027,Nrxn1,Nrxn1,0.7875805904309467,0.41325534614377624,OPCs,Neurons,0.02832671500872638,0.0
Nlgn3,Nlgn3,0.2857142857142857,0.030202463173612415,8.49027,Nrxn1,Nrxn1,0.7680412371134021,0.48008748870989715,OPCs,Astrocytes,0.028182370531199694,0.0
Nrxn1,Nrxn1,0.7680412371134021,0.48008748870989715,8.49027,Nlgn3,Nlgn3,0.2857142857142857,0.030202463173612415,Astrocytes,OPCs,0.028182370531199694,0.0
Ncam1,Ncam1,0.7139175257731959,0.21342884216016822,8.49027,Fgfr2,Fgfr2,0.46038423783480575,0.0679029562249931,Astrocytes,Oligodendrocytes,0.028168439294548347,0.9
Ncam1,Ncam1,0.7502544960977265,0.17369001611803242,8.49027,Ncam2,Ncam2,0.4891319590520264,0.08311126566751259,Neurons,Oligodendrocytes,0.028061038457494625,1.0
Ncam1,Ncam1,0.7502544960977265,0.17369001611803242,8.49027,Fgfr2,Fgfr2,0.5,0.08306514373716856,Neurons,Astrocytes,0.02804590294701038,0.6
Tnr,Tnr,0.8571428571428571,0.39749643783905464,8.49027,Itgb1,Itga9_Itgb1,0.3251231527093596,0.03609275967810888,OPCs,OPCs,0.027893135492383737,0.0
Ptn,Ptn,0.8669950738916257,0.27545202362701793,8.49027,Sdc2,Sdc2,0.3717948717948718,0.05196056323109566,OPCs,Pericytes,0.027828680677680493,0.0
Cntn6,Cntn6,0.5873769935527655,0.11353031008273673,8.49027,Ptprg,Ptprg,0.6576179165252799,0.12594050719364547,Neurons,Neurons,0.027801125089389204,0.0
Gnas,Gnas,0.8890397013912453,0.24492372329315737,8.49027,Adcy9,Adcy9,0.513403461146929,0.058345458160469654,Neurons,Neurons,0.02778623278316191,0.0
Gnai2,Gnai2,0.2757201646090535,0.04653448810629257,8.49027,P2ry12,P2ry12,0.8518518518518519,0.3024597458760523,Microglia,Microglia,0.027378912929499878,0.0
Fgf14,Fgf14,0.7716321683067526,0.40693580802033535,8.49027,Fgfr2,Fgfr2,0.25925925925925924,0.034580910215889826,Neurons,Microglia,0.027373996005816064,0.0
Ntng1,Ntng1,0.41839158466236853,0.04956231675035849,8.49027,Lrrc4c,Lrrc4c,0.7472005429250085,0.28379835899336703,Neurons,Neurons,0.027361685574025154,0.0
Slit2,Slit2,0.39124533423820834,0.042679525587700384,8.49027,Dcc,Dcc,0.8472906403940886,0.3290022314275842,Neurons,OPCs,0.027316189076419514,0.0
App,App,0.5517241379310345,0.11841058036538166,8.49027,Grm7,Grm7,0.47435897435897434,0.11845025059604364,OPCs,Pericytes,0.027286108847726098,0.82
Adam17,Adam17,0.26337448559670784,0.034580910215889826,8.49027,Erbb4,Erbb4,0.8719211822660099,0.40493419101010897,Microglia,OPCs,0.02724301822366289,0.0
Psap,Psap,0.5566502463054187,0.11329936696449328,8.49027,Gpr37l1,Gpr37l1,0.5566502463054187,0.12310192255662988,OPCs,OPCs,0.02713773961048251,0.0
App,App,0.8177807940278249,0.2096492676470556,8.49027,Aplp1,Aplp1,0.5541228367831693,0.06553717797555847,Neurons,Neurons,0.026744707719349337,0.99
App,App,0.5064102564102564,0.11599158612409188,8.49027,Grm7,Grm7,0.47435897435897434,0.11845025059604364,Pericytes,Pericytes,0.02674359203225561,0.71
Fstl5,Fstl5,0.5629453681710214,0.11294333704319226,8.49027,Cntn5,Cntn5,0.5273159144893111,0.1213439712900537,Neurons,Neurons,0.026678722677517017,0.0
Apoe,Apoe,0.8374384236453202,0.2405724520174406,8.49027,Lrp1,Lrp1,0.411522633744856,0.05689595816266979,OPCs,Microglia,0.02664576711736205,0.0
Adam10,Adam10,0.43209876543209874,0.058828840702099594,8.49027,Nrcam,Nrcam,0.7635467980295566,0.23204312426380924,Microglia,OPCs,0.026576084860336902,0.0
Nrg3,Nrg3,0.8374384236453202,0.3265657249285612,8.49027,Egfr,Egfr,0.3582474226804124,0.04175933524722142,OPCs,Astrocytes,0.026550196224301426,0.0
Apoe,Apoe,0.8374384236453202,0.2405724520174406,8.49027,Lrp1,Lrp1,0.4551282051282051,0.05665531204614227,OPCs,Pericytes,0.026536057287988017,0.0
Ly86,Ly86,0.7366255144032922,0.25236806155050306,8.49027,Cd180,Cd180,0.32510288065843623,0.05384006216786519,Microglia,Microglia,0.02645607964043907,0.0
Cntn2,Cntn2,0.286916281026504,0.04029360596025944,8.49027,Cntn1,Cntn1,0.8768472906403941,0.33697376270737145,Oligodendrocytes,OPCs,0.02643783607194649,0.0
Ptn,Ptn,0.40316926097321554,0.06133538219136003,8.49027,Ptprz1,Ptprz1,0.7164948453608248,0.22067333919537102,Oligodendrocytes,Astrocytes,0.026356687266883918,0.0
Apoe,Apoe,0.388865516757818,0.06760146387603161,8.49027,Trem2,Trem2,0.6213991769547325,0.19802665177083778,Oligodendrocytes,Microglia,0.026075639574396237,0.0
Pros1,Pros1,0.37448559670781895,0.05769103010852583,8.49027,Mertk,Mertk,0.7366255144032922,0.23162574176748496,Microglia,Microglia,0.026029797105820675,0.0
Psap,Psap,0.6827281981676281,0.09203127051421411,8.49027,Lrp1,Lrp1,0.6896551724137931,0.14452961608495252,Neurons,OPCs,0.02591313452996572,0.0
Gnas,Gnas,0.5390946502057613,0.14921448902564904,8.49027,Adcy8,Adcy8,0.5564981336952833,0.08906501032086811,Microglia,Neurons,0.02589139753775473,0.0
Apoe,Apoe,0.8374384236453202,0.2405724520174406,8.49027,Lrp1,Lrp1,0.5218866644044792,0.05486633786237893,OPCs,Neurons,0.025719693451974748,0.0
Agt,Agt,0.4793814432989691,0.05355462447691284,8.49027,Grm7,Grm7,0.7010519172039362,0.24622017093220494,Astrocytes,Neurons,0.025694821982911245,0.0
Apoe,Apoe,0.8582474226804123,0.39041901806253865,8.49027,Abca1,Abca1,0.27319587628865977,0.033736094717738196,Astrocytes,Astrocytes,0.025666312996512633,0.0
Vtn,Vtn,0.6217948717948718,0.2921541946454558,8.49027,Itgb1,Itgav_Itgb1,0.2962962962962963,0.044881685854855524,Pericytes,Microglia,0.025554583129772553,0.0
Lama2,Lama2,0.5897435897435898,0.1839208897145983,8.49027,Itga1,Itga1,0.4358974358974359,0.07114849638667597,Pericytes,Pericytes,0.025503916579633537,0.0
Sorbs1,Sorbs1,0.47435897435897434,0.06615609535294653,8.49027,Itgb5,Itgb5,0.6255144032921811,0.19602203356190184,Pericytes,Microglia,0.025280428838311584,0.0
Vcan,Vcan,0.8571428571428571,0.35736201826648895,8.49027,Itgb1,Itgb1,0.3251231527093596,0.03609275967810888,OPCs,OPCs,0.025147645107804487,0.0
Ncam1,Ncam1,0.8275862068965517,0.2684227441308553,8.49027,Fgfr2,Fgfr2,0.3333333333333333,0.04783757436178393,OPCs,Pericytes,0.0250383660237073,0.58
Fgf12,Fgf12,0.7567017305734646,0.26743388074762353,8.49027,Fgfr2,Fgfr2,0.3333333333333333,0.04783757436178393,Neurons,Pericytes,0.024948426505852054,0.0
App,App,0.8177807940278249,0.2096492676470556,8.49027,Rpsa,Rpsa,0.5391923990498813,0.06098666045217982,Neurons,Neurons,0.02493401432549857,0.0
Cfh,Cfh,0.654320987654321,0.20407457614580338,8.49027,Itgam,Itgam,0.4403292181069959,0.06225553918518667,Microglia,Microglia,0.02477989955751123,0.0
Cd47,Cd47,0.5337631489650492,0.060312963300451106,8.49027,Sirpa,Sirpa,0.6748971193415638,0.2102797668433234,Neurons,Microglia,0.024737714841213294,0.0
Sirpa,Sirpa,0.6748971193415638,0.2102797668433234,8.49027,Cd47,Cd47,0.5337631489650492,0.060312963300451106,Microglia,Neurons,0.024737714841213294,0.0
Edil3,Edil3,0.5213854999298836,0.21926278282222977,8.49027,Itgav,Itgav,0.4074074074074074,0.057837314851942434,Oligodendrocytes,Microglia,0.024735764522269228,0.0
Ptn,Ptn,0.75,0.28153483474312335,8.49027,Alk,Alk,0.43842364532019706,0.04481164910953117,Pericytes,OPCs,0.024611091414621665,0.0
Ntn1,Ntn1,0.5369458128078818,0.1135570277715996,8.49027,Neo1,Neo1,0.5270935960591133,0.11071428533356475,OPCs,OPCs,0.024528018945188176,0.0
Gnas,Gnas,0.5850515463917526,0.14114899038977446,8.49027,Adcy8,Adcy8,0.5564981336952833,0.08906501032086811,Astrocytes,Neurons,0.024526213120535014,0.0
Ncam1,Ncam1,0.7139175257731959,0.21342884216016822,8.49027,Robo1,Robo1,0.33894264479035197,0.05884100520985158,Astrocytes,Oligodendrocytes,0.02450134151931226,0.22
Fgf13,Fgf13,0.5408890397013912,0.08403445545161414,8.49027,Fgfr3,Fgfr3,0.5876288659793815,0.14916771946821505,Neurons,Astrocytes,0.02445730047379364,0.0
App,App,0.5727106997616043,0.1912491237039715,8.49027,Aplp1,Aplp1,0.5541228367831693,0.06553717797555847,Oligodendrocytes,Neurons,0.02445482567416077,1.0
Apoe,Apoe,0.8374384236453202,0.2405724520174406,8.49027,Sdc2,Sdc2,0.3717948717948718,0.05196056323109566,OPCs,Pericytes,0.024390777117542145,0.0
Nrxn1,Nrxn1,0.7875805904309467,0.41325534614377624,8.49027,Nlgn3,Nlgn3,0.2857142857142857,0.030202463173612415,Neurons,OPCs,0.02435470066484419,0.0
Nlgn3,Nlgn3,0.2857142857142857,0.030202463173612415,8.49027,Nrxn1,Nrxn1,0.7875805904309467,0.41325534614377624,OPCs,Neurons,0.02435470066484419,0.0
Ptn,Ptn,0.8669950738916257,0.27545202362701793,8.49027,Alk,Alk,0.43842364532019706,0.04481164910953117,OPCs,OPCs,0.02409215771590798,0.0
Alcam,Alcam,0.7832512315270936,0.2217915033454625,8.49027,Chl1,Chl1,0.4742268041237113,0.05560789808422628,OPCs,Astrocytes,0.024072918715455638,0.0
Apoe,Apoe,0.8374384236453202,0.2405724520174406,8.49027,Lrp1,Lrp1,0.4742268041237113,0.05117955567463084,OPCs,Astrocytes,0.024032975608741396,0.0
Slit2,Slit2,0.39124533423820834,0.042679525587700384,8.49027,Robo1,Robo1,0.8522167487684729,0.2884662584880284,Neurons,OPCs,0.02403147417857376,0.0
Il34,Il34,0.33974358974358976,0.05573329817030703,8.49027,Ptprz1,Ptprz1,0.7164948453608248,0.22067333919537102,Pericytes,Astrocytes,0.024007184359895732,0.0
Ncam1,Ncam1,0.5330248212031973,0.17965692523993804,8.49027,Fgfr2,Fgfr2,0.46038423783480575,0.0679029562249931,Oligodendrocytes,Oligodendrocytes,0.023817365323486408,0.98
Mdk,Mdk,0.2654639175257732,0.03304866225542413,8.49027,Ptprz1,Ptprz1,0.8571428571428571,0.36390258151173605,Astrocytes,OPCs,0.023488029745900967,0.0
Serpine2,Serpine2,0.7832512315270936,0.21091842543888983,8.49027,Lrp1,Lrp1,0.411522633744856,0.05689595816266979,OPCs,Microglia,0.023438274210329936,0.0
Apoe,Apoe,0.8582474226804123,0.39041901806253865,8.49027,Sdc2,Sdc2,0.2660098522167488,0.030683516714840264,Astrocytes,OPCs,0.02339826133716807,0.0
Serpine2,Serpine2,0.7832512315270936,0.21091842543888983,8.49027,Lrp1,Lrp1,0.4551282051282051,0.05665531204614227,OPCs,Pericytes,0.02334145404332676,0.0
Il18,Il18,0.27586206896551724,0.02933365826928447,8.49027,Il1rapl1,Il1rapl1,0.8669950738916257,0.4069855822866528,OPCs,OPCs,0.023319947382738872,0.0
Ptn,Ptn,0.75,0.28153483474312335,8.49027,Sdc4,Sdc4,0.3634020618556701,0.04239928470925036,Pericytes,Astrocytes,0.023317084942420588,0.0
App,App,0.8177807940278249,0.2096492676470556,8.49027,Lrp1,Lrp1,0.411522633744856,0.05689595816266979,Neurons,Microglia,0.023300525454536057,0.0
Gnas,Gnas,0.5911330049261084,0.13375737669993382,8.49027,Adcy8,Adcy8,0.5564981336952833,0.08906501032086811,OPCs,Neurons,0.023271727343092245,0.0
Ncam1,Ncam1,0.8275862068965517,0.2684227441308553,8.49027,Fgfr2,Fgfr2,0.46798029556650245,0.04434428173645366,OPCs,OPCs,0.02325247843742679,0.51
App,App,0.8177807940278249,0.2096492676470556,8.49027,Lrp1,Lrp1,0.4551282051282051,0.05665531204614227,Neurons,Pericytes,0.023204260787392884,0.0
Fgf12,Fgf12,0.7567017305734646,0.26743388074762353,8.49027,Fgfr2,Fgfr2,0.46798029556650245,0.04434428173645366,Neurons,OPCs,0.023168801503998672,0.0
Ncam1,Ncam1,0.7502544960977265,0.17369001611803242,8.49027,Fgfr2,Fgfr2,0.46038423783480575,0.0679029562249931,Neurons,Oligodendrocytes,0.02304455318028929,0.98
Fgf14,Fgf14,0.8571428571428571,0.33953198448739297,8.49027,Fgfr2,Fgfr2,0.25925925925925924,0.034580910215889826,OPCs,Microglia,0.022943867332490382,0.04
Ptn,Ptn,0.8669950738916257,0.27545202362701793,8.49027,Sdc4,Sdc4,0.3634020618556701,0.04239928470925036,OPCs,Astrocytes,0.022824797355841458,0.0
App,App,0.5727106997616043,0.1912491237039715,8.49027,Rpsa,Rpsa,0.5391923990498813,0.06098666045217982,Oligodendrocytes,Neurons,0.02279553271895439,0.0
Ncam1,Ncam1,0.7139175257731959,0.21342884216016822,8.49027,Ptpra,Ptpra,0.4074074074074074,0.054624077065843935,Astrocytes,Microglia,0.022785425942868594,0.0
Adam10,Adam10,0.43209876543209874,0.058828840702099594,8.49027,Trem2,Trem2,0.6213991769547325,0.19802665177083778,Microglia,Microglia,0.022768856983013196,0.0
App,App,0.29218106995884774,0.047175932024871914,8.49027,Grm7,Grm7,0.7010519172039362,0.24622017093220494,Microglia,Neurons,0.0227038904746553,1.0
Serpine2,Serpine2,0.7832512315270936,0.21091842543888983,8.49027,Lrp1,Lrp1,0.5218866644044792,0.05486633786237893,OPCs,Neurons,0.02262108621422079,0.0
Ncam1,Ncam1,0.8275862068965517,0.2684227441308553,8.49027,Ptpra,Ptpra,0.37371134020618557,0.04306248380830002,OPCs,Astrocytes,0.02259553873755288,0.0
App,App,0.8177807940278249,0.2096492676470556,8.49027,Lrp1,Lrp1,0.5218866644044792,0.05486633786237893,Neurons,Neurons,0.0224880295475857,0.0
Fgf12,Fgf12,0.8029556650246306,0.2383535131189034,8.49027,Fgfr2,Fgfr2,0.3333333333333333,0.04783757436178393,OPCs,Pericytes,0.022296057205614818,0.0
Ptn,Ptn,0.75,0.28153483474312335,8.49027,Sdc2,Sdc2,0.3427835051546392,0.04035273484009849,Pericytes,Astrocytes,0.02221660859499432,0.0
Ncam1,Ncam1,0.8275862068965517,0.2684227441308553,8.49027,Robo1,Robo1,0.30927835051546393,0.04231498349462082,OPCs,Astrocytes,0.0222120260860301,0.68
Ptn,Ptn,0.40316926097321554,0.06133538219136003,8.49027,Cdh10,Cdh10,0.615979381443299,0.1851830341789218,Oligodendrocytes,Astrocytes,0.022211965259446437,0.0
Psap,Psap,0.6827281981676281,0.09203127051421411,8.49027,Gpr37l1,Gpr37l1,0.5566502463054187,0.12310192255662988,Neurons,OPCs,0.02215642242243494,0.0
Lama2,Lama2,0.5897435897435898,0.1839208897145983,8.49027,Rpsa,Rpsa,0.5391923990498813,0.06098666045217982,Pericytes,Neurons,0.021941224521007698,0.0
Adam10,Adam10,0.43209876543209874,0.058828840702099594,8.49027,Cadm1,Cadm1,0.7438423645320197,0.18919698827055464,Microglia,OPCs,0.021775740553944784,0.0
Ptn,Ptn,0.8669950738916257,0.27545202362701793,8.49027,Sdc2,Sdc2,0.3427835051546392,0.04035273484009849,OPCs,Astrocytes,0.02174703774605037,0.0
Ptn,Ptn,0.75,0.28153483474312335,8.49027,Sdc3,Sdc3,0.3891625615763547,0.03945592401307563,Pericytes,OPCs,0.021733591196880373,0.0
Vegfa,Vegfa,0.36597938144329895,0.04257731020042266,8.49027,Itga9,Itga9,0.7783251231527094,0.26057660679434447,Astrocytes,OPCs,0.02170762498951632,0.0
Adam10,Adam10,0.43209876543209874,0.058828840702099594,8.49027,Nrcam,Nrcam,0.6597938144329897,0.1882137973283926,Microglia,Astrocytes,0.021665031239763256,0.0
Apoe,Apoe,0.45267489711934156,0.07626742690494792,8.49027,Lrp1,Lrp1,0.6896551724137931,0.14452961608495252,Microglia,OPCs,0.02157026992082142,0.0
Ncam1,Ncam1,0.8275862068965517,0.2684227441308553,8.49027,Ptpra,Ptpra,0.43349753694581283,0.04080321125622821,OPCs,OPCs,0.02143547535591222,0.0
App,App,0.8177807940278249,0.2096492676470556,8.49027,Rpsa,Rpsa,0.35436825129715327,0.05204162104501453,Neurons,Oligodendrocytes,0.021354988791737518,0.0
App,App,0.5727106997616043,0.1912491237039715,8.49027,Lrp1,Lrp1,0.411522633744856,0.05689595816266979,Oligodendrocytes,Microglia,0.021299080814484776,0.0
Ptn,Ptn,0.8669950738916257,0.27545202362701793,8.49027,Sdc3,Sdc3,0.3891625615763547,0.03945592401307563,OPCs,OPCs,0.021274007294298906,0.0
Ptn,Ptn,0.41494845360824745,0.049143312553678875,8.49027,Ptprz1,Ptprz1,0.7164948453608248,0.22067333919537102,Astrocytes,Astrocytes,0.021228801243147296,0.0
App,App,0.5727106997616043,0.1912491237039715,8.49027,Lrp1,Lrp1,0.4551282051282051,0.05665531204614227,Oligodendrocytes,Pericytes,0.021210905417172164,0.0
Alcam,Alcam,0.7832512315270936,0.2217915033454625,8.49027,Nrp1,Nrp1,0.2880658436213992,0.0488521067694172,OPCs,Microglia,0.0212103371528655,0.0
Serpine2,Serpine2,0.7832512315270936,0.21091842543888983,8.49027,Lrp1,Lrp1,0.4742268041237113,0.05117955567463084,OPCs,Astrocytes,0.021133169664450287,0.0
Psap,Psap,0.6666666666666666,0.1893218276063502,8.49027,Lrp1,Lrp1,0.411522633744856,0.05689595816266979,Microglia,Microglia,0.021088967742471845,0.0
App,App,0.8177807940278249,0.2096492676470556,8.49027,Lrp1,Lrp1,0.4742268041237113,0.05117955567463084,Neurons,Astrocytes,0.021008676764871014,0.0
Psap,Psap,0.6666666666666666,0.1893218276063502,8.49027,Lrp1,Lrp1,0.4551282051282051,0.05665531204614227,Microglia,Pericytes,0.021001643520041108,0.0
Nrxn2,Nrxn2,0.7536945812807881,0.20222219681281162,8.49027,Nlgn1,Nlgn1,0.30360398261113447,0.0529812138718877,OPCs,Oligodendrocytes,0.020978430064297626,0.0
Nlgn1,Nlgn1,0.30360398261113447,0.0529812138718877,8.49027,Nrxn2,Nrxn2,0.7536945812807881,0.20222219681281162,Oligodendrocytes,OPCs,0.020978430064297626,0.0
Ptn,Ptn,0.75,0.28153483474312335,8.49027,Ptprs,Ptprs,0.327319587628866,0.03760428532678295,Pericytes,Astrocytes,0.020734797383291075,0.0
Cntn6,Cntn6,0.625615763546798,0.15704105363233012,8.49027,Ptprg,Ptprg,0.4551282051282051,0.06734281846513812,OPCs,Pericytes,0.02071306860758836,0.0
Ncam1,Ncam1,0.5330248212031973,0.17965692523993804,8.49027,Robo1,Robo1,0.33894264479035197,0.05884100520985158,Oligodendrocytes,Oligodendrocytes,0.020704642558617134,1.0
Fgf12,Fgf12,0.8029556650246306,0.2383535131189034,8.49027,Fgfr2,Fgfr2,0.46798029556650245,0.04434428173645366,OPCs,OPCs,0.020701614473489997,0.0
Vtn,Vtn,0.6217948717948718,0.2921541946454558,8.49027,Itgb1,Itgav_Itgb1,0.3251231527093596,0.03609275967810888,Pericytes,OPCs,0.020653729527517827,0.0
Sdc2,Sdc2,0.3717948717948718,0.05196056323109566,8.49027,Ptprj,Ptprj,0.6790123456790124,0.20281564524571216,Pericytes,Microglia,0.02064176729142373,0.0
Vtn,Vtn,0.6217948717948718,0.2921541946454558,8.49027,Cd47,Cd47,0.32019704433497537,0.0360192636563772,Pericytes,OPCs,0.020612539055680126,0.0
App,App,0.5727106997616043,0.1912491237039715,8.49027,Lrp1,Lrp1,0.5218866644044792,0.05486633786237893,Oligodendrocytes,Neurons,0.020554907078320084,0.0
App,App,0.8177807940278249,0.2096492676470556,8.49027,Rpsa,Rpsa,0.3374485596707819,0.04990351794189518,Neurons,Microglia,0.020495612117611407,0.0
Edil3,Edil3,0.7142857142857143,0.18023484378583188,8.49027,Itgav,Itgav,0.4074074074074074,0.057837314851942434,OPCs,Microglia,0.020422811804680478,0.0
Tgfa,Tgfa,0.33004926108374383,0.03690540355465499,8.49027,Erbb4,Erbb4,0.7216494845360825,0.28202234612683763,OPCs,Astrocytes,0.020391814915036704,0.0
Fgf14,Fgf14,0.6675257731958762,0.21715183266954052,8.49027,Fgfr2,Fgfr2,0.3333333333333333,0.04783757436178393,Astrocytes,Pericytes,0.02035317561988207,0.22
Psap,Psap,0.6666666666666666,0.1893218276063502,8.49027,Lrp1,Lrp1,0.5218866644044792,0.05486633786237893,Microglia,Neurons,0.020351982538447166,0.0
Gnas,Gnas,0.8890397013912453,0.24492372329315737,8.49027,Adcy8,Adcy8,0.3711340206185567,0.04234490158456372,Neurons,Astrocytes,0.020321032057886913,0.0
Ncam1,Ncam1,0.8275862068965517,0.2684227441308553,8.49027,Gfra1,Gfra1,0.3793103448275862,0.03860562825587688,OPCs,OPCs,0.02030444255339518,0.0
Ptn,Ptn,0.8669950738916257,0.27545202362701793,8.49027,Ptprs,Ptprs,0.327319587628866,0.03760428532678295,OPCs,Astrocytes,0.02029589603431543,0.0
Cntn4,Cntn4,0.6070580251102816,0.1523873001386038,8.49027,Ptprg,Ptprg,0.4551282051282051,0.06734281846513812,Neurons,Pericytes,0.020111602397586345,0.0
Ncam1,Ncam1,0.7502544960977265,0.17369001611803242,8.49027,Robo1,Robo1,0.33894264479035197,0.05884100520985158,Neurons,Oligodendrocytes,0.020030757785872655,1.0
Lama2,Lama2,0.5335051546391752,0.14358747136163275,8.49027,Itga1,Itga1,0.4358974358974359,0.07114849638667597,Astrocytes,Pericytes,0.020022955048151818,0.0
Ncam1,Ncam1,0.7139175257731959,0.21342884216016822,8.49027,Fgfr2,Fgfr2,0.3333333333333333,0.04783757436178393,Astrocytes,Pericytes,0.02001121057319304,0.72
Spon1,Spon1,0.4484536082474227,0.0486828795291987,8.49027,App,App,0.8177807940278249,0.2096492676470556,Astrocytes,Neurons,0.02000431872227309,0.0
Bcan,Bcan,0.46798029556650245,0.04362509448568819,8.49027,Nrcam,Nrcam,0.7635467980295566,0.23204312426380924,OPCs,OPCs,0.019844047692918684,0.0
Apoe,Apoe,0.8582474226804123,0.39041901806253865,8.49027,Sorl1,Sorl1,0.4482524601289447,0.025846978811637,Astrocytes,Neurons,0.019783036906688194,0.0
Il1rapl1,Il1rapl1,0.6935866983372921,0.2682423317214111,8.49027,Ptprs,Ptprs,0.327319587628866,0.03760428532678295,Neurons,Astrocytes,0.01977517554643133,0.0
App,App,0.8177807940278249,0.2096492676470556,8.49027,Notch2,Notch2,0.3004115226337449,0.04775724139878146,Neurons,Microglia,0.01963143096668704,0.0
Cntn4,Cntn4,0.6070580251102816,0.1523873001386038,8.49027,Aplp1,Aplp1,0.5541228367831693,0.06553717797555847,Neurons,Neurons,0.019582916725737885,0.0
Cntn1,Cntn1,0.6804123711340206,0.20883643597620427,8.49027,Notch2,Notch2,0.3004115226337449,0.04775724139878146,Astrocytes,Microglia,0.01955680642783585,0.0
Vcl,Vcl,0.4639175257731959,0.05086912466775839,8.49027,Itgb5,Itgb5,0.6255144032921811,0.19602203356190184,Astrocytes,Microglia,0.01955299436123486,0.0
App,App,0.5727106997616043,0.1912491237039715,8.49027,Rpsa,Rpsa,0.35436825129715327,0.05204162104501453,Oligodendrocytes,Oligodendrocytes,0.019517320402598057,0.0
Il18,Il18,0.30927835051546393,0.03697795621714317,8.49027,Il1rapl1,Il1rapl1,0.6935866983372921,0.2682423317214111,Astrocytes,Neurons,0.019452211357412468,0.0
Ncam1,Ncam1,0.8275862068965517,0.2684227441308553,8.49027,Ptpra,Ptpra,0.28172766792876175,0.036940884392732354,OPCs,Oligodendrocytes,0.019445904742470987,0.0
Vtn,Vtn,0.6217948717948718,0.2921541946454558,8.49027,Itgb8,Itgav_Itgb8,0.31527093596059114,0.033608434079646976,Pericytes,OPCs,0.01925947831918889,0.0
Ncam1,Ncam1,0.5330248212031973,0.17965692523993804,8.49027,Ptpra,Ptpra,0.4074074074074074,0.054624077065843935,Oligodendrocytes,Microglia,0.01924937634150587,0.0
App,App,0.5727106997616043,0.1912491237039715,8.49027,Lrp1,Lrp1,0.4742268041237113,0.05117955567463084,Oligodendrocytes,Astrocytes,0.01920022500916937,0.0
App,App,0.5517241379310345,0.11841058036538166,8.49027,Aplp2,Aplp2,0.6331862911435358,0.08252132126573697,OPCs,Neurons,0.01916819498049301,0.0
Apoe,Apoe,0.388865516757818,0.06760146387603161,8.49027,Lrp1,Lrp1,0.6896551724137931,0.14452961608495252,Oligodendrocytes,OPCs,0.0191663018482901,0.0
Adam17,Adam17,0.26337448559670784,0.034580910215889826,8.49027,Erbb4,Erbb4,0.7216494845360825,0.28202234612683763,Microglia,Astrocytes,0.0191320056680566,0.0
Gnas,Gnas,0.5833333333333334,0.1670952097162841,8.49027,Adcy9,Adcy9,0.513403461146929,0.058345458160469654,Pericytes,Neurons,0.019125573275425908,0.0
Apoe,Apoe,0.8374384236453202,0.2405724520174406,8.49027,Sdc2,Sdc2,0.3427835051546392,0.04035273484009849,OPCs,Astrocytes,0.01904573011661138,0.0
Ptn,Ptn,0.40316926097321554,0.06133538219136003,8.49027,Cdh10,Cdh10,0.6847290640394089,0.15806744252995308,Oligodendrocytes,OPCs,0.019021423761018993,0.0
Psap,Psap,0.6666666666666666,0.1893218276063502,8.49027,Lrp1,Lrp1,0.4742268041237113,0.05117955567463084,Microglia,Astrocytes,0.01901041474085462,0.0
Ncam1,Ncam1,0.8275862068965517,0.2684227441308553,8.49027,Ptpra,Ptpra,0.3076923076923077,0.03590203525520386,OPCs,Pericytes,0.018909389001294744,0.0
Fgf14,Fgf14,0.6675257731958762,0.21715183266954052,8.49027,Fgfr2,Fgfr2,0.46798029556650245,0.04434428173645366,Astrocytes,OPCs,0.01889498771656154,0.27
Vegfa,Vegfa,0.2955665024630542,0.0368593044404415,8.49027,Itga9,Itga9,0.7783251231527094,0.26057660679434447,OPCs,OPCs,0.018847300659844284,0.0
App,App,0.5064102564102564,0.11599158612409188,8.49027,Aplp2,Aplp2,0.6331862911435358,0.08252132126573697,Pericytes,Neurons,0.018783965945934962,0.0
Lama2,Lama2,0.5897435897435898,0.1839208897145983,8.49027,Rpsa,Rpsa,0.35436825129715327,0.05204162104501453,Pericytes,Oligodendrocytes,0.01878350824186047,0.0
App,App,0.5727106997616043,0.1912491237039715,8.49027,Rpsa,Rpsa,0.3374485596707819,0.04990351794189518,Oligodendrocytes,Microglia,0.01873048058614162,0.01
App,App,0.8177807940278249,0.2096492676470556,8.49027,Rpsa,Rpsa,0.3141025641025641,0.04542483174026224,Neurons,Pericytes,0.01869057417108601,0.04
Agt,Agt,0.4793814432989691,0.05355462447691284,8.49027,Grm7,Grm7,0.6847290640394089,0.17777367480478157,Astrocytes,OPCs,0.01868541203492008,0.0
Cntn4,Cntn4,0.7980295566502463,0.2752337592570071,8.49027,Aplp1,Aplp1,0.28350515463917525,0.034590880864936,OPCs,Astrocytes,0.018685365389050586,0.0
Apoe,Apoe,0.8374384236453202,0.2405724520174406,8.49027,Sorl1,Sorl1,0.34536082474226804,0.039568285558095995,OPCs,Astrocytes,0.01868240191489999,0.0
Cntn3,Cntn3,0.502544960977265,0.07052728335553815,8.49027,Ptprg,Ptprg,0.5360824742268041,0.13495208545781456,Neurons,Astrocytes,0.018680022359051994,0.0
Gnas,Gnas,0.8890397013912453,0.24492372329315737,8.49027,Adcy8,Adcy8,0.3448275862068966,0.03875941599606736,Neurons,OPCs,0.018632441674894026,0.0
Ncam1,Ncam1,0.7502544960977265,0.17369001611803242,8.49027,Ptpra,Ptpra,0.4074074074074074,0.054624077065843935,Neurons,Microglia,0.018621956192432974,0.0
Ncam1,Ncam1,0.7139175257731959,0.21342884216016822,8.49027,Fgfr2,Fgfr2,0.46798029556650245,0.04434428173645366,Astrocytes,OPCs,0.01857705790689308,0.74
Fgf13,Fgf13,0.5408890397013912,0.08403445545161414,8.49027,Scn8a,Scn8a,0.665422463522226,0.11230505579132322,Neurons,Neurons,0.018525323155809608,0.0
Apoe,Apoe,0.8374384236453202,0.2405724520174406,8.49027,Lrp6,Lrp6,0.4088669950738916,0.038993602515021486,OPCs,OPCs,0.01841605890398546,0.0
Il1rapl1,Il1rapl1,0.41438788388725284,0.07057209248083263,8.49027,Ptprs,Ptprs,0.5960591133004927,0.1327099197383872,Oligodendrocytes,OPCs,0.018386825536137397,0.0
Cntn2,Cntn2,0.286916281026504,0.04029360596025944,8.49027,Nrcam,Nrcam,0.7635467980295566,0.23204312426380924,Oligodendrocytes,OPCs,0.018356448200590104,0.0
Spon1,Spon1,0.4484536082474227,0.0486828795291987,8.49027,App,App,0.5727106997616043,0.1912491237039715,Astrocytes,Oligodendrocytes,0.018280708895972265,0.0
Ncam1,Ncam1,0.8275862068965517,0.2684227441308553,8.49027,Fgfr2,Fgfr2,0.25925925925925924,0.034580910215889826,OPCs,Microglia,0.018226242622982614,0.81
Fgf12,Fgf12,0.7567017305734646,0.26743388074762353,8.49027,Fgfr2,Fgfr2,0.25925925925925924,0.034580910215889826,Neurons,Microglia,0.01816031692873582,0.0
App,App,0.29218106995884774,0.047175932024871914,8.49027,Dcc,Dcc,0.6386155412283678,0.1948195146670284,Microglia,Neurons,0.018049800432727282,0.99
Ncam1,Ncam1,0.7139175257731959,0.21342884216016822,8.49027,Ptpra,Ptpra,0.37371134020618557,0.04306248380830002,Astrocytes,Astrocytes,0.018049769343559466,0.0
Lama2,Lama2,0.5897435897435898,0.1839208897145983,8.49027,Rpsa,Rpsa,0.3374485596707819,0.04990351794189518,Pericytes,Microglia,0.0180257081462839,0.0
Cntn1,Cntn1,0.7570410587037666,0.19161842734798618,8.49027,Notch2,Notch2,0.3004115226337449,0.04775724139878146,Neurons,Microglia,0.017973380158199843,0.0
App,App,0.5517241379310345,0.11841058036538166,8.49027,Grm7,Grm7,0.37498247090169684,0.07721478774672663,OPCs,Oligodendrocytes,0.017957719090636853,1.0
App,App,0.5727106997616043,0.1912491237039715,8.49027,Notch2,Notch2,0.3004115226337449,0.04775724139878146,Oligodendrocytes,Microglia,0.017939361718812316,0.0
Adam10,Adam10,0.43209876543209874,0.058828840702099594,8.49027,Cadm1,Cadm1,0.6973193077706142,0.1548631662178961,Microglia,Neurons,0.017894783073704887,0.0
Ptn,Ptn,0.41494845360824745,0.049143312553678875,8.49027,Cdh10,Cdh10,0.615979381443299,0.1851830341789218,Astrocytes,Astrocytes,0.017875660287399057,0.0
Nlgn2,Nlgn2,0.34068544282321006,0.01794215575474567,8.49027,Nrxn1,Nrxn1,0.8768472906403941,0.5043964435698678,Neurons,OPCs,0.01777813627688536,0.0
Nrxn1,Nrxn1,0.8768472906403941,0.5043964435698678,8.49027,Nlgn2,Nlgn2,0.34068544282321006,0.01794215575474567,OPCs,Neurons,0.01777813627688536,0.0
Ncam1,Ncam1,0.7139175257731959,0.21342884216016822,8.49027,Robo1,Robo1,0.30927835051546393,0.04231498349462082,Astrocytes,Astrocytes,0.017742011217133268,0.99
App,App,0.8177807940278249,0.2096492676470556,8.49027,Dcc,Dcc,0.2755574253260412,0.04299481292020402,Neurons,Oligodendrocytes,0.017708420659026884,1.0
Fgf13,Fgf13,0.36213991769547327,0.06041659767553975,8.49027,Fgfr3,Fgfr3,0.5876288659793815,0.14916771946821505,Microglia,Astrocytes,0.01770528483483404,0.0
Vcan,Vcan,0.8571428571428571,0.35736201826648895,8.49027,Itgb1,Itgb1,0.27564102564102566,0.025161917033040437,OPCs,Pericytes,0.017666122420994378,0.0
App,App,0.8177807940278249,0.2096492676470556,8.49027,Aplp2,Aplp2,0.30128205128205127,0.04284033981855384,Neurons,Pericytes,0.017645919987086377,0.0
Rims2,Rims2,0.7539871055310485,0.2662043124524509,8.49027,Abca1,Abca1,0.27319587628865977,0.033736094717738196,Neurons,Astrocytes,0.017644468654336457,0.0
App,App,0.5064102564102564,0.11599158612409188,8.49027,Grm7,Grm7,0.37498247090169684,0.07721478774672663,Pericytes,Oligodendrocytes,0.017597318878877326,1.0
Vegfa,Vegfa,0.36597938144329895,0.04257731020042266,8.49027,Sirpa,Sirpa,0.6748971193415638,0.2102797668433234,Astrocytes,Microglia,0.01759129876093003,0.0
Itgav,Itgav,0.5320197044334976,0.10911949221648332,8.49027,Thy1,Thy1,0.6084153376314897,0.08201140531937545,OPCs,Neurons,0.017583377018141354,0.0
Slit2,Slit2,0.39124533423820834,0.042679525587700384,8.49027,App,App,0.8177807940278249,0.2096492676470556,Neurons,Neurons,0.017580845208660607,0.0
Cntn3,Cntn3,0.502544960977265,0.07052728335553815,8.49027,Ptprg,Ptprg,0.6576179165252799,0.12594050719364547,Neurons,Neurons,0.017454415003216445,0.0
Adam10,Adam10,0.33004926108374383,0.038064970206242554,8.49027,Nrcam,Nrcam,0.7635467980295566,0.23204312426380924,OPCs,OPCs,0.01735877894251818,0.0
App,App,0.29218106995884774,0.047175932024871914,8.49027,Aplp1,Aplp1,0.5556022998176974,0.18719070974935015,Microglia,Oligodendrocytes,0.01735526727011531,1.0
Lama2,Lama2,0.5335051546391752,0.14358747136163275,8.49027,Rpsa,Rpsa,0.5391923990498813,0.06098666045217982,Astrocytes,Neurons,0.01721238573993897,0.0
Ntn1,Ntn1,0.5369458128078818,0.1135570277715996,8.49027,Unc5c,Unc5c,0.4442574673958772,0.07688573351207229,OPCs,Oligodendrocytes,0.01716214822372824,0.0
Ncam1,Ncam1,0.7139175257731959,0.21342884216016822,8.49027,Ptpra,Ptpra,0.43349753694581283,0.04080321125622821,Astrocytes,OPCs,0.017118999837367234,0.0
Gnas,Gnas,0.5390946502057613,0.14921448902564904,8.49027,Adcy9,Adcy9,0.513403461146929,0.058345458160469654,Microglia,Neurons,0.0171139871289751,0.0
Sorbs1,Sorbs1,0.4236453201970443,0.044387628874306584,8.49027,Itgb5,Itgb5,0.6255144032921811,0.19602203356190184,OPCs,Microglia,0.0171042598227565,0.0
Apoe,Apoe,0.8582474226804123,0.39041901806253865,8.49027,Lrp8,Lrp8,0.41839158466236853,0.02227197548003701,Astrocytes,Neurons,0.017093535246071528,0.0
App,App,0.5727106997616043,0.1912491237039715,8.49027,Rpsa,Rpsa,0.3141025641025641,0.04542483174026224,Oligodendrocytes,Pericytes,0.017078186431571676,0.16
Vtn,Vtn,0.6217948717948718,0.2921541946454558,8.49027,Itgav,Itgav_Itgb8,0.25773195876288657,0.029662390884252543,Pericytes,Astrocytes,0.01703670396233141,0.0
Alcam,Alcam,0.5103092783505154,0.11459767499572338,8.49027,Chl1,Chl1,0.5212080081438751,0.07541488814660835,Astrocytes,Neurons,0.016991055675057303,0.0
Ptn,Ptn,0.75,0.28153483474312335,8.49027,Sdc2,Sdc2,0.2660098522167488,0.030683516714840264,Pericytes,OPCs,0.016983533821311996,0.0
Nrxn1,Nrxn1,0.7680412371134021,0.48008748870989715,8.49027,Nlgn2,Nlgn2,0.34068544282321006,0.01794215575474567,Astrocytes,Neurons,0.01693584488300264,0.0
Nlgn2,Nlgn2,0.34068544282321006,0.01794215575474567,8.49027,Nrxn1,Nrxn1,0.7680412371134021,0.48008748870989715,Neurons,Astrocytes,0.01693584488300264,0.0
Gnas,Gnas,0.8890397013912453,0.24492372329315737,8.49027,Adcy9,Adcy9,0.28846153846153844,0.035158654130630684,Neurons,Pericytes,0.01693078852916872,0.0
Apoe,Apoe,0.8582474226804123,0.39041901806253865,8.49027,Lrp6,Lrp6,0.4034611469290804,0.02205257293612961,Astrocytes,Neurons,0.016927996317844606,0.0
Ncam1,Ncam1,0.5330248212031973,0.17965692523993804,8.49027,Fgfr2,Fgfr2,0.3333333333333333,0.04783757436178393,Oligodendrocytes,Pericytes,0.016898244141085258,0.98
Fstl5,Fstl5,0.5629453681710214,0.11294333704319226,8.49027,Chl1,Chl1,0.5212080081438751,0.07541488814660835,Neurons,Neurons,0.016749880391731458,0.0
App,App,0.8177807940278249,0.2096492676470556,8.49027,Rpsa,Rpsa,0.4039408866995074,0.04046159059890697,Neurons,OPCs,0.016682459643702824,0.25
Ptn,Ptn,0.8669950738916257,0.27545202362701793,8.49027,Sdc2,Sdc2,0.2660098522167488,0.030683516714840264,OPCs,OPCs,0.016622689033378747,0.0
Slit2,Slit2,0.39124533423820834,0.042679525587700384,8.49027,Robo1,Robo1,0.6450627757041059,0.19763199589561875,Neurons,Neurons,0.016589814790555487,0.0
Cntn2,Cntn2,0.286916281026504,0.04029360596025944,8.49027,Cntn1,Cntn1,0.6804123711340206,0.20883643597620427,Oligodendrocytes,Astrocytes,0.016551000299816987,0.0
App,App,0.29218106995884774,0.047175932024871914,8.49027,Grm7,Grm7,0.6847290640394089,0.17777367480478157,Microglia,OPCs,0.016496575949014537,1.0
Fgf14,Fgf14,0.7716321683067526,0.40693580802033535,8.49027,Fgfr1,Fgfr1,0.3712249745503902,0.02053566882345237,Neurons,Neurons,0.01643865223489703,0.0
Lama2,Lama2,0.5897435897435898,0.1839208897145983,8.49027,Rpsa,Rpsa,0.3141025641025641,0.04542483174026224,Pericytes,Pericytes,0.016434543666889123,0.0
Sema3d,Sema3d,0.7093596059113301,0.17089539070544868,8.49027,Nrp1,Nrp1_Plxna4,0.2880658436213992,0.0488521067694172,OPCs,Microglia,0.016422981936464867,0.0
App,App,0.8177807940278249,0.2096492676470556,8.49027,Aplp2,Aplp2,0.39408866995073893,0.03979491555012382,Neurons,OPCs,0.01641209835305004,0.0
Slit2,Slit2,0.39124533423820834,0.042679525587700384,8.49027,Dcc,Dcc,0.6386155412283678,0.1948195146670284,Neurons,Neurons,0.01635758862075252,0.0
Ncam1,Ncam1,0.7502544960977265,0.17369001611803242,8.49027,Fgfr2,Fgfr2,0.3333333333333333,0.04783757436178393,Neurons,Pericytes,0.016346180273093043,1.0
Fgf13,Fgf13,0.5408890397013912,0.08403445545161414,8.49027,Fgfr2,Fgfr2,0.652867322701052,0.0984659388323621,Neurons,Neurons,0.016279650143144097,0.0
Lama2,Lama2,0.5897435897435898,0.1839208897145983,8.49027,Itgb1,Itga6_Itgb1,0.2962962962962963,0.044881685854855524,Pericytes,Microglia,0.0162412269394252,0.0
Fgf12,Fgf12,0.8029556650246306,0.2383535131189034,8.49027,Fgfr2,Fgfr2,0.25925925925925924,0.034580910215889826,OPCs,Microglia,0.016217616074723107,0.03
Ncam1,Ncam1,0.7139175257731959,0.21342884216016822,8.49027,Gfra1,Gfra1,0.3793103448275862,0.03860562825587688,Astrocytes,OPCs,0.016211950577091534,0.0
Gnas,Gnas,0.5850515463917526,0.14114899038977446,8.49027,Adcy9,Adcy9,0.513403461146929,0.058345458160469654,Astrocytes,Neurons,0.016203913526007405,0.0
App,App,0.5727106997616043,0.1912491237039715,8.49027,Dcc,Dcc,0.2755574253260412,0.04299481292020402,Oligodendrocytes,Oligodendrocytes,0.016179363823080262,1.0
Vcl,Vcl,0.2948717948717949,0.04192330336935035,8.49027,Itgb5,Itgb5,0.6255144032921811,0.19602203356190184,Pericytes,Microglia,0.016170015504590896,0.0
Spon1,Spon1,0.729064039408867,0.17417848446291417,8.49027,App,App,0.29218106995884774,0.047175932024871914,OPCs,Microglia,0.016168352928534642,0.0
Bcan,Bcan,0.46798029556650245,0.04362509448568819,8.49027,Nrcam,Nrcam,0.6597938144329897,0.1882137973283926,OPCs,Astrocytes,0.016156374421600707,0.0
App,App,0.5727106997616043,0.1912491237039715,8.49027,Aplp2,Aplp2,0.30128205128205127,0.04284033981855384,Oligodendrocytes,Pericytes,0.01612217127864392,0.01
Sdc2,Sdc2,0.3427835051546392,0.04035273484009849,8.49027,Ptprj,Ptprj,0.6790123456790124,0.20281564524571216,Astrocytes,Microglia,0.016104724433236555,0.0
App,App,0.8177807940278249,0.2096492676470556,8.49027,Lrp6,Lrp6,0.4088669950738916,0.038993602515021486,Neurons,OPCs,0.016086939594730246,0.0
Slit2,Slit2,0.39124533423820834,0.042679525587700384,8.49027,App,App,0.5727106997616043,0.1912491237039715,Neurons,Oligodendrocytes,0.016062623912118327,0.0
Il1rapl1,Il1rapl1,0.41438788388725284,0.07057209248083263,8.49027,Ptprs,Ptprs,0.7047845266372582,0.11562943445945817,Oligodendrocytes,Neurons,0.016058343339864705,0.0
Ptn,Ptn,0.40316926097321554,0.06133538219136003,8.49027,Ptprs,Ptprs,0.5960591133004927,0.1327099197383872,Oligodendrocytes,OPCs,0.0160188464456389,0.0
Edil3,Edil3,0.6240244316253818,0.14066036364829415,8.49027,Itgav,Itgav,0.4074074074074074,0.057837314851942434,Neurons,Microglia,0.016010333969055386,0.0
Apoe,Apoe,0.8374384236453202,0.2405724520174406,8.49027,Abca1,Abca1,0.27319587628865977,0.033736094717738196,OPCs,Astrocytes,0.015972682274545374,0.0
Il1rapl1,Il1rapl1,0.654639175257732,0.2154718757125864,8.49027,Ptprs,Ptprs,0.327319587628866,0.03760428532678295,Astrocytes,Astrocytes,0.015946906871534706,0.0
Nxph1,Nxph1,0.5242619613165932,0.11547830918619306,8.49027,Nrxn2,Nrxn2,0.5687139463861555,0.07009189015678263,Neurons,Neurons,0.015930303215628078,0.0
Il18,Il18,0.30927835051546393,0.03697795621714317,8.49027,Il1rapl1,Il1rapl1,0.654639175257732,0.2154718757125864,Astrocytes,Astrocytes,0.015685464717073345,0.0
Ncam1,Ncam1,0.5330248212031973,0.17965692523993804,8.49027,Fgfr2,Fgfr2,0.46798029556650245,0.04434428173645366,Oligodendrocytes,OPCs,0.015683619437920363,1.0
Cntn4,Cntn4,0.7980295566502463,0.2752337592570071,8.49027,Aplp1,Aplp1,0.26108374384236455,0.028880696650012805,OPCs,OPCs,0.015649097853323093,0.0
Ncam1,Ncam1,0.7139175257731959,0.21342884216016822,8.49027,Ptpra,Ptpra,0.28172766792876175,0.036940884392732354,Astrocytes,Oligodendrocytes,0.015523714668159655,0.0
Il18,Il18,0.27586206896551724,0.02933365826928447,8.49027,Il1rapl1,Il1rapl1,0.6935866983372921,0.2682423317214111,OPCs,Neurons,0.015493239774548176,0.0
Gnas,Gnas,0.5911330049261084,0.13375737669993382,8.49027,Adcy9,Adcy9,0.513403461146929,0.058345458160469654,OPCs,Neurons,0.015368396752725859,0.0
Gnas,Gnas,0.8890397013912453,0.24492372329315737,8.49027,Adcy9,Adcy9,0.29064039408866993,0.0317211574749936,Neurons,OPCs,0.015300776448741614,0.0
Ptn,Ptn,0.41494845360824745,0.049143312553678875,8.49027,Cdh10,Cdh10,0.6847290640394089,0.15806744252995308,Astrocytes,OPCs,0.015298243251689572,0.0
App,App,0.5517241379310345,0.11841058036538166,8.49027,Aplp1,Aplp1,0.5541228367831693,0.06553717797555847,OPCs,Neurons,0.015283383422727108,1.0
Vegfa,Vegfa,0.2955665024630542,0.0368593044404415,8.49027,Sirpa,Sirpa,0.6748971193415638,0.2102797668433234,OPCs,Microglia,0.015264902514399886,0.0
App,App,0.5727106997616043,0.1912491237039715,8.49027,Rpsa,Rpsa,0.4039408866995074,0.04046159059890697,Oligodendrocytes,OPCs,0.015240616284136652,0.51
Ncam1,Ncam1,0.5330248212031973,0.17965692523993804,8.49027,Ptpra,Ptpra,0.37371134020618557,0.04306248380830002,Oligodendrocytes,Astrocytes,0.015237182749284015,0.0
Cntn2,Cntn2,0.286916281026504,0.04029360596025944,8.49027,Cntn1,Cntn1,0.7570410587037666,0.19161842734798618,Oligodendrocytes,Neurons,0.015207165836605968,0.0
Dscam,Dscam,0.6610111978283,0.179574162359033,8.49027,Dcc,Dcc,0.2755574253260412,0.04299481292020402,Neurons,Oligodendrocytes,0.015206700536931936,0.0
Ncam1,Ncam1,0.7502544960977265,0.17369001611803242,8.49027,Fgfr2,Fgfr2,0.46798029556650245,0.04434428173645366,Neurons,OPCs,0.015170624888759573,1.0
Lgi1,Lgi1,0.6288659793814433,0.18412368650318967,8.49027,Adam23,Adam23,0.3645320197044335,0.04171960183342871,Astrocytes,OPCs,0.015130679130399442,0.0
Slit2,Slit2,0.39124533423820834,0.042679525587700384,8.49027,Robo2,Robo2,0.7064811672887682,0.17960444462952108,Neurons,Neurons,0.015099378448182755,0.0
Ncam1,Ncam1,0.7139175257731959,0.21342884216016822,8.49027,Ptpra,Ptpra,0.3076923076923077,0.03590203525520386,Astrocytes,Pericytes,0.015093747057702486,0.01
Cntn6,Cntn6,0.5873769935527655,0.11353031008273673,8.49027,Ptprg,Ptprg,0.4551282051282051,0.06734281846513812,Neurons,Pericytes,0.015060611783667733,0.0
App,App,0.5727106997616043,0.1912491237039715,8.49027,Aplp2,Aplp2,0.39408866995073893,0.03979491555012382,Oligodendrocytes,OPCs,0.014993265678245053,0.0
Ncam1,Ncam1,0.5330248212031973,0.17965692523993804,8.49027,Robo1,Robo1,0.30927835051546393,0.04231498349462082,Oligodendrocytes,Astrocytes,0.01497664929024716,1.0
App,App,0.5064102564102564,0.11599158612409188,8.49027,Aplp1,Aplp1,0.5541228367831693,0.06553717797555847,Pericytes,Neurons,0.014975836973377047,1.0
Cntn2,Cntn2,0.286916281026504,0.04029360596025944,8.49027,Nrcam,Nrcam,0.6597938144329897,0.1882137973283926,Oligodendrocytes,Astrocytes,0.0149410055990545,0.0
Cd47,Cd47,0.32019704433497537,0.0360192636563772,8.49027,Sirpa,Sirpa,0.6748971193415638,0.2102797668433234,OPCs,Microglia,0.014922199595720336,0.0
Sirpa,Sirpa,0.6748971193415638,0.2102797668433234,8.49027,Cd47,Cd47,0.32019704433497537,0.0360192636563772,Microglia,OPCs,0.014922199595720336,0.0
Adam10,Adam10,0.43209876543209874,0.058828840702099594,8.49027,Cadm1,Cadm1,0.5128865979381443,0.12864258292163755,Microglia,Astrocytes,0.01491011174542934,0.0
Adam10,Adam10,0.33004926108374383,0.038064970206242554,8.49027,Trem2,Trem2,0.6213991769547325,0.19802665177083778,OPCs,Microglia,0.014851854250752628,0.0
Ncam1,Ncam1,0.8275862068965517,0.2684227441308553,8.49027,Ptpra,Ptpra,0.4906684764166949,0.02802294791601867,OPCs,Neurons,0.014821025746603208,0.0
Fgf14,Fgf14,0.6675257731958762,0.21715183266954052,8.49027,Fgfr2,Fgfr2,0.25925925925925924,0.034580910215889826,Astrocytes,Microglia,0.014796394686687695,0.61
App,App,0.8177807940278249,0.2096492676470556,8.49027,Rpsa,Rpsa,0.28350515463917525,0.035761053507050944,Neurons,Astrocytes,0.014773042128560303,0.62
Ncam1,Ncam1,0.7502544960977265,0.17369001611803242,8.49027,Ptpra,Ptpra,0.37371134020618557,0.04306248380830002,Neurons,Astrocytes,0.014738572021707811,0.0
Lama2,Lama2,0.5335051546391752,0.14358747136163275,8.49027,Rpsa,Rpsa,0.35436825129715327,0.05204162104501453,Astrocytes,Oligodendrocytes,0.014724983928499172,0.0
Ptn,Ptn,0.34170342721411606,0.02052779989104636,8.49027,Ptprz1,Ptprz1,0.8571428571428571,0.36390258151173605,Neurons,OPCs,0.014720313744454845,0.0
App,App,0.5727106997616043,0.1912491237039715,8.49027,Lrp6,Lrp6,0.4088669950738916,0.038993602515021486,Oligodendrocytes,OPCs,0.014695797035326027,0.0
Lama2,Lama2,0.5897435897435898,0.1839208897145983,8.49027,Rpsa,Rpsa,0.4039408866995074,0.04046159059890697,Pericytes,OPCs,0.014665194596173275,0.0
Nlgn2,Nlgn2,0.34068544282321006,0.01794215575474567,8.49027,Nrxn1,Nrxn1,0.7875805904309467,0.41325534614377624,Neurons,Neurons,0.014612686441695649,0.0
Nrxn1,Nrxn1,0.7875805904309467,0.41325534614377624,8.49027,Nlgn2,Nlgn2,0.34068544282321006,0.01794215575474567,Neurons,Neurons,0.014612686441695649,0.0
Apoe,Apoe,0.8374384236453202,0.2405724520174406,8.49027,Sdc2,Sdc2,0.2660098522167488,0.030683516714840264,OPCs,OPCs,0.01454843597760671,0.0
Ncam1,Ncam1,0.7139175257731959,0.21342884216016822,8.49027,Fgfr2,Fgfr2,0.25925925925925924,0.034580910215889826,Astrocytes,Microglia,0.0145464059077165,1.0
Apoe,Apoe,0.5064102564102564,0.1292165735829045,8.49027,Lrp1,Lrp1,0.411522633744856,0.05689595816266979,Pericytes,Microglia,0.014490732671777445,0.0
Ncam1,Ncam1,0.7502544960977265,0.17369001611803242,8.49027,Robo1,Robo1,0.30927835051546393,0.04231498349462082,Neurons,Astrocytes,0.014486438658948605,1.0
Ncam1,Ncam1,0.5330248212031973,0.17965692523993804,8.49027,Ptpra,Ptpra,0.43349753694581283,0.04080321125622821,Oligodendrocytes,OPCs,0.014449315240975424,0.0
Apoe,Apoe,0.5064102564102564,0.1292165735829045,8.49027,Lrp1,Lrp1,0.4551282051282051,0.05665531204614227,Pericytes,Pericytes,0.014430327361745706,0.0
Adam10,Adam10,0.26804123711340205,0.03152876922964609,8.49027,Nrcam,Nrcam,0.7635467980295566,0.23204312426380924,Astrocytes,OPCs,0.014421058323111139,0.0
Psap,Psap,0.5489690721649485,0.12844396411756553,8.49027,Lrp1,Lrp1,0.411522633744856,0.05689595816266979,Astrocytes,Microglia,0.014405338055585354,0.0
Mdk,Mdk,0.2654639175257732,0.03304866225542413,8.49027,Ptprz1,Ptprz1,0.7164948453608248,0.22067333919537102,Astrocytes,Astrocytes,0.01437622685552023,0.0
Psap,Psap,0.5489690721649485,0.12844396411756553,8.49027,Lrp1,Lrp1,0.4551282051282051,0.05665531204614227,Astrocytes,Pericytes,0.014345283535484997,0.0
App,App,0.8177807940278249,0.2096492676470556,8.49027,Aplp1,Aplp1,0.28350515463917525,0.034590880864936,Neurons,Astrocytes,0.01429654987031513,1.0
App,App,0.5517241379310345,0.11841058036538166,8.49027,Rpsa,Rpsa,0.5391923990498813,0.06098666045217982,OPCs,Neurons,0.014237303317720721,0.87
Adam10,Adam10,0.33004926108374383,0.038064970206242554,8.49027,Cadm1,Cadm1,0.7438423645320197,0.18919698827055464,OPCs,OPCs,0.014199038800652783,0.0
Ntn1,Ntn1,0.5369458128078818,0.1135570277715996,8.49027,Unc5d,Unc5d,0.4855785544621649,0.06336760440807598,OPCs,Neurons,0.014187491874528824,0.0
Ntn1,Ntn1,0.5369458128078818,0.1135570277715996,8.49027,Neo1,Neo1,0.5293518832711231,0.0633426698875692,OPCs,Neurons,0.014181988410824752,0.0
Cntn3,Cntn3,0.28078817733990147,0.033044979205428815,8.49027,Ptprg,Ptprg,0.7684729064039408,0.21725167430169856,OPCs,OPCs,0.014154915658715083,0.0
Lama2,Lama2,0.5335051546391752,0.14358747136163275,8.49027,Rpsa,Rpsa,0.3374485596707819,0.04990351794189518,Astrocytes,Microglia,0.01412856290779789,0.0
Adam10,Adam10,0.33004926108374383,0.038064970206242554,8.49027,Nrcam,Nrcam,0.6597938144329897,0.1882137973283926,OPCs,Astrocytes,0.014126293678083447,0.0
Nlgn2,Nlgn2,0.32019704433497537,0.0352717879139155,8.49027,Nrxn2,Nrxn2,0.7536945812807881,0.20222219681281162,OPCs,OPCs,0.014064835292322738,0.0
Nrxn2,Nrxn2,0.7536945812807881,0.20222219681281162,8.49027,Nlgn2,Nlgn2,0.32019704433497537,0.0352717879139155,OPCs,OPCs,0.014064835292322738,0.0
Hsp90b1,Hsp90b1,0.30864197530864196,0.049169175515189956,8.49027,Lrp1,Lrp1,0.6896551724137931,0.14452961608495252,Microglia,OPCs,0.014013631126623583,0.0
Ptn,Ptn,0.40316926097321554,0.06133538219136003,8.49027,Ptprs,Ptprs,0.7047845266372582,0.11562943445945817,Oligodendrocytes,Neurons,0.013985969212357672,0.0
Apoe,Apoe,0.5064102564102564,0.1292165735829045,8.49027,Lrp1,Lrp1,0.5218866644044792,0.05486633786237893,Pericytes,Neurons,0.013981039291300465,0.0
Ncam1,Ncam1,0.7502544960977265,0.17369001611803242,8.49027,Ptpra,Ptpra,0.43349753694581283,0.04080321125622821,Neurons,OPCs,0.013976120226919481,0.06
Efna5,Efna5,0.5561588055649813,0.09536538289465502,8.49027,Epha10,Epha10,0.5415676959619953,0.07431289536780916,Neurons,Neurons,0.013975667744776665,0.0
Gnas,Gnas,0.5833333333333334,0.1670952097162841,8.49027,Adcy8,Adcy8,0.3711340206185567,0.04234490158456372,Pericytes,Astrocytes,0.013953796611657687,0.0
App,App,0.5064102564102564,0.11599158612409188,8.49027,Rpsa,Rpsa,0.5391923990498813,0.06098666045217982,Pericytes,Neurons,0.013950508845984682,0.89
Psap,Psap,0.5489690721649485,0.12844396411756553,8.49027,Lrp1,Lrp1,0.5218866644044792,0.05486633786237893,Astrocytes,Neurons,0.013898605963462953,0.0
Adam10,Adam10,0.43209876543209874,0.058828840702099594,8.49027,Nrcam,Nrcam,0.66270783847981,0.11866098037771522,Microglia,Neurons,0.013769139690395005,0.0
Fgf13,Fgf13,0.5408890397013912,0.08403445545161414,8.49027,Fgfr2,Fgfr2,0.5,0.08306514373716856,Neurons,Astrocytes,0.013768451458903224,0.0
Fgf14,Fgf14,0.8571428571428571,0.33953198448739297,8.49027,Fgfr1,Fgfr1,0.3712249745503902,0.02053566882345237,OPCs,Neurons,0.01375324334753656,0.0
Sdc2,Sdc2,0.3717948717948718,0.05196056323109566,8.49027,Ptprj,Ptprj,0.5812807881773399,0.13369067813001623,Pericytes,OPCs,0.013702907458215308,0.0
Psap,Psap,0.32051282051282054,0.039277326363552856,8.49027,Gpr37l1,Gpr37l1,0.6649484536082474,0.17671965908324805,Pericytes,Astrocytes,0.01369207597696895,0.0
Ncam1,Ncam1,0.5330248212031973,0.17965692523993804,8.49027,Gfra1,Gfra1,0.3793103448275862,0.03860562825587688,Oligodendrocytes,OPCs,0.01368175003777718,0.0
Vcan,Vcan,0.8571428571428571,0.35736201826648895,8.49027,Itgb1,Itgb1,0.35900916185951814,0.019341463775530476,OPCs,Neurons,0.013635317042802565,0.0
Psap,Psap,0.28705651381292946,0.03895458342162339,8.49027,Gpr37l1,Gpr37l1,0.6649484536082474,0.17671965908324805,Oligodendrocytes,Astrocytes,0.01358109577185605,0.0
Gnas,Gnas,0.48590660496424065,0.0772118848328871,8.49027,Adcy8,Adcy8,0.5564981336952833,0.08906501032086811,Oligodendrocytes,Neurons,0.013567155313734288,0.0
App,App,0.5727106997616043,0.1912491237039715,8.49027,Rpsa,Rpsa,0.28350515463917525,0.035761053507050944,Oligodendrocytes,Astrocytes,0.01349396258104631,0.86
App,App,0.29218106995884774,0.047175932024871914,8.49027,Lrp1,Lrp1,0.6896551724137931,0.14452961608495252,Microglia,OPCs,0.013453182499065505,0.0
Fgf13,Fgf13,0.36213991769547327,0.06041659767553975,8.49027,Scn8a,Scn8a,0.665422463522226,0.11230505579132322,Microglia,Neurons,0.013388494482093739,0.0
Ntrk3,Ntrk3,0.49226804123711343,0.05101124020209047,8.49027,Ptprs,Ptprs,0.5960591133004927,0.1327099197383872,Astrocytes,OPCs,0.013358528785618653,0.0
Fstl5,Fstl5,0.5629453681710214,0.11294333704319226,8.49027,Il6ra,Il6ra,0.4156378600823045,0.05978195471894843,Neurons,Microglia,0.013324020062141331,0.0
App,App,0.5517241379310345,0.11841058036538166,8.49027,Lrp1,Lrp1,0.411522633744856,0.05689595816266979,OPCs,Microglia,0.013295027434998394,0.0
Il1rapl1,Il1rapl1,0.8669950738916257,0.4069855822866528,8.49027,Ptprf,Ptprf,0.31218187987784185,0.01650977048748159,OPCs,Neurons,0.013260279152661064,0.0
Apoe,Apoe,0.5064102564102564,0.1292165735829045,8.49027,Sdc2,Sdc2,0.3717948717948718,0.05196056323109566,Pericytes,Pericytes,0.013250401100738987,0.0
App,App,0.5517241379310345,0.11841058036538166,8.49027,Lrp1,Lrp1,0.4551282051282051,0.05665531204614227,OPCs,Pericytes,0.013239539518387418,0.0
Cntn1,Cntn1,0.8768472906403941,0.33697376270737145,8.49027,Ptprz1,Ptprz1,0.3003053953172718,0.0199009337247954,OPCs,Neurons,0.013234679072637581,0.0
Ncam1,Ncam1,0.7502544960977265,0.17369001611803242,8.49027,Gfra1,Gfra1,0.3793103448275862,0.03860562825587688,Neurons,OPCs,0.013233354198795531,0.0
Lama2,Lama2,0.5897435897435898,0.1839208897145983,8.49027,Itgb1,Itga9_Itgb1,0.3251231527093596,0.03609275967810888,Pericytes,OPCs,0.013102470972057833,0.0
Ncam1,Ncam1,0.5330248212031973,0.17965692523993804,8.49027,Ptpra,Ptpra,0.28172766792876175,0.036940884392732354,Oligodendrocytes,Oligodendrocytes,0.013099496923320407,0.0
App,App,0.5727106997616043,0.1912491237039715,8.49027,Aplp1,Aplp1,0.28350515463917525,0.034590880864936,Oligodendrocytes,Astrocytes,0.013058179174319706,1.0
Apoe,Apoe,0.5064102564102564,0.1292165735829045,8.49027,Lrp1,Lrp1,0.4742268041237113,0.05117955567463084,Pericytes,Astrocytes,0.013053837149461395,0.0
App,App,0.5064102564102564,0.11599158612409188,8.49027,Lrp1,Lrp1,0.411522633744856,0.05689595816266979,Pericytes,Microglia,0.013026963214557555,0.0
Lama2,Lama2,0.5897435897435898,0.1839208897145983,8.49027,Rpsa,Rpsa,0.28350515463917525,0.035761053507050944,Pericytes,Astrocytes,0.012983617731138543,0.0
Psap,Psap,0.5489690721649485,0.12844396411756553,8.49027,Lrp1,Lrp1,0.4742268041237113,0.05117955567463084,Astrocytes,Astrocytes,0.012976798731512121,0.0
App,App,0.5064102564102564,0.11599158612409188,8.49027,Lrp1,Lrp1,0.4551282051282051,0.05665531204614227,Pericytes,Pericytes,0.012972579377412804,0.0
Serpine2,Serpine2,0.5103092783505154,0.11547981592835221,8.49027,Lrp1,Lrp1,0.411522633744856,0.05689595816266979,Astrocytes,Microglia,0.01297023201842575,0.0
Serpine2,Serpine2,0.5103092783505154,0.11547981592835221,8.49027,Lrp1,Lrp1,0.4551282051282051,0.05665531204614227,Astrocytes,Pericytes,0.01291608191838759,0.0
Adam12,Adam12,0.6354679802955665,0.1453647724619942,8.49027,Itgb1,Itgb1,0.2962962962962963,0.044881685854855524,OPCs,Microglia,0.012880363554685357,0.0
Lama2,Lama2,0.5335051546391752,0.14358747136163275,8.49027,Rpsa,Rpsa,0.3141025641025641,0.04542483174026224,Astrocytes,Pericytes,0.012876895974762676,0.0
Ptn,Ptn,0.41494845360824745,0.049143312553678875,8.49027,Ptprs,Ptprs,0.5960591133004927,0.1327099197383872,Astrocytes,OPCs,0.012875664975260914,0.0
Edil3,Edil3,0.5213854999298836,0.21926278282222977,8.49027,Itgav,Itgav,0.25773195876288657,0.029662390884252543,Oligodendrocytes,Astrocytes,0.012840688699522648,0.0
App,App,0.5517241379310345,0.11841058036538166,8.49027,Lrp1,Lrp1,0.5218866644044792,0.05486633786237893,OPCs,Neurons,0.012826844092963864,0.0
Gnas,Gnas,0.5833333333333334,0.1670952097162841,8.49027,Adcy8,Adcy8,0.3448275862068966,0.03875941599606736,Pericytes,OPCs,0.012787390098803557,0.0
Ncam1,Ncam1,0.5330248212031973,0.17965692523993804,8.49027,Ptpra,Ptpra,0.3076923076923077,0.03590203525520386,Oligodendrocytes,Pericytes,0.012735805383338012,0.24
Psap,Psap,0.5566502463054187,0.11329936696449328,8.49027,Lrp1,Lrp1,0.411522633744856,0.05689595816266979,OPCs,Microglia,0.012728449882264854,0.0
Lama2,Lama2,0.5335051546391752,0.14358747136163275,8.49027,Itgb1,Itga6_Itgb1,0.2962962962962963,0.044881685854855524,Astrocytes,Microglia,0.012724885840026998,0.0
Serpine2,Serpine2,0.2757201646090535,0.04457604623539657,8.49027,Lrp1,Lrp1,0.6896551724137931,0.14452961608495252,Microglia,OPCs,0.012721203493697746,0.0
Slit2,Slit2,0.39124533423820834,0.042679525587700384,8.49027,Robo2,Robo2,0.5747422680412371,0.1506504502826036,Neurons,Astrocytes,0.012696115330124151,0.0
Psap,Psap,0.5566502463054187,0.11329936696449328,8.49027,Lrp1,Lrp1,0.4551282051282051,0.05665531204614227,OPCs,Pericytes,0.012675296248170381,0.0
Ncam1,Ncam1,0.7502544960977265,0.17369001611803242,8.49027,Ptpra,Ptpra,0.28172766792876175,0.036940884392732354,Neurons,Oligodendrocytes,0.012669938303405634,0.0
Alcam,Alcam,0.5103092783505154,0.11459767499572338,8.49027,Chl1,Chl1,0.4742268041237113,0.05560789808422628,Astrocytes,Astrocytes,0.012584679027631085,0.0
Sptan1,Sptan1,0.6881574482524602,0.11665420341181276,8.49027,Ptpra,Ptpra,0.4074074074074074,0.054624077065843935,Neurons,Microglia,0.012583884148417587,0.0
App,App,0.5064102564102564,0.11599158612409188,8.49027,Lrp1,Lrp1,0.5218866644044792,0.05486633786237893,Pericytes,Neurons,0.012568099493198969,0.0
Adam10,Adam10,0.2692307692307692,0.02740543592451755,8.49027,Nrcam,Nrcam,0.7635467980295566,0.23204312426380924,Pericytes,OPCs,0.012558757565854332,0.0
Agt,Agt,0.4793814432989691,0.05355462447691284,8.49027,Grm7,Grm7,0.47435897435897434,0.11845025059604364,Astrocytes,Pericytes,0.012528171003657879,0.0
Serpine2,Serpine2,0.5103092783505154,0.11547981592835221,8.49027,Lrp1,Lrp1,0.5218866644044792,0.05486633786237893,Astrocytes,Neurons,0.012513341269736708,0.0
Il18,Il18,0.27586206896551724,0.02933365826928447,8.49027,Il1rapl1,Il1rapl1,0.654639175257732,0.2154718757125864,OPCs,Astrocytes,0.012483352719254779,0.0
Gnas,Gnas,0.5390946502057613,0.14921448902564904,8.49027,Adcy8,Adcy8,0.3711340206185567,0.04234490158456372,Microglia,Astrocytes,0.01247924614952621,0.0
Fstl5,Fstl5,0.5629453681710214,0.11294333704319226,8.49027,Chl1,Chl1,0.4742268041237113,0.05560789808422628,Neurons,Astrocytes,0.012405259653165118,0.0
Rims2,Rims2,0.7192118226600985,0.18527475853386832,8.49027,Abca1,Abca1,0.27319587628865977,0.033736094717738196,OPCs,Astrocytes,0.01234655068885415,0.0
Adam10,Adam10,0.26804123711340205,0.03152876922964609,8.49027,Trem2,Trem2,0.6213991769547325,0.19802665177083778,Astrocytes,Microglia,0.012333069271112032,0.0
Ntrk3,Ntrk3,0.7192118226600985,0.1658477219832024,8.49027,Ptprs,Ptprs,0.327319587628866,0.03760428532678295,OPCs,Astrocytes,0.012319506812285533,0.0
Ncam1,Ncam1,0.7502544960977265,0.17369001611803242,8.49027,Ptpra,Ptpra,0.3076923076923077,0.03590203525520386,Neurons,Pericytes,0.012318024077285807,0.33
Sdc2,Sdc2,0.2660098522167488,0.030683516714840264,8.49027,Ptprj,Ptprj,0.6790123456790124,0.20281564524571216,OPCs,Microglia,0.012293191035426322,0.0
Agrn,Agrn,0.3054187192118227,0.036506940895809636,8.49027,Atp1a3,Atp1a3,0.8106549032914828,0.17040456571754514,OPCs,Neurons,0.012289000319502785,0.0
Apoe,Apoe,0.8374384236453202,0.2405724520174406,8.49027,Sorl1,Sorl1,0.4482524601289447,0.025846978811637,OPCs,Neurons,0.012283384227701782,0.0
Psap,Psap,0.5566502463054187,0.11329936696449328,8.49027,Lrp1,Lrp1,0.5218866644044792,0.05486633786237893,OPCs,Neurons,0.012279970212972748,0.0
Ncam1,Ncam1,0.5330248212031973,0.17965692523993804,8.49027,Fgfr2,Fgfr2,0.25925925925925924,0.034580910215889826,Oligodendrocytes,Microglia,0.012272904258166833,1.0
Lama2,Lama2,0.5897435897435898,0.1839208897145983,8.49027,Itgb8,Itgav_Itgb8,0.31527093596059114,0.033608434079646976,Pericytes,OPCs,0.01221161900317062,0.0
Lrig1,Lrig1,0.5721649484536082,0.1479729124254643,8.49027,Egfr,Egfr,0.3582474226804124,0.04175933524722142,Astrocytes,Astrocytes,0.01220763287293566,0.0
Vegfa,Vegfa,0.36597938144329895,0.04257731020042266,8.49027,Grin2b,Grin2b,0.7132677298948082,0.14490455531321067,Astrocytes,Neurons,0.01218889012276845,0.0
Adam12,Adam12,0.6354679802955665,0.1453647724619942,8.49027,Sdc4,Sdc4,0.3634020618556701,0.04239928470925036,OPCs,Astrocytes,0.012176626821428527,0.0
App,App,0.5517241379310345,0.11841058036538166,8.49027,Rpsa,Rpsa,0.35436825129715327,0.05204162104501453,OPCs,Oligodendrocytes,0.012174511638313183,1.0
Sorbs1,Sorbs1,0.6029860875466576,0.08618647814945013,8.49027,Itga1,Itga1,0.4358974358974359,0.07114849638667597,Neurons,Pericytes,0.012115491343798518,0.0
Nrxn2,Nrxn2,0.7536945812807881,0.20222219681281162,8.49027,Nlgn3,Nlgn3,0.2857142857142857,0.030202463173612415,OPCs,OPCs,0.012067806035964147,0.0
Nlgn3,Nlgn3,0.2857142857142857,0.030202463173612415,8.49027,Nrxn2,Nrxn2,0.7536945812807881,0.20222219681281162,OPCs,OPCs,0.012067806035964147,0.0
Adam10,Adam10,0.46182558534102475,0.026315314115175514,8.49027,Nrcam,Nrcam,0.7635467980295566,0.23204312426380924,Neurons,OPCs,0.01206522790099967,0.0
Ptn,Ptn,0.75,0.28153483474312335,8.49027,Alk,Alk,0.3189684424838819,0.021535682274170576,Pericytes,Neurons,0.01198080913640426,0.0
App,App,0.5517241379310345,0.11841058036538166,8.49027,Lrp1,Lrp1,0.4742268041237113,0.05117955567463084,OPCs,Astrocytes,0.011975256856030415,0.0
App,App,0.8177807940278249,0.2096492676470556,8.49027,Aplp1,Aplp1,0.26108374384236455,0.028880696650012805,Neurons,OPCs,0.011964745121647071,1.0
App,App,0.5064102564102564,0.11599158612409188,8.49027,Rpsa,Rpsa,0.35436825129715327,0.05204162104501453,Pericytes,Oligodendrocytes,0.011928766955788428,1.0
Ncam1,Ncam1,0.7502544960977265,0.17369001611803242,8.49027,Fgfr2,Fgfr2,0.25925925925925924,0.034580910215889826,Neurons,Microglia,0.011870125241887968,1.0
Ncam1,Ncam1,0.7139175257731959,0.21342884216016822,8.49027,Ptpra,Ptpra,0.4906684764166949,0.02802294791601867,Astrocytes,Neurons,0.011820417064469724,0.14
Gnas,Gnas,0.5850515463917526,0.14114899038977446,8.49027,Adcy8,Adcy8,0.3711340206185567,0.04234490158456372,Astrocytes,Astrocytes,0.011812672936347166,0.0
Adam10,Adam10,0.26804123711340205,0.03152876922964609,8.49027,Cadm1,Cadm1,0.7438423645320197,0.18919698827055464,Astrocytes,OPCs,0.01178964243596314,0.0
Apoe,Apoe,0.8582474226804123,0.39041901806253865,8.49027,Sdc2,Sdc2,0.27994570749915165,0.015238467101833075,Astrocytes,Neurons,0.011758858714481086,0.0
Fgf13,Fgf13,0.36213991769547327,0.06041659767553975,8.49027,Fgfr2,Fgfr2,0.652867322701052,0.0984659388323621,Microglia,Neurons,0.011758057198419204,0.0
App,App,0.5064102564102564,0.11599158612409188,8.49027,Lrp1,Lrp1,0.4742268041237113,0.05117955567463084,Pericytes,Astrocytes,0.011733486393098149,0.0
Adam10,Adam10,0.26804123711340205,0.03152876922964609,8.49027,Nrcam,Nrcam,0.6597938144329897,0.1882137973283926,Astrocytes,Astrocytes,0.011729094367425426,0.0
Ptn,Ptn,0.8669950738916257,0.27545202362701793,8.49027,Alk,Alk,0.3189684424838819,0.021535682274170576,OPCs,Neurons,0.01172498815741099,0.0
Serpine2,Serpine2,0.5103092783505154,0.11547981592835221,8.49027,Lrp1,Lrp1,0.4742268041237113,0.05117955567463084,Astrocytes,Astrocytes,0.011682321491795976,0.0
App,App,0.5517241379310345,0.11841058036538166,8.49027,Rpsa,Rpsa,0.3374485596707819,0.04990351794189518,OPCs,Microglia,0.011680170348702867,0.96
Ntrk3,Ntrk3,0.49226804123711343,0.05101124020209047,8.49027,Ptprs,Ptprs,0.7047845266372582,0.11562943445945817,Astrocytes,Neurons,0.011659259736079675,0.0
Adam10,Adam10,0.33004926108374383,0.038064970206242554,8.49027,Cadm1,Cadm1,0.6973193077706142,0.1548631662178961,OPCs,Neurons,0.01165234568119483,0.0
Bcan,Bcan,0.5824742268041238,0.1411046568930474,8.49027,Egfr,Egfr,0.3582474226804124,0.04175933524722142,Astrocytes,Astrocytes,0.011647607762042296,0.0
Gnas,Gnas,0.5833333333333334,0.1670952097162841,8.49027,Adcy9,Adcy9,0.28846153846153844,0.035158654130630684,Pericytes,Pericytes,0.011613233530481604,0.0
Lama2,Lama2,0.5335051546391752,0.14358747136163275,8.49027,Rpsa,Rpsa,0.4039408866995074,0.04046159059890697,Astrocytes,OPCs,0.011486091689045469,0.0
Psap,Psap,0.5566502463054187,0.11329936696449328,8.49027,Lrp1,Lrp1,0.4742268041237113,0.05117955567463084,OPCs,Astrocytes,0.011464268842140411,0.0
Ptn,Ptn,0.40316926097321554,0.06133538219136003,8.49027,Cdh10,Cdh10,0.5629453681710214,0.09438292733393117,Oligodendrocytes,Neurons,0.011445509436713448,0.0
App,App,0.5064102564102564,0.11599158612409188,8.49027,Rpsa,Rpsa,0.3374485596707819,0.04990351794189518,Pericytes,Microglia,0.011444288430307332,0.96
Gnas,Gnas,0.5390946502057613,0.14921448902564904,8.49027,Adcy8,Adcy8,0.3448275862068966,0.03875941599606736,Microglia,OPCs,0.011434668858092535,0.0
Spon1,Spon1,0.4484536082474227,0.0486828795291987,8.49027,App,App,0.5517241379310345,0.11841058036538166,Astrocytes,OPCs,0.01139773005746587,0.0
Calr,Calr,0.3694581280788177,0.039838715500413624,8.49027,Lrp1,Lrp1,0.6896551724137931,0.14452961608495252,OPCs,OPCs,0.011384645795294556,0.0
Fgf13,Fgf13,0.5408890397013912,0.08403445545161414,8.49027,Fgfr2,Fgfr2,0.46038423783480575,0.0679029562249931,Neurons,Oligodendrocytes,0.011283603178862322,0.0
Nrg2,Nrg2,0.5609093993892094,0.07387920811358328,8.49027,Mog,Mog,0.4572991165334455,0.07708438829542708,Neurons,Oligodendrocytes,0.011261599013928068,0.0
Ptn,Ptn,0.41494845360824745,0.049143312553678875,8.49027,Ptprs,Ptprs,0.7047845266372582,0.11562943445945817,Astrocytes,Neurons,0.01123711896447524,0.0
Psap,Psap,0.32051282051282054,0.039277326363552856,8.49027,Lrp1,Lrp1,0.6896551724137931,0.14452961608495252,Pericytes,OPCs,0.011226019482261446,0.0
Gnas,Gnas,0.5911330049261084,0.13375737669993382,8.49027,Adcy8,Adcy8,0.3711340206185567,0.04234490158456372,OPCs,Astrocytes,0.011201002229853273,0.0
App,App,0.5517241379310345,0.11841058036538166,8.49027,Notch2,Notch2,0.3004115226337449,0.04775724139878146,OPCs,Microglia,0.011183441453460593,0.0
Spon1,Spon1,0.4484536082474227,0.0486828795291987,8.49027,App,App,0.5064102564102564,0.11599158612409188,Astrocytes,Pericytes,0.011167487590923399,0.0
Psap,Psap,0.28705651381292946,0.03895458342162339,8.49027,Lrp1,Lrp1,0.6896551724137931,0.14452961608495252,Oligodendrocytes,OPCs,0.011134802075742837,0.0
Ptn,Ptn,0.75,0.28153483474312335,8.49027,Ptprz1,Ptprz1,0.3003053953172718,0.0199009337247954,Pericytes,Neurons,0.011081437879668565,0.0
Alcam,Alcam,0.5103092783505154,0.11459767499572338,8.49027,Nrp1,Nrp1,0.2880658436213992,0.0488521067694172,Astrocytes,Microglia,0.011072698296785213,0.0
App,App,0.29218106995884774,0.047175932024871914,8.49027,Grm7,Grm7,0.47435897435897434,0.11845025059604364,Microglia,Pericytes,0.011052479409563009,1.0
Psap,Psap,0.6666666666666666,0.1893218276063502,8.49027,Gpr37,Gpr37,0.25872949095498526,0.029285876904215358,Microglia,Oligodendrocytes,0.010967296101508303,0.0
App,App,0.5064102564102564,0.11599158612409188,8.49027,Notch2,Notch2,0.3004115226337449,0.04775724139878146,Pericytes,Microglia,0.010957479793687417,0.0
Alcam,Alcam,0.7832512315270936,0.2217915033454625,8.49027,Nrp1,Nrp1,0.35595520868680014,0.024951535197359598,OPCs,Neurons,0.010946915698487686,0.0
App,App,0.5727106997616043,0.1912491237039715,8.49027,Aplp1,Aplp1,0.26108374384236455,0.028880696650012805,Oligodendrocytes,OPCs,0.010926117049520883,1.0
Ncam1,Ncam1,0.8275862068965517,0.2684227441308553,8.49027,Fgfr1,Fgfr1,0.3712249745503902,0.02053566882345237,OPCs,Neurons,0.01090426726729544,0.0
Fgf1,Fgf1,0.30412371134020616,0.036871358377714714,8.49027,Fgfr3,Fgfr3,0.5876288659793815,0.14916771946821505,Astrocytes,Astrocytes,0.010880348692372888,0.0
Lama2,Lama2,0.5897435897435898,0.1839208897145983,8.49027,Dag1,Dag1,0.270935960591133,0.02988240024947797,Pericytes,OPCs,0.01087248497781044,0.0
Fgf12,Fgf12,0.7567017305734646,0.26743388074762353,8.49027,Fgfr1,Fgfr1,0.3712249745503902,0.02053566882345237,Neurons,Neurons,0.010864532630646085,0.0
Ptn,Ptn,0.8669950738916257,0.27545202362701793,8.49027,Ptprz1,Ptprz1,0.3003053953172718,0.0199009337247954,OPCs,Neurons,0.010844609997914182,0.0
Gnas,Gnas,0.5850515463917526,0.14114899038977446,8.49027,Adcy8,Adcy8,0.3448275862068966,0.03875941599606736,Astrocytes,OPCs,0.010823279739231846,0.0
Lama2,Lama2,0.5897435897435898,0.1839208897145983,8.49027,Itgav,Itgav_Itgb8,0.25773195876288657,0.029662390884252543,Pericytes,Astrocytes,0.010793300226892845,0.0
Sorbs1,Sorbs1,0.5,0.07662136037486966,8.49027,Itga1,Itga1,0.4358974358974359,0.07114849638667597,Astrocytes,Pericytes,0.010785396106671619,0.0
Rgma,Rgma,0.4097938144329897,0.04456019780010578,8.49027,Bmpr1b,Bmpr1b,0.5128865979381443,0.12203669182939225,Astrocytes,Astrocytes,0.010758944423177515,0.0
Adam10,Adam10,0.2692307692307692,0.02740543592451755,8.49027,Trem2,Trem2,0.6213991769547325,0.19802665177083778,Pericytes,Microglia,0.010737468802289443,0.0
Sdc2,Sdc2,0.3427835051546392,0.04035273484009849,8.49027,Ptprj,Ptprj,0.5812807881773399,0.13369067813001623,Astrocytes,OPCs,0.010674396829537846,0.0
App,App,0.5517241379310345,0.11841058036538166,8.49027,Rpsa,Rpsa,0.3141025641025641,0.04542483174026224,OPCs,Pericytes,0.010643067922296443,0.93
Apoe,Apoe,0.8374384236453202,0.2405724520174406,8.49027,Lrp8,Lrp8,0.41839158466236853,0.02227197548003701,OPCs,Neurons,0.010602431347026297,0.0
Edil3,Edil3,0.7142857142857143,0.18023484378583188,8.49027,Itgav,Itgav,0.25773195876288657,0.029662390884252543,OPCs,Astrocytes,0.01057927501098631,0.0
Ncam1,Ncam1,0.8275862068965517,0.2684227441308553,8.49027,Ptprz1,Ptprz1,0.3003053953172718,0.0199009337247954,OPCs,Neurons,0.01057079104215525,0.0
Vegfa,Vegfa,0.2955665024630542,0.0368593044404415,8.49027,Grin2b,Grin2b,0.7132677298948082,0.14490455531321067,OPCs,Neurons,0.010569259691431389,0.0
Apoe,Apoe,0.8374384236453202,0.2405724520174406,8.49027,Lrp6,Lrp6,0.4034611469290804,0.02205257293612961,OPCs,Neurons,0.010499082749115993,0.0
Gnas,Gnas,0.5833333333333334,0.1670952097162841,8.49027,Adcy9,Adcy9,0.29064039408866993,0.0317211574749936,Pericytes,OPCs,0.010489706519013221,0.0
Trf,Trf,0.5626139391389707,0.24530015083516155,8.49027,Tfrc,Tfrc,0.3983712249745504,0.021560432510546068,Oligodendrocytes,Neurons,0.01046684110950922,0.0
Agrn,Agrn,0.3054187192118227,0.036506940895809636,8.49027,Lrp1,Lrp1,0.6896551724137931,0.14452961608495252,OPCs,OPCs,0.010442472357153862,0.0
Cntn4,Cntn4,0.6070580251102816,0.1523873001386038,8.49027,Aplp1,Aplp1,0.28350515463917525,0.034590880864936,Neurons,Astrocytes,0.01043243871854691,0.0
App,App,0.5064102564102564,0.11599158612409188,8.49027,Rpsa,Rpsa,0.3141025641025641,0.04542483174026224,Pericytes,Pericytes,0.010427909378309275,0.96
Adam12,Adam12,0.6354679802955665,0.1453647724619942,8.49027,Itgb1,Itgb1,0.3251231527093596,0.03609275967810888,OPCs,OPCs,0.010384267076872357,0.0
Gnas,Gnas,0.5390946502057613,0.14921448902564904,8.49027,Adcy9,Adcy9,0.28846153846153844,0.035158654130630684,Microglia,Pericytes,0.010383414684279307,0.0
Psap,Psap,0.6827281981676281,0.09203127051421411,8.49027,Lrp1,Lrp1,0.411522633744856,0.05689595816266979,Neurons,Microglia,0.010363879787321818,0.0
Apoe,Apoe,0.5064102564102564,0.1292165735829045,8.49027,Sdc2,Sdc2,0.3427835051546392,0.04035273484009849,Pericytes,Astrocytes,0.010320853404183532,0.0
Psap,Psap,0.6827281981676281,0.09203127051421411,8.49027,Lrp1,Lrp1,0.4551282051282051,0.05665531204614227,Neurons,Pericytes,0.010320497306397265,0.0
Adam10,Adam10,0.46182558534102475,0.026315314115175514,8.49027,Trem2,Trem2,0.6213991769547325,0.19802665177083778,Neurons,Microglia,0.010314763865089678,0.0
Adam10,Adam10,0.2692307692307692,0.02740543592451755,8.49027,Cadm1,Cadm1,0.7438423645320197,0.18919698827055464,Pericytes,OPCs,0.010263617631027764,0.0
Gnas,Gnas,0.5911330049261084,0.13375737669993382,8.49027,Adcy8,Adcy8,0.3448275862068966,0.03875941599606736,OPCs,OPCs,0.010262308652172761,0.0
Lama2,Lama2,0.5335051546391752,0.14358747136163275,8.49027,Itgb1,Itga9_Itgb1,0.3251231527093596,0.03609275967810888,Astrocytes,OPCs,0.010258606392594231,0.0
Bcan,Bcan,0.46798029556650245,0.04362509448568819,8.49027,Nrcam,Nrcam,0.66270783847981,0.11866098037771522,OPCs,Neurons,0.010247102729628439,0.0
Adam10,Adam10,0.2692307692307692,0.02740543592451755,8.49027,Nrcam,Nrcam,0.6597938144329897,0.1882137973283926,Pericytes,Astrocytes,0.010210825789266431,0.0
L1cam,L1cam,0.2829996606718697,0.014172529513320431,8.49027,Ptprz1,Ptprz1,0.8571428571428571,0.36390258151173605,Neurons,OPCs,0.010209530477980643,0.0
Ntn1,Ntn1,0.5369458128078818,0.1135570277715996,8.49027,Neo1,Neo1,0.3134202776609171,0.04540604265676218,OPCs,Oligodendrocytes,0.010207091390007276,0.0
Lama2,Lama2,0.5335051546391752,0.14358747136163275,8.49027,Rpsa,Rpsa,0.28350515463917525,0.035761053507050944,Astrocytes,Astrocytes,0.010165284291154838,0.0
Fgf1,Fgf1,0.30412371134020616,0.036871358377714714,8.49027,Cspg4,Cspg4,0.6354679802955665,0.13925161325963953,Astrocytes,OPCs,0.010164415997870069,0.0
Apoe,Apoe,0.5064102564102564,0.1292165735829045,8.49027,Sorl1,Sorl1,0.34536082474226804,0.039568285558095995,Pericytes,Astrocytes,0.01012224891147776,0.0
App,App,0.5517241379310345,0.11841058036538166,8.49027,Dcc,Dcc,0.2755574253260412,0.04299481292020402,OPCs,Oligodendrocytes,0.010079451702443402,1.0
App,App,0.5517241379310345,0.11841058036538166,8.49027,Aplp2,Aplp2,0.30128205128205127,0.04284033981855384,OPCs,Pericytes,0.010043601651400192,0.62
Slit2,Slit2,0.39124533423820834,0.042679525587700384,8.49027,App,App,0.5517241379310345,0.11841058036538166,Neurons,OPCs,0.010006277195012637,0.0
Hsp90b1,Hsp90b1,0.3251231527093596,0.03495302375413489,8.49027,Lrp1,Lrp1,0.6896551724137931,0.14452961608495252,OPCs,OPCs,0.010002434667652294,0.0
Psap,Psap,0.6827281981676281,0.09203127051421411,8.49027,Lrp1,Lrp1,0.5218866644044792,0.05486633786237893,Neurons,Neurons,0.0099978706917729,0.0
Apoe,Apoe,0.5064102564102564,0.1292165735829045,8.49027,Lrp6,Lrp6,0.4088669950738916,0.038993602515021486,Pericytes,OPCs,0.00997670180460965,0.0
Ncam1,Ncam1,0.5330248212031973,0.17965692523993804,8.49027,Ptpra,Ptpra,0.4906684764166949,0.02802294791601867,Oligodendrocytes,Neurons,0.009968658562307019,0.99
Sptan1,Sptan1,0.6881574482524602,0.11665420341181276,8.49027,Ptpra,Ptpra,0.37371134020618557,0.04306248380830002,Neurons,Astrocytes,0.009946904537856687,0.0
Fgf13,Fgf13,0.36213991769547327,0.06041659767553975,8.49027,Fgfr2,Fgfr2,0.5,0.08306514373716856,Microglia,Astrocytes,0.009937285935401552,0.0
Fgfr3,Fgfr3,0.5876288659793815,0.14916771946821505,8.49027,Epha4,Epha4,0.2757731958762887,0.03360172438218112,Astrocytes,Astrocytes,0.009925090279527787,0.0
App,App,0.5064102564102564,0.11599158612409188,8.49027,Dcc,Dcc,0.2755574253260412,0.04299481292020402,Pericytes,Oligodendrocytes,0.009875573400529305,1.0
Adam10,Adam10,0.46182558534102475,0.026315314115175514,8.49027,Cadm1,Cadm1,0.7438423645320197,0.18919698827055464,Neurons,OPCs,0.009859381009967357,0.0
App,App,0.5064102564102564,0.11599158612409188,8.49027,Aplp2,Aplp2,0.30128205128205127,0.04284033981855384,Pericytes,Pericytes,0.009840441284464325,0.67
Gnas,Gnas,0.5850515463917526,0.14114899038977446,8.49027,Adcy9,Adcy9,0.28846153846153844,0.035158654130630684,Astrocytes,Pericytes,0.009827675257796115,0.0
Cx3cl1,Cx3cl1,0.3661350525958602,0.020298904959290653,8.49027,Cx3cr1,Cx3cr1,0.757201646090535,0.2440472188223155,Neurons,Microglia,0.009810581492292667,0.0
B2m,B2m,0.7448559670781894,0.22974616297425854,8.49027,Tfrc,Tfrc,0.3983712249745504,0.021560432510546068,Microglia,Neurons,0.009809670318133172,0.0
Adam10,Adam10,0.46182558534102475,0.026315314115175514,8.49027,Nrcam,Nrcam,0.6597938144329897,0.1882137973283926,Neurons,Astrocytes,0.009808647789776276,0.0
Slit2,Slit2,0.39124533423820834,0.042679525587700384,8.49027,App,App,0.5064102564102564,0.11599158612409188,Neurons,Pericytes,0.009803864344261878,0.0
Rgma,Rgma,0.4097938144329897,0.04456019780010578,8.49027,Neo1,Neo1,0.5270935960591133,0.11071428533356475,Astrocytes,OPCs,0.009770496387845816,0.0
Adam10,Adam10,0.33004926108374383,0.038064970206242554,8.49027,Cadm1,Cadm1,0.5128865979381443,0.12864258292163755,OPCs,Astrocytes,0.009698568733444499,0.0
Fgf12,Fgf12,0.8029556650246306,0.2383535131189034,8.49027,Fgfr1,Fgfr1,0.3712249745503902,0.02053566882345237,OPCs,Neurons,0.009694592427172393,0.0
Adam10,Adam10,0.26804123711340205,0.03152876922964609,8.49027,Cadm1,Cadm1,0.6973193077706142,0.1548631662178961,Astrocytes,Neurons,0.009670851390757617,0.0
Ntn1,Ntn1,0.5369458128078818,0.1135570277715996,8.49027,Dcc,Dcc,0.2755574253260412,0.04299481292020402,OPCs,Oligodendrocytes,0.009670298511141559,0.0
Ncam1,Ncam1,0.7502544960977265,0.17369001611803242,8.49027,Ptpra,Ptpra,0.4906684764166949,0.02802294791601867,Neurons,Neurons,0.009640763453506038,1.0
Psap,Psap,0.32051282051282054,0.039277326363552856,8.49027,Gpr37l1,Gpr37l1,0.5566502463054187,0.12310192255662988,Pericytes,OPCs,0.009577611086140043,0.0
Lama2,Lama2,0.5335051546391752,0.14358747136163275,8.49027,Itgb8,Itgav_Itgb8,0.31527093596059114,0.033608434079646976,Astrocytes,OPCs,0.009559239134078404,0.0
Lrrc4b,Lrrc4b,0.33004926108374383,0.036287009193182396,8.49027,Ptprs,Ptprs,0.5960591133004927,0.1327099197383872,OPCs,OPCs,0.009539415259790402,0.0
Ntn1,Ntn1,0.5369458128078818,0.1135570277715996,8.49027,Neo1,Neo1,0.36597938144329895,0.042352115869531914,OPCs,Astrocytes,0.009527121691341815,0.0
Psap,Psap,0.28705651381292946,0.03895458342162339,8.49027,Gpr37l1,Gpr37l1,0.5566502463054187,0.12310192255662988,Oligodendrocytes,OPCs,0.009499659193663213,0.0
App,App,0.5517241379310345,0.11841058036538166,8.49027,Rpsa,Rpsa,0.4039408866995074,0.04046159059890697,OPCs,OPCs,0.009491214506576091,1.0
Ntrk3,Ntrk3,0.6501526976586359,0.12720612848524593,8.49027,Ptprs,Ptprs,0.327319587628866,0.03760428532678295,Neurons,Astrocytes,0.009476331126187731,0.0
Cntn2,Cntn2,0.286916281026504,0.04029360596025944,8.49027,Nrcam,Nrcam,0.66270783847981,0.11866098037771522,Oligodendrocytes,Neurons,0.009471981206780979,0.0
Mdk,Mdk,0.2654639175257732,0.03304866225542413,8.49027,Lrp1,Lrp1,0.6896551724137931,0.14452961608495252,Astrocytes,OPCs,0.009462624287865871,0.0
L1cam,L1cam,0.2829996606718697,0.014172529513320431,8.49027,Cntn1,Cntn1,0.8768472906403941,0.33697376270737145,Neurons,OPCs,0.009461172416288502,0.0
Sptan1,Sptan1,0.6881574482524602,0.11665420341181276,8.49027,Ptpra,Ptpra,0.43349753694581283,0.04080321125622821,Neurons,OPCs,0.009429961503203382,0.0
Cntn3,Cntn3,0.502544960977265,0.07052728335553815,8.49027,Ptprg,Ptprg,0.4551282051282051,0.06734281846513812,Neurons,Pericytes,0.009409629891695975,0.0
Itgav,Itgav,0.4074074074074074,0.057837314851942434,8.49027,Thy1,Thy1,0.6084153376314897,0.08201140531937545,Microglia,Neurons,0.009397488362756598,0.0
Gnas,Gnas,0.5390946502057613,0.14921448902564904,8.49027,Adcy9,Adcy9,0.29064039408866993,0.0317211574749936,Microglia,OPCs,0.009377738131610474,0.0
H2-K1,H2-K1,0.39094650205761317,0.05727831614352752,8.49027,Aplp2,Aplp2,0.6331862911435358,0.08252132126573697,Microglia,Neurons,0.009364835451612675,0.0
App,App,0.5517241379310345,0.11841058036538166,8.49027,Aplp2,Aplp2,0.39408866995073893,0.03979491555012382,OPCs,OPCs,0.009336290295671191,0.86
Psap,Psap,0.6827281981676281,0.09203127051421411,8.49027,Lrp1,Lrp1,0.4742268041237113,0.05117955567463084,Neurons,Astrocytes,0.009332326321189273,0.0
Sorbs1,Sorbs1,0.47435897435897434,0.06615609535294653,8.49027,Itga1,Itga1,0.4358974358974359,0.07114849638667597,Pericytes,Pericytes,0.00932602001000412,0.0
Gnas,Gnas,0.5911330049261084,0.13375737669993382,8.49027,Adcy9,Adcy9,0.28846153846153844,0.035158654130630684,OPCs,Pericytes,0.009317820315571431,0.0
App,App,0.5064102564102564,0.11599158612409188,8.49027,Rpsa,Rpsa,0.4039408866995074,0.04046159059890697,Pericytes,OPCs,0.009299122779576178,0.99
Vegfa,Vegfa,0.36597938144329895,0.04257731020042266,8.49027,Itgav,Itgav,0.5320197044334976,0.10911949221648332,Astrocytes,OPCs,0.009206482040489967,0.0
Ptn,Ptn,0.41494845360824745,0.049143312553678875,8.49027,Cdh10,Cdh10,0.5629453681710214,0.09438292733393117,Astrocytes,Neurons,0.00919131542808821,0.0
App,App,0.8177807940278249,0.2096492676470556,8.49027,Lrp6,Lrp6,0.4034611469290804,0.02205257293612961,Neurons,Neurons,0.009161895047191167,0.0
App,App,0.5517241379310345,0.11841058036538166,8.49027,Lrp6,Lrp6,0.4088669950738916,0.038993602515021486,OPCs,OPCs,0.00915001430814327,0.0
App,App,0.5064102564102564,0.11599158612409188,8.49027,Aplp2,Aplp2,0.39408866995073893,0.03979491555012382,Pericytes,OPCs,0.009147305107888274,0.87
Gnas,Gnas,0.8890397013912453,0.24492372329315737,8.49027,Adcy1,Adcy1,0.3461146929080421,0.018539273196945816,Neurons,Neurons,0.008999685750189347,0.0
Ptn,Ptn,0.34170342721411606,0.02052779989104636,8.49027,Ptprz1,Ptprz1,0.7164948453608248,0.22067333919537102,Neurons,Astrocytes,0.0089785319081702,0.0
Sema6a,Sema6a,0.3399014778325123,0.03747434483072465,8.49027,Plxna4,Plxna4,0.667119104173736,0.12074306637018384,OPCs,Neurons,0.00896837499027934,0.0
App,App,0.5064102564102564,0.11599158612409188,8.49027,Lrp6,Lrp6,0.4088669950738916,0.038993602515021486,Pericytes,OPCs,0.008964765597795805,0.0
Adam10,Adam10,0.33004926108374383,0.038064970206242554,8.49027,Nrcam,Nrcam,0.66270783847981,0.11866098037771522,OPCs,Neurons,0.008952777080637964,0.0
Gnas,Gnas,0.48590660496424065,0.0772118848328871,8.49027,Adcy9,Adcy9,0.513403461146929,0.058345458160469654,Oligodendrocytes,Neurons,0.008929471716276761,0.0
Gnas,Gnas,0.5850515463917526,0.14114899038977446,8.49027,Adcy9,Adcy9,0.29064039408866993,0.0317211574749936,Astrocytes,OPCs,0.008875341627973493,0.0
Cntn3,Cntn3,0.28078817733990147,0.033044979205428815,8.49027,Ptprg,Ptprg,0.5360824742268041,0.13495208545781456,OPCs,Astrocytes,0.008840132768204978,0.0
Fgf14,Fgf14,0.6675257731958762,0.21715183266954052,8.49027,Fgfr1,Fgfr1,0.3712249745503902,0.02053566882345237,Astrocytes,Neurons,0.008839875895504142,0.0
Il1rapl1,Il1rapl1,0.6935866983372921,0.2682423317214111,8.49027,Ptprf,Ptprf,0.31218187987784185,0.01650977048748159,Neurons,Neurons,0.008779476742644593,0.0
Cntn4,Cntn4,0.6070580251102816,0.1523873001386038,8.49027,Aplp1,Aplp1,0.26108374384236455,0.028880696650012805,Neurons,OPCs,0.008725301774255553,0.0
Ncam1,Ncam1,0.7139175257731959,0.21342884216016822,8.49027,Fgfr1,Fgfr1,0.3712249745503902,0.02053566882345237,Astrocytes,Neurons,0.008689636355717036,0.0
Apoe,Apoe,0.5064102564102564,0.1292165735829045,8.49027,Abca1,Abca1,0.27319587628865977,0.033736094717738196,Pericytes,Astrocytes,0.008643169441006099,0.0
Sparc,Sparc,0.691358024691358,0.2120725460556261,8.49027,Fgfr1,Fgfr1,0.3712249745503902,0.02053566882345237,Microglia,Neurons,0.008634892341749448,0.0
Calr,Calr,0.3694581280788177,0.039838715500413624,8.49027,Itgav,Itgav,0.5320197044334976,0.10911949221648332,OPCs,OPCs,0.00861942046045131,0.0
Apoe,Apoe,0.45267489711934156,0.07626742690494792,8.49027,Lrp1,Lrp1,0.411522633744856,0.05689595816266979,Microglia,Microglia,0.008603946308932174,0.0
Apoe,Apoe,0.45267489711934156,0.07626742690494792,8.49027,Lrp1,Lrp1,0.4551282051282051,0.05665531204614227,Microglia,Pericytes,0.008567867007167685,0.0
Sptan1,Sptan1,0.6881574482524602,0.11665420341181276,8.49027,Ptpra,Ptpra,0.28172766792876175,0.036940884392732354,Neurons,Oligodendrocytes,0.008544973018500828,0.0
Lama2,Lama2,0.5335051546391752,0.14358747136163275,8.49027,Dag1,Dag1,0.270935960591133,0.02988240024947797,Astrocytes,OPCs,0.008508461417689137,0.0
Ptn,Ptn,0.75,0.28153483474312335,8.49027,Sdc2,Sdc2,0.27994570749915165,0.015238467101833075,Pericytes,Neurons,0.008507323091653118,0.0
Sema3d,Sema3d,0.7093596059113301,0.17089539070544868,8.49027,Nrp1,Nrp1_Plxna2,0.35595520868680014,0.024951535197359598,OPCs,Neurons,0.008456089450605015,0.0
Sema3d,Sema3d,0.7093596059113301,0.17089539070544868,8.49027,Nrp1,Nrp1_Plxna4,0.35595520868680014,0.024951535197359598,OPCs,Neurons,0.008456089450605015,0.0
Lama2,Lama2,0.5335051546391752,0.14358747136163275,8.49027,Itgav,Itgav_Itgb8,0.25773195876288657,0.029662390884252543,Astrocytes,Astrocytes,0.008446346925034808,0.0
Ncam1,Ncam1,0.7139175257731959,0.21342884216016822,8.49027,Ptprz1,Ptprz1,0.3003053953172718,0.0199009337247954,Astrocytes,Neurons,0.008423311578354105,0.0
Adam10,Adam10,0.2692307692307692,0.02740543592451755,8.49027,Cadm1,Cadm1,0.6973193077706142,0.1548631662178961,Pericytes,Neurons,0.008416742290716636,0.0
Gnas,Gnas,0.5911330049261084,0.13375737669993382,8.49027,Adcy9,Adcy9,0.29064039408866993,0.0317211574749936,OPCs,OPCs,0.008414473427741093,0.0
App,App,0.5517241379310345,0.11841058036538166,8.49027,Rpsa,Rpsa,0.28350515463917525,0.035761053507050944,OPCs,Astrocytes,0.008397853000097369,1.0
Olfm2,Olfm2,0.40821174075330846,0.023494278592719464,8.49027,Robo2,Robo2,0.7064811672887682,0.17960444462952108,Neurons,Neurons,0.008368727069332173,0.0
App,App,0.5727106997616043,0.1912491237039715,8.49027,Lrp6,Lrp6,0.4034611469290804,0.02205257293612961,Oligodendrocytes,Neurons,0.008364515223307646,0.0
Cntn1,Cntn1,0.8768472906403941,0.33697376270737145,8.49027,Notch1,Notch1,0.2512315270935961,0.012464456501964372,OPCs,OPCs,0.008330410917775076,0.0
Ptn,Ptn,0.8669950738916257,0.27545202362701793,8.49027,Sdc2,Sdc2,0.27994570749915165,0.015238467101833075,OPCs,Neurons,0.008325045003651778,0.0
Lamc1,Lamc1,0.358974358974359,0.058983835942121754,8.49027,Itga1,Itga1,0.4358974358974359,0.07114849638667597,Pericytes,Pericytes,0.008323362642388022,0.0
Lrrc4b,Lrrc4b,0.33004926108374383,0.036287009193182396,8.49027,Ptprs,Ptprs,0.7047845266372582,0.11562943445945817,OPCs,Neurons,0.0083218582255236,0.0
Sptan1,Sptan1,0.6881574482524602,0.11665420341181276,8.49027,Ptpra,Ptpra,0.3076923076923077,0.03590203525520386,Neurons,Pericytes,0.008306667947572675,0.0
Apoe,Apoe,0.45267489711934156,0.07626742690494792,8.49027,Lrp1,Lrp1,0.5218866644044792,0.05486633786237893,Microglia,Neurons,0.00829956948863747,0.0
Edil3,Edil3,0.6240244316253818,0.14066036364829415,8.49027,Itgav,Itgav,0.25773195876288657,0.029662390884252543,Neurons,Astrocytes,0.008275588525384032,0.0
Cntn3,Cntn3,0.28078817733990147,0.033044979205428815,8.49027,Ptprg,Ptprg,0.6576179165252799,0.12594050719364547,OPCs,Neurons,0.008254695724481629,0.0
Cntn1,Cntn1,0.6804123711340206,0.20883643597620427,8.49027,Ptprz1,Ptprz1,0.3003053953172718,0.0199009337247954,Astrocytes,Neurons,0.008243559020127935,0.0
App,App,0.5064102564102564,0.11599158612409188,8.49027,Rpsa,Rpsa,0.28350515463917525,0.035761053507050944,Pericytes,Astrocytes,0.008227705894823354,1.0
Gnai2,Gnai2,0.2757201646090535,0.04653448810629257,8.49027,Adcy8,Adcy8,0.5564981336952833,0.08906501032086811,Microglia,Neurons,0.008221043540553967,0.0
Hsp90aa1,Hsp90aa1,0.6956226671191041,0.09916631681612742,8.49027,Egfr,Egfr,0.3582474226804124,0.04175933524722142,Neurons,Astrocytes,0.008214206913963478,0.0
Agrn,Agrn,0.4530030539531727,0.024281996724193622,8.49027,Atp1a3,Atp1a3,0.8106549032914828,0.17040456571754514,Neurons,Neurons,0.008207603971271283,0.0
Agt,Agt,0.4793814432989691,0.05355462447691284,8.49027,Grm7,Grm7,0.37498247090169684,0.07721478774672663,Astrocytes,Oligodendrocytes,0.00820257916592666,0.0
Fgf13,Fgf13,0.36213991769547327,0.06041659767553975,8.49027,Fgfr2,Fgfr2,0.46038423783480575,0.0679029562249931,Microglia,Oligodendrocytes,0.008138158146967727,0.0
Sdc2,Sdc2,0.2660098522167488,0.030683516714840264,8.49027,Ptprj,Ptprj,0.5812807881773399,0.13369067813001623,OPCs,OPCs,0.008137439133348058,0.0
App,App,0.5517241379310345,0.11841058036538166,8.49027,Aplp1,Aplp1,0.28350515463917525,0.034590880864936,OPCs,Astrocytes,0.008125291368261149,1.0
Nid1,Nid1,0.27564102564102566,0.03747312680037118,8.49027,Itgav,Itgav,0.5320197044334976,0.10911949221648332,Pericytes,OPCs,0.008111758388393174,0.0
Adam10,Adam10,0.46182558534102475,0.026315314115175514,8.49027,Cadm1,Cadm1,0.6973193077706142,0.1548631662178961,Neurons,Neurons,0.00808465140680475,0.0
Psap,Psap,0.6666666666666666,0.1893218276063502,8.49027,Sort1,Sort1,0.39531727180183235,0.02145125644836654,Microglia,Neurons,0.008056940599997342,0.0
Adam10,Adam10,0.26804123711340205,0.03152876922964609,8.49027,Cadm1,Cadm1,0.5128865979381443,0.12864258292163755,Astrocytes,Astrocytes,0.008046611436528081,0.0
Ntng1,Ntng1,0.41839158466236853,0.04956231675035849,8.49027,Lrrc4c,Lrrc4c,0.48576637217781515,0.08148708712938202,Neurons,Oligodendrocytes,0.008012656395084316,0.0
Vegfa,Vegfa,0.2955665024630542,0.0368593044404415,8.49027,Itgav,Itgav,0.5320197044334976,0.10911949221648332,OPCs,OPCs,0.007979945392655915,0.0
Fgf13,Fgf13,0.5408890397013912,0.08403445545161414,8.49027,Fgfr2,Fgfr2,0.3333333333333333,0.04783757436178393,Neurons,Pericytes,0.007975882853129775,0.0
App,App,0.5064102564102564,0.11599158612409188,8.49027,Aplp1,Aplp1,0.28350515463917525,0.034590880864936,Pericytes,Astrocytes,0.007960622242619241,1.0
Efna5,Efna5,0.5561588055649813,0.09536538289465502,8.49027,Ephb1,Ephb1,0.27990464170523066,0.04204976001778382,Neurons,Oligodendrocytes,0.007956371375561983,0.0
Cadm3,Cadm3,0.4014251781472684,0.02115505831923392,8.49027,Cadm1,Cadm1,0.7438423645320197,0.18919698827055464,Neurons,OPCs,0.007941376347453564,0.0
Gas6,Gas6,0.32609433322022396,0.017178320846686468,8.49027,Mertk,Mertk,0.7366255144032922,0.23162574176748496,Neurons,Microglia,0.007895054698324197,0.0
Apoe,Apoe,0.5064102564102564,0.1292165735829045,8.49027,Sdc2,Sdc2,0.2660098522167488,0.030683516714840264,Pericytes,OPCs,0.007867253321483584,0.0
Apoe,Apoe,0.45267489711934156,0.07626742690494792,8.49027,Sdc2,Sdc2,0.3717948717948718,0.05196056323109566,Microglia,Pericytes,0.007863472629218679,0.0
Ccl25,Ccl25,0.31116389548693585,0.016061782784667744,8.49027,Grm7,Grm7,0.7010519172039362,0.24622017093220494,Neurons,Neurons,0.007847401023983352,0.0
Apoe,Apoe,0.45267489711934156,0.07626742690494792,8.49027,Lrp1,Lrp1,0.4742268041237113,0.05117955567463084,Microglia,Astrocytes,0.007746194092501708,0.0
App,App,0.29218106995884774,0.047175932024871914,8.49027,Aplp2,Aplp2,0.6331862911435358,0.08252132126573697,Microglia,Neurons,0.007725886420813,1.0
Lrpap1,Lrpap1,0.2561576354679803,0.026917150986223604,8.49027,Lrp1,Lrp1,0.6896551724137931,0.14452961608495252,OPCs,OPCs,0.00772057985890813,0.0
Ptn,Ptn,0.75,0.28153483474312335,8.49027,Ncl,Ncl,0.2734984730234136,0.013815262255709337,Pericytes,Neurons,0.007718910096721905,0.0
Spon1,Spon1,0.729064039408867,0.17417848446291417,8.49027,Lrp8,Lrp8,0.41839158466236853,0.02227197548003701,OPCs,Neurons,0.007698865468985313,0.0
Apoe,Apoe,0.388865516757818,0.06760146387603161,8.49027,Lrp1,Lrp1,0.411522633744856,0.05689595816266979,Oligodendrocytes,Microglia,0.0076337772881402794,0.0
Apoe,Apoe,0.388865516757818,0.06760146387603161,8.49027,Lrp1,Lrp1,0.4551282051282051,0.05665531204614227,Oligodendrocytes,Pericytes,0.007601735044103468,0.0
Cntn1,Cntn1,0.7570410587037666,0.19161842734798618,8.49027,Ptprz1,Ptprz1,0.3003053953172718,0.0199009337247954,Neurons,Neurons,0.007569043879978516,0.0
Ptn,Ptn,0.8669950738916257,0.27545202362701793,8.49027,Ncl,Ncl,0.2734984730234136,0.013815262255709337,OPCs,Neurons,0.007553395871588206,0.0
Ptn,Ptn,0.34170342721411606,0.02052779989104636,8.49027,Cdh10,Cdh10,0.615979381443299,0.1851830341789218,Neurons,Astrocytes,0.007545434107196165,0.0
Lgi1,Lgi1,0.4333220223956566,0.02666569704416777,8.49027,Adam22,Adam22,0.7200542925008483,0.14170483696200087,Neurons,Neurons,0.0075006318553312535,0.0
Psap,Psap,0.5489690721649485,0.12844396411756553,8.49027,Gpr37,Gpr37,0.25872949095498526,0.029285876904215358,Astrocytes,Oligodendrocytes,0.007467012503783163,0.0
Hsp90b1,Hsp90b1,0.47268408551068886,0.025937594829165356,8.49027,Lrp1,Lrp1,0.6896551724137931,0.14452961608495252,Neurons,OPCs,0.007441707037866452,0.0
Adam10,Adam10,0.26804123711340205,0.03152876922964609,8.49027,Nrcam,Nrcam,0.66270783847981,0.11866098037771522,Astrocytes,Neurons,0.0074268977987607095,0.0
Lama2,Lama2,0.5897435897435898,0.1839208897145983,8.49027,Dag1,Dag1,0.3752969121140142,0.02032648439585316,Pericytes,Neurons,0.007421440596463584,0.0
Fgf13,Fgf13,0.5408890397013912,0.08403445545161414,8.49027,Fgfr2,Fgfr2,0.46798029556650245,0.04434428173645366,Neurons,OPCs,0.007397760403699942,0.0
Nrxn2,Nrxn2,0.5687139463861555,0.07009189015678263,8.49027,Nlgn1,Nlgn1,0.30360398261113447,0.0529812138718877,Neurons,Oligodendrocytes,0.0073723516030990265,0.0
Nlgn1,Nlgn1,0.30360398261113447,0.0529812138718877,8.49027,Nrxn2,Nrxn2,0.5687139463861555,0.07009189015678263,Oligodendrocytes,Neurons,0.0073723516030990265,0.0
Apoe,Apoe,0.388865516757818,0.06760146387603161,8.49027,Lrp1,Lrp1,0.5218866644044792,0.05486633786237893,Oligodendrocytes,Neurons,0.00736346665921589,0.0
Ncam1,Ncam1,0.5330248212031973,0.17965692523993804,8.49027,Fgfr1,Fgfr1,0.3712249745503902,0.02053566882345237,Oligodendrocytes,Neurons,0.007324703082527082,0.0
Apoe,Apoe,0.8374384236453202,0.2405724520174406,8.49027,Sdc2,Sdc2,0.27994570749915165,0.015238467101833075,OPCs,Neurons,0.007278545147636881,0.0
Adam12,Adam12,0.6354679802955665,0.1453647724619942,8.49027,Itgb1,Itgb1,0.27564102564102566,0.025161917033040437,OPCs,Pericytes,0.007262187515949805,0.0
App,App,0.29218106995884774,0.047175932024871914,8.49027,Grm7,Grm7,0.37498247090169684,0.07721478774672663,Microglia,Oligodendrocytes,0.007232666582399806,1.0
Fgf1,Fgf1,0.30412371134020616,0.036871358377714714,8.49027,Fgfr2,Fgfr2,0.652867322701052,0.0984659388323621,Astrocytes,Neurons,0.0072088016770823285,0.0
Nrxn2,Nrxn2,0.7536945812807881,0.20222219681281162,8.49027,Nlgn2,Nlgn2,0.34068544282321006,0.01794215575474567,OPCs,Neurons,0.0072043253661014635,0.0
Nlgn2,Nlgn2,0.34068544282321006,0.01794215575474567,8.49027,Nrxn2,Nrxn2,0.7536945812807881,0.20222219681281162,Neurons,OPCs,0.0072043253661014635,0.0
Penk,Penk,0.26060400407193757,0.01471765820822546,8.49027,Grm7,Grm7,0.7010519172039362,0.24622017093220494,Neurons,Neurons,0.007195419343917043,0.0
Cntn2,Cntn2,0.25212080081438754,0.010661533325777739,8.49027,Cntn1,Cntn1,0.8768472906403941,0.33697376270737145,Neurons,OPCs,0.007134053586905463,0.0
Calr,Calr,0.4509670851713607,0.024756265976759617,8.49027,Lrp1,Lrp1,0.6896551724137931,0.14452961608495252,Neurons,OPCs,0.007105182356188141,0.0
Ncam1,Ncam1,0.5330248212031973,0.17965692523993804,8.49027,Ptprz1,Ptprz1,0.3003053953172718,0.0199009337247954,Oligodendrocytes,Neurons,0.0070999119186565705,0.0
Ncam1,Ncam1,0.7502544960977265,0.17369001611803242,8.49027,Fgfr1,Fgfr1,0.3712249745503902,0.02053566882345237,Neurons,Neurons,0.0070831523464560875,0.0
Efna5,Efna5,0.5561588055649813,0.09536538289465502,8.49027,Epha7,Epha7,0.4855785544621649,0.03734136364650009,Neurons,Neurons,0.007071780623582097,0.0
Il1rapl1,Il1rapl1,0.654639175257732,0.2154718757125864,8.49027,Ptprf,Ptprf,0.31218187987784185,0.01650977048748159,Astrocytes,Neurons,0.00706451990694039,0.0
Olfm2,Olfm2,0.40821174075330846,0.023494278592719464,8.49027,Robo2,Robo2,0.5747422680412371,0.1506504502826036,Neurons,Astrocytes,0.0070290894472741896,0.0
Adam10,Adam10,0.43209876543209874,0.058828840702099594,8.49027,Cadm1,Cadm1,0.4691358024691358,0.06002822501165417,Microglia,Microglia,0.007013248728387642,0.01
Adam10,Adam10,0.2692307692307692,0.02740543592451755,8.49027,Cadm1,Cadm1,0.5128865979381443,0.12864258292163755,Pericytes,Astrocytes,0.007001643453945123,0.0
Adam10,Adam10,0.43209876543209874,0.058828840702099594,8.49027,Il6ra,Il6ra,0.4156378600823045,0.05978195471894843,Microglia,Microglia,0.006984677315560536,0.0
Apoe,Apoe,0.388865516757818,0.06760146387603161,8.49027,Sdc2,Sdc2,0.3717948717948718,0.05196056323109566,Oligodendrocytes,Pericytes,0.006976210858514033,0.0
Agrn,Agrn,0.4530030539531727,0.024281996724193622,8.49027,Lrp1,Lrp1,0.6896551724137931,0.14452961608495252,Neurons,OPCs,0.006970013256361341,0.0
Fgf13,Fgf13,0.5408890397013912,0.08403445545161414,8.49027,Egfr,Egfr,0.3582474226804124,0.04175933524722142,Neurons,Astrocytes,0.006969530720073665,0.0
Alcam,Alcam,0.49304377332880894,0.046107584263185064,8.49027,Chl1,Chl1,0.5212080081438751,0.07541488814660835,Neurons,Neurons,0.006906367004485495,0.0
Apoe,Apoe,0.388865516757818,0.06760146387603161,8.49027,Lrp1,Lrp1,0.4742268041237113,0.05117955567463084,Oligodendrocytes,Astrocytes,0.006872073590759811,0.0
Ncam1,Ncam1,0.7502544960977265,0.17369001611803242,8.49027,Ptprz1,Ptprz1,0.3003053953172718,0.0199009337247954,Neurons,Neurons,0.00686572297205909,0.0
App,App,0.5517241379310345,0.11841058036538166,8.49027,Aplp1,Aplp1,0.26108374384236455,0.028880696650012805,OPCs,OPCs,0.006793098299263196,1.0
Rgma,Rgma,0.4097938144329897,0.04456019780010578,8.49027,Bmpr2,Bmpr2,0.5721072276891754,0.07647188400580784,Astrocytes,Neurons,0.006769071944939549,0.0
Adam10,Adam10,0.46182558534102475,0.026315314115175514,8.49027,Cadm1,Cadm1,0.5128865979381443,0.12864258292163755,Neurons,Astrocytes,0.006725008020829074,0.0
Ptn,Ptn,0.40316926097321554,0.06133538219136003,8.49027,Cdh10,Cdh10,0.3552096480157061,0.05507752133403088,Oligodendrocytes,Oligodendrocytes,0.006711059032084846,0.0
Sparc,Sparc,0.5705128205128205,0.1633582539799341,8.49027,Fgfr1,Fgfr1,0.3712249745503902,0.02053566882345237,Pericytes,Neurons,0.006664626746430433,0.0
Lgi1,Lgi1,0.4333220223956566,0.02666569704416777,8.49027,Adam23,Adam23,0.677638276213098,0.12573140262250315,Neurons,Neurons,0.006660767664673698,0.0
App,App,0.5064102564102564,0.11599158612409188,8.49027,Aplp1,Aplp1,0.26108374384236455,0.028880696650012805,Pericytes,OPCs,0.006655246567556945,1.0
Apoe,Apoe,0.5064102564102564,0.1292165735829045,8.49027,Sorl1,Sorl1,0.4482524601289447,0.025846978811637,Pericytes,Neurons,0.006635393534138725,0.0
Psap,Psap,0.5566502463054187,0.11329936696449328,8.49027,Gpr37,Gpr37,0.25872949095498526,0.029285876904215358,OPCs,Oligodendrocytes,0.0065923945579455055,0.0
Gnai2,Gnai2,0.2757201646090535,0.04653448810629257,8.49027,Igf1r,Igf1r,0.5463182897862233,0.07116360593035465,Microglia,Neurons,0.006579546793601337,0.0
Cadm3,Cadm3,0.4014251781472684,0.02115505831923392,8.49027,Cadm1,Cadm1,0.6973193077706142,0.1548631662178961,Neurons,Neurons,0.006509625744057642,0.0
Gnas,Gnas,0.48590660496424065,0.0772118848328871,8.49027,Adcy8,Adcy8,0.3711340206185567,0.04234490158456372,Oligodendrocytes,Astrocytes,0.006496577821008708,0.0
Sptan1,Sptan1,0.6881574482524602,0.11665420341181276,8.49027,Ptpra,Ptpra,0.4906684764166949,0.02802294791601867,Neurons,Neurons,0.006495521681324363,0.0
Adam10,Adam10,0.2692307692307692,0.02740543592451755,8.49027,Nrcam,Nrcam,0.66270783847981,0.11866098037771522,Pericytes,Neurons,0.0064618842637220765,0.0
Ptn,Ptn,0.34170342721411606,0.02052779989104636,8.49027,Cdh10,Cdh10,0.6847290640394089,0.15806744252995308,Neurons,OPCs,0.006447710893268538,0.01
Rtn4,Rtn4,0.5348478474267284,0.17910400264259474,8.49027,Lingo1,Lingo1,0.33932813030200204,0.017902792664302503,Oligodendrocytes,Neurons,0.006372060114312198,0.0
Efna5,Efna5,0.5561588055649813,0.09536538289465502,8.49027,Epha4,Epha4,0.2757731958762887,0.03360172438218112,Neurons,Astrocytes,0.006368070407476597,0.0
Ntng1,Ntng1,0.41839158466236853,0.04956231675035849,8.49027,Lrrc4c,Lrrc4c,0.32051282051282054,0.06460461953723962,Neurons,Pericytes,0.0063631601341411674,0.0
Ptn,Ptn,0.40316926097321554,0.06133538219136003,8.49027,Sdc2,Sdc2,0.3717948717948718,0.05196056323109566,Oligodendrocytes,Pericytes,0.0063336709247675165,0.0
Fgf13,Fgf13,0.5408890397013912,0.08403445545161414,8.49027,Scn8a,Scn8a,0.3497536945812808,0.03786901650172636,Neurons,OPCs,0.006324352359815407,0.0
App,App,0.8177807940278249,0.2096492676470556,8.49027,Tnfrsf21,Tnfrsf21,0.2891075670173057,0.015159438168445338,Neurons,Neurons,0.006316182478349172,0.0
Sorbs1,Sorbs1,0.4236453201970443,0.044387628874306584,8.49027,Itga1,Itga1,0.4358974358974359,0.07114849638667597,OPCs,Pericytes,0.006276581795366408,0.0
L1cam,L1cam,0.2829996606718697,0.014172529513320431,8.49027,Ptprz1,Ptprz1,0.7164948453608248,0.22067333919537102,Neurons,Astrocytes,0.006216117020439208,0.0
Adam10,Adam10,0.46182558534102475,0.026315314115175514,8.49027,Nrcam,Nrcam,0.66270783847981,0.11866098037771522,Neurons,Neurons,0.0062064414634176585,0.0
Lrpap1,Lrpap1,0.4065151001017984,0.021576915409774577,8.49027,Lrp1,Lrp1,0.6896551724137931,0.14452961608495252,Neurons,OPCs,0.006198347466878562,0.0
Gnas,Gnas,0.5833333333333334,0.1670952097162841,8.49027,Adcy1,Adcy1,0.3461146929080421,0.018539273196945816,Pericytes,Neurons,0.006157497799900368,0.0
App,App,0.29218106995884774,0.047175932024871914,8.49027,Aplp1,Aplp1,0.5541228367831693,0.06553717797555847,Microglia,Neurons,0.006145553538815327,1.0
Bcan,Bcan,0.26874787919918564,0.013322399611839841,8.49027,Nrcam,Nrcam,0.7635467980295566,0.23204312426380924,Neurons,OPCs,0.006144751044075152,0.0
Sdc2,Sdc2,0.27994570749915165,0.015238467101833075,8.49027,Ptprj,Ptprj,0.6790123456790124,0.20281564524571216,Neurons,Microglia,0.0061432265692365285,0.0
Pros1,Pros1,0.37448559670781895,0.05769103010852583,8.49027,Mertk,Mertk,0.4536082474226804,0.05344353800257229,Microglia,Astrocytes,0.006128633756426569,0.0
Rtn4,Rtn4,0.5348478474267284,0.17910400264259474,8.49027,Cntnap1,Cntnap1,0.32473702069901594,0.017184501385432482,Oligodendrocytes,Neurons,0.006117966052422709,0.0
Apoe,Apoe,0.45267489711934156,0.07626742690494792,8.49027,Sdc2,Sdc2,0.3427835051546392,0.04035273484009849,Microglia,Astrocytes,0.0061175438131027,0.0
Fgf1,Fgf1,0.30412371134020616,0.036871358377714714,8.49027,Fgfr2,Fgfr2,0.5,0.08306514373716856,Astrocytes,Astrocytes,0.0060881566714307,0.0
Bsg,Bsg,0.5911330049261084,0.12194266129017417,8.49027,Slc16a7,Slc16a7,0.2561576354679803,0.025071721797611857,OPCs,OPCs,0.006077463547962063,0.0
Sparc,Sparc,0.6005154639175257,0.14784436283582547,8.49027,Fgfr1,Fgfr1,0.3712249745503902,0.02053566882345237,Astrocytes,Neurons,0.0060355170851227,0.0
Apoe,Apoe,0.45267489711934156,0.07626742690494792,8.49027,Sorl1,Sorl1,0.34536082474226804,0.039568285558095995,Microglia,Astrocytes,0.005999333420363539,0.0
Gnas,Gnas,0.48590660496424065,0.0772118848328871,8.49027,Adcy8,Adcy8,0.3448275862068966,0.03875941599606736,Oligodendrocytes,OPCs,0.005949763561318302,0.07
Alcam,Alcam,0.28205128205128205,0.03953820248997841,8.49027,Chl1,Chl1,0.5212080081438751,0.07541488814660835,Pericytes,Neurons,0.005928185277026156,0.0
Apoe,Apoe,0.45267489711934156,0.07626742690494792,8.49027,Lrp6,Lrp6,0.4088669950738916,0.038993602515021486,Microglia,OPCs,0.005912715317514283,0.0
L1cam,L1cam,0.2829996606718697,0.014172529513320431,8.49027,Cd9,Cd9,0.7733990147783252,0.2091686792038734,Neurons,OPCs,0.0058939539037541205,0.0
Adam10,Adam10,0.43209876543209874,0.058828840702099594,8.49027,Tspan5,Tspan5,0.49226804123711343,0.050322211488182056,Microglia,Astrocytes,0.0058859452532136125,0.0
L1cam,L1cam,0.2829996606718697,0.014172529513320431,8.49027,Cntn1,Cntn1,0.6804123711340206,0.20883643597620427,Neurons,Astrocytes,0.005884647047652649,0.0
Lgi1,Lgi1,0.4333220223956566,0.02666569704416777,8.49027,Adam22,Adam22,0.5369458128078818,0.11019019354978976,Neurons,OPCs,0.005842264007853525,0.0
Tgfa,Tgfa,0.33004926108374383,0.03690540355465499,8.49027,Erbb4,Erbb4,0.4211190576356752,0.07943927272007212,OPCs,Oligodendrocytes,0.005829296888372046,0.0
Adam10,Adam10,0.2507362221287337,0.012589448969097583,8.49027,Nrcam,Nrcam,0.7635467980295566,0.23204312426380924,Oligodendrocytes,OPCs,0.005808652566866535,0.0
Lama2,Lama2,0.5335051546391752,0.14358747136163275,8.49027,Dag1,Dag1,0.3752969121140142,0.02032648439585316,Astrocytes,Neurons,0.0058033811648618115,0.0
Fgf13,Fgf13,0.5408890397013912,0.08403445545161414,8.49027,Fgfr2,Fgfr2,0.25925925925925924,0.034580910215889826,Neurons,Microglia,0.005778392042630239,0.0
App,App,0.5727106997616043,0.1912491237039715,8.49027,Tnfrsf21,Tnfrsf21,0.2891075670173057,0.015159438168445338,Oligodendrocytes,Neurons,0.005765030242328628,0.0
Fgf13,Fgf13,0.36213991769547327,0.06041659767553975,8.49027,Fgfr2,Fgfr2,0.3333333333333333,0.04783757436178393,Microglia,Pericytes,0.005747146353039976,0.0
Adam10,Adam10,0.43209876543209874,0.058828840702099594,8.49027,Tspan5,Tspan5,0.34615384615384615,0.04898607080234196,Microglia,Pericytes,0.005730558933799555,0.0
Apoe,Apoe,0.5064102564102564,0.1292165735829045,8.49027,Lrp8,Lrp8,0.41839158466236853,0.02227197548003701,Pericytes,Neurons,0.00572287688645385,0.0
App,App,0.29218106995884774,0.047175932024871914,8.49027,Rpsa,Rpsa,0.5391923990498813,0.06098666045217982,Microglia,Neurons,0.005721283656262394,1.0
Alcam,Alcam,0.5103092783505154,0.11459767499572338,8.49027,Nrp1,Nrp1,0.35595520868680014,0.024951535197359598,Astrocytes,Neurons,0.0056862574108678945,0.0
Ccl25,Ccl25,0.31116389548693585,0.016061782784667744,8.49027,Grm7,Grm7,0.6847290640394089,0.17777367480478157,Neurons,OPCs,0.005678297109810659,0.0
Apoe,Apoe,0.5064102564102564,0.1292165735829045,8.49027,Lrp6,Lrp6,0.4034611469290804,0.02205257293612961,Pericytes,Neurons,0.005666819963644028,0.0
Adam10,Adam10,0.43209876543209874,0.058828840702099594,8.49027,Cadm1,Cadm1,0.3232365727106998,0.0480031343477898,Microglia,Oligodendrocytes,0.005616217442464007,0.0
Rgma,Rgma,0.4097938144329897,0.04456019780010578,8.49027,Neo1,Neo1,0.5293518832711231,0.0633426698875692,Astrocytes,Neurons,0.005613435261764823,0.0
Adam12,Adam12,0.6354679802955665,0.1453647724619942,8.49027,Itgb1,Itgb1,0.35900916185951814,0.019341463775530476,OPCs,Neurons,0.005591692122157044,0.0
Adam10,Adam10,0.43209876543209874,0.058828840702099594,8.49027,Notch2,Notch2,0.3004115226337449,0.04775724139878146,Microglia,Microglia,0.005587609480406681,0.0
Hsp90b1,Hsp90b1,0.30864197530864196,0.049169175515189956,8.49027,Lrp1,Lrp1,0.411522633744856,0.05689595816266979,Microglia,Microglia,0.00556392424547689,0.0
Hsp90b1,Hsp90b1,0.30864197530864196,0.049169175515189956,8.49027,Lrp1,Lrp1,0.4551282051282051,0.05665531204614227,Microglia,Pericytes,0.005540521557529803,0.0
Gnas,Gnas,0.5390946502057613,0.14921448902564904,8.49027,Adcy1,Adcy1,0.3461146929080421,0.018539273196945816,Microglia,Neurons,0.005502214492008201,0.0
Vcl,Vcl,0.28028503562945367,0.014095716815997306,8.49027,Itgb5,Itgb5,0.6255144032921811,0.19602203356190184,Neurons,Microglia,0.005495771733746708,0.0
Psap,Psap,0.5489690721649485,0.12844396411756553,8.49027,Sort1,Sort1,0.39531727180183235,0.02145125644836654,Astrocytes,Neurons,0.005480368877166067,0.0
Gnai2,Gnai2,0.2757201646090535,0.04653448810629257,8.49027,Ccr5,Ccr5,0.3868312757201646,0.05917212869203725,Microglia,Microglia,0.005476927508056645,0.0
Lamc1,Lamc1,0.35467980295566504,0.03864362764374851,8.49027,Itga1,Itga1,0.4358974358974359,0.07114849638667597,OPCs,Pericytes,0.005468799773590522,0.0
Ptn,Ptn,0.40316926097321554,0.06133538219136003,8.49027,Alk,Alk,0.43842364532019706,0.04481164910953117,Oligodendrocytes,OPCs,0.005467026571195353,0.0
Adam17,Adam17,0.26337448559670784,0.034580910215889826,8.49027,Erbb4,Erbb4,0.4211190576356752,0.07943927272007212,Microglia,Oligodendrocytes,0.0054641438089832696,0.0
Ntrk3,Ntrk3,0.7192118226600985,0.1658477219832024,8.49027,Ptprf,Ptprf,0.31218187987784185,0.01650977048748159,OPCs,Neurons,0.005446390045218155,0.0
Efna5,Efna5,0.5561588055649813,0.09536538289465502,8.49027,Ephb1,Ephb1,0.3997285374957584,0.028604782938474127,Neurons,Neurons,0.005426207784704315,0.0
Apoe,Apoe,0.388865516757818,0.06760146387603161,8.49027,Sdc2,Sdc2,0.3427835051546392,0.04035273484009849,Oligodendrocytes,Astrocytes,0.0054262035689226495,0.0
Col4a2,Col4a2,0.27723108245673567,0.013900149669385076,8.49027,Itgb5,Itgb5,0.6255144032921811,0.19602203356190184,Neurons,Microglia,0.005419935427940616,0.0
Ptn,Ptn,0.34170342721411606,0.02052779989104636,8.49027,Ptprs,Ptprs,0.5960591133004927,0.1327099197383872,Neurons,OPCs,0.005418960226476426,0.0
Cadm3,Cadm3,0.4014251781472684,0.02115505831923392,8.49027,Cadm1,Cadm1,0.5128865979381443,0.12864258292163755,Neurons,Astrocytes,0.005413418088491024,0.0
L1cam,L1cam,0.2829996606718697,0.014172529513320431,8.49027,Cntn1,Cntn1,0.7570410587037666,0.19161842734798618,Neurons,Neurons,0.005402094505178339,0.0
Gnai2,Gnai2,0.2757201646090535,0.04653448810629257,8.49027,Adcy9,Adcy9,0.513403461146929,0.058345458160469654,Microglia,Neurons,0.005400824757976603,0.0
Gnas,Gnas,0.48590660496424065,0.0772118848328871,8.49027,Adcy9,Adcy9,0.28846153846153844,0.035158654130630684,Oligodendrocytes,Pericytes,0.005400013441947313,0.1
Ptn,Ptn,0.41494845360824745,0.049143312553678875,8.49027,Cdh10,Cdh10,0.3552096480157061,0.05507752133403088,Astrocytes,Oligodendrocytes,0.00538423675177875,0.65
Calr,Calr,0.4509670851713607,0.024756265976759617,8.49027,Itgav,Itgav,0.5320197044334976,0.10911949221648332,Neurons,OPCs,0.005373749148095985,0.0
Hsp90b1,Hsp90b1,0.30864197530864196,0.049169175515189956,8.49027,Lrp1,Lrp1,0.5218866644044792,0.05486633786237893,Microglia,Neurons,0.0053665103725420065,0.0
Psap,Psap,0.6827281981676281,0.09203127051421411,8.49027,Gpr37,Gpr37,0.25872949095498526,0.029285876904215358,Neurons,Oligodendrocytes,0.005361531940963535,0.0
Rtn4,Rtn4,0.5390946502057613,0.1500311274801267,8.49027,Lingo1,Lingo1,0.33932813030200204,0.017902792664302503,Microglia,Neurons,0.005343248659811585,0.0
App,App,0.29218106995884774,0.047175932024871914,8.49027,Lrp1,Lrp1,0.411522633744856,0.05689595816266979,Microglia,Microglia,0.005339575587841371,0.15
Fgf13,Fgf13,0.36213991769547327,0.06041659767553975,8.49027,Fgfr2,Fgfr2,0.46798029556650245,0.04434428173645366,Microglia,OPCs,0.005329703314976198,0.0
Apoe,Apoe,0.388865516757818,0.06760146387603161,8.49027,Sorl1,Sorl1,0.34536082474226804,0.039568285558095995,Oligodendrocytes,Astrocytes,0.005321280543354871,0.0
App,App,0.29218106995884774,0.047175932024871914,8.49027,Lrp1,Lrp1,0.4551282051282051,0.05665531204614227,Microglia,Pericytes,0.005317111497984701,0.16
Il1rapl1,Il1rapl1,0.41438788388725284,0.07057209248083263,8.49027,Ptprs,Ptprs,0.327319587628866,0.03760428532678295,Oligodendrocytes,Astrocytes,0.005279604038774306,0.46
Lamc1,Lamc1,0.358974358974359,0.058983835942121754,8.49027,Itgb1,Itga6_Itgb1,0.2962962962962963,0.044881685854855524,Pericytes,Microglia,0.005266702968251856,0.0
Apoe,Apoe,0.388865516757818,0.06760146387603161,8.49027,Lrp6,Lrp6,0.4088669950738916,0.038993602515021486,Oligodendrocytes,OPCs,0.005244400486119862,0.0
Sdc2,Sdc2,0.3717948717948718,0.05196056323109566,8.49027,Ptprj,Ptprj,0.500508992195453,0.05067362377567908,Pericytes,Neurons,0.005238473946241629,0.0
Gnas,Gnas,0.5850515463917526,0.14114899038977446,8.49027,Adcy1,Adcy1,0.3461146929080421,0.018539273196945816,Astrocytes,Neurons,0.0052063514309522545,0.0
Penk,Penk,0.26060400407193757,0.01471765820822546,8.49027,Grm7,Grm7,0.6847290640394089,0.17777367480478157,Neurons,OPCs,0.005205584459184242,0.0
App,App,0.5517241379310345,0.11841058036538166,8.49027,Lrp6,Lrp6,0.4034611469290804,0.02205257293612961,OPCs,Neurons,0.005195382949669747,0.0
Il18,Il18,0.30927835051546393,0.03697795621714317,8.49027,Il1rapl1,Il1rapl1,0.41438788388725284,0.07057209248083263,Astrocytes,Oligodendrocytes,0.005192124632960028,0.0
Cntn1,Cntn1,0.6804123711340206,0.20883643597620427,8.49027,Notch1,Notch1,0.2512315270935961,0.012464456501964372,Astrocytes,OPCs,0.005179102597950524,0.0
Ptn,Ptn,0.40316926097321554,0.06133538219136003,8.49027,Sdc4,Sdc4,0.3634020618556701,0.04239928470925036,Oligodendrocytes,Astrocytes,0.00517424064902554,0.0
Sdc2,Sdc2,0.3717948717948718,0.05196056323109566,8.49027,Ptprj,Ptprj,0.4097938144329897,0.049995892556562116,Pericytes,Astrocytes,0.005168774436161017,0.0
App,App,0.29218106995884774,0.047175932024871914,8.49027,Lrp1,Lrp1,0.5218866644044792,0.05486633786237893,Microglia,Neurons,0.00515008061612753,0.0
Grn,Grn,0.4732510288065844,0.06174213763611336,8.49027,Egfr,Egfr,0.3582474226804124,0.04175933524722142,Microglia,Astrocytes,0.005130166921097593,0.0
Rtn4,Rtn4,0.5390946502057613,0.1500311274801267,8.49027,Cntnap1,Cntnap1,0.32473702069901594,0.017184501385432482,Microglia,Neurons,0.005129967965452963,0.0
Sparc,Sparc,0.5911330049261084,0.1254354791644805,8.49027,Fgfr1,Fgfr1,0.3712249745503902,0.02053566882345237,OPCs,Neurons,0.005125397877923977,0.0
Apoe,Apoe,0.45267489711934156,0.07626742690494792,8.49027,Abca1,Abca1,0.27319587628865977,0.033736094717738196,Microglia,Astrocytes,0.005119585247163632,0.0
App,App,0.8177807940278249,0.2096492676470556,8.49027,Gpc1,Gpc1,0.2653545978961656,0.012230857498371661,Neurons,Neurons,0.005102214536237742,0.0
Alcam,Alcam,0.49304377332880894,0.046107584263185064,8.49027,Chl1,Chl1,0.4742268041237113,0.05560789808422628,Neurons,Astrocytes,0.005101730571415859,0.0
Tgfa,Tgfa,0.33004926108374383,0.03690540355465499,8.49027,Erbb4,Erbb4,0.40685442823210044,0.06937572341068332,OPCs,Neurons,0.005094590381144254,0.0
App,App,0.5064102564102564,0.11599158612409188,8.49027,Lrp6,Lrp6,0.4034611469290804,0.02205257293612961,Pericytes,Neurons,0.005089787360331175,0.0
Ptn,Ptn,0.41494845360824745,0.049143312553678875,8.49027,Sdc2,Sdc2,0.3717948717948718,0.05196056323109566,Astrocytes,Pericytes,0.005081079182978536,0.0
Gnai2,Gnai2,0.2757201646090535,0.04653448810629257,8.49027,Igf1r,Igf1r,0.3717948717948718,0.054859767694326766,Microglia,Pericytes,0.00507980623243251,0.0
Fgfr3,Fgfr3,0.5876288659793815,0.14916771946821505,8.49027,Epha4,Epha4,0.2952154733627418,0.0170317017592031,Astrocytes,Neurons,0.005055472554130039,0.0
Serpine2,Serpine2,0.2757201646090535,0.04457604623539657,8.49027,Lrp1,Lrp1,0.411522633744856,0.05689595816266979,Microglia,Microglia,0.005046794395119958,0.0
Lgi3,Lgi3,0.329487614523244,0.01785576598662819,8.49027,Adam22,Adam22,0.7200542925008483,0.14170483696200087,Neurons,Neurons,0.005035017127790224,0.0
Serpine2,Serpine2,0.2757201646090535,0.04457604623539657,8.49027,Lrp1,Lrp1,0.4551282051282051,0.05665531204614227,Microglia,Pericytes,0.005025555839405085,0.0
Fgf13,Fgf13,0.36213991769547327,0.06041659767553975,8.49027,Egfr,Egfr,0.3582474226804124,0.04175933524722142,Microglia,Astrocytes,0.0050205804966759054,0.0
Hsp90b1,Hsp90b1,0.30864197530864196,0.049169175515189956,8.49027,Lrp1,Lrp1,0.4742268041237113,0.05117955567463084,Microglia,Astrocytes,0.005007709743484099,0.0
Slit2,Slit2,0.39124533423820834,0.042679525587700384,8.49027,Robo1,Robo1,0.33894264479035197,0.05884100520985158,Neurons,Oligodendrocytes,0.004997511810257736,0.0
Bcan,Bcan,0.26874787919918564,0.013322399611839841,8.49027,Nrcam,Nrcam,0.6597938144329897,0.1882137973283926,Neurons,Astrocytes,0.0049898949228783,0.0
L1cam,L1cam,0.2829996606718697,0.014172529513320431,8.49027,Cd9,Cd9,0.5843621399176955,0.17692307892771186,Neurons,Microglia,0.0049898714335027804,0.0
Fgf1,Fgf1,0.30412371134020616,0.036871358377714714,8.49027,Fgfr2,Fgfr2,0.46038423783480575,0.0679029562249931,Astrocytes,Oligodendrocytes,0.004982399855473934,0.0
Lrrc4b,Lrrc4b,0.35799117746861214,0.018825450657053766,8.49027,Ptprs,Ptprs,0.5960591133004927,0.1327099197383872,Neurons,OPCs,0.004971805727871802,0.0
Adam10,Adam10,0.2507362221287337,0.012589448969097583,8.49027,Trem2,Trem2,0.6213991769547325,0.19802665177083778,Oligodendrocytes,Microglia,0.004961355076885521,0.0
Gnas,Gnas,0.5911330049261084,0.13375737669993382,8.49027,Adcy1,Adcy1,0.3461146929080421,0.018539273196945816,OPCs,Neurons,0.004935053555786124,0.0
Bsg,Bsg,0.6932473702069901,0.09878080494399422,8.49027,Slc16a7,Slc16a7,0.2561576354679803,0.025071721797611857,Neurons,OPCs,0.0049287963589619305,0.0
Ptn,Ptn,0.40316926097321554,0.06133538219136003,8.49027,Sdc2,Sdc2,0.3427835051546392,0.04035273484009849,Oligodendrocytes,Astrocytes,0.0049257180268858615,0.0
Cntn2,Cntn2,0.25212080081438754,0.010661533325777739,8.49027,Nrcam,Nrcam,0.7635467980295566,0.23204312426380924,Neurons,OPCs,0.004923510111788846,0.0
Nlgn2,Nlgn2,0.32019704433497537,0.0352717879139155,8.49027,Nrxn2,Nrxn2,0.5687139463861555,0.07009189015678263,OPCs,Neurons,0.004920204457011147,0.0
Nrxn2,Nrxn2,0.5687139463861555,0.07009189015678263,8.49027,Nlgn2,Nlgn2,0.32019704433497537,0.0352717879139155,Neurons,OPCs,0.004920204457011147,0.0
Vegfa,Vegfa,0.36597938144329895,0.04257731020042266,8.49027,Itgav,Itgav,0.4074074074074074,0.057837314851942434,Astrocytes,Microglia,0.004900976719270018,0.0
App,App,0.29218106995884774,0.047175932024871914,8.49027,Rpsa,Rpsa,0.35436825129715327,0.05204162104501453,Microglia,Oligodendrocytes,0.004886231462994251,1.0
H2-K1,H2-K1,0.39094650205761317,0.05727831614352752,8.49027,Aplp2,Aplp2,0.30128205128205127,0.04284033981855384,Microglia,Pericytes,0.00488367769893401,0.0
Gnas,Gnas,0.48590660496424065,0.0772118848328871,8.49027,Adcy9,Adcy9,0.29064039408866993,0.0317211574749936,Oligodendrocytes,OPCs,0.004874622374262291,0.1
Serpine2,Serpine2,0.2757201646090535,0.04457604623539657,8.49027,Lrp1,Lrp1,0.5218866644044792,0.05486633786237893,Microglia,Neurons,0.004867639019470288,0.0
Itgav,Itgav,0.25773195876288657,0.029662390884252543,8.49027,Thy1,Thy1,0.6084153376314897,0.08201140531937545,Astrocytes,Neurons,0.004841752104351973,0.0
Psap,Psap,0.5566502463054187,0.11329936696449328,8.49027,Sort1,Sort1,0.39531727180183235,0.02145125644836654,OPCs,Neurons,0.00483731420223211,0.0
Ptn,Ptn,0.40316926097321554,0.06133538219136003,8.49027,Sdc3,Sdc3,0.3891625615763547,0.03945592401307563,Oligodendrocytes,OPCs,0.00481677474275446,0.0
Hsp90b1,Hsp90b1,0.2564102564102564,0.016731269482768263,8.49027,Lrp1,Lrp1,0.6896551724137931,0.14452961608495252,Pericytes,OPCs,0.0048130504198394515,0.0
App,App,0.29218106995884774,0.047175932024871914,8.49027,Lrp1,Lrp1,0.4742268041237113,0.05117955567463084,Microglia,Astrocytes,0.004805680394061119,0.06
Adam17,Adam17,0.26337448559670784,0.034580910215889826,8.49027,Erbb4,Erbb4,0.40685442823210044,0.06937572341068332,Microglia,Neurons,0.004775239005493785,0.0
Adam10,Adam10,0.43209876543209874,0.058828840702099594,8.49027,Tspan5,Tspan5,0.28817837610433317,0.04073967008776003,Microglia,Oligodendrocytes,0.004770468668671807,0.0
Cntn1,Cntn1,0.7570410587037666,0.19161842734798618,8.49027,Notch1,Notch1,0.2512315270935961,0.012464456501964372,Neurons,OPCs,0.00475412939410613,0.0
Adam10,Adam10,0.2507362221287337,0.012589448969097583,8.49027,Cadm1,Cadm1,0.7438423645320197,0.18919698827055464,Oligodendrocytes,OPCs,0.0047411857316649614,0.01
Ptn,Ptn,0.34170342721411606,0.02052779989104636,8.49027,Ptprs,Ptprs,0.7047845266372582,0.11562943445945817,Neurons,Neurons,0.004724806016004667,0.0
Adam10,Adam10,0.2507362221287337,0.012589448969097583,8.49027,Nrcam,Nrcam,0.6597938144329897,0.1882137973283926,Oligodendrocytes,Astrocytes,0.0047166636490231055,0.0
App,App,0.29218106995884774,0.047175932024871914,8.49027,Rpsa,Rpsa,0.3374485596707819,0.04990351794189518,Microglia,Microglia,0.004686423960383461,1.0
Apoe,Apoe,0.45267489711934156,0.07626742690494792,8.49027,Sdc2,Sdc2,0.2660098522167488,0.030683516714840264,Microglia,OPCs,0.00465850252040205,0.0
App,App,0.5727106997616043,0.1912491237039715,8.49027,Gpc1,Gpc1,0.2653545978961656,0.012230857498371661,Oligodendrocytes,Neurons,0.004656497152671918,0.0
Ptn,Ptn,0.40316926097321554,0.06133538219136003,8.49027,Ptprs,Ptprs,0.327319587628866,0.03760428532678295,Oligodendrocytes,Astrocytes,0.004591764859807409,0.0
Calr,Calr,0.3694581280788177,0.039838715500413624,8.49027,Itgav,Itgav,0.4074074074074074,0.057837314851942434,OPCs,Microglia,0.00458718938705202,0.0
Spon1,Spon1,0.4484536082474227,0.0486828795291987,8.49027,App,App,0.29218106995884774,0.047175932024871914,Astrocytes,Microglia,0.004572318307789316,0.0
Fgf13,Fgf13,0.36213991769547327,0.06041659767553975,8.49027,Scn8a,Scn8a,0.3497536945812808,0.03786901650172636,Microglia,OPCs,0.004554991383042169,0.0
Adam10,Adam10,0.33004926108374383,0.038064970206242554,8.49027,Cadm1,Cadm1,0.4691358024691358,0.06002822501165417,OPCs,Microglia,0.004549155800520752,0.03
Serpine2,Serpine2,0.2757201646090535,0.04457604623539657,8.49027,Lrp1,Lrp1,0.4742268041237113,0.05117955567463084,Microglia,Astrocytes,0.004542040220334183,0.0
Gnai2,Gnai2,0.2757201646090535,0.04653448810629257,8.49027,Igf1r,Igf1r,0.4975369458128079,0.049010155860757854,Microglia,OPCs,0.004540613814536246,0.0
Apoe,Apoe,0.388865516757818,0.06760146387603161,8.49027,Abca1,Abca1,0.27319587628865977,0.033736094717738196,Oligodendrocytes,Astrocytes,0.004540508524023309,0.0
Vcl,Vcl,0.4639175257731959,0.05086912466775839,8.49027,Alk,Alk,0.43842364532019706,0.04481164910953117,Astrocytes,OPCs,0.004538368043790083,0.0
H2-K1,H2-K1,0.39094650205761317,0.05727831614352752,8.49027,Aplp2,Aplp2,0.39408866995073893,0.03979491555012382,Microglia,OPCs,0.0045380834221659975,0.0
Adam10,Adam10,0.33004926108374383,0.038064970206242554,8.49027,Il6ra,Il6ra,0.4156378600823045,0.05978195471894843,OPCs,Microglia,0.0045305771031587195,0.0
Calr,Calr,0.3694581280788177,0.039838715500413624,8.49027,Lrp1,Lrp1,0.411522633744856,0.05689595816266979,OPCs,Microglia,0.00451286550024059,0.0
Calr,Calr,0.3694581280788177,0.039838715500413624,8.49027,Lrp1,Lrp1,0.4551282051282051,0.05665531204614227,OPCs,Pericytes,0.004493863742647484,0.0
App,App,0.29218106995884774,0.047175932024871914,8.49027,Notch2,Notch2,0.3004115226337449,0.04775724139878146,Microglia,Microglia,0.004485771927958916,0.0
Alcam,Alcam,0.49304377332880894,0.046107584263185064,8.49027,Nrp1,Nrp1,0.2880658436213992,0.0488521067694172,Neurons,Microglia,0.004484702100534039,0.0
Rtn4,Rtn4,0.5348478474267284,0.17910400264259474,8.49027,Rtn4rl1,Rtn4rl1,0.25102880658436216,0.01255927858540351,Oligodendrocytes,Microglia,0.004478685267758721,0.0
Lgi3,Lgi3,0.329487614523244,0.01785576598662819,8.49027,Adam23,Adam23,0.677638276213098,0.12573140262250315,Neurons,Neurons,0.004469990474872856,0.0
Sema6a,Sema6a,0.3399014778325123,0.03747434483072465,8.49027,Plxna2,Plxna2,0.517814726840855,0.05990777163818328,OPCs,Neurons,0.004469938918911666,0.0
Psap,Psap,0.32051282051282054,0.039277326363552856,8.49027,Lrp1,Lrp1,0.411522633744856,0.05689595816266979,Pericytes,Microglia,0.004449555205083698,0.0
Cd14,Cd14,0.2757201646090535,0.04966462778987579,8.49027,Itgb1,Itgb1,0.2962962962962963,0.044881685854855524,Microglia,Microglia,0.004438278314376167,0.0
Cntn2,Cntn2,0.25212080081438754,0.010661533325777739,8.49027,Cntn1,Cntn1,0.6804123711340206,0.20883643597620427,Neurons,Astrocytes,0.004433291648504564,0.0
Cntn3,Cntn3,0.28078817733990147,0.033044979205428815,8.49027,Ptprg,Ptprg,0.4551282051282051,0.06734281846513812,OPCs,Pericytes,0.004430963254054113,0.0
Psap,Psap,0.32051282051282054,0.039277326363552856,8.49027,Lrp1,Lrp1,0.4551282051282051,0.05665531204614227,Pericytes,Pericytes,0.004430818833731797,0.0
Rgma,Rgma,0.4097938144329897,0.04456019780010578,8.49027,Bmpr2,Bmpr2,0.32510288065843623,0.049851114555304665,Astrocytes,Microglia,0.004423100316702691,0.0
Psap,Psap,0.28705651381292946,0.03895458342162339,8.49027,Lrp1,Lrp1,0.411522633744856,0.05689595816266979,Oligodendrocytes,Microglia,0.004413154433855548,0.0
Cx3cl1,Cx3cl1,0.3661350525958602,0.020298904959290653,8.49027,Itgav,Itgav,0.5320197044334976,0.10911949221648332,Neurons,OPCs,0.004410473949117365,0.0
Psap,Psap,0.28705651381292946,0.03895458342162339,8.49027,Lrp1,Lrp1,0.4551282051282051,0.05665531204614227,Oligodendrocytes,Pericytes,0.004394570663777775,0.0
Ptn,Ptn,0.41494845360824745,0.049143312553678875,8.49027,Alk,Alk,0.43842364532019706,0.04481164910953117,Astrocytes,OPCs,0.004385072206901778,0.0
Alcam,Alcam,0.28205128205128205,0.03953820248997841,8.49027,Chl1,Chl1,0.4742268041237113,0.05560789808422628,Pericytes,Astrocytes,0.004378021315517452,0.0
Hsp90aa1,Hsp90aa1,0.368111064366849,0.052370222467232,8.49027,Egfr,Egfr,0.3582474226804124,0.04175933524722142,Oligodendrocytes,Astrocytes,0.004354843740576654,0.0
Calr,Calr,0.3694581280788177,0.039838715500413624,8.49027,Lrp1,Lrp1,0.5218866644044792,0.05486633786237893,OPCs,Neurons,0.004352581067386301,0.0
Lrrc4b,Lrrc4b,0.35799117746861214,0.018825450657053766,8.49027,Ptprs,Ptprs,0.7047845266372582,0.11562943445945817,Neurons,Neurons,0.004334681164141736,0.0
Nid1,Nid1,0.27564102564102566,0.03747312680037118,8.49027,Itgav,Itgav,0.4074074074074074,0.057837314851942434,Pericytes,Microglia,0.004315981623807833,0.0
Psap,Psap,0.32051282051282054,0.039277326363552856,8.49027,Lrp1,Lrp1,0.5218866644044792,0.05486633786237893,Pericytes,Neurons,0.004291509684196374,0.0
App,App,0.29218106995884774,0.047175932024871914,8.49027,Rpsa,Rpsa,0.3141025641025641,0.04542483174026224,Microglia,Pericytes,0.004267626852022728,1.0
Psap,Psap,0.28705651381292946,0.03895458342162339,8.49027,Lrp1,Lrp1,0.5218866644044792,0.05486633786237893,Oligodendrocytes,Neurons,0.004256396318604155,0.0
Vegfa,Vegfa,0.2955665024630542,0.0368593044404415,8.49027,Itgav,Itgav,0.4074074074074074,0.057837314851942434,OPCs,Microglia,0.004245584551212504,0.0
Lamc1,Lamc1,0.358974358974359,0.058983835942121754,8.49027,Itgb1,Itga9_Itgb1,0.3251231527093596,0.03609275967810888,Pericytes,OPCs,0.004239727011186115,0.0
Lama4,Lama4,0.28846153846153844,0.04737419015857269,8.49027,Itgb1,Itga6_Itgb1,0.2962962962962963,0.044881685854855524,Pericytes,Microglia,0.004234460138476675,0.0
Nlgn3,Nlgn3,0.2857142857142857,0.030202463173612415,8.49027,Nrxn2,Nrxn2,0.5687139463861555,0.07009189015678263,OPCs,Neurons,0.004216045167952116,0.0
Nrxn2,Nrxn2,0.5687139463861555,0.07009189015678263,8.49027,Nlgn3,Nlgn3,0.2857142857142857,0.030202463173612415,Neurons,OPCs,0.004216045167952116,0.0
Sema6a,Sema6a,0.3399014778325123,0.03747434483072465,8.49027,Plxna4,Plxna4,0.41975308641975306,0.0561726113557981,OPCs,Microglia,0.004192413289326375,0.0
Ntrk3,Ntrk3,0.6501526976586359,0.12720612848524593,8.49027,Ptprf,Ptprf,0.31218187987784185,0.01650977048748159,Neurons,Neurons,0.00418271934602654,0.0
Slitrk1,Slitrk1,0.2992874109263658,0.01582383423680489,8.49027,Ptprs,Ptprs,0.5960591133004927,0.1327099197383872,Neurons,OPCs,0.004182393658879481,0.0
Lgi2,Lgi2,0.2850356294536817,0.014815588550678993,8.49027,Adam22,Adam22,0.7200542925008483,0.14170483696200087,Neurons,Neurons,0.004181324236745253,0.0
Pros1,Pros1,0.37448559670781895,0.05769103010852583,8.49027,Mertk,Mertk,0.3448275862068966,0.036240011474443,Microglia,OPCs,0.004164035491720688,0.0
Fgf13,Fgf13,0.36213991769547327,0.06041659767553975,8.49027,Fgfr2,Fgfr2,0.25925925925925924,0.034580910215889826,Microglia,Microglia,0.004161134488032825,0.0
St6gal1,St6gal1,0.3141025641025641,0.04999804868089819,8.49027,Egfr,Egfr,0.3582474226804124,0.04175933524722142,Pericytes,Astrocytes,0.004158406003806332,0.0
Ptn,Ptn,0.41494845360824745,0.049143312553678875,8.49027,Sdc4,Sdc4,0.3634020618556701,0.04239928470925036,Astrocytes,Astrocytes,0.004149988426474061,0.0
Vegfa,Vegfa,0.36597938144329895,0.04257731020042266,8.49027,Nrp1,Nrp1,0.2880658436213992,0.0488521067694172,Astrocytes,Microglia,0.004142748844589596,0.0
Agrn,Agrn,0.3054187192118227,0.036506940895809636,8.49027,Lrp1,Lrp1,0.411522633744856,0.05689595816266979,OPCs,Microglia,0.004137008823318835,0.0
Apoe,Apoe,0.388865516757818,0.06760146387603161,8.49027,Sdc2,Sdc2,0.2660098522167488,0.030683516714840264,Oligodendrocytes,OPCs,0.004131362331598904,0.0
Efna5,Efna5,0.5561588055649813,0.09536538289465502,8.49027,Ephb2,Ephb2,0.4024431625381744,0.02172649532896731,Neurons,Neurons,0.004126809958450355,0.0
Il18,Il18,0.27586206896551724,0.02933365826928447,8.49027,Il1rapl1,Il1rapl1,0.41438788388725284,0.07057209248083263,OPCs,Oligodendrocytes,0.004123204088366232,0.0
Agrn,Agrn,0.3054187192118227,0.036506940895809636,8.49027,Lrp1,Lrp1,0.4551282051282051,0.05665531204614227,OPCs,Pericytes,0.004119583089270163,0.0
Adam17,Adam17,0.26337448559670784,0.034580910215889826,8.49027,Il6ra,Il6ra,0.4156378600823045,0.05978195471894843,Microglia,Microglia,0.004117604052956972,0.0
Sdc2,Sdc2,0.3427835051546392,0.04035273484009849,8.49027,Ptprj,Ptprj,0.500508992195453,0.05067362377567908,Astrocytes,Neurons,0.0040729815844794195,0.0
Cntn2,Cntn2,0.25212080081438754,0.010661533325777739,8.49027,Cntn1,Cntn1,0.7570410587037666,0.19161842734798618,Neurons,Neurons,0.004069265914933128,0.0
Calr,Calr,0.3694581280788177,0.039838715500413624,8.49027,Lrp1,Lrp1,0.4742268041237113,0.05117955567463084,OPCs,Astrocytes,0.004061294145186679,0.0
Sdc2,Sdc2,0.27994570749915165,0.015238467101833075,8.49027,Ptprj,Ptprj,0.5812807881773399,0.13369067813001623,Neurons,OPCs,0.004057947965067304,0.0
App,App,0.29218106995884774,0.047175932024871914,8.49027,Dcc,Dcc,0.2755574253260412,0.04299481292020402,Microglia,Oligodendrocytes,0.0040402508970882045,1.0
Sema6a,Sema6a,0.28978622327790976,0.01678324287305244,8.49027,Plxna4,Plxna4,0.667119104173736,0.12074306637018384,Neurons,Neurons,0.004036560557560581,0.0
Rgma,Rgma,0.4097938144329897,0.04456019780010578,8.49027,Neo1,Neo1,0.3134202776609171,0.04540604265676218,Astrocytes,Oligodendrocytes,0.004030295472479099,0.0
App,App,0.29218106995884774,0.047175932024871914,8.49027,Aplp2,Aplp2,0.30128205128205127,0.04284033981855384,Microglia,Pericytes,0.004025793396124006,0.98
Sdc2,Sdc2,0.3427835051546392,0.04035273484009849,8.49027,Ptprj,Ptprj,0.4097938144329897,0.049995892556562116,Astrocytes,Astrocytes,0.004018726661900128,0.0
Slit2,Slit2,0.39124533423820834,0.042679525587700384,8.49027,App,App,0.29218106995884774,0.047175932024871914,Neurons,Microglia,0.004010741968020799,0.0
Bsg,Bsg,0.5911330049261084,0.12194266129017417,8.49027,Slc16a7,Slc16a7,0.2972514421445538,0.016494577577172098,OPCs,Neurons,0.004006667410182099,0.0
Psap,Psap,0.32051282051282054,0.039277326363552856,8.49027,Lrp1,Lrp1,0.4742268041237113,0.05117955567463084,Pericytes,Astrocytes,0.0040042933927344464,0.0
Cntn2,Cntn2,0.25212080081438754,0.010661533325777739,8.49027,Nrcam,Nrcam,0.6597938144329897,0.1882137973283926,Neurons,Astrocytes,0.003997253187564529,0.0
Agrn,Agrn,0.3054187192118227,0.036506940895809636,8.49027,Lrp1,Lrp1,0.5218866644044792,0.05486633786237893,OPCs,Neurons,0.003990020268641495,0.0
Psap,Psap,0.28705651381292946,0.03895458342162339,8.49027,Lrp1,Lrp1,0.4742268041237113,0.05117955567463084,Oligodendrocytes,Astrocytes,0.003971520673080484,0.0
Hsp90b1,Hsp90b1,0.3251231527093596,0.03495302375413489,8.49027,Lrp1,Lrp1,0.411522633744856,0.05689595816266979,OPCs,Microglia,0.003961614740569696,0.0
Gnai2,Gnai2,0.2757201646090535,0.04653448810629257,8.49027,S1pr1,S1pr1,0.3479381443298969,0.04266512422161195,Microglia,Astrocytes,0.003955094544121704,0.0
Ptn,Ptn,0.41494845360824745,0.049143312553678875,8.49027,Sdc2,Sdc2,0.3427835051546392,0.04035273484009849,Astrocytes,Astrocytes,0.00395046604311679,0.0
Lamc1,Lamc1,0.358974358974359,0.058983835942121754,8.49027,Itgb8,Itgav_Itgb8,0.31527093596059114,0.033608434079646976,Pericytes,OPCs,0.003949051883596397,0.0
Hsp90b1,Hsp90b1,0.3251231527093596,0.03495302375413489,8.49027,Lrp1,Lrp1,0.4551282051282051,0.05665531204614227,OPCs,Pericytes,0.003944924867508857,0.0
Psap,Psap,0.6827281981676281,0.09203127051421411,8.49027,Sort1,Sort1,0.39531727180183235,0.02145125644836654,Neurons,Neurons,0.003932844434265357,0.0
Apoe,Apoe,0.45267489711934156,0.07626742690494792,8.49027,Sorl1,Sorl1,0.4482524601289447,0.025846978811637,Microglia,Neurons,0.003927082356481706,0.0
Gnai2,Gnai2,0.2757201646090535,0.04653448810629257,8.49027,Adcy8,Adcy8,0.3711340206185567,0.04234490158456372,Microglia,Astrocytes,0.003925526152925789,0.0
Apoe,Apoe,0.5064102564102564,0.1292165735829045,8.49027,Sdc2,Sdc2,0.27994570749915165,0.015238467101833075,Pericytes,Neurons,0.003922677018631787,0.0
Cntn2,Cntn2,0.286916281026504,0.04029360596025944,8.49027,Nrp1,Nrp1,0.2880658436213992,0.0488521067694172,Oligodendrocytes,Microglia,0.003921417030429907,0.0
Lgi3,Lgi3,0.329487614523244,0.01785576598662819,8.49027,Adam22,Adam22,0.5369458128078818,0.11019019354978976,Neurons,OPCs,0.003919636612414043,0.0
Cntn6,Cntn6,0.625615763546798,0.15704105363233012,8.49027,Notch1,Notch1,0.2512315270935961,0.012464456501964372,OPCs,OPCs,0.0038995963793852025,0.0
Sptan1,Sptan1,0.35960591133004927,0.03580517288316831,8.49027,Ptpra,Ptpra,0.4074074074074074,0.054624077065843935,OPCs,Microglia,0.0038964076665211045,0.0
Gnai2,Gnai2,0.2757201646090535,0.04653448810629257,8.49027,Igf1r,Igf1r,0.3634020618556701,0.041961547591853554,Microglia,Astrocytes,0.003890126094143251,0.0
Adam10,Adam10,0.2507362221287337,0.012589448969097583,8.49027,Cadm1,Cadm1,0.6973193077706142,0.1548631662178961,Oligodendrocytes,Neurons,0.0038841384980439916,0.0
Gnai2,Gnai2,0.2757201646090535,0.04653448810629257,8.49027,Egfr,Egfr,0.3582474226804124,0.04175933524722142,Microglia,Astrocytes,0.0038714521853608105,0.0
Ptn,Ptn,0.41494845360824745,0.049143312553678875,8.49027,Sdc3,Sdc3,0.3891625615763547,0.03945592401307563,Astrocytes,OPCs,0.003863008903340355,0.0
Ptn,Ptn,0.34170342721411606,0.02052779989104636,8.49027,Cdh10,Cdh10,0.5629453681710214,0.09438292733393117,Neurons,Neurons,0.003859990429881115,1.0
Alcam,Alcam,0.28205128205128205,0.03953820248997841,8.49027,Nrp1,Nrp1,0.2880658436213992,0.0488521067694172,Pericytes,Microglia,0.0038481832586142435,0.0
Ntrk3,Ntrk3,0.49226804123711343,0.05101124020209047,8.49027,Ptprs,Ptprs,0.327319587628866,0.03760428532678295,Astrocytes,Astrocytes,0.0038218201170098095,0.0
Hsp90b1,Hsp90b1,0.3251231527093596,0.03495302375413489,8.49027,Lrp1,Lrp1,0.5218866644044792,0.05486633786237893,OPCs,Neurons,0.0038208340549069405,0.0
Efna5,Efna5,0.5561588055649813,0.09536538289465502,8.49027,Epha3,Epha3,0.30844927044451986,0.02010175077529064,Neurons,Neurons,0.003819378735759131,0.0
Adam10,Adam10,0.33004926108374383,0.038064970206242554,8.49027,Tspan5,Tspan5,0.49226804123711343,0.050322211488182056,OPCs,Astrocytes,0.0038164062069429554,0.0
Vegfa,Vegfa,0.36597938144329895,0.04257731020042266,8.49027,Itgb1,Itgb1,0.2962962962962963,0.044881685854855524,Astrocytes,Microglia,0.0038073317457430703,0.0
App,App,0.29218106995884774,0.047175932024871914,8.49027,Rpsa,Rpsa,0.4039408866995074,0.04046159059890697,Microglia,OPCs,0.0038031076508914688,1.0
Fgf1,Fgf1,0.30412371134020616,0.036871358377714714,8.49027,Tgfbr3,Tgfbr3,0.28846153846153844,0.051665099605857745,Astrocytes,Pericytes,0.0037954643725112694,0.0
Ccl25,Ccl25,0.31116389548693585,0.016061782784667744,8.49027,Grm7,Grm7,0.47435897435897434,0.11845025059604364,Neurons,Pericytes,0.0037906209108880934,0.0
Adam10,Adam10,0.26804123711340205,0.03152876922964609,8.49027,Cadm1,Cadm1,0.4691358024691358,0.06002822501165417,Astrocytes,Microglia,0.00377095815543015,0.11
Rgma,Rgma,0.4097938144329897,0.04456019780010578,8.49027,Neo1,Neo1,0.36597938144329895,0.042352115869531914,Astrocytes,Astrocytes,0.0037602445135713307,0.0
Adam10,Adam10,0.26804123711340205,0.03152876922964609,8.49027,Il6ra,Il6ra,0.4156378600823045,0.05978195471894843,Astrocytes,Microglia,0.0037555456176226396,0.0
Rtn4,Rtn4,0.5390946502057613,0.1500311274801267,8.49027,Rtn4rl1,Rtn4rl1,0.25102880658436216,0.01255927858540351,Microglia,Microglia,0.0037544166879836588,0.0
Ptn,Ptn,0.40316926097321554,0.06133538219136003,8.49027,Sdc2,Sdc2,0.2660098522167488,0.030683516714840264,Oligodendrocytes,OPCs,0.0037498561018028866,0.0
Mdk,Mdk,0.2654639175257732,0.03304866225542413,8.49027,Lrp1,Lrp1,0.411522633744856,0.05689595816266979,Astrocytes,Microglia,0.0037465809531549896,0.0
Vcl,Vcl,0.2948717948717949,0.04192330336935035,8.49027,Alk,Alk,0.43842364532019706,0.04481164910953117,Pericytes,OPCs,0.0037432402260294067,0.0
App,App,0.29218106995884774,0.047175932024871914,8.49027,Aplp2,Aplp2,0.39408866995073893,0.03979491555012382,Microglia,OPCs,0.003740679242002415,1.0
Mdk,Mdk,0.2654639175257732,0.03304866225542413,8.49027,Lrp1,Lrp1,0.4551282051282051,0.05665531204614227,Astrocytes,Pericytes,0.0037307936019697137,0.0
Agrn,Agrn,0.3054187192118227,0.036506940895809636,8.49027,Lrp1,Lrp1,0.4742268041237113,0.05117955567463084,OPCs,Astrocytes,0.003722906205150482,0.0
Adam10,Adam10,0.33004926108374383,0.038064970206242554,8.49027,Tspan5,Tspan5,0.34615384615384615,0.04898607080234196,OPCs,Pericytes,0.0037154505966018685,0.0
Lgi2,Lgi2,0.2850356294536817,0.014815588550678993,8.49027,Adam23,Adam23,0.677638276213098,0.12573140262250315,Neurons,Neurons,0.0037117411089967064,0.0
Rtn4,Rtn4,0.6939260264675942,0.10339765422411484,8.49027,Lingo1,Lingo1,0.33932813030200204,0.017902792664302503,Neurons,Neurons,0.0036885577028613666,0.0
Ptn,Ptn,0.41494845360824745,0.049143312553678875,8.49027,Ptprs,Ptprs,0.327319587628866,0.03760428532678295,Astrocytes,Astrocytes,0.003682388193860012,0.09
Rims2,Rims2,0.45618556701030927,0.05477697497694334,8.49027,Abca1,Abca1,0.27319587628865977,0.033736094717738196,Astrocytes,Astrocytes,0.003682312889535318,0.0
Sptan1,Sptan1,0.27835051546391754,0.033751357831526274,8.49027,Ptpra,Ptpra,0.4074074074074074,0.054624077065843935,Astrocytes,Microglia,0.003673727504303242,0.0
App,App,0.29218106995884774,0.047175932024871914,8.49027,Lrp6,Lrp6,0.4088669950738916,0.038993602515021486,Microglia,OPCs,0.0036656327837798564,0.03
Slit2,Slit2,0.39124533423820834,0.042679525587700384,8.49027,Dcc,Dcc,0.2755574253260412,0.04299481292020402,Neurons,Oligodendrocytes,0.0036565768124615667,0.0
Fndc5,Fndc5,0.2507634882931795,0.009335018414395269,8.49027,Itgb5,Itgb5,0.6255144032921811,0.19602203356190184,Neurons,Microglia,0.0036463937379929688,0.0
Slitrk1,Slitrk1,0.2992874109263658,0.01582383423680489,8.49027,Ptprs,Ptprs,0.7047845266372582,0.11562943445945817,Neurons,Neurons,0.0036460596097084574,0.0
Adam10,Adam10,0.33004926108374383,0.038064970206242554,8.49027,Cadm1,Cadm1,0.3232365727106998,0.0480031343477898,OPCs,Oligodendrocytes,0.003641169192965073,0.1
Bcan,Bcan,0.46798029556650245,0.04362509448568819,8.49027,Egfr,Egfr,0.3582474226804124,0.04175933524722142,OPCs,Astrocytes,0.0036302829199109823,0.0
Adam10,Adam10,0.33004926108374383,0.038064970206242554,8.49027,Notch2,Notch2,0.3004115226337449,0.04775724139878146,OPCs,Microglia,0.0036225851066272454,0.0
Rgma,Rgma,0.4097938144329897,0.04456019780010578,8.49027,Bmpr2,Bmpr2,0.30128205128205127,0.040792244595329596,Astrocytes,Pericytes,0.0036222525628100393,0.0
Gnai2,Gnai2,0.2757201646090535,0.04653448810629257,8.49027,Ednrb,Ednrb,0.3402061855670103,0.03904009827888899,Microglia,Astrocytes,0.0036202680166766634,0.0
Mdk,Mdk,0.2654639175257732,0.03304866225542413,8.49027,Lrp1,Lrp1,0.5218866644044792,0.05486633786237893,Astrocytes,Neurons,0.0036134140269013537,0.0
Slit2,Slit2,0.39124533423820834,0.042679525587700384,8.49027,Robo1,Robo1,0.30927835051546393,0.04231498349462082,Neurons,Astrocytes,0.003598967490364372,0.0
Gnai2,Gnai2,0.2757201646090535,0.04653448810629257,8.49027,Adcy8,Adcy8,0.3448275862068966,0.03875941599606736,Microglia,OPCs,0.0035943333297313493,0.0
Fgf1,Fgf1,0.30412371134020616,0.036871358377714714,8.49027,Nrp1,Nrp1,0.2880658436213992,0.0488521067694172,Astrocytes,Microglia,0.003589555744238838,0.0
Vegfa,Vegfa,0.2955665024630542,0.0368593044404415,8.49027,Nrp1,Nrp1,0.2880658436213992,0.0488521067694172,OPCs,Microglia,0.0035883864622170396,0.0
App,App,0.5517241379310345,0.11841058036538166,8.49027,Tnfrsf21,Tnfrsf21,0.2891075670173057,0.015159438168445338,OPCs,Neurons,0.003577233204921143,0.0
Cd14,Cd14,0.2757201646090535,0.04966462778987579,8.49027,Itgb1,Itgb1,0.3251231527093596,0.03609275967810888,Microglia,OPCs,0.0035722601588109686,0.0
Hsp90b1,Hsp90b1,0.3251231527093596,0.03495302375413489,8.49027,Lrp1,Lrp1,0.4742268041237113,0.05117955567463084,OPCs,Astrocytes,0.0035650057139937526,0.0
Tnxb,Tnxb,0.28205128205128205,0.04927733976973436,8.49027,Itgb1,Itga9_Itgb1,0.3251231527093596,0.03609275967810888,Pericytes,OPCs,0.003544502178338103,0.0
Vegfa,Vegfa,0.36597938144329895,0.04257731020042266,8.49027,Egfr,Egfr,0.3582474226804124,0.04175933524722142,Astrocytes,Astrocytes,0.003543400009526008,0.0
Rtn4,Rtn4,0.6939260264675942,0.10339765422411484,8.49027,Cntnap1,Cntnap1,0.32473702069901594,0.017184501385432482,Neurons,Neurons,0.0035410903827679256,0.0
Sptan1,Sptan1,0.28846153846153844,0.03245750245592549,8.49027,Ptpra,Ptpra,0.4074074074074074,0.054624077065843935,Pericytes,Microglia,0.003533393093911899,0.0
Fgf1,Fgf1,0.30412371134020616,0.036871358377714714,8.49027,Fgfr2,Fgfr2,0.3333333333333333,0.04783757436178393,Astrocytes,Pericytes,0.0035152719674876013,0.0
Lamc1,Lamc1,0.358974358974359,0.058983835942121754,8.49027,Dag1,Dag1,0.270935960591133,0.02988240024947797,Pericytes,OPCs,0.0035127741068523614,0.0
App,App,0.5064102564102564,0.11599158612409188,8.49027,Tnfrsf21,Tnfrsf21,0.2891075670173057,0.015159438168445338,Pericytes,Neurons,0.0035044104744030484,0.0
Lamc1,Lamc1,0.358974358974359,0.058983835942121754,8.49027,Itgav,Itgav_Itgb8,0.25773195876288657,0.029662390884252543,Pericytes,Astrocytes,0.003487001468455816,0.0
Apoe,Apoe,0.388865516757818,0.06760146387603161,8.49027,Sorl1,Sorl1,0.4482524601289447,0.025846978811637,Oligodendrocytes,Neurons,0.0034824175968888034,0.0
Penk,Penk,0.26060400407193757,0.01471765820822546,8.49027,Grm7,Grm7,0.47435897435897434,0.11845025059604364,Neurons,Pericytes,0.003474506320569811,0.0
Lamc1,Lamc1,0.35467980295566504,0.03864362764374851,8.49027,Itgb1,Itga6_Itgb1,0.2962962962962963,0.044881685854855524,OPCs,Microglia,0.003456791455339534,0.0
Fstl1,Fstl1,0.27319587628865977,0.03505408166155943,8.49027,Dip2a,Dip2a,0.33613798906184267,0.04945437714694556,Astrocytes,Oligodendrocytes,0.00345517591770168,0.0
Fgf13,Fgf13,0.5408890397013912,0.08403445545161414,8.49027,Fgfr1,Fgfr1,0.3712249745503902,0.02053566882345237,Neurons,Neurons,0.003439536252629404,0.0
Mdk,Mdk,0.2654639175257732,0.03304866225542413,8.49027,Sdc2,Sdc2,0.3717948717948718,0.05196056323109566,Astrocytes,Pericytes,0.003422699106298181,0.0
Adam10,Adam10,0.43209876543209874,0.058828840702099594,8.49027,Tspan5,Tspan5,0.49134713267729896,0.02917009206207044,Microglia,Neurons,0.0034203464771685862,0.0
Lama4,Lama4,0.28846153846153844,0.04737419015857269,8.49027,Itgb1,Itga9_Itgb1,0.3251231527093596,0.03609275967810888,Pericytes,OPCs,0.00340807581977911,0.0
Timp2,Timp2,0.2757201646090535,0.03804520617193363,8.49027,Itgb1,Itgb1,0.2962962962962963,0.044881685854855524,Microglia,Microglia,0.0034034430009648904,0.0
Apoe,Apoe,0.45267489711934156,0.07626742690494792,8.49027,Lrp8,Lrp8,0.41839158466236853,0.02227197548003701,Microglia,Neurons,0.0033857502752371684,0.0
Jam2,Jam2,0.3247422680412371,0.03782534204015453,8.49027,Itgb1,Itgav_Itgb1,0.2962962962962963,0.044881685854855524,Astrocytes,Microglia,0.0033838409799987405,0.0
Mdk,Mdk,0.2654639175257732,0.03304866225542413,8.49027,Lrp1,Lrp1,0.4742268041237113,0.05117955567463084,Astrocytes,Astrocytes,0.00337142673052969,0.0
App,App,0.29218106995884774,0.047175932024871914,8.49027,Rpsa,Rpsa,0.28350515463917525,0.035761053507050944,Microglia,Astrocytes,0.0033627756432961357,1.0
Fstl5,Fstl5,0.5629453681710214,0.11294333704319226,8.49027,Sdk2,Sdk2,0.2690872073294876,0.014907117213428966,Neurons,Neurons,0.00335601834279922,0.0
Apoe,Apoe,0.45267489711934156,0.07626742690494792,8.49027,Lrp6,Lrp6,0.4034611469290804,0.02205257293612961,Microglia,Neurons,0.003352508866591343,0.0
Nid1,Nid1,0.27564102564102566,0.03747312680037118,8.49027,Itgb1,Itgb1,0.2962962962962963,0.044881685854855524,Pericytes,Microglia,0.0033524375682201352,0.0
Rgma,Rgma,0.4097938144329897,0.04456019780010578,8.49027,Bmpr2,Bmpr2,0.3645320197044335,0.037680004166155356,Astrocytes,OPCs,0.003346818072060743,0.0
Vegfa,Vegfa,0.2955665024630542,0.0368593044404415,8.49027,Itgb1,Itgb1,0.2962962962962963,0.044881685854855524,OPCs,Microglia,0.0032977046090447407,0.0
Adam10,Adam10,0.2692307692307692,0.02740543592451755,8.49027,Cadm1,Cadm1,0.4691358024691358,0.06002822501165417,Pericytes,Microglia,0.0032794094376438205,0.46
Agrn,Agrn,0.3054187192118227,0.036506940895809636,8.49027,Itgb1,Itgb1,0.2962962962962963,0.044881685854855524,OPCs,Microglia,0.0032662825431042466,0.0
Adam10,Adam10,0.2692307692307692,0.02740543592451755,8.49027,Il6ra,Il6ra,0.4156378600823045,0.05978195471894843,Pericytes,Microglia,0.0032659993554384915,0.0
Gnai2,Gnai2,0.2757201646090535,0.04653448810629257,8.49027,Adcy9,Adcy9,0.28846153846153844,0.035158654130630684,Microglia,Pericytes,0.003261507704848071,0.0
Fgf1,Fgf1,0.30412371134020616,0.036871358377714714,8.49027,Fgfr2,Fgfr2,0.46798029556650245,0.04434428173645366,Astrocytes,OPCs,0.0032594093183299037,0.0
Jam2,Jam2,0.3694581280788177,0.03638170140018615,8.49027,Itgb1,Itgav_Itgb1,0.2962962962962963,0.044881685854855524,OPCs,Microglia,0.003255113817192654,0.0
Lgi2,Lgi2,0.2850356294536817,0.014815588550678993,8.49027,Adam22,Adam22,0.5369458128078818,0.11019019354978976,Neurons,OPCs,0.0032544391839771846,0.0
App,App,0.29218106995884774,0.047175932024871914,8.49027,Aplp1,Aplp1,0.28350515463917525,0.034590880864936,Microglia,Astrocytes,0.003253096910510492,1.0
Bsg,Bsg,0.6932473702069901,0.09878080494399422,8.49027,Slc16a7,Slc16a7,0.2972514421445538,0.016494577577172098,Neurons,Neurons,0.003248110697502757,0.0
Efna5,Efna5,0.5561588055649813,0.09536538289465502,8.49027,Epha4,Epha4,0.2952154733627418,0.0170317017592031,Neurons,Neurons,0.0032379511336654847,0.0
Gnai2,Gnai2,0.2757201646090535,0.04653448810629257,8.49027,Igf1r,Igf1r,0.27036881222829895,0.03485098650818408,Microglia,Oligodendrocytes,0.003233059059716682,0.0
Adam10,Adam10,0.2507362221287337,0.012589448969097583,8.49027,Cadm1,Cadm1,0.5128865979381443,0.12864258292163755,Oligodendrocytes,Astrocytes,0.0032286207100731966,0.05
Angpt1,Angpt1,0.30049261083743845,0.036078008172170994,8.49027,Itgb1,Itgb1,0.2962962962962963,0.044881685854855524,OPCs,Microglia,0.003228029736554869,0.0
Lama4,Lama4,0.28846153846153844,0.04737419015857269,8.49027,Itgb8,Itgav_Itgb8,0.31527093596059114,0.033608434079646976,Pericytes,OPCs,0.0031742368298353827,0.0
Adam10,Adam10,0.26804123711340205,0.03152876922964609,8.49027,Tspan5,Tspan5,0.49226804123711343,0.050322211488182056,Astrocytes,Astrocytes,0.0031631574714760273,0.0
Bcan,Bcan,0.26874787919918564,0.013322399611839841,8.49027,Nrcam,Nrcam,0.66270783847981,0.11866098037771522,Neurons,Neurons,0.0031517331693977765,0.0
Adam10,Adam10,0.46182558534102475,0.026315314115175514,8.49027,Cadm1,Cadm1,0.4691358024691358,0.06002822501165417,Neurons,Microglia,0.003149373305784963,0.22
Mdk,Mdk,0.2654639175257732,0.03304866225542413,8.49027,Notch2,Notch2,0.3004115226337449,0.04775724139878146,Astrocytes,Microglia,0.0031466929500677796,0.0
Adam10,Adam10,0.46182558534102475,0.026315314115175514,8.49027,Il6ra,Il6ra,0.4156378600823045,0.05978195471894843,Neurons,Microglia,0.003136493290914475,0.0
Lama4,Lama4,0.30049261083743845,0.034918250216104285,8.49027,Itgb1,Itga6_Itgb1,0.2962962962962963,0.044881685854855524,OPCs,Microglia,0.0031245862333975755,0.0
St6gal1,St6gal1,0.35960591133004927,0.03747434483072465,8.49027,Egfr,Egfr,0.3582474226804124,0.04175933524722142,OPCs,Astrocytes,0.0031200423261709665,0.0
Sdc2,Sdc2,0.2660098522167488,0.030683516714840264,8.49027,Ptprj,Ptprj,0.500508992195453,0.05067362377567908,OPCs,Neurons,0.003100049770584904,0.0
Adam17,Adam17,0.26337448559670784,0.034580910215889826,8.49027,Itgb1,Itgb1,0.2962962962962963,0.044881685854855524,Microglia,Microglia,0.0030944934833393766,0.0
Adam10,Adam10,0.33004926108374383,0.038064970206242554,8.49027,Tspan5,Tspan5,0.28817837610433317,0.04073967008776003,OPCs,Oligodendrocytes,0.0030919190425307773,0.0
Adam10,Adam10,0.26804123711340205,0.03152876922964609,8.49027,Tspan5,Tspan5,0.34615384615384615,0.04898607080234196,Astrocytes,Pericytes,0.0030794288693629024,0.0
Sptan1,Sptan1,0.35960591133004927,0.03580517288316831,8.49027,Ptpra,Ptpra,0.37371134020618557,0.04306248380830002,OPCs,Astrocytes,0.003074239263949281,0.0
Fgf1,Fgf1,0.30412371134020616,0.036871358377714714,8.49027,Egfr,Egfr,0.3582474226804124,0.04175933524722142,Astrocytes,Astrocytes,0.003069992950966728,0.0
Vegfa,Vegfa,0.2955665024630542,0.0368593044404415,8.49027,Egfr,Egfr,0.3582474226804124,0.04175933524722142,OPCs,Astrocytes,0.003068992392959705,0.0
Vegfa,Vegfa,0.36597938144329895,0.04257731020042266,8.49027,Itgb1,Itgb1,0.3251231527093596,0.03609275967810888,Astrocytes,OPCs,0.003064048004543202,0.0
Sdc2,Sdc2,0.2660098522167488,0.030683516714840264,8.49027,Ptprj,Ptprj,0.4097938144329897,0.049995892556562116,OPCs,Astrocytes,0.0030587151670545343,0.0
Rgma,Rgma,0.4097938144329897,0.04456019780010578,8.49027,Bmpr2,Bmpr2,0.27835051546391754,0.034416874522912755,Astrocytes,Astrocytes,0.0030578662464041018,0.0
Lrpap1,Lrpap1,0.2561576354679803,0.026917150986223604,8.49027,Lrp1,Lrp1,0.411522633744856,0.05689595816266979,OPCs,Microglia,0.0030536011522885272,0.0
Lrpap1,Lrpap1,0.2561576354679803,0.026917150986223604,8.49027,Lrp1,Lrp1,0.4551282051282051,0.05665531204614227,OPCs,Pericytes,0.0030407249683840868,0.0
Adam10,Adam10,0.26804123711340205,0.03152876922964609,8.49027,Cadm1,Cadm1,0.3232365727106998,0.0480031343477898,Astrocytes,Oligodendrocytes,0.0030178246573157944,0.43
Ptn,Ptn,0.41494845360824745,0.049143312553678875,8.49027,Sdc2,Sdc2,0.2660098522167488,0.030683516714840264,Astrocytes,OPCs,0.003006711725331519,0.0
Adam10,Adam10,0.26804123711340205,0.03152876922964609,8.49027,Notch2,Notch2,0.3004115226337449,0.04775724139878146,Astrocytes,Microglia,0.0030024124589453738,0.0
Apoe,Apoe,0.388865516757818,0.06760146387603161,8.49027,Lrp8,Lrp8,0.41839158466236853,0.02227197548003701,Oligodendrocytes,Neurons,0.0030021959702626476,0.0
Col27a1,Col27a1,0.40329218106995884,0.05962970092476505,8.49027,Itgb1,Itga1_Itgb1,0.27564102564102566,0.025161917033040437,Microglia,Pericytes,0.0029918173436992057,0.0
Fstl5,Fstl5,0.2512315270935961,0.012311923648953615,8.49027,Cntn5,Cntn5,0.5273159144893111,0.1213439712900537,OPCs,Neurons,0.0029790541386092773,0.0
Adam10,Adam10,0.2507362221287337,0.012589448969097583,8.49027,Nrcam,Nrcam,0.66270783847981,0.11866098037771522,Oligodendrocytes,Neurons,0.002978852639119011,0.0
Apoe,Apoe,0.388865516757818,0.06760146387603161,8.49027,Lrp6,Lrp6,0.4034611469290804,0.02205257293612961,Oligodendrocytes,Neurons,0.0029727090780148,0.0
Mdk,Mdk,0.2654639175257732,0.03304866225542413,8.49027,Itgb1,Itga6_Itgb1,0.2962962962962963,0.044881685854855524,Astrocytes,Microglia,0.002957784910048705,0.0
Mdk,Mdk,0.2654639175257732,0.03304866225542413,8.49027,Alk,Alk,0.43842364532019706,0.04481164910953117,Astrocytes,OPCs,0.0029531829914272644,0.0
Lrpap1,Lrpap1,0.2561576354679803,0.026917150986223604,8.49027,Lrp1,Lrp1,0.5218866644044792,0.05486633786237893,OPCs,Neurons,0.0029449924030478867,0.0
Gnai2,Gnai2,0.2757201646090535,0.04653448810629257,8.49027,Adcy9,Adcy9,0.29064039408866993,0.0317211574749936,Microglia,OPCs,0.002943565492617721,0.0
Nfasc,Nfasc,0.6226671191041737,0.08589359450205025,8.49027,Cntnap1,Cntn1_Cntnap1,0.32473702069901594,0.017184501385432482,Neurons,Neurons,0.00294338807863978,0.0
Hsp90b1,Hsp90b1,0.47268408551068886,0.025937594829165356,8.49027,Lrp1,Lrp1,0.411522633744856,0.05689595816266979,Neurons,Microglia,0.0029428029709997216,0.0
Hsp90b1,Hsp90b1,0.47268408551068886,0.025937594829165356,8.49027,Lrp1,Lrp1,0.4551282051282051,0.05665531204614227,Neurons,Pericytes,0.002930392618818238,0.0
Sptan1,Sptan1,0.35960591133004927,0.03580517288316831,8.49027,Ptpra,Ptpra,0.43349753694581283,0.04080321125622821,OPCs,OPCs,0.0029134192532962047,0.02
Sptan1,Sptan1,0.27835051546391754,0.033751357831526274,8.49027,Ptpra,Ptpra,0.37371134020618557,0.04306248380830002,Astrocytes,Astrocytes,0.0028984094035166296,0.0
Hsp90aa1,Hsp90aa1,0.3054187192118227,0.034751753891202775,8.49027,Egfr,Egfr,0.3582474226804124,0.04175933524722142,OPCs,Astrocytes,0.002894020618203543,0.0
App,App,0.5517241379310345,0.11841058036538166,8.49027,Gpc1,Gpc1,0.2653545978961656,0.012230857498371661,OPCs,Neurons,0.0028881602386504335,0.0
Calr,Calr,0.4509670851713607,0.024756265976759617,8.49027,Itgav,Itgav,0.4074074074074074,0.057837314851942434,Neurons,Microglia,0.002855494699781011,0.0
Gnas,Gnas,0.48590660496424065,0.0772118848328871,8.49027,Adcy1,Adcy1,0.3461146929080421,0.018539273196945816,Oligodendrocytes,Neurons,0.002854731630037595,0.0
Hsp90b1,Hsp90b1,0.47268408551068886,0.025937594829165356,8.49027,Lrp1,Lrp1,0.5218866644044792,0.05486633786237893,Neurons,Neurons,0.0028381238097067163,0.0
Jam3,Jam3,0.29064039408866993,0.03168269298907633,8.49027,Itgb1,Itgb1,0.2962962962962963,0.044881685854855524,OPCs,Microglia,0.0028358802590741318,0.0
App,App,0.5064102564102564,0.11599158612409188,8.49027,Gpc1,Gpc1,0.2653545978961656,0.012230857498371661,Pericytes,Neurons,0.0028293253267393658,0.0
Lama4,Lama4,0.28846153846153844,0.04737419015857269,8.49027,Dag1,Dag1,0.270935960591133,0.02988240024947797,Pericytes,OPCs,0.0028233153454126883,0.0
Bsg,Bsg,0.41025641025641024,0.05644310009352904,8.49027,Slc16a7,Slc16a7,0.2561576354679803,0.025071721797611857,Pericytes,OPCs,0.002822263690102764,0.0
Cntn6,Cntn6,0.5873769935527655,0.11353031008273673,8.49027,Notch1,Notch1,0.2512315270935961,0.012464456501964372,Neurons,OPCs,0.0028221998693495924,0.0
Jam3,Jam3,0.2623755434020474,0.031415781118579345,8.49027,Itgb1,Itgb1,0.2962962962962963,0.044881685854855524,Oligodendrocytes,Microglia,0.0028120564769697396,0.0
Calr,Calr,0.4509670851713607,0.024756265976759617,8.49027,Lrp1,Lrp1,0.411522633744856,0.05689595816266979,Neurons,Microglia,0.0028091493958808072,0.0
Lama4,Lama4,0.28846153846153844,0.04737419015857269,8.49027,Itgav,Itgav_Itgb8,0.25773195876288657,0.029662390884252543,Pericytes,Astrocytes,0.0028025869243811278,0.0
Calr,Calr,0.4509670851713607,0.024756265976759617,8.49027,Lrp1,Lrp1,0.4551282051282051,0.05665531204614227,Neurons,Pericytes,0.0027973011045677467,0.0
Mdk,Mdk,0.2654639175257732,0.03304866225542413,8.49027,Sdc4,Sdc4,0.3634020618556701,0.04239928470925036,Astrocytes,Astrocytes,0.0027946473391909066,0.0
Sptan1,Sptan1,0.28846153846153844,0.03245750245592549,8.49027,Ptpra,Ptpra,0.37371134020618557,0.04306248380830002,Pericytes,Astrocytes,0.0027876088623609474,0.08
L1cam,L1cam,0.2829996606718697,0.014172529513320431,8.49027,Fgfr2,Fgfr2,0.652867322701052,0.0984659388323621,Neurons,Neurons,0.0027832547207984775,0.0
Lamc1,Lamc1,0.35467980295566504,0.03864362764374851,8.49027,Itgb1,Itga9_Itgb1,0.3251231527093596,0.03609275967810888,OPCs,OPCs,0.0027817506092088686,0.0
Agrn,Agrn,0.4530030539531727,0.024281996724193622,8.49027,Lrp1,Lrp1,0.411522633744856,0.05689595816266979,Neurons,Microglia,0.0027554812830626265,0.0
Adam10,Adam10,0.2692307692307692,0.02740543592451755,8.49027,Tspan5,Tspan5,0.49226804123711343,0.050322211488182056,Pericytes,Astrocytes,0.0027506175200085986,0.08
Lrpap1,Lrpap1,0.2561576354679803,0.026917150986223604,8.49027,Lrp1,Lrp1,0.4742268041237113,0.05117955567463084,OPCs,Astrocytes,0.0027476452996597306,0.0
Sptan1,Sptan1,0.27835051546391754,0.033751357831526274,8.49027,Ptpra,Ptpra,0.43349753694581283,0.04080321125622821,Astrocytes,OPCs,0.0027467620850362704,0.03
Agrn,Agrn,0.4530030539531727,0.024281996724193622,8.49027,Lrp1,Lrp1,0.4551282051282051,0.05665531204614227,Neurons,Pericytes,0.002743858727614089,0.0
Timp2,Timp2,0.2757201646090535,0.03804520617193363,8.49027,Itgb1,Itgb1,0.3251231527093596,0.03609275967810888,Microglia,OPCs,0.0027387913882332693,0.0
Mif,Mif,0.2857142857142857,0.03288081012584243,8.49027,Egfr,Egfr,0.3582474226804124,0.04175933524722142,OPCs,Astrocytes,0.0027386407964457237,0.0
Jam2,Jam2,0.3247422680412371,0.03782534204015453,8.49027,Itgb1,Itgav_Itgb1,0.3251231527093596,0.03609275967810888,Astrocytes,OPCs,0.002723006947568134,0.0
Lrrc4b,Lrrc4b,0.33004926108374383,0.036287009193182396,8.49027,Ptprs,Ptprs,0.327319587628866,0.03760428532678295,OPCs,Astrocytes,0.0027216664109820663,0.0
App,App,0.29218106995884774,0.047175932024871914,8.49027,Aplp1,Aplp1,0.26108374384236455,0.028880696650012805,Microglia,OPCs,0.002717542403431646,1.0
Calr,Calr,0.4509670851713607,0.024756265976759617,8.49027,Lrp1,Lrp1,0.5218866644044792,0.05486633786237893,Neurons,Neurons,0.002709211540249911,0.0
Tnr,Tnr,0.498812351543943,0.03761986962148556,8.49027,Itgb1,Itga9_Itgb1,0.3251231527093596,0.03609275967810888,Neurons,OPCs,0.002708255262136954,0.0
Nid1,Nid1,0.27564102564102566,0.03747312680037118,8.49027,Itgb1,Itgb1,0.3251231527093596,0.03609275967810888,Pericytes,OPCs,0.0026977197418994333,0.0
Fbn1,Fbn1,0.26108374384236455,0.029961844260932846,8.49027,Itgb1,Itgb1,0.2962962962962963,0.044881685854855524,OPCs,Microglia,0.0026822622830281217,0.0
Adam10,Adam10,0.2692307692307692,0.02740543592451755,8.49027,Tspan5,Tspan5,0.34615384615384615,0.04898607080234196,Pericytes,Pericytes,0.00267777949353881,0.13
Mdk,Mdk,0.2654639175257732,0.03304866225542413,8.49027,Sdc2,Sdc2,0.3427835051546392,0.04035273484009849,Astrocytes,Astrocytes,0.002660112736161826,0.0
Agrn,Agrn,0.4530030539531727,0.024281996724193622,8.49027,Lrp1,Lrp1,0.5218866644044792,0.05486633786237893,Neurons,Neurons,0.0026574476276176448,0.0
Vegfa,Vegfa,0.2955665024630542,0.0368593044404415,8.49027,Itgb1,Itgb1,0.3251231527093596,0.03609275967810888,OPCs,OPCs,0.0026536474530441173,0.0
Hsp90b1,Hsp90b1,0.47268408551068886,0.025937594829165356,8.49027,Lrp1,Lrp1,0.4742268041237113,0.05117955567463084,Neurons,Astrocytes,0.0026479190667558195,0.0
Grn,Grn,0.4732510288065844,0.06174213763611336,8.49027,Sort1,Sort1,0.39531727180183235,0.02145125644836654,Microglia,Neurons,0.002641894760048484,0.0
Sptan1,Sptan1,0.28846153846153844,0.03245750245592549,8.49027,Ptpra,Ptpra,0.43349753694581283,0.04080321125622821,Pericytes,OPCs,0.00264174336605273,0.14
Adam10,Adam10,0.46182558534102475,0.026315314115175514,8.49027,Tspan5,Tspan5,0.49226804123711343,0.050322211488182056,Neurons,Astrocytes,0.002641493636127804,0.0
Sptan1,Sptan1,0.35960591133004927,0.03580517288316831,8.49027,Ptpra,Ptpra,0.28172766792876175,0.036940884392732354,OPCs,Oligodendrocytes,0.002638370093259527,0.01
Ptn,Ptn,0.40316926097321554,0.06133538219136003,8.49027,Alk,Alk,0.3189684424838819,0.021535682274170576,Oligodendrocytes,Neurons,0.0026348378949976594,0.0
Agrn,Agrn,0.3054187192118227,0.036506940895809636,8.49027,Itgb1,Itgb1,0.3251231527093596,0.03609275967810888,OPCs,OPCs,0.0026283460805539747,0.0
Adam10,Adam10,0.2692307692307692,0.02740543592451755,8.49027,Cadm1,Cadm1,0.3232365727106998,0.0480031343477898,Pericytes,Oligodendrocytes,0.0026241891576724596,0.76
Jam2,Jam2,0.3694581280788177,0.03638170140018615,8.49027,Itgb1,Itgav_Itgb1,0.3251231527093596,0.03609275967810888,OPCs,OPCs,0.0026193529819868253,0.0
Adam10,Adam10,0.2692307692307692,0.02740543592451755,8.49027,Notch2,Notch2,0.3004115226337449,0.04775724139878146,Pericytes,Microglia,0.0026107820133018543,0.0
Mdk,Mdk,0.2654639175257732,0.03304866225542413,8.49027,Sorl1,Sorl1,0.34536082474226804,0.039568285558095995,Astrocytes,Astrocytes,0.0026085355570273742,0.0
Trf,Trf,0.4897119341563786,0.060556134109577275,8.49027,Tfrc,Tfrc,0.3983712249745504,0.021560432510546068,Microglia,Neurons,0.002604432106374959,0.0
Mdk,Mdk,0.2654639175257732,0.03304866225542413,8.49027,Sdc3,Sdc3,0.3891625615763547,0.03945592401307563,Astrocytes,OPCs,0.002601147400391808,0.0
Angpt1,Angpt1,0.30049261083743845,0.036078008172170994,8.49027,Itgb1,Itgb1,0.3251231527093596,0.03609275967810888,OPCs,OPCs,0.0025975449455993217,0.0
Lamc1,Lamc1,0.35467980295566504,0.03864362764374851,8.49027,Itgb8,Itgav_Itgb8,0.31527093596059114,0.033608434079646976,OPCs,OPCs,0.002590774079464951,0.0
Rtn4,Rtn4,0.6939260264675942,0.10339765422411484,8.49027,Rtn4rl1,Rtn4rl1,0.25102880658436216,0.01255927858540351,Neurons,Microglia,0.002590471915584266,0.0
Adam10,Adam10,0.46182558534102475,0.026315314115175514,8.49027,Tspan5,Tspan5,0.34615384615384615,0.04898607080234196,Neurons,Pericytes,0.002571537825152786,0.0
Sptan1,Sptan1,0.35960591133004927,0.03580517288316831,8.49027,Ptpra,Ptpra,0.3076923076923077,0.03590203525520386,OPCs,Pericytes,0.0025643642876185106,0.18
Adam10,Adam10,0.26804123711340205,0.03152876922964609,8.49027,Tspan5,Tspan5,0.28817837610433317,0.04073967008776003,Astrocytes,Oligodendrocytes,0.002562360753852732,0.0
Megf10,Megf10,0.3015463917525773,0.03794975664490463,8.49027,Abca1,Abca1,0.27319587628865977,0.033736094717738196,Astrocytes,Astrocytes,0.002554013482059121,0.0
Fgf1,Fgf1,0.30412371134020616,0.036871358377714714,8.49027,Fgfr2,Fgfr2,0.25925925925925924,0.034580910215889826,Astrocytes,Microglia,0.0025436038477794766,0.0
B2m,B2m,0.34615384615384615,0.05909630015972955,8.49027,Tfrc,Tfrc,0.3983712249745504,0.021560432510546068,Pericytes,Neurons,0.002541806339070065,0.0
Cadm3,Cadm3,0.4014251781472684,0.02115505831923392,8.49027,Cadm1,Cadm1,0.4691358024691358,0.06002822501165417,Neurons,Microglia,0.002533366953410299,0.0
Calr,Calr,0.4509670851713607,0.024756265976759617,8.49027,Lrp1,Lrp1,0.4742268041237113,0.05117955567463084,Neurons,Astrocytes,0.0025276243114258955,0.0
Cntn2,Cntn2,0.25212080081438754,0.010661533325777739,8.49027,Nrcam,Nrcam,0.66270783847981,0.11866098037771522,Neurons,Neurons,0.002523830158101948,0.0
Adam10,Adam10,0.46182558534102475,0.026315314115175514,8.49027,Cadm1,Cadm1,0.3232365727106998,0.0480031343477898,Neurons,Oligodendrocytes,0.00252006832862555,1.0
Vegfa,Vegfa,0.36597938144329895,0.04257731020042266,8.49027,Itgav,Itgav,0.25773195876288657,0.029662390884252543,Astrocytes,Astrocytes,0.0025195255923488456,0.0
Lama4,Lama4,0.30049261083743845,0.034918250216104285,8.49027,Itgb1,Itga9_Itgb1,0.3251231527093596,0.03609275967810888,OPCs,OPCs,0.002514254616719452,0.0
Bsg,Bsg,0.35390946502057613,0.050223821312943784,8.49027,Slc16a7,Slc16a7,0.2561576354679803,0.025071721797611857,Microglia,OPCs,0.002512068968330599,0.0
Nrxn2,Nrxn2,0.5687139463861555,0.07009189015678263,8.49027,Nlgn2,Nlgn2,0.34068544282321006,0.01794215575474567,Neurons,Neurons,0.0025088888653561335,0.0
Nlgn2,Nlgn2,0.34068544282321006,0.01794215575474567,8.49027,Nrxn2,Nrxn2,0.5687139463861555,0.07009189015678263,Neurons,Neurons,0.0025088888653561335,0.0
Adam10,Adam10,0.46182558534102475,0.026315314115175514,8.49027,Notch2,Notch2,0.3004115226337449,0.04775724139878146,Neurons,Microglia,0.0025071918067625853,0.0
Cd14,Cd14,0.2757201646090535,0.04966462778987579,8.49027,Itgb1,Itgb1,0.27564102564102566,0.025161917033040437,Microglia,Pericytes,0.0024930834881699724,0.0
Adam17,Adam17,0.26337448559670784,0.034580910215889826,8.49027,Itgb1,Itgb1,0.3251231527093596,0.03609275967810888,Microglia,OPCs,0.002490025260688254,0.0
Sptan1,Sptan1,0.27835051546391754,0.033751357831526274,8.49027,Ptpra,Ptpra,0.28172766792876175,0.036940884392732354,Astrocytes,Oligodendrocytes,0.002487407391520173,0.02
Agrn,Agrn,0.4530030539531727,0.024281996724193622,8.49027,Lrp1,Lrp1,0.4742268041237113,0.05117955567463084,Neurons,Astrocytes,0.0024793212940426176,0.0
Fgf13,Fgf13,0.36213991769547327,0.06041659767553975,8.49027,Fgfr1,Fgfr1,0.3712249745503902,0.02053566882345237,Microglia,Neurons,0.0024752484247260844,0.0
Ccl25,Ccl25,0.31116389548693585,0.016061782784667744,8.49027,Grm7,Grm7,0.37498247090169684,0.07721478774672663,Neurons,Oligodendrocytes,0.0024742770648975266,0.0
Mfge8,Mfge8,0.25,0.0047799038794844595,8.49027,Pdgfrb,Pdgfrb,0.8141025641025641,0.2579296504500207,Pericytes,Pericytes,0.0024596928665877238,0.0
Lrpap1,Lrpap1,0.4065151001017984,0.021576915409774577,8.49027,Lrp1,Lrp1,0.411522633744856,0.05689595816266979,Neurons,Microglia,0.0024492649252267976,0.0
Lrpap1,Lrpap1,0.4065151001017984,0.021576915409774577,8.49027,Lrp1,Lrp1,0.4551282051282051,0.05665531204614227,Neurons,Pericytes,0.002438930824336282,0.0
Ptn,Ptn,0.40316926097321554,0.06133538219136003,8.49027,Ptprz1,Ptprz1,0.3003053953172718,0.0199009337247954,Oligodendrocytes,Neurons,0.002435317502043592,0.0
Sptan1,Sptan1,0.27835051546391754,0.033751357831526274,8.49027,Ptpra,Ptpra,0.3076923076923077,0.03590203525520386,Astrocytes,Pericytes,0.00241762579799588,0.28
Sptan1,Sptan1,0.28846153846153844,0.03245750245592549,8.49027,Ptpra,Ptpra,0.28172766792876175,0.036940884392732354,Pericytes,Oligodendrocytes,0.0023922809597371284,0.2
Lamc1,Lamc1,0.358974358974359,0.058983835942121754,8.49027,Dag1,Dag1,0.3752969121140142,0.02032648439585316,Pericytes,Neurons,0.0023921320248361517,0.0
Lrpap1,Lrpap1,0.4065151001017984,0.021576915409774577,8.49027,Lrp1,Lrp1,0.5218866644044792,0.05486633786237893,Neurons,Neurons,0.0023620999351185038,0.0
Adam10,Adam10,0.43209876543209874,0.058828840702099594,8.49027,Epha3,Epha3,0.30844927044451986,0.02010175077529064,Microglia,Neurons,0.0023595447691472167,0.0
Calr,Calr,0.3694581280788177,0.039838715500413624,8.49027,Itgav,Itgav,0.25773195876288657,0.029662390884252543,OPCs,Astrocytes,0.0023578505046435052,0.0
L1cam,L1cam,0.2829996606718697,0.014172529513320431,8.49027,Fgfr2,Fgfr2,0.5,0.08306514373716856,Neurons,Astrocytes,0.0023489558177539767,0.0
Cx3cl1,Cx3cl1,0.3661350525958602,0.020298904959290653,8.49027,Itgav,Itgav,0.4074074074074074,0.057837314851942434,Neurons,Microglia,0.002342567805321913,0.0
Lama4,Lama4,0.30049261083743845,0.034918250216104285,8.49027,Itgb8,Itgav_Itgb8,0.31527093596059114,0.033608434079646976,OPCs,OPCs,0.0023415994637496344,0.0
Sptan1,Sptan1,0.28846153846153844,0.03245750245592549,8.49027,Ptpra,Ptpra,0.3076923076923077,0.03590203525520386,Pericytes,Pericytes,0.0023251618174601123,0.28
Il1rapl1,Il1rapl1,0.41438788388725284,0.07057209248083263,8.49027,Ptprf,Ptprf,0.31218187987784185,0.01650977048748159,Oligodendrocytes,Neurons,0.0023248406206736985,0.0
Apoe,Apoe,0.45267489711934156,0.07626742690494792,8.49027,Sdc2,Sdc2,0.27994570749915165,0.015238467101833075,Microglia,Neurons,0.0023190070578013693,0.0
Lamc1,Lamc1,0.35467980295566504,0.03864362764374851,8.49027,Dag1,Dag1,0.270935960591133,0.02988240024947797,OPCs,OPCs,0.002304207064346357,0.0
Alcam,Alcam,0.49304377332880894,0.046107584263185064,8.49027,Nrp1,Nrp1,0.35595520868680014,0.024951535197359598,Neurons,Neurons,0.002295627989764946,0.0
Psap,Psap,0.32051282051282054,0.039277326363552856,8.49027,Gpr37,Gpr37,0.25872949095498526,0.029285876904215358,Pericytes,Oligodendrocytes,0.002295261544687299,0.0
Lamc1,Lamc1,0.35467980295566504,0.03864362764374851,8.49027,Itgav,Itgav_Itgb8,0.25773195876288657,0.029662390884252543,OPCs,Astrocytes,0.002287281128051395,0.0
Jam3,Jam3,0.29064039408866993,0.03168269298907633,8.49027,Itgb1,Itgb1,0.3251231527093596,0.03609275967810888,OPCs,OPCs,0.0022818130693156836,0.0
Psap,Psap,0.28705651381292946,0.03895458342162339,8.49027,Gpr37,Gpr37,0.25872949095498526,0.029285876904215358,Oligodendrocytes,Oligodendrocytes,0.002276444247566802,0.0
Penk,Penk,0.26060400407193757,0.01471765820822546,8.49027,Grm7,Grm7,0.37498247090169684,0.07721478774672663,Neurons,Oligodendrocytes,0.002267687614360292,0.0
Jam3,Jam3,0.2623755434020474,0.031415781118579345,8.49027,Itgb1,Itgb1,0.3251231527093596,0.03609275967810888,Oligodendrocytes,OPCs,0.0022626333564778178,0.0
Ptn,Ptn,0.34170342721411606,0.02052779989104636,8.49027,Cdh10,Cdh10,0.3552096480157061,0.05507752133403088,Neurons,Oligodendrocytes,0.0022561389996100566,1.0
Lrig2,Lrig2,0.47675602307431286,0.027026191906706853,8.49027,Egfr,Egfr,0.3582474226804124,0.04175933524722142,Neurons,Astrocytes,0.0022521081768793537,0.0
Col11a2,Col11a2,0.4729064039408867,0.04468701862908442,8.49027,Itgb1,Itga1_Itgb1,0.27564102564102566,0.025161917033040437,OPCs,Pericytes,0.0022437762567409643,0.0
Adam10,Adam10,0.2692307692307692,0.02740543592451755,8.49027,Tspan5,Tspan5,0.28817837610433317,0.04073967008776003,Pericytes,Oligodendrocytes,0.0022280017600306828,0.26
Bsg,Bsg,0.40463917525773196,0.04447134827760735,8.49027,Slc16a7,Slc16a7,0.2561576354679803,0.025071721797611857,Astrocytes,OPCs,0.002224984946470006,0.0
Lgi1,Lgi1,0.4333220223956566,0.02666569704416777,8.49027,Adam23,Adam23,0.3645320197044335,0.04171960183342871,Neurons,OPCs,0.00222002504960353,0.0
Nid1,Nid1,0.27564102564102566,0.03747312680037118,8.49027,Itgav,Itgav,0.25773195876288657,0.029662390884252543,Pericytes,Astrocytes,0.0022181539247433336,0.0
Adam10,Adam10,0.33004926108374383,0.038064970206242554,8.49027,Tspan5,Tspan5,0.49134713267729896,0.02917009206207044,OPCs,Neurons,0.00221579671226368,0.11
Il34,Il34,0.33974358974358976,0.05573329817030703,8.49027,Ptprz1,Ptprz1,0.3003053953172718,0.0199009337247954,Pericytes,Neurons,0.0022133794302935353,0.0
Lrpap1,Lrpap1,0.4065151001017984,0.021576915409774577,8.49027,Lrp1,Lrp1,0.4742268041237113,0.05117955567463084,Neurons,Astrocytes,0.0022037267495749807,0.0
Copa,Copa,0.40922972514421446,0.022005526074955206,8.49027,P2ry6,P2ry6,0.3045267489711934,0.0498194966636365,Neurons,Microglia,0.0021878114518348456,0.0
Vcl,Vcl,0.4639175257731959,0.05086912466775839,8.49027,Alk,Alk,0.3189684424838819,0.021535682274170576,Astrocytes,Neurons,0.0021862126152678036,0.0
Vegfa,Vegfa,0.2955665024630542,0.0368593044404415,8.49027,Itgav,Itgav,0.25773195876288657,0.029662390884252543,OPCs,Astrocytes,0.0021818990983476253,0.0
Agrn,Agrn,0.3054187192118227,0.036506940895809636,8.49027,Dag1,Dag1,0.270935960591133,0.02988240024947797,OPCs,OPCs,0.0021770800208773694,0.0
Agrn,Agrn,0.4530030539531727,0.024281996724193622,8.49027,Itgb1,Itgb1,0.2962962962962963,0.044881685854855524,Neurons,Microglia,0.0021748934263715394,0.0
Spon1,Spon1,0.4484536082474227,0.0486828795291987,8.49027,Lrp8,Lrp8,0.41839158466236853,0.02227197548003701,Astrocytes,Neurons,0.002163835460995607,0.0
Fbn1,Fbn1,0.26108374384236455,0.029961844260932846,8.49027,Itgb1,Itgb1,0.3251231527093596,0.03609275967810888,OPCs,OPCs,0.0021581436314365285,0.0
Adam10,Adam10,0.46182558534102475,0.026315314115175514,8.49027,Tspan5,Tspan5,0.28817837610433317,0.04073967008776003,Neurons,Oligodendrocytes,0.0021395668688346395,0.0
Vegfa,Vegfa,0.36597938144329895,0.04257731020042266,8.49027,Itgb1,Itgb1,0.27564102564102566,0.025161917033040437,Astrocytes,Pericytes,0.0021380723453260407,0.0
Ptn,Ptn,0.34170342721411606,0.02052779989104636,8.49027,Sdc2,Sdc2,0.3717948717948718,0.05196056323109566,Neurons,Pericytes,0.0021287309261992663,0.0
Lrpap1,Lrpap1,0.2561576354679803,0.026917150986223604,8.49027,Sorl1,Sorl1,0.34536082474226804,0.039568285558095995,OPCs,Astrocytes,0.0021256032198834762,0.0
Vegfa,Vegfa,0.36597938144329895,0.04257731020042266,8.49027,Nrp1,Nrp1,0.35595520868680014,0.024951535197359598,Astrocytes,Neurons,0.0021202335662450153,0.0
Ptn,Ptn,0.41494845360824745,0.049143312553678875,8.49027,Alk,Alk,0.3189684424838819,0.021535682274170576,Astrocytes,Neurons,0.0021121987034753834,0.0
Timp2,Timp2,0.4160162877502545,0.023427290433452708,8.49027,Itgb1,Itgb1,0.2962962962962963,0.044881685854855524,Neurons,Microglia,0.0020984996180847845,0.0
Lama4,Lama4,0.30049261083743845,0.034918250216104285,8.49027,Dag1,Dag1,0.270935960591133,0.02988240024947797,OPCs,OPCs,0.002082536249986488,0.0
App,App,0.29218106995884774,0.047175932024871914,8.49027,Lrp6,Lrp6,0.4034611469290804,0.02205257293612961,Microglia,Neurons,0.0020763810347663347,0.0
Lama4,Lama4,0.30049261083743845,0.034918250216104285,8.49027,Itgav,Itgav_Itgb8,0.25773195876288657,0.029662390884252543,OPCs,Astrocytes,0.002067235259638904,0.0
Apoe,Apoe,0.388865516757818,0.06760146387603161,8.49027,Sdc2,Sdc2,0.27994570749915165,0.015238467101833075,Oligodendrocytes,Neurons,0.0020560493182977886,0.0
Timp3,Timp3,0.3269230769230769,0.049415463358765344,8.49027,Ddr1,Ddr1,0.2549432057214977,0.020846155993107685,Pericytes,Oligodendrocytes,0.0020560090331407056,0.0
Megf10,Megf10,0.270935960591133,0.030197389217197612,8.49027,Abca1,Abca1,0.27319587628865977,0.033736094717738196,OPCs,Astrocytes,0.002033341065900957,0.0
Fndc5,Fndc5,0.2507634882931795,0.009335018414395269,8.49027,Itgav,Itgav,0.5320197044334976,0.10911949221648332,Neurons,OPCs,0.0020331229283632123,0.0
Cadm3,Cadm3,0.4014251781472684,0.02115505831923392,8.49027,Cadm1,Cadm1,0.3232365727106998,0.0480031343477898,Neurons,Oligodendrocytes,0.0020269015393241624,0.0
Mdk,Mdk,0.2654639175257732,0.03304866225542413,8.49027,Sdc2,Sdc2,0.2660098522167488,0.030683516714840264,Astrocytes,OPCs,0.0020239935035267762,0.0
Sema6a,Sema6a,0.28978622327790976,0.01678324287305244,8.49027,Plxna2,Plxna2,0.517814726840855,0.05990777163818328,Neurons,Neurons,0.002006857785772544,0.0
Cntn2,Cntn2,0.286916281026504,0.04029360596025944,8.49027,Nrp1,Nrp1,0.35595520868680014,0.024951535197359598,Oligodendrocytes,Neurons,0.0020067395536588393,0.0
Mif,Mif,0.4180522565320665,0.024031595834316577,8.49027,Egfr,Egfr,0.3582474226804124,0.04175933524722142,Neurons,Astrocytes,0.0020030666051309375,0.0
Sptan1,Sptan1,0.35960591133004927,0.03580517288316831,8.49027,Ptpra,Ptpra,0.4906684764166949,0.02802294791601867,OPCs,Neurons,0.0020027140772504687,0.51
Alcam,Alcam,0.28205128205128205,0.03953820248997841,8.49027,Nrp1,Nrp1,0.35595520868680014,0.024951535197359598,Pericytes,Neurons,0.001969192332655271,0.0
Col11a1,Col11a1,0.3448275862068966,0.03889148277998333,8.49027,Itgb1,Itga1_Itgb1,0.27564102564102566,0.025161917033040437,OPCs,Pericytes,0.0019533454996713546,0.0
Ptn,Ptn,0.41494845360824745,0.049143312553678875,8.49027,Ptprz1,Ptprz1,0.3003053953172718,0.0199009337247954,Astrocytes,Neurons,0.0019521771623313945,0.0
Nfasc,Nfasc,0.4024680970410882,0.05611776137797886,8.49027,Cntnap1,Cntn1_Cntnap1,0.32473702069901594,0.017184501385432482,Oligodendrocytes,Neurons,0.0019249987291152972,0.0
Lama4,Lama4,0.28846153846153844,0.04737419015857269,8.49027,Dag1,Dag1,0.3752969121140142,0.02032648439585316,Pericytes,Neurons,0.0019221995071845137,0.0
L1cam,L1cam,0.2829996606718697,0.014172529513320431,8.49027,Fgfr2,Fgfr2,0.46038423783480575,0.0679029562249931,Neurons,Oligodendrocytes,0.001921015897429165,0.0
Cd14,Cd14,0.2757201646090535,0.04966462778987579,8.49027,Itgb1,Itgb1,0.35900916185951814,0.019341463775530476,Microglia,Neurons,0.0019174893694608765,0.0
Timp2,Timp2,0.2757201646090535,0.03804520617193363,8.49027,Itgb1,Itgb1,0.27564102564102566,0.025161917033040437,Microglia,Pericytes,0.0019109220280821106,0.0
Hsp90b1,Hsp90b1,0.2564102564102564,0.016731269482768263,8.49027,Lrp1,Lrp1,0.411522633744856,0.05689595816266979,Pericytes,Microglia,0.0019002653337231515,0.0
Hsp90b1,Hsp90b1,0.2564102564102564,0.016731269482768263,8.49027,Lrp1,Lrp1,0.4551282051282051,0.05665531204614227,Pericytes,Pericytes,0.0018922432143848894,0.0
Sptan1,Sptan1,0.27835051546391754,0.033751357831526274,8.49027,Ptpra,Ptpra,0.4906684764166949,0.02802294791601867,Astrocytes,Neurons,0.0018880535956717355,0.68
Nid1,Nid1,0.27564102564102566,0.03747312680037118,8.49027,Itgb1,Itgb1,0.27564102564102566,0.025161917033040437,Pericytes,Pericytes,0.0018822418994241263,0.0
Sema6a,Sema6a,0.28978622327790976,0.01678324287305244,8.49027,Plxna4,Plxna4,0.41975308641975306,0.0561726113557981,Neurons,Microglia,0.0018819686741691764,0.0
Mfge8,Mfge8,0.25,0.0047799038794844595,8.49027,Itgb5,Itgb5,0.6255144032921811,0.19602203356190184,Pericytes,Microglia,0.0018704279008860728,0.0
Ptn,Ptn,0.40316926097321554,0.06133538219136003,8.49027,Sdc2,Sdc2,0.27994570749915165,0.015238467101833075,Oligodendrocytes,Neurons,0.0018658265908747587,0.0
Bsg,Bsg,0.41025641025641024,0.05644310009352904,8.49027,Slc16a7,Slc16a7,0.2972514421445538,0.016494577577172098,Pericytes,Neurons,0.0018585495481869975,0.0
Fstl5,Fstl5,0.2512315270935961,0.012311923648953615,8.49027,Chl1,Chl1,0.5212080081438751,0.07541488814660835,OPCs,Neurons,0.0018535626152416617,0.0
Vegfa,Vegfa,0.2955665024630542,0.0368593044404415,8.49027,Itgb1,Itgb1,0.27564102564102566,0.025161917033040437,OPCs,Pericytes,0.0018514672310699573,0.0
Fgf1,Fgf1,0.30412371134020616,0.036871358377714714,8.49027,Cspg4,Cspg4,0.2564102564102564,0.025105354529115442,Astrocytes,Pericytes,0.0018479159328569524,0.0
Vegfa,Vegfa,0.36597938144329895,0.04257731020042266,8.49027,Ephb2,Ephb2,0.4024431625381744,0.02172649532896731,Astrocytes,Neurons,0.00184669487103054,0.0
Fgf1,Fgf1,0.30412371134020616,0.036871358377714714,8.49027,Nrp1,Nrp1,0.35595520868680014,0.024951535197359598,Astrocytes,Neurons,0.0018366146327808463,0.0
Ptn,Ptn,0.34170342721411606,0.02052779989104636,8.49027,Alk,Alk,0.43842364532019706,0.04481164910953117,Neurons,OPCs,0.0018363905966834815,0.0
Adam10,Adam10,0.26804123711340205,0.03152876922964609,8.49027,Tspan5,Tspan5,0.49134713267729896,0.02917009206207044,Astrocytes,Neurons,0.0018360170429613844,0.43
Vegfa,Vegfa,0.2955665024630542,0.0368593044404415,8.49027,Nrp1,Nrp1,0.35595520868680014,0.024951535197359598,OPCs,Neurons,0.001836015311463691,0.0
Agrn,Agrn,0.3054187192118227,0.036506940895809636,8.49027,Itgb1,Itgb1,0.27564102564102566,0.025161917033040437,OPCs,Pericytes,0.001833800234525288,0.0
Gas6,Gas6,0.32609433322022396,0.017178320846686468,8.49027,Mertk,Mertk,0.4536082474226804,0.05344353800257229,Neurons,Astrocytes,0.0018327752531365486,0.0
Hsp90b1,Hsp90b1,0.2564102564102564,0.016731269482768263,8.49027,Lrp1,Lrp1,0.5218866644044792,0.05486633786237893,Pericytes,Neurons,0.0018326023711960236,0.0
Timp3,Timp3,0.38402061855670105,0.043877395257204466,8.49027,Ddr1,Ddr1,0.2549432057214977,0.020846155993107685,Astrocytes,Oligodendrocytes,0.0018260096413730811,0.0
Sptan1,Sptan1,0.28846153846153844,0.03245750245592549,8.49027,Ptpra,Ptpra,0.4906684764166949,0.02802294791601867,Pericytes,Neurons,0.0018158066499381598,0.6
Angpt1,Angpt1,0.30049261083743845,0.036078008172170994,8.49027,Itgb1,Itgb1,0.27564102564102566,0.025161917033040437,OPCs,Pericytes,0.0018122933264738748,0.0
Bsg,Bsg,0.27822184826812507,0.03614569310096272,8.49027,Slc16a7,Slc16a7,0.2561576354679803,0.025071721797611857,Oligodendrocytes,OPCs,0.0018091904207191386,0.0
Vcl,Vcl,0.2948717948717949,0.04192330336935035,8.49027,Alk,Alk,0.3189684424838819,0.021535682274170576,Pericytes,Neurons,0.0018024392290026143,0.0
Psen1,Psen1,0.2809636918900577,0.013859826985143986,8.49027,Notch3,Notch3,0.42948717948717946,0.06431839293469666,Neurons,Pericytes,0.001779710579277252,0.0
Agrn,Agrn,0.4530030539531727,0.024281996724193622,8.49027,Itgb1,Itgb1,0.3251231527093596,0.03609275967810888,Neurons,OPCs,0.001749741582545269,0.0
Nfasc,Nfasc,0.4252577319587629,0.05073824081245659,8.49027,Cntnap1,Cntn1_Cntnap1,0.32473702069901594,0.017184501385432482,Astrocytes,Neurons,0.001740787114917258,0.0
Ptn,Ptn,0.34170342721411606,0.02052779989104636,8.49027,Sdc4,Sdc4,0.3634020618556701,0.04239928470925036,Neurons,Astrocytes,0.0017377031953508151,0.0
Adam17,Adam17,0.26337448559670784,0.034580910215889826,8.49027,Itgb1,Itgb1,0.27564102564102566,0.025161917033040437,Microglia,Pericytes,0.001737220799507077,0.0
Gnai2,Gnai2,0.2757201646090535,0.04653448810629257,8.49027,Adcy1,Adcy1,0.3461146929080421,0.018539273196945816,Microglia,Neurons,0.0017224591913766938,0.0
Hsp90b1,Hsp90b1,0.2564102564102564,0.016731269482768263,8.49027,Lrp1,Lrp1,0.4742268041237113,0.05117955567463084,Pericytes,Astrocytes,0.0017096698989635525,0.0
Mdk,Mdk,0.2654639175257732,0.03304866225542413,8.49027,Sorl1,Sorl1,0.4482524601289447,0.025846978811637,Astrocytes,Neurons,0.001705502438235032,0.0
Lrpap1,Lrpap1,0.4065151001017984,0.021576915409774577,8.49027,Sorl1,Sorl1,0.34536082474226804,0.039568285558095995,Neurons,Astrocytes,0.0017046124356818577,0.0
Ptn,Ptn,0.40316926097321554,0.06133538219136003,8.49027,Ncl,Ncl,0.2734984730234136,0.013815262255709337,Oligodendrocytes,Neurons,0.0016918615346193256,0.0
Timp2,Timp2,0.4160162877502545,0.023427290433452708,8.49027,Itgb1,Itgb1,0.3251231527093596,0.03609275967810888,Neurons,OPCs,0.0016882560983744685,0.0
Psap,Psap,0.32051282051282054,0.039277326363552856,8.49027,Sort1,Sort1,0.39531727180183235,0.02145125644836654,Pericytes,Neurons,0.0016822612291918053,0.07
Ntrk3,Ntrk3,0.49226804123711343,0.05101124020209047,8.49027,Ptprf,Ptprf,0.31218187987784185,0.01650977048748159,Astrocytes,Neurons,0.0016815354120415695,0.0
Psap,Psap,0.28705651381292946,0.03895458342162339,8.49027,Sort1,Sort1,0.39531727180183235,0.02145125644836654,Oligodendrocytes,Neurons,0.0016684611028197852,0.02
Bsg,Bsg,0.35390946502057613,0.050223821312943784,8.49027,Slc16a7,Slc16a7,0.2972514421445538,0.016494577577172098,Microglia,Neurons,0.001654100850911392,0.0
Ptn,Ptn,0.34170342721411606,0.02052779989104636,8.49027,Sdc2,Sdc2,0.3427835051546392,0.04035273484009849,Neurons,Astrocytes,0.001653965597422695,0.0
Vegfa,Vegfa,0.36597938144329895,0.04257731020042266,8.49027,Itgb1,Itgb1,0.35900916185951814,0.019341463775530476,Astrocytes,Neurons,0.001644306807815384,0.0
Rtn4,Rtn4,0.4729064039408867,0.045679641408594485,8.49027,Lingo1,Lingo1,0.33932813030200204,0.017902792664302503,OPCs,Neurons,0.0016329155239783134,0.0
Col11a1,Col11a1,0.3448275862068966,0.03889148277998333,8.49027,Ddr1,Ddr1,0.2549432057214977,0.020846155993107685,OPCs,Oligodendrocytes,0.0016188509060471182,0.0
Ptn,Ptn,0.34170342721411606,0.02052779989104636,8.49027,Sdc3,Sdc3,0.3891625615763547,0.03945592401307563,Neurons,OPCs,0.0016172668363956544,0.0
Hsp90aa1,Hsp90aa1,0.2564102564102564,0.01922438060780346,8.49027,Egfr,Egfr,0.3582474226804124,0.04175933524722142,Pericytes,Astrocytes,0.0016030209075545978,0.0
Vegfa,Vegfa,0.2955665024630542,0.0368593044404415,8.49027,Ephb2,Ephb2,0.4024431625381744,0.02172649532896731,OPCs,Neurons,0.0015990858404509685,0.0
Adam10,Adam10,0.2692307692307692,0.02740543592451755,8.49027,Tspan5,Tspan5,0.49134713267729896,0.02917009206207044,Pericytes,Neurons,0.0015962859748793136,0.78
Jam3,Jam3,0.29064039408866993,0.03168269298907633,8.49027,Itgb1,Itgb1,0.27564102564102566,0.025161917033040437,OPCs,Pericytes,0.0015918565373060833,0.0
Fstl1,Fstl1,0.27319587628865977,0.03505408166155943,8.49027,Dip2a,Dip2a,0.4231421784865965,0.022607076866828058,Astrocytes,Neurons,0.0015824325755432163,0.0
B2m,B2m,0.33497536945812806,0.036743400252382985,8.49027,Tfrc,Tfrc,0.3983712249745504,0.021560432510546068,OPCs,Neurons,0.0015819008276337114,0.0
Jam3,Jam3,0.2623755434020474,0.031415781118579345,8.49027,Itgb1,Itgb1,0.27564102564102566,0.025161917033040437,Oligodendrocytes,Pericytes,0.0015784670587518307,0.0
Lamc1,Lamc1,0.35467980295566504,0.03864362764374851,8.49027,Dag1,Dag1,0.3752969121140142,0.02032648439585316,OPCs,Neurons,0.001568514087180157,0.0
Rtn4,Rtn4,0.4729064039408867,0.045679641408594485,8.49027,Cntnap1,Cntnap1,0.32473702069901594,0.017184501385432482,OPCs,Neurons,0.0015675027996143482,0.0
Cd47,Cd47,0.5337631489650492,0.060312963300451106,8.49027,Sirpa,Sirpa,0.2704445198506956,0.013012020380032852,Neurons,Neurons,0.0015671272726727904,0.0
Sirpa,Sirpa,0.2704445198506956,0.013012020380032852,8.49027,Cd47,Cd47,0.5337631489650492,0.060312963300451106,Neurons,Neurons,0.0015671272726727904,0.0
Sdc2,Sdc2,0.27994570749915165,0.015238467101833075,8.49027,Ptprj,Ptprj,0.500508992195453,0.05067362377567908,Neurons,Neurons,0.0015419952761003732,0.0
Ptn,Ptn,0.34170342721411606,0.02052779989104636,8.49027,Ptprs,Ptprs,0.327319587628866,0.03760428532678295,Neurons,Astrocytes,0.001541486638903798,0.97
Adam10,Adam10,0.46182558534102475,0.026315314115175514,8.49027,Tspan5,Tspan5,0.49134713267729896,0.02917009206207044,Neurons,Neurons,0.0015328869210322468,0.98
Adam10,Adam10,0.33004926108374383,0.038064970206242554,8.49027,Epha3,Epha3,0.30844927044451986,0.02010175077529064,OPCs,Neurons,0.001528006711143589,0.0
Sdc2,Sdc2,0.27994570749915165,0.015238467101833075,8.49027,Ptprj,Ptprj,0.4097938144329897,0.049995892556562116,Neurons,Astrocytes,0.0015214033328889644,0.0
Fgf1,Fgf1,0.30412371134020616,0.036871358377714714,8.49027,Fgfr1,Fgfr1,0.3712249745503902,0.02053566882345237,Astrocytes,Neurons,0.0015120662028901464,0.0
Adam10,Adam10,0.2507362221287337,0.012589448969097583,8.49027,Cadm1,Cadm1,0.4691358024691358,0.06002822501165417,Oligodendrocytes,Microglia,0.0015091635339794845,1.0
Fbn1,Fbn1,0.26108374384236455,0.029961844260932846,8.49027,Itgb1,Itgb1,0.27564102564102566,0.025161917033040437,OPCs,Pericytes,0.0015055248562326564,0.0
Adam10,Adam10,0.2507362221287337,0.012589448969097583,8.49027,Il6ra,Il6ra,0.4156378600823045,0.05978195471894843,Oligodendrocytes,Microglia,0.0015029813831013467,0.0
Ptn,Ptn,0.41494845360824745,0.049143312553678875,8.49027,Sdc2,Sdc2,0.27994570749915165,0.015238467101833075,Astrocytes,Neurons,0.0014954976403467044,0.0
Lgi3,Lgi3,0.329487614523244,0.01785576598662819,8.49027,Adam23,Adam23,0.3645320197044335,0.04171960183342871,Neurons,OPCs,0.0014876544816722736,0.0
Agrn,Agrn,0.3054187192118227,0.036506940895809636,8.49027,Dag1,Dag1,0.3752969121140142,0.02032648439585316,OPCs,Neurons,0.0014819161940818244,0.0
Fstl5,Fstl5,0.2512315270935961,0.012311923648953615,8.49027,Il6ra,Il6ra,0.4156378600823045,0.05978195471894843,OPCs,Microglia,0.0014698979436684806,0.0
Timp2,Timp2,0.2757201646090535,0.03804520617193363,8.49027,Itgb1,Itgb1,0.35900916185951814,0.019341463775530476,Microglia,Neurons,0.0014695372361312495,0.0
Calr,Calr,0.4509670851713607,0.024756265976759617,8.49027,Itgav,Itgav,0.25773195876288657,0.029662390884252543,Neurons,Astrocytes,0.001466506277253031,0.0
Col27a1,Col27a1,0.27586206896551724,0.02916989110461299,8.49027,Itgb1,Itga1_Itgb1,0.27564102564102566,0.025161917033040437,OPCs,Pericytes,0.0014657890681559615,0.0
Bsg,Bsg,0.40463917525773196,0.04447134827760735,8.49027,Slc16a7,Slc16a7,0.2972514421445538,0.016494577577172098,Astrocytes,Neurons,0.0014649230603438073,0.0
Adam10,Adam10,0.43209876543209874,0.058828840702099594,8.49027,Notch1,Notch1,0.2512315270935961,0.012464456501964372,Microglia,OPCs,0.001464391464714227,0.0
Agrn,Agrn,0.4530030539531727,0.024281996724193622,8.49027,Dag1,Dag1,0.270935960591133,0.02988240024947797,Neurons,OPCs,0.0014491057351023145,0.0
Nid1,Nid1,0.27564102564102566,0.03747312680037118,8.49027,Itgb1,Itgb1,0.35900916185951814,0.019341463775530476,Pericytes,Neurons,0.0014474720367295875,0.0
Sptbn2,Sptbn2,0.27587376993552765,0.01311660294085415,8.49027,Ptpra,Ptpra,0.4074074074074074,0.054624077065843935,Neurons,Microglia,0.0014309142102721067,0.0
App,App,0.29218106995884774,0.047175932024871914,8.49027,Tnfrsf21,Tnfrsf21,0.2891075670173057,0.015159438168445338,Microglia,Neurons,0.0014282783522627247,0.0
Vegfa,Vegfa,0.2955665024630542,0.0368593044404415,8.49027,Itgb1,Itgb1,0.35900916185951814,0.019341463775530476,OPCs,Neurons,0.0014237957185779895,0.0
Mdk,Mdk,0.2654639175257732,0.03304866225542413,8.49027,Alk,Alk,0.3189684424838819,0.021535682274170576,Astrocytes,Neurons,0.0014214276472611122,0.0
Lama4,Lama4,0.30049261083743845,0.034918250216104285,8.49027,Dag1,Dag1,0.3752969121140142,0.02032648439585316,OPCs,Neurons,0.0014175183257471226,0.0
Lrrc4b,Lrrc4b,0.35799117746861214,0.018825450657053766,8.49027,Ptprs,Ptprs,0.327319587628866,0.03760428532678295,Neurons,Astrocytes,0.0014138334805668695,0.0
Agrn,Agrn,0.3054187192118227,0.036506940895809636,8.49027,Itgb1,Itgb1,0.35900916185951814,0.019341463775530476,OPCs,Neurons,0.0014102038664410338,0.0
Angpt1,Angpt1,0.30049261083743845,0.036078008172170994,8.49027,Itgb1,Itgb1,0.35900916185951814,0.019341463775530476,OPCs,Neurons,0.0013936579830815278,0.0
Lrpap1,Lrpap1,0.2561576354679803,0.026917150986223604,8.49027,Sorl1,Sorl1,0.4482524601289447,0.025846978811637,OPCs,Neurons,0.001389520608325838,0.0
Col11a1,Col11a1,0.3545978961655921,0.027649154759548433,8.49027,Itgb1,Itga1_Itgb1,0.27564102564102566,0.025161917033040437,Neurons,Pericytes,0.0013894781403565029,0.0
Fstl5,Fstl5,0.2512315270935961,0.012311923648953615,8.49027,Chl1,Chl1,0.4742268041237113,0.05560789808422628,OPCs,Astrocytes,0.0013674080259871186,0.0
Rtn4,Rtn4,0.3247422680412371,0.03793475591661777,8.49027,Lingo1,Lingo1,0.33932813030200204,0.017902792664302503,Astrocytes,Neurons,0.0013564337283237338,0.0
Ptn,Ptn,0.41494845360824745,0.049143312553678875,8.49027,Ncl,Ncl,0.2734984730234136,0.013815262255709337,Astrocytes,Neurons,0.0013560142307026655,0.0
L1cam,L1cam,0.2829996606718697,0.014172529513320431,8.49027,Fgfr2,Fgfr2,0.3333333333333333,0.04783757436178393,Neurons,Pericytes,0.0013541227342449057,0.0
Adam17,Adam17,0.26337448559670784,0.034580910215889826,8.49027,Itgb1,Itgb1,0.35900916185951814,0.019341463775530476,Microglia,Neurons,0.001335903818224197,0.0
Arf1,Arf1,0.2979300984051578,0.015541223113409108,8.49027,Insr,Insr,0.33974358974358976,0.04287694478983206,Neurons,Pericytes,0.0013309465512721197,0.0
Psen1,Psen1,0.2809636918900577,0.013859826985143986,8.49027,Notch2,Notch2,0.3004115226337449,0.04775724139878146,Neurons,Microglia,0.0013220640389934742,0.0
Mdk,Mdk,0.2654639175257732,0.03304866225542413,8.49027,Ptprz1,Ptprz1,0.3003053953172718,0.0199009337247954,Astrocytes,Neurons,0.0013136704743387754,0.0
Nfasc,Nfasc,0.3645320197044335,0.038175932069408614,8.49027,Cntnap1,Cntn1_Cntnap1,0.32473702069901594,0.017184501385432482,OPCs,Neurons,0.0013103494465592127,0.0
Rtn4,Rtn4,0.3247422680412371,0.03793475591661777,8.49027,Cntnap1,Cntnap1,0.32473702069901594,0.017184501385432482,Astrocytes,Neurons,0.0013020821029561163,0.0
Fgf1,Fgf1,0.30412371134020616,0.036871358377714714,8.49027,Tgfbr3,Tgfbr3,0.3155751611808619,0.017262785284403726,Astrocytes,Neurons,0.0012713862050413066,0.0
Adam10,Adam10,0.26804123711340205,0.03152876922964609,8.49027,Epha3,Epha3,0.30844927044451986,0.02010175077529064,Astrocytes,Neurons,0.0012659622307630044,0.0
Adam10,Adam10,0.2507362221287337,0.012589448969097583,8.49027,Tspan5,Tspan5,0.49226804123711343,0.050322211488182056,Oligodendrocytes,Astrocytes,0.001265454423153532,0.99
Vcl,Vcl,0.28028503562945367,0.014095716815997306,8.49027,Alk,Alk,0.43842364532019706,0.04481164910953117,Neurons,OPCs,0.0012617107068316317,0.0
Ptn,Ptn,0.34170342721411606,0.02052779989104636,8.49027,Sdc2,Sdc2,0.2660098522167488,0.030683516714840264,Neurons,OPCs,0.0012581452585958505,0.0
L1cam,L1cam,0.2829996606718697,0.014172529513320431,8.49027,Fgfr2,Fgfr2,0.46798029556650245,0.04434428173645366,Neurons,OPCs,0.0012553633652743984,0.0
Gas6,Gas6,0.32609433322022396,0.017178320846686468,8.49027,Mertk,Mertk,0.3448275862068966,0.036240011474443,Neurons,OPCs,0.001243536780088413,0.0
L1cam,L1cam,0.2829996606718697,0.014172529513320431,8.49027,Cd9,Cd9,0.276679287617445,0.04392042121414286,Neurons,Oligodendrocytes,0.0012433790157666588,0.0
Nid1,Nid1,0.27564102564102566,0.03747312680037118,8.49027,Ptprf,Ptprf,0.31218187987784185,0.01650977048748159,Pericytes,Neurons,0.0012358163141566248,0.0
Lgi2,Lgi2,0.2850356294536817,0.014815588550678993,8.49027,Adam23,Adam23,0.3645320197044335,0.04171960183342871,Neurons,OPCs,0.0012346746046539908,0.0
Adam10,Adam10,0.2507362221287337,0.012589448969097583,8.49027,Tspan5,Tspan5,0.34615384615384615,0.04898607080234196,Oligodendrocytes,Pericytes,0.00123189583797898,0.94
Jam3,Jam3,0.29064039408866993,0.03168269298907633,8.49027,Itgb1,Itgb1,0.35900916185951814,0.019341463775530476,OPCs,Neurons,0.0012240791114769135,0.0
Agrn,Agrn,0.4530030539531727,0.024281996724193622,8.49027,Itgb1,Itgb1,0.27564102564102566,0.025161917033040437,Neurons,Pericytes,0.0012204718023441407,0.0
Jam3,Jam3,0.2623755434020474,0.031415781118579345,8.49027,Itgb1,Itgb1,0.35900916185951814,0.019341463775530476,Oligodendrocytes,Neurons,0.0012137793343115853,0.0
Adam10,Adam10,0.2507362221287337,0.012589448969097583,8.49027,Cadm1,Cadm1,0.3232365727106998,0.0480031343477898,Oligodendrocytes,Oligodendrocytes,0.001207206910484108,1.0
Cx3cl1,Cx3cl1,0.3661350525958602,0.020298904959290653,8.49027,Itgav,Itgav,0.25773195876288657,0.029662390884252543,Neurons,Astrocytes,0.001202779685745621,0.0
Adam10,Adam10,0.2507362221287337,0.012589448969097583,8.49027,Notch2,Notch2,0.3004115226337449,0.04775724139878146,Oligodendrocytes,Microglia,0.0012010304981932669,0.0
Lrpap1,Lrpap1,0.2561576354679803,0.026917150986223604,8.49027,Lrp8,Lrp8,0.41839158466236853,0.02227197548003701,OPCs,Neurons,0.0011975603831025539,0.0
Lrrc4b,Lrrc4b,0.33004926108374383,0.036287009193182396,8.49027,Ptprf,Ptprf,0.31218187987784185,0.01650977048748159,OPCs,Neurons,0.0011967464687661685,0.0
Bsg,Bsg,0.27822184826812507,0.03614569310096272,8.49027,Slc16a7,Slc16a7,0.2972514421445538,0.016494577577172098,Oligodendrocytes,Neurons,0.0011909957156671324,0.0
Slitrk1,Slitrk1,0.2992874109263658,0.01582383423680489,8.49027,Ptprs,Ptprs,0.327319587628866,0.03760428532678295,Neurons,Astrocytes,0.0011886733293970618,0.0
L1cam,L1cam,0.2829996606718697,0.014172529513320431,8.49027,Egfr,Egfr,0.3582474226804124,0.04175933524722142,Neurons,Astrocytes,0.0011822714023325632,0.0
Timp2,Timp2,0.4160162877502545,0.023427290433452708,8.49027,Itgb1,Itgb1,0.27564102564102566,0.025161917033040437,Neurons,Pericytes,0.0011775627874751463,0.0
Arf1,Arf1,0.2979300984051578,0.015541223113409108,8.49027,Insr,Insr,0.3694581280788177,0.03789396857310279,Neurons,OPCs,0.0011764515720210423,0.0
Fbn1,Fbn1,0.26108374384236455,0.029961844260932846,8.49027,Itgb1,Itgb1,0.35900916185951814,0.019341463775530476,OPCs,Neurons,0.0011576700974794928,0.0
Lrpap1,Lrpap1,0.2561576354679803,0.026917150986223604,8.49027,Sort1,Sort1,0.39531727180183235,0.02145125644836654,OPCs,Neurons,0.001153481361576781,0.0
App,App,0.29218106995884774,0.047175932024871914,8.49027,Gpc1,Gpc1,0.2653545978961656,0.012230857498371661,Microglia,Neurons,0.0011526740132411484,0.0
Col11a1,Col11a1,0.3545978961655921,0.027649154759548433,8.49027,Ddr1,Ddr1,0.2549432057214977,0.020846155993107685,Neurons,Oligodendrocytes,0.001151429867336049,0.0
Efnb3,Efnb3,0.25045575655588276,0.013645050850475404,8.49027,Ephb1,Ephb1,0.27990464170523066,0.04204976001778382,Oligodendrocytes,Oligodendrocytes,0.0011462268836347597,0.0
Rtn4,Rtn4,0.4729064039408867,0.045679641408594485,8.49027,Rtn4rl1,Rtn4rl1,0.25102880658436216,0.01255927858540351,OPCs,Microglia,0.0011460916510425592,0.0
Sptbn2,Sptbn2,0.27587376993552765,0.01311660294085415,8.49027,Ptpra,Ptpra,0.37371134020618557,0.04306248380830002,Neurons,Astrocytes,0.0011283922959770723,0.0
Lrpap1,Lrpap1,0.4065151001017984,0.021576915409774577,8.49027,Sorl1,Sorl1,0.4482524601289447,0.025846978811637,Neurons,Neurons,0.001114153428388392,0.0
Bcan,Bcan,0.26874787919918564,0.013322399611839841,8.49027,Egfr,Egfr,0.3582474226804124,0.04175933524722142,Neurons,Astrocytes,0.0011114324468324643,0.0
Vegfa,Vegfa,0.36597938144329895,0.04257731020042266,8.49027,Sirpa,Sirpa,0.2704445198506956,0.013012020380032852,Astrocytes,Neurons,0.0011068072763966857,0.0
Adam10,Adam10,0.2692307692307692,0.02740543592451755,8.49027,Epha3,Epha3,0.30844927044451986,0.02010175077529064,Pericytes,Neurons,0.00110058187064957,0.0
Arf1,Arf1,0.2979300984051578,0.015541223113409108,8.49027,Chrm3,Chrm3,0.36443841194435017,0.035186683746999625,Neurons,Neurons,0.00109249335836558,0.0
Fndc5,Fndc5,0.2507634882931795,0.009335018414395269,8.49027,Itgav,Itgav,0.4074074074074074,0.057837314851942434,Neurons,Microglia,0.0010786600345098513,0.0
Sptbn2,Sptbn2,0.27587376993552765,0.01311660294085415,8.49027,Ptpra,Ptpra,0.43349753694581283,0.04080321125622821,Neurons,OPCs,0.0010692545125141366,0.0
Cthrc1,Cthrc1,0.30049261083743845,0.03461556089783291,8.49027,Fzd3,Fzd3,0.2931795045809298,0.015382961656545735,OPCs,Neurons,0.00106384671687348,0.0
Adam10,Adam10,0.46182558534102475,0.026315314115175514,8.49027,Epha3,Epha3,0.30844927044451986,0.02010175077529064,Neurons,Neurons,0.001056849658954645,0.0
Rtn4,Rtn4,0.27564102564102566,0.02943821230994259,8.49027,Lingo1,Lingo1,0.33932813030200204,0.017902792664302503,Pericytes,Neurons,0.0010529425661223646,0.0
Slit2,Slit2,0.39124533423820834,0.042679525587700384,8.49027,Gpc1,Gpc1,0.2653545978961656,0.012230857498371661,Neurons,Neurons,0.0010429255618271238,0.0
Mfge8,Mfge8,0.25,0.0047799038794844595,8.49027,Itgav,Itgav,0.5320197044334976,0.10911949221648332,Pericytes,OPCs,0.0010420743166757842,0.0
Cntn2,Cntn2,0.25212080081438754,0.010661533325777739,8.49027,Nrp1,Nrp1,0.2880658436213992,0.0488521067694172,Neurons,Microglia,0.0010405927674432746,0.0
Vegfa,Vegfa,0.36597938144329895,0.04257731020042266,8.49027,Gpc1,Gpc1,0.2653545978961656,0.012230857498371661,Astrocytes,Neurons,0.001040430404589705,0.0
Adam10,Adam10,0.2507362221287337,0.012589448969097583,8.49027,Tspan5,Tspan5,0.28817837610433317,0.04073967008776003,Oligodendrocytes,Oligodendrocytes,0.0010247288488218515,1.0
Rtn4,Rtn4,0.27564102564102566,0.02943821230994259,8.49027,Cntnap1,Cntnap1,0.32473702069901594,0.017184501385432482,Pericytes,Neurons,0.001010739372760011,0.0
Mdk,Mdk,0.2654639175257732,0.03304866225542413,8.49027,Sdc2,Sdc2,0.27994570749915165,0.015238467101833075,Astrocytes,Neurons,0.0010062084299060708,0.0
Col4a2,Col4a2,0.27723108245673567,0.013900149669385076,8.49027,Itgb1,Itga9_Itgb1,0.3251231527093596,0.03609275967810888,Neurons,OPCs,0.00100238374166929,0.0
Agrn,Agrn,0.4530030539531727,0.024281996724193622,8.49027,Dag1,Dag1,0.3752969121140142,0.02032648439585316,Neurons,Neurons,0.0009861617799687891,0.0
L1cam,L1cam,0.2829996606718697,0.014172529513320431,8.49027,Fgfr2,Fgfr2,0.25925925925925924,0.034580910215889826,Neurons,Microglia,0.00097923809410052,0.0
Sptbn2,Sptbn2,0.27587376993552765,0.01311660294085415,8.49027,Ptpra,Ptpra,0.28172766792876175,0.036940884392732354,Neurons,Oligodendrocytes,0.0009681396230859924,0.0
Lrpap1,Lrpap1,0.4065151001017984,0.021576915409774577,8.49027,Lrp8,Lrp8,0.41839158466236853,0.02227197548003701,Neurons,Neurons,0.0009601981951737009,0.0
Vegfa,Vegfa,0.2955665024630542,0.0368593044404415,8.49027,Sirpa,Sirpa,0.2704445198506956,0.013012020380032852,OPCs,Neurons,0.0009583088044683974,0.0
Gnai2,Gnai2,0.2757201646090535,0.04653448810629257,8.49027,Oprm1,Oprm1,0.25110281642348153,0.01024508014800124,Microglia,Neurons,0.0009525908260754102,0.0
Rtn4,Rtn4,0.3247422680412371,0.03793475591661777,8.49027,Rtn4rl1,Rtn4rl1,0.25102880658436216,0.01255927858540351,Astrocytes,Microglia,0.0009519592453347616,0.0
Adam10,Adam10,0.33004926108374383,0.038064970206242554,8.49027,Notch1,Notch1,0.2512315270935961,0.012464456501964372,OPCs,OPCs,0.0009480187384097712,0.0
Sptbn2,Sptbn2,0.27587376993552765,0.01311660294085415,8.49027,Ptpra,Ptpra,0.3076923076923077,0.03590203525520386,Neurons,Pericytes,0.000940939281829074,0.0
Agrn,Agrn,0.4530030539531727,0.024281996724193622,8.49027,Itgb1,Itgb1,0.35900916185951814,0.019341463775530476,Neurons,Neurons,0.0009384172659402853,0.0
Cd47,Cd47,0.32019704433497537,0.0360192636563772,8.49027,Sirpa,Sirpa,0.2704445198506956,0.013012020380032852,OPCs,Neurons,0.0009364889519025738,0.0
Sirpa,Sirpa,0.2704445198506956,0.013012020380032852,8.49027,Cd47,Cd47,0.32019704433497537,0.0360192636563772,Neurons,OPCs,0.0009364889519025738,0.0
Col4a2,Col4a2,0.27723108245673567,0.013900149669385076,8.49027,Itgb8,Itgav_Itgb8,0.31527093596059114,0.033608434079646976,Neurons,OPCs,0.0009334523802671664,0.0
Lrpap1,Lrpap1,0.4065151001017984,0.021576915409774577,8.49027,Sort1,Sort1,0.39531727180183235,0.02145125644836654,Neurons,Neurons,0.0009248477564722322,0.0
Efnb3,Efnb3,0.25045575655588276,0.013645050850475404,8.49027,Epha4,Epha4,0.2757731958762887,0.03360172438218112,Oligodendrocytes,Astrocytes,0.0009161543672233934,0.0
Mdk,Mdk,0.2654639175257732,0.03304866225542413,8.49027,Ncl,Ncl,0.2734984730234136,0.013815262255709337,Astrocytes,Neurons,0.0009123187869094938,0.0
Timp2,Timp2,0.4160162877502545,0.023427290433452708,8.49027,Itgb1,Itgb1,0.35900916185951814,0.019341463775530476,Neurons,Neurons,0.0009054156581288878,0.0
Vegfa,Vegfa,0.2955665024630542,0.0368593044404415,8.49027,Gpc1,Gpc1,0.2653545978961656,0.012230857498371661,OPCs,Neurons,0.0009008295746009586,0.0
Ptn,Ptn,0.34170342721411606,0.02052779989104636,8.49027,Alk,Alk,0.3189684424838819,0.021535682274170576,Neurons,Neurons,0.0008833793035262739,0.0
Gpi1,Gpi1,0.2603092783505155,0.028770024376195913,8.49027,Amfr,Amfr,0.30709195792331184,0.015342377903118654,Astrocytes,Neurons,0.0008820225220064474,0.0
Adam17,Adam17,0.26337448559670784,0.034580910215889826,8.49027,Notch1,Notch1,0.2512315270935961,0.012464456501964372,Microglia,OPCs,0.0008613219872582632,0.0
Gpi1,Gpi1,0.49949100780454697,0.027744224310249588,8.49027,Amfr,Amfr,0.30709195792331184,0.015342377903118654,Neurons,Neurons,0.0008506006106429824,0.0
Col4a2,Col4a2,0.27723108245673567,0.013900149669385076,8.49027,Itgav,Itgav_Itgb8,0.25773195876288657,0.029662390884252543,Neurons,Astrocytes,0.0008239439023084487,0.0
Ptn,Ptn,0.34170342721411606,0.02052779989104636,8.49027,Ptprz1,Ptprz1,0.3003053953172718,0.0199009337247954,Neurons,Neurons,0.0008163777531213786,0.0
Arf1,Arf1,0.2979300984051578,0.015541223113409108,8.49027,Insr,Insr,0.45978961655921274,0.02585064343321919,Neurons,Neurons,0.0008028561385432883,0.0
Adam10,Adam10,0.26804123711340205,0.03152876922964609,8.49027,Notch1,Notch1,0.2512315270935961,0.012464456501964372,Astrocytes,OPCs,0.0007853606690818303,0.0
Efnb3,Efnb3,0.25045575655588276,0.013645050850475404,8.49027,Ephb1,Ephb1,0.3997285374957584,0.028604782938474127,Oligodendrocytes,Neurons,0.0007800185316585511,0.0
Rtn4,Rtn4,0.27564102564102566,0.02943821230994259,8.49027,Rtn4rl1,Rtn4rl1,0.25102880658436216,0.01255927858540351,Pericytes,Microglia,0.0007388990434009654,0.0
Sptbn2,Sptbn2,0.27587376993552765,0.01311660294085415,8.49027,Ptpra,Ptpra,0.4906684764166949,0.02802294791601867,Neurons,Neurons,0.0007345917403727868,0.0
Adam10,Adam10,0.2507362221287337,0.012589448969097583,8.49027,Tspan5,Tspan5,0.49134713267729896,0.02917009206207044,Oligodendrocytes,Neurons,0.0007339317194828477,1.0
Col4a2,Col4a2,0.27723108245673567,0.013900149669385076,8.49027,Itgb1,Itga1_Itgb1,0.27564102564102566,0.025161917033040437,Neurons,Pericytes,0.0006990198548981534,0.0
Adam10,Adam10,0.2692307692307692,0.02740543592451755,8.49027,Notch1,Notch1,0.2512315270935961,0.012464456501964372,Pericytes,OPCs,0.0006827213011824314,0.0
Adam10,Adam10,0.46182558534102475,0.026315314115175514,8.49027,Notch1,Notch1,0.2512315270935961,0.012464456501964372,Neurons,OPCs,0.000655582106403937,0.0
Ptn,Ptn,0.34170342721411606,0.02052779989104636,8.49027,Sdc2,Sdc2,0.27994570749915165,0.015238467101833075,Neurons,Neurons,0.0006252332454472597,0.0
Lrrc4b,Lrrc4b,0.35799117746861214,0.018825450657053766,8.49027,Ptprf,Ptprf,0.31218187987784185,0.01650977048748159,Neurons,Neurons,0.0006212215831987711,0.0
L1cam,L1cam,0.2829996606718697,0.014172529513320431,8.49027,Ephb2,Ephb2,0.4024431625381744,0.02172649532896731,Neurons,Neurons,0.0006154597685408992,0.0
Vcl,Vcl,0.28028503562945367,0.014095716815997306,8.49027,Alk,Alk,0.3189684424838819,0.021535682274170576,Neurons,Neurons,0.0006067533843708826,0.0
Efnb3,Efnb3,0.25045575655588276,0.013645050850475404,8.49027,Ephb2,Ephb2,0.4024431625381744,0.02172649532896731,Oligodendrocytes,Neurons,0.0005925669233793803,0.0
Ptn,Ptn,0.34170342721411606,0.02052779989104636,8.49027,Ncl,Ncl,0.2734984730234136,0.013815262255709337,Neurons,Neurons,0.0005668723515276288,0.0
L1cam,L1cam,0.2829996606718697,0.014172529513320431,8.49027,Ptprz1,Ptprz1,0.3003053953172718,0.0199009337247954,Neurons,Neurons,0.0005637751194365882,0.0
Fndc5,Fndc5,0.2507634882931795,0.009335018414395269,8.49027,Itgav,Itgav,0.25773195876288657,0.029662390884252543,Neurons,Astrocytes,0.0005534914078429072,0.0
Mfge8,Mfge8,0.25,0.0047799038794844595,8.49027,Itgav,Itgav,0.4074074074074074,0.057837314851942434,Pericytes,Microglia,0.0005526080667577143,0.0
Col19a1,Col19a1,0.2524601289446895,0.010751866335533045,8.49027,Itgb1,Itga1_Itgb1,0.27564102564102566,0.025161917033040437,Neurons,Pericytes,0.0005407825333865066,0.0
Cntn2,Cntn2,0.25212080081438754,0.010661533325777739,8.49027,Nrp1,Nrp1,0.35595520868680014,0.024951535197359598,Neurons,Neurons,0.0005317603285795179,0.0
Adam10,Adam10,0.2507362221287337,0.012589448969097583,8.49027,Epha3,Epha3,0.30844927044451986,0.02010175077529064,Oligodendrocytes,Neurons,0.0005058838831163081,0.0
Efnb3,Efnb3,0.25045575655588276,0.013645050850475404,8.49027,Epha4,Epha4,0.2952154733627418,0.0170317017592031,Oligodendrocytes,Neurons,0.0004645809373818957,0.0
Ybx1,Ybx1,0.34136409908381404,0.01754710761759004,8.49027,Notch1,Notch1,0.2512315270935961,0.012464456501964372,Neurons,OPCs,0.000437239057648893,0.0
Fstl5,Fstl5,0.2512315270935961,0.012311923648953615,8.49027,Sdk2,Sdk2,0.2690872073294876,0.014907117213428966,OPCs,Neurons,0.0003669358865475463,0.0
Psen1,Psen1,0.2809636918900577,0.013859826985143986,8.49027,Notch1,Notch1,0.2512315270935961,0.012464456501964372,Neurons,OPCs,0.0003453910849429341,0.0
Adam10,Adam10,0.2507362221287337,0.012589448969097583,8.49027,Notch1,Notch1,0.2512315270935961,0.012464456501964372,Oligodendrocytes,OPCs,0.0003137428126727045,0.0
Penk,Penk,0.26060400407193757,0.01471765820822546,8.49027,Oprm1,Oprm1,0.25110281642348153,0.01024508014800124,Neurons,Neurons,0.0003014762605238388,0.0
Mfge8,Mfge8,0.25,0.0047799038794844595,8.49027,Itgav,Itgav,0.25773195876288657,0.029662390884252543,Pericytes,Astrocytes,0.00028348636721574295,0.0
Fgf10,Fgf10,0.12792670512385476,0.0,8.49027,Fgfr2,Fgfr2,0.25925925925925924,0.034580910215889826,Neurons,Microglia,0.0,1.0
Ccl25,Ccl25,0.31116389548693585,0.016061782784667744,8.49027,Grm7,Grm7,0.11522633744855967,0.0,Neurons,Microglia,0.0,1.0
Sema3e,Sema3e,0.19477434679334918,0.0,8.49027,Nrp1,Nrp1,0.2880658436213992,0.0488521067694172,Neurons,Microglia,0.0,1.0
Tnr,Tnr,0.498812351543943,0.03761986962148556,8.49027,Itga9,Itga9_Itgb1,0.22633744855967078,0.0,Neurons,Microglia,0.0,1.0
Lamc1,Lamc1,0.22225992534781133,0.0,8.49027,Dag1,Dag1,0.1111111111111111,0.0,Neurons,Microglia,0.0,1.0
Lamc1,Lamc1,0.22225992534781133,0.0,8.49027,Itga9,Itga9_Itgb1,0.22633744855967078,0.0,Neurons,Microglia,0.0,1.0
Lamc1,Lamc1,0.22225992534781133,0.0,8.49027,Itgb1,Itga6_Itgb1,0.2962962962962963,0.044881685854855524,Neurons,Microglia,0.0,1.0
Col4a2,Col4a2,0.27723108245673567,0.013900149669385076,8.49027,Itga9,Itga9_Itgb1,0.22633744855967078,0.0,Neurons,Microglia,0.0,1.0
Col4a1,Col4a1,0.14319647098744487,0.0,8.49027,Cd47,Cd47,0.19753086419753085,0.0,Neurons,Microglia,0.0,1.0
Col4a1,Col4a1,0.14319647098744487,0.0,8.49027,Itga9,Itga9_Itgb1,0.22633744855967078,0.0,Neurons,Microglia,0.0,1.0
Spp1,Spp1,0.11367492365117068,0.0,8.49027,Itga9,Itga9_Itgb1,0.22633744855967078,0.0,Neurons,Microglia,0.0,1.0
Spp1,Spp1,0.11367492365117068,0.0,8.49027,Itgb1,Itgav_Itgb1,0.2962962962962963,0.044881685854855524,Neurons,Microglia,0.0,1.0
Fgf1,Fgf1,0.23583305055989143,0.0,8.49027,Fgfr2,Fgfr2,0.25925925925925924,0.034580910215889826,Neurons,Microglia,0.0,1.0
Fgf1,Fgf1,0.23583305055989143,0.0,8.49027,Nrp1,Nrp1,0.2880658436213992,0.0488521067694172,Neurons,Microglia,0.0,1.0
Inha,Inha,0.24363759755683745,0.0,8.49027,Acvr1,Acvr1,0.25102880658436216,0.013155772971731206,Neurons,Microglia,0.0,1.0
Apoe,Apoe,0.2297251442144554,0.0,8.49027,Trem2,Trem2,0.6213991769547325,0.19802665177083778,Neurons,Microglia,0.0,1.0
Apoe,Apoe,0.2297251442144554,0.0,8.49027,Lrp1,Lrp1,0.411522633744856,0.05689595816266979,Neurons,Microglia,0.0,1.0
Apoe,Apoe,0.2297251442144554,0.0,8.49027,Lrp6,Lrp6,0.17695473251028807,0.0,Neurons,Microglia,0.0,1.0
Apoe,Apoe,0.2297251442144554,0.0,8.49027,Lrp5,Lrp5,0.1728395061728395,0.0,Neurons,Microglia,0.0,1.0
Penk,Penk,0.26060400407193757,0.01471765820822546,8.49027,Grm7,Grm7,0.11522633744855967,0.0,Neurons,Microglia,0.0,1.0
Penk,Penk,0.26060400407193757,0.01471765820822546,8.49027,Oprm1,Oprm1,0.11934156378600823,0.0,Neurons,Microglia,0.0,1.0
Olfm2,Olfm2,0.40821174075330846,0.023494278592719464,8.49027,Robo2,Robo2,0.102880658436214,0.0,Neurons,Microglia,0.0,1.0
Slit2,Slit2,0.39124533423820834,0.042679525587700384,8.49027,Robo1,Robo1,0.13168724279835392,0.0,Neurons,Microglia,0.0,1.0
Slit2,Slit2,0.39124533423820834,0.042679525587700384,8.49027,Robo2,Robo2,0.102880658436214,0.0,Neurons,Microglia,0.0,1.0
Slit3,Slit3,0.2147947064811673,0.0,8.49027,Robo1,Robo1,0.13168724279835392,0.0,Neurons,Microglia,0.0,1.0
Vegfc,Vegfc,0.11706820495419071,0.0,8.49027,Itga9,Itga9,0.22633744855967078,0.0,Neurons,Microglia,0.0,1.0
Vegfc,Vegfc,0.11706820495419071,0.0,8.49027,Itgb1,Itgb1,0.2962962962962963,0.044881685854855524,Neurons,Microglia,0.0,1.0
Vegfb,Vegfb,0.21038344078724125,0.0,8.49027,Nrp1,Nrp1,0.2880658436213992,0.0488521067694172,Neurons,Microglia,0.0,1.0
Snca,Snca,0.337631489650492,0.02159436536192061,8.49027,Lag3,Lag3,0.11934156378600823,0.0,Neurons,Microglia,0.0,1.0
Fgf9,Fgf9,0.21174075330844927,0.0,8.49027,Fgfr2,Fgfr2,0.25925925925925924,0.034580910215889826,Neurons,Microglia,0.0,1.0
Gnai2,Gnai2,0.2757201646090535,0.04653448810629257,8.49027,Igf1r,Igf1r,0.2345679012345679,0.0,Microglia,Microglia,0.0,1.0
Psen1,Psen1,0.1440329218106996,0.0,8.49027,Notch2,Notch2,0.3004115226337449,0.04775724139878146,Microglia,Microglia,0.0,1.0
Gnai2,Gnai2,0.2757201646090535,0.04653448810629257,8.49027,Oprm1,Oprm1,0.11934156378600823,0.0,Microglia,Microglia,0.0,1.0
Ncam1,Ncam1,0.1111111111111111,0.0,8.49027,Ptpra,Ptpra,0.4074074074074074,0.054624077065843935,Microglia,Microglia,0.0,1.0
Sorbs1,Sorbs1,0.1111111111111111,0.0,8.49027,Itgb5,Itgb5,0.6255144032921811,0.19602203356190184,Microglia,Microglia,0.0,1.0
Gnai2,Gnai2,0.2757201646090535,0.04653448810629257,8.49027,Adcy9,Adcy9,0.24279835390946503,0.0,Microglia,Microglia,0.0,1.0
Gnas,Gnas,0.5390946502057613,0.14921448902564904,8.49027,Adcy9,Adcy9,0.24279835390946503,0.0,Microglia,Microglia,0.0,1.0
Psap,Psap,0.6666666666666666,0.1893218276063502,8.49027,Sort1,Sort1,0.20164609053497942,0.0,Microglia,Microglia,0.0,1.0
Fgf14,Fgf14,0.15637860082304528,0.0,8.49027,Fgfr2,Fgfr2,0.25925925925925924,0.034580910215889826,Microglia,Microglia,0.0,1.0
Sptan1,Sptan1,0.16872427983539096,0.0,8.49027,Ptpra,Ptpra,0.4074074074074074,0.054624077065843935,Microglia,Microglia,0.0,1.0
Ptn,Ptn,0.34170342721411606,0.02052779989104636,8.49027,Ptprs,Ptprs,0.205761316872428,0.0,Neurons,Microglia,0.0,1.0
Ptn,Ptn,0.34170342721411606,0.02052779989104636,8.49027,Plxnb2,Plxnb2,0.13580246913580246,0.0,Neurons,Microglia,0.0,1.0
Vegfa,Vegfa,0.2130980658296573,0.0,8.49027,Itga9,Itga9,0.22633744855967078,0.0,Neurons,Microglia,0.0,1.0
Vegfa,Vegfa,0.2130980658296573,0.0,8.49027,Sirpa,Sirpa,0.6748971193415638,0.2102797668433234,Neurons,Microglia,0.0,1.0
Vegfa,Vegfa,0.2130980658296573,0.0,8.49027,Itgav,Itgav,0.4074074074074074,0.057837314851942434,Neurons,Microglia,0.0,1.0
Vegfa,Vegfa,0.2130980658296573,0.0,8.49027,Itgb1,Itgb1,0.2962962962962963,0.044881685854855524,Neurons,Microglia,0.0,1.0
Vegfa,Vegfa,0.2130980658296573,0.0,8.49027,Nrp1,Nrp1,0.2880658436213992,0.0488521067694172,Neurons,Microglia,0.0,1.0
Spp1,Spp1,0.11367492365117068,0.0,8.49027,Itgav,Itgav_Itgb5,0.4074074074074074,0.057837314851942434,Neurons,Microglia,0.0,1.0
Psen1,Psen1,0.2809636918900577,0.013859826985143986,8.49027,Ncstn,Ncstn,0.10699588477366255,0.0,Neurons,Microglia,0.0,1.0
Cntn3,Cntn3,0.502544960977265,0.07052728335553815,8.49027,Ptprg,Ptprg,0.12757201646090535,0.0,Neurons,Microglia,0.0,1.0
Ltbp3,Ltbp3,0.18425517475398712,0.0,8.49027,Itgb5,Itgb5,0.6255144032921811,0.19602203356190184,Neurons,Microglia,0.0,1.0
Spon1,Spon1,0.15914489311163896,0.0,8.49027,App,App,0.29218106995884774,0.047175932024871914,Neurons,Microglia,0.0,1.0
Sema3c,Sema3c,0.16491347132677298,0.0,8.49027,Nrp1,Nrp1_Plxna4,0.2880658436213992,0.0488521067694172,Neurons,Microglia,0.0,1.0
Fam3c,Fam3c,0.1815405497115711,0.0,8.49027,Lifr,Lifr,0.205761316872428,0.0,Neurons,Microglia,0.0,1.0
Fam3c,Fam3c,0.1815405497115711,0.0,8.49027,Lamp1,Lamp1,0.4609053497942387,0.058475590838550584,Neurons,Microglia,0.0,1.0
Sema3a,Sema3a,0.14794706481167288,0.0,8.49027,Nrp1,Nrp1_Plxna4,0.2880658436213992,0.0488521067694172,Neurons,Microglia,0.0,1.0
Sst,Sst,0.24363759755683745,0.0,8.49027,Grm7,Grm7,0.11522633744855967,0.0,Neurons,Microglia,0.0,1.0
Nxph1,Nxph1,0.5242619613165932,0.11547830918619306,8.49027,Nrxn1,Nrxn1,0.13168724279835392,0.0,Neurons,Microglia,0.0,1.0
Lrpap1,Lrpap1,0.4065151001017984,0.021576915409774577,8.49027,Sort1,Sort1,0.20164609053497942,0.0,Neurons,Microglia,0.0,1.0
F8,F8,0.10892432982694265,0.0,8.49027,Lrp1,Lrp1,0.411522633744856,0.05689595816266979,Neurons,Microglia,0.0,1.0
Serpine2,Serpine2,0.12690872073294876,0.0,8.49027,Lrp1,Lrp1,0.411522633744856,0.05689595816266979,Neurons,Microglia,0.0,1.0
Agrn,Agrn,0.4530030539531727,0.024281996724193622,8.49027,Atp1a3,Atp1a3,0.11522633744855967,0.0,Neurons,Microglia,0.0,1.0
Fbn1,Fbn1,0.17780794027824906,0.0,8.49027,Itgb1,Itgb1,0.2962962962962963,0.044881685854855524,Neurons,Microglia,0.0,1.0
Gnai2,Gnai2,0.16762809636918902,0.0,8.49027,Oprm1,Oprm1,0.11934156378600823,0.0,Neurons,Microglia,0.0,1.0
Rgmb,Rgmb,0.17678995588734306,0.0,8.49027,Neo1,Neo1,0.1111111111111111,0.0,Neurons,Microglia,0.0,1.0
Omg,Omg,0.22124194095690533,0.0,8.49027,Rtn4rl1,Rtn4rl1,0.25102880658436216,0.01255927858540351,Neurons,Microglia,0.0,1.0
Arf1,Arf1,0.2979300984051578,0.015541223113409108,8.49027,Insr,Insr,0.24279835390946503,0.0,Neurons,Microglia,0.0,1.0
Hras,Hras,0.1995249406175772,0.0,8.49027,Insr,Insr,0.24279835390946503,0.0,Neurons,Microglia,0.0,1.0
Apoe,Apoe,0.2297251442144554,0.0,8.49027,Sorl1,Sorl1,0.13168724279835392,0.0,Neurons,Microglia,0.0,1.0
Ntng1,Ntng1,0.41839158466236853,0.04956231675035849,8.49027,Lrrc4c,Lrrc4c,0.16872427983539096,0.0,Neurons,Microglia,0.0,1.0
Gnai2,Gnai2,0.16762809636918902,0.0,8.49027,Ccr5,Ccr5,0.3868312757201646,0.05917212869203725,Neurons,Microglia,0.0,1.0
Apoe,Apoe,0.2297251442144554,0.0,8.49027,Abca1,Abca1,0.2345679012345679,0.0,Neurons,Microglia,0.0,1.0
Itgb3bp,Itgb3bp,0.20834747200542925,0.0,8.49027,Itgb5,Itgb5,0.6255144032921811,0.19602203356190184,Neurons,Microglia,0.0,1.0
Tln1,Tln1,0.165252799457075,0.0,8.49027,Itgb5,Itgb5,0.6255144032921811,0.19602203356190184,Neurons,Microglia,0.0,1.0
Omg,Omg,0.22124194095690533,0.0,8.49027,Tnfrsf1b,Tnfrsf1b,0.1728395061728395,0.0,Neurons,Microglia,0.0,1.0
Bsg,Bsg,0.6932473702069901,0.09878080494399422,8.49027,Slc16a7,Slc16a7,0.1934156378600823,0.0,Neurons,Microglia,0.0,1.0
Nampt,Nampt,0.20665083135391923,0.0,8.49027,Insr,Insr,0.24279835390946503,0.0,Neurons,Microglia,0.0,1.0
Gnai2,Gnai2,0.16762809636918902,0.0,8.49027,P2ry12,P2ry12,0.8518518518518519,0.3024597458760523,Neurons,Microglia,0.0,1.0
Gnai2,Gnai2,0.16762809636918902,0.0,8.49027,Igf1r,Igf1r,0.2345679012345679,0.0,Neurons,Microglia,0.0,1.0
Gpc3,Gpc3,0.15405497115710892,0.0,8.49027,Igf1r,Igf1r,0.2345679012345679,0.0,Neurons,Microglia,0.0,1.0
Gpc3,Gpc3,0.15405497115710892,0.0,8.49027,Cd81,Cd81,0.8271604938271605,0.3108435067168356,Neurons,Microglia,0.0,1.0
Lrpap1,Lrpap1,0.4065151001017984,0.021576915409774577,8.49027,Sorl1,Sorl1,0.13168724279835392,0.0,Neurons,Microglia,0.0,1.0
Gnas,Gnas,0.8890397013912453,0.24492372329315737,8.49027,Adcy7,Adcy7,0.20164609053497942,0.0,Neurons,Microglia,0.0,1.0
Gnai2,Gnai2,0.16762809636918902,0.0,8.49027,Adcy7,Adcy7,0.20164609053497942,0.0,Neurons,Microglia,0.0,1.0
Rgmb,Rgmb,0.17678995588734306,0.0,8.49027,Bmpr2,Bmpr2,0.32510288065843623,0.049851114555304665,Neurons,Microglia,0.0,1.0
Hspa4,Hspa4,0.39260264675941636,0.020805074672526125,8.49027,Tlr4,Tlr4,0.10699588477366255,0.0,Neurons,Microglia,0.0,1.0
Hsp90b1,Hsp90b1,0.47268408551068886,0.025937594829165356,8.49027,Tlr4,Tlr4,0.10699588477366255,0.0,Neurons,Microglia,0.0,1.0
Hsp90b1,Hsp90b1,0.47268408551068886,0.025937594829165356,8.49027,Tlr7,Tlr7,0.205761316872428,0.0,Neurons,Microglia,0.0,1.0
Il18,Il18,0.13168724279835392,0.0,8.49027,Il1rl2,Il1rl2,0.18930041152263374,0.0,Microglia,Microglia,0.0,1.0
Lgals3bp,Lgals3bp,0.1111111111111111,0.0,8.49027,Itgb1,Itgb1,0.2962962962962963,0.044881685854855524,Microglia,Microglia,0.0,1.0
Copa,Copa,0.18518518518518517,0.0,8.49027,P2ry6,P2ry6,0.3045267489711934,0.0498194966636365,Microglia,Microglia,0.0,1.0
Grn,Grn,0.4732510288065844,0.06174213763611336,8.49027,Tnfrsf1b,Tnfrsf1b,0.1728395061728395,0.0,Microglia,Microglia,0.0,1.0
Calr,Calr,0.24691358024691357,0.0,8.49027,Lrp1,Lrp1,0.411522633744856,0.05689595816266979,Microglia,Microglia,0.0,1.0
Calr,Calr,0.24691358024691357,0.0,8.49027,Itgav,Itgav,0.4074074074074074,0.057837314851942434,Microglia,Microglia,0.0,1.0
Ccl12,Ccl12,0.12757201646090535,0.0,8.49027,Ccr5,Ccr5,0.3868312757201646,0.05917212869203725,Microglia,Microglia,0.0,1.0
Ang,Ang,0.13168724279835392,0.0,8.49027,Plxnb2,Plxnb2,0.13580246913580246,0.0,Microglia,Microglia,0.0,1.0
Adam10,Adam10,0.43209876543209874,0.058828840702099594,8.49027,Tspan5,Tspan5,0.13991769547325103,0.0,Microglia,Microglia,0.0,1.0
Apoe,Apoe,0.45267489711934156,0.07626742690494792,8.49027,Abca1,Abca1,0.2345679012345679,0.0,Microglia,Microglia,0.0,1.0
Tln1,Tln1,0.1646090534979424,0.0,8.49027,Itgb5,Itgb5,0.6255144032921811,0.19602203356190184,Microglia,Microglia,0.0,1.0
Irak4,Irak4,0.1111111111111111,0.0,8.49027,Tlr4,Tlr4,0.10699588477366255,0.0,Microglia,Microglia,0.0,1.0
Bsg,Bsg,0.35390946502057613,0.050223821312943784,8.49027,Slc16a7,Slc16a7,0.1934156378600823,0.0,Microglia,Microglia,0.0,1.0
Lin7c,Lin7c,0.16966406515100102,0.0,8.49027,Abca1,Abca1,0.2345679012345679,0.0,Neurons,Microglia,0.0,1.0
Cgn,Cgn,0.12792670512385476,0.0,8.49027,Tgfbr1,Tgfbr1,0.7654320987654321,0.3343046913897496,Neurons,Microglia,0.0,1.0
Cgn,Cgn,0.12792670512385476,0.0,8.49027,Tgfbr2,Tgfbr2,0.5061728395061729,0.11736439935205834,Neurons,Microglia,0.0,1.0
Farp2,Farp2,0.22124194095690533,0.0,8.49027,Plxna4,Plxna4,0.41975308641975306,0.0561726113557981,Neurons,Microglia,0.0,1.0
Rims2,Rims2,0.7539871055310485,0.2662043124524509,8.49027,Abca1,Abca1,0.2345679012345679,0.0,Neurons,Microglia,0.0,1.0
Adam10,Adam10,0.46182558534102475,0.026315314115175514,8.49027,Tspan14,Tspan14,0.2345679012345679,0.0,Neurons,Microglia,0.0,1.0
Adam10,Adam10,0.46182558534102475,0.026315314115175514,8.49027,Tspan5,Tspan5,0.13991769547325103,0.0,Neurons,Microglia,0.0,1.0
Cntn6,Cntn6,0.5873769935527655,0.11353031008273673,8.49027,Ptprg,Ptprg,0.12757201646090535,0.0,Neurons,Microglia,0.0,1.0
Slc6a8,Slc6a8,0.14014251781472684,0.0,8.49027,Lifr,Lifr,0.205761316872428,0.0,Neurons,Microglia,0.0,1.0
Cntn4,Cntn4,0.6070580251102816,0.1523873001386038,8.49027,Aplp1,Aplp1,0.11522633744855967,0.0,Neurons,Microglia,0.0,1.0
Ptn,Ptn,0.34170342721411606,0.02052779989104636,8.49027,Ncl,Ncl,0.102880658436214,0.0,Neurons,Microglia,0.0,1.0
Nucb2,Nucb2,0.1350525958601968,0.0,8.49027,Erap1,Erap1,0.13168724279835392,0.0,Neurons,Microglia,0.0,1.0
Gnai2,Gnai2,0.16762809636918902,0.0,8.49027,Adcy9,Adcy9,0.24279835390946503,0.0,Neurons,Microglia,0.0,1.0
Gnas,Gnas,0.8890397013912453,0.24492372329315737,8.49027,Adcy9,Adcy9,0.24279835390946503,0.0,Neurons,Microglia,0.0,1.0
Psap,Psap,0.6827281981676281,0.09203127051421411,8.49027,Sort1,Sort1,0.20164609053497942,0.0,Neurons,Microglia,0.0,1.0
Gpc3,Gpc3,0.15405497115710892,0.0,8.49027,Lrp1,Lrp1,0.411522633744856,0.05689595816266979,Neurons,Microglia,0.0,1.0
App,App,0.5517241379310345,0.11841058036538166,8.49027,Ncstn,Ncstn,0.10699588477366255,0.0,OPCs,Microglia,0.0,1.0
App,App,0.5517241379310345,0.11841058036538166,8.49027,Grm7,Grm7,0.11522633744855967,0.0,OPCs,Microglia,0.0,1.0
App,App,0.5517241379310345,0.11841058036538166,8.49027,Aplp2,Aplp2,0.14814814814814814,0.0,OPCs,Microglia,0.0,1.0
App,App,0.5517241379310345,0.11841058036538166,8.49027,Aplp1,Aplp1,0.11522633744855967,0.0,OPCs,Microglia,0.0,1.0
App,App,0.5517241379310345,0.11841058036538166,8.49027,Lrp6,Lrp6,0.17695473251028807,0.0,OPCs,Microglia,0.0,1.0
App,App,0.5517241379310345,0.11841058036538166,8.49027,Tnfrsf21,Tnfrsf21,0.18518518518518517,0.0,OPCs,Microglia,0.0,1.0
H2-K1,H2-K1,0.21674876847290642,0.0,8.49027,Aplp2,Aplp2,0.14814814814814814,0.0,OPCs,Microglia,0.0,1.0
Tgfa,Tgfa,0.33004926108374383,0.03690540355465499,8.49027,Erbb4,Erbb4,0.10699588477366255,0.0,OPCs,Microglia,0.0,1.0
Slitrk3,Slitrk3,0.18226600985221675,0.0,8.49027,Ptprs,Ptprs,0.205761316872428,0.0,OPCs,Microglia,0.0,1.0
Adam12,Adam12,0.6354679802955665,0.1453647724619942,8.49027,Itga9,Itga9,0.22633744855967078,0.0,OPCs,Microglia,0.0,1.0
Adam9,Adam9,0.2019704433497537,0.0,8.49027,Itgav,Itgav,0.4074074074074074,0.057837314851942434,OPCs,Microglia,0.0,1.0
Adam9,Adam9,0.2019704433497537,0.0,8.49027,Itgb1,Itgb1,0.2962962962962963,0.044881685854855524,OPCs,Microglia,0.0,1.0
Adam17,Adam17,0.1724137931034483,0.0,8.49027,Erbb4,Erbb4,0.10699588477366255,0.0,OPCs,Microglia,0.0,1.0
Adam17,Adam17,0.1724137931034483,0.0,8.49027,Il6ra,Il6ra,0.4156378600823045,0.05978195471894843,OPCs,Microglia,0.0,1.0
Adam17,Adam17,0.1724137931034483,0.0,8.49027,Itgb1,Itgb1,0.2962962962962963,0.044881685854855524,OPCs,Microglia,0.0,1.0
Jag1,Jag1,0.12807881773399016,0.0,8.49027,Notch2,Notch2,0.3004115226337449,0.04775724139878146,OPCs,Microglia,0.0,1.0
Tgfb1,Tgfb1,0.23868312757201646,0.0,8.49027,Tgfbr2,Tgfbr1_Tgfbr2,0.5061728395061729,0.11736439935205834,Microglia,Microglia,0.0,1.0
Pdgfb,Pdgfb,0.24279835390946503,0.0,8.49027,Lrp1,Lrp1,0.411522633744856,0.05689595816266979,Microglia,Microglia,0.0,1.0
Pdgfb,Pdgfb,0.24279835390946503,0.0,8.49027,Itgav,Itgav,0.4074074074074074,0.057837314851942434,Microglia,Microglia,0.0,1.0
Edil3,Edil3,0.10699588477366255,0.0,8.49027,Itgb5,Itgb5,0.6255144032921811,0.19602203356190184,Microglia,Microglia,0.0,1.0
Edil3,Edil3,0.10699588477366255,0.0,8.49027,Itgav,Itgav,0.4074074074074074,0.057837314851942434,Microglia,Microglia,0.0,1.0
Cklf,Cklf,0.12345679012345678,0.0,8.49027,Lrp6,Lrp6,0.17695473251028807,0.0,Microglia,Microglia,0.0,1.0
Il1rapl1,Il1rapl1,0.13168724279835392,0.0,8.49027,Ptprs,Ptprs,0.205761316872428,0.0,Microglia,Microglia,0.0,1.0
Sema4d,Sema4d,0.32098765432098764,0.0498183646325443,8.49027,Plxnb2,Plxnb2,0.13580246913580246,0.0,Microglia,Microglia,0.0,1.0
Grn,Grn,0.4732510288065844,0.06174213763611336,8.49027,Sort1,Sort1,0.20164609053497942,0.0,Microglia,Microglia,0.0,1.0
Arf1,Arf1,0.13580246913580246,0.0,8.49027,Insr,Insr,0.24279835390946503,0.0,Microglia,Microglia,0.0,1.0
Apoe,Apoe,0.45267489711934156,0.07626742690494792,8.49027,Sorl1,Sorl1,0.13168724279835392,0.0,Microglia,Microglia,0.0,1.0
Psen1,Psen1,0.1440329218106996,0.0,8.49027,Ncstn,Ncstn,0.10699588477366255,0.0,Microglia,Microglia,0.0,1.0
Il18,Il18,0.13168724279835392,0.0,8.49027,Il1rapl1,Il1rapl1,0.13168724279835392,0.0,Microglia,Microglia,0.0,1.0
Sirpa,Sirpa,0.1330049261083744,0.0,8.49027,Cd47,Cd47,0.19753086419753085,0.0,OPCs,Microglia,0.0,1.0
Nrxn2,Nrxn2,0.7536945812807881,0.20222219681281162,8.49027,Nlgn1,Nlgn1,0.1522633744855967,0.0,OPCs,Microglia,0.0,1.0
Nrxn1,Nrxn1,0.8768472906403941,0.5043964435698678,8.49027,Nlgn1,Nlgn1,0.1522633744855967,0.0,OPCs,Microglia,0.0,1.0
Ncam1,Ncam1,0.8275862068965517,0.2684227441308553,8.49027,Robo1,Robo1,0.13168724279835392,0.0,OPCs,Microglia,0.0,1.0
Ncam1,Ncam1,0.8275862068965517,0.2684227441308553,8.49027,Ncam2,Ncam2,0.10699588477366255,0.0,OPCs,Microglia,0.0,1.0
Nlgn3,Nlgn3,0.2857142857142857,0.030202463173612415,8.49027,Nrxn1,Nrxn1,0.13168724279835392,0.0,OPCs,Microglia,0.0,1.0
Dll3,Dll3,0.10837438423645321,0.0,8.49027,Notch2,Notch2,0.3004115226337449,0.04775724139878146,OPCs,Microglia,0.0,1.0
Lrrc4b,Lrrc4b,0.33004926108374383,0.036287009193182396,8.49027,Ptprs,Ptprs,0.205761316872428,0.0,OPCs,Microglia,0.0,1.0
Slitrk2,Slitrk2,0.15763546798029557,0.0,8.49027,Ptprs,Ptprs,0.205761316872428,0.0,OPCs,Microglia,0.0,1.0
Jam3,Jam3,0.29064039408866993,0.03168269298907633,8.49027,Itgb2,Itgam_Itgb2,0.15637860082304528,0.0,OPCs,Microglia,0.0,1.0
Slitrk1,Slitrk1,0.22167487684729065,0.0,8.49027,Ptprs,Ptprs,0.205761316872428,0.0,OPCs,Microglia,0.0,1.0
Sema4d,Sema4d,0.11330049261083744,0.0,8.49027,Plxnb2,Plxnb2,0.13580246913580246,0.0,OPCs,Microglia,0.0,1.0
Nlgn2,Nlgn2,0.32019704433497537,0.0352717879139155,8.49027,Nrxn1,Nrxn1,0.13168724279835392,0.0,OPCs,Microglia,0.0,1.0
Nlgn1,Nlgn1,0.8669950738916257,0.45541186108127185,8.49027,Nrxn1,Nrxn1,0.13168724279835392,0.0,OPCs,Microglia,0.0,1.0
Cntn4,Cntn4,0.7980295566502463,0.2752337592570071,8.49027,Ptprg,Ptprg,0.12757201646090535,0.0,OPCs,Microglia,0.0,1.0
Ntrk3,Ntrk3,0.7192118226600985,0.1658477219832024,8.49027,Ptprs,Ptprs,0.205761316872428,0.0,OPCs,Microglia,0.0,1.0
Adam9,Adam9,0.2019704433497537,0.0,8.49027,Itga6,Itga6,0.46502057613168724,0.06225553918518667,OPCs,Microglia,0.0,1.0
Adam9,Adam9,0.2019704433497537,0.0,8.49027,Itgb5,Itgb5,0.6255144032921811,0.19602203356190184,OPCs,Microglia,0.0,1.0
Ccl25,Ccl25,0.18719211822660098,0.0,8.49027,Grm7,Grm7,0.11522633744855967,0.0,OPCs,Microglia,0.0,1.0
Sema3e,Sema3e,0.24630541871921183,0.0,8.49027,Nrp1,Nrp1,0.2880658436213992,0.0488521067694172,OPCs,Microglia,0.0,1.0
Tnr,Tnr,0.8571428571428571,0.39749643783905464,8.49027,Itga9,Itga9_Itgb1,0.22633744855967078,0.0,OPCs,Microglia,0.0,1.0
Lama4,Lama4,0.30049261083743845,0.034918250216104285,8.49027,Dag1,Dag1,0.1111111111111111,0.0,OPCs,Microglia,0.0,1.0
Lama4,Lama4,0.30049261083743845,0.034918250216104285,8.49027,Itga9,Itga9_Itgb1,0.22633744855967078,0.0,OPCs,Microglia,0.0,1.0
Adam9,Adam9,0.11522633744855967,0.0,8.49027,Itga6,Itga6,0.46502057613168724,0.06225553918518667,Microglia,Microglia,0.0,1.0
Adam9,Adam9,0.11522633744855967,0.0,8.49027,Itgb5,Itgb5,0.6255144032921811,0.19602203356190184,Microglia,Microglia,0.0,1.0
Adam9,Adam9,0.11522633744855967,0.0,8.49027,Itgav,Itgav,0.4074074074074074,0.057837314851942434,Microglia,Microglia,0.0,1.0
Adam9,Adam9,0.11522633744855967,0.0,8.49027,Itgb1,Itgb1,0.2962962962962963,0.044881685854855524,Microglia,Microglia,0.0,1.0
Cntn1,Cntn1,0.11522633744855967,0.0,8.49027,Notch2,Notch2,0.3004115226337449,0.04775724139878146,Microglia,Microglia,0.0,1.0
Cd47,Cd47,0.19753086419753085,0.0,8.49027,Sirpa,Sirpa,0.6748971193415638,0.2102797668433234,Microglia,Microglia,0.0,1.0
Adam17,Adam17,0.26337448559670784,0.034580910215889826,8.49027,Erbb4,Erbb4,0.10699588477366255,0.0,Microglia,Microglia,0.0,1.0
Apoe,Apoe,0.45267489711934156,0.07626742690494792,8.49027,Lrp6,Lrp6,0.17695473251028807,0.0,Microglia,Microglia,0.0,1.0
Apoe,Apoe,0.45267489711934156,0.07626742690494792,8.49027,Lrp5,Lrp5,0.1728395061728395,0.0,Microglia,Microglia,0.0,1.0
Tgfb1,Tgfb1,0.23868312757201646,0.0,8.49027,Itgb5,Itgb5,0.6255144032921811,0.19602203356190184,Microglia,Microglia,0.0,1.0
Tgfb1,Tgfb1,0.23868312757201646,0.0,8.49027,Itgb1,Itgb1,0.2962962962962963,0.044881685854855524,Microglia,Microglia,0.0,1.0
Tgfb1,Tgfb1,0.23868312757201646,0.0,8.49027,Acvr1,Acvr1_Tgfbr2,0.25102880658436216,0.013155772971731206,Microglia,Microglia,0.0,1.0
Tgfb1,Tgfb1,0.23868312757201646,0.0,8.49027,Acvr1,Acvr1_Tgfbr1_Tgfbr2,0.25102880658436216,0.013155772971731206,Microglia,Microglia,0.0,1.0
Col9a3,Col9a3,0.2019704433497537,0.0,8.49027,Itga9,Itga9_Itgb1,0.22633744855967078,0.0,OPCs,Microglia,0.0,1.0
Lamc1,Lamc1,0.35467980295566504,0.03864362764374851,8.49027,Dag1,Dag1,0.1111111111111111,0.0,OPCs,Microglia,0.0,1.0
Lamc1,Lamc1,0.35467980295566504,0.03864362764374851,8.49027,Itga9,Itga9_Itgb1,0.22633744855967078,0.0,OPCs,Microglia,0.0,1.0
Agrn,Agrn,0.3054187192118227,0.036506940895809636,8.49027,Dag1,Dag1,0.1111111111111111,0.0,OPCs,Microglia,0.0,1.0
Il1rapl1,Il1rapl1,0.8669950738916257,0.4069855822866528,8.49027,Ptprs,Ptprs,0.205761316872428,0.0,OPCs,Microglia,0.0,1.0
Bmp1,Bmp1,0.11330049261083744,0.0,8.49027,Bmpr2,Bmpr2,0.32510288065843623,0.049851114555304665,OPCs,Microglia,0.0,1.0
Bmp1,Bmp1,0.11330049261083744,0.0,8.49027,Bmpr1a,Bmpr1a,0.20164609053497942,0.0,OPCs,Microglia,0.0,1.0
Apoe,Apoe,0.8374384236453202,0.2405724520174406,8.49027,Lrp6,Lrp6,0.17695473251028807,0.0,OPCs,Microglia,0.0,1.0
Apoe,Apoe,0.8374384236453202,0.2405724520174406,8.49027,Lrp5,Lrp5,0.1728395061728395,0.0,OPCs,Microglia,0.0,1.0
Olfm2,Olfm2,0.5369458128078818,0.11349186665786304,8.49027,Robo2,Robo2,0.102880658436214,0.0,OPCs,Microglia,0.0,1.0
Ntn1,Ntn1,0.5369458128078818,0.1135570277715996,8.49027,Neo1,Neo1,0.1111111111111111,0.0,OPCs,Microglia,0.0,1.0
Slit2,Slit2,0.11330049261083744,0.0,8.49027,Robo1,Robo1,0.13168724279835392,0.0,OPCs,Microglia,0.0,1.0
Slit2,Slit2,0.11330049261083744,0.0,8.49027,Robo2,Robo2,0.102880658436214,0.0,OPCs,Microglia,0.0,1.0
Slit2,Slit2,0.11330049261083744,0.0,8.49027,App,App,0.29218106995884774,0.047175932024871914,OPCs,Microglia,0.0,1.0
Copa,Copa,0.21674876847290642,0.0,8.49027,P2ry6,P2ry6,0.3045267489711934,0.0498194966636365,OPCs,Microglia,0.0,1.0
Vegfb,Vegfb,0.11822660098522167,0.0,8.49027,Nrp1,Nrp1,0.2880658436213992,0.0488521067694172,OPCs,Microglia,0.0,1.0
Snca,Snca,0.26108374384236455,0.02677434219254049,8.49027,Lag3,Lag3,0.11934156378600823,0.0,OPCs,Microglia,0.0,1.0
Mdk,Mdk,0.18719211822660098,0.0,8.49027,Lrp1,Lrp1,0.411522633744856,0.05689595816266979,OPCs,Microglia,0.0,1.0
Mdk,Mdk,0.18719211822660098,0.0,8.49027,Notch2,Notch2,0.3004115226337449,0.04775724139878146,OPCs,Microglia,0.0,1.0
Mdk,Mdk,0.18719211822660098,0.0,8.49027,Itgb1,Itga6_Itgb1,0.2962962962962963,0.044881685854855524,OPCs,Microglia,0.0,1.0
Ptn,Ptn,0.8669950738916257,0.27545202362701793,8.49027,Ptprs,Ptprs,0.205761316872428,0.0,OPCs,Microglia,0.0,1.0
Ptn,Ptn,0.8669950738916257,0.27545202362701793,8.49027,Plxnb2,Plxnb2,0.13580246913580246,0.0,OPCs,Microglia,0.0,1.0
Bmp7,Bmp7,0.11330049261083744,0.0,8.49027,Acvr1,Acvr1_Bmpr2,0.25102880658436216,0.013155772971731206,OPCs,Microglia,0.0,1.0
Bmp7,Bmp7,0.11330049261083744,0.0,8.49027,Bmpr1a,Bmpr1a_Bmpr2,0.20164609053497942,0.0,OPCs,Microglia,0.0,1.0
Bmp7,Bmp7,0.11330049261083744,0.0,8.49027,Acvr2a,Acvr1_Acvr2a,0.14814814814814814,0.0,OPCs,Microglia,0.0,1.0
Bmp7,Bmp7,0.11330049261083744,0.0,8.49027,Acvr2a,Acvr2a_Bmpr1a,0.14814814814814814,0.0,OPCs,Microglia,0.0,1.0
Vegfa,Vegfa,0.2955665024630542,0.0368593044404415,8.49027,Itga9,Itga9,0.22633744855967078,0.0,OPCs,Microglia,0.0,1.0
Omg,Omg,0.18226600985221675,0.0,8.49027,Rtn4rl1,Rtn4rl1,0.25102880658436216,0.01255927858540351,OPCs,Microglia,0.0,1.0
Apoe,Apoe,0.8374384236453202,0.2405724520174406,8.49027,Sorl1,Sorl1,0.13168724279835392,0.0,OPCs,Microglia,0.0,1.0
Gnai2,Gnai2,0.21182266009852216,0.0,8.49027,Ccr5,Ccr5,0.3868312757201646,0.05917212869203725,OPCs,Microglia,0.0,1.0
Psen1,Psen1,0.11822660098522167,0.0,8.49027,Ncstn,Ncstn,0.10699588477366255,0.0,OPCs,Microglia,0.0,1.0
Cntn3,Cntn3,0.28078817733990147,0.033044979205428815,8.49027,Ptprg,Ptprg,0.12757201646090535,0.0,OPCs,Microglia,0.0,1.0
Rgma,Rgma,0.2019704433497537,0.0,8.49027,Neo1,Neo1,0.1111111111111111,0.0,OPCs,Microglia,0.0,1.0
Rgma,Rgma,0.2019704433497537,0.0,8.49027,Bmpr2,Bmpr2,0.32510288065843623,0.049851114555304665,OPCs,Microglia,0.0,1.0
Fgf13,Fgf13,0.13793103448275862,0.0,8.49027,Fgfr2,Fgfr2,0.25925925925925924,0.034580910215889826,OPCs,Microglia,0.0,1.0
Fam3c,Fam3c,0.2019704433497537,0.0,8.49027,Lifr,Lifr,0.205761316872428,0.0,OPCs,Microglia,0.0,1.0
Fam3c,Fam3c,0.2019704433497537,0.0,8.49027,Lamp1,Lamp1,0.4609053497942387,0.058475590838550584,OPCs,Microglia,0.0,1.0
Gas6,Gas6,0.10344827586206896,0.0,8.49027,Mertk,Mertk,0.7366255144032922,0.23162574176748496,OPCs,Microglia,0.0,1.0
Il18,Il18,0.27586206896551724,0.02933365826928447,8.49027,Il1rapl1,Il1rapl1,0.13168724279835392,0.0,OPCs,Microglia,0.0,1.0
Il18,Il18,0.27586206896551724,0.02933365826928447,8.49027,Il1rl2,Il1rl2,0.18930041152263374,0.0,OPCs,Microglia,0.0,1.0
Nxph1,Nxph1,0.8374384236453202,0.35138865700612953,8.49027,Nrxn1,Nrxn1,0.13168724279835392,0.0,OPCs,Microglia,0.0,1.0
Omg,Omg,0.18226600985221675,0.0,8.49027,Tnfrsf1b,Tnfrsf1b,0.1728395061728395,0.0,OPCs,Microglia,0.0,1.0
Bsg,Bsg,0.5911330049261084,0.12194266129017417,8.49027,Slc16a7,Slc16a7,0.1934156378600823,0.0,OPCs,Microglia,0.0,1.0
Nampt,Nampt,0.10344827586206896,0.0,8.49027,Insr,Insr,0.24279835390946503,0.0,OPCs,Microglia,0.0,1.0
Gnai2,Gnai2,0.21182266009852216,0.0,8.49027,P2ry12,P2ry12,0.8518518518518519,0.3024597458760523,OPCs,Microglia,0.0,1.0
Gnai2,Gnai2,0.21182266009852216,0.0,8.49027,Igf1r,Igf1r,0.2345679012345679,0.0,OPCs,Microglia,0.0,1.0
Lrpap1,Lrpap1,0.2561576354679803,0.026917150986223604,8.49027,Sorl1,Sorl1,0.13168724279835392,0.0,OPCs,Microglia,0.0,1.0
Psen1,Psen1,0.11822660098522167,0.0,8.49027,Notch2,Notch2,0.3004115226337449,0.04775724139878146,OPCs,Microglia,0.0,1.0
Cd14,Cd14,0.2757201646090535,0.04966462778987579,8.49027,Itgb2,Itgb2,0.15637860082304528,0.0,Microglia,Microglia,0.0,1.0
Cd14,Cd14,0.2757201646090535,0.04966462778987579,8.49027,Tlr4,Tlr4,0.10699588477366255,0.0,Microglia,Microglia,0.0,1.0
Icam1,Icam1,0.12345679012345678,0.0,8.49027,Itgb2,Itgam_Itgb2,0.15637860082304528,0.0,Microglia,Microglia,0.0,1.0
App,App,0.29218106995884774,0.047175932024871914,8.49027,Ncstn,Ncstn,0.10699588477366255,0.0,Microglia,Microglia,0.0,1.0
App,App,0.29218106995884774,0.047175932024871914,8.49027,Grm7,Grm7,0.11522633744855967,0.0,Microglia,Microglia,0.0,1.0
App,App,0.29218106995884774,0.047175932024871914,8.49027,Aplp2,Aplp2,0.14814814814814814,0.0,Microglia,Microglia,0.0,1.0
Nlgn1,Nlgn1,0.1522633744855967,0.0,8.49027,Nrxn1,Nrxn1,0.13168724279835392,0.0,Microglia,Microglia,0.0,1.0
Ntrk3,Ntrk3,0.10699588477366255,0.0,8.49027,Ptprs,Ptprs,0.205761316872428,0.0,Microglia,Microglia,0.0,1.0
Selplg,Selplg,0.7283950617283951,0.24767969774183385,8.49027,Itgb2,Itgb2,0.15637860082304528,0.0,Microglia,Microglia,0.0,1.0
Alcam,Alcam,0.1440329218106996,0.0,8.49027,Nrp1,Nrp1,0.2880658436213992,0.0488521067694172,Microglia,Microglia,0.0,1.0
Adam15,Adam15,0.1522633744855967,0.0,8.49027,Itga9,Itga9,0.22633744855967078,0.0,Microglia,Microglia,0.0,1.0
Adam15,Adam15,0.1522633744855967,0.0,8.49027,Itgav,Itgav,0.4074074074074074,0.057837314851942434,Microglia,Microglia,0.0,1.0
Adam15,Adam15,0.1522633744855967,0.0,8.49027,Itgb1,Itgb1,0.2962962962962963,0.044881685854855524,Microglia,Microglia,0.0,1.0
Lrpap1,Lrpap1,0.2561576354679803,0.026917150986223604,8.49027,Sort1,Sort1,0.20164609053497942,0.0,OPCs,Microglia,0.0,1.0
Agrn,Agrn,0.3054187192118227,0.036506940895809636,8.49027,Atp1a3,Atp1a3,0.11522633744855967,0.0,OPCs,Microglia,0.0,1.0
Gnai2,Gnai2,0.21182266009852216,0.0,8.49027,Oprm1,Oprm1,0.11934156378600823,0.0,OPCs,Microglia,0.0,1.0
Timp2,Timp2,0.1625615763546798,0.0,8.49027,Itgb1,Itgb1,0.2962962962962963,0.044881685854855524,OPCs,Microglia,0.0,1.0
Gnas,Gnas,0.5911330049261084,0.13375737669993382,8.49027,Adcy7,Adcy7,0.20164609053497942,0.0,OPCs,Microglia,0.0,1.0
Gnai2,Gnai2,0.21182266009852216,0.0,8.49027,Adcy7,Adcy7,0.20164609053497942,0.0,OPCs,Microglia,0.0,1.0
Hspa4,Hspa4,0.18719211822660098,0.0,8.49027,Tlr4,Tlr4,0.10699588477366255,0.0,OPCs,Microglia,0.0,1.0
Hsp90b1,Hsp90b1,0.3251231527093596,0.03495302375413489,8.49027,Tlr4,Tlr4,0.10699588477366255,0.0,OPCs,Microglia,0.0,1.0
Hsp90b1,Hsp90b1,0.3251231527093596,0.03495302375413489,8.49027,Tlr7,Tlr7,0.205761316872428,0.0,OPCs,Microglia,0.0,1.0
S100a1,S100a1,0.22167487684729065,0.0,8.49027,Tlr4,Tlr4,0.10699588477366255,0.0,OPCs,Microglia,0.0,1.0
S100a1,S100a1,0.22167487684729065,0.0,8.49027,Trpm3,Trpm3,0.12345679012345678,0.0,OPCs,Microglia,0.0,1.0
Farp2,Farp2,0.11822660098522167,0.0,8.49027,Plxna4,Plxna4,0.41975308641975306,0.0561726113557981,OPCs,Microglia,0.0,1.0
Rims2,Rims2,0.7192118226600985,0.18527475853386832,8.49027,Abca1,Abca1,0.2345679012345679,0.0,OPCs,Microglia,0.0,1.0
Adam10,Adam10,0.33004926108374383,0.038064970206242554,8.49027,Tspan14,Tspan14,0.2345679012345679,0.0,OPCs,Microglia,0.0,1.0
Adam10,Adam10,0.33004926108374383,0.038064970206242554,8.49027,Tspan5,Tspan5,0.13991769547325103,0.0,OPCs,Microglia,0.0,1.0
Apoe,Apoe,0.8374384236453202,0.2405724520174406,8.49027,Abca1,Abca1,0.2345679012345679,0.0,OPCs,Microglia,0.0,1.0
Vcl,Vcl,0.15763546798029557,0.0,8.49027,Itgb5,Itgb5,0.6255144032921811,0.19602203356190184,OPCs,Microglia,0.0,1.0
Itgb3bp,Itgb3bp,0.1330049261083744,0.0,8.49027,Itgb5,Itgb5,0.6255144032921811,0.19602203356190184,OPCs,Microglia,0.0,1.0
Megf10,Megf10,0.270935960591133,0.030197389217197612,8.49027,Abca1,Abca1,0.2345679012345679,0.0,OPCs,Microglia,0.0,1.0
Cntn6,Cntn6,0.625615763546798,0.15704105363233012,8.49027,Ptprg,Ptprg,0.12757201646090535,0.0,OPCs,Microglia,0.0,1.0
Cntn4,Cntn4,0.7980295566502463,0.2752337592570071,8.49027,Aplp1,Aplp1,0.11522633744855967,0.0,OPCs,Microglia,0.0,1.0
Ptn,Ptn,0.8669950738916257,0.27545202362701793,8.49027,Ncl,Ncl,0.102880658436214,0.0,OPCs,Microglia,0.0,1.0
Mdk,Mdk,0.18719211822660098,0.0,8.49027,Ncl,Ncl,0.102880658436214,0.0,OPCs,Microglia,0.0,1.0
Entpd1,Entpd1,0.21674876847290642,0.0,8.49027,Adora3,Adora3,0.11522633744855967,0.0,OPCs,Microglia,0.0,1.0
Gnai2,Gnai2,0.21182266009852216,0.0,8.49027,Adcy9,Adcy9,0.24279835390946503,0.0,OPCs,Microglia,0.0,1.0
Gnas,Gnas,0.5911330049261084,0.13375737669993382,8.49027,Adcy9,Adcy9,0.24279835390946503,0.0,OPCs,Microglia,0.0,1.0
Mdk,Mdk,0.18719211822660098,0.0,8.49027,Sorl1,Sorl1,0.13168724279835392,0.0,OPCs,Microglia,0.0,1.0
Psap,Psap,0.5566502463054187,0.11329936696449328,8.49027,Sort1,Sort1,0.20164609053497942,0.0,OPCs,Microglia,0.0,1.0
Ncam1,Ncam1,0.5330248212031973,0.17965692523993804,8.49027,Ncam2,Ncam2,0.10699588477366255,0.0,Oligodendrocytes,Microglia,0.0,1.0
Csf1,Csf1,0.10321133080914317,0.0,8.49027,Sirpa,Sirpa,0.6748971193415638,0.2102797668433234,Oligodendrocytes,Microglia,0.0,1.0
App,App,0.5727106997616043,0.1912491237039715,8.49027,Ncstn,Ncstn,0.10699588477366255,0.0,Oligodendrocytes,Microglia,0.0,1.0
App,App,0.5727106997616043,0.1912491237039715,8.49027,Grm7,Grm7,0.11522633744855967,0.0,Oligodendrocytes,Microglia,0.0,1.0
App,App,0.5727106997616043,0.1912491237039715,8.49027,Aplp2,Aplp2,0.14814814814814814,0.0,Oligodendrocytes,Microglia,0.0,1.0
App,App,0.5727106997616043,0.1912491237039715,8.49027,Aplp1,Aplp1,0.11522633744855967,0.0,Oligodendrocytes,Microglia,0.0,1.0
Ptn,Ptn,0.41494845360824745,0.049143312553678875,8.49027,Ncl,Ncl,0.102880658436214,0.0,Astrocytes,Microglia,0.0,1.0
Mdk,Mdk,0.2654639175257732,0.03304866225542413,8.49027,Ncl,Ncl,0.102880658436214,0.0,Astrocytes,Microglia,0.0,1.0
Entpd1,Entpd1,0.11082474226804123,0.0,8.49027,Adora3,Adora3,0.11522633744855967,0.0,Astrocytes,Microglia,0.0,1.0
Fgf12,Fgf12,0.1958762886597938,0.0,8.49027,Fgfr2,Fgfr2,0.25925925925925924,0.034580910215889826,Astrocytes,Microglia,0.0,1.0
Gnai2,Gnai2,0.13402061855670103,0.0,8.49027,Adcy9,Adcy9,0.24279835390946503,0.0,Astrocytes,Microglia,0.0,1.0
Sirpa,Sirpa,0.6748971193415638,0.2102797668433234,8.49027,Cd47,Cd47,0.19753086419753085,0.0,Microglia,Microglia,0.0,1.0
Nrxn1,Nrxn1,0.13168724279835392,0.0,8.49027,Nlgn1,Nlgn1,0.1522633744855967,0.0,Microglia,Microglia,0.0,1.0
Jam2,Jam2,0.15637860082304528,0.0,8.49027,Itgb1,Itgav_Itgb1,0.2962962962962963,0.044881685854855524,Microglia,Microglia,0.0,1.0
Ncam1,Ncam1,0.1111111111111111,0.0,8.49027,Robo1,Robo1,0.13168724279835392,0.0,Microglia,Microglia,0.0,1.0
Ncam1,Ncam1,0.1111111111111111,0.0,8.49027,Fgfr2,Fgfr2,0.25925925925925924,0.034580910215889826,Microglia,Microglia,0.0,1.0
Ncam1,Ncam1,0.1111111111111111,0.0,8.49027,Ncam2,Ncam2,0.10699588477366255,0.0,Microglia,Microglia,0.0,1.0
App,App,0.5727106997616043,0.1912491237039715,8.49027,Lrp6,Lrp6,0.17695473251028807,0.0,Oligodendrocytes,Microglia,0.0,1.0
App,App,0.5727106997616043,0.1912491237039715,8.49027,Tnfrsf21,Tnfrsf21,0.18518518518518517,0.0,Oligodendrocytes,Microglia,0.0,1.0
Thy1,Thy1,0.11176553078109662,0.0,8.49027,Itgb2,Itgam_Itgb2,0.15637860082304528,0.0,Oligodendrocytes,Microglia,0.0,1.0
Bmp7,Bmp7,0.11330049261083744,0.0,8.49027,Actr2,Actr2,0.36213991769547327,0.05290812503033182,OPCs,Microglia,0.0,1.0
Il1rapl1,Il1rapl1,0.41438788388725284,0.07057209248083263,8.49027,Ptprs,Ptprs,0.205761316872428,0.0,Oligodendrocytes,Microglia,0.0,1.0
Lrrc4b,Lrrc4b,0.12789230122002523,0.0,8.49027,Ptprs,Ptprs,0.205761316872428,0.0,Oligodendrocytes,Microglia,0.0,1.0
Sema6a,Sema6a,0.21147104192960314,0.0,8.49027,Plxna4,Plxna4,0.41975308641975306,0.0561726113557981,Oligodendrocytes,Microglia,0.0,1.0
Jam3,Jam3,0.2623755434020474,0.031415781118579345,8.49027,Itgb2,Itgam_Itgb2,0.15637860082304528,0.0,Oligodendrocytes,Microglia,0.0,1.0
Sema4d,Sema4d,0.18384518300378627,0.0,8.49027,Plxnb2,Plxnb2,0.13580246913580246,0.0,Oligodendrocytes,Microglia,0.0,1.0
Nlgn1,Nlgn1,0.30360398261113447,0.0529812138718877,8.49027,Nrxn1,Nrxn1,0.13168724279835392,0.0,Oligodendrocytes,Microglia,0.0,1.0
Alcam,Alcam,0.2016547468798205,0.0,8.49027,Nrp1,Nrp1,0.2880658436213992,0.0488521067694172,Oligodendrocytes,Microglia,0.0,1.0
Cntn1,Cntn1,0.15285373720375825,0.0,8.49027,Notch2,Notch2,0.3004115226337449,0.04775724139878146,Oligodendrocytes,Microglia,0.0,1.0
Cd47,Cd47,0.1771140092553639,0.0,8.49027,Sirpa,Sirpa,0.6748971193415638,0.2102797668433234,Oligodendrocytes,Microglia,0.0,1.0
Cntn2,Cntn2,0.286916281026504,0.04029360596025944,8.49027,Cntn1,Cntn1,0.11522633744855967,0.0,Oligodendrocytes,Microglia,0.0,1.0
Nrxn2,Nrxn2,0.15972514373860608,0.0,8.49027,Nlgn1,Nlgn1,0.1522633744855967,0.0,Oligodendrocytes,Microglia,0.0,1.0
Nrxn1,Nrxn1,0.21778151731874912,0.0,8.49027,Nlgn1,Nlgn1,0.1522633744855967,0.0,Oligodendrocytes,Microglia,0.0,1.0
Ncam1,Ncam1,0.5330248212031973,0.17965692523993804,8.49027,Robo1,Robo1,0.13168724279835392,0.0,Oligodendrocytes,Microglia,0.0,1.0
Ptn,Ptn,0.40316926097321554,0.06133538219136003,8.49027,Plxnb2,Plxnb2,0.13580246913580246,0.0,Oligodendrocytes,Microglia,0.0,1.0
Fgf1,Fgf1,0.1110643668489693,0.0,8.49027,Fgfr2,Fgfr2,0.25925925925925924,0.034580910215889826,Oligodendrocytes,Microglia,0.0,1.0
Fgf1,Fgf1,0.1110643668489693,0.0,8.49027,Nrp1,Nrp1,0.2880658436213992,0.0488521067694172,Oligodendrocytes,Microglia,0.0,1.0
Apoe,Apoe,0.388865516757818,0.06760146387603161,8.49027,Lrp6,Lrp6,0.17695473251028807,0.0,Oligodendrocytes,Microglia,0.0,1.0
Apoe,Apoe,0.388865516757818,0.06760146387603161,8.49027,Lrp5,Lrp5,0.1728395061728395,0.0,Oligodendrocytes,Microglia,0.0,1.0
Lama2,Lama2,0.12326461926798485,0.0,8.49027,Dag1,Dag1,0.1111111111111111,0.0,Oligodendrocytes,Microglia,0.0,1.0
Lama2,Lama2,0.12326461926798485,0.0,8.49027,Rpsa,Rpsa,0.3374485596707819,0.04990351794189518,Oligodendrocytes,Microglia,0.0,1.0
Lama2,Lama2,0.12326461926798485,0.0,8.49027,Itga9,Itga9_Itgb1,0.22633744855967078,0.0,Oligodendrocytes,Microglia,0.0,1.0
Lama2,Lama2,0.12326461926798485,0.0,8.49027,Itgb1,Itga6_Itgb1,0.2962962962962963,0.044881685854855524,Oligodendrocytes,Microglia,0.0,1.0
Agrn,Agrn,0.11583228158743514,0.0,8.49027,Dag1,Dag1,0.1111111111111111,0.0,Oligodendrocytes,Microglia,0.0,1.0
Agrn,Agrn,0.11583228158743514,0.0,8.49027,Lrp1,Lrp1,0.411522633744856,0.05689595816266979,Oligodendrocytes,Microglia,0.0,1.0
Agrn,Agrn,0.11583228158743514,0.0,8.49027,Itgb1,Itgb1,0.2962962962962963,0.044881685854855524,Oligodendrocytes,Microglia,0.0,1.0
Agrn,Agrn,0.11583228158743514,0.0,8.49027,Atp1a3,Atp1a3,0.11522633744855967,0.0,Oligodendrocytes,Microglia,0.0,1.0
Gnai2,Gnai2,0.10531482260552517,0.0,8.49027,Oprm1,Oprm1,0.11934156378600823,0.0,Oligodendrocytes,Microglia,0.0,1.0
Timp2,Timp2,0.1472444257467396,0.0,8.49027,Itgb1,Itgb1,0.2962962962962963,0.044881685854855524,Oligodendrocytes,Microglia,0.0,1.0
Omg,Omg,0.13490394054129856,0.0,8.49027,Rtn4rl1,Rtn4rl1,0.25102880658436216,0.01255927858540351,Oligodendrocytes,Microglia,0.0,1.0
Arf1,Arf1,0.10138830458561211,0.0,8.49027,Insr,Insr,0.24279835390946503,0.0,Oligodendrocytes,Microglia,0.0,1.0
Apoe,Apoe,0.388865516757818,0.06760146387603161,8.49027,Sorl1,Sorl1,0.13168724279835392,0.0,Oligodendrocytes,Microglia,0.0,1.0
Gnai2,Gnai2,0.10531482260552517,0.0,8.49027,Ccr5,Ccr5,0.3868312757201646,0.05917212869203725,Oligodendrocytes,Microglia,0.0,1.0
Cntn3,Cntn3,0.16827934371055953,0.0,8.49027,Ptprg,Ptprg,0.12757201646090535,0.0,Oligodendrocytes,Microglia,0.0,1.0
Rgma,Rgma,0.10068714065348479,0.0,8.49027,Neo1,Neo1,0.1111111111111111,0.0,Oligodendrocytes,Microglia,0.0,1.0
Rgma,Rgma,0.10068714065348479,0.0,8.49027,Bmpr2,Bmpr2,0.32510288065843623,0.049851114555304665,Oligodendrocytes,Microglia,0.0,1.0
Il18,Il18,0.17010236993409059,0.0,8.49027,Il1rapl1,Il1rapl1,0.13168724279835392,0.0,Oligodendrocytes,Microglia,0.0,1.0
Il18,Il18,0.17010236993409059,0.0,8.49027,Il1rl2,Il1rl2,0.18930041152263374,0.0,Oligodendrocytes,Microglia,0.0,1.0
Copa,Copa,0.12214275697658113,0.0,8.49027,P2ry6,P2ry6,0.3045267489711934,0.0498194966636365,Oligodendrocytes,Microglia,0.0,1.0
Calr,Calr,0.15355490113588557,0.0,8.49027,Lrp1,Lrp1,0.411522633744856,0.05689595816266979,Oligodendrocytes,Microglia,0.0,1.0
Calr,Calr,0.15355490113588557,0.0,8.49027,Itgav,Itgav,0.4074074074074074,0.057837314851942434,Oligodendrocytes,Microglia,0.0,1.0
Ptn,Ptn,0.40316926097321554,0.06133538219136003,8.49027,Ptprs,Ptprs,0.205761316872428,0.0,Oligodendrocytes,Microglia,0.0,1.0
Gnai2,Gnai2,0.10531482260552517,0.0,8.49027,Adcy7,Adcy7,0.20164609053497942,0.0,Oligodendrocytes,Microglia,0.0,1.0
Hspa4,Hspa4,0.10138830458561211,0.0,8.49027,Tlr4,Tlr4,0.10699588477366255,0.0,Oligodendrocytes,Microglia,0.0,1.0
Hsp90b1,Hsp90b1,0.18384518300378627,0.0,8.49027,Tlr4,Tlr4,0.10699588477366255,0.0,Oligodendrocytes,Microglia,0.0,1.0
Hsp90b1,Hsp90b1,0.18384518300378627,0.0,8.49027,Tlr7,Tlr7,0.205761316872428,0.0,Oligodendrocytes,Microglia,0.0,1.0
Rims2,Rims2,0.12943486187070538,0.0,8.49027,Abca1,Abca1,0.2345679012345679,0.0,Oligodendrocytes,Microglia,0.0,1.0
Adam10,Adam10,0.2507362221287337,0.012589448969097583,8.49027,Tspan14,Tspan14,0.2345679012345679,0.0,Oligodendrocytes,Microglia,0.0,1.0
Adam10,Adam10,0.2507362221287337,0.012589448969097583,8.49027,Tspan5,Tspan5,0.13991769547325103,0.0,Oligodendrocytes,Microglia,0.0,1.0
Hspa4,Hspa4,0.12628865979381443,0.0,8.49027,Tlr4,Tlr4,0.10699588477366255,0.0,Astrocytes,Microglia,0.0,1.0
Hsp90b1,Hsp90b1,0.1958762886597938,0.0,8.49027,Tlr4,Tlr4,0.10699588477366255,0.0,Astrocytes,Microglia,0.0,1.0
Hsp90b1,Hsp90b1,0.1958762886597938,0.0,8.49027,Tlr7,Tlr7,0.205761316872428,0.0,Astrocytes,Microglia,0.0,1.0
S100a1,S100a1,0.17783505154639176,0.0,8.49027,Tlr4,Tlr4,0.10699588477366255,0.0,Astrocytes,Microglia,0.0,1.0
S100a1,S100a1,0.17783505154639176,0.0,8.49027,Trpm3,Trpm3,0.12345679012345678,0.0,Astrocytes,Microglia,0.0,1.0
Lin7c,Lin7c,0.10051546391752578,0.0,8.49027,Abca1,Abca1,0.2345679012345679,0.0,Astrocytes,Microglia,0.0,1.0
Rims2,Rims2,0.45618556701030927,0.05477697497694334,8.49027,Abca1,Abca1,0.2345679012345679,0.0,Astrocytes,Microglia,0.0,1.0
Adam10,Adam10,0.26804123711340205,0.03152876922964609,8.49027,Tspan14,Tspan14,0.2345679012345679,0.0,Astrocytes,Microglia,0.0,1.0
App,App,0.29218106995884774,0.047175932024871914,8.49027,Aplp1,Aplp1,0.11522633744855967,0.0,Microglia,Microglia,0.0,1.0
App,App,0.29218106995884774,0.047175932024871914,8.49027,Lrp6,Lrp6,0.17695473251028807,0.0,Microglia,Microglia,0.0,1.0
App,App,0.29218106995884774,0.047175932024871914,8.49027,Tnfrsf21,Tnfrsf21,0.18518518518518517,0.0,Microglia,Microglia,0.0,1.0
H2-K1,H2-K1,0.39094650205761317,0.05727831614352752,8.49027,Aplp2,Aplp2,0.14814814814814814,0.0,Microglia,Microglia,0.0,1.0
Tgfa,Tgfa,0.10699588477366255,0.0,8.49027,Erbb4,Erbb4,0.10699588477366255,0.0,Microglia,Microglia,0.0,1.0
Apoe,Apoe,0.388865516757818,0.06760146387603161,8.49027,Abca1,Abca1,0.2345679012345679,0.0,Oligodendrocytes,Microglia,0.0,1.0
Megf10,Megf10,0.2357313139812088,0.0,8.49027,Abca1,Abca1,0.2345679012345679,0.0,Oligodendrocytes,Microglia,0.0,1.0
Omg,Omg,0.13490394054129856,0.0,8.49027,Tnfrsf1b,Tnfrsf1b,0.1728395061728395,0.0,Oligodendrocytes,Microglia,0.0,1.0
Bsg,Bsg,0.27822184826812507,0.03614569310096272,8.49027,Slc16a7,Slc16a7,0.1934156378600823,0.0,Oligodendrocytes,Microglia,0.0,1.0
Gnai2,Gnai2,0.10531482260552517,0.0,8.49027,P2ry12,P2ry12,0.8518518518518519,0.3024597458760523,Oligodendrocytes,Microglia,0.0,1.0
Gnai2,Gnai2,0.10531482260552517,0.0,8.49027,Igf1r,Igf1r,0.2345679012345679,0.0,Oligodendrocytes,Microglia,0.0,1.0
Csf1,Csf1,0.10321133080914317,0.0,8.49027,Csf3r,Csf3r,0.5967078189300411,0.18402304806154968,Oligodendrocytes,Microglia,0.0,1.0
Csf1,Csf1,0.10321133080914317,0.0,8.49027,Csf2ra,Csf2ra,0.10699588477366255,0.0,Oligodendrocytes,Microglia,0.0,1.0
Ptn,Ptn,0.40316926097321554,0.06133538219136003,8.49027,Ncl,Ncl,0.102880658436214,0.0,Oligodendrocytes,Microglia,0.0,1.0
Fgf12,Fgf12,0.17935773383817136,0.0,8.49027,Fgfr2,Fgfr2,0.25925925925925924,0.034580910215889826,Oligodendrocytes,Microglia,0.0,1.0
Sorbs1,Sorbs1,0.10938157341186369,0.0,8.49027,Itgb5,Itgb5,0.6255144032921811,0.19602203356190184,Oligodendrocytes,Microglia,0.0,1.0
Gnai2,Gnai2,0.10531482260552517,0.0,8.49027,Adcy9,Adcy9,0.24279835390946503,0.0,Oligodendrocytes,Microglia,0.0,1.0
Gnas,Gnas,0.48590660496424065,0.0772118848328871,8.49027,Adcy9,Adcy9,0.24279835390946503,0.0,Oligodendrocytes,Microglia,0.0,1.0
Psap,Psap,0.28705651381292946,0.03895458342162339,8.49027,Sort1,Sort1,0.20164609053497942,0.0,Oligodendrocytes,Microglia,0.0,1.0
Hsp90b1,Hsp90b1,0.18384518300378627,0.0,8.49027,Lrp1,Lrp1,0.411522633744856,0.05689595816266979,Oligodendrocytes,Microglia,0.0,1.0
Fgf14,Fgf14,0.13462347496844762,0.0,8.49027,Fgfr2,Fgfr2,0.25925925925925924,0.034580910215889826,Oligodendrocytes,Microglia,0.0,1.0
Sptan1,Sptan1,0.14612256345533586,0.0,8.49027,Ptpra,Ptpra,0.4074074074074074,0.054624077065843935,Oligodendrocytes,Microglia,0.0,1.0
Gnas,Gnas,0.48590660496424065,0.0772118848328871,8.49027,Adcy7,Adcy7,0.20164609053497942,0.0,Oligodendrocytes,Microglia,0.0,1.0
Jam2,Jam2,0.17307692307692307,0.0,8.49027,Itgb1,Itgav_Itgb1,0.2962962962962963,0.044881685854855524,Pericytes,Microglia,0.0,1.0
Efna5,Efna5,0.11538461538461539,0.0,8.49027,Epha5,Epha5,0.102880658436214,0.0,Pericytes,Microglia,0.0,1.0
Ncam1,Ncam1,0.22435897435897437,0.0,8.49027,Robo1,Robo1,0.13168724279835392,0.0,Pericytes,Microglia,0.0,1.0
Ncam1,Ncam1,0.22435897435897437,0.0,8.49027,Fgfr2,Fgfr2,0.25925925925925924,0.034580910215889826,Pericytes,Microglia,0.0,1.0
Ncam1,Ncam1,0.22435897435897437,0.0,8.49027,Ncam2,Ncam2,0.10699588477366255,0.0,Pericytes,Microglia,0.0,1.0
App,App,0.5064102564102564,0.11599158612409188,8.49027,Ncstn,Ncstn,0.10699588477366255,0.0,Pericytes,Microglia,0.0,1.0
App,App,0.5064102564102564,0.11599158612409188,8.49027,Grm7,Grm7,0.11522633744855967,0.0,Pericytes,Microglia,0.0,1.0
App,App,0.5064102564102564,0.11599158612409188,8.49027,Aplp2,Aplp2,0.14814814814814814,0.0,Pericytes,Microglia,0.0,1.0
App,App,0.5064102564102564,0.11599158612409188,8.49027,Aplp1,Aplp1,0.11522633744855967,0.0,Pericytes,Microglia,0.0,1.0
App,App,0.5064102564102564,0.11599158612409188,8.49027,Lrp6,Lrp6,0.17695473251028807,0.0,Pericytes,Microglia,0.0,1.0
App,App,0.5064102564102564,0.11599158612409188,8.49027,Tnfrsf21,Tnfrsf21,0.18518518518518517,0.0,Pericytes,Microglia,0.0,1.0
H2-K1,H2-K1,0.1987179487179487,0.0,8.49027,Aplp2,Aplp2,0.14814814814814814,0.0,Pericytes,Microglia,0.0,1.0
Col4a1,Col4a1,0.1346153846153846,0.0,8.49027,Itga9,Itga9_Itgb1,0.22633744855967078,0.0,Pericytes,Microglia,0.0,1.0
Agrn,Agrn,0.20512820512820512,0.0,8.49027,Dag1,Dag1,0.1111111111111111,0.0,Pericytes,Microglia,0.0,1.0
Agrn,Agrn,0.20512820512820512,0.0,8.49027,Lrp1,Lrp1,0.411522633744856,0.05689595816266979,Pericytes,Microglia,0.0,1.0
Agrn,Agrn,0.20512820512820512,0.0,8.49027,Itgb1,Itgb1,0.2962962962962963,0.044881685854855524,Pericytes,Microglia,0.0,1.0
Il1rapl1,Il1rapl1,0.1794871794871795,0.0,8.49027,Ptprs,Ptprs,0.205761316872428,0.0,Pericytes,Microglia,0.0,1.0
Sema6a,Sema6a,0.11538461538461539,0.0,8.49027,Plxna4,Plxna4,0.41975308641975306,0.0561726113557981,Pericytes,Microglia,0.0,1.0
Jam3,Jam3,0.14102564102564102,0.0,8.49027,Itgb1,Itgb1,0.2962962962962963,0.044881685854855524,Pericytes,Microglia,0.0,1.0
Jam3,Jam3,0.14102564102564102,0.0,8.49027,Itgb2,Itgam_Itgb2,0.15637860082304528,0.0,Pericytes,Microglia,0.0,1.0
Nlgn1,Nlgn1,0.21794871794871795,0.0,8.49027,Nrxn1,Nrxn1,0.13168724279835392,0.0,Pericytes,Microglia,0.0,1.0
Ntrk3,Ntrk3,0.21794871794871795,0.0,8.49027,Ptprs,Ptprs,0.205761316872428,0.0,Pericytes,Microglia,0.0,1.0
Cntn1,Cntn1,0.1987179487179487,0.0,8.49027,Notch2,Notch2,0.3004115226337449,0.04775724139878146,Pericytes,Microglia,0.0,1.0
Cd47,Cd47,0.17307692307692307,0.0,8.49027,Sirpa,Sirpa,0.6748971193415638,0.2102797668433234,Pericytes,Microglia,0.0,1.0
Jag1,Jag1,0.1987179487179487,0.0,8.49027,Notch2,Notch2,0.3004115226337449,0.04775724139878146,Pericytes,Microglia,0.0,1.0
Nrxn2,Nrxn2,0.14743589743589744,0.0,8.49027,Nlgn1,Nlgn1,0.1522633744855967,0.0,Pericytes,Microglia,0.0,1.0
Nrxn1,Nrxn1,0.23717948717948717,0.0,8.49027,Nlgn1,Nlgn1,0.1522633744855967,0.0,Pericytes,Microglia,0.0,1.0
Lama2,Lama2,0.5897435897435898,0.1839208897145983,8.49027,Itga9,Itga9_Itgb1,0.22633744855967078,0.0,Pericytes,Microglia,0.0,1.0
Tnxb,Tnxb,0.28205128205128205,0.04927733976973436,8.49027,Itga9,Itga9_Itgb1,0.22633744855967078,0.0,Pericytes,Microglia,0.0,1.0
Lamc1,Lamc1,0.358974358974359,0.058983835942121754,8.49027,Dag1,Dag1,0.1111111111111111,0.0,Pericytes,Microglia,0.0,1.0
Lamc1,Lamc1,0.358974358974359,0.058983835942121754,8.49027,Itga9,Itga9_Itgb1,0.22633744855967078,0.0,Pericytes,Microglia,0.0,1.0
Col4a2,Col4a2,0.14743589743589744,0.0,8.49027,Itgb5,Itgb5,0.6255144032921811,0.19602203356190184,Pericytes,Microglia,0.0,1.0
Col4a2,Col4a2,0.14743589743589744,0.0,8.49027,Itga9,Itga9_Itgb1,0.22633744855967078,0.0,Pericytes,Microglia,0.0,1.0
Col1a2,Col1a2,0.21794871794871795,0.0,8.49027,Itga9,Itga9_Itgb1,0.22633744855967078,0.0,Pericytes,Microglia,0.0,1.0
Vtn,Vtn,0.6217948717948718,0.2921541946454558,8.49027,Cd47,Cd47,0.19753086419753085,0.0,Pericytes,Microglia,0.0,1.0
Fn1,Fn1,0.1346153846153846,0.0,8.49027,Itga9,Itga9,0.22633744855967078,0.0,Pericytes,Microglia,0.0,1.0
Fn1,Fn1,0.1346153846153846,0.0,8.49027,Itga6,Itga6,0.46502057613168724,0.06225553918518667,Pericytes,Microglia,0.0,1.0
Fn1,Fn1,0.1346153846153846,0.0,8.49027,Itgb1,Itgav_Itgb1,0.2962962962962963,0.044881685854855524,Pericytes,Microglia,0.0,1.0
Col4a1,Col4a1,0.1346153846153846,0.0,8.49027,Cd47,Cd47,0.19753086419753085,0.0,Pericytes,Microglia,0.0,1.0
Lama4,Lama4,0.28846153846153844,0.04737419015857269,8.49027,Itga9,Itga9_Itgb1,0.22633744855967078,0.0,Pericytes,Microglia,0.0,1.0
Col4a6,Col4a6,0.1346153846153846,0.0,8.49027,Cd47,Cd47,0.19753086419753085,0.0,Pericytes,Microglia,0.0,1.0
Col4a6,Col4a6,0.1346153846153846,0.0,8.49027,Itga9,Itga9_Itgb1,0.22633744855967078,0.0,Pericytes,Microglia,0.0,1.0
Col4a3,Col4a3,0.1346153846153846,0.0,8.49027,Cd47,Cd47,0.19753086419753085,0.0,Pericytes,Microglia,0.0,1.0
Col4a3,Col4a3,0.1346153846153846,0.0,8.49027,Itga9,Itga9_Itgb1,0.22633744855967078,0.0,Pericytes,Microglia,0.0,1.0
Lamb2,Lamb2,0.14102564102564102,0.0,8.49027,Dag1,Dag1,0.1111111111111111,0.0,Pericytes,Microglia,0.0,1.0
Lamb2,Lamb2,0.14102564102564102,0.0,8.49027,Rpsa,Rpsa,0.3374485596707819,0.04990351794189518,Pericytes,Microglia,0.0,1.0
Gnai2,Gnai2,0.13402061855670103,0.0,8.49027,P2ry12,P2ry12,0.8518518518518519,0.3024597458760523,Astrocytes,Microglia,0.0,1.0
Gnai2,Gnai2,0.13402061855670103,0.0,8.49027,Igf1r,Igf1r,0.2345679012345679,0.0,Astrocytes,Microglia,0.0,1.0
Lrpap1,Lrpap1,0.17525773195876287,0.0,8.49027,Sorl1,Sorl1,0.13168724279835392,0.0,Astrocytes,Microglia,0.0,1.0
Lrpap1,Lrpap1,0.17525773195876287,0.0,8.49027,Sort1,Sort1,0.20164609053497942,0.0,Astrocytes,Microglia,0.0,1.0
Lrpap1,Lrpap1,0.17525773195876287,0.0,8.49027,Lrp1,Lrp1,0.411522633744856,0.05689595816266979,Astrocytes,Microglia,0.0,1.0
Agrn,Agrn,0.21649484536082475,0.0,8.49027,Atp1a3,Atp1a3,0.11522633744855967,0.0,Astrocytes,Microglia,0.0,1.0
Gnas,Gnas,0.5850515463917526,0.14114899038977446,8.49027,Adcy9,Adcy9,0.24279835390946503,0.0,Astrocytes,Microglia,0.0,1.0
Mdk,Mdk,0.2654639175257732,0.03304866225542413,8.49027,Sorl1,Sorl1,0.13168724279835392,0.0,Astrocytes,Microglia,0.0,1.0
Psap,Psap,0.5489690721649485,0.12844396411756553,8.49027,Sort1,Sort1,0.20164609053497942,0.0,Astrocytes,Microglia,0.0,1.0
Hsp90b1,Hsp90b1,0.1958762886597938,0.0,8.49027,Lrp1,Lrp1,0.411522633744856,0.05689595816266979,Astrocytes,Microglia,0.0,1.0
Gnas,Gnas,0.5850515463917526,0.14114899038977446,8.49027,Adcy7,Adcy7,0.20164609053497942,0.0,Astrocytes,Microglia,0.0,1.0
Gnai2,Gnai2,0.13402061855670103,0.0,8.49027,Adcy7,Adcy7,0.20164609053497942,0.0,Astrocytes,Microglia,0.0,1.0
Lamb2,Lamb2,0.14102564102564102,0.0,8.49027,Itga9,Itga9_Itgb1,0.22633744855967078,0.0,Pericytes,Microglia,0.0,1.0
Lamb2,Lamb2,0.14102564102564102,0.0,8.49027,Itgb1,Itga6_Itgb1,0.2962962962962963,0.044881685854855524,Pericytes,Microglia,0.0,1.0
Col4a4,Col4a4,0.11538461538461539,0.0,8.49027,Cd47,Cd47,0.19753086419753085,0.0,Pericytes,Microglia,0.0,1.0
Col4a4,Col4a4,0.11538461538461539,0.0,8.49027,Itga9,Itga9_Itgb1,0.22633744855967078,0.0,Pericytes,Microglia,0.0,1.0
Col4a5,Col4a5,0.16025641025641027,0.0,8.49027,Cd47,Cd47,0.19753086419753085,0.0,Pericytes,Microglia,0.0,1.0
Col4a5,Col4a5,0.16025641025641027,0.0,8.49027,Itga9,Itga9_Itgb1,0.22633744855967078,0.0,Pericytes,Microglia,0.0,1.0
Lama2,Lama2,0.5897435897435898,0.1839208897145983,8.49027,Dag1,Dag1,0.1111111111111111,0.0,Pericytes,Microglia,0.0,1.0
Spp1,Spp1,0.1282051282051282,0.0,8.49027,Itgav,Itgav_Itgb5,0.4074074074074074,0.057837314851942434,Pericytes,Microglia,0.0,1.0
Spp1,Spp1,0.1282051282051282,0.0,8.49027,Itga9,Itga9_Itgb1,0.22633744855967078,0.0,Pericytes,Microglia,0.0,1.0
Spp1,Spp1,0.1282051282051282,0.0,8.49027,Itgb1,Itgav_Itgb1,0.2962962962962963,0.044881685854855524,Pericytes,Microglia,0.0,1.0
Dcn,Dcn,0.16666666666666666,0.0,8.49027,Erbb4,Erbb4,0.10699588477366255,0.0,Pericytes,Microglia,0.0,1.0
Dcn,Dcn,0.16666666666666666,0.0,8.49027,Tlr4,Tlr4,0.10699588477366255,0.0,Pericytes,Microglia,0.0,1.0
Fgf1,Fgf1,0.10256410256410256,0.0,8.49027,Fgfr2,Fgfr2,0.25925925925925924,0.034580910215889826,Pericytes,Microglia,0.0,1.0
Fgf1,Fgf1,0.10256410256410256,0.0,8.49027,Nrp1,Nrp1,0.2880658436213992,0.0488521067694172,Pericytes,Microglia,0.0,1.0
Apoe,Apoe,0.5064102564102564,0.1292165735829045,8.49027,Lrp6,Lrp6,0.17695473251028807,0.0,Pericytes,Microglia,0.0,1.0
Apoe,Apoe,0.5064102564102564,0.1292165735829045,8.49027,Lrp5,Lrp5,0.1728395061728395,0.0,Pericytes,Microglia,0.0,1.0
Ntn1,Ntn1,0.20512820512820512,0.0,8.49027,Neo1,Neo1,0.1111111111111111,0.0,Pericytes,Microglia,0.0,1.0
Lamc3,Lamc3,0.16025641025641027,0.0,8.49027,Dag1,Dag1,0.1111111111111111,0.0,Pericytes,Microglia,0.0,1.0
Lamc3,Lamc3,0.16025641025641027,0.0,8.49027,Itga9,Itga9_Itgb1,0.22633744855967078,0.0,Pericytes,Microglia,0.0,1.0
Lamc3,Lamc3,0.16025641025641027,0.0,8.49027,Itgb1,Itga6_Itgb1,0.2962962962962963,0.044881685854855524,Pericytes,Microglia,0.0,1.0
Lama4,Lama4,0.28846153846153844,0.04737419015857269,8.49027,Dag1,Dag1,0.1111111111111111,0.0,Pericytes,Microglia,0.0,1.0
Bmp6,Bmp6,0.1282051282051282,0.0,8.49027,Bmpr1a,Bmpr1a_Bmpr2,0.20164609053497942,0.0,Pericytes,Microglia,0.0,1.0
Bmp6,Bmp6,0.1282051282051282,0.0,8.49027,Acvr2a,Acvr1_Acvr2a,0.14814814814814814,0.0,Pericytes,Microglia,0.0,1.0
Bmp6,Bmp6,0.1282051282051282,0.0,8.49027,Acvr2a,Acvr2a_Bmpr1a,0.14814814814814814,0.0,Pericytes,Microglia,0.0,1.0
Bmp5,Bmp5,0.19230769230769232,0.0,8.49027,Acvr1,Acvr1_Bmpr2,0.25102880658436216,0.013155772971731206,Pericytes,Microglia,0.0,1.0
Bmp5,Bmp5,0.19230769230769232,0.0,8.49027,Bmpr1a,Bmpr1a_Bmpr2,0.20164609053497942,0.0,Pericytes,Microglia,0.0,1.0
Bmp5,Bmp5,0.19230769230769232,0.0,8.49027,Acvr2a,Acvr1_Acvr2a,0.14814814814814814,0.0,Pericytes,Microglia,0.0,1.0
Bmp5,Bmp5,0.19230769230769232,0.0,8.49027,Acvr2a,Acvr2a_Bmpr1a,0.14814814814814814,0.0,Pericytes,Microglia,0.0,1.0
Ptn,Ptn,0.75,0.28153483474312335,8.49027,Ptprs,Ptprs,0.205761316872428,0.0,Pericytes,Microglia,0.0,1.0
Ptn,Ptn,0.75,0.28153483474312335,8.49027,Plxnb2,Plxnb2,0.13580246913580246,0.0,Pericytes,Microglia,0.0,1.0
Vegfa,Vegfa,0.11538461538461539,0.0,8.49027,Itga9,Itga9,0.22633744855967078,0.0,Pericytes,Microglia,0.0,1.0
Vegfa,Vegfa,0.11538461538461539,0.0,8.49027,Sirpa,Sirpa,0.6748971193415638,0.2102797668433234,Pericytes,Microglia,0.0,1.0
Vegfa,Vegfa,0.11538461538461539,0.0,8.49027,Itgav,Itgav,0.4074074074074074,0.057837314851942434,Pericytes,Microglia,0.0,1.0
Vegfa,Vegfa,0.11538461538461539,0.0,8.49027,Itgb1,Itgb1,0.2962962962962963,0.044881685854855524,Pericytes,Microglia,0.0,1.0
Vegfa,Vegfa,0.11538461538461539,0.0,8.49027,Nrp1,Nrp1,0.2880658436213992,0.0488521067694172,Pericytes,Microglia,0.0,1.0
Spon1,Spon1,0.11538461538461539,0.0,8.49027,App,App,0.29218106995884774,0.047175932024871914,Pericytes,Microglia,0.0,1.0
Sema3c,Sema3c,0.10256410256410256,0.0,8.49027,Nrp1,Nrp1_Plxna4,0.2880658436213992,0.0488521067694172,Pericytes,Microglia,0.0,1.0
Rarres2,Rarres2,0.21794871794871795,0.0,8.49027,Cmklr1,Cmklr1,0.12757201646090535,0.0,Pericytes,Microglia,0.0,1.0
Rgma,Rgma,0.24358974358974358,0.0,8.49027,Neo1,Neo1,0.1111111111111111,0.0,Pericytes,Microglia,0.0,1.0
Rgma,Rgma,0.24358974358974358,0.0,8.49027,Bmpr2,Bmpr2,0.32510288065843623,0.049851114555304665,Pericytes,Microglia,0.0,1.0
Il18,Il18,0.16025641025641027,0.0,8.49027,Il1rapl1,Il1rapl1,0.13168724279835392,0.0,Pericytes,Microglia,0.0,1.0
Il18,Il18,0.16025641025641027,0.0,8.49027,Il1rl2,Il1rl2,0.18930041152263374,0.0,Pericytes,Microglia,0.0,1.0
Copa,Copa,0.20512820512820512,0.0,8.49027,P2ry6,P2ry6,0.3045267489711934,0.0498194966636365,Pericytes,Microglia,0.0,1.0
Vegfb,Vegfb,0.10897435897435898,0.0,8.49027,Nrp1,Nrp1,0.2880658436213992,0.0488521067694172,Pericytes,Microglia,0.0,1.0
Cxcl12,Cxcl12,0.1346153846153846,0.0,8.49027,Grm7,Grm7,0.11522633744855967,0.0,Pericytes,Microglia,0.0,1.0
Cxcl12,Cxcl12,0.1346153846153846,0.0,8.49027,Itgav,Itgav,0.4074074074074074,0.057837314851942434,Pericytes,Microglia,0.0,1.0
Cxcl12,Cxcl12,0.1346153846153846,0.0,8.49027,Itgb1,Itgb1,0.2962962962962963,0.044881685854855524,Pericytes,Microglia,0.0,1.0
Calr,Calr,0.22435897435897437,0.0,8.49027,Lrp1,Lrp1,0.411522633744856,0.05689595816266979,Pericytes,Microglia,0.0,1.0
Calr,Calr,0.22435897435897437,0.0,8.49027,Itgav,Itgav,0.4074074074074074,0.057837314851942434,Pericytes,Microglia,0.0,1.0
Bmp6,Bmp6,0.1282051282051282,0.0,8.49027,Acvr1,Acvr1_Bmpr2,0.25102880658436216,0.013155772971731206,Pericytes,Microglia,0.0,1.0
Gpc3,Gpc3,0.15384615384615385,0.0,8.49027,Cd81,Cd81,0.8271604938271605,0.3108435067168356,Pericytes,Microglia,0.0,1.0
Lrpap1,Lrpap1,0.16666666666666666,0.0,8.49027,Sorl1,Sorl1,0.13168724279835392,0.0,Pericytes,Microglia,0.0,1.0
Lrpap1,Lrpap1,0.16666666666666666,0.0,8.49027,Sort1,Sort1,0.20164609053497942,0.0,Pericytes,Microglia,0.0,1.0
Lrpap1,Lrpap1,0.16666666666666666,0.0,8.49027,Lrp1,Lrp1,0.411522633744856,0.05689595816266979,Pericytes,Microglia,0.0,1.0
Serpine2,Serpine2,0.1794871794871795,0.0,8.49027,Lrp1,Lrp1,0.411522633744856,0.05689595816266979,Pericytes,Microglia,0.0,1.0
Agrn,Agrn,0.20512820512820512,0.0,8.49027,Atp1a3,Atp1a3,0.11522633744855967,0.0,Pericytes,Microglia,0.0,1.0
Cfh,Cfh,0.22435897435897437,0.0,8.49027,Itgam,Itgam,0.4403292181069959,0.06225553918518667,Pericytes,Microglia,0.0,1.0
Bgn,Bgn,0.22435897435897437,0.0,8.49027,Tlr4,Tlr4,0.10699588477366255,0.0,Pericytes,Microglia,0.0,1.0
Gnai2,Gnai2,0.22435897435897437,0.0,8.49027,Oprm1,Oprm1,0.11934156378600823,0.0,Pericytes,Microglia,0.0,1.0
Tfpi,Tfpi,0.16025641025641027,0.0,8.49027,Lrp1,Lrp1,0.411522633744856,0.05689595816266979,Pericytes,Microglia,0.0,1.0
Plat,Plat,0.15384615384615385,0.0,8.49027,Lrp1,Lrp1,0.411522633744856,0.05689595816266979,Pericytes,Microglia,0.0,1.0
Arf1,Arf1,0.1346153846153846,0.0,8.49027,Insr,Insr,0.24279835390946503,0.0,Pericytes,Microglia,0.0,1.0
Apoe,Apoe,0.5064102564102564,0.1292165735829045,8.49027,Sorl1,Sorl1,0.13168724279835392,0.0,Pericytes,Microglia,0.0,1.0
Gnai2,Gnai2,0.22435897435897437,0.0,8.49027,Ccr5,Ccr5,0.3868312757201646,0.05917212869203725,Pericytes,Microglia,0.0,1.0
Angptl2,Angptl2,0.12179487179487179,0.0,8.49027,Tlr4,Tlr4,0.10699588477366255,0.0,Pericytes,Microglia,0.0,1.0
Rims2,Rims2,0.16025641025641027,0.0,8.49027,Abca1,Abca1,0.2345679012345679,0.0,Pericytes,Microglia,0.0,1.0
Adam10,Adam10,0.2692307692307692,0.02740543592451755,8.49027,Tspan14,Tspan14,0.2345679012345679,0.0,Pericytes,Microglia,0.0,1.0
Adam10,Adam10,0.2692307692307692,0.02740543592451755,8.49027,Tspan5,Tspan5,0.13991769547325103,0.0,Pericytes,Microglia,0.0,1.0
Apoe,Apoe,0.5064102564102564,0.1292165735829045,8.49027,Abca1,Abca1,0.2345679012345679,0.0,Pericytes,Microglia,0.0,1.0
Plat,Plat,0.15384615384615385,0.0,8.49027,Itgam,Itgam,0.4403292181069959,0.06225553918518667,Pericytes,Microglia,0.0,1.0
Tln1,Tln1,0.1346153846153846,0.0,8.49027,Itgb5,Itgb5,0.6255144032921811,0.19602203356190184,Pericytes,Microglia,0.0,1.0
Serping1,Serping1,0.14102564102564102,0.0,8.49027,Lrp1,Lrp1,0.411522633744856,0.05689595816266979,Pericytes,Microglia,0.0,1.0
Bsg,Bsg,0.41025641025641024,0.05644310009352904,8.49027,Slc16a7,Slc16a7,0.1934156378600823,0.0,Pericytes,Microglia,0.0,1.0
Pltp,Pltp,0.23717948717948717,0.0,8.49027,Abca1,Abca1,0.2345679012345679,0.0,Pericytes,Microglia,0.0,1.0
Gnai2,Gnai2,0.22435897435897437,0.0,8.49027,P2ry12,P2ry12,0.8518518518518519,0.3024597458760523,Pericytes,Microglia,0.0,1.0
Pros1,Pros1,0.1282051282051282,0.0,8.49027,Mertk,Mertk,0.7366255144032922,0.23162574176748496,Pericytes,Microglia,0.0,1.0
Gnai2,Gnai2,0.22435897435897437,0.0,8.49027,Igf1r,Igf1r,0.2345679012345679,0.0,Pericytes,Microglia,0.0,1.0
Gpc3,Gpc3,0.15384615384615385,0.0,8.49027,Igf1r,Igf1r,0.2345679012345679,0.0,Pericytes,Microglia,0.0,1.0
Ptn,Ptn,0.75,0.28153483474312335,8.49027,Ncl,Ncl,0.102880658436214,0.0,Pericytes,Microglia,0.0,1.0
Fgf12,Fgf12,0.15384615384615385,0.0,8.49027,Fgfr2,Fgfr2,0.25925925925925924,0.034580910215889826,Pericytes,Microglia,0.0,1.0
Ncam1,Ncam1,0.22435897435897437,0.0,8.49027,Ptpra,Ptpra,0.4074074074074074,0.054624077065843935,Pericytes,Microglia,0.0,1.0
Gnai2,Gnai2,0.22435897435897437,0.0,8.49027,Adcy9,Adcy9,0.24279835390946503,0.0,Pericytes,Microglia,0.0,1.0
Gnas,Gnas,0.5833333333333334,0.1670952097162841,8.49027,Adcy9,Adcy9,0.24279835390946503,0.0,Pericytes,Microglia,0.0,1.0
Psap,Psap,0.32051282051282054,0.039277326363552856,8.49027,Sort1,Sort1,0.20164609053497942,0.0,Pericytes,Microglia,0.0,1.0
Gpc3,Gpc3,0.15384615384615385,0.0,8.49027,Lrp1,Lrp1,0.411522633744856,0.05689595816266979,Pericytes,Microglia,0.0,1.0
Fgf14,Fgf14,0.22435897435897437,0.0,8.49027,Fgfr2,Fgfr2,0.25925925925925924,0.034580910215889826,Pericytes,Microglia,0.0,1.0
Gnas,Gnas,0.5833333333333334,0.1670952097162841,8.49027,Adcy7,Adcy7,0.20164609053497942,0.0,Pericytes,Microglia,0.0,1.0
Gnai2,Gnai2,0.22435897435897437,0.0,8.49027,Adcy7,Adcy7,0.20164609053497942,0.0,Pericytes,Microglia,0.0,1.0
Hspa4,Hspa4,0.15384615384615385,0.0,8.49027,Tlr4,Tlr4,0.10699588477366255,0.0,Pericytes,Microglia,0.0,1.0
Hsp90b1,Hsp90b1,0.2564102564102564,0.016731269482768263,8.49027,Tlr4,Tlr4,0.10699588477366255,0.0,Pericytes,Microglia,0.0,1.0
Hsp90b1,Hsp90b1,0.2564102564102564,0.016731269482768263,8.49027,Tlr7,Tlr7,0.205761316872428,0.0,Pericytes,Microglia,0.0,1.0
App,App,0.24742268041237114,0.0,8.49027,Aplp2,Aplp2,0.6331862911435358,0.08252132126573697,Astrocytes,Neurons,0.0,1.0
App,App,0.24742268041237114,0.0,8.49027,Vldlr,Vldlr,0.15710892432982695,0.0,Astrocytes,Neurons,0.0,1.0
App,App,0.24742268041237114,0.0,8.49027,Aplp1,Aplp1,0.5541228367831693,0.06553717797555847,Astrocytes,Neurons,0.0,1.0
App,App,0.24742268041237114,0.0,8.49027,Dcc,Dcc,0.6386155412283678,0.1948195146670284,Astrocytes,Neurons,0.0,1.0
App,App,0.24742268041237114,0.0,8.49027,Gpc1,Gpc1,0.2653545978961656,0.012230857498371661,Astrocytes,Neurons,0.0,1.0
App,App,0.24742268041237114,0.0,8.49027,Rpsa,Rpsa,0.5391923990498813,0.06098666045217982,Astrocytes,Neurons,0.0,1.0
App,App,0.24742268041237114,0.0,8.49027,Tspan12,Tspan12,0.18425517475398712,0.0,Astrocytes,Neurons,0.0,1.0
App,App,0.24742268041237114,0.0,8.49027,Lrp6,Lrp6,0.4034611469290804,0.02205257293612961,Astrocytes,Neurons,0.0,1.0
Gas6,Gas6,0.11082474226804123,0.0,8.49027,Mertk,Mertk,0.7366255144032922,0.23162574176748496,Astrocytes,Microglia,0.0,1.0
Il18,Il18,0.30927835051546393,0.03697795621714317,8.49027,Il1rapl1,Il1rapl1,0.13168724279835392,0.0,Astrocytes,Microglia,0.0,1.0
Il18,Il18,0.30927835051546393,0.03697795621714317,8.49027,Il1rl2,Il1rl2,0.18930041152263374,0.0,Astrocytes,Microglia,0.0,1.0
Tgfb2,Tgfb2,0.10309278350515463,0.0,8.49027,Acvr1,Acvr1_Tgfbr2,0.25102880658436216,0.013155772971731206,Astrocytes,Microglia,0.0,1.0
Tgfb2,Tgfb2,0.10309278350515463,0.0,8.49027,Acvr1,Acvr1_Tgfbr1_Tgfbr2,0.25102880658436216,0.013155772971731206,Astrocytes,Microglia,0.0,1.0
Tgfb2,Tgfb2,0.10309278350515463,0.0,8.49027,Tgfbr2,Tgfbr1_Tgfbr2,0.5061728395061729,0.11736439935205834,Astrocytes,Microglia,0.0,1.0
Copa,Copa,0.12886597938144329,0.0,8.49027,P2ry6,P2ry6,0.3045267489711934,0.0498194966636365,Astrocytes,Microglia,0.0,1.0
Vegfb,Vegfb,0.1056701030927835,0.0,8.49027,Nrp1,Nrp1,0.2880658436213992,0.0488521067694172,Astrocytes,Microglia,0.0,1.0
Adam10,Adam10,0.26804123711340205,0.03152876922964609,8.49027,Tspan5,Tspan5,0.13991769547325103,0.0,Astrocytes,Microglia,0.0,1.0
Apoe,Apoe,0.8582474226804123,0.39041901806253865,8.49027,Abca1,Abca1,0.2345679012345679,0.0,Astrocytes,Microglia,0.0,1.0
Megf10,Megf10,0.3015463917525773,0.03794975664490463,8.49027,Abca1,Abca1,0.2345679012345679,0.0,Astrocytes,Microglia,0.0,1.0
Omg,Omg,0.14690721649484537,0.0,8.49027,Tnfrsf1b,Tnfrsf1b,0.1728395061728395,0.0,Astrocytes,Microglia,0.0,1.0
Bsg,Bsg,0.40463917525773196,0.04447134827760735,8.49027,Slc16a7,Slc16a7,0.1934156378600823,0.0,Astrocytes,Microglia,0.0,1.0
App,App,0.24742268041237114,0.0,8.49027,Tnfrsf21,Tnfrsf21,0.2891075670173057,0.015159438168445338,Astrocytes,Neurons,0.0,1.0
H2-K1,H2-K1,0.19329896907216496,0.0,8.49027,Aplp2,Aplp2,0.6331862911435358,0.08252132126573697,Astrocytes,Neurons,0.0,1.0
Adam10,Adam10,0.26804123711340205,0.03152876922964609,8.49027,Tspan17,Tspan17,0.20699015948422125,0.0,Astrocytes,Neurons,0.0,1.0
Adam10,Adam10,0.26804123711340205,0.03152876922964609,8.49027,Tspan12,Tspan12,0.18425517475398712,0.0,Astrocytes,Neurons,0.0,1.0
Nrxn2,Nrxn2,0.13144329896907217,0.0,8.49027,Nlgn1,Nlgn1,0.7604343400067866,0.33106245781190813,Astrocytes,Neurons,0.0,1.0
Nrxn1,Nrxn1,0.7680412371134021,0.48008748870989715,8.49027,Nlgn3,Nlgn3,0.2130980658296573,0.0,Astrocytes,Neurons,0.0,1.0
Jam2,Jam2,0.3247422680412371,0.03782534204015453,8.49027,Itga3,Itga3_Itgb1,0.14183915846623685,0.0,Astrocytes,Neurons,0.0,1.0
Ncam1,Ncam1,0.7139175257731959,0.21342884216016822,8.49027,Gfra1,Gfra1,0.16762809636918902,0.0,Astrocytes,Neurons,0.0,1.0
Bmp1,Bmp1,0.12628865979381443,0.0,8.49027,Bmpr2,Bmpr2,0.32510288065843623,0.049851114555304665,Astrocytes,Microglia,0.0,1.0
Bmp1,Bmp1,0.12628865979381443,0.0,8.49027,Bmpr1a,Bmpr1a,0.20164609053497942,0.0,Astrocytes,Microglia,0.0,1.0
Gnai2,Gnai2,0.13402061855670103,0.0,8.49027,Oprm1,Oprm1,0.11934156378600823,0.0,Astrocytes,Microglia,0.0,1.0
Omg,Omg,0.14690721649484537,0.0,8.49027,Rtn4rl1,Rtn4rl1,0.25102880658436216,0.01255927858540351,Astrocytes,Microglia,0.0,1.0
Apoe,Apoe,0.8582474226804123,0.39041901806253865,8.49027,Sorl1,Sorl1,0.13168724279835392,0.0,Astrocytes,Microglia,0.0,1.0
Gnai2,Gnai2,0.13402061855670103,0.0,8.49027,Ccr5,Ccr5,0.3868312757201646,0.05917212869203725,Astrocytes,Microglia,0.0,1.0
Rgma,Rgma,0.4097938144329897,0.04456019780010578,8.49027,Neo1,Neo1,0.1111111111111111,0.0,Astrocytes,Microglia,0.0,1.0
Angpt1,Angpt1,0.19072164948453607,0.0,8.49027,Itgb1,Itgb1,0.2962962962962963,0.044881685854855524,Astrocytes,Microglia,0.0,1.0
App,App,0.24742268041237114,0.0,8.49027,Ncstn,Ncstn,0.15676959619952494,0.0,Astrocytes,Neurons,0.0,1.0
App,App,0.24742268041237114,0.0,8.49027,Grm7,Grm7,0.7010519172039362,0.24622017093220494,Astrocytes,Neurons,0.0,1.0
App,App,0.24742268041237114,0.0,8.49027,Lrp1,Lrp1,0.5218866644044792,0.05486633786237893,Astrocytes,Neurons,0.0,1.0
Sema4a,Sema4a,0.14948453608247422,0.0,8.49027,Nrp1,Nrp1_Plxna4,0.35595520868680014,0.024951535197359598,Astrocytes,Neurons,0.0,1.0
Sema4a,Sema4a,0.14948453608247422,0.0,8.49027,Nrp1,Nrp1_Plxna2,0.35595520868680014,0.024951535197359598,Astrocytes,Neurons,0.0,1.0
Slitrk2,Slitrk2,0.2190721649484536,0.0,8.49027,Ptprs,Ptprs,0.7047845266372582,0.11562943445945817,Astrocytes,Neurons,0.0,1.0
Cd47,Cd47,0.1056701030927835,0.0,8.49027,Sirpa,Sirpa,0.2704445198506956,0.013012020380032852,Astrocytes,Neurons,0.0,1.0
Sirpa,Sirpa,0.14690721649484537,0.0,8.49027,Cd47,Cd47,0.5337631489650492,0.060312963300451106,Astrocytes,Neurons,0.0,1.0
B2m,B2m,0.22938144329896906,0.0,8.49027,Tfrc,Tfrc,0.3983712249745504,0.021560432510546068,Astrocytes,Neurons,0.0,1.0
Nrxn2,Nrxn2,0.13144329896907217,0.0,8.49027,Nlgn3,Nlgn3,0.2130980658296573,0.0,Astrocytes,Neurons,0.0,1.0
Nrxn2,Nrxn2,0.13144329896907217,0.0,8.49027,Nlgn2,Nlgn2,0.34068544282321006,0.01794215575474567,Astrocytes,Neurons,0.0,1.0
Reln,Reln,0.13402061855670103,0.0,8.49027,Itga3,Itga3_Itgb1,0.14183915846623685,0.0,Astrocytes,Neurons,0.0,1.0
Col4a5,Col4a5,0.12628865979381443,0.0,8.49027,Cd47,Cd47,0.5337631489650492,0.060312963300451106,Astrocytes,Neurons,0.0,1.0
Col4a5,Col4a5,0.12628865979381443,0.0,8.49027,Itga3,Itga3_Itgb1,0.14183915846623685,0.0,Astrocytes,Neurons,0.0,1.0
Lama2,Lama2,0.5335051546391752,0.14358747136163275,8.49027,Itga3,Itga3_Itgb1,0.14183915846623685,0.0,Astrocytes,Neurons,0.0,1.0
Col1a2,Col1a2,0.11855670103092783,0.0,8.49027,Itga3,Itga3_Itgb1,0.14183915846623685,0.0,Astrocytes,Neurons,0.0,1.0
Agrn,Agrn,0.21649484536082475,0.0,8.49027,Dag1,Dag1,0.3752969121140142,0.02032648439585316,Astrocytes,Neurons,0.0,1.0
Agrn,Agrn,0.21649484536082475,0.0,8.49027,Lrp1,Lrp1,0.5218866644044792,0.05486633786237893,Astrocytes,Neurons,0.0,1.0
Agrn,Agrn,0.21649484536082475,0.0,8.49027,Itgb1,Itgb1,0.35900916185951814,0.019341463775530476,Astrocytes,Neurons,0.0,1.0
Lrrc4b,Lrrc4b,0.18041237113402062,0.0,8.49027,Ptprs,Ptprs,0.7047845266372582,0.11562943445945817,Astrocytes,Neurons,0.0,1.0
Lrrc4b,Lrrc4b,0.18041237113402062,0.0,8.49027,Ptprf,Ptprf,0.31218187987784185,0.01650977048748159,Astrocytes,Neurons,0.0,1.0
Sema4b,Sema4b,0.1958762886597938,0.0,8.49027,Dcbld2,Dcbld2,0.21445537835086528,0.0,Astrocytes,Neurons,0.0,1.0
Sema4a,Sema4a,0.14948453608247422,0.0,8.49027,Plxna1,Nrp1_Plxna1,0.15778758059043094,0.0,Astrocytes,Neurons,0.0,1.0
Trf,Trf,0.10824742268041238,0.0,8.49027,Tfrc,Tfrc,0.3983712249745504,0.021560432510546068,Astrocytes,Neurons,0.0,1.0
Trf,Trf,0.10824742268041238,0.0,8.49027,Ldlr,Ldlr,0.18730912792670512,0.0,Astrocytes,Neurons,0.0,1.0
Apoe,Apoe,0.8582474226804123,0.39041901806253865,8.49027,Scarb1,Scarb1,0.15405497115710892,0.0,Astrocytes,Neurons,0.0,1.0
Apoe,Apoe,0.8582474226804123,0.39041901806253865,8.49027,Vldlr,Vldlr,0.15710892432982695,0.0,Astrocytes,Neurons,0.0,1.0
Lama2,Lama2,0.5335051546391752,0.14358747136163275,8.49027,Dag1,Dag1,0.1111111111111111,0.0,Astrocytes,Microglia,0.0,1.0
Lama2,Lama2,0.5335051546391752,0.14358747136163275,8.49027,Itga9,Itga9_Itgb1,0.22633744855967078,0.0,Astrocytes,Microglia,0.0,1.0
Col1a2,Col1a2,0.11855670103092783,0.0,8.49027,Itga9,Itga9_Itgb1,0.22633744855967078,0.0,Astrocytes,Microglia,0.0,1.0
Agrn,Agrn,0.21649484536082475,0.0,8.49027,Dag1,Dag1,0.1111111111111111,0.0,Astrocytes,Microglia,0.0,1.0
Agrn,Agrn,0.21649484536082475,0.0,8.49027,Lrp1,Lrp1,0.411522633744856,0.05689595816266979,Astrocytes,Microglia,0.0,1.0
Agrn,Agrn,0.21649484536082475,0.0,8.49027,Itgb1,Itgb1,0.2962962962962963,0.044881685854855524,Astrocytes,Microglia,0.0,1.0
Calr,Calr,0.15721649484536082,0.0,8.49027,Lrp1,Lrp1,0.411522633744856,0.05689595816266979,Astrocytes,Microglia,0.0,1.0
Calr,Calr,0.15721649484536082,0.0,8.49027,Itgav,Itgav,0.4074074074074074,0.057837314851942434,Astrocytes,Microglia,0.0,1.0
Ptn,Ptn,0.41494845360824745,0.049143312553678875,8.49027,Ptprs,Ptprs,0.205761316872428,0.0,Astrocytes,Microglia,0.0,1.0
Ptn,Ptn,0.41494845360824745,0.049143312553678875,8.49027,Plxnb2,Plxnb2,0.13580246913580246,0.0,Astrocytes,Microglia,0.0,1.0
Vegfa,Vegfa,0.36597938144329895,0.04257731020042266,8.49027,Itga9,Itga9,0.22633744855967078,0.0,Astrocytes,Microglia,0.0,1.0
Apoe,Apoe,0.8582474226804123,0.39041901806253865,8.49027,Ldlr,Ldlr,0.18730912792670512,0.0,Astrocytes,Neurons,0.0,1.0
Ccl25,Ccl25,0.10309278350515463,0.0,8.49027,Grm7,Grm7,0.7010519172039362,0.24622017093220494,Astrocytes,Neurons,0.0,1.0
Reln,Reln,0.13402061855670103,0.0,8.49027,Lrp8,Lrp8,0.41839158466236853,0.02227197548003701,Astrocytes,Neurons,0.0,1.0
Reln,Reln,0.13402061855670103,0.0,8.49027,Vldlr,Vldlr,0.15710892432982695,0.0,Astrocytes,Neurons,0.0,1.0
Mdk,Mdk,0.2654639175257732,0.03304866225542413,8.49027,Sdc3,Sdc3,0.1340346114692908,0.0,Astrocytes,Neurons,0.0,1.0
Ptn,Ptn,0.41494845360824745,0.049143312553678875,8.49027,Sdc3,Sdc3,0.1340346114692908,0.0,Astrocytes,Neurons,0.0,1.0
Vegfa,Vegfa,0.36597938144329895,0.04257731020042266,8.49027,Nrp2,Nrp2,0.24431625381744146,0.0,Astrocytes,Neurons,0.0,1.0
Bmp1,Bmp1,0.12628865979381443,0.0,8.49027,Bmpr2,Bmpr2,0.5721072276891754,0.07647188400580784,Astrocytes,Neurons,0.0,1.0
Bmp1,Bmp1,0.12628865979381443,0.0,8.49027,Bmpr1a,Bmpr1a,0.4272141160502206,0.02495585007866219,Astrocytes,Neurons,0.0,1.0
Lgi4,Lgi4,0.17010309278350516,0.0,8.49027,Adam23,Adam23,0.677638276213098,0.12573140262250315,Astrocytes,Neurons,0.0,1.0
Enho,Enho,0.25257731958762886,0.021444441445682805,8.49027,Gpr19,Gpr19,0.12928401764506278,0.0,Astrocytes,Neurons,0.0,1.0
Angpt1,Angpt1,0.19072164948453607,0.0,8.49027,Itgb1,Itgb1,0.35900916185951814,0.019341463775530476,Astrocytes,Neurons,0.0,1.0
Tgfb2,Tgfb2,0.10309278350515463,0.0,8.49027,Tgfbr3,Tgfbr3,0.3155751611808619,0.017262785284403726,Astrocytes,Neurons,0.0,1.0
Cd47,Cd47,0.1056701030927835,0.0,8.49027,Sirpa,Sirpa,0.6748971193415638,0.2102797668433234,Astrocytes,Microglia,0.0,1.0
Sirpa,Sirpa,0.14690721649484537,0.0,8.49027,Cd47,Cd47,0.19753086419753085,0.0,Astrocytes,Microglia,0.0,1.0
Nrxn2,Nrxn2,0.13144329896907217,0.0,8.49027,Nlgn1,Nlgn1,0.1522633744855967,0.0,Astrocytes,Microglia,0.0,1.0
Nrxn1,Nrxn1,0.7680412371134021,0.48008748870989715,8.49027,Nlgn1,Nlgn1,0.1522633744855967,0.0,Astrocytes,Microglia,0.0,1.0
Ncam1,Ncam1,0.7139175257731959,0.21342884216016822,8.49027,Robo1,Robo1,0.13168724279835392,0.0,Astrocytes,Microglia,0.0,1.0
Apoe,Apoe,0.8582474226804123,0.39041901806253865,8.49027,Lrp6,Lrp6,0.17695473251028807,0.0,Astrocytes,Microglia,0.0,1.0
Apoe,Apoe,0.8582474226804123,0.39041901806253865,8.49027,Lrp5,Lrp5,0.1728395061728395,0.0,Astrocytes,Microglia,0.0,1.0
Agt,Agt,0.4793814432989691,0.05355462447691284,8.49027,Grm7,Grm7,0.11522633744855967,0.0,Astrocytes,Microglia,0.0,1.0
Ccl25,Ccl25,0.10309278350515463,0.0,8.49027,Grm7,Grm7,0.11522633744855967,0.0,Astrocytes,Microglia,0.0,1.0
Col4a5,Col4a5,0.12628865979381443,0.0,8.49027,Cd47,Cd47,0.19753086419753085,0.0,Astrocytes,Microglia,0.0,1.0
Col4a5,Col4a5,0.12628865979381443,0.0,8.49027,Itga9,Itga9_Itgb1,0.22633744855967078,0.0,Astrocytes,Microglia,0.0,1.0
Vegfb,Vegfb,0.1056701030927835,0.0,8.49027,Nrp1,Nrp1,0.35595520868680014,0.024951535197359598,Astrocytes,Neurons,0.0,1.0
Calr,Calr,0.15721649484536082,0.0,8.49027,Lrp1,Lrp1,0.5218866644044792,0.05486633786237893,Astrocytes,Neurons,0.0,1.0
Calr,Calr,0.15721649484536082,0.0,8.49027,Itga3,Itga3,0.14183915846623685,0.0,Astrocytes,Neurons,0.0,1.0
Lrpap1,Lrpap1,0.17525773195876287,0.0,8.49027,Ldlr,Ldlr,0.18730912792670512,0.0,Astrocytes,Neurons,0.0,1.0
Agrn,Agrn,0.21649484536082475,0.0,8.49027,Atp1a3,Atp1a3,0.8106549032914828,0.17040456571754514,Astrocytes,Neurons,0.0,1.0
Gnas,Gnas,0.5850515463917526,0.14114899038977446,8.49027,Crhr1,Crhr1,0.1350525958601968,0.0,Astrocytes,Neurons,0.0,1.0
Gnai2,Gnai2,0.13402061855670103,0.0,8.49027,Cnr1,Cnr1,0.1856124872751951,0.0,Astrocytes,Neurons,0.0,1.0
Gnai2,Gnai2,0.13402061855670103,0.0,8.49027,Oprm1,Oprm1,0.25110281642348153,0.01024508014800124,Astrocytes,Neurons,0.0,1.0
Gnai2,Gnai2,0.13402061855670103,0.0,8.49027,Adora1,Adora1,0.1503223617237869,0.0,Astrocytes,Neurons,0.0,1.0
Omg,Omg,0.14690721649484537,0.0,8.49027,Rtn4rl1,Rtn4rl1,0.14387512724804885,0.0,Astrocytes,Neurons,0.0,1.0
Omg,Omg,0.14690721649484537,0.0,8.49027,Lingo1,Lingo1,0.33932813030200204,0.017902792664302503,Astrocytes,Neurons,0.0,1.0
Gnai2,Gnai2,0.13402061855670103,0.0,8.49027,Adcy1,Adcy1,0.3461146929080421,0.018539273196945816,Astrocytes,Neurons,0.0,1.0
Lgi4,Lgi4,0.17010309278350516,0.0,8.49027,Adam22,Adam22,0.7200542925008483,0.14170483696200087,Astrocytes,Neurons,0.0,1.0
Lrpap1,Lrpap1,0.17525773195876287,0.0,8.49027,Vldlr,Vldlr,0.15710892432982695,0.0,Astrocytes,Neurons,0.0,1.0
Rtn4,Rtn4,0.3247422680412371,0.03793475591661777,8.49027,Rtn4rl1,Rtn4rl1,0.14387512724804885,0.0,Astrocytes,Neurons,0.0,1.0
Gnai2,Gnai2,0.13402061855670103,0.0,8.49027,P2ry12,P2ry12,0.20936545639633525,0.0,Astrocytes,Neurons,0.0,1.0
Lrpap1,Lrpap1,0.17525773195876287,0.0,8.49027,Lrp8,Lrp8,0.41839158466236853,0.02227197548003701,Astrocytes,Neurons,0.0,1.0
Lin7c,Lin7c,0.10051546391752578,0.0,8.49027,Htr2c,Htr2c,0.46216491347132677,0.062060563064109786,Astrocytes,Neurons,0.0,1.0
Gnai2,Gnai2,0.13402061855670103,0.0,8.49027,Igf1r,Igf1r,0.5463182897862233,0.07116360593035465,Astrocytes,Neurons,0.0,1.0
Lrpap1,Lrpap1,0.17525773195876287,0.0,8.49027,Sorl1,Sorl1,0.4482524601289447,0.025846978811637,Astrocytes,Neurons,0.0,1.0
Lrpap1,Lrpap1,0.17525773195876287,0.0,8.49027,Sort1,Sort1,0.39531727180183235,0.02145125644836654,Astrocytes,Neurons,0.0,1.0
Lrpap1,Lrpap1,0.17525773195876287,0.0,8.49027,Lrp1,Lrp1,0.5218866644044792,0.05486633786237893,Astrocytes,Neurons,0.0,1.0
Hsp90b1,Hsp90b1,0.1958762886597938,0.0,8.49027,Lrp1,Lrp1,0.5218866644044792,0.05486633786237893,Astrocytes,Neurons,0.0,1.0
Lgals8,Lgals8,0.1211340206185567,0.0,8.49027,Itga3,Itga3,0.14183915846623685,0.0,Astrocytes,Neurons,0.0,1.0
Hspa8,Hspa8,0.38402061855670105,0.04504269139018813,8.49027,Ldlr,Ldlr,0.18730912792670512,0.0,Astrocytes,Neurons,0.0,1.0
Actr2,Actr2,0.15979381443298968,0.0,8.49027,Ldlr,Ldlr,0.18730912792670512,0.0,Astrocytes,Neurons,0.0,1.0
Gnas,Gnas,0.5850515463917526,0.14114899038977446,8.49027,Adcy7,Adcy7,0.13165931455717678,0.0,Astrocytes,Neurons,0.0,1.0
Gnai2,Gnai2,0.13402061855670103,0.0,8.49027,Adcy7,Adcy7,0.13165931455717678,0.0,Astrocytes,Neurons,0.0,1.0
Gnai2,Gnai2,0.13402061855670103,0.0,8.49027,Ptpru,Ptpru,0.1798439090600611,0.0,Astrocytes,Neurons,0.0,1.0
S100a1,S100a1,0.17783505154639176,0.0,8.49027,Ryr2,Ryr2,0.7010519172039362,0.1753930046424519,Astrocytes,Neurons,0.0,1.0
S100a1,S100a1,0.17783505154639176,0.0,8.49027,Trpm3,Trpm3,0.5972175093315236,0.13745331078865908,Astrocytes,Neurons,0.0,1.0
Lman1,Lman1,0.10051546391752578,0.0,8.49027,Mcfd2,Mcfd2,0.11401425178147269,0.0,Astrocytes,Neurons,0.0,1.0
Tcn2,Tcn2,0.1211340206185567,0.0,8.49027,Cnr1,Cnr1,0.1856124872751951,0.0,Astrocytes,Neurons,0.0,1.0
Entpd1,Entpd1,0.11082474226804123,0.0,8.49027,Adora1,Adora1,0.1503223617237869,0.0,Astrocytes,Neurons,0.0,1.0
Fgf12,Fgf12,0.1958762886597938,0.0,8.49027,Fgfr2,Fgfr2,0.652867322701052,0.0984659388323621,Astrocytes,Neurons,0.0,1.0
Fgf12,Fgf12,0.1958762886597938,0.0,8.49027,Fgfr1,Fgfr1,0.3712249745503902,0.02053566882345237,Astrocytes,Neurons,0.0,1.0
Psap,Psap,0.5489690721649485,0.12844396411756553,8.49027,Ar,Ar,0.2178486596538853,0.0,Astrocytes,Neurons,0.0,1.0
App,App,0.24742268041237114,0.0,8.49027,Rpsa,Rpsa,0.3374485596707819,0.04990351794189518,Astrocytes,Microglia,0.0,1.0
App,App,0.24742268041237114,0.0,8.49027,Lrp6,Lrp6,0.17695473251028807,0.0,Astrocytes,Microglia,0.0,1.0
App,App,0.24742268041237114,0.0,8.49027,Tnfrsf21,Tnfrsf21,0.18518518518518517,0.0,Astrocytes,Microglia,0.0,1.0
H2-K1,H2-K1,0.19329896907216496,0.0,8.49027,Aplp2,Aplp2,0.14814814814814814,0.0,Astrocytes,Microglia,0.0,1.0
Mfge8,Mfge8,0.25,0.0047799038794844595,8.49027,Itgb5,Itgb5,0.17525773195876287,0.0,Pericytes,Astrocytes,0.0,1.0
Il1rapl1,Il1rapl1,0.654639175257732,0.2154718757125864,8.49027,Ptprs,Ptprs,0.205761316872428,0.0,Astrocytes,Microglia,0.0,1.0
Lrrc4b,Lrrc4b,0.18041237113402062,0.0,8.49027,Ptprs,Ptprs,0.205761316872428,0.0,Astrocytes,Microglia,0.0,1.0
Sema4a,Sema4a,0.14948453608247422,0.0,8.49027,Plxnb2,Plxnb2,0.13580246913580246,0.0,Astrocytes,Microglia,0.0,1.0
Sema4a,Sema4a,0.14948453608247422,0.0,8.49027,Nrp1,Nrp1_Plxna4,0.2880658436213992,0.0488521067694172,Astrocytes,Microglia,0.0,1.0
Slitrk2,Slitrk2,0.2190721649484536,0.0,8.49027,Ptprs,Ptprs,0.205761316872428,0.0,Astrocytes,Microglia,0.0,1.0
Nlgn1,Nlgn1,0.7087628865979382,0.2577157641444432,8.49027,Nrxn1,Nrxn1,0.13168724279835392,0.0,Astrocytes,Microglia,0.0,1.0
Ntrk3,Ntrk3,0.49226804123711343,0.05101124020209047,8.49027,Ptprs,Ptprs,0.205761316872428,0.0,Astrocytes,Microglia,0.0,1.0
Gnas,Gnas,0.5850515463917526,0.14114899038977446,8.49027,Adora1,Adora1,0.1503223617237869,0.0,Astrocytes,Neurons,0.0,1.0
Gnai2,Gnai2,0.13402061855670103,0.0,8.49027,Adcy9,Adcy9,0.513403461146929,0.058345458160469654,Astrocytes,Neurons,0.0,1.0
Gnai2,Gnai2,0.13402061855670103,0.0,8.49027,Adcy8,Adcy8,0.5564981336952833,0.08906501032086811,Astrocytes,Neurons,0.0,1.0
App,App,0.29218106995884774,0.047175932024871914,8.49027,Tspan12,Tspan12,0.18425517475398712,0.0,Microglia,Neurons,0.0,1.0
Tgfa,Tgfa,0.10699588477366255,0.0,8.49027,Erbb4,Erbb4,0.40685442823210044,0.06937572341068332,Microglia,Neurons,0.0,1.0
Adam10,Adam10,0.43209876543209874,0.058828840702099594,8.49027,Tspan17,Tspan17,0.20699015948422125,0.0,Microglia,Neurons,0.0,1.0
Adam10,Adam10,0.43209876543209874,0.058828840702099594,8.49027,Tspan12,Tspan12,0.18425517475398712,0.0,Microglia,Neurons,0.0,1.0
Nrg2,Nrg2,0.14690721649484537,0.0,8.49027,Lrrtm2,Lrrtm2,0.11842551747539871,0.0,Astrocytes,Neurons,0.0,1.0
Nrg2,Nrg2,0.14690721649484537,0.0,8.49027,Nrp2,Nrp2,0.24431625381744146,0.0,Astrocytes,Neurons,0.0,1.0
Timp3,Timp3,0.38402061855670105,0.043877395257204466,8.49027,Ddr1,Ddr1,0.21445537835086528,0.0,Astrocytes,Neurons,0.0,1.0
Apoo,Apoo,0.1211340206185567,0.0,8.49027,Il1rapl2,Il1rapl2,0.23786901934170343,0.0,Astrocytes,Neurons,0.0,1.0
Ncam1,Ncam1,0.1111111111111111,0.0,8.49027,Gfra1,Gfra1,0.16762809636918902,0.0,Microglia,Neurons,0.0,1.0
Ncam1,Ncam1,0.1111111111111111,0.0,8.49027,Ptprz1,Ptprz1,0.3003053953172718,0.0199009337247954,Microglia,Neurons,0.0,1.0
Ncam1,Ncam1,0.1111111111111111,0.0,8.49027,Fgfr2,Fgfr2,0.652867322701052,0.0984659388323621,Microglia,Neurons,0.0,1.0
Ncam1,Ncam1,0.1111111111111111,0.0,8.49027,Fgfr1,Fgfr1,0.3712249745503902,0.02053566882345237,Microglia,Neurons,0.0,1.0
Ncam1,Ncam1,0.1111111111111111,0.0,8.49027,Ncam2,Ncam2,0.6878181201221581,0.20953100813229053,Microglia,Neurons,0.0,1.0
Itgb2,Itgb2,0.15637860082304528,0.0,8.49027,Thy1,Thy1,0.6084153376314897,0.08201140531937545,Microglia,Neurons,0.0,1.0
Fgf12,Fgf12,0.15384615384615385,0.0,8.49027,Fgfr1,Fgfr1,0.2268041237113402,0.0,Pericytes,Astrocytes,0.0,1.0
Ncam1,Ncam1,0.22435897435897437,0.0,8.49027,Ptpra,Ptpra,0.37371134020618557,0.04306248380830002,Pericytes,Astrocytes,0.0,1.0
Cxcl12,Cxcl12,0.1346153846153846,0.0,8.49027,Sdc4,Sdc4,0.3634020618556701,0.04239928470925036,Pericytes,Astrocytes,0.0,1.0
Gnas,Gnas,0.5833333333333334,0.1670952097162841,8.49027,Adora1,Adora1,0.14175257731958762,0.0,Pericytes,Astrocytes,0.0,1.0
Gnai2,Gnai2,0.22435897435897437,0.0,8.49027,S1pr1,S1pr1,0.3479381443298969,0.04266512422161195,Pericytes,Astrocytes,0.0,1.0
Sorbs1,Sorbs1,0.47435897435897434,0.06615609535294653,8.49027,Itgb5,Itgb5,0.17525773195876287,0.0,Pericytes,Astrocytes,0.0,1.0
Gnai2,Gnai2,0.22435897435897437,0.0,8.49027,Adcy9,Adcy9,0.18298969072164947,0.0,Pericytes,Astrocytes,0.0,1.0
Gnas,Gnas,0.5833333333333334,0.1670952097162841,8.49027,Adcy9,Adcy9,0.18298969072164947,0.0,Pericytes,Astrocytes,0.0,1.0
Ncam1,Ncam1,0.7139175257731959,0.21342884216016822,8.49027,Ncam2,Ncam2,0.10699588477366255,0.0,Astrocytes,Microglia,0.0,1.0
App,App,0.24742268041237114,0.0,8.49027,Ncstn,Ncstn,0.10699588477366255,0.0,Astrocytes,Microglia,0.0,1.0
App,App,0.24742268041237114,0.0,8.49027,Grm7,Grm7,0.11522633744855967,0.0,Astrocytes,Microglia,0.0,1.0
App,App,0.24742268041237114,0.0,8.49027,Lrp1,Lrp1,0.411522633744856,0.05689595816266979,Astrocytes,Microglia,0.0,1.0
App,App,0.24742268041237114,0.0,8.49027,Aplp2,Aplp2,0.14814814814814814,0.0,Astrocytes,Microglia,0.0,1.0
App,App,0.24742268041237114,0.0,8.49027,Notch2,Notch2,0.3004115226337449,0.04775724139878146,Astrocytes,Microglia,0.0,1.0
App,App,0.24742268041237114,0.0,8.49027,Aplp1,Aplp1,0.11522633744855967,0.0,Astrocytes,Microglia,0.0,1.0
App,App,0.29218106995884774,0.047175932024871914,8.49027,Ncstn,Ncstn,0.15676959619952494,0.0,Microglia,Neurons,0.0,1.0
App,App,0.29218106995884774,0.047175932024871914,8.49027,Vldlr,Vldlr,0.15710892432982695,0.0,Microglia,Neurons,0.0,1.0
Alcam,Alcam,0.1440329218106996,0.0,8.49027,Chl1,Chl1,0.5212080081438751,0.07541488814660835,Microglia,Neurons,0.0,1.0
Adam15,Adam15,0.1522633744855967,0.0,8.49027,Itgb1,Itgb1,0.35900916185951814,0.019341463775530476,Microglia,Neurons,0.0,1.0
Adam9,Adam9,0.11522633744855967,0.0,8.49027,Itga3,Itga3,0.14183915846623685,0.0,Microglia,Neurons,0.0,1.0
Adam9,Adam9,0.11522633744855967,0.0,8.49027,Itgb1,Itgb1,0.35900916185951814,0.019341463775530476,Microglia,Neurons,0.0,1.0
Cntn1,Cntn1,0.11522633744855967,0.0,8.49027,Nrcam,Nrcam,0.66270783847981,0.11866098037771522,Microglia,Neurons,0.0,1.0
Cntn1,Cntn1,0.11522633744855967,0.0,8.49027,Ptprz1,Ptprz1,0.3003053953172718,0.0199009337247954,Microglia,Neurons,0.0,1.0
Cd47,Cd47,0.19753086419753085,0.0,8.49027,Sirpa,Sirpa,0.2704445198506956,0.013012020380032852,Microglia,Neurons,0.0,1.0
Nrxn1,Nrxn1,0.13168724279835392,0.0,8.49027,Nlgn3,Nlgn3,0.2130980658296573,0.0,Microglia,Neurons,0.0,1.0
Nrxn1,Nrxn1,0.13168724279835392,0.0,8.49027,Nlgn2,Nlgn2,0.34068544282321006,0.01794215575474567,Microglia,Neurons,0.0,1.0
Nrxn1,Nrxn1,0.13168724279835392,0.0,8.49027,Nlgn1,Nlgn1,0.7604343400067866,0.33106245781190813,Microglia,Neurons,0.0,1.0
Jam2,Jam2,0.15637860082304528,0.0,8.49027,Itga3,Itga3_Itgb1,0.14183915846623685,0.0,Microglia,Neurons,0.0,1.0
Ncam1,Ncam1,0.1111111111111111,0.0,8.49027,Robo1,Robo1,0.6450627757041059,0.19763199589561875,Microglia,Neurons,0.0,1.0
Apoe,Apoe,0.45267489711934156,0.07626742690494792,8.49027,Ldlr,Ldlr,0.18730912792670512,0.0,Microglia,Neurons,0.0,1.0
Tgfb1,Tgfb1,0.23868312757201646,0.0,8.49027,Tgfbr3,Tgfbr3,0.3155751611808619,0.017262785284403726,Microglia,Neurons,0.0,1.0
Tgfb1,Tgfb1,0.23868312757201646,0.0,8.49027,Sdc2,Sdc2,0.27994570749915165,0.015238467101833075,Microglia,Neurons,0.0,1.0
Tgfb1,Tgfb1,0.23868312757201646,0.0,8.49027,Itgb1,Itgb1,0.35900916185951814,0.019341463775530476,Microglia,Neurons,0.0,1.0
Pdgfb,Pdgfb,0.24279835390946503,0.0,8.49027,Lrp1,Lrp1,0.5218866644044792,0.05486633786237893,Microglia,Neurons,0.0,1.0
Tnfsf13b,Tnfsf13b,0.10699588477366255,0.0,8.49027,Tfrc,Tfrc,0.3983712249745504,0.021560432510546068,Microglia,Neurons,0.0,1.0
Cklf,Cklf,0.12345679012345678,0.0,8.49027,Lrp6,Lrp6,0.4034611469290804,0.02205257293612961,Microglia,Neurons,0.0,1.0
Il1rapl1,Il1rapl1,0.13168724279835392,0.0,8.49027,Ptprs,Ptprs,0.7047845266372582,0.11562943445945817,Microglia,Neurons,0.0,1.0
Il1rapl1,Il1rapl1,0.13168724279835392,0.0,8.49027,Ptprf,Ptprf,0.31218187987784185,0.01650977048748159,Microglia,Neurons,0.0,1.0
Nlgn1,Nlgn1,0.1522633744855967,0.0,8.49027,Nrxn2,Nrxn2,0.5687139463861555,0.07009189015678263,Microglia,Neurons,0.0,1.0
Nlgn1,Nlgn1,0.1522633744855967,0.0,8.49027,Nrxn1,Nrxn1,0.7875805904309467,0.41325534614377624,Microglia,Neurons,0.0,1.0
Ntrk3,Ntrk3,0.10699588477366255,0.0,8.49027,Ptprs,Ptprs,0.7047845266372582,0.11562943445945817,Microglia,Neurons,0.0,1.0
Ntrk3,Ntrk3,0.10699588477366255,0.0,8.49027,Ptprf,Ptprf,0.31218187987784185,0.01650977048748159,Microglia,Neurons,0.0,1.0
Alcam,Alcam,0.1440329218106996,0.0,8.49027,Nrp1,Nrp1,0.35595520868680014,0.024951535197359598,Microglia,Neurons,0.0,1.0
Psen1,Psen1,0.1440329218106996,0.0,8.49027,Ncstn,Ncstn,0.15676959619952494,0.0,Microglia,Neurons,0.0,1.0
Il18,Il18,0.13168724279835392,0.0,8.49027,Il1rapl1,Il1rapl1,0.6935866983372921,0.2682423317214111,Microglia,Neurons,0.0,1.0
Lgals3bp,Lgals3bp,0.1111111111111111,0.0,8.49027,Itgb1,Itgb1,0.35900916185951814,0.019341463775530476,Microglia,Neurons,0.0,1.0
Fgf14,Fgf14,0.22435897435897437,0.0,8.49027,Fgfr2,Fgfr2,0.5,0.08306514373716856,Pericytes,Astrocytes,0.0,1.0
Gnai2,Gnai2,0.22435897435897437,0.0,8.49027,Ednrb,Ednrb,0.3402061855670103,0.03904009827888899,Pericytes,Astrocytes,0.0,1.0
Rims2,Rims2,0.16025641025641027,0.0,8.49027,Abca1,Abca1,0.27319587628865977,0.033736094717738196,Pericytes,Astrocytes,0.0,1.0
Tfpi,Tfpi,0.16025641025641027,0.0,8.49027,F3,F3,0.5618556701030928,0.13784243287467857,Pericytes,Astrocytes,0.0,1.0
Sparc,Sparc,0.5705128205128205,0.1633582539799341,8.49027,Fgfr1,Fgfr1,0.2268041237113402,0.0,Pericytes,Astrocytes,0.0,1.0
Timp3,Timp3,0.3269230769230769,0.049415463358765344,8.49027,Ddr1,Ddr1,0.2345360824742268,0.0,Pericytes,Astrocytes,0.0,1.0
Spp1,Spp1,0.1282051282051282,0.0,8.49027,S1pr1,S1pr1,0.3479381443298969,0.04266512422161195,Pericytes,Astrocytes,0.0,1.0
Ptn,Ptn,0.75,0.28153483474312335,8.49027,Ncl,Ncl,0.14690721649484537,0.0,Pericytes,Astrocytes,0.0,1.0
Vegfa,Vegfa,0.11538461538461539,0.0,8.49027,Grin2b,Grin2b,0.13917525773195877,0.0,Pericytes,Astrocytes,0.0,1.0
Fgf12,Fgf12,0.15384615384615385,0.0,8.49027,Fgfr2,Fgfr2,0.5,0.08306514373716856,Pericytes,Astrocytes,0.0,1.0
Calr,Calr,0.24691358024691357,0.0,8.49027,Lrp1,Lrp1,0.5218866644044792,0.05486633786237893,Microglia,Neurons,0.0,1.0
Calr,Calr,0.24691358024691357,0.0,8.49027,Itga3,Itga3,0.14183915846623685,0.0,Microglia,Neurons,0.0,1.0
Trf,Trf,0.4897119341563786,0.060556134109577275,8.49027,Ldlr,Ldlr,0.18730912792670512,0.0,Microglia,Neurons,0.0,1.0
Apoe,Apoe,0.45267489711934156,0.07626742690494792,8.49027,Scarb1,Scarb1,0.15405497115710892,0.0,Microglia,Neurons,0.0,1.0
Apoe,Apoe,0.45267489711934156,0.07626742690494792,8.49027,Vldlr,Vldlr,0.15710892432982695,0.0,Microglia,Neurons,0.0,1.0
Psen1,Psen1,0.1440329218106996,0.0,8.49027,Notch3,Notch3,0.10960298608754666,0.0,Microglia,Neurons,0.0,1.0
Arf1,Arf1,0.13580246913580246,0.0,8.49027,Chrm3,Chrm3,0.36443841194435017,0.035186683746999625,Microglia,Neurons,0.0,1.0
Timp2,Timp2,0.2757201646090535,0.03804520617193363,8.49027,Itga3,Itga3,0.14183915846623685,0.0,Microglia,Neurons,0.0,1.0
Gnas,Gnas,0.5390946502057613,0.14921448902564904,8.49027,Crhr1,Crhr1,0.1350525958601968,0.0,Microglia,Neurons,0.0,1.0
Gnai2,Gnai2,0.2757201646090535,0.04653448810629257,8.49027,Cnr1,Cnr1,0.1856124872751951,0.0,Microglia,Neurons,0.0,1.0
Gnai2,Gnai2,0.2757201646090535,0.04653448810629257,8.49027,Adora1,Adora1,0.1503223617237869,0.0,Microglia,Neurons,0.0,1.0
Arf1,Arf1,0.13580246913580246,0.0,8.49027,Insr,Insr,0.45978961655921274,0.02585064343321919,Microglia,Neurons,0.0,1.0
Gpi1,Gpi1,0.1728395061728395,0.0,8.49027,Amfr,Amfr,0.30709195792331184,0.015342377903118654,Microglia,Neurons,0.0,1.0
Actr2,Actr2,0.36213991769547327,0.05290812503033182,8.49027,Ldlr,Ldlr,0.18730912792670512,0.0,Microglia,Neurons,0.0,1.0
Fgf14,Fgf14,0.15637860082304528,0.0,8.49027,Fgfr1,Fgfr1,0.3712249745503902,0.02053566882345237,Microglia,Neurons,0.0,1.0
Fgf14,Fgf14,0.15637860082304528,0.0,8.49027,Fgfr2,Fgfr2,0.652867322701052,0.0984659388323621,Microglia,Neurons,0.0,1.0
Sptan1,Sptan1,0.16872427983539096,0.0,8.49027,Ptpra,Ptpra,0.4906684764166949,0.02802294791601867,Microglia,Neurons,0.0,1.0
Gnas,Gnas,0.5390946502057613,0.14921448902564904,8.49027,Adcy7,Adcy7,0.13165931455717678,0.0,Microglia,Neurons,0.0,1.0
Gnai2,Gnai2,0.2757201646090535,0.04653448810629257,8.49027,Adcy7,Adcy7,0.13165931455717678,0.0,Microglia,Neurons,0.0,1.0
Gnai2,Gnai2,0.2757201646090535,0.04653448810629257,8.49027,Ptpru,Ptpru,0.1798439090600611,0.0,Microglia,Neurons,0.0,1.0
Tcn2,Tcn2,0.24279835390946503,0.0,8.49027,Cnr1,Cnr1,0.1856124872751951,0.0,Microglia,Neurons,0.0,1.0
C1qb,C1qb,0.7818930041152263,0.34910248423615053,8.49027,C1qbp,C1qbp,0.15710892432982695,0.0,Microglia,Neurons,0.0,1.0
Rtn4,Rtn4,0.5390946502057613,0.1500311274801267,8.49027,Rtn4rl1,Rtn4rl1,0.14387512724804885,0.0,Microglia,Neurons,0.0,1.0
Gnai2,Gnai2,0.2757201646090535,0.04653448810629257,8.49027,P2ry12,P2ry12,0.20936545639633525,0.0,Microglia,Neurons,0.0,1.0
Entpd1,Entpd1,0.4279835390946502,0.060434074831533735,8.49027,Adora1,Adora1,0.1503223617237869,0.0,Microglia,Neurons,0.0,1.0
Fgf12,Fgf12,0.13168724279835392,0.0,8.49027,Fgfr2,Fgfr2,0.652867322701052,0.0984659388323621,Microglia,Neurons,0.0,1.0
Fgf12,Fgf12,0.13168724279835392,0.0,8.49027,Fgfr1,Fgfr1,0.3712249745503902,0.02053566882345237,Microglia,Neurons,0.0,1.0
Ncam1,Ncam1,0.1111111111111111,0.0,8.49027,Ptpra,Ptpra,0.4906684764166949,0.02802294791601867,Microglia,Neurons,0.0,1.0
Psap,Psap,0.6666666666666666,0.1893218276063502,8.49027,Ar,Ar,0.2178486596538853,0.0,Microglia,Neurons,0.0,1.0
Gnas,Gnas,0.5390946502057613,0.14921448902564904,8.49027,Adora1,Adora1,0.1503223617237869,0.0,Microglia,Neurons,0.0,1.0
Gnai2,Gnai2,0.22435897435897437,0.0,8.49027,Egfr,Egfr,0.3582474226804124,0.04175933524722142,Pericytes,Astrocytes,0.0,1.0
Gnai2,Gnai2,0.22435897435897437,0.0,8.49027,Igf1r,Igf1r,0.3634020618556701,0.041961547591853554,Pericytes,Astrocytes,0.0,1.0
Gpc3,Gpc3,0.15384615384615385,0.0,8.49027,Igf1r,Igf1r,0.3634020618556701,0.041961547591853554,Pericytes,Astrocytes,0.0,1.0
Gpc3,Gpc3,0.15384615384615385,0.0,8.49027,Cd81,Cd81,0.8015463917525774,0.29479831652433164,Pericytes,Astrocytes,0.0,1.0
Lrpap1,Lrpap1,0.16666666666666666,0.0,8.49027,Sorl1,Sorl1,0.34536082474226804,0.039568285558095995,Pericytes,Astrocytes,0.0,1.0
Lrpap1,Lrpap1,0.16666666666666666,0.0,8.49027,Lrp1,Lrp1,0.4742268041237113,0.05117955567463084,Pericytes,Astrocytes,0.0,1.0
Serpine2,Serpine2,0.1794871794871795,0.0,8.49027,Lrp1,Lrp1,0.4742268041237113,0.05117955567463084,Pericytes,Astrocytes,0.0,1.0
Gnai2,Gnai2,0.22435897435897437,0.0,8.49027,Adcy8,Adcy8,0.3711340206185567,0.04234490158456372,Pericytes,Astrocytes,0.0,1.0
Ncam1,Ncam1,0.22435897435897437,0.0,8.49027,Cacna1c,Cacna1c,0.13144329896907217,0.0,Pericytes,Astrocytes,0.0,1.0
Gpc3,Gpc3,0.15384615384615385,0.0,8.49027,Lrp1,Lrp1,0.4742268041237113,0.05117955567463084,Pericytes,Astrocytes,0.0,1.0
Hspa8,Hspa8,0.40384615384615385,0.053852463612357404,8.49027,Ldlr,Ldlr,0.10309278350515463,0.0,Pericytes,Astrocytes,0.0,1.0
Actr2,Actr2,0.16666666666666666,0.0,8.49027,Ldlr,Ldlr,0.10309278350515463,0.0,Pericytes,Astrocytes,0.0,1.0
Fgf14,Fgf14,0.22435897435897437,0.0,8.49027,Fgfr1,Fgfr1,0.2268041237113402,0.0,Pericytes,Astrocytes,0.0,1.0
Ncam1,Ncam1,0.1111111111111111,0.0,8.49027,Cacna1c,Cacna1c,0.7115710892432983,0.15558191294183343,Microglia,Neurons,0.0,1.0
Lgals8,Lgals8,0.17695473251028807,0.0,8.49027,Itga3,Itga3,0.14183915846623685,0.0,Microglia,Neurons,0.0,1.0
Hspa8,Hspa8,0.2962962962962963,0.03862285443443492,8.49027,Ldlr,Ldlr,0.18730912792670512,0.0,Microglia,Neurons,0.0,1.0
App,App,0.8177807940278249,0.2096492676470556,8.49027,Vldlr,Vldlr,0.15710892432982695,0.0,Neurons,Neurons,0.0,1.0
App,App,0.8177807940278249,0.2096492676470556,8.49027,Tspan12,Tspan12,0.18425517475398712,0.0,Neurons,Neurons,0.0,1.0
Fstl1,Fstl1,0.21794871794871795,0.0,8.49027,Dip2a,Dip2a,0.13917525773195877,0.0,Pericytes,Astrocytes,0.0,1.0
Gpi1,Gpi1,0.19230769230769232,0.0,8.49027,Amfr,Amfr,0.15206185567010308,0.0,Pericytes,Astrocytes,0.0,1.0
Arf1,Arf1,0.1346153846153846,0.0,8.49027,Pld2,Pld2,0.17268041237113402,0.0,Pericytes,Astrocytes,0.0,1.0
Psap,Psap,0.32051282051282054,0.039277326363552856,8.49027,Gpr37,Gpr37,0.1211340206185567,0.0,Pericytes,Astrocytes,0.0,1.0
Pros1,Pros1,0.1282051282051282,0.0,8.49027,Axl,Axl,0.12886597938144329,0.0,Pericytes,Astrocytes,0.0,1.0
Spon1,Spon1,0.11538461538461539,0.0,8.49027,App,App,0.24742268041237114,0.0,Pericytes,Astrocytes,0.0,1.0
Tfpi,Tfpi,0.16025641025641027,0.0,8.49027,Sdc4,Sdc4,0.3634020618556701,0.04239928470925036,Pericytes,Astrocytes,0.0,1.0
Vcl,Vcl,0.2948717948717949,0.04192330336935035,8.49027,Itgb5,Itgb5,0.17525773195876287,0.0,Pericytes,Astrocytes,0.0,1.0
Tln1,Tln1,0.1346153846153846,0.0,8.49027,Itgb5,Itgb5,0.17525773195876287,0.0,Pericytes,Astrocytes,0.0,1.0
Serping1,Serping1,0.14102564102564102,0.0,8.49027,Lrp1,Lrp1,0.4742268041237113,0.05117955567463084,Pericytes,Astrocytes,0.0,1.0
Lgi1,Lgi1,0.15384615384615385,0.0,8.49027,Adam22,Adam22,0.17783505154639176,0.0,Pericytes,Astrocytes,0.0,1.0
Pltp,Pltp,0.23717948717948717,0.0,8.49027,Abca1,Abca1,0.27319587628865977,0.033736094717738196,Pericytes,Astrocytes,0.0,1.0
Pros1,Pros1,0.1282051282051282,0.0,8.49027,Mertk,Mertk,0.4536082474226804,0.05344353800257229,Pericytes,Astrocytes,0.0,1.0
Slitrk3,Slitrk3,0.17577197149643706,0.0,8.49027,Ptprs,Ptprs,0.7047845266372582,0.11562943445945817,Neurons,Neurons,0.0,1.0
Sema7a,Sema7a,0.14149983033593486,0.0,8.49027,Plxnc1,Plxnc1,0.20529351883271124,0.0,Neurons,Neurons,0.0,1.0
Adam10,Adam10,0.46182558534102475,0.026315314115175514,8.49027,Tspan17,Tspan17,0.20699015948422125,0.0,Neurons,Neurons,0.0,1.0
Adam10,Adam10,0.46182558534102475,0.026315314115175514,8.49027,Tspan12,Tspan12,0.18425517475398712,0.0,Neurons,Neurons,0.0,1.0
Tgfb1,Tgfb1,0.23868312757201646,0.0,8.49027,Lpp,Lpp,0.4041398031896844,0.02507882989981869,Microglia,Neurons,0.0,1.0
Efnb2,Efnb2,0.12690872073294876,0.0,8.49027,Ephb6,Ephb6,0.10960298608754666,0.0,Neurons,Neurons,0.0,1.0
Ncam1,Ncam1,0.7502544960977265,0.17369001611803242,8.49027,Gfra1,Gfra1,0.16762809636918902,0.0,Neurons,Neurons,0.0,1.0
App,App,0.8177807940278249,0.2096492676470556,8.49027,Ncstn,Ncstn,0.15676959619952494,0.0,Neurons,Neurons,0.0,1.0
Il18,Il18,0.16025641025641027,0.0,8.49027,Il1rapl1,Il1rapl1,0.654639175257732,0.2154718757125864,Pericytes,Astrocytes,0.0,1.0
Il15ra,Il15ra,0.16025641025641027,0.0,8.49027,Axl,Axl,0.12886597938144329,0.0,Pericytes,Astrocytes,0.0,1.0
Ybx1,Ybx1,0.21153846153846154,0.0,8.49027,Notch1,Notch1,0.22422680412371135,0.0,Pericytes,Astrocytes,0.0,1.0
Vegfb,Vegfb,0.10897435897435898,0.0,8.49027,Nrp1,Nrp1,0.17525773195876287,0.0,Pericytes,Astrocytes,0.0,1.0
Cxcl12,Cxcl12,0.1346153846153846,0.0,8.49027,Grm7,Grm7,0.11082474226804123,0.0,Pericytes,Astrocytes,0.0,1.0
Cxcl12,Cxcl12,0.1346153846153846,0.0,8.49027,Itgav,Itgav,0.25773195876288657,0.029662390884252543,Pericytes,Astrocytes,0.0,1.0
Cxcl12,Cxcl12,0.1346153846153846,0.0,8.49027,Itgb1,Itgb1,0.13402061855670103,0.0,Pericytes,Astrocytes,0.0,1.0
Lrpap1,Lrpap1,0.16666666666666666,0.0,8.49027,Ldlr,Ldlr,0.10309278350515463,0.0,Pericytes,Astrocytes,0.0,1.0
Agrn,Agrn,0.20512820512820512,0.0,8.49027,Atp1a3,Atp1a3,0.1211340206185567,0.0,Pericytes,Astrocytes,0.0,1.0
Col5a2,Col5a2,0.12179487179487179,0.0,8.49027,Ddr1,Ddr1,0.2345360824742268,0.0,Pericytes,Astrocytes,0.0,1.0
Rtn4,Rtn4,0.27564102564102566,0.02943821230994259,8.49027,Tnfrsf19,Tnfrsf19,0.211340206185567,0.0,Pericytes,Astrocytes,0.0,1.0
Gnai2,Gnai2,0.22435897435897437,0.0,8.49027,Adora1,Adora1,0.14175257731958762,0.0,Pericytes,Astrocytes,0.0,1.0
Tfpi,Tfpi,0.16025641025641027,0.0,8.49027,Lrp1,Lrp1,0.4742268041237113,0.05117955567463084,Pericytes,Astrocytes,0.0,1.0
Plat,Plat,0.15384615384615385,0.0,8.49027,Lrp1,Lrp1,0.4742268041237113,0.05117955567463084,Pericytes,Astrocytes,0.0,1.0
Arf1,Arf1,0.1346153846153846,0.0,8.49027,Insr,Insr,0.23195876288659795,0.0,Pericytes,Astrocytes,0.0,1.0
Efna5,Efna5,0.5561588055649813,0.09536538289465502,8.49027,Ephb6,Ephb6,0.10960298608754666,0.0,Neurons,Neurons,0.0,1.0
Efnb2,Efnb2,0.12690872073294876,0.0,8.49027,Epha6,Epha6,0.6311503223617237,0.1589762406009445,Neurons,Neurons,0.0,1.0
Efnb2,Efnb2,0.12690872073294876,0.0,8.49027,Grm1,Grm1,0.498812351543943,0.044104629876691614,Neurons,Neurons,0.0,1.0
Efnb2,Efnb2,0.12690872073294876,0.0,8.49027,Epha4,Epha4,0.2952154733627418,0.0170317017592031,Neurons,Neurons,0.0,1.0
Efnb2,Efnb2,0.12690872073294876,0.0,8.49027,Ephb1,Ephb1,0.3997285374957584,0.028604782938474127,Neurons,Neurons,0.0,1.0
Efnb2,Efnb2,0.12690872073294876,0.0,8.49027,Grm5,Grm5,0.7146250424160163,0.2321301607814732,Neurons,Neurons,0.0,1.0
Efnb2,Efnb2,0.12690872073294876,0.0,8.49027,Ephb2,Ephb2,0.4024431625381744,0.02172649532896731,Neurons,Neurons,0.0,1.0
Efnb2,Efnb2,0.12690872073294876,0.0,8.49027,Epha3,Epha3,0.30844927044451986,0.02010175077529064,Neurons,Neurons,0.0,1.0
Adam17,Adam17,0.1866304716661011,0.0,8.49027,Erbb4,Erbb4,0.40685442823210044,0.06937572341068332,Neurons,Neurons,0.0,1.0
Adam17,Adam17,0.1866304716661011,0.0,8.49027,Itgb1,Itgb1,0.35900916185951814,0.019341463775530476,Neurons,Neurons,0.0,1.0
B2m,B2m,0.16287750254496097,0.0,8.49027,Tfrc,Tfrc,0.3983712249745504,0.021560432510546068,Neurons,Neurons,0.0,1.0
Nrxn2,Nrxn2,0.5687139463861555,0.07009189015678263,8.49027,Nlgn3,Nlgn3,0.2130980658296573,0.0,Neurons,Neurons,0.0,1.0
Nrxn1,Nrxn1,0.7875805904309467,0.41325534614377624,8.49027,Nlgn3,Nlgn3,0.2130980658296573,0.0,Neurons,Neurons,0.0,1.0
Jam3,Jam3,0.20291822192059722,0.0,8.49027,Itgb1,Itgb1,0.35900916185951814,0.019341463775530476,Neurons,Neurons,0.0,1.0
Bmp6,Bmp6,0.1282051282051282,0.0,8.49027,Acvr2a,Acvr2a_Bmpr1b,0.13144329896907217,0.0,Pericytes,Astrocytes,0.0,1.0
Bmp5,Bmp5,0.19230769230769232,0.0,8.49027,Acvr1,Acvr1_Bmpr2,0.15721649484536082,0.0,Pericytes,Astrocytes,0.0,1.0
Bmp5,Bmp5,0.19230769230769232,0.0,8.49027,Bmpr2,Bmpr1a_Bmpr2,0.27835051546391754,0.034416874522912755,Pericytes,Astrocytes,0.0,1.0
Bmp5,Bmp5,0.19230769230769232,0.0,8.49027,Acvr1,Acvr1_Acvr2a,0.15721649484536082,0.0,Pericytes,Astrocytes,0.0,1.0
Bmp5,Bmp5,0.19230769230769232,0.0,8.49027,Acvr2a,Acvr2a_Bmpr1a,0.13144329896907217,0.0,Pericytes,Astrocytes,0.0,1.0
Bmp5,Bmp5,0.19230769230769232,0.0,8.49027,Bmpr2,Bmpr1b_Bmpr2,0.27835051546391754,0.034416874522912755,Pericytes,Astrocytes,0.0,1.0
Bmp5,Bmp5,0.19230769230769232,0.0,8.49027,Acvr2a,Acvr2a_Bmpr1b,0.13144329896907217,0.0,Pericytes,Astrocytes,0.0,1.0
Sema3c,Sema3c,0.10256410256410256,0.0,8.49027,Nrp1,Nrp1_Plxna2,0.17525773195876287,0.0,Pericytes,Astrocytes,0.0,1.0
Lrig1,Lrig1,0.1987179487179487,0.0,8.49027,Egfr,Egfr,0.3582474226804124,0.04175933524722142,Pericytes,Astrocytes,0.0,1.0
Bcan,Bcan,0.14102564102564102,0.0,8.49027,Nrcam,Nrcam,0.6597938144329897,0.1882137973283926,Pericytes,Astrocytes,0.0,1.0
Bcan,Bcan,0.14102564102564102,0.0,8.49027,Egfr,Egfr,0.3582474226804124,0.04175933524722142,Pericytes,Astrocytes,0.0,1.0
Rgma,Rgma,0.24358974358974358,0.0,8.49027,Neo1,Neo1,0.36597938144329895,0.042352115869531914,Pericytes,Astrocytes,0.0,1.0
Rgma,Rgma,0.24358974358974358,0.0,8.49027,Bmpr2,Bmpr2,0.27835051546391754,0.034416874522912755,Pericytes,Astrocytes,0.0,1.0
Rgma,Rgma,0.24358974358974358,0.0,8.49027,Bmpr1b,Bmpr1b,0.5128865979381443,0.12203669182939225,Pericytes,Astrocytes,0.0,1.0
Sema5a,Sema5a,0.2891075670173057,0.018628776489338583,8.49027,Plxna1,Plxna1,0.15778758059043094,0.0,Neurons,Neurons,0.0,1.0
Adam15,Adam15,0.2130980658296573,0.0,8.49027,Itgb1,Itgb1,0.35900916185951814,0.019341463775530476,Neurons,Neurons,0.0,1.0
Adam9,Adam9,0.1981676280963692,0.0,8.49027,Itga3,Itga3,0.14183915846623685,0.0,Neurons,Neurons,0.0,1.0
Adam9,Adam9,0.1981676280963692,0.0,8.49027,Itgb1,Itgb1,0.35900916185951814,0.019341463775530476,Neurons,Neurons,0.0,1.0
Jag2,Jag2,0.16932473702069903,0.0,8.49027,Notch3,Notch3,0.10960298608754666,0.0,Neurons,Neurons,0.0,1.0
Sema5b,Sema5b,0.10790634543603665,0.0,8.49027,Plxna1,Plxna1,0.15778758059043094,0.0,Neurons,Neurons,0.0,1.0
Nlgn3,Nlgn3,0.2130980658296573,0.0,8.49027,Nrxn2,Nrxn2,0.5687139463861555,0.07009189015678263,Neurons,Neurons,0.0,1.0
Nlgn3,Nlgn3,0.2130980658296573,0.0,8.49027,Nrxn1,Nrxn1,0.7875805904309467,0.41325534614377624,Neurons,Neurons,0.0,1.0
Sema4b,Sema4b,0.16118086189345096,0.0,8.49027,Dcbld2,Dcbld2,0.21445537835086528,0.0,Neurons,Neurons,0.0,1.0
Sema6b,Sema6b,0.1506616898540889,0.0,8.49027,Plxna4,Plxna4,0.667119104173736,0.12074306637018384,Neurons,Neurons,0.0,1.0
Sema6b,Sema6b,0.1506616898540889,0.0,8.49027,Plxna2,Plxna2,0.517814726840855,0.05990777163818328,Neurons,Neurons,0.0,1.0
Sema4a,Sema4a,0.13030200203596878,0.0,8.49027,Plxna1,Nrp1_Plxna1,0.15778758059043094,0.0,Neurons,Neurons,0.0,1.0
Sema4a,Sema4a,0.13030200203596878,0.0,8.49027,Nrp1,Nrp1_Plxna4,0.35595520868680014,0.024951535197359598,Neurons,Neurons,0.0,1.0
Sema4a,Sema4a,0.13030200203596878,0.0,8.49027,Nrp1,Nrp1_Plxna2,0.35595520868680014,0.024951535197359598,Neurons,Neurons,0.0,1.0
Slit1,Slit1,0.18595181540549713,0.0,8.49027,Gpc1,Gpc1,0.2653545978961656,0.012230857498371661,Neurons,Neurons,0.0,1.0
Fgf10,Fgf10,0.12792670512385476,0.0,8.49027,Fgfr2,Fgfr2,0.652867322701052,0.0984659388323621,Neurons,Neurons,0.0,1.0
Fgf10,Fgf10,0.12792670512385476,0.0,8.49027,Fgfr1,Fgfr1,0.3712249745503902,0.02053566882345237,Neurons,Neurons,0.0,1.0
Sema3e,Sema3e,0.19477434679334918,0.0,8.49027,Nrp1,Nrp1,0.35595520868680014,0.024951535197359598,Neurons,Neurons,0.0,1.0
Agrp,Agrp,0.18934509670851712,0.0,8.49027,Sdc3,Sdc3,0.1340346114692908,0.0,Neurons,Neurons,0.0,1.0
Reln,Reln,0.12249745503902273,0.0,8.49027,Lrp8,Lrp8,0.41839158466236853,0.02227197548003701,Neurons,Neurons,0.0,1.0
Reln,Reln,0.12249745503902273,0.0,8.49027,Vldlr,Vldlr,0.15710892432982695,0.0,Neurons,Neurons,0.0,1.0
Reln,Reln,0.12249745503902273,0.0,8.49027,Itga3,Itga3_Itgb1,0.14183915846623685,0.0,Neurons,Neurons,0.0,1.0
Lamc1,Lamc1,0.22225992534781133,0.0,8.49027,Dag1,Dag1,0.3752969121140142,0.02032648439585316,Neurons,Neurons,0.0,1.0
Lamc1,Lamc1,0.22225992534781133,0.0,8.49027,Itga3,Itga3_Itgb1,0.14183915846623685,0.0,Neurons,Neurons,0.0,1.0
Col4a2,Col4a2,0.27723108245673567,0.013900149669385076,8.49027,Itga3,Itga3_Itgb1,0.14183915846623685,0.0,Neurons,Neurons,0.0,1.0
Col4a1,Col4a1,0.14319647098744487,0.0,8.49027,Cd47,Cd47,0.5337631489650492,0.060312963300451106,Neurons,Neurons,0.0,1.0
Col4a1,Col4a1,0.14319647098744487,0.0,8.49027,Itga3,Itga3_Itgb1,0.14183915846623685,0.0,Neurons,Neurons,0.0,1.0
Apoe,Apoe,0.2297251442144554,0.0,8.49027,Lrp6,Lrp6,0.4034611469290804,0.02205257293612961,Neurons,Neurons,0.0,1.0
Penk,Penk,0.26060400407193757,0.01471765820822546,8.49027,Oprl1,Oprl1,0.17407533084492705,0.0,Neurons,Neurons,0.0,1.0
Slit3,Slit3,0.2147947064811673,0.0,8.49027,Robo1,Robo1,0.6450627757041059,0.19763199589561875,Neurons,Neurons,0.0,1.0
Slit3,Slit3,0.2147947064811673,0.0,8.49027,Robo2,Robo2,0.7064811672887682,0.17960444462952108,Neurons,Neurons,0.0,1.0
Slit1,Slit1,0.18595181540549713,0.0,8.49027,Robo1,Robo1,0.6450627757041059,0.19763199589561875,Neurons,Neurons,0.0,1.0
Slit1,Slit1,0.18595181540549713,0.0,8.49027,Flrt3,Flrt3,0.19443501866304716,0.0,Neurons,Neurons,0.0,1.0
Slit1,Slit1,0.18595181540549713,0.0,8.49027,Robo2,Robo2,0.7064811672887682,0.17960444462952108,Neurons,Neurons,0.0,1.0
Vegfa,Vegfa,0.2130980658296573,0.0,8.49027,Nrp2,Nrp2,0.24431625381744146,0.0,Neurons,Neurons,0.0,1.0
Vegfa,Vegfa,0.2130980658296573,0.0,8.49027,Nrp1,Nrp1,0.35595520868680014,0.024951535197359598,Neurons,Neurons,0.0,1.0
Fgf1,Fgf1,0.23583305055989143,0.0,8.49027,Tgfbr3,Tgfbr3,0.3155751611808619,0.017262785284403726,Neurons,Neurons,0.0,1.0
Fgf1,Fgf1,0.23583305055989143,0.0,8.49027,Fgfr2,Fgfr2,0.652867322701052,0.0984659388323621,Neurons,Neurons,0.0,1.0
Fgf1,Fgf1,0.23583305055989143,0.0,8.49027,Fgfr1,Fgfr1,0.3712249745503902,0.02053566882345237,Neurons,Neurons,0.0,1.0
Fgf1,Fgf1,0.23583305055989143,0.0,8.49027,Nrp1,Nrp1,0.35595520868680014,0.024951535197359598,Neurons,Neurons,0.0,1.0
Inha,Inha,0.24363759755683745,0.0,8.49027,Acvr1,Acvr1,0.3678316932473702,0.020556148055699386,Neurons,Neurons,0.0,1.0
Inha,Inha,0.24363759755683745,0.0,8.49027,Tgfbr3,Tgfbr3,0.3155751611808619,0.017262785284403726,Neurons,Neurons,0.0,1.0
Nid1,Nid1,0.27564102564102566,0.03747312680037118,8.49027,Ptprf,Ptprf,0.12371134020618557,0.0,Pericytes,Astrocytes,0.0,1.0
Nid1,Nid1,0.27564102564102566,0.03747312680037118,8.49027,Itgb1,Itgb1,0.13402061855670103,0.0,Pericytes,Astrocytes,0.0,1.0
Mif,Mif,0.16666666666666666,0.0,8.49027,Egfr,Egfr,0.3582474226804124,0.04175933524722142,Pericytes,Astrocytes,0.0,1.0
Spp1,Spp1,0.1282051282051282,0.0,8.49027,Itgb5,Itgav_Itgb5,0.17525773195876287,0.0,Pericytes,Astrocytes,0.0,1.0
Spp1,Spp1,0.1282051282051282,0.0,8.49027,Itgb1,Itgav_Itgb1,0.13402061855670103,0.0,Pericytes,Astrocytes,0.0,1.0
Dcn,Dcn,0.16666666666666666,0.0,8.49027,Erbb4,Erbb4,0.7216494845360825,0.28202234612683763,Pericytes,Astrocytes,0.0,1.0
Dcn,Dcn,0.16666666666666666,0.0,8.49027,Egfr,Egfr,0.3582474226804124,0.04175933524722142,Pericytes,Astrocytes,0.0,1.0
Calr,Calr,0.22435897435897437,0.0,8.49027,Lrp1,Lrp1,0.4742268041237113,0.05117955567463084,Pericytes,Astrocytes,0.0,1.0
Calr,Calr,0.22435897435897437,0.0,8.49027,Itgav,Itgav,0.25773195876288657,0.029662390884252543,Pericytes,Astrocytes,0.0,1.0
Fgfr3,Fgfr3,0.14743589743589744,0.0,8.49027,Epha4,Epha4,0.2757731958762887,0.03360172438218112,Pericytes,Astrocytes,0.0,1.0
Bmp6,Bmp6,0.1282051282051282,0.0,8.49027,Acvr1,Acvr1_Bmpr2,0.15721649484536082,0.0,Pericytes,Astrocytes,0.0,1.0
Bmp6,Bmp6,0.1282051282051282,0.0,8.49027,Bmpr2,Bmpr1a_Bmpr2,0.27835051546391754,0.034416874522912755,Pericytes,Astrocytes,0.0,1.0
Bmp6,Bmp6,0.1282051282051282,0.0,8.49027,Acvr1,Acvr1_Acvr2a,0.15721649484536082,0.0,Pericytes,Astrocytes,0.0,1.0
Bmp6,Bmp6,0.1282051282051282,0.0,8.49027,Acvr2a,Acvr2a_Bmpr1a,0.13144329896907217,0.0,Pericytes,Astrocytes,0.0,1.0
Bmp6,Bmp6,0.1282051282051282,0.0,8.49027,Bmpr2,Bmpr1b_Bmpr2,0.27835051546391754,0.034416874522912755,Pericytes,Astrocytes,0.0,1.0
Trf,Trf,0.14217848659653887,0.0,8.49027,Tfrc,Tfrc,0.3983712249745504,0.021560432510546068,Neurons,Neurons,0.0,1.0
Trf,Trf,0.14217848659653887,0.0,8.49027,Ldlr,Ldlr,0.18730912792670512,0.0,Neurons,Neurons,0.0,1.0
Apoe,Apoe,0.2297251442144554,0.0,8.49027,Scarb1,Scarb1,0.15405497115710892,0.0,Neurons,Neurons,0.0,1.0
Apoe,Apoe,0.2297251442144554,0.0,8.49027,Lrp8,Lrp8,0.41839158466236853,0.02227197548003701,Neurons,Neurons,0.0,1.0
Apoe,Apoe,0.2297251442144554,0.0,8.49027,Lrp1,Lrp1,0.5218866644044792,0.05486633786237893,Neurons,Neurons,0.0,1.0
Apoe,Apoe,0.2297251442144554,0.0,8.49027,Vldlr,Vldlr,0.15710892432982695,0.0,Neurons,Neurons,0.0,1.0
Apoe,Apoe,0.2297251442144554,0.0,8.49027,Sdc2,Sdc2,0.27994570749915165,0.015238467101833075,Neurons,Neurons,0.0,1.0
Apoe,Apoe,0.2297251442144554,0.0,8.49027,Ldlr,Ldlr,0.18730912792670512,0.0,Neurons,Neurons,0.0,1.0
Vegfb,Vegfb,0.21038344078724125,0.0,8.49027,Nrp1,Nrp1,0.35595520868680014,0.024951535197359598,Neurons,Neurons,0.0,1.0
Fgf9,Fgf9,0.21174075330844927,0.0,8.49027,Fgfr2,Fgfr2,0.652867322701052,0.0984659388323621,Neurons,Neurons,0.0,1.0
Fgf9,Fgf9,0.21174075330844927,0.0,8.49027,Fgfr1,Fgfr1,0.3712249745503902,0.02053566882345237,Neurons,Neurons,0.0,1.0
Calr,Calr,0.4509670851713607,0.024756265976759617,8.49027,Itga3,Itga3,0.14183915846623685,0.0,Neurons,Neurons,0.0,1.0
Nppc,Nppc,0.166610111978283,0.0,8.49027,Npr2,Npr2,0.1465897522904649,0.0,Neurons,Neurons,0.0,1.0
Ptn,Ptn,0.34170342721411606,0.02052779989104636,8.49027,Sdc3,Sdc3,0.1340346114692908,0.0,Neurons,Neurons,0.0,1.0
Adcyap1,Adcyap1,0.11808618934509671,0.0,8.49027,Adcyap1r1,Adcyap1r1,0.2711231761112996,0.012858716605072873,Neurons,Neurons,0.0,1.0
Vegfa,Vegfa,0.2130980658296573,0.0,8.49027,Sirpa,Sirpa,0.2704445198506956,0.013012020380032852,Neurons,Neurons,0.0,1.0
Vegfa,Vegfa,0.2130980658296573,0.0,8.49027,Gpc1,Gpc1,0.2653545978961656,0.012230857498371661,Neurons,Neurons,0.0,1.0
Vegfa,Vegfa,0.2130980658296573,0.0,8.49027,Ephb2,Ephb2,0.4024431625381744,0.02172649532896731,Neurons,Neurons,0.0,1.0
Vegfa,Vegfa,0.2130980658296573,0.0,8.49027,Itgb1,Itgb1,0.35900916185951814,0.019341463775530476,Neurons,Neurons,0.0,1.0
Fam3c,Fam3c,0.1815405497115711,0.0,8.49027,Lifr,Lifr,0.19172039362063115,0.0,Neurons,Neurons,0.0,1.0
Fam3c,Fam3c,0.1815405497115711,0.0,8.49027,Lamp1,Lamp1,0.39667458432304037,0.02119800003199801,Neurons,Neurons,0.0,1.0
Il34,Il34,0.11163895486935867,0.0,8.49027,Ptprz1,Ptprz1,0.3003053953172718,0.0199009337247954,Neurons,Neurons,0.0,1.0
Enho,Enho,0.18052256532066507,0.0,8.49027,Gpr19,Gpr19,0.12928401764506278,0.0,Neurons,Neurons,0.0,1.0
Sema3a,Sema3a,0.14794706481167288,0.0,8.49027,Nrp2,Nrp2,0.24431625381744146,0.0,Neurons,Neurons,0.0,1.0
Sema3a,Sema3a,0.14794706481167288,0.0,8.49027,Plxna1,Nrp1_Plxna1,0.15778758059043094,0.0,Neurons,Neurons,0.0,1.0
Sema3a,Sema3a,0.14794706481167288,0.0,8.49027,Nrp1,Nrp1_Plxna4,0.35595520868680014,0.024951535197359598,Neurons,Neurons,0.0,1.0
Sema3a,Sema3a,0.14794706481167288,0.0,8.49027,Nrp1,Nrp1_Plxna2,0.35595520868680014,0.024951535197359598,Neurons,Neurons,0.0,1.0
Sst,Sst,0.24363759755683745,0.0,8.49027,Grm7,Grm7,0.7010519172039362,0.24622017093220494,Neurons,Neurons,0.0,1.0
Vegfc,Vegfc,0.11706820495419071,0.0,8.49027,Itgb1,Itgb1,0.35900916185951814,0.019341463775530476,Neurons,Neurons,0.0,1.0
Vegfc,Vegfc,0.11706820495419071,0.0,8.49027,Nrp2,Nrp2,0.24431625381744146,0.0,Neurons,Neurons,0.0,1.0
Txlna,Txlna,0.14217848659653887,0.0,8.49027,Stx4a,Stx4a,0.15812690872073296,0.0,Neurons,Neurons,0.0,1.0
Txlna,Txlna,0.14217848659653887,0.0,8.49027,Stx3,Stx3,0.32473702069901594,0.017026653251549284,Neurons,Neurons,0.0,1.0
Spon1,Spon1,0.15914489311163896,0.0,8.49027,Lrp8,Lrp8,0.41839158466236853,0.02227197548003701,Neurons,Neurons,0.0,1.0
Spon1,Spon1,0.15914489311163896,0.0,8.49027,App,App,0.8177807940278249,0.2096492676470556,Neurons,Neurons,0.0,1.0
Ntn4,Ntn4,0.1323379708177808,0.0,8.49027,Unc5a,Unc5a,0.13640990838140482,0.0,Neurons,Neurons,0.0,1.0
Ntn4,Ntn4,0.1323379708177808,0.0,8.49027,Dcc,Dcc,0.6386155412283678,0.1948195146670284,Neurons,Neurons,0.0,1.0
Wnt5b,Wnt5b,0.10654903291482865,0.0,8.49027,Fzd3,Fzd3_Lrp6,0.2931795045809298,0.015382961656545735,Neurons,Neurons,0.0,1.0
Sema3c,Sema3c,0.16491347132677298,0.0,8.49027,Nrp2,Nrp2_Plxna1,0.24431625381744146,0.0,Neurons,Neurons,0.0,1.0
Sema3c,Sema3c,0.16491347132677298,0.0,8.49027,Nrp2,Nrp2_Plxna4,0.24431625381744146,0.0,Neurons,Neurons,0.0,1.0
Sema3c,Sema3c,0.16491347132677298,0.0,8.49027,Nrp2,Nrp2_Plxna2,0.24431625381744146,0.0,Neurons,Neurons,0.0,1.0
Sema3c,Sema3c,0.16491347132677298,0.0,8.49027,Plxna1,Nrp1_Plxna1,0.15778758059043094,0.0,Neurons,Neurons,0.0,1.0
Sema3c,Sema3c,0.16491347132677298,0.0,8.49027,Nrp1,Nrp1_Plxna4,0.35595520868680014,0.024951535197359598,Neurons,Neurons,0.0,1.0
Sema3c,Sema3c,0.16491347132677298,0.0,8.49027,Nrp1,Nrp1_Plxna2,0.35595520868680014,0.024951535197359598,Neurons,Neurons,0.0,1.0
Gnai2,Gnai2,0.16762809636918902,0.0,8.49027,Oprm1,Oprm1,0.25110281642348153,0.01024508014800124,Neurons,Neurons,0.0,1.0
Gnai2,Gnai2,0.16762809636918902,0.0,8.49027,Adora1,Adora1,0.1503223617237869,0.0,Neurons,Neurons,0.0,1.0
Rgmb,Rgmb,0.17678995588734306,0.0,8.49027,Neo1,Neo1,0.5293518832711231,0.0633426698875692,Neurons,Neurons,0.0,1.0
Omg,Omg,0.22124194095690533,0.0,8.49027,Rtn4rl1,Rtn4rl1,0.14387512724804885,0.0,Neurons,Neurons,0.0,1.0
Hras,Hras,0.1995249406175772,0.0,8.49027,Insr,Insr,0.45978961655921274,0.02585064343321919,Neurons,Neurons,0.0,1.0
Fstl1,Fstl1,0.22734984730234137,0.0,8.49027,Dip2a,Dip2a,0.4231421784865965,0.022607076866828058,Neurons,Neurons,0.0,1.0
Apoe,Apoe,0.5064102564102564,0.1292165735829045,8.49027,Ldlr,Ldlr,0.10309278350515463,0.0,Pericytes,Astrocytes,0.0,1.0
Apoe,Apoe,0.5064102564102564,0.1292165735829045,8.49027,Lrp6,Lrp6,0.24742268041237114,0.0,Pericytes,Astrocytes,0.0,1.0
Apoe,Apoe,0.5064102564102564,0.1292165735829045,8.49027,Lrp4,Lrp4,0.13402061855670103,0.0,Pericytes,Astrocytes,0.0,1.0
Ntn1,Ntn1,0.20512820512820512,0.0,8.49027,Neo1,Neo1,0.36597938144329895,0.042352115869531914,Pericytes,Astrocytes,0.0,1.0
Lrig2,Lrig2,0.12179487179487179,0.0,8.49027,Egfr,Egfr,0.3582474226804124,0.04175933524722142,Pericytes,Astrocytes,0.0,1.0
Lamc3,Lamc3,0.16025641025641027,0.0,8.49027,Dag1,Dag1,0.19845360824742267,0.0,Pericytes,Astrocytes,0.0,1.0
Ptn,Ptn,0.75,0.28153483474312335,8.49027,Sdc3,Sdc3,0.13144329896907217,0.0,Pericytes,Astrocytes,0.0,1.0
Vegfa,Vegfa,0.11538461538461539,0.0,8.49027,Sirpa,Sirpa,0.14690721649484537,0.0,Pericytes,Astrocytes,0.0,1.0
Vegfa,Vegfa,0.11538461538461539,0.0,8.49027,Itgav,Itgav,0.25773195876288657,0.029662390884252543,Pericytes,Astrocytes,0.0,1.0
Vegfa,Vegfa,0.11538461538461539,0.0,8.49027,Itgb1,Itgb1,0.13402061855670103,0.0,Pericytes,Astrocytes,0.0,1.0
Vegfa,Vegfa,0.11538461538461539,0.0,8.49027,Egfr,Egfr,0.3582474226804124,0.04175933524722142,Pericytes,Astrocytes,0.0,1.0
Vegfa,Vegfa,0.11538461538461539,0.0,8.49027,Nrp1,Nrp1,0.17525773195876287,0.0,Pericytes,Astrocytes,0.0,1.0
Omg,Omg,0.22124194095690533,0.0,8.49027,Lingo1,Lingo1,0.33932813030200204,0.017902792664302503,Neurons,Neurons,0.0,1.0
Apoe,Apoe,0.2297251442144554,0.0,8.49027,Sorl1,Sorl1,0.4482524601289447,0.025846978811637,Neurons,Neurons,0.0,1.0
Gnai2,Gnai2,0.16762809636918902,0.0,8.49027,Adcy1,Adcy1,0.3461146929080421,0.018539273196945816,Neurons,Neurons,0.0,1.0
Psen1,Psen1,0.2809636918900577,0.013859826985143986,8.49027,Ncstn,Ncstn,0.15676959619952494,0.0,Neurons,Neurons,0.0,1.0
F8,F8,0.10892432982694265,0.0,8.49027,Lrp1,Lrp1,0.5218866644044792,0.05486633786237893,Neurons,Neurons,0.0,1.0
Serpine2,Serpine2,0.12690872073294876,0.0,8.49027,Lrp1,Lrp1,0.5218866644044792,0.05486633786237893,Neurons,Neurons,0.0,1.0
Timp2,Timp2,0.4160162877502545,0.023427290433452708,8.49027,Itga3,Itga3,0.14183915846623685,0.0,Neurons,Neurons,0.0,1.0
Lrpap1,Lrpap1,0.4065151001017984,0.021576915409774577,8.49027,Ldlr,Ldlr,0.18730912792670512,0.0,Neurons,Neurons,0.0,1.0
Tctn1,Tctn1,0.163216830675263,0.0,8.49027,Tmem67,Tmem67,0.23854767560230744,0.0,Neurons,Neurons,0.0,1.0
Gnas,Gnas,0.8890397013912453,0.24492372329315737,8.49027,Crhr1,Crhr1,0.1350525958601968,0.0,Neurons,Neurons,0.0,1.0
Col11a1,Col11a1,0.3545978961655921,0.027649154759548433,8.49027,Ddr1,Ddr1,0.21445537835086528,0.0,Neurons,Neurons,0.0,1.0
F8,F8,0.10892432982694265,0.0,8.49027,Ldlr,Ldlr,0.18730912792670512,0.0,Neurons,Neurons,0.0,1.0
Cthrc1,Cthrc1,0.18018323719036308,0.0,8.49027,Fzd3,Fzd3,0.2931795045809298,0.015382961656545735,Neurons,Neurons,0.0,1.0
Fbn1,Fbn1,0.17780794027824906,0.0,8.49027,Itgb1,Itgb1,0.35900916185951814,0.019341463775530476,Neurons,Neurons,0.0,1.0
Gnai2,Gnai2,0.16762809636918902,0.0,8.49027,Cnr1,Cnr1,0.1856124872751951,0.0,Neurons,Neurons,0.0,1.0
Nampt,Nampt,0.20665083135391923,0.0,8.49027,Insr,Insr,0.45978961655921274,0.02585064343321919,Neurons,Neurons,0.0,1.0
Lrpap1,Lrpap1,0.4065151001017984,0.021576915409774577,8.49027,Vldlr,Vldlr,0.15710892432982695,0.0,Neurons,Neurons,0.0,1.0
Rtn4,Rtn4,0.6939260264675942,0.10339765422411484,8.49027,Rtn4rl1,Rtn4rl1,0.14387512724804885,0.0,Neurons,Neurons,0.0,1.0
Gnai2,Gnai2,0.16762809636918902,0.0,8.49027,P2ry12,P2ry12,0.20936545639633525,0.0,Neurons,Neurons,0.0,1.0
Lin7c,Lin7c,0.16966406515100102,0.0,8.49027,Htr2c,Htr2c,0.46216491347132677,0.062060563064109786,Neurons,Neurons,0.0,1.0
Gnai2,Gnai2,0.16762809636918902,0.0,8.49027,Igf1r,Igf1r,0.5463182897862233,0.07116360593035465,Neurons,Neurons,0.0,1.0
Gpc3,Gpc3,0.15405497115710892,0.0,8.49027,Igf1r,Igf1r,0.5463182897862233,0.07116360593035465,Neurons,Neurons,0.0,1.0
Gpc3,Gpc3,0.15405497115710892,0.0,8.49027,Cd81,Cd81,0.6084153376314897,0.0763999254402572,Neurons,Neurons,0.0,1.0
Psen1,Psen1,0.2809636918900577,0.013859826985143986,8.49027,Notch3,Notch3,0.10960298608754666,0.0,Neurons,Neurons,0.0,1.0
Rgmb,Rgmb,0.17678995588734306,0.0,8.49027,Bmpr2,Bmpr2,0.5721072276891754,0.07647188400580784,Neurons,Neurons,0.0,1.0
Nptx1,Nptx1,0.15303698676620292,0.0,8.49027,Nptxr,Nptxr,0.11842551747539871,0.0,Neurons,Neurons,0.0,1.0
Arpc5,Arpc5,0.12656939260264677,0.0,8.49027,Ldlr,Ldlr,0.18730912792670512,0.0,Neurons,Neurons,0.0,1.0
Cgn,Cgn,0.12792670512385476,0.0,8.49027,Tgfbr1,Tgfbr1,0.11197828299966067,0.0,Neurons,Neurons,0.0,1.0
Farp2,Farp2,0.22124194095690533,0.0,8.49027,Plxna4,Plxna4,0.667119104173736,0.12074306637018384,Neurons,Neurons,0.0,1.0
Farp2,Farp2,0.22124194095690533,0.0,8.49027,Plxna2,Plxna2,0.517814726840855,0.05990777163818328,Neurons,Neurons,0.0,1.0
Farp2,Farp2,0.22124194095690533,0.0,8.49027,Plxna1,Plxna1,0.15778758059043094,0.0,Neurons,Neurons,0.0,1.0
Lman1,Lman1,0.16389548693586697,0.0,8.49027,Mcfd2,Mcfd2,0.11401425178147269,0.0,Neurons,Neurons,0.0,1.0
Ptdss1,Ptdss1,0.27078384798099764,0.012957329237583914,8.49027,Scarb1,Scarb1,0.15405497115710892,0.0,Neurons,Neurons,0.0,1.0
Ptdss1,Ptdss1,0.27078384798099764,0.012957329237583914,8.49027,Jmjd6,Jmjd6,0.10654903291482865,0.0,Neurons,Neurons,0.0,1.0
Lgi3,Lgi3,0.329487614523244,0.01785576598662819,8.49027,Flot1,Flot1,0.1991856124872752,0.0,Neurons,Neurons,0.0,1.0
Gpc3,Gpc3,0.15405497115710892,0.0,8.49027,Lrp1,Lrp1,0.5218866644044792,0.05486633786237893,Neurons,Neurons,0.0,1.0
Fam3c,Fam3c,0.1815405497115711,0.0,8.49027,Glra2,Glra2,0.19104173736002714,0.0,Neurons,Neurons,0.0,1.0
Lgals8,Lgals8,0.34034611469290804,0.01807166888712808,8.49027,Itga3,Itga3,0.14183915846623685,0.0,Neurons,Neurons,0.0,1.0
Hspa8,Hspa8,0.7176789955887343,0.11021819596231075,8.49027,Ldlr,Ldlr,0.18730912792670512,0.0,Neurons,Neurons,0.0,1.0
Actr2,Actr2,0.47845266372582285,0.027299769597495582,8.49027,Ldlr,Ldlr,0.18730912792670512,0.0,Neurons,Neurons,0.0,1.0
Col4a6,Col4a6,0.1346153846153846,0.0,8.49027,Itgav,Itgav_Itgb8,0.25773195876288657,0.029662390884252543,Pericytes,Astrocytes,0.0,1.0
Col4a3,Col4a3,0.1346153846153846,0.0,8.49027,Cd47,Cd47,0.1056701030927835,0.0,Pericytes,Astrocytes,0.0,1.0
Col4a3,Col4a3,0.1346153846153846,0.0,8.49027,Itgav,Itgav_Itgb8,0.25773195876288657,0.029662390884252543,Pericytes,Astrocytes,0.0,1.0
Lamb2,Lamb2,0.14102564102564102,0.0,8.49027,Dag1,Dag1,0.19845360824742267,0.0,Pericytes,Astrocytes,0.0,1.0
Lamb2,Lamb2,0.14102564102564102,0.0,8.49027,Rpsa,Rpsa,0.28350515463917525,0.035761053507050944,Pericytes,Astrocytes,0.0,1.0
Lamb2,Lamb2,0.14102564102564102,0.0,8.49027,Itgav,Itgav_Itgb8,0.25773195876288657,0.029662390884252543,Pericytes,Astrocytes,0.0,1.0
Lamb2,Lamb2,0.14102564102564102,0.0,8.49027,Itga7,Itga7_Itgb1,0.1056701030927835,0.0,Pericytes,Astrocytes,0.0,1.0
Lamb2,Lamb2,0.14102564102564102,0.0,8.49027,Itgb1,Itga6_Itgb1,0.13402061855670103,0.0,Pericytes,Astrocytes,0.0,1.0
Fgf1,Fgf1,0.10256410256410256,0.0,8.49027,Fgfrl1,Fgfrl1,0.13144329896907217,0.0,Pericytes,Astrocytes,0.0,1.0
Fgf1,Fgf1,0.10256410256410256,0.0,8.49027,Fgfr3,Fgfr3,0.5876288659793815,0.14916771946821505,Pericytes,Astrocytes,0.0,1.0
Fgf1,Fgf1,0.10256410256410256,0.0,8.49027,Fgfr2,Fgfr2,0.5,0.08306514373716856,Pericytes,Astrocytes,0.0,1.0
Fgf1,Fgf1,0.10256410256410256,0.0,8.49027,Fgfr1,Fgfr1,0.2268041237113402,0.0,Pericytes,Astrocytes,0.0,1.0
Fgf1,Fgf1,0.10256410256410256,0.0,8.49027,Egfr,Egfr,0.3582474226804124,0.04175933524722142,Pericytes,Astrocytes,0.0,1.0
Fgf1,Fgf1,0.10256410256410256,0.0,8.49027,Nrp1,Nrp1,0.17525773195876287,0.0,Pericytes,Astrocytes,0.0,1.0
Trf,Trf,0.1346153846153846,0.0,8.49027,Tfrc,Tfrc,0.11855670103092783,0.0,Pericytes,Astrocytes,0.0,1.0
Trf,Trf,0.1346153846153846,0.0,8.49027,Ldlr,Ldlr,0.10309278350515463,0.0,Pericytes,Astrocytes,0.0,1.0
Gnas,Gnas,0.8890397013912453,0.24492372329315737,8.49027,Adcy7,Adcy7,0.13165931455717678,0.0,Neurons,Neurons,0.0,1.0
Gad1,Gad1,0.20393620631150322,0.0,8.49027,Grm4,Grm4,0.12215812690872073,0.0,Neurons,Neurons,0.0,1.0
Sema4f,Sema4f,0.13030200203596878,0.0,8.49027,Nrp2,Nrp2,0.24431625381744146,0.0,Neurons,Neurons,0.0,1.0
P4hb,P4hb,0.12487275195113674,0.0,8.49027,Mttp,Mttp,0.21445537835086528,0.0,Neurons,Neurons,0.0,1.0
Gnai2,Gnai2,0.16762809636918902,0.0,8.49027,Adcy7,Adcy7,0.13165931455717678,0.0,Neurons,Neurons,0.0,1.0
Gnai2,Gnai2,0.16762809636918902,0.0,8.49027,Ptpru,Ptpru,0.1798439090600611,0.0,Neurons,Neurons,0.0,1.0
Vegfa,Vegfa,0.2130980658296573,0.0,8.49027,Grin2b,Grin2b,0.7132677298948082,0.14490455531321067,Neurons,Neurons,0.0,1.0
Psap,Psap,0.6827281981676281,0.09203127051421411,8.49027,Ar,Ar,0.2178486596538853,0.0,Neurons,Neurons,0.0,1.0
Gnas,Gnas,0.8890397013912453,0.24492372329315737,8.49027,Adora1,Adora1,0.1503223617237869,0.0,Neurons,Neurons,0.0,1.0
Gnai2,Gnai2,0.16762809636918902,0.0,8.49027,Adcy9,Adcy9,0.513403461146929,0.058345458160469654,Neurons,Neurons,0.0,1.0
Gnai2,Gnai2,0.16762809636918902,0.0,8.49027,Adcy8,Adcy8,0.5564981336952833,0.08906501032086811,Neurons,Neurons,0.0,1.0
Adam10,Adam10,0.33004926108374383,0.038064970206242554,8.49027,Tspan12,Tspan12,0.18425517475398712,0.0,OPCs,Neurons,0.0,1.0
Gpc3,Gpc3,0.15405497115710892,0.0,8.49027,Unc5d,Unc5d,0.4855785544621649,0.06336760440807598,Neurons,Neurons,0.0,1.0
Slit2,Slit2,0.39124533423820834,0.042679525587700384,8.49027,Plxna1,Plxna1,0.15778758059043094,0.0,Neurons,Neurons,0.0,1.0
Gpc3,Gpc3,0.15405497115710892,0.0,8.49027,Unc5c,Unc5c,0.6423481506616898,0.15009224311840974,Neurons,Neurons,0.0,1.0
Lama2,Lama2,0.5897435897435898,0.1839208897145983,8.49027,Itgb1,Itga6_Itgb1,0.13402061855670103,0.0,Pericytes,Astrocytes,0.0,1.0
Lamc1,Lamc1,0.358974358974359,0.058983835942121754,8.49027,Dag1,Dag1,0.19845360824742267,0.0,Pericytes,Astrocytes,0.0,1.0
Lamc1,Lamc1,0.358974358974359,0.058983835942121754,8.49027,Itga7,Itga7_Itgb1,0.1056701030927835,0.0,Pericytes,Astrocytes,0.0,1.0
Lamc1,Lamc1,0.358974358974359,0.058983835942121754,8.49027,Itgb1,Itga6_Itgb1,0.13402061855670103,0.0,Pericytes,Astrocytes,0.0,1.0
Col4a2,Col4a2,0.14743589743589744,0.0,8.49027,Itgb5,Itgb5,0.17525773195876287,0.0,Pericytes,Astrocytes,0.0,1.0
Col4a2,Col4a2,0.14743589743589744,0.0,8.49027,Itgav,Itgav_Itgb8,0.25773195876288657,0.029662390884252543,Pericytes,Astrocytes,0.0,1.0
Col1a2,Col1a2,0.21794871794871795,0.0,8.49027,Itgav,Itgav_Itgb8,0.25773195876288657,0.029662390884252543,Pericytes,Astrocytes,0.0,1.0
Lamc3,Lamc3,0.16025641025641027,0.0,8.49027,Itgav,Itgav_Itgb8,0.25773195876288657,0.029662390884252543,Pericytes,Astrocytes,0.0,1.0
Lamc3,Lamc3,0.16025641025641027,0.0,8.49027,Itga7,Itga7_Itgb1,0.1056701030927835,0.0,Pericytes,Astrocytes,0.0,1.0
Lamc3,Lamc3,0.16025641025641027,0.0,8.49027,Itgb1,Itga6_Itgb1,0.13402061855670103,0.0,Pericytes,Astrocytes,0.0,1.0
Lama4,Lama4,0.28846153846153844,0.04737419015857269,8.49027,Dag1,Dag1,0.19845360824742267,0.0,Pericytes,Astrocytes,0.0,1.0
Lama4,Lama4,0.28846153846153844,0.04737419015857269,8.49027,Itga7,Itga7_Itgb1,0.1056701030927835,0.0,Pericytes,Astrocytes,0.0,1.0
Lama4,Lama4,0.28846153846153844,0.04737419015857269,8.49027,Itgb1,Itga6_Itgb1,0.13402061855670103,0.0,Pericytes,Astrocytes,0.0,1.0
Col4a6,Col4a6,0.1346153846153846,0.0,8.49027,Cd47,Cd47,0.1056701030927835,0.0,Pericytes,Astrocytes,0.0,1.0
Nrg2,Nrg2,0.5609093993892094,0.07387920811358328,8.49027,Lrrtm2,Lrrtm2,0.11842551747539871,0.0,Neurons,Neurons,0.0,1.0
Nrg2,Nrg2,0.5609093993892094,0.07387920811358328,8.49027,Nrp2,Nrp2,0.24431625381744146,0.0,Neurons,Neurons,0.0,1.0
Slc6a8,Slc6a8,0.14014251781472684,0.0,8.49027,Lifr,Lifr,0.19172039362063115,0.0,Neurons,Neurons,0.0,1.0
Sparc,Sparc,0.11333559552086868,0.0,8.49027,Fgfr1,Fgfr1,0.3712249745503902,0.02053566882345237,Neurons,Neurons,0.0,1.0
Timp3,Timp3,0.2307431286053614,0.0,8.49027,Ddr1,Ddr1,0.21445537835086528,0.0,Neurons,Neurons,0.0,1.0
Apoo,Apoo,0.328469630132338,0.017578396430452337,8.49027,Il1rapl2,Il1rapl2,0.23786901934170343,0.0,Neurons,Neurons,0.0,1.0
Sema3e,Sema3e,0.19477434679334918,0.0,8.49027,Nrp2,Nrp2,0.24431625381744146,0.0,Neurons,Neurons,0.0,1.0
App,App,0.5517241379310345,0.11841058036538166,8.49027,Vldlr,Vldlr,0.15710892432982695,0.0,OPCs,Neurons,0.0,1.0
App,App,0.5517241379310345,0.11841058036538166,8.49027,Tspan12,Tspan12,0.18425517475398712,0.0,OPCs,Neurons,0.0,1.0
H2-K1,H2-K1,0.21674876847290642,0.0,8.49027,Aplp2,Aplp2,0.6331862911435358,0.08252132126573697,OPCs,Neurons,0.0,1.0
Slitrk3,Slitrk3,0.18226600985221675,0.0,8.49027,Ptprs,Ptprs,0.7047845266372582,0.11562943445945817,OPCs,Neurons,0.0,1.0
Adam10,Adam10,0.33004926108374383,0.038064970206242554,8.49027,Tspan17,Tspan17,0.20699015948422125,0.0,OPCs,Neurons,0.0,1.0
Nrxn1,Nrxn1,0.8768472906403941,0.5043964435698678,8.49027,Nlgn3,Nlgn3,0.2130980658296573,0.0,OPCs,Neurons,0.0,1.0
Jam2,Jam2,0.3694581280788177,0.03638170140018615,8.49027,Itga3,Itga3_Itgb1,0.14183915846623685,0.0,OPCs,Neurons,0.0,1.0
Ncam1,Ncam1,0.8275862068965517,0.2684227441308553,8.49027,Gfra1,Gfra1,0.16762809636918902,0.0,OPCs,Neurons,0.0,1.0
Col4a1,Col4a1,0.1346153846153846,0.0,8.49027,Cd47,Cd47,0.1056701030927835,0.0,Pericytes,Astrocytes,0.0,1.0
Col4a1,Col4a1,0.1346153846153846,0.0,8.49027,Itgav,Itgav_Itgb8,0.25773195876288657,0.029662390884252543,Pericytes,Astrocytes,0.0,1.0
Agrn,Agrn,0.20512820512820512,0.0,8.49027,Dag1,Dag1,0.19845360824742267,0.0,Pericytes,Astrocytes,0.0,1.0
Agrn,Agrn,0.20512820512820512,0.0,8.49027,Lrp1,Lrp1,0.4742268041237113,0.05117955567463084,Pericytes,Astrocytes,0.0,1.0
Agrn,Agrn,0.20512820512820512,0.0,8.49027,Itgb1,Itgb1,0.13402061855670103,0.0,Pericytes,Astrocytes,0.0,1.0
Agrn,Agrn,0.20512820512820512,0.0,8.49027,Lrp4,Lrp4,0.13402061855670103,0.0,Pericytes,Astrocytes,0.0,1.0
Il1rapl1,Il1rapl1,0.1794871794871795,0.0,8.49027,Ptprs,Ptprs,0.327319587628866,0.03760428532678295,Pericytes,Astrocytes,0.0,1.0
Il1rapl1,Il1rapl1,0.1794871794871795,0.0,8.49027,Ptprf,Ptprf,0.12371134020618557,0.0,Pericytes,Astrocytes,0.0,1.0
Col4a4,Col4a4,0.11538461538461539,0.0,8.49027,Cd47,Cd47,0.1056701030927835,0.0,Pericytes,Astrocytes,0.0,1.0
Col4a4,Col4a4,0.11538461538461539,0.0,8.49027,Itgav,Itgav_Itgb8,0.25773195876288657,0.029662390884252543,Pericytes,Astrocytes,0.0,1.0
Col4a5,Col4a5,0.16025641025641027,0.0,8.49027,Cd47,Cd47,0.1056701030927835,0.0,Pericytes,Astrocytes,0.0,1.0
Col4a5,Col4a5,0.16025641025641027,0.0,8.49027,Itgav,Itgav_Itgb8,0.25773195876288657,0.029662390884252543,Pericytes,Astrocytes,0.0,1.0
Lama2,Lama2,0.5897435897435898,0.1839208897145983,8.49027,Dag1,Dag1,0.19845360824742267,0.0,Pericytes,Astrocytes,0.0,1.0
Lama2,Lama2,0.5897435897435898,0.1839208897145983,8.49027,Itga7,Itga7_Itgb1,0.1056701030927835,0.0,Pericytes,Astrocytes,0.0,1.0
App,App,0.5517241379310345,0.11841058036538166,8.49027,Ncstn,Ncstn,0.15676959619952494,0.0,OPCs,Neurons,0.0,1.0
Sema5a,Sema5a,0.6354679802955665,0.14386473824522117,8.49027,Plxna1,Plxna1,0.15778758059043094,0.0,OPCs,Neurons,0.0,1.0
Adam9,Adam9,0.2019704433497537,0.0,8.49027,Itga3,Itga3,0.14183915846623685,0.0,OPCs,Neurons,0.0,1.0
Adam9,Adam9,0.2019704433497537,0.0,8.49027,Itgb1,Itgb1,0.35900916185951814,0.019341463775530476,OPCs,Neurons,0.0,1.0
Adam17,Adam17,0.1724137931034483,0.0,8.49027,Erbb4,Erbb4,0.40685442823210044,0.06937572341068332,OPCs,Neurons,0.0,1.0
Cntn1,Cntn1,0.1987179487179487,0.0,8.49027,Nrcam,Nrcam,0.6597938144329897,0.1882137973283926,Pericytes,Astrocytes,0.0,1.0
Cntn1,Cntn1,0.1987179487179487,0.0,8.49027,Notch2,Notch2,0.2345360824742268,0.0,Pericytes,Astrocytes,0.0,1.0
Cntn1,Cntn1,0.1987179487179487,0.0,8.49027,Notch1,Notch1,0.22422680412371135,0.0,Pericytes,Astrocytes,0.0,1.0
Cntn1,Cntn1,0.1987179487179487,0.0,8.49027,Ptprz1,Ptprz1,0.7164948453608248,0.22067333919537102,Pericytes,Astrocytes,0.0,1.0
Cd47,Cd47,0.17307692307692307,0.0,8.49027,Sirpa,Sirpa,0.14690721649484537,0.0,Pericytes,Astrocytes,0.0,1.0
Jag1,Jag1,0.1987179487179487,0.0,8.49027,Notch3,Notch3,0.13659793814432988,0.0,Pericytes,Astrocytes,0.0,1.0
Jag1,Jag1,0.1987179487179487,0.0,8.49027,Notch2,Notch2,0.2345360824742268,0.0,Pericytes,Astrocytes,0.0,1.0
Jag1,Jag1,0.1987179487179487,0.0,8.49027,Notch1,Notch1,0.22422680412371135,0.0,Pericytes,Astrocytes,0.0,1.0
Vtn,Vtn,0.6217948717948718,0.2921541946454558,8.49027,Cd47,Cd47,0.1056701030927835,0.0,Pericytes,Astrocytes,0.0,1.0
Vtn,Vtn,0.6217948717948718,0.2921541946454558,8.49027,Itgb5,Itgav_Itgb5,0.17525773195876287,0.0,Pericytes,Astrocytes,0.0,1.0
Vtn,Vtn,0.6217948717948718,0.2921541946454558,8.49027,Itgb1,Itgav_Itgb1,0.13402061855670103,0.0,Pericytes,Astrocytes,0.0,1.0
Fn1,Fn1,0.1346153846153846,0.0,8.49027,Sdc2,Sdc2,0.3427835051546392,0.04035273484009849,Pericytes,Astrocytes,0.0,1.0
Fn1,Fn1,0.1346153846153846,0.0,8.49027,Itga6,Itga6,0.45103092783505155,0.051718915837454804,Pericytes,Astrocytes,0.0,1.0
Fn1,Fn1,0.1346153846153846,0.0,8.49027,Itgav,Itgav_Itgb8,0.25773195876288657,0.029662390884252543,Pericytes,Astrocytes,0.0,1.0
Fn1,Fn1,0.1346153846153846,0.0,8.49027,Itgb1,Itgav_Itgb1,0.13402061855670103,0.0,Pericytes,Astrocytes,0.0,1.0
Adam17,Adam17,0.1724137931034483,0.0,8.49027,Itgb1,Itgb1,0.35900916185951814,0.019341463775530476,OPCs,Neurons,0.0,1.0
Jag1,Jag1,0.12807881773399016,0.0,8.49027,Notch3,Notch3,0.10960298608754666,0.0,OPCs,Neurons,0.0,1.0
Jag1,Jag1,0.12807881773399016,0.0,8.49027,Cd46,Cd46,0.4010858500169664,0.022282586735825283,OPCs,Neurons,0.0,1.0
Sirpa,Sirpa,0.1330049261083744,0.0,8.49027,Cd47,Cd47,0.5337631489650492,0.060312963300451106,OPCs,Neurons,0.0,1.0
Nrxn2,Nrxn2,0.7536945812807881,0.20222219681281162,8.49027,Nlgn3,Nlgn3,0.2130980658296573,0.0,OPCs,Neurons,0.0,1.0
Slitrk2,Slitrk2,0.15763546798029557,0.0,8.49027,Ptprs,Ptprs,0.7047845266372582,0.11562943445945817,OPCs,Neurons,0.0,1.0
Slitrk1,Slitrk1,0.22167487684729065,0.0,8.49027,Ptprs,Ptprs,0.7047845266372582,0.11562943445945817,OPCs,Neurons,0.0,1.0
Cspg4,Cspg4,0.6354679802955665,0.13925161325963953,8.49027,Itga3,Itga3_Itgb1,0.14183915846623685,0.0,OPCs,Neurons,0.0,1.0
Ccl25,Ccl25,0.18719211822660098,0.0,8.49027,Grm7,Grm7,0.7010519172039362,0.24622017093220494,OPCs,Neurons,0.0,1.0
Sema3e,Sema3e,0.24630541871921183,0.0,8.49027,Nrp1,Nrp1,0.35595520868680014,0.024951535197359598,OPCs,Neurons,0.0,1.0
Lama4,Lama4,0.30049261083743845,0.034918250216104285,8.49027,Itga3,Itga3_Itgb1,0.14183915846623685,0.0,OPCs,Neurons,0.0,1.0
Col9a3,Col9a3,0.2019704433497537,0.0,8.49027,Itga3,Itga3_Itgb1,0.14183915846623685,0.0,OPCs,Neurons,0.0,1.0
Lamc1,Lamc1,0.35467980295566504,0.03864362764374851,8.49027,Itga3,Itga3_Itgb1,0.14183915846623685,0.0,OPCs,Neurons,0.0,1.0
Ncam1,Ncam1,0.22435897435897437,0.0,8.49027,Robo1,Robo1,0.30927835051546393,0.04231498349462082,Pericytes,Astrocytes,0.0,1.0
Ncam1,Ncam1,0.22435897435897437,0.0,8.49027,Ptprz1,Ptprz1,0.7164948453608248,0.22067333919537102,Pericytes,Astrocytes,0.0,1.0
Ncam1,Ncam1,0.22435897435897437,0.0,8.49027,Fgfr2,Fgfr2,0.5,0.08306514373716856,Pericytes,Astrocytes,0.0,1.0
Ncam1,Ncam1,0.22435897435897437,0.0,8.49027,Fgfr1,Fgfr1,0.2268041237113402,0.0,Pericytes,Astrocytes,0.0,1.0
Ncam1,Ncam1,0.22435897435897437,0.0,8.49027,Ncam2,Ncam2,0.5592783505154639,0.15204475981571308,Pericytes,Astrocytes,0.0,1.0
App,App,0.5064102564102564,0.11599158612409188,8.49027,Grm7,Grm7,0.11082474226804123,0.0,Pericytes,Astrocytes,0.0,1.0
Sema6a,Sema6a,0.11538461538461539,0.0,8.49027,Plxna2,Plxna2,0.10051546391752578,0.0,Pericytes,Astrocytes,0.0,1.0
Jam3,Jam3,0.14102564102564102,0.0,8.49027,Itgb1,Itgb1,0.13402061855670103,0.0,Pericytes,Astrocytes,0.0,1.0
Nlgn1,Nlgn1,0.21794871794871795,0.0,8.49027,Nrxn2,Nrxn2,0.13144329896907217,0.0,Pericytes,Astrocytes,0.0,1.0
Nlgn1,Nlgn1,0.21794871794871795,0.0,8.49027,Nrxn1,Nrxn1,0.7680412371134021,0.48008748870989715,Pericytes,Astrocytes,0.0,1.0
Ntrk3,Ntrk3,0.21794871794871795,0.0,8.49027,Ptprs,Ptprs,0.327319587628866,0.03760428532678295,Pericytes,Astrocytes,0.0,1.0
Ntrk3,Ntrk3,0.21794871794871795,0.0,8.49027,Ptprf,Ptprf,0.12371134020618557,0.0,Pericytes,Astrocytes,0.0,1.0
Alcam,Alcam,0.28205128205128205,0.03953820248997841,8.49027,Nrp1,Nrp1,0.17525773195876287,0.0,Pericytes,Astrocytes,0.0,1.0
Sema5b,Sema5b,0.43349753694581283,0.04064758242981181,8.49027,Plxna1,Plxna1,0.15778758059043094,0.0,OPCs,Neurons,0.0,1.0
Dll3,Dll3,0.10837438423645321,0.0,8.49027,Notch3,Notch3,0.10960298608754666,0.0,OPCs,Neurons,0.0,1.0
Ntn1,Ntn1,0.5369458128078818,0.1135570277715996,8.49027,Unc5a,Unc5a,0.13640990838140482,0.0,OPCs,Neurons,0.0,1.0
Sema3d,Sema3d,0.7093596059113301,0.17089539070544868,8.49027,Nrp2,Nrp2_Plxna1,0.24431625381744146,0.0,OPCs,Neurons,0.0,1.0
Sema3d,Sema3d,0.7093596059113301,0.17089539070544868,8.49027,Nrp2,Nrp2_Plxna4,0.24431625381744146,0.0,OPCs,Neurons,0.0,1.0
Sema3d,Sema3d,0.7093596059113301,0.17089539070544868,8.49027,Nrp2,Nrp2_Plxna2,0.24431625381744146,0.0,OPCs,Neurons,0.0,1.0
Sema3d,Sema3d,0.7093596059113301,0.17089539070544868,8.49027,Plxna1,Nrp1_Plxna1,0.15778758059043094,0.0,OPCs,Neurons,0.0,1.0
Slit2,Slit2,0.11330049261083744,0.0,8.49027,Robo1,Robo1,0.6450627757041059,0.19763199589561875,OPCs,Neurons,0.0,1.0
Slit2,Slit2,0.11330049261083744,0.0,8.49027,Robo2,Robo2,0.7064811672887682,0.17960444462952108,OPCs,Neurons,0.0,1.0
Slit2,Slit2,0.11330049261083744,0.0,8.49027,Dcc,Dcc,0.6386155412283678,0.1948195146670284,OPCs,Neurons,0.0,1.0
Slit2,Slit2,0.11330049261083744,0.0,8.49027,Gpc1,Gpc1,0.2653545978961656,0.012230857498371661,OPCs,Neurons,0.0,1.0
Slit2,Slit2,0.11330049261083744,0.0,8.49027,App,App,0.8177807940278249,0.2096492676470556,OPCs,Neurons,0.0,1.0
Vegfa,Vegfa,0.2955665024630542,0.0368593044404415,8.49027,Nrp2,Nrp2,0.24431625381744146,0.0,OPCs,Neurons,0.0,1.0
Bmp1,Bmp1,0.11330049261083744,0.0,8.49027,Bmpr2,Bmpr2,0.5721072276891754,0.07647188400580784,OPCs,Neurons,0.0,1.0
Bmp1,Bmp1,0.11330049261083744,0.0,8.49027,Bmpr1a,Bmpr1a,0.4272141160502206,0.02495585007866219,OPCs,Neurons,0.0,1.0
Trf,Trf,0.12315270935960591,0.0,8.49027,Tfrc,Tfrc,0.3983712249745504,0.021560432510546068,OPCs,Neurons,0.0,1.0
Trf,Trf,0.12315270935960591,0.0,8.49027,Ldlr,Ldlr,0.18730912792670512,0.0,OPCs,Neurons,0.0,1.0
Apoe,Apoe,0.8374384236453202,0.2405724520174406,8.49027,Scarb1,Scarb1,0.15405497115710892,0.0,OPCs,Neurons,0.0,1.0
Adam10,Adam10,0.2692307692307692,0.02740543592451755,8.49027,Notch2,Notch2,0.2345360824742268,0.0,Pericytes,Astrocytes,0.0,1.0
Adam10,Adam10,0.2692307692307692,0.02740543592451755,8.49027,Notch1,Notch1,0.22422680412371135,0.0,Pericytes,Astrocytes,0.0,1.0
Adam10,Adam10,0.2692307692307692,0.02740543592451755,8.49027,Axl,Axl,0.12886597938144329,0.0,Pericytes,Astrocytes,0.0,1.0
Adam10,Adam10,0.2692307692307692,0.02740543592451755,8.49027,Tspan12,Tspan12,0.1211340206185567,0.0,Pericytes,Astrocytes,0.0,1.0
Nrg3,Nrg3,0.11176553078109662,0.0,8.49027,Egfr,Egfr,0.3582474226804124,0.04175933524722142,Oligodendrocytes,Astrocytes,0.0,1.0
Sparc,Sparc,0.19772822885990746,0.0,8.49027,Fgfr1,Fgfr1,0.2268041237113402,0.0,Oligodendrocytes,Astrocytes,0.0,1.0
Ptn,Ptn,0.40316926097321554,0.06133538219136003,8.49027,Ncl,Ncl,0.14690721649484537,0.0,Oligodendrocytes,Astrocytes,0.0,1.0
Jag1,Jag1,0.1987179487179487,0.0,8.49027,Cd46,Cd46,0.15463917525773196,0.0,Pericytes,Astrocytes,0.0,1.0
B2m,B2m,0.34615384615384615,0.05909630015972955,8.49027,Tfrc,Tfrc,0.11855670103092783,0.0,Pericytes,Astrocytes,0.0,1.0
Nrxn2,Nrxn2,0.14743589743589744,0.0,8.49027,Nlgn1,Nlgn1,0.7087628865979382,0.2577157641444432,Pericytes,Astrocytes,0.0,1.0
Nrxn1,Nrxn1,0.23717948717948717,0.0,8.49027,Nlgn1,Nlgn1,0.7087628865979382,0.2577157641444432,Pericytes,Astrocytes,0.0,1.0
Jam2,Jam2,0.17307692307692307,0.0,8.49027,Itgb1,Itgav_Itgb1,0.13402061855670103,0.0,Pericytes,Astrocytes,0.0,1.0
Efna5,Efna5,0.11538461538461539,0.0,8.49027,Epha4,Epha4,0.2757731958762887,0.03360172438218112,Pericytes,Astrocytes,0.0,1.0
Efna5,Efna5,0.11538461538461539,0.0,8.49027,Epha5,Epha5,0.11855670103092783,0.0,Pericytes,Astrocytes,0.0,1.0
Apoe,Apoe,0.8374384236453202,0.2405724520174406,8.49027,Vldlr,Vldlr,0.15710892432982695,0.0,OPCs,Neurons,0.0,1.0
Apoe,Apoe,0.8374384236453202,0.2405724520174406,8.49027,Ldlr,Ldlr,0.18730912792670512,0.0,OPCs,Neurons,0.0,1.0
Lgi1,Lgi1,0.1625615763546798,0.0,8.49027,Adam23,Adam23,0.677638276213098,0.12573140262250315,OPCs,Neurons,0.0,1.0
Ptn,Ptn,0.8669950738916257,0.27545202362701793,8.49027,Sdc3,Sdc3,0.1340346114692908,0.0,OPCs,Neurons,0.0,1.0
Bmp7,Bmp7,0.11330049261083744,0.0,8.49027,Ptprk,Ptprk,0.28435697319307773,0.02092256896937461,OPCs,Neurons,0.0,1.0
Bmp7,Bmp7,0.11330049261083744,0.0,8.49027,Acvr1,Acvr1_Bmpr2,0.3678316932473702,0.020556148055699386,OPCs,Neurons,0.0,1.0
Bmp7,Bmp7,0.11330049261083744,0.0,8.49027,Acvr2b,Acvr1_Acvr2b,0.10383440787241262,0.0,OPCs,Neurons,0.0,1.0
Bmp7,Bmp7,0.11330049261083744,0.0,8.49027,Bmpr1a,Bmpr1a_Bmpr2,0.4272141160502206,0.02495585007866219,OPCs,Neurons,0.0,1.0
Bmp7,Bmp7,0.11330049261083744,0.0,8.49027,Acvr2b,Acvr2b_Bmpr1a,0.10383440787241262,0.0,OPCs,Neurons,0.0,1.0
Bmp7,Bmp7,0.11330049261083744,0.0,8.49027,Acvr1,Acvr1_Acvr2a,0.3678316932473702,0.020556148055699386,OPCs,Neurons,0.0,1.0
Bmp7,Bmp7,0.11330049261083744,0.0,8.49027,Acvr2a,Acvr2a_Bmpr1a,0.44316253817441464,0.0239490040743906,OPCs,Neurons,0.0,1.0
Fgf13,Fgf13,0.13793103448275862,0.0,8.49027,Fgfr1,Fgfr1,0.3712249745503902,0.02053566882345237,OPCs,Neurons,0.0,1.0
Fam3c,Fam3c,0.2019704433497537,0.0,8.49027,Lifr,Lifr,0.19172039362063115,0.0,OPCs,Neurons,0.0,1.0
Fam3c,Fam3c,0.2019704433497537,0.0,8.49027,Lamp1,Lamp1,0.39667458432304037,0.02119800003199801,OPCs,Neurons,0.0,1.0
Enho,Enho,0.1477832512315271,0.0,8.49027,Gpr19,Gpr19,0.12928401764506278,0.0,OPCs,Neurons,0.0,1.0
Vegfb,Vegfb,0.11822660098522167,0.0,8.49027,Nrp1,Nrp1,0.35595520868680014,0.024951535197359598,OPCs,Neurons,0.0,1.0
Calr,Calr,0.3694581280788177,0.039838715500413624,8.49027,Itga3,Itga3,0.14183915846623685,0.0,OPCs,Neurons,0.0,1.0
Mdk,Mdk,0.18719211822660098,0.0,8.49027,Alk,Alk,0.3189684424838819,0.021535682274170576,OPCs,Neurons,0.0,1.0
Mdk,Mdk,0.18719211822660098,0.0,8.49027,Lrp1,Lrp1,0.5218866644044792,0.05486633786237893,OPCs,Neurons,0.0,1.0
Mdk,Mdk,0.18719211822660098,0.0,8.49027,Sdc2,Sdc2,0.27994570749915165,0.015238467101833075,OPCs,Neurons,0.0,1.0
Mdk,Mdk,0.18719211822660098,0.0,8.49027,Ptprz1,Ptprz1,0.3003053953172718,0.0199009337247954,OPCs,Neurons,0.0,1.0
Mdk,Mdk,0.18719211822660098,0.0,8.49027,Sdc3,Sdc3,0.1340346114692908,0.0,OPCs,Neurons,0.0,1.0
Timp2,Timp2,0.1625615763546798,0.0,8.49027,Itgb1,Itgb1,0.35900916185951814,0.019341463775530476,OPCs,Neurons,0.0,1.0
Omg,Omg,0.18226600985221675,0.0,8.49027,Rtn4rl1,Rtn4rl1,0.14387512724804885,0.0,OPCs,Neurons,0.0,1.0
Omg,Omg,0.18226600985221675,0.0,8.49027,Lingo1,Lingo1,0.33932813030200204,0.017902792664302503,OPCs,Neurons,0.0,1.0
Gpi1,Gpi1,0.1330049261083744,0.0,8.49027,Amfr,Amfr,0.30709195792331184,0.015342377903118654,OPCs,Neurons,0.0,1.0
Gnai2,Gnai2,0.21182266009852216,0.0,8.49027,Adcy1,Adcy1,0.3461146929080421,0.018539273196945816,OPCs,Neurons,0.0,1.0
Fgf13,Fgf13,0.13793103448275862,0.0,8.49027,Scn8a,Scn8a,0.665422463522226,0.11230505579132322,OPCs,Neurons,0.0,1.0
Gnas,Gnas,0.48590660496424065,0.0772118848328871,8.49027,Adcy9,Adcy9,0.18298969072164947,0.0,Oligodendrocytes,Astrocytes,0.0,1.0
Gnai2,Gnai2,0.10531482260552517,0.0,8.49027,Adcy8,Adcy8,0.3711340206185567,0.04234490158456372,Oligodendrocytes,Astrocytes,0.0,1.0
Rims1,Rims1,0.11078390127611835,0.0,8.49027,Cacna1c,Cacna1c,0.13144329896907217,0.0,Oligodendrocytes,Astrocytes,0.0,1.0
Ncam1,Ncam1,0.5330248212031973,0.17965692523993804,8.49027,Cacna1c,Cacna1c,0.13144329896907217,0.0,Oligodendrocytes,Astrocytes,0.0,1.0
Hsp90b1,Hsp90b1,0.18384518300378627,0.0,8.49027,Lrp1,Lrp1,0.4742268041237113,0.05117955567463084,Oligodendrocytes,Astrocytes,0.0,1.0
Hspa8,Hspa8,0.3683915299396999,0.05552672004685033,8.49027,Ldlr,Ldlr,0.10309278350515463,0.0,Oligodendrocytes,Astrocytes,0.0,1.0
Actr2,Actr2,0.13490394054129856,0.0,8.49027,Ldlr,Ldlr,0.10309278350515463,0.0,Oligodendrocytes,Astrocytes,0.0,1.0
App,App,0.5064102564102564,0.11599158612409188,8.49027,Aplp2,Aplp2,0.20876288659793815,0.0,Pericytes,Astrocytes,0.0,1.0
App,App,0.5064102564102564,0.11599158612409188,8.49027,Notch2,Notch2,0.2345360824742268,0.0,Pericytes,Astrocytes,0.0,1.0
App,App,0.5064102564102564,0.11599158612409188,8.49027,Tspan12,Tspan12,0.1211340206185567,0.0,Pericytes,Astrocytes,0.0,1.0
App,App,0.5064102564102564,0.11599158612409188,8.49027,Lrp6,Lrp6,0.24742268041237114,0.0,Pericytes,Astrocytes,0.0,1.0
H2-K1,H2-K1,0.1987179487179487,0.0,8.49027,Aplp2,Aplp2,0.20876288659793815,0.0,Pericytes,Astrocytes,0.0,1.0
Psen1,Psen1,0.11822660098522167,0.0,8.49027,Ncstn,Ncstn,0.15676959619952494,0.0,OPCs,Neurons,0.0,1.0
Rgma,Rgma,0.2019704433497537,0.0,8.49027,Neo1,Neo1,0.5293518832711231,0.0633426698875692,OPCs,Neurons,0.0,1.0
Rgma,Rgma,0.2019704433497537,0.0,8.49027,Bmpr2,Bmpr2,0.5721072276891754,0.07647188400580784,OPCs,Neurons,0.0,1.0
Fgf13,Fgf13,0.13793103448275862,0.0,8.49027,Fgfr2,Fgfr2,0.652867322701052,0.0984659388323621,OPCs,Neurons,0.0,1.0
Psen1,Psen1,0.11822660098522167,0.0,8.49027,Notch3,Notch3,0.10960298608754666,0.0,OPCs,Neurons,0.0,1.0
Timp2,Timp2,0.1625615763546798,0.0,8.49027,Itga3,Itga3,0.14183915846623685,0.0,OPCs,Neurons,0.0,1.0
Lrpap1,Lrpap1,0.2561576354679803,0.026917150986223604,8.49027,Ldlr,Ldlr,0.18730912792670512,0.0,OPCs,Neurons,0.0,1.0
Gnas,Gnas,0.5911330049261084,0.13375737669993382,8.49027,Crhr1,Crhr1,0.1350525958601968,0.0,OPCs,Neurons,0.0,1.0
Col11a1,Col11a1,0.3448275862068966,0.03889148277998333,8.49027,Ddr1,Ddr1,0.21445537835086528,0.0,OPCs,Neurons,0.0,1.0
Gnai2,Gnai2,0.21182266009852216,0.0,8.49027,Cnr1,Cnr1,0.1856124872751951,0.0,OPCs,Neurons,0.0,1.0
Gnai2,Gnai2,0.21182266009852216,0.0,8.49027,Oprm1,Oprm1,0.25110281642348153,0.01024508014800124,OPCs,Neurons,0.0,1.0
Gnai2,Gnai2,0.21182266009852216,0.0,8.49027,Adora1,Adora1,0.1503223617237869,0.0,OPCs,Neurons,0.0,1.0
Lman1,Lman1,0.11330049261083744,0.0,8.49027,Mcfd2,Mcfd2,0.11401425178147269,0.0,OPCs,Neurons,0.0,1.0
Mmp2,Mmp2,0.11330049261083744,0.0,8.49027,Fgfr1,Fgfr1,0.3712249745503902,0.02053566882345237,OPCs,Neurons,0.0,1.0
Vcl,Vcl,0.15763546798029557,0.0,8.49027,Alk,Alk,0.3189684424838819,0.021535682274170576,OPCs,Neurons,0.0,1.0
Ptdss1,Ptdss1,0.11330049261083744,0.0,8.49027,Scarb1,Scarb1,0.15405497115710892,0.0,OPCs,Neurons,0.0,1.0
Ptdss1,Ptdss1,0.11330049261083744,0.0,8.49027,Jmjd6,Jmjd6,0.10654903291482865,0.0,OPCs,Neurons,0.0,1.0
Lgi1,Lgi1,0.1625615763546798,0.0,8.49027,Adam22,Adam22,0.7200542925008483,0.14170483696200087,OPCs,Neurons,0.0,1.0
Col5a3,Col5a3,0.11330049261083744,0.0,8.49027,Sdc3,Sdc3,0.1340346114692908,0.0,OPCs,Neurons,0.0,1.0
Nampt,Nampt,0.10344827586206896,0.0,8.49027,Insr,Insr,0.45978961655921274,0.02585064343321919,OPCs,Neurons,0.0,1.0
Lrpap1,Lrpap1,0.2561576354679803,0.026917150986223604,8.49027,Vldlr,Vldlr,0.15710892432982695,0.0,OPCs,Neurons,0.0,1.0
Rtn4,Rtn4,0.4729064039408867,0.045679641408594485,8.49027,Rtn4rl1,Rtn4rl1,0.14387512724804885,0.0,OPCs,Neurons,0.0,1.0
Gnai2,Gnai2,0.21182266009852216,0.0,8.49027,P2ry12,P2ry12,0.20936545639633525,0.0,OPCs,Neurons,0.0,1.0
Gnai2,Gnai2,0.21182266009852216,0.0,8.49027,Igf1r,Igf1r,0.5463182897862233,0.07116360593035465,OPCs,Neurons,0.0,1.0
Gnas,Gnas,0.5911330049261084,0.13375737669993382,8.49027,Adcy7,Adcy7,0.13165931455717678,0.0,OPCs,Neurons,0.0,1.0
Gad1,Gad1,0.18719211822660098,0.0,8.49027,Grm4,Grm4,0.12215812690872073,0.0,OPCs,Neurons,0.0,1.0
P4hb,P4hb,0.10837438423645321,0.0,8.49027,Mttp,Mttp,0.21445537835086528,0.0,OPCs,Neurons,0.0,1.0
Gnai2,Gnai2,0.21182266009852216,0.0,8.49027,Adcy7,Adcy7,0.13165931455717678,0.0,OPCs,Neurons,0.0,1.0
Gnai2,Gnai2,0.21182266009852216,0.0,8.49027,Ptpru,Ptpru,0.1798439090600611,0.0,OPCs,Neurons,0.0,1.0
S100a1,S100a1,0.22167487684729065,0.0,8.49027,Ryr2,Ryr2,0.7010519172039362,0.1753930046424519,OPCs,Neurons,0.0,1.0
S100a1,S100a1,0.22167487684729065,0.0,8.49027,Trpm3,Trpm3,0.5972175093315236,0.13745331078865908,OPCs,Neurons,0.0,1.0
Farp2,Farp2,0.11822660098522167,0.0,8.49027,Plxna4,Plxna4,0.667119104173736,0.12074306637018384,OPCs,Neurons,0.0,1.0
Farp2,Farp2,0.11822660098522167,0.0,8.49027,Plxna2,Plxna2,0.517814726840855,0.05990777163818328,OPCs,Neurons,0.0,1.0
Farp2,Farp2,0.11822660098522167,0.0,8.49027,Plxna1,Plxna1,0.15778758059043094,0.0,OPCs,Neurons,0.0,1.0
Ncan,Ncan,0.22167487684729065,0.0,8.49027,Sdc3,Sdc3,0.1340346114692908,0.0,OPCs,Neurons,0.0,1.0
Ncan,Ncan,0.22167487684729065,0.0,8.49027,Cdh2,Cdh2,0.6433661350525959,0.10472938437641277,OPCs,Neurons,0.0,1.0
Gnas,Gnas,0.5911330049261084,0.13375737669993382,8.49027,Adora1,Adora1,0.1503223617237869,0.0,OPCs,Neurons,0.0,1.0
Gnai2,Gnai2,0.21182266009852216,0.0,8.49027,Adcy9,Adcy9,0.513403461146929,0.058345458160469654,OPCs,Neurons,0.0,1.0
Gnai2,Gnai2,0.21182266009852216,0.0,8.49027,Adcy8,Adcy8,0.5564981336952833,0.08906501032086811,OPCs,Neurons,0.0,1.0
Mdk,Mdk,0.18719211822660098,0.0,8.49027,Sorl1,Sorl1,0.4482524601289447,0.025846978811637,OPCs,Neurons,0.0,1.0
Megf10,Megf10,0.2357313139812088,0.0,8.49027,Abca1,Abca1,0.27319587628865977,0.033736094717738196,Oligodendrocytes,Astrocytes,0.0,1.0
Lgi3,Lgi3,0.21722058617304726,0.0,8.49027,Adam22,Adam22,0.17783505154639176,0.0,Oligodendrocytes,Astrocytes,0.0,1.0
Gnai2,Gnai2,0.10531482260552517,0.0,8.49027,Egfr,Egfr,0.3582474226804124,0.04175933524722142,Oligodendrocytes,Astrocytes,0.0,1.0
Gnai2,Gnai2,0.10531482260552517,0.0,8.49027,Igf1r,Igf1r,0.3634020618556701,0.041961547591853554,Oligodendrocytes,Astrocytes,0.0,1.0
Agrn,Agrn,0.11583228158743514,0.0,8.49027,Atp1a3,Atp1a3,0.1211340206185567,0.0,Oligodendrocytes,Astrocytes,0.0,1.0
Rtn4,Rtn4,0.5348478474267284,0.17910400264259474,8.49027,Tnfrsf19,Tnfrsf19,0.211340206185567,0.0,Oligodendrocytes,Astrocytes,0.0,1.0
Fgf12,Fgf12,0.17935773383817136,0.0,8.49027,Fgfr2,Fgfr2,0.5,0.08306514373716856,Oligodendrocytes,Astrocytes,0.0,1.0
Fgf12,Fgf12,0.17935773383817136,0.0,8.49027,Fgfr1,Fgfr1,0.2268041237113402,0.0,Oligodendrocytes,Astrocytes,0.0,1.0
Gnas,Gnas,0.48590660496424065,0.0772118848328871,8.49027,Adora1,Adora1,0.14175257731958762,0.0,Oligodendrocytes,Astrocytes,0.0,1.0
Gnai2,Gnai2,0.10531482260552517,0.0,8.49027,S1pr1,S1pr1,0.3479381443298969,0.04266512422161195,Oligodendrocytes,Astrocytes,0.0,1.0
Sorbs1,Sorbs1,0.10938157341186369,0.0,8.49027,Itgb5,Itgb5,0.17525773195876287,0.0,Oligodendrocytes,Astrocytes,0.0,1.0
Gnai2,Gnai2,0.10531482260552517,0.0,8.49027,Adcy9,Adcy9,0.18298969072164947,0.0,Oligodendrocytes,Astrocytes,0.0,1.0
Fam3c,Fam3c,0.2019704433497537,0.0,8.49027,Glra2,Glra2,0.19104173736002714,0.0,OPCs,Neurons,0.0,1.0
Lgals8,Lgals8,0.17733990147783252,0.0,8.49027,Itga3,Itga3,0.14183915846623685,0.0,OPCs,Neurons,0.0,1.0
Hspa8,Hspa8,0.458128078817734,0.04508802791911548,8.49027,Ldlr,Ldlr,0.18730912792670512,0.0,OPCs,Neurons,0.0,1.0
Actr2,Actr2,0.21182266009852216,0.0,8.49027,Ldlr,Ldlr,0.18730912792670512,0.0,OPCs,Neurons,0.0,1.0
Nrg2,Nrg2,0.22167487684729065,0.0,8.49027,Lrrtm2,Lrrtm2,0.11842551747539871,0.0,OPCs,Neurons,0.0,1.0
Nrg2,Nrg2,0.22167487684729065,0.0,8.49027,Nrp2,Nrp2,0.24431625381744146,0.0,OPCs,Neurons,0.0,1.0
Timp3,Timp3,0.2413793103448276,0.0,8.49027,Ddr1,Ddr1,0.21445537835086528,0.0,OPCs,Neurons,0.0,1.0
Sema3e,Sema3e,0.24630541871921183,0.0,8.49027,Nrp2,Nrp2,0.24431625381744146,0.0,OPCs,Neurons,0.0,1.0
Cntn3,Cntn3,0.16827934371055953,0.0,8.49027,Ptprg,Ptprg,0.5360824742268041,0.13495208545781456,Oligodendrocytes,Astrocytes,0.0,1.0
Rgma,Rgma,0.10068714065348479,0.0,8.49027,Neo1,Neo1,0.36597938144329895,0.042352115869531914,Oligodendrocytes,Astrocytes,0.0,1.0
Rgma,Rgma,0.10068714065348479,0.0,8.49027,Bmpr2,Bmpr2,0.27835051546391754,0.034416874522912755,Oligodendrocytes,Astrocytes,0.0,1.0
Rgma,Rgma,0.10068714065348479,0.0,8.49027,Bmpr1b,Bmpr1b,0.5128865979381443,0.12203669182939225,Oligodendrocytes,Astrocytes,0.0,1.0
Il18,Il18,0.17010236993409059,0.0,8.49027,Il1rapl1,Il1rapl1,0.654639175257732,0.2154718757125864,Oligodendrocytes,Astrocytes,0.0,1.0
Ybx1,Ybx1,0.11471041929603142,0.0,8.49027,Notch1,Notch1,0.22422680412371135,0.0,Oligodendrocytes,Astrocytes,0.0,1.0
Calr,Calr,0.15355490113588557,0.0,8.49027,Lrp1,Lrp1,0.4742268041237113,0.05117955567463084,Oligodendrocytes,Astrocytes,0.0,1.0
Calr,Calr,0.15355490113588557,0.0,8.49027,Itgav,Itgav,0.25773195876288657,0.029662390884252543,Oligodendrocytes,Astrocytes,0.0,1.0
Fgf14,Fgf14,0.13462347496844762,0.0,8.49027,Fgfr1,Fgfr1,0.2268041237113402,0.0,Oligodendrocytes,Astrocytes,0.0,1.0
Fgf14,Fgf14,0.13462347496844762,0.0,8.49027,Fgfr2,Fgfr2,0.5,0.08306514373716856,Oligodendrocytes,Astrocytes,0.0,1.0
Sptan1,Sptan1,0.14612256345533586,0.0,8.49027,Ptpra,Ptpra,0.37371134020618557,0.04306248380830002,Oligodendrocytes,Astrocytes,0.0,1.0
Gnai2,Gnai2,0.10531482260552517,0.0,8.49027,Ednrb,Ednrb,0.3402061855670103,0.03904009827888899,Oligodendrocytes,Astrocytes,0.0,1.0
Rims2,Rims2,0.12943486187070538,0.0,8.49027,Abca1,Abca1,0.27319587628865977,0.033736094717738196,Oligodendrocytes,Astrocytes,0.0,1.0
Mdk,Mdk,0.18719211822660098,0.0,8.49027,Ncl,Ncl,0.2734984730234136,0.013815262255709337,OPCs,Neurons,0.0,1.0
Entpd1,Entpd1,0.21674876847290642,0.0,8.49027,Adora1,Adora1,0.1503223617237869,0.0,OPCs,Neurons,0.0,1.0
Psap,Psap,0.5566502463054187,0.11329936696449328,8.49027,Ar,Ar,0.2178486596538853,0.0,OPCs,Neurons,0.0,1.0
App,App,0.5727106997616043,0.1912491237039715,8.49027,Tspan12,Tspan12,0.18425517475398712,0.0,Oligodendrocytes,Neurons,0.0,1.0
Adam10,Adam10,0.2507362221287337,0.012589448969097583,8.49027,Tspan17,Tspan17,0.20699015948422125,0.0,Oligodendrocytes,Neurons,0.0,1.0
Adam10,Adam10,0.2507362221287337,0.012589448969097583,8.49027,Tspan12,Tspan12,0.18425517475398712,0.0,Oligodendrocytes,Neurons,0.0,1.0
Bmp7,Bmp7,0.11330049261083744,0.0,8.49027,Actr2,Actr2,0.47845266372582285,0.027299769597495582,OPCs,Neurons,0.0,1.0
Bmp7,Bmp7,0.11330049261083744,0.0,8.49027,Acvr1b,Acvr1b,0.1835765184933831,0.0,OPCs,Neurons,0.0,1.0
Slit2,Slit2,0.11330049261083744,0.0,8.49027,Plxna1,Plxna1,0.15778758059043094,0.0,OPCs,Neurons,0.0,1.0
Ncam1,Ncam1,0.5330248212031973,0.17965692523993804,8.49027,Gfra1,Gfra1,0.16762809636918902,0.0,Oligodendrocytes,Neurons,0.0,1.0
Csf1,Csf1,0.10321133080914317,0.0,8.49027,Celsr3,Celsr3,0.20834747200542925,0.0,Oligodendrocytes,Neurons,0.0,1.0
Csf1,Csf1,0.10321133080914317,0.0,8.49027,Sirpa,Sirpa,0.2704445198506956,0.013012020380032852,Oligodendrocytes,Neurons,0.0,1.0
Itgav,Itgav,0.1841256485766372,0.0,8.49027,Thy1,Thy1,0.6084153376314897,0.08201140531937545,Oligodendrocytes,Neurons,0.0,1.0
Fgf1,Fgf1,0.1110643668489693,0.0,8.49027,Fgfr1,Fgfr1,0.2268041237113402,0.0,Oligodendrocytes,Astrocytes,0.0,1.0
Fgf1,Fgf1,0.1110643668489693,0.0,8.49027,Egfr,Egfr,0.3582474226804124,0.04175933524722142,Oligodendrocytes,Astrocytes,0.0,1.0
Fgf1,Fgf1,0.1110643668489693,0.0,8.49027,Nrp1,Nrp1,0.17525773195876287,0.0,Oligodendrocytes,Astrocytes,0.0,1.0
Trf,Trf,0.5626139391389707,0.24530015083516155,8.49027,Tfrc,Tfrc,0.11855670103092783,0.0,Oligodendrocytes,Astrocytes,0.0,1.0
Trf,Trf,0.5626139391389707,0.24530015083516155,8.49027,Ldlr,Ldlr,0.10309278350515463,0.0,Oligodendrocytes,Astrocytes,0.0,1.0
Apoe,Apoe,0.388865516757818,0.06760146387603161,8.49027,Ldlr,Ldlr,0.10309278350515463,0.0,Oligodendrocytes,Astrocytes,0.0,1.0
Gnai2,Gnai2,0.10531482260552517,0.0,8.49027,Adora1,Adora1,0.14175257731958762,0.0,Oligodendrocytes,Astrocytes,0.0,1.0
Timp2,Timp2,0.1472444257467396,0.0,8.49027,Itgb1,Itgb1,0.13402061855670103,0.0,Oligodendrocytes,Astrocytes,0.0,1.0
Arf1,Arf1,0.10138830458561211,0.0,8.49027,Insr,Insr,0.23195876288659795,0.0,Oligodendrocytes,Astrocytes,0.0,1.0
Gpi1,Gpi1,0.1442995372318048,0.0,8.49027,Amfr,Amfr,0.15206185567010308,0.0,Oligodendrocytes,Astrocytes,0.0,1.0
Arf1,Arf1,0.10138830458561211,0.0,8.49027,Pld2,Pld2,0.17268041237113402,0.0,Oligodendrocytes,Astrocytes,0.0,1.0
Psap,Psap,0.28705651381292946,0.03895458342162339,8.49027,Gpr37,Gpr37,0.1211340206185567,0.0,Oligodendrocytes,Astrocytes,0.0,1.0
App,App,0.5727106997616043,0.1912491237039715,8.49027,Ncstn,Ncstn,0.15676959619952494,0.0,Oligodendrocytes,Neurons,0.0,1.0
App,App,0.5727106997616043,0.1912491237039715,8.49027,Vldlr,Vldlr,0.15710892432982695,0.0,Oligodendrocytes,Neurons,0.0,1.0
Alcam,Alcam,0.2016547468798205,0.0,8.49027,Nrp1,Nrp1,0.35595520868680014,0.024951535197359598,Oligodendrocytes,Neurons,0.0,1.0
Alcam,Alcam,0.2016547468798205,0.0,8.49027,Chl1,Chl1,0.5212080081438751,0.07541488814660835,Oligodendrocytes,Neurons,0.0,1.0
Cntn1,Cntn1,0.15285373720375825,0.0,8.49027,Nrcam,Nrcam,0.66270783847981,0.11866098037771522,Oligodendrocytes,Neurons,0.0,1.0
Cntn1,Cntn1,0.15285373720375825,0.0,8.49027,Ptprz1,Ptprz1,0.3003053953172718,0.0199009337247954,Oligodendrocytes,Neurons,0.0,1.0
Cd47,Cd47,0.1771140092553639,0.0,8.49027,Sirpa,Sirpa,0.2704445198506956,0.013012020380032852,Oligodendrocytes,Neurons,0.0,1.0
B2m,B2m,0.11008273734399103,0.0,8.49027,Tfrc,Tfrc,0.3983712249745504,0.021560432510546068,Oligodendrocytes,Neurons,0.0,1.0
Nrxn2,Nrxn2,0.15972514373860608,0.0,8.49027,Nlgn3,Nlgn3,0.2130980658296573,0.0,Oligodendrocytes,Neurons,0.0,1.0
Nrxn2,Nrxn2,0.15972514373860608,0.0,8.49027,Nlgn2,Nlgn2,0.34068544282321006,0.01794215575474567,Oligodendrocytes,Neurons,0.0,1.0
Nrxn2,Nrxn2,0.15972514373860608,0.0,8.49027,Nlgn1,Nlgn1,0.7604343400067866,0.33106245781190813,Oligodendrocytes,Neurons,0.0,1.0
Nrxn1,Nrxn1,0.21778151731874912,0.0,8.49027,Nlgn3,Nlgn3,0.2130980658296573,0.0,Oligodendrocytes,Neurons,0.0,1.0
Nrxn1,Nrxn1,0.21778151731874912,0.0,8.49027,Nlgn2,Nlgn2,0.34068544282321006,0.01794215575474567,Oligodendrocytes,Neurons,0.0,1.0
Nrxn1,Nrxn1,0.21778151731874912,0.0,8.49027,Nlgn1,Nlgn1,0.7604343400067866,0.33106245781190813,Oligodendrocytes,Neurons,0.0,1.0
Agrn,Agrn,0.11583228158743514,0.0,8.49027,Dag1,Dag1,0.3752969121140142,0.02032648439585316,Oligodendrocytes,Neurons,0.0,1.0
Agrn,Agrn,0.11583228158743514,0.0,8.49027,Lrp1,Lrp1,0.5218866644044792,0.05486633786237893,Oligodendrocytes,Neurons,0.0,1.0
Agrn,Agrn,0.11583228158743514,0.0,8.49027,Itgb1,Itgb1,0.35900916185951814,0.019341463775530476,Oligodendrocytes,Neurons,0.0,1.0
Lrrc4b,Lrrc4b,0.12789230122002523,0.0,8.49027,Ptprs,Ptprs,0.7047845266372582,0.11562943445945817,Oligodendrocytes,Neurons,0.0,1.0
Lrrc4b,Lrrc4b,0.12789230122002523,0.0,8.49027,Ptprf,Ptprf,0.31218187987784185,0.01650977048748159,Oligodendrocytes,Neurons,0.0,1.0
Sema6a,Sema6a,0.21147104192960314,0.0,8.49027,Plxna4,Plxna4,0.667119104173736,0.12074306637018384,Oligodendrocytes,Neurons,0.0,1.0
Sema6a,Sema6a,0.21147104192960314,0.0,8.49027,Plxna2,Plxna2,0.517814726840855,0.05990777163818328,Oligodendrocytes,Neurons,0.0,1.0
Efnb3,Efnb3,0.25045575655588276,0.013645050850475404,8.49027,Ephb6,Ephb6,0.10960298608754666,0.0,Oligodendrocytes,Neurons,0.0,1.0
Fgf1,Fgf1,0.1110643668489693,0.0,8.49027,Tgfbr3,Tgfbr3,0.3155751611808619,0.017262785284403726,Oligodendrocytes,Neurons,0.0,1.0
Fgf1,Fgf1,0.1110643668489693,0.0,8.49027,Fgfr2,Fgfr2,0.652867322701052,0.0984659388323621,Oligodendrocytes,Neurons,0.0,1.0
Fgf1,Fgf1,0.1110643668489693,0.0,8.49027,Fgfr1,Fgfr1,0.3712249745503902,0.02053566882345237,Oligodendrocytes,Neurons,0.0,1.0
Fgf1,Fgf1,0.1110643668489693,0.0,8.49027,Nrp1,Nrp1,0.35595520868680014,0.024951535197359598,Oligodendrocytes,Neurons,0.0,1.0
Trf,Trf,0.5626139391389707,0.24530015083516155,8.49027,Ldlr,Ldlr,0.18730912792670512,0.0,Oligodendrocytes,Neurons,0.0,1.0
Apoe,Apoe,0.388865516757818,0.06760146387603161,8.49027,Scarb1,Scarb1,0.15405497115710892,0.0,Oligodendrocytes,Neurons,0.0,1.0
Lama2,Lama2,0.12326461926798485,0.0,8.49027,Itga7,Itga7_Itgb1,0.1056701030927835,0.0,Oligodendrocytes,Astrocytes,0.0,1.0
Lama2,Lama2,0.12326461926798485,0.0,8.49027,Itgb1,Itga6_Itgb1,0.13402061855670103,0.0,Oligodendrocytes,Astrocytes,0.0,1.0
Agrn,Agrn,0.11583228158743514,0.0,8.49027,Dag1,Dag1,0.19845360824742267,0.0,Oligodendrocytes,Astrocytes,0.0,1.0
Agrn,Agrn,0.11583228158743514,0.0,8.49027,Lrp1,Lrp1,0.4742268041237113,0.05117955567463084,Oligodendrocytes,Astrocytes,0.0,1.0
Agrn,Agrn,0.11583228158743514,0.0,8.49027,Itgb1,Itgb1,0.13402061855670103,0.0,Oligodendrocytes,Astrocytes,0.0,1.0
Agrn,Agrn,0.11583228158743514,0.0,8.49027,Lrp4,Lrp4,0.13402061855670103,0.0,Oligodendrocytes,Astrocytes,0.0,1.0
Il1rapl1,Il1rapl1,0.41438788388725284,0.07057209248083263,8.49027,Ptprf,Ptprf,0.12371134020618557,0.0,Oligodendrocytes,Astrocytes,0.0,1.0
Ptn,Ptn,0.40316926097321554,0.06133538219136003,8.49027,Sdc3,Sdc3,0.13144329896907217,0.0,Oligodendrocytes,Astrocytes,0.0,1.0
Mif,Mif,0.21273313700743235,0.0,8.49027,Egfr,Egfr,0.3582474226804124,0.04175933524722142,Oligodendrocytes,Astrocytes,0.0,1.0
Fgf1,Fgf1,0.1110643668489693,0.0,8.49027,Fgfrl1,Fgfrl1,0.13144329896907217,0.0,Oligodendrocytes,Astrocytes,0.0,1.0
Fgf1,Fgf1,0.1110643668489693,0.0,8.49027,Fgfr3,Fgfr3,0.5876288659793815,0.14916771946821505,Oligodendrocytes,Astrocytes,0.0,1.0
Fgf1,Fgf1,0.1110643668489693,0.0,8.49027,Fgfr2,Fgfr2,0.5,0.08306514373716856,Oligodendrocytes,Astrocytes,0.0,1.0
Apoe,Apoe,0.388865516757818,0.06760146387603161,8.49027,Vldlr,Vldlr,0.15710892432982695,0.0,Oligodendrocytes,Neurons,0.0,1.0
Apoe,Apoe,0.388865516757818,0.06760146387603161,8.49027,Ldlr,Ldlr,0.18730912792670512,0.0,Oligodendrocytes,Neurons,0.0,1.0
Lama2,Lama2,0.12326461926798485,0.0,8.49027,Dag1,Dag1,0.3752969121140142,0.02032648439585316,Oligodendrocytes,Neurons,0.0,1.0
Lama2,Lama2,0.12326461926798485,0.0,8.49027,Rpsa,Rpsa,0.5391923990498813,0.06098666045217982,Oligodendrocytes,Neurons,0.0,1.0
Lama2,Lama2,0.12326461926798485,0.0,8.49027,Itga3,Itga3_Itgb1,0.14183915846623685,0.0,Oligodendrocytes,Neurons,0.0,1.0
Gpi1,Gpi1,0.1442995372318048,0.0,8.49027,Amfr,Amfr,0.30709195792331184,0.015342377903118654,Oligodendrocytes,Neurons,0.0,1.0
Gnai2,Gnai2,0.10531482260552517,0.0,8.49027,Adcy1,Adcy1,0.3461146929080421,0.018539273196945816,Oligodendrocytes,Neurons,0.0,1.0
Cntn3,Cntn3,0.16827934371055953,0.0,8.49027,Ptprg,Ptprg,0.6576179165252799,0.12594050719364547,Oligodendrocytes,Neurons,0.0,1.0
Rgma,Rgma,0.10068714065348479,0.0,8.49027,Neo1,Neo1,0.5293518832711231,0.0633426698875692,Oligodendrocytes,Neurons,0.0,1.0
Rgma,Rgma,0.10068714065348479,0.0,8.49027,Bmpr2,Bmpr2,0.5721072276891754,0.07647188400580784,Oligodendrocytes,Neurons,0.0,1.0
Lgi3,Lgi3,0.21722058617304726,0.0,8.49027,Adam23,Adam23,0.677638276213098,0.12573140262250315,Oligodendrocytes,Neurons,0.0,1.0
Il18,Il18,0.17010236993409059,0.0,8.49027,Il1rapl1,Il1rapl1,0.6935866983372921,0.2682423317214111,Oligodendrocytes,Neurons,0.0,1.0
Calr,Calr,0.15355490113588557,0.0,8.49027,Lrp1,Lrp1,0.5218866644044792,0.05486633786237893,Oligodendrocytes,Neurons,0.0,1.0
Calr,Calr,0.15355490113588557,0.0,8.49027,Itga3,Itga3,0.14183915846623685,0.0,Oligodendrocytes,Neurons,0.0,1.0
Ptn,Ptn,0.40316926097321554,0.06133538219136003,8.49027,Sdc3,Sdc3,0.1340346114692908,0.0,Oligodendrocytes,Neurons,0.0,1.0
Rtn4,Rtn4,0.5348478474267284,0.17910400264259474,8.49027,Rtn4rl1,Rtn4rl1,0.14387512724804885,0.0,Oligodendrocytes,Neurons,0.0,1.0
Gnai2,Gnai2,0.10531482260552517,0.0,8.49027,P2ry12,P2ry12,0.20936545639633525,0.0,Oligodendrocytes,Neurons,0.0,1.0
Gnai2,Gnai2,0.10531482260552517,0.0,8.49027,Igf1r,Igf1r,0.5463182897862233,0.07116360593035465,Oligodendrocytes,Neurons,0.0,1.0
Arf1,Arf1,0.10138830458561211,0.0,8.49027,Chrm3,Chrm3,0.36443841194435017,0.035186683746999625,Oligodendrocytes,Neurons,0.0,1.0
Timp2,Timp2,0.1472444257467396,0.0,8.49027,Itga3,Itga3,0.14183915846623685,0.0,Oligodendrocytes,Neurons,0.0,1.0
Agrn,Agrn,0.11583228158743514,0.0,8.49027,Atp1a3,Atp1a3,0.8106549032914828,0.17040456571754514,Oligodendrocytes,Neurons,0.0,1.0
Gnas,Gnas,0.48590660496424065,0.0772118848328871,8.49027,Crhr1,Crhr1,0.1350525958601968,0.0,Oligodendrocytes,Neurons,0.0,1.0
Gnai2,Gnai2,0.10531482260552517,0.0,8.49027,Cnr1,Cnr1,0.1856124872751951,0.0,Oligodendrocytes,Neurons,0.0,1.0
Gnai2,Gnai2,0.10531482260552517,0.0,8.49027,Oprm1,Oprm1,0.25110281642348153,0.01024508014800124,Oligodendrocytes,Neurons,0.0,1.0
Gnai2,Gnai2,0.10531482260552517,0.0,8.49027,Adora1,Adora1,0.1503223617237869,0.0,Oligodendrocytes,Neurons,0.0,1.0
Timp2,Timp2,0.1472444257467396,0.0,8.49027,Itgb1,Itgb1,0.35900916185951814,0.019341463775530476,Oligodendrocytes,Neurons,0.0,1.0
Omg,Omg,0.13490394054129856,0.0,8.49027,Rtn4rl1,Rtn4rl1,0.14387512724804885,0.0,Oligodendrocytes,Neurons,0.0,1.0
Arf1,Arf1,0.10138830458561211,0.0,8.49027,Insr,Insr,0.45978961655921274,0.02585064343321919,Oligodendrocytes,Neurons,0.0,1.0
Omg,Omg,0.13490394054129856,0.0,8.49027,Lingo1,Lingo1,0.33932813030200204,0.017902792664302503,Oligodendrocytes,Neurons,0.0,1.0
Hsp90b1,Hsp90b1,0.18384518300378627,0.0,8.49027,Lrp1,Lrp1,0.5218866644044792,0.05486633786237893,Oligodendrocytes,Neurons,0.0,1.0
Hspa8,Hspa8,0.3683915299396999,0.05552672004685033,8.49027,Ldlr,Ldlr,0.18730912792670512,0.0,Oligodendrocytes,Neurons,0.0,1.0
Dscam,Dscam,0.10910110783901276,0.0,8.49027,Dcc,Dcc,0.6386155412283678,0.1948195146670284,Oligodendrocytes,Neurons,0.0,1.0
Actr2,Actr2,0.13490394054129856,0.0,8.49027,Ldlr,Ldlr,0.18730912792670512,0.0,Oligodendrocytes,Neurons,0.0,1.0
Fgf14,Fgf14,0.13462347496844762,0.0,8.49027,Fgfr1,Fgfr1,0.3712249745503902,0.02053566882345237,Oligodendrocytes,Neurons,0.0,1.0
Fgf14,Fgf14,0.13462347496844762,0.0,8.49027,Fgfr2,Fgfr2,0.652867322701052,0.0984659388323621,Oligodendrocytes,Neurons,0.0,1.0
Sptan1,Sptan1,0.14612256345533586,0.0,8.49027,Ptpra,Ptpra,0.4906684764166949,0.02802294791601867,Oligodendrocytes,Neurons,0.0,1.0
Gnas,Gnas,0.48590660496424065,0.0772118848328871,8.49027,Adcy7,Adcy7,0.13165931455717678,0.0,Oligodendrocytes,Neurons,0.0,1.0
Gnai2,Gnai2,0.10531482260552517,0.0,8.49027,Adcy7,Adcy7,0.13165931455717678,0.0,Oligodendrocytes,Neurons,0.0,1.0
Gnai2,Gnai2,0.10531482260552517,0.0,8.49027,Ptpru,Ptpru,0.1798439090600611,0.0,Oligodendrocytes,Neurons,0.0,1.0
Lgi3,Lgi3,0.21722058617304726,0.0,8.49027,Flot1,Flot1,0.1991856124872752,0.0,Oligodendrocytes,Neurons,0.0,1.0
Lgi3,Lgi3,0.21722058617304726,0.0,8.49027,Adam22,Adam22,0.7200542925008483,0.14170483696200087,Oligodendrocytes,Neurons,0.0,1.0
Csf1,Csf1,0.10321133080914317,0.0,8.49027,Csf2ra,Csf2ra,0.1835765184933831,0.0,Oligodendrocytes,Neurons,0.0,1.0
Sparc,Sparc,0.19772822885990746,0.0,8.49027,Fgfr1,Fgfr1,0.3712249745503902,0.02053566882345237,Oligodendrocytes,Neurons,0.0,1.0
Fgf12,Fgf12,0.17935773383817136,0.0,8.49027,Fgfr2,Fgfr2,0.652867322701052,0.0984659388323621,Oligodendrocytes,Neurons,0.0,1.0
Fgf12,Fgf12,0.17935773383817136,0.0,8.49027,Fgfr1,Fgfr1,0.3712249745503902,0.02053566882345237,Oligodendrocytes,Neurons,0.0,1.0
Psap,Psap,0.28705651381292946,0.03895458342162339,8.49027,Ar,Ar,0.2178486596538853,0.0,Oligodendrocytes,Neurons,0.0,1.0
Alcam,Alcam,0.2016547468798205,0.0,8.49027,Nrp1,Nrp1,0.17525773195876287,0.0,Oligodendrocytes,Astrocytes,0.0,1.0
Alcam,Alcam,0.2016547468798205,0.0,8.49027,Chl1,Chl1,0.4742268041237113,0.05560789808422628,Oligodendrocytes,Astrocytes,0.0,1.0
Cntn1,Cntn1,0.15285373720375825,0.0,8.49027,Nrcam,Nrcam,0.6597938144329897,0.1882137973283926,Oligodendrocytes,Astrocytes,0.0,1.0
Cntn1,Cntn1,0.15285373720375825,0.0,8.49027,Notch2,Notch2,0.2345360824742268,0.0,Oligodendrocytes,Astrocytes,0.0,1.0
Cntn1,Cntn1,0.15285373720375825,0.0,8.49027,Notch1,Notch1,0.22422680412371135,0.0,Oligodendrocytes,Astrocytes,0.0,1.0
Cntn1,Cntn1,0.15285373720375825,0.0,8.49027,Ptprz1,Ptprz1,0.7164948453608248,0.22067333919537102,Oligodendrocytes,Astrocytes,0.0,1.0
Cd47,Cd47,0.1771140092553639,0.0,8.49027,Sirpa,Sirpa,0.14690721649484537,0.0,Oligodendrocytes,Astrocytes,0.0,1.0
Apoe,Apoe,0.388865516757818,0.06760146387603161,8.49027,Lrp6,Lrp6,0.24742268041237114,0.0,Oligodendrocytes,Astrocytes,0.0,1.0
Apoe,Apoe,0.388865516757818,0.06760146387603161,8.49027,Lrp4,Lrp4,0.13402061855670103,0.0,Oligodendrocytes,Astrocytes,0.0,1.0
Lrig2,Lrig2,0.15355490113588557,0.0,8.49027,Egfr,Egfr,0.3582474226804124,0.04175933524722142,Oligodendrocytes,Astrocytes,0.0,1.0
Edil3,Edil3,0.5213854999298836,0.21926278282222977,8.49027,Itgb5,Itgb5,0.17525773195876287,0.0,Oligodendrocytes,Astrocytes,0.0,1.0
Lama2,Lama2,0.12326461926798485,0.0,8.49027,Dag1,Dag1,0.19845360824742267,0.0,Oligodendrocytes,Astrocytes,0.0,1.0
Lama2,Lama2,0.12326461926798485,0.0,8.49027,Rpsa,Rpsa,0.28350515463917525,0.035761053507050944,Oligodendrocytes,Astrocytes,0.0,1.0
Lama2,Lama2,0.12326461926798485,0.0,8.49027,Itgav,Itgav_Itgb8,0.25773195876288657,0.029662390884252543,Oligodendrocytes,Astrocytes,0.0,1.0
Gnas,Gnas,0.48590660496424065,0.0772118848328871,8.49027,Adora1,Adora1,0.1503223617237869,0.0,Oligodendrocytes,Neurons,0.0,1.0
Gnai2,Gnai2,0.10531482260552517,0.0,8.49027,Adcy9,Adcy9,0.513403461146929,0.058345458160469654,Oligodendrocytes,Neurons,0.0,1.0
Gnai2,Gnai2,0.10531482260552517,0.0,8.49027,Adcy8,Adcy8,0.5564981336952833,0.08906501032086811,Oligodendrocytes,Neurons,0.0,1.0
Rims1,Rims1,0.11078390127611835,0.0,8.49027,Cacna1c,Cacna1c,0.7115710892432983,0.15558191294183343,Oligodendrocytes,Neurons,0.0,1.0
App,App,0.5064102564102564,0.11599158612409188,8.49027,Vldlr,Vldlr,0.15710892432982695,0.0,Pericytes,Neurons,0.0,1.0
App,App,0.5064102564102564,0.11599158612409188,8.49027,Tspan12,Tspan12,0.18425517475398712,0.0,Pericytes,Neurons,0.0,1.0
H2-K1,H2-K1,0.1987179487179487,0.0,8.49027,Aplp2,Aplp2,0.6331862911435358,0.08252132126573697,Pericytes,Neurons,0.0,1.0
Adam10,Adam10,0.2692307692307692,0.02740543592451755,8.49027,Tspan17,Tspan17,0.20699015948422125,0.0,Pericytes,Neurons,0.0,1.0
Adam10,Adam10,0.2692307692307692,0.02740543592451755,8.49027,Tspan12,Tspan12,0.18425517475398712,0.0,Pericytes,Neurons,0.0,1.0
Efna5,Efna5,0.11538461538461539,0.0,8.49027,Epha4,Epha4,0.2952154733627418,0.0170317017592031,Pericytes,Neurons,0.0,1.0
Efna5,Efna5,0.11538461538461539,0.0,8.49027,Ephb1,Ephb1,0.3997285374957584,0.028604782938474127,Pericytes,Neurons,0.0,1.0
Efna5,Efna5,0.11538461538461539,0.0,8.49027,Epha5,Epha5,0.7095351204614863,0.1809050553348488,Pericytes,Neurons,0.0,1.0
Efna5,Efna5,0.11538461538461539,0.0,8.49027,Ephb2,Ephb2,0.4024431625381744,0.02172649532896731,Pericytes,Neurons,0.0,1.0
Efna5,Efna5,0.11538461538461539,0.0,8.49027,Epha3,Epha3,0.30844927044451986,0.02010175077529064,Pericytes,Neurons,0.0,1.0
Efna5,Efna5,0.11538461538461539,0.0,8.49027,Ephb6,Ephb6,0.10960298608754666,0.0,Pericytes,Neurons,0.0,1.0
Kitl,Kitl,0.10897435897435898,0.0,8.49027,Kit,Kit,0.13131998642687479,0.0,Pericytes,Neurons,0.0,1.0
Ncam1,Ncam1,0.22435897435897437,0.0,8.49027,Robo1,Robo1,0.6450627757041059,0.19763199589561875,Pericytes,Neurons,0.0,1.0
Ncam1,Ncam1,0.22435897435897437,0.0,8.49027,Gfra1,Gfra1,0.16762809636918902,0.0,Pericytes,Neurons,0.0,1.0
Ncam1,Ncam1,0.22435897435897437,0.0,8.49027,Ptprz1,Ptprz1,0.3003053953172718,0.0199009337247954,Pericytes,Neurons,0.0,1.0
Ncam1,Ncam1,0.22435897435897437,0.0,8.49027,Fgfr2,Fgfr2,0.652867322701052,0.0984659388323621,Pericytes,Neurons,0.0,1.0
Ncam1,Ncam1,0.22435897435897437,0.0,8.49027,Fgfr1,Fgfr1,0.3712249745503902,0.02053566882345237,Pericytes,Neurons,0.0,1.0
Ncam1,Ncam1,0.22435897435897437,0.0,8.49027,Ncam2,Ncam2,0.6878181201221581,0.20953100813229053,Pericytes,Neurons,0.0,1.0
Itgav,Itgav,0.21794871794871795,0.0,8.49027,Thy1,Thy1,0.6084153376314897,0.08201140531937545,Pericytes,Neurons,0.0,1.0
App,App,0.5064102564102564,0.11599158612409188,8.49027,Ncstn,Ncstn,0.15676959619952494,0.0,Pericytes,Neurons,0.0,1.0
Cntn1,Cntn1,0.1987179487179487,0.0,8.49027,Nrcam,Nrcam,0.66270783847981,0.11866098037771522,Pericytes,Neurons,0.0,1.0
Cntn1,Cntn1,0.1987179487179487,0.0,8.49027,Ptprz1,Ptprz1,0.3003053953172718,0.0199009337247954,Pericytes,Neurons,0.0,1.0
Cd47,Cd47,0.17307692307692307,0.0,8.49027,Sirpa,Sirpa,0.2704445198506956,0.013012020380032852,Pericytes,Neurons,0.0,1.0
Jag1,Jag1,0.1987179487179487,0.0,8.49027,Notch3,Notch3,0.10960298608754666,0.0,Pericytes,Neurons,0.0,1.0
Jag1,Jag1,0.1987179487179487,0.0,8.49027,Cd46,Cd46,0.4010858500169664,0.022282586735825283,Pericytes,Neurons,0.0,1.0
Nrxn2,Nrxn2,0.14743589743589744,0.0,8.49027,Nlgn3,Nlgn3,0.2130980658296573,0.0,Pericytes,Neurons,0.0,1.0
Nrxn2,Nrxn2,0.14743589743589744,0.0,8.49027,Nlgn2,Nlgn2,0.34068544282321006,0.01794215575474567,Pericytes,Neurons,0.0,1.0
Nrxn2,Nrxn2,0.14743589743589744,0.0,8.49027,Nlgn1,Nlgn1,0.7604343400067866,0.33106245781190813,Pericytes,Neurons,0.0,1.0
Nrxn1,Nrxn1,0.23717948717948717,0.0,8.49027,Nlgn3,Nlgn3,0.2130980658296573,0.0,Pericytes,Neurons,0.0,1.0
Nrxn1,Nrxn1,0.23717948717948717,0.0,8.49027,Nlgn2,Nlgn2,0.34068544282321006,0.01794215575474567,Pericytes,Neurons,0.0,1.0
Nrxn1,Nrxn1,0.23717948717948717,0.0,8.49027,Nlgn1,Nlgn1,0.7604343400067866,0.33106245781190813,Pericytes,Neurons,0.0,1.0
Jam2,Jam2,0.17307692307692307,0.0,8.49027,Itga3,Itga3_Itgb1,0.14183915846623685,0.0,Pericytes,Neurons,0.0,1.0
Efna5,Efna5,0.11538461538461539,0.0,8.49027,Epha6,Epha6,0.6311503223617237,0.1589762406009445,Pericytes,Neurons,0.0,1.0
Efna5,Efna5,0.11538461538461539,0.0,8.49027,Epha10,Epha10,0.5415676959619953,0.07431289536780916,Pericytes,Neurons,0.0,1.0
Efna5,Efna5,0.11538461538461539,0.0,8.49027,Epha7,Epha7,0.4855785544621649,0.03734136364650009,Pericytes,Neurons,0.0,1.0
Agrn,Agrn,0.20512820512820512,0.0,8.49027,Dag1,Dag1,0.3752969121140142,0.02032648439585316,Pericytes,Neurons,0.0,1.0
Agrn,Agrn,0.20512820512820512,0.0,8.49027,Lrp1,Lrp1,0.5218866644044792,0.05486633786237893,Pericytes,Neurons,0.0,1.0
Agrn,Agrn,0.20512820512820512,0.0,8.49027,Itgb1,Itgb1,0.35900916185951814,0.019341463775530476,Pericytes,Neurons,0.0,1.0
Il1rapl1,Il1rapl1,0.1794871794871795,0.0,8.49027,Ptprs,Ptprs,0.7047845266372582,0.11562943445945817,Pericytes,Neurons,0.0,1.0
Il1rapl1,Il1rapl1,0.1794871794871795,0.0,8.49027,Ptprf,Ptprf,0.31218187987784185,0.01650977048748159,Pericytes,Neurons,0.0,1.0
Sema6a,Sema6a,0.11538461538461539,0.0,8.49027,Plxna4,Plxna4,0.667119104173736,0.12074306637018384,Pericytes,Neurons,0.0,1.0
Sema6a,Sema6a,0.11538461538461539,0.0,8.49027,Plxna2,Plxna2,0.517814726840855,0.05990777163818328,Pericytes,Neurons,0.0,1.0
Jam3,Jam3,0.14102564102564102,0.0,8.49027,Itgb1,Itgb1,0.35900916185951814,0.019341463775530476,Pericytes,Neurons,0.0,1.0
Ncam1,Ncam1,0.5330248212031973,0.17965692523993804,8.49027,Fgfr1,Fgfr1,0.2268041237113402,0.0,Oligodendrocytes,Astrocytes,0.0,1.0
Csf1,Csf1,0.10321133080914317,0.0,8.49027,Sirpa,Sirpa,0.14690721649484537,0.0,Oligodendrocytes,Astrocytes,0.0,1.0
App,App,0.5727106997616043,0.1912491237039715,8.49027,Grm7,Grm7,0.11082474226804123,0.0,Oligodendrocytes,Astrocytes,0.0,1.0
App,App,0.5727106997616043,0.1912491237039715,8.49027,Aplp2,Aplp2,0.20876288659793815,0.0,Oligodendrocytes,Astrocytes,0.0,1.0
App,App,0.5727106997616043,0.1912491237039715,8.49027,Notch2,Notch2,0.2345360824742268,0.0,Oligodendrocytes,Astrocytes,0.0,1.0
Lrrc4b,Lrrc4b,0.12789230122002523,0.0,8.49027,Ptprs,Ptprs,0.327319587628866,0.03760428532678295,Oligodendrocytes,Astrocytes,0.0,1.0
Lrrc4b,Lrrc4b,0.12789230122002523,0.0,8.49027,Ptprf,Ptprf,0.12371134020618557,0.0,Oligodendrocytes,Astrocytes,0.0,1.0
Sema6a,Sema6a,0.21147104192960314,0.0,8.49027,Plxna2,Plxna2,0.10051546391752578,0.0,Oligodendrocytes,Astrocytes,0.0,1.0
Jam3,Jam3,0.2623755434020474,0.031415781118579345,8.49027,Itgb1,Itgb1,0.13402061855670103,0.0,Oligodendrocytes,Astrocytes,0.0,1.0
Sema4d,Sema4d,0.18384518300378627,0.0,8.49027,Plxnb1,Plxnb1,0.2036082474226804,0.0,Oligodendrocytes,Astrocytes,0.0,1.0
Nlgn1,Nlgn1,0.30360398261113447,0.0529812138718877,8.49027,Nrxn2,Nrxn2,0.13144329896907217,0.0,Oligodendrocytes,Astrocytes,0.0,1.0
Nlgn1,Nlgn1,0.21794871794871795,0.0,8.49027,Nrxn2,Nrxn2,0.5687139463861555,0.07009189015678263,Pericytes,Neurons,0.0,1.0
Nlgn1,Nlgn1,0.21794871794871795,0.0,8.49027,Nrxn1,Nrxn1,0.7875805904309467,0.41325534614377624,Pericytes,Neurons,0.0,1.0
Cspg4,Cspg4,0.2564102564102564,0.025105354529115442,8.49027,Itga3,Itga3_Itgb1,0.14183915846623685,0.0,Pericytes,Neurons,0.0,1.0
Ntrk3,Ntrk3,0.21794871794871795,0.0,8.49027,Ptprs,Ptprs,0.7047845266372582,0.11562943445945817,Pericytes,Neurons,0.0,1.0
Ntrk3,Ntrk3,0.21794871794871795,0.0,8.49027,Ptprf,Ptprf,0.31218187987784185,0.01650977048748159,Pericytes,Neurons,0.0,1.0
Sema5a,Sema5a,0.14102564102564102,0.0,8.49027,Plxna1,Plxna1,0.15778758059043094,0.0,Pericytes,Neurons,0.0,1.0
Col4a4,Col4a4,0.11538461538461539,0.0,8.49027,Itga3,Itga3_Itgb1,0.14183915846623685,0.0,Pericytes,Neurons,0.0,1.0
Col4a5,Col4a5,0.16025641025641027,0.0,8.49027,Cd47,Cd47,0.5337631489650492,0.060312963300451106,Pericytes,Neurons,0.0,1.0
Col4a5,Col4a5,0.16025641025641027,0.0,8.49027,Itga3,Itga3_Itgb1,0.14183915846623685,0.0,Pericytes,Neurons,0.0,1.0
Lama2,Lama2,0.5897435897435898,0.1839208897145983,8.49027,Itga3,Itga3_Itgb1,0.14183915846623685,0.0,Pericytes,Neurons,0.0,1.0
Lamc1,Lamc1,0.358974358974359,0.058983835942121754,8.49027,Itga3,Itga3_Itgb1,0.14183915846623685,0.0,Pericytes,Neurons,0.0,1.0
Col4a2,Col4a2,0.14743589743589744,0.0,8.49027,Itga3,Itga3_Itgb1,0.14183915846623685,0.0,Pericytes,Neurons,0.0,1.0
Col1a2,Col1a2,0.21794871794871795,0.0,8.49027,Itga3,Itga3_Itgb1,0.14183915846623685,0.0,Pericytes,Neurons,0.0,1.0
Vtn,Vtn,0.6217948717948718,0.2921541946454558,8.49027,Itga3,Itga3,0.14183915846623685,0.0,Pericytes,Neurons,0.0,1.0
Fn1,Fn1,0.1346153846153846,0.0,8.49027,Sdc2,Sdc2,0.27994570749915165,0.015238467101833075,Pericytes,Neurons,0.0,1.0
Fn1,Fn1,0.1346153846153846,0.0,8.49027,Itga3,Itga3_Itgb1,0.14183915846623685,0.0,Pericytes,Neurons,0.0,1.0
Col4a1,Col4a1,0.1346153846153846,0.0,8.49027,Cd47,Cd47,0.5337631489650492,0.060312963300451106,Pericytes,Neurons,0.0,1.0
Col4a1,Col4a1,0.1346153846153846,0.0,8.49027,Itga3,Itga3_Itgb1,0.14183915846623685,0.0,Pericytes,Neurons,0.0,1.0
Ntn1,Ntn1,0.20512820512820512,0.0,8.49027,Unc5a,Unc5a,0.13640990838140482,0.0,Pericytes,Neurons,0.0,1.0
Ntn1,Ntn1,0.20512820512820512,0.0,8.49027,Unc5d,Unc5d,0.4855785544621649,0.06336760440807598,Pericytes,Neurons,0.0,1.0
Ntn1,Ntn1,0.20512820512820512,0.0,8.49027,Dcc,Dcc,0.6386155412283678,0.1948195146670284,Pericytes,Neurons,0.0,1.0
Ntn1,Ntn1,0.20512820512820512,0.0,8.49027,Unc5c,Unc5c,0.6423481506616898,0.15009224311840974,Pericytes,Neurons,0.0,1.0
Lamc3,Lamc3,0.16025641025641027,0.0,8.49027,Dag1,Dag1,0.3752969121140142,0.02032648439585316,Pericytes,Neurons,0.0,1.0
Lamc3,Lamc3,0.16025641025641027,0.0,8.49027,Itga3,Itga3_Itgb1,0.14183915846623685,0.0,Pericytes,Neurons,0.0,1.0
Lama4,Lama4,0.28846153846153844,0.04737419015857269,8.49027,Itga3,Itga3_Itgb1,0.14183915846623685,0.0,Pericytes,Neurons,0.0,1.0
Col4a6,Col4a6,0.1346153846153846,0.0,8.49027,Cd47,Cd47,0.5337631489650492,0.060312963300451106,Pericytes,Neurons,0.0,1.0
Col4a6,Col4a6,0.1346153846153846,0.0,8.49027,Itga3,Itga3_Itgb1,0.14183915846623685,0.0,Pericytes,Neurons,0.0,1.0
Col4a3,Col4a3,0.1346153846153846,0.0,8.49027,Cd47,Cd47,0.5337631489650492,0.060312963300451106,Pericytes,Neurons,0.0,1.0
Col4a3,Col4a3,0.1346153846153846,0.0,8.49027,Itga3,Itga3_Itgb1,0.14183915846623685,0.0,Pericytes,Neurons,0.0,1.0
Lamb2,Lamb2,0.14102564102564102,0.0,8.49027,Dag1,Dag1,0.3752969121140142,0.02032648439585316,Pericytes,Neurons,0.0,1.0
Lamb2,Lamb2,0.14102564102564102,0.0,8.49027,Rpsa,Rpsa,0.5391923990498813,0.06098666045217982,Pericytes,Neurons,0.0,1.0
Lamb2,Lamb2,0.14102564102564102,0.0,8.49027,Itga3,Itga3_Itgb1,0.14183915846623685,0.0,Pericytes,Neurons,0.0,1.0
Col4a4,Col4a4,0.11538461538461539,0.0,8.49027,Cd47,Cd47,0.5337631489650492,0.060312963300451106,Pericytes,Neurons,0.0,1.0
Dcn,Dcn,0.16666666666666666,0.0,8.49027,Erbb4,Erbb4,0.40685442823210044,0.06937572341068332,Pericytes,Neurons,0.0,1.0
Fgf1,Fgf1,0.10256410256410256,0.0,8.49027,Tgfbr3,Tgfbr3,0.3155751611808619,0.017262785284403726,Pericytes,Neurons,0.0,1.0
Fgf1,Fgf1,0.10256410256410256,0.0,8.49027,Fgfr2,Fgfr2,0.652867322701052,0.0984659388323621,Pericytes,Neurons,0.0,1.0
Fgf1,Fgf1,0.10256410256410256,0.0,8.49027,Fgfr1,Fgfr1,0.3712249745503902,0.02053566882345237,Pericytes,Neurons,0.0,1.0
Fgf1,Fgf1,0.10256410256410256,0.0,8.49027,Nrp1,Nrp1,0.35595520868680014,0.024951535197359598,Pericytes,Neurons,0.0,1.0
Trf,Trf,0.1346153846153846,0.0,8.49027,Tfrc,Tfrc,0.3983712249745504,0.021560432510546068,Pericytes,Neurons,0.0,1.0
Trf,Trf,0.1346153846153846,0.0,8.49027,Ldlr,Ldlr,0.18730912792670512,0.0,Pericytes,Neurons,0.0,1.0
Apoe,Apoe,0.5064102564102564,0.1292165735829045,8.49027,Scarb1,Scarb1,0.15405497115710892,0.0,Pericytes,Neurons,0.0,1.0
Apoe,Apoe,0.5064102564102564,0.1292165735829045,8.49027,Vldlr,Vldlr,0.15710892432982695,0.0,Pericytes,Neurons,0.0,1.0
Apoe,Apoe,0.5064102564102564,0.1292165735829045,8.49027,Ldlr,Ldlr,0.18730912792670512,0.0,Pericytes,Neurons,0.0,1.0
Lgi1,Lgi1,0.15384615384615385,0.0,8.49027,Adam23,Adam23,0.677638276213098,0.12573140262250315,Pericytes,Neurons,0.0,1.0
Ntn1,Ntn1,0.20512820512820512,0.0,8.49027,Neo1,Neo1,0.5293518832711231,0.0633426698875692,Pericytes,Neurons,0.0,1.0
Bmp5,Bmp5,0.19230769230769232,0.0,8.49027,Acvr1,Acvr1_Acvr2a,0.3678316932473702,0.020556148055699386,Pericytes,Neurons,0.0,1.0
Bmp5,Bmp5,0.19230769230769232,0.0,8.49027,Acvr2a,Acvr2a_Bmpr1a,0.44316253817441464,0.0239490040743906,Pericytes,Neurons,0.0,1.0
Ptn,Ptn,0.75,0.28153483474312335,8.49027,Sdc3,Sdc3,0.1340346114692908,0.0,Pericytes,Neurons,0.0,1.0
Vegfa,Vegfa,0.11538461538461539,0.0,8.49027,Sirpa,Sirpa,0.2704445198506956,0.013012020380032852,Pericytes,Neurons,0.0,1.0
Vegfa,Vegfa,0.11538461538461539,0.0,8.49027,Gpc1,Gpc1,0.2653545978961656,0.012230857498371661,Pericytes,Neurons,0.0,1.0
Vegfa,Vegfa,0.11538461538461539,0.0,8.49027,Ephb2,Ephb2,0.4024431625381744,0.02172649532896731,Pericytes,Neurons,0.0,1.0
Vegfa,Vegfa,0.11538461538461539,0.0,8.49027,Itgb1,Itgb1,0.35900916185951814,0.019341463775530476,Pericytes,Neurons,0.0,1.0
Vegfa,Vegfa,0.11538461538461539,0.0,8.49027,Nrp2,Nrp2,0.24431625381744146,0.0,Pericytes,Neurons,0.0,1.0
Vegfa,Vegfa,0.11538461538461539,0.0,8.49027,Nrp1,Nrp1,0.35595520868680014,0.024951535197359598,Pericytes,Neurons,0.0,1.0
Nid1,Nid1,0.27564102564102566,0.03747312680037118,8.49027,Itga3,Itga3,0.14183915846623685,0.0,Pericytes,Neurons,0.0,1.0
Vegfb,Vegfb,0.10897435897435898,0.0,8.49027,Nrp1,Nrp1,0.35595520868680014,0.024951535197359598,Pericytes,Neurons,0.0,1.0
Cxcl12,Cxcl12,0.1346153846153846,0.0,8.49027,Grm7,Grm7,0.7010519172039362,0.24622017093220494,Pericytes,Neurons,0.0,1.0
Cxcl12,Cxcl12,0.1346153846153846,0.0,8.49027,Itgb1,Itgb1,0.35900916185951814,0.019341463775530476,Pericytes,Neurons,0.0,1.0
Calr,Calr,0.22435897435897437,0.0,8.49027,Lrp1,Lrp1,0.5218866644044792,0.05486633786237893,Pericytes,Neurons,0.0,1.0
Calr,Calr,0.22435897435897437,0.0,8.49027,Itga3,Itga3,0.14183915846623685,0.0,Pericytes,Neurons,0.0,1.0
Fgfr3,Fgfr3,0.14743589743589744,0.0,8.49027,Epha4,Epha4,0.2952154733627418,0.0170317017592031,Pericytes,Neurons,0.0,1.0
Bmp6,Bmp6,0.1282051282051282,0.0,8.49027,Acvr1,Acvr1_Bmpr2,0.3678316932473702,0.020556148055699386,Pericytes,Neurons,0.0,1.0
Bmp6,Bmp6,0.1282051282051282,0.0,8.49027,Acvr2b,Acvr1_Acvr2b,0.10383440787241262,0.0,Pericytes,Neurons,0.0,1.0
Bmp6,Bmp6,0.1282051282051282,0.0,8.49027,Bmpr1a,Bmpr1a_Bmpr2,0.4272141160502206,0.02495585007866219,Pericytes,Neurons,0.0,1.0
Bmp6,Bmp6,0.1282051282051282,0.0,8.49027,Acvr2b,Acvr2b_Bmpr1a,0.10383440787241262,0.0,Pericytes,Neurons,0.0,1.0
Bmp6,Bmp6,0.1282051282051282,0.0,8.49027,Acvr1,Acvr1_Acvr2a,0.3678316932473702,0.020556148055699386,Pericytes,Neurons,0.0,1.0
Bmp6,Bmp6,0.1282051282051282,0.0,8.49027,Acvr2a,Acvr2a_Bmpr1a,0.44316253817441464,0.0239490040743906,Pericytes,Neurons,0.0,1.0
Bmp5,Bmp5,0.19230769230769232,0.0,8.49027,Acvr1,Acvr1_Bmpr2,0.3678316932473702,0.020556148055699386,Pericytes,Neurons,0.0,1.0
Bmp5,Bmp5,0.19230769230769232,0.0,8.49027,Acvr2b,Acvr1_Acvr2b,0.10383440787241262,0.0,Pericytes,Neurons,0.0,1.0
Bmp5,Bmp5,0.19230769230769232,0.0,8.49027,Bmpr1a,Bmpr1a_Bmpr2,0.4272141160502206,0.02495585007866219,Pericytes,Neurons,0.0,1.0
Bmp5,Bmp5,0.19230769230769232,0.0,8.49027,Acvr2b,Acvr2b_Bmpr1a,0.10383440787241262,0.0,Pericytes,Neurons,0.0,1.0
Gpi1,Gpi1,0.19230769230769232,0.0,8.49027,Amfr,Amfr,0.30709195792331184,0.015342377903118654,Pericytes,Neurons,0.0,1.0
Gnai2,Gnai2,0.22435897435897437,0.0,8.49027,Adcy1,Adcy1,0.3461146929080421,0.018539273196945816,Pericytes,Neurons,0.0,1.0
Spon1,Spon1,0.11538461538461539,0.0,8.49027,Lrp8,Lrp8,0.41839158466236853,0.02227197548003701,Pericytes,Neurons,0.0,1.0
Spon1,Spon1,0.11538461538461539,0.0,8.49027,App,App,0.8177807940278249,0.2096492676470556,Pericytes,Neurons,0.0,1.0
Sema3c,Sema3c,0.10256410256410256,0.0,8.49027,Nrp2,Nrp2_Plxna1,0.24431625381744146,0.0,Pericytes,Neurons,0.0,1.0
Sema3c,Sema3c,0.10256410256410256,0.0,8.49027,Nrp2,Nrp2_Plxna4,0.24431625381744146,0.0,Pericytes,Neurons,0.0,1.0
Sema3c,Sema3c,0.10256410256410256,0.0,8.49027,Nrp2,Nrp2_Plxna2,0.24431625381744146,0.0,Pericytes,Neurons,0.0,1.0
Adam10,Adam10,0.2507362221287337,0.012589448969097583,8.49027,Tspan12,Tspan12,0.1211340206185567,0.0,Oligodendrocytes,Astrocytes,0.0,1.0
Bmp7,Bmp7,0.11330049261083744,0.0,8.49027,Actr2,Actr2,0.15979381443298968,0.0,OPCs,Astrocytes,0.0,1.0
Fstl5,Fstl5,0.2512315270935961,0.012311923648953615,8.49027,Sdk2,Sdk2,0.18814432989690721,0.0,OPCs,Astrocytes,0.0,1.0
Slitrk1,Slitrk1,0.22167487684729065,0.0,8.49027,Enpep,Enpep,0.17783505154639176,0.0,OPCs,Astrocytes,0.0,1.0
Sparc,Sparc,0.5911330049261084,0.1254354791644805,8.49027,Fgfr1,Fgfr1,0.2268041237113402,0.0,OPCs,Astrocytes,0.0,1.0
Cntn2,Cntn2,0.286916281026504,0.04029360596025944,8.49027,Nrp1,Nrp1,0.17525773195876287,0.0,Oligodendrocytes,Astrocytes,0.0,1.0
B2m,B2m,0.11008273734399103,0.0,8.49027,Tfrc,Tfrc,0.11855670103092783,0.0,Oligodendrocytes,Astrocytes,0.0,1.0
Nrxn2,Nrxn2,0.15972514373860608,0.0,8.49027,Nlgn1,Nlgn1,0.7087628865979382,0.2577157641444432,Oligodendrocytes,Astrocytes,0.0,1.0
Nrxn1,Nrxn1,0.21778151731874912,0.0,8.49027,Nlgn1,Nlgn1,0.7087628865979382,0.2577157641444432,Oligodendrocytes,Astrocytes,0.0,1.0
St6gal1,St6gal1,0.24442574673958772,0.0,8.49027,Egfr,Egfr,0.3582474226804124,0.04175933524722142,Oligodendrocytes,Astrocytes,0.0,1.0
Sema3c,Sema3c,0.10256410256410256,0.0,8.49027,Plxna1,Nrp1_Plxna1,0.15778758059043094,0.0,Pericytes,Neurons,0.0,1.0
Sema3c,Sema3c,0.10256410256410256,0.0,8.49027,Nrp1,Nrp1_Plxna4,0.35595520868680014,0.024951535197359598,Pericytes,Neurons,0.0,1.0
Sema3c,Sema3c,0.10256410256410256,0.0,8.49027,Nrp1,Nrp1_Plxna2,0.35595520868680014,0.024951535197359598,Pericytes,Neurons,0.0,1.0
Bcan,Bcan,0.14102564102564102,0.0,8.49027,Nrcam,Nrcam,0.66270783847981,0.11866098037771522,Pericytes,Neurons,0.0,1.0
Rgma,Rgma,0.24358974358974358,0.0,8.49027,Neo1,Neo1,0.5293518832711231,0.0633426698875692,Pericytes,Neurons,0.0,1.0
Rgma,Rgma,0.24358974358974358,0.0,8.49027,Bmpr2,Bmpr2,0.5721072276891754,0.07647188400580784,Pericytes,Neurons,0.0,1.0
Il18,Il18,0.16025641025641027,0.0,8.49027,Il1rapl1,Il1rapl1,0.6935866983372921,0.2682423317214111,Pericytes,Neurons,0.0,1.0
Lrpap1,Lrpap1,0.16666666666666666,0.0,8.49027,Lrp1,Lrp1,0.5218866644044792,0.05486633786237893,Pericytes,Neurons,0.0,1.0
Serpine2,Serpine2,0.1794871794871795,0.0,8.49027,Lrp1,Lrp1,0.5218866644044792,0.05486633786237893,Pericytes,Neurons,0.0,1.0
Lrpap1,Lrpap1,0.16666666666666666,0.0,8.49027,Ldlr,Ldlr,0.18730912792670512,0.0,Pericytes,Neurons,0.0,1.0
Agrn,Agrn,0.20512820512820512,0.0,8.49027,Atp1a3,Atp1a3,0.8106549032914828,0.17040456571754514,Pericytes,Neurons,0.0,1.0
Col5a2,Col5a2,0.12179487179487179,0.0,8.49027,Ddr1,Ddr1,0.21445537835086528,0.0,Pericytes,Neurons,0.0,1.0
Gnas,Gnas,0.5833333333333334,0.1670952097162841,8.49027,Crhr1,Crhr1,0.1350525958601968,0.0,Pericytes,Neurons,0.0,1.0
Gnai2,Gnai2,0.22435897435897437,0.0,8.49027,Cnr1,Cnr1,0.1856124872751951,0.0,Pericytes,Neurons,0.0,1.0
Gnai2,Gnai2,0.22435897435897437,0.0,8.49027,Oprm1,Oprm1,0.25110281642348153,0.01024508014800124,Pericytes,Neurons,0.0,1.0
Gnai2,Gnai2,0.22435897435897437,0.0,8.49027,Adora1,Adora1,0.1503223617237869,0.0,Pericytes,Neurons,0.0,1.0
Tfpi,Tfpi,0.16025641025641027,0.0,8.49027,Lrp1,Lrp1,0.5218866644044792,0.05486633786237893,Pericytes,Neurons,0.0,1.0
Plat,Plat,0.15384615384615385,0.0,8.49027,Lrp1,Lrp1,0.5218866644044792,0.05486633786237893,Pericytes,Neurons,0.0,1.0
Arf1,Arf1,0.1346153846153846,0.0,8.49027,Insr,Insr,0.45978961655921274,0.02585064343321919,Pericytes,Neurons,0.0,1.0
Fstl1,Fstl1,0.21794871794871795,0.0,8.49027,Dip2a,Dip2a,0.4231421784865965,0.022607076866828058,Pericytes,Neurons,0.0,1.0
Tfpi,Tfpi,0.16025641025641027,0.0,8.49027,Vldlr,Vldlr,0.15710892432982695,0.0,Pericytes,Neurons,0.0,1.0
Serping1,Serping1,0.14102564102564102,0.0,8.49027,Lrp1,Lrp1,0.5218866644044792,0.05486633786237893,Pericytes,Neurons,0.0,1.0
Lgi1,Lgi1,0.15384615384615385,0.0,8.49027,Adam22,Adam22,0.7200542925008483,0.14170483696200087,Pericytes,Neurons,0.0,1.0
Lrpap1,Lrpap1,0.16666666666666666,0.0,8.49027,Vldlr,Vldlr,0.15710892432982695,0.0,Pericytes,Neurons,0.0,1.0
Rtn4,Rtn4,0.27564102564102566,0.02943821230994259,8.49027,Rtn4rl1,Rtn4rl1,0.14387512724804885,0.0,Pericytes,Neurons,0.0,1.0
Gnai2,Gnai2,0.22435897435897437,0.0,8.49027,P2ry12,P2ry12,0.20936545639633525,0.0,Pericytes,Neurons,0.0,1.0
Lrpap1,Lrpap1,0.16666666666666666,0.0,8.49027,Lrp8,Lrp8,0.41839158466236853,0.02227197548003701,Pericytes,Neurons,0.0,1.0
Gnai2,Gnai2,0.22435897435897437,0.0,8.49027,Igf1r,Igf1r,0.5463182897862233,0.07116360593035465,Pericytes,Neurons,0.0,1.0
Gpc3,Gpc3,0.15384615384615385,0.0,8.49027,Igf1r,Igf1r,0.5463182897862233,0.07116360593035465,Pericytes,Neurons,0.0,1.0
Gpc3,Gpc3,0.15384615384615385,0.0,8.49027,Cd81,Cd81,0.6084153376314897,0.0763999254402572,Pericytes,Neurons,0.0,1.0
Lrpap1,Lrpap1,0.16666666666666666,0.0,8.49027,Sorl1,Sorl1,0.4482524601289447,0.025846978811637,Pericytes,Neurons,0.0,1.0
Lrpap1,Lrpap1,0.16666666666666666,0.0,8.49027,Sort1,Sort1,0.39531727180183235,0.02145125644836654,Pericytes,Neurons,0.0,1.0
Arf1,Arf1,0.1346153846153846,0.0,8.49027,Chrm3,Chrm3,0.36443841194435017,0.035186683746999625,Pericytes,Neurons,0.0,1.0
Gpc3,Gpc3,0.15384615384615385,0.0,8.49027,Lrp1,Lrp1,0.5218866644044792,0.05486633786237893,Pericytes,Neurons,0.0,1.0
Lgals8,Lgals8,0.14102564102564102,0.0,8.49027,Itga3,Itga3,0.14183915846623685,0.0,Pericytes,Neurons,0.0,1.0
Hspa8,Hspa8,0.40384615384615385,0.053852463612357404,8.49027,Ldlr,Ldlr,0.18730912792670512,0.0,Pericytes,Neurons,0.0,1.0
Actr2,Actr2,0.16666666666666666,0.0,8.49027,Ldlr,Ldlr,0.18730912792670512,0.0,Pericytes,Neurons,0.0,1.0
Fgf14,Fgf14,0.22435897435897437,0.0,8.49027,Fgfr1,Fgfr1,0.3712249745503902,0.02053566882345237,Pericytes,Neurons,0.0,1.0
Fgf14,Fgf14,0.22435897435897437,0.0,8.49027,Fgfr2,Fgfr2,0.652867322701052,0.0984659388323621,Pericytes,Neurons,0.0,1.0
Gnas,Gnas,0.5833333333333334,0.1670952097162841,8.49027,Adcy7,Adcy7,0.13165931455717678,0.0,Pericytes,Neurons,0.0,1.0
P4hb,P4hb,0.10897435897435898,0.0,8.49027,Mttp,Mttp,0.21445537835086528,0.0,Pericytes,Neurons,0.0,1.0
Gnai2,Gnai2,0.22435897435897437,0.0,8.49027,Adcy7,Adcy7,0.13165931455717678,0.0,Pericytes,Neurons,0.0,1.0
Gnai2,Gnai2,0.22435897435897437,0.0,8.49027,Ptpru,Ptpru,0.1798439090600611,0.0,Pericytes,Neurons,0.0,1.0
Tcn2,Tcn2,0.14743589743589744,0.0,8.49027,Cnr1,Cnr1,0.1856124872751951,0.0,Pericytes,Neurons,0.0,1.0
Kitl,Kitl,0.10897435897435898,0.0,8.49027,Lrrn3,Lrrn3,0.22599253478113335,0.0,Pericytes,Neurons,0.0,1.0
Timp3,Timp3,0.3269230769230769,0.049415463358765344,8.49027,Ddr1,Ddr1,0.21445537835086528,0.0,Pericytes,Neurons,0.0,1.0
Vegfa,Vegfa,0.11538461538461539,0.0,8.49027,Grin2b,Grin2b,0.7132677298948082,0.14490455531321067,Pericytes,Neurons,0.0,1.0
Fgf12,Fgf12,0.15384615384615385,0.0,8.49027,Fgfr2,Fgfr2,0.652867322701052,0.0984659388323621,Pericytes,Neurons,0.0,1.0
Fgf12,Fgf12,0.15384615384615385,0.0,8.49027,Fgfr1,Fgfr1,0.3712249745503902,0.02053566882345237,Pericytes,Neurons,0.0,1.0
Ncam1,Ncam1,0.22435897435897437,0.0,8.49027,Ptpra,Ptpra,0.4906684764166949,0.02802294791601867,Pericytes,Neurons,0.0,1.0
Psap,Psap,0.32051282051282054,0.039277326363552856,8.49027,Ar,Ar,0.2178486596538853,0.0,Pericytes,Neurons,0.0,1.0
Gnas,Gnas,0.5833333333333334,0.1670952097162841,8.49027,Adora1,Adora1,0.1503223617237869,0.0,Pericytes,Neurons,0.0,1.0
Gnai2,Gnai2,0.22435897435897437,0.0,8.49027,Adcy9,Adcy9,0.513403461146929,0.058345458160469654,Pericytes,Neurons,0.0,1.0
Gnai2,Gnai2,0.22435897435897437,0.0,8.49027,Adcy8,Adcy8,0.5564981336952833,0.08906501032086811,Pericytes,Neurons,0.0,1.0
Ncam1,Ncam1,0.22435897435897437,0.0,8.49027,Cacna1c,Cacna1c,0.7115710892432983,0.15558191294183343,Pericytes,Neurons,0.0,1.0
App,App,0.24742268041237114,0.0,8.49027,Lrp1,Lrp1,0.6896551724137931,0.14452961608495252,Astrocytes,OPCs,0.0,1.0
App,App,0.24742268041237114,0.0,8.49027,Aplp2,Aplp2,0.39408866995073893,0.03979491555012382,Astrocytes,OPCs,0.0,1.0
App,App,0.24742268041237114,0.0,8.49027,Vldlr,Vldlr,0.15763546798029557,0.0,Astrocytes,OPCs,0.0,1.0
App,App,0.24742268041237114,0.0,8.49027,Aplp1,Aplp1,0.26108374384236455,0.028880696650012805,Astrocytes,OPCs,0.0,1.0
App,App,0.24742268041237114,0.0,8.49027,Dcc,Dcc,0.8472906403940886,0.3290022314275842,Astrocytes,OPCs,0.0,1.0
App,App,0.24742268041237114,0.0,8.49027,Rpsa,Rpsa,0.4039408866995074,0.04046159059890697,Astrocytes,OPCs,0.0,1.0
App,App,0.24742268041237114,0.0,8.49027,Tspan12,Tspan12,0.11330049261083744,0.0,Astrocytes,OPCs,0.0,1.0
App,App,0.24742268041237114,0.0,8.49027,Lrp6,Lrp6,0.4088669950738916,0.038993602515021486,Astrocytes,OPCs,0.0,1.0
Fgf12,Fgf12,0.8029556650246306,0.2383535131189034,8.49027,Fgfr1,Fgfr1,0.2268041237113402,0.0,OPCs,Astrocytes,0.0,1.0
Gnas,Gnas,0.5911330049261084,0.13375737669993382,8.49027,Adora1,Adora1,0.14175257731958762,0.0,OPCs,Astrocytes,0.0,1.0
Gnai2,Gnai2,0.21182266009852216,0.0,8.49027,S1pr1,S1pr1,0.3479381443298969,0.04266512422161195,OPCs,Astrocytes,0.0,1.0
Sorbs1,Sorbs1,0.4236453201970443,0.044387628874306584,8.49027,Itgb5,Itgb5,0.17525773195876287,0.0,OPCs,Astrocytes,0.0,1.0
Gnai2,Gnai2,0.21182266009852216,0.0,8.49027,Adcy9,Adcy9,0.18298969072164947,0.0,OPCs,Astrocytes,0.0,1.0
Gnas,Gnas,0.5911330049261084,0.13375737669993382,8.49027,Adcy9,Adcy9,0.18298969072164947,0.0,OPCs,Astrocytes,0.0,1.0
App,App,0.5727106997616043,0.1912491237039715,8.49027,Tspan12,Tspan12,0.1211340206185567,0.0,Oligodendrocytes,Astrocytes,0.0,1.0
App,App,0.5727106997616043,0.1912491237039715,8.49027,Lrp6,Lrp6,0.24742268041237114,0.0,Oligodendrocytes,Astrocytes,0.0,1.0
Adam10,Adam10,0.2507362221287337,0.012589448969097583,8.49027,Notch2,Notch2,0.2345360824742268,0.0,Oligodendrocytes,Astrocytes,0.0,1.0
Adam10,Adam10,0.2507362221287337,0.012589448969097583,8.49027,Notch1,Notch1,0.22422680412371135,0.0,Oligodendrocytes,Astrocytes,0.0,1.0
Adam10,Adam10,0.2507362221287337,0.012589448969097583,8.49027,Axl,Axl,0.12886597938144329,0.0,Oligodendrocytes,Astrocytes,0.0,1.0
App,App,0.24742268041237114,0.0,8.49027,Tnfrsf21,Tnfrsf21,0.15270935960591134,0.0,Astrocytes,OPCs,0.0,1.0
H2-K1,H2-K1,0.19329896907216496,0.0,8.49027,Aplp2,Aplp2,0.39408866995073893,0.03979491555012382,Astrocytes,OPCs,0.0,1.0
Adam10,Adam10,0.26804123711340205,0.03152876922964609,8.49027,Tspan12,Tspan12,0.11330049261083744,0.0,Astrocytes,OPCs,0.0,1.0
Gpc3,Gpc3,0.15384615384615385,0.0,8.49027,Unc5d,Unc5d,0.4855785544621649,0.06336760440807598,Pericytes,Neurons,0.0,1.0
Ntn1,Ntn1,0.20512820512820512,0.0,8.49027,Dscam,Dscam,0.6610111978283,0.179574162359033,Pericytes,Neurons,0.0,1.0
Gpc3,Gpc3,0.15384615384615385,0.0,8.49027,Unc5c,Unc5c,0.6423481506616898,0.15009224311840974,Pericytes,Neurons,0.0,1.0
Sirpa,Sirpa,0.14690721649484537,0.0,8.49027,Cd47,Cd47,0.32019704433497537,0.0360192636563772,Astrocytes,OPCs,0.0,1.0
Nrxn2,Nrxn2,0.13144329896907217,0.0,8.49027,Nlgn3,Nlgn3,0.2857142857142857,0.030202463173612415,Astrocytes,OPCs,0.0,1.0
Nrxn2,Nrxn2,0.13144329896907217,0.0,8.49027,Nlgn2,Nlgn2,0.32019704433497537,0.0352717879139155,Astrocytes,OPCs,0.0,1.0
Nrxn2,Nrxn2,0.13144329896907217,0.0,8.49027,Nlgn1,Nlgn1,0.8669950738916257,0.45541186108127185,Astrocytes,OPCs,0.0,1.0
Fgf14,Fgf14,0.8571428571428571,0.33953198448739297,8.49027,Fgfr1,Fgfr1,0.2268041237113402,0.0,OPCs,Astrocytes,0.0,1.0
Gnai2,Gnai2,0.21182266009852216,0.0,8.49027,Ednrb,Ednrb,0.3402061855670103,0.03904009827888899,OPCs,Astrocytes,0.0,1.0
S100a1,S100a1,0.22167487684729065,0.0,8.49027,Trpm3,Trpm3,0.7087628865979382,0.3568421544872118,OPCs,Astrocytes,0.0,1.0
Farp2,Farp2,0.11822660098522167,0.0,8.49027,Plxna2,Plxna2,0.10051546391752578,0.0,OPCs,Astrocytes,0.0,1.0
Timp3,Timp3,0.2413793103448276,0.0,8.49027,Ddr1,Ddr1,0.2345360824742268,0.0,OPCs,Astrocytes,0.0,1.0
Ptn,Ptn,0.8669950738916257,0.27545202362701793,8.49027,Ncl,Ncl,0.14690721649484537,0.0,OPCs,Astrocytes,0.0,1.0
Mdk,Mdk,0.18719211822660098,0.0,8.49027,Ncl,Ncl,0.14690721649484537,0.0,OPCs,Astrocytes,0.0,1.0
Entpd1,Entpd1,0.21674876847290642,0.0,8.49027,Adora1,Adora1,0.14175257731958762,0.0,OPCs,Astrocytes,0.0,1.0
Vegfa,Vegfa,0.2955665024630542,0.0368593044404415,8.49027,Grin2b,Grin2b,0.13917525773195877,0.0,OPCs,Astrocytes,0.0,1.0
Ncam1,Ncam1,0.7139175257731959,0.21342884216016822,8.49027,Fgfr1,Fgfr1,0.13793103448275862,0.0,Astrocytes,OPCs,0.0,1.0
App,App,0.24742268041237114,0.0,8.49027,Grm7,Grm7,0.6847290640394089,0.17777367480478157,Astrocytes,OPCs,0.0,1.0
Agrn,Agrn,0.21649484536082475,0.0,8.49027,Itgb1,Itgb1,0.3251231527093596,0.03609275967810888,Astrocytes,OPCs,0.0,1.0
Agrn,Agrn,0.21649484536082475,0.0,8.49027,Lrp4,Lrp4,0.1921182266009852,0.0,Astrocytes,OPCs,0.0,1.0
Lrrc4b,Lrrc4b,0.18041237113402062,0.0,8.49027,Ptprs,Ptprs,0.5960591133004927,0.1327099197383872,Astrocytes,OPCs,0.0,1.0
Sema4b,Sema4b,0.1958762886597938,0.0,8.49027,Dcbld2,Dcbld2,0.18719211822660098,0.0,Astrocytes,OPCs,0.0,1.0
Sema4a,Sema4a,0.14948453608247422,0.0,8.49027,Plxnb3,Plxnb3,0.10344827586206896,0.0,Astrocytes,OPCs,0.0,1.0
Sema4a,Sema4a,0.14948453608247422,0.0,8.49027,Plxnb1,Plxnb1,0.1330049261083744,0.0,Astrocytes,OPCs,0.0,1.0
Slitrk2,Slitrk2,0.2190721649484536,0.0,8.49027,Ptprs,Ptprs,0.5960591133004927,0.1327099197383872,Astrocytes,OPCs,0.0,1.0
Alcam,Alcam,0.5103092783505154,0.11459767499572338,8.49027,Chl1,Chl1,0.15763546798029557,0.0,Astrocytes,OPCs,0.0,1.0
Cd47,Cd47,0.1056701030927835,0.0,8.49027,Sirpa,Sirpa,0.1330049261083744,0.0,Astrocytes,OPCs,0.0,1.0
Ccl25,Ccl25,0.10309278350515463,0.0,8.49027,Grm7,Grm7,0.6847290640394089,0.17777367480478157,Astrocytes,OPCs,0.0,1.0
Reln,Reln,0.13402061855670103,0.0,8.49027,Lrp8,Lrp8,0.10344827586206896,0.0,Astrocytes,OPCs,0.0,1.0
Reln,Reln,0.13402061855670103,0.0,8.49027,Vldlr,Vldlr,0.15763546798029557,0.0,Astrocytes,OPCs,0.0,1.0
Col4a5,Col4a5,0.12628865979381443,0.0,8.49027,Cd47,Cd47,0.32019704433497537,0.0360192636563772,Astrocytes,OPCs,0.0,1.0
Col4a5,Col4a5,0.12628865979381443,0.0,8.49027,Itgb8,Itgav_Itgb8,0.31527093596059114,0.033608434079646976,Astrocytes,OPCs,0.0,1.0
Col4a5,Col4a5,0.12628865979381443,0.0,8.49027,Itgb1,Itga9_Itgb1,0.3251231527093596,0.03609275967810888,Astrocytes,OPCs,0.0,1.0
Lgi1,Lgi1,0.1625615763546798,0.0,8.49027,Adam22,Adam22,0.17783505154639176,0.0,OPCs,Astrocytes,0.0,1.0
Col5a3,Col5a3,0.11330049261083744,0.0,8.49027,Sdc3,Sdc3,0.13144329896907217,0.0,OPCs,Astrocytes,0.0,1.0
Nampt,Nampt,0.10344827586206896,0.0,8.49027,Insr,Insr,0.23195876288659795,0.0,OPCs,Astrocytes,0.0,1.0
Mdk,Mdk,0.18719211822660098,0.0,8.49027,Sdc4,Sdc4,0.3634020618556701,0.04239928470925036,OPCs,Astrocytes,0.0,1.0
Gnai2,Gnai2,0.21182266009852216,0.0,8.49027,Egfr,Egfr,0.3582474226804124,0.04175933524722142,OPCs,Astrocytes,0.0,1.0
Gnai2,Gnai2,0.21182266009852216,0.0,8.49027,Igf1r,Igf1r,0.3634020618556701,0.041961547591853554,OPCs,Astrocytes,0.0,1.0
Psen1,Psen1,0.11822660098522167,0.0,8.49027,Notch3,Notch3,0.13659793814432988,0.0,OPCs,Astrocytes,0.0,1.0
Gnai2,Gnai2,0.21182266009852216,0.0,8.49027,Adcy8,Adcy8,0.3711340206185567,0.04234490158456372,OPCs,Astrocytes,0.0,1.0
Rims1,Rims1,0.7438423645320197,0.19555595266756942,8.49027,Cacna1c,Cacna1c,0.13144329896907217,0.0,OPCs,Astrocytes,0.0,1.0
Ncam1,Ncam1,0.8275862068965517,0.2684227441308553,8.49027,Cacna1c,Cacna1c,0.13144329896907217,0.0,OPCs,Astrocytes,0.0,1.0
Mdk,Mdk,0.18719211822660098,0.0,8.49027,Sorl1,Sorl1,0.34536082474226804,0.039568285558095995,OPCs,Astrocytes,0.0,1.0
Hspa8,Hspa8,0.458128078817734,0.04508802791911548,8.49027,Ldlr,Ldlr,0.10309278350515463,0.0,OPCs,Astrocytes,0.0,1.0
Actr2,Actr2,0.21182266009852216,0.0,8.49027,Ldlr,Ldlr,0.10309278350515463,0.0,OPCs,Astrocytes,0.0,1.0
Col1a2,Col1a2,0.11855670103092783,0.0,8.49027,Itgb8,Itgav_Itgb8,0.31527093596059114,0.033608434079646976,Astrocytes,OPCs,0.0,1.0
Col1a2,Col1a2,0.11855670103092783,0.0,8.49027,Itgb1,Itga9_Itgb1,0.3251231527093596,0.03609275967810888,Astrocytes,OPCs,0.0,1.0
Agrn,Agrn,0.21649484536082475,0.0,8.49027,Dag1,Dag1,0.270935960591133,0.02988240024947797,Astrocytes,OPCs,0.0,1.0
Agrn,Agrn,0.21649484536082475,0.0,8.49027,Lrp1,Lrp1,0.6896551724137931,0.14452961608495252,Astrocytes,OPCs,0.0,1.0
Bmp1,Bmp1,0.12628865979381443,0.0,8.49027,Bmpr2,Bmpr2,0.3645320197044335,0.037680004166155356,Astrocytes,OPCs,0.0,1.0
Bmp1,Bmp1,0.12628865979381443,0.0,8.49027,Bmpr1a,Bmpr1a,0.3842364532019704,0.039394576703313255,Astrocytes,OPCs,0.0,1.0
Fgf1,Fgf1,0.30412371134020616,0.036871358377714714,8.49027,Fgfrl1,Fgfrl1,0.1330049261083744,0.0,Astrocytes,OPCs,0.0,1.0
Fgf1,Fgf1,0.30412371134020616,0.036871358377714714,8.49027,Tgfbr3,Tgfbr3,0.10344827586206896,0.0,Astrocytes,OPCs,0.0,1.0
Fgf1,Fgf1,0.30412371134020616,0.036871358377714714,8.49027,Fgfr1,Fgfr1,0.13793103448275862,0.0,Astrocytes,OPCs,0.0,1.0
Trf,Trf,0.10824742268041238,0.0,8.49027,Ldlr,Ldlr,0.2019704433497537,0.0,Astrocytes,OPCs,0.0,1.0
Apoe,Apoe,0.8582474226804123,0.39041901806253865,8.49027,Lrp8,Lrp8,0.10344827586206896,0.0,Astrocytes,OPCs,0.0,1.0
Apoe,Apoe,0.8582474226804123,0.39041901806253865,8.49027,Vldlr,Vldlr,0.15763546798029557,0.0,Astrocytes,OPCs,0.0,1.0
Apoe,Apoe,0.8582474226804123,0.39041901806253865,8.49027,Ldlr,Ldlr,0.2019704433497537,0.0,Astrocytes,OPCs,0.0,1.0
Apoe,Apoe,0.8582474226804123,0.39041901806253865,8.49027,Lrp5,Lrp5,0.12807881773399016,0.0,Astrocytes,OPCs,0.0,1.0
Apoe,Apoe,0.8582474226804123,0.39041901806253865,8.49027,Lrp4,Lrp4,0.1921182266009852,0.0,Astrocytes,OPCs,0.0,1.0
Rtn4,Rtn4,0.4729064039408867,0.045679641408594485,8.49027,Tnfrsf19,Tnfrsf19,0.211340206185567,0.0,OPCs,Astrocytes,0.0,1.0
Cthrc1,Cthrc1,0.30049261083743845,0.03461556089783291,8.49027,Fzd3,Fzd3,0.12886597938144329,0.0,OPCs,Astrocytes,0.0,1.0
Fbn1,Fbn1,0.26108374384236455,0.029961844260932846,8.49027,Itgb1,Itgb1,0.13402061855670103,0.0,OPCs,Astrocytes,0.0,1.0
Gnai2,Gnai2,0.21182266009852216,0.0,8.49027,Adora1,Adora1,0.14175257731958762,0.0,OPCs,Astrocytes,0.0,1.0
Timp2,Timp2,0.1625615763546798,0.0,8.49027,Itgb1,Itgb1,0.13402061855670103,0.0,OPCs,Astrocytes,0.0,1.0
Psen1,Psen1,0.11822660098522167,0.0,8.49027,Notch1,Notch1,0.22422680412371135,0.0,OPCs,Astrocytes,0.0,1.0
Ncan,Ncan,0.22167487684729065,0.0,8.49027,Sdc3,Sdc3,0.13144329896907217,0.0,OPCs,Astrocytes,0.0,1.0
Ncan,Ncan,0.22167487684729065,0.0,8.49027,Cdh2,Cdh2,0.5541237113402062,0.14553930533010684,OPCs,Astrocytes,0.0,1.0
Mmp2,Mmp2,0.11330049261083744,0.0,8.49027,Fgfr1,Fgfr1,0.2268041237113402,0.0,OPCs,Astrocytes,0.0,1.0
Vcl,Vcl,0.15763546798029557,0.0,8.49027,Itgb5,Itgb5,0.17525773195876287,0.0,OPCs,Astrocytes,0.0,1.0
Itgb3bp,Itgb3bp,0.1330049261083744,0.0,8.49027,Itgb5,Itgb5,0.17525773195876287,0.0,OPCs,Astrocytes,0.0,1.0
Vegfa,Vegfa,0.36597938144329895,0.04257731020042266,8.49027,Sirpa,Sirpa,0.1330049261083744,0.0,Astrocytes,OPCs,0.0,1.0
Vegfa,Vegfa,0.36597938144329895,0.04257731020042266,8.49027,Ephb2,Ephb2,0.14285714285714285,0.0,Astrocytes,OPCs,0.0,1.0
Vegfa,Vegfa,0.36597938144329895,0.04257731020042266,8.49027,Nrp2,Nrp2,0.1921182266009852,0.0,Astrocytes,OPCs,0.0,1.0
Spon1,Spon1,0.4484536082474227,0.0486828795291987,8.49027,Lrp8,Lrp8,0.10344827586206896,0.0,Astrocytes,OPCs,0.0,1.0
Lgi4,Lgi4,0.17010309278350516,0.0,8.49027,Adam23,Adam23,0.3645320197044335,0.04171960183342871,Astrocytes,OPCs,0.0,1.0
Enho,Enho,0.25257731958762886,0.021444441445682805,8.49027,Gpr19,Gpr19,0.11330049261083744,0.0,Astrocytes,OPCs,0.0,1.0
Rgma,Rgma,0.2019704433497537,0.0,8.49027,Neo1,Neo1,0.36597938144329895,0.042352115869531914,OPCs,Astrocytes,0.0,1.0
Rgma,Rgma,0.2019704433497537,0.0,8.49027,Bmpr2,Bmpr2,0.27835051546391754,0.034416874522912755,OPCs,Astrocytes,0.0,1.0
Rgma,Rgma,0.2019704433497537,0.0,8.49027,Bmpr1b,Bmpr1b,0.5128865979381443,0.12203669182939225,OPCs,Astrocytes,0.0,1.0
Fgf13,Fgf13,0.13793103448275862,0.0,8.49027,Fgfr3,Fgfr3,0.5876288659793815,0.14916771946821505,OPCs,Astrocytes,0.0,1.0
Fgf13,Fgf13,0.13793103448275862,0.0,8.49027,Fgfr2,Fgfr2,0.5,0.08306514373716856,OPCs,Astrocytes,0.0,1.0
Fgf13,Fgf13,0.13793103448275862,0.0,8.49027,Fgfr1,Fgfr1,0.2268041237113402,0.0,OPCs,Astrocytes,0.0,1.0
Fgf13,Fgf13,0.13793103448275862,0.0,8.49027,Egfr,Egfr,0.3582474226804124,0.04175933524722142,OPCs,Astrocytes,0.0,1.0
Psen1,Psen1,0.11822660098522167,0.0,8.49027,Notch2,Notch2,0.2345360824742268,0.0,OPCs,Astrocytes,0.0,1.0
Lrpap1,Lrpap1,0.2561576354679803,0.026917150986223604,8.49027,Ldlr,Ldlr,0.10309278350515463,0.0,OPCs,Astrocytes,0.0,1.0
Agrn,Agrn,0.3054187192118227,0.036506940895809636,8.49027,Atp1a3,Atp1a3,0.1211340206185567,0.0,OPCs,Astrocytes,0.0,1.0
Col11a1,Col11a1,0.3448275862068966,0.03889148277998333,8.49027,Ddr1,Ddr1,0.2345360824742268,0.0,OPCs,Astrocytes,0.0,1.0
Angpt1,Angpt1,0.19072164948453607,0.0,8.49027,Itgb1,Itgb1,0.3251231527093596,0.03609275967810888,Astrocytes,OPCs,0.0,1.0
Gas6,Gas6,0.11082474226804123,0.0,8.49027,Mertk,Mertk,0.3448275862068966,0.036240011474443,Astrocytes,OPCs,0.0,1.0
Ybx1,Ybx1,0.12628865979381443,0.0,8.49027,Notch1,Notch1,0.2512315270935961,0.012464456501964372,Astrocytes,OPCs,0.0,1.0
Tgfb2,Tgfb2,0.10309278350515463,0.0,8.49027,Tgfbr3,Tgfbr3,0.10344827586206896,0.0,Astrocytes,OPCs,0.0,1.0
Calr,Calr,0.15721649484536082,0.0,8.49027,Lrp1,Lrp1,0.6896551724137931,0.14452961608495252,Astrocytes,OPCs,0.0,1.0
Calr,Calr,0.15721649484536082,0.0,8.49027,Itgav,Itgav,0.5320197044334976,0.10911949221648332,Astrocytes,OPCs,0.0,1.0
Fgfr3,Fgfr3,0.5876288659793815,0.14916771946821505,8.49027,Epha4,Epha4,0.10837438423645321,0.0,Astrocytes,OPCs,0.0,1.0
Lrpap1,Lrpap1,0.17525773195876287,0.0,8.49027,Vldlr,Vldlr,0.15763546798029557,0.0,Astrocytes,OPCs,0.0,1.0
Lrpap1,Lrpap1,0.17525773195876287,0.0,8.49027,Lrp8,Lrp8,0.10344827586206896,0.0,Astrocytes,OPCs,0.0,1.0
Gnai2,Gnai2,0.13402061855670103,0.0,8.49027,Igf1r,Igf1r,0.4975369458128079,0.049010155860757854,Astrocytes,OPCs,0.0,1.0
Lrpap1,Lrpap1,0.17525773195876287,0.0,8.49027,Lrp1,Lrp1,0.6896551724137931,0.14452961608495252,Astrocytes,OPCs,0.0,1.0
Lrpap1,Lrpap1,0.17525773195876287,0.0,8.49027,Ldlr,Ldlr,0.2019704433497537,0.0,Astrocytes,OPCs,0.0,1.0
Agrn,Agrn,0.21649484536082475,0.0,8.49027,Atp1a3,Atp1a3,0.15763546798029557,0.0,Astrocytes,OPCs,0.0,1.0
Rtn4,Rtn4,0.3247422680412371,0.03793475591661777,8.49027,Tnfrsf19,Tnfrsf19,0.12315270935960591,0.0,Astrocytes,OPCs,0.0,1.0
Gnai2,Gnai2,0.13402061855670103,0.0,8.49027,Cav1,Cav1,0.1625615763546798,0.0,Astrocytes,OPCs,0.0,1.0
Gnai2,Gnai2,0.13402061855670103,0.0,8.49027,Adora1,Adora1,0.18719211822660098,0.0,Astrocytes,OPCs,0.0,1.0
Fstl1,Fstl1,0.27319587628865977,0.03505408166155943,8.49027,Dip2a,Dip2a,0.16748768472906403,0.0,Astrocytes,OPCs,0.0,1.0
Omg,Omg,0.14690721649484537,0.0,8.49027,Lingo1,Lingo1,0.1625615763546798,0.0,Astrocytes,OPCs,0.0,1.0
Gpi1,Gpi1,0.2603092783505155,0.028770024376195913,8.49027,Amfr,Amfr,0.13793103448275862,0.0,Astrocytes,OPCs,0.0,1.0
Rtn4,Rtn4,0.3247422680412371,0.03793475591661777,8.49027,Lingo1,Lingo1,0.1625615763546798,0.0,Astrocytes,OPCs,0.0,1.0
Actr2,Actr2,0.15979381443298968,0.0,8.49027,Ldlr,Ldlr,0.2019704433497537,0.0,Astrocytes,OPCs,0.0,1.0
Fgf14,Fgf14,0.6675257731958762,0.21715183266954052,8.49027,Fgfr1,Fgfr1,0.13793103448275862,0.0,Astrocytes,OPCs,0.0,1.0
Gnai2,Gnai2,0.13402061855670103,0.0,8.49027,Ednrb,Ednrb,0.22167487684729065,0.0,Astrocytes,OPCs,0.0,1.0
S100a1,S100a1,0.17783505154639176,0.0,8.49027,Ryr2,Ryr2,0.20689655172413793,0.0,Astrocytes,OPCs,0.0,1.0
S100a1,S100a1,0.17783505154639176,0.0,8.49027,Trpm3,Trpm3,0.32019704433497537,0.03827089982506582,Astrocytes,OPCs,0.0,1.0
Lin7c,Lin7c,0.10051546391752578,0.0,8.49027,Abca1,Abca1,0.22660098522167488,0.0,Astrocytes,OPCs,0.0,1.0
Rims2,Rims2,0.45618556701030927,0.05477697497694334,8.49027,Abca1,Abca1,0.22660098522167488,0.0,Astrocytes,OPCs,0.0,1.0
Adam10,Adam10,0.26804123711340205,0.03152876922964609,8.49027,Tspan5,Tspan5,0.18719211822660098,0.0,Astrocytes,OPCs,0.0,1.0
Apoe,Apoe,0.8582474226804123,0.39041901806253865,8.49027,Abca1,Abca1,0.22660098522167488,0.0,Astrocytes,OPCs,0.0,1.0
Megf10,Megf10,0.3015463917525773,0.03794975664490463,8.49027,Abca1,Abca1,0.22660098522167488,0.0,Astrocytes,OPCs,0.0,1.0
Lgi4,Lgi4,0.17010309278350516,0.0,8.49027,Adam22,Adam22,0.5369458128078818,0.11019019354978976,Astrocytes,OPCs,0.0,1.0
Timp3,Timp3,0.38402061855670105,0.043877395257204466,8.49027,Ddr1,Ddr1,0.2019704433497537,0.0,Astrocytes,OPCs,0.0,1.0
Ptn,Ptn,0.41494845360824745,0.049143312553678875,8.49027,Ncl,Ncl,0.1921182266009852,0.0,Astrocytes,OPCs,0.0,1.0
Mdk,Mdk,0.2654639175257732,0.03304866225542413,8.49027,Ncl,Ncl,0.1921182266009852,0.0,Astrocytes,OPCs,0.0,1.0
Entpd1,Entpd1,0.11082474226804123,0.0,8.49027,Adora1,Adora1,0.18719211822660098,0.0,Astrocytes,OPCs,0.0,1.0
Fgf12,Fgf12,0.1958762886597938,0.0,8.49027,Fgfr2,Fgfr2,0.46798029556650245,0.04434428173645366,Astrocytes,OPCs,0.0,1.0
Fgf12,Fgf12,0.1958762886597938,0.0,8.49027,Fgfr1,Fgfr1,0.13793103448275862,0.0,Astrocytes,OPCs,0.0,1.0
Vegfb,Vegfb,0.11822660098522167,0.0,8.49027,Nrp1,Nrp1,0.17525773195876287,0.0,OPCs,Astrocytes,0.0,1.0
Mdk,Mdk,0.18719211822660098,0.0,8.49027,Lrp1,Lrp1,0.4742268041237113,0.05117955567463084,OPCs,Astrocytes,0.0,1.0
Mdk,Mdk,0.18719211822660098,0.0,8.49027,Notch2,Notch2,0.2345360824742268,0.0,OPCs,Astrocytes,0.0,1.0
Mdk,Mdk,0.18719211822660098,0.0,8.49027,Sdc2,Sdc2,0.3427835051546392,0.04035273484009849,OPCs,Astrocytes,0.0,1.0
Mdk,Mdk,0.18719211822660098,0.0,8.49027,Ptprz1,Ptprz1,0.7164948453608248,0.22067333919537102,OPCs,Astrocytes,0.0,1.0
Gpi1,Gpi1,0.1330049261083744,0.0,8.49027,Amfr,Amfr,0.15206185567010308,0.0,OPCs,Astrocytes,0.0,1.0
Cntn6,Cntn6,0.625615763546798,0.15704105363233012,8.49027,Notch1,Notch1,0.22422680412371135,0.0,OPCs,Astrocytes,0.0,1.0
Fgf13,Fgf13,0.13793103448275862,0.0,8.49027,Scn8a,Scn8a,0.21649484536082475,0.0,OPCs,Astrocytes,0.0,1.0
Psap,Psap,0.5566502463054187,0.11329936696449328,8.49027,Gpr37,Gpr37,0.1211340206185567,0.0,OPCs,Astrocytes,0.0,1.0
Spon1,Spon1,0.729064039408867,0.17417848446291417,8.49027,App,App,0.24742268041237114,0.0,OPCs,Astrocytes,0.0,1.0
Gnas,Gnas,0.5850515463917526,0.14114899038977446,8.49027,Adora1,Adora1,0.18719211822660098,0.0,Astrocytes,OPCs,0.0,1.0
Gnai2,Gnai2,0.13402061855670103,0.0,8.49027,Adcy9,Adcy9,0.29064039408866993,0.0317211574749936,Astrocytes,OPCs,0.0,1.0
Gnai2,Gnai2,0.13402061855670103,0.0,8.49027,Adcy8,Adcy8,0.3448275862068966,0.03875941599606736,Astrocytes,OPCs,0.0,1.0
Hsp90b1,Hsp90b1,0.1958762886597938,0.0,8.49027,Lrp1,Lrp1,0.6896551724137931,0.14452961608495252,Astrocytes,OPCs,0.0,1.0
Hspa8,Hspa8,0.38402061855670105,0.04504269139018813,8.49027,Ldlr,Ldlr,0.2019704433497537,0.0,Astrocytes,OPCs,0.0,1.0
App,App,0.29218106995884774,0.047175932024871914,8.49027,Vldlr,Vldlr,0.15763546798029557,0.0,Microglia,OPCs,0.0,1.0
App,App,0.29218106995884774,0.047175932024871914,8.49027,Tspan12,Tspan12,0.11330049261083744,0.0,Microglia,OPCs,0.0,1.0
App,App,0.29218106995884774,0.047175932024871914,8.49027,Tnfrsf21,Tnfrsf21,0.15270935960591134,0.0,Microglia,OPCs,0.0,1.0
Tgfa,Tgfa,0.10699588477366255,0.0,8.49027,Erbb4,Erbb4,0.8719211822660099,0.40493419101010897,Microglia,OPCs,0.0,1.0
Adam10,Adam10,0.43209876543209874,0.058828840702099594,8.49027,Tspan12,Tspan12,0.11330049261083744,0.0,Microglia,OPCs,0.0,1.0
Nrg2,Nrg2,0.14690721649484537,0.0,8.49027,Lrrtm2,Lrrtm2,0.10837438423645321,0.0,Astrocytes,OPCs,0.0,1.0
Nrg2,Nrg2,0.14690721649484537,0.0,8.49027,Nrp2,Nrp2,0.1921182266009852,0.0,Astrocytes,OPCs,0.0,1.0
Sparc,Sparc,0.6005154639175257,0.14784436283582547,8.49027,Fgfr1,Fgfr1,0.13793103448275862,0.0,Astrocytes,OPCs,0.0,1.0
Nrxn1,Nrxn1,0.13168724279835392,0.0,8.49027,Nlgn3,Nlgn3,0.2857142857142857,0.030202463173612415,Microglia,OPCs,0.0,1.0
Nrxn1,Nrxn1,0.13168724279835392,0.0,8.49027,Nlgn2,Nlgn2,0.32019704433497537,0.0352717879139155,Microglia,OPCs,0.0,1.0
Nrxn1,Nrxn1,0.13168724279835392,0.0,8.49027,Nlgn1,Nlgn1,0.8669950738916257,0.45541186108127185,Microglia,OPCs,0.0,1.0
Jam2,Jam2,0.15637860082304528,0.0,8.49027,Itgb1,Itgav_Itgb1,0.3251231527093596,0.03609275967810888,Microglia,OPCs,0.0,1.0
Ncam1,Ncam1,0.1111111111111111,0.0,8.49027,Robo1,Robo1,0.8522167487684729,0.2884662584880284,Microglia,OPCs,0.0,1.0
Ncam1,Ncam1,0.1111111111111111,0.0,8.49027,Gfra1,Gfra1,0.3793103448275862,0.03860562825587688,Microglia,OPCs,0.0,1.0
Ncam1,Ncam1,0.1111111111111111,0.0,8.49027,Ptprz1,Ptprz1,0.8571428571428571,0.36390258151173605,Microglia,OPCs,0.0,1.0
Ncam1,Ncam1,0.1111111111111111,0.0,8.49027,Fgfr2,Fgfr2,0.46798029556650245,0.04434428173645366,Microglia,OPCs,0.0,1.0
Ncam1,Ncam1,0.1111111111111111,0.0,8.49027,Fgfr1,Fgfr1,0.13793103448275862,0.0,Microglia,OPCs,0.0,1.0
Ncam1,Ncam1,0.1111111111111111,0.0,8.49027,Ncam2,Ncam2,0.8374384236453202,0.3330767711212368,Microglia,OPCs,0.0,1.0
Sema4d,Sema4d,0.32098765432098764,0.0498183646325443,8.49027,Plxnb3,Plxnb3,0.10344827586206896,0.0,Microglia,OPCs,0.0,1.0
Sema4d,Sema4d,0.32098765432098764,0.0498183646325443,8.49027,Plxnb1,Plxnb1,0.1330049261083744,0.0,Microglia,OPCs,0.0,1.0
Nlgn1,Nlgn1,0.1522633744855967,0.0,8.49027,Nrxn2,Nrxn2,0.7536945812807881,0.20222219681281162,Microglia,OPCs,0.0,1.0
Nlgn1,Nlgn1,0.1522633744855967,0.0,8.49027,Nrxn1,Nrxn1,0.8768472906403941,0.5043964435698678,Microglia,OPCs,0.0,1.0
Ntrk3,Ntrk3,0.10699588477366255,0.0,8.49027,Ptprs,Ptprs,0.5960591133004927,0.1327099197383872,Microglia,OPCs,0.0,1.0
Alcam,Alcam,0.1440329218106996,0.0,8.49027,Chl1,Chl1,0.15763546798029557,0.0,Microglia,OPCs,0.0,1.0
Adam15,Adam15,0.1522633744855967,0.0,8.49027,Itga9,Itga9,0.7783251231527094,0.26057660679434447,Microglia,OPCs,0.0,1.0
Adam15,Adam15,0.1522633744855967,0.0,8.49027,Itgav,Itgav,0.5320197044334976,0.10911949221648332,Microglia,OPCs,0.0,1.0
Bmp7,Bmp7,0.11330049261083744,0.0,8.49027,Acvr1,Acvr1_Acvr2a,0.15721649484536082,0.0,OPCs,Astrocytes,0.0,1.0
Bmp7,Bmp7,0.11330049261083744,0.0,8.49027,Acvr2a,Acvr2a_Bmpr1a,0.13144329896907217,0.0,OPCs,Astrocytes,0.0,1.0
Bmp7,Bmp7,0.11330049261083744,0.0,8.49027,Bmpr2,Bmpr1b_Bmpr2,0.27835051546391754,0.034416874522912755,OPCs,Astrocytes,0.0,1.0
Bmp7,Bmp7,0.11330049261083744,0.0,8.49027,Acvr2a,Acvr2a_Bmpr1b,0.13144329896907217,0.0,OPCs,Astrocytes,0.0,1.0
Vegfa,Vegfa,0.2955665024630542,0.0368593044404415,8.49027,Sirpa,Sirpa,0.14690721649484537,0.0,OPCs,Astrocytes,0.0,1.0
Vegfa,Vegfa,0.2955665024630542,0.0368593044404415,8.49027,Itgb1,Itgb1,0.13402061855670103,0.0,OPCs,Astrocytes,0.0,1.0
Fam3c,Fam3c,0.2019704433497537,0.0,8.49027,Lifr,Lifr,0.3118556701030928,0.03599989100646139,OPCs,Astrocytes,0.0,1.0
Fam3c,Fam3c,0.2019704433497537,0.0,8.49027,Lamp1,Lamp1,0.35051546391752575,0.042381303843297524,OPCs,Astrocytes,0.0,1.0
Angpt1,Angpt1,0.30049261083743845,0.036078008172170994,8.49027,Itgb1,Itgb1,0.13402061855670103,0.0,OPCs,Astrocytes,0.0,1.0
Gas6,Gas6,0.10344827586206896,0.0,8.49027,Mertk,Mertk,0.4536082474226804,0.05344353800257229,OPCs,Astrocytes,0.0,1.0
Gas6,Gas6,0.10344827586206896,0.0,8.49027,Axl,Axl,0.12886597938144329,0.0,OPCs,Astrocytes,0.0,1.0
Ybx1,Ybx1,0.21182266009852216,0.0,8.49027,Notch1,Notch1,0.22422680412371135,0.0,OPCs,Astrocytes,0.0,1.0
Nxph1,Nxph1,0.8374384236453202,0.35138865700612953,8.49027,Nrxn2,Nrxn2,0.13144329896907217,0.0,OPCs,Astrocytes,0.0,1.0
Adam15,Adam15,0.1522633744855967,0.0,8.49027,Itgb1,Itgb1,0.3251231527093596,0.03609275967810888,Microglia,OPCs,0.0,1.0
Adam9,Adam9,0.11522633744855967,0.0,8.49027,Itgav,Itgav,0.5320197044334976,0.10911949221648332,Microglia,OPCs,0.0,1.0
Adam9,Adam9,0.11522633744855967,0.0,8.49027,Itgb1,Itgb1,0.3251231527093596,0.03609275967810888,Microglia,OPCs,0.0,1.0
Cntn1,Cntn1,0.11522633744855967,0.0,8.49027,Nrcam,Nrcam,0.7635467980295566,0.23204312426380924,Microglia,OPCs,0.0,1.0
Cntn1,Cntn1,0.11522633744855967,0.0,8.49027,Notch1,Notch1,0.2512315270935961,0.012464456501964372,Microglia,OPCs,0.0,1.0
Cntn1,Cntn1,0.11522633744855967,0.0,8.49027,Ptprz1,Ptprz1,0.8571428571428571,0.36390258151173605,Microglia,OPCs,0.0,1.0
Cd47,Cd47,0.19753086419753085,0.0,8.49027,Sirpa,Sirpa,0.1330049261083744,0.0,Microglia,OPCs,0.0,1.0
Apoe,Apoe,0.45267489711934156,0.07626742690494792,8.49027,Vldlr,Vldlr,0.15763546798029557,0.0,Microglia,OPCs,0.0,1.0
Apoe,Apoe,0.45267489711934156,0.07626742690494792,8.49027,Ldlr,Ldlr,0.2019704433497537,0.0,Microglia,OPCs,0.0,1.0
Apoe,Apoe,0.45267489711934156,0.07626742690494792,8.49027,Lrp5,Lrp5,0.12807881773399016,0.0,Microglia,OPCs,0.0,1.0
Apoe,Apoe,0.45267489711934156,0.07626742690494792,8.49027,Lrp4,Lrp4,0.1921182266009852,0.0,Microglia,OPCs,0.0,1.0
Tgfb1,Tgfb1,0.23868312757201646,0.0,8.49027,Tgfbr3,Tgfbr3,0.10344827586206896,0.0,Microglia,OPCs,0.0,1.0
Tgfb1,Tgfb1,0.23868312757201646,0.0,8.49027,Sdc2,Sdc2,0.2660098522167488,0.030683516714840264,Microglia,OPCs,0.0,1.0
Tgfb1,Tgfb1,0.23868312757201646,0.0,8.49027,Itgb8,Itgb8,0.31527093596059114,0.033608434079646976,Microglia,OPCs,0.0,1.0
Tgfb1,Tgfb1,0.23868312757201646,0.0,8.49027,Itgb1,Itgb1,0.3251231527093596,0.03609275967810888,Microglia,OPCs,0.0,1.0
Pdgfb,Pdgfb,0.24279835390946503,0.0,8.49027,Lrp1,Lrp1,0.6896551724137931,0.14452961608495252,Microglia,OPCs,0.0,1.0
Pdgfb,Pdgfb,0.24279835390946503,0.0,8.49027,Itgav,Itgav,0.5320197044334976,0.10911949221648332,Microglia,OPCs,0.0,1.0
Edil3,Edil3,0.10699588477366255,0.0,8.49027,Itgav,Itgav,0.5320197044334976,0.10911949221648332,Microglia,OPCs,0.0,1.0
Cklf,Cklf,0.12345679012345678,0.0,8.49027,Lrp6,Lrp6,0.4088669950738916,0.038993602515021486,Microglia,OPCs,0.0,1.0
Il1rapl1,Il1rapl1,0.13168724279835392,0.0,8.49027,Ptprs,Ptprs,0.5960591133004927,0.1327099197383872,Microglia,OPCs,0.0,1.0
Arf1,Arf1,0.13580246913580246,0.0,8.49027,Insr,Insr,0.3694581280788177,0.03789396857310279,Microglia,OPCs,0.0,1.0
Psen1,Psen1,0.1440329218106996,0.0,8.49027,Notch1,Notch1,0.2512315270935961,0.012464456501964372,Microglia,OPCs,0.0,1.0
Gpi1,Gpi1,0.1728395061728395,0.0,8.49027,Amfr,Amfr,0.13793103448275862,0.0,Microglia,OPCs,0.0,1.0
Rtn4,Rtn4,0.5390946502057613,0.1500311274801267,8.49027,Lingo1,Lingo1,0.1625615763546798,0.0,Microglia,OPCs,0.0,1.0
Fgf13,Fgf13,0.36213991769547327,0.06041659767553975,8.49027,Fgfr1,Fgfr1,0.13793103448275862,0.0,Microglia,OPCs,0.0,1.0
Il18,Il18,0.13168724279835392,0.0,8.49027,Il1rapl1,Il1rapl1,0.8669950738916257,0.4069855822866528,Microglia,OPCs,0.0,1.0
Lgals3bp,Lgals3bp,0.1111111111111111,0.0,8.49027,Itgb1,Itgb1,0.3251231527093596,0.03609275967810888,Microglia,OPCs,0.0,1.0
Ybx1,Ybx1,0.16872427983539096,0.0,8.49027,Notch1,Notch1,0.2512315270935961,0.012464456501964372,Microglia,OPCs,0.0,1.0
Calr,Calr,0.24691358024691357,0.0,8.49027,Lrp1,Lrp1,0.6896551724137931,0.14452961608495252,Microglia,OPCs,0.0,1.0
Calr,Calr,0.24691358024691357,0.0,8.49027,Itgav,Itgav,0.5320197044334976,0.10911949221648332,Microglia,OPCs,0.0,1.0
Trf,Trf,0.4897119341563786,0.060556134109577275,8.49027,Ldlr,Ldlr,0.2019704433497537,0.0,Microglia,OPCs,0.0,1.0
Apoe,Apoe,0.45267489711934156,0.07626742690494792,8.49027,Lrp8,Lrp8,0.10344827586206896,0.0,Microglia,OPCs,0.0,1.0
Gnai2,Gnai2,0.2757201646090535,0.04653448810629257,8.49027,Ednrb,Ednrb,0.22167487684729065,0.0,Microglia,OPCs,0.0,1.0
Icam1,Icam1,0.12345679012345678,0.0,8.49027,Cav1,Cav1,0.1625615763546798,0.0,Microglia,OPCs,0.0,1.0
Rims2,Rims2,0.11522633744855967,0.0,8.49027,Abca1,Abca1,0.22660098522167488,0.0,Microglia,OPCs,0.0,1.0
Adam10,Adam10,0.43209876543209874,0.058828840702099594,8.49027,Tspan5,Tspan5,0.18719211822660098,0.0,Microglia,OPCs,0.0,1.0
Apoe,Apoe,0.45267489711934156,0.07626742690494792,8.49027,Abca1,Abca1,0.22660098522167488,0.0,Microglia,OPCs,0.0,1.0
Tgfb1,Tgfb1,0.23868312757201646,0.0,8.49027,Cav1,Cav1,0.1625615763546798,0.0,Microglia,OPCs,0.0,1.0
Trf,Trf,0.12315270935960591,0.0,8.49027,Ldlr,Ldlr,0.10309278350515463,0.0,OPCs,Astrocytes,0.0,1.0
Apoe,Apoe,0.8374384236453202,0.2405724520174406,8.49027,Ldlr,Ldlr,0.10309278350515463,0.0,OPCs,Astrocytes,0.0,1.0
Apoe,Apoe,0.8374384236453202,0.2405724520174406,8.49027,Lrp6,Lrp6,0.24742268041237114,0.0,OPCs,Astrocytes,0.0,1.0
Apoe,Apoe,0.8374384236453202,0.2405724520174406,8.49027,Lrp4,Lrp4,0.13402061855670103,0.0,OPCs,Astrocytes,0.0,1.0
Mdk,Mdk,0.18719211822660098,0.0,8.49027,Sdc3,Sdc3,0.13144329896907217,0.0,OPCs,Astrocytes,0.0,1.0
Mdk,Mdk,0.18719211822660098,0.0,8.49027,Itgb1,Itga6_Itgb1,0.13402061855670103,0.0,OPCs,Astrocytes,0.0,1.0
Ptn,Ptn,0.8669950738916257,0.27545202362701793,8.49027,Sdc3,Sdc3,0.13144329896907217,0.0,OPCs,Astrocytes,0.0,1.0
Bmp7,Bmp7,0.11330049261083744,0.0,8.49027,Acvr1,Acvr1_Bmpr2,0.15721649484536082,0.0,OPCs,Astrocytes,0.0,1.0
Bmp7,Bmp7,0.11330049261083744,0.0,8.49027,Bmpr2,Bmpr1a_Bmpr2,0.27835051546391754,0.034416874522912755,OPCs,Astrocytes,0.0,1.0
Rtn4,Rtn4,0.5390946502057613,0.1500311274801267,8.49027,Tnfrsf19,Tnfrsf19,0.12315270935960591,0.0,Microglia,OPCs,0.0,1.0
Gnai2,Gnai2,0.2757201646090535,0.04653448810629257,8.49027,Cav1,Cav1,0.1625615763546798,0.0,Microglia,OPCs,0.0,1.0
Gnai2,Gnai2,0.2757201646090535,0.04653448810629257,8.49027,Adora1,Adora1,0.18719211822660098,0.0,Microglia,OPCs,0.0,1.0
Entpd1,Entpd1,0.4279835390946502,0.060434074831533735,8.49027,Adora1,Adora1,0.18719211822660098,0.0,Microglia,OPCs,0.0,1.0
Fgf12,Fgf12,0.13168724279835392,0.0,8.49027,Fgfr2,Fgfr2,0.46798029556650245,0.04434428173645366,Microglia,OPCs,0.0,1.0
Fgf12,Fgf12,0.13168724279835392,0.0,8.49027,Fgfr1,Fgfr1,0.13793103448275862,0.0,Microglia,OPCs,0.0,1.0
Ncam1,Ncam1,0.1111111111111111,0.0,8.49027,Ptpra,Ptpra,0.43349753694581283,0.04080321125622821,Microglia,OPCs,0.0,1.0
Gnas,Gnas,0.5390946502057613,0.14921448902564904,8.49027,Adora1,Adora1,0.18719211822660098,0.0,Microglia,OPCs,0.0,1.0
Sema3e,Sema3e,0.24630541871921183,0.0,8.49027,Nrp1,Nrp1,0.17525773195876287,0.0,OPCs,Astrocytes,0.0,1.0
Lama4,Lama4,0.30049261083743845,0.034918250216104285,8.49027,Dag1,Dag1,0.19845360824742267,0.0,OPCs,Astrocytes,0.0,1.0
Lama4,Lama4,0.30049261083743845,0.034918250216104285,8.49027,Itga7,Itga7_Itgb1,0.1056701030927835,0.0,OPCs,Astrocytes,0.0,1.0
Lama4,Lama4,0.30049261083743845,0.034918250216104285,8.49027,Itgb1,Itga6_Itgb1,0.13402061855670103,0.0,OPCs,Astrocytes,0.0,1.0
Col9a3,Col9a3,0.2019704433497537,0.0,8.49027,Itgav,Itgav_Itgb8,0.25773195876288657,0.029662390884252543,OPCs,Astrocytes,0.0,1.0
Lamc1,Lamc1,0.35467980295566504,0.03864362764374851,8.49027,Dag1,Dag1,0.19845360824742267,0.0,OPCs,Astrocytes,0.0,1.0
Vegfa,Vegfa,0.2955665024630542,0.0368593044404415,8.49027,Nrp1,Nrp1,0.17525773195876287,0.0,OPCs,Astrocytes,0.0,1.0
Vcan,Vcan,0.8571428571428571,0.35736201826648895,8.49027,Itgb1,Itgb1,0.13402061855670103,0.0,OPCs,Astrocytes,0.0,1.0
Bmp1,Bmp1,0.11330049261083744,0.0,8.49027,Bmpr2,Bmpr2,0.27835051546391754,0.034416874522912755,OPCs,Astrocytes,0.0,1.0
Bmp1,Bmp1,0.11330049261083744,0.0,8.49027,Bmpr1a,Bmpr1a,0.36082474226804123,0.041411824518046814,OPCs,Astrocytes,0.0,1.0
Bmp1,Bmp1,0.11330049261083744,0.0,8.49027,Bmpr1b,Bmpr1b,0.5128865979381443,0.12203669182939225,OPCs,Astrocytes,0.0,1.0
Trf,Trf,0.12315270935960591,0.0,8.49027,Tfrc,Tfrc,0.11855670103092783,0.0,OPCs,Astrocytes,0.0,1.0
Ncam1,Ncam1,0.1111111111111111,0.0,8.49027,Cacna1c,Cacna1c,0.6059113300492611,0.12967671350786159,Microglia,OPCs,0.0,1.0
Hspa8,Hspa8,0.2962962962962963,0.03862285443443492,8.49027,Ldlr,Ldlr,0.2019704433497537,0.0,Microglia,OPCs,0.0,1.0
Actr2,Actr2,0.36213991769547327,0.05290812503033182,8.49027,Ldlr,Ldlr,0.2019704433497537,0.0,Microglia,OPCs,0.0,1.0
Fgf14,Fgf14,0.15637860082304528,0.0,8.49027,Fgfr1,Fgfr1,0.13793103448275862,0.0,Microglia,OPCs,0.0,1.0
Fgf14,Fgf14,0.15637860082304528,0.0,8.49027,Fgfr2,Fgfr2,0.46798029556650245,0.04434428173645366,Microglia,OPCs,0.0,1.0
Sptan1,Sptan1,0.16872427983539096,0.0,8.49027,Ptpra,Ptpra,0.43349753694581283,0.04080321125622821,Microglia,OPCs,0.0,1.0
App,App,0.8177807940278249,0.2096492676470556,8.49027,Vldlr,Vldlr,0.15763546798029557,0.0,Neurons,OPCs,0.0,1.0
App,App,0.8177807940278249,0.2096492676470556,8.49027,Tspan12,Tspan12,0.11330049261083744,0.0,Neurons,OPCs,0.0,1.0
App,App,0.8177807940278249,0.2096492676470556,8.49027,Tnfrsf21,Tnfrsf21,0.15270935960591134,0.0,Neurons,OPCs,0.0,1.0
Slitrk3,Slitrk3,0.17577197149643706,0.0,8.49027,Ptprs,Ptprs,0.5960591133004927,0.1327099197383872,Neurons,OPCs,0.0,1.0
Sema7a,Sema7a,0.14149983033593486,0.0,8.49027,Plxnc1,Plxnc1,0.10837438423645321,0.0,Neurons,OPCs,0.0,1.0
Adam10,Adam10,0.46182558534102475,0.026315314115175514,8.49027,Tspan12,Tspan12,0.11330049261083744,0.0,Neurons,OPCs,0.0,1.0
Tgfb1,Tgfb1,0.23868312757201646,0.0,8.49027,Lpp,Lpp,0.4187192118226601,0.04034791712638053,Microglia,OPCs,0.0,1.0
Sparc,Sparc,0.691358024691358,0.2120725460556261,8.49027,Fgfr1,Fgfr1,0.13793103448275862,0.0,Microglia,OPCs,0.0,1.0
Efnb2,Efnb2,0.12690872073294876,0.0,8.49027,Epha4,Epha4,0.10837438423645321,0.0,Neurons,OPCs,0.0,1.0
Efnb2,Efnb2,0.12690872073294876,0.0,8.49027,Ephb1,Ephb1,0.13793103448275862,0.0,Neurons,OPCs,0.0,1.0
Efnb2,Efnb2,0.12690872073294876,0.0,8.49027,Grm5,Grm5,0.8374384236453202,0.32498971826234935,Neurons,OPCs,0.0,1.0
Efnb2,Efnb2,0.12690872073294876,0.0,8.49027,Ephb2,Ephb2,0.14285714285714285,0.0,Neurons,OPCs,0.0,1.0
L1cam,L1cam,0.2829996606718697,0.014172529513320431,8.49027,Ephb2,Ephb2,0.14285714285714285,0.0,Neurons,OPCs,0.0,1.0
Nlgn3,Nlgn3,0.2857142857142857,0.030202463173612415,8.49027,Nrxn2,Nrxn2,0.13144329896907217,0.0,OPCs,Astrocytes,0.0,1.0
Dll3,Dll3,0.10837438423645321,0.0,8.49027,Notch3,Notch3,0.13659793814432988,0.0,OPCs,Astrocytes,0.0,1.0
Dll3,Dll3,0.10837438423645321,0.0,8.49027,Notch2,Notch2,0.2345360824742268,0.0,OPCs,Astrocytes,0.0,1.0
Dll3,Dll3,0.10837438423645321,0.0,8.49027,Notch1,Notch1,0.22422680412371135,0.0,OPCs,Astrocytes,0.0,1.0
Lrrc4b,Lrrc4b,0.33004926108374383,0.036287009193182396,8.49027,Ptprf,Ptprf,0.12371134020618557,0.0,OPCs,Astrocytes,0.0,1.0
Sema6a,Sema6a,0.3399014778325123,0.03747434483072465,8.49027,Plxna2,Plxna2,0.10051546391752578,0.0,OPCs,Astrocytes,0.0,1.0
Sema3d,Sema3d,0.7093596059113301,0.17089539070544868,8.49027,Nrp1,Nrp1_Plxna2,0.17525773195876287,0.0,OPCs,Astrocytes,0.0,1.0
Lrig2,Lrig2,0.22660098522167488,0.0,8.49027,Egfr,Egfr,0.3582474226804124,0.04175933524722142,OPCs,Astrocytes,0.0,1.0
Slit2,Slit2,0.11330049261083744,0.0,8.49027,Robo1,Robo1,0.30927835051546393,0.04231498349462082,OPCs,Astrocytes,0.0,1.0
Slit2,Slit2,0.11330049261083744,0.0,8.49027,Robo2,Robo2,0.5747422680412371,0.1506504502826036,OPCs,Astrocytes,0.0,1.0
Slit2,Slit2,0.11330049261083744,0.0,8.49027,App,App,0.24742268041237114,0.0,OPCs,Astrocytes,0.0,1.0
Edil3,Edil3,0.7142857142857143,0.18023484378583188,8.49027,Itgb5,Itgb5,0.17525773195876287,0.0,OPCs,Astrocytes,0.0,1.0
Ccl25,Ccl25,0.18719211822660098,0.0,8.49027,Grm7,Grm7,0.11082474226804123,0.0,OPCs,Astrocytes,0.0,1.0
Ncam1,Ncam1,0.7502544960977265,0.17369001611803242,8.49027,Fgfr1,Fgfr1,0.13793103448275862,0.0,Neurons,OPCs,0.0,1.0
Adam17,Adam17,0.1866304716661011,0.0,8.49027,Erbb4,Erbb4,0.8719211822660099,0.40493419101010897,Neurons,OPCs,0.0,1.0
Adam17,Adam17,0.1866304716661011,0.0,8.49027,Notch1,Notch1,0.2512315270935961,0.012464456501964372,Neurons,OPCs,0.0,1.0
Adam17,Adam17,0.1866304716661011,0.0,8.49027,Itgb1,Itgb1,0.3251231527093596,0.03609275967810888,Neurons,OPCs,0.0,1.0
Ntrk3,Ntrk3,0.7192118226600985,0.1658477219832024,8.49027,Ptprf,Ptprf,0.12371134020618557,0.0,OPCs,Astrocytes,0.0,1.0
Alcam,Alcam,0.7832512315270936,0.2217915033454625,8.49027,Nrp1,Nrp1,0.17525773195876287,0.0,OPCs,Astrocytes,0.0,1.0
Adam9,Adam9,0.2019704433497537,0.0,8.49027,Itga6,Itga6,0.45103092783505155,0.051718915837454804,OPCs,Astrocytes,0.0,1.0
Adam9,Adam9,0.2019704433497537,0.0,8.49027,Itgb5,Itgb5,0.17525773195876287,0.0,OPCs,Astrocytes,0.0,1.0
Adam9,Adam9,0.2019704433497537,0.0,8.49027,Itgav,Itgav,0.25773195876288657,0.029662390884252543,OPCs,Astrocytes,0.0,1.0
Lamc1,Lamc1,0.35467980295566504,0.03864362764374851,8.49027,Itga7,Itga7_Itgb1,0.1056701030927835,0.0,OPCs,Astrocytes,0.0,1.0
Lamc1,Lamc1,0.35467980295566504,0.03864362764374851,8.49027,Itgb1,Itga6_Itgb1,0.13402061855670103,0.0,OPCs,Astrocytes,0.0,1.0
Agrn,Agrn,0.3054187192118227,0.036506940895809636,8.49027,Dag1,Dag1,0.19845360824742267,0.0,OPCs,Astrocytes,0.0,1.0
Agrn,Agrn,0.3054187192118227,0.036506940895809636,8.49027,Itgb1,Itgb1,0.13402061855670103,0.0,OPCs,Astrocytes,0.0,1.0
Agrn,Agrn,0.3054187192118227,0.036506940895809636,8.49027,Lrp4,Lrp4,0.13402061855670103,0.0,OPCs,Astrocytes,0.0,1.0
Il1rapl1,Il1rapl1,0.8669950738916257,0.4069855822866528,8.49027,Ptprf,Ptprf,0.12371134020618557,0.0,OPCs,Astrocytes,0.0,1.0
Efna5,Efna5,0.5561588055649813,0.09536538289465502,8.49027,Epha4,Epha4,0.10837438423645321,0.0,Neurons,OPCs,0.0,1.0
Efna5,Efna5,0.5561588055649813,0.09536538289465502,8.49027,Ephb1,Ephb1,0.13793103448275862,0.0,Neurons,OPCs,0.0,1.0
Efna5,Efna5,0.5561588055649813,0.09536538289465502,8.49027,Ephb2,Ephb2,0.14285714285714285,0.0,Neurons,OPCs,0.0,1.0
Alcam,Alcam,0.49304377332880894,0.046107584263185064,8.49027,Chl1,Chl1,0.15763546798029557,0.0,Neurons,OPCs,0.0,1.0
Sema5a,Sema5a,0.2891075670173057,0.018628776489338583,8.49027,Plxnb3,Plxnb3,0.10344827586206896,0.0,Neurons,OPCs,0.0,1.0
Adam15,Adam15,0.2130980658296573,0.0,8.49027,Itga9,Itga9,0.7783251231527094,0.26057660679434447,Neurons,OPCs,0.0,1.0
Adam15,Adam15,0.2130980658296573,0.0,8.49027,Itgav,Itgav,0.5320197044334976,0.10911949221648332,Neurons,OPCs,0.0,1.0
Adam15,Adam15,0.2130980658296573,0.0,8.49027,Itgb1,Itgb1,0.3251231527093596,0.03609275967810888,Neurons,OPCs,0.0,1.0
Adam9,Adam9,0.1981676280963692,0.0,8.49027,Itgav,Itgav,0.5320197044334976,0.10911949221648332,Neurons,OPCs,0.0,1.0
Adam9,Adam9,0.1981676280963692,0.0,8.49027,Itgb1,Itgb1,0.3251231527093596,0.03609275967810888,Neurons,OPCs,0.0,1.0
Cd47,Cd47,0.5337631489650492,0.060312963300451106,8.49027,Sirpa,Sirpa,0.1330049261083744,0.0,Neurons,OPCs,0.0,1.0
Nlgn3,Nlgn3,0.2130980658296573,0.0,8.49027,Nrxn2,Nrxn2,0.7536945812807881,0.20222219681281162,Neurons,OPCs,0.0,1.0
Nlgn3,Nlgn3,0.2130980658296573,0.0,8.49027,Nrxn1,Nrxn1,0.8768472906403941,0.5043964435698678,Neurons,OPCs,0.0,1.0
Pdgfc,Pdgfc,0.17441465897522904,0.0,8.49027,Pdgfra,Pdgfra,0.9211822660098522,0.24983049012370762,Neurons,OPCs,0.0,1.0
Sema4b,Sema4b,0.16118086189345096,0.0,8.49027,Dcbld2,Dcbld2,0.18719211822660098,0.0,Neurons,OPCs,0.0,1.0
Sema6b,Sema6b,0.1506616898540889,0.0,8.49027,Plxna4,Plxna4,0.15270935960591134,0.0,Neurons,OPCs,0.0,1.0
Sema6b,Sema6b,0.1506616898540889,0.0,8.49027,Plxna2,Plxna2,0.23645320197044334,0.0,Neurons,OPCs,0.0,1.0
Sema4a,Sema4a,0.13030200203596878,0.0,8.49027,Plxnb3,Plxnb3,0.10344827586206896,0.0,Neurons,OPCs,0.0,1.0
Sema4a,Sema4a,0.13030200203596878,0.0,8.49027,Plxnb1,Plxnb1,0.1330049261083744,0.0,Neurons,OPCs,0.0,1.0
Sema6a,Sema6a,0.28978622327790976,0.01678324287305244,8.49027,Plxna4,Plxna4,0.15270935960591134,0.0,Neurons,OPCs,0.0,1.0
Sema6a,Sema6a,0.28978622327790976,0.01678324287305244,8.49027,Plxna2,Plxna2,0.23645320197044334,0.0,Neurons,OPCs,0.0,1.0
Jam3,Jam3,0.20291822192059722,0.0,8.49027,Itgb1,Itgb1,0.3251231527093596,0.03609275967810888,Neurons,OPCs,0.0,1.0
Sema4d,Sema4d,0.332880895826264,0.016981235111078075,8.49027,Plxnb3,Plxnb3,0.10344827586206896,0.0,Neurons,OPCs,0.0,1.0
Sema4d,Sema4d,0.332880895826264,0.016981235111078075,8.49027,Plxnb1,Plxnb1,0.1330049261083744,0.0,Neurons,OPCs,0.0,1.0
Reln,Reln,0.12249745503902273,0.0,8.49027,Lrp8,Lrp8,0.10344827586206896,0.0,Neurons,OPCs,0.0,1.0
Reln,Reln,0.12249745503902273,0.0,8.49027,Vldlr,Vldlr,0.15763546798029557,0.0,Neurons,OPCs,0.0,1.0
Lamc1,Lamc1,0.22225992534781133,0.0,8.49027,Dag1,Dag1,0.270935960591133,0.02988240024947797,Neurons,OPCs,0.0,1.0
Lamc1,Lamc1,0.22225992534781133,0.0,8.49027,Itgb8,Itgav_Itgb8,0.31527093596059114,0.033608434079646976,Neurons,OPCs,0.0,1.0
Lamc1,Lamc1,0.22225992534781133,0.0,8.49027,Itgb1,Itga9_Itgb1,0.3251231527093596,0.03609275967810888,Neurons,OPCs,0.0,1.0
Col4a1,Col4a1,0.14319647098744487,0.0,8.49027,Cd47,Cd47,0.32019704433497537,0.0360192636563772,Neurons,OPCs,0.0,1.0
Col4a1,Col4a1,0.14319647098744487,0.0,8.49027,Itgb8,Itgav_Itgb8,0.31527093596059114,0.033608434079646976,Neurons,OPCs,0.0,1.0
Col4a1,Col4a1,0.14319647098744487,0.0,8.49027,Itgb1,Itga9_Itgb1,0.3251231527093596,0.03609275967810888,Neurons,OPCs,0.0,1.0
Agrn,Agrn,0.4530030539531727,0.024281996724193622,8.49027,Lrp4,Lrp4,0.1921182266009852,0.0,Neurons,OPCs,0.0,1.0
Jag2,Jag2,0.16932473702069903,0.0,8.49027,Notch1,Notch1,0.2512315270935961,0.012464456501964372,Neurons,OPCs,0.0,1.0
Apoe,Apoe,0.2297251442144554,0.0,8.49027,Lrp5,Lrp5,0.12807881773399016,0.0,Neurons,OPCs,0.0,1.0
Apoe,Apoe,0.2297251442144554,0.0,8.49027,Lrp4,Lrp4,0.1921182266009852,0.0,Neurons,OPCs,0.0,1.0
Slit3,Slit3,0.2147947064811673,0.0,8.49027,Robo1,Robo1,0.8522167487684729,0.2884662584880284,Neurons,OPCs,0.0,1.0
Adam17,Adam17,0.1724137931034483,0.0,8.49027,Itgb1,Itgb1,0.13402061855670103,0.0,OPCs,Astrocytes,0.0,1.0
Jag1,Jag1,0.12807881773399016,0.0,8.49027,Notch3,Notch3,0.13659793814432988,0.0,OPCs,Astrocytes,0.0,1.0
Jag1,Jag1,0.12807881773399016,0.0,8.49027,Notch2,Notch2,0.2345360824742268,0.0,OPCs,Astrocytes,0.0,1.0
Jag1,Jag1,0.12807881773399016,0.0,8.49027,Notch1,Notch1,0.22422680412371135,0.0,OPCs,Astrocytes,0.0,1.0
Jag1,Jag1,0.12807881773399016,0.0,8.49027,Cd46,Cd46,0.15463917525773196,0.0,OPCs,Astrocytes,0.0,1.0
Sirpa,Sirpa,0.1330049261083744,0.0,8.49027,Cd47,Cd47,0.1056701030927835,0.0,OPCs,Astrocytes,0.0,1.0
B2m,B2m,0.33497536945812806,0.036743400252382985,8.49027,Tfrc,Tfrc,0.11855670103092783,0.0,OPCs,Astrocytes,0.0,1.0
Slitrk2,Slitrk2,0.15763546798029557,0.0,8.49027,Ptprs,Ptprs,0.327319587628866,0.03760428532678295,OPCs,Astrocytes,0.0,1.0
Jam3,Jam3,0.29064039408866993,0.03168269298907633,8.49027,Itgb1,Itgb1,0.13402061855670103,0.0,OPCs,Astrocytes,0.0,1.0
Slitrk1,Slitrk1,0.22167487684729065,0.0,8.49027,Ptprs,Ptprs,0.327319587628866,0.03760428532678295,OPCs,Astrocytes,0.0,1.0
Sema4d,Sema4d,0.11330049261083744,0.0,8.49027,Plxnb1,Plxnb1,0.2036082474226804,0.0,OPCs,Astrocytes,0.0,1.0
Nlgn2,Nlgn2,0.32019704433497537,0.0352717879139155,8.49027,Nrxn2,Nrxn2,0.13144329896907217,0.0,OPCs,Astrocytes,0.0,1.0
Nlgn1,Nlgn1,0.8669950738916257,0.45541186108127185,8.49027,Nrxn2,Nrxn2,0.13144329896907217,0.0,OPCs,Astrocytes,0.0,1.0
Slit1,Slit1,0.18595181540549713,0.0,8.49027,Robo1,Robo1,0.8522167487684729,0.2884662584880284,Neurons,OPCs,0.0,1.0
Fgf10,Fgf10,0.12792670512385476,0.0,8.49027,Fgfrl1,Fgfrl1,0.1330049261083744,0.0,Neurons,OPCs,0.0,1.0
Fgf10,Fgf10,0.12792670512385476,0.0,8.49027,Fgfr2,Fgfr2,0.46798029556650245,0.04434428173645366,Neurons,OPCs,0.0,1.0
Fgf10,Fgf10,0.12792670512385476,0.0,8.49027,Fgfr1,Fgfr1,0.13793103448275862,0.0,Neurons,OPCs,0.0,1.0
Agrp,Agrp,0.18934509670851712,0.0,8.49027,Sdc3,Sdc3,0.3891625615763547,0.03945592401307563,Neurons,OPCs,0.0,1.0
Spp1,Spp1,0.11367492365117068,0.0,8.49027,Itgb1,Itgav_Itgb1,0.3251231527093596,0.03609275967810888,Neurons,OPCs,0.0,1.0
Fgf1,Fgf1,0.23583305055989143,0.0,8.49027,Fgfrl1,Fgfrl1,0.1330049261083744,0.0,Neurons,OPCs,0.0,1.0
Fgf1,Fgf1,0.23583305055989143,0.0,8.49027,Cspg4,Cspg4,0.6354679802955665,0.13925161325963953,Neurons,OPCs,0.0,1.0
Fgf1,Fgf1,0.23583305055989143,0.0,8.49027,Tgfbr3,Tgfbr3,0.10344827586206896,0.0,Neurons,OPCs,0.0,1.0
Fgf1,Fgf1,0.23583305055989143,0.0,8.49027,Fgfr2,Fgfr2,0.46798029556650245,0.04434428173645366,Neurons,OPCs,0.0,1.0
Fgf1,Fgf1,0.23583305055989143,0.0,8.49027,Fgfr1,Fgfr1,0.13793103448275862,0.0,Neurons,OPCs,0.0,1.0
Inha,Inha,0.24363759755683745,0.0,8.49027,Acvr1,Acvr1,0.29064039408866993,0.03134238162663072,Neurons,OPCs,0.0,1.0
Inha,Inha,0.24363759755683745,0.0,8.49027,Tgfbr3,Tgfbr3,0.10344827586206896,0.0,Neurons,OPCs,0.0,1.0
Pdgfa,Pdgfa,0.18798778418730913,0.0,8.49027,Pdgfra,Pdgfra,0.9211822660098522,0.24983049012370762,Neurons,OPCs,0.0,1.0
Trf,Trf,0.14217848659653887,0.0,8.49027,Ldlr,Ldlr,0.2019704433497537,0.0,Neurons,OPCs,0.0,1.0
Apoe,Apoe,0.2297251442144554,0.0,8.49027,Lrp8,Lrp8,0.10344827586206896,0.0,Neurons,OPCs,0.0,1.0
Apoe,Apoe,0.2297251442144554,0.0,8.49027,Lrp1,Lrp1,0.6896551724137931,0.14452961608495252,Neurons,OPCs,0.0,1.0
Apoe,Apoe,0.2297251442144554,0.0,8.49027,Vldlr,Vldlr,0.15763546798029557,0.0,Neurons,OPCs,0.0,1.0
Apoe,Apoe,0.2297251442144554,0.0,8.49027,Sdc2,Sdc2,0.2660098522167488,0.030683516714840264,Neurons,OPCs,0.0,1.0
Apoe,Apoe,0.2297251442144554,0.0,8.49027,Ldlr,Ldlr,0.2019704433497537,0.0,Neurons,OPCs,0.0,1.0
Apoe,Apoe,0.2297251442144554,0.0,8.49027,Lrp6,Lrp6,0.4088669950738916,0.038993602515021486,Neurons,OPCs,0.0,1.0
Adcyap1,Adcyap1,0.11808618934509671,0.0,8.49027,Adcyap1r1,Adcyap1r1,0.2315270935960591,0.0,Neurons,OPCs,0.0,1.0
Adcyap1,Adcyap1,0.11808618934509671,0.0,8.49027,Ramp2,Ramp2,0.15270935960591134,0.0,Neurons,OPCs,0.0,1.0
Vegfa,Vegfa,0.2130980658296573,0.0,8.49027,Itga9,Itga9,0.7783251231527094,0.26057660679434447,Neurons,OPCs,0.0,1.0
Vegfa,Vegfa,0.2130980658296573,0.0,8.49027,Sirpa,Sirpa,0.1330049261083744,0.0,Neurons,OPCs,0.0,1.0
Vegfa,Vegfa,0.2130980658296573,0.0,8.49027,Ephb2,Ephb2,0.14285714285714285,0.0,Neurons,OPCs,0.0,1.0
Vegfa,Vegfa,0.2130980658296573,0.0,8.49027,Itgav,Itgav,0.5320197044334976,0.10911949221648332,Neurons,OPCs,0.0,1.0
Vegfa,Vegfa,0.2130980658296573,0.0,8.49027,Itgb1,Itgb1,0.3251231527093596,0.03609275967810888,Neurons,OPCs,0.0,1.0
Vegfa,Vegfa,0.2130980658296573,0.0,8.49027,Nrp2,Nrp2,0.1921182266009852,0.0,Neurons,OPCs,0.0,1.0
Spp1,Spp1,0.11367492365117068,0.0,8.49027,Itgb1,Itga9_Itgb1,0.3251231527093596,0.03609275967810888,Neurons,OPCs,0.0,1.0
Il34,Il34,0.11163895486935867,0.0,8.49027,Ptprz1,Ptprz1,0.8571428571428571,0.36390258151173605,Neurons,OPCs,0.0,1.0
Enho,Enho,0.18052256532066507,0.0,8.49027,Gpr19,Gpr19,0.11330049261083744,0.0,Neurons,OPCs,0.0,1.0
Sema3a,Sema3a,0.14794706481167288,0.0,8.49027,Nrp2,Nrp2,0.1921182266009852,0.0,Neurons,OPCs,0.0,1.0
App,App,0.5517241379310345,0.11841058036538166,8.49027,Grm7,Grm7,0.11082474226804123,0.0,OPCs,Astrocytes,0.0,1.0
App,App,0.5517241379310345,0.11841058036538166,8.49027,Aplp2,Aplp2,0.20876288659793815,0.0,OPCs,Astrocytes,0.0,1.0
App,App,0.5517241379310345,0.11841058036538166,8.49027,Notch2,Notch2,0.2345360824742268,0.0,OPCs,Astrocytes,0.0,1.0
App,App,0.5517241379310345,0.11841058036538166,8.49027,Tspan12,Tspan12,0.1211340206185567,0.0,OPCs,Astrocytes,0.0,1.0
Adam9,Adam9,0.2019704433497537,0.0,8.49027,Itgb1,Itgb1,0.13402061855670103,0.0,OPCs,Astrocytes,0.0,1.0
Cntn1,Cntn1,0.8768472906403941,0.33697376270737145,8.49027,Notch2,Notch2,0.2345360824742268,0.0,OPCs,Astrocytes,0.0,1.0
Cntn1,Cntn1,0.8768472906403941,0.33697376270737145,8.49027,Notch1,Notch1,0.22422680412371135,0.0,OPCs,Astrocytes,0.0,1.0
Cd47,Cd47,0.32019704433497537,0.0360192636563772,8.49027,Sirpa,Sirpa,0.14690721649484537,0.0,OPCs,Astrocytes,0.0,1.0
Adam17,Adam17,0.1724137931034483,0.0,8.49027,Erbb4,Erbb4,0.7216494845360825,0.28202234612683763,OPCs,Astrocytes,0.0,1.0
Adam17,Adam17,0.1724137931034483,0.0,8.49027,Notch1,Notch1,0.22422680412371135,0.0,OPCs,Astrocytes,0.0,1.0
Sst,Sst,0.24363759755683745,0.0,8.49027,Grm7,Grm7,0.6847290640394089,0.17777367480478157,Neurons,OPCs,0.0,1.0
Vegfc,Vegfc,0.11706820495419071,0.0,8.49027,Itga9,Itga9,0.7783251231527094,0.26057660679434447,Neurons,OPCs,0.0,1.0
Vegfc,Vegfc,0.11706820495419071,0.0,8.49027,Itgb1,Itgb1,0.3251231527093596,0.03609275967810888,Neurons,OPCs,0.0,1.0
Vegfc,Vegfc,0.11706820495419071,0.0,8.49027,Nrp2,Nrp2,0.1921182266009852,0.0,Neurons,OPCs,0.0,1.0
Fgf9,Fgf9,0.21174075330844927,0.0,8.49027,Fgfr2,Fgfr2,0.46798029556650245,0.04434428173645366,Neurons,OPCs,0.0,1.0
Fgf9,Fgf9,0.21174075330844927,0.0,8.49027,Fgfr1,Fgfr1,0.13793103448275862,0.0,Neurons,OPCs,0.0,1.0
Spon1,Spon1,0.15914489311163896,0.0,8.49027,Lrp8,Lrp8,0.10344827586206896,0.0,Neurons,OPCs,0.0,1.0
Spon1,Spon1,0.15914489311163896,0.0,8.49027,App,App,0.5517241379310345,0.11841058036538166,Neurons,OPCs,0.0,1.0
Ntn4,Ntn4,0.1323379708177808,0.0,8.49027,Dcc,Dcc,0.8472906403940886,0.3290022314275842,Neurons,OPCs,0.0,1.0
Wnt5b,Wnt5b,0.10654903291482865,0.0,8.49027,Fzd3,Fzd3_Lrp6,0.1724137931034483,0.0,Neurons,OPCs,0.0,1.0
Wnt5b,Wnt5b,0.10654903291482865,0.0,8.49027,Fzd3,Fzd3_Lrp5,0.1724137931034483,0.0,Neurons,OPCs,0.0,1.0
Wnt5b,Wnt5b,0.10654903291482865,0.0,8.49027,Fzd9,Fzd9_Lrp6,0.11330049261083744,0.0,Neurons,OPCs,0.0,1.0
Wnt5b,Wnt5b,0.10654903291482865,0.0,8.49027,Fzd9,Fzd9_Lrp5,0.11330049261083744,0.0,Neurons,OPCs,0.0,1.0
Sema3c,Sema3c,0.16491347132677298,0.0,8.49027,Nrp2,Nrp2_Plxna4,0.1921182266009852,0.0,Neurons,OPCs,0.0,1.0
Sema3c,Sema3c,0.16491347132677298,0.0,8.49027,Nrp2,Nrp2_Plxna2,0.1921182266009852,0.0,Neurons,OPCs,0.0,1.0
Fgf13,Fgf13,0.5408890397013912,0.08403445545161414,8.49027,Fgfr1,Fgfr1,0.13793103448275862,0.0,Neurons,OPCs,0.0,1.0
Fam3c,Fam3c,0.1815405497115711,0.0,8.49027,Lifr,Lifr,0.24630541871921183,0.0,Neurons,OPCs,0.0,1.0
Fam3c,Fam3c,0.1815405497115711,0.0,8.49027,Lamp1,Lamp1,0.5073891625615764,0.09913857064630327,Neurons,OPCs,0.0,1.0
Gnas,Gnas,0.5833333333333334,0.1670952097162841,8.49027,Adcy8,Adcy8,0.10897435897435898,0.0,Pericytes,Pericytes,0.0,1.0
Rgmb,Rgmb,0.17678995588734306,0.0,8.49027,Neo1,Neo1,0.5270935960591133,0.11071428533356475,Neurons,OPCs,0.0,1.0
Apoe,Apoe,0.5064102564102564,0.1292165735829045,8.49027,Abca1,Abca1,0.1346153846153846,0.0,Pericytes,Pericytes,0.0,1.0
B2m,B2m,0.22938144329896906,0.0,8.49027,Tfrc,Tfrc,0.11855670103092783,0.0,Astrocytes,Astrocytes,0.0,1.0
Hras,Hras,0.1995249406175772,0.0,8.49027,Cav1,Cav1,0.1625615763546798,0.0,Neurons,OPCs,0.0,1.0
Hras,Hras,0.1995249406175772,0.0,8.49027,Insr,Insr,0.3694581280788177,0.03789396857310279,Neurons,OPCs,0.0,1.0
Fstl1,Fstl1,0.22734984730234137,0.0,8.49027,Dip2a,Dip2a,0.16748768472906403,0.0,Neurons,OPCs,0.0,1.0
App,App,0.24742268041237114,0.0,8.49027,Lrp1,Lrp1,0.4742268041237113,0.05117955567463084,Astrocytes,Astrocytes,0.0,1.0
Omg,Omg,0.22124194095690533,0.0,8.49027,Lingo1,Lingo1,0.1625615763546798,0.0,Neurons,OPCs,0.0,1.0
Adam10,Adam10,0.33004926108374383,0.038064970206242554,8.49027,Axl,Axl,0.12886597938144329,0.0,OPCs,Astrocytes,0.0,1.0
Adam10,Adam10,0.33004926108374383,0.038064970206242554,8.49027,Tspan12,Tspan12,0.1211340206185567,0.0,OPCs,Astrocytes,0.0,1.0
F8,F8,0.10892432982694265,0.0,8.49027,Lrp4,Lrp4,0.13402061855670103,0.0,Neurons,Astrocytes,0.0,1.0
Fstl5,Fstl5,0.5629453681710214,0.11294333704319226,8.49027,Sdk2,Sdk2,0.18814432989690721,0.0,Neurons,Astrocytes,0.0,1.0
Slitrk1,Slitrk1,0.2992874109263658,0.01582383423680489,8.49027,Enpep,Enpep,0.17783505154639176,0.0,Neurons,Astrocytes,0.0,1.0
Jam2,Jam2,0.3694581280788177,0.03638170140018615,8.49027,Itgb1,Itgav_Itgb1,0.13402061855670103,0.0,OPCs,Astrocytes,0.0,1.0
Ncam1,Ncam1,0.8275862068965517,0.2684227441308553,8.49027,Fgfr1,Fgfr1,0.2268041237113402,0.0,OPCs,Astrocytes,0.0,1.0
Gpi1,Gpi1,0.49949100780454697,0.027744224310249588,8.49027,Amfr,Amfr,0.13793103448275862,0.0,Neurons,OPCs,0.0,1.0
Rtn4,Rtn4,0.6939260264675942,0.10339765422411484,8.49027,Lingo1,Lingo1,0.1625615763546798,0.0,Neurons,OPCs,0.0,1.0
Txlna,Txlna,0.14217848659653887,0.0,8.49027,Stx1a,Stx1a,0.10344827586206896,0.0,Neurons,OPCs,0.0,1.0
Txlna,Txlna,0.14217848659653887,0.0,8.49027,Stx3,Stx3,0.10344827586206896,0.0,Neurons,OPCs,0.0,1.0
Gnai2,Gnai2,0.16762809636918902,0.0,8.49027,Igf1r,Igf1r,0.4975369458128079,0.049010155860757854,Neurons,OPCs,0.0,1.0
Gpc3,Gpc3,0.15405497115710892,0.0,8.49027,Igf1r,Igf1r,0.4975369458128079,0.049010155860757854,Neurons,OPCs,0.0,1.0
Gpc3,Gpc3,0.15405497115710892,0.0,8.49027,Cd81,Cd81,0.8522167487684729,0.25091296458037293,Neurons,OPCs,0.0,1.0
F8,F8,0.10892432982694265,0.0,8.49027,Lrp1,Lrp1,0.6896551724137931,0.14452961608495252,Neurons,OPCs,0.0,1.0
Serpine2,Serpine2,0.12690872073294876,0.0,8.49027,Lrp1,Lrp1,0.6896551724137931,0.14452961608495252,Neurons,OPCs,0.0,1.0
Lrpap1,Lrpap1,0.4065151001017984,0.021576915409774577,8.49027,Ldlr,Ldlr,0.2019704433497537,0.0,Neurons,OPCs,0.0,1.0
Agrn,Agrn,0.4530030539531727,0.024281996724193622,8.49027,Atp1a3,Atp1a3,0.15763546798029557,0.0,Neurons,OPCs,0.0,1.0
Col11a1,Col11a1,0.3545978961655921,0.027649154759548433,8.49027,Ddr1,Ddr1,0.2019704433497537,0.0,Neurons,OPCs,0.0,1.0
F8,F8,0.10892432982694265,0.0,8.49027,Ldlr,Ldlr,0.2019704433497537,0.0,Neurons,OPCs,0.0,1.0
Rtn4,Rtn4,0.6939260264675942,0.10339765422411484,8.49027,Tnfrsf19,Tnfrsf19,0.12315270935960591,0.0,Neurons,OPCs,0.0,1.0
Cthrc1,Cthrc1,0.18018323719036308,0.0,8.49027,Fzd3,Fzd3,0.1724137931034483,0.0,Neurons,OPCs,0.0,1.0
Fbn1,Fbn1,0.17780794027824906,0.0,8.49027,Itgb1,Itgb1,0.3251231527093596,0.03609275967810888,Neurons,OPCs,0.0,1.0
Gnai2,Gnai2,0.16762809636918902,0.0,8.49027,Cav1,Cav1,0.1625615763546798,0.0,Neurons,OPCs,0.0,1.0
Gnai2,Gnai2,0.16762809636918902,0.0,8.49027,Adora1,Adora1,0.18719211822660098,0.0,Neurons,OPCs,0.0,1.0
Rims2,Rims2,0.7539871055310485,0.2662043124524509,8.49027,Abca1,Abca1,0.22660098522167488,0.0,Neurons,OPCs,0.0,1.0
Adam10,Adam10,0.46182558534102475,0.026315314115175514,8.49027,Tspan5,Tspan5,0.18719211822660098,0.0,Neurons,OPCs,0.0,1.0
Apoe,Apoe,0.2297251442144554,0.0,8.49027,Abca1,Abca1,0.22660098522167488,0.0,Neurons,OPCs,0.0,1.0
Col5a2,Col5a2,0.12179487179487179,0.0,8.49027,Ddr1,Ddr1,0.10897435897435898,0.0,Pericytes,Pericytes,0.0,1.0
Lgi3,Lgi3,0.329487614523244,0.01785576598662819,8.49027,Stx1a,Stx1a,0.10344827586206896,0.0,Neurons,OPCs,0.0,1.0
Vegfa,Vegfa,0.2130980658296573,0.0,8.49027,Grin2b,Grin2b,0.13917525773195877,0.0,Neurons,Astrocytes,0.0,1.0
Fgf12,Fgf12,0.7567017305734646,0.26743388074762353,8.49027,Fgfr1,Fgfr1,0.2268041237113402,0.0,Neurons,Astrocytes,0.0,1.0
Ncam1,Ncam1,0.22435897435897437,0.0,8.49027,Cacna1c,Cacna1c,0.44871794871794873,0.08420521488275279,Pericytes,Pericytes,0.0,1.0
Gnas,Gnas,0.8890397013912453,0.24492372329315737,8.49027,Adora1,Adora1,0.14175257731958762,0.0,Neurons,Astrocytes,0.0,1.0
Gnai2,Gnai2,0.16762809636918902,0.0,8.49027,S1pr1,S1pr1,0.3479381443298969,0.04266512422161195,Neurons,Astrocytes,0.0,1.0
Sorbs1,Sorbs1,0.6029860875466576,0.08618647814945013,8.49027,Itgb5,Itgb5,0.17525773195876287,0.0,Neurons,Astrocytes,0.0,1.0
App,App,0.5517241379310345,0.11841058036538166,8.49027,Lrp6,Lrp6,0.24742268041237114,0.0,OPCs,Astrocytes,0.0,1.0
H2-K1,H2-K1,0.21674876847290642,0.0,8.49027,Aplp2,Aplp2,0.20876288659793815,0.0,OPCs,Astrocytes,0.0,1.0
Slitrk3,Slitrk3,0.18226600985221675,0.0,8.49027,Ptprs,Ptprs,0.327319587628866,0.03760428532678295,OPCs,Astrocytes,0.0,1.0
Adam12,Adam12,0.6354679802955665,0.1453647724619942,8.49027,Itgb1,Itgb1,0.13402061855670103,0.0,OPCs,Astrocytes,0.0,1.0
Adam10,Adam10,0.33004926108374383,0.038064970206242554,8.49027,Notch2,Notch2,0.2345360824742268,0.0,OPCs,Astrocytes,0.0,1.0
Adam10,Adam10,0.33004926108374383,0.038064970206242554,8.49027,Notch1,Notch1,0.22422680412371135,0.0,OPCs,Astrocytes,0.0,1.0
Dnajb11,Dnajb11,0.17712928401764505,0.0,8.49027,Prtg,Prtg,0.1330049261083744,0.0,Neurons,OPCs,0.0,1.0
Nampt,Nampt,0.20665083135391923,0.0,8.49027,Insr,Insr,0.3694581280788177,0.03789396857310279,Neurons,OPCs,0.0,1.0
Lrpap1,Lrpap1,0.4065151001017984,0.021576915409774577,8.49027,Vldlr,Vldlr,0.15763546798029557,0.0,Neurons,OPCs,0.0,1.0
Lrpap1,Lrpap1,0.4065151001017984,0.021576915409774577,8.49027,Lrp8,Lrp8,0.10344827586206896,0.0,Neurons,OPCs,0.0,1.0
Gpc3,Gpc3,0.15405497115710892,0.0,8.49027,Lrp1,Lrp1,0.6896551724137931,0.14452961608495252,Neurons,OPCs,0.0,1.0
Hspa8,Hspa8,0.7176789955887343,0.11021819596231075,8.49027,Ldlr,Ldlr,0.2019704433497537,0.0,Neurons,OPCs,0.0,1.0
Actr2,Actr2,0.47845266372582285,0.027299769597495582,8.49027,Ldlr,Ldlr,0.2019704433497537,0.0,Neurons,OPCs,0.0,1.0
Fgf14,Fgf14,0.7716321683067526,0.40693580802033535,8.49027,Fgfr1,Fgfr1,0.13793103448275862,0.0,Neurons,OPCs,0.0,1.0
Sema4f,Sema4f,0.13030200203596878,0.0,8.49027,Nrp2,Nrp2,0.1921182266009852,0.0,Neurons,OPCs,0.0,1.0
Gnai2,Gnai2,0.16762809636918902,0.0,8.49027,Ednrb,Ednrb,0.22167487684729065,0.0,Neurons,OPCs,0.0,1.0
Rgmb,Rgmb,0.17678995588734306,0.0,8.49027,Bmpr2,Bmpr2,0.3645320197044335,0.037680004166155356,Neurons,OPCs,0.0,1.0
Arpc5,Arpc5,0.12656939260264677,0.0,8.49027,Ldlr,Ldlr,0.2019704433497537,0.0,Neurons,OPCs,0.0,1.0
Lin7c,Lin7c,0.16966406515100102,0.0,8.49027,Abca1,Abca1,0.22660098522167488,0.0,Neurons,OPCs,0.0,1.0
Cgn,Cgn,0.12792670512385476,0.0,8.49027,Tgfbr1,Tgfbr1,0.16748768472906403,0.0,Neurons,OPCs,0.0,1.0
Farp2,Farp2,0.22124194095690533,0.0,8.49027,Plxna4,Plxna4,0.15270935960591134,0.0,Neurons,OPCs,0.0,1.0
Farp2,Farp2,0.22124194095690533,0.0,8.49027,Plxna2,Plxna2,0.23645320197044334,0.0,Neurons,OPCs,0.0,1.0
Timp3,Timp3,0.2307431286053614,0.0,8.49027,Ddr1,Ddr1,0.2019704433497537,0.0,Neurons,OPCs,0.0,1.0
Sema3e,Sema3e,0.19477434679334918,0.0,8.49027,Nrp2,Nrp2,0.1921182266009852,0.0,Neurons,OPCs,0.0,1.0
Ptn,Ptn,0.34170342721411606,0.02052779989104636,8.49027,Ncl,Ncl,0.1921182266009852,0.0,Neurons,OPCs,0.0,1.0
Fgf12,Fgf12,0.7567017305734646,0.26743388074762353,8.49027,Fgfr1,Fgfr1,0.13793103448275862,0.0,Neurons,OPCs,0.0,1.0
Hspa8,Hspa8,0.7176789955887343,0.11021819596231075,8.49027,Ldlr,Ldlr,0.10309278350515463,0.0,Neurons,Astrocytes,0.0,1.0
Actr2,Actr2,0.47845266372582285,0.027299769597495582,8.49027,Ldlr,Ldlr,0.10309278350515463,0.0,Neurons,Astrocytes,0.0,1.0
Fgf14,Fgf14,0.7716321683067526,0.40693580802033535,8.49027,Fgfr1,Fgfr1,0.2268041237113402,0.0,Neurons,Astrocytes,0.0,1.0
Gnai2,Gnai2,0.16762809636918902,0.0,8.49027,Ednrb,Ednrb,0.3402061855670103,0.03904009827888899,Neurons,Astrocytes,0.0,1.0
Rgmb,Rgmb,0.17678995588734306,0.0,8.49027,Bmpr1b,Bmpr1b,0.5128865979381443,0.12203669182939225,Neurons,Astrocytes,0.0,1.0
Rgmb,Rgmb,0.17678995588734306,0.0,8.49027,Bmpr2,Bmpr2,0.27835051546391754,0.034416874522912755,Neurons,Astrocytes,0.0,1.0
Slc6a8,Slc6a8,0.14014251781472684,0.0,8.49027,Lifr,Lifr,0.3118556701030928,0.03599989100646139,Neurons,Astrocytes,0.0,1.0
Sparc,Sparc,0.11333559552086868,0.0,8.49027,Fgfr1,Fgfr1,0.2268041237113402,0.0,Neurons,Astrocytes,0.0,1.0
Timp3,Timp3,0.2307431286053614,0.0,8.49027,Ddr1,Ddr1,0.2345360824742268,0.0,Neurons,Astrocytes,0.0,1.0
Spp1,Spp1,0.11367492365117068,0.0,8.49027,S1pr1,S1pr1,0.3479381443298969,0.04266512422161195,Neurons,Astrocytes,0.0,1.0
Ptn,Ptn,0.34170342721411606,0.02052779989104636,8.49027,Ncl,Ncl,0.14690721649484537,0.0,Neurons,Astrocytes,0.0,1.0
App,App,0.24742268041237114,0.0,8.49027,Grm7,Grm7,0.11082474226804123,0.0,Astrocytes,Astrocytes,0.0,1.0
H2-K1,H2-K1,0.19329896907216496,0.0,8.49027,Aplp2,Aplp2,0.20876288659793815,0.0,Astrocytes,Astrocytes,0.0,1.0
Gnas,Gnas,0.8890397013912453,0.24492372329315737,8.49027,Adora1,Adora1,0.18719211822660098,0.0,Neurons,OPCs,0.0,1.0
Gnai2,Gnai2,0.16762809636918902,0.0,8.49027,Adcy9,Adcy9,0.29064039408866993,0.0317211574749936,Neurons,OPCs,0.0,1.0
Gnai2,Gnai2,0.16762809636918902,0.0,8.49027,Adcy8,Adcy8,0.3448275862068966,0.03875941599606736,Neurons,OPCs,0.0,1.0
H2-K1,H2-K1,0.21674876847290642,0.0,8.49027,Aplp2,Aplp2,0.39408866995073893,0.03979491555012382,OPCs,OPCs,0.0,1.0
Slitrk3,Slitrk3,0.18226600985221675,0.0,8.49027,Ptprs,Ptprs,0.5960591133004927,0.1327099197383872,OPCs,OPCs,0.0,1.0
App,App,0.24742268041237114,0.0,8.49027,Lrp6,Lrp6,0.24742268041237114,0.0,Astrocytes,Astrocytes,0.0,1.0
Adam10,Adam10,0.33004926108374383,0.038064970206242554,8.49027,Tspan12,Tspan12,0.11330049261083744,0.0,OPCs,OPCs,0.0,1.0
F8,F8,0.10892432982694265,0.0,8.49027,Lrp4,Lrp4,0.1921182266009852,0.0,Neurons,OPCs,0.0,1.0
Fstl5,Fstl5,0.5629453681710214,0.11294333704319226,8.49027,Chl1,Chl1,0.15763546798029557,0.0,Neurons,OPCs,0.0,1.0
Gpc3,Gpc3,0.15405497115710892,0.0,8.49027,Unc5c,Unc5c,0.8226600985221675,0.2855025203546506,Neurons,OPCs,0.0,1.0
Nrg2,Nrg2,0.5609093993892094,0.07387920811358328,8.49027,Lrrtm2,Lrrtm2,0.10837438423645321,0.0,Neurons,OPCs,0.0,1.0
Nrg2,Nrg2,0.5609093993892094,0.07387920811358328,8.49027,Nrp2,Nrp2,0.1921182266009852,0.0,Neurons,OPCs,0.0,1.0
Slc6a8,Slc6a8,0.14014251781472684,0.0,8.49027,Lifr,Lifr,0.24630541871921183,0.0,Neurons,OPCs,0.0,1.0
Sparc,Sparc,0.11333559552086868,0.0,8.49027,Fgfr1,Fgfr1,0.13793103448275862,0.0,Neurons,OPCs,0.0,1.0
Ncam1,Ncam1,0.8275862068965517,0.2684227441308553,8.49027,Fgfr1,Fgfr1,0.13793103448275862,0.0,OPCs,OPCs,0.0,1.0
Itgb3bp,Itgb3bp,0.20834747200542925,0.0,8.49027,Itgb5,Itgb5,0.17525773195876287,0.0,Neurons,Astrocytes,0.0,1.0
Tln1,Tln1,0.165252799457075,0.0,8.49027,Itgb5,Itgb5,0.17525773195876287,0.0,Neurons,Astrocytes,0.0,1.0
Lgi3,Lgi3,0.329487614523244,0.01785576598662819,8.49027,Adam22,Adam22,0.17783505154639176,0.0,Neurons,Astrocytes,0.0,1.0
Lgi2,Lgi2,0.2850356294536817,0.014815588550678993,8.49027,Adam22,Adam22,0.17783505154639176,0.0,Neurons,Astrocytes,0.0,1.0
Lgi1,Lgi1,0.4333220223956566,0.02666569704416777,8.49027,Adam22,Adam22,0.17783505154639176,0.0,Neurons,Astrocytes,0.0,1.0
L1cam,L1cam,0.2829996606718697,0.014172529513320431,8.49027,Cd9,Cd9,0.19845360824742267,0.0,Neurons,Astrocytes,0.0,1.0
Nampt,Nampt,0.20665083135391923,0.0,8.49027,Insr,Insr,0.23195876288659795,0.0,Neurons,Astrocytes,0.0,1.0
Gnai2,Gnai2,0.16762809636918902,0.0,8.49027,Adcy9,Adcy9,0.18298969072164947,0.0,Neurons,Astrocytes,0.0,1.0
Gnas,Gnas,0.8890397013912453,0.24492372329315737,8.49027,Adcy9,Adcy9,0.18298969072164947,0.0,Neurons,Astrocytes,0.0,1.0
Gnai2,Gnai2,0.16762809636918902,0.0,8.49027,Adcy8,Adcy8,0.3711340206185567,0.04234490158456372,Neurons,Astrocytes,0.0,1.0
Rims1,Rims1,0.7465218866644044,0.20739373694039243,8.49027,Cacna1c,Cacna1c,0.13144329896907217,0.0,Neurons,Astrocytes,0.0,1.0
Ncam1,Ncam1,0.7502544960977265,0.17369001611803242,8.49027,Cacna1c,Cacna1c,0.13144329896907217,0.0,Neurons,Astrocytes,0.0,1.0
Gpc3,Gpc3,0.15405497115710892,0.0,8.49027,Lrp1,Lrp1,0.4742268041237113,0.05117955567463084,Neurons,Astrocytes,0.0,1.0
App,App,0.5517241379310345,0.11841058036538166,8.49027,Vldlr,Vldlr,0.15763546798029557,0.0,OPCs,OPCs,0.0,1.0
App,App,0.5517241379310345,0.11841058036538166,8.49027,Tspan12,Tspan12,0.11330049261083744,0.0,OPCs,OPCs,0.0,1.0
App,App,0.5517241379310345,0.11841058036538166,8.49027,Tnfrsf21,Tnfrsf21,0.15270935960591134,0.0,OPCs,OPCs,0.0,1.0
Cd47,Cd47,0.32019704433497537,0.0360192636563772,8.49027,Sirpa,Sirpa,0.1330049261083744,0.0,OPCs,OPCs,0.0,1.0
Adam17,Adam17,0.1724137931034483,0.0,8.49027,Erbb4,Erbb4,0.8719211822660099,0.40493419101010897,OPCs,OPCs,0.0,1.0
Adam17,Adam17,0.1724137931034483,0.0,8.49027,Notch1,Notch1,0.2512315270935961,0.012464456501964372,OPCs,OPCs,0.0,1.0
Adam17,Adam17,0.1724137931034483,0.0,8.49027,Itgb1,Itgb1,0.3251231527093596,0.03609275967810888,OPCs,OPCs,0.0,1.0
Jag1,Jag1,0.12807881773399016,0.0,8.49027,Notch1,Notch1,0.2512315270935961,0.012464456501964372,OPCs,OPCs,0.0,1.0
Jag1,Jag1,0.12807881773399016,0.0,8.49027,Cd46,Cd46,0.10344827586206896,0.0,OPCs,OPCs,0.0,1.0
Sirpa,Sirpa,0.1330049261083744,0.0,8.49027,Cd47,Cd47,0.32019704433497537,0.0360192636563772,OPCs,OPCs,0.0,1.0
F8,F8,0.10892432982694265,0.0,8.49027,Lrp1,Lrp1,0.4742268041237113,0.05117955567463084,Neurons,Astrocytes,0.0,1.0
App,App,0.24742268041237114,0.0,8.49027,Aplp2,Aplp2,0.20876288659793815,0.0,Astrocytes,Astrocytes,0.0,1.0
Serpine2,Serpine2,0.12690872073294876,0.0,8.49027,Lrp1,Lrp1,0.4742268041237113,0.05117955567463084,Neurons,Astrocytes,0.0,1.0
Lrpap1,Lrpap1,0.4065151001017984,0.021576915409774577,8.49027,Ldlr,Ldlr,0.10309278350515463,0.0,Neurons,Astrocytes,0.0,1.0
Agrn,Agrn,0.4530030539531727,0.024281996724193622,8.49027,Atp1a3,Atp1a3,0.1211340206185567,0.0,Neurons,Astrocytes,0.0,1.0
Col11a1,Col11a1,0.3545978961655921,0.027649154759548433,8.49027,Ddr1,Ddr1,0.2345360824742268,0.0,Neurons,Astrocytes,0.0,1.0
F8,F8,0.10892432982694265,0.0,8.49027,Ldlr,Ldlr,0.10309278350515463,0.0,Neurons,Astrocytes,0.0,1.0
Arpc5,Arpc5,0.12656939260264677,0.0,8.49027,Ldlr,Ldlr,0.10309278350515463,0.0,Neurons,Astrocytes,0.0,1.0
Lin7c,Lin7c,0.16966406515100102,0.0,8.49027,Abca1,Abca1,0.27319587628865977,0.033736094717738196,Neurons,Astrocytes,0.0,1.0
Farp2,Farp2,0.22124194095690533,0.0,8.49027,Plxna2,Plxna2,0.10051546391752578,0.0,Neurons,Astrocytes,0.0,1.0
Apoe,Apoe,0.2297251442144554,0.0,8.49027,Abca1,Abca1,0.27319587628865977,0.033736094717738196,Neurons,Astrocytes,0.0,1.0
Vcl,Vcl,0.28028503562945367,0.014095716815997306,8.49027,Itgb5,Itgb5,0.17525773195876287,0.0,Neurons,Astrocytes,0.0,1.0
Tfpi,Tfpi,0.16025641025641027,0.0,8.49027,F3,F3,0.19230769230769232,0.0,Pericytes,Pericytes,0.0,1.0
Slitrk1,Slitrk1,0.22167487684729065,0.0,8.49027,Ptprs,Ptprs,0.5960591133004927,0.1327099197383872,OPCs,OPCs,0.0,1.0
Sema4d,Sema4d,0.11330049261083744,0.0,8.49027,Plxnb3,Plxnb3,0.10344827586206896,0.0,OPCs,OPCs,0.0,1.0
Sema4d,Sema4d,0.11330049261083744,0.0,8.49027,Plxnb1,Plxnb1,0.1330049261083744,0.0,OPCs,OPCs,0.0,1.0
Alcam,Alcam,0.7832512315270936,0.2217915033454625,8.49027,Chl1,Chl1,0.15763546798029557,0.0,OPCs,OPCs,0.0,1.0
Sema5a,Sema5a,0.6354679802955665,0.14386473824522117,8.49027,Plxnb3,Plxnb3,0.10344827586206896,0.0,OPCs,OPCs,0.0,1.0
Adam9,Adam9,0.2019704433497537,0.0,8.49027,Itgav,Itgav,0.5320197044334976,0.10911949221648332,OPCs,OPCs,0.0,1.0
Adam9,Adam9,0.2019704433497537,0.0,8.49027,Itgb1,Itgb1,0.3251231527093596,0.03609275967810888,OPCs,OPCs,0.0,1.0
Col9a3,Col9a3,0.2019704433497537,0.0,8.49027,Itgb1,Itga9_Itgb1,0.3251231527093596,0.03609275967810888,OPCs,OPCs,0.0,1.0
Agrn,Agrn,0.21649484536082475,0.0,8.49027,Lrp4,Lrp4,0.13402061855670103,0.0,Astrocytes,Astrocytes,0.0,1.0
Il1rapl1,Il1rapl1,0.654639175257732,0.2154718757125864,8.49027,Ptprf,Ptprf,0.12371134020618557,0.0,Astrocytes,Astrocytes,0.0,1.0
Agrn,Agrn,0.3054187192118227,0.036506940895809636,8.49027,Lrp4,Lrp4,0.1921182266009852,0.0,OPCs,OPCs,0.0,1.0
Fstl1,Fstl1,0.22734984730234137,0.0,8.49027,Dip2a,Dip2a,0.13917525773195877,0.0,Neurons,Astrocytes,0.0,1.0
Psen1,Psen1,0.2809636918900577,0.013859826985143986,8.49027,Notch1,Notch1,0.22422680412371135,0.0,Neurons,Astrocytes,0.0,1.0
Apoe,Apoe,0.2297251442144554,0.0,8.49027,Sorl1,Sorl1,0.34536082474226804,0.039568285558095995,Neurons,Astrocytes,0.0,1.0
Gpi1,Gpi1,0.49949100780454697,0.027744224310249588,8.49027,Amfr,Amfr,0.15206185567010308,0.0,Neurons,Astrocytes,0.0,1.0
Cntn6,Cntn6,0.5873769935527655,0.11353031008273673,8.49027,Notch1,Notch1,0.22422680412371135,0.0,Neurons,Astrocytes,0.0,1.0
Fgf13,Fgf13,0.5408890397013912,0.08403445545161414,8.49027,Scn8a,Scn8a,0.21649484536082475,0.0,Neurons,Astrocytes,0.0,1.0
Arf1,Arf1,0.2979300984051578,0.015541223113409108,8.49027,Pld2,Pld2,0.17268041237113402,0.0,Neurons,Astrocytes,0.0,1.0
Gnai2,Gnai2,0.16762809636918902,0.0,8.49027,Egfr,Egfr,0.3582474226804124,0.04175933524722142,Neurons,Astrocytes,0.0,1.0
Gnai2,Gnai2,0.16762809636918902,0.0,8.49027,Igf1r,Igf1r,0.3634020618556701,0.041961547591853554,Neurons,Astrocytes,0.0,1.0
Gpc3,Gpc3,0.15405497115710892,0.0,8.49027,Igf1r,Igf1r,0.3634020618556701,0.041961547591853554,Neurons,Astrocytes,0.0,1.0
Gpc3,Gpc3,0.15405497115710892,0.0,8.49027,Cd81,Cd81,0.8015463917525774,0.29479831652433164,Neurons,Astrocytes,0.0,1.0
Psen1,Psen1,0.2809636918900577,0.013859826985143986,8.49027,Notch3,Notch3,0.13659793814432988,0.0,Neurons,Astrocytes,0.0,1.0
Lrrc4b,Lrrc4b,0.18041237113402062,0.0,8.49027,Ptprs,Ptprs,0.327319587628866,0.03760428532678295,Astrocytes,Astrocytes,0.0,1.0
Psen1,Psen1,0.2809636918900577,0.013859826985143986,8.49027,Notch2,Notch2,0.2345360824742268,0.0,Neurons,Astrocytes,0.0,1.0
Dll3,Dll3,0.10837438423645321,0.0,8.49027,Notch1,Notch1,0.2512315270935961,0.012464456501964372,OPCs,OPCs,0.0,1.0
Sema6a,Sema6a,0.3399014778325123,0.03747434483072465,8.49027,Plxna4,Plxna4,0.15270935960591134,0.0,OPCs,OPCs,0.0,1.0
Sema6a,Sema6a,0.3399014778325123,0.03747434483072465,8.49027,Plxna2,Plxna2,0.23645320197044334,0.0,OPCs,OPCs,0.0,1.0
Slitrk2,Slitrk2,0.15763546798029557,0.0,8.49027,Ptprs,Ptprs,0.5960591133004927,0.1327099197383872,OPCs,OPCs,0.0,1.0
Lgi1,Lgi1,0.1625615763546798,0.0,8.49027,Adam23,Adam23,0.3645320197044335,0.04171960183342871,OPCs,OPCs,0.0,1.0
Sema3d,Sema3d,0.7093596059113301,0.17089539070544868,8.49027,Nrp2,Nrp2_Plxna4,0.1921182266009852,0.0,OPCs,OPCs,0.0,1.0
Sema3d,Sema3d,0.7093596059113301,0.17089539070544868,8.49027,Nrp2,Nrp2_Plxna2,0.1921182266009852,0.0,OPCs,OPCs,0.0,1.0
Slit2,Slit2,0.11330049261083744,0.0,8.49027,Robo1,Robo1,0.8522167487684729,0.2884662584880284,OPCs,OPCs,0.0,1.0
Slit2,Slit2,0.11330049261083744,0.0,8.49027,Dcc,Dcc,0.8472906403940886,0.3290022314275842,OPCs,OPCs,0.0,1.0
Slit2,Slit2,0.11330049261083744,0.0,8.49027,App,App,0.5517241379310345,0.11841058036538166,OPCs,OPCs,0.0,1.0
Ccl25,Ccl25,0.18719211822660098,0.0,8.49027,Grm7,Grm7,0.6847290640394089,0.17777367480478157,OPCs,OPCs,0.0,1.0
Lrrc4b,Lrrc4b,0.18041237113402062,0.0,8.49027,Ptprf,Ptprf,0.12371134020618557,0.0,Astrocytes,Astrocytes,0.0,1.0
Sema4a,Sema4a,0.14948453608247422,0.0,8.49027,Plxnb1,Plxnb1,0.2036082474226804,0.0,Astrocytes,Astrocytes,0.0,1.0
Col9a3,Col9a3,0.2019704433497537,0.0,8.49027,Itgb8,Itgav_Itgb8,0.31527093596059114,0.033608434079646976,OPCs,OPCs,0.0,1.0
Vegfa,Vegfa,0.2955665024630542,0.0368593044404415,8.49027,Ephb2,Ephb2,0.14285714285714285,0.0,OPCs,OPCs,0.0,1.0
Vegfa,Vegfa,0.2955665024630542,0.0368593044404415,8.49027,Nrp2,Nrp2,0.1921182266009852,0.0,OPCs,OPCs,0.0,1.0
Bmp1,Bmp1,0.11330049261083744,0.0,8.49027,Bmpr2,Bmpr2,0.3645320197044335,0.037680004166155356,OPCs,OPCs,0.0,1.0
Bmp1,Bmp1,0.11330049261083744,0.0,8.49027,Bmpr1a,Bmpr1a,0.3842364532019704,0.039394576703313255,OPCs,OPCs,0.0,1.0
Trf,Trf,0.12315270935960591,0.0,8.49027,Ldlr,Ldlr,0.2019704433497537,0.0,OPCs,OPCs,0.0,1.0
Sema4a,Sema4a,0.14948453608247422,0.0,8.49027,Nrp1,Nrp1_Plxna2,0.17525773195876287,0.0,Astrocytes,Astrocytes,0.0,1.0
Fgf13,Fgf13,0.5408890397013912,0.08403445545161414,8.49027,Fgfr1,Fgfr1,0.2268041237113402,0.0,Neurons,Astrocytes,0.0,1.0
Fam3c,Fam3c,0.1815405497115711,0.0,8.49027,Lifr,Lifr,0.3118556701030928,0.03599989100646139,Neurons,Astrocytes,0.0,1.0
Fam3c,Fam3c,0.1815405497115711,0.0,8.49027,Lamp1,Lamp1,0.35051546391752575,0.042381303843297524,Neurons,Astrocytes,0.0,1.0
Fndc5,Fndc5,0.2507634882931795,0.009335018414395269,8.49027,Itgb5,Itgb5,0.17525773195876287,0.0,Neurons,Astrocytes,0.0,1.0
Rtn4,Rtn4,0.6939260264675942,0.10339765422411484,8.49027,Tnfrsf19,Tnfrsf19,0.211340206185567,0.0,Neurons,Astrocytes,0.0,1.0
Cthrc1,Cthrc1,0.18018323719036308,0.0,8.49027,Fzd3,Fzd3,0.12886597938144329,0.0,Neurons,Astrocytes,0.0,1.0
Fbn1,Fbn1,0.17780794027824906,0.0,8.49027,Itgb1,Itgb1,0.13402061855670103,0.0,Neurons,Astrocytes,0.0,1.0
Gnai2,Gnai2,0.16762809636918902,0.0,8.49027,Adora1,Adora1,0.14175257731958762,0.0,Neurons,Astrocytes,0.0,1.0
Rgmb,Rgmb,0.17678995588734306,0.0,8.49027,Neo1,Neo1,0.36597938144329895,0.042352115869531914,Neurons,Astrocytes,0.0,1.0
Timp2,Timp2,0.4160162877502545,0.023427290433452708,8.49027,Itgb1,Itgb1,0.13402061855670103,0.0,Neurons,Astrocytes,0.0,1.0
Arf1,Arf1,0.2979300984051578,0.015541223113409108,8.49027,Insr,Insr,0.23195876288659795,0.0,Neurons,Astrocytes,0.0,1.0
Hras,Hras,0.1995249406175772,0.0,8.49027,Insr,Insr,0.23195876288659795,0.0,Neurons,Astrocytes,0.0,1.0
Apoe,Apoe,0.8374384236453202,0.2405724520174406,8.49027,Lrp8,Lrp8,0.10344827586206896,0.0,OPCs,OPCs,0.0,1.0
Apoe,Apoe,0.8374384236453202,0.2405724520174406,8.49027,Vldlr,Vldlr,0.15763546798029557,0.0,OPCs,OPCs,0.0,1.0
Apoe,Apoe,0.8374384236453202,0.2405724520174406,8.49027,Ldlr,Ldlr,0.2019704433497537,0.0,OPCs,OPCs,0.0,1.0
Apoe,Apoe,0.8374384236453202,0.2405724520174406,8.49027,Lrp5,Lrp5,0.12807881773399016,0.0,OPCs,OPCs,0.0,1.0
Apoe,Apoe,0.8374384236453202,0.2405724520174406,8.49027,Lrp4,Lrp4,0.1921182266009852,0.0,OPCs,OPCs,0.0,1.0
Mdk,Mdk,0.18719211822660098,0.0,8.49027,Lrp1,Lrp1,0.6896551724137931,0.14452961608495252,OPCs,OPCs,0.0,1.0
Mdk,Mdk,0.18719211822660098,0.0,8.49027,Sdc2,Sdc2,0.2660098522167488,0.030683516714840264,OPCs,OPCs,0.0,1.0
Mdk,Mdk,0.18719211822660098,0.0,8.49027,Ptprz1,Ptprz1,0.8571428571428571,0.36390258151173605,OPCs,OPCs,0.0,1.0
Mdk,Mdk,0.18719211822660098,0.0,8.49027,Sdc3,Sdc3,0.3891625615763547,0.03945592401307563,OPCs,OPCs,0.0,1.0
Bmp7,Bmp7,0.11330049261083744,0.0,8.49027,Ptprk,Ptprk,0.6699507389162561,0.15540344165857212,OPCs,OPCs,0.0,1.0
Bmp7,Bmp7,0.11330049261083744,0.0,8.49027,Acvr1,Acvr1_Bmpr2,0.29064039408866993,0.03134238162663072,OPCs,OPCs,0.0,1.0
Bmp7,Bmp7,0.11330049261083744,0.0,8.49027,Bmpr2,Bmpr1a_Bmpr2,0.3645320197044335,0.037680004166155356,OPCs,OPCs,0.0,1.0
Bmp7,Bmp7,0.11330049261083744,0.0,8.49027,Acvr2a,Acvr1_Acvr2a,0.21182266009852216,0.0,OPCs,OPCs,0.0,1.0
Bmp7,Bmp7,0.11330049261083744,0.0,8.49027,Acvr2a,Acvr2a_Bmpr1a,0.21182266009852216,0.0,OPCs,OPCs,0.0,1.0
Vegfa,Vegfa,0.2955665024630542,0.0368593044404415,8.49027,Sirpa,Sirpa,0.1330049261083744,0.0,OPCs,OPCs,0.0,1.0
Rgma,Rgma,0.2019704433497537,0.0,8.49027,Neo1,Neo1,0.5270935960591133,0.11071428533356475,OPCs,OPCs,0.0,1.0
Rgma,Rgma,0.2019704433497537,0.0,8.49027,Bmpr2,Bmpr2,0.3645320197044335,0.037680004166155356,OPCs,OPCs,0.0,1.0
Fgf13,Fgf13,0.13793103448275862,0.0,8.49027,Fgfr2,Fgfr2,0.46798029556650245,0.04434428173645366,OPCs,OPCs,0.0,1.0
Fgf13,Fgf13,0.13793103448275862,0.0,8.49027,Fgfr1,Fgfr1,0.13793103448275862,0.0,OPCs,OPCs,0.0,1.0
Fam3c,Fam3c,0.2019704433497537,0.0,8.49027,Lifr,Lifr,0.24630541871921183,0.0,OPCs,OPCs,0.0,1.0
Fam3c,Fam3c,0.2019704433497537,0.0,8.49027,Lamp1,Lamp1,0.5073891625615764,0.09913857064630327,OPCs,OPCs,0.0,1.0
Enho,Enho,0.1477832512315271,0.0,8.49027,Gpr19,Gpr19,0.11330049261083744,0.0,OPCs,OPCs,0.0,1.0
Gas6,Gas6,0.10344827586206896,0.0,8.49027,Mertk,Mertk,0.3448275862068966,0.036240011474443,OPCs,OPCs,0.0,1.0
Ybx1,Ybx1,0.21182266009852216,0.0,8.49027,Notch1,Notch1,0.2512315270935961,0.012464456501964372,OPCs,OPCs,0.0,1.0
Mdk,Mdk,0.18719211822660098,0.0,8.49027,Alk,Alk,0.43842364532019706,0.04481164910953117,OPCs,OPCs,0.0,1.0
Cthrc1,Cthrc1,0.30049261083743845,0.03461556089783291,8.49027,Fzd3,Fzd3,0.1724137931034483,0.0,OPCs,OPCs,0.0,1.0
Slitrk2,Slitrk2,0.2190721649484536,0.0,8.49027,Ptprs,Ptprs,0.327319587628866,0.03760428532678295,Astrocytes,Astrocytes,0.0,1.0
Gnai2,Gnai2,0.21182266009852216,0.0,8.49027,Cav1,Cav1,0.1625615763546798,0.0,OPCs,OPCs,0.0,1.0
Gnai2,Gnai2,0.21182266009852216,0.0,8.49027,Adora1,Adora1,0.18719211822660098,0.0,OPCs,OPCs,0.0,1.0
Timp2,Timp2,0.1625615763546798,0.0,8.49027,Itgb1,Itgb1,0.3251231527093596,0.03609275967810888,OPCs,OPCs,0.0,1.0
Psen1,Psen1,0.11822660098522167,0.0,8.49027,Notch1,Notch1,0.2512315270935961,0.012464456501964372,OPCs,OPCs,0.0,1.0
Omg,Omg,0.18226600985221675,0.0,8.49027,Lingo1,Lingo1,0.1625615763546798,0.0,OPCs,OPCs,0.0,1.0
Gpi1,Gpi1,0.1330049261083744,0.0,8.49027,Amfr,Amfr,0.13793103448275862,0.0,OPCs,OPCs,0.0,1.0
Sst,Sst,0.24363759755683745,0.0,8.49027,Grm7,Grm7,0.11082474226804123,0.0,Neurons,Astrocytes,0.0,1.0
Nxph1,Nxph1,0.5242619613165932,0.11547830918619306,8.49027,Nrxn2,Nrxn2,0.13144329896907217,0.0,Neurons,Astrocytes,0.0,1.0
Vegfc,Vegfc,0.11706820495419071,0.0,8.49027,Itgb1,Itgb1,0.13402061855670103,0.0,Neurons,Astrocytes,0.0,1.0
Vegfb,Vegfb,0.21038344078724125,0.0,8.49027,Nrp1,Nrp1,0.17525773195876287,0.0,Neurons,Astrocytes,0.0,1.0
Fgf9,Fgf9,0.21174075330844927,0.0,8.49027,Fgfr3,Fgfr3,0.5876288659793815,0.14916771946821505,Neurons,Astrocytes,0.0,1.0
Fgf9,Fgf9,0.21174075330844927,0.0,8.49027,Fgfr2,Fgfr2,0.5,0.08306514373716856,Neurons,Astrocytes,0.0,1.0
Fgf9,Fgf9,0.21174075330844927,0.0,8.49027,Fgfr1,Fgfr1,0.2268041237113402,0.0,Neurons,Astrocytes,0.0,1.0
Psap,Psap,0.6827281981676281,0.09203127051421411,8.49027,Gpr37,Gpr37,0.1211340206185567,0.0,Neurons,Astrocytes,0.0,1.0
Ltbp3,Ltbp3,0.18425517475398712,0.0,8.49027,Itgb5,Itgb5,0.17525773195876287,0.0,Neurons,Astrocytes,0.0,1.0
Spon1,Spon1,0.15914489311163896,0.0,8.49027,App,App,0.24742268041237114,0.0,Neurons,Astrocytes,0.0,1.0
Wnt5b,Wnt5b,0.10654903291482865,0.0,8.49027,Fzd3,Fzd3_Lrp6,0.12886597938144329,0.0,Neurons,Astrocytes,0.0,1.0
Sema3c,Sema3c,0.16491347132677298,0.0,8.49027,Nrp1,Nrp1_Plxna2,0.17525773195876287,0.0,Neurons,Astrocytes,0.0,1.0
Rtn4,Rtn4,0.4729064039408867,0.045679641408594485,8.49027,Lingo1,Lingo1,0.1625615763546798,0.0,OPCs,OPCs,0.0,1.0
Fgf13,Fgf13,0.13793103448275862,0.0,8.49027,Scn8a,Scn8a,0.3497536945812808,0.03786901650172636,OPCs,OPCs,0.0,1.0
Spon1,Spon1,0.729064039408867,0.17417848446291417,8.49027,Lrp8,Lrp8,0.10344827586206896,0.0,OPCs,OPCs,0.0,1.0
Megf10,Megf10,0.270935960591133,0.030197389217197612,8.49027,Abca1,Abca1,0.22660098522167488,0.0,OPCs,OPCs,0.0,1.0
Lgi1,Lgi1,0.1625615763546798,0.0,8.49027,Adam22,Adam22,0.5369458128078818,0.11019019354978976,OPCs,OPCs,0.0,1.0
Dnajb11,Dnajb11,0.11822660098522167,0.0,8.49027,Prtg,Prtg,0.1330049261083744,0.0,OPCs,OPCs,0.0,1.0
Col5a3,Col5a3,0.11330049261083744,0.0,8.49027,Sdc3,Sdc3,0.3891625615763547,0.03945592401307563,OPCs,OPCs,0.0,1.0
Nampt,Nampt,0.10344827586206896,0.0,8.49027,Insr,Insr,0.3694581280788177,0.03789396857310279,OPCs,OPCs,0.0,1.0
Lrpap1,Lrpap1,0.2561576354679803,0.026917150986223604,8.49027,Vldlr,Vldlr,0.15763546798029557,0.0,OPCs,OPCs,0.0,1.0
Lrpap1,Lrpap1,0.2561576354679803,0.026917150986223604,8.49027,Lrp8,Lrp8,0.10344827586206896,0.0,OPCs,OPCs,0.0,1.0
Gnai2,Gnai2,0.21182266009852216,0.0,8.49027,Igf1r,Igf1r,0.4975369458128079,0.049010155860757854,OPCs,OPCs,0.0,1.0
Lrpap1,Lrpap1,0.2561576354679803,0.026917150986223604,8.49027,Ldlr,Ldlr,0.2019704433497537,0.0,OPCs,OPCs,0.0,1.0
Agrn,Agrn,0.3054187192118227,0.036506940895809636,8.49027,Atp1a3,Atp1a3,0.15763546798029557,0.0,OPCs,OPCs,0.0,1.0
Col11a1,Col11a1,0.3448275862068966,0.03889148277998333,8.49027,Ddr1,Ddr1,0.2019704433497537,0.0,OPCs,OPCs,0.0,1.0
Rtn4,Rtn4,0.4729064039408867,0.045679641408594485,8.49027,Tnfrsf19,Tnfrsf19,0.12315270935960591,0.0,OPCs,OPCs,0.0,1.0
Fgf14,Fgf14,0.8571428571428571,0.33953198448739297,8.49027,Fgfr1,Fgfr1,0.13793103448275862,0.0,OPCs,OPCs,0.0,1.0
Gnai2,Gnai2,0.21182266009852216,0.0,8.49027,Ednrb,Ednrb,0.22167487684729065,0.0,OPCs,OPCs,0.0,1.0
S100a1,S100a1,0.22167487684729065,0.0,8.49027,Ryr2,Ryr2,0.20689655172413793,0.0,OPCs,OPCs,0.0,1.0
S100a1,S100a1,0.22167487684729065,0.0,8.49027,Trpm3,Trpm3,0.32019704433497537,0.03827089982506582,OPCs,OPCs,0.0,1.0
Farp2,Farp2,0.11822660098522167,0.0,8.49027,Plxna4,Plxna4,0.15270935960591134,0.0,OPCs,OPCs,0.0,1.0
Farp2,Farp2,0.11822660098522167,0.0,8.49027,Plxna2,Plxna2,0.23645320197044334,0.0,OPCs,OPCs,0.0,1.0
Rims2,Rims2,0.7192118226600985,0.18527475853386832,8.49027,Abca1,Abca1,0.22660098522167488,0.0,OPCs,OPCs,0.0,1.0
Adam10,Adam10,0.33004926108374383,0.038064970206242554,8.49027,Tspan5,Tspan5,0.18719211822660098,0.0,OPCs,OPCs,0.0,1.0
Ncan,Ncan,0.22167487684729065,0.0,8.49027,Sdc3,Sdc3,0.3891625615763547,0.03945592401307563,OPCs,OPCs,0.0,1.0
Ncan,Ncan,0.22167487684729065,0.0,8.49027,Cdh2,Cdh2,0.4729064039408867,0.04520758795332136,OPCs,OPCs,0.0,1.0
Apoe,Apoe,0.8374384236453202,0.2405724520174406,8.49027,Abca1,Abca1,0.22660098522167488,0.0,OPCs,OPCs,0.0,1.0
Mmp2,Mmp2,0.11330049261083744,0.0,8.49027,Fgfr1,Fgfr1,0.13793103448275862,0.0,OPCs,OPCs,0.0,1.0
Vcl,Vcl,0.15763546798029557,0.0,8.49027,Alk,Alk,0.43842364532019706,0.04481164910953117,OPCs,OPCs,0.0,1.0
Mdk,Mdk,0.18719211822660098,0.0,8.49027,Ncl,Ncl,0.1921182266009852,0.0,OPCs,OPCs,0.0,1.0
Entpd1,Entpd1,0.21674876847290642,0.0,8.49027,Adora1,Adora1,0.18719211822660098,0.0,OPCs,OPCs,0.0,1.0
Fgf12,Fgf12,0.8029556650246306,0.2383535131189034,8.49027,Fgfr1,Fgfr1,0.13793103448275862,0.0,OPCs,OPCs,0.0,1.0
Gnas,Gnas,0.5911330049261084,0.13375737669993382,8.49027,Adora1,Adora1,0.18719211822660098,0.0,OPCs,OPCs,0.0,1.0
Gnai2,Gnai2,0.21182266009852216,0.0,8.49027,Adcy9,Adcy9,0.29064039408866993,0.0317211574749936,OPCs,OPCs,0.0,1.0
Vegfa,Vegfa,0.2130980658296573,0.0,8.49027,Itgav,Itgav,0.25773195876288657,0.029662390884252543,Neurons,Astrocytes,0.0,1.0
Vegfa,Vegfa,0.2130980658296573,0.0,8.49027,Itgb1,Itgb1,0.13402061855670103,0.0,Neurons,Astrocytes,0.0,1.0
Vegfa,Vegfa,0.2130980658296573,0.0,8.49027,Egfr,Egfr,0.3582474226804124,0.04175933524722142,Neurons,Astrocytes,0.0,1.0
Vegfa,Vegfa,0.2130980658296573,0.0,8.49027,Nrp1,Nrp1,0.17525773195876287,0.0,Neurons,Astrocytes,0.0,1.0
Gpc3,Gpc3,0.15384615384615385,0.0,8.49027,Igf1r,Igf1r,0.3717948717948718,0.054859767694326766,Pericytes,Pericytes,0.0,1.0
Spp1,Spp1,0.11367492365117068,0.0,8.49027,Itgb5,Itgav_Itgb5,0.17525773195876287,0.0,Neurons,Astrocytes,0.0,1.0
Spp1,Spp1,0.11367492365117068,0.0,8.49027,Itgb1,Itgav_Itgb1,0.13402061855670103,0.0,Neurons,Astrocytes,0.0,1.0
Fgf1,Fgf1,0.23583305055989143,0.0,8.49027,Fgfrl1,Fgfrl1,0.13144329896907217,0.0,Neurons,Astrocytes,0.0,1.0
Gpc3,Gpc3,0.15384615384615385,0.0,8.49027,Cd81,Cd81,0.6474358974358975,0.19210052867613192,Pericytes,Pericytes,0.0,1.0
Il34,Il34,0.11163895486935867,0.0,8.49027,Ptprz1,Ptprz1,0.7164948453608248,0.22067333919537102,Neurons,Astrocytes,0.0,1.0
Sema3a,Sema3a,0.14794706481167288,0.0,8.49027,Nrp1,Nrp1_Plxna2,0.17525773195876287,0.0,Neurons,Astrocytes,0.0,1.0
Lrpap1,Lrpap1,0.16666666666666666,0.0,8.49027,Lrp1,Lrp1,0.4551282051282051,0.05665531204614227,Pericytes,Pericytes,0.0,1.0
Gas6,Gas6,0.32609433322022396,0.017178320846686468,8.49027,Axl,Axl,0.12886597938144329,0.0,Neurons,Astrocytes,0.0,1.0
Il15ra,Il15ra,0.10315575161180862,0.0,8.49027,Axl,Axl,0.12886597938144329,0.0,Neurons,Astrocytes,0.0,1.0
Serpine2,Serpine2,0.1794871794871795,0.0,8.49027,Lrp1,Lrp1,0.4551282051282051,0.05665531204614227,Pericytes,Pericytes,0.0,1.0
Ybx1,Ybx1,0.34136409908381404,0.01754710761759004,8.49027,Notch1,Notch1,0.22422680412371135,0.0,Neurons,Astrocytes,0.0,1.0
Gnai2,Gnai2,0.21182266009852216,0.0,8.49027,Adcy8,Adcy8,0.3448275862068966,0.03875941599606736,OPCs,OPCs,0.0,1.0
Hspa8,Hspa8,0.458128078817734,0.04508802791911548,8.49027,Ldlr,Ldlr,0.2019704433497537,0.0,OPCs,OPCs,0.0,1.0
Actr2,Actr2,0.21182266009852216,0.0,8.49027,Ldlr,Ldlr,0.2019704433497537,0.0,OPCs,OPCs,0.0,1.0
App,App,0.5727106997616043,0.1912491237039715,8.49027,Tnfrsf21,Tnfrsf21,0.15270935960591134,0.0,Oligodendrocytes,OPCs,0.0,1.0
Lrpap1,Lrpap1,0.16666666666666666,0.0,8.49027,Ldlr,Ldlr,0.10897435897435898,0.0,Pericytes,Pericytes,0.0,1.0
Adam10,Adam10,0.2507362221287337,0.012589448969097583,8.49027,Tspan12,Tspan12,0.11330049261083744,0.0,Oligodendrocytes,OPCs,0.0,1.0
Bmp7,Bmp7,0.11330049261083744,0.0,8.49027,Actr2,Actr2,0.21182266009852216,0.0,OPCs,OPCs,0.0,1.0
Fstl5,Fstl5,0.2512315270935961,0.012311923648953615,8.49027,Chl1,Chl1,0.15763546798029557,0.0,OPCs,OPCs,0.0,1.0
Apoe,Apoe,0.2297251442144554,0.0,8.49027,Lrp1,Lrp1,0.4742268041237113,0.05117955567463084,Neurons,Astrocytes,0.0,1.0
Apoe,Apoe,0.2297251442144554,0.0,8.49027,Sdc2,Sdc2,0.3427835051546392,0.04035273484009849,Neurons,Astrocytes,0.0,1.0
Apoe,Apoe,0.2297251442144554,0.0,8.49027,Ldlr,Ldlr,0.10309278350515463,0.0,Neurons,Astrocytes,0.0,1.0
Apoe,Apoe,0.2297251442144554,0.0,8.49027,Lrp6,Lrp6,0.24742268041237114,0.0,Neurons,Astrocytes,0.0,1.0
Apoe,Apoe,0.2297251442144554,0.0,8.49027,Lrp4,Lrp4,0.13402061855670103,0.0,Neurons,Astrocytes,0.0,1.0
Penk,Penk,0.26060400407193757,0.01471765820822546,8.49027,Grm7,Grm7,0.11082474226804123,0.0,Neurons,Astrocytes,0.0,1.0
Agrn,Agrn,0.20512820512820512,0.0,8.49027,Atp1a3,Atp1a3,0.1282051282051282,0.0,Pericytes,Pericytes,0.0,1.0
App,App,0.24742268041237114,0.0,8.49027,Rpsa,Rpsa,0.28350515463917525,0.035761053507050944,Astrocytes,Astrocytes,0.0,1.0
Nrxn2,Nrxn2,0.13144329896907217,0.0,8.49027,Nlgn1,Nlgn1,0.7087628865979382,0.2577157641444432,Astrocytes,Astrocytes,0.0,1.0
Jam2,Jam2,0.3247422680412371,0.03782534204015453,8.49027,Itgb1,Itgav_Itgb1,0.13402061855670103,0.0,Astrocytes,Astrocytes,0.0,1.0
Ptn,Ptn,0.34170342721411606,0.02052779989104636,8.49027,Sdc3,Sdc3,0.13144329896907217,0.0,Neurons,Astrocytes,0.0,1.0
Adcyap1,Adcyap1,0.11808618934509671,0.0,8.49027,Adcyap1r1,Adcyap1r1,0.18556701030927836,0.0,Neurons,Astrocytes,0.0,1.0
Vegfa,Vegfa,0.2130980658296573,0.0,8.49027,Sirpa,Sirpa,0.14690721649484537,0.0,Neurons,Astrocytes,0.0,1.0
Nrg2,Nrg2,0.22167487684729065,0.0,8.49027,Lrrtm2,Lrrtm2,0.10837438423645321,0.0,OPCs,OPCs,0.0,1.0
Nrg2,Nrg2,0.22167487684729065,0.0,8.49027,Nrp2,Nrp2,0.1921182266009852,0.0,OPCs,OPCs,0.0,1.0
Sparc,Sparc,0.5911330049261084,0.1254354791644805,8.49027,Fgfr1,Fgfr1,0.13793103448275862,0.0,OPCs,OPCs,0.0,1.0
Timp3,Timp3,0.2413793103448276,0.0,8.49027,Ddr1,Ddr1,0.2019704433497537,0.0,OPCs,OPCs,0.0,1.0
Sema3e,Sema3e,0.24630541871921183,0.0,8.49027,Nrp2,Nrp2,0.1921182266009852,0.0,OPCs,OPCs,0.0,1.0
Ptn,Ptn,0.8669950738916257,0.27545202362701793,8.49027,Ncl,Ncl,0.1921182266009852,0.0,OPCs,OPCs,0.0,1.0
Ncam1,Ncam1,0.5330248212031973,0.17965692523993804,8.49027,Fgfr1,Fgfr1,0.13793103448275862,0.0,Oligodendrocytes,OPCs,0.0,1.0
Csf1,Csf1,0.10321133080914317,0.0,8.49027,Sirpa,Sirpa,0.1330049261083744,0.0,Oligodendrocytes,OPCs,0.0,1.0
App,App,0.5727106997616043,0.1912491237039715,8.49027,Vldlr,Vldlr,0.15763546798029557,0.0,Oligodendrocytes,OPCs,0.0,1.0
App,App,0.5727106997616043,0.1912491237039715,8.49027,Tspan12,Tspan12,0.11330049261083744,0.0,Oligodendrocytes,OPCs,0.0,1.0
Efnb3,Efnb3,0.25045575655588276,0.013645050850475404,8.49027,Epha4,Epha4,0.10837438423645321,0.0,Oligodendrocytes,OPCs,0.0,1.0
Efnb3,Efnb3,0.25045575655588276,0.013645050850475404,8.49027,Ephb1,Ephb1,0.13793103448275862,0.0,Oligodendrocytes,OPCs,0.0,1.0
Efnb3,Efnb3,0.25045575655588276,0.013645050850475404,8.49027,Ephb2,Ephb2,0.14285714285714285,0.0,Oligodendrocytes,OPCs,0.0,1.0
Alcam,Alcam,0.2016547468798205,0.0,8.49027,Chl1,Chl1,0.15763546798029557,0.0,Oligodendrocytes,OPCs,0.0,1.0
Cntn1,Cntn1,0.15285373720375825,0.0,8.49027,Nrcam,Nrcam,0.7635467980295566,0.23204312426380924,Oligodendrocytes,OPCs,0.0,1.0
Cntn1,Cntn1,0.15285373720375825,0.0,8.49027,Notch1,Notch1,0.2512315270935961,0.012464456501964372,Oligodendrocytes,OPCs,0.0,1.0
Cntn1,Cntn1,0.15285373720375825,0.0,8.49027,Ptprz1,Ptprz1,0.8571428571428571,0.36390258151173605,Oligodendrocytes,OPCs,0.0,1.0
Cd47,Cd47,0.1771140092553639,0.0,8.49027,Sirpa,Sirpa,0.1330049261083744,0.0,Oligodendrocytes,OPCs,0.0,1.0
Nrxn2,Nrxn2,0.15972514373860608,0.0,8.49027,Nlgn3,Nlgn3,0.2857142857142857,0.030202463173612415,Oligodendrocytes,OPCs,0.0,1.0
Nrxn2,Nrxn2,0.15972514373860608,0.0,8.49027,Nlgn2,Nlgn2,0.32019704433497537,0.0352717879139155,Oligodendrocytes,OPCs,0.0,1.0
Nrxn2,Nrxn2,0.15972514373860608,0.0,8.49027,Nlgn1,Nlgn1,0.8669950738916257,0.45541186108127185,Oligodendrocytes,OPCs,0.0,1.0
Nrxn1,Nrxn1,0.21778151731874912,0.0,8.49027,Nlgn3,Nlgn3,0.2857142857142857,0.030202463173612415,Oligodendrocytes,OPCs,0.0,1.0
Nrxn1,Nrxn1,0.21778151731874912,0.0,8.49027,Nlgn2,Nlgn2,0.32019704433497537,0.0352717879139155,Oligodendrocytes,OPCs,0.0,1.0
Nrxn1,Nrxn1,0.21778151731874912,0.0,8.49027,Nlgn1,Nlgn1,0.8669950738916257,0.45541186108127185,Oligodendrocytes,OPCs,0.0,1.0
Lama2,Lama2,0.12326461926798485,0.0,8.49027,Rpsa,Rpsa,0.4039408866995074,0.04046159059890697,Oligodendrocytes,OPCs,0.0,1.0
Lama2,Lama2,0.12326461926798485,0.0,8.49027,Itgb8,Itgav_Itgb8,0.31527093596059114,0.033608434079646976,Oligodendrocytes,OPCs,0.0,1.0
Lama2,Lama2,0.12326461926798485,0.0,8.49027,Itgb1,Itga9_Itgb1,0.3251231527093596,0.03609275967810888,Oligodendrocytes,OPCs,0.0,1.0
Agrn,Agrn,0.11583228158743514,0.0,8.49027,Dag1,Dag1,0.270935960591133,0.02988240024947797,Oligodendrocytes,OPCs,0.0,1.0
Agrn,Agrn,0.11583228158743514,0.0,8.49027,Lrp1,Lrp1,0.6896551724137931,0.14452961608495252,Oligodendrocytes,OPCs,0.0,1.0
Agrn,Agrn,0.11583228158743514,0.0,8.49027,Itgb1,Itgb1,0.3251231527093596,0.03609275967810888,Oligodendrocytes,OPCs,0.0,1.0
Agrn,Agrn,0.11583228158743514,0.0,8.49027,Lrp4,Lrp4,0.1921182266009852,0.0,Oligodendrocytes,OPCs,0.0,1.0
Lrrc4b,Lrrc4b,0.12789230122002523,0.0,8.49027,Ptprs,Ptprs,0.5960591133004927,0.1327099197383872,Oligodendrocytes,OPCs,0.0,1.0
Sema6a,Sema6a,0.21147104192960314,0.0,8.49027,Plxna4,Plxna4,0.15270935960591134,0.0,Oligodendrocytes,OPCs,0.0,1.0
Sema6a,Sema6a,0.21147104192960314,0.0,8.49027,Plxna2,Plxna2,0.23645320197044334,0.0,Oligodendrocytes,OPCs,0.0,1.0
Slitrk3,Slitrk3,0.17577197149643706,0.0,8.49027,Ptprs,Ptprs,0.205761316872428,0.0,Neurons,Microglia,0.0,1.0
Sema4d,Sema4d,0.18384518300378627,0.0,8.49027,Plxnb3,Plxnb3,0.10344827586206896,0.0,Oligodendrocytes,OPCs,0.0,1.0
Sema4d,Sema4d,0.18384518300378627,0.0,8.49027,Plxnb1,Plxnb1,0.1330049261083744,0.0,Oligodendrocytes,OPCs,0.0,1.0
Fgf1,Fgf1,0.1110643668489693,0.0,8.49027,Fgfrl1,Fgfrl1,0.1330049261083744,0.0,Oligodendrocytes,OPCs,0.0,1.0
Fgf1,Fgf1,0.1110643668489693,0.0,8.49027,Cspg4,Cspg4,0.6354679802955665,0.13925161325963953,Oligodendrocytes,OPCs,0.0,1.0
Fgf1,Fgf1,0.1110643668489693,0.0,8.49027,Tgfbr3,Tgfbr3,0.10344827586206896,0.0,Oligodendrocytes,OPCs,0.0,1.0
Fgf1,Fgf1,0.1110643668489693,0.0,8.49027,Fgfr2,Fgfr2,0.46798029556650245,0.04434428173645366,Oligodendrocytes,OPCs,0.0,1.0
Fgf1,Fgf1,0.1110643668489693,0.0,8.49027,Fgfr1,Fgfr1,0.13793103448275862,0.0,Oligodendrocytes,OPCs,0.0,1.0
Trf,Trf,0.5626139391389707,0.24530015083516155,8.49027,Ldlr,Ldlr,0.2019704433497537,0.0,Oligodendrocytes,OPCs,0.0,1.0
Apoe,Apoe,0.388865516757818,0.06760146387603161,8.49027,Lrp8,Lrp8,0.10344827586206896,0.0,Oligodendrocytes,OPCs,0.0,1.0
Fgf10,Fgf10,0.12792670512385476,0.0,8.49027,Fgfrl1,Fgfrl1,0.13144329896907217,0.0,Neurons,Astrocytes,0.0,1.0
Fgf10,Fgf10,0.12792670512385476,0.0,8.49027,Fgfr2,Fgfr2,0.5,0.08306514373716856,Neurons,Astrocytes,0.0,1.0
Fgf10,Fgf10,0.12792670512385476,0.0,8.49027,Fgfr1,Fgfr1,0.2268041237113402,0.0,Neurons,Astrocytes,0.0,1.0
Ccl25,Ccl25,0.31116389548693585,0.016061782784667744,8.49027,Grm7,Grm7,0.11082474226804123,0.0,Neurons,Astrocytes,0.0,1.0
Sema3e,Sema3e,0.19477434679334918,0.0,8.49027,Nrp1,Nrp1,0.17525773195876287,0.0,Neurons,Astrocytes,0.0,1.0
Agrp,Agrp,0.18934509670851712,0.0,8.49027,Sdc3,Sdc3,0.13144329896907217,0.0,Neurons,Astrocytes,0.0,1.0
Lamc1,Lamc1,0.22225992534781133,0.0,8.49027,Dag1,Dag1,0.19845360824742267,0.0,Neurons,Astrocytes,0.0,1.0
Fgf1,Fgf1,0.23583305055989143,0.0,8.49027,Fgfr3,Fgfr3,0.5876288659793815,0.14916771946821505,Neurons,Astrocytes,0.0,1.0
Fgf1,Fgf1,0.23583305055989143,0.0,8.49027,Fgfr2,Fgfr2,0.5,0.08306514373716856,Neurons,Astrocytes,0.0,1.0
Fgf1,Fgf1,0.23583305055989143,0.0,8.49027,Fgfr1,Fgfr1,0.2268041237113402,0.0,Neurons,Astrocytes,0.0,1.0
Fgf1,Fgf1,0.23583305055989143,0.0,8.49027,Egfr,Egfr,0.3582474226804124,0.04175933524722142,Neurons,Astrocytes,0.0,1.0
Fgf1,Fgf1,0.23583305055989143,0.0,8.49027,Nrp1,Nrp1,0.17525773195876287,0.0,Neurons,Astrocytes,0.0,1.0
Inha,Inha,0.24363759755683745,0.0,8.49027,Acvr1,Acvr1,0.15721649484536082,0.0,Neurons,Astrocytes,0.0,1.0
Trf,Trf,0.14217848659653887,0.0,8.49027,Tfrc,Tfrc,0.11855670103092783,0.0,Neurons,Astrocytes,0.0,1.0
Trf,Trf,0.14217848659653887,0.0,8.49027,Ldlr,Ldlr,0.10309278350515463,0.0,Neurons,Astrocytes,0.0,1.0
Apoe,Apoe,0.388865516757818,0.06760146387603161,8.49027,Vldlr,Vldlr,0.15763546798029557,0.0,Oligodendrocytes,OPCs,0.0,1.0
Apoe,Apoe,0.388865516757818,0.06760146387603161,8.49027,Ldlr,Ldlr,0.2019704433497537,0.0,Oligodendrocytes,OPCs,0.0,1.0
Apoe,Apoe,0.388865516757818,0.06760146387603161,8.49027,Lrp5,Lrp5,0.12807881773399016,0.0,Oligodendrocytes,OPCs,0.0,1.0
Apoe,Apoe,0.388865516757818,0.06760146387603161,8.49027,Lrp4,Lrp4,0.1921182266009852,0.0,Oligodendrocytes,OPCs,0.0,1.0
Lama2,Lama2,0.12326461926798485,0.0,8.49027,Dag1,Dag1,0.270935960591133,0.02988240024947797,Oligodendrocytes,OPCs,0.0,1.0
Gpi1,Gpi1,0.1442995372318048,0.0,8.49027,Amfr,Amfr,0.13793103448275862,0.0,Oligodendrocytes,OPCs,0.0,1.0
Rtn4,Rtn4,0.5348478474267284,0.17910400264259474,8.49027,Lingo1,Lingo1,0.1625615763546798,0.0,Oligodendrocytes,OPCs,0.0,1.0
Cntn3,Cntn3,0.16827934371055953,0.0,8.49027,Ptprg,Ptprg,0.7684729064039408,0.21725167430169856,Oligodendrocytes,OPCs,0.0,1.0
Rgma,Rgma,0.10068714065348479,0.0,8.49027,Neo1,Neo1,0.5270935960591133,0.11071428533356475,Oligodendrocytes,OPCs,0.0,1.0
Rgma,Rgma,0.10068714065348479,0.0,8.49027,Bmpr2,Bmpr2,0.3645320197044335,0.037680004166155356,Oligodendrocytes,OPCs,0.0,1.0
Lgi3,Lgi3,0.21722058617304726,0.0,8.49027,Adam23,Adam23,0.3645320197044335,0.04171960183342871,Oligodendrocytes,OPCs,0.0,1.0
Il18,Il18,0.17010236993409059,0.0,8.49027,Il1rapl1,Il1rapl1,0.8669950738916257,0.4069855822866528,Oligodendrocytes,OPCs,0.0,1.0
Ybx1,Ybx1,0.11471041929603142,0.0,8.49027,Notch1,Notch1,0.2512315270935961,0.012464456501964372,Oligodendrocytes,OPCs,0.0,1.0
Calr,Calr,0.15355490113588557,0.0,8.49027,Lrp1,Lrp1,0.6896551724137931,0.14452961608495252,Oligodendrocytes,OPCs,0.0,1.0
Calr,Calr,0.15355490113588557,0.0,8.49027,Itgav,Itgav,0.5320197044334976,0.10911949221648332,Oligodendrocytes,OPCs,0.0,1.0
Adam10,Adam10,0.2507362221287337,0.012589448969097583,8.49027,Tspan5,Tspan5,0.18719211822660098,0.0,Oligodendrocytes,OPCs,0.0,1.0
Apoe,Apoe,0.388865516757818,0.06760146387603161,8.49027,Abca1,Abca1,0.22660098522167488,0.0,Oligodendrocytes,OPCs,0.0,1.0
Megf10,Megf10,0.2357313139812088,0.0,8.49027,Abca1,Abca1,0.22660098522167488,0.0,Oligodendrocytes,OPCs,0.0,1.0
Lgi3,Lgi3,0.21722058617304726,0.0,8.49027,Stx1a,Stx1a,0.10344827586206896,0.0,Oligodendrocytes,OPCs,0.0,1.0
Lgi3,Lgi3,0.21722058617304726,0.0,8.49027,Adam22,Adam22,0.5369458128078818,0.11019019354978976,Oligodendrocytes,OPCs,0.0,1.0
Tgfb1,Tgfb1,0.23868312757201646,0.0,8.49027,Lpp,Lpp,0.345679012345679,0.05323435708514701,Microglia,Microglia,0.0,1.0
Gnai2,Gnai2,0.10531482260552517,0.0,8.49027,Igf1r,Igf1r,0.4975369458128079,0.049010155860757854,Oligodendrocytes,OPCs,0.0,1.0
Agrn,Agrn,0.11583228158743514,0.0,8.49027,Atp1a3,Atp1a3,0.15763546798029557,0.0,Oligodendrocytes,OPCs,0.0,1.0
Rtn4,Rtn4,0.5348478474267284,0.17910400264259474,8.49027,Tnfrsf19,Tnfrsf19,0.12315270935960591,0.0,Oligodendrocytes,OPCs,0.0,1.0
Gnai2,Gnai2,0.10531482260552517,0.0,8.49027,Cav1,Cav1,0.1625615763546798,0.0,Oligodendrocytes,OPCs,0.0,1.0
Gnai2,Gnai2,0.10531482260552517,0.0,8.49027,Adora1,Adora1,0.18719211822660098,0.0,Oligodendrocytes,OPCs,0.0,1.0
Timp2,Timp2,0.1472444257467396,0.0,8.49027,Itgb1,Itgb1,0.3251231527093596,0.03609275967810888,Oligodendrocytes,OPCs,0.0,1.0
Arf1,Arf1,0.10138830458561211,0.0,8.49027,Insr,Insr,0.3694581280788177,0.03789396857310279,Oligodendrocytes,OPCs,0.0,1.0
Omg,Omg,0.13490394054129856,0.0,8.49027,Lingo1,Lingo1,0.1625615763546798,0.0,Oligodendrocytes,OPCs,0.0,1.0
Gnas,Gnas,0.48590660496424065,0.0772118848328871,8.49027,Adora1,Adora1,0.18719211822660098,0.0,Oligodendrocytes,OPCs,0.0,1.0
Gnai2,Gnai2,0.10531482260552517,0.0,8.49027,Adcy9,Adcy9,0.29064039408866993,0.0317211574749936,Oligodendrocytes,OPCs,0.0,1.0
Gnai2,Gnai2,0.10531482260552517,0.0,8.49027,Adcy8,Adcy8,0.3448275862068966,0.03875941599606736,Oligodendrocytes,OPCs,0.0,1.0
Rims1,Rims1,0.11078390127611835,0.0,8.49027,Cacna1c,Cacna1c,0.6059113300492611,0.12967671350786159,Oligodendrocytes,OPCs,0.0,1.0
Hsp90b1,Hsp90b1,0.18384518300378627,0.0,8.49027,Lrp1,Lrp1,0.6896551724137931,0.14452961608495252,Oligodendrocytes,OPCs,0.0,1.0
Agrn,Agrn,0.4530030539531727,0.024281996724193622,8.49027,Itgb1,Itgb1,0.13402061855670103,0.0,Neurons,Astrocytes,0.0,1.0
Agrn,Agrn,0.4530030539531727,0.024281996724193622,8.49027,Lrp4,Lrp4,0.13402061855670103,0.0,Neurons,Astrocytes,0.0,1.0
Jag2,Jag2,0.16932473702069903,0.0,8.49027,Notch3,Notch3,0.13659793814432988,0.0,Neurons,Astrocytes,0.0,1.0
Jag2,Jag2,0.16932473702069903,0.0,8.49027,Notch2,Notch2,0.2345360824742268,0.0,Neurons,Astrocytes,0.0,1.0
Jag2,Jag2,0.16932473702069903,0.0,8.49027,Notch1,Notch1,0.22422680412371135,0.0,Neurons,Astrocytes,0.0,1.0
Il1rapl1,Il1rapl1,0.6935866983372921,0.2682423317214111,8.49027,Ptprf,Ptprf,0.12371134020618557,0.0,Neurons,Astrocytes,0.0,1.0
Slit2,Slit2,0.39124533423820834,0.042679525587700384,8.49027,App,App,0.24742268041237114,0.0,Neurons,Astrocytes,0.0,1.0
Slit3,Slit3,0.2147947064811673,0.0,8.49027,Robo1,Robo1,0.30927835051546393,0.04231498349462082,Neurons,Astrocytes,0.0,1.0
Slit3,Slit3,0.2147947064811673,0.0,8.49027,Robo2,Robo2,0.5747422680412371,0.1506504502826036,Neurons,Astrocytes,0.0,1.0
Slit1,Slit1,0.18595181540549713,0.0,8.49027,Robo1,Robo1,0.30927835051546393,0.04231498349462082,Neurons,Astrocytes,0.0,1.0
Slit1,Slit1,0.18595181540549713,0.0,8.49027,Robo2,Robo2,0.5747422680412371,0.1506504502826036,Neurons,Astrocytes,0.0,1.0
Edil3,Edil3,0.6240244316253818,0.14066036364829415,8.49027,Itgb5,Itgb5,0.17525773195876287,0.0,Neurons,Astrocytes,0.0,1.0
Hspa8,Hspa8,0.3683915299396999,0.05552672004685033,8.49027,Ldlr,Ldlr,0.2019704433497537,0.0,Oligodendrocytes,OPCs,0.0,1.0
Dscam,Dscam,0.10910110783901276,0.0,8.49027,Dcc,Dcc,0.8472906403940886,0.3290022314275842,Oligodendrocytes,OPCs,0.0,1.0
Actr2,Actr2,0.13490394054129856,0.0,8.49027,Ldlr,Ldlr,0.2019704433497537,0.0,Oligodendrocytes,OPCs,0.0,1.0
Fgf14,Fgf14,0.13462347496844762,0.0,8.49027,Fgfr1,Fgfr1,0.13793103448275862,0.0,Oligodendrocytes,OPCs,0.0,1.0
Fgf14,Fgf14,0.13462347496844762,0.0,8.49027,Fgfr2,Fgfr2,0.46798029556650245,0.04434428173645366,Oligodendrocytes,OPCs,0.0,1.0
Sptan1,Sptan1,0.14612256345533586,0.0,8.49027,Ptpra,Ptpra,0.43349753694581283,0.04080321125622821,Oligodendrocytes,OPCs,0.0,1.0
Gnai2,Gnai2,0.10531482260552517,0.0,8.49027,Ednrb,Ednrb,0.22167487684729065,0.0,Oligodendrocytes,OPCs,0.0,1.0
Rims2,Rims2,0.12943486187070538,0.0,8.49027,Abca1,Abca1,0.22660098522167488,0.0,Oligodendrocytes,OPCs,0.0,1.0
App,App,0.5064102564102564,0.11599158612409188,8.49027,Tspan12,Tspan12,0.11330049261083744,0.0,Pericytes,OPCs,0.0,1.0
App,App,0.5064102564102564,0.11599158612409188,8.49027,Tnfrsf21,Tnfrsf21,0.15270935960591134,0.0,Pericytes,OPCs,0.0,1.0
H2-K1,H2-K1,0.1987179487179487,0.0,8.49027,Aplp2,Aplp2,0.39408866995073893,0.03979491555012382,Pericytes,OPCs,0.0,1.0
Entpd1,Entpd1,0.4279835390946502,0.060434074831533735,8.49027,Adora3,Adora3,0.11522633744855967,0.0,Microglia,Microglia,0.0,1.0
Adam10,Adam10,0.2692307692307692,0.02740543592451755,8.49027,Tspan12,Tspan12,0.11330049261083744,0.0,Pericytes,OPCs,0.0,1.0
Sparc,Sparc,0.19772822885990746,0.0,8.49027,Fgfr1,Fgfr1,0.13793103448275862,0.0,Oligodendrocytes,OPCs,0.0,1.0
Ptn,Ptn,0.40316926097321554,0.06133538219136003,8.49027,Ncl,Ncl,0.1921182266009852,0.0,Oligodendrocytes,OPCs,0.0,1.0
Fgf12,Fgf12,0.17935773383817136,0.0,8.49027,Fgfr2,Fgfr2,0.46798029556650245,0.04434428173645366,Oligodendrocytes,OPCs,0.0,1.0
Fgf12,Fgf12,0.17935773383817136,0.0,8.49027,Fgfr1,Fgfr1,0.13793103448275862,0.0,Oligodendrocytes,OPCs,0.0,1.0
Efna5,Efna5,0.11538461538461539,0.0,8.49027,Epha4,Epha4,0.10837438423645321,0.0,Pericytes,OPCs,0.0,1.0
Efna5,Efna5,0.11538461538461539,0.0,8.49027,Ephb1,Ephb1,0.13793103448275862,0.0,Pericytes,OPCs,0.0,1.0
Efna5,Efna5,0.11538461538461539,0.0,8.49027,Epha5,Epha5,0.6650246305418719,0.15439302405232747,Pericytes,OPCs,0.0,1.0
Efna5,Efna5,0.11538461538461539,0.0,8.49027,Ephb2,Ephb2,0.14285714285714285,0.0,Pericytes,OPCs,0.0,1.0
Kitl,Kitl,0.10897435897435898,0.0,8.49027,Kit,Kit,0.10344827586206896,0.0,Pericytes,OPCs,0.0,1.0
Ncam1,Ncam1,0.22435897435897437,0.0,8.49027,Robo1,Robo1,0.8522167487684729,0.2884662584880284,Pericytes,OPCs,0.0,1.0
Ncam1,Ncam1,0.22435897435897437,0.0,8.49027,Gfra1,Gfra1,0.3793103448275862,0.03860562825587688,Pericytes,OPCs,0.0,1.0
Ncam1,Ncam1,0.22435897435897437,0.0,8.49027,Ptprz1,Ptprz1,0.8571428571428571,0.36390258151173605,Pericytes,OPCs,0.0,1.0
Ncam1,Ncam1,0.22435897435897437,0.0,8.49027,Fgfr2,Fgfr2,0.46798029556650245,0.04434428173645366,Pericytes,OPCs,0.0,1.0
Ncam1,Ncam1,0.22435897435897437,0.0,8.49027,Fgfr1,Fgfr1,0.13793103448275862,0.0,Pericytes,OPCs,0.0,1.0
Ncam1,Ncam1,0.22435897435897437,0.0,8.49027,Ncam2,Ncam2,0.8374384236453202,0.3330767711212368,Pericytes,OPCs,0.0,1.0
App,App,0.5064102564102564,0.11599158612409188,8.49027,Vldlr,Vldlr,0.15763546798029557,0.0,Pericytes,OPCs,0.0,1.0
Ntrk3,Ntrk3,0.21794871794871795,0.0,8.49027,Ptprs,Ptprs,0.5960591133004927,0.1327099197383872,Pericytes,OPCs,0.0,1.0
Alcam,Alcam,0.28205128205128205,0.03953820248997841,8.49027,Chl1,Chl1,0.15763546798029557,0.0,Pericytes,OPCs,0.0,1.0
Sema5a,Sema5a,0.14102564102564102,0.0,8.49027,Plxnb3,Plxnb3,0.10344827586206896,0.0,Pericytes,OPCs,0.0,1.0
Cntn1,Cntn1,0.1987179487179487,0.0,8.49027,Nrcam,Nrcam,0.7635467980295566,0.23204312426380924,Pericytes,OPCs,0.0,1.0
Cntn1,Cntn1,0.1987179487179487,0.0,8.49027,Notch1,Notch1,0.2512315270935961,0.012464456501964372,Pericytes,OPCs,0.0,1.0
Cntn1,Cntn1,0.1987179487179487,0.0,8.49027,Ptprz1,Ptprz1,0.8571428571428571,0.36390258151173605,Pericytes,OPCs,0.0,1.0
Cd47,Cd47,0.17307692307692307,0.0,8.49027,Sirpa,Sirpa,0.1330049261083744,0.0,Pericytes,OPCs,0.0,1.0
Jag1,Jag1,0.1987179487179487,0.0,8.49027,Notch1,Notch1,0.2512315270935961,0.012464456501964372,Pericytes,OPCs,0.0,1.0
Jag1,Jag1,0.1987179487179487,0.0,8.49027,Cd46,Cd46,0.10344827586206896,0.0,Pericytes,OPCs,0.0,1.0
Nrxn2,Nrxn2,0.14743589743589744,0.0,8.49027,Nlgn3,Nlgn3,0.2857142857142857,0.030202463173612415,Pericytes,OPCs,0.0,1.0
Nrxn2,Nrxn2,0.14743589743589744,0.0,8.49027,Nlgn2,Nlgn2,0.32019704433497537,0.0352717879139155,Pericytes,OPCs,0.0,1.0
Nrxn2,Nrxn2,0.14743589743589744,0.0,8.49027,Nlgn1,Nlgn1,0.8669950738916257,0.45541186108127185,Pericytes,OPCs,0.0,1.0
Nrxn1,Nrxn1,0.23717948717948717,0.0,8.49027,Nlgn3,Nlgn3,0.2857142857142857,0.030202463173612415,Pericytes,OPCs,0.0,1.0
Nrxn1,Nrxn1,0.23717948717948717,0.0,8.49027,Nlgn2,Nlgn2,0.32019704433497537,0.0352717879139155,Pericytes,OPCs,0.0,1.0
Nrxn1,Nrxn1,0.23717948717948717,0.0,8.49027,Nlgn1,Nlgn1,0.8669950738916257,0.45541186108127185,Pericytes,OPCs,0.0,1.0
Jam2,Jam2,0.17307692307692307,0.0,8.49027,Itgb1,Itgav_Itgb1,0.3251231527093596,0.03609275967810888,Pericytes,OPCs,0.0,1.0
Fn1,Fn1,0.1346153846153846,0.0,8.49027,Sdc2,Sdc2,0.2660098522167488,0.030683516714840264,Pericytes,OPCs,0.0,1.0
Fn1,Fn1,0.1346153846153846,0.0,8.49027,Itgb8,Itgav_Itgb8,0.31527093596059114,0.033608434079646976,Pericytes,OPCs,0.0,1.0
Fn1,Fn1,0.1346153846153846,0.0,8.49027,Itgb1,Itgav_Itgb1,0.3251231527093596,0.03609275967810888,Pericytes,OPCs,0.0,1.0
Col4a1,Col4a1,0.1346153846153846,0.0,8.49027,Cd47,Cd47,0.32019704433497537,0.0360192636563772,Pericytes,OPCs,0.0,1.0
Col4a1,Col4a1,0.1346153846153846,0.0,8.49027,Itgb8,Itgav_Itgb8,0.31527093596059114,0.033608434079646976,Pericytes,OPCs,0.0,1.0
Col4a1,Col4a1,0.1346153846153846,0.0,8.49027,Itgb1,Itga9_Itgb1,0.3251231527093596,0.03609275967810888,Pericytes,OPCs,0.0,1.0
Agrn,Agrn,0.20512820512820512,0.0,8.49027,Dag1,Dag1,0.270935960591133,0.02988240024947797,Pericytes,OPCs,0.0,1.0
Agrn,Agrn,0.20512820512820512,0.0,8.49027,Lrp1,Lrp1,0.6896551724137931,0.14452961608495252,Pericytes,OPCs,0.0,1.0
Jam3,Jam3,0.20291822192059722,0.0,8.49027,Itgb1,Itgb1,0.13402061855670103,0.0,Neurons,Astrocytes,0.0,1.0
Fgf12,Fgf12,0.13168724279835392,0.0,8.49027,Fgfr2,Fgfr2,0.25925925925925924,0.034580910215889826,Microglia,Microglia,0.0,1.0
Sema4d,Sema4d,0.332880895826264,0.016981235111078075,8.49027,Plxnb1,Plxnb1,0.2036082474226804,0.0,Neurons,Astrocytes,0.0,1.0
Nrg4,Nrg4,0.13131998642687479,0.0,8.49027,Egfr,Egfr,0.3582474226804124,0.04175933524722142,Neurons,Astrocytes,0.0,1.0
Nlgn2,Nlgn2,0.34068544282321006,0.01794215575474567,8.49027,Nrxn2,Nrxn2,0.13144329896907217,0.0,Neurons,Astrocytes,0.0,1.0
Nlgn1,Nlgn1,0.7604343400067866,0.33106245781190813,8.49027,Nrxn2,Nrxn2,0.13144329896907217,0.0,Neurons,Astrocytes,0.0,1.0
Lamc1,Lamc1,0.22225992534781133,0.0,8.49027,Itgav,Itgav_Itgb8,0.25773195876288657,0.029662390884252543,Neurons,Astrocytes,0.0,1.0
Lamc1,Lamc1,0.22225992534781133,0.0,8.49027,Itga7,Itga7_Itgb1,0.1056701030927835,0.0,Neurons,Astrocytes,0.0,1.0
Lamc1,Lamc1,0.22225992534781133,0.0,8.49027,Itgb1,Itga6_Itgb1,0.13402061855670103,0.0,Neurons,Astrocytes,0.0,1.0
Col4a2,Col4a2,0.27723108245673567,0.013900149669385076,8.49027,Itgb5,Itgb5,0.17525773195876287,0.0,Neurons,Astrocytes,0.0,1.0
Irak4,Irak4,0.1111111111111111,0.0,8.49027,Tlr7,Tlr7,0.205761316872428,0.0,Microglia,Microglia,0.0,1.0
Col4a1,Col4a1,0.14319647098744487,0.0,8.49027,Cd47,Cd47,0.1056701030927835,0.0,Neurons,Astrocytes,0.0,1.0
Col4a1,Col4a1,0.14319647098744487,0.0,8.49027,Itgav,Itgav_Itgb8,0.25773195876288657,0.029662390884252543,Neurons,Astrocytes,0.0,1.0
Agrn,Agrn,0.4530030539531727,0.024281996724193622,8.49027,Dag1,Dag1,0.19845360824742267,0.0,Neurons,Astrocytes,0.0,1.0
Agrn,Agrn,0.20512820512820512,0.0,8.49027,Itgb1,Itgb1,0.3251231527093596,0.03609275967810888,Pericytes,OPCs,0.0,1.0
Agrn,Agrn,0.20512820512820512,0.0,8.49027,Lrp4,Lrp4,0.1921182266009852,0.0,Pericytes,OPCs,0.0,1.0
Il1rapl1,Il1rapl1,0.1794871794871795,0.0,8.49027,Ptprs,Ptprs,0.5960591133004927,0.1327099197383872,Pericytes,OPCs,0.0,1.0
Sema6a,Sema6a,0.11538461538461539,0.0,8.49027,Plxna4,Plxna4,0.15270935960591134,0.0,Pericytes,OPCs,0.0,1.0
Sema6a,Sema6a,0.11538461538461539,0.0,8.49027,Plxna2,Plxna2,0.23645320197044334,0.0,Pericytes,OPCs,0.0,1.0
Jam3,Jam3,0.14102564102564102,0.0,8.49027,Itgb1,Itgb1,0.3251231527093596,0.03609275967810888,Pericytes,OPCs,0.0,1.0
Nlgn1,Nlgn1,0.21794871794871795,0.0,8.49027,Nrxn2,Nrxn2,0.7536945812807881,0.20222219681281162,Pericytes,OPCs,0.0,1.0
Nlgn1,Nlgn1,0.21794871794871795,0.0,8.49027,Nrxn1,Nrxn1,0.8768472906403941,0.5043964435698678,Pericytes,OPCs,0.0,1.0
Col4a2,Col4a2,0.14743589743589744,0.0,8.49027,Itgb8,Itgav_Itgb8,0.31527093596059114,0.033608434079646976,Pericytes,OPCs,0.0,1.0
Col4a2,Col4a2,0.14743589743589744,0.0,8.49027,Itgb1,Itga9_Itgb1,0.3251231527093596,0.03609275967810888,Pericytes,OPCs,0.0,1.0
Col1a2,Col1a2,0.21794871794871795,0.0,8.49027,Itgb8,Itgav_Itgb8,0.31527093596059114,0.033608434079646976,Pericytes,OPCs,0.0,1.0
Col1a2,Col1a2,0.21794871794871795,0.0,8.49027,Itgb1,Itga9_Itgb1,0.3251231527093596,0.03609275967810888,Pericytes,OPCs,0.0,1.0
Fn1,Fn1,0.1346153846153846,0.0,8.49027,Itga9,Itga9,0.7783251231527094,0.26057660679434447,Pericytes,OPCs,0.0,1.0
Col4a6,Col4a6,0.1346153846153846,0.0,8.49027,Cd47,Cd47,0.32019704433497537,0.0360192636563772,Pericytes,OPCs,0.0,1.0
Col4a6,Col4a6,0.1346153846153846,0.0,8.49027,Itgb8,Itgav_Itgb8,0.31527093596059114,0.033608434079646976,Pericytes,OPCs,0.0,1.0
Col4a6,Col4a6,0.1346153846153846,0.0,8.49027,Itgb1,Itga9_Itgb1,0.3251231527093596,0.03609275967810888,Pericytes,OPCs,0.0,1.0
Col4a3,Col4a3,0.1346153846153846,0.0,8.49027,Cd47,Cd47,0.32019704433497537,0.0360192636563772,Pericytes,OPCs,0.0,1.0
Col4a3,Col4a3,0.1346153846153846,0.0,8.49027,Itgb8,Itgav_Itgb8,0.31527093596059114,0.033608434079646976,Pericytes,OPCs,0.0,1.0
Col4a3,Col4a3,0.1346153846153846,0.0,8.49027,Itgb1,Itga9_Itgb1,0.3251231527093596,0.03609275967810888,Pericytes,OPCs,0.0,1.0
Lamb2,Lamb2,0.14102564102564102,0.0,8.49027,Dag1,Dag1,0.270935960591133,0.02988240024947797,Pericytes,OPCs,0.0,1.0
Lamb2,Lamb2,0.14102564102564102,0.0,8.49027,Rpsa,Rpsa,0.4039408866995074,0.04046159059890697,Pericytes,OPCs,0.0,1.0
Lamb2,Lamb2,0.14102564102564102,0.0,8.49027,Itgb8,Itgav_Itgb8,0.31527093596059114,0.033608434079646976,Pericytes,OPCs,0.0,1.0
Lamb2,Lamb2,0.14102564102564102,0.0,8.49027,Itgb1,Itga9_Itgb1,0.3251231527093596,0.03609275967810888,Pericytes,OPCs,0.0,1.0
Col4a4,Col4a4,0.11538461538461539,0.0,8.49027,Cd47,Cd47,0.32019704433497537,0.0360192636563772,Pericytes,OPCs,0.0,1.0
Col4a4,Col4a4,0.11538461538461539,0.0,8.49027,Itgb8,Itgav_Itgb8,0.31527093596059114,0.033608434079646976,Pericytes,OPCs,0.0,1.0
Col4a4,Col4a4,0.11538461538461539,0.0,8.49027,Itgb1,Itga9_Itgb1,0.3251231527093596,0.03609275967810888,Pericytes,OPCs,0.0,1.0
Col4a5,Col4a5,0.16025641025641027,0.0,8.49027,Cd47,Cd47,0.32019704433497537,0.0360192636563772,Pericytes,OPCs,0.0,1.0
Col4a5,Col4a5,0.16025641025641027,0.0,8.49027,Itgb8,Itgav_Itgb8,0.31527093596059114,0.033608434079646976,Pericytes,OPCs,0.0,1.0
Col4a5,Col4a5,0.16025641025641027,0.0,8.49027,Itgb1,Itga9_Itgb1,0.3251231527093596,0.03609275967810888,Pericytes,OPCs,0.0,1.0
Apoe,Apoe,0.5064102564102564,0.1292165735829045,8.49027,Vldlr,Vldlr,0.15763546798029557,0.0,Pericytes,OPCs,0.0,1.0
Apoe,Apoe,0.5064102564102564,0.1292165735829045,8.49027,Ldlr,Ldlr,0.2019704433497537,0.0,Pericytes,OPCs,0.0,1.0
Apoe,Apoe,0.5064102564102564,0.1292165735829045,8.49027,Lrp5,Lrp5,0.12807881773399016,0.0,Pericytes,OPCs,0.0,1.0
Apoe,Apoe,0.5064102564102564,0.1292165735829045,8.49027,Lrp4,Lrp4,0.1921182266009852,0.0,Pericytes,OPCs,0.0,1.0
Lgi1,Lgi1,0.15384615384615385,0.0,8.49027,Adam23,Adam23,0.3645320197044335,0.04171960183342871,Pericytes,OPCs,0.0,1.0
Ntn1,Ntn1,0.20512820512820512,0.0,8.49027,Neo1,Neo1,0.5270935960591133,0.11071428533356475,Pericytes,OPCs,0.0,1.0
Adam9,Adam9,0.1981676280963692,0.0,8.49027,Itgb5,Itgb5,0.17525773195876287,0.0,Neurons,Astrocytes,0.0,1.0
Adam9,Adam9,0.1981676280963692,0.0,8.49027,Itgav,Itgav,0.25773195876288657,0.029662390884252543,Neurons,Astrocytes,0.0,1.0
Adam9,Adam9,0.1981676280963692,0.0,8.49027,Itgb1,Itgb1,0.13402061855670103,0.0,Neurons,Astrocytes,0.0,1.0
Cntn1,Cntn1,0.7570410587037666,0.19161842734798618,8.49027,Notch2,Notch2,0.2345360824742268,0.0,Neurons,Astrocytes,0.0,1.0
Cntn1,Cntn1,0.7570410587037666,0.19161842734798618,8.49027,Notch1,Notch1,0.22422680412371135,0.0,Neurons,Astrocytes,0.0,1.0
Cd47,Cd47,0.5337631489650492,0.060312963300451106,8.49027,Sirpa,Sirpa,0.14690721649484537,0.0,Neurons,Astrocytes,0.0,1.0
Nlgn3,Nlgn3,0.2130980658296573,0.0,8.49027,Nrxn2,Nrxn2,0.13144329896907217,0.0,Neurons,Astrocytes,0.0,1.0
Nlgn3,Nlgn3,0.2130980658296573,0.0,8.49027,Nrxn1,Nrxn1,0.7680412371134021,0.48008748870989715,Neurons,Astrocytes,0.0,1.0
Adam17,Adam17,0.1866304716661011,0.0,8.49027,Erbb4,Erbb4,0.10699588477366255,0.0,Neurons,Microglia,0.0,1.0
Lrrc4b,Lrrc4b,0.35799117746861214,0.018825450657053766,8.49027,Ptprf,Ptprf,0.12371134020618557,0.0,Neurons,Astrocytes,0.0,1.0
Sema6b,Sema6b,0.1506616898540889,0.0,8.49027,Plxna2,Plxna2,0.10051546391752578,0.0,Neurons,Astrocytes,0.0,1.0
Sema4a,Sema4a,0.13030200203596878,0.0,8.49027,Plxnb1,Plxnb1,0.2036082474226804,0.0,Neurons,Astrocytes,0.0,1.0
Sema4a,Sema4a,0.13030200203596878,0.0,8.49027,Nrp1,Nrp1_Plxna2,0.17525773195876287,0.0,Neurons,Astrocytes,0.0,1.0
Sema6a,Sema6a,0.28978622327790976,0.01678324287305244,8.49027,Plxna2,Plxna2,0.10051546391752578,0.0,Neurons,Astrocytes,0.0,1.0
Ntn1,Ntn1,0.20512820512820512,0.0,8.49027,Dcc,Dcc,0.8472906403940886,0.3290022314275842,Pericytes,OPCs,0.0,1.0
Ntn1,Ntn1,0.20512820512820512,0.0,8.49027,Unc5c,Unc5c,0.8226600985221675,0.2855025203546506,Pericytes,OPCs,0.0,1.0
Lamc3,Lamc3,0.16025641025641027,0.0,8.49027,Dag1,Dag1,0.270935960591133,0.02988240024947797,Pericytes,OPCs,0.0,1.0
Lamc3,Lamc3,0.16025641025641027,0.0,8.49027,Itgb8,Itgav_Itgb8,0.31527093596059114,0.033608434079646976,Pericytes,OPCs,0.0,1.0
Lamc3,Lamc3,0.16025641025641027,0.0,8.49027,Itgb1,Itga9_Itgb1,0.3251231527093596,0.03609275967810888,Pericytes,OPCs,0.0,1.0
Vegfa,Vegfa,0.11538461538461539,0.0,8.49027,Itgav,Itgav,0.5320197044334976,0.10911949221648332,Pericytes,OPCs,0.0,1.0
Vegfa,Vegfa,0.11538461538461539,0.0,8.49027,Itgb1,Itgb1,0.3251231527093596,0.03609275967810888,Pericytes,OPCs,0.0,1.0
Vegfa,Vegfa,0.11538461538461539,0.0,8.49027,Nrp2,Nrp2,0.1921182266009852,0.0,Pericytes,OPCs,0.0,1.0
Spp1,Spp1,0.1282051282051282,0.0,8.49027,Itgb1,Itga9_Itgb1,0.3251231527093596,0.03609275967810888,Pericytes,OPCs,0.0,1.0
Spp1,Spp1,0.1282051282051282,0.0,8.49027,Itgb1,Itgav_Itgb1,0.3251231527093596,0.03609275967810888,Pericytes,OPCs,0.0,1.0
Dcn,Dcn,0.16666666666666666,0.0,8.49027,Erbb4,Erbb4,0.8719211822660099,0.40493419101010897,Pericytes,OPCs,0.0,1.0
Fgf1,Fgf1,0.10256410256410256,0.0,8.49027,Fgfrl1,Fgfrl1,0.1330049261083744,0.0,Pericytes,OPCs,0.0,1.0
Fgf1,Fgf1,0.10256410256410256,0.0,8.49027,Cspg4,Cspg4,0.6354679802955665,0.13925161325963953,Pericytes,OPCs,0.0,1.0
Fgf1,Fgf1,0.10256410256410256,0.0,8.49027,Tgfbr3,Tgfbr3,0.10344827586206896,0.0,Pericytes,OPCs,0.0,1.0
Fgf1,Fgf1,0.10256410256410256,0.0,8.49027,Fgfr2,Fgfr2,0.46798029556650245,0.04434428173645366,Pericytes,OPCs,0.0,1.0
Fgf1,Fgf1,0.10256410256410256,0.0,8.49027,Fgfr1,Fgfr1,0.13793103448275862,0.0,Pericytes,OPCs,0.0,1.0
Trf,Trf,0.1346153846153846,0.0,8.49027,Ldlr,Ldlr,0.2019704433497537,0.0,Pericytes,OPCs,0.0,1.0
Apoe,Apoe,0.5064102564102564,0.1292165735829045,8.49027,Lrp8,Lrp8,0.10344827586206896,0.0,Pericytes,OPCs,0.0,1.0
Bmp6,Bmp6,0.1282051282051282,0.0,8.49027,Acvr1,Acvr1_Bmpr2,0.29064039408866993,0.03134238162663072,Pericytes,OPCs,0.0,1.0
Bmp6,Bmp6,0.1282051282051282,0.0,8.49027,Bmpr2,Bmpr1a_Bmpr2,0.3645320197044335,0.037680004166155356,Pericytes,OPCs,0.0,1.0
Bmp6,Bmp6,0.1282051282051282,0.0,8.49027,Acvr2a,Acvr1_Acvr2a,0.21182266009852216,0.0,Pericytes,OPCs,0.0,1.0
Bmp6,Bmp6,0.1282051282051282,0.0,8.49027,Acvr2a,Acvr2a_Bmpr1a,0.21182266009852216,0.0,Pericytes,OPCs,0.0,1.0
Bmp5,Bmp5,0.19230769230769232,0.0,8.49027,Acvr1,Acvr1_Bmpr2,0.29064039408866993,0.03134238162663072,Pericytes,OPCs,0.0,1.0
Bmp5,Bmp5,0.19230769230769232,0.0,8.49027,Bmpr2,Bmpr1a_Bmpr2,0.3645320197044335,0.037680004166155356,Pericytes,OPCs,0.0,1.0
Bmp5,Bmp5,0.19230769230769232,0.0,8.49027,Acvr2a,Acvr1_Acvr2a,0.21182266009852216,0.0,Pericytes,OPCs,0.0,1.0
Bmp5,Bmp5,0.19230769230769232,0.0,8.49027,Acvr2a,Acvr2a_Bmpr1a,0.21182266009852216,0.0,Pericytes,OPCs,0.0,1.0
Vegfa,Vegfa,0.11538461538461539,0.0,8.49027,Itga9,Itga9,0.7783251231527094,0.26057660679434447,Pericytes,OPCs,0.0,1.0
Vegfa,Vegfa,0.11538461538461539,0.0,8.49027,Sirpa,Sirpa,0.1330049261083744,0.0,Pericytes,OPCs,0.0,1.0
Vegfa,Vegfa,0.11538461538461539,0.0,8.49027,Ephb2,Ephb2,0.14285714285714285,0.0,Pericytes,OPCs,0.0,1.0
Spon1,Spon1,0.11538461538461539,0.0,8.49027,App,App,0.5517241379310345,0.11841058036538166,Pericytes,OPCs,0.0,1.0
Sema3c,Sema3c,0.10256410256410256,0.0,8.49027,Nrp2,Nrp2_Plxna4,0.1921182266009852,0.0,Pericytes,OPCs,0.0,1.0
Sema3c,Sema3c,0.10256410256410256,0.0,8.49027,Nrp2,Nrp2_Plxna2,0.1921182266009852,0.0,Pericytes,OPCs,0.0,1.0
Bcan,Bcan,0.14102564102564102,0.0,8.49027,Nrcam,Nrcam,0.7635467980295566,0.23204312426380924,Pericytes,OPCs,0.0,1.0
Rgma,Rgma,0.24358974358974358,0.0,8.49027,Neo1,Neo1,0.5270935960591133,0.11071428533356475,Pericytes,OPCs,0.0,1.0
Rgma,Rgma,0.24358974358974358,0.0,8.49027,Bmpr2,Bmpr2,0.3645320197044335,0.037680004166155356,Pericytes,OPCs,0.0,1.0
Il18,Il18,0.16025641025641027,0.0,8.49027,Il1rapl1,Il1rapl1,0.8669950738916257,0.4069855822866528,Pericytes,OPCs,0.0,1.0
Adam17,Adam17,0.1866304716661011,0.0,8.49027,Il6ra,Il6ra,0.4156378600823045,0.05978195471894843,Neurons,Microglia,0.0,1.0
Ybx1,Ybx1,0.21153846153846154,0.0,8.49027,Notch1,Notch1,0.2512315270935961,0.012464456501964372,Pericytes,OPCs,0.0,1.0
Cxcl12,Cxcl12,0.1346153846153846,0.0,8.49027,Grm7,Grm7,0.6847290640394089,0.17777367480478157,Pericytes,OPCs,0.0,1.0
Cxcl12,Cxcl12,0.1346153846153846,0.0,8.49027,Itgav,Itgav,0.5320197044334976,0.10911949221648332,Pericytes,OPCs,0.0,1.0
Cxcl12,Cxcl12,0.1346153846153846,0.0,8.49027,Itgb1,Itgb1,0.3251231527093596,0.03609275967810888,Pericytes,OPCs,0.0,1.0
Calr,Calr,0.22435897435897437,0.0,8.49027,Lrp1,Lrp1,0.6896551724137931,0.14452961608495252,Pericytes,OPCs,0.0,1.0
Calr,Calr,0.22435897435897437,0.0,8.49027,Itgav,Itgav,0.5320197044334976,0.10911949221648332,Pericytes,OPCs,0.0,1.0
Fgfr3,Fgfr3,0.14743589743589744,0.0,8.49027,Epha4,Epha4,0.10837438423645321,0.0,Pericytes,OPCs,0.0,1.0
Serpine2,Serpine2,0.1794871794871795,0.0,8.49027,Lrp1,Lrp1,0.6896551724137931,0.14452961608495252,Pericytes,OPCs,0.0,1.0
Lrpap1,Lrpap1,0.16666666666666666,0.0,8.49027,Ldlr,Ldlr,0.2019704433497537,0.0,Pericytes,OPCs,0.0,1.0
Agrn,Agrn,0.20512820512820512,0.0,8.49027,Atp1a3,Atp1a3,0.15763546798029557,0.0,Pericytes,OPCs,0.0,1.0
Col5a2,Col5a2,0.12179487179487179,0.0,8.49027,Ddr1,Ddr1,0.2019704433497537,0.0,Pericytes,OPCs,0.0,1.0
Rtn4,Rtn4,0.27564102564102566,0.02943821230994259,8.49027,Tnfrsf19,Tnfrsf19,0.12315270935960591,0.0,Pericytes,OPCs,0.0,1.0
Gnai2,Gnai2,0.22435897435897437,0.0,8.49027,Cav1,Cav1,0.1625615763546798,0.0,Pericytes,OPCs,0.0,1.0
Gnai2,Gnai2,0.22435897435897437,0.0,8.49027,Adora1,Adora1,0.18719211822660098,0.0,Pericytes,OPCs,0.0,1.0
Tfpi,Tfpi,0.16025641025641027,0.0,8.49027,Lrp1,Lrp1,0.6896551724137931,0.14452961608495252,Pericytes,OPCs,0.0,1.0
Efna5,Efna5,0.5561588055649813,0.09536538289465502,8.49027,Epha5,Epha5,0.11855670103092783,0.0,Neurons,Astrocytes,0.0,1.0
Efnb2,Efnb2,0.12690872073294876,0.0,8.49027,Epha4,Epha4,0.2757731958762887,0.03360172438218112,Neurons,Astrocytes,0.0,1.0
Efnb2,Efnb2,0.12690872073294876,0.0,8.49027,Grm5,Grm5,0.39690721649484534,0.059399742410308765,Neurons,Astrocytes,0.0,1.0
Adam17,Adam17,0.1866304716661011,0.0,8.49027,Itgb1,Itgb1,0.2962962962962963,0.044881685854855524,Neurons,Microglia,0.0,1.0
Ntrk3,Ntrk3,0.6501526976586359,0.12720612848524593,8.49027,Ptprf,Ptprf,0.12371134020618557,0.0,Neurons,Astrocytes,0.0,1.0
Alcam,Alcam,0.49304377332880894,0.046107584263185064,8.49027,Nrp1,Nrp1,0.17525773195876287,0.0,Neurons,Astrocytes,0.0,1.0
Adam15,Adam15,0.2130980658296573,0.0,8.49027,Itgav,Itgav,0.25773195876288657,0.029662390884252543,Neurons,Astrocytes,0.0,1.0
Adam15,Adam15,0.2130980658296573,0.0,8.49027,Itgb1,Itgb1,0.13402061855670103,0.0,Neurons,Astrocytes,0.0,1.0
Adam9,Adam9,0.1981676280963692,0.0,8.49027,Itga6,Itga6,0.45103092783505155,0.051718915837454804,Neurons,Astrocytes,0.0,1.0
Plat,Plat,0.15384615384615385,0.0,8.49027,Lrp1,Lrp1,0.6896551724137931,0.14452961608495252,Pericytes,OPCs,0.0,1.0
Arf1,Arf1,0.1346153846153846,0.0,8.49027,Insr,Insr,0.3694581280788177,0.03789396857310279,Pericytes,OPCs,0.0,1.0
Fstl1,Fstl1,0.21794871794871795,0.0,8.49027,Dip2a,Dip2a,0.16748768472906403,0.0,Pericytes,OPCs,0.0,1.0
Tfpi,Tfpi,0.16025641025641027,0.0,8.49027,Vldlr,Vldlr,0.15763546798029557,0.0,Pericytes,OPCs,0.0,1.0
Gpi1,Gpi1,0.19230769230769232,0.0,8.49027,Amfr,Amfr,0.13793103448275862,0.0,Pericytes,OPCs,0.0,1.0
Rtn4,Rtn4,0.27564102564102566,0.02943821230994259,8.49027,Lingo1,Lingo1,0.1625615763546798,0.0,Pericytes,OPCs,0.0,1.0
Spon1,Spon1,0.11538461538461539,0.0,8.49027,Lrp8,Lrp8,0.10344827586206896,0.0,Pericytes,OPCs,0.0,1.0
Apoe,Apoe,0.5064102564102564,0.1292165735829045,8.49027,Abca1,Abca1,0.22660098522167488,0.0,Pericytes,OPCs,0.0,1.0
Tfpi,Tfpi,0.16025641025641027,0.0,8.49027,F3,F3,0.2413793103448276,0.0,Pericytes,OPCs,0.0,1.0
Serping1,Serping1,0.14102564102564102,0.0,8.49027,Lrp1,Lrp1,0.6896551724137931,0.14452961608495252,Pericytes,OPCs,0.0,1.0
Lgi1,Lgi1,0.15384615384615385,0.0,8.49027,Adam22,Adam22,0.5369458128078818,0.11019019354978976,Pericytes,OPCs,0.0,1.0
Lrpap1,Lrpap1,0.16666666666666666,0.0,8.49027,Vldlr,Vldlr,0.15763546798029557,0.0,Pericytes,OPCs,0.0,1.0
Pltp,Pltp,0.23717948717948717,0.0,8.49027,Abca1,Abca1,0.22660098522167488,0.0,Pericytes,OPCs,0.0,1.0
Lrpap1,Lrpap1,0.16666666666666666,0.0,8.49027,Lrp8,Lrp8,0.10344827586206896,0.0,Pericytes,OPCs,0.0,1.0
Pros1,Pros1,0.1282051282051282,0.0,8.49027,Mertk,Mertk,0.3448275862068966,0.036240011474443,Pericytes,OPCs,0.0,1.0
Gnai2,Gnai2,0.22435897435897437,0.0,8.49027,Igf1r,Igf1r,0.4975369458128079,0.049010155860757854,Pericytes,OPCs,0.0,1.0
Gpc3,Gpc3,0.15384615384615385,0.0,8.49027,Igf1r,Igf1r,0.4975369458128079,0.049010155860757854,Pericytes,OPCs,0.0,1.0
Gpc3,Gpc3,0.15384615384615385,0.0,8.49027,Cd81,Cd81,0.8522167487684729,0.25091296458037293,Pericytes,OPCs,0.0,1.0
Fn1,Fn1,0.1346153846153846,0.0,8.49027,Nt5e,Nt5e,0.11330049261083744,0.0,Pericytes,OPCs,0.0,1.0
Lrpap1,Lrpap1,0.16666666666666666,0.0,8.49027,Lrp1,Lrp1,0.6896551724137931,0.14452961608495252,Pericytes,OPCs,0.0,1.0
Gnai2,Gnai2,0.22435897435897437,0.0,8.49027,Adcy9,Adcy9,0.29064039408866993,0.0317211574749936,Pericytes,OPCs,0.0,1.0
Gnai2,Gnai2,0.22435897435897437,0.0,8.49027,Adcy8,Adcy8,0.3448275862068966,0.03875941599606736,Pericytes,OPCs,0.0,1.0
Ncam1,Ncam1,0.22435897435897437,0.0,8.49027,Cacna1c,Cacna1c,0.6059113300492611,0.12967671350786159,Pericytes,OPCs,0.0,1.0
Gpc3,Gpc3,0.15384615384615385,0.0,8.49027,Lrp1,Lrp1,0.6896551724137931,0.14452961608495252,Pericytes,OPCs,0.0,1.0
Hspa8,Hspa8,0.40384615384615385,0.053852463612357404,8.49027,Ldlr,Ldlr,0.2019704433497537,0.0,Pericytes,OPCs,0.0,1.0
Actr2,Actr2,0.16666666666666666,0.0,8.49027,Ldlr,Ldlr,0.2019704433497537,0.0,Pericytes,OPCs,0.0,1.0
Fgf14,Fgf14,0.22435897435897437,0.0,8.49027,Fgfr1,Fgfr1,0.13793103448275862,0.0,Pericytes,OPCs,0.0,1.0
Fgf14,Fgf14,0.22435897435897437,0.0,8.49027,Fgfr2,Fgfr2,0.46798029556650245,0.04434428173645366,Pericytes,OPCs,0.0,1.0
Gnai2,Gnai2,0.22435897435897437,0.0,8.49027,Ednrb,Ednrb,0.22167487684729065,0.0,Pericytes,OPCs,0.0,1.0
Rims2,Rims2,0.16025641025641027,0.0,8.49027,Abca1,Abca1,0.22660098522167488,0.0,Pericytes,OPCs,0.0,1.0
Adam10,Adam10,0.2692307692307692,0.02740543592451755,8.49027,Tspan5,Tspan5,0.18719211822660098,0.0,Pericytes,OPCs,0.0,1.0
App,App,0.24742268041237114,0.0,8.49027,Rpsa,Rpsa,0.35436825129715327,0.05204162104501453,Astrocytes,Oligodendrocytes,0.0,1.0
App,App,0.24742268041237114,0.0,8.49027,Tspan15,Tspan15,0.1189174028887954,0.0,Astrocytes,Oligodendrocytes,0.0,1.0
App,App,0.24742268041237114,0.0,8.49027,Lrp6,Lrp6,0.1072780816154817,0.0,Astrocytes,Oligodendrocytes,0.0,1.0
H2-K1,H2-K1,0.19329896907216496,0.0,8.49027,Aplp2,Aplp2,0.2465292385359697,0.0,Astrocytes,Oligodendrocytes,0.0,1.0
Adam10,Adam10,0.26804123711340205,0.03152876922964609,8.49027,Tspan15,Tspan15,0.1189174028887954,0.0,Astrocytes,Oligodendrocytes,0.0,1.0
Ntn1,Ntn1,0.20512820512820512,0.0,8.49027,Dscam,Dscam,0.8472906403940886,0.3878610770964315,Pericytes,OPCs,0.0,1.0
Gpc3,Gpc3,0.15384615384615385,0.0,8.49027,Unc5c,Unc5c,0.8226600985221675,0.2855025203546506,Pericytes,OPCs,0.0,1.0
Kitl,Kitl,0.10897435897435898,0.0,8.49027,Lrrn3,Lrrn3,0.1625615763546798,0.0,Pericytes,OPCs,0.0,1.0
App,App,0.8177807940278249,0.2096492676470556,8.49027,Grm7,Grm7,0.11082474226804123,0.0,Neurons,Astrocytes,0.0,1.0
App,App,0.8177807940278249,0.2096492676470556,8.49027,Aplp2,Aplp2,0.20876288659793815,0.0,Neurons,Astrocytes,0.0,1.0
App,App,0.8177807940278249,0.2096492676470556,8.49027,Notch2,Notch2,0.2345360824742268,0.0,Neurons,Astrocytes,0.0,1.0
App,App,0.8177807940278249,0.2096492676470556,8.49027,Tspan12,Tspan12,0.1211340206185567,0.0,Neurons,Astrocytes,0.0,1.0
Cntn2,Cntn2,0.25212080081438754,0.010661533325777739,8.49027,Nrp1,Nrp1,0.17525773195876287,0.0,Neurons,Astrocytes,0.0,1.0
Adam17,Adam17,0.1866304716661011,0.0,8.49027,Erbb4,Erbb4,0.7216494845360825,0.28202234612683763,Neurons,Astrocytes,0.0,1.0
Adam17,Adam17,0.1866304716661011,0.0,8.49027,Notch1,Notch1,0.22422680412371135,0.0,Neurons,Astrocytes,0.0,1.0
Adam17,Adam17,0.1866304716661011,0.0,8.49027,Itgb1,Itgb1,0.13402061855670103,0.0,Neurons,Astrocytes,0.0,1.0
Sirpa,Sirpa,0.2704445198506956,0.013012020380032852,8.49027,Cd47,Cd47,0.1056701030927835,0.0,Neurons,Astrocytes,0.0,1.0
B2m,B2m,0.16287750254496097,0.0,8.49027,Tfrc,Tfrc,0.11855670103092783,0.0,Neurons,Astrocytes,0.0,1.0
Sparc,Sparc,0.5705128205128205,0.1633582539799341,8.49027,Fgfr1,Fgfr1,0.13793103448275862,0.0,Pericytes,OPCs,0.0,1.0
Timp3,Timp3,0.3269230769230769,0.049415463358765344,8.49027,Ddr1,Ddr1,0.2019704433497537,0.0,Pericytes,OPCs,0.0,1.0
Ptn,Ptn,0.75,0.28153483474312335,8.49027,Ncl,Ncl,0.1921182266009852,0.0,Pericytes,OPCs,0.0,1.0
Fgf12,Fgf12,0.15384615384615385,0.0,8.49027,Fgfr2,Fgfr2,0.46798029556650245,0.04434428173645366,Pericytes,OPCs,0.0,1.0
Fgf12,Fgf12,0.15384615384615385,0.0,8.49027,Fgfr1,Fgfr1,0.13793103448275862,0.0,Pericytes,OPCs,0.0,1.0
Ncam1,Ncam1,0.22435897435897437,0.0,8.49027,Ptpra,Ptpra,0.43349753694581283,0.04080321125622821,Pericytes,OPCs,0.0,1.0
Gnas,Gnas,0.5833333333333334,0.1670952097162841,8.49027,Adora1,Adora1,0.18719211822660098,0.0,Pericytes,OPCs,0.0,1.0
Nlgn1,Nlgn1,0.7087628865979382,0.2577157641444432,8.49027,Nrxn2,Nrxn2,0.15972514373860608,0.0,Astrocytes,Oligodendrocytes,0.0,1.0
Nlgn1,Nlgn1,0.7087628865979382,0.2577157641444432,8.49027,Nrxn1,Nrxn1,0.21778151731874912,0.0,Astrocytes,Oligodendrocytes,0.0,1.0
Ntrk3,Ntrk3,0.49226804123711343,0.05101124020209047,8.49027,Ptprs,Ptprs,0.12074042911232646,0.0,Astrocytes,Oligodendrocytes,0.0,1.0
Ntrk3,Ntrk3,0.49226804123711343,0.05101124020209047,8.49027,Ptprf,Ptprf,0.10363202916841957,0.0,Astrocytes,Oligodendrocytes,0.0,1.0
Sirpa,Sirpa,0.14690721649484537,0.0,8.49027,Cd47,Cd47,0.1771140092553639,0.0,Astrocytes,Oligodendrocytes,0.0,1.0
Nrxn2,Nrxn2,0.13144329896907217,0.0,8.49027,Nlgn1,Nlgn1,0.30360398261113447,0.0529812138718877,Astrocytes,Oligodendrocytes,0.0,1.0
Itgav,Itgav,0.25773195876288657,0.029662390884252543,8.49027,Thy1,Thy1,0.11176553078109662,0.0,Astrocytes,Oligodendrocytes,0.0,1.0
App,App,0.24742268041237114,0.0,8.49027,Grm7,Grm7,0.37498247090169684,0.07721478774672663,Astrocytes,Oligodendrocytes,0.0,1.0
App,App,0.24742268041237114,0.0,8.49027,Aplp2,Aplp2,0.2465292385359697,0.0,Astrocytes,Oligodendrocytes,0.0,1.0
App,App,0.24742268041237114,0.0,8.49027,Vldlr,Vldlr,0.15453653064086384,0.0,Astrocytes,Oligodendrocytes,0.0,1.0
App,App,0.24742268041237114,0.0,8.49027,Aplp1,Aplp1,0.5556022998176974,0.18719070974935015,Astrocytes,Oligodendrocytes,0.0,1.0
App,App,0.24742268041237114,0.0,8.49027,Dcc,Dcc,0.2755574253260412,0.04299481292020402,Astrocytes,Oligodendrocytes,0.0,1.0
Apoe,Apoe,0.8582474226804123,0.39041901806253865,8.49027,Lrp6,Lrp6,0.1072780816154817,0.0,Astrocytes,Oligodendrocytes,0.0,1.0
Lgi1,Lgi1,0.6288659793814433,0.18412368650318967,8.49027,Adam23,Adam23,0.14794558967886692,0.0,Astrocytes,Oligodendrocytes,0.0,1.0
Ccl25,Ccl25,0.10309278350515463,0.0,8.49027,Grm7,Grm7,0.37498247090169684,0.07721478774672663,Astrocytes,Oligodendrocytes,0.0,1.0
Reln,Reln,0.13402061855670103,0.0,8.49027,Vldlr,Vldlr,0.15453653064086384,0.0,Astrocytes,Oligodendrocytes,0.0,1.0
Col4a5,Col4a5,0.12628865979381443,0.0,8.49027,Cd47,Cd47,0.1771140092553639,0.0,Astrocytes,Oligodendrocytes,0.0,1.0
Col4a5,Col4a5,0.12628865979381443,0.0,8.49027,Itgav,Itgav_Itgb8,0.1841256485766372,0.0,Astrocytes,Oligodendrocytes,0.0,1.0
Lama2,Lama2,0.5335051546391752,0.14358747136163275,8.49027,Itgav,Itgav_Itgb8,0.1841256485766372,0.0,Astrocytes,Oligodendrocytes,0.0,1.0
Col1a2,Col1a2,0.11855670103092783,0.0,8.49027,Itgav,Itgav_Itgb8,0.1841256485766372,0.0,Astrocytes,Oligodendrocytes,0.0,1.0
Il1rapl1,Il1rapl1,0.654639175257732,0.2154718757125864,8.49027,Ptprs,Ptprs,0.12074042911232646,0.0,Astrocytes,Oligodendrocytes,0.0,1.0
Il1rapl1,Il1rapl1,0.654639175257732,0.2154718757125864,8.49027,Ptprf,Ptprf,0.10363202916841957,0.0,Astrocytes,Oligodendrocytes,0.0,1.0
Lrrc4b,Lrrc4b,0.18041237113402062,0.0,8.49027,Ptprs,Ptprs,0.12074042911232646,0.0,Astrocytes,Oligodendrocytes,0.0,1.0
Lrrc4b,Lrrc4b,0.18041237113402062,0.0,8.49027,Ptprf,Ptprf,0.10363202916841957,0.0,Astrocytes,Oligodendrocytes,0.0,1.0
Sema4a,Sema4a,0.14948453608247422,0.0,8.49027,Plxnb3,Plxnb3,0.16238956668068993,0.0,Astrocytes,Oligodendrocytes,0.0,1.0
Slitrk2,Slitrk2,0.2190721649484536,0.0,8.49027,Ptprs,Ptprs,0.12074042911232646,0.0,Astrocytes,Oligodendrocytes,0.0,1.0
Apoe,Apoe,0.8582474226804123,0.39041901806253865,8.49027,Sorl1,Sorl1,0.13209928481278924,0.0,Astrocytes,Oligodendrocytes,0.0,1.0
Rgma,Rgma,0.4097938144329897,0.04456019780010578,8.49027,Bmpr2,Bmpr2,0.14486046837750666,0.0,Astrocytes,Oligodendrocytes,0.0,1.0
Lgi4,Lgi4,0.17010309278350516,0.0,8.49027,Adam23,Adam23,0.14794558967886692,0.0,Astrocytes,Oligodendrocytes,0.0,1.0
Gas6,Gas6,0.11082474226804123,0.0,8.49027,Tyro3,Tyro3,0.1047538914598233,0.0,Astrocytes,Oligodendrocytes,0.0,1.0
Tgfb1,Tgfb1,0.23868312757201646,0.0,8.49027,Lpp,Lpp,0.4536082474226804,0.04859756650693403,Microglia,Astrocytes,0.0,1.0
Sparc,Sparc,0.691358024691358,0.2120725460556261,8.49027,Fgfr1,Fgfr1,0.2268041237113402,0.0,Microglia,Astrocytes,0.0,1.0
Ptpn6,Ptpn6,0.16049382716049382,0.0,8.49027,Egfr,Egfr,0.3582474226804124,0.04175933524722142,Microglia,Astrocytes,0.0,1.0
Entpd1,Entpd1,0.4279835390946502,0.060434074831533735,8.49027,Adora1,Adora1,0.14175257731958762,0.0,Microglia,Astrocytes,0.0,1.0
Fgf12,Fgf12,0.13168724279835392,0.0,8.49027,Fgfr2,Fgfr2,0.5,0.08306514373716856,Microglia,Astrocytes,0.0,1.0
Fgf12,Fgf12,0.13168724279835392,0.0,8.49027,Fgfr1,Fgfr1,0.2268041237113402,0.0,Microglia,Astrocytes,0.0,1.0
Ncam1,Ncam1,0.1111111111111111,0.0,8.49027,Ptpra,Ptpra,0.37371134020618557,0.04306248380830002,Microglia,Astrocytes,0.0,1.0
Gnas,Gnas,0.5390946502057613,0.14921448902564904,8.49027,Adora1,Adora1,0.14175257731958762,0.0,Microglia,Astrocytes,0.0,1.0
Sirpa,Sirpa,0.2704445198506956,0.013012020380032852,8.49027,Cd47,Cd47,0.19753086419753085,0.0,Neurons,Microglia,0.0,1.0
Nrxn2,Nrxn2,0.5687139463861555,0.07009189015678263,8.49027,Nlgn1,Nlgn1,0.1522633744855967,0.0,Neurons,Microglia,0.0,1.0
St6gal1,St6gal1,0.16864608076009502,0.0,8.49027,Egfr,Egfr,0.3582474226804124,0.04175933524722142,Neurons,Astrocytes,0.0,1.0
Ncam1,Ncam1,0.7502544960977265,0.17369001611803242,8.49027,Fgfr1,Fgfr1,0.2268041237113402,0.0,Neurons,Astrocytes,0.0,1.0
Calr,Calr,0.15721649484536082,0.0,8.49027,Itgav,Itgav,0.1841256485766372,0.0,Astrocytes,Oligodendrocytes,0.0,1.0
Ptn,Ptn,0.41494845360824745,0.049143312553678875,8.49027,Ptprs,Ptprs,0.12074042911232646,0.0,Astrocytes,Oligodendrocytes,0.0,1.0
Vegfa,Vegfa,0.36597938144329895,0.04257731020042266,8.49027,Tyro3,Tyro3,0.1047538914598233,0.0,Astrocytes,Oligodendrocytes,0.0,1.0
Vegfa,Vegfa,0.36597938144329895,0.04257731020042266,8.49027,Itgav,Itgav,0.1841256485766372,0.0,Astrocytes,Oligodendrocytes,0.0,1.0
Bmp1,Bmp1,0.12628865979381443,0.0,8.49027,Bmpr2,Bmpr2,0.14486046837750666,0.0,Astrocytes,Oligodendrocytes,0.0,1.0
Bmp1,Bmp1,0.12628865979381443,0.0,8.49027,Bmpr1a,Bmpr1a,0.14275697658112466,0.0,Astrocytes,Oligodendrocytes,0.0,1.0
Apoe,Apoe,0.8582474226804123,0.39041901806253865,8.49027,Vldlr,Vldlr,0.15453653064086384,0.0,Astrocytes,Oligodendrocytes,0.0,1.0
Gnai2,Gnai2,0.13402061855670103,0.0,8.49027,S1pr5,S1pr5,0.10980227177114009,0.0,Astrocytes,Oligodendrocytes,0.0,1.0
S100a1,S100a1,0.17783505154639176,0.0,8.49027,Trpm3,Trpm3,0.11583228158743514,0.0,Astrocytes,Oligodendrocytes,0.0,1.0
Adam10,Adam10,0.26804123711340205,0.03152876922964609,8.49027,Tspan14,Tspan14,0.10545505539195064,0.0,Astrocytes,Oligodendrocytes,0.0,1.0
Lgi4,Lgi4,0.17010309278350516,0.0,8.49027,Adam22,Adam22,0.22717711400925536,0.0,Astrocytes,Oligodendrocytes,0.0,1.0
Lgi1,Lgi1,0.6288659793814433,0.18412368650318967,8.49027,Adam22,Adam22,0.22717711400925536,0.0,Astrocytes,Oligodendrocytes,0.0,1.0
Bsg,Bsg,0.40463917525773196,0.04447134827760735,8.49027,Slc16a7,Slc16a7,0.12747160286074885,0.0,Astrocytes,Oligodendrocytes,0.0,1.0
Lrpap1,Lrpap1,0.17525773195876287,0.0,8.49027,Vldlr,Vldlr,0.15453653064086384,0.0,Astrocytes,Oligodendrocytes,0.0,1.0
Gnai2,Gnai2,0.13402061855670103,0.0,8.49027,Igf1r,Igf1r,0.27036881222829895,0.03485098650818408,Astrocytes,Oligodendrocytes,0.0,1.0
Lrpap1,Lrpap1,0.17525773195876287,0.0,8.49027,Sorl1,Sorl1,0.13209928481278924,0.0,Astrocytes,Oligodendrocytes,0.0,1.0
Lrpap1,Lrpap1,0.17525773195876287,0.0,8.49027,Sort1,Sort1,0.23615201234048522,0.0,Astrocytes,Oligodendrocytes,0.0,1.0
Agrn,Agrn,0.21649484536082475,0.0,8.49027,Atp1a3,Atp1a3,0.18300378628523348,0.0,Astrocytes,Oligodendrocytes,0.0,1.0
App,App,0.29218106995884774,0.047175932024871914,8.49027,Tspan15,Tspan15,0.1189174028887954,0.0,Microglia,Oligodendrocytes,0.0,1.0
App,App,0.29218106995884774,0.047175932024871914,8.49027,Lrp6,Lrp6,0.1072780816154817,0.0,Microglia,Oligodendrocytes,0.0,1.0
H2-K1,H2-K1,0.39094650205761317,0.05727831614352752,8.49027,Aplp2,Aplp2,0.2465292385359697,0.0,Microglia,Oligodendrocytes,0.0,1.0
Tgfa,Tgfa,0.10699588477366255,0.0,8.49027,Erbb4,Erbb4,0.4211190576356752,0.07943927272007212,Microglia,Oligodendrocytes,0.0,1.0
Adam10,Adam10,0.43209876543209874,0.058828840702099594,8.49027,Tspan15,Tspan15,0.1189174028887954,0.0,Microglia,Oligodendrocytes,0.0,1.0
Nrxn1,Nrxn1,0.7875805904309467,0.41325534614377624,8.49027,Nlgn1,Nlgn1,0.1522633744855967,0.0,Neurons,Microglia,0.0,1.0
Nrg2,Nrg2,0.14690721649484537,0.0,8.49027,Mog,Mog,0.4572991165334455,0.07708438829542708,Astrocytes,Oligodendrocytes,0.0,1.0
Ptn,Ptn,0.41494845360824745,0.049143312553678875,8.49027,Ncl,Ncl,0.11555181601458421,0.0,Astrocytes,Oligodendrocytes,0.0,1.0
Mdk,Mdk,0.2654639175257732,0.03304866225542413,8.49027,Ncl,Ncl,0.11555181601458421,0.0,Astrocytes,Oligodendrocytes,0.0,1.0
Fgf12,Fgf12,0.1958762886597938,0.0,8.49027,Fgfr2,Fgfr2,0.46038423783480575,0.0679029562249931,Astrocytes,Oligodendrocytes,0.0,1.0
Ncam1,Ncam1,0.7139175257731959,0.21342884216016822,8.49027,Cacna1c,Cacna1c,0.10447342588697238,0.0,Astrocytes,Oligodendrocytes,0.0,1.0
Mdk,Mdk,0.2654639175257732,0.03304866225542413,8.49027,Sorl1,Sorl1,0.13209928481278924,0.0,Astrocytes,Oligodendrocytes,0.0,1.0
Psap,Psap,0.5489690721649485,0.12844396411756553,8.49027,Sort1,Sort1,0.23615201234048522,0.0,Astrocytes,Oligodendrocytes,0.0,1.0
Ntrk3,Ntrk3,0.10699588477366255,0.0,8.49027,Ptprf,Ptprf,0.10363202916841957,0.0,Microglia,Oligodendrocytes,0.0,1.0
Adam15,Adam15,0.1522633744855967,0.0,8.49027,Itgav,Itgav,0.1841256485766372,0.0,Microglia,Oligodendrocytes,0.0,1.0
Adam9,Adam9,0.11522633744855967,0.0,8.49027,Itgav,Itgav,0.1841256485766372,0.0,Microglia,Oligodendrocytes,0.0,1.0
Sirpa,Sirpa,0.6748971193415638,0.2102797668433234,8.49027,Cd47,Cd47,0.1771140092553639,0.0,Microglia,Oligodendrocytes,0.0,1.0
Nrxn1,Nrxn1,0.13168724279835392,0.0,8.49027,Nlgn1,Nlgn1,0.30360398261113447,0.0529812138718877,Microglia,Oligodendrocytes,0.0,1.0
Ncam1,Ncam1,0.1111111111111111,0.0,8.49027,Robo1,Robo1,0.33894264479035197,0.05884100520985158,Microglia,Oligodendrocytes,0.0,1.0
Ncam1,Ncam1,0.1111111111111111,0.0,8.49027,Fgfr2,Fgfr2,0.46038423783480575,0.0679029562249931,Microglia,Oligodendrocytes,0.0,1.0
Ncam1,Ncam1,0.1111111111111111,0.0,8.49027,Ncam2,Ncam2,0.4891319590520264,0.08311126566751259,Microglia,Oligodendrocytes,0.0,1.0
Itgav,Itgav,0.4074074074074074,0.057837314851942434,8.49027,Thy1,Thy1,0.11176553078109662,0.0,Microglia,Oligodendrocytes,0.0,1.0
Itgb2,Itgb2,0.15637860082304528,0.0,8.49027,Thy1,Thy1,0.11176553078109662,0.0,Microglia,Oligodendrocytes,0.0,1.0
App,App,0.29218106995884774,0.047175932024871914,8.49027,Aplp2,Aplp2,0.2465292385359697,0.0,Microglia,Oligodendrocytes,0.0,1.0
App,App,0.29218106995884774,0.047175932024871914,8.49027,Vldlr,Vldlr,0.15453653064086384,0.0,Microglia,Oligodendrocytes,0.0,1.0
Il18,Il18,0.13168724279835392,0.0,8.49027,Il1rapl1,Il1rapl1,0.41438788388725284,0.07057209248083263,Microglia,Oligodendrocytes,0.0,1.0
Calr,Calr,0.24691358024691357,0.0,8.49027,Itgav,Itgav,0.1841256485766372,0.0,Microglia,Oligodendrocytes,0.0,1.0
Apoe,Apoe,0.45267489711934156,0.07626742690494792,8.49027,Vldlr,Vldlr,0.15453653064086384,0.0,Microglia,Oligodendrocytes,0.0,1.0
Apoe,Apoe,0.45267489711934156,0.07626742690494792,8.49027,Lrp6,Lrp6,0.1072780816154817,0.0,Microglia,Oligodendrocytes,0.0,1.0
Tgfb1,Tgfb1,0.23868312757201646,0.0,8.49027,Itgb8,Itgb8,0.12634974056934511,0.0,Microglia,Oligodendrocytes,0.0,1.0
Pdgfb,Pdgfb,0.24279835390946503,0.0,8.49027,Itgav,Itgav,0.1841256485766372,0.0,Microglia,Oligodendrocytes,0.0,1.0
Edil3,Edil3,0.10699588477366255,0.0,8.49027,Itgav,Itgav,0.1841256485766372,0.0,Microglia,Oligodendrocytes,0.0,1.0
Cklf,Cklf,0.12345679012345678,0.0,8.49027,Lrp6,Lrp6,0.1072780816154817,0.0,Microglia,Oligodendrocytes,0.0,1.0
Il1rapl1,Il1rapl1,0.13168724279835392,0.0,8.49027,Ptprs,Ptprs,0.12074042911232646,0.0,Microglia,Oligodendrocytes,0.0,1.0
Il1rapl1,Il1rapl1,0.13168724279835392,0.0,8.49027,Ptprf,Ptprf,0.10363202916841957,0.0,Microglia,Oligodendrocytes,0.0,1.0
Sema4d,Sema4d,0.32098765432098764,0.0498183646325443,8.49027,Plxnb3,Plxnb3,0.16238956668068993,0.0,Microglia,Oligodendrocytes,0.0,1.0
Nlgn1,Nlgn1,0.1522633744855967,0.0,8.49027,Nrxn2,Nrxn2,0.15972514373860608,0.0,Microglia,Oligodendrocytes,0.0,1.0
Nlgn1,Nlgn1,0.1522633744855967,0.0,8.49027,Nrxn1,Nrxn1,0.21778151731874912,0.0,Microglia,Oligodendrocytes,0.0,1.0
Ntrk3,Ntrk3,0.10699588477366255,0.0,8.49027,Ptprs,Ptprs,0.12074042911232646,0.0,Microglia,Oligodendrocytes,0.0,1.0
Ncam1,Ncam1,0.1111111111111111,0.0,8.49027,Ptpra,Ptpra,0.28172766792876175,0.036940884392732354,Microglia,Oligodendrocytes,0.0,1.0
Ncam1,Ncam1,0.1111111111111111,0.0,8.49027,Cacna1c,Cacna1c,0.10447342588697238,0.0,Microglia,Oligodendrocytes,0.0,1.0
Psap,Psap,0.6666666666666666,0.1893218276063502,8.49027,Sort1,Sort1,0.23615201234048522,0.0,Microglia,Oligodendrocytes,0.0,1.0
Fgf14,Fgf14,0.15637860082304528,0.0,8.49027,Fgfr2,Fgfr2,0.46038423783480575,0.0679029562249931,Microglia,Oligodendrocytes,0.0,1.0
Sptan1,Sptan1,0.16872427983539096,0.0,8.49027,Ptpra,Ptpra,0.28172766792876175,0.036940884392732354,Microglia,Oligodendrocytes,0.0,1.0
Gnai2,Gnai2,0.2757201646090535,0.04653448810629257,8.49027,S1pr5,S1pr5,0.10980227177114009,0.0,Microglia,Oligodendrocytes,0.0,1.0
Adam10,Adam10,0.43209876543209874,0.058828840702099594,8.49027,Tspan14,Tspan14,0.10545505539195064,0.0,Microglia,Oligodendrocytes,0.0,1.0
Hspa8,Hspa8,0.2962962962962963,0.03862285443443492,8.49027,Ldlr,Ldlr,0.10309278350515463,0.0,Microglia,Astrocytes,0.0,1.0
Actr2,Actr2,0.36213991769547327,0.05290812503033182,8.49027,Ldlr,Ldlr,0.10309278350515463,0.0,Microglia,Astrocytes,0.0,1.0
Fgf14,Fgf14,0.15637860082304528,0.0,8.49027,Fgfr1,Fgfr1,0.2268041237113402,0.0,Microglia,Astrocytes,0.0,1.0
Fgf14,Fgf14,0.15637860082304528,0.0,8.49027,Fgfr2,Fgfr2,0.5,0.08306514373716856,Microglia,Astrocytes,0.0,1.0
Sptan1,Sptan1,0.16872427983539096,0.0,8.49027,Ptpra,Ptpra,0.37371134020618557,0.04306248380830002,Microglia,Astrocytes,0.0,1.0
Rims2,Rims2,0.11522633744855967,0.0,8.49027,Abca1,Abca1,0.27319587628865977,0.033736094717738196,Microglia,Astrocytes,0.0,1.0
App,App,0.8177807940278249,0.2096492676470556,8.49027,Lrp6,Lrp6,0.24742268041237114,0.0,Neurons,Astrocytes,0.0,1.0
Slitrk3,Slitrk3,0.17577197149643706,0.0,8.49027,Ptprs,Ptprs,0.327319587628866,0.03760428532678295,Neurons,Astrocytes,0.0,1.0
Adam10,Adam10,0.46182558534102475,0.026315314115175514,8.49027,Notch2,Notch2,0.2345360824742268,0.0,Neurons,Astrocytes,0.0,1.0
Adam10,Adam10,0.46182558534102475,0.026315314115175514,8.49027,Notch1,Notch1,0.22422680412371135,0.0,Neurons,Astrocytes,0.0,1.0
Adam10,Adam10,0.46182558534102475,0.026315314115175514,8.49027,Axl,Axl,0.12886597938144329,0.0,Neurons,Astrocytes,0.0,1.0
Adam10,Adam10,0.46182558534102475,0.026315314115175514,8.49027,Tspan12,Tspan12,0.1211340206185567,0.0,Neurons,Astrocytes,0.0,1.0
Nrg3,Nrg3,0.12345679012345678,0.0,8.49027,Egfr,Egfr,0.3582474226804124,0.04175933524722142,Microglia,Astrocytes,0.0,1.0
Bsg,Bsg,0.35390946502057613,0.050223821312943784,8.49027,Slc16a7,Slc16a7,0.12747160286074885,0.0,Microglia,Oligodendrocytes,0.0,1.0
Liph,Liph,0.11934156378600823,0.0,8.49027,Lpar1,Lpar1,0.19057635675220866,0.0,Microglia,Oligodendrocytes,0.0,1.0
Grn,Grn,0.4732510288065844,0.06174213763611336,8.49027,Sort1,Sort1,0.23615201234048522,0.0,Microglia,Oligodendrocytes,0.0,1.0
Arf1,Arf1,0.13580246913580246,0.0,8.49027,Insr,Insr,0.18454634693591362,0.0,Microglia,Oligodendrocytes,0.0,1.0
Apoe,Apoe,0.45267489711934156,0.07626742690494792,8.49027,Sorl1,Sorl1,0.13209928481278924,0.0,Microglia,Oligodendrocytes,0.0,1.0
Pros1,Pros1,0.37448559670781895,0.05769103010852583,8.49027,Tyro3,Tyro3,0.1047538914598233,0.0,Microglia,Oligodendrocytes,0.0,1.0
L1cam,L1cam,0.2829996606718697,0.014172529513320431,8.49027,Cntn1,Cntn1,0.15285373720375825,0.0,Neurons,Oligodendrocytes,0.0,1.0
Efna5,Efna5,0.5561588055649813,0.09536538289465502,8.49027,Epha5,Epha5,0.102880658436214,0.0,Neurons,Microglia,0.0,1.0
App,App,0.8177807940278249,0.2096492676470556,8.49027,Aplp2,Aplp2,0.2465292385359697,0.0,Neurons,Oligodendrocytes,0.0,1.0
App,App,0.8177807940278249,0.2096492676470556,8.49027,Vldlr,Vldlr,0.15453653064086384,0.0,Neurons,Oligodendrocytes,0.0,1.0
App,App,0.8177807940278249,0.2096492676470556,8.49027,Tspan15,Tspan15,0.1189174028887954,0.0,Neurons,Oligodendrocytes,0.0,1.0
App,App,0.8177807940278249,0.2096492676470556,8.49027,Lrp6,Lrp6,0.1072780816154817,0.0,Neurons,Oligodendrocytes,0.0,1.0
Slitrk3,Slitrk3,0.17577197149643706,0.0,8.49027,Ptprs,Ptprs,0.12074042911232646,0.0,Neurons,Oligodendrocytes,0.0,1.0
Adam10,Adam10,0.46182558534102475,0.026315314115175514,8.49027,Tspan15,Tspan15,0.1189174028887954,0.0,Neurons,Oligodendrocytes,0.0,1.0
Fgf12,Fgf12,0.13168724279835392,0.0,8.49027,Fgfr2,Fgfr2,0.46038423783480575,0.0679029562249931,Microglia,Oligodendrocytes,0.0,1.0
Nlgn2,Nlgn2,0.34068544282321006,0.01794215575474567,8.49027,Nrxn1,Nrxn1,0.21778151731874912,0.0,Neurons,Oligodendrocytes,0.0,1.0
Nlgn1,Nlgn1,0.7604343400067866,0.33106245781190813,8.49027,Nrxn2,Nrxn2,0.15972514373860608,0.0,Neurons,Oligodendrocytes,0.0,1.0
Nlgn1,Nlgn1,0.7604343400067866,0.33106245781190813,8.49027,Nrxn1,Nrxn1,0.21778151731874912,0.0,Neurons,Oligodendrocytes,0.0,1.0
Ntrk3,Ntrk3,0.6501526976586359,0.12720612848524593,8.49027,Ptprs,Ptprs,0.12074042911232646,0.0,Neurons,Oligodendrocytes,0.0,1.0
Ntrk3,Ntrk3,0.6501526976586359,0.12720612848524593,8.49027,Ptprf,Ptprf,0.10363202916841957,0.0,Neurons,Oligodendrocytes,0.0,1.0
Sema5a,Sema5a,0.2891075670173057,0.018628776489338583,8.49027,Plxnb3,Plxnb3,0.16238956668068993,0.0,Neurons,Oligodendrocytes,0.0,1.0
Adam15,Adam15,0.2130980658296573,0.0,8.49027,Itgav,Itgav,0.1841256485766372,0.0,Neurons,Oligodendrocytes,0.0,1.0
Adam9,Adam9,0.1981676280963692,0.0,8.49027,Itgav,Itgav,0.1841256485766372,0.0,Neurons,Oligodendrocytes,0.0,1.0
Psen1,Psen1,0.1440329218106996,0.0,8.49027,Notch2,Notch2,0.2345360824742268,0.0,Microglia,Astrocytes,0.0,1.0
Rtn4,Rtn4,0.5390946502057613,0.1500311274801267,8.49027,Tnfrsf19,Tnfrsf19,0.211340206185567,0.0,Microglia,Astrocytes,0.0,1.0
Gnai2,Gnai2,0.2757201646090535,0.04653448810629257,8.49027,Adora1,Adora1,0.14175257731958762,0.0,Microglia,Astrocytes,0.0,1.0
Timp2,Timp2,0.2757201646090535,0.03804520617193363,8.49027,Itgb1,Itgb1,0.13402061855670103,0.0,Microglia,Astrocytes,0.0,1.0
Arf1,Arf1,0.13580246913580246,0.0,8.49027,Insr,Insr,0.23195876288659795,0.0,Microglia,Astrocytes,0.0,1.0
Sorbs1,Sorbs1,0.1111111111111111,0.0,8.49027,Itgb5,Itgb5,0.17525773195876287,0.0,Microglia,Astrocytes,0.0,1.0
Gnai2,Gnai2,0.2757201646090535,0.04653448810629257,8.49027,Adcy9,Adcy9,0.18298969072164947,0.0,Microglia,Astrocytes,0.0,1.0
Gnas,Gnas,0.5390946502057613,0.14921448902564904,8.49027,Adcy9,Adcy9,0.18298969072164947,0.0,Microglia,Astrocytes,0.0,1.0
Ncam1,Ncam1,0.1111111111111111,0.0,8.49027,Cacna1c,Cacna1c,0.13144329896907217,0.0,Microglia,Astrocytes,0.0,1.0
Cntn2,Cntn2,0.25212080081438754,0.010661533325777739,8.49027,Cntn1,Cntn1,0.15285373720375825,0.0,Neurons,Oligodendrocytes,0.0,1.0
Adam17,Adam17,0.1866304716661011,0.0,8.49027,Erbb4,Erbb4,0.4211190576356752,0.07943927272007212,Neurons,Oligodendrocytes,0.0,1.0
Sirpa,Sirpa,0.2704445198506956,0.013012020380032852,8.49027,Cd47,Cd47,0.1771140092553639,0.0,Neurons,Oligodendrocytes,0.0,1.0
Efnb2,Efnb2,0.12690872073294876,0.0,8.49027,Ephb1,Ephb1,0.27990464170523066,0.04204976001778382,Neurons,Oligodendrocytes,0.0,1.0
Efnb2,Efnb2,0.12690872073294876,0.0,8.49027,Grm5,Grm5,0.10208946851773945,0.0,Neurons,Oligodendrocytes,0.0,1.0
Reln,Reln,0.12249745503902273,0.0,8.49027,Vldlr,Vldlr,0.15453653064086384,0.0,Neurons,Oligodendrocytes,0.0,1.0
Lamc1,Lamc1,0.22225992534781133,0.0,8.49027,Itgav,Itgav_Itgb8,0.1841256485766372,0.0,Neurons,Oligodendrocytes,0.0,1.0
Col4a2,Col4a2,0.27723108245673567,0.013900149669385076,8.49027,Itgav,Itgav_Itgb8,0.1841256485766372,0.0,Neurons,Oligodendrocytes,0.0,1.0
Col4a1,Col4a1,0.14319647098744487,0.0,8.49027,Cd47,Cd47,0.1771140092553639,0.0,Neurons,Oligodendrocytes,0.0,1.0
Col4a1,Col4a1,0.14319647098744487,0.0,8.49027,Itgav,Itgav_Itgb8,0.1841256485766372,0.0,Neurons,Oligodendrocytes,0.0,1.0
Il1rapl1,Il1rapl1,0.6935866983372921,0.2682423317214111,8.49027,Ptprs,Ptprs,0.12074042911232646,0.0,Neurons,Oligodendrocytes,0.0,1.0
Il1rapl1,Il1rapl1,0.6935866983372921,0.2682423317214111,8.49027,Ptprf,Ptprf,0.10363202916841957,0.0,Neurons,Oligodendrocytes,0.0,1.0
Nlgn3,Nlgn3,0.2130980658296573,0.0,8.49027,Nrxn2,Nrxn2,0.15972514373860608,0.0,Neurons,Oligodendrocytes,0.0,1.0
Nlgn3,Nlgn3,0.2130980658296573,0.0,8.49027,Nrxn1,Nrxn1,0.21778151731874912,0.0,Neurons,Oligodendrocytes,0.0,1.0
Lrrc4b,Lrrc4b,0.35799117746861214,0.018825450657053766,8.49027,Ptprs,Ptprs,0.12074042911232646,0.0,Neurons,Oligodendrocytes,0.0,1.0
Lrrc4b,Lrrc4b,0.35799117746861214,0.018825450657053766,8.49027,Ptprf,Ptprf,0.10363202916841957,0.0,Neurons,Oligodendrocytes,0.0,1.0
Sema4a,Sema4a,0.13030200203596878,0.0,8.49027,Plxnb3,Plxnb3,0.16238956668068993,0.0,Neurons,Oligodendrocytes,0.0,1.0
Slitrk1,Slitrk1,0.2992874109263658,0.01582383423680489,8.49027,Ptprs,Ptprs,0.12074042911232646,0.0,Neurons,Oligodendrocytes,0.0,1.0
Sema4d,Sema4d,0.332880895826264,0.016981235111078075,8.49027,Plxnb3,Plxnb3,0.16238956668068993,0.0,Neurons,Oligodendrocytes,0.0,1.0
Nlgn2,Nlgn2,0.34068544282321006,0.01794215575474567,8.49027,Nrxn2,Nrxn2,0.15972514373860608,0.0,Neurons,Oligodendrocytes,0.0,1.0
Calr,Calr,0.4509670851713607,0.024756265976759617,8.49027,Itgav,Itgav,0.1841256485766372,0.0,Neurons,Oligodendrocytes,0.0,1.0
Ptn,Ptn,0.34170342721411606,0.02052779989104636,8.49027,Ptprs,Ptprs,0.12074042911232646,0.0,Neurons,Oligodendrocytes,0.0,1.0
Vegfa,Vegfa,0.2130980658296573,0.0,8.49027,Tyro3,Tyro3,0.1047538914598233,0.0,Neurons,Oligodendrocytes,0.0,1.0
Vegfa,Vegfa,0.2130980658296573,0.0,8.49027,Itgav,Itgav,0.1841256485766372,0.0,Neurons,Oligodendrocytes,0.0,1.0
Fgf1,Fgf1,0.23583305055989143,0.0,8.49027,Fgfr2,Fgfr2,0.46038423783480575,0.0679029562249931,Neurons,Oligodendrocytes,0.0,1.0
Apoe,Apoe,0.2297251442144554,0.0,8.49027,Vldlr,Vldlr,0.15453653064086384,0.0,Neurons,Oligodendrocytes,0.0,1.0
Apoe,Apoe,0.2297251442144554,0.0,8.49027,Lrp6,Lrp6,0.1072780816154817,0.0,Neurons,Oligodendrocytes,0.0,1.0
Efnb2,Efnb2,0.12690872073294876,0.0,8.49027,Grm5,Grm5,0.1111111111111111,0.0,Neurons,Microglia,0.0,1.0
Fgf13,Fgf13,0.36213991769547327,0.06041659767553975,8.49027,Fgfr1,Fgfr1,0.2268041237113402,0.0,Microglia,Astrocytes,0.0,1.0
Il18,Il18,0.13168724279835392,0.0,8.49027,Il1rapl1,Il1rapl1,0.654639175257732,0.2154718757125864,Microglia,Astrocytes,0.0,1.0
Lgals3bp,Lgals3bp,0.1111111111111111,0.0,8.49027,Itgb1,Itgb1,0.13402061855670103,0.0,Microglia,Astrocytes,0.0,1.0
Ybx1,Ybx1,0.16872427983539096,0.0,8.49027,Notch1,Notch1,0.22422680412371135,0.0,Microglia,Astrocytes,0.0,1.0
Tln1,Tln1,0.1646090534979424,0.0,8.49027,Itgb5,Itgb5,0.17525773195876287,0.0,Microglia,Astrocytes,0.0,1.0
Hsp90aa1,Hsp90aa1,0.18106995884773663,0.0,8.49027,Egfr,Egfr,0.3582474226804124,0.04175933524722142,Microglia,Astrocytes,0.0,1.0
Psen1,Psen1,0.1440329218106996,0.0,8.49027,Notch3,Notch3,0.13659793814432988,0.0,Microglia,Astrocytes,0.0,1.0
Lgi1,Lgi1,0.4333220223956566,0.02666569704416777,8.49027,Adam23,Adam23,0.14794558967886692,0.0,Neurons,Oligodendrocytes,0.0,1.0
Slit3,Slit3,0.2147947064811673,0.0,8.49027,Robo1,Robo1,0.33894264479035197,0.05884100520985158,Neurons,Oligodendrocytes,0.0,1.0
Slit1,Slit1,0.18595181540549713,0.0,8.49027,Robo1,Robo1,0.33894264479035197,0.05884100520985158,Neurons,Oligodendrocytes,0.0,1.0
Edil3,Edil3,0.6240244316253818,0.14066036364829415,8.49027,Itgav,Itgav,0.1841256485766372,0.0,Neurons,Oligodendrocytes,0.0,1.0
Fgf10,Fgf10,0.12792670512385476,0.0,8.49027,Fgfr2,Fgfr2,0.46038423783480575,0.0679029562249931,Neurons,Oligodendrocytes,0.0,1.0
Spon1,Spon1,0.15914489311163896,0.0,8.49027,App,App,0.5727106997616043,0.1912491237039715,Neurons,Oligodendrocytes,0.0,1.0
Ntn4,Ntn4,0.1323379708177808,0.0,8.49027,Dcc,Dcc,0.2755574253260412,0.04299481292020402,Neurons,Oligodendrocytes,0.0,1.0
Fam3c,Fam3c,0.1815405497115711,0.0,8.49027,Lifr,Lifr,0.10377226195484504,0.0,Neurons,Oligodendrocytes,0.0,1.0
Fam3c,Fam3c,0.1815405497115711,0.0,8.49027,Lamp1,Lamp1,0.3883045856121161,0.0532997797068413,Neurons,Oligodendrocytes,0.0,1.0
Fndc5,Fndc5,0.2507634882931795,0.009335018414395269,8.49027,Itgav,Itgav,0.1841256485766372,0.0,Neurons,Oligodendrocytes,0.0,1.0
Lgi3,Lgi3,0.329487614523244,0.01785576598662819,8.49027,Adam23,Adam23,0.14794558967886692,0.0,Neurons,Oligodendrocytes,0.0,1.0
Lgi2,Lgi2,0.2850356294536817,0.014815588550678993,8.49027,Adam23,Adam23,0.14794558967886692,0.0,Neurons,Oligodendrocytes,0.0,1.0
Gas6,Gas6,0.32609433322022396,0.017178320846686468,8.49027,Tyro3,Tyro3,0.1047538914598233,0.0,Neurons,Oligodendrocytes,0.0,1.0
Cx3cl1,Cx3cl1,0.3661350525958602,0.020298904959290653,8.49027,Itgav,Itgav,0.1841256485766372,0.0,Neurons,Oligodendrocytes,0.0,1.0
Sst,Sst,0.24363759755683745,0.0,8.49027,Grm7,Grm7,0.37498247090169684,0.07721478774672663,Neurons,Oligodendrocytes,0.0,1.0
Nxph1,Nxph1,0.5242619613165932,0.11547830918619306,8.49027,Nrxn2,Nrxn2,0.15972514373860608,0.0,Neurons,Oligodendrocytes,0.0,1.0
Nxph1,Nxph1,0.5242619613165932,0.11547830918619306,8.49027,Nrxn1,Nrxn1,0.21778151731874912,0.0,Neurons,Oligodendrocytes,0.0,1.0
Fgf9,Fgf9,0.21174075330844927,0.0,8.49027,Fgfr2,Fgfr2,0.46038423783480575,0.0679029562249931,Neurons,Oligodendrocytes,0.0,1.0
Gnas,Gnas,0.5390946502057613,0.14921448902564904,8.49027,Adcy7,Adcy7,0.20164609053497942,0.0,Microglia,Microglia,0.0,1.0
Bsg,Bsg,0.6932473702069901,0.09878080494399422,8.49027,Slc16a7,Slc16a7,0.12747160286074885,0.0,Neurons,Oligodendrocytes,0.0,1.0
Nampt,Nampt,0.20665083135391923,0.0,8.49027,Insr,Insr,0.18454634693591362,0.0,Neurons,Oligodendrocytes,0.0,1.0
Lrpap1,Lrpap1,0.4065151001017984,0.021576915409774577,8.49027,Vldlr,Vldlr,0.15453653064086384,0.0,Neurons,Oligodendrocytes,0.0,1.0
Gnai2,Gnai2,0.16762809636918902,0.0,8.49027,Igf1r,Igf1r,0.27036881222829895,0.03485098650818408,Neurons,Oligodendrocytes,0.0,1.0
Gpc3,Gpc3,0.15405497115710892,0.0,8.49027,Igf1r,Igf1r,0.27036881222829895,0.03485098650818408,Neurons,Oligodendrocytes,0.0,1.0
Gpc3,Gpc3,0.15405497115710892,0.0,8.49027,Cd81,Cd81,0.5508343850792315,0.17002021659052602,Neurons,Oligodendrocytes,0.0,1.0
Lrpap1,Lrpap1,0.4065151001017984,0.021576915409774577,8.49027,Sorl1,Sorl1,0.13209928481278924,0.0,Neurons,Oligodendrocytes,0.0,1.0
Lrpap1,Lrpap1,0.4065151001017984,0.021576915409774577,8.49027,Sort1,Sort1,0.23615201234048522,0.0,Neurons,Oligodendrocytes,0.0,1.0
Agrn,Agrn,0.4530030539531727,0.024281996724193622,8.49027,Atp1a3,Atp1a3,0.18300378628523348,0.0,Neurons,Oligodendrocytes,0.0,1.0
Gnai2,Gnai2,0.2757201646090535,0.04653448810629257,8.49027,Adcy7,Adcy7,0.20164609053497942,0.0,Microglia,Microglia,0.0,1.0
Rgmb,Rgmb,0.17678995588734306,0.0,8.49027,Neo1,Neo1,0.3134202776609171,0.04540604265676218,Neurons,Oligodendrocytes,0.0,1.0
Arf1,Arf1,0.2979300984051578,0.015541223113409108,8.49027,Insr,Insr,0.18454634693591362,0.0,Neurons,Oligodendrocytes,0.0,1.0
Hras,Hras,0.1995249406175772,0.0,8.49027,Insr,Insr,0.18454634693591362,0.0,Neurons,Oligodendrocytes,0.0,1.0
Fstl1,Fstl1,0.22734984730234137,0.0,8.49027,Dip2a,Dip2a,0.33613798906184267,0.04945437714694556,Neurons,Oligodendrocytes,0.0,1.0
Apoe,Apoe,0.2297251442144554,0.0,8.49027,Sorl1,Sorl1,0.13209928481278924,0.0,Neurons,Oligodendrocytes,0.0,1.0
Hspa4,Hspa4,0.19753086419753085,0.0,8.49027,Tlr4,Tlr4,0.10699588477366255,0.0,Microglia,Microglia,0.0,1.0
Rims1,Rims1,0.7465218866644044,0.20739373694039243,8.49027,Cacna1c,Cacna1c,0.10447342588697238,0.0,Neurons,Oligodendrocytes,0.0,1.0
Ncam1,Ncam1,0.7502544960977265,0.17369001611803242,8.49027,Cacna1c,Cacna1c,0.10447342588697238,0.0,Neurons,Oligodendrocytes,0.0,1.0
Psap,Psap,0.6827281981676281,0.09203127051421411,8.49027,Sort1,Sort1,0.23615201234048522,0.0,Neurons,Oligodendrocytes,0.0,1.0
Gnai2,Gnai2,0.16762809636918902,0.0,8.49027,S1pr5,S1pr5,0.10980227177114009,0.0,Neurons,Oligodendrocytes,0.0,1.0
Rgmb,Rgmb,0.17678995588734306,0.0,8.49027,Bmpr2,Bmpr2,0.14486046837750666,0.0,Neurons,Oligodendrocytes,0.0,1.0
Adam10,Adam10,0.46182558534102475,0.026315314115175514,8.49027,Tspan14,Tspan14,0.10545505539195064,0.0,Neurons,Oligodendrocytes,0.0,1.0
Hsp90b1,Hsp90b1,0.30864197530864196,0.049169175515189956,8.49027,Tlr4,Tlr4,0.10699588477366255,0.0,Microglia,Microglia,0.0,1.0
Lgi3,Lgi3,0.329487614523244,0.01785576598662819,8.49027,Adam22,Adam22,0.22717711400925536,0.0,Neurons,Oligodendrocytes,0.0,1.0
Lgi2,Lgi2,0.2850356294536817,0.014815588550678993,8.49027,Adam22,Adam22,0.22717711400925536,0.0,Neurons,Oligodendrocytes,0.0,1.0
Lgi1,Lgi1,0.4333220223956566,0.02666569704416777,8.49027,Adam22,Adam22,0.22717711400925536,0.0,Neurons,Oligodendrocytes,0.0,1.0
Hsp90b1,Hsp90b1,0.30864197530864196,0.049169175515189956,8.49027,Tlr7,Tlr7,0.205761316872428,0.0,Microglia,Microglia,0.0,1.0
App,App,0.5517241379310345,0.11841058036538166,8.49027,Tspan15,Tspan15,0.1189174028887954,0.0,OPCs,Oligodendrocytes,0.0,1.0
App,App,0.5517241379310345,0.11841058036538166,8.49027,Lrp6,Lrp6,0.1072780816154817,0.0,OPCs,Oligodendrocytes,0.0,1.0
H2-K1,H2-K1,0.21674876847290642,0.0,8.49027,Aplp2,Aplp2,0.2465292385359697,0.0,OPCs,Oligodendrocytes,0.0,1.0
Slitrk3,Slitrk3,0.18226600985221675,0.0,8.49027,Ptprs,Ptprs,0.12074042911232646,0.0,OPCs,Oligodendrocytes,0.0,1.0
Adam10,Adam10,0.33004926108374383,0.038064970206242554,8.49027,Tspan15,Tspan15,0.1189174028887954,0.0,OPCs,Oligodendrocytes,0.0,1.0
Gpc3,Gpc3,0.15405497115710892,0.0,8.49027,Unc5c,Unc5c,0.4442574673958772,0.07688573351207229,Neurons,Oligodendrocytes,0.0,1.0
Apoe,Apoe,0.45267489711934156,0.07626742690494792,8.49027,Ldlr,Ldlr,0.10309278350515463,0.0,Microglia,Astrocytes,0.0,1.0
Apoe,Apoe,0.45267489711934156,0.07626742690494792,8.49027,Lrp6,Lrp6,0.24742268041237114,0.0,Microglia,Astrocytes,0.0,1.0
Apoe,Apoe,0.45267489711934156,0.07626742690494792,8.49027,Lrp4,Lrp4,0.13402061855670103,0.0,Microglia,Astrocytes,0.0,1.0
Tgfb1,Tgfb1,0.23868312757201646,0.0,8.49027,Sdc2,Sdc2,0.3427835051546392,0.04035273484009849,Microglia,Astrocytes,0.0,1.0
Tgfb1,Tgfb1,0.23868312757201646,0.0,8.49027,Itgb8,Itgb8,0.38402061855670105,0.043566294684655005,Microglia,Astrocytes,0.0,1.0
Tgfb1,Tgfb1,0.23868312757201646,0.0,8.49027,Itgb5,Itgb5,0.17525773195876287,0.0,Microglia,Astrocytes,0.0,1.0
Tgfb1,Tgfb1,0.23868312757201646,0.0,8.49027,Itgb1,Itgb1,0.13402061855670103,0.0,Microglia,Astrocytes,0.0,1.0
Tgfb1,Tgfb1,0.23868312757201646,0.0,8.49027,Egfr,Egfr,0.3582474226804124,0.04175933524722142,Microglia,Astrocytes,0.0,1.0
Psen1,Psen1,0.1440329218106996,0.0,8.49027,Notch1,Notch1,0.22422680412371135,0.0,Microglia,Astrocytes,0.0,1.0
Gpi1,Gpi1,0.1728395061728395,0.0,8.49027,Amfr,Amfr,0.15206185567010308,0.0,Microglia,Astrocytes,0.0,1.0
Fgf13,Fgf13,0.36213991769547327,0.06041659767553975,8.49027,Scn8a,Scn8a,0.21649484536082475,0.0,Microglia,Astrocytes,0.0,1.0
Arf1,Arf1,0.13580246913580246,0.0,8.49027,Pld2,Pld2,0.17268041237113402,0.0,Microglia,Astrocytes,0.0,1.0
Psap,Psap,0.6666666666666666,0.1893218276063502,8.49027,Gpr37,Gpr37,0.1211340206185567,0.0,Microglia,Astrocytes,0.0,1.0
Pros1,Pros1,0.37448559670781895,0.05769103010852583,8.49027,Axl,Axl,0.12886597938144329,0.0,Microglia,Astrocytes,0.0,1.0
Slc6a8,Slc6a8,0.14014251781472684,0.0,8.49027,Lifr,Lifr,0.10377226195484504,0.0,Neurons,Oligodendrocytes,0.0,1.0
Timp3,Timp3,0.2307431286053614,0.0,8.49027,Ddr1,Ddr1,0.2549432057214977,0.020846155993107685,Neurons,Oligodendrocytes,0.0,1.0
Rims2,Rims2,0.11522633744855967,0.0,8.49027,Abca1,Abca1,0.2345679012345679,0.0,Microglia,Microglia,0.0,1.0
Ptn,Ptn,0.34170342721411606,0.02052779989104636,8.49027,Ncl,Ncl,0.11555181601458421,0.0,Neurons,Oligodendrocytes,0.0,1.0
Ntrk3,Ntrk3,0.7192118226600985,0.1658477219832024,8.49027,Ptprf,Ptprf,0.10363202916841957,0.0,OPCs,Oligodendrocytes,0.0,1.0
Sema5a,Sema5a,0.6354679802955665,0.14386473824522117,8.49027,Plxnb3,Plxnb3,0.16238956668068993,0.0,OPCs,Oligodendrocytes,0.0,1.0
Adam9,Adam9,0.2019704433497537,0.0,8.49027,Itgav,Itgav,0.1841256485766372,0.0,OPCs,Oligodendrocytes,0.0,1.0
Adam17,Adam17,0.1724137931034483,0.0,8.49027,Erbb4,Erbb4,0.4211190576356752,0.07943927272007212,OPCs,Oligodendrocytes,0.0,1.0
Sirpa,Sirpa,0.1330049261083744,0.0,8.49027,Cd47,Cd47,0.1771140092553639,0.0,OPCs,Oligodendrocytes,0.0,1.0
Itgav,Itgav,0.5320197044334976,0.10911949221648332,8.49027,Thy1,Thy1,0.11176553078109662,0.0,OPCs,Oligodendrocytes,0.0,1.0
App,App,0.5517241379310345,0.11841058036538166,8.49027,Aplp2,Aplp2,0.2465292385359697,0.0,OPCs,Oligodendrocytes,0.0,1.0
App,App,0.5517241379310345,0.11841058036538166,8.49027,Vldlr,Vldlr,0.15453653064086384,0.0,OPCs,Oligodendrocytes,0.0,1.0
Col9a3,Col9a3,0.2019704433497537,0.0,8.49027,Itgav,Itgav_Itgb8,0.1841256485766372,0.0,OPCs,Oligodendrocytes,0.0,1.0
Lamc1,Lamc1,0.35467980295566504,0.03864362764374851,8.49027,Itgav,Itgav_Itgb8,0.1841256485766372,0.0,OPCs,Oligodendrocytes,0.0,1.0
Il1rapl1,Il1rapl1,0.8669950738916257,0.4069855822866528,8.49027,Ptprs,Ptprs,0.12074042911232646,0.0,OPCs,Oligodendrocytes,0.0,1.0
Il1rapl1,Il1rapl1,0.8669950738916257,0.4069855822866528,8.49027,Ptprf,Ptprf,0.10363202916841957,0.0,OPCs,Oligodendrocytes,0.0,1.0
Nlgn3,Nlgn3,0.2857142857142857,0.030202463173612415,8.49027,Nrxn2,Nrxn2,0.15972514373860608,0.0,OPCs,Oligodendrocytes,0.0,1.0
Nlgn3,Nlgn3,0.2857142857142857,0.030202463173612415,8.49027,Nrxn1,Nrxn1,0.21778151731874912,0.0,OPCs,Oligodendrocytes,0.0,1.0
Lrrc4b,Lrrc4b,0.33004926108374383,0.036287009193182396,8.49027,Ptprs,Ptprs,0.12074042911232646,0.0,OPCs,Oligodendrocytes,0.0,1.0
Lrrc4b,Lrrc4b,0.33004926108374383,0.036287009193182396,8.49027,Ptprf,Ptprf,0.10363202916841957,0.0,OPCs,Oligodendrocytes,0.0,1.0
Slitrk2,Slitrk2,0.15763546798029557,0.0,8.49027,Ptprs,Ptprs,0.12074042911232646,0.0,OPCs,Oligodendrocytes,0.0,1.0
Slitrk1,Slitrk1,0.22167487684729065,0.0,8.49027,Ptprs,Ptprs,0.12074042911232646,0.0,OPCs,Oligodendrocytes,0.0,1.0
Sema4d,Sema4d,0.11330049261083744,0.0,8.49027,Plxnb3,Plxnb3,0.16238956668068993,0.0,OPCs,Oligodendrocytes,0.0,1.0
Nlgn2,Nlgn2,0.32019704433497537,0.0352717879139155,8.49027,Nrxn2,Nrxn2,0.15972514373860608,0.0,OPCs,Oligodendrocytes,0.0,1.0
Nlgn2,Nlgn2,0.32019704433497537,0.0352717879139155,8.49027,Nrxn1,Nrxn1,0.21778151731874912,0.0,OPCs,Oligodendrocytes,0.0,1.0
Nlgn1,Nlgn1,0.8669950738916257,0.45541186108127185,8.49027,Nrxn2,Nrxn2,0.15972514373860608,0.0,OPCs,Oligodendrocytes,0.0,1.0
Nlgn1,Nlgn1,0.8669950738916257,0.45541186108127185,8.49027,Nrxn1,Nrxn1,0.21778151731874912,0.0,OPCs,Oligodendrocytes,0.0,1.0
Ntrk3,Ntrk3,0.7192118226600985,0.1658477219832024,8.49027,Ptprs,Ptprs,0.12074042911232646,0.0,OPCs,Oligodendrocytes,0.0,1.0
Vegfa,Vegfa,0.2955665024630542,0.0368593044404415,8.49027,Tyro3,Tyro3,0.1047538914598233,0.0,OPCs,Oligodendrocytes,0.0,1.0
Vegfa,Vegfa,0.2955665024630542,0.0368593044404415,8.49027,Itgav,Itgav,0.1841256485766372,0.0,OPCs,Oligodendrocytes,0.0,1.0
Bmp1,Bmp1,0.11330049261083744,0.0,8.49027,Bmpr2,Bmpr2,0.14486046837750666,0.0,OPCs,Oligodendrocytes,0.0,1.0
Bmp1,Bmp1,0.11330049261083744,0.0,8.49027,Bmpr1a,Bmpr1a,0.14275697658112466,0.0,OPCs,Oligodendrocytes,0.0,1.0
Apoe,Apoe,0.8374384236453202,0.2405724520174406,8.49027,Vldlr,Vldlr,0.15453653064086384,0.0,OPCs,Oligodendrocytes,0.0,1.0
Apoe,Apoe,0.8374384236453202,0.2405724520174406,8.49027,Lrp6,Lrp6,0.1072780816154817,0.0,OPCs,Oligodendrocytes,0.0,1.0
Lgi1,Lgi1,0.1625615763546798,0.0,8.49027,Adam23,Adam23,0.14794558967886692,0.0,OPCs,Oligodendrocytes,0.0,1.0
Slit2,Slit2,0.11330049261083744,0.0,8.49027,Robo1,Robo1,0.33894264479035197,0.05884100520985158,OPCs,Oligodendrocytes,0.0,1.0
Slit2,Slit2,0.11330049261083744,0.0,8.49027,Dcc,Dcc,0.2755574253260412,0.04299481292020402,OPCs,Oligodendrocytes,0.0,1.0
Slit2,Slit2,0.11330049261083744,0.0,8.49027,App,App,0.5727106997616043,0.1912491237039715,OPCs,Oligodendrocytes,0.0,1.0
Edil3,Edil3,0.7142857142857143,0.18023484378583188,8.49027,Itgav,Itgav,0.1841256485766372,0.0,OPCs,Oligodendrocytes,0.0,1.0
Ccl25,Ccl25,0.18719211822660098,0.0,8.49027,Grm7,Grm7,0.37498247090169684,0.07721478774672663,OPCs,Oligodendrocytes,0.0,1.0
Lama4,Lama4,0.30049261083743845,0.034918250216104285,8.49027,Itgav,Itgav_Itgb8,0.1841256485766372,0.0,OPCs,Oligodendrocytes,0.0,1.0
Apoe,Apoe,0.8374384236453202,0.2405724520174406,8.49027,Sorl1,Sorl1,0.13209928481278924,0.0,OPCs,Oligodendrocytes,0.0,1.0
Rgma,Rgma,0.2019704433497537,0.0,8.49027,Neo1,Neo1,0.3134202776609171,0.04540604265676218,OPCs,Oligodendrocytes,0.0,1.0
Rgma,Rgma,0.2019704433497537,0.0,8.49027,Bmpr2,Bmpr2,0.14486046837750666,0.0,OPCs,Oligodendrocytes,0.0,1.0
Fgf13,Fgf13,0.13793103448275862,0.0,8.49027,Fgfr2,Fgfr2,0.46038423783480575,0.0679029562249931,OPCs,Oligodendrocytes,0.0,1.0
Fam3c,Fam3c,0.2019704433497537,0.0,8.49027,Lifr,Lifr,0.10377226195484504,0.0,OPCs,Oligodendrocytes,0.0,1.0
Fam3c,Fam3c,0.2019704433497537,0.0,8.49027,Lamp1,Lamp1,0.3883045856121161,0.0532997797068413,OPCs,Oligodendrocytes,0.0,1.0
Il1rapl1,Il1rapl1,0.13168724279835392,0.0,8.49027,Ptprs,Ptprs,0.327319587628866,0.03760428532678295,Microglia,Astrocytes,0.0,1.0
Il1rapl1,Il1rapl1,0.13168724279835392,0.0,8.49027,Ptprf,Ptprf,0.12371134020618557,0.0,Microglia,Astrocytes,0.0,1.0
Sema4d,Sema4d,0.32098765432098764,0.0498183646325443,8.49027,Plxnb1,Plxnb1,0.2036082474226804,0.0,Microglia,Astrocytes,0.0,1.0
Nlgn1,Nlgn1,0.1522633744855967,0.0,8.49027,Nrxn2,Nrxn2,0.13144329896907217,0.0,Microglia,Astrocytes,0.0,1.0
Nlgn1,Nlgn1,0.1522633744855967,0.0,8.49027,Nrxn1,Nrxn1,0.7680412371134021,0.48008748870989715,Microglia,Astrocytes,0.0,1.0
Ntrk3,Ntrk3,0.10699588477366255,0.0,8.49027,Ptprs,Ptprs,0.327319587628866,0.03760428532678295,Microglia,Astrocytes,0.0,1.0
Ntrk3,Ntrk3,0.10699588477366255,0.0,8.49027,Ptprf,Ptprf,0.12371134020618557,0.0,Microglia,Astrocytes,0.0,1.0
Alcam,Alcam,0.1440329218106996,0.0,8.49027,Nrp1,Nrp1,0.17525773195876287,0.0,Microglia,Astrocytes,0.0,1.0
Calr,Calr,0.24691358024691357,0.0,8.49027,Lrp1,Lrp1,0.4742268041237113,0.05117955567463084,Microglia,Astrocytes,0.0,1.0
Calr,Calr,0.24691358024691357,0.0,8.49027,Itgav,Itgav,0.25773195876288657,0.029662390884252543,Microglia,Astrocytes,0.0,1.0
Mif,Mif,0.1522633744855967,0.0,8.49027,Egfr,Egfr,0.3582474226804124,0.04175933524722142,Microglia,Astrocytes,0.0,1.0
Ang,Ang,0.13168724279835392,0.0,8.49027,Egfr,Egfr,0.3582474226804124,0.04175933524722142,Microglia,Astrocytes,0.0,1.0
Trf,Trf,0.4897119341563786,0.060556134109577275,8.49027,Tfrc,Tfrc,0.11855670103092783,0.0,Microglia,Astrocytes,0.0,1.0
Trf,Trf,0.4897119341563786,0.060556134109577275,8.49027,Ldlr,Ldlr,0.10309278350515463,0.0,Microglia,Astrocytes,0.0,1.0
Gas6,Gas6,0.10344827586206896,0.0,8.49027,Tyro3,Tyro3,0.1047538914598233,0.0,OPCs,Oligodendrocytes,0.0,1.0
Nxph1,Nxph1,0.8374384236453202,0.35138865700612953,8.49027,Nrxn2,Nrxn2,0.15972514373860608,0.0,OPCs,Oligodendrocytes,0.0,1.0
Nxph1,Nxph1,0.8374384236453202,0.35138865700612953,8.49027,Nrxn1,Nrxn1,0.21778151731874912,0.0,OPCs,Oligodendrocytes,0.0,1.0
Calr,Calr,0.3694581280788177,0.039838715500413624,8.49027,Itgav,Itgav,0.1841256485766372,0.0,OPCs,Oligodendrocytes,0.0,1.0
Ptn,Ptn,0.8669950738916257,0.27545202362701793,8.49027,Ptprs,Ptprs,0.12074042911232646,0.0,OPCs,Oligodendrocytes,0.0,1.0
Bmp7,Bmp7,0.11330049261083744,0.0,8.49027,Ptprk,Ptprk,0.4104613658673398,0.06631388644650338,OPCs,Oligodendrocytes,0.0,1.0
Bmp7,Bmp7,0.11330049261083744,0.0,8.49027,Bmpr1a,Bmpr1a_Bmpr2,0.14275697658112466,0.0,OPCs,Oligodendrocytes,0.0,1.0
Gnai2,Gnai2,0.21182266009852216,0.0,8.49027,S1pr5,S1pr5,0.10980227177114009,0.0,OPCs,Oligodendrocytes,0.0,1.0
S100a1,S100a1,0.22167487684729065,0.0,8.49027,Trpm3,Trpm3,0.11583228158743514,0.0,OPCs,Oligodendrocytes,0.0,1.0
Adam10,Adam10,0.33004926108374383,0.038064970206242554,8.49027,Tspan14,Tspan14,0.10545505539195064,0.0,OPCs,Oligodendrocytes,0.0,1.0
Ncan,Ncan,0.22167487684729065,0.0,8.49027,Cdh2,Cdh2,0.2778011499088487,0.03839852623896123,OPCs,Oligodendrocytes,0.0,1.0
Lgi1,Lgi1,0.1625615763546798,0.0,8.49027,Adam22,Adam22,0.22717711400925536,0.0,OPCs,Oligodendrocytes,0.0,1.0
Bsg,Bsg,0.5911330049261084,0.12194266129017417,8.49027,Slc16a7,Slc16a7,0.12747160286074885,0.0,OPCs,Oligodendrocytes,0.0,1.0
Nampt,Nampt,0.10344827586206896,0.0,8.49027,Insr,Insr,0.18454634693591362,0.0,OPCs,Oligodendrocytes,0.0,1.0
Lrpap1,Lrpap1,0.2561576354679803,0.026917150986223604,8.49027,Vldlr,Vldlr,0.15453653064086384,0.0,OPCs,Oligodendrocytes,0.0,1.0
Gnai2,Gnai2,0.21182266009852216,0.0,8.49027,Igf1r,Igf1r,0.27036881222829895,0.03485098650818408,OPCs,Oligodendrocytes,0.0,1.0
Lrpap1,Lrpap1,0.2561576354679803,0.026917150986223604,8.49027,Sorl1,Sorl1,0.13209928481278924,0.0,OPCs,Oligodendrocytes,0.0,1.0
Lrpap1,Lrpap1,0.2561576354679803,0.026917150986223604,8.49027,Sort1,Sort1,0.23615201234048522,0.0,OPCs,Oligodendrocytes,0.0,1.0
Agrn,Agrn,0.3054187192118227,0.036506940895809636,8.49027,Atp1a3,Atp1a3,0.18300378628523348,0.0,OPCs,Oligodendrocytes,0.0,1.0
Adam10,Adam10,0.43209876543209874,0.058828840702099594,8.49027,Tspan14,Tspan14,0.2345679012345679,0.0,Microglia,Microglia,0.0,1.0
Col9a3,Col9a3,0.2019704433497537,0.0,8.49027,Mag,Mag,0.47510868040947973,0.07856297534949208,OPCs,Oligodendrocytes,0.0,1.0
Ntn1,Ntn1,0.5369458128078818,0.1135570277715996,8.49027,Dscam,Dscam,0.10910110783901276,0.0,OPCs,Oligodendrocytes,0.0,1.0
Timp3,Timp3,0.2413793103448276,0.0,8.49027,Ddr1,Ddr1,0.2549432057214977,0.020846155993107685,OPCs,Oligodendrocytes,0.0,1.0
Nrg2,Nrg2,0.22167487684729065,0.0,8.49027,Mog,Mog,0.4572991165334455,0.07708438829542708,OPCs,Oligodendrocytes,0.0,1.0
Ptn,Ptn,0.8669950738916257,0.27545202362701793,8.49027,Ncl,Ncl,0.11555181601458421,0.0,OPCs,Oligodendrocytes,0.0,1.0
Mdk,Mdk,0.18719211822660098,0.0,8.49027,Ncl,Ncl,0.11555181601458421,0.0,OPCs,Oligodendrocytes,0.0,1.0
Rims1,Rims1,0.7438423645320197,0.19555595266756942,8.49027,Cacna1c,Cacna1c,0.10447342588697238,0.0,OPCs,Oligodendrocytes,0.0,1.0
Ncam1,Ncam1,0.8275862068965517,0.2684227441308553,8.49027,Cacna1c,Cacna1c,0.10447342588697238,0.0,OPCs,Oligodendrocytes,0.0,1.0
Mdk,Mdk,0.18719211822660098,0.0,8.49027,Sorl1,Sorl1,0.13209928481278924,0.0,OPCs,Oligodendrocytes,0.0,1.0
Psap,Psap,0.5566502463054187,0.11329936696449328,8.49027,Sort1,Sort1,0.23615201234048522,0.0,OPCs,Oligodendrocytes,0.0,1.0
Nrxn2,Nrxn2,0.15972514373860608,0.0,8.49027,Nlgn1,Nlgn1,0.30360398261113447,0.0529812138718877,Oligodendrocytes,Oligodendrocytes,0.0,1.0
Nrxn1,Nrxn1,0.21778151731874912,0.0,8.49027,Nlgn1,Nlgn1,0.30360398261113447,0.0529812138718877,Oligodendrocytes,Oligodendrocytes,0.0,1.0
Itgav,Itgav,0.1841256485766372,0.0,8.49027,Thy1,Thy1,0.11176553078109662,0.0,Oligodendrocytes,Oligodendrocytes,0.0,1.0
App,App,0.5727106997616043,0.1912491237039715,8.49027,Aplp2,Aplp2,0.2465292385359697,0.0,Oligodendrocytes,Oligodendrocytes,0.0,1.0
App,App,0.5727106997616043,0.1912491237039715,8.49027,Vldlr,Vldlr,0.15453653064086384,0.0,Oligodendrocytes,Oligodendrocytes,0.0,1.0
App,App,0.5727106997616043,0.1912491237039715,8.49027,Tspan15,Tspan15,0.1189174028887954,0.0,Oligodendrocytes,Oligodendrocytes,0.0,1.0
App,App,0.5727106997616043,0.1912491237039715,8.49027,Lrp6,Lrp6,0.1072780816154817,0.0,Oligodendrocytes,Oligodendrocytes,0.0,1.0
Adam10,Adam10,0.2507362221287337,0.012589448969097583,8.49027,Tspan15,Tspan15,0.1189174028887954,0.0,Oligodendrocytes,Oligodendrocytes,0.0,1.0
Bmp7,Bmp7,0.11330049261083744,0.0,8.49027,Actr2,Actr2,0.13490394054129856,0.0,OPCs,Oligodendrocytes,0.0,1.0
Ptn,Ptn,0.40316926097321554,0.06133538219136003,8.49027,Ptprs,Ptprs,0.12074042911232646,0.0,Oligodendrocytes,Oligodendrocytes,0.0,1.0
Fgf1,Fgf1,0.1110643668489693,0.0,8.49027,Fgfr2,Fgfr2,0.46038423783480575,0.0679029562249931,Oligodendrocytes,Oligodendrocytes,0.0,1.0
Apoe,Apoe,0.388865516757818,0.06760146387603161,8.49027,Vldlr,Vldlr,0.15453653064086384,0.0,Oligodendrocytes,Oligodendrocytes,0.0,1.0
Apoe,Apoe,0.388865516757818,0.06760146387603161,8.49027,Lrp6,Lrp6,0.1072780816154817,0.0,Oligodendrocytes,Oligodendrocytes,0.0,1.0
Edil3,Edil3,0.5213854999298836,0.21926278282222977,8.49027,Itgav,Itgav,0.1841256485766372,0.0,Oligodendrocytes,Oligodendrocytes,0.0,1.0
Lama2,Lama2,0.12326461926798485,0.0,8.49027,Rpsa,Rpsa,0.35436825129715327,0.05204162104501453,Oligodendrocytes,Oligodendrocytes,0.0,1.0
Lama2,Lama2,0.12326461926798485,0.0,8.49027,Itgav,Itgav_Itgb8,0.1841256485766372,0.0,Oligodendrocytes,Oligodendrocytes,0.0,1.0
Il1rapl1,Il1rapl1,0.41438788388725284,0.07057209248083263,8.49027,Ptprs,Ptprs,0.12074042911232646,0.0,Oligodendrocytes,Oligodendrocytes,0.0,1.0
Il1rapl1,Il1rapl1,0.41438788388725284,0.07057209248083263,8.49027,Ptprf,Ptprf,0.10363202916841957,0.0,Oligodendrocytes,Oligodendrocytes,0.0,1.0
Lrrc4b,Lrrc4b,0.12789230122002523,0.0,8.49027,Ptprs,Ptprs,0.12074042911232646,0.0,Oligodendrocytes,Oligodendrocytes,0.0,1.0
Lrrc4b,Lrrc4b,0.12789230122002523,0.0,8.49027,Ptprf,Ptprf,0.10363202916841957,0.0,Oligodendrocytes,Oligodendrocytes,0.0,1.0
Sema4d,Sema4d,0.18384518300378627,0.0,8.49027,Plxnb3,Plxnb3,0.16238956668068993,0.0,Oligodendrocytes,Oligodendrocytes,0.0,1.0
Nlgn1,Nlgn1,0.30360398261113447,0.0529812138718877,8.49027,Nrxn2,Nrxn2,0.15972514373860608,0.0,Oligodendrocytes,Oligodendrocytes,0.0,1.0
Nlgn1,Nlgn1,0.30360398261113447,0.0529812138718877,8.49027,Nrxn1,Nrxn1,0.21778151731874912,0.0,Oligodendrocytes,Oligodendrocytes,0.0,1.0
App,App,0.8177807940278249,0.2096492676470556,8.49027,Aplp2,Aplp2,0.14814814814814814,0.0,Neurons,Microglia,0.0,1.0
Cntn2,Cntn2,0.286916281026504,0.04029360596025944,8.49027,Cntn1,Cntn1,0.15285373720375825,0.0,Oligodendrocytes,Oligodendrocytes,0.0,1.0
Gnai2,Gnai2,0.10531482260552517,0.0,8.49027,S1pr5,S1pr5,0.10980227177114009,0.0,Oligodendrocytes,Oligodendrocytes,0.0,1.0
Adam10,Adam10,0.2507362221287337,0.012589448969097583,8.49027,Tspan14,Tspan14,0.10545505539195064,0.0,Oligodendrocytes,Oligodendrocytes,0.0,1.0
App,App,0.8177807940278249,0.2096492676470556,8.49027,Aplp1,Aplp1,0.11522633744855967,0.0,Neurons,Microglia,0.0,1.0
App,App,0.8177807940278249,0.2096492676470556,8.49027,Lrp6,Lrp6,0.17695473251028807,0.0,Neurons,Microglia,0.0,1.0
Lgi3,Lgi3,0.21722058617304726,0.0,8.49027,Adam22,Adam22,0.22717711400925536,0.0,Oligodendrocytes,Oligodendrocytes,0.0,1.0
Bsg,Bsg,0.27822184826812507,0.03614569310096272,8.49027,Slc16a7,Slc16a7,0.12747160286074885,0.0,Oligodendrocytes,Oligodendrocytes,0.0,1.0
Gnai2,Gnai2,0.10531482260552517,0.0,8.49027,Igf1r,Igf1r,0.27036881222829895,0.03485098650818408,Oligodendrocytes,Oligodendrocytes,0.0,1.0
Agrn,Agrn,0.11583228158743514,0.0,8.49027,Atp1a3,Atp1a3,0.18300378628523348,0.0,Oligodendrocytes,Oligodendrocytes,0.0,1.0
Cntn1,Cntn1,0.11522633744855967,0.0,8.49027,Notch2,Notch2,0.2345360824742268,0.0,Microglia,Astrocytes,0.0,1.0
Cntn1,Cntn1,0.11522633744855967,0.0,8.49027,Notch1,Notch1,0.22422680412371135,0.0,Microglia,Astrocytes,0.0,1.0
Cntn1,Cntn1,0.11522633744855967,0.0,8.49027,Ptprz1,Ptprz1,0.7164948453608248,0.22067333919537102,Microglia,Astrocytes,0.0,1.0
Cd47,Cd47,0.19753086419753085,0.0,8.49027,Sirpa,Sirpa,0.14690721649484537,0.0,Microglia,Astrocytes,0.0,1.0
Adam17,Adam17,0.26337448559670784,0.034580910215889826,8.49027,Notch1,Notch1,0.22422680412371135,0.0,Microglia,Astrocytes,0.0,1.0
Adam17,Adam17,0.26337448559670784,0.034580910215889826,8.49027,Itgb1,Itgb1,0.13402061855670103,0.0,Microglia,Astrocytes,0.0,1.0
Sirpa,Sirpa,0.6748971193415638,0.2102797668433234,8.49027,Cd47,Cd47,0.1056701030927835,0.0,Microglia,Astrocytes,0.0,1.0
Pdgfb,Pdgfb,0.24279835390946503,0.0,8.49027,Lrp1,Lrp1,0.4742268041237113,0.05117955567463084,Microglia,Astrocytes,0.0,1.0
Pdgfb,Pdgfb,0.24279835390946503,0.0,8.49027,S1pr1,S1pr1,0.3479381443298969,0.04266512422161195,Microglia,Astrocytes,0.0,1.0
Pdgfb,Pdgfb,0.24279835390946503,0.0,8.49027,Itgav,Itgav,0.25773195876288657,0.029662390884252543,Microglia,Astrocytes,0.0,1.0
Lrig2,Lrig2,0.13991769547325103,0.0,8.49027,Egfr,Egfr,0.3582474226804124,0.04175933524722142,Microglia,Astrocytes,0.0,1.0
Edil3,Edil3,0.10699588477366255,0.0,8.49027,Itgb5,Itgb5,0.17525773195876287,0.0,Microglia,Astrocytes,0.0,1.0
Edil3,Edil3,0.10699588477366255,0.0,8.49027,Itgav,Itgav,0.25773195876288657,0.029662390884252543,Microglia,Astrocytes,0.0,1.0
Tnfsf13b,Tnfsf13b,0.10699588477366255,0.0,8.49027,Tfrc,Tfrc,0.11855670103092783,0.0,Microglia,Astrocytes,0.0,1.0
Cklf,Cklf,0.12345679012345678,0.0,8.49027,Lrp6,Lrp6,0.24742268041237114,0.0,Microglia,Astrocytes,0.0,1.0
Arf1,Arf1,0.10138830458561211,0.0,8.49027,Insr,Insr,0.18454634693591362,0.0,Oligodendrocytes,Oligodendrocytes,0.0,1.0
Apoe,Apoe,0.388865516757818,0.06760146387603161,8.49027,Sorl1,Sorl1,0.13209928481278924,0.0,Oligodendrocytes,Oligodendrocytes,0.0,1.0
App,App,0.8177807940278249,0.2096492676470556,8.49027,Tnfrsf21,Tnfrsf21,0.18518518518518517,0.0,Neurons,Microglia,0.0,1.0
Rgma,Rgma,0.10068714065348479,0.0,8.49027,Neo1,Neo1,0.3134202776609171,0.04540604265676218,Oligodendrocytes,Oligodendrocytes,0.0,1.0
Rgma,Rgma,0.10068714065348479,0.0,8.49027,Bmpr2,Bmpr2,0.14486046837750666,0.0,Oligodendrocytes,Oligodendrocytes,0.0,1.0
Lgi3,Lgi3,0.21722058617304726,0.0,8.49027,Adam23,Adam23,0.14794558967886692,0.0,Oligodendrocytes,Oligodendrocytes,0.0,1.0
Il18,Il18,0.17010236993409059,0.0,8.49027,Il1rapl1,Il1rapl1,0.41438788388725284,0.07057209248083263,Oligodendrocytes,Oligodendrocytes,0.0,1.0
Calr,Calr,0.15355490113588557,0.0,8.49027,Itgav,Itgav,0.1841256485766372,0.0,Oligodendrocytes,Oligodendrocytes,0.0,1.0
App,App,0.5064102564102564,0.11599158612409188,8.49027,Tspan15,Tspan15,0.1189174028887954,0.0,Pericytes,Oligodendrocytes,0.0,1.0
App,App,0.5064102564102564,0.11599158612409188,8.49027,Lrp6,Lrp6,0.1072780816154817,0.0,Pericytes,Oligodendrocytes,0.0,1.0
H2-K1,H2-K1,0.1987179487179487,0.0,8.49027,Aplp2,Aplp2,0.2465292385359697,0.0,Pericytes,Oligodendrocytes,0.0,1.0
Adam10,Adam10,0.2692307692307692,0.02740543592451755,8.49027,Tspan15,Tspan15,0.1189174028887954,0.0,Pericytes,Oligodendrocytes,0.0,1.0
Ptn,Ptn,0.40316926097321554,0.06133538219136003,8.49027,Ncl,Ncl,0.11555181601458421,0.0,Oligodendrocytes,Oligodendrocytes,0.0,1.0
Fgf12,Fgf12,0.17935773383817136,0.0,8.49027,Fgfr2,Fgfr2,0.46038423783480575,0.0679029562249931,Oligodendrocytes,Oligodendrocytes,0.0,1.0
Rims1,Rims1,0.11078390127611835,0.0,8.49027,Cacna1c,Cacna1c,0.10447342588697238,0.0,Oligodendrocytes,Oligodendrocytes,0.0,1.0
Ncam1,Ncam1,0.5330248212031973,0.17965692523993804,8.49027,Cacna1c,Cacna1c,0.10447342588697238,0.0,Oligodendrocytes,Oligodendrocytes,0.0,1.0
Psap,Psap,0.28705651381292946,0.03895458342162339,8.49027,Sort1,Sort1,0.23615201234048522,0.0,Oligodendrocytes,Oligodendrocytes,0.0,1.0
Dscam,Dscam,0.10910110783901276,0.0,8.49027,Dcc,Dcc,0.2755574253260412,0.04299481292020402,Oligodendrocytes,Oligodendrocytes,0.0,1.0
Fgf14,Fgf14,0.13462347496844762,0.0,8.49027,Fgfr2,Fgfr2,0.46038423783480575,0.0679029562249931,Oligodendrocytes,Oligodendrocytes,0.0,1.0
Sptan1,Sptan1,0.14612256345533586,0.0,8.49027,Ptpra,Ptpra,0.28172766792876175,0.036940884392732354,Oligodendrocytes,Oligodendrocytes,0.0,1.0
Nlgn1,Nlgn1,0.21794871794871795,0.0,8.49027,Nrxn2,Nrxn2,0.15972514373860608,0.0,Pericytes,Oligodendrocytes,0.0,1.0
Nlgn1,Nlgn1,0.21794871794871795,0.0,8.49027,Nrxn1,Nrxn1,0.21778151731874912,0.0,Pericytes,Oligodendrocytes,0.0,1.0
Ntrk3,Ntrk3,0.21794871794871795,0.0,8.49027,Ptprs,Ptprs,0.12074042911232646,0.0,Pericytes,Oligodendrocytes,0.0,1.0
Ntrk3,Ntrk3,0.21794871794871795,0.0,8.49027,Ptprf,Ptprf,0.10363202916841957,0.0,Pericytes,Oligodendrocytes,0.0,1.0
Sema5a,Sema5a,0.14102564102564102,0.0,8.49027,Plxnb3,Plxnb3,0.16238956668068993,0.0,Pericytes,Oligodendrocytes,0.0,1.0
Nrxn2,Nrxn2,0.14743589743589744,0.0,8.49027,Nlgn1,Nlgn1,0.30360398261113447,0.0529812138718877,Pericytes,Oligodendrocytes,0.0,1.0
Nrxn1,Nrxn1,0.23717948717948717,0.0,8.49027,Nlgn1,Nlgn1,0.30360398261113447,0.0529812138718877,Pericytes,Oligodendrocytes,0.0,1.0
Efna5,Efna5,0.11538461538461539,0.0,8.49027,Ephb1,Ephb1,0.27990464170523066,0.04204976001778382,Pericytes,Oligodendrocytes,0.0,1.0
Ncam1,Ncam1,0.22435897435897437,0.0,8.49027,Robo1,Robo1,0.33894264479035197,0.05884100520985158,Pericytes,Oligodendrocytes,0.0,1.0
Ncam1,Ncam1,0.22435897435897437,0.0,8.49027,Fgfr2,Fgfr2,0.46038423783480575,0.0679029562249931,Pericytes,Oligodendrocytes,0.0,1.0
Ncam1,Ncam1,0.22435897435897437,0.0,8.49027,Ncam2,Ncam2,0.4891319590520264,0.08311126566751259,Pericytes,Oligodendrocytes,0.0,1.0
Itgav,Itgav,0.21794871794871795,0.0,8.49027,Thy1,Thy1,0.11176553078109662,0.0,Pericytes,Oligodendrocytes,0.0,1.0
App,App,0.5064102564102564,0.11599158612409188,8.49027,Aplp2,Aplp2,0.2465292385359697,0.0,Pericytes,Oligodendrocytes,0.0,1.0
App,App,0.5064102564102564,0.11599158612409188,8.49027,Vldlr,Vldlr,0.15453653064086384,0.0,Pericytes,Oligodendrocytes,0.0,1.0
Col4a4,Col4a4,0.11538461538461539,0.0,8.49027,Cd47,Cd47,0.1771140092553639,0.0,Pericytes,Oligodendrocytes,0.0,1.0
Col4a4,Col4a4,0.11538461538461539,0.0,8.49027,Itgav,Itgav_Itgb8,0.1841256485766372,0.0,Pericytes,Oligodendrocytes,0.0,1.0
Col4a5,Col4a5,0.16025641025641027,0.0,8.49027,Cd47,Cd47,0.1771140092553639,0.0,Pericytes,Oligodendrocytes,0.0,1.0
Col4a5,Col4a5,0.16025641025641027,0.0,8.49027,Itgav,Itgav_Itgb8,0.1841256485766372,0.0,Pericytes,Oligodendrocytes,0.0,1.0
Lama2,Lama2,0.5897435897435898,0.1839208897145983,8.49027,Itgav,Itgav_Itgb8,0.1841256485766372,0.0,Pericytes,Oligodendrocytes,0.0,1.0
Lamc1,Lamc1,0.358974358974359,0.058983835942121754,8.49027,Itgav,Itgav_Itgb8,0.1841256485766372,0.0,Pericytes,Oligodendrocytes,0.0,1.0
Col4a2,Col4a2,0.14743589743589744,0.0,8.49027,Itgav,Itgav_Itgb8,0.1841256485766372,0.0,Pericytes,Oligodendrocytes,0.0,1.0
Col1a2,Col1a2,0.21794871794871795,0.0,8.49027,Itgav,Itgav_Itgb8,0.1841256485766372,0.0,Pericytes,Oligodendrocytes,0.0,1.0
Vtn,Vtn,0.6217948717948718,0.2921541946454558,8.49027,Cd47,Cd47,0.1771140092553639,0.0,Pericytes,Oligodendrocytes,0.0,1.0
Vtn,Vtn,0.6217948717948718,0.2921541946454558,8.49027,Itgav,Itgav_Itgb8,0.1841256485766372,0.0,Pericytes,Oligodendrocytes,0.0,1.0
Fn1,Fn1,0.1346153846153846,0.0,8.49027,Itgav,Itgav_Itgb8,0.1841256485766372,0.0,Pericytes,Oligodendrocytes,0.0,1.0
Col4a1,Col4a1,0.1346153846153846,0.0,8.49027,Cd47,Cd47,0.1771140092553639,0.0,Pericytes,Oligodendrocytes,0.0,1.0
Col4a1,Col4a1,0.1346153846153846,0.0,8.49027,Itgav,Itgav_Itgb8,0.1841256485766372,0.0,Pericytes,Oligodendrocytes,0.0,1.0
Il1rapl1,Il1rapl1,0.1794871794871795,0.0,8.49027,Ptprs,Ptprs,0.12074042911232646,0.0,Pericytes,Oligodendrocytes,0.0,1.0
Il1rapl1,Il1rapl1,0.1794871794871795,0.0,8.49027,Ptprf,Ptprf,0.10363202916841957,0.0,Pericytes,Oligodendrocytes,0.0,1.0
Dcn,Dcn,0.16666666666666666,0.0,8.49027,Erbb4,Erbb4,0.4211190576356752,0.07943927272007212,Pericytes,Oligodendrocytes,0.0,1.0
Fgf1,Fgf1,0.10256410256410256,0.0,8.49027,Fgfr2,Fgfr2,0.46038423783480575,0.0679029562249931,Pericytes,Oligodendrocytes,0.0,1.0
Apoe,Apoe,0.5064102564102564,0.1292165735829045,8.49027,Vldlr,Vldlr,0.15453653064086384,0.0,Pericytes,Oligodendrocytes,0.0,1.0
Apoe,Apoe,0.5064102564102564,0.1292165735829045,8.49027,Lrp6,Lrp6,0.1072780816154817,0.0,Pericytes,Oligodendrocytes,0.0,1.0
Lgi1,Lgi1,0.15384615384615385,0.0,8.49027,Adam23,Adam23,0.14794558967886692,0.0,Pericytes,Oligodendrocytes,0.0,1.0
Ntn1,Ntn1,0.20512820512820512,0.0,8.49027,Neo1,Neo1,0.3134202776609171,0.04540604265676218,Pericytes,Oligodendrocytes,0.0,1.0
Ntn1,Ntn1,0.20512820512820512,0.0,8.49027,Dcc,Dcc,0.2755574253260412,0.04299481292020402,Pericytes,Oligodendrocytes,0.0,1.0
Ntn1,Ntn1,0.20512820512820512,0.0,8.49027,Unc5c,Unc5c,0.4442574673958772,0.07688573351207229,Pericytes,Oligodendrocytes,0.0,1.0
Lamc3,Lamc3,0.16025641025641027,0.0,8.49027,Itgav,Itgav_Itgb8,0.1841256485766372,0.0,Pericytes,Oligodendrocytes,0.0,1.0
Lama4,Lama4,0.28846153846153844,0.04737419015857269,8.49027,Itgav,Itgav_Itgb8,0.1841256485766372,0.0,Pericytes,Oligodendrocytes,0.0,1.0
Col4a6,Col4a6,0.1346153846153846,0.0,8.49027,Cd47,Cd47,0.1771140092553639,0.0,Pericytes,Oligodendrocytes,0.0,1.0
Col4a6,Col4a6,0.1346153846153846,0.0,8.49027,Itgav,Itgav_Itgb8,0.1841256485766372,0.0,Pericytes,Oligodendrocytes,0.0,1.0
Col4a3,Col4a3,0.1346153846153846,0.0,8.49027,Cd47,Cd47,0.1771140092553639,0.0,Pericytes,Oligodendrocytes,0.0,1.0
Col4a3,Col4a3,0.1346153846153846,0.0,8.49027,Itgav,Itgav_Itgb8,0.1841256485766372,0.0,Pericytes,Oligodendrocytes,0.0,1.0
Lamb2,Lamb2,0.14102564102564102,0.0,8.49027,Rpsa,Rpsa,0.35436825129715327,0.05204162104501453,Pericytes,Oligodendrocytes,0.0,1.0
Lamb2,Lamb2,0.14102564102564102,0.0,8.49027,Itgav,Itgav_Itgb8,0.1841256485766372,0.0,Pericytes,Oligodendrocytes,0.0,1.0
Thy1,Thy1,0.6084153376314897,0.08201140531937545,8.49027,Itgb2,Itgam_Itgb2,0.15637860082304528,0.0,Neurons,Microglia,0.0,1.0
Spon1,Spon1,0.11538461538461539,0.0,8.49027,App,App,0.5727106997616043,0.1912491237039715,Pericytes,Oligodendrocytes,0.0,1.0
Rgma,Rgma,0.24358974358974358,0.0,8.49027,Neo1,Neo1,0.3134202776609171,0.04540604265676218,Pericytes,Oligodendrocytes,0.0,1.0
Rgma,Rgma,0.24358974358974358,0.0,8.49027,Bmpr2,Bmpr2,0.14486046837750666,0.0,Pericytes,Oligodendrocytes,0.0,1.0
Il18,Il18,0.16025641025641027,0.0,8.49027,Il1rapl1,Il1rapl1,0.41438788388725284,0.07057209248083263,Pericytes,Oligodendrocytes,0.0,1.0
Mfge8,Mfge8,0.25,0.0047799038794844595,8.49027,Itgav,Itgav,0.1841256485766372,0.0,Pericytes,Oligodendrocytes,0.0,1.0
Cxcl12,Cxcl12,0.1346153846153846,0.0,8.49027,Grm7,Grm7,0.37498247090169684,0.07721478774672663,Pericytes,Oligodendrocytes,0.0,1.0
Cxcl12,Cxcl12,0.1346153846153846,0.0,8.49027,Itgav,Itgav,0.1841256485766372,0.0,Pericytes,Oligodendrocytes,0.0,1.0
Calr,Calr,0.22435897435897437,0.0,8.49027,Itgav,Itgav,0.1841256485766372,0.0,Pericytes,Oligodendrocytes,0.0,1.0
Bmp6,Bmp6,0.1282051282051282,0.0,8.49027,Bmpr1a,Bmpr1a_Bmpr2,0.14275697658112466,0.0,Pericytes,Oligodendrocytes,0.0,1.0
Bmp5,Bmp5,0.19230769230769232,0.0,8.49027,Bmpr1a,Bmpr1a_Bmpr2,0.14275697658112466,0.0,Pericytes,Oligodendrocytes,0.0,1.0
Ptn,Ptn,0.75,0.28153483474312335,8.49027,Ptprs,Ptprs,0.12074042911232646,0.0,Pericytes,Oligodendrocytes,0.0,1.0
Vegfa,Vegfa,0.11538461538461539,0.0,8.49027,Tyro3,Tyro3,0.1047538914598233,0.0,Pericytes,Oligodendrocytes,0.0,1.0
Vegfa,Vegfa,0.11538461538461539,0.0,8.49027,Itgav,Itgav,0.1841256485766372,0.0,Pericytes,Oligodendrocytes,0.0,1.0
Nid1,Nid1,0.27564102564102566,0.03747312680037118,8.49027,Ptprf,Ptprf,0.10363202916841957,0.0,Pericytes,Oligodendrocytes,0.0,1.0
Nid1,Nid1,0.27564102564102566,0.03747312680037118,8.49027,Itgav,Itgav,0.1841256485766372,0.0,Pericytes,Oligodendrocytes,0.0,1.0
Lgi1,Lgi1,0.15384615384615385,0.0,8.49027,Adam22,Adam22,0.22717711400925536,0.0,Pericytes,Oligodendrocytes,0.0,1.0
Bsg,Bsg,0.41025641025641024,0.05644310009352904,8.49027,Slc16a7,Slc16a7,0.12747160286074885,0.0,Pericytes,Oligodendrocytes,0.0,1.0
Lrpap1,Lrpap1,0.16666666666666666,0.0,8.49027,Vldlr,Vldlr,0.15453653064086384,0.0,Pericytes,Oligodendrocytes,0.0,1.0
Gnai2,Gnai2,0.22435897435897437,0.0,8.49027,Igf1r,Igf1r,0.27036881222829895,0.03485098650818408,Pericytes,Oligodendrocytes,0.0,1.0
Gpc3,Gpc3,0.15384615384615385,0.0,8.49027,Igf1r,Igf1r,0.27036881222829895,0.03485098650818408,Pericytes,Oligodendrocytes,0.0,1.0
Gpc3,Gpc3,0.15384615384615385,0.0,8.49027,Cd81,Cd81,0.5508343850792315,0.17002021659052602,Pericytes,Oligodendrocytes,0.0,1.0
Lrpap1,Lrpap1,0.16666666666666666,0.0,8.49027,Sorl1,Sorl1,0.13209928481278924,0.0,Pericytes,Oligodendrocytes,0.0,1.0
Lrpap1,Lrpap1,0.16666666666666666,0.0,8.49027,Sort1,Sort1,0.23615201234048522,0.0,Pericytes,Oligodendrocytes,0.0,1.0
Agrn,Agrn,0.20512820512820512,0.0,8.49027,Atp1a3,Atp1a3,0.18300378628523348,0.0,Pericytes,Oligodendrocytes,0.0,1.0
Col5a2,Col5a2,0.12179487179487179,0.0,8.49027,Ddr1,Ddr1,0.2549432057214977,0.020846155993107685,Pericytes,Oligodendrocytes,0.0,1.0
Fn1,Fn1,0.1346153846153846,0.0,8.49027,Mag,Mag,0.47510868040947973,0.07856297534949208,Pericytes,Oligodendrocytes,0.0,1.0
Arf1,Arf1,0.1346153846153846,0.0,8.49027,Insr,Insr,0.18454634693591362,0.0,Pericytes,Oligodendrocytes,0.0,1.0
Fstl1,Fstl1,0.21794871794871795,0.0,8.49027,Dip2a,Dip2a,0.33613798906184267,0.04945437714694556,Pericytes,Oligodendrocytes,0.0,1.0
Tfpi,Tfpi,0.16025641025641027,0.0,8.49027,Vldlr,Vldlr,0.15453653064086384,0.0,Pericytes,Oligodendrocytes,0.0,1.0
Apoe,Apoe,0.5064102564102564,0.1292165735829045,8.49027,Sorl1,Sorl1,0.13209928481278924,0.0,Pericytes,Oligodendrocytes,0.0,1.0
Pros1,Pros1,0.1282051282051282,0.0,8.49027,Tyro3,Tyro3,0.1047538914598233,0.0,Pericytes,Oligodendrocytes,0.0,1.0
Adam10,Adam10,0.26804123711340205,0.03152876922964609,8.49027,Epha3,Epha3,0.10256410256410256,0.0,Astrocytes,Pericytes,0.0,1.0
Ntn1,Ntn1,0.20512820512820512,0.0,8.49027,Dscam,Dscam,0.10910110783901276,0.0,Pericytes,Oligodendrocytes,0.0,1.0
Gpc3,Gpc3,0.15384615384615385,0.0,8.49027,Unc5c,Unc5c,0.4442574673958772,0.07688573351207229,Pericytes,Oligodendrocytes,0.0,1.0
L1cam,L1cam,0.2829996606718697,0.014172529513320431,8.49027,Cntn1,Cntn1,0.11522633744855967,0.0,Neurons,Microglia,0.0,1.0
Ptn,Ptn,0.75,0.28153483474312335,8.49027,Ncl,Ncl,0.11555181601458421,0.0,Pericytes,Oligodendrocytes,0.0,1.0
Fgf12,Fgf12,0.15384615384615385,0.0,8.49027,Fgfr2,Fgfr2,0.46038423783480575,0.0679029562249931,Pericytes,Oligodendrocytes,0.0,1.0
Ncam1,Ncam1,0.22435897435897437,0.0,8.49027,Ptpra,Ptpra,0.28172766792876175,0.036940884392732354,Pericytes,Oligodendrocytes,0.0,1.0
Ncam1,Ncam1,0.22435897435897437,0.0,8.49027,Cacna1c,Cacna1c,0.10447342588697238,0.0,Pericytes,Oligodendrocytes,0.0,1.0
Psap,Psap,0.32051282051282054,0.039277326363552856,8.49027,Sort1,Sort1,0.23615201234048522,0.0,Pericytes,Oligodendrocytes,0.0,1.0
Fgf14,Fgf14,0.22435897435897437,0.0,8.49027,Fgfr2,Fgfr2,0.46038423783480575,0.0679029562249931,Pericytes,Oligodendrocytes,0.0,1.0
Ncam1,Ncam1,0.7502544960977265,0.17369001611803242,8.49027,Robo1,Robo1,0.13168724279835392,0.0,Neurons,Microglia,0.0,1.0
Gnai2,Gnai2,0.22435897435897437,0.0,8.49027,S1pr5,S1pr5,0.10980227177114009,0.0,Pericytes,Oligodendrocytes,0.0,1.0
Adam10,Adam10,0.2692307692307692,0.02740543592451755,8.49027,Tspan14,Tspan14,0.10545505539195064,0.0,Pericytes,Oligodendrocytes,0.0,1.0
Ncam1,Ncam1,0.7502544960977265,0.17369001611803242,8.49027,Ncam2,Ncam2,0.10699588477366255,0.0,Neurons,Microglia,0.0,1.0
Ncam1,Ncam1,0.7139175257731959,0.21342884216016822,8.49027,Fgfr1,Fgfr1,0.1987179487179487,0.0,Astrocytes,Pericytes,0.0,1.0
Ncam1,Ncam1,0.7139175257731959,0.21342884216016822,8.49027,Ncam2,Ncam2,0.17307692307692307,0.0,Astrocytes,Pericytes,0.0,1.0
App,App,0.24742268041237114,0.0,8.49027,Grm7,Grm7,0.47435897435897434,0.11845025059604364,Astrocytes,Pericytes,0.0,1.0
App,App,0.24742268041237114,0.0,8.49027,Lrp1,Lrp1,0.4551282051282051,0.05665531204614227,Astrocytes,Pericytes,0.0,1.0
App,App,0.24742268041237114,0.0,8.49027,Aplp2,Aplp2,0.30128205128205127,0.04284033981855384,Astrocytes,Pericytes,0.0,1.0
App,App,0.24742268041237114,0.0,8.49027,Notch2,Notch2,0.1794871794871795,0.0,Astrocytes,Pericytes,0.0,1.0
App,App,0.24742268041237114,0.0,8.49027,Aplp1,Aplp1,0.12179487179487179,0.0,Astrocytes,Pericytes,0.0,1.0
App,App,0.24742268041237114,0.0,8.49027,Rpsa,Rpsa,0.3141025641025641,0.04542483174026224,Astrocytes,Pericytes,0.0,1.0
App,App,0.24742268041237114,0.0,8.49027,Lrp6,Lrp6,0.20512820512820512,0.0,Astrocytes,Pericytes,0.0,1.0
App,App,0.24742268041237114,0.0,8.49027,Tnfrsf21,Tnfrsf21,0.1346153846153846,0.0,Astrocytes,Pericytes,0.0,1.0
H2-K1,H2-K1,0.19329896907216496,0.0,8.49027,Aplp2,Aplp2,0.30128205128205127,0.04284033981855384,Astrocytes,Pericytes,0.0,1.0
Adam10,Adam10,0.26804123711340205,0.03152876922964609,8.49027,Nrcam,Nrcam,0.16025641025641027,0.0,Astrocytes,Pericytes,0.0,1.0
Adam10,Adam10,0.26804123711340205,0.03152876922964609,8.49027,Notch2,Notch2,0.1794871794871795,0.0,Astrocytes,Pericytes,0.0,1.0
Adam10,Adam10,0.26804123711340205,0.03152876922964609,8.49027,Notch1,Notch1,0.19230769230769232,0.0,Astrocytes,Pericytes,0.0,1.0
Adam10,Adam10,0.26804123711340205,0.03152876922964609,8.49027,Axl,Axl,0.16025641025641027,0.0,Astrocytes,Pericytes,0.0,1.0
Alcam,Alcam,0.5103092783505154,0.11459767499572338,8.49027,Nrp1,Nrp1,0.1794871794871795,0.0,Astrocytes,Pericytes,0.0,1.0
Alcam,Alcam,0.5103092783505154,0.11459767499572338,8.49027,Chl1,Chl1,0.14743589743589744,0.0,Astrocytes,Pericytes,0.0,1.0
Cntn1,Cntn1,0.6804123711340206,0.20883643597620427,8.49027,Nrcam,Nrcam,0.16025641025641027,0.0,Astrocytes,Pericytes,0.0,1.0
Cntn1,Cntn1,0.6804123711340206,0.20883643597620427,8.49027,Notch2,Notch2,0.1794871794871795,0.0,Astrocytes,Pericytes,0.0,1.0
Cntn1,Cntn1,0.6804123711340206,0.20883643597620427,8.49027,Notch1,Notch1,0.19230769230769232,0.0,Astrocytes,Pericytes,0.0,1.0
Cntn1,Cntn1,0.6804123711340206,0.20883643597620427,8.49027,Ptprz1,Ptprz1,0.16025641025641027,0.0,Astrocytes,Pericytes,0.0,1.0
Sirpa,Sirpa,0.14690721649484537,0.0,8.49027,Cd47,Cd47,0.17307692307692307,0.0,Astrocytes,Pericytes,0.0,1.0
B2m,B2m,0.22938144329896906,0.0,8.49027,Tfrc,Tfrc,0.11538461538461539,0.0,Astrocytes,Pericytes,0.0,1.0
Nrxn2,Nrxn2,0.13144329896907217,0.0,8.49027,Nlgn1,Nlgn1,0.21794871794871795,0.0,Astrocytes,Pericytes,0.0,1.0
Nrxn1,Nrxn1,0.7680412371134021,0.48008748870989715,8.49027,Nlgn1,Nlgn1,0.21794871794871795,0.0,Astrocytes,Pericytes,0.0,1.0
Jam2,Jam2,0.3247422680412371,0.03782534204015453,8.49027,Itga4,Itga4_Itgb1,0.14743589743589744,0.0,Astrocytes,Pericytes,0.0,1.0
Jam2,Jam2,0.3247422680412371,0.03782534204015453,8.49027,Itgav,Itgav_Itgb1,0.21794871794871795,0.0,Astrocytes,Pericytes,0.0,1.0
Sdc2,Sdc2,0.3427835051546392,0.04035273484009849,8.49027,Ptprj,Ptprj,0.14743589743589744,0.0,Astrocytes,Pericytes,0.0,1.0
St6gal1,St6gal1,0.11855670103092783,0.0,8.49027,Egfr,Egfr,0.1282051282051282,0.0,Astrocytes,Pericytes,0.0,1.0
Ncam1,Ncam1,0.7139175257731959,0.21342884216016822,8.49027,Robo1,Robo1,0.23076923076923078,0.0,Astrocytes,Pericytes,0.0,1.0
Ncam1,Ncam1,0.7139175257731959,0.21342884216016822,8.49027,Ptprz1,Ptprz1,0.16025641025641027,0.0,Astrocytes,Pericytes,0.0,1.0
Lama2,Lama2,0.5335051546391752,0.14358747136163275,8.49027,Itgav,Itgav_Itgb8,0.21794871794871795,0.0,Astrocytes,Pericytes,0.0,1.0
Lama2,Lama2,0.5335051546391752,0.14358747136163275,8.49027,Itga6,Itga6_Itgb1,0.10897435897435898,0.0,Astrocytes,Pericytes,0.0,1.0
Col1a2,Col1a2,0.11855670103092783,0.0,8.49027,Itgav,Itgav_Itgb8,0.21794871794871795,0.0,Astrocytes,Pericytes,0.0,1.0
Col1a2,Col1a2,0.11855670103092783,0.0,8.49027,Itgb1,Itga1_Itgb1,0.27564102564102566,0.025161917033040437,Astrocytes,Pericytes,0.0,1.0
Agrn,Agrn,0.21649484536082475,0.0,8.49027,Dag1,Dag1,0.23076923076923078,0.0,Astrocytes,Pericytes,0.0,1.0
Agrn,Agrn,0.21649484536082475,0.0,8.49027,Lrp1,Lrp1,0.4551282051282051,0.05665531204614227,Astrocytes,Pericytes,0.0,1.0
Agrn,Agrn,0.21649484536082475,0.0,8.49027,Itgb1,Itgb1,0.27564102564102566,0.025161917033040437,Astrocytes,Pericytes,0.0,1.0
Il1rapl1,Il1rapl1,0.654639175257732,0.2154718757125864,8.49027,Ptprs,Ptprs,0.17307692307692307,0.0,Astrocytes,Pericytes,0.0,1.0
Lrrc4b,Lrrc4b,0.18041237113402062,0.0,8.49027,Ptprs,Ptprs,0.17307692307692307,0.0,Astrocytes,Pericytes,0.0,1.0
Sema4b,Sema4b,0.1958762886597938,0.0,8.49027,Dcbld2,Dcbld2,0.20512820512820512,0.0,Astrocytes,Pericytes,0.0,1.0
Sema4a,Sema4a,0.14948453608247422,0.0,8.49027,Plxnb1,Plxnb1,0.1346153846153846,0.0,Astrocytes,Pericytes,0.0,1.0
Sema4a,Sema4a,0.14948453608247422,0.0,8.49027,Nrp1,Nrp1_Plxna2,0.1794871794871795,0.0,Astrocytes,Pericytes,0.0,1.0
Slitrk2,Slitrk2,0.2190721649484536,0.0,8.49027,Ptprs,Ptprs,0.17307692307692307,0.0,Astrocytes,Pericytes,0.0,1.0
Nlgn1,Nlgn1,0.7087628865979382,0.2577157641444432,8.49027,Nrxn2,Nrxn2,0.14743589743589744,0.0,Astrocytes,Pericytes,0.0,1.0
Nlgn1,Nlgn1,0.7087628865979382,0.2577157641444432,8.49027,Nrxn1,Nrxn1,0.23717948717948717,0.0,Astrocytes,Pericytes,0.0,1.0
Ntrk3,Ntrk3,0.49226804123711343,0.05101124020209047,8.49027,Ptprs,Ptprs,0.17307692307692307,0.0,Astrocytes,Pericytes,0.0,1.0
Fgf1,Fgf1,0.30412371134020616,0.036871358377714714,8.49027,Nrp1,Nrp1,0.1794871794871795,0.0,Astrocytes,Pericytes,0.0,1.0
Trf,Trf,0.10824742268041238,0.0,8.49027,Tfrc,Tfrc,0.11538461538461539,0.0,Astrocytes,Pericytes,0.0,1.0
Trf,Trf,0.10824742268041238,0.0,8.49027,Ldlr,Ldlr,0.10897435897435898,0.0,Astrocytes,Pericytes,0.0,1.0
Apoe,Apoe,0.8582474226804123,0.39041901806253865,8.49027,Ldlr,Ldlr,0.10897435897435898,0.0,Astrocytes,Pericytes,0.0,1.0
Apoe,Apoe,0.8582474226804123,0.39041901806253865,8.49027,Lrp6,Lrp6,0.20512820512820512,0.0,Astrocytes,Pericytes,0.0,1.0
Ncam1,Ncam1,0.1111111111111111,0.0,8.49027,Ncam2,Ncam2,0.5592783505154639,0.15204475981571308,Microglia,Astrocytes,0.0,1.0
Cd14,Cd14,0.2757201646090535,0.04966462778987579,8.49027,Itgb1,Itgb1,0.13402061855670103,0.0,Microglia,Astrocytes,0.0,1.0
Icam1,Icam1,0.12345679012345678,0.0,8.49027,Egfr,Egfr,0.3582474226804124,0.04175933524722142,Microglia,Astrocytes,0.0,1.0
App,App,0.29218106995884774,0.047175932024871914,8.49027,Grm7,Grm7,0.11082474226804123,0.0,Microglia,Astrocytes,0.0,1.0
App,App,0.29218106995884774,0.047175932024871914,8.49027,Aplp2,Aplp2,0.20876288659793815,0.0,Microglia,Astrocytes,0.0,1.0
App,App,0.29218106995884774,0.047175932024871914,8.49027,Notch2,Notch2,0.2345360824742268,0.0,Microglia,Astrocytes,0.0,1.0
Alcam,Alcam,0.1440329218106996,0.0,8.49027,Chl1,Chl1,0.4742268041237113,0.05560789808422628,Microglia,Astrocytes,0.0,1.0
Adam15,Adam15,0.1522633744855967,0.0,8.49027,Itgav,Itgav,0.25773195876288657,0.029662390884252543,Microglia,Astrocytes,0.0,1.0
Adam15,Adam15,0.1522633744855967,0.0,8.49027,Itgb1,Itgb1,0.13402061855670103,0.0,Microglia,Astrocytes,0.0,1.0
Adam9,Adam9,0.11522633744855967,0.0,8.49027,Itga6,Itga6,0.45103092783505155,0.051718915837454804,Microglia,Astrocytes,0.0,1.0
Adam9,Adam9,0.11522633744855967,0.0,8.49027,Itgb5,Itgb5,0.17525773195876287,0.0,Microglia,Astrocytes,0.0,1.0
Adam9,Adam9,0.11522633744855967,0.0,8.49027,Itgav,Itgav,0.25773195876288657,0.029662390884252543,Microglia,Astrocytes,0.0,1.0
Adam9,Adam9,0.11522633744855967,0.0,8.49027,Itgb1,Itgb1,0.13402061855670103,0.0,Microglia,Astrocytes,0.0,1.0
Cntn1,Cntn1,0.11522633744855967,0.0,8.49027,Nrcam,Nrcam,0.6597938144329897,0.1882137973283926,Microglia,Astrocytes,0.0,1.0
Lrig2,Lrig2,0.12371134020618557,0.0,8.49027,Egfr,Egfr,0.1282051282051282,0.0,Astrocytes,Pericytes,0.0,1.0
Ccl25,Ccl25,0.10309278350515463,0.0,8.49027,Grm7,Grm7,0.47435897435897434,0.11845025059604364,Astrocytes,Pericytes,0.0,1.0
Col4a5,Col4a5,0.12628865979381443,0.0,8.49027,Cd47,Cd47,0.17307692307692307,0.0,Astrocytes,Pericytes,0.0,1.0
Col4a5,Col4a5,0.12628865979381443,0.0,8.49027,Itgav,Itgav_Itgb8,0.21794871794871795,0.0,Astrocytes,Pericytes,0.0,1.0
Col4a5,Col4a5,0.12628865979381443,0.0,8.49027,Itgb1,Itga1_Itgb1,0.27564102564102566,0.025161917033040437,Astrocytes,Pericytes,0.0,1.0
Lama2,Lama2,0.5335051546391752,0.14358747136163275,8.49027,Dag1,Dag1,0.23076923076923078,0.0,Astrocytes,Pericytes,0.0,1.0
Vegfa,Vegfa,0.36597938144329895,0.04257731020042266,8.49027,Itgav,Itgav,0.21794871794871795,0.0,Astrocytes,Pericytes,0.0,1.0
App,App,0.8177807940278249,0.2096492676470556,8.49027,Ncstn,Ncstn,0.10699588477366255,0.0,Neurons,Microglia,0.0,1.0
Vegfa,Vegfa,0.36597938144329895,0.04257731020042266,8.49027,Egfr,Egfr,0.1282051282051282,0.0,Astrocytes,Pericytes,0.0,1.0
Vegfa,Vegfa,0.36597938144329895,0.04257731020042266,8.49027,Nrp1,Nrp1,0.1794871794871795,0.0,Astrocytes,Pericytes,0.0,1.0
Mif,Mif,0.211340206185567,0.0,8.49027,Ackr3,Ackr3,0.1858974358974359,0.0,Astrocytes,Pericytes,0.0,1.0
Mif,Mif,0.211340206185567,0.0,8.49027,Egfr,Egfr,0.1282051282051282,0.0,Astrocytes,Pericytes,0.0,1.0
Col11a2,Col11a2,0.17525773195876287,0.0,8.49027,Itgb1,Itga1_Itgb1,0.27564102564102566,0.025161917033040437,Astrocytes,Pericytes,0.0,1.0
Bmp1,Bmp1,0.12628865979381443,0.0,8.49027,Bmpr2,Bmpr2,0.30128205128205127,0.040792244595329596,Astrocytes,Pericytes,0.0,1.0
Bmp1,Bmp1,0.12628865979381443,0.0,8.49027,Bmpr1a,Bmpr1a,0.3333333333333333,0.043602031765429206,Astrocytes,Pericytes,0.0,1.0
Bmp1,Bmp1,0.12628865979381443,0.0,8.49027,Bmpr1b,Bmpr1b,0.12179487179487179,0.0,Astrocytes,Pericytes,0.0,1.0
App,App,0.8177807940278249,0.2096492676470556,8.49027,Grm7,Grm7,0.11522633744855967,0.0,Neurons,Microglia,0.0,1.0
Fgf1,Fgf1,0.30412371134020616,0.036871358377714714,8.49027,Fgfr3,Fgfr3,0.14743589743589744,0.0,Astrocytes,Pericytes,0.0,1.0
Fgf1,Fgf1,0.30412371134020616,0.036871358377714714,8.49027,Fgfr1,Fgfr1,0.1987179487179487,0.0,Astrocytes,Pericytes,0.0,1.0
Fgf1,Fgf1,0.30412371134020616,0.036871358377714714,8.49027,Egfr,Egfr,0.1282051282051282,0.0,Astrocytes,Pericytes,0.0,1.0
Tgfb2,Tgfb2,0.10309278350515463,0.0,8.49027,Tgfbr1,Tgfbr1_Tgfbr2,0.14102564102564102,0.0,Astrocytes,Pericytes,0.0,1.0
Vegfb,Vegfb,0.1056701030927835,0.0,8.49027,Nrp1,Nrp1,0.1794871794871795,0.0,Astrocytes,Pericytes,0.0,1.0
Calr,Calr,0.15721649484536082,0.0,8.49027,Lrp1,Lrp1,0.4551282051282051,0.05665531204614227,Astrocytes,Pericytes,0.0,1.0
Calr,Calr,0.15721649484536082,0.0,8.49027,Itgav,Itgav,0.21794871794871795,0.0,Astrocytes,Pericytes,0.0,1.0
Fgfr3,Fgfr3,0.5876288659793815,0.14916771946821505,8.49027,Epha4,Epha4,0.10256410256410256,0.0,Astrocytes,Pericytes,0.0,1.0
Mdk,Mdk,0.2654639175257732,0.03304866225542413,8.49027,Notch2,Notch2,0.1794871794871795,0.0,Astrocytes,Pericytes,0.0,1.0
Mdk,Mdk,0.2654639175257732,0.03304866225542413,8.49027,Ptprz1,Ptprz1,0.16025641025641027,0.0,Astrocytes,Pericytes,0.0,1.0
Mdk,Mdk,0.2654639175257732,0.03304866225542413,8.49027,Sdc3,Sdc3,0.16025641025641027,0.0,Astrocytes,Pericytes,0.0,1.0
Mdk,Mdk,0.2654639175257732,0.03304866225542413,8.49027,Itga6,Itga6_Itgb1,0.10897435897435898,0.0,Astrocytes,Pericytes,0.0,1.0
Mdk,Mdk,0.2654639175257732,0.03304866225542413,8.49027,Itga4,Itga4_Itgb1,0.14743589743589744,0.0,Astrocytes,Pericytes,0.0,1.0
Ptn,Ptn,0.41494845360824745,0.049143312553678875,8.49027,Ptprs,Ptprs,0.17307692307692307,0.0,Astrocytes,Pericytes,0.0,1.0
Ptn,Ptn,0.41494845360824745,0.049143312553678875,8.49027,Ptprz1,Ptprz1,0.16025641025641027,0.0,Astrocytes,Pericytes,0.0,1.0
Ptn,Ptn,0.41494845360824745,0.049143312553678875,8.49027,Sdc3,Sdc3,0.16025641025641027,0.0,Astrocytes,Pericytes,0.0,1.0
Lrig1,Lrig1,0.5721649484536082,0.1479729124254643,8.49027,Egfr,Egfr,0.1282051282051282,0.0,Astrocytes,Pericytes,0.0,1.0
Bcan,Bcan,0.5824742268041238,0.1411046568930474,8.49027,Nrcam,Nrcam,0.16025641025641027,0.0,Astrocytes,Pericytes,0.0,1.0
Bcan,Bcan,0.5824742268041238,0.1411046568930474,8.49027,Egfr,Egfr,0.1282051282051282,0.0,Astrocytes,Pericytes,0.0,1.0
Rgma,Rgma,0.4097938144329897,0.04456019780010578,8.49027,Neo1,Neo1,0.1858974358974359,0.0,Astrocytes,Pericytes,0.0,1.0
Rgma,Rgma,0.4097938144329897,0.04456019780010578,8.49027,Bmpr1b,Bmpr1b,0.12179487179487179,0.0,Astrocytes,Pericytes,0.0,1.0
Angpt1,Angpt1,0.19072164948453607,0.0,8.49027,Itgb1,Itgb1,0.27564102564102566,0.025161917033040437,Astrocytes,Pericytes,0.0,1.0
Gas6,Gas6,0.11082474226804123,0.0,8.49027,Mertk,Mertk,0.21794871794871795,0.0,Astrocytes,Pericytes,0.0,1.0
Gas6,Gas6,0.11082474226804123,0.0,8.49027,Axl,Axl,0.16025641025641027,0.0,Astrocytes,Pericytes,0.0,1.0
Il18,Il18,0.30927835051546393,0.03697795621714317,8.49027,Il1rapl1,Il1rapl1,0.1794871794871795,0.0,Astrocytes,Pericytes,0.0,1.0
Il15ra,Il15ra,0.15979381443298968,0.0,8.49027,Axl,Axl,0.16025641025641027,0.0,Astrocytes,Pericytes,0.0,1.0
Ybx1,Ybx1,0.12628865979381443,0.0,8.49027,Notch1,Notch1,0.19230769230769232,0.0,Astrocytes,Pericytes,0.0,1.0
Tgfb2,Tgfb2,0.10309278350515463,0.0,8.49027,Tgfbr3,Tgfbr3,0.28846153846153844,0.051665099605857745,Astrocytes,Pericytes,0.0,1.0
Tgfb2,Tgfb2,0.10309278350515463,0.0,8.49027,Acvr1,Acvr1_Tgfbr2,0.1282051282051282,0.0,Astrocytes,Pericytes,0.0,1.0
Tgfb2,Tgfb2,0.10309278350515463,0.0,8.49027,Acvr1,Acvr1_Tgfbr1_Tgfbr2,0.1282051282051282,0.0,Astrocytes,Pericytes,0.0,1.0
Vcl,Vcl,0.4639175257731959,0.05086912466775839,8.49027,Itgb5,Itgb5,0.1987179487179487,0.0,Astrocytes,Pericytes,0.0,1.0
Megf10,Megf10,0.3015463917525773,0.03794975664490463,8.49027,Abca1,Abca1,0.1346153846153846,0.0,Astrocytes,Pericytes,0.0,1.0
Hsp90aa1,Hsp90aa1,0.24742268041237114,0.0,8.49027,Egfr,Egfr,0.1282051282051282,0.0,Astrocytes,Pericytes,0.0,1.0
Gnai2,Gnai2,0.13402061855670103,0.0,8.49027,Egfr,Egfr,0.1282051282051282,0.0,Astrocytes,Pericytes,0.0,1.0
Gnai2,Gnai2,0.13402061855670103,0.0,8.49027,Igf1r,Igf1r,0.3717948717948718,0.054859767694326766,Astrocytes,Pericytes,0.0,1.0
Lrpap1,Lrpap1,0.17525773195876287,0.0,8.49027,Lrp1,Lrp1,0.4551282051282051,0.05665531204614227,Astrocytes,Pericytes,0.0,1.0
Lrpap1,Lrpap1,0.17525773195876287,0.0,8.49027,Ldlr,Ldlr,0.10897435897435898,0.0,Astrocytes,Pericytes,0.0,1.0
Agrn,Agrn,0.21649484536082475,0.0,8.49027,Atp1a3,Atp1a3,0.1282051282051282,0.0,Astrocytes,Pericytes,0.0,1.0
Tgfb2,Tgfb2,0.10309278350515463,0.0,8.49027,Eng,Eng,0.16025641025641027,0.0,Astrocytes,Pericytes,0.0,1.0
Rtn4,Rtn4,0.3247422680412371,0.03793475591661777,8.49027,Tnfrsf19,Tnfrsf19,0.10256410256410256,0.0,Astrocytes,Pericytes,0.0,1.0
Gnai2,Gnai2,0.13402061855670103,0.0,8.49027,Tbxa2r,Tbxa2r,0.12179487179487179,0.0,Astrocytes,Pericytes,0.0,1.0
Gnai2,Gnai2,0.13402061855670103,0.0,8.49027,Ednra,Ednra,0.19230769230769232,0.0,Astrocytes,Pericytes,0.0,1.0
Gpi1,Gpi1,0.2603092783505155,0.028770024376195913,8.49027,Amfr,Amfr,0.10256410256410256,0.0,Astrocytes,Pericytes,0.0,1.0
Psap,Psap,0.5489690721649485,0.12844396411756553,8.49027,Gpr37l1,Gpr37l1,0.1346153846153846,0.0,Astrocytes,Pericytes,0.0,1.0
Gnas,Gnas,0.5850515463917526,0.14114899038977446,8.49027,Adcy8,Adcy8,0.10897435897435898,0.0,Astrocytes,Pericytes,0.0,1.0
Agt,Agt,0.4793814432989691,0.05355462447691284,8.49027,Enpep,Enpep,0.19230769230769232,0.0,Astrocytes,Pericytes,0.0,1.0
Hsp90b1,Hsp90b1,0.1958762886597938,0.0,8.49027,Lrp1,Lrp1,0.4551282051282051,0.05665531204614227,Astrocytes,Pericytes,0.0,1.0
Hspa8,Hspa8,0.38402061855670105,0.04504269139018813,8.49027,Ldlr,Ldlr,0.10897435897435898,0.0,Astrocytes,Pericytes,0.0,1.0
Actr2,Actr2,0.15979381443298968,0.0,8.49027,Ldlr,Ldlr,0.10897435897435898,0.0,Astrocytes,Pericytes,0.0,1.0
Fgf14,Fgf14,0.6675257731958762,0.21715183266954052,8.49027,Fgfr1,Fgfr1,0.1987179487179487,0.0,Astrocytes,Pericytes,0.0,1.0
Nlgn2,Nlgn2,0.34068544282321006,0.01794215575474567,8.49027,Nrxn1,Nrxn1,0.13168724279835392,0.0,Neurons,Microglia,0.0,1.0
S100a1,S100a1,0.17783505154639176,0.0,8.49027,Trpm3,Trpm3,0.30128205128205127,0.08012429544798372,Astrocytes,Pericytes,0.0,1.0
Lin7c,Lin7c,0.10051546391752578,0.0,8.49027,Abca1,Abca1,0.1346153846153846,0.0,Astrocytes,Pericytes,0.0,1.0
Rims2,Rims2,0.45618556701030927,0.05477697497694334,8.49027,Abca1,Abca1,0.1346153846153846,0.0,Astrocytes,Pericytes,0.0,1.0
Adam10,Adam10,0.26804123711340205,0.03152876922964609,8.49027,Cadm1,Cadm1,0.22435897435897437,0.0,Astrocytes,Pericytes,0.0,1.0
Apoe,Apoe,0.8582474226804123,0.39041901806253865,8.49027,Abca1,Abca1,0.1346153846153846,0.0,Astrocytes,Pericytes,0.0,1.0
Adam10,Adam10,0.43209876543209874,0.058828840702099594,8.49027,Epha3,Epha3,0.10256410256410256,0.0,Microglia,Pericytes,0.0,1.0
Pam,Pam,0.13402061855670103,0.0,8.49027,Fap,Fap,0.1282051282051282,0.0,Astrocytes,Pericytes,0.0,1.0
Sparc,Sparc,0.6005154639175257,0.14784436283582547,8.49027,Eng,Eng,0.16025641025641027,0.0,Astrocytes,Pericytes,0.0,1.0
Sparc,Sparc,0.6005154639175257,0.14784436283582547,8.49027,Fgfr1,Fgfr1,0.1987179487179487,0.0,Astrocytes,Pericytes,0.0,1.0
Timp3,Timp3,0.38402061855670105,0.043877395257204466,8.49027,Ddr1,Ddr1,0.10897435897435898,0.0,Astrocytes,Pericytes,0.0,1.0
Ptn,Ptn,0.41494845360824745,0.049143312553678875,8.49027,Cdh10,Cdh10,0.14743589743589744,0.0,Astrocytes,Pericytes,0.0,1.0
Ptn,Ptn,0.41494845360824745,0.049143312553678875,8.49027,Ncl,Ncl,0.16025641025641027,0.0,Astrocytes,Pericytes,0.0,1.0
Mdk,Mdk,0.2654639175257732,0.03304866225542413,8.49027,Ncl,Ncl,0.16025641025641027,0.0,Astrocytes,Pericytes,0.0,1.0
Adam10,Adam10,0.43209876543209874,0.058828840702099594,8.49027,Axl,Axl,0.12886597938144329,0.0,Microglia,Astrocytes,0.0,1.0
Adam10,Adam10,0.43209876543209874,0.058828840702099594,8.49027,Tspan12,Tspan12,0.1211340206185567,0.0,Microglia,Astrocytes,0.0,1.0
Sparc,Sparc,0.6005154639175257,0.14784436283582547,8.49027,Fgfr1,Fgfr1,0.2268041237113402,0.0,Astrocytes,Astrocytes,0.0,1.0
Timp3,Timp3,0.38402061855670105,0.043877395257204466,8.49027,Ddr1,Ddr1,0.2345360824742268,0.0,Astrocytes,Astrocytes,0.0,1.0
Ptn,Ptn,0.41494845360824745,0.049143312553678875,8.49027,Ncl,Ncl,0.14690721649484537,0.0,Astrocytes,Astrocytes,0.0,1.0
Mdk,Mdk,0.2654639175257732,0.03304866225542413,8.49027,Ncl,Ncl,0.14690721649484537,0.0,Astrocytes,Astrocytes,0.0,1.0
B2m,B2m,0.7448559670781894,0.22974616297425854,8.49027,Tfrc,Tfrc,0.11855670103092783,0.0,Microglia,Astrocytes,0.0,1.0
Nrxn1,Nrxn1,0.13168724279835392,0.0,8.49027,Nlgn1,Nlgn1,0.7087628865979382,0.2577157641444432,Microglia,Astrocytes,0.0,1.0
Jam2,Jam2,0.15637860082304528,0.0,8.49027,Itgb1,Itgav_Itgb1,0.13402061855670103,0.0,Microglia,Astrocytes,0.0,1.0
St6gal1,St6gal1,0.2139917695473251,0.0,8.49027,Egfr,Egfr,0.3582474226804124,0.04175933524722142,Microglia,Astrocytes,0.0,1.0
Ncam1,Ncam1,0.1111111111111111,0.0,8.49027,Robo1,Robo1,0.30927835051546393,0.04231498349462082,Microglia,Astrocytes,0.0,1.0
Ncam1,Ncam1,0.1111111111111111,0.0,8.49027,Ptprz1,Ptprz1,0.7164948453608248,0.22067333919537102,Microglia,Astrocytes,0.0,1.0
Ncam1,Ncam1,0.1111111111111111,0.0,8.49027,Fgfr2,Fgfr2,0.5,0.08306514373716856,Microglia,Astrocytes,0.0,1.0
Ncam1,Ncam1,0.1111111111111111,0.0,8.49027,Fgfr1,Fgfr1,0.2268041237113402,0.0,Microglia,Astrocytes,0.0,1.0
Fgf12,Fgf12,0.1958762886597938,0.0,8.49027,Fgfr2,Fgfr2,0.3333333333333333,0.04783757436178393,Astrocytes,Pericytes,0.0,1.0
Fgf12,Fgf12,0.1958762886597938,0.0,8.49027,Fgfr1,Fgfr1,0.1987179487179487,0.0,Astrocytes,Pericytes,0.0,1.0
Gnai2,Gnai2,0.13402061855670103,0.0,8.49027,S1pr1,S1pr1,0.14102564102564102,0.0,Astrocytes,Pericytes,0.0,1.0
Sorbs1,Sorbs1,0.5,0.07662136037486966,8.49027,Itgb5,Itgb5,0.1987179487179487,0.0,Astrocytes,Pericytes,0.0,1.0
Gnai2,Gnai2,0.13402061855670103,0.0,8.49027,Adcy9,Adcy9,0.28846153846153844,0.035158654130630684,Astrocytes,Pericytes,0.0,1.0
Gnai2,Gnai2,0.13402061855670103,0.0,8.49027,Adcy8,Adcy8,0.10897435897435898,0.0,Astrocytes,Pericytes,0.0,1.0
Icam1,Icam1,0.12345679012345678,0.0,8.49027,Egfr,Egfr,0.1282051282051282,0.0,Microglia,Pericytes,0.0,1.0
App,App,0.29218106995884774,0.047175932024871914,8.49027,Notch2,Notch2,0.1794871794871795,0.0,Microglia,Pericytes,0.0,1.0
App,App,0.29218106995884774,0.047175932024871914,8.49027,Aplp1,Aplp1,0.12179487179487179,0.0,Microglia,Pericytes,0.0,1.0
App,App,0.29218106995884774,0.047175932024871914,8.49027,Lrp6,Lrp6,0.20512820512820512,0.0,Microglia,Pericytes,0.0,1.0
App,App,0.29218106995884774,0.047175932024871914,8.49027,Tnfrsf21,Tnfrsf21,0.1346153846153846,0.0,Microglia,Pericytes,0.0,1.0
Tgfa,Tgfa,0.10699588477366255,0.0,8.49027,Erbb4,Erbb4,0.16666666666666666,0.0,Microglia,Pericytes,0.0,1.0
Adam10,Adam10,0.43209876543209874,0.058828840702099594,8.49027,Nrcam,Nrcam,0.16025641025641027,0.0,Microglia,Pericytes,0.0,1.0
Adam10,Adam10,0.43209876543209874,0.058828840702099594,8.49027,Notch2,Notch2,0.1794871794871795,0.0,Microglia,Pericytes,0.0,1.0
Adam10,Adam10,0.43209876543209874,0.058828840702099594,8.49027,Notch1,Notch1,0.19230769230769232,0.0,Microglia,Pericytes,0.0,1.0
Adam10,Adam10,0.43209876543209874,0.058828840702099594,8.49027,Axl,Axl,0.16025641025641027,0.0,Microglia,Pericytes,0.0,1.0
Cntn1,Cntn1,0.11522633744855967,0.0,8.49027,Ptprz1,Ptprz1,0.16025641025641027,0.0,Microglia,Pericytes,0.0,1.0
Adam17,Adam17,0.26337448559670784,0.034580910215889826,8.49027,Erbb4,Erbb4,0.16666666666666666,0.0,Microglia,Pericytes,0.0,1.0
Adam17,Adam17,0.26337448559670784,0.034580910215889826,8.49027,Notch1,Notch1,0.19230769230769232,0.0,Microglia,Pericytes,0.0,1.0
Nlgn1,Nlgn1,0.7604343400067866,0.33106245781190813,8.49027,Nrxn1,Nrxn1,0.13168724279835392,0.0,Neurons,Microglia,0.0,1.0
Sirpa,Sirpa,0.6748971193415638,0.2102797668433234,8.49027,Cd47,Cd47,0.17307692307692307,0.0,Microglia,Pericytes,0.0,1.0
B2m,B2m,0.7448559670781894,0.22974616297425854,8.49027,Tfrc,Tfrc,0.11538461538461539,0.0,Microglia,Pericytes,0.0,1.0
Nrxn1,Nrxn1,0.13168724279835392,0.0,8.49027,Nlgn1,Nlgn1,0.21794871794871795,0.0,Microglia,Pericytes,0.0,1.0
Jam2,Jam2,0.15637860082304528,0.0,8.49027,Itga4,Itga4_Itgb1,0.14743589743589744,0.0,Microglia,Pericytes,0.0,1.0
Jam2,Jam2,0.15637860082304528,0.0,8.49027,Itgav,Itgav_Itgb1,0.21794871794871795,0.0,Microglia,Pericytes,0.0,1.0
St6gal1,St6gal1,0.2139917695473251,0.0,8.49027,Egfr,Egfr,0.1282051282051282,0.0,Microglia,Pericytes,0.0,1.0
Ncam1,Ncam1,0.1111111111111111,0.0,8.49027,Robo1,Robo1,0.23076923076923078,0.0,Microglia,Pericytes,0.0,1.0
Ncam1,Ncam1,0.1111111111111111,0.0,8.49027,Ptprz1,Ptprz1,0.16025641025641027,0.0,Microglia,Pericytes,0.0,1.0
Ncam1,Ncam1,0.1111111111111111,0.0,8.49027,Fgfr2,Fgfr2,0.3333333333333333,0.04783757436178393,Microglia,Pericytes,0.0,1.0
Ncam1,Ncam1,0.1111111111111111,0.0,8.49027,Fgfr1,Fgfr1,0.1987179487179487,0.0,Microglia,Pericytes,0.0,1.0
Ncam1,Ncam1,0.1111111111111111,0.0,8.49027,Ncam2,Ncam2,0.17307692307692307,0.0,Microglia,Pericytes,0.0,1.0
Cd14,Cd14,0.2757201646090535,0.04966462778987579,8.49027,Itga4,Itga4,0.14743589743589744,0.0,Microglia,Pericytes,0.0,1.0
Il1rapl1,Il1rapl1,0.13168724279835392,0.0,8.49027,Ptprs,Ptprs,0.17307692307692307,0.0,Microglia,Pericytes,0.0,1.0
Sema4d,Sema4d,0.32098765432098764,0.0498183646325443,8.49027,Plxnb1,Plxnb1,0.1346153846153846,0.0,Microglia,Pericytes,0.0,1.0
Nlgn1,Nlgn1,0.1522633744855967,0.0,8.49027,Nrxn2,Nrxn2,0.14743589743589744,0.0,Microglia,Pericytes,0.0,1.0
Nlgn1,Nlgn1,0.1522633744855967,0.0,8.49027,Nrxn1,Nrxn1,0.23717948717948717,0.0,Microglia,Pericytes,0.0,1.0
Ntrk3,Ntrk3,0.10699588477366255,0.0,8.49027,Ptprs,Ptprs,0.17307692307692307,0.0,Microglia,Pericytes,0.0,1.0
Alcam,Alcam,0.1440329218106996,0.0,8.49027,Nrp1,Nrp1,0.1794871794871795,0.0,Microglia,Pericytes,0.0,1.0
Alcam,Alcam,0.1440329218106996,0.0,8.49027,Chl1,Chl1,0.14743589743589744,0.0,Microglia,Pericytes,0.0,1.0
Adam15,Adam15,0.1522633744855967,0.0,8.49027,Itgav,Itgav,0.21794871794871795,0.0,Microglia,Pericytes,0.0,1.0
Adam15,Adam15,0.1522633744855967,0.0,8.49027,Itgb1,Itgb1,0.27564102564102566,0.025161917033040437,Microglia,Pericytes,0.0,1.0
Adam9,Adam9,0.11522633744855967,0.0,8.49027,Itga6,Itga6,0.10897435897435898,0.0,Microglia,Pericytes,0.0,1.0
Adam9,Adam9,0.11522633744855967,0.0,8.49027,Itgb5,Itgb5,0.1987179487179487,0.0,Microglia,Pericytes,0.0,1.0
Adam9,Adam9,0.11522633744855967,0.0,8.49027,Itgav,Itgav,0.21794871794871795,0.0,Microglia,Pericytes,0.0,1.0
Adam9,Adam9,0.11522633744855967,0.0,8.49027,Itgb1,Itgb1,0.27564102564102566,0.025161917033040437,Microglia,Pericytes,0.0,1.0
Cntn1,Cntn1,0.11522633744855967,0.0,8.49027,Nrcam,Nrcam,0.16025641025641027,0.0,Microglia,Pericytes,0.0,1.0
Cntn1,Cntn1,0.11522633744855967,0.0,8.49027,Notch2,Notch2,0.1794871794871795,0.0,Microglia,Pericytes,0.0,1.0
Cntn1,Cntn1,0.11522633744855967,0.0,8.49027,Notch1,Notch1,0.19230769230769232,0.0,Microglia,Pericytes,0.0,1.0
Tgfb1,Tgfb1,0.23868312757201646,0.0,8.49027,Sdc2,Sdc2,0.3717948717948718,0.05196056323109566,Microglia,Pericytes,0.0,1.0
Tgfb1,Tgfb1,0.23868312757201646,0.0,8.49027,Itgb8,Itgb8,0.1282051282051282,0.0,Microglia,Pericytes,0.0,1.0
Tgfb1,Tgfb1,0.23868312757201646,0.0,8.49027,Itgb5,Itgb5,0.1987179487179487,0.0,Microglia,Pericytes,0.0,1.0
Tgfb1,Tgfb1,0.23868312757201646,0.0,8.49027,Itgb1,Itgb1,0.27564102564102566,0.025161917033040437,Microglia,Pericytes,0.0,1.0
Tgfb1,Tgfb1,0.23868312757201646,0.0,8.49027,Egfr,Egfr,0.1282051282051282,0.0,Microglia,Pericytes,0.0,1.0
Tgfb1,Tgfb1,0.23868312757201646,0.0,8.49027,Acvr1,Acvr1_Tgfbr2,0.1282051282051282,0.0,Microglia,Pericytes,0.0,1.0
Tgfb1,Tgfb1,0.23868312757201646,0.0,8.49027,Acvr1,Acvr1_Tgfbr1_Tgfbr2,0.1282051282051282,0.0,Microglia,Pericytes,0.0,1.0
Tgfb1,Tgfb1,0.23868312757201646,0.0,8.49027,Tgfbr1,Tgfbr1_Tgfbr2,0.14102564102564102,0.0,Microglia,Pericytes,0.0,1.0
Pdgfb,Pdgfb,0.24279835390946503,0.0,8.49027,Lrp1,Lrp1,0.4551282051282051,0.05665531204614227,Microglia,Pericytes,0.0,1.0
Pdgfb,Pdgfb,0.24279835390946503,0.0,8.49027,S1pr1,S1pr1,0.14102564102564102,0.0,Microglia,Pericytes,0.0,1.0
Pdgfb,Pdgfb,0.24279835390946503,0.0,8.49027,Itgav,Itgav,0.21794871794871795,0.0,Microglia,Pericytes,0.0,1.0
Lrig2,Lrig2,0.13991769547325103,0.0,8.49027,Egfr,Egfr,0.1282051282051282,0.0,Microglia,Pericytes,0.0,1.0
Edil3,Edil3,0.10699588477366255,0.0,8.49027,Itgb5,Itgb5,0.1987179487179487,0.0,Microglia,Pericytes,0.0,1.0
Edil3,Edil3,0.10699588477366255,0.0,8.49027,Itgav,Itgav,0.21794871794871795,0.0,Microglia,Pericytes,0.0,1.0
Tnfsf13b,Tnfsf13b,0.10699588477366255,0.0,8.49027,Tfrc,Tfrc,0.11538461538461539,0.0,Microglia,Pericytes,0.0,1.0
Cklf,Cklf,0.12345679012345678,0.0,8.49027,Lrp6,Lrp6,0.20512820512820512,0.0,Microglia,Pericytes,0.0,1.0
Lgals3bp,Lgals3bp,0.1111111111111111,0.0,8.49027,Itgb1,Itgb1,0.27564102564102566,0.025161917033040437,Microglia,Pericytes,0.0,1.0
Ybx1,Ybx1,0.16872427983539096,0.0,8.49027,Notch1,Notch1,0.19230769230769232,0.0,Microglia,Pericytes,0.0,1.0
Grn,Grn,0.4732510288065844,0.06174213763611336,8.49027,Tnfrsf1a,Tnfrsf1a,0.10897435897435898,0.0,Microglia,Pericytes,0.0,1.0
Grn,Grn,0.4732510288065844,0.06174213763611336,8.49027,Egfr,Egfr,0.1282051282051282,0.0,Microglia,Pericytes,0.0,1.0
Calr,Calr,0.24691358024691357,0.0,8.49027,Lrp1,Lrp1,0.4551282051282051,0.05665531204614227,Microglia,Pericytes,0.0,1.0
Calr,Calr,0.24691358024691357,0.0,8.49027,Itgav,Itgav,0.21794871794871795,0.0,Microglia,Pericytes,0.0,1.0
Mif,Mif,0.1522633744855967,0.0,8.49027,Ackr3,Ackr3,0.1858974358974359,0.0,Microglia,Pericytes,0.0,1.0
Mif,Mif,0.1522633744855967,0.0,8.49027,Egfr,Egfr,0.1282051282051282,0.0,Microglia,Pericytes,0.0,1.0
Ang,Ang,0.13168724279835392,0.0,8.49027,Egfr,Egfr,0.1282051282051282,0.0,Microglia,Pericytes,0.0,1.0
Trf,Trf,0.4897119341563786,0.060556134109577275,8.49027,Tfrc,Tfrc,0.11538461538461539,0.0,Microglia,Pericytes,0.0,1.0
Trf,Trf,0.4897119341563786,0.060556134109577275,8.49027,Ldlr,Ldlr,0.10897435897435898,0.0,Microglia,Pericytes,0.0,1.0
Apoe,Apoe,0.45267489711934156,0.07626742690494792,8.49027,Ldlr,Ldlr,0.10897435897435898,0.0,Microglia,Pericytes,0.0,1.0
Apoe,Apoe,0.45267489711934156,0.07626742690494792,8.49027,Lrp6,Lrp6,0.20512820512820512,0.0,Microglia,Pericytes,0.0,1.0
Tgfb1,Tgfb1,0.23868312757201646,0.0,8.49027,Tgfbr3,Tgfbr3,0.28846153846153844,0.051665099605857745,Microglia,Pericytes,0.0,1.0
Gnai2,Gnai2,0.2757201646090535,0.04653448810629257,8.49027,Tbxa2r,Tbxa2r,0.12179487179487179,0.0,Microglia,Pericytes,0.0,1.0
Gnai2,Gnai2,0.2757201646090535,0.04653448810629257,8.49027,Ednra,Ednra,0.19230769230769232,0.0,Microglia,Pericytes,0.0,1.0
Liph,Liph,0.11934156378600823,0.0,8.49027,Lpar1,Lpar1,0.10256410256410256,0.0,Microglia,Pericytes,0.0,1.0
Cntn4,Cntn4,0.6070580251102816,0.1523873001386038,8.49027,Ptprg,Ptprg,0.12757201646090535,0.0,Neurons,Microglia,0.0,1.0
Tgfb1,Tgfb1,0.23868312757201646,0.0,8.49027,Eng,Eng,0.16025641025641027,0.0,Microglia,Pericytes,0.0,1.0
Arf1,Arf1,0.13580246913580246,0.0,8.49027,Insr,Insr,0.33974358974358976,0.04287694478983206,Microglia,Pericytes,0.0,1.0
Psen1,Psen1,0.1440329218106996,0.0,8.49027,Notch1,Notch1,0.19230769230769232,0.0,Microglia,Pericytes,0.0,1.0
Gpi1,Gpi1,0.1728395061728395,0.0,8.49027,Amfr,Amfr,0.10256410256410256,0.0,Microglia,Pericytes,0.0,1.0
Gnai2,Gnai2,0.13402061855670103,0.0,8.49027,Adcy9,Adcy9,0.18298969072164947,0.0,Astrocytes,Astrocytes,0.0,1.0
Gnas,Gnas,0.5850515463917526,0.14114899038977446,8.49027,Adcy9,Adcy9,0.18298969072164947,0.0,Astrocytes,Astrocytes,0.0,1.0
Gnai2,Gnai2,0.13402061855670103,0.0,8.49027,Adcy8,Adcy8,0.3711340206185567,0.04234490158456372,Astrocytes,Astrocytes,0.0,1.0
Ncam1,Ncam1,0.7139175257731959,0.21342884216016822,8.49027,Cacna1c,Cacna1c,0.13144329896907217,0.0,Astrocytes,Astrocytes,0.0,1.0
Agt,Agt,0.4793814432989691,0.05355462447691284,8.49027,Enpep,Enpep,0.17783505154639176,0.0,Astrocytes,Astrocytes,0.0,1.0
Hsp90b1,Hsp90b1,0.1958762886597938,0.0,8.49027,Lrp1,Lrp1,0.4742268041237113,0.05117955567463084,Astrocytes,Astrocytes,0.0,1.0
App,App,0.29218106995884774,0.047175932024871914,8.49027,Tspan12,Tspan12,0.1211340206185567,0.0,Microglia,Astrocytes,0.0,1.0
App,App,0.29218106995884774,0.047175932024871914,8.49027,Lrp6,Lrp6,0.24742268041237114,0.0,Microglia,Astrocytes,0.0,1.0
H2-K1,H2-K1,0.39094650205761317,0.05727831614352752,8.49027,Aplp2,Aplp2,0.20876288659793815,0.0,Microglia,Astrocytes,0.0,1.0
Tgfa,Tgfa,0.10699588477366255,0.0,8.49027,Erbb4,Erbb4,0.7216494845360825,0.28202234612683763,Microglia,Astrocytes,0.0,1.0
Adam10,Adam10,0.43209876543209874,0.058828840702099594,8.49027,Notch2,Notch2,0.2345360824742268,0.0,Microglia,Astrocytes,0.0,1.0
Adam10,Adam10,0.43209876543209874,0.058828840702099594,8.49027,Notch1,Notch1,0.22422680412371135,0.0,Microglia,Astrocytes,0.0,1.0
Psap,Psap,0.6666666666666666,0.1893218276063502,8.49027,Gpr37l1,Gpr37l1,0.1346153846153846,0.0,Microglia,Pericytes,0.0,1.0
Pros1,Pros1,0.37448559670781895,0.05769103010852583,8.49027,Axl,Axl,0.16025641025641027,0.0,Microglia,Pericytes,0.0,1.0
Fgf13,Fgf13,0.36213991769547327,0.06041659767553975,8.49027,Fgfr3,Fgfr3,0.14743589743589744,0.0,Microglia,Pericytes,0.0,1.0
Fgf13,Fgf13,0.36213991769547327,0.06041659767553975,8.49027,Fgfr1,Fgfr1,0.1987179487179487,0.0,Microglia,Pericytes,0.0,1.0
Fgf13,Fgf13,0.36213991769547327,0.06041659767553975,8.49027,Egfr,Egfr,0.1282051282051282,0.0,Microglia,Pericytes,0.0,1.0
Il18,Il18,0.13168724279835392,0.0,8.49027,Il1rapl1,Il1rapl1,0.1794871794871795,0.0,Microglia,Pericytes,0.0,1.0
Rims2,Rims2,0.11522633744855967,0.0,8.49027,Abca1,Abca1,0.1346153846153846,0.0,Microglia,Pericytes,0.0,1.0
Adam10,Adam10,0.43209876543209874,0.058828840702099594,8.49027,Cadm1,Cadm1,0.22435897435897437,0.0,Microglia,Pericytes,0.0,1.0
Apoe,Apoe,0.45267489711934156,0.07626742690494792,8.49027,Abca1,Abca1,0.1346153846153846,0.0,Microglia,Pericytes,0.0,1.0
Selplg,Selplg,0.7283950617283951,0.24767969774183385,8.49027,Esam,Esam,0.15384615384615385,0.0,Microglia,Pericytes,0.0,1.0
Tln1,Tln1,0.1646090534979424,0.0,8.49027,Itgb5,Itgb5,0.1987179487179487,0.0,Microglia,Pericytes,0.0,1.0
Pros1,Pros1,0.37448559670781895,0.05769103010852583,8.49027,Mertk,Mertk,0.21794871794871795,0.0,Microglia,Pericytes,0.0,1.0
Hsp90aa1,Hsp90aa1,0.18106995884773663,0.0,8.49027,Egfr,Egfr,0.1282051282051282,0.0,Microglia,Pericytes,0.0,1.0
Gnai2,Gnai2,0.2757201646090535,0.04653448810629257,8.49027,Egfr,Egfr,0.1282051282051282,0.0,Microglia,Pericytes,0.0,1.0
Psen1,Psen1,0.1440329218106996,0.0,8.49027,Notch3,Notch3,0.42948717948717946,0.06431839293469666,Microglia,Pericytes,0.0,1.0
Psen1,Psen1,0.1440329218106996,0.0,8.49027,Notch2,Notch2,0.1794871794871795,0.0,Microglia,Pericytes,0.0,1.0
Rtn4,Rtn4,0.5390946502057613,0.1500311274801267,8.49027,Tnfrsf19,Tnfrsf19,0.10256410256410256,0.0,Microglia,Pericytes,0.0,1.0
Fgf12,Fgf12,0.13168724279835392,0.0,8.49027,Fgfr1,Fgfr1,0.1987179487179487,0.0,Microglia,Pericytes,0.0,1.0
Ncam1,Ncam1,0.1111111111111111,0.0,8.49027,Ptpra,Ptpra,0.3076923076923077,0.03590203525520386,Microglia,Pericytes,0.0,1.0
Gnai2,Gnai2,0.2757201646090535,0.04653448810629257,8.49027,S1pr1,S1pr1,0.14102564102564102,0.0,Microglia,Pericytes,0.0,1.0
Sorbs1,Sorbs1,0.1111111111111111,0.0,8.49027,Itgb5,Itgb5,0.1987179487179487,0.0,Microglia,Pericytes,0.0,1.0
Gnai2,Gnai2,0.2757201646090535,0.04653448810629257,8.49027,Adcy8,Adcy8,0.10897435897435898,0.0,Microglia,Pericytes,0.0,1.0
Gnas,Gnas,0.5390946502057613,0.14921448902564904,8.49027,Adcy8,Adcy8,0.10897435897435898,0.0,Microglia,Pericytes,0.0,1.0
Sorbs1,Sorbs1,0.1111111111111111,0.0,8.49027,Itga1,Itga1,0.4358974358974359,0.07114849638667597,Microglia,Pericytes,0.0,1.0
Ncam1,Ncam1,0.1111111111111111,0.0,8.49027,Cacna1c,Cacna1c,0.44871794871794873,0.08420521488275279,Microglia,Pericytes,0.0,1.0
Hspa8,Hspa8,0.2962962962962963,0.03862285443443492,8.49027,Ldlr,Ldlr,0.10897435897435898,0.0,Microglia,Pericytes,0.0,1.0
Actr2,Actr2,0.36213991769547327,0.05290812503033182,8.49027,Ldlr,Ldlr,0.10897435897435898,0.0,Microglia,Pericytes,0.0,1.0
Fgf14,Fgf14,0.15637860082304528,0.0,8.49027,Fgfr1,Fgfr1,0.1987179487179487,0.0,Microglia,Pericytes,0.0,1.0
Fgf14,Fgf14,0.15637860082304528,0.0,8.49027,Fgfr2,Fgfr2,0.3333333333333333,0.04783757436178393,Microglia,Pericytes,0.0,1.0
Sptan1,Sptan1,0.16872427983539096,0.0,8.49027,Ptpra,Ptpra,0.3076923076923077,0.03590203525520386,Microglia,Pericytes,0.0,1.0
Slitrk3,Slitrk3,0.17577197149643706,0.0,8.49027,Ptprs,Ptprs,0.17307692307692307,0.0,Neurons,Pericytes,0.0,1.0
Sema7a,Sema7a,0.14149983033593486,0.0,8.49027,Itgb1,Itga1_Itgb1,0.27564102564102566,0.025161917033040437,Neurons,Pericytes,0.0,1.0
Adam11,Adam11,0.1876484560570071,0.0,8.49027,Itga4,Itga4,0.14743589743589744,0.0,Neurons,Pericytes,0.0,1.0
Adam23,Adam23,0.677638276213098,0.12573140262250315,8.49027,Itga4,Itga4,0.14743589743589744,0.0,Neurons,Pericytes,0.0,1.0
Adam10,Adam10,0.46182558534102475,0.026315314115175514,8.49027,Nrcam,Nrcam,0.16025641025641027,0.0,Neurons,Pericytes,0.0,1.0
Adam10,Adam10,0.46182558534102475,0.026315314115175514,8.49027,Notch2,Notch2,0.1794871794871795,0.0,Neurons,Pericytes,0.0,1.0
Adam10,Adam10,0.46182558534102475,0.026315314115175514,8.49027,Notch1,Notch1,0.19230769230769232,0.0,Neurons,Pericytes,0.0,1.0
Adam10,Adam10,0.46182558534102475,0.026315314115175514,8.49027,Axl,Axl,0.16025641025641027,0.0,Neurons,Pericytes,0.0,1.0
Adam10,Adam10,0.46182558534102475,0.026315314115175514,8.49027,Epha3,Epha3,0.10256410256410256,0.0,Neurons,Pericytes,0.0,1.0
Nrg3,Nrg3,0.12345679012345678,0.0,8.49027,Egfr,Egfr,0.1282051282051282,0.0,Microglia,Pericytes,0.0,1.0
Pam,Pam,0.12757201646090535,0.0,8.49027,Fap,Fap,0.1282051282051282,0.0,Microglia,Pericytes,0.0,1.0
Tgfb1,Tgfb1,0.23868312757201646,0.0,8.49027,Lpp,Lpp,0.3974358974358974,0.056184507335244493,Microglia,Pericytes,0.0,1.0
Sparc,Sparc,0.691358024691358,0.2120725460556261,8.49027,Eng,Eng,0.16025641025641027,0.0,Microglia,Pericytes,0.0,1.0
Sparc,Sparc,0.691358024691358,0.2120725460556261,8.49027,Fgfr1,Fgfr1,0.1987179487179487,0.0,Microglia,Pericytes,0.0,1.0
Ptpn6,Ptpn6,0.16049382716049382,0.0,8.49027,Egfr,Egfr,0.1282051282051282,0.0,Microglia,Pericytes,0.0,1.0
Fgf12,Fgf12,0.13168724279835392,0.0,8.49027,Fgfr2,Fgfr2,0.3333333333333333,0.04783757436178393,Microglia,Pericytes,0.0,1.0
Ntrk3,Ntrk3,0.6501526976586359,0.12720612848524593,8.49027,Ptprs,Ptprs,0.205761316872428,0.0,Neurons,Microglia,0.0,1.0
L1cam,L1cam,0.2829996606718697,0.014172529513320431,8.49027,Egfr,Egfr,0.1282051282051282,0.0,Neurons,Pericytes,0.0,1.0
St6gal1,St6gal1,0.16864608076009502,0.0,8.49027,Egfr,Egfr,0.1282051282051282,0.0,Neurons,Pericytes,0.0,1.0
Ncam1,Ncam1,0.7502544960977265,0.17369001611803242,8.49027,Robo1,Robo1,0.23076923076923078,0.0,Neurons,Pericytes,0.0,1.0
Ncam1,Ncam1,0.7502544960977265,0.17369001611803242,8.49027,Ptprz1,Ptprz1,0.16025641025641027,0.0,Neurons,Pericytes,0.0,1.0
Ncam1,Ncam1,0.7502544960977265,0.17369001611803242,8.49027,Fgfr1,Fgfr1,0.1987179487179487,0.0,Neurons,Pericytes,0.0,1.0
Ncam1,Ncam1,0.7502544960977265,0.17369001611803242,8.49027,Ncam2,Ncam2,0.17307692307692307,0.0,Neurons,Pericytes,0.0,1.0
Vcl,Vcl,0.4639175257731959,0.05086912466775839,8.49027,Itgb5,Itgb5,0.17525773195876287,0.0,Astrocytes,Astrocytes,0.0,1.0
Lgi4,Lgi4,0.17010309278350516,0.0,8.49027,Adam22,Adam22,0.17783505154639176,0.0,Astrocytes,Astrocytes,0.0,1.0
Lgi1,Lgi1,0.6288659793814433,0.18412368650318967,8.49027,Adam22,Adam22,0.17783505154639176,0.0,Astrocytes,Astrocytes,0.0,1.0
Entpd1,Entpd1,0.11082474226804123,0.0,8.49027,Adora1,Adora1,0.14175257731958762,0.0,Astrocytes,Astrocytes,0.0,1.0
Vegfa,Vegfa,0.36597938144329895,0.04257731020042266,8.49027,Grin2b,Grin2b,0.13917525773195877,0.0,Astrocytes,Astrocytes,0.0,1.0
Fgf12,Fgf12,0.1958762886597938,0.0,8.49027,Fgfr2,Fgfr2,0.5,0.08306514373716856,Astrocytes,Astrocytes,0.0,1.0
Fgf12,Fgf12,0.1958762886597938,0.0,8.49027,Fgfr1,Fgfr1,0.2268041237113402,0.0,Astrocytes,Astrocytes,0.0,1.0
Gnas,Gnas,0.5850515463917526,0.14114899038977446,8.49027,Adora1,Adora1,0.14175257731958762,0.0,Astrocytes,Astrocytes,0.0,1.0
Gnai2,Gnai2,0.13402061855670103,0.0,8.49027,S1pr1,S1pr1,0.3479381443298969,0.04266512422161195,Astrocytes,Astrocytes,0.0,1.0
Sorbs1,Sorbs1,0.5,0.07662136037486966,8.49027,Itgb5,Itgb5,0.17525773195876287,0.0,Astrocytes,Astrocytes,0.0,1.0
App,App,0.8177807940278249,0.2096492676470556,8.49027,Notch2,Notch2,0.1794871794871795,0.0,Neurons,Pericytes,0.0,1.0
App,App,0.8177807940278249,0.2096492676470556,8.49027,Aplp1,Aplp1,0.12179487179487179,0.0,Neurons,Pericytes,0.0,1.0
App,App,0.8177807940278249,0.2096492676470556,8.49027,Lrp6,Lrp6,0.20512820512820512,0.0,Neurons,Pericytes,0.0,1.0
App,App,0.8177807940278249,0.2096492676470556,8.49027,Tnfrsf21,Tnfrsf21,0.1346153846153846,0.0,Neurons,Pericytes,0.0,1.0
Cntn2,Cntn2,0.25212080081438754,0.010661533325777739,8.49027,Nrp1,Nrp1,0.1794871794871795,0.0,Neurons,Pericytes,0.0,1.0
Adam17,Adam17,0.1866304716661011,0.0,8.49027,Erbb4,Erbb4,0.16666666666666666,0.0,Neurons,Pericytes,0.0,1.0
Adam17,Adam17,0.1866304716661011,0.0,8.49027,Notch1,Notch1,0.19230769230769232,0.0,Neurons,Pericytes,0.0,1.0
Adam17,Adam17,0.1866304716661011,0.0,8.49027,Itgb1,Itgb1,0.27564102564102566,0.025161917033040437,Neurons,Pericytes,0.0,1.0
Sirpa,Sirpa,0.2704445198506956,0.013012020380032852,8.49027,Cd47,Cd47,0.17307692307692307,0.0,Neurons,Pericytes,0.0,1.0
B2m,B2m,0.16287750254496097,0.0,8.49027,Tfrc,Tfrc,0.11538461538461539,0.0,Neurons,Pericytes,0.0,1.0
Nrxn2,Nrxn2,0.5687139463861555,0.07009189015678263,8.49027,Nlgn1,Nlgn1,0.21794871794871795,0.0,Neurons,Pericytes,0.0,1.0
Nrxn1,Nrxn1,0.7875805904309467,0.41325534614377624,8.49027,Nlgn1,Nlgn1,0.21794871794871795,0.0,Neurons,Pericytes,0.0,1.0
Efna5,Efna5,0.5561588055649813,0.09536538289465502,8.49027,Epha4,Epha4,0.10256410256410256,0.0,Neurons,Pericytes,0.0,1.0
Efna5,Efna5,0.5561588055649813,0.09536538289465502,8.49027,Epha3,Epha3,0.10256410256410256,0.0,Neurons,Pericytes,0.0,1.0
Efnb2,Efnb2,0.12690872073294876,0.0,8.49027,Epha4,Epha4,0.10256410256410256,0.0,Neurons,Pericytes,0.0,1.0
Efnb2,Efnb2,0.12690872073294876,0.0,8.49027,Grm5,Grm5,0.11538461538461539,0.0,Neurons,Pericytes,0.0,1.0
Efnb2,Efnb2,0.12690872073294876,0.0,8.49027,Epha3,Epha3,0.10256410256410256,0.0,Neurons,Pericytes,0.0,1.0
Sdc2,Sdc2,0.27994570749915165,0.015238467101833075,8.49027,Ptprj,Ptprj,0.14743589743589744,0.0,Neurons,Pericytes,0.0,1.0
L1cam,L1cam,0.2829996606718697,0.014172529513320431,8.49027,Cntn1,Cntn1,0.1987179487179487,0.0,Neurons,Pericytes,0.0,1.0
L1cam,L1cam,0.2829996606718697,0.014172529513320431,8.49027,Ptprz1,Ptprz1,0.16025641025641027,0.0,Neurons,Pericytes,0.0,1.0
Ntrk3,Ntrk3,0.6501526976586359,0.12720612848524593,8.49027,Ptprs,Ptprs,0.17307692307692307,0.0,Neurons,Pericytes,0.0,1.0
Alcam,Alcam,0.49304377332880894,0.046107584263185064,8.49027,Nrp1,Nrp1,0.1794871794871795,0.0,Neurons,Pericytes,0.0,1.0
Alcam,Alcam,0.49304377332880894,0.046107584263185064,8.49027,Chl1,Chl1,0.14743589743589744,0.0,Neurons,Pericytes,0.0,1.0
Adam15,Adam15,0.2130980658296573,0.0,8.49027,Itgav,Itgav,0.21794871794871795,0.0,Neurons,Pericytes,0.0,1.0
Adam15,Adam15,0.2130980658296573,0.0,8.49027,Itgb1,Itgb1,0.27564102564102566,0.025161917033040437,Neurons,Pericytes,0.0,1.0
Adam9,Adam9,0.1981676280963692,0.0,8.49027,Itga6,Itga6,0.10897435897435898,0.0,Neurons,Pericytes,0.0,1.0
Adam9,Adam9,0.1981676280963692,0.0,8.49027,Itgb5,Itgb5,0.1987179487179487,0.0,Neurons,Pericytes,0.0,1.0
Adam9,Adam9,0.1981676280963692,0.0,8.49027,Itgav,Itgav,0.21794871794871795,0.0,Neurons,Pericytes,0.0,1.0
Adam9,Adam9,0.1981676280963692,0.0,8.49027,Itgb1,Itgb1,0.27564102564102566,0.025161917033040437,Neurons,Pericytes,0.0,1.0
Cntn1,Cntn1,0.7570410587037666,0.19161842734798618,8.49027,Nrcam,Nrcam,0.16025641025641027,0.0,Neurons,Pericytes,0.0,1.0
Cntn1,Cntn1,0.7570410587037666,0.19161842734798618,8.49027,Notch2,Notch2,0.1794871794871795,0.0,Neurons,Pericytes,0.0,1.0
Cntn1,Cntn1,0.7570410587037666,0.19161842734798618,8.49027,Notch1,Notch1,0.19230769230769232,0.0,Neurons,Pericytes,0.0,1.0
Cntn1,Cntn1,0.7570410587037666,0.19161842734798618,8.49027,Ptprz1,Ptprz1,0.16025641025641027,0.0,Neurons,Pericytes,0.0,1.0
Cntn2,Cntn2,0.25212080081438754,0.010661533325777739,8.49027,Nrcam,Nrcam,0.16025641025641027,0.0,Neurons,Pericytes,0.0,1.0
Cntn2,Cntn2,0.25212080081438754,0.010661533325777739,8.49027,Cntn1,Cntn1,0.1987179487179487,0.0,Neurons,Pericytes,0.0,1.0
Lrrc4b,Lrrc4b,0.35799117746861214,0.018825450657053766,8.49027,Ptprs,Ptprs,0.17307692307692307,0.0,Neurons,Pericytes,0.0,1.0
Pdgfc,Pdgfc,0.17441465897522904,0.0,8.49027,Flt1,Flt1,0.28846153846153844,0.048655709905442435,Neurons,Pericytes,0.0,1.0
Pdgfc,Pdgfc,0.17441465897522904,0.0,8.49027,Pdgfrb,Pdgfrb,0.8141025641025641,0.2579296504500207,Neurons,Pericytes,0.0,1.0
Sema4b,Sema4b,0.16118086189345096,0.0,8.49027,Dcbld2,Dcbld2,0.20512820512820512,0.0,Neurons,Pericytes,0.0,1.0
Sema6b,Sema6b,0.1506616898540889,0.0,8.49027,Plxna2,Plxna2,0.19230769230769232,0.0,Neurons,Pericytes,0.0,1.0
Sema4a,Sema4a,0.13030200203596878,0.0,8.49027,Plxnb1,Plxnb1,0.1346153846153846,0.0,Neurons,Pericytes,0.0,1.0
Sema4a,Sema4a,0.13030200203596878,0.0,8.49027,Nrp1,Nrp1_Plxna2,0.1794871794871795,0.0,Neurons,Pericytes,0.0,1.0
Sema6a,Sema6a,0.28978622327790976,0.01678324287305244,8.49027,Plxna2,Plxna2,0.19230769230769232,0.0,Neurons,Pericytes,0.0,1.0
Jam3,Jam3,0.20291822192059722,0.0,8.49027,Itgb1,Itgb1,0.27564102564102566,0.025161917033040437,Neurons,Pericytes,0.0,1.0
Slitrk1,Slitrk1,0.2992874109263658,0.01582383423680489,8.49027,Ptprs,Ptprs,0.17307692307692307,0.0,Neurons,Pericytes,0.0,1.0
Sema4d,Sema4d,0.332880895826264,0.016981235111078075,8.49027,Plxnb1,Plxnb1,0.1346153846153846,0.0,Neurons,Pericytes,0.0,1.0
Nrg4,Nrg4,0.13131998642687479,0.0,8.49027,Egfr,Egfr,0.1282051282051282,0.0,Neurons,Pericytes,0.0,1.0
Nlgn2,Nlgn2,0.34068544282321006,0.01794215575474567,8.49027,Nrxn2,Nrxn2,0.14743589743589744,0.0,Neurons,Pericytes,0.0,1.0
Nlgn2,Nlgn2,0.34068544282321006,0.01794215575474567,8.49027,Nrxn1,Nrxn1,0.23717948717948717,0.0,Neurons,Pericytes,0.0,1.0
Nlgn1,Nlgn1,0.7604343400067866,0.33106245781190813,8.49027,Nrxn2,Nrxn2,0.14743589743589744,0.0,Neurons,Pericytes,0.0,1.0
Nlgn1,Nlgn1,0.7604343400067866,0.33106245781190813,8.49027,Nrxn1,Nrxn1,0.23717948717948717,0.0,Neurons,Pericytes,0.0,1.0
Lamc1,Lamc1,0.22225992534781133,0.0,8.49027,Itga6,Itga6_Itgb1,0.10897435897435898,0.0,Neurons,Pericytes,0.0,1.0
Col4a2,Col4a2,0.27723108245673567,0.013900149669385076,8.49027,Itgb5,Itgb5,0.1987179487179487,0.0,Neurons,Pericytes,0.0,1.0
Col4a2,Col4a2,0.27723108245673567,0.013900149669385076,8.49027,Itgav,Itgav_Itgb8,0.21794871794871795,0.0,Neurons,Pericytes,0.0,1.0
Adam15,Adam15,0.2130980658296573,0.0,8.49027,Itga9,Itga9,0.22633744855967078,0.0,Neurons,Microglia,0.0,1.0
Col4a1,Col4a1,0.14319647098744487,0.0,8.49027,Cd47,Cd47,0.17307692307692307,0.0,Neurons,Pericytes,0.0,1.0
Col4a1,Col4a1,0.14319647098744487,0.0,8.49027,Itgav,Itgav_Itgb8,0.21794871794871795,0.0,Neurons,Pericytes,0.0,1.0
Col4a1,Col4a1,0.14319647098744487,0.0,8.49027,Itgb1,Itga1_Itgb1,0.27564102564102566,0.025161917033040437,Neurons,Pericytes,0.0,1.0
Agrn,Agrn,0.4530030539531727,0.024281996724193622,8.49027,Dag1,Dag1,0.23076923076923078,0.0,Neurons,Pericytes,0.0,1.0
Adam15,Adam15,0.2130980658296573,0.0,8.49027,Itgav,Itgav,0.4074074074074074,0.057837314851942434,Neurons,Microglia,0.0,1.0
Jag2,Jag2,0.16932473702069903,0.0,8.49027,Notch3,Notch3,0.42948717948717946,0.06431839293469666,Neurons,Pericytes,0.0,1.0
Jag2,Jag2,0.16932473702069903,0.0,8.49027,Notch2,Notch2,0.1794871794871795,0.0,Neurons,Pericytes,0.0,1.0
Jag2,Jag2,0.16932473702069903,0.0,8.49027,Notch1,Notch1,0.19230769230769232,0.0,Neurons,Pericytes,0.0,1.0
Il1rapl1,Il1rapl1,0.6935866983372921,0.2682423317214111,8.49027,Ptprs,Ptprs,0.17307692307692307,0.0,Neurons,Pericytes,0.0,1.0
Nlgn3,Nlgn3,0.2130980658296573,0.0,8.49027,Nrxn2,Nrxn2,0.14743589743589744,0.0,Neurons,Pericytes,0.0,1.0
Nlgn3,Nlgn3,0.2130980658296573,0.0,8.49027,Nrxn1,Nrxn1,0.23717948717948717,0.0,Neurons,Pericytes,0.0,1.0
Slit2,Slit2,0.39124533423820834,0.042679525587700384,8.49027,Robo2,Robo2,0.17307692307692307,0.0,Neurons,Pericytes,0.0,1.0
Slit3,Slit3,0.2147947064811673,0.0,8.49027,Robo1,Robo1,0.23076923076923078,0.0,Neurons,Pericytes,0.0,1.0
Slit3,Slit3,0.2147947064811673,0.0,8.49027,Robo2,Robo2,0.17307692307692307,0.0,Neurons,Pericytes,0.0,1.0
Slit1,Slit1,0.18595181540549713,0.0,8.49027,Robo1,Robo1,0.23076923076923078,0.0,Neurons,Pericytes,0.0,1.0
Slit1,Slit1,0.18595181540549713,0.0,8.49027,Robo2,Robo2,0.17307692307692307,0.0,Neurons,Pericytes,0.0,1.0
Edil3,Edil3,0.6240244316253818,0.14066036364829415,8.49027,Itgb5,Itgb5,0.1987179487179487,0.0,Neurons,Pericytes,0.0,1.0
Edil3,Edil3,0.6240244316253818,0.14066036364829415,8.49027,Itgav,Itgav,0.21794871794871795,0.0,Neurons,Pericytes,0.0,1.0
Fgf10,Fgf10,0.12792670512385476,0.0,8.49027,Fgfr2,Fgfr2,0.3333333333333333,0.04783757436178393,Neurons,Pericytes,0.0,1.0
Fgf10,Fgf10,0.12792670512385476,0.0,8.49027,Fgfr1,Fgfr1,0.1987179487179487,0.0,Neurons,Pericytes,0.0,1.0
Sema3e,Sema3e,0.19477434679334918,0.0,8.49027,Nrp1,Nrp1,0.1794871794871795,0.0,Neurons,Pericytes,0.0,1.0
Agrp,Agrp,0.18934509670851712,0.0,8.49027,Sdc3,Sdc3,0.16025641025641027,0.0,Neurons,Pericytes,0.0,1.0
Lamc1,Lamc1,0.22225992534781133,0.0,8.49027,Dag1,Dag1,0.23076923076923078,0.0,Neurons,Pericytes,0.0,1.0
Lamc1,Lamc1,0.22225992534781133,0.0,8.49027,Itga1,Itga1,0.4358974358974359,0.07114849638667597,Neurons,Pericytes,0.0,1.0
Lamc1,Lamc1,0.22225992534781133,0.0,8.49027,Itgav,Itgav_Itgb8,0.21794871794871795,0.0,Neurons,Pericytes,0.0,1.0
Fgf1,Fgf1,0.23583305055989143,0.0,8.49027,Fgfr1,Fgfr1,0.1987179487179487,0.0,Neurons,Pericytes,0.0,1.0
Fgf1,Fgf1,0.23583305055989143,0.0,8.49027,Egfr,Egfr,0.1282051282051282,0.0,Neurons,Pericytes,0.0,1.0
Fgf1,Fgf1,0.23583305055989143,0.0,8.49027,Nrp1,Nrp1,0.1794871794871795,0.0,Neurons,Pericytes,0.0,1.0
Inha,Inha,0.24363759755683745,0.0,8.49027,Acvr1,Acvr1,0.1282051282051282,0.0,Neurons,Pericytes,0.0,1.0
Inha,Inha,0.24363759755683745,0.0,8.49027,Tgfbr3,Tgfbr3,0.28846153846153844,0.051665099605857745,Neurons,Pericytes,0.0,1.0
Pdgfa,Pdgfa,0.18798778418730913,0.0,8.49027,Pdgfrb,Pdgfrb,0.8141025641025641,0.2579296504500207,Neurons,Pericytes,0.0,1.0
Trf,Trf,0.14217848659653887,0.0,8.49027,Tfrc,Tfrc,0.11538461538461539,0.0,Neurons,Pericytes,0.0,1.0
Trf,Trf,0.14217848659653887,0.0,8.49027,Ldlr,Ldlr,0.10897435897435898,0.0,Neurons,Pericytes,0.0,1.0
Apoe,Apoe,0.2297251442144554,0.0,8.49027,Lrp1,Lrp1,0.4551282051282051,0.05665531204614227,Neurons,Pericytes,0.0,1.0
Apoe,Apoe,0.2297251442144554,0.0,8.49027,Sdc2,Sdc2,0.3717948717948718,0.05196056323109566,Neurons,Pericytes,0.0,1.0
Apoe,Apoe,0.2297251442144554,0.0,8.49027,Ldlr,Ldlr,0.10897435897435898,0.0,Neurons,Pericytes,0.0,1.0
Apoe,Apoe,0.2297251442144554,0.0,8.49027,Lrp6,Lrp6,0.20512820512820512,0.0,Neurons,Pericytes,0.0,1.0
Olfm2,Olfm2,0.40821174075330846,0.023494278592719464,8.49027,Robo2,Robo2,0.17307692307692307,0.0,Neurons,Pericytes,0.0,1.0
Lrig2,Lrig2,0.47675602307431286,0.027026191906706853,8.49027,Egfr,Egfr,0.1282051282051282,0.0,Neurons,Pericytes,0.0,1.0
Slit2,Slit2,0.39124533423820834,0.042679525587700384,8.49027,Robo1,Robo1,0.23076923076923078,0.0,Neurons,Pericytes,0.0,1.0
Ptn,Ptn,0.34170342721411606,0.02052779989104636,8.49027,Sdc3,Sdc3,0.16025641025641027,0.0,Neurons,Pericytes,0.0,1.0
Adcyap1,Adcyap1,0.11808618934509671,0.0,8.49027,Pth1r,Pth1r,0.16025641025641027,0.0,Neurons,Pericytes,0.0,1.0
Adcyap1,Adcyap1,0.11808618934509671,0.0,8.49027,Ramp2,Ramp2,0.10897435897435898,0.0,Neurons,Pericytes,0.0,1.0
Vegfa,Vegfa,0.2130980658296573,0.0,8.49027,Itgav,Itgav,0.21794871794871795,0.0,Neurons,Pericytes,0.0,1.0
Vegfa,Vegfa,0.2130980658296573,0.0,8.49027,Itgb1,Itgb1,0.27564102564102566,0.025161917033040437,Neurons,Pericytes,0.0,1.0
Vegfa,Vegfa,0.2130980658296573,0.0,8.49027,Egfr,Egfr,0.1282051282051282,0.0,Neurons,Pericytes,0.0,1.0
Vegfa,Vegfa,0.2130980658296573,0.0,8.49027,Nrp1,Nrp1,0.1794871794871795,0.0,Neurons,Pericytes,0.0,1.0
Mif,Mif,0.4180522565320665,0.024031595834316577,8.49027,Ackr3,Ackr3,0.1858974358974359,0.0,Neurons,Pericytes,0.0,1.0
Mif,Mif,0.4180522565320665,0.024031595834316577,8.49027,Egfr,Egfr,0.1282051282051282,0.0,Neurons,Pericytes,0.0,1.0
Spp1,Spp1,0.11367492365117068,0.0,8.49027,Itgav,Itgav_Itgb5,0.21794871794871795,0.0,Neurons,Pericytes,0.0,1.0
Spp1,Spp1,0.11367492365117068,0.0,8.49027,Itga4,Itga4_Itgb1,0.14743589743589744,0.0,Neurons,Pericytes,0.0,1.0
Spp1,Spp1,0.11367492365117068,0.0,8.49027,Itgav,Itgav_Itgb1,0.21794871794871795,0.0,Neurons,Pericytes,0.0,1.0
Fgf1,Fgf1,0.23583305055989143,0.0,8.49027,Cspg4,Cspg4,0.2564102564102564,0.025105354529115442,Neurons,Pericytes,0.0,1.0
Fgf1,Fgf1,0.23583305055989143,0.0,8.49027,Tgfbr3,Tgfbr3,0.28846153846153844,0.051665099605857745,Neurons,Pericytes,0.0,1.0
Fgf1,Fgf1,0.23583305055989143,0.0,8.49027,Fgfr3,Fgfr3,0.14743589743589744,0.0,Neurons,Pericytes,0.0,1.0
Fgf1,Fgf1,0.23583305055989143,0.0,8.49027,Fgfr2,Fgfr2,0.3333333333333333,0.04783757436178393,Neurons,Pericytes,0.0,1.0
Cx3cl1,Cx3cl1,0.3661350525958602,0.020298904959290653,8.49027,Itgav,Itgav,0.21794871794871795,0.0,Neurons,Pericytes,0.0,1.0
Ybx1,Ybx1,0.34136409908381404,0.01754710761759004,8.49027,Notch1,Notch1,0.19230769230769232,0.0,Neurons,Pericytes,0.0,1.0
Sst,Sst,0.24363759755683745,0.0,8.49027,Grm7,Grm7,0.47435897435897434,0.11845025059604364,Neurons,Pericytes,0.0,1.0
Nxph1,Nxph1,0.5242619613165932,0.11547830918619306,8.49027,Nrxn2,Nrxn2,0.14743589743589744,0.0,Neurons,Pericytes,0.0,1.0
Nxph1,Nxph1,0.5242619613165932,0.11547830918619306,8.49027,Nrxn1,Nrxn1,0.23717948717948717,0.0,Neurons,Pericytes,0.0,1.0
Vegfc,Vegfc,0.11706820495419071,0.0,8.49027,Flt1,Flt1,0.28846153846153844,0.048655709905442435,Neurons,Pericytes,0.0,1.0
Vegfc,Vegfc,0.11706820495419071,0.0,8.49027,Itgb1,Itgb1,0.27564102564102566,0.025161917033040437,Neurons,Pericytes,0.0,1.0
Vegfb,Vegfb,0.21038344078724125,0.0,8.49027,Nrp1,Nrp1,0.1794871794871795,0.0,Neurons,Pericytes,0.0,1.0
Fgf9,Fgf9,0.21174075330844927,0.0,8.49027,Fgfr3,Fgfr3,0.14743589743589744,0.0,Neurons,Pericytes,0.0,1.0
Fgf9,Fgf9,0.21174075330844927,0.0,8.49027,Fgfr2,Fgfr2,0.3333333333333333,0.04783757436178393,Neurons,Pericytes,0.0,1.0
Fgf9,Fgf9,0.21174075330844927,0.0,8.49027,Fgfr1,Fgfr1,0.1987179487179487,0.0,Neurons,Pericytes,0.0,1.0
Calr,Calr,0.4509670851713607,0.024756265976759617,8.49027,Itgav,Itgav,0.21794871794871795,0.0,Neurons,Pericytes,0.0,1.0
Ptn,Ptn,0.34170342721411606,0.02052779989104636,8.49027,Ptprs,Ptprs,0.17307692307692307,0.0,Neurons,Pericytes,0.0,1.0
Adam15,Adam15,0.2130980658296573,0.0,8.49027,Itgb1,Itgb1,0.2962962962962963,0.044881685854855524,Neurons,Microglia,0.0,1.0
Ptn,Ptn,0.34170342721411606,0.02052779989104636,8.49027,Ptprz1,Ptprz1,0.16025641025641027,0.0,Neurons,Pericytes,0.0,1.0
Bcan,Bcan,0.26874787919918564,0.013322399611839841,8.49027,Egfr,Egfr,0.1282051282051282,0.0,Neurons,Pericytes,0.0,1.0
Col26a1,Col26a1,0.14557176789955886,0.0,8.49027,Itgb1,Itga1_Itgb1,0.27564102564102566,0.025161917033040437,Neurons,Pericytes,0.0,1.0
Fgf13,Fgf13,0.5408890397013912,0.08403445545161414,8.49027,Fgfr3,Fgfr3,0.14743589743589744,0.0,Neurons,Pericytes,0.0,1.0
Fgf13,Fgf13,0.5408890397013912,0.08403445545161414,8.49027,Fgfr1,Fgfr1,0.1987179487179487,0.0,Neurons,Pericytes,0.0,1.0
Fgf13,Fgf13,0.5408890397013912,0.08403445545161414,8.49027,Egfr,Egfr,0.1282051282051282,0.0,Neurons,Pericytes,0.0,1.0
Fam3c,Fam3c,0.1815405497115711,0.0,8.49027,Lifr,Lifr,0.17307692307692307,0.0,Neurons,Pericytes,0.0,1.0
Fam3c,Fam3c,0.1815405497115711,0.0,8.49027,Lamp1,Lamp1,0.42948717948717946,0.05910851556500352,Neurons,Pericytes,0.0,1.0
Fndc5,Fndc5,0.2507634882931795,0.009335018414395269,8.49027,Itgb5,Itgb5,0.1987179487179487,0.0,Neurons,Pericytes,0.0,1.0
Fndc5,Fndc5,0.2507634882931795,0.009335018414395269,8.49027,Itgav,Itgav,0.21794871794871795,0.0,Neurons,Pericytes,0.0,1.0
Il34,Il34,0.11163895486935867,0.0,8.49027,Ptprz1,Ptprz1,0.16025641025641027,0.0,Neurons,Pericytes,0.0,1.0
Adam9,Adam9,0.1981676280963692,0.0,8.49027,Itga6,Itga6,0.46502057613168724,0.06225553918518667,Neurons,Microglia,0.0,1.0
Sema3a,Sema3a,0.14794706481167288,0.0,8.49027,Nrp1,Nrp1_Plxna2,0.1794871794871795,0.0,Neurons,Pericytes,0.0,1.0
Gas6,Gas6,0.32609433322022396,0.017178320846686468,8.49027,Mertk,Mertk,0.21794871794871795,0.0,Neurons,Pericytes,0.0,1.0
Gas6,Gas6,0.32609433322022396,0.017178320846686468,8.49027,Axl,Axl,0.16025641025641027,0.0,Neurons,Pericytes,0.0,1.0
Il15ra,Il15ra,0.10315575161180862,0.0,8.49027,Axl,Axl,0.16025641025641027,0.0,Neurons,Pericytes,0.0,1.0
Adam9,Adam9,0.1981676280963692,0.0,8.49027,Itgb5,Itgb5,0.6255144032921811,0.19602203356190184,Neurons,Microglia,0.0,1.0
Adam9,Adam9,0.1981676280963692,0.0,8.49027,Itgav,Itgav,0.4074074074074074,0.057837314851942434,Neurons,Microglia,0.0,1.0
Hras,Hras,0.1995249406175772,0.0,8.49027,Insr,Insr,0.33974358974358976,0.04287694478983206,Neurons,Pericytes,0.0,1.0
Psen1,Psen1,0.2809636918900577,0.013859826985143986,8.49027,Notch1,Notch1,0.19230769230769232,0.0,Neurons,Pericytes,0.0,1.0
Gpi1,Gpi1,0.49949100780454697,0.027744224310249588,8.49027,Amfr,Amfr,0.10256410256410256,0.0,Neurons,Pericytes,0.0,1.0
Cntn6,Cntn6,0.5873769935527655,0.11353031008273673,8.49027,Notch1,Notch1,0.19230769230769232,0.0,Neurons,Pericytes,0.0,1.0
Psap,Psap,0.6827281981676281,0.09203127051421411,8.49027,Gpr37l1,Gpr37l1,0.1346153846153846,0.0,Neurons,Pericytes,0.0,1.0
Lrpap1,Lrpap1,0.17525773195876287,0.0,8.49027,Ldlr,Ldlr,0.10309278350515463,0.0,Astrocytes,Astrocytes,0.0,1.0
Agrn,Agrn,0.21649484536082475,0.0,8.49027,Atp1a3,Atp1a3,0.1211340206185567,0.0,Astrocytes,Astrocytes,0.0,1.0
Rtn4,Rtn4,0.3247422680412371,0.03793475591661777,8.49027,Tnfrsf19,Tnfrsf19,0.211340206185567,0.0,Astrocytes,Astrocytes,0.0,1.0
Gnai2,Gnai2,0.13402061855670103,0.0,8.49027,Adora1,Adora1,0.14175257731958762,0.0,Astrocytes,Astrocytes,0.0,1.0
Fstl1,Fstl1,0.27319587628865977,0.03505408166155943,8.49027,Dip2a,Dip2a,0.13917525773195877,0.0,Astrocytes,Astrocytes,0.0,1.0
Gpi1,Gpi1,0.2603092783505155,0.028770024376195913,8.49027,Amfr,Amfr,0.15206185567010308,0.0,Astrocytes,Astrocytes,0.0,1.0
Hspa8,Hspa8,0.38402061855670105,0.04504269139018813,8.49027,Ldlr,Ldlr,0.10309278350515463,0.0,Astrocytes,Astrocytes,0.0,1.0
Actr2,Actr2,0.15979381443298968,0.0,8.49027,Ldlr,Ldlr,0.10309278350515463,0.0,Astrocytes,Astrocytes,0.0,1.0
Fgf14,Fgf14,0.6675257731958762,0.21715183266954052,8.49027,Fgfr1,Fgfr1,0.2268041237113402,0.0,Astrocytes,Astrocytes,0.0,1.0
Gnai2,Gnai2,0.13402061855670103,0.0,8.49027,Ednrb,Ednrb,0.3402061855670103,0.03904009827888899,Astrocytes,Astrocytes,0.0,1.0
S100a1,S100a1,0.17783505154639176,0.0,8.49027,Trpm3,Trpm3,0.7087628865979382,0.3568421544872118,Astrocytes,Astrocytes,0.0,1.0
Lin7c,Lin7c,0.10051546391752578,0.0,8.49027,Abca1,Abca1,0.27319587628865977,0.033736094717738196,Astrocytes,Astrocytes,0.0,1.0
Adam9,Adam9,0.1981676280963692,0.0,8.49027,Itgb1,Itgb1,0.2962962962962963,0.044881685854855524,Neurons,Microglia,0.0,1.0
Dkk3,Dkk3,0.1323379708177808,0.0,8.49027,Kremen1,Kremen1,0.10256410256410256,0.0,Neurons,Pericytes,0.0,1.0
Ltbp3,Ltbp3,0.18425517475398712,0.0,8.49027,Itgb5,Itgb5,0.1987179487179487,0.0,Neurons,Pericytes,0.0,1.0
Spon1,Spon1,0.15914489311163896,0.0,8.49027,App,App,0.5064102564102564,0.11599158612409188,Neurons,Pericytes,0.0,1.0
Wnt5b,Wnt5b,0.10654903291482865,0.0,8.49027,Fzd6,Fzd6_Lrp6,0.21153846153846154,0.0,Neurons,Pericytes,0.0,1.0
Sema3c,Sema3c,0.16491347132677298,0.0,8.49027,Nrp1,Nrp1_Plxna2,0.1794871794871795,0.0,Neurons,Pericytes,0.0,1.0
Bcan,Bcan,0.26874787919918564,0.013322399611839841,8.49027,Nrcam,Nrcam,0.16025641025641027,0.0,Neurons,Pericytes,0.0,1.0
Cntn2,Cntn2,0.25212080081438754,0.010661533325777739,8.49027,Cntn1,Cntn1,0.11522633744855967,0.0,Neurons,Microglia,0.0,1.0
Psen1,Psen1,0.2809636918900577,0.013859826985143986,8.49027,Notch2,Notch2,0.1794871794871795,0.0,Neurons,Pericytes,0.0,1.0
F8,F8,0.10892432982694265,0.0,8.49027,Lrp1,Lrp1,0.4551282051282051,0.05665531204614227,Neurons,Pericytes,0.0,1.0
Agrn,Agrn,0.4530030539531727,0.024281996724193622,8.49027,Dag1,Dag1,0.1111111111111111,0.0,Neurons,Microglia,0.0,1.0
Serpine2,Serpine2,0.12690872073294876,0.0,8.49027,Lrp1,Lrp1,0.4551282051282051,0.05665531204614227,Neurons,Pericytes,0.0,1.0
Lrpap1,Lrpap1,0.4065151001017984,0.021576915409774577,8.49027,Ldlr,Ldlr,0.10897435897435898,0.0,Neurons,Pericytes,0.0,1.0
Agrn,Agrn,0.4530030539531727,0.024281996724193622,8.49027,Atp1a3,Atp1a3,0.1282051282051282,0.0,Neurons,Pericytes,0.0,1.0
Col11a1,Col11a1,0.3545978961655921,0.027649154759548433,8.49027,Ddr1,Ddr1,0.10897435897435898,0.0,Neurons,Pericytes,0.0,1.0
F8,F8,0.10892432982694265,0.0,8.49027,Ldlr,Ldlr,0.10897435897435898,0.0,Neurons,Pericytes,0.0,1.0
Rtn4,Rtn4,0.6939260264675942,0.10339765422411484,8.49027,Tnfrsf19,Tnfrsf19,0.10256410256410256,0.0,Neurons,Pericytes,0.0,1.0
Cthrc1,Cthrc1,0.18018323719036308,0.0,8.49027,Fzd6,Fzd6,0.21153846153846154,0.0,Neurons,Pericytes,0.0,1.0
Fbn1,Fbn1,0.17780794027824906,0.0,8.49027,Itgb1,Itgb1,0.27564102564102566,0.025161917033040437,Neurons,Pericytes,0.0,1.0
Gnai2,Gnai2,0.16762809636918902,0.0,8.49027,Tbxa2r,Tbxa2r,0.12179487179487179,0.0,Neurons,Pericytes,0.0,1.0
Gnai2,Gnai2,0.16762809636918902,0.0,8.49027,Ednra,Ednra,0.19230769230769232,0.0,Neurons,Pericytes,0.0,1.0
Rgmb,Rgmb,0.17678995588734306,0.0,8.49027,Neo1,Neo1,0.1858974358974359,0.0,Neurons,Pericytes,0.0,1.0
Farp2,Farp2,0.22124194095690533,0.0,8.49027,Plxna2,Plxna2,0.19230769230769232,0.0,Neurons,Pericytes,0.0,1.0
Rims2,Rims2,0.7539871055310485,0.2662043124524509,8.49027,Abca1,Abca1,0.1346153846153846,0.0,Neurons,Pericytes,0.0,1.0
Adam10,Adam10,0.46182558534102475,0.026315314115175514,8.49027,Cadm1,Cadm1,0.22435897435897437,0.0,Neurons,Pericytes,0.0,1.0
Apoe,Apoe,0.2297251442144554,0.0,8.49027,Abca1,Abca1,0.1346153846153846,0.0,Neurons,Pericytes,0.0,1.0
Vcl,Vcl,0.28028503562945367,0.014095716815997306,8.49027,Itgb5,Itgb5,0.1987179487179487,0.0,Neurons,Pericytes,0.0,1.0
Itgb3bp,Itgb3bp,0.20834747200542925,0.0,8.49027,Itgb5,Itgb5,0.1987179487179487,0.0,Neurons,Pericytes,0.0,1.0
Tln1,Tln1,0.165252799457075,0.0,8.49027,Itgb5,Itgb5,0.1987179487179487,0.0,Neurons,Pericytes,0.0,1.0
Ptdss1,Ptdss1,0.27078384798099764,0.012957329237583914,8.49027,Jmjd6,Jmjd6,0.10256410256410256,0.0,Neurons,Pericytes,0.0,1.0
Cadm3,Cadm3,0.4014251781472684,0.02115505831923392,8.49027,Cadm1,Cadm1,0.22435897435897437,0.0,Neurons,Pericytes,0.0,1.0
Nampt,Nampt,0.20665083135391923,0.0,8.49027,Insr,Insr,0.33974358974358976,0.04287694478983206,Neurons,Pericytes,0.0,1.0
Hsp90aa1,Hsp90aa1,0.6956226671191041,0.09916631681612742,8.49027,Egfr,Egfr,0.1282051282051282,0.0,Neurons,Pericytes,0.0,1.0
Gnai2,Gnai2,0.16762809636918902,0.0,8.49027,Egfr,Egfr,0.1282051282051282,0.0,Neurons,Pericytes,0.0,1.0
Gnai2,Gnai2,0.16762809636918902,0.0,8.49027,Igf1r,Igf1r,0.3717948717948718,0.054859767694326766,Neurons,Pericytes,0.0,1.0
Gpc3,Gpc3,0.15405497115710892,0.0,8.49027,Igf1r,Igf1r,0.3717948717948718,0.054859767694326766,Neurons,Pericytes,0.0,1.0
Gpc3,Gpc3,0.15405497115710892,0.0,8.49027,Cd81,Cd81,0.6474358974358975,0.19210052867613192,Neurons,Pericytes,0.0,1.0
Gpc3,Gpc3,0.15405497115710892,0.0,8.49027,Lrp1,Lrp1,0.4551282051282051,0.05665531204614227,Neurons,Pericytes,0.0,1.0
Hspa8,Hspa8,0.7176789955887343,0.11021819596231075,8.49027,Ldlr,Ldlr,0.10897435897435898,0.0,Neurons,Pericytes,0.0,1.0
Actr2,Actr2,0.47845266372582285,0.027299769597495582,8.49027,Ldlr,Ldlr,0.10897435897435898,0.0,Neurons,Pericytes,0.0,1.0
Fgf14,Fgf14,0.7716321683067526,0.40693580802033535,8.49027,Fgfr1,Fgfr1,0.1987179487179487,0.0,Neurons,Pericytes,0.0,1.0
Rgmb,Rgmb,0.17678995588734306,0.0,8.49027,Bmpr1b,Bmpr1b,0.12179487179487179,0.0,Neurons,Pericytes,0.0,1.0
Rgmb,Rgmb,0.17678995588734306,0.0,8.49027,Bmpr2,Bmpr2,0.30128205128205127,0.040792244595329596,Neurons,Pericytes,0.0,1.0
Arpc5,Arpc5,0.12656939260264677,0.0,8.49027,Ldlr,Ldlr,0.10897435897435898,0.0,Neurons,Pericytes,0.0,1.0
Pigf,Pigf,0.14489311163895488,0.0,8.49027,Flt1,Flt1,0.28846153846153844,0.048655709905442435,Neurons,Pericytes,0.0,1.0
Lin7c,Lin7c,0.16966406515100102,0.0,8.49027,Abca1,Abca1,0.1346153846153846,0.0,Neurons,Pericytes,0.0,1.0
Cgn,Cgn,0.12792670512385476,0.0,8.49027,Tgfbr1,Tgfbr1,0.14102564102564102,0.0,Neurons,Pericytes,0.0,1.0
Cgn,Cgn,0.12792670512385476,0.0,8.49027,Tgfbr2,Tgfbr2,0.14743589743589744,0.0,Neurons,Pericytes,0.0,1.0
Tac1,Tac1,0.1001017984390906,0.0,8.49027,Fap,Fap,0.1282051282051282,0.0,Neurons,Pericytes,0.0,1.0
Spp1,Spp1,0.11367492365117068,0.0,8.49027,S1pr1,S1pr1,0.14102564102564102,0.0,Neurons,Pericytes,0.0,1.0
Ptn,Ptn,0.34170342721411606,0.02052779989104636,8.49027,Cdh10,Cdh10,0.14743589743589744,0.0,Neurons,Pericytes,0.0,1.0
Ptn,Ptn,0.34170342721411606,0.02052779989104636,8.49027,Ncl,Ncl,0.16025641025641027,0.0,Neurons,Pericytes,0.0,1.0
Pdap1,Pdap1,0.15744825246012895,0.0,8.49027,Pdgfrb,Pdgfrb,0.8141025641025641,0.2579296504500207,Neurons,Pericytes,0.0,1.0
Fgf12,Fgf12,0.7567017305734646,0.26743388074762353,8.49027,Fgfr1,Fgfr1,0.1987179487179487,0.0,Neurons,Pericytes,0.0,1.0
Jag2,Jag2,0.16932473702069903,0.0,8.49027,Notch2,Notch2,0.3004115226337449,0.04775724139878146,Neurons,Microglia,0.0,1.0
Gnai2,Gnai2,0.16762809636918902,0.0,8.49027,S1pr1,S1pr1,0.14102564102564102,0.0,Neurons,Pericytes,0.0,1.0
Sorbs1,Sorbs1,0.6029860875466576,0.08618647814945013,8.49027,Itgb5,Itgb5,0.1987179487179487,0.0,Neurons,Pericytes,0.0,1.0
Gnai2,Gnai2,0.16762809636918902,0.0,8.49027,Adcy9,Adcy9,0.28846153846153844,0.035158654130630684,Neurons,Pericytes,0.0,1.0
Gnai2,Gnai2,0.16762809636918902,0.0,8.49027,Adcy8,Adcy8,0.10897435897435898,0.0,Neurons,Pericytes,0.0,1.0
Gnas,Gnas,0.8890397013912453,0.24492372329315737,8.49027,Adcy8,Adcy8,0.10897435897435898,0.0,Neurons,Pericytes,0.0,1.0
Adam10,Adam10,0.33004926108374383,0.038064970206242554,8.49027,Nrcam,Nrcam,0.16025641025641027,0.0,OPCs,Pericytes,0.0,1.0
Adam10,Adam10,0.33004926108374383,0.038064970206242554,8.49027,Notch2,Notch2,0.1794871794871795,0.0,OPCs,Pericytes,0.0,1.0
Adam10,Adam10,0.33004926108374383,0.038064970206242554,8.49027,Notch1,Notch1,0.19230769230769232,0.0,OPCs,Pericytes,0.0,1.0
Adam10,Adam10,0.33004926108374383,0.038064970206242554,8.49027,Axl,Axl,0.16025641025641027,0.0,OPCs,Pericytes,0.0,1.0
Adam10,Adam10,0.33004926108374383,0.038064970206242554,8.49027,Epha3,Epha3,0.10256410256410256,0.0,OPCs,Pericytes,0.0,1.0
Nrg3,Nrg3,0.7651849338310146,0.41907249413376,8.49027,Egfr,Egfr,0.1282051282051282,0.0,Neurons,Pericytes,0.0,1.0
Pam,Pam,0.6498133695283339,0.11282380509037782,8.49027,Fap,Fap,0.1282051282051282,0.0,Neurons,Pericytes,0.0,1.0
Fstl5,Fstl5,0.5629453681710214,0.11294333704319226,8.49027,Chl1,Chl1,0.14743589743589744,0.0,Neurons,Pericytes,0.0,1.0
Angpt1,Angpt1,0.19072164948453607,0.0,8.49027,Itgb1,Itgb1,0.13402061855670103,0.0,Astrocytes,Astrocytes,0.0,1.0
Gas6,Gas6,0.11082474226804123,0.0,8.49027,Mertk,Mertk,0.4536082474226804,0.05344353800257229,Astrocytes,Astrocytes,0.0,1.0
Gas6,Gas6,0.11082474226804123,0.0,8.49027,Axl,Axl,0.12886597938144329,0.0,Astrocytes,Astrocytes,0.0,1.0
Il15ra,Il15ra,0.15979381443298968,0.0,8.49027,Axl,Axl,0.12886597938144329,0.0,Astrocytes,Astrocytes,0.0,1.0
Ybx1,Ybx1,0.12628865979381443,0.0,8.49027,Notch1,Notch1,0.22422680412371135,0.0,Astrocytes,Astrocytes,0.0,1.0
Vegfb,Vegfb,0.1056701030927835,0.0,8.49027,Nrp1,Nrp1,0.17525773195876287,0.0,Astrocytes,Astrocytes,0.0,1.0
Calr,Calr,0.15721649484536082,0.0,8.49027,Lrp1,Lrp1,0.4742268041237113,0.05117955567463084,Astrocytes,Astrocytes,0.0,1.0
Hsp90aa1,Hsp90aa1,0.24742268041237114,0.0,8.49027,Egfr,Egfr,0.3582474226804124,0.04175933524722142,Astrocytes,Astrocytes,0.0,1.0
Gnai2,Gnai2,0.13402061855670103,0.0,8.49027,Egfr,Egfr,0.3582474226804124,0.04175933524722142,Astrocytes,Astrocytes,0.0,1.0
Gnai2,Gnai2,0.13402061855670103,0.0,8.49027,Igf1r,Igf1r,0.3634020618556701,0.041961547591853554,Astrocytes,Astrocytes,0.0,1.0
Lrpap1,Lrpap1,0.17525773195876287,0.0,8.49027,Sorl1,Sorl1,0.34536082474226804,0.039568285558095995,Astrocytes,Astrocytes,0.0,1.0
Lrpap1,Lrpap1,0.17525773195876287,0.0,8.49027,Lrp1,Lrp1,0.4742268041237113,0.05117955567463084,Astrocytes,Astrocytes,0.0,1.0
Gpc3,Gpc3,0.15405497115710892,0.0,8.49027,Flt1,Flt1,0.28846153846153844,0.048655709905442435,Neurons,Pericytes,0.0,1.0
Slitrk1,Slitrk1,0.2992874109263658,0.01582383423680489,8.49027,Enpep,Enpep,0.19230769230769232,0.0,Neurons,Pericytes,0.0,1.0
Sparc,Sparc,0.11333559552086868,0.0,8.49027,Eng,Eng,0.16025641025641027,0.0,Neurons,Pericytes,0.0,1.0
Slc6a8,Slc6a8,0.14014251781472684,0.0,8.49027,Lifr,Lifr,0.17307692307692307,0.0,Neurons,Pericytes,0.0,1.0
Sparc,Sparc,0.11333559552086868,0.0,8.49027,Fgfr1,Fgfr1,0.1987179487179487,0.0,Neurons,Pericytes,0.0,1.0
Timp3,Timp3,0.2307431286053614,0.0,8.49027,Ddr1,Ddr1,0.10897435897435898,0.0,Neurons,Pericytes,0.0,1.0
Cntn4,Cntn4,0.6070580251102816,0.1523873001386038,8.49027,Aplp1,Aplp1,0.12179487179487179,0.0,Neurons,Pericytes,0.0,1.0
Ncam1,Ncam1,0.8275862068965517,0.2684227441308553,8.49027,Fgfr1,Fgfr1,0.1987179487179487,0.0,OPCs,Pericytes,0.0,1.0
Ncam1,Ncam1,0.8275862068965517,0.2684227441308553,8.49027,Ncam2,Ncam2,0.17307692307692307,0.0,OPCs,Pericytes,0.0,1.0
App,App,0.5517241379310345,0.11841058036538166,8.49027,Notch2,Notch2,0.1794871794871795,0.0,OPCs,Pericytes,0.0,1.0
App,App,0.5517241379310345,0.11841058036538166,8.49027,Aplp1,Aplp1,0.12179487179487179,0.0,OPCs,Pericytes,0.0,1.0
Ptn,Ptn,0.41494845360824745,0.049143312553678875,8.49027,Sdc3,Sdc3,0.13144329896907217,0.0,Astrocytes,Astrocytes,0.0,1.0
Vegfa,Vegfa,0.36597938144329895,0.04257731020042266,8.49027,Sirpa,Sirpa,0.14690721649484537,0.0,Astrocytes,Astrocytes,0.0,1.0
Vegfa,Vegfa,0.36597938144329895,0.04257731020042266,8.49027,Itgb1,Itgb1,0.13402061855670103,0.0,Astrocytes,Astrocytes,0.0,1.0
Psap,Psap,0.5489690721649485,0.12844396411756553,8.49027,Gpr37,Gpr37,0.1211340206185567,0.0,Astrocytes,Astrocytes,0.0,1.0
Spon1,Spon1,0.4484536082474227,0.0486828795291987,8.49027,App,App,0.24742268041237114,0.0,Astrocytes,Astrocytes,0.0,1.0
App,App,0.5517241379310345,0.11841058036538166,8.49027,Lrp6,Lrp6,0.20512820512820512,0.0,OPCs,Pericytes,0.0,1.0
App,App,0.5517241379310345,0.11841058036538166,8.49027,Tnfrsf21,Tnfrsf21,0.1346153846153846,0.0,OPCs,Pericytes,0.0,1.0
H2-K1,H2-K1,0.21674876847290642,0.0,8.49027,Aplp2,Aplp2,0.30128205128205127,0.04284033981855384,OPCs,Pericytes,0.0,1.0
Tgfa,Tgfa,0.33004926108374383,0.03690540355465499,8.49027,Erbb4,Erbb4,0.16666666666666666,0.0,OPCs,Pericytes,0.0,1.0
Slitrk3,Slitrk3,0.18226600985221675,0.0,8.49027,Ptprs,Ptprs,0.17307692307692307,0.0,OPCs,Pericytes,0.0,1.0
Adam23,Adam23,0.3645320197044335,0.04171960183342871,8.49027,Itga4,Itga4,0.14743589743589744,0.0,OPCs,Pericytes,0.0,1.0
Adam17,Adam17,0.1724137931034483,0.0,8.49027,Notch1,Notch1,0.19230769230769232,0.0,OPCs,Pericytes,0.0,1.0
Adam17,Adam17,0.1724137931034483,0.0,8.49027,Itgb1,Itgb1,0.27564102564102566,0.025161917033040437,OPCs,Pericytes,0.0,1.0
Jag1,Jag1,0.12807881773399016,0.0,8.49027,Notch3,Notch3,0.42948717948717946,0.06431839293469666,OPCs,Pericytes,0.0,1.0
Jag1,Jag1,0.12807881773399016,0.0,8.49027,Notch2,Notch2,0.1794871794871795,0.0,OPCs,Pericytes,0.0,1.0
Jag1,Jag1,0.12807881773399016,0.0,8.49027,Notch1,Notch1,0.19230769230769232,0.0,OPCs,Pericytes,0.0,1.0
Jag1,Jag1,0.12807881773399016,0.0,8.49027,Cd46,Cd46,0.17307692307692307,0.0,OPCs,Pericytes,0.0,1.0
Sirpa,Sirpa,0.1330049261083744,0.0,8.49027,Cd47,Cd47,0.17307692307692307,0.0,OPCs,Pericytes,0.0,1.0
B2m,B2m,0.33497536945812806,0.036743400252382985,8.49027,Tfrc,Tfrc,0.11538461538461539,0.0,OPCs,Pericytes,0.0,1.0
Nrxn2,Nrxn2,0.7536945812807881,0.20222219681281162,8.49027,Nlgn1,Nlgn1,0.21794871794871795,0.0,OPCs,Pericytes,0.0,1.0
Nrxn1,Nrxn1,0.8768472906403941,0.5043964435698678,8.49027,Nlgn1,Nlgn1,0.21794871794871795,0.0,OPCs,Pericytes,0.0,1.0
Jam2,Jam2,0.3694581280788177,0.03638170140018615,8.49027,Itga4,Itga4_Itgb1,0.14743589743589744,0.0,OPCs,Pericytes,0.0,1.0
Jam2,Jam2,0.3694581280788177,0.03638170140018615,8.49027,Itgav,Itgav_Itgb1,0.21794871794871795,0.0,OPCs,Pericytes,0.0,1.0
Sdc2,Sdc2,0.2660098522167488,0.030683516714840264,8.49027,Ptprj,Ptprj,0.14743589743589744,0.0,OPCs,Pericytes,0.0,1.0
St6gal1,St6gal1,0.35960591133004927,0.03747434483072465,8.49027,Egfr,Egfr,0.1282051282051282,0.0,OPCs,Pericytes,0.0,1.0
Ncam1,Ncam1,0.8275862068965517,0.2684227441308553,8.49027,Robo1,Robo1,0.23076923076923078,0.0,OPCs,Pericytes,0.0,1.0
Ncam1,Ncam1,0.8275862068965517,0.2684227441308553,8.49027,Ptprz1,Ptprz1,0.16025641025641027,0.0,OPCs,Pericytes,0.0,1.0
Nlgn2,Nlgn2,0.32019704433497537,0.0352717879139155,8.49027,Nrxn1,Nrxn1,0.23717948717948717,0.0,OPCs,Pericytes,0.0,1.0
Nlgn1,Nlgn1,0.8669950738916257,0.45541186108127185,8.49027,Nrxn2,Nrxn2,0.14743589743589744,0.0,OPCs,Pericytes,0.0,1.0
Nlgn1,Nlgn1,0.8669950738916257,0.45541186108127185,8.49027,Nrxn1,Nrxn1,0.23717948717948717,0.0,OPCs,Pericytes,0.0,1.0
Ntrk3,Ntrk3,0.7192118226600985,0.1658477219832024,8.49027,Ptprs,Ptprs,0.17307692307692307,0.0,OPCs,Pericytes,0.0,1.0
Alcam,Alcam,0.7832512315270936,0.2217915033454625,8.49027,Nrp1,Nrp1,0.1794871794871795,0.0,OPCs,Pericytes,0.0,1.0
Alcam,Alcam,0.7832512315270936,0.2217915033454625,8.49027,Chl1,Chl1,0.14743589743589744,0.0,OPCs,Pericytes,0.0,1.0
Adam9,Adam9,0.2019704433497537,0.0,8.49027,Itga6,Itga6,0.10897435897435898,0.0,OPCs,Pericytes,0.0,1.0
Adam9,Adam9,0.2019704433497537,0.0,8.49027,Itgb5,Itgb5,0.1987179487179487,0.0,OPCs,Pericytes,0.0,1.0
Adam9,Adam9,0.2019704433497537,0.0,8.49027,Itgav,Itgav,0.21794871794871795,0.0,OPCs,Pericytes,0.0,1.0
Adam9,Adam9,0.2019704433497537,0.0,8.49027,Itgb1,Itgb1,0.27564102564102566,0.025161917033040437,OPCs,Pericytes,0.0,1.0
Cntn1,Cntn1,0.8768472906403941,0.33697376270737145,8.49027,Nrcam,Nrcam,0.16025641025641027,0.0,OPCs,Pericytes,0.0,1.0
Cntn1,Cntn1,0.8768472906403941,0.33697376270737145,8.49027,Notch2,Notch2,0.1794871794871795,0.0,OPCs,Pericytes,0.0,1.0
Cntn1,Cntn1,0.8768472906403941,0.33697376270737145,8.49027,Notch1,Notch1,0.19230769230769232,0.0,OPCs,Pericytes,0.0,1.0
Cntn1,Cntn1,0.8768472906403941,0.33697376270737145,8.49027,Ptprz1,Ptprz1,0.16025641025641027,0.0,OPCs,Pericytes,0.0,1.0
Adam17,Adam17,0.1724137931034483,0.0,8.49027,Erbb4,Erbb4,0.16666666666666666,0.0,OPCs,Pericytes,0.0,1.0
Agrn,Agrn,0.3054187192118227,0.036506940895809636,8.49027,Dag1,Dag1,0.23076923076923078,0.0,OPCs,Pericytes,0.0,1.0
Il1rapl1,Il1rapl1,0.6935866983372921,0.2682423317214111,8.49027,Ptprs,Ptprs,0.205761316872428,0.0,Neurons,Microglia,0.0,1.0
Il1rapl1,Il1rapl1,0.8669950738916257,0.4069855822866528,8.49027,Ptprs,Ptprs,0.17307692307692307,0.0,OPCs,Pericytes,0.0,1.0
Nlgn3,Nlgn3,0.2857142857142857,0.030202463173612415,8.49027,Nrxn2,Nrxn2,0.14743589743589744,0.0,OPCs,Pericytes,0.0,1.0
Nlgn3,Nlgn3,0.2857142857142857,0.030202463173612415,8.49027,Nrxn1,Nrxn1,0.23717948717948717,0.0,OPCs,Pericytes,0.0,1.0
Dll3,Dll3,0.10837438423645321,0.0,8.49027,Notch3,Notch3,0.42948717948717946,0.06431839293469666,OPCs,Pericytes,0.0,1.0
Dll3,Dll3,0.10837438423645321,0.0,8.49027,Notch2,Notch2,0.1794871794871795,0.0,OPCs,Pericytes,0.0,1.0
Dll3,Dll3,0.10837438423645321,0.0,8.49027,Notch1,Notch1,0.19230769230769232,0.0,OPCs,Pericytes,0.0,1.0
Lrrc4b,Lrrc4b,0.33004926108374383,0.036287009193182396,8.49027,Ptprs,Ptprs,0.17307692307692307,0.0,OPCs,Pericytes,0.0,1.0
Sema6a,Sema6a,0.3399014778325123,0.03747434483072465,8.49027,Plxna2,Plxna2,0.19230769230769232,0.0,OPCs,Pericytes,0.0,1.0
Slitrk2,Slitrk2,0.15763546798029557,0.0,8.49027,Ptprs,Ptprs,0.17307692307692307,0.0,OPCs,Pericytes,0.0,1.0
Nlgn3,Nlgn3,0.2130980658296573,0.0,8.49027,Nrxn1,Nrxn1,0.13168724279835392,0.0,Neurons,Microglia,0.0,1.0
Slitrk1,Slitrk1,0.22167487684729065,0.0,8.49027,Ptprs,Ptprs,0.17307692307692307,0.0,OPCs,Pericytes,0.0,1.0
Sema4d,Sema4d,0.11330049261083744,0.0,8.49027,Plxnb1,Plxnb1,0.1346153846153846,0.0,OPCs,Pericytes,0.0,1.0
Nlgn2,Nlgn2,0.32019704433497537,0.0352717879139155,8.49027,Nrxn2,Nrxn2,0.14743589743589744,0.0,OPCs,Pericytes,0.0,1.0
Slit2,Slit2,0.11330049261083744,0.0,8.49027,Robo1,Robo1,0.23076923076923078,0.0,OPCs,Pericytes,0.0,1.0
Slit2,Slit2,0.11330049261083744,0.0,8.49027,Robo2,Robo2,0.17307692307692307,0.0,OPCs,Pericytes,0.0,1.0
Slit2,Slit2,0.11330049261083744,0.0,8.49027,App,App,0.5064102564102564,0.11599158612409188,OPCs,Pericytes,0.0,1.0
Edil3,Edil3,0.7142857142857143,0.18023484378583188,8.49027,Itgb5,Itgb5,0.1987179487179487,0.0,OPCs,Pericytes,0.0,1.0
Edil3,Edil3,0.7142857142857143,0.18023484378583188,8.49027,Itgav,Itgav,0.21794871794871795,0.0,OPCs,Pericytes,0.0,1.0
Ccl25,Ccl25,0.18719211822660098,0.0,8.49027,Grm7,Grm7,0.47435897435897434,0.11845025059604364,OPCs,Pericytes,0.0,1.0
Sema3e,Sema3e,0.24630541871921183,0.0,8.49027,Nrp1,Nrp1,0.1794871794871795,0.0,OPCs,Pericytes,0.0,1.0
Lama4,Lama4,0.30049261083743845,0.034918250216104285,8.49027,Dag1,Dag1,0.23076923076923078,0.0,OPCs,Pericytes,0.0,1.0
Lama4,Lama4,0.30049261083743845,0.034918250216104285,8.49027,Itgav,Itgav_Itgb8,0.21794871794871795,0.0,OPCs,Pericytes,0.0,1.0
Lama4,Lama4,0.30049261083743845,0.034918250216104285,8.49027,Itga6,Itga6_Itgb1,0.10897435897435898,0.0,OPCs,Pericytes,0.0,1.0
Col9a3,Col9a3,0.2019704433497537,0.0,8.49027,Itgav,Itgav_Itgb8,0.21794871794871795,0.0,OPCs,Pericytes,0.0,1.0
Col9a3,Col9a3,0.2019704433497537,0.0,8.49027,Itgb1,Itga1_Itgb1,0.27564102564102566,0.025161917033040437,OPCs,Pericytes,0.0,1.0
Lamc1,Lamc1,0.35467980295566504,0.03864362764374851,8.49027,Dag1,Dag1,0.23076923076923078,0.0,OPCs,Pericytes,0.0,1.0
Lamc1,Lamc1,0.35467980295566504,0.03864362764374851,8.49027,Itgav,Itgav_Itgb8,0.21794871794871795,0.0,OPCs,Pericytes,0.0,1.0
Lamc1,Lamc1,0.35467980295566504,0.03864362764374851,8.49027,Itga6,Itga6_Itgb1,0.10897435897435898,0.0,OPCs,Pericytes,0.0,1.0
Vcan,Vcan,0.8571428571428571,0.35736201826648895,8.49027,Egfr,Egfr,0.1282051282051282,0.0,OPCs,Pericytes,0.0,1.0
Bmp1,Bmp1,0.11330049261083744,0.0,8.49027,Bmpr2,Bmpr2,0.30128205128205127,0.040792244595329596,OPCs,Pericytes,0.0,1.0
Bmp1,Bmp1,0.11330049261083744,0.0,8.49027,Bmpr1a,Bmpr1a,0.3333333333333333,0.043602031765429206,OPCs,Pericytes,0.0,1.0
Bmp1,Bmp1,0.11330049261083744,0.0,8.49027,Bmpr1b,Bmpr1b,0.12179487179487179,0.0,OPCs,Pericytes,0.0,1.0
Trf,Trf,0.12315270935960591,0.0,8.49027,Tfrc,Tfrc,0.11538461538461539,0.0,OPCs,Pericytes,0.0,1.0
Trf,Trf,0.12315270935960591,0.0,8.49027,Ldlr,Ldlr,0.10897435897435898,0.0,OPCs,Pericytes,0.0,1.0
Apoe,Apoe,0.8374384236453202,0.2405724520174406,8.49027,Ldlr,Ldlr,0.10897435897435898,0.0,OPCs,Pericytes,0.0,1.0
Apoe,Apoe,0.8374384236453202,0.2405724520174406,8.49027,Lrp6,Lrp6,0.20512820512820512,0.0,OPCs,Pericytes,0.0,1.0
Olfm2,Olfm2,0.5369458128078818,0.11349186665786304,8.49027,Robo2,Robo2,0.17307692307692307,0.0,OPCs,Pericytes,0.0,1.0
Ntn1,Ntn1,0.5369458128078818,0.1135570277715996,8.49027,Neo1,Neo1,0.1858974358974359,0.0,OPCs,Pericytes,0.0,1.0
Ntn1,Ntn1,0.5369458128078818,0.1135570277715996,8.49027,Mcam,Mcam,0.1346153846153846,0.0,OPCs,Pericytes,0.0,1.0
Sema3d,Sema3d,0.7093596059113301,0.17089539070544868,8.49027,Nrp1,Nrp1_Plxna2,0.1794871794871795,0.0,OPCs,Pericytes,0.0,1.0
Lrig2,Lrig2,0.22660098522167488,0.0,8.49027,Egfr,Egfr,0.1282051282051282,0.0,OPCs,Pericytes,0.0,1.0
Ptn,Ptn,0.8669950738916257,0.27545202362701793,8.49027,Sdc3,Sdc3,0.16025641025641027,0.0,OPCs,Pericytes,0.0,1.0
Bmp7,Bmp7,0.11330049261083744,0.0,8.49027,Ptprk,Ptprk,0.5128205128205128,0.15140079734733947,OPCs,Pericytes,0.0,1.0
Bmp7,Bmp7,0.11330049261083744,0.0,8.49027,Acvr1,Acvr1_Bmpr2,0.1282051282051282,0.0,OPCs,Pericytes,0.0,1.0
Bmp7,Bmp7,0.11330049261083744,0.0,8.49027,Bmpr2,Bmpr1a_Bmpr2,0.30128205128205127,0.040792244595329596,OPCs,Pericytes,0.0,1.0
Bmp7,Bmp7,0.11330049261083744,0.0,8.49027,Acvr1,Acvr1_Acvr2a,0.1282051282051282,0.0,OPCs,Pericytes,0.0,1.0
Bmp7,Bmp7,0.11330049261083744,0.0,8.49027,Acvr2a,Acvr2a_Bmpr1a,0.1282051282051282,0.0,OPCs,Pericytes,0.0,1.0
Bmp7,Bmp7,0.11330049261083744,0.0,8.49027,Bmpr1b,Bmpr1b_Bmpr2,0.12179487179487179,0.0,OPCs,Pericytes,0.0,1.0
Bmp7,Bmp7,0.11330049261083744,0.0,8.49027,Acvr2a,Acvr2a_Bmpr1b,0.1282051282051282,0.0,OPCs,Pericytes,0.0,1.0
Vegfa,Vegfa,0.2955665024630542,0.0368593044404415,8.49027,Itgav,Itgav,0.21794871794871795,0.0,OPCs,Pericytes,0.0,1.0
Sema4g,Sema4g,0.166270783847981,0.0,8.49027,Plxnb2,Plxnb2,0.13580246913580246,0.0,Neurons,Microglia,0.0,1.0
Vegfa,Vegfa,0.2955665024630542,0.0368593044404415,8.49027,Egfr,Egfr,0.1282051282051282,0.0,OPCs,Pericytes,0.0,1.0
Vegfa,Vegfa,0.2955665024630542,0.0368593044404415,8.49027,Nrp1,Nrp1,0.1794871794871795,0.0,OPCs,Pericytes,0.0,1.0
Mif,Mif,0.2857142857142857,0.03288081012584243,8.49027,Ackr3,Ackr3,0.1858974358974359,0.0,OPCs,Pericytes,0.0,1.0
Mif,Mif,0.2857142857142857,0.03288081012584243,8.49027,Egfr,Egfr,0.1282051282051282,0.0,OPCs,Pericytes,0.0,1.0
Lrrc4b,Lrrc4b,0.35799117746861214,0.018825450657053766,8.49027,Ptprs,Ptprs,0.205761316872428,0.0,Neurons,Microglia,0.0,1.0
Vcan,Vcan,0.8571428571428571,0.35736201826648895,8.49027,Itga4,Itga4,0.14743589743589744,0.0,OPCs,Pericytes,0.0,1.0
Ybx1,Ybx1,0.21182266009852216,0.0,8.49027,Notch1,Notch1,0.19230769230769232,0.0,OPCs,Pericytes,0.0,1.0
Nxph1,Nxph1,0.8374384236453202,0.35138865700612953,8.49027,Nrxn2,Nrxn2,0.14743589743589744,0.0,OPCs,Pericytes,0.0,1.0
Nxph1,Nxph1,0.8374384236453202,0.35138865700612953,8.49027,Nrxn1,Nrxn1,0.23717948717948717,0.0,OPCs,Pericytes,0.0,1.0
Vegfb,Vegfb,0.11822660098522167,0.0,8.49027,Nrp1,Nrp1,0.1794871794871795,0.0,OPCs,Pericytes,0.0,1.0
Calr,Calr,0.3694581280788177,0.039838715500413624,8.49027,Itgav,Itgav,0.21794871794871795,0.0,OPCs,Pericytes,0.0,1.0
Mdk,Mdk,0.18719211822660098,0.0,8.49027,Lrp1,Lrp1,0.4551282051282051,0.05665531204614227,OPCs,Pericytes,0.0,1.0
Mdk,Mdk,0.18719211822660098,0.0,8.49027,Notch2,Notch2,0.1794871794871795,0.0,OPCs,Pericytes,0.0,1.0
Mdk,Mdk,0.18719211822660098,0.0,8.49027,Sdc2,Sdc2,0.3717948717948718,0.05196056323109566,OPCs,Pericytes,0.0,1.0
Mdk,Mdk,0.18719211822660098,0.0,8.49027,Ptprz1,Ptprz1,0.16025641025641027,0.0,OPCs,Pericytes,0.0,1.0
Mdk,Mdk,0.18719211822660098,0.0,8.49027,Sdc3,Sdc3,0.16025641025641027,0.0,OPCs,Pericytes,0.0,1.0
Mdk,Mdk,0.18719211822660098,0.0,8.49027,Itga6,Itga6_Itgb1,0.10897435897435898,0.0,OPCs,Pericytes,0.0,1.0
Mdk,Mdk,0.18719211822660098,0.0,8.49027,Itga4,Itga4_Itgb1,0.14743589743589744,0.0,OPCs,Pericytes,0.0,1.0
Ptn,Ptn,0.8669950738916257,0.27545202362701793,8.49027,Ptprs,Ptprs,0.17307692307692307,0.0,OPCs,Pericytes,0.0,1.0
Ptn,Ptn,0.8669950738916257,0.27545202362701793,8.49027,Ptprz1,Ptprz1,0.16025641025641027,0.0,OPCs,Pericytes,0.0,1.0
Bcan,Bcan,0.46798029556650245,0.04362509448568819,8.49027,Egfr,Egfr,0.1282051282051282,0.0,OPCs,Pericytes,0.0,1.0
Rgma,Rgma,0.2019704433497537,0.0,8.49027,Neo1,Neo1,0.1858974358974359,0.0,OPCs,Pericytes,0.0,1.0
Rgma,Rgma,0.2019704433497537,0.0,8.49027,Bmpr2,Bmpr2,0.30128205128205127,0.040792244595329596,OPCs,Pericytes,0.0,1.0
Rgma,Rgma,0.2019704433497537,0.0,8.49027,Bmpr1b,Bmpr1b,0.12179487179487179,0.0,OPCs,Pericytes,0.0,1.0
Fgf13,Fgf13,0.13793103448275862,0.0,8.49027,Fgfr3,Fgfr3,0.14743589743589744,0.0,OPCs,Pericytes,0.0,1.0
Fgf13,Fgf13,0.13793103448275862,0.0,8.49027,Fgfr2,Fgfr2,0.3333333333333333,0.04783757436178393,OPCs,Pericytes,0.0,1.0
Fgf13,Fgf13,0.13793103448275862,0.0,8.49027,Fgfr1,Fgfr1,0.1987179487179487,0.0,OPCs,Pericytes,0.0,1.0
Fgf13,Fgf13,0.13793103448275862,0.0,8.49027,Egfr,Egfr,0.1282051282051282,0.0,OPCs,Pericytes,0.0,1.0
Fam3c,Fam3c,0.2019704433497537,0.0,8.49027,Lifr,Lifr,0.17307692307692307,0.0,OPCs,Pericytes,0.0,1.0
Fam3c,Fam3c,0.2019704433497537,0.0,8.49027,Lamp1,Lamp1,0.42948717948717946,0.05910851556500352,OPCs,Pericytes,0.0,1.0
Sema6b,Sema6b,0.1506616898540889,0.0,8.49027,Plxna4,Plxna4,0.41975308641975306,0.0561726113557981,Neurons,Microglia,0.0,1.0
Sema4a,Sema4a,0.13030200203596878,0.0,8.49027,Plxnb2,Plxnb2,0.13580246913580246,0.0,Neurons,Microglia,0.0,1.0
Gas6,Gas6,0.10344827586206896,0.0,8.49027,Mertk,Mertk,0.21794871794871795,0.0,OPCs,Pericytes,0.0,1.0
Gas6,Gas6,0.10344827586206896,0.0,8.49027,Axl,Axl,0.16025641025641027,0.0,OPCs,Pericytes,0.0,1.0
Il18,Il18,0.27586206896551724,0.02933365826928447,8.49027,Il1rapl1,Il1rapl1,0.1794871794871795,0.0,OPCs,Pericytes,0.0,1.0
Col16a1,Col16a1,0.16748768472906403,0.0,8.49027,Itgb1,Itga1_Itgb1,0.27564102564102566,0.025161917033040437,OPCs,Pericytes,0.0,1.0
Col11a1,Col11a1,0.3448275862068966,0.03889148277998333,8.49027,Ddr1,Ddr1,0.10897435897435898,0.0,OPCs,Pericytes,0.0,1.0
Rtn4,Rtn4,0.4729064039408867,0.045679641408594485,8.49027,Tnfrsf19,Tnfrsf19,0.10256410256410256,0.0,OPCs,Pericytes,0.0,1.0
Cthrc1,Cthrc1,0.30049261083743845,0.03461556089783291,8.49027,Fzd6,Fzd6,0.21153846153846154,0.0,OPCs,Pericytes,0.0,1.0
Sema4a,Sema4a,0.13030200203596878,0.0,8.49027,Nrp1,Nrp1_Plxna4,0.2880658436213992,0.0488521067694172,Neurons,Microglia,0.0,1.0
Gnai2,Gnai2,0.21182266009852216,0.0,8.49027,Tbxa2r,Tbxa2r,0.12179487179487179,0.0,OPCs,Pericytes,0.0,1.0
Gnai2,Gnai2,0.21182266009852216,0.0,8.49027,Ednra,Ednra,0.19230769230769232,0.0,OPCs,Pericytes,0.0,1.0
Timp2,Timp2,0.1625615763546798,0.0,8.49027,Itgb1,Itgb1,0.27564102564102566,0.025161917033040437,OPCs,Pericytes,0.0,1.0
Psen1,Psen1,0.11822660098522167,0.0,8.49027,Notch1,Notch1,0.19230769230769232,0.0,OPCs,Pericytes,0.0,1.0
Fgf1,Fgf1,0.30412371134020616,0.036871358377714714,8.49027,Fgfr1,Fgfr1,0.2268041237113402,0.0,Astrocytes,Astrocytes,0.0,1.0
Fgf1,Fgf1,0.30412371134020616,0.036871358377714714,8.49027,Nrp1,Nrp1,0.17525773195876287,0.0,Astrocytes,Astrocytes,0.0,1.0
Trf,Trf,0.10824742268041238,0.0,8.49027,Tfrc,Tfrc,0.11855670103092783,0.0,Astrocytes,Astrocytes,0.0,1.0
Trf,Trf,0.10824742268041238,0.0,8.49027,Ldlr,Ldlr,0.10309278350515463,0.0,Astrocytes,Astrocytes,0.0,1.0
Apoe,Apoe,0.8582474226804123,0.39041901806253865,8.49027,Ldlr,Ldlr,0.10309278350515463,0.0,Astrocytes,Astrocytes,0.0,1.0
Calr,Calr,0.15721649484536082,0.0,8.49027,Itgav,Itgav,0.25773195876288657,0.029662390884252543,Astrocytes,Astrocytes,0.0,1.0
Mdk,Mdk,0.2654639175257732,0.03304866225542413,8.49027,Notch2,Notch2,0.2345360824742268,0.0,Astrocytes,Astrocytes,0.0,1.0
Mdk,Mdk,0.2654639175257732,0.03304866225542413,8.49027,Sdc3,Sdc3,0.13144329896907217,0.0,Astrocytes,Astrocytes,0.0,1.0
Mdk,Mdk,0.2654639175257732,0.03304866225542413,8.49027,Itgb1,Itga6_Itgb1,0.13402061855670103,0.0,Astrocytes,Astrocytes,0.0,1.0
Gpi1,Gpi1,0.1330049261083744,0.0,8.49027,Amfr,Amfr,0.10256410256410256,0.0,OPCs,Pericytes,0.0,1.0
Cntn6,Cntn6,0.625615763546798,0.15704105363233012,8.49027,Notch1,Notch1,0.19230769230769232,0.0,OPCs,Pericytes,0.0,1.0
Psap,Psap,0.5566502463054187,0.11329936696449328,8.49027,Gpr37l1,Gpr37l1,0.1346153846153846,0.0,OPCs,Pericytes,0.0,1.0
Jam3,Jam3,0.20291822192059722,0.0,8.49027,Itgb1,Itgb1,0.2962962962962963,0.044881685854855524,Neurons,Microglia,0.0,1.0
Col5a3,Col5a3,0.11330049261083744,0.0,8.49027,Itgb1,Itga1_Itgb1,0.27564102564102566,0.025161917033040437,OPCs,Pericytes,0.0,1.0
Bcan,Bcan,0.46798029556650245,0.04362509448568819,8.49027,Nrcam,Nrcam,0.16025641025641027,0.0,OPCs,Pericytes,0.0,1.0
Itgb3bp,Itgb3bp,0.1330049261083744,0.0,8.49027,Itgb5,Itgb5,0.1987179487179487,0.0,OPCs,Pericytes,0.0,1.0
Megf10,Megf10,0.270935960591133,0.030197389217197612,8.49027,Abca1,Abca1,0.1346153846153846,0.0,OPCs,Pericytes,0.0,1.0
Ptdss1,Ptdss1,0.11330049261083744,0.0,8.49027,Jmjd6,Jmjd6,0.10256410256410256,0.0,OPCs,Pericytes,0.0,1.0
Col5a3,Col5a3,0.11330049261083744,0.0,8.49027,Sdc3,Sdc3,0.16025641025641027,0.0,OPCs,Pericytes,0.0,1.0
Nampt,Nampt,0.10344827586206896,0.0,8.49027,Insr,Insr,0.33974358974358976,0.04287694478983206,OPCs,Pericytes,0.0,1.0
Bmp7,Bmp7,0.11330049261083744,0.0,8.49027,Eng,Eng,0.16025641025641027,0.0,OPCs,Pericytes,0.0,1.0
Hsp90aa1,Hsp90aa1,0.3054187192118227,0.034751753891202775,8.49027,Egfr,Egfr,0.1282051282051282,0.0,OPCs,Pericytes,0.0,1.0
Gnai2,Gnai2,0.21182266009852216,0.0,8.49027,Egfr,Egfr,0.1282051282051282,0.0,OPCs,Pericytes,0.0,1.0
Gnai2,Gnai2,0.21182266009852216,0.0,8.49027,Igf1r,Igf1r,0.3717948717948718,0.054859767694326766,OPCs,Pericytes,0.0,1.0
Psen1,Psen1,0.11822660098522167,0.0,8.49027,Notch3,Notch3,0.42948717948717946,0.06431839293469666,OPCs,Pericytes,0.0,1.0
Psen1,Psen1,0.11822660098522167,0.0,8.49027,Notch2,Notch2,0.1794871794871795,0.0,OPCs,Pericytes,0.0,1.0
Lrpap1,Lrpap1,0.2561576354679803,0.026917150986223604,8.49027,Ldlr,Ldlr,0.10897435897435898,0.0,OPCs,Pericytes,0.0,1.0
Agrn,Agrn,0.3054187192118227,0.036506940895809636,8.49027,Atp1a3,Atp1a3,0.1282051282051282,0.0,OPCs,Pericytes,0.0,1.0
Hspa8,Hspa8,0.458128078817734,0.04508802791911548,8.49027,Ldlr,Ldlr,0.10897435897435898,0.0,OPCs,Pericytes,0.0,1.0
Actr2,Actr2,0.21182266009852216,0.0,8.49027,Ldlr,Ldlr,0.10897435897435898,0.0,OPCs,Pericytes,0.0,1.0
Fgf14,Fgf14,0.8571428571428571,0.33953198448739297,8.49027,Fgfr1,Fgfr1,0.1987179487179487,0.0,OPCs,Pericytes,0.0,1.0
S100a1,S100a1,0.22167487684729065,0.0,8.49027,Trpm3,Trpm3,0.30128205128205127,0.08012429544798372,OPCs,Pericytes,0.0,1.0
Farp2,Farp2,0.11822660098522167,0.0,8.49027,Plxna2,Plxna2,0.19230769230769232,0.0,OPCs,Pericytes,0.0,1.0
Rims2,Rims2,0.7192118226600985,0.18527475853386832,8.49027,Abca1,Abca1,0.1346153846153846,0.0,OPCs,Pericytes,0.0,1.0
Adam10,Adam10,0.33004926108374383,0.038064970206242554,8.49027,Cadm1,Cadm1,0.22435897435897437,0.0,OPCs,Pericytes,0.0,1.0
Ncan,Ncan,0.22167487684729065,0.0,8.49027,Sdc3,Sdc3,0.16025641025641027,0.0,OPCs,Pericytes,0.0,1.0
Ncan,Ncan,0.22167487684729065,0.0,8.49027,Cdh2,Cdh2,0.3717948717948718,0.0611234782565091,OPCs,Pericytes,0.0,1.0
Apoe,Apoe,0.8374384236453202,0.2405724520174406,8.49027,Abca1,Abca1,0.1346153846153846,0.0,OPCs,Pericytes,0.0,1.0
Mmp2,Mmp2,0.11330049261083744,0.0,8.49027,Fgfr1,Fgfr1,0.1987179487179487,0.0,OPCs,Pericytes,0.0,1.0
Vcl,Vcl,0.15763546798029557,0.0,8.49027,Itgb5,Itgb5,0.1987179487179487,0.0,OPCs,Pericytes,0.0,1.0
Cntn4,Cntn4,0.7980295566502463,0.2752337592570071,8.49027,Aplp1,Aplp1,0.12179487179487179,0.0,OPCs,Pericytes,0.0,1.0
Ptn,Ptn,0.8669950738916257,0.27545202362701793,8.49027,Cdh10,Cdh10,0.14743589743589744,0.0,OPCs,Pericytes,0.0,1.0
Ptn,Ptn,0.8669950738916257,0.27545202362701793,8.49027,Ncl,Ncl,0.16025641025641027,0.0,OPCs,Pericytes,0.0,1.0
Mdk,Mdk,0.18719211822660098,0.0,8.49027,Ncl,Ncl,0.16025641025641027,0.0,OPCs,Pericytes,0.0,1.0
Fgf12,Fgf12,0.8029556650246306,0.2383535131189034,8.49027,Fgfr1,Fgfr1,0.1987179487179487,0.0,OPCs,Pericytes,0.0,1.0
Gnai2,Gnai2,0.21182266009852216,0.0,8.49027,S1pr1,S1pr1,0.14102564102564102,0.0,OPCs,Pericytes,0.0,1.0
Lama2,Lama2,0.5335051546391752,0.14358747136163275,8.49027,Itga7,Itga7_Itgb1,0.1056701030927835,0.0,Astrocytes,Astrocytes,0.0,1.0
Lama2,Lama2,0.5335051546391752,0.14358747136163275,8.49027,Itgb1,Itga6_Itgb1,0.13402061855670103,0.0,Astrocytes,Astrocytes,0.0,1.0
Col1a2,Col1a2,0.11855670103092783,0.0,8.49027,Itgav,Itgav_Itgb8,0.25773195876288657,0.029662390884252543,Astrocytes,Astrocytes,0.0,1.0
Agrn,Agrn,0.21649484536082475,0.0,8.49027,Dag1,Dag1,0.19845360824742267,0.0,Astrocytes,Astrocytes,0.0,1.0
Agrn,Agrn,0.21649484536082475,0.0,8.49027,Lrp1,Lrp1,0.4742268041237113,0.05117955567463084,Astrocytes,Astrocytes,0.0,1.0
Agrn,Agrn,0.21649484536082475,0.0,8.49027,Itgb1,Itgb1,0.13402061855670103,0.0,Astrocytes,Astrocytes,0.0,1.0
Vegfa,Vegfa,0.36597938144329895,0.04257731020042266,8.49027,Nrp1,Nrp1,0.17525773195876287,0.0,Astrocytes,Astrocytes,0.0,1.0
Mif,Mif,0.211340206185567,0.0,8.49027,Egfr,Egfr,0.3582474226804124,0.04175933524722142,Astrocytes,Astrocytes,0.0,1.0
Bmp1,Bmp1,0.12628865979381443,0.0,8.49027,Bmpr2,Bmpr2,0.27835051546391754,0.034416874522912755,Astrocytes,Astrocytes,0.0,1.0
Bmp1,Bmp1,0.12628865979381443,0.0,8.49027,Bmpr1a,Bmpr1a,0.36082474226804123,0.041411824518046814,Astrocytes,Astrocytes,0.0,1.0
Bmp1,Bmp1,0.12628865979381443,0.0,8.49027,Bmpr1b,Bmpr1b,0.5128865979381443,0.12203669182939225,Astrocytes,Astrocytes,0.0,1.0
Fgf1,Fgf1,0.30412371134020616,0.036871358377714714,8.49027,Fgfrl1,Fgfrl1,0.13144329896907217,0.0,Astrocytes,Astrocytes,0.0,1.0
Sorbs1,Sorbs1,0.4236453201970443,0.044387628874306584,8.49027,Itgb5,Itgb5,0.1987179487179487,0.0,OPCs,Pericytes,0.0,1.0
Gnai2,Gnai2,0.21182266009852216,0.0,8.49027,Adcy9,Adcy9,0.28846153846153844,0.035158654130630684,OPCs,Pericytes,0.0,1.0
Gnai2,Gnai2,0.21182266009852216,0.0,8.49027,Adcy8,Adcy8,0.10897435897435898,0.0,OPCs,Pericytes,0.0,1.0
Gnas,Gnas,0.5911330049261084,0.13375737669993382,8.49027,Adcy8,Adcy8,0.10897435897435898,0.0,OPCs,Pericytes,0.0,1.0
Adam23,Adam23,0.14794558967886692,0.0,8.49027,Itga4,Itga4,0.14743589743589744,0.0,Oligodendrocytes,Pericytes,0.0,1.0
Adam10,Adam10,0.2507362221287337,0.012589448969097583,8.49027,Nrcam,Nrcam,0.16025641025641027,0.0,Oligodendrocytes,Pericytes,0.0,1.0
Adam10,Adam10,0.2507362221287337,0.012589448969097583,8.49027,Notch2,Notch2,0.1794871794871795,0.0,Oligodendrocytes,Pericytes,0.0,1.0
Adam10,Adam10,0.2507362221287337,0.012589448969097583,8.49027,Notch1,Notch1,0.19230769230769232,0.0,Oligodendrocytes,Pericytes,0.0,1.0
Adam10,Adam10,0.2507362221287337,0.012589448969097583,8.49027,Axl,Axl,0.16025641025641027,0.0,Oligodendrocytes,Pericytes,0.0,1.0
Adam10,Adam10,0.2507362221287337,0.012589448969097583,8.49027,Epha3,Epha3,0.10256410256410256,0.0,Oligodendrocytes,Pericytes,0.0,1.0
Bmp7,Bmp7,0.11330049261083744,0.0,8.49027,Actr2,Actr2,0.16666666666666666,0.0,OPCs,Pericytes,0.0,1.0
Nrg3,Nrg3,0.8374384236453202,0.3265657249285612,8.49027,Egfr,Egfr,0.1282051282051282,0.0,OPCs,Pericytes,0.0,1.0
Pam,Pam,0.33497536945812806,0.03748498592299132,8.49027,Fap,Fap,0.1282051282051282,0.0,OPCs,Pericytes,0.0,1.0
Fstl5,Fstl5,0.2512315270935961,0.012311923648953615,8.49027,Chl1,Chl1,0.14743589743589744,0.0,OPCs,Pericytes,0.0,1.0
Scel,Scel,0.10837438423645321,0.0,8.49027,Eng,Eng,0.16025641025641027,0.0,OPCs,Pericytes,0.0,1.0
Slitrk1,Slitrk1,0.22167487684729065,0.0,8.49027,Enpep,Enpep,0.19230769230769232,0.0,OPCs,Pericytes,0.0,1.0
Sparc,Sparc,0.5911330049261084,0.1254354791644805,8.49027,Eng,Eng,0.16025641025641027,0.0,OPCs,Pericytes,0.0,1.0
Sparc,Sparc,0.5911330049261084,0.1254354791644805,8.49027,Fgfr1,Fgfr1,0.1987179487179487,0.0,OPCs,Pericytes,0.0,1.0
Timp3,Timp3,0.2413793103448276,0.0,8.49027,Ddr1,Ddr1,0.10897435897435898,0.0,OPCs,Pericytes,0.0,1.0
Nrxn2,Nrxn2,0.15972514373860608,0.0,8.49027,Nlgn1,Nlgn1,0.21794871794871795,0.0,Oligodendrocytes,Pericytes,0.0,1.0
Nrxn1,Nrxn1,0.21778151731874912,0.0,8.49027,Nlgn1,Nlgn1,0.21794871794871795,0.0,Oligodendrocytes,Pericytes,0.0,1.0
St6gal1,St6gal1,0.24442574673958772,0.0,8.49027,Egfr,Egfr,0.1282051282051282,0.0,Oligodendrocytes,Pericytes,0.0,1.0
Ncam1,Ncam1,0.5330248212031973,0.17965692523993804,8.49027,Robo1,Robo1,0.23076923076923078,0.0,Oligodendrocytes,Pericytes,0.0,1.0
Ncam1,Ncam1,0.5330248212031973,0.17965692523993804,8.49027,Ptprz1,Ptprz1,0.16025641025641027,0.0,Oligodendrocytes,Pericytes,0.0,1.0
Ncam1,Ncam1,0.5330248212031973,0.17965692523993804,8.49027,Fgfr1,Fgfr1,0.1987179487179487,0.0,Oligodendrocytes,Pericytes,0.0,1.0
Ncam1,Ncam1,0.5330248212031973,0.17965692523993804,8.49027,Ncam2,Ncam2,0.17307692307692307,0.0,Oligodendrocytes,Pericytes,0.0,1.0
App,App,0.5727106997616043,0.1912491237039715,8.49027,Notch2,Notch2,0.1794871794871795,0.0,Oligodendrocytes,Pericytes,0.0,1.0
App,App,0.5727106997616043,0.1912491237039715,8.49027,Aplp1,Aplp1,0.12179487179487179,0.0,Oligodendrocytes,Pericytes,0.0,1.0
App,App,0.5727106997616043,0.1912491237039715,8.49027,Lrp6,Lrp6,0.20512820512820512,0.0,Oligodendrocytes,Pericytes,0.0,1.0
App,App,0.5727106997616043,0.1912491237039715,8.49027,Tnfrsf21,Tnfrsf21,0.1346153846153846,0.0,Oligodendrocytes,Pericytes,0.0,1.0
Sema6a,Sema6a,0.21147104192960314,0.0,8.49027,Plxna2,Plxna2,0.19230769230769232,0.0,Oligodendrocytes,Pericytes,0.0,1.0
Jam3,Jam3,0.20291822192059722,0.0,8.49027,Itgb2,Itgam_Itgb2,0.15637860082304528,0.0,Neurons,Microglia,0.0,1.0
Sema4d,Sema4d,0.18384518300378627,0.0,8.49027,Plxnb1,Plxnb1,0.1346153846153846,0.0,Oligodendrocytes,Pericytes,0.0,1.0
Nlgn1,Nlgn1,0.30360398261113447,0.0529812138718877,8.49027,Nrxn2,Nrxn2,0.14743589743589744,0.0,Oligodendrocytes,Pericytes,0.0,1.0
Nlgn1,Nlgn1,0.30360398261113447,0.0529812138718877,8.49027,Nrxn1,Nrxn1,0.23717948717948717,0.0,Oligodendrocytes,Pericytes,0.0,1.0
Efnb3,Efnb3,0.25045575655588276,0.013645050850475404,8.49027,Epha4,Epha4,0.10256410256410256,0.0,Oligodendrocytes,Pericytes,0.0,1.0
Alcam,Alcam,0.2016547468798205,0.0,8.49027,Nrp1,Nrp1,0.1794871794871795,0.0,Oligodendrocytes,Pericytes,0.0,1.0
Alcam,Alcam,0.2016547468798205,0.0,8.49027,Chl1,Chl1,0.14743589743589744,0.0,Oligodendrocytes,Pericytes,0.0,1.0
Cntn1,Cntn1,0.15285373720375825,0.0,8.49027,Nrcam,Nrcam,0.16025641025641027,0.0,Oligodendrocytes,Pericytes,0.0,1.0
Cntn1,Cntn1,0.15285373720375825,0.0,8.49027,Notch2,Notch2,0.1794871794871795,0.0,Oligodendrocytes,Pericytes,0.0,1.0
Cntn1,Cntn1,0.15285373720375825,0.0,8.49027,Notch1,Notch1,0.19230769230769232,0.0,Oligodendrocytes,Pericytes,0.0,1.0
Cntn1,Cntn1,0.15285373720375825,0.0,8.49027,Ptprz1,Ptprz1,0.16025641025641027,0.0,Oligodendrocytes,Pericytes,0.0,1.0
Cntn2,Cntn2,0.286916281026504,0.04029360596025944,8.49027,Nrcam,Nrcam,0.16025641025641027,0.0,Oligodendrocytes,Pericytes,0.0,1.0
Cntn2,Cntn2,0.286916281026504,0.04029360596025944,8.49027,Cntn1,Cntn1,0.1987179487179487,0.0,Oligodendrocytes,Pericytes,0.0,1.0
Cntn2,Cntn2,0.286916281026504,0.04029360596025944,8.49027,Nrp1,Nrp1,0.1794871794871795,0.0,Oligodendrocytes,Pericytes,0.0,1.0
B2m,B2m,0.11008273734399103,0.0,8.49027,Tfrc,Tfrc,0.11538461538461539,0.0,Oligodendrocytes,Pericytes,0.0,1.0
Apoe,Apoe,0.388865516757818,0.06760146387603161,8.49027,Ldlr,Ldlr,0.10897435897435898,0.0,Oligodendrocytes,Pericytes,0.0,1.0
Apoe,Apoe,0.388865516757818,0.06760146387603161,8.49027,Lrp6,Lrp6,0.20512820512820512,0.0,Oligodendrocytes,Pericytes,0.0,1.0
Lrig2,Lrig2,0.15355490113588557,0.0,8.49027,Egfr,Egfr,0.1282051282051282,0.0,Oligodendrocytes,Pericytes,0.0,1.0
Edil3,Edil3,0.5213854999298836,0.21926278282222977,8.49027,Itgb5,Itgb5,0.1987179487179487,0.0,Oligodendrocytes,Pericytes,0.0,1.0
Edil3,Edil3,0.5213854999298836,0.21926278282222977,8.49027,Itgav,Itgav,0.21794871794871795,0.0,Oligodendrocytes,Pericytes,0.0,1.0
Lama2,Lama2,0.12326461926798485,0.0,8.49027,Dag1,Dag1,0.23076923076923078,0.0,Oligodendrocytes,Pericytes,0.0,1.0
Lama2,Lama2,0.12326461926798485,0.0,8.49027,Itga1,Itga1,0.4358974358974359,0.07114849638667597,Oligodendrocytes,Pericytes,0.0,1.0
Lama2,Lama2,0.12326461926798485,0.0,8.49027,Rpsa,Rpsa,0.3141025641025641,0.04542483174026224,Oligodendrocytes,Pericytes,0.0,1.0
Lama2,Lama2,0.12326461926798485,0.0,8.49027,Itgav,Itgav_Itgb8,0.21794871794871795,0.0,Oligodendrocytes,Pericytes,0.0,1.0
Lama2,Lama2,0.12326461926798485,0.0,8.49027,Itga6,Itga6_Itgb1,0.10897435897435898,0.0,Oligodendrocytes,Pericytes,0.0,1.0
Agrn,Agrn,0.11583228158743514,0.0,8.49027,Dag1,Dag1,0.23076923076923078,0.0,Oligodendrocytes,Pericytes,0.0,1.0
Agrn,Agrn,0.11583228158743514,0.0,8.49027,Lrp1,Lrp1,0.4551282051282051,0.05665531204614227,Oligodendrocytes,Pericytes,0.0,1.0
Agrn,Agrn,0.11583228158743514,0.0,8.49027,Itgb1,Itgb1,0.27564102564102566,0.025161917033040437,Oligodendrocytes,Pericytes,0.0,1.0
Il1rapl1,Il1rapl1,0.41438788388725284,0.07057209248083263,8.49027,Ptprs,Ptprs,0.17307692307692307,0.0,Oligodendrocytes,Pericytes,0.0,1.0
Lrrc4b,Lrrc4b,0.12789230122002523,0.0,8.49027,Ptprs,Ptprs,0.17307692307692307,0.0,Oligodendrocytes,Pericytes,0.0,1.0
Ptn,Ptn,0.40316926097321554,0.06133538219136003,8.49027,Ptprs,Ptprs,0.17307692307692307,0.0,Oligodendrocytes,Pericytes,0.0,1.0
Ptn,Ptn,0.40316926097321554,0.06133538219136003,8.49027,Ptprz1,Ptprz1,0.16025641025641027,0.0,Oligodendrocytes,Pericytes,0.0,1.0
Ptn,Ptn,0.40316926097321554,0.06133538219136003,8.49027,Sdc3,Sdc3,0.16025641025641027,0.0,Oligodendrocytes,Pericytes,0.0,1.0
Mif,Mif,0.21273313700743235,0.0,8.49027,Ackr3,Ackr3,0.1858974358974359,0.0,Oligodendrocytes,Pericytes,0.0,1.0
Mif,Mif,0.21273313700743235,0.0,8.49027,Egfr,Egfr,0.1282051282051282,0.0,Oligodendrocytes,Pericytes,0.0,1.0
Fgf1,Fgf1,0.1110643668489693,0.0,8.49027,Cspg4,Cspg4,0.2564102564102564,0.025105354529115442,Oligodendrocytes,Pericytes,0.0,1.0
Fgf1,Fgf1,0.1110643668489693,0.0,8.49027,Tgfbr3,Tgfbr3,0.28846153846153844,0.051665099605857745,Oligodendrocytes,Pericytes,0.0,1.0
Fgf1,Fgf1,0.1110643668489693,0.0,8.49027,Fgfr3,Fgfr3,0.14743589743589744,0.0,Oligodendrocytes,Pericytes,0.0,1.0
Fgf1,Fgf1,0.1110643668489693,0.0,8.49027,Fgfr2,Fgfr2,0.3333333333333333,0.04783757436178393,Oligodendrocytes,Pericytes,0.0,1.0
Fgf1,Fgf1,0.1110643668489693,0.0,8.49027,Fgfr1,Fgfr1,0.1987179487179487,0.0,Oligodendrocytes,Pericytes,0.0,1.0
Fgf1,Fgf1,0.1110643668489693,0.0,8.49027,Egfr,Egfr,0.1282051282051282,0.0,Oligodendrocytes,Pericytes,0.0,1.0
Fgf1,Fgf1,0.1110643668489693,0.0,8.49027,Nrp1,Nrp1,0.1794871794871795,0.0,Oligodendrocytes,Pericytes,0.0,1.0
Trf,Trf,0.5626139391389707,0.24530015083516155,8.49027,Tfrc,Tfrc,0.11538461538461539,0.0,Oligodendrocytes,Pericytes,0.0,1.0
Trf,Trf,0.5626139391389707,0.24530015083516155,8.49027,Ldlr,Ldlr,0.10897435897435898,0.0,Oligodendrocytes,Pericytes,0.0,1.0
Agrn,Agrn,0.11583228158743514,0.0,8.49027,Atp1a3,Atp1a3,0.1282051282051282,0.0,Oligodendrocytes,Pericytes,0.0,1.0
Rtn4,Rtn4,0.5348478474267284,0.17910400264259474,8.49027,Tnfrsf19,Tnfrsf19,0.10256410256410256,0.0,Oligodendrocytes,Pericytes,0.0,1.0
Gnai2,Gnai2,0.10531482260552517,0.0,8.49027,Tbxa2r,Tbxa2r,0.12179487179487179,0.0,Oligodendrocytes,Pericytes,0.0,1.0
Gnai2,Gnai2,0.10531482260552517,0.0,8.49027,Ednra,Ednra,0.19230769230769232,0.0,Oligodendrocytes,Pericytes,0.0,1.0
Timp2,Timp2,0.1472444257467396,0.0,8.49027,Itgb1,Itgb1,0.27564102564102566,0.025161917033040437,Oligodendrocytes,Pericytes,0.0,1.0
Arf1,Arf1,0.10138830458561211,0.0,8.49027,Insr,Insr,0.33974358974358976,0.04287694478983206,Oligodendrocytes,Pericytes,0.0,1.0
Gpi1,Gpi1,0.1442995372318048,0.0,8.49027,Amfr,Amfr,0.10256410256410256,0.0,Oligodendrocytes,Pericytes,0.0,1.0
Psap,Psap,0.28705651381292946,0.03895458342162339,8.49027,Gpr37l1,Gpr37l1,0.1346153846153846,0.0,Oligodendrocytes,Pericytes,0.0,1.0
Nlgn1,Nlgn1,0.7087628865979382,0.2577157641444432,8.49027,Nrxn2,Nrxn2,0.13144329896907217,0.0,Astrocytes,Astrocytes,0.0,1.0
Ntrk3,Ntrk3,0.49226804123711343,0.05101124020209047,8.49027,Ptprf,Ptprf,0.12371134020618557,0.0,Astrocytes,Astrocytes,0.0,1.0
Alcam,Alcam,0.5103092783505154,0.11459767499572338,8.49027,Nrp1,Nrp1,0.17525773195876287,0.0,Astrocytes,Astrocytes,0.0,1.0
Cntn1,Cntn1,0.6804123711340206,0.20883643597620427,8.49027,Notch2,Notch2,0.2345360824742268,0.0,Astrocytes,Astrocytes,0.0,1.0
Apoe,Apoe,0.8582474226804123,0.39041901806253865,8.49027,Lrp6,Lrp6,0.24742268041237114,0.0,Astrocytes,Astrocytes,0.0,1.0
Apoe,Apoe,0.8582474226804123,0.39041901806253865,8.49027,Lrp4,Lrp4,0.13402061855670103,0.0,Astrocytes,Astrocytes,0.0,1.0
Agt,Agt,0.4793814432989691,0.05355462447691284,8.49027,Grm7,Grm7,0.11082474226804123,0.0,Astrocytes,Astrocytes,0.0,1.0
Lrig2,Lrig2,0.12371134020618557,0.0,8.49027,Egfr,Egfr,0.3582474226804124,0.04175933524722142,Astrocytes,Astrocytes,0.0,1.0
Ccl25,Ccl25,0.10309278350515463,0.0,8.49027,Grm7,Grm7,0.11082474226804123,0.0,Astrocytes,Astrocytes,0.0,1.0
Col4a5,Col4a5,0.12628865979381443,0.0,8.49027,Cd47,Cd47,0.1056701030927835,0.0,Astrocytes,Astrocytes,0.0,1.0
Col4a5,Col4a5,0.12628865979381443,0.0,8.49027,Itgav,Itgav_Itgb8,0.25773195876288657,0.029662390884252543,Astrocytes,Astrocytes,0.0,1.0
Lama2,Lama2,0.5335051546391752,0.14358747136163275,8.49027,Dag1,Dag1,0.19845360824742267,0.0,Astrocytes,Astrocytes,0.0,1.0
Cntn3,Cntn3,0.16827934371055953,0.0,8.49027,Ptprg,Ptprg,0.4551282051282051,0.06734281846513812,Oligodendrocytes,Pericytes,0.0,1.0
Rgma,Rgma,0.10068714065348479,0.0,8.49027,Neo1,Neo1,0.1858974358974359,0.0,Oligodendrocytes,Pericytes,0.0,1.0
Rgma,Rgma,0.10068714065348479,0.0,8.49027,Bmpr2,Bmpr2,0.30128205128205127,0.040792244595329596,Oligodendrocytes,Pericytes,0.0,1.0
Rgma,Rgma,0.10068714065348479,0.0,8.49027,Bmpr1b,Bmpr1b,0.12179487179487179,0.0,Oligodendrocytes,Pericytes,0.0,1.0
Il18,Il18,0.17010236993409059,0.0,8.49027,Il1rapl1,Il1rapl1,0.1794871794871795,0.0,Oligodendrocytes,Pericytes,0.0,1.0
Ybx1,Ybx1,0.11471041929603142,0.0,8.49027,Notch1,Notch1,0.19230769230769232,0.0,Oligodendrocytes,Pericytes,0.0,1.0
Calr,Calr,0.15355490113588557,0.0,8.49027,Lrp1,Lrp1,0.4551282051282051,0.05665531204614227,Oligodendrocytes,Pericytes,0.0,1.0
Calr,Calr,0.15355490113588557,0.0,8.49027,Itgav,Itgav,0.21794871794871795,0.0,Oligodendrocytes,Pericytes,0.0,1.0
Hsp90b1,Hsp90b1,0.18384518300378627,0.0,8.49027,Lrp1,Lrp1,0.4551282051282051,0.05665531204614227,Oligodendrocytes,Pericytes,0.0,1.0
Hspa8,Hspa8,0.3683915299396999,0.05552672004685033,8.49027,Ldlr,Ldlr,0.10897435897435898,0.0,Oligodendrocytes,Pericytes,0.0,1.0
Actr2,Actr2,0.13490394054129856,0.0,8.49027,Ldlr,Ldlr,0.10897435897435898,0.0,Oligodendrocytes,Pericytes,0.0,1.0
Fgf14,Fgf14,0.13462347496844762,0.0,8.49027,Fgfr1,Fgfr1,0.1987179487179487,0.0,Oligodendrocytes,Pericytes,0.0,1.0
Fgf14,Fgf14,0.13462347496844762,0.0,8.49027,Fgfr2,Fgfr2,0.3333333333333333,0.04783757436178393,Oligodendrocytes,Pericytes,0.0,1.0
Sptan1,Sptan1,0.14612256345533586,0.0,8.49027,Ptpra,Ptpra,0.3076923076923077,0.03590203525520386,Oligodendrocytes,Pericytes,0.0,1.0
Rims2,Rims2,0.12943486187070538,0.0,8.49027,Abca1,Abca1,0.1346153846153846,0.0,Oligodendrocytes,Pericytes,0.0,1.0
Adam10,Adam10,0.2507362221287337,0.012589448969097583,8.49027,Cadm1,Cadm1,0.22435897435897437,0.0,Oligodendrocytes,Pericytes,0.0,1.0
Slitrk1,Slitrk1,0.2992874109263658,0.01582383423680489,8.49027,Ptprs,Ptprs,0.205761316872428,0.0,Neurons,Microglia,0.0,1.0
Apoe,Apoe,0.388865516757818,0.06760146387603161,8.49027,Abca1,Abca1,0.1346153846153846,0.0,Oligodendrocytes,Pericytes,0.0,1.0
Megf10,Megf10,0.2357313139812088,0.0,8.49027,Abca1,Abca1,0.1346153846153846,0.0,Oligodendrocytes,Pericytes,0.0,1.0
Hsp90aa1,Hsp90aa1,0.368111064366849,0.052370222467232,8.49027,Egfr,Egfr,0.1282051282051282,0.0,Oligodendrocytes,Pericytes,0.0,1.0
Gnai2,Gnai2,0.10531482260552517,0.0,8.49027,Egfr,Egfr,0.1282051282051282,0.0,Oligodendrocytes,Pericytes,0.0,1.0
Gnai2,Gnai2,0.10531482260552517,0.0,8.49027,Igf1r,Igf1r,0.3717948717948718,0.054859767694326766,Oligodendrocytes,Pericytes,0.0,1.0
Pam,Pam,0.20656289440471182,0.0,8.49027,Fap,Fap,0.1282051282051282,0.0,Oligodendrocytes,Pericytes,0.0,1.0
Sparc,Sparc,0.19772822885990746,0.0,8.49027,Eng,Eng,0.16025641025641027,0.0,Oligodendrocytes,Pericytes,0.0,1.0
Sparc,Sparc,0.19772822885990746,0.0,8.49027,Fgfr1,Fgfr1,0.1987179487179487,0.0,Oligodendrocytes,Pericytes,0.0,1.0
Ptn,Ptn,0.40316926097321554,0.06133538219136003,8.49027,Cdh10,Cdh10,0.14743589743589744,0.0,Oligodendrocytes,Pericytes,0.0,1.0
Ptn,Ptn,0.40316926097321554,0.06133538219136003,8.49027,Ncl,Ncl,0.16025641025641027,0.0,Oligodendrocytes,Pericytes,0.0,1.0
Fgf12,Fgf12,0.17935773383817136,0.0,8.49027,Fgfr2,Fgfr2,0.3333333333333333,0.04783757436178393,Oligodendrocytes,Pericytes,0.0,1.0
Fgf12,Fgf12,0.17935773383817136,0.0,8.49027,Fgfr1,Fgfr1,0.1987179487179487,0.0,Oligodendrocytes,Pericytes,0.0,1.0
Gnai2,Gnai2,0.10531482260552517,0.0,8.49027,S1pr1,S1pr1,0.14102564102564102,0.0,Oligodendrocytes,Pericytes,0.0,1.0
Sorbs1,Sorbs1,0.10938157341186369,0.0,8.49027,Itgb5,Itgb5,0.1987179487179487,0.0,Oligodendrocytes,Pericytes,0.0,1.0
Gnai2,Gnai2,0.10531482260552517,0.0,8.49027,Adcy9,Adcy9,0.28846153846153844,0.035158654130630684,Oligodendrocytes,Pericytes,0.0,1.0
Gnai2,Gnai2,0.10531482260552517,0.0,8.49027,Adcy8,Adcy8,0.10897435897435898,0.0,Oligodendrocytes,Pericytes,0.0,1.0
Gnas,Gnas,0.48590660496424065,0.0772118848328871,8.49027,Adcy8,Adcy8,0.10897435897435898,0.0,Oligodendrocytes,Pericytes,0.0,1.0
Sorbs1,Sorbs1,0.10938157341186369,0.0,8.49027,Itga1,Itga1,0.4358974358974359,0.07114849638667597,Oligodendrocytes,Pericytes,0.0,1.0
Rims1,Rims1,0.11078390127611835,0.0,8.49027,Cacna1c,Cacna1c,0.44871794871794873,0.08420521488275279,Oligodendrocytes,Pericytes,0.0,1.0
Ncam1,Ncam1,0.22435897435897437,0.0,8.49027,Ncam2,Ncam2,0.17307692307692307,0.0,Pericytes,Pericytes,0.0,1.0
App,App,0.5064102564102564,0.11599158612409188,8.49027,Notch2,Notch2,0.1794871794871795,0.0,Pericytes,Pericytes,0.0,1.0
App,App,0.5064102564102564,0.11599158612409188,8.49027,Aplp1,Aplp1,0.12179487179487179,0.0,Pericytes,Pericytes,0.0,1.0
App,App,0.5064102564102564,0.11599158612409188,8.49027,Lrp6,Lrp6,0.20512820512820512,0.0,Pericytes,Pericytes,0.0,1.0
App,App,0.5064102564102564,0.11599158612409188,8.49027,Tnfrsf21,Tnfrsf21,0.1346153846153846,0.0,Pericytes,Pericytes,0.0,1.0
H2-K1,H2-K1,0.1987179487179487,0.0,8.49027,Aplp2,Aplp2,0.30128205128205127,0.04284033981855384,Pericytes,Pericytes,0.0,1.0
Adam10,Adam10,0.2692307692307692,0.02740543592451755,8.49027,Nrcam,Nrcam,0.16025641025641027,0.0,Pericytes,Pericytes,0.0,1.0
Adam10,Adam10,0.2692307692307692,0.02740543592451755,8.49027,Notch2,Notch2,0.1794871794871795,0.0,Pericytes,Pericytes,0.0,1.0
Adam10,Adam10,0.2692307692307692,0.02740543592451755,8.49027,Notch1,Notch1,0.19230769230769232,0.0,Pericytes,Pericytes,0.0,1.0
Adam10,Adam10,0.2692307692307692,0.02740543592451755,8.49027,Axl,Axl,0.16025641025641027,0.0,Pericytes,Pericytes,0.0,1.0
Adam10,Adam10,0.2692307692307692,0.02740543592451755,8.49027,Epha3,Epha3,0.10256410256410256,0.0,Pericytes,Pericytes,0.0,1.0
Nrg3,Nrg3,0.11176553078109662,0.0,8.49027,Egfr,Egfr,0.1282051282051282,0.0,Oligodendrocytes,Pericytes,0.0,1.0
Jag1,Jag1,0.1987179487179487,0.0,8.49027,Notch2,Notch2,0.1794871794871795,0.0,Pericytes,Pericytes,0.0,1.0
Jag1,Jag1,0.1987179487179487,0.0,8.49027,Notch1,Notch1,0.19230769230769232,0.0,Pericytes,Pericytes,0.0,1.0
Jag1,Jag1,0.1987179487179487,0.0,8.49027,Cd46,Cd46,0.17307692307692307,0.0,Pericytes,Pericytes,0.0,1.0
B2m,B2m,0.34615384615384615,0.05909630015972955,8.49027,Tfrc,Tfrc,0.11538461538461539,0.0,Pericytes,Pericytes,0.0,1.0
Nrxn2,Nrxn2,0.14743589743589744,0.0,8.49027,Nlgn1,Nlgn1,0.21794871794871795,0.0,Pericytes,Pericytes,0.0,1.0
Nrxn1,Nrxn1,0.23717948717948717,0.0,8.49027,Nlgn1,Nlgn1,0.21794871794871795,0.0,Pericytes,Pericytes,0.0,1.0
Jam2,Jam2,0.17307692307692307,0.0,8.49027,Itga4,Itga4_Itgb1,0.14743589743589744,0.0,Pericytes,Pericytes,0.0,1.0
Jam2,Jam2,0.17307692307692307,0.0,8.49027,Itgav,Itgav_Itgb1,0.21794871794871795,0.0,Pericytes,Pericytes,0.0,1.0
Efna5,Efna5,0.11538461538461539,0.0,8.49027,Epha4,Epha4,0.10256410256410256,0.0,Pericytes,Pericytes,0.0,1.0
Efna5,Efna5,0.11538461538461539,0.0,8.49027,Epha3,Epha3,0.10256410256410256,0.0,Pericytes,Pericytes,0.0,1.0
Sdc2,Sdc2,0.3717948717948718,0.05196056323109566,8.49027,Ptprj,Ptprj,0.14743589743589744,0.0,Pericytes,Pericytes,0.0,1.0
St6gal1,St6gal1,0.3141025641025641,0.04999804868089819,8.49027,Egfr,Egfr,0.1282051282051282,0.0,Pericytes,Pericytes,0.0,1.0
Ncam1,Ncam1,0.22435897435897437,0.0,8.49027,Robo1,Robo1,0.23076923076923078,0.0,Pericytes,Pericytes,0.0,1.0
Ncam1,Ncam1,0.22435897435897437,0.0,8.49027,Ptprz1,Ptprz1,0.16025641025641027,0.0,Pericytes,Pericytes,0.0,1.0
Ncam1,Ncam1,0.22435897435897437,0.0,8.49027,Fgfr2,Fgfr2,0.3333333333333333,0.04783757436178393,Pericytes,Pericytes,0.0,1.0
Ncam1,Ncam1,0.22435897435897437,0.0,8.49027,Fgfr1,Fgfr1,0.1987179487179487,0.0,Pericytes,Pericytes,0.0,1.0
Agrn,Agrn,0.20512820512820512,0.0,8.49027,Dag1,Dag1,0.23076923076923078,0.0,Pericytes,Pericytes,0.0,1.0
Agrn,Agrn,0.20512820512820512,0.0,8.49027,Lrp1,Lrp1,0.4551282051282051,0.05665531204614227,Pericytes,Pericytes,0.0,1.0
Agrn,Agrn,0.20512820512820512,0.0,8.49027,Itgb1,Itgb1,0.27564102564102566,0.025161917033040437,Pericytes,Pericytes,0.0,1.0
Il1rapl1,Il1rapl1,0.1794871794871795,0.0,8.49027,Ptprs,Ptprs,0.17307692307692307,0.0,Pericytes,Pericytes,0.0,1.0
Sema6a,Sema6a,0.11538461538461539,0.0,8.49027,Plxna2,Plxna2,0.19230769230769232,0.0,Pericytes,Pericytes,0.0,1.0
Jam3,Jam3,0.14102564102564102,0.0,8.49027,Itgb1,Itgb1,0.27564102564102566,0.025161917033040437,Pericytes,Pericytes,0.0,1.0
Nlgn1,Nlgn1,0.21794871794871795,0.0,8.49027,Nrxn2,Nrxn2,0.14743589743589744,0.0,Pericytes,Pericytes,0.0,1.0
Nlgn1,Nlgn1,0.21794871794871795,0.0,8.49027,Nrxn1,Nrxn1,0.23717948717948717,0.0,Pericytes,Pericytes,0.0,1.0
Ntrk3,Ntrk3,0.21794871794871795,0.0,8.49027,Ptprs,Ptprs,0.17307692307692307,0.0,Pericytes,Pericytes,0.0,1.0
Alcam,Alcam,0.28205128205128205,0.03953820248997841,8.49027,Nrp1,Nrp1,0.1794871794871795,0.0,Pericytes,Pericytes,0.0,1.0
Alcam,Alcam,0.28205128205128205,0.03953820248997841,8.49027,Chl1,Chl1,0.14743589743589744,0.0,Pericytes,Pericytes,0.0,1.0
Cntn1,Cntn1,0.1987179487179487,0.0,8.49027,Nrcam,Nrcam,0.16025641025641027,0.0,Pericytes,Pericytes,0.0,1.0
Cntn1,Cntn1,0.1987179487179487,0.0,8.49027,Notch2,Notch2,0.1794871794871795,0.0,Pericytes,Pericytes,0.0,1.0
Cntn1,Cntn1,0.1987179487179487,0.0,8.49027,Notch1,Notch1,0.19230769230769232,0.0,Pericytes,Pericytes,0.0,1.0
Cntn1,Cntn1,0.1987179487179487,0.0,8.49027,Ptprz1,Ptprz1,0.16025641025641027,0.0,Pericytes,Pericytes,0.0,1.0
Jag1,Jag1,0.1987179487179487,0.0,8.49027,Notch3,Notch3,0.42948717948717946,0.06431839293469666,Pericytes,Pericytes,0.0,1.0
Col4a2,Col4a2,0.14743589743589744,0.0,8.49027,Itgav,Itgav_Itgb8,0.21794871794871795,0.0,Pericytes,Pericytes,0.0,1.0
Col4a2,Col4a2,0.14743589743589744,0.0,8.49027,Itgb1,Itga1_Itgb1,0.27564102564102566,0.025161917033040437,Pericytes,Pericytes,0.0,1.0
Col1a2,Col1a2,0.21794871794871795,0.0,8.49027,Itgav,Itgav_Itgb8,0.21794871794871795,0.0,Pericytes,Pericytes,0.0,1.0
Col1a2,Col1a2,0.21794871794871795,0.0,8.49027,Itgb1,Itga1_Itgb1,0.27564102564102566,0.025161917033040437,Pericytes,Pericytes,0.0,1.0
Vtn,Vtn,0.6217948717948718,0.2921541946454558,8.49027,Cd47,Cd47,0.17307692307692307,0.0,Pericytes,Pericytes,0.0,1.0
Vtn,Vtn,0.6217948717948718,0.2921541946454558,8.49027,Itgav,Itgav_Itgb8,0.21794871794871795,0.0,Pericytes,Pericytes,0.0,1.0
Vtn,Vtn,0.6217948717948718,0.2921541946454558,8.49027,Itgav,Itgav_Itgb5,0.21794871794871795,0.0,Pericytes,Pericytes,0.0,1.0
Vtn,Vtn,0.6217948717948718,0.2921541946454558,8.49027,Itgav,Itgav_Itgb1,0.21794871794871795,0.0,Pericytes,Pericytes,0.0,1.0
Fn1,Fn1,0.1346153846153846,0.0,8.49027,Sdc2,Sdc2,0.3717948717948718,0.05196056323109566,Pericytes,Pericytes,0.0,1.0
Fn1,Fn1,0.1346153846153846,0.0,8.49027,Itga6,Itga6,0.10897435897435898,0.0,Pericytes,Pericytes,0.0,1.0
Fn1,Fn1,0.1346153846153846,0.0,8.49027,Itgav,Itgav_Itgb8,0.21794871794871795,0.0,Pericytes,Pericytes,0.0,1.0
Fn1,Fn1,0.1346153846153846,0.0,8.49027,Itga4,Itga4_Itgb1,0.14743589743589744,0.0,Pericytes,Pericytes,0.0,1.0
Fn1,Fn1,0.1346153846153846,0.0,8.49027,Itgav,Itgav_Itgb1,0.21794871794871795,0.0,Pericytes,Pericytes,0.0,1.0
Col4a1,Col4a1,0.1346153846153846,0.0,8.49027,Cd47,Cd47,0.17307692307692307,0.0,Pericytes,Pericytes,0.0,1.0
Col4a1,Col4a1,0.1346153846153846,0.0,8.49027,Itgav,Itgav_Itgb8,0.21794871794871795,0.0,Pericytes,Pericytes,0.0,1.0
Col4a1,Col4a1,0.1346153846153846,0.0,8.49027,Itgb1,Itga1_Itgb1,0.27564102564102566,0.025161917033040437,Pericytes,Pericytes,0.0,1.0
Col4a4,Col4a4,0.11538461538461539,0.0,8.49027,Cd47,Cd47,0.17307692307692307,0.0,Pericytes,Pericytes,0.0,1.0
Col4a4,Col4a4,0.11538461538461539,0.0,8.49027,Itgav,Itgav_Itgb8,0.21794871794871795,0.0,Pericytes,Pericytes,0.0,1.0
Col4a4,Col4a4,0.11538461538461539,0.0,8.49027,Itgb1,Itga1_Itgb1,0.27564102564102566,0.025161917033040437,Pericytes,Pericytes,0.0,1.0
Col4a5,Col4a5,0.16025641025641027,0.0,8.49027,Cd47,Cd47,0.17307692307692307,0.0,Pericytes,Pericytes,0.0,1.0
Col4a5,Col4a5,0.16025641025641027,0.0,8.49027,Itgav,Itgav_Itgb8,0.21794871794871795,0.0,Pericytes,Pericytes,0.0,1.0
Col4a5,Col4a5,0.16025641025641027,0.0,8.49027,Itgb1,Itga1_Itgb1,0.27564102564102566,0.025161917033040437,Pericytes,Pericytes,0.0,1.0
Lama2,Lama2,0.5897435897435898,0.1839208897145983,8.49027,Dag1,Dag1,0.23076923076923078,0.0,Pericytes,Pericytes,0.0,1.0
Lama2,Lama2,0.5897435897435898,0.1839208897145983,8.49027,Itgav,Itgav_Itgb8,0.21794871794871795,0.0,Pericytes,Pericytes,0.0,1.0
Lama2,Lama2,0.5897435897435898,0.1839208897145983,8.49027,Itga6,Itga6_Itgb1,0.10897435897435898,0.0,Pericytes,Pericytes,0.0,1.0
Lamc1,Lamc1,0.358974358974359,0.058983835942121754,8.49027,Dag1,Dag1,0.23076923076923078,0.0,Pericytes,Pericytes,0.0,1.0
Lamc1,Lamc1,0.358974358974359,0.058983835942121754,8.49027,Itgav,Itgav_Itgb8,0.21794871794871795,0.0,Pericytes,Pericytes,0.0,1.0
Lamc1,Lamc1,0.358974358974359,0.058983835942121754,8.49027,Itga6,Itga6_Itgb1,0.10897435897435898,0.0,Pericytes,Pericytes,0.0,1.0
Col4a2,Col4a2,0.14743589743589744,0.0,8.49027,Itgb5,Itgb5,0.1987179487179487,0.0,Pericytes,Pericytes,0.0,1.0
Lamc3,Lamc3,0.16025641025641027,0.0,8.49027,Dag1,Dag1,0.23076923076923078,0.0,Pericytes,Pericytes,0.0,1.0
Lamc3,Lamc3,0.16025641025641027,0.0,8.49027,Itgav,Itgav_Itgb8,0.21794871794871795,0.0,Pericytes,Pericytes,0.0,1.0
Lamc3,Lamc3,0.16025641025641027,0.0,8.49027,Itga6,Itga6_Itgb1,0.10897435897435898,0.0,Pericytes,Pericytes,0.0,1.0
Lama4,Lama4,0.28846153846153844,0.04737419015857269,8.49027,Dag1,Dag1,0.23076923076923078,0.0,Pericytes,Pericytes,0.0,1.0
Lama4,Lama4,0.28846153846153844,0.04737419015857269,8.49027,Itgav,Itgav_Itgb8,0.21794871794871795,0.0,Pericytes,Pericytes,0.0,1.0
Lama4,Lama4,0.28846153846153844,0.04737419015857269,8.49027,Itga6,Itga6_Itgb1,0.10897435897435898,0.0,Pericytes,Pericytes,0.0,1.0
Col4a6,Col4a6,0.1346153846153846,0.0,8.49027,Cd47,Cd47,0.17307692307692307,0.0,Pericytes,Pericytes,0.0,1.0
Col4a6,Col4a6,0.1346153846153846,0.0,8.49027,Itgav,Itgav_Itgb8,0.21794871794871795,0.0,Pericytes,Pericytes,0.0,1.0
Col4a6,Col4a6,0.1346153846153846,0.0,8.49027,Itgb1,Itga1_Itgb1,0.27564102564102566,0.025161917033040437,Pericytes,Pericytes,0.0,1.0
Col4a3,Col4a3,0.1346153846153846,0.0,8.49027,Cd47,Cd47,0.17307692307692307,0.0,Pericytes,Pericytes,0.0,1.0
Col4a3,Col4a3,0.1346153846153846,0.0,8.49027,Itgav,Itgav_Itgb8,0.21794871794871795,0.0,Pericytes,Pericytes,0.0,1.0
Col4a3,Col4a3,0.1346153846153846,0.0,8.49027,Itgb1,Itga1_Itgb1,0.27564102564102566,0.025161917033040437,Pericytes,Pericytes,0.0,1.0
Lamb2,Lamb2,0.14102564102564102,0.0,8.49027,Dag1,Dag1,0.23076923076923078,0.0,Pericytes,Pericytes,0.0,1.0
Lamb2,Lamb2,0.14102564102564102,0.0,8.49027,Rpsa,Rpsa,0.3141025641025641,0.04542483174026224,Pericytes,Pericytes,0.0,1.0
Lamb2,Lamb2,0.14102564102564102,0.0,8.49027,Itgav,Itgav_Itgb8,0.21794871794871795,0.0,Pericytes,Pericytes,0.0,1.0
Lamb2,Lamb2,0.14102564102564102,0.0,8.49027,Itga6,Itga6_Itgb1,0.10897435897435898,0.0,Pericytes,Pericytes,0.0,1.0
Fgf1,Fgf1,0.10256410256410256,0.0,8.49027,Cspg4,Cspg4,0.2564102564102564,0.025105354529115442,Pericytes,Pericytes,0.0,1.0
Fgf1,Fgf1,0.10256410256410256,0.0,8.49027,Tgfbr3,Tgfbr3,0.28846153846153844,0.051665099605857745,Pericytes,Pericytes,0.0,1.0
Fgf1,Fgf1,0.10256410256410256,0.0,8.49027,Fgfr3,Fgfr3,0.14743589743589744,0.0,Pericytes,Pericytes,0.0,1.0
Fgf1,Fgf1,0.10256410256410256,0.0,8.49027,Fgfr2,Fgfr2,0.3333333333333333,0.04783757436178393,Pericytes,Pericytes,0.0,1.0
Fgf1,Fgf1,0.10256410256410256,0.0,8.49027,Fgfr1,Fgfr1,0.1987179487179487,0.0,Pericytes,Pericytes,0.0,1.0
Fgf1,Fgf1,0.10256410256410256,0.0,8.49027,Egfr,Egfr,0.1282051282051282,0.0,Pericytes,Pericytes,0.0,1.0
Fgf1,Fgf1,0.10256410256410256,0.0,8.49027,Nrp1,Nrp1,0.1794871794871795,0.0,Pericytes,Pericytes,0.0,1.0
Trf,Trf,0.1346153846153846,0.0,8.49027,Tfrc,Tfrc,0.11538461538461539,0.0,Pericytes,Pericytes,0.0,1.0
Trf,Trf,0.1346153846153846,0.0,8.49027,Ldlr,Ldlr,0.10897435897435898,0.0,Pericytes,Pericytes,0.0,1.0
Apoe,Apoe,0.5064102564102564,0.1292165735829045,8.49027,Ldlr,Ldlr,0.10897435897435898,0.0,Pericytes,Pericytes,0.0,1.0
Apoe,Apoe,0.5064102564102564,0.1292165735829045,8.49027,Lrp6,Lrp6,0.20512820512820512,0.0,Pericytes,Pericytes,0.0,1.0
Ntn1,Ntn1,0.20512820512820512,0.0,8.49027,Neo1,Neo1,0.1858974358974359,0.0,Pericytes,Pericytes,0.0,1.0
Ntn1,Ntn1,0.20512820512820512,0.0,8.49027,Mcam,Mcam,0.1346153846153846,0.0,Pericytes,Pericytes,0.0,1.0
Lrig2,Lrig2,0.12179487179487179,0.0,8.49027,Egfr,Egfr,0.1282051282051282,0.0,Pericytes,Pericytes,0.0,1.0
Ptn,Ptn,0.75,0.28153483474312335,8.49027,Ptprz1,Ptprz1,0.16025641025641027,0.0,Pericytes,Pericytes,0.0,1.0
Ptn,Ptn,0.75,0.28153483474312335,8.49027,Sdc3,Sdc3,0.16025641025641027,0.0,Pericytes,Pericytes,0.0,1.0
Vegfa,Vegfa,0.11538461538461539,0.0,8.49027,Itgav,Itgav,0.21794871794871795,0.0,Pericytes,Pericytes,0.0,1.0
Vegfa,Vegfa,0.11538461538461539,0.0,8.49027,Itgb1,Itgb1,0.27564102564102566,0.025161917033040437,Pericytes,Pericytes,0.0,1.0
Vegfa,Vegfa,0.11538461538461539,0.0,8.49027,Egfr,Egfr,0.1282051282051282,0.0,Pericytes,Pericytes,0.0,1.0
Vegfa,Vegfa,0.11538461538461539,0.0,8.49027,Nrp1,Nrp1,0.1794871794871795,0.0,Pericytes,Pericytes,0.0,1.0
Nid1,Nid1,0.27564102564102566,0.03747312680037118,8.49027,Itgav,Itgav,0.21794871794871795,0.0,Pericytes,Pericytes,0.0,1.0
Sema4d,Sema4d,0.332880895826264,0.016981235111078075,8.49027,Plxnb2,Plxnb2,0.13580246913580246,0.0,Neurons,Microglia,0.0,1.0
Mif,Mif,0.16666666666666666,0.0,8.49027,Ackr3,Ackr3,0.1858974358974359,0.0,Pericytes,Pericytes,0.0,1.0
Mif,Mif,0.16666666666666666,0.0,8.49027,Egfr,Egfr,0.1282051282051282,0.0,Pericytes,Pericytes,0.0,1.0
Spp1,Spp1,0.1282051282051282,0.0,8.49027,Itgav,Itgav_Itgb5,0.21794871794871795,0.0,Pericytes,Pericytes,0.0,1.0
Spp1,Spp1,0.1282051282051282,0.0,8.49027,Itga4,Itga4_Itgb1,0.14743589743589744,0.0,Pericytes,Pericytes,0.0,1.0
Spp1,Spp1,0.1282051282051282,0.0,8.49027,Itgav,Itgav_Itgb1,0.21794871794871795,0.0,Pericytes,Pericytes,0.0,1.0
Dcn,Dcn,0.16666666666666666,0.0,8.49027,Erbb4,Erbb4,0.16666666666666666,0.0,Pericytes,Pericytes,0.0,1.0
Dcn,Dcn,0.16666666666666666,0.0,8.49027,Egfr,Egfr,0.1282051282051282,0.0,Pericytes,Pericytes,0.0,1.0
Calr,Calr,0.22435897435897437,0.0,8.49027,Lrp1,Lrp1,0.4551282051282051,0.05665531204614227,Pericytes,Pericytes,0.0,1.0
Calr,Calr,0.22435897435897437,0.0,8.49027,Itgav,Itgav,0.21794871794871795,0.0,Pericytes,Pericytes,0.0,1.0
Fgfr3,Fgfr3,0.14743589743589744,0.0,8.49027,Epha4,Epha4,0.10256410256410256,0.0,Pericytes,Pericytes,0.0,1.0
Bmp6,Bmp6,0.1282051282051282,0.0,8.49027,Acvr1,Acvr1_Bmpr2,0.1282051282051282,0.0,Pericytes,Pericytes,0.0,1.0
Bmp6,Bmp6,0.1282051282051282,0.0,8.49027,Bmpr2,Bmpr1a_Bmpr2,0.30128205128205127,0.040792244595329596,Pericytes,Pericytes,0.0,1.0
Bmp6,Bmp6,0.1282051282051282,0.0,8.49027,Acvr1,Acvr1_Acvr2a,0.1282051282051282,0.0,Pericytes,Pericytes,0.0,1.0
Bmp6,Bmp6,0.1282051282051282,0.0,8.49027,Acvr2a,Acvr2a_Bmpr1a,0.1282051282051282,0.0,Pericytes,Pericytes,0.0,1.0
Bmp6,Bmp6,0.1282051282051282,0.0,8.49027,Bmpr1b,Bmpr1b_Bmpr2,0.12179487179487179,0.0,Pericytes,Pericytes,0.0,1.0
Bmp6,Bmp6,0.1282051282051282,0.0,8.49027,Acvr2a,Acvr2a_Bmpr1b,0.1282051282051282,0.0,Pericytes,Pericytes,0.0,1.0
Bmp5,Bmp5,0.19230769230769232,0.0,8.49027,Acvr1,Acvr1_Bmpr2,0.1282051282051282,0.0,Pericytes,Pericytes,0.0,1.0
Bmp5,Bmp5,0.19230769230769232,0.0,8.49027,Bmpr2,Bmpr1a_Bmpr2,0.30128205128205127,0.040792244595329596,Pericytes,Pericytes,0.0,1.0
Bmp5,Bmp5,0.19230769230769232,0.0,8.49027,Acvr1,Acvr1_Acvr2a,0.1282051282051282,0.0,Pericytes,Pericytes,0.0,1.0
Bmp5,Bmp5,0.19230769230769232,0.0,8.49027,Acvr2a,Acvr2a_Bmpr1a,0.1282051282051282,0.0,Pericytes,Pericytes,0.0,1.0
Bmp5,Bmp5,0.19230769230769232,0.0,8.49027,Bmpr1b,Bmpr1b_Bmpr2,0.12179487179487179,0.0,Pericytes,Pericytes,0.0,1.0
Bmp5,Bmp5,0.19230769230769232,0.0,8.49027,Acvr2a,Acvr2a_Bmpr1b,0.1282051282051282,0.0,Pericytes,Pericytes,0.0,1.0
Ptn,Ptn,0.75,0.28153483474312335,8.49027,Ptprs,Ptprs,0.17307692307692307,0.0,Pericytes,Pericytes,0.0,1.0
Rgma,Rgma,0.24358974358974358,0.0,8.49027,Neo1,Neo1,0.1858974358974359,0.0,Pericytes,Pericytes,0.0,1.0
Rgma,Rgma,0.24358974358974358,0.0,8.49027,Bmpr2,Bmpr2,0.30128205128205127,0.040792244595329596,Pericytes,Pericytes,0.0,1.0
Rgma,Rgma,0.24358974358974358,0.0,8.49027,Bmpr1b,Bmpr1b,0.12179487179487179,0.0,Pericytes,Pericytes,0.0,1.0
Col27a1,Col27a1,0.1282051282051282,0.0,8.49027,Itgb1,Itga1_Itgb1,0.27564102564102566,0.025161917033040437,Pericytes,Pericytes,0.0,1.0
Il34,Il34,0.33974358974358976,0.05573329817030703,8.49027,Ptprz1,Ptprz1,0.16025641025641027,0.0,Pericytes,Pericytes,0.0,1.0
Il18,Il18,0.16025641025641027,0.0,8.49027,Il1rapl1,Il1rapl1,0.1794871794871795,0.0,Pericytes,Pericytes,0.0,1.0
Il15ra,Il15ra,0.16025641025641027,0.0,8.49027,Axl,Axl,0.16025641025641027,0.0,Pericytes,Pericytes,0.0,1.0
Slit3,Slit3,0.2147947064811673,0.0,8.49027,Robo2,Robo2,0.102880658436214,0.0,Neurons,Microglia,0.0,1.0
Mfge8,Mfge8,0.25,0.0047799038794844595,8.49027,Itgav,Itgav,0.21794871794871795,0.0,Pericytes,Pericytes,0.0,1.0
Ybx1,Ybx1,0.21153846153846154,0.0,8.49027,Notch1,Notch1,0.19230769230769232,0.0,Pericytes,Pericytes,0.0,1.0
Vegfb,Vegfb,0.10897435897435898,0.0,8.49027,Nrp1,Nrp1,0.1794871794871795,0.0,Pericytes,Pericytes,0.0,1.0
Cxcl12,Cxcl12,0.1346153846153846,0.0,8.49027,Grm7,Grm7,0.47435897435897434,0.11845025059604364,Pericytes,Pericytes,0.0,1.0
Cxcl12,Cxcl12,0.1346153846153846,0.0,8.49027,Ackr3,Ackr3,0.1858974358974359,0.0,Pericytes,Pericytes,0.0,1.0
Cxcl12,Cxcl12,0.1346153846153846,0.0,8.49027,Itga4,Itga4,0.14743589743589744,0.0,Pericytes,Pericytes,0.0,1.0
Cxcl12,Cxcl12,0.1346153846153846,0.0,8.49027,Itgav,Itgav,0.21794871794871795,0.0,Pericytes,Pericytes,0.0,1.0
Cxcl12,Cxcl12,0.1346153846153846,0.0,8.49027,Itgb1,Itgb1,0.27564102564102566,0.025161917033040437,Pericytes,Pericytes,0.0,1.0
Rtn4,Rtn4,0.27564102564102566,0.02943821230994259,8.49027,Tnfrsf19,Tnfrsf19,0.10256410256410256,0.0,Pericytes,Pericytes,0.0,1.0
Gnai2,Gnai2,0.22435897435897437,0.0,8.49027,Tbxa2r,Tbxa2r,0.12179487179487179,0.0,Pericytes,Pericytes,0.0,1.0
Gnai2,Gnai2,0.22435897435897437,0.0,8.49027,Ednra,Ednra,0.19230769230769232,0.0,Pericytes,Pericytes,0.0,1.0
Tfpi,Tfpi,0.16025641025641027,0.0,8.49027,Lrp1,Lrp1,0.4551282051282051,0.05665531204614227,Pericytes,Pericytes,0.0,1.0
Plat,Plat,0.15384615384615385,0.0,8.49027,Lrp1,Lrp1,0.4551282051282051,0.05665531204614227,Pericytes,Pericytes,0.0,1.0
Arf1,Arf1,0.1346153846153846,0.0,8.49027,Insr,Insr,0.33974358974358976,0.04287694478983206,Pericytes,Pericytes,0.0,1.0
Gpi1,Gpi1,0.19230769230769232,0.0,8.49027,Amfr,Amfr,0.10256410256410256,0.0,Pericytes,Pericytes,0.0,1.0
Psap,Psap,0.32051282051282054,0.039277326363552856,8.49027,Gpr37l1,Gpr37l1,0.1346153846153846,0.0,Pericytes,Pericytes,0.0,1.0
Pros1,Pros1,0.1282051282051282,0.0,8.49027,Axl,Axl,0.16025641025641027,0.0,Pericytes,Pericytes,0.0,1.0
Col5a2,Col5a2,0.12179487179487179,0.0,8.49027,Itgb1,Itga1_Itgb1,0.27564102564102566,0.025161917033040437,Pericytes,Pericytes,0.0,1.0
Col8a1,Col8a1,0.1858974358974359,0.0,8.49027,Itgb1,Itga1_Itgb1,0.27564102564102566,0.025161917033040437,Pericytes,Pericytes,0.0,1.0
Spon1,Spon1,0.11538461538461539,0.0,8.49027,App,App,0.5064102564102564,0.11599158612409188,Pericytes,Pericytes,0.0,1.0
Sema3c,Sema3c,0.10256410256410256,0.0,8.49027,Nrp1,Nrp1_Plxna2,0.1794871794871795,0.0,Pericytes,Pericytes,0.0,1.0
Lrig1,Lrig1,0.1987179487179487,0.0,8.49027,Egfr,Egfr,0.1282051282051282,0.0,Pericytes,Pericytes,0.0,1.0
Bcan,Bcan,0.14102564102564102,0.0,8.49027,Nrcam,Nrcam,0.16025641025641027,0.0,Pericytes,Pericytes,0.0,1.0
Bcan,Bcan,0.14102564102564102,0.0,8.49027,Egfr,Egfr,0.1282051282051282,0.0,Pericytes,Pericytes,0.0,1.0
Vcl,Vcl,0.2948717948717949,0.04192330336935035,8.49027,Itgb5,Itgb5,0.1987179487179487,0.0,Pericytes,Pericytes,0.0,1.0
Tln1,Tln1,0.1346153846153846,0.0,8.49027,Itgb5,Itgb5,0.1987179487179487,0.0,Pericytes,Pericytes,0.0,1.0
Serping1,Serping1,0.14102564102564102,0.0,8.49027,Lrp1,Lrp1,0.4551282051282051,0.05665531204614227,Pericytes,Pericytes,0.0,1.0
Pltp,Pltp,0.23717948717948717,0.0,8.49027,Abca1,Abca1,0.1346153846153846,0.0,Pericytes,Pericytes,0.0,1.0
Pros1,Pros1,0.1282051282051282,0.0,8.49027,Mertk,Mertk,0.21794871794871795,0.0,Pericytes,Pericytes,0.0,1.0
Hsp90aa1,Hsp90aa1,0.2564102564102564,0.01922438060780346,8.49027,Egfr,Egfr,0.1282051282051282,0.0,Pericytes,Pericytes,0.0,1.0
Gnai2,Gnai2,0.22435897435897437,0.0,8.49027,Egfr,Egfr,0.1282051282051282,0.0,Pericytes,Pericytes,0.0,1.0
Gnai2,Gnai2,0.22435897435897437,0.0,8.49027,Igf1r,Igf1r,0.3717948717948718,0.054859767694326766,Pericytes,Pericytes,0.0,1.0
Fgf14,Fgf14,0.22435897435897437,0.0,8.49027,Fgfr1,Fgfr1,0.1987179487179487,0.0,Pericytes,Pericytes,0.0,1.0
Fgf14,Fgf14,0.22435897435897437,0.0,8.49027,Fgfr2,Fgfr2,0.3333333333333333,0.04783757436178393,Pericytes,Pericytes,0.0,1.0
Slit1,Slit1,0.18595181540549713,0.0,8.49027,Robo1,Robo1,0.13168724279835392,0.0,Neurons,Microglia,0.0,1.0
Rims2,Rims2,0.16025641025641027,0.0,8.49027,Abca1,Abca1,0.1346153846153846,0.0,Pericytes,Pericytes,0.0,1.0
Adam10,Adam10,0.2692307692307692,0.02740543592451755,8.49027,Cadm1,Cadm1,0.22435897435897437,0.0,Pericytes,Pericytes,0.0,1.0
App,App,0.24742268041237114,0.0,8.49027,Tspan12,Tspan12,0.1211340206185567,0.0,Astrocytes,Astrocytes,0.0,1.0
Pam,Pam,0.33974358974358976,0.04930123615630155,8.49027,Fap,Fap,0.1282051282051282,0.0,Pericytes,Pericytes,0.0,1.0
Gpc3,Gpc3,0.15384615384615385,0.0,8.49027,Flt1,Flt1,0.28846153846153844,0.048655709905442435,Pericytes,Pericytes,0.0,1.0
Sparc,Sparc,0.5705128205128205,0.1633582539799341,8.49027,Eng,Eng,0.16025641025641027,0.0,Pericytes,Pericytes,0.0,1.0
Sparc,Sparc,0.5705128205128205,0.1633582539799341,8.49027,Fgfr1,Fgfr1,0.1987179487179487,0.0,Pericytes,Pericytes,0.0,1.0
Timp3,Timp3,0.3269230769230769,0.049415463358765344,8.49027,Ddr1,Ddr1,0.10897435897435898,0.0,Pericytes,Pericytes,0.0,1.0
Spp1,Spp1,0.1282051282051282,0.0,8.49027,S1pr1,S1pr1,0.14102564102564102,0.0,Pericytes,Pericytes,0.0,1.0
Ptn,Ptn,0.75,0.28153483474312335,8.49027,Cdh10,Cdh10,0.14743589743589744,0.0,Pericytes,Pericytes,0.0,1.0
Adam10,Adam10,0.26804123711340205,0.03152876922964609,8.49027,Notch2,Notch2,0.2345360824742268,0.0,Astrocytes,Astrocytes,0.0,1.0
St6gal1,St6gal1,0.11855670103092783,0.0,8.49027,Egfr,Egfr,0.3582474226804124,0.04175933524722142,Astrocytes,Astrocytes,0.0,1.0
Adam10,Adam10,0.26804123711340205,0.03152876922964609,8.49027,Notch1,Notch1,0.22422680412371135,0.0,Astrocytes,Astrocytes,0.0,1.0
Adam10,Adam10,0.26804123711340205,0.03152876922964609,8.49027,Axl,Axl,0.12886597938144329,0.0,Astrocytes,Astrocytes,0.0,1.0
Adam10,Adam10,0.26804123711340205,0.03152876922964609,8.49027,Tspan12,Tspan12,0.1211340206185567,0.0,Astrocytes,Astrocytes,0.0,1.0
Ncam1,Ncam1,0.7139175257731959,0.21342884216016822,8.49027,Fgfr1,Fgfr1,0.2268041237113402,0.0,Astrocytes,Astrocytes,0.0,1.0
Mfge8,Mfge8,0.25,0.0047799038794844595,8.49027,Itgb5,Itgb5,0.1987179487179487,0.0,Pericytes,Pericytes,0.0,1.0
App,App,0.24742268041237114,0.0,8.49027,Notch2,Notch2,0.2345360824742268,0.0,Astrocytes,Astrocytes,0.0,1.0
App,App,0.24742268041237114,0.0,8.49027,Aplp1,Aplp1,0.28350515463917525,0.034590880864936,Astrocytes,Astrocytes,0.0,1.0
Slit1,Slit1,0.18595181540549713,0.0,8.49027,Robo2,Robo2,0.102880658436214,0.0,Neurons,Microglia,0.0,1.0
Gpc3,Gpc3,0.15384615384615385,0.0,8.49027,Lrp1,Lrp1,0.4551282051282051,0.05665531204614227,Pericytes,Pericytes,0.0,1.0
Hspa8,Hspa8,0.40384615384615385,0.053852463612357404,8.49027,Ldlr,Ldlr,0.10897435897435898,0.0,Pericytes,Pericytes,0.0,1.0
Actr2,Actr2,0.16666666666666666,0.0,8.49027,Ldlr,Ldlr,0.10897435897435898,0.0,Pericytes,Pericytes,0.0,1.0
Ptn,Ptn,0.75,0.28153483474312335,8.49027,Ncl,Ncl,0.16025641025641027,0.0,Pericytes,Pericytes,0.0,1.0
Fgf12,Fgf12,0.15384615384615385,0.0,8.49027,Fgfr2,Fgfr2,0.3333333333333333,0.04783757436178393,Pericytes,Pericytes,0.0,1.0
Fgf12,Fgf12,0.15384615384615385,0.0,8.49027,Fgfr1,Fgfr1,0.1987179487179487,0.0,Pericytes,Pericytes,0.0,1.0
Ncam1,Ncam1,0.22435897435897437,0.0,8.49027,Ptpra,Ptpra,0.3076923076923077,0.03590203525520386,Pericytes,Pericytes,0.0,1.0
Gnai2,Gnai2,0.22435897435897437,0.0,8.49027,S1pr1,S1pr1,0.14102564102564102,0.0,Pericytes,Pericytes,0.0,1.0
Sorbs1,Sorbs1,0.47435897435897434,0.06615609535294653,8.49027,Itgb5,Itgb5,0.1987179487179487,0.0,Pericytes,Pericytes,0.0,1.0
Gnai2,Gnai2,0.22435897435897437,0.0,8.49027,Adcy9,Adcy9,0.28846153846153844,0.035158654130630684,Pericytes,Pericytes,0.0,1.0
Cntn1,Cntn1,0.6804123711340206,0.20883643597620427,8.49027,Notch1,Notch1,0.22422680412371135,0.0,Astrocytes,Astrocytes,0.0,1.0
Cd47,Cd47,0.1056701030927835,0.0,8.49027,Sirpa,Sirpa,0.14690721649484537,0.0,Astrocytes,Astrocytes,0.0,1.0
Sirpa,Sirpa,0.14690721649484537,0.0,8.49027,Cd47,Cd47,0.1056701030927835,0.0,Astrocytes,Astrocytes,0.0,1.0
Gnai2,Gnai2,0.22435897435897437,0.0,8.49027,Adcy8,Adcy8,0.10897435897435898,0.0,Pericytes,Pericytes,0.0,1.0
