"cell","condition","refined","dam_score","state"
"B-49_CAGATCACATTTGCTT-1","B_1dpi","Microglia 3",1.43792616417529,"DAM-like"
"B-49_TAGAGCTGTCGTTGTA-1","B_1dpi","Microglia 3",0.4178530078264,"DAM-like"
"B-50_CGGCTAGTCGCCCTTA-1","B_1dpi","Microglia 3",-0.406598678314088,"Intermediate"
"B-50_GTGAAGGGTTCGTTGA-1","B_1dpi","Activated Microglia A",0.55221082003455,"DAM-like"
"B-51_TGACAACAGGACAGCT-1","B_1dpi","Microglia 3",0.000116734966012111,"Intermediate"
"C-41_AGCCTAACACATCCGG-1","C_1wpi","Microglia 3",-0.868894224467973,"Homeostatic"
"D-25_TACTCATTCGACCAGC-1","D_3wpi","Microglia 3",0.748263913687864,"DAM-like"
"D-26_AGGCCGTTCACTTATC-1","D_3wpi","Microglia 3",-0.22143402375756,"Intermediate"
"D-26_AGTGAGGGTCTCCATC-1","D_3wpi","Microglia 3",0.0936670452111316,"Intermediate"
"D-26_GATCAGTTCTGCAAGT-1","D_3wpi","Microglia 3",0.338523925949452,"DAM-like"
"B-49_TAAGAGAGTCTAGTGT-1","B_1dpi","Activated Microglia A",0.606540594252736,"DAM-like"
"A-45_AACACGTAGTCAATAG-1","A_Uninj","Microglia 1",-2.1163641940447,"Homeostatic"
"A-45_AACTTTCCAGCTGGCT-1","A_Uninj","Microglia 2",-2.11081184267606,"Homeostatic"
"A-45_AATCGGTCAAACTGCT-1","A_Uninj","Activated Microglia A",0.397475011089236,"DAM-like"
"A-45_ACACCAAAGATGAGAG-1","A_Uninj","Microglia 3",-1.25100874981006,"Homeostatic"
"A-45_ACAGCCGAGTCCTCCT-1","A_Uninj","Microglia 1",-1.71707668607954,"Homeostatic"
"A-45_ACAGCTAAGAAGATTC-1","A_Uninj","Microglia 1",-0.855850510054031,"Homeostatic"
"A-45_ACATACGCAGACGCAA-1","A_Uninj","Microglia 1",-1.57850822621606,"Homeostatic"
"A-45_ACATGGTAGAAAGTGG-1","A_Uninj","Microglia 1",-1.19067409404338,"Homeostatic"
"A-45_ACGAGGATCTGCAGTA-1","A_Uninj","Microglia 3",0.33378700298143,"DAM-like"
"A-45_ACGATGTTCTGTCCGT-1","A_Uninj","Microglia 1",-1.59580656883332,"Homeostatic"
"A-45_ACGCCGAGTCAGTGGA-1","A_Uninj","Microglia 1",-2.84921904996392,"Homeostatic"
"A-45_ACGGGCTCATGCCCGA-1","A_Uninj","Microglia 3",-0.0601186138594947,"Intermediate"
"A-45_ACTGCTCGTGCTAGCC-1","A_Uninj","Microglia 1",-2.11912920607396,"Homeostatic"
"A-45_ACTGTCCTCAATACCG-1","A_Uninj","Microglia 2",-1.45042960871529,"Homeostatic"
"A-45_ACTTACTAGACGCACA-1","A_Uninj","Microglia 1",-2.25617483558958,"Homeostatic"
"A-45_AGAGCTTTCTCCTATA-1","A_Uninj","Microglia 1",-1.6962039712998,"Homeostatic"
"A-45_AGATTGCCACAGACAG-1","A_Uninj","Microglia 2",-1.75674531253106,"Homeostatic"
"A-45_AGCTCCTAGACCTAGG-1","A_Uninj","Microglia 2",-1.5236064056606,"Homeostatic"
"A-45_AGGGTGATCTTCAACT-1","A_Uninj","Microglia 3",-0.929370630591714,"Homeostatic"
"A-45_AGGTCCGCAATCAGAA-1","A_Uninj","Activated Microglia A",-0.948645406851823,"Homeostatic"
"A-45_ATAGACCTCGGACAAG-1","A_Uninj","Activated Microglia A",-0.357213856794907,"Intermediate"
"A-45_ATCATCTTCAGGCCCA-1","A_Uninj","Microglia 1",-1.15936824766483,"Homeostatic"
"A-45_ATCGAGTGTACAGACG-1","A_Uninj","Microglia 2",-1.42084238756451,"Homeostatic"
"A-45_ATCTACTAGCGCTCCA-1","A_Uninj","Microglia 3",-0.146153742576181,"Intermediate"
"A-45_ATCTGCCTCAGCTTAG-1","A_Uninj","Microglia 1",-1.57829543646683,"Homeostatic"
"A-45_ATGGGAGAGCCAGGAT-1","A_Uninj","Microglia 2",-0.149466374602823,"Intermediate"
"A-45_ATGGGAGTCTACCAGA-1","A_Uninj","Microglia 1",-1.24125135295607,"Homeostatic"
"A-45_ATGTGTGAGTTGAGAT-1","A_Uninj","Microglia 2",-1.17113034442134,"Homeostatic"
"A-45_ATGTGTGGTGCATCTA-1","A_Uninj","Microglia 1",-0.569680686467473,"Intermediate"
"A-45_CAAGATCAGCAGCGTA-1","A_Uninj","Microglia 1",-1.15849264676287,"Homeostatic"
"A-45_CAAGTTGGTCATGCCG-1","A_Uninj","Microglia 3",-1.02736772152384,"Homeostatic"
"A-45_CACAAACGTTACAGAA-1","A_Uninj","Microglia 1",-1.38185442458006,"Homeostatic"
"A-45_CAGAATCAGGGATCTG-1","A_Uninj","Microglia 1",-2.38947034141581,"Homeostatic"
"A-45_CAGAGAGTCGTAGGTT-1","A_Uninj","Microglia 2",-1.68197690173603,"Homeostatic"
"A-45_CAGCGACAGCTCAACT-1","A_Uninj","Microglia 2",-2.27209671337518,"Homeostatic"
"A-45_CAGTAACGTATAGGTA-1","A_Uninj","Microglia 2",-1.70610299195863,"Homeostatic"
"A-45_CAGTCCTTCTCCAACC-1","A_Uninj","Microglia 3",-0.990424107959165,"Homeostatic"
"A-45_CATATTCTCCCTCAGT-1","A_Uninj","Microglia 1",-1.01202239013685,"Homeostatic"
"A-45_CCATTCGGTGCAGGTA-1","A_Uninj","Microglia 1",-1.86966782618,"Homeostatic"
"A-45_CCCATACAGTGGAGTC-1","A_Uninj","Microglia 3",-2.0052674388699,"Homeostatic"
"A-45_CCGGTAGCATACCATG-1","A_Uninj","Microglia 3",-1.55554470777436,"Homeostatic"
"A-45_CCTATTACACGTTGGC-1","A_Uninj","Microglia 3",-1.6510676784576,"Homeostatic"
"A-45_CCTCTGACAAGAGGCT-1","A_Uninj","Microglia 3",-0.250934393203131,"Intermediate"
"A-45_CCTTCGATCTTGAGGT-1","A_Uninj","Microglia 1",-1.57269148895984,"Homeostatic"
"A-45_CGCGGTAAGGGTCGAT-1","A_Uninj","Microglia 1",-0.824468369013213,"Homeostatic"
"A-45_CGGAGCTTCGGAGGTA-1","A_Uninj","Microglia 1",-1.28781559016037,"Homeostatic"
"A-45_CGGTTAAAGCCTTGAT-1","A_Uninj","Microglia 3",-1.01818008624146,"Homeostatic"
"A-45_CGTGTAACAAGCGCTC-1","A_Uninj","Microglia 1",-1.59034479953923,"Homeostatic"
"A-45_CGTGTAAGTTCACGGC-1","A_Uninj","Microglia 3",-0.719422096445209,"Homeostatic"
"A-45_CGTTCTGAGTCCTCCT-1","A_Uninj","Activated Microglia B",0.131857194795672,"Intermediate"
"A-45_CTACACCTCTCGCTTG-1","A_Uninj","Microglia 1",-0.698831009081074,"Intermediate"
"A-45_CTAGCCTCAACTGGCC-1","A_Uninj","Microglia 1",-1.57199124779512,"Homeostatic"
"A-45_CTCACACGTATGAATG-1","A_Uninj","Microglia 1",-1.32004528911808,"Homeostatic"
"A-45_CTCGGAGCACTACAGT-1","A_Uninj","Activated Microglia A",0.393083097976601,"DAM-like"
"A-45_CTGAAGTGTGATGATA-1","A_Uninj","Microglia 3",-0.873880700758066,"Homeostatic"
"A-45_CTGCTGTAGATGTCGG-1","A_Uninj","Microglia 1",-1.92648827755099,"Homeostatic"
"A-45_CTTACCGCATGGATGG-1","A_Uninj","Microglia 2",-0.140214244149464,"Intermediate"
"A-45_GAAACTCTCGTAGATC-1","A_Uninj","Microglia 1",-2.02637687968718,"Homeostatic"
"A-45_GACCAATAGGGCACTA-1","A_Uninj","Microglia 1",-2.0436459121043,"Homeostatic"
"A-45_GACGGCTTCGCCAGCA-1","A_Uninj","Microglia 2",-2.32273128310438,"Homeostatic"
"A-45_GACGTGCGTTTGACTG-1","A_Uninj","Microglia 3",-2.48274382935526,"Homeostatic"
"A-45_GCAAACTTCGCATGGC-1","A_Uninj","Microglia 1",-2.34470154275936,"Homeostatic"
"A-45_GCAATCATCTGTCTCG-1","A_Uninj","Microglia 1",0.107462074678031,"Intermediate"
"A-45_GCATGATCAACACCTA-1","A_Uninj","Microglia 3",-2.01274712971132,"Homeostatic"
"A-45_GCATGATCAATTCCTT-1","A_Uninj","Microglia 1",-2.65406214776982,"Homeostatic"
"A-45_GCGAGAACACCGCTAG-1","A_Uninj","Microglia 3",-1.13623350402793,"Homeostatic"
"A-45_GCTGGGTCAAATTGCC-1","A_Uninj","Microglia 3",-1.35926813369135,"Homeostatic"
"A-45_GGATTACCAGGAATGC-1","A_Uninj","Microglia 1",-1.13382794663265,"Homeostatic"
"A-45_GGCTGGTCACCAGCAC-1","A_Uninj","Microglia 2",-1.84995808213079,"Homeostatic"
"A-45_GGGCATCTCGTAGGTT-1","A_Uninj","Microglia 1",-1.59375005884825,"Homeostatic"
"A-45_GTAACGTCACAGTCGC-1","A_Uninj","Microglia 1",-2.07824403464969,"Homeostatic"
"A-45_GTACTTTCACAGCCCA-1","A_Uninj","Microglia 3",-0.673618238094834,"Intermediate"
"A-45_GTATCTTAGCCACGCT-1","A_Uninj","Microglia 3",-0.905174485424466,"Homeostatic"
"A-45_GTGCTTCCAGCAGTTT-1","A_Uninj","Microglia 2",-2.15434527274579,"Homeostatic"
"A-45_GTTTCTAAGAAGGTGA-1","A_Uninj","Microglia 2",-1.04890442121294,"Homeostatic"
"A-45_TAAGAGACAGCTGTAT-1","A_Uninj","Microglia 1",-0.177429364938583,"Intermediate"
"A-45_TACACGAAGAGGTACC-1","A_Uninj","Microglia 1",-1.41452842985093,"Homeostatic"
"A-45_TACACGAAGGAGCGAG-1","A_Uninj","Microglia 1",-1.50104553170256,"Homeostatic"
"A-45_TACCTTAAGTTAGGTA-1","A_Uninj","Microglia 1",-0.649491938694543,"Intermediate"
"A-45_TACTTGTAGCGGCTTC-1","A_Uninj","Microglia 1",-1.01380408201676,"Homeostatic"
"A-45_TACTTGTCAGGCTCAC-1","A_Uninj","Microglia 1",-0.022296776661712,"Intermediate"
"A-45_TAGACCATCGCCTGAG-1","A_Uninj","Microglia 1",-0.147993968647974,"Intermediate"
"A-45_TAGCCGGAGATGTTAG-1","A_Uninj","Microglia 2",-2.67579148296361,"Homeostatic"
"A-45_TAGTGGTTCCGCAAGC-1","A_Uninj","Microglia 1",-0.165422403243865,"Intermediate"
"A-45_TATCAGGCAACTGGCC-1","A_Uninj","Microglia 1",-0.906732674401915,"Homeostatic"
"A-45_TATCTCAAGCTACCGC-1","A_Uninj","Microglia 1",-2.02564292386128,"Homeostatic"
"A-45_TATTACCGTGCACTTA-1","A_Uninj","Microglia 1",-1.51038943761052,"Homeostatic"
"A-45_TCGCGAGAGTGGGTTG-1","A_Uninj","Microglia 1",-1.40298314291099,"Homeostatic"
"A-45_TCGCGTTTCGCGTAGC-1","A_Uninj","Microglia 1",-1.54222992232239,"Homeostatic"
"A-45_TCGGGACCAGCGATCC-1","A_Uninj","Microglia 2",-0.255465897460723,"Intermediate"
"A-45_TCTGAGAGTTCTCATT-1","A_Uninj","Microglia 2",0,"Intermediate"
"A-45_TGACAACGTCAACATC-1","A_Uninj","Microglia 2",-1.28723843136714,"Homeostatic"
"A-45_TGCCAAAAGGTGCTAG-1","A_Uninj","Microglia 2",-1.38559305230125,"Homeostatic"
"A-45_TGCCCTAAGTGCCATT-1","A_Uninj","Microglia 2",-2.16079150848015,"Homeostatic"
"A-45_TGGCTGGGTTCCACTC-1","A_Uninj","Microglia 1",-1.34622713519693,"Homeostatic"
"A-45_TGGGAAGTCCAGATCA-1","A_Uninj","Microglia 1",-1.67238020828239,"Homeostatic"
"A-45_TGGTTAGCAATGGTCT-1","A_Uninj","Microglia 1",-0.704399169142894,"Intermediate"
"A-45_TGGTTAGCATACGCTA-1","A_Uninj","Microglia 2",-1.12850436355709,"Homeostatic"
"A-45_TTGCCGTAGGGATGGG-1","A_Uninj","Microglia 2",-2.23349456475641,"Homeostatic"
"A-45_TTGCGTCAGCAGGCTA-1","A_Uninj","Microglia 1",-0.819809376424399,"Homeostatic"
"A-45_TTTACTGCAGTCAGCC-1","A_Uninj","Microglia 1",-2.28005383447265,"Homeostatic"
"A-46_AAATGCCAGCGTGTCC-1","A_Uninj","Microglia 1",-1.18445652192207,"Homeostatic"
"A-46_AACTGGTGTCCGAATT-1","A_Uninj","Microglia 2",-0.219902921458759,"Intermediate"
"A-46_AATCCAGAGATGTGTA-1","A_Uninj","Microglia 3",-0.697083048295657,"Intermediate"
"A-46_AATCGGTGTTGGACCC-1","A_Uninj","Microglia 3",-0.637416966293238,"Intermediate"
"A-46_ACACCAAAGTACTTGC-1","A_Uninj","Microglia 3",-1.56592304125503,"Homeostatic"
"A-46_ACACTGAAGGGCTCTC-1","A_Uninj","Microglia 2",-0.59653609636868,"Intermediate"
"A-46_ACACTGATCAGCGATT-1","A_Uninj","Microglia 3",-0.48494547080334,"Intermediate"
"A-46_ACAGCTATCAGAAATG-1","A_Uninj","Microglia 2",0.526366456654757,"DAM-like"
"A-46_ACCGTAATCGGAGCAA-1","A_Uninj","Microglia 1",-0.704906441132857,"Intermediate"
"A-46_ACGATGTCATGGTCTA-1","A_Uninj","Microglia 3",-0.89572535655682,"Homeostatic"
"A-46_ACGCAGCCAGTTCCCT-1","A_Uninj","Microglia 1",-0.773839220847414,"Homeostatic"
"A-46_ACGCAGCGTGCCTGTG-1","A_Uninj","Microglia 1",-2.03159879505935,"Homeostatic"
"A-46_ACGCCGAAGAGGTTGC-1","A_Uninj","Microglia 1",-0.601710755595728,"Intermediate"
"A-46_ACGTCAAGTGATGTGG-1","A_Uninj","Microglia 3",-0.162299580977311,"Intermediate"
"A-46_ACTTACTGTCGCATCG-1","A_Uninj","Microglia 3",-1.44890690395454,"Homeostatic"
"A-46_AGAGCGAGTGACGGTA-1","A_Uninj","Microglia 3",-0.822649309850482,"Homeostatic"
"A-46_AGAGTGGAGTCCAGGA-1","A_Uninj","Microglia 1",-0.798084287456131,"Homeostatic"
"A-46_AGATTGCCAGACAAAT-1","A_Uninj","Microglia 3",-1.04869838335139,"Homeostatic"
"A-46_AGATTGCGTAGTGAAT-1","A_Uninj","Microglia 3",-0.98117841077678,"Homeostatic"
"A-46_AGCAGCCCATTGTGCA-1","A_Uninj","Microglia 1",-0.655010706797835,"Intermediate"
"A-46_AGCGTATAGACTGGGT-1","A_Uninj","Microglia 2",-1.35130930259032,"Homeostatic"
"A-46_AGCGTATTCTGGTATG-1","A_Uninj","Microglia 1",-3.08388786129214,"Homeostatic"
"A-46_AGCTTGACAGGTGCCT-1","A_Uninj","Activated Microglia A",0.199123206362402,"Intermediate"
"A-46_AGTCTTTGTTTGTGTG-1","A_Uninj","Microglia 1",-1.31731334728444,"Homeostatic"
"A-46_ATAACGCAGCAGCGTA-1","A_Uninj","Microglia 1",-1.90890045165555,"Homeostatic"
"A-46_ATAGACCCAGCCTATA-1","A_Uninj","Microglia 1",-1.61015142594302,"Homeostatic"
"A-46_ATCATGGAGGAATGGA-1","A_Uninj","Microglia 1",-0.83990087109083,"Homeostatic"
"A-46_ATCATGGTCTCTGCTG-1","A_Uninj","Microglia 3",-1.76921636768183,"Homeostatic"
"A-46_ATCCACCTCGTCTGAA-1","A_Uninj","Microglia 2",-1.39329986339808,"Homeostatic"
"A-46_ATTATCCGTTTCCACC-1","A_Uninj","Microglia 3",-0.843576942321791,"Homeostatic"
"A-46_ATTCTACGTCTAAACC-1","A_Uninj","Microglia 1",-0.162978527165342,"Intermediate"
"A-46_CAACTAGCATACTCTT-1","A_Uninj","Microglia 3",-0.609268872021084,"Intermediate"
"A-46_CAAGATCTCAAAGTAG-1","A_Uninj","Microglia 3",0.340505938968628,"DAM-like"
"A-46_CACAGTAGTGGTACAG-1","A_Uninj","Microglia 3",-0.709927873341877,"Intermediate"
"A-46_CACATAGAGGCTACGA-1","A_Uninj","Microglia 1",-2.09562782544176,"Homeostatic"
"A-46_CACATAGGTACAGCAG-1","A_Uninj","Microglia 2",-1.54006954263276,"Homeostatic"
"A-46_CACATTTCAGCTGTGC-1","A_Uninj","Microglia 1",-1.82116772265576,"Homeostatic"
"A-46_CACCAGGAGGAGTACC-1","A_Uninj","Microglia 1",-1.52581596127747,"Homeostatic"
"A-46_CACTCCAAGCCAGGAT-1","A_Uninj","Microglia 3",-1.04655365331901,"Homeostatic"
"A-46_CAGCAGCCACTTACGA-1","A_Uninj","Microglia 3",-0.524711269273506,"Intermediate"
"A-46_CAGCATATCGGAATCT-1","A_Uninj","Microglia 3",-1.84963082540269,"Homeostatic"
"A-46_CAGCCGAAGTGGGATC-1","A_Uninj","Microglia 2",-1.97475943292156,"Homeostatic"
"A-46_CATATGGTCGTTTGCC-1","A_Uninj","Microglia 1",-2.27294785102995,"Homeostatic"
"A-46_CATATTCCATCGATGT-1","A_Uninj","Microglia 2",-1.08024570319513,"Homeostatic"
"A-46_CATGCCTGTTGGTAAA-1","A_Uninj","Microglia 1",0.0252131649385453,"Intermediate"
"A-46_CATGGCGCACAGAGGT-1","A_Uninj","Microglia 2",-0.816810041496611,"Homeostatic"
"A-46_CATTCGCTCATAGCAC-1","A_Uninj","Microglia 3",-0.691262875383627,"Intermediate"
"A-46_CCACCTAGTTGAACTC-1","A_Uninj","Microglia 1",-1.97122471062542,"Homeostatic"
"A-46_CCACTACTCAACACGT-1","A_Uninj","Microglia 2",-0.67154563874348,"Intermediate"
"A-46_CCCTCCTAGAGCTTCT-1","A_Uninj","Activated Microglia B",-0.158891015195507,"Intermediate"
"A-46_CCGGTAGTCTCGCTTG-1","A_Uninj","Microglia 2",-0.870846793872564,"Homeostatic"
"A-46_CCGTGGAGTATTACCG-1","A_Uninj","Microglia 1",-1.52668548389395,"Homeostatic"
"A-46_CCGTGGAGTGCAGACA-1","A_Uninj","Microglia 1",0.0968344060938136,"Intermediate"
"A-46_CCGTTCAAGATAGGAG-1","A_Uninj","Microglia 2",-1.5114030317889,"Homeostatic"
"A-46_CCGTTCAGTGACAAAT-1","A_Uninj","Microglia 1",-1.47341650675764,"Homeostatic"
"A-46_CCTAAAGAGCTAACTC-1","A_Uninj","Microglia 2",-1.34876266075715,"Homeostatic"
"A-46_CCTAAAGTCAGCTTAG-1","A_Uninj","Microglia 2",-0.190452718882506,"Intermediate"
"A-46_CCTCAGTTCTATGTGG-1","A_Uninj","Microglia 2",-1.93523910974157,"Homeostatic"
"A-46_CCTCTGAGTAGGCTGA-1","A_Uninj","Microglia 3",-1.90139526169169,"Homeostatic"
"A-46_CCTTACGAGTCTCAAC-1","A_Uninj","Microglia 3",-1.86171924150587,"Homeostatic"
"A-46_CCTTACGCACATTTCT-1","A_Uninj","Microglia 1",-1.48630089372496,"Homeostatic"
"A-46_CCTTTCTGTTATTCTC-1","A_Uninj","Activated Microglia B",0.0698796438007914,"Intermediate"
"A-46_CGACTTCAGTTGAGAT-1","A_Uninj","Microglia 1",-2.29488256107747,"Homeostatic"
"A-46_CGAGCCAAGAGTAAGG-1","A_Uninj","Microglia 1",-0.417501304661907,"Intermediate"
"A-46_CGCGTTTCATCCAACA-1","A_Uninj","Microglia 2",-1.79943490297542,"Homeostatic"
"A-46_CGCTATCGTAGCTCCG-1","A_Uninj","Microglia 1",-1.67301888130564,"Homeostatic"
"A-46_CGCTGGAGTGTGACGA-1","A_Uninj","Microglia 2",-0.965545797597266,"Homeostatic"
"A-46_CGGACGTTCCGGCACA-1","A_Uninj","Microglia 1",-0.903411540359434,"Homeostatic"
"A-46_CGGACTGTCGCGTTTC-1","A_Uninj","Microglia 1",-0.289610777847474,"Intermediate"
"A-46_CGGCTAGCAACAACCT-1","A_Uninj","Microglia 1",-1.28719780581891,"Homeostatic"
"A-46_CGTAGCGCACTTGGAT-1","A_Uninj","Microglia 3",-0.277391274243625,"Intermediate"
"A-46_CGTAGCGGTCCTCTTG-1","A_Uninj","Microglia 1",-0.508182156010206,"Intermediate"
"A-46_CGTCACTCACAACGTT-1","A_Uninj","Microglia 1",-1.61379765533773,"Homeostatic"
"A-46_CGTCAGGTCTTCGGTC-1","A_Uninj","Microglia 2",-0.887042869084766,"Homeostatic"
"A-46_CGTCCATTCAATACCG-1","A_Uninj","Microglia 3",-0.925484033985643,"Homeostatic"
"A-46_CGTGTAAGTTTACTCT-1","A_Uninj","Microglia 3",-1.02721736086104,"Homeostatic"
"A-46_CGTGTCTAGAAACGAG-1","A_Uninj","Microglia 1",-0.947161715779818,"Homeostatic"
"A-46_CTACACCCACTCTGTC-1","A_Uninj","Microglia 2",-1.7421850678211,"Homeostatic"
"A-46_CTACCCATCGGCCGAT-1","A_Uninj","Microglia 3",0.267968293400124,"DAM-like"
"A-46_CTCCTAGTCCAGTATG-1","A_Uninj","Microglia 1",-1.18031018315545,"Homeostatic"
"A-46_CTCGGAGAGTGTTAGA-1","A_Uninj","Microglia 3",-0.478702519681993,"Intermediate"
"A-46_CTCTACGAGATGAGAG-1","A_Uninj","Microglia 2",-1.49176030546262,"Homeostatic"
"A-46_CTGAAACCATTGGTAC-1","A_Uninj","Microglia 3",-1.53949478176661,"Homeostatic"
"A-46_CTGAAGTTCTGCCCTA-1","A_Uninj","Microglia 1",-1.3003054774366,"Homeostatic"
"A-46_CTGATAGTCGGAGGTA-1","A_Uninj","Microglia 3",-1.13699843775923,"Homeostatic"
"A-46_CTGCGGAAGAGTACCG-1","A_Uninj","Microglia 2",-0.727163199057247,"Homeostatic"
"A-46_CTGCGGAGTCTTCTCG-1","A_Uninj","Microglia 1",-2.07054572834973,"Homeostatic"
"A-46_CTTAACTGTGGACGAT-1","A_Uninj","Microglia 2",-0.575486567768517,"Intermediate"
"A-46_GAACATCGTAGGACAC-1","A_Uninj","Microglia 3",-1.66508182116967,"Homeostatic"
"A-46_GAACCTAGTCTTCGTC-1","A_Uninj","Microglia 1",-0.425866320305472,"Intermediate"
"A-46_GAACGGATCAGCTCGG-1","A_Uninj","Microglia 2",-1.39682423908137,"Homeostatic"
"A-46_GAATGAATCAGTTGAC-1","A_Uninj","Microglia 3",-1.8139095573231,"Homeostatic"
"A-46_GATCAGTTCAGGCAAG-1","A_Uninj","Microglia 1",-0.46785355993969,"Intermediate"
"A-46_GATCGCGGTTGAGGTG-1","A_Uninj","Microglia 2",-0.681914140782512,"Intermediate"
"A-46_GATTCAGCAAGTAATG-1","A_Uninj","Microglia 2",-0.879812355704411,"Homeostatic"
"A-46_GCACTCTCAGTCAGAG-1","A_Uninj","Microglia 3",0.100726860251038,"Intermediate"
"A-46_GCCTCTACATACTCTT-1","A_Uninj","Microglia 1",-1.99657328690117,"Homeostatic"
"A-46_GCTGCTTCACTAAGTC-1","A_Uninj","Microglia 3",-1.35909135173968,"Homeostatic"
"A-46_GGCCGATTCGCTAGCG-1","A_Uninj","Microglia 2",-1.37824743289096,"Homeostatic"
"A-46_GGCGTGTCATGACGGA-1","A_Uninj","Microglia 3",-1.50757002319753,"Homeostatic"
"A-46_GGGCATCCACCAGTTA-1","A_Uninj","Microglia 2",-1.32425499616273,"Homeostatic"
"A-46_GGTGTTACAGCTCGCA-1","A_Uninj","Microglia 1",-1.14279531996836,"Homeostatic"
"A-46_GTAACGTGTTGATTCG-1","A_Uninj","Microglia 1",-0.437646706667339,"Intermediate"
"A-46_GTAACGTTCTGCCAGG-1","A_Uninj","Microglia 1",-1.2903402290561,"Homeostatic"
"A-46_GTACGTAGTAAAGGAG-1","A_Uninj","Microglia 1",-2.37289433783695,"Homeostatic"
"A-46_GTACTCCTCACTTACT-1","A_Uninj","Microglia 1",-1.85170393290661,"Homeostatic"
"A-46_GTAGTCAGTGGTTTCA-1","A_Uninj","Microglia 1",0,"Intermediate"
"A-46_GTATCTTAGTACGCCC-1","A_Uninj","Microglia 3",-1.42219109100119,"Homeostatic"
"A-46_GTCCTCAGTCCATGAT-1","A_Uninj","Microglia 3",-1.37069367156786,"Homeostatic"
"A-46_GTTCATTCATTCCTGC-1","A_Uninj","Microglia 1",-0.0626557026542592,"Intermediate"
"A-46_TACACGAGTCGAGATG-1","A_Uninj","Microglia 1",-0.998947107450856,"Homeostatic"
"A-46_TACCTATAGATCTGCT-1","A_Uninj","Microglia 3",-0.908388927996652,"Homeostatic"
"A-46_TACGGTAAGACCCACC-1","A_Uninj","Microglia 1",-1.77401446707413,"Homeostatic"
"A-46_TACTCATTCTTCGGTC-1","A_Uninj","Microglia 1",-2.23562452371225,"Homeostatic"
"A-46_TAGTGGTGTAGCTAAA-1","A_Uninj","Microglia 3",0.0986693022194124,"Intermediate"
"A-46_TAGTGGTTCATGTCTT-1","A_Uninj","Microglia 1",-1.01588679194106,"Homeostatic"
"A-46_TATCAGGGTAGCCTAT-1","A_Uninj","Microglia 3",-1.102994768275,"Homeostatic"
"A-46_TATCTCATCAACCATG-1","A_Uninj","Microglia 1",-2.61599920305736,"Homeostatic"
"A-46_TCAACGAGTTATGCGT-1","A_Uninj","Microglia 2",-1.48472619490836,"Homeostatic"
"A-46_TCAATCTAGAACAATC-1","A_Uninj","Microglia 2",0.289651927704226,"DAM-like"
"A-46_TCACAAGAGCTATGCT-1","A_Uninj","Microglia 3",-1.46557978905794,"Homeostatic"
"A-46_TCAGGATCACATCCAA-1","A_Uninj","Microglia 3",-1.64820118082093,"Homeostatic"
"A-46_TCCACACCAATCACAC-1","A_Uninj","Microglia 2",-0.834582258261769,"Homeostatic"
"A-46_TCGCGAGCAGATGGGT-1","A_Uninj","Microglia 3",-1.20663413035392,"Homeostatic"
"A-46_TCGCGAGTCACGGTTA-1","A_Uninj","Microglia 3",-0.626056937003339,"Intermediate"
"A-46_TCGCGAGTCCACGCAG-1","A_Uninj","Microglia 3",0.769672132548774,"DAM-like"
"A-46_TCGGGACGTGCATCTA-1","A_Uninj","Microglia 1",-0.264935086429607,"Intermediate"
"A-46_TCGGTAAGTATATCCG-1","A_Uninj","Microglia 3",-2.88510489607036,"Homeostatic"
"A-46_TCGTAGATCTACTATC-1","A_Uninj","Microglia 1",-1.85277559688325,"Homeostatic"
"A-46_TCTGAGACAGGATTGG-1","A_Uninj","Microglia 1",-2.10828690416954,"Homeostatic"
"A-46_TCTGAGAGTAGGAGTC-1","A_Uninj","Microglia 2",-1.73301944158394,"Homeostatic"
"A-46_TCTGAGAGTCGAGATG-1","A_Uninj","Microglia 1",-1.81107010849838,"Homeostatic"
"A-46_TGACGGCAGACTAAGT-1","A_Uninj","Activated Microglia B",-0.444054782890259,"Intermediate"
"A-46_TGACTTTTCTTGTATC-1","A_Uninj","Microglia 3",0.0986693022194124,"Intermediate"
"A-46_TGAGGGATCAGCTTAG-1","A_Uninj","Microglia 1",-0.148548794351555,"Intermediate"
"A-46_TGCCCTAAGACACTAA-1","A_Uninj","Microglia 2",-1.55227382030151,"Homeostatic"
"A-46_TGCGGGTTCGCAAACT-1","A_Uninj","Microglia 1",-2.28592636853729,"Homeostatic"
"A-46_TGCTACCGTAAATACG-1","A_Uninj","Microglia 3",-1.82023219310206,"Homeostatic"
"A-46_TGGGCGTTCGAGAACG-1","A_Uninj","Microglia 1",-1.45848432550578,"Homeostatic"
"A-46_TGGTTCCTCGTGGACC-1","A_Uninj","Microglia 3",-1.53365678864996,"Homeostatic"
"A-46_TGTCCCAAGACCTTTG-1","A_Uninj","Microglia 3",-1.77653195912504,"Homeostatic"
"A-46_TTATGCTTCGCAAGCC-1","A_Uninj","Microglia 2",-2.14805507618298,"Homeostatic"
"A-46_TTCGAAGGTCAGAATA-1","A_Uninj","Microglia 1",-0.90056789134977,"Homeostatic"
"A-46_TTCGGTCTCTTCCTTC-1","A_Uninj","Microglia 1",-1.18260676337318,"Homeostatic"
"A-46_TTCTCAAAGAACAACT-1","A_Uninj","Microglia 3",-1.92819668861924,"Homeostatic"
"A-46_TTGACTTTCACGGTTA-1","A_Uninj","Microglia 2",-1.30065535740809,"Homeostatic"
"A-46_TTGCGTCAGACTAGGC-1","A_Uninj","Microglia 1",-0.450290090242372,"Intermediate"
"A-46_TTGCGTCCAGTTTACG-1","A_Uninj","Microglia 1",-1.37965596989557,"Homeostatic"
"A-46_TTGGAACAGTCGCCGT-1","A_Uninj","Microglia 1",-0.644363115730559,"Intermediate"
"A-46_TTTCCTCAGGCCCGTT-1","A_Uninj","Microglia 1",-1.44723823601728,"Homeostatic"
"A-48_AAAGTAGAGAGCTGCA-1","A_Uninj","Microglia 2",-0.969017216724446,"Homeostatic"
"A-48_AAAGTAGGTCATTAGC-1","A_Uninj","Microglia 1",-0.766665890806957,"Homeostatic"
"A-48_AAGGTTCGTATGAATG-1","A_Uninj","Microglia 3",-0.719480092032903,"Homeostatic"
"A-48_ACACTGATCGCAAACT-1","A_Uninj","Microglia 1",0.521047483724624,"DAM-like"
"A-48_ACAGCTATCGTGGACC-1","A_Uninj","Microglia 1",-2.07840970500816,"Homeostatic"
"A-48_ACAGCTATCTTGTATC-1","A_Uninj","Microglia 3",-1.18530988210254,"Homeostatic"
"A-48_ACATGGTCACAAGTAA-1","A_Uninj","Microglia 2",-1.31696824194917,"Homeostatic"
"A-48_ACATGGTGTGGTCTCG-1","A_Uninj","Microglia 2",-1.53611641322593,"Homeostatic"
"A-48_ACCCACTAGGCCCGTT-1","A_Uninj","Microglia 2",-1.35142839852777,"Homeostatic"
"A-48_ACGATACGTGGTCTCG-1","A_Uninj","Microglia 2",-1.06121991926592,"Homeostatic"
"A-48_ACGCCAGAGCCACGCT-1","A_Uninj","Microglia 3",-0.429702533407495,"Intermediate"
"A-48_ACGCCGATCATTCACT-1","A_Uninj","Microglia 1",-1.76477144299665,"Homeostatic"
"A-48_ACTATCTAGTTCGCGC-1","A_Uninj","Microglia 3",-1.42074561733563,"Homeostatic"
"A-48_ACTGAACCACCAGGTC-1","A_Uninj","Microglia 1",-1.13024018514265,"Homeostatic"
"A-48_ACTGAGTAGAGGTACC-1","A_Uninj","Microglia 2",-1.83199026352149,"Homeostatic"
"A-48_ACTGCTCCAGGCGATA-1","A_Uninj","Microglia 2",-2.36241366478637,"Homeostatic"
"A-48_ACTGTCCAGCAGACTG-1","A_Uninj","Microglia 3",-0.719880579893291,"Homeostatic"
"A-48_ACTTACTAGTTCGCGC-1","A_Uninj","Microglia 1",-2.50561734593348,"Homeostatic"
"A-48_AGAGCGAGTAAGCACG-1","A_Uninj","Microglia 2",-0.991490017513178,"Homeostatic"
"A-48_AGGCCACCAGCTCGCA-1","A_Uninj","Microglia 1",-1.0168201015552,"Homeostatic"
"A-48_AGGGTGAAGGTGCTAG-1","A_Uninj","Microglia 1",-0.88620113242111,"Homeostatic"
"A-48_AGGTCATAGGCCCGTT-1","A_Uninj","Microglia 1",-1.93429417514206,"Homeostatic"
"A-48_AGTGAGGTCTGCTTGC-1","A_Uninj","Microglia 3",-0.621129628111453,"Intermediate"
"A-48_AGTGTCATCCGATATG-1","A_Uninj","Activated Microglia B",-0.899393513787507,"Homeostatic"
"A-48_ATCACGATCTTGTATC-1","A_Uninj","Microglia 1",-1.86726371350501,"Homeostatic"
"A-48_ATCATGGCATTTCAGG-1","A_Uninj","Microglia 2",-2.9350054620227,"Homeostatic"
"A-48_ATCCGAAAGTGTCCAT-1","A_Uninj","Microglia 2",-1.17391713746192,"Homeostatic"
"A-48_ATTGGTGGTAATAGCA-1","A_Uninj","Microglia 1",-1.80789784819149,"Homeostatic"
"A-48_CAAGTTGTCTGCTGTC-1","A_Uninj","Activated Microglia A",0.00636981196239672,"Intermediate"
"A-48_CACATTTAGATGTTAG-1","A_Uninj","Microglia 3",-1.84530520897973,"Homeostatic"
"A-48_CAGAGAGGTCGGGTCT-1","A_Uninj","Microglia 1",-1.54021814810887,"Homeostatic"
"A-48_CAGCCGAAGTCCGGTC-1","A_Uninj","Microglia 2",-1.70022254827415,"Homeostatic"
"A-48_CAGCTGGTCCAGAAGG-1","A_Uninj","Microglia 2",-0.732682495009166,"Homeostatic"
"A-48_CCACGGACAGGTCTCG-1","A_Uninj","Microglia 1",-0.838526062451226,"Homeostatic"
"A-48_CCATTCGTCCACGAAT-1","A_Uninj","Activated Microglia B",-0.833613390300218,"Homeostatic"
"A-48_CCCATACAGACTAGGC-1","A_Uninj","Microglia 1",-0.812363570204579,"Homeostatic"
"A-48_CCGGGATCAATGAATG-1","A_Uninj","Microglia 1",-1.99763742474958,"Homeostatic"
"A-48_CCGTGGATCCGCAAGC-1","A_Uninj","Microglia 3",0.226281110289805,"Intermediate"
"A-48_CCTACACTCCACTGGG-1","A_Uninj","Microglia 1",-1.66516898383053,"Homeostatic"
"A-48_CCTAGCTTCGACCAGC-1","A_Uninj","Microglia 1",-0.856277558380266,"Homeostatic"
"A-48_CCTATTAAGCCCAACC-1","A_Uninj","Microglia 3",-1.90668139573768,"Homeostatic"
"A-48_CCTCTGAAGTCTCGGC-1","A_Uninj","Microglia 1",-2.10298968000125,"Homeostatic"
"A-48_CCTTCCCAGACTGTAA-1","A_Uninj","Microglia 1",-1.55653763681033,"Homeostatic"
"A-48_CGAATGTCACAGGTTT-1","A_Uninj","Microglia 2",-1.48246955056868,"Homeostatic"
"A-48_CGAATGTGTGACTCAT-1","A_Uninj","Microglia 3",-0.806152658161733,"Homeostatic"
"A-48_CGATCGGCAACTGCGC-1","A_Uninj","Microglia 1",-1.682748632664,"Homeostatic"
"A-48_CGATTGAGTGCCTGGT-1","A_Uninj","Microglia 2",-1.05694372746611,"Homeostatic"
"A-48_CGCCAAGAGGTCATCT-1","A_Uninj","Microglia 3",-1.17653755386542,"Homeostatic"
"A-48_CGGACTGTCTGGTATG-1","A_Uninj","Microglia 3",-2.19029358446015,"Homeostatic"
"A-48_CGGAGCTAGCCGCCTA-1","A_Uninj","Microglia 1",-2.56278484173027,"Homeostatic"
"A-48_CGGAGCTAGTGGAGTC-1","A_Uninj","Microglia 1",-2.32016789634731,"Homeostatic"
"A-48_CGGGTCAGTACCATCA-1","A_Uninj","Microglia 1",-0.968025144035785,"Homeostatic"
"A-48_CGGGTCAGTGTAATGA-1","A_Uninj","Microglia 2",-1.44677304843248,"Homeostatic"
"A-48_CGTAGCGCAAGTTAAG-1","A_Uninj","Activated Microglia B",-0.466230241458693,"Intermediate"
"A-48_CGTCACTCACCTCGGA-1","A_Uninj","Microglia 3",0.097616890064939,"Intermediate"
"A-48_CGTCAGGTCAATCTCT-1","A_Uninj","Microglia 2",-0.362497785881385,"Intermediate"
"A-48_CGTCCATCATGGTCAT-1","A_Uninj","Microglia 3",-2.08256800246634,"Homeostatic"
"A-48_CGTTCTGCAGAGCCAA-1","A_Uninj","Microglia 3",-1.16811864930106,"Homeostatic"
"A-48_CGTTGGGAGTGGGATC-1","A_Uninj","Microglia 2",-1.07749237230081,"Homeostatic"
"A-48_CTCGGGATCTTCTGGC-1","A_Uninj","Microglia 2",-1.07539170809514,"Homeostatic"
"A-48_CTCGTACCAGCCTGTG-1","A_Uninj","Microglia 2",-1.99784310470914,"Homeostatic"
"A-48_CTCGTACGTACTTGAC-1","A_Uninj","Microglia 1",-1.70153513717317,"Homeostatic"
"A-48_CTGATAGCACGCCAGT-1","A_Uninj","Activated Microglia A",-1.80809320951104,"Homeostatic"
"A-48_CTGGTCTAGTTCGCGC-1","A_Uninj","Microglia 3",-1.91615987731289,"Homeostatic"
"A-48_CTTGGCTTCAGCAACT-1","A_Uninj","Microglia 1",-1.91262038139771,"Homeostatic"
"A-48_GAACGGATCAAGATCC-1","A_Uninj","Microglia 2",-2.48434103501548,"Homeostatic"
"A-48_GAATGAATCTATCCCG-1","A_Uninj","Activated Microglia B",-1.27770881336416,"Homeostatic"
"A-48_GACGCGTCACCAGCAC-1","A_Uninj","Microglia 1",-1.32272036548548,"Homeostatic"
"A-48_GACTAACGTGTTTGTG-1","A_Uninj","Microglia 3",-1.22179843464382,"Homeostatic"
"A-48_GACTGCGAGTCGAGTG-1","A_Uninj","Microglia 1",-2.38320829048258,"Homeostatic"
"A-48_GATCGATTCATGTCTT-1","A_Uninj","Microglia 3",-0.636708024959352,"Intermediate"
"A-48_GATCGTAGTCCGAGTC-1","A_Uninj","Microglia 2",-0.454620419754971,"Intermediate"
"A-48_GATTCAGAGCTGCGAA-1","A_Uninj","Microglia 1",-0.15155294471766,"Intermediate"
"A-48_GATTCAGGTATGAAAC-1","A_Uninj","Activated Microglia A",-1.63795023102864,"Homeostatic"
"A-48_GCGCCAACACATGTGT-1","A_Uninj","Microglia 2",-2.25923808279619,"Homeostatic"
"A-48_GCGCGATTCGGCGGTT-1","A_Uninj","Microglia 1",-1.40853040003646,"Homeostatic"
"A-48_GCTCTGTAGCGCTTAT-1","A_Uninj","Microglia 1",-0.877082203520535,"Homeostatic"
"A-48_GCTGCGATCAACGGCC-1","A_Uninj","Activated Microglia A",0.325004772926463,"DAM-like"
"A-48_GCTGCTTAGCCCAGCT-1","A_Uninj","Microglia 1",-1.71058827993388,"Homeostatic"
"A-48_GCTGCTTGTATGAAAC-1","A_Uninj","Microglia 3",-0.340211389838695,"Intermediate"
"A-48_GGAACTTAGGCCCTTG-1","A_Uninj","Microglia 2",-1.8093653335911,"Homeostatic"
"A-48_GGAACTTCATACCATG-1","A_Uninj","Microglia 3",0.0408667049411832,"Intermediate"
"A-48_GGAACTTTCGGAGCAA-1","A_Uninj","Microglia 2",-1.97447771822852,"Homeostatic"
"A-48_GGCAATTCACGCTTTC-1","A_Uninj","Microglia 1",-2.70016272406703,"Homeostatic"
"A-48_GGCAATTGTACCAGTT-1","A_Uninj","Microglia 1",-1.06682762533872,"Homeostatic"
"A-48_GGCTGGTGTACAGTTC-1","A_Uninj","Microglia 1",-1.70118362755474,"Homeostatic"
"A-48_GGGAATGGTATCACCA-1","A_Uninj","Microglia 1",-1.07405079303966,"Homeostatic"
"A-48_GGTGAAGCAAAGGCGT-1","A_Uninj","Microglia 3",-0.678071554136152,"Intermediate"
"A-48_GTACTTTGTCGTCTTC-1","A_Uninj","Microglia 1",-1.81924953696961,"Homeostatic"
"A-48_GTCCTCATCAATACCG-1","A_Uninj","Microglia 1",-1.60047956364558,"Homeostatic"
"A-48_GTCTTCGGTTCCACAA-1","A_Uninj","Microglia 1",-1.79215517384398,"Homeostatic"
"A-48_GTGAAGGAGTGCAAGC-1","A_Uninj","Microglia 2",-2.8397272456197,"Homeostatic"
"A-48_GTGCATAGTTACGCGC-1","A_Uninj","Microglia 1",-1.72062242458334,"Homeostatic"
"A-48_GTGCATATCCCACTTG-1","A_Uninj","Activated Microglia B",-0.952285334558259,"Homeostatic"
"A-48_GTGTGCGGTGGACGAT-1","A_Uninj","Microglia 1",-1.07366132960462,"Homeostatic"
"A-48_GTTACAGTCGAATGGG-1","A_Uninj","Microglia 3",-0.844146015589896,"Homeostatic"
"A-48_GTTCGGGTCGTTGCCT-1","A_Uninj","Microglia 2",-0.847534953436822,"Homeostatic"
"A-48_GTTCTCGTCTGTCAAG-1","A_Uninj","Microglia 3",-1.03305877958994,"Homeostatic"
"A-48_GTTTCTATCAAGGCTT-1","A_Uninj","Microglia 2",-1.1306463022104,"Homeostatic"
"A-48_TAAGTGCTCCTTGGTC-1","A_Uninj","Microglia 2",-0.182126134209626,"Intermediate"
"A-48_TACTCATAGCAACGGT-1","A_Uninj","Microglia 1",-1.52854945506936,"Homeostatic"
"A-48_TACTTACAGAGGTAGA-1","A_Uninj","Microglia 1",-2.36471438262754,"Homeostatic"
"A-48_TAGTGGTTCCACTGGG-1","A_Uninj","Microglia 1",-0.899454518505133,"Homeostatic"
"A-48_TAGTTGGAGGATGGAA-1","A_Uninj","Activated Microglia A",1.40979136669994,"DAM-like"
"A-48_TATCAGGTCTCTAAGG-1","A_Uninj","Microglia 1",-0.407854316085786,"Intermediate"
"A-48_TATCTCACAGCGTAAG-1","A_Uninj","Microglia 1",-1.01190357365925,"Homeostatic"
"A-48_TATTACCTCCCAAGAT-1","A_Uninj","Activated Microglia B",-0.312083756972174,"Intermediate"
"A-48_TCAATCTGTGCACTTA-1","A_Uninj","Microglia 2",-0.69839463894131,"Intermediate"
"A-48_TCACGAACATGCTGGC-1","A_Uninj","Microglia 1",-0.694023098165909,"Intermediate"
"A-48_TCATTACAGAAACCGC-1","A_Uninj","Microglia 2",-1.08189755145538,"Homeostatic"
"A-48_TCCCGATGTATTCGTG-1","A_Uninj","Activated Microglia A",0.411178623045519,"DAM-like"
"A-48_TCGCGTTGTTGGTTTG-1","A_Uninj","Microglia 2",-1.72047515977087,"Homeostatic"
"A-48_TCGGGACCAGTCGTGC-1","A_Uninj","Microglia 1",-1.24724974702151,"Homeostatic"
"A-48_TCGGTAACAGGGTTAG-1","A_Uninj","Microglia 2",-2.28712790973069,"Homeostatic"
"A-48_TCGGTAACATCTACGA-1","A_Uninj","Microglia 1",-0.845567771291124,"Homeostatic"
"A-48_TCGTAGAGTAGCGTAG-1","A_Uninj","Activated Microglia B",-1.60080665001566,"Homeostatic"
"A-48_TCGTAGAGTCCCTACT-1","A_Uninj","Microglia 3",-0.959704270546461,"Homeostatic"
"A-48_TCTGGAAAGAAGCCCA-1","A_Uninj","Microglia 1",-2.16656939011093,"Homeostatic"
"A-48_TGACTTTGTCGAATCT-1","A_Uninj","Microglia 3",-1.02710368801662,"Homeostatic"
"A-48_TGCCCATAGTACGACG-1","A_Uninj","Microglia 2",-1.26432369631717,"Homeostatic"
"A-48_TGCGGGTGTTTACTCT-1","A_Uninj","Microglia 1",-1.47501038729269,"Homeostatic"
"A-48_TGGGCGTCATCAGTCA-1","A_Uninj","Microglia 2",-1.04616381484039,"Homeostatic"
"A-48_TGTATTCGTTTAAGCC-1","A_Uninj","Microglia 1",-1.5260029144991,"Homeostatic"
"A-48_TGTGTTTGTCATGCCG-1","A_Uninj","Microglia 2",-2.00537899856634,"Homeostatic"
"A-48_TTCGAAGGTTTAGGAA-1","A_Uninj","Microglia 1",-1.89328085016054,"Homeostatic"
"A-48_TTCTTAGGTTATCCGA-1","A_Uninj","Microglia 2",-1.53224828345816,"Homeostatic"
"A-48_TTGTAGGCAAGCCGTC-1","A_Uninj","Microglia 3",-2.1543048456041,"Homeostatic"
"A-48_TTTACTGCACGGCGTT-1","A_Uninj","Microglia 2",-0.236829519556668,"Intermediate"
"A-48_TTTATGCCAGGTCCAC-1","A_Uninj","Microglia 1",-1.71471527422738,"Homeostatic"
"A-48_TTTCCTCAGGGAGTAA-1","A_Uninj","Microglia 2",-0.842171364994939,"Homeostatic"
"A-48_TTTGCGCCAGATGAGC-1","A_Uninj","Microglia 1",-0.897342582556144,"Homeostatic"
"A-48_TTTGCGCGTTACGGAG-1","A_Uninj","Microglia 2",-2.0556770881187,"Homeostatic"
"B-49_AACGTTGTCATGCTCC-1","B_1dpi","Microglia 1",-0.323555909671455,"Intermediate"
"B-49_AAGGAGCAGGAGTAGA-1","B_1dpi","Microglia 3",-0.120007908501964,"Intermediate"
"B-49_AAGGTTCTCTTGACGA-1","B_1dpi","Microglia 2",-0.705716010589831,"Intermediate"
"B-49_AATCCAGAGCCCAGCT-1","B_1dpi","Microglia 2",-0.839991896224726,"Homeostatic"
"B-49_AATCGGTGTGGAAAGA-1","B_1dpi","Microglia 1",-1.25178994234552,"Homeostatic"
"B-49_ACACCAATCTAACGGT-1","B_1dpi","Microglia 3",0.209955194989238,"Intermediate"
"B-49_ACACCCTGTCTAGGTT-1","B_1dpi","Microglia 2",0.0378842819860902,"Intermediate"
"B-49_ACACTGACAAGCCTAT-1","B_1dpi","Microglia 2",-0.34309569233053,"Intermediate"
"B-49_ACCAGTACACAGTCGC-1","B_1dpi","Microglia 2",-0.23862970826625,"Intermediate"
"B-49_ACGATACCAACTGGCC-1","B_1dpi","Microglia 1",-0.534751308019088,"Intermediate"
"B-49_ACGCAGCGTCCAGTGC-1","B_1dpi","Microglia 3",0.418670672459005,"DAM-like"
"B-49_ACGGAGATCTTTAGTC-1","B_1dpi","Microglia 2",0.174815158035594,"Intermediate"
"B-49_ACGGCCAGTCGAATCT-1","B_1dpi","Microglia 2",0.15738010802733,"Intermediate"
"B-49_ACTGTCCAGCAGCCTC-1","B_1dpi","Activated Microglia A",0.992206075547038,"DAM-like"
"B-49_AGAGCTTAGTTGTCGT-1","B_1dpi","Microglia 1",-0.430308773926621,"Intermediate"
"B-49_AGATTGCAGTCCCACG-1","B_1dpi","Activated Microglia A",0.295671632450899,"DAM-like"
"B-49_AGCCTAAAGTGTACGG-1","B_1dpi","Microglia 1",-1.09783219486432,"Homeostatic"
"B-49_AGCCTAACAACAACCT-1","B_1dpi","Microglia 2",-0.461027104398655,"Intermediate"
"B-49_AGGCCACGTCCGACGT-1","B_1dpi","Activated Microglia A",0.0818141979962823,"Intermediate"
"B-49_AGGGAGTTCAGGTAAA-1","B_1dpi","Microglia 2",-1.47117465760246,"Homeostatic"
"B-49_AGGTCCGAGGATGGAA-1","B_1dpi","Microglia 2",-1.16311053041208,"Homeostatic"
"B-49_AGTGTCACAGATTGCT-1","B_1dpi","Microglia 2",0.0264013210486169,"Intermediate"
"B-49_AGTGTCACATGTTCCC-1","B_1dpi","Activated Microglia A",1.04445348475608,"DAM-like"
"B-49_ATGAGGGAGCATCATC-1","B_1dpi","Microglia 1",0.234930497668157,"DAM-like"
"B-49_ATGAGGGGTGAACCTT-1","B_1dpi","Microglia 2",-1.3901249044345,"Homeostatic"
"B-49_ATGGGAGAGTGGACGT-1","B_1dpi","Microglia 1",-0.00392347737918497,"Intermediate"
"B-49_ATTGGACGTTACGGAG-1","B_1dpi","Microglia 1",0.452775940782416,"DAM-like"
"B-49_ATTTCTGAGTTGCAGG-1","B_1dpi","Activated Microglia B",-0.152980356272379,"Intermediate"
"B-49_CAAGAAAGTTTGGCGC-1","B_1dpi","Microglia 3",-0.937889663835992,"Homeostatic"
"B-49_CACACCTTCTTGTCAT-1","B_1dpi","Microglia 1",0.290279603688083,"DAM-like"
"B-49_CACCACTCATGGTCTA-1","B_1dpi","Microglia 3",0.272007416358928,"DAM-like"
"B-49_CAGCGACCAGTCGTGC-1","B_1dpi","Activated Microglia A",-0.108277339885901,"Intermediate"
"B-49_CAGCTAAAGCTAACAA-1","B_1dpi","Activated Microglia B",0.264229006565776,"DAM-like"
"B-49_CAGTCCTAGAGTCGGT-1","B_1dpi","Microglia 2",-0.307227705177001,"Intermediate"
"B-49_CATCAAGGTTGATTGC-1","B_1dpi","Microglia 3",0.798711129934556,"DAM-like"
"B-49_CATCAGAAGGCCATAG-1","B_1dpi","Microglia 2",0.321743582449133,"DAM-like"
"B-49_CATCAGAGTTCGTGAT-1","B_1dpi","Microglia 2",-1.1058890963858,"Homeostatic"
"B-49_CATCAGATCGTGGACC-1","B_1dpi","Microglia 2",1.04057538115013,"DAM-like"
"B-49_CATTCGCGTACCCAAT-1","B_1dpi","Microglia 1",-0.241361264484242,"Intermediate"
"B-49_CCAATCCAGGCCATAG-1","B_1dpi","Activated Microglia A",0.123408955522218,"Intermediate"
"B-49_CCAATCCTCTTCCTTC-1","B_1dpi","Microglia 1",-0.197609820997345,"Intermediate"
"B-49_CCACTACTCGTCTGAA-1","B_1dpi","Activated Microglia A",1.82366788790375,"DAM-like"
"B-49_CCCAATCCAATTCCTT-1","B_1dpi","Microglia 2",-0.965887391250315,"Homeostatic"
"B-49_CCCAGTTGTGAGCGAT-1","B_1dpi","Activated Microglia A",1.68781251379602,"DAM-like"
"B-49_CCCAGTTGTTTAGCTG-1","B_1dpi","Microglia 1",-1.08594117514279,"Homeostatic"
"B-49_CCCAGTTTCGTCCGTT-1","B_1dpi","Microglia 1",-0.950322235878687,"Homeostatic"
"B-49_CCCATACAGCCCTAAT-1","B_1dpi","Activated Microglia A",-0.959793409682706,"Homeostatic"
"B-49_CCCTCCTCACATAACC-1","B_1dpi","Microglia 3",-0.15883726047445,"Intermediate"
"B-49_CCGGTAGTCAGCTCTC-1","B_1dpi","Activated Microglia B",0.387786701226795,"DAM-like"
"B-49_CCGTACTTCATGCTCC-1","B_1dpi","Microglia 1",-0.904642281515743,"Homeostatic"
"B-49_CCTACCATCAGCTCGG-1","B_1dpi","Activated Microglia A",1.04743220466653,"DAM-like"
"B-49_CCTTCCCAGAGCTATA-1","B_1dpi","Microglia 1",-1.36997495096443,"Homeostatic"
"B-49_CCTTCGAAGTGGACGT-1","B_1dpi","Activated Microglia A",1.50963243485354,"DAM-like"
"B-49_CGAGCCATCTAACTGG-1","B_1dpi","Microglia 1",0.182732580808577,"Intermediate"
"B-49_CGATCGGTCCCAACGG-1","B_1dpi","Activated Microglia A",0.607279634549153,"DAM-like"
"B-49_CGCCAAGTCGCAAGCC-1","B_1dpi","Microglia 3",1.22027686358959,"DAM-like"
"B-49_CGCTATCGTGTCGCTG-1","B_1dpi","Microglia 2",-1.29686984687848,"Homeostatic"
"B-49_CGCTTCAAGCGTCTAT-1","B_1dpi","Microglia 1",-0.609547573431596,"Intermediate"
"B-49_CGGACACGTTGTGGAG-1","B_1dpi","Microglia 3",-0.239537196463878,"Intermediate"
"B-49_CGTAGCGCACACAGAG-1","B_1dpi","Microglia 2",-0.865427511392226,"Homeostatic"
"B-49_CGTAGCGGTGCCTGCA-1","B_1dpi","Microglia 3",-0.583972449758771,"Intermediate"
"B-49_CGTCACTCATACTACG-1","B_1dpi","Microglia 1",0.189862622524624,"Intermediate"
"B-49_CGTCTACTCAACACGT-1","B_1dpi","Activated Microglia B",0.704383799899116,"DAM-like"
"B-49_CGTCTACTCTGATTCT-1","B_1dpi","Activated Microglia B",-1.13368715686539,"Homeostatic"
"B-49_CGTGAGCGTAGCTGCC-1","B_1dpi","Microglia 2",-0.652290431655647,"Intermediate"
"B-49_CGTGTCTCACATCCAA-1","B_1dpi","Microglia 3",-0.384194006549817,"Intermediate"
"B-49_CGTGTCTTCCTGTAGA-1","B_1dpi","Microglia 2",-0.828669672112317,"Homeostatic"
"B-49_CGTTAGACAAGTACCT-1","B_1dpi","Microglia 3",0.505752397359071,"DAM-like"
"B-49_CGTTCTGCACTACAGT-1","B_1dpi","Microglia 1",-0.495213402248169,"Intermediate"
"B-49_CTACCCAGTAAGAGAG-1","B_1dpi","Microglia 1",-0.732538255479741,"Homeostatic"
"B-49_CTCATTATCACGGTTA-1","B_1dpi","Microglia 3",0.260949697194727,"DAM-like"
"B-49_CTCCTAGGTCGCATCG-1","B_1dpi","Microglia 3",-0.47785623701959,"Intermediate"
"B-49_CTCGAAAAGGCTAGCA-1","B_1dpi","Microglia 2",-1.43852516027366,"Homeostatic"
"B-49_CTCGAAACAGCCTTGG-1","B_1dpi","Microglia 1",-0.984337490207689,"Homeostatic"
"B-49_CTCGAGGCAGGGATTG-1","B_1dpi","Microglia 1",-0.179500465769676,"Intermediate"
"B-49_CTCGAGGTCATAACCG-1","B_1dpi","Microglia 1",-0.847393313366436,"Homeostatic"
"B-49_CTCGGGAAGACCTAGG-1","B_1dpi","Microglia 2",0.300064261923988,"DAM-like"
"B-49_CTCGGGATCAACGGGA-1","B_1dpi","Microglia 1",-0.491103255806089,"Intermediate"
"B-49_CTCGTACGTTCACCTC-1","B_1dpi","Microglia 2",-1.38362218127252,"Homeostatic"
"B-49_CTCGTACTCGCGCCAA-1","B_1dpi","Microglia 3",0.00385036795117161,"Intermediate"
"B-49_CTCGTCACATCTACGA-1","B_1dpi","Microglia 1",-1.02326606288872,"Homeostatic"
"B-49_CTCTAATTCTCGATGA-1","B_1dpi","Microglia 3",1.34157548340155,"DAM-like"
"B-49_CTGAAGTGTGCGGTAA-1","B_1dpi","Activated Microglia B",-0.55278395151991,"Intermediate"
"B-49_CTGCTGTCAGGGTATG-1","B_1dpi","Microglia 1",-0.760010349670508,"Homeostatic"
"B-49_CTTACCGCAAAGAATC-1","B_1dpi","Microglia 1",-0.0074767563597008,"Intermediate"
"B-49_CTTCTCTAGTGTCCAT-1","B_1dpi","Microglia 1",-1.08898364559944,"Homeostatic"
"B-49_CTTGGCTAGCTCCTTC-1","B_1dpi","Microglia 2",-0.176690554355917,"Intermediate"
"B-49_CTTGGCTGTGCAACGA-1","B_1dpi","Microglia 3",-0.183535252206808,"Intermediate"
"B-49_CTTGGCTTCAATACCG-1","B_1dpi","Activated Microglia A",-0.553824151916986,"Intermediate"
"B-49_CTTTGCGCAGGGCATA-1","B_1dpi","Microglia 1",-0.12356918101709,"Intermediate"
"B-49_GAAACTCAGCGTAGTG-1","B_1dpi","Microglia 3",-0.465753354010826,"Intermediate"
"B-49_GAATGAACAGATGGGT-1","B_1dpi","Microglia 2",-0.150999745918963,"Intermediate"
"B-49_GACGGCTTCACTTATC-1","B_1dpi","Activated Microglia A",0.728661480732216,"DAM-like"
"B-49_GACGTTAAGCTAACTC-1","B_1dpi","Microglia 2",-0.294472590328407,"Intermediate"
"B-49_GACGTTAGTCGTCTTC-1","B_1dpi","Microglia 3",0.0791195125346076,"Intermediate"
"B-49_GACTGCGTCCGGCACA-1","B_1dpi","Activated Microglia A",0.0520425211245153,"Intermediate"
"B-49_GAGTCCGCACCTCGGA-1","B_1dpi","Microglia 2",-0.567952451580092,"Intermediate"
"B-49_GATCGCGGTCGGCACT-1","B_1dpi","Activated Microglia A",1.22672483736766,"DAM-like"
"B-49_GATCGTATCAAGATCC-1","B_1dpi","Microglia 3",0.0570785314365087,"Intermediate"
"B-49_GATGAAAAGCGCCTTG-1","B_1dpi","Microglia 1",-0.706461848309335,"Intermediate"
"B-49_GATGAAACACTGTCGG-1","B_1dpi","Microglia 1",-0.926548637999161,"Homeostatic"
"B-49_GATGCTAAGTAGGTGC-1","B_1dpi","Microglia 2",-0.460775858014976,"Intermediate"
"B-49_GATGCTACATAGTAAG-1","B_1dpi","Activated Microglia A",0.518671857529523,"DAM-like"
"B-49_GCACTCTGTGGCAAAC-1","B_1dpi","Microglia 1",-1.52787859759093,"Homeostatic"
"B-49_GCAGTTAGTCTTCAAG-1","B_1dpi","Microglia 3",-2.11036249374791,"Homeostatic"
"B-49_GCGACCAGTAATCGTC-1","B_1dpi","Microglia 3",0.088601305569182,"Intermediate"
"B-49_GCGAGAAGTTGCCTCT-1","B_1dpi","Microglia 3",-0.942860087502934,"Homeostatic"
"B-49_GCGCAACTCTAACTGG-1","B_1dpi","Microglia 2",-0.229564160255005,"Intermediate"
"B-49_GCGCAGTAGTTCCACA-1","B_1dpi","Activated Microglia A",0.870449002182225,"DAM-like"
"B-49_GCTCTGTAGATCCCAT-1","B_1dpi","Activated Microglia A",1.86901619551861,"DAM-like"
"B-49_GGACATTAGGGCACTA-1","B_1dpi","Microglia 3",0.224371175718799,"Intermediate"
"B-49_GGCGACTAGCTGATAA-1","B_1dpi","Microglia 1",-1.43247630054929,"Homeostatic"
"B-49_GGCGTGTAGACTTGAA-1","B_1dpi","Microglia 1",-0.821671008036048,"Homeostatic"
"B-49_GGCTCGAAGTGGTAGC-1","B_1dpi","Activated Microglia A",-0.254698473221735,"Intermediate"
"B-49_GGCTGGTTCGGTCTAA-1","B_1dpi","Microglia 1",-0.156122941897982,"Intermediate"
"B-49_GGGAATGAGGGCACTA-1","B_1dpi","Activated Microglia A",0.0987519819293112,"Intermediate"
"B-49_GGGAATGCAAGACACG-1","B_1dpi","Activated Microglia A",1.51163285364256,"DAM-like"
"B-49_GGGAATGTCGTCCGTT-1","B_1dpi","Microglia 2",-0.188742352224986,"Intermediate"
"B-49_GGGACCTCACGCATCG-1","B_1dpi","Microglia 1",-0.835913291337071,"Homeostatic"
"B-49_GGGCACTAGATATGGT-1","B_1dpi","Activated Microglia A",-0.185750760283958,"Intermediate"
"B-49_GGGTTGCCAGGCAGTA-1","B_1dpi","Microglia 3",-1.02027646390945,"Homeostatic"
"B-49_GGGTTGCTCCCGACTT-1","B_1dpi","Microglia 3",-0.689873181304434,"Intermediate"
"B-49_GGTGAAGCATTGGCGC-1","B_1dpi","Activated Microglia A",0.660210238985937,"DAM-like"
"B-49_GGTGCGTCATGCTGGC-1","B_1dpi","Activated Microglia B",-0.309874913376721,"Intermediate"
"B-49_GGTGCGTGTCCTAGCG-1","B_1dpi","Microglia 1",-0.170474794752599,"Intermediate"
"B-49_GGTGCGTTCGGACAAG-1","B_1dpi","Microglia 3",0.496240834631037,"DAM-like"
"B-49_GTAGGCCGTTCAACCA-1","B_1dpi","Microglia 3",0,"Intermediate"
"B-49_GTAGGCCTCACCTTAT-1","B_1dpi","Microglia 3",-0.0849907855596453,"Intermediate"
"B-49_GTAGTCATCTGCAGTA-1","B_1dpi","Microglia 1",-1.34812346438863,"Homeostatic"
"B-49_GTATCTTTCCTTGCCA-1","B_1dpi","Activated Microglia B",-0.590139599104073,"Intermediate"
"B-49_GTCAAGTCACTGTGTA-1","B_1dpi","Microglia 3",-0.945768216266903,"Homeostatic"
"B-49_GTCAAGTCATAACCTG-1","B_1dpi","Microglia 1",-0.927073858359511,"Homeostatic"
"B-49_GTCACAAAGAAACCAT-1","B_1dpi","Activated Microglia A",0.308755855173154,"DAM-like"
"B-49_GTCGTAAGTTCTCATT-1","B_1dpi","Microglia 3",0.0984765073341914,"Intermediate"
"B-49_GTGAAGGAGACCACGA-1","B_1dpi","Microglia 2",-1.06880767482785,"Homeostatic"
"B-49_GTGCATACAACGATGG-1","B_1dpi","Activated Microglia B",0.322757296502157,"DAM-like"
"B-49_GTGTGCGTCCGCTGTT-1","B_1dpi","Microglia 2",0.345797454240974,"DAM-like"
"B-49_GTGTTAGAGTTGCAGG-1","B_1dpi","Microglia 2",-0.109443903340897,"Intermediate"
"B-49_GTGTTAGTCTACTATC-1","B_1dpi","Activated Microglia A",0.724273706432307,"DAM-like"
"B-49_TAAGCGTCAGTTTACG-1","B_1dpi","Microglia 3",-1.45864274099658,"Homeostatic"
"B-49_TAAGCGTGTCGGGTCT-1","B_1dpi","Activated Microglia A",0.705388909773829,"DAM-like"
"B-49_TACACGAGTTGTGGAG-1","B_1dpi","Microglia 2",-1.03698511612753,"Homeostatic"
"B-49_TACAGTGTCCACGAAT-1","B_1dpi","Microglia 2",-0.989646158527506,"Homeostatic"
"B-49_TACGGATTCTTACCTA-1","B_1dpi","Microglia 1",-0.337826494381459,"Intermediate"
"B-49_TACGGTAAGGAATGGA-1","B_1dpi","Microglia 3",0.0138536176583958,"Intermediate"
"B-49_TACTCATGTCGCTTTC-1","B_1dpi","Microglia 2",-0.981636364953688,"Homeostatic"
"B-49_TACTCGCAGTGGGATC-1","B_1dpi","Microglia 3",0.306318311850483,"DAM-like"
"B-49_TACTCGCGTCGCGAAA-1","B_1dpi","Microglia 2",0.332367067438635,"DAM-like"
"B-49_TAGAGCTAGTACATGA-1","B_1dpi","Microglia 1",-0.548071830802277,"Intermediate"
"B-49_TAGTGGTAGGTCATCT-1","B_1dpi","Microglia 1",0.0901179013885319,"Intermediate"
"B-49_TATCAGGAGAAGAAGC-1","B_1dpi","Microglia 1",-0.929498505676557,"Homeostatic"
"B-49_TATCAGGGTCTCACCT-1","B_1dpi","Microglia 2",-0.844193839414501,"Homeostatic"
"B-49_TATCTCAAGGGAAACA-1","B_1dpi","Microglia 1",-0.134448312562283,"Intermediate"
"B-49_TATGCCCCAGACACTT-1","B_1dpi","Microglia 1",-0.835331851164196,"Homeostatic"
"B-49_TCAACGACACGGTAGA-1","B_1dpi","Microglia 2",-0.145554773813225,"Intermediate"
"B-49_TCACAAGAGATCACGG-1","B_1dpi","Microglia 3",-0.379344641413655,"Intermediate"
"B-49_TCATTTGGTTAGAACA-1","B_1dpi","Microglia 1",-1.72773595860642,"Homeostatic"
"B-49_TCCACACTCGGATGTT-1","B_1dpi","Microglia 3",0.469371370575938,"DAM-like"
"B-49_TCCCGATAGCCCAACC-1","B_1dpi","Microglia 3",-0.469994208926153,"Intermediate"
"B-49_TCGCGAGGTTTAAGCC-1","B_1dpi","Microglia 2",-1.02202717714269,"Homeostatic"
"B-49_TCGCGTTAGCCAGTAG-1","B_1dpi","Microglia 1",-0.711282681357106,"Homeostatic"
"B-49_TCGGGACGTCGACTAT-1","B_1dpi","Microglia 1",-1.18985194271258,"Homeostatic"
"B-49_TCGTACCAGGGTCGAT-1","B_1dpi","Activated Microglia B",-0.24632641015922,"Intermediate"
"B-49_TCGTACCCACGGTTTA-1","B_1dpi","Microglia 3",0.452356330889494,"DAM-like"
"B-49_TCTATTGAGCCAGAAC-1","B_1dpi","Microglia 2",-1.7296602136976,"Homeostatic"
"B-49_TGAAAGAAGTAAGTAC-1","B_1dpi","Microglia 2",-0.0559942926494288,"Intermediate"
"B-49_TGACTTTGTGTATGGG-1","B_1dpi","Microglia 1",-1.44857388791941,"Homeostatic"
"B-49_TGAGGGACAAGGTTCT-1","B_1dpi","Microglia 1",-1.28889911048101,"Homeostatic"
"B-49_TGCACCTTCATGCAAC-1","B_1dpi","Activated Microglia A",0.536555465229487,"DAM-like"
"B-49_TGCCAAACATTGGCGC-1","B_1dpi","Activated Microglia B",-1.02146901717631,"Homeostatic"
"B-49_TGCGCAGGTCACTTCC-1","B_1dpi","Activated Microglia A",0.696928092215023,"DAM-like"
"B-49_TGCGGGTAGATGCCTT-1","B_1dpi","Activated Microglia A",-1.26333738503475,"Homeostatic"
"B-49_TGGCCAGCAAGCGCTC-1","B_1dpi","Microglia 1",-0.386481681216157,"Intermediate"
"B-49_TGGCTGGGTCTGCAAT-1","B_1dpi","Microglia 1",-0.59749689373829,"Intermediate"
"B-49_TGGTTAGTCCAGAGGA-1","B_1dpi","Microglia 1",-0.568775388399651,"Intermediate"
"B-49_TGTGTTTGTACTCGCG-1","B_1dpi","Microglia 2",-0.0614788245075594,"Intermediate"
"B-49_TGTTCCGGTCAGAATA-1","B_1dpi","Microglia 1",0.0837538163112933,"Intermediate"
"B-49_TTATGCTTCCAAGCCG-1","B_1dpi","Microglia 2",-0.57085442853861,"Intermediate"
"B-49_TTCGAAGTCCGTTGCT-1","B_1dpi","Microglia 1",-0.793306083261951,"Homeostatic"
"B-49_TTCTCCTGTTATGCGT-1","B_1dpi","Microglia 3",-0.672636473551695,"Intermediate"
"B-49_TTCTTAGGTGCGCTTG-1","B_1dpi","Microglia 2",-0.810397459364565,"Homeostatic"
"B-49_TTGAACGCAGCCTTTC-1","B_1dpi","Microglia 2",0.528421662648907,"DAM-like"
"B-49_TTGGAACTCATTCACT-1","B_1dpi","Activated Microglia B",-0.742592364025448,"Homeostatic"
"B-49_TTTACTGTCTACGAGT-1","B_1dpi","Activated Microglia A",1.12870610700125,"DAM-like"
"B-50_AAACGGGTCCAGAAGG-1","B_1dpi","Microglia 2",-1.89468067557927,"Homeostatic"
"B-50_AAAGATGGTGTGAAAT-1","B_1dpi","Activated Microglia B",0.961268645093433,"DAM-like"
"B-50_AAAGATGTCTGGCGAC-1","B_1dpi","Microglia 1",-0.23501126920534,"Intermediate"
"B-50_AAAGCAATCCGAACGC-1","B_1dpi","Microglia 1",-1.03001162890634,"Homeostatic"
"B-50_AAAGTAGGTGTGCCTG-1","B_1dpi","Microglia 1",-0.359965580978354,"Intermediate"
"B-50_AACGTTGAGGTGTGGT-1","B_1dpi","Microglia 1",-0.871119676598142,"Homeostatic"
"B-50_AACTCCCAGTGAATTG-1","B_1dpi","Microglia 1",-1.16294286428852,"Homeostatic"
"B-50_AACTCTTCATGCGCAC-1","B_1dpi","Activated Microglia A",1.46283846260109,"DAM-like"
"B-50_AACTTTCCACATTTCT-1","B_1dpi","Microglia 1",-1.27002112132594,"Homeostatic"
"B-50_AAGGCAGAGTCACGCC-1","B_1dpi","Microglia 1",0.342075607193213,"DAM-like"
"B-50_AAGGCAGGTCCGCTGA-1","B_1dpi","Microglia 1",-0.762588040397455,"Homeostatic"
"B-50_AAGTCTGAGGATGGAA-1","B_1dpi","Microglia 3",0.545116717150235,"DAM-like"
"B-50_ACACCCTCAACTGCTA-1","B_1dpi","Microglia 2",-1.32675446811097,"Homeostatic"
"B-50_ACACTGAGTCTCTTTA-1","B_1dpi","Microglia 2",-0.722646943440036,"Homeostatic"
"B-50_ACATACGCAGTAACGG-1","B_1dpi","Microglia 1",-0.599230851251364,"Intermediate"
"B-50_ACGCCAGTCTCGGACG-1","B_1dpi","Microglia 1",-1.14054165902082,"Homeostatic"
"B-50_ACGGAGACATACGCCG-1","B_1dpi","Activated Microglia B",0.325770425793169,"DAM-like"
"B-50_ACGTCAATCATCTGTT-1","B_1dpi","Microglia 1",-1.04840212128394,"Homeostatic"
"B-50_ACTATCTAGGAATTAC-1","B_1dpi","Microglia 1",-0.55068917273839,"Intermediate"
"B-50_ACTGAGTAGCAATATG-1","B_1dpi","Microglia 2",-0.662939010017894,"Intermediate"
"B-50_ACTGATGTCAGCTCGG-1","B_1dpi","Microglia 3",-0.531063987557375,"Intermediate"
"B-50_ACTGCTCTCTTCAACT-1","B_1dpi","Microglia 1",-1.74994108426826,"Homeostatic"
"B-50_ACTTGTTGTCTCTCTG-1","B_1dpi","Microglia 2",-0.858277561401774,"Homeostatic"
"B-50_AGACGTTGTATTCGTG-1","B_1dpi","Microglia 1",-0.497725801907733,"Intermediate"
"B-50_AGATCTGCAGTATCTG-1","B_1dpi","Microglia 2",-1.46134772686047,"Homeostatic"
"B-50_AGCCTAAAGCCCAATT-1","B_1dpi","Microglia 1",-1.13035264582061,"Homeostatic"
"B-50_AGCGGTCCACCATGTA-1","B_1dpi","Microglia 2",-0.737337529057532,"Homeostatic"
"B-50_AGCTCCTAGCCACTAT-1","B_1dpi","Microglia 2",0.225469989782174,"Intermediate"
"B-50_AGCTCTCAGGACAGCT-1","B_1dpi","Microglia 1",-0.17276919807219,"Intermediate"
"B-50_AGCTCTCGTGCGGTAA-1","B_1dpi","Microglia 2",-0.0532016721232385,"Intermediate"
"B-50_AGGCCACGTTAGAACA-1","B_1dpi","Microglia 1",-1.29155190676387,"Homeostatic"
"B-50_AGTGAGGCAAACTGCT-1","B_1dpi","Microglia 1",-0.826261238052906,"Homeostatic"
"B-50_AGTGGGAAGGTGATTA-1","B_1dpi","Activated Microglia B",0.645880425506167,"DAM-like"
"B-50_AGTGGGACATCCTTGC-1","B_1dpi","Microglia 1",-0.616843204108438,"Intermediate"
"B-50_AGTGGGATCAACGGCC-1","B_1dpi","Microglia 1",-0.911268627366309,"Homeostatic"
"B-50_ATAAGAGGTGCAGTAG-1","B_1dpi","Microglia 2",-1.05650072208736,"Homeostatic"
"B-50_ATCACGACAGCTGCAC-1","B_1dpi","Activated Microglia B",-0.973657811389603,"Homeostatic"
"B-50_ATCATGGTCGGAAATA-1","B_1dpi","Microglia 1",-1.37121408368358,"Homeostatic"
"B-50_ATCCACCAGGTCGGAT-1","B_1dpi","Microglia 2",-1.44709528788304,"Homeostatic"
"B-50_ATCCGAATCATCATTC-1","B_1dpi","Microglia 1",-2.21294902708682,"Homeostatic"
"B-50_ATCGAGTCATGCAATC-1","B_1dpi","Microglia 3",-0.642542268505165,"Intermediate"
"B-50_ATCGAGTTCCATGCTC-1","B_1dpi","Microglia 2",-1.83374664595034,"Homeostatic"
"B-50_ATGAGGGCAATGGAAT-1","B_1dpi","Microglia 1",-0.244249716514337,"Intermediate"
"B-50_ATGGGAGTCGCTAGCG-1","B_1dpi","Microglia 2",0.237065501460687,"DAM-like"
"B-50_ATTATCCAGAGGACGG-1","B_1dpi","Activated Microglia B",-0.968527219345364,"Homeostatic"
"B-50_ATTATCCTCCTGCCAT-1","B_1dpi","Microglia 1",-0.0459315410833748,"Intermediate"
"B-50_CAACCTCTCCTAGTGA-1","B_1dpi","Microglia 3",-0.268601767789151,"Intermediate"
"B-50_CAACTAGCACCTCGTT-1","B_1dpi","Microglia 2",-1.78323299591156,"Homeostatic"
"B-50_CAACTAGGTTAGTGGG-1","B_1dpi","Microglia 1",-0.948478208888749,"Homeostatic"
"B-50_CAAGAAATCCACGAAT-1","B_1dpi","Microglia 3",-0.926283834364592,"Homeostatic"
"B-50_CAAGAAATCTACGAGT-1","B_1dpi","Activated Microglia B",-1.05409034495322,"Homeostatic"
"B-50_CACAAACCAGCTCGAC-1","B_1dpi","Microglia 1",-1.71253881754227,"Homeostatic"
"B-50_CACACCTCACGGTAAG-1","B_1dpi","Microglia 2",-0.432499581652011,"Intermediate"
"B-50_CACACCTTCCACGTTC-1","B_1dpi","Activated Microglia B",-1.51866629018879,"Homeostatic"
"B-50_CACATAGTCCGAACGC-1","B_1dpi","Microglia 2",-1.3579866821001,"Homeostatic"
"B-50_CACCACTAGGCTCAGA-1","B_1dpi","Activated Microglia B",-0.600330660256858,"Intermediate"
"B-50_CACCAGGCATGGTAGG-1","B_1dpi","Microglia 1",-0.899838405614556,"Homeostatic"
"B-50_CACTCCATCCCTCAGT-1","B_1dpi","Microglia 1",-1.66032392924679,"Homeostatic"
"B-50_CAGAGAGAGCTGATAA-1","B_1dpi","Microglia 2",-1.01542908373509,"Homeostatic"
"B-50_CAGCATAAGTGCAAGC-1","B_1dpi","Microglia 2",0.175009052771204,"Intermediate"
"B-50_CAGCGACAGGCCCTCA-1","B_1dpi","Microglia 2",-1.27560618799315,"Homeostatic"
"B-50_CATCCACCAAGAAAGG-1","B_1dpi","Microglia 2",-1.04719129565989,"Homeostatic"
"B-50_CATCCACCATCGGAAG-1","B_1dpi","Microglia 1",-1.75802053632167,"Homeostatic"
"B-50_CATCGGGAGGCTCTTA-1","B_1dpi","Activated Microglia B",-0.00868976217036843,"Intermediate"
"B-50_CCAATCCGTGCGCTTG-1","B_1dpi","Microglia 1",-1.26525083255493,"Homeostatic"
"B-50_CCACCTACAGTAGAGC-1","B_1dpi","Microglia 1",-1.3777964691505,"Homeostatic"
"B-50_CCAGCGATCAGCACAT-1","B_1dpi","Microglia 3",-0.00609399760979112,"Intermediate"
"B-50_CCCTCCTTCTGGCGAC-1","B_1dpi","Microglia 1",-0.555947479254771,"Intermediate"
"B-50_CCGGGATCAGCCTTGG-1","B_1dpi","Microglia 1",-0.0859541476192711,"Intermediate"
"B-50_CCGTGGACATTTCAGG-1","B_1dpi","Microglia 1",-1.6173593260682,"Homeostatic"
"B-50_CCGTTCAGTTCCTCCA-1","B_1dpi","Microglia 3",0.160582866356921,"Intermediate"
"B-50_CCTAAAGAGTGTCCCG-1","B_1dpi","Activated Microglia B",0.144129789296033,"Intermediate"
"B-50_CCTCAGTAGTGGAGTC-1","B_1dpi","Microglia 1",-1.4796158438009,"Homeostatic"
"B-50_CCTCTGAAGTGATCGG-1","B_1dpi","Microglia 2",-1.32042345811116,"Homeostatic"
"B-50_CCTTACGCACGACGAA-1","B_1dpi","Activated Microglia B",-0.321349969294269,"Intermediate"
"B-50_CCTTACGCACGGTAGA-1","B_1dpi","Microglia 1",-1.32017356791169,"Homeostatic"
"B-50_CCTTCCCGTCATCGGC-1","B_1dpi","Activated Microglia B",0.563230549322017,"DAM-like"
"B-50_CCTTCGACATAAAGGT-1","B_1dpi","Microglia 1",0.365412464978535,"DAM-like"
"B-50_CGATGTATCAGAGGTG-1","B_1dpi","Activated Microglia B",-0.641443301363949,"Intermediate"
"B-50_CGATTGAGTCTAAACC-1","B_1dpi","Microglia 1",-0.532715604313804,"Intermediate"
"B-50_CGCCAAGAGTGGTAGC-1","B_1dpi","Microglia 2",-1.6373833977165,"Homeostatic"
"B-50_CGCGGTATCATAGCAC-1","B_1dpi","Microglia 1",-1.1965981900512,"Homeostatic"
"B-50_CGCGTTTAGTACCGGA-1","B_1dpi","Microglia 2",-1.85174570578108,"Homeostatic"
"B-50_CGCTTCACATATGCTG-1","B_1dpi","Microglia 1",-0.742509292565897,"Homeostatic"
"B-50_CGGACACCACCAGTTA-1","B_1dpi","Microglia 2",-1.09650948286758,"Homeostatic"
"B-50_CGGACTGGTCGAATCT-1","B_1dpi","Microglia 1",-0.826719297249868,"Homeostatic"
"B-50_CGGAGTCGTCTACCTC-1","B_1dpi","Microglia 2",-1.34943076006932,"Homeostatic"
"B-50_CGGCTAGAGATATGGT-1","B_1dpi","Microglia 1",-1.72010211767064,"Homeostatic"
"B-50_CGTAGCGCAAGTTAAG-1","B_1dpi","Activated Microglia B",-0.8511036542437,"Homeostatic"
"B-50_CGTCAGGGTCGATTGT-1","B_1dpi","Microglia 1",-1.17901961527966,"Homeostatic"
"B-50_CGTGTCTGTTCTGGTA-1","B_1dpi","Activated Microglia A",0.107838340923783,"Intermediate"
"B-50_CTACACCGTCGCTTTC-1","B_1dpi","Microglia 2",-0.694660788041044,"Intermediate"
"B-50_CTACACCTCATTGCGA-1","B_1dpi","Microglia 1",-1.15014163812713,"Homeostatic"
"B-50_CTAGAGTTCATCTGCC-1","B_1dpi","Microglia 1",-0.759364319785553,"Homeostatic"
"B-50_CTCAGAAGTCTGCGGT-1","B_1dpi","Microglia 1",-0.686051552033979,"Intermediate"
"B-50_CTCAGAAGTTGTGGCC-1","B_1dpi","Microglia 1",-0.50699041430912,"Intermediate"
"B-50_CTCATTAAGAGCTATA-1","B_1dpi","Activated Microglia A",1.142401844533,"DAM-like"
"B-50_CTCATTAGTCCAGTGC-1","B_1dpi","Microglia 1",-1.44093476567067,"Homeostatic"
"B-50_CTCCTAGAGATGAGAG-1","B_1dpi","Microglia 1",-0.493188446454486,"Intermediate"
"B-50_CTCGTACCACTTACGA-1","B_1dpi","Microglia 3",-0.878592473593506,"Homeostatic"
"B-50_CTCGTCAGTTGGAGGT-1","B_1dpi","Microglia 1",-0.247062615845212,"Intermediate"
"B-50_CTGATCCAGACTTTCG-1","B_1dpi","Microglia 2",-0.711668523807966,"Homeostatic"
"B-50_CTGCTGTTCAGCTGGC-1","B_1dpi","Microglia 2",-1.32448027050248,"Homeostatic"
"B-50_CTGTGCTTCTGTTGAG-1","B_1dpi","Microglia 2",-2.50566178425425,"Homeostatic"
"B-50_CTTCTCTCATCGGTTA-1","B_1dpi","Microglia 3",-1.95626671694906,"Homeostatic"
"B-50_CTTCTCTGTCTGCCAG-1","B_1dpi","Microglia 1",-1.55610601444953,"Homeostatic"
"B-50_CTTTGCGCATAAAGGT-1","B_1dpi","Microglia 1",-2.19352695283854,"Homeostatic"
"B-50_GAACATCGTACAAGTA-1","B_1dpi","Microglia 1",-0.236311305221923,"Intermediate"
"B-50_GAACCTACAGATAATG-1","B_1dpi","Microglia 1",-0.993963673937778,"Homeostatic"
"B-50_GAATGAATCACTCTTA-1","B_1dpi","Microglia 1",-2.15733539991171,"Homeostatic"
"B-50_GACGGCTGTACCAGTT-1","B_1dpi","Activated Microglia B",-0.463884165265551,"Intermediate"
"B-50_GAGTCCGGTGAGGGTT-1","B_1dpi","Microglia 1",-0.7336160135361,"Homeostatic"
"B-50_GATCGCGCACGGATAG-1","B_1dpi","Microglia 1",-1.31228875778706,"Homeostatic"
"B-50_GATCGCGGTTGATTCG-1","B_1dpi","Microglia 2",-0.295976397461443,"Intermediate"
"B-50_GATCGTATCTACTCAT-1","B_1dpi","Microglia 1",-1.66362161964364,"Homeostatic"
"B-50_GATGAAATCAGGTTCA-1","B_1dpi","Microglia 1",-0.519385363327061,"Intermediate"
"B-50_GATGAGGAGATGTGGC-1","B_1dpi","Microglia 1",-0.417299560052891,"Intermediate"
"B-50_GATGAGGCATGCCTAA-1","B_1dpi","Microglia 1",-1.35437880934773,"Homeostatic"
"B-50_GCAAACTAGATCCCGC-1","B_1dpi","Microglia 1",0.355152641848163,"DAM-like"
"B-50_GCAGCCACACGTCAGC-1","B_1dpi","Microglia 1",-0.869212793764821,"Homeostatic"
"B-50_GCATGTATCAACGCTA-1","B_1dpi","Activated Microglia B",-0.26362780608272,"Intermediate"
"B-50_GCGCAGTAGGGATCTG-1","B_1dpi","Microglia 1",-1.02889718998435,"Homeostatic"
"B-50_GCGCAGTGTATTCGTG-1","B_1dpi","Activated Microglia B",-0.688841087343833,"Intermediate"
"B-50_GCTGCTTAGGAGCGAG-1","B_1dpi","Activated Microglia B",-0.204026880257076,"Intermediate"
"B-50_GCTTGAATCCCATTTA-1","B_1dpi","Activated Microglia B",0.279262055784189,"DAM-like"
"B-50_GGAAAGCAGGTGTTAA-1","B_1dpi","Microglia 2",0.0521443446252763,"Intermediate"
"B-50_GGAACTTAGTATCTCG-1","B_1dpi","Microglia 1",-1.26045503829473,"Homeostatic"
"B-50_GGAACTTCAGTATAAG-1","B_1dpi","Activated Microglia B",-0.604550527373937,"Intermediate"
"B-50_GGCTCGAGTCTACCTC-1","B_1dpi","Activated Microglia B",-1.21883181385251,"Homeostatic"
"B-50_GGCTGGTGTACGCACC-1","B_1dpi","Microglia 1",-0.81665177807277,"Homeostatic"
"B-50_GGGCACTTCACCGGGT-1","B_1dpi","Microglia 2",-1.73422990172747,"Homeostatic"
"B-50_GGGTTGCAGGACAGAA-1","B_1dpi","Microglia 1",-0.992240410806793,"Homeostatic"
"B-50_GGTATTGCAGTGAGTG-1","B_1dpi","Microglia 1",-2.10135154166606,"Homeostatic"
"B-50_GGTGCGTAGGCGATAC-1","B_1dpi","Microglia 3",-0.88991760547607,"Homeostatic"
"B-50_GTAGTCAGTGATAAAC-1","B_1dpi","Microglia 1",-0.305199896289633,"Intermediate"
"B-50_GTCAAGTGTAGCGTAG-1","B_1dpi","Microglia 1",-1.49346388343006,"Homeostatic"
"B-50_GTCCTCAAGGCTCTTA-1","B_1dpi","Activated Microglia A",0.675621453733441,"DAM-like"
"B-50_GTCCTCAGTTGTGGCC-1","B_1dpi","Microglia 1",-0.117211661555859,"Intermediate"
"B-50_GTGAAGGCAGCGTCCA-1","B_1dpi","Microglia 2",-0.196130839579624,"Intermediate"
"B-50_GTGAAGGTCCGAAGAG-1","B_1dpi","Activated Microglia B",-1.26200374623666,"Homeostatic"
"B-50_GTGAAGGTCTTAGCCC-1","B_1dpi","Microglia 3",-1.77727386733551,"Homeostatic"
"B-50_GTGCGGTTCATCATTC-1","B_1dpi","Microglia 1",-0.906934708915913,"Homeostatic"
"B-50_GTGGGTCTCTAGAGTC-1","B_1dpi","Microglia 1",-0.253703629869312,"Intermediate"
"B-50_GTGTTAGAGATAGGAG-1","B_1dpi","Microglia 3",-0.261309840986702,"Intermediate"
"B-50_GTTAAGCCATTGTGCA-1","B_1dpi","Microglia 1",-0.474792484803114,"Intermediate"
"B-50_TAAGAGAAGTTAACGA-1","B_1dpi","Microglia 1",-2.384210430102,"Homeostatic"
"B-50_TAAGTGCCACGCATCG-1","B_1dpi","Microglia 1",-1.29280400512951,"Homeostatic"
"B-50_TAAGTGCCATGATCCA-1","B_1dpi","Microglia 2",-1.08900717298307,"Homeostatic"
"B-50_TACCTATAGTCTCCTC-1","B_1dpi","Microglia 1",-0.929427657079983,"Homeostatic"
"B-50_TACGGGCTCCTGCAGG-1","B_1dpi","Microglia 3",-1.13532723574315,"Homeostatic"
"B-50_TACTTGTTCCAGTATG-1","B_1dpi","Activated Microglia B",0.161489525029123,"Intermediate"
"B-50_TAGAGCTCAGTTCCCT-1","B_1dpi","Microglia 1",0.376430762648754,"DAM-like"
"B-50_TAGGCATTCACAAACC-1","B_1dpi","Microglia 2",-1.88708768746175,"Homeostatic"
"B-50_TAGTGGTAGGGCACTA-1","B_1dpi","Microglia 2",-1.06195785849993,"Homeostatic"
"B-50_TATGCCCAGGGAGTAA-1","B_1dpi","Microglia 2",-0.469398711026303,"Intermediate"
"B-50_TCAATCTAGTCGAGTG-1","B_1dpi","Activated Microglia B",-0.186236421706041,"Intermediate"
"B-50_TCACAAGTCCTTGGTC-1","B_1dpi","Microglia 1",-1.10724311972964,"Homeostatic"
"B-50_TCAGCTCCAGGCAGTA-1","B_1dpi","Microglia 1",-1.61887654606549,"Homeostatic"
"B-50_TCGCGAGGTACTCTCC-1","B_1dpi","Microglia 1",-1.01444194840638,"Homeostatic"
"B-50_TCGCGTTCAGTCGATT-1","B_1dpi","Activated Microglia B",-0.901854379091805,"Homeostatic"
"B-50_TCGCGTTCATCGGTTA-1","B_1dpi","Microglia 2",-0.567141153413407,"Intermediate"
"B-50_TCGTAGATCACCAGGC-1","B_1dpi","Microglia 3",0.0953106663619336,"Intermediate"
"B-50_TCTCATAGTGATGATA-1","B_1dpi","Microglia 2",-1.27699091837332,"Homeostatic"
"B-50_TCTGAGAGTAGCTGCC-1","B_1dpi","Activated Microglia A",0.238829812221417,"DAM-like"
"B-50_TGAAAGATCTAGAGTC-1","B_1dpi","Microglia 1",-0.396195184924665,"Intermediate"
"B-50_TGACGGCAGAGCTATA-1","B_1dpi","Activated Microglia B",-0.749075613294004,"Homeostatic"
"B-50_TGACGGCAGGATTCGG-1","B_1dpi","Microglia 2",-0.462695741061634,"Intermediate"
"B-50_TGAGCCGTCCACTGGG-1","B_1dpi","Microglia 1",-0.94303000666347,"Homeostatic"
"B-50_TGATTTCGTGTCGCTG-1","B_1dpi","Microglia 2",-0.365677710051208,"Intermediate"
"B-50_TGGCGCAGTTACCAGT-1","B_1dpi","Microglia 2",-0.54656082612467,"Intermediate"
"B-50_TGGTTCCCAATGTAAG-1","B_1dpi","Microglia 1",-0.43842891277483,"Intermediate"
"B-50_TGGTTCCGTTAAGAAC-1","B_1dpi","Microglia 3",-2.93783001244982,"Homeostatic"
"B-50_TGTGTTTTCAACACAC-1","B_1dpi","Microglia 2",-0.481991819728962,"Intermediate"
"B-50_TGTTCCGGTAGTACCT-1","B_1dpi","Activated Microglia B",0.529405776593325,"DAM-like"
"B-50_TTAGGCAGTAGCTTGT-1","B_1dpi","Microglia 1",-2.15499915676108,"Homeostatic"
"B-50_TTAGGCAGTTCAGCGC-1","B_1dpi","Microglia 1",-0.198132402150081,"Intermediate"
"B-50_TTAGTTCCAAGTAATG-1","B_1dpi","Activated Microglia B",-0.744614216534411,"Homeostatic"
"B-50_TTAGTTCCATGGTTGT-1","B_1dpi","Microglia 1",-0.258677103192185,"Intermediate"
"B-50_TTCGGTCCAATCTGCA-1","B_1dpi","Activated Microglia B",-1.86249344417677,"Homeostatic"
"B-50_TTGAACGGTTGTACAC-1","B_1dpi","Microglia 1",-1.54228806425096,"Homeostatic"
"B-50_TTGACTTTCAAGCCTA-1","B_1dpi","Microglia 1",-0.65110863875035,"Intermediate"
"B-50_TTGCCGTGTTTAGGAA-1","B_1dpi","Microglia 2",-1.67538834346029,"Homeostatic"
"B-50_TTGCGTCGTCTGCAAT-1","B_1dpi","Activated Microglia B",0.0615551797506225,"Intermediate"
"B-50_TTGGCAAAGCCACCTG-1","B_1dpi","Microglia 1",-0.752687652658738,"Homeostatic"
"B-50_TTGGCAAGTTGTCGCG-1","B_1dpi","Microglia 1",-1.22962200056526,"Homeostatic"
"B-50_TTTACTGAGGTGCAAC-1","B_1dpi","Microglia 1",-0.665707667258387,"Intermediate"
"B-50_TTTACTGCAACAACCT-1","B_1dpi","Microglia 2",0.146245440623842,"Intermediate"
"B-50_TTTCCTCGTACAAGTA-1","B_1dpi","Microglia 1",-0.141469244213688,"Intermediate"
"B-50_TTTGCGCAGGGCATGT-1","B_1dpi","Activated Microglia B",-0.453643076195679,"Intermediate"
"B-50_TTTGCGCTCCTATGTT-1","B_1dpi","Microglia 1",-0.896496426959142,"Homeostatic"
"B-50_TTTGGTTAGATCCCAT-1","B_1dpi","Activated Microglia B",-0.0561478790969798,"Intermediate"
"B-51_AAAGATGGTCGAATCT-1","B_1dpi","Microglia 1",-0.948602260656512,"Homeostatic"
"B-51_AAAGCAAGTAATCGTC-1","B_1dpi","Microglia 1",-1.60469026162543,"Homeostatic"
"B-51_AAATGCCCAACCGCCA-1","B_1dpi","Activated Microglia B",0.663927382116794,"DAM-like"
"B-51_AACCGCGCAAGGTGTG-1","B_1dpi","Microglia 1",-1.41572031768901,"Homeostatic"
"B-51_AACGTTGCACGGCCAT-1","B_1dpi","Microglia 1",-2.0608152746303,"Homeostatic"
"B-51_AAGACCTTCGTCACGG-1","B_1dpi","Microglia 1",-0.363165463176722,"Intermediate"
"B-51_AAGCCGCCATGGTCAT-1","B_1dpi","Microglia 2",0.393416166288545,"DAM-like"
"B-51_AAGTCTGCATTACGAC-1","B_1dpi","Microglia 1",-1.61991727667233,"Homeostatic"
"B-51_ACAGCCGAGCATCATC-1","B_1dpi","Microglia 3",0.260949697194727,"DAM-like"
"B-51_ACATACGCACATGTGT-1","B_1dpi","Microglia 1",-1.08594117514279,"Homeostatic"
"B-51_ACCCACTAGAATAGGG-1","B_1dpi","Microglia 3",0.81305308900219,"DAM-like"
"B-51_ACGCAGCGTACTTAGC-1","B_1dpi","Microglia 3",-0.436319575946354,"Intermediate"
"B-51_ACGGGTCTCGCTTAGA-1","B_1dpi","Microglia 2",-0.219907259960041,"Intermediate"
"B-51_ACTATCTAGTTGAGTA-1","B_1dpi","Microglia 2",-0.429369430779239,"Intermediate"
"B-51_ACTGAACTCCTCTAGC-1","B_1dpi","Microglia 2",-1.2445977117397,"Homeostatic"
"B-51_ACTGAGTTCGCGATCG-1","B_1dpi","Microglia 1",-1.47201506084887,"Homeostatic"
"B-51_AGAATAGAGTGTCTCA-1","B_1dpi","Microglia 1",-0.892523203469222,"Homeostatic"
"B-51_AGAGCGAAGTACGCGA-1","B_1dpi","Microglia 1",-0.800313861901473,"Homeostatic"
"B-51_AGAGTGGAGAAGATTC-1","B_1dpi","Microglia 2",-0.448905574219747,"Intermediate"
"B-51_AGATCTGAGTCGAGTG-1","B_1dpi","Microglia 3",-0.763006017755458,"Homeostatic"
"B-51_AGATTGCAGCGGATCA-1","B_1dpi","Activated Microglia B",0.586305325951135,"DAM-like"
"B-51_AGCGGTCTCAGCTCTC-1","B_1dpi","Microglia 2",-1.48945034251548,"Homeostatic"
"B-51_AGCTCTCAGGCACATG-1","B_1dpi","Microglia 3",-0.588254337928228,"Intermediate"
"B-51_AGTCTTTCAAAGTGCG-1","B_1dpi","Microglia 3",-0.50998745621607,"Intermediate"
"B-51_AGTCTTTCATACTACG-1","B_1dpi","Microglia 1",0.0395571134748058,"Intermediate"
"B-51_AGTGGGAAGGAGTAGA-1","B_1dpi","Microglia 2",-1.05802665066776,"Homeostatic"
"B-51_ATAACGCTCACGCATA-1","B_1dpi","Activated Microglia A",0.230908066552416,"DAM-like"
"B-51_ATCATCTCATGTCTCC-1","B_1dpi","Microglia 1",-1.43145322644688,"Homeostatic"
"B-51_ATCCACCTCATGTAGC-1","B_1dpi","Microglia 3",0.760137907240573,"DAM-like"
"B-51_ATCCGAAAGGTTACCT-1","B_1dpi","Microglia 1",-2.25061757583964,"Homeostatic"
"B-51_ATCCGAATCCTGTAGA-1","B_1dpi","Microglia 3",-0.631251229871457,"Intermediate"
"B-51_ATCGAGTTCCGATATG-1","B_1dpi","Microglia 1",-0.65176151082713,"Intermediate"
"B-51_ATCTACTTCATAAAGG-1","B_1dpi","Microglia 2",-1.57217947271147,"Homeostatic"
"B-51_ATGAGGGCAACTGCTA-1","B_1dpi","Activated Microglia A",0.985906881879922,"DAM-like"
"B-51_ATGGGAGGTCTTGATG-1","B_1dpi","Microglia 2",-1.35858976501057,"Homeostatic"
"B-51_ATGTGTGAGAGCTGCA-1","B_1dpi","Microglia 1",-0.566109467845078,"Intermediate"
"B-51_ATGTGTGGTCGTGGCT-1","B_1dpi","Microglia 2",-0.810917354846176,"Homeostatic"
"B-51_ATGTGTGGTTTAGGAA-1","B_1dpi","Activated Microglia A",-1.03051140099503,"Homeostatic"
"B-51_ATTACTCAGGACACCA-1","B_1dpi","Microglia 1",-0.198940532146211,"Intermediate"
"B-51_ATTATCCGTCGAATCT-1","B_1dpi","Microglia 2",-2.09895732745778,"Homeostatic"
"B-51_ATTGGTGCAGGCGATA-1","B_1dpi","Microglia 3",-0.380090109313259,"Intermediate"
"B-51_CACAGTACATACCATG-1","B_1dpi","Microglia 2",-1.50466726583735,"Homeostatic"
"B-51_CACATAGCACCGGAAA-1","B_1dpi","Microglia 1",-0.602842104411962,"Intermediate"
"B-51_CACCACTCACCAGCAC-1","B_1dpi","Microglia 3",0.0318723399919854,"Intermediate"
"B-51_CAGATCATCTCGATGA-1","B_1dpi","Activated Microglia A",0.905101725327063,"DAM-like"
"B-51_CATATTCTCCCGGATG-1","B_1dpi","Microglia 1",-0.673015587592854,"Intermediate"
"B-51_CATCCACAGCTACCGC-1","B_1dpi","Microglia 3",-0.218086532023445,"Intermediate"
"B-51_CATGCCTAGGCTAGCA-1","B_1dpi","Microglia 3",-0.156065128448134,"Intermediate"
"B-51_CATGGCGGTTGTCGCG-1","B_1dpi","Microglia 2",-0.904133498064232,"Homeostatic"
"B-51_CCGTACTCAACGATGG-1","B_1dpi","Microglia 1",0.843941658365631,"DAM-like"
"B-51_CCTTCGAAGGCGCTCT-1","B_1dpi","Microglia 3",-0.323073503052917,"Intermediate"
"B-51_CCTTCGATCGTGGTCG-1","B_1dpi","Activated Microglia A",-0.458932705165849,"Intermediate"
"B-51_CCTTTCTGTTCCACGG-1","B_1dpi","Activated Microglia A",-0.414973745466651,"Intermediate"
"B-51_CGATCGGTCCTCGCAT-1","B_1dpi","Microglia 3",-1.00761721763677,"Homeostatic"
"B-51_CGATGGCCACGACTCG-1","B_1dpi","Microglia 3",-1.25505351476533,"Homeostatic"
"B-51_CGCCAAGCACCTCGTT-1","B_1dpi","Microglia 3",-0.71118858462963,"Homeostatic"
"B-51_CGCGGTAGTCCTGCTT-1","B_1dpi","Activated Microglia A",-0.846111463353133,"Homeostatic"
"B-51_CGCTATCCAGTAGAGC-1","B_1dpi","Microglia 2",0.0915689054042326,"Intermediate"
"B-51_CGCTTCACATTGTGCA-1","B_1dpi","Microglia 2",-1.46724958950975,"Homeostatic"
"B-51_CGGACTGTCCAAACTG-1","B_1dpi","Microglia 2",-0.4997670406781,"Intermediate"
"B-51_CGGAGCTTCTGTGCAA-1","B_1dpi","Microglia 2",-0.2921948114926,"Intermediate"
"B-51_CGGTTAAGTAGAGCTG-1","B_1dpi","Microglia 2",-1.13833825473074,"Homeostatic"
"B-51_CGTTGGGAGCGTTGCC-1","B_1dpi","Microglia 1",-0.655166206565078,"Intermediate"
"B-51_CTACACCAGTTAGGTA-1","B_1dpi","Microglia 3",-0.169957511900667,"Intermediate"
"B-51_CTACATTCACAGACTT-1","B_1dpi","Microglia 1",-1.12887635396893,"Homeostatic"
"B-51_CTAGAGTAGTACGATA-1","B_1dpi","Microglia 1",-0.96308696814105,"Homeostatic"
"B-51_CTCACACAGGCTATCT-1","B_1dpi","Microglia 2",-1.06465280919722,"Homeostatic"
"B-51_CTCCTAGAGGCTAGCA-1","B_1dpi","Microglia 1",-1.20662949398958,"Homeostatic"
"B-51_CTCGGAGCATCCTAGA-1","B_1dpi","Activated Microglia A",-0.0266433046307628,"Intermediate"
"B-51_CTCGGAGTCTATGTGG-1","B_1dpi","Microglia 3",-0.277956693793112,"Intermediate"
"B-51_CTCGGGAAGGAACTGC-1","B_1dpi","Microglia 2",0.413636932894855,"DAM-like"
"B-51_CTCGGGACATCTATGG-1","B_1dpi","Microglia 3",-0.834599120105781,"Homeostatic"
"B-51_CTGCGGATCGCCTGTT-1","B_1dpi","Microglia 3",-0.337050451742876,"Intermediate"
"B-51_CTTAGGAAGGCATTGG-1","B_1dpi","Activated Microglia A",0.800217660388205,"DAM-like"
"B-51_GAATGAAGTCTCTTTA-1","B_1dpi","Microglia 1",-0.0393587055553057,"Intermediate"
"B-51_GACGTGCGTTCTGGTA-1","B_1dpi","Microglia 3",-0.600802735942094,"Intermediate"
"B-51_GACTGCGTCGGAGCAA-1","B_1dpi","Microglia 2",-0.650067969127104,"Intermediate"
"B-51_GATCGATCAGTTTACG-1","B_1dpi","Microglia 3",-1.02981832377837,"Homeostatic"
"B-51_GATCGATGTCAGGACA-1","B_1dpi","Activated Microglia A",-0.136685534443356,"Intermediate"
"B-51_GATGAGGGTCTAGGTT-1","B_1dpi","Microglia 3",-0.180717541117189,"Intermediate"
"B-51_GATTCAGGTGATGTGG-1","B_1dpi","Microglia 1",-0.57952134979757,"Intermediate"
"B-51_GCAGTTATCGGACAAG-1","B_1dpi","Microglia 3",-0.717226094655051,"Homeostatic"
"B-51_GCCTCTAGTGTGCCTG-1","B_1dpi","Microglia 1",-0.545657581778886,"Intermediate"
"B-51_GCTGGGTTCGCCCTTA-1","B_1dpi","Microglia 2",-0.475294765512132,"Intermediate"
"B-51_GGACATTTCCCTCTTT-1","B_1dpi","Microglia 1",-1.09443017704224,"Homeostatic"
"B-51_GGATTACTCCGCATAA-1","B_1dpi","Microglia 2",-0.342833810256906,"Intermediate"
"B-51_GGTATTGGTACAGTTC-1","B_1dpi","Activated Microglia A",-0.266639227499588,"Intermediate"
"B-51_GGTGCGTAGATGCGAC-1","B_1dpi","Microglia 1",-0.825131424964807,"Homeostatic"
"B-51_GGTGTTACAAGGTGTG-1","B_1dpi","Microglia 1",-1.40374367418467,"Homeostatic"
"B-51_GTAACTGAGAGCTGCA-1","B_1dpi","Microglia 2",-0.761595370164949,"Homeostatic"
"B-51_GTATCTTAGTGTACGG-1","B_1dpi","Microglia 1",-0.440607163977812,"Intermediate"
"B-51_GTCATTTAGCCAGGAT-1","B_1dpi","Activated Microglia A",0.188480863882952,"Intermediate"
"B-51_GTCATTTGTGCTCTTC-1","B_1dpi","Microglia 2",-0.661788537794743,"Intermediate"
"B-51_GTGAAGGCATTAGCCA-1","B_1dpi","Microglia 2",-0.144034563930415,"Intermediate"
"B-51_GTGCAGCGTGATAAGT-1","B_1dpi","Microglia 1",-0.384440082215833,"Intermediate"
"B-51_GTGCTTCAGGTGCTTT-1","B_1dpi","Microglia 3",-1.27195187738078,"Homeostatic"
"B-51_GTTAAGCCAGACAAAT-1","B_1dpi","Microglia 2",-0.789002546569391,"Homeostatic"
"B-51_GTTACAGCAGGGTACA-1","B_1dpi","Microglia 3",-1.40795176970869,"Homeostatic"
"B-51_GTTCGGGGTTCCTCCA-1","B_1dpi","Microglia 1",-0.412734584094637,"Intermediate"
"B-51_TACACGATCCCACTTG-1","B_1dpi","Microglia 3",-0.295912838730769,"Intermediate"
"B-51_TACCTTATCGTACGGC-1","B_1dpi","Microglia 2",-0.614605007813546,"Intermediate"
"B-51_TACGGATGTAGCTCCG-1","B_1dpi","Microglia 1",-2.32875030845105,"Homeostatic"
"B-51_TACGGTAGTCGACTGC-1","B_1dpi","Microglia 1",-0.875950833058965,"Homeostatic"
"B-51_TACTTGTCATCAGTAC-1","B_1dpi","Microglia 1",-0.859736700324727,"Homeostatic"
"B-51_TAGACCACAATGAATG-1","B_1dpi","Activated Microglia B",-0.28095631583674,"Intermediate"
"B-51_TATCTCAGTAGCACGA-1","B_1dpi","Microglia 3",-1.13289817099916,"Homeostatic"
"B-51_TATGCCCAGGTGCAAC-1","B_1dpi","Microglia 2",-0.873618634401647,"Homeostatic"
"B-51_TATGCCCTCATGCAAC-1","B_1dpi","Microglia 1",-0.783480592918857,"Homeostatic"
"B-51_TCAACGAGTTACGTCA-1","B_1dpi","Microglia 1",-1.29497328543559,"Homeostatic"
"B-51_TCAATCTCATACAGCT-1","B_1dpi","Microglia 1",-1.29126396742712,"Homeostatic"
"B-51_TCAGCTCGTAATTGGA-1","B_1dpi","Microglia 3",-0.874916083374395,"Homeostatic"
"B-51_TCATTTGTCACGACTA-1","B_1dpi","Microglia 2",-0.117207029058511,"Intermediate"
"B-51_TCCACACTCCTGCAGG-1","B_1dpi","Microglia 2",-1.01664895739864,"Homeostatic"
"B-51_TCCCGATCAGTGGGAT-1","B_1dpi","Microglia 1",-1.46345435138564,"Homeostatic"
"B-51_TCTGAGAGTTCGTCTC-1","B_1dpi","Microglia 1",-0.710186178308873,"Intermediate"
"B-51_TGAAAGACATTTGCCC-1","B_1dpi","Activated Microglia A",1.22726490276661,"DAM-like"
"B-51_TGACGGCCACGGCGTT-1","B_1dpi","Activated Microglia B",-0.0839022845442098,"Intermediate"
"B-51_TGACGGCTCCCTAATT-1","B_1dpi","Microglia 1",-1.50560523545799,"Homeostatic"
"B-51_TGCGTGGCATTCTCAT-1","B_1dpi","Microglia 3",-1.16724257776693,"Homeostatic"
"B-51_TGGGAAGAGTTCCACA-1","B_1dpi","Microglia 1",-1.06387467672545,"Homeostatic"
"B-51_TGGTTAGGTATTACCG-1","B_1dpi","Microglia 3",-1.10916725453036,"Homeostatic"
"B-51_TTAGTTCTCTAGAGTC-1","B_1dpi","Microglia 1",-1.21847184333804,"Homeostatic"
"B-51_TTCTACACATTGGCGC-1","B_1dpi","Microglia 3",-0.102698428217654,"Intermediate"
"B-51_TTGCCGTTCCAAGCCG-1","B_1dpi","Activated Microglia A",1.56033221796432,"DAM-like"
"B-51_TTGCGTCAGACAATAC-1","B_1dpi","Microglia 2",-0.226953560489541,"Intermediate"
"B-51_TTGCGTCTCGGAATCT-1","B_1dpi","Microglia 1",-0.384787268965252,"Intermediate"
"C-41_AAAGATGGTCGGGTCT-1","C_1wpi","Microglia 3",-0.198626629526108,"Intermediate"
"C-41_AAATGCCTCCAGTATG-1","C_1wpi","Microglia 1",0.0639001903745786,"Intermediate"
"C-41_AACCGCGCACAGACTT-1","C_1wpi","Microglia 3",-0.767322638088318,"Homeostatic"
"C-41_AACGTTGCAAGTAATG-1","C_1wpi","Microglia 1",-1.60364668658978,"Homeostatic"
"C-41_AACTCAGGTCTCTCTG-1","C_1wpi","Microglia 1",-1.13716637254782,"Homeostatic"
"C-41_AACTCAGTCGCCAAAT-1","C_1wpi","Microglia 1",-0.497030319888836,"Intermediate"
"C-41_AACTCCCAGTAATCCC-1","C_1wpi","Microglia 2",-0.637687241612282,"Intermediate"
"C-41_AACTCTTCATCCCATC-1","C_1wpi","Microglia 1",-0.905961329750817,"Homeostatic"
"C-41_AAGACCTGTCCCGACA-1","C_1wpi","Microglia 1",-0.927650193359321,"Homeostatic"
"C-41_AAGCCGCAGCTTCGCG-1","C_1wpi","Microglia 1",-0.398533366398942,"Intermediate"
"C-41_AAGCCGCCACGGACAA-1","C_1wpi","Microglia 1",-0.578345975952765,"Intermediate"
"C-41_AAGCCGCCAGTCCTTC-1","C_1wpi","Microglia 1",-1.17430549292045,"Homeostatic"
"C-41_AAGCCGCGTGAGTATA-1","C_1wpi","Microglia 3",0.586279297424211,"DAM-like"
"C-41_AAGGAGCCAAGACACG-1","C_1wpi","Microglia 1",-0.782818317703936,"Homeostatic"
"C-41_AAGGCAGCAAGGACTG-1","C_1wpi","Microglia 2",-0.181301722139734,"Intermediate"
"C-41_AAGGCAGGTGGTGTAG-1","C_1wpi","Microglia 1",-0.676796576858675,"Intermediate"
"C-41_AAGGTTCTCGTGGTCG-1","C_1wpi","Microglia 2",0.808804861510803,"DAM-like"
"C-41_AATCCAGGTCAGTGGA-1","C_1wpi","Microglia 2",-0.471952074123707,"Intermediate"
"C-41_AATCGGTCAAGTCATC-1","C_1wpi","Microglia 1",-1.26445170040279,"Homeostatic"
"C-41_ACACCAACATCTATGG-1","C_1wpi","Microglia 3",0.138739428430141,"Intermediate"
"C-41_ACACCAAGTTACGTCA-1","C_1wpi","Microglia 2",-0.256275990791024,"Intermediate"
"C-41_ACACCGGAGGTAGCTG-1","C_1wpi","Microglia 3",-0.890851050036489,"Homeostatic"
"C-41_ACACCGGTCGGAAACG-1","C_1wpi","Microglia 1",0.00937114491907309,"Intermediate"
"C-41_ACATGGTCATGGGACA-1","C_1wpi","Activated Microglia B",1.58822768256063,"DAM-like"
"C-41_ACCAGTACACCGATAT-1","C_1wpi","Microglia 3",-0.704469331034253,"Intermediate"
"C-41_ACGAGCCGTCAAACTC-1","C_1wpi","Microglia 2",-0.887319661446692,"Homeostatic"
"C-41_ACGAGGACACATGACT-1","C_1wpi","Microglia 2",0.1486757582159,"Intermediate"
"C-41_ACGATACTCGGAAACG-1","C_1wpi","Microglia 2",0.428363834450433,"DAM-like"
"C-41_ACGATACTCGGCTTGG-1","C_1wpi","Microglia 3",-0.406920676851996,"Intermediate"
"C-41_ACGATGTAGCTCCTCT-1","C_1wpi","Microglia 3",-0.0937030704795757,"Intermediate"
"C-41_ACGCCAGAGAGTGAGA-1","C_1wpi","Microglia 1",0.535160853176139,"DAM-like"
"C-41_ACGCCAGTCTGTCCGT-1","C_1wpi","Activated Microglia B",1.36324898550115,"DAM-like"
"C-41_ACGGAGACAATGCCAT-1","C_1wpi","Microglia 1",-1.22370941957737,"Homeostatic"
"C-41_ACGGAGAGTCAGAGGT-1","C_1wpi","Microglia 3",-0.82504982338269,"Homeostatic"
"C-41_ACGGAGATCCTATTCA-1","C_1wpi","Microglia 3",-0.132804743659386,"Intermediate"
"C-41_ACGGAGATCCTCAACC-1","C_1wpi","Microglia 1",-0.898109048128848,"Homeostatic"
"C-41_ACGGCCAAGGATATAC-1","C_1wpi","Microglia 2",-1.31612992233228,"Homeostatic"
"C-41_ACGGGCTCAGGCGATA-1","C_1wpi","Microglia 1",-0.302369639137111,"Intermediate"
"C-41_ACGGGCTTCAGGCAAG-1","C_1wpi","Microglia 1",-1.19977508778108,"Homeostatic"
"C-41_ACGGGCTTCCAACCAA-1","C_1wpi","Microglia 2",0.00518684827076388,"Intermediate"
"C-41_ACGGGTCCAGACAGGT-1","C_1wpi","Microglia 3",0.00114633001371134,"Intermediate"
"C-41_ACGTCAAAGCCAGTAG-1","C_1wpi","Microglia 3",-0.434327030454687,"Intermediate"
"C-41_ACGTCAACAAACCCAT-1","C_1wpi","Microglia 1",-0.0405818686426263,"Intermediate"
"C-41_ACGTCAAGTCGGCTCA-1","C_1wpi","Microglia 1",0.482939031561823,"DAM-like"
"C-41_ACTATCTCATACGCCG-1","C_1wpi","Microglia 1",-0.0107878452212342,"Intermediate"
"C-41_ACTGATGGTGTAATGA-1","C_1wpi","Microglia 2",-0.5357899370568,"Intermediate"
"C-41_ACTGATGTCTTTCCTC-1","C_1wpi","Activated Microglia A",0.56103701141906,"DAM-like"
"C-41_ACTGCTCAGATGTCGG-1","C_1wpi","Microglia 1",-0.149997116963885,"Intermediate"
"C-41_ACTGCTCTCCCTAATT-1","C_1wpi","Activated Microglia B",0.255593772364923,"DAM-like"
"C-41_ACTGCTCTCTCTGCTG-1","C_1wpi","Activated Microglia B",-0.585737788045825,"Intermediate"
"C-41_ACTGTCCAGATGGGTC-1","C_1wpi","Microglia 2",-0.279375914991952,"Intermediate"
"C-41_ACTTACTCATGTCCTC-1","C_1wpi","Microglia 3",-1.13982234609104,"Homeostatic"
"C-41_ACTTGTTGTGAACCTT-1","C_1wpi","Microglia 1",-1.36932552841166,"Homeostatic"
"C-41_ACTTGTTTCTTAGAGC-1","C_1wpi","Microglia 1",-1.33435255038726,"Homeostatic"
"C-41_AGAATAGTCAGGCGAA-1","C_1wpi","Microglia 3",-1.88919882032336,"Homeostatic"
"C-41_AGACGTTAGGATCGCA-1","C_1wpi","Microglia 2",-0.609238148996591,"Intermediate"
"C-41_AGACGTTGTCACAAGG-1","C_1wpi","Activated Microglia A",1.54350602758273,"DAM-like"
"C-41_AGACGTTTCAGGTTCA-1","C_1wpi","Microglia 1",-0.960270748073251,"Homeostatic"
"C-41_AGAGCGAAGGAGTCTG-1","C_1wpi","Activated Microglia A",0.121405271249765,"Intermediate"
"C-41_AGAGCGATCTGAAAGA-1","C_1wpi","Microglia 1",-0.597601610603903,"Intermediate"
"C-41_AGAGCTTAGGGTTCCC-1","C_1wpi","Microglia 3",-0.858797082685099,"Homeostatic"
"C-41_AGATCTGTCACCGGGT-1","C_1wpi","Activated Microglia A",0.899735103466912,"DAM-like"
"C-41_AGATTGCGTCCGAATT-1","C_1wpi","Microglia 1",0.00115739438881057,"Intermediate"
"C-41_AGCCTAATCGTCTGAA-1","C_1wpi","Microglia 2",-1.64506026238106,"Homeostatic"
"C-41_AGCGGTCAGGTGCACA-1","C_1wpi","Microglia 1",-0.05296611505396,"Intermediate"
"C-41_AGCGTATAGGTGCAAC-1","C_1wpi","Microglia 1",-0.0742256559359202,"Intermediate"
"C-41_AGCTCCTGTCTCCATC-1","C_1wpi","Microglia 1",-0.557705724112708,"Intermediate"
"C-41_AGCTCCTTCGCCTGTT-1","C_1wpi","Microglia 1",-0.266275943726532,"Intermediate"
"C-41_AGCTCTCAGACAATAC-1","C_1wpi","Microglia 1",-1.0971997946013,"Homeostatic"
"C-41_AGGCCACGTAACGACG-1","C_1wpi","Microglia 3",-0.54225623076505,"Intermediate"
"C-41_AGGCCGTAGTCCTCCT-1","C_1wpi","Microglia 2",-0.467346437720047,"Intermediate"
"C-41_AGGCCGTAGTTGAGAT-1","C_1wpi","Microglia 2",-0.190358826067702,"Intermediate"
"C-41_AGGCCGTGTGTTCTTT-1","C_1wpi","Microglia 3",0.126448409881645,"Intermediate"
"C-41_AGGGAGTAGAAGAAGC-1","C_1wpi","Microglia 3",-0.59361478571086,"Intermediate"
"C-41_AGGTCATAGAAGATTC-1","C_1wpi","Microglia 1",-0.49828135105257,"Intermediate"
"C-41_ATAACGCCACCAACCG-1","C_1wpi","Microglia 1",-1.14354735161154,"Homeostatic"
"C-41_ATAAGAGAGTGTACGG-1","C_1wpi","Microglia 2",-0.264040813942749,"Intermediate"
"C-41_ATAAGAGCATGGATGG-1","C_1wpi","Microglia 1",-0.347191930812337,"Intermediate"
"C-41_ATAGACCAGACGCACA-1","C_1wpi","Activated Microglia A",-0.283304454470264,"Intermediate"
"C-41_ATAGACCAGTGACTCT-1","C_1wpi","Microglia 2",-1.4458008985548,"Homeostatic"
"C-41_ATAGACCGTCTAGTCA-1","C_1wpi","Microglia 1",-1.54749082971498,"Homeostatic"
"C-41_ATAGACCTCCACGCAG-1","C_1wpi","Microglia 1",-0.698846714701982,"Intermediate"
"C-41_ATCATGGAGTCTCAAC-1","C_1wpi","Microglia 2",-0.580634315725613,"Intermediate"
"C-41_ATCATGGGTGATGTCT-1","C_1wpi","Microglia 1",0.18456137813085,"Intermediate"
"C-41_ATCCACCGTTGGTGGA-1","C_1wpi","Activated Microglia B",0.406401023323958,"DAM-like"
"C-41_ATCGAGTAGCCAGTAG-1","C_1wpi","Microglia 3",0.31187447692938,"DAM-like"
"C-41_ATCGAGTTCGATAGAA-1","C_1wpi","Microglia 1",-0.562916222776687,"Intermediate"
"C-41_ATGAGGGCATGTCCTC-1","C_1wpi","Microglia 3",1.14793021224983,"DAM-like"
"C-41_ATGGGAGAGCCAGGAT-1","C_1wpi","Microglia 1",-0.613717732490944,"Intermediate"
"C-41_ATGTGTGGTTCCCGAG-1","C_1wpi","Microglia 3",0.185399381224049,"Intermediate"
"C-41_ATTACTCAGACTTTCG-1","C_1wpi","Microglia 3",0.250088072272801,"DAM-like"
"C-41_ATTCTACGTGGGTCAA-1","C_1wpi","Microglia 1",-1.02416512415863,"Homeostatic"
"C-41_ATTGGACGTCGAGTTT-1","C_1wpi","Microglia 2",-0.909081299068889,"Homeostatic"
"C-41_ATTGGTGCAATAGAGT-1","C_1wpi","Microglia 1",-0.144358795085161,"Intermediate"
"C-41_CAACCAACAGCTGTGC-1","C_1wpi","Microglia 1",-0.699842441954652,"Intermediate"
"C-41_CAACCAATCGTCGTTC-1","C_1wpi","Microglia 3",-0.290850209381388,"Intermediate"
"C-41_CAAGATCCACCAGTTA-1","C_1wpi","Activated Microglia A",0.368056644127217,"DAM-like"
"C-41_CAAGGCCCATCACAAC-1","C_1wpi","Activated Microglia B",-0.179327346643304,"Intermediate"
"C-41_CACACAAAGAGCCCAA-1","C_1wpi","Microglia 3",-1.09014764769589,"Homeostatic"
"C-41_CACACAACATTATCTC-1","C_1wpi","Activated Microglia B",-0.200174139240074,"Intermediate"
"C-41_CACACAAGTACCGTTA-1","C_1wpi","Microglia 2",-0.46703458850321,"Intermediate"
"C-41_CACAGGCAGAATGTGT-1","C_1wpi","Microglia 2",-1.69037486453993,"Homeostatic"
"C-41_CACAGGCCACGAGGTA-1","C_1wpi","Microglia 2",0.197588926755694,"Intermediate"
"C-41_CACATAGGTCATTAGC-1","C_1wpi","Microglia 3",-1.66618935369922,"Homeostatic"
"C-41_CACATAGTCTCGTTTA-1","C_1wpi","Microglia 1",-0.231511092841135,"Intermediate"
"C-41_CACCAGGGTAGCTAAA-1","C_1wpi","Microglia 2",-1.23533612580593,"Homeostatic"
"C-41_CACCTTGGTGCCTGCA-1","C_1wpi","Microglia 2",-0.543954401973877,"Intermediate"
"C-41_CAGAGAGAGATGGCGT-1","C_1wpi","Microglia 1",-1.32243476083862,"Homeostatic"
"C-41_CAGAGAGAGGGCTTGA-1","C_1wpi","Microglia 3",0.0461077311122289,"Intermediate"
"C-41_CAGCGACCAATGTAAG-1","C_1wpi","Microglia 2",0.411490181842993,"DAM-like"
"C-41_CAGGTGCGTTGCCTCT-1","C_1wpi","Microglia 2",1.16203237278682,"DAM-like"
"C-41_CAGGTGCTCAAACCAC-1","C_1wpi","Microglia 3",0.624322611596341,"DAM-like"
"C-41_CAGTCCTAGACCTTTG-1","C_1wpi","Microglia 2",0.0581048068670409,"Intermediate"
"C-41_CATATTCTCAGTCCCT-1","C_1wpi","Microglia 1",0.0991829557515438,"Intermediate"
"C-41_CATCGGGTCTAACTTC-1","C_1wpi","Microglia 1",-1.26576680823567,"Homeostatic"
"C-41_CATGCCTAGCCGCCTA-1","C_1wpi","Microglia 3",-0.810282196659796,"Homeostatic"
"C-41_CATTCGCGTATCTGCA-1","C_1wpi","Microglia 1",-1.90762464300326,"Homeostatic"
"C-41_CCACGGACAATGACCT-1","C_1wpi","Activated Microglia B",0.153145495744274,"Intermediate"
"C-41_CCATGTCCAATGGAAT-1","C_1wpi","Activated Microglia A",-0.220172068503112,"Intermediate"
"C-41_CCCTCCTAGCTAGTCT-1","C_1wpi","Microglia 1",-0.579622884597616,"Intermediate"
"C-41_CCGGGATTCTCTAGGA-1","C_1wpi","Microglia 2",-1.48578511595288,"Homeostatic"
"C-41_CCGGTAGCAATAACGA-1","C_1wpi","Activated Microglia B",0.40795458260601,"DAM-like"
"C-41_CCGTACTCACCATGTA-1","C_1wpi","Microglia 2",-1.23745362814868,"Homeostatic"
"C-41_CCGTACTGTGCGATAG-1","C_1wpi","Activated Microglia B",1.29362151278457,"DAM-like"
"C-41_CCGTGGACACACCGAC-1","C_1wpi","Microglia 3",0.973666236740568,"DAM-like"
"C-41_CCGTGGATCGTAGGTT-1","C_1wpi","Microglia 1",-0.449055025555785,"Intermediate"
"C-41_CCTACACTCAGGCGAA-1","C_1wpi","Microglia 1",-0.373322412929515,"Intermediate"
"C-41_CCTACACTCTCCTATA-1","C_1wpi","Microglia 3",-0.0782652648329467,"Intermediate"
"C-41_CCTAGCTAGTGAACGC-1","C_1wpi","Microglia 2",-0.562301475102344,"Intermediate"
"C-41_CCTATTATCAGCGACC-1","C_1wpi","Microglia 1",-0.472825183745908,"Intermediate"
"C-41_CCTCAGTGTCCGAATT-1","C_1wpi","Microglia 2",-1.02188077592983,"Homeostatic"
"C-41_CCTTACGAGGAGTCTG-1","C_1wpi","Microglia 1",-1.16576944338188,"Homeostatic"
"C-41_CGAGCCATCACCTTAT-1","C_1wpi","Microglia 1",-0.564822938094153,"Intermediate"
"C-41_CGAGCCATCATAACCG-1","C_1wpi","Microglia 3",-0.276035749612255,"Intermediate"
"C-41_CGATGGCAGATGTGGC-1","C_1wpi","Activated Microglia A",1.88112486015113,"DAM-like"
"C-41_CGATGGCAGCACGCCT-1","C_1wpi","Activated Microglia B",-0.393915265759058,"Intermediate"
"C-41_CGATTGACATGTTGAC-1","C_1wpi","Microglia 2",0.0693352197505694,"Intermediate"
"C-41_CGCCAAGAGAGTCGGT-1","C_1wpi","Microglia 1",0.253592805724272,"DAM-like"
"C-41_CGCGGTATCGTCCGTT-1","C_1wpi","Microglia 1",-0.316330731296169,"Intermediate"
"C-41_CGCTGGACATTCCTCG-1","C_1wpi","Microglia 2",0.0278711615218796,"Intermediate"
"C-41_CGCTTCATCGCGATCG-1","C_1wpi","Microglia 1",-0.437042842730162,"Intermediate"
"C-41_CGGACACCAACGATGG-1","C_1wpi","Microglia 1",-0.63553128583298,"Intermediate"
"C-41_CGGAGCTCAATAGCAA-1","C_1wpi","Activated Microglia B",1.49864454195823,"DAM-like"
"C-41_CGGAGTCTCTCTTATG-1","C_1wpi","Microglia 1",-0.574697900580591,"Intermediate"
"C-41_CGGCTAGCATCACAAC-1","C_1wpi","Microglia 1",-0.734995442219479,"Homeostatic"
"C-41_CGGCTAGGTCCTCCAT-1","C_1wpi","Microglia 3",-0.574975863227137,"Intermediate"
"C-41_CGGGTCAAGCTATGCT-1","C_1wpi","Activated Microglia A",0.257501867160161,"DAM-like"
"C-41_CGGGTCAAGTACCGGA-1","C_1wpi","Microglia 1",0.288339564265721,"DAM-like"
"C-41_CGGGTCACACATCCAA-1","C_1wpi","Microglia 3",-1.21549401436831,"Homeostatic"
"C-41_CGGGTCACAGCGTCCA-1","C_1wpi","Microglia 2",-0.647752266245827,"Intermediate"
"C-41_CGTAGCGCAATAGAGT-1","C_1wpi","Microglia 2",0.613812965199609,"DAM-like"
"C-41_CGTAGGCAGTTGAGTA-1","C_1wpi","Microglia 1",-0.278556489599977,"Intermediate"
"C-41_CGTCACTTCTCTGCTG-1","C_1wpi","Microglia 1",-0.912955685539122,"Homeostatic"
"C-41_CGTCCATGTAATTGGA-1","C_1wpi","Microglia 3",-0.740045494611634,"Homeostatic"
"C-41_CGTCTACTCCGCATCT-1","C_1wpi","Microglia 3",0.974075362885595,"DAM-like"
"C-41_CGTGAGCCAGATAATG-1","C_1wpi","Microglia 1",-0.0554543358589208,"Intermediate"
"C-41_CGTGTAAGTGACGCCT-1","C_1wpi","Microglia 2",0.0782554234627951,"Intermediate"
"C-41_CGTTGGGAGCGATGAC-1","C_1wpi","Microglia 3",-0.745023954681359,"Homeostatic"
"C-41_CGTTGGGTCAGCTCGG-1","C_1wpi","Microglia 2",-0.183967857890527,"Intermediate"
"C-41_CTAACTTAGTGGACGT-1","C_1wpi","Microglia 3",-0.253709093687874,"Intermediate"
"C-41_CTAACTTGTTAAGTAG-1","C_1wpi","Microglia 3",-0.120758940445024,"Intermediate"
"C-41_CTAATGGTCTGCTTGC-1","C_1wpi","Activated Microglia A",1.03400373412838,"DAM-like"
"C-41_CTAGCCTCAGGGAGAG-1","C_1wpi","Activated Microglia B",0.731357263066192,"DAM-like"
"C-41_CTAGCCTTCTCACATT-1","C_1wpi","Microglia 2",0.257937725665638,"DAM-like"
"C-41_CTAGTGACAAGCCTAT-1","C_1wpi","Microglia 3",-0.63532847415631,"Intermediate"
"C-41_CTCAGAATCGTCTGAA-1","C_1wpi","Microglia 1",-0.933707613648844,"Homeostatic"
"C-41_CTCATTAAGCGTCTAT-1","C_1wpi","Microglia 1",0.0193895760717457,"Intermediate"
"C-41_CTCATTAGTCATGCAT-1","C_1wpi","Microglia 3",-0.455624863037493,"Intermediate"
"C-41_CTCCTAGTCGAGAACG-1","C_1wpi","Microglia 2",0.308072673434191,"DAM-like"
"C-41_CTCGAAATCCGTCAAA-1","C_1wpi","Microglia 1",-0.265093437822315,"Intermediate"
"C-41_CTCGAGGAGGTGTGGT-1","C_1wpi","Microglia 3",-0.402703432508982,"Intermediate"
"C-41_CTCGGGAGTTTGGGCC-1","C_1wpi","Microglia 1",-0.0179686296959221,"Intermediate"
"C-41_CTCGTCAGTTACTGAC-1","C_1wpi","Microglia 1",-0.0733696134089553,"Intermediate"
"C-41_CTCGTCATCTTGAGAC-1","C_1wpi","Microglia 3",-0.75064715041667,"Homeostatic"
"C-41_CTCTGGTGTTGTACAC-1","C_1wpi","Microglia 1",-0.370289785995513,"Intermediate"
"C-41_CTGAAACCACAGATTC-1","C_1wpi","Microglia 2",0.672190591417348,"DAM-like"
"C-41_CTGAAACGTCTCAACA-1","C_1wpi","Microglia 3",0.446982397663123,"DAM-like"
"C-41_CTGAAGTGTCAAAGCG-1","C_1wpi","Microglia 2",-0.178436707137865,"Intermediate"
"C-41_CTGATAGAGCACAGGT-1","C_1wpi","Microglia 3",-1.42721160483887,"Homeostatic"
"C-41_CTGCCTAGTGTTCGAT-1","C_1wpi","Microglia 1",-0.170212632628364,"Intermediate"
"C-41_CTGCCTATCCACTGGG-1","C_1wpi","Microglia 1",-1.03359818704975,"Homeostatic"
"C-41_CTGCGGAGTCTAAAGA-1","C_1wpi","Microglia 2",-0.956922820700127,"Homeostatic"
"C-41_CTGCTGTAGTCGTTTG-1","C_1wpi","Microglia 3",0.069822583715347,"Intermediate"
"C-41_CTGGTCTTCATGGTCA-1","C_1wpi","Microglia 2",-0.904025006394478,"Homeostatic"
"C-41_CTGGTCTTCCTTGCCA-1","C_1wpi","Microglia 2",-1.56938911453393,"Homeostatic"
"C-41_CTGGTCTTCGAATGGG-1","C_1wpi","Microglia 3",0.553288001760935,"DAM-like"
"C-41_CTGGTCTTCTTCGGTC-1","C_1wpi","Microglia 1",-1.64793316514542,"Homeostatic"
"C-41_CTGTGCTCATTTCAGG-1","C_1wpi","Microglia 3",-0.549151967453257,"Intermediate"
"C-41_CTGTTTACAGACGCTC-1","C_1wpi","Microglia 3",-1.04935977247199,"Homeostatic"
"C-41_CTGTTTACATGGTAGG-1","C_1wpi","Microglia 3",-0.860633707221751,"Homeostatic"
"C-41_CTGTTTAGTGACGCCT-1","C_1wpi","Microglia 2",-0.445934547604443,"Intermediate"
"C-41_CTTAACTTCTGCCAGG-1","C_1wpi","Microglia 2",-1.217747579533,"Homeostatic"
"C-41_CTTAGGACACAACTGT-1","C_1wpi","Microglia 2",-0.538208939954024,"Intermediate"
"C-41_CTTCTCTAGAGGACGG-1","C_1wpi","Microglia 3",-0.48830428178751,"Intermediate"
"C-41_CTTCTCTTCGGTGTCG-1","C_1wpi","Microglia 3",-0.0535611461844001,"Intermediate"
"C-41_CTTGGCTAGTCAAGCG-1","C_1wpi","Microglia 2",-2.3441775077555,"Homeostatic"
"C-41_CTTTGCGAGGAGCGAG-1","C_1wpi","Microglia 1",-1.16918558415152,"Homeostatic"
"C-41_GAAACTCAGTGGAGTC-1","C_1wpi","Microglia 1",1.03372414903487,"DAM-like"
"C-41_GAACGGATCCGCTGTT-1","C_1wpi","Microglia 3",-0.339141469579463,"Intermediate"
"C-41_GAAGCAGCAAGTAGTA-1","C_1wpi","Microglia 1",-0.650899196566828,"Intermediate"
"C-41_GAATGAAAGTATTGGA-1","C_1wpi","Microglia 3",-0.16969549580532,"Intermediate"
"C-41_GACACGCGTCAAACTC-1","C_1wpi","Activated Microglia B",0.848801909846766,"DAM-like"
"C-41_GACACGCTCACAGTAC-1","C_1wpi","Microglia 2",-0.72874736022885,"Homeostatic"
"C-41_GACAGAGTCACCTCGT-1","C_1wpi","Microglia 1",-0.991074101498268,"Homeostatic"
"C-41_GACCAATTCTCAAACG-1","C_1wpi","Microglia 2",-0.672739535126487,"Intermediate"
"C-41_GACCTGGAGATATGGT-1","C_1wpi","Microglia 2",-0.489529803592682,"Intermediate"
"C-41_GACGGCTAGACTACAA-1","C_1wpi","Microglia 2",-0.246865152347431,"Intermediate"
"C-41_GACGGCTAGGGCTTCC-1","C_1wpi","Microglia 3",-0.835375028417293,"Homeostatic"
"C-41_GACGGCTCACTGTTAG-1","C_1wpi","Microglia 1",-1.27240548618552,"Homeostatic"
"C-41_GACTGCGCACCGAATT-1","C_1wpi","Microglia 3",0.144347150945701,"Intermediate"
"C-41_GACTGCGCACGAAAGC-1","C_1wpi","Microglia 1",-0.362471052655085,"Intermediate"
"C-41_GACTGCGTCAAGGCTT-1","C_1wpi","Microglia 1",0.88777345251984,"DAM-like"
"C-41_GAGCAGACACGAGAGT-1","C_1wpi","Microglia 1",0.270934957975189,"DAM-like"
"C-41_GAGGTGAAGTGAATTG-1","C_1wpi","Microglia 2",1.0261283900396,"DAM-like"
"C-41_GATCAGTAGCTGCCCA-1","C_1wpi","Microglia 2",-1.02739174160395,"Homeostatic"
"C-41_GATCAGTAGTTCGCGC-1","C_1wpi","Microglia 2",-0.682191410530334,"Intermediate"
"C-41_GATCAGTCAACGATGG-1","C_1wpi","Activated Microglia A",0.196490380494557,"Intermediate"
"C-41_GATCAGTTCACCTTAT-1","C_1wpi","Microglia 1",-1.08753272740964,"Homeostatic"
"C-41_GATCGATCAATGAAAC-1","C_1wpi","Microglia 2",-0.123731568722011,"Intermediate"
"C-41_GATCGATGTGCTAGCC-1","C_1wpi","Microglia 3",-0.171267710150642,"Intermediate"
"C-41_GATCGTACAAGCCGCT-1","C_1wpi","Microglia 2",-0.759437536366367,"Homeostatic"
"C-41_GATCTAGTCGATAGAA-1","C_1wpi","Microglia 2",-0.122531702657987,"Intermediate"
"C-41_GATGAGGAGTGTCCCG-1","C_1wpi","Microglia 2",-0.351187112165508,"Intermediate"
"C-41_GATGCTAAGCGTAGTG-1","C_1wpi","Microglia 1",0.895061357926619,"DAM-like"
"C-41_GCAGTTAGTAAGTTCC-1","C_1wpi","Microglia 1",0.15509935844694,"Intermediate"
"C-41_GCAGTTAGTCGAGATG-1","C_1wpi","Microglia 1",-1.02896418901531,"Homeostatic"
"C-41_GCATACATCATGTCCC-1","C_1wpi","Microglia 3",-1.62618512936746,"Homeostatic"
"C-41_GCATGATCACAGACTT-1","C_1wpi","Microglia 3",-0.309468086344438,"Intermediate"
"C-41_GCATGATCACCAGTTA-1","C_1wpi","Microglia 3",-1.66607520150564,"Homeostatic"
"C-41_GCATGATTCAACGAAA-1","C_1wpi","Microglia 1",-1.73621764402788,"Homeostatic"
"C-41_GCATGATTCCTGCAGG-1","C_1wpi","Activated Microglia B",0.194062488131309,"Intermediate"
"C-41_GCATGCGAGGATCGCA-1","C_1wpi","Microglia 1",-0.967700604975995,"Homeostatic"
"C-41_GCATGTAAGAATTCCC-1","C_1wpi","Microglia 3",-1.04338983023696,"Homeostatic"
"C-41_GCATGTACACGAAATA-1","C_1wpi","Microglia 1",-0.161907794077367,"Intermediate"
"C-41_GCCAAATTCTGAGGGA-1","C_1wpi","Microglia 1",-0.621090146922505,"Intermediate"
"C-41_GCGCAACCAGCGATCC-1","C_1wpi","Microglia 3",-0.150059802096997,"Intermediate"
"C-41_GCGCAGTAGAGTACCG-1","C_1wpi","Microglia 1",-1.37835777332721,"Homeostatic"
"C-41_GCGCAGTAGGCTACGA-1","C_1wpi","Microglia 1",-0.21472727785688,"Intermediate"
"C-41_GCGCCAAAGCAGGCTA-1","C_1wpi","Microglia 1",0.231263111940496,"DAM-like"
"C-41_GCGGGTTAGATGGGTC-1","C_1wpi","Microglia 3",1.14606153872996,"DAM-like"
"C-41_GCGGGTTCATGTCTCC-1","C_1wpi","Microglia 1",-0.54453402801373,"Intermediate"
"C-41_GCTCTGTAGTCCTCCT-1","C_1wpi","Microglia 2",-1.19163128050988,"Homeostatic"
"C-41_GCTGCTTCAGTAAGCG-1","C_1wpi","Activated Microglia B",0.240642002087502,"DAM-like"
"C-41_GCTGGGTAGACGCTTT-1","C_1wpi","Microglia 3",-0.0988077978164124,"Intermediate"
"C-41_GCTTCCACAGCTGGCT-1","C_1wpi","Microglia 1",-2.01561774385089,"Homeostatic"
"C-41_GCTTGAAAGGACAGCT-1","C_1wpi","Microglia 3",-1.31470108566705,"Homeostatic"
"C-41_GCTTGAAAGTACGTTC-1","C_1wpi","Microglia 3",-1.6675687570182,"Homeostatic"
"C-41_GCTTGAATCATGTAGC-1","C_1wpi","Microglia 1",-0.907480019889818,"Homeostatic"
"C-41_GCTTGAATCCTTCAAT-1","C_1wpi","Microglia 1",-2.09151946113876,"Homeostatic"
"C-41_GGAACTTCACCTGGTG-1","C_1wpi","Microglia 3",-0.496689650142283,"Intermediate"
"C-41_GGAACTTTCTACGAGT-1","C_1wpi","Microglia 2",-1.00369230041451,"Homeostatic"
"C-41_GGACAGATCGCATGAT-1","C_1wpi","Microglia 1",0.0791233353607175,"Intermediate"
"C-41_GGACATTAGATCCCGC-1","C_1wpi","Microglia 1",-0.495872814731899,"Intermediate"
"C-41_GGACGTCAGCCACGTC-1","C_1wpi","Microglia 1",-1.29596195571761,"Homeostatic"
"C-41_GGCAATTAGTACGCGA-1","C_1wpi","Microglia 1",-0.707208268110009,"Intermediate"
"C-41_GGCAATTTCATTTGGG-1","C_1wpi","Activated Microglia A",0.544297972326188,"DAM-like"
"C-41_GGCGTGTTCTCTGCTG-1","C_1wpi","Microglia 1",-1.17482857999586,"Homeostatic"
"C-41_GGCTCGATCTTGTCAT-1","C_1wpi","Microglia 3",0.0779830666275523,"Intermediate"
"C-41_GGCTGGTCATCACGTA-1","C_1wpi","Microglia 1",0.691969672800518,"DAM-like"
"C-41_GGGACCTCACAAGTAA-1","C_1wpi","Microglia 1",-1.09452544273524,"Homeostatic"
"C-41_GGGACCTGTAACGTTC-1","C_1wpi","Microglia 3",-0.988867919118985,"Homeostatic"
"C-41_GGGATGAAGCCCTAAT-1","C_1wpi","Microglia 2",0.15384340655022,"Intermediate"
"C-41_GGGATGATCATCTGCC-1","C_1wpi","Activated Microglia B",1.35324649338891,"DAM-like"
"C-41_GGGATGATCGCAGGCT-1","C_1wpi","Activated Microglia A",-0.371937411729971,"Intermediate"
"C-41_GGGCACTAGGCGTACA-1","C_1wpi","Activated Microglia B",0.202257755196642,"Intermediate"
"C-41_GGGCATCGTGCTAGCC-1","C_1wpi","Activated Microglia B",0.0260442884062808,"Intermediate"
"C-41_GGGTCTGAGGTGACCA-1","C_1wpi","Microglia 2",0.199282708088102,"Intermediate"
"C-41_GGGTCTGGTGGCCCTA-1","C_1wpi","Activated Microglia A",0.806329517306814,"DAM-like"
"C-41_GGTATTGCAGGGTATG-1","C_1wpi","Microglia 1",-0.880079960743817,"Homeostatic"
"C-41_GGTGCGTGTCGCATAT-1","C_1wpi","Microglia 1",-1.23418529966619,"Homeostatic"
"C-41_GGTGCGTTCACAATGC-1","C_1wpi","Microglia 3",-0.13692349462603,"Intermediate"
"C-41_GTAACTGAGATCTGAA-1","C_1wpi","Microglia 2",-0.386393778726387,"Intermediate"
"C-41_GTAACTGAGCGACGTA-1","C_1wpi","Activated Microglia B",-0.620318194437406,"Intermediate"
"C-41_GTAACTGCAGCTCGCA-1","C_1wpi","Microglia 3",0.523480993788696,"DAM-like"
"C-41_GTAGGCCTCATTCACT-1","C_1wpi","Microglia 1",-0.356169491083973,"Intermediate"
"C-41_GTAGTCACAATTCCTT-1","C_1wpi","Microglia 1",-0.0251514799790562,"Intermediate"
"C-41_GTATTCTGTAGCGTAG-1","C_1wpi","Microglia 1",-0.351409685971044,"Intermediate"
"C-41_GTATTCTTCCAGATCA-1","C_1wpi","Activated Microglia B",0.149187721988965,"Intermediate"
"C-41_GTCATTTTCGTGGACC-1","C_1wpi","Microglia 2",-0.189116413118278,"Intermediate"
"C-41_GTCCTCAGTACCATCA-1","C_1wpi","Microglia 3",-0.577415379042471,"Intermediate"
"C-41_GTCCTCAGTCTGCAAT-1","C_1wpi","Microglia 3",-1.3149934706159,"Homeostatic"
"C-41_GTCGGGTCAGGATCGA-1","C_1wpi","Microglia 1",0.246710203180429,"DAM-like"
"C-41_GTCGTAAGTAGGGACT-1","C_1wpi","Activated Microglia B",0.584326559055582,"DAM-like"
"C-41_GTGCAGCCATTCGACA-1","C_1wpi","Microglia 2",-0.46058390182645,"Intermediate"
"C-41_GTGCATACACGGCGTT-1","C_1wpi","Microglia 2",-1.14032025249259,"Homeostatic"
"C-41_GTGTGCGAGCTAAACA-1","C_1wpi","Microglia 2",-1.01825769583623,"Homeostatic"
"C-41_GTGTTAGTCATACGGT-1","C_1wpi","Microglia 3",-0.890886277430951,"Homeostatic"
"C-41_GTTAAGCAGTTGAGAT-1","C_1wpi","Microglia 1",-0.79855125396434,"Homeostatic"
"C-41_GTTACAGCAGCCAGAA-1","C_1wpi","Microglia 3",-0.698928133754287,"Intermediate"
"C-41_GTTCATTCAGCATACT-1","C_1wpi","Microglia 2",-0.670986494255856,"Intermediate"
"C-41_GTTCATTCATTACGAC-1","C_1wpi","Microglia 3",0.439853877119657,"DAM-like"
"C-41_GTTCATTTCTCTTGAT-1","C_1wpi","Microglia 1",-1.22309935969741,"Homeostatic"
"C-41_GTTCTCGCATTCACTT-1","C_1wpi","Microglia 1",-0.937718877470124,"Homeostatic"
"C-41_TAAGCGTAGGCTAGCA-1","C_1wpi","Activated Microglia A",-0.133188562280879,"Intermediate"
"C-41_TAAGCGTGTCTTCAAG-1","C_1wpi","Activated Microglia A",0.583184119037222,"DAM-like"
"C-41_TAAGTGCGTCTAGCGC-1","C_1wpi","Microglia 3",-0.522467381618427,"Intermediate"
"C-41_TACAGTGAGCTCTCGG-1","C_1wpi","Microglia 1",0.53665426157697,"DAM-like"
"C-41_TACGGGCAGCACCGCT-1","C_1wpi","Microglia 2",0.214712732025603,"Intermediate"
"C-41_TACGGTACAGTTAACC-1","C_1wpi","Activated Microglia B",-0.634349967342248,"Intermediate"
"C-41_TACTTACGTTGGGACA-1","C_1wpi","Microglia 3",-0.0582252298039277,"Intermediate"
"C-41_TAGCCGGAGGCTACGA-1","C_1wpi","Microglia 1",-0.820933111142593,"Homeostatic"
"C-41_TAGGCATTCGCTAGCG-1","C_1wpi","Microglia 1",-0.65127899139785,"Intermediate"
"C-41_TATCAGGAGCAGGCTA-1","C_1wpi","Microglia 3",-0.0155530597749161,"Intermediate"
"C-41_TATGCCCGTTAAAGAC-1","C_1wpi","Microglia 3",0.0613751426886269,"Intermediate"
"C-41_TATTACCTCGCATGGC-1","C_1wpi","Microglia 1",-0.790549323960591,"Homeostatic"
"C-41_TCAATCTCATACTACG-1","C_1wpi","Microglia 1",-0.088807593534999,"Intermediate"
"C-41_TCAGATGCAGACACTT-1","C_1wpi","Microglia 3",0.163478831389238,"Intermediate"
"C-41_TCAGCAAAGGATATAC-1","C_1wpi","Microglia 1",-1.2952652822368,"Homeostatic"
"C-41_TCAGCTCAGCCAACAG-1","C_1wpi","Microglia 1",0.0945874732916392,"Intermediate"
"C-41_TCAGGATGTCGACTGC-1","C_1wpi","Microglia 2",-0.977131176960865,"Homeostatic"
"C-41_TCAGGATGTCTTGATG-1","C_1wpi","Microglia 3",0.53912265838951,"DAM-like"
"C-41_TCAGGTAAGACAGACC-1","C_1wpi","Activated Microglia A",-0.316819035771686,"Intermediate"
"C-41_TCATTACCATCCAACA-1","C_1wpi","Microglia 2",-0.853886310667047,"Homeostatic"
"C-41_TCATTTGCAACTGCTA-1","C_1wpi","Microglia 2",-0.910426541091196,"Homeostatic"
"C-41_TCGCGAGCAGATCTGT-1","C_1wpi","Microglia 1",-0.260896214424666,"Intermediate"
"C-41_TCGCGTTTCTCGTATT-1","C_1wpi","Microglia 3",-0.231221738866253,"Intermediate"
"C-41_TCGGTAATCAACACCA-1","C_1wpi","Microglia 3",0.279889257224941,"DAM-like"
"C-41_TCTATTGGTAAAGGAG-1","C_1wpi","Microglia 1",0.0648532048578629,"Intermediate"
"C-41_TCTCTAAAGATGCCAG-1","C_1wpi","Microglia 1",-1.65354365812306,"Homeostatic"
"C-41_TCTGAGAAGGATTCGG-1","C_1wpi","Microglia 1",-0.27364741639118,"Intermediate"
"C-41_TCTGAGAGTCGTGGCT-1","C_1wpi","Microglia 2",0.529257802731841,"DAM-like"
"C-41_TCTTTCCGTCGCATCG-1","C_1wpi","Microglia 3",0.678969414420906,"DAM-like"
"C-41_TGACGGCGTAGGACAC-1","C_1wpi","Microglia 2",-0.730296039878065,"Homeostatic"
"C-41_TGACGGCTCATGCAAC-1","C_1wpi","Microglia 2",-0.0578556076022275,"Intermediate"
"C-41_TGACTAGAGGTCGGAT-1","C_1wpi","Microglia 2",-1.28044219097163,"Homeostatic"
"C-41_TGACTTTAGACTTGAA-1","C_1wpi","Microglia 2",-0.0554385978871674,"Intermediate"
"C-41_TGCACCTGTAATAGCA-1","C_1wpi","Microglia 3",0.453934264501737,"DAM-like"
"C-41_TGCACCTGTCAGTGGA-1","C_1wpi","Microglia 2",-0.352163380409684,"Intermediate"
"C-41_TGCCCTACATGGATGG-1","C_1wpi","Microglia 1",-0.435790586547521,"Intermediate"
"C-41_TGCCCTAGTTTGACTG-1","C_1wpi","Activated Microglia B",-0.615897371094796,"Intermediate"
"C-41_TGCTACCAGCCTTGAT-1","C_1wpi","Microglia 2",0.920151181197499,"DAM-like"
"C-41_TGGACGCAGGATGTAT-1","C_1wpi","Microglia 1",-1.66276794007259,"Homeostatic"
"C-41_TGGCCAGTCATGTGGT-1","C_1wpi","Activated Microglia B",1.30437183354251,"DAM-like"
"C-41_TGGCGCAGTCAGCTAT-1","C_1wpi","Microglia 3",-0.255145531586367,"Intermediate"
"C-41_TGGGCGTGTAGAAAGG-1","C_1wpi","Microglia 1",-0.621237172538869,"Intermediate"
"C-41_TGGTTAGAGACGCAAC-1","C_1wpi","Microglia 3",-0.0854689797663148,"Intermediate"
"C-41_TGGTTAGCATGTTCCC-1","C_1wpi","Microglia 1",-1.75469056367331,"Homeostatic"
"C-41_TGGTTCCAGCGTTTAC-1","C_1wpi","Microglia 1",-0.923370186116764,"Homeostatic"
"C-41_TGTATTCAGTCGAGTG-1","C_1wpi","Microglia 2",0.273162314710995,"DAM-like"
"C-41_TGTGTTTCAACTGCTA-1","C_1wpi","Microglia 3",-0.372307305944568,"Intermediate"
"C-41_TGTGTTTTCGAGCCCA-1","C_1wpi","Microglia 1",-0.502787833742881,"Intermediate"
"C-41_TGTTCCGTCACAGTAC-1","C_1wpi","Microglia 3",0.021244974899107,"Intermediate"
"C-41_TTAACTCCAAGCTGGA-1","C_1wpi","Microglia 2",-0.150920789314918,"Intermediate"
"C-41_TTAACTCTCTATCCTA-1","C_1wpi","Microglia 1",-0.501136393012989,"Intermediate"
"C-41_TTAGTTCAGAGGACGG-1","C_1wpi","Microglia 2",1.38555643167137,"DAM-like"
"C-41_TTATGCTAGAGTAAGG-1","C_1wpi","Microglia 2",-0.0249421693578458,"Intermediate"
"C-41_TTCCCAGCATGGTCTA-1","C_1wpi","Microglia 2",1.23953685663339,"DAM-like"
"C-41_TTCGAAGTCCATTCTA-1","C_1wpi","Microglia 3",-1.23998626530757,"Homeostatic"
"C-41_TTCGAAGTCGCCTGAG-1","C_1wpi","Microglia 2",-1.80953830299257,"Homeostatic"
"C-41_TTCTACATCGCAAGCC-1","C_1wpi","Microglia 2",-1.21286623473169,"Homeostatic"
"C-41_TTCTTAGTCAATCTCT-1","C_1wpi","Microglia 3",-0.274340063271495,"Intermediate"
"C-41_TTGAACGGTGCTGTAT-1","C_1wpi","Microglia 2",0.102238886907955,"Intermediate"
"C-41_TTGGAACGTGACGCCT-1","C_1wpi","Microglia 1",-0.791165287221167,"Homeostatic"
"C-41_TTTACTGAGTATGACA-1","C_1wpi","Microglia 1",-1.68529687559464,"Homeostatic"
"C-41_TTTACTGCATCGATGT-1","C_1wpi","Microglia 3",-0.00964285491783534,"Intermediate"
"C-41_TTTACTGGTGCGATAG-1","C_1wpi","Microglia 1",-0.772065251312561,"Homeostatic"
"C-41_TTTACTGGTGTCGCTG-1","C_1wpi","Microglia 2",0.217526162758821,"Intermediate"
"C-41_TTTATGCAGCCAGTAG-1","C_1wpi","Microglia 1",-1.34666942050883,"Homeostatic"
"C-41_TTTCCTCGTTTGTTTC-1","C_1wpi","Microglia 1",0.570577036051394,"DAM-like"
"C-41_TTTGCGCGTCTGCCAG-1","C_1wpi","Microglia 2",-0.605535540775408,"Intermediate"
"C-41_TTTGTCATCAGTTTGG-1","C_1wpi","Microglia 1",-0.430238227104041,"Intermediate"
"C-42_AAACCTGAGCCACTAT-1","C_1wpi","Microglia 2",-1.21778878820638,"Homeostatic"
"C-42_AAACGGGGTACTCGCG-1","C_1wpi","Microglia 1",-0.388922355062534,"Intermediate"
"C-42_AAACGGGTCAGGTAAA-1","C_1wpi","Microglia 1",-0.168857699967093,"Intermediate"
"C-42_AAAGCAAGTAGCTAAA-1","C_1wpi","Microglia 2",0.000693714331244877,"Intermediate"
"C-42_AAAGTAGCAACGATGG-1","C_1wpi","Microglia 3",0.988017173580734,"DAM-like"
"C-42_AACCATGCAATTGCTG-1","C_1wpi","Microglia 3",0.149372405070235,"Intermediate"
"C-42_AACCATGTCTGAGTGT-1","C_1wpi","Activated Microglia A",0.583910930742889,"DAM-like"
"C-42_AACCGCGCATCCTTGC-1","C_1wpi","Microglia 3",-1.0813642299901,"Homeostatic"
"C-42_AACGTTGAGCTAACAA-1","C_1wpi","Microglia 3",-0.742561768300869,"Homeostatic"
"C-42_AACGTTGGTGCCTTGG-1","C_1wpi","Microglia 1",-0.42427906843223,"Intermediate"
"C-42_AACGTTGTCTAACTTC-1","C_1wpi","Activated Microglia B",-0.317332242087816,"Intermediate"
"C-42_AACTCTTGTTGGGACA-1","C_1wpi","Microglia 2",0.330951890073314,"DAM-like"
"C-42_AACTTTCAGAGCTGGT-1","C_1wpi","Microglia 2",-0.0913032603480941,"Intermediate"
"C-42_AACTTTCCAGAAGCAC-1","C_1wpi","Microglia 3",0.799273674496063,"DAM-like"
"C-42_AACTTTCTCGGAATCT-1","C_1wpi","Microglia 3",-0.00189717762360231,"Intermediate"
"C-42_AAGACCTGTAAGGGCT-1","C_1wpi","Microglia 3",0.259026111376058,"DAM-like"
"C-42_AAGACCTTCTTGGGTA-1","C_1wpi","Activated Microglia A",1.39930026697555,"DAM-like"
"C-42_AAGCCGCAGGACCACA-1","C_1wpi","Microglia 3",-0.132576693885774,"Intermediate"
"C-42_AAGCCGCGTACCGAGA-1","C_1wpi","Activated Microglia A",0.173457248651312,"Intermediate"
"C-42_AAGGAGCCAGAGCCAA-1","C_1wpi","Microglia 1",-1.44891579310718,"Homeostatic"
"C-42_AAGGAGCGTGCTGTAT-1","C_1wpi","Activated Microglia A",0.394341871415278,"DAM-like"
"C-42_AAGGAGCTCGTCCGTT-1","C_1wpi","Microglia 3",0.722934939612723,"DAM-like"
"C-42_AAGGCAGAGCTTCGCG-1","C_1wpi","Microglia 2",-0.296950168250518,"Intermediate"
"C-42_AAGGCAGGTCCGAACC-1","C_1wpi","Microglia 3",-0.615169337642678,"Intermediate"
"C-42_AAGGCAGTCGTTACAG-1","C_1wpi","Microglia 2",-1.89738504890838,"Homeostatic"
"C-42_AAGGTTCGTGCACGAA-1","C_1wpi","Microglia 3",-0.742127315635829,"Homeostatic"
"C-42_AAGGTTCGTTTGGGCC-1","C_1wpi","Microglia 2",0.393042596525068,"DAM-like"
"C-42_AATCCAGAGACTGGGT-1","C_1wpi","Microglia 1",-1.44195948948661,"Homeostatic"
"C-42_AATCCAGAGGATATAC-1","C_1wpi","Activated Microglia A",-0.0740542058307774,"Intermediate"
"C-42_AATCGGTAGCTAAGAT-1","C_1wpi","Microglia 3",0.868020557178456,"DAM-like"
"C-42_AATCGGTAGTCCCACG-1","C_1wpi","Microglia 2",-0.565312689969006,"Intermediate"
"C-42_AATCGGTCACCAGATT-1","C_1wpi","Microglia 3",-0.676510964617115,"Intermediate"
"C-42_ACACCAAGTGTGTGCC-1","C_1wpi","Microglia 3",-0.0137284093825495,"Intermediate"
"C-42_ACACCCTAGCTCCCAG-1","C_1wpi","Microglia 2",-0.481061719109707,"Intermediate"
"C-42_ACACCCTCAAACGTGG-1","C_1wpi","Microglia 1",-0.943300142629162,"Homeostatic"
"C-42_ACACCGGAGAGGACGG-1","C_1wpi","Microglia 3",0.94728567641442,"DAM-like"
"C-42_ACAGCCGGTCAAAGCG-1","C_1wpi","Microglia 1",0.302969179108514,"DAM-like"
"C-42_ACAGCTAAGACAGGCT-1","C_1wpi","Microglia 3",0.701535287084486,"DAM-like"
"C-42_ACAGCTACAAGCCATT-1","C_1wpi","Microglia 3",-1.7455199356656,"Homeostatic"
"C-42_ACAGCTACAGAGTGTG-1","C_1wpi","Activated Microglia B",0.602304154375274,"DAM-like"
"C-42_ACATACGAGGCCCGTT-1","C_1wpi","Microglia 1",-0.165804784857274,"Intermediate"
"C-42_ACATACGCAGCCTGTG-1","C_1wpi","Activated Microglia B",1.22631516022949,"DAM-like"
"C-42_ACATCAGAGACGCACA-1","C_1wpi","Activated Microglia A",-0.534297967795392,"Intermediate"
"C-42_ACATCAGAGCTGTCTA-1","C_1wpi","Activated Microglia A",-0.526103637948914,"Intermediate"
"C-42_ACATCAGAGTGGGCTA-1","C_1wpi","Microglia 1",-1.49324404183348,"Homeostatic"
"C-42_ACCCACTAGGTGATAT-1","C_1wpi","Activated Microglia A",0.740994941492078,"DAM-like"
"C-42_ACCTTTAAGTTTGCGT-1","C_1wpi","Activated Microglia A",0.407132105186411,"DAM-like"
"C-42_ACGAGCCCACCAGCAC-1","C_1wpi","Microglia 1",0.177926320996237,"Intermediate"
"C-42_ACGATACTCGGACAAG-1","C_1wpi","Microglia 2",-0.796454742464953,"Homeostatic"
"C-42_ACGATACTCTACTATC-1","C_1wpi","Microglia 3",-0.0580496426714578,"Intermediate"
"C-42_ACGATACTCTATCCTA-1","C_1wpi","Activated Microglia B",0.670647407406811,"DAM-like"
"C-42_ACGATGTAGCTAACTC-1","C_1wpi","Microglia 2",0.0907836363338685,"Intermediate"
"C-42_ACGCCAGGTTTAGCTG-1","C_1wpi","Microglia 2",-1.27974533907274,"Homeostatic"
"C-42_ACGCCAGTCACTTCAT-1","C_1wpi","Activated Microglia A",-0.430185642977111,"Intermediate"
"C-42_ACGGAGACATACTCTT-1","C_1wpi","Microglia 3",-0.429608468010389,"Intermediate"
"C-42_ACGGAGATCACGCATA-1","C_1wpi","Activated Microglia A",0.601718246447314,"DAM-like"
"C-42_ACGGAGATCAGCAACT-1","C_1wpi","Microglia 3",0.258145559049497,"DAM-like"
"C-42_ACGGCCAAGCAGGCTA-1","C_1wpi","Activated Microglia A",0.894411816052033,"DAM-like"
"C-42_ACGGCCAAGCTAACTC-1","C_1wpi","Microglia 3",-1.91583027679726,"Homeostatic"
"C-42_ACGGGTCCAGCGAACA-1","C_1wpi","Microglia 1",-0.649449149255305,"Intermediate"
"C-42_ACGGGTCGTCTAGGTT-1","C_1wpi","Microglia 3",-1.02568202868861,"Homeostatic"
"C-42_ACGTCAACAAGGCTCC-1","C_1wpi","Activated Microglia A",0.818934629351783,"DAM-like"
"C-42_ACGTCAAGTCCCTTGT-1","C_1wpi","Microglia 1",-0.660483487795488,"Intermediate"
"C-42_ACGTCAAGTCCGTGAC-1","C_1wpi","Activated Microglia A",0.884403898025848,"DAM-like"
"C-42_ACGTCAAGTTGAGGTG-1","C_1wpi","Microglia 3",1.23134495409272,"DAM-like"
"C-42_ACTGAACCAGGATCGA-1","C_1wpi","Microglia 3",-0.894352443726202,"Homeostatic"
"C-42_ACTGAACTCCCTAATT-1","C_1wpi","Microglia 3",0.0997873907340743,"Intermediate"
"C-42_ACTGAACTCGCGATCG-1","C_1wpi","Microglia 2",-0.576499970682711,"Intermediate"
"C-42_ACTGAGTAGGCATTGG-1","C_1wpi","Microglia 1",-1.88230605192173,"Homeostatic"
"C-42_ACTGAGTGTTCAGGCC-1","C_1wpi","Activated Microglia A",0.731603696967959,"DAM-like"
"C-42_ACTGATGTCGGTCTAA-1","C_1wpi","Microglia 2",-0.597126196231754,"Intermediate"
"C-42_ACTGCTCCAAATTGCC-1","C_1wpi","Microglia 2",-1.07432302636251,"Homeostatic"
"C-42_ACTGTCCAGAAACCGC-1","C_1wpi","Microglia 1",-0.873220770740974,"Homeostatic"
"C-42_ACTGTCCTCGACAGCC-1","C_1wpi","Microglia 3",0.293639776423978,"DAM-like"
"C-42_ACTTACTGTAGCACGA-1","C_1wpi","Microglia 3",-0.316508550517935,"Intermediate"
"C-42_ACTTTCAAGCCTCGTG-1","C_1wpi","Microglia 2",0.00258391394329283,"Intermediate"
"C-42_AGAATAGAGTCATGCT-1","C_1wpi","Microglia 3",-0.939732876275633,"Homeostatic"
"C-42_AGAATAGCAATGGAGC-1","C_1wpi","Activated Microglia B",0.214901835730356,"Intermediate"
"C-42_AGACGTTGTCTGGTCG-1","C_1wpi","Microglia 3",0.272442004327625,"DAM-like"
"C-42_AGAGCGAAGGATGGTC-1","C_1wpi","Microglia 2",-0.590203082581688,"Intermediate"
"C-42_AGAGCGAGTGACTACT-1","C_1wpi","Microglia 3",0.596650904007073,"DAM-like"
"C-42_AGAGCGATCACCTTAT-1","C_1wpi","Microglia 3",0.264892407748357,"DAM-like"
"C-42_AGAGCTTAGGTTACCT-1","C_1wpi","Activated Microglia B",-0.608487913381126,"Intermediate"
"C-42_AGAGCTTAGTCATGCT-1","C_1wpi","Microglia 1",-2.17997107643463,"Homeostatic"
"C-42_AGAGTGGAGTTCGATC-1","C_1wpi","Microglia 3",-0.140663311371731,"Intermediate"
"C-42_AGAGTGGTCGATAGAA-1","C_1wpi","Microglia 3",0.155483237244967,"Intermediate"
"C-42_AGATTGCAGTTGTAGA-1","C_1wpi","Microglia 1",-0.322295900919661,"Intermediate"
"C-42_AGATTGCCAGGACCCT-1","C_1wpi","Activated Microglia B",0.240098227156877,"DAM-like"
"C-42_AGCAGCCTCAACACTG-1","C_1wpi","Microglia 3",-0.282743429681626,"Intermediate"
"C-42_AGCATACCAACCGCCA-1","C_1wpi","Microglia 2",0.466272202907799,"DAM-like"
"C-42_AGCCTAATCACAGGCC-1","C_1wpi","Microglia 2",-0.14312480700059,"Intermediate"
"C-42_AGCGGTCCAGGGCATA-1","C_1wpi","Microglia 2",-0.790272489067005,"Homeostatic"
"C-42_AGCGTATAGACAAAGG-1","C_1wpi","Microglia 1",-0.302019621927133,"Intermediate"
"C-42_AGCGTATAGCCTTGAT-1","C_1wpi","Microglia 3",-0.375580179827295,"Intermediate"
"C-42_AGCGTATCAAAGGAAG-1","C_1wpi","Microglia 1",-1.01770276660376,"Homeostatic"
"C-42_AGCGTATCAGACGTAG-1","C_1wpi","Microglia 1",-2.85032606723753,"Homeostatic"
"C-42_AGCGTATTCTATCCTA-1","C_1wpi","Microglia 1",-0.199176554234105,"Intermediate"
"C-42_AGCGTCGGTACCGGCT-1","C_1wpi","Activated Microglia A",-0.84769891580236,"Homeostatic"
"C-42_AGCTCCTAGCACCGCT-1","C_1wpi","Microglia 3",-1.20290886294749,"Homeostatic"
"C-42_AGCTCCTGTTGCTCCT-1","C_1wpi","Microglia 2",0.104748386123767,"Intermediate"
"C-42_AGCTCTCCACGAAATA-1","C_1wpi","Activated Microglia B",0.334624174484595,"DAM-like"
"C-42_AGGCCACCACAACGTT-1","C_1wpi","Microglia 2",-0.0827123448829932,"Intermediate"
"C-42_AGGCCGTTCGCATGAT-1","C_1wpi","Microglia 3",0.740584679983922,"DAM-like"
"C-42_AGGGATGAGCTTCGCG-1","C_1wpi","Microglia 2",0.160643562941441,"Intermediate"
"C-42_AGGGATGAGGACTGGT-1","C_1wpi","Microglia 3",-0.917458675712526,"Homeostatic"
"C-42_AGGGATGAGGCTCAGA-1","C_1wpi","Microglia 1",-1.28840343893393,"Homeostatic"
"C-42_AGGGATGCACATTTCT-1","C_1wpi","Microglia 3",0.188896172301935,"Intermediate"
"C-42_AGGGATGCATGAGCGA-1","C_1wpi","Microglia 1",-1.30846917413334,"Homeostatic"
"C-42_AGGGATGTCCTGCAGG-1","C_1wpi","Microglia 1",0.422946350457525,"DAM-like"
"C-42_AGGGATGTCTCGTTTA-1","C_1wpi","Microglia 1",-1.7815905830219,"Homeostatic"
"C-42_AGGGTGAAGAGGTAGA-1","C_1wpi","Microglia 2",-0.652208716525065,"Intermediate"
"C-42_AGGTCCGTCTTGGGTA-1","C_1wpi","Microglia 2",-1.02059769818504,"Homeostatic"
"C-42_AGTAGTCAGGATCGCA-1","C_1wpi","Microglia 3",0.277535177976973,"DAM-like"
"C-42_AGTAGTCGTACATCCA-1","C_1wpi","Microglia 2",0.123472573280548,"Intermediate"
"C-42_AGTAGTCGTAGTACCT-1","C_1wpi","Microglia 2",-0.215347064736879,"Intermediate"
"C-42_AGTAGTCTCGGTGTTA-1","C_1wpi","Activated Microglia A",1.38152234836652,"DAM-like"
"C-42_AGTAGTCTCTTAACCT-1","C_1wpi","Microglia 3",-0.523026626210374,"Intermediate"
"C-42_AGTCTTTCACATTTCT-1","C_1wpi","Microglia 1",-0.953134592524062,"Homeostatic"
"C-42_AGTCTTTTCAGCGATT-1","C_1wpi","Microglia 2",-0.635640922528868,"Intermediate"
"C-42_AGTGAGGAGATTACCC-1","C_1wpi","Microglia 2",-0.071019025002105,"Intermediate"
"C-42_AGTGAGGAGTCTCAAC-1","C_1wpi","Activated Microglia A",-0.329998833589101,"Intermediate"
"C-42_AGTGGGAGTAGAGCTG-1","C_1wpi","Activated Microglia A",0.953303425494284,"DAM-like"
"C-42_AGTGGGAGTTCGCTAA-1","C_1wpi","Activated Microglia A",1.00713605935474,"DAM-like"
"C-42_AGTTGGTAGTGAATTG-1","C_1wpi","Activated Microglia A",-0.287680350549565,"Intermediate"
"C-42_ATAACGCAGGGTTCCC-1","C_1wpi","Microglia 3",0.182641627253487,"Intermediate"
"C-42_ATAACGCGTCTTGTCC-1","C_1wpi","Microglia 1",-1.63999527910788,"Homeostatic"
"C-42_ATAACGCTCTACTTAC-1","C_1wpi","Microglia 1",-0.303916552113232,"Intermediate"
"C-42_ATAAGAGAGACTAGGC-1","C_1wpi","Microglia 2",0.223641615700569,"Intermediate"
"C-42_ATAGACCTCGCGTAGC-1","C_1wpi","Microglia 2",-1.21714522208372,"Homeostatic"
"C-42_ATAGACCTCTCAAACG-1","C_1wpi","Activated Microglia A",0.695854453948792,"DAM-like"
"C-42_ATCACGATCAACGCTA-1","C_1wpi","Microglia 1",-1.05913990237727,"Homeostatic"
"C-42_ATCATCTGTGTGCCTG-1","C_1wpi","Microglia 3",0.0683215630602545,"Intermediate"
"C-42_ATCATCTTCTTGCAAG-1","C_1wpi","Activated Microglia B",0.185350394956732,"Intermediate"
"C-42_ATCCGAATCCGTAGTA-1","C_1wpi","Microglia 3",-1.32404646275943,"Homeostatic"
"C-42_ATCGAGTTCACTATTC-1","C_1wpi","Microglia 2",0.451969872102711,"DAM-like"
"C-42_ATCTACTAGCCTCGTG-1","C_1wpi","Microglia 1",0.621234902487551,"DAM-like"
"C-42_ATCTGCCCAATGTTGC-1","C_1wpi","Microglia 1",-0.96499210693719,"Homeostatic"
"C-42_ATGAGGGAGCTAGTGG-1","C_1wpi","Microglia 2",-1.01434285725776,"Homeostatic"
"C-42_ATGAGGGGTGGGTCAA-1","C_1wpi","Microglia 1",-0.468206283022366,"Intermediate"
"C-42_ATGCGATTCCAGTAGT-1","C_1wpi","Microglia 1",-0.110742227625112,"Intermediate"
"C-42_ATGGGAGAGTCGTACT-1","C_1wpi","Activated Microglia B",0.311830249663554,"DAM-like"
"C-42_ATGGGAGCAAACCCAT-1","C_1wpi","Microglia 2",0.440026748729683,"DAM-like"
"C-42_ATGGGAGCACGTAAGG-1","C_1wpi","Microglia 2",-1.27746635360112,"Homeostatic"
"C-42_ATGGGAGTCATCGCTC-1","C_1wpi","Microglia 3",-0.612361716739546,"Intermediate"
"C-42_ATGGGAGTCTGGTGTA-1","C_1wpi","Microglia 3",0.171763670234517,"Intermediate"
"C-42_ATGTGTGAGTGTGGCA-1","C_1wpi","Microglia 3",0.0490664109086936,"Intermediate"
"C-42_ATGTGTGTCCTTTCTC-1","C_1wpi","Microglia 2",0.328349422857651,"DAM-like"
"C-42_ATTACTCAGTGGGATC-1","C_1wpi","Activated Microglia A",0.644074518550716,"DAM-like"
"C-42_ATTATCCGTATATGAG-1","C_1wpi","Activated Microglia A",0.562410478036437,"DAM-like"
"C-42_ATTATCCTCGCAAACT-1","C_1wpi","Microglia 3",-1.22264677297817,"Homeostatic"
"C-42_ATTCTACAGAGTGACC-1","C_1wpi","Microglia 3",0.189967634152763,"Intermediate"
"C-42_ATTCTACCAAGCGTAG-1","C_1wpi","Activated Microglia A",0.995436187240433,"DAM-like"
"C-42_ATTCTACGTTATCCGA-1","C_1wpi","Microglia 1",-0.695097708763476,"Intermediate"
"C-42_ATTCTACGTTCAGGCC-1","C_1wpi","Microglia 3",0.934245073235353,"DAM-like"
"C-42_ATTGGACAGTGAACAT-1","C_1wpi","Microglia 2",0.845249357903321,"DAM-like"
"C-42_ATTGGACAGTTAGGTA-1","C_1wpi","Activated Microglia A",0.940207004212708,"DAM-like"
"C-42_ATTGGTGTCGCTTGTC-1","C_1wpi","Activated Microglia A",0.183702428500909,"Intermediate"
"C-42_ATTGGTGTCTGATTCT-1","C_1wpi","Microglia 3",-0.676421414445934,"Intermediate"
"C-42_ATTTCTGAGGTGCTAG-1","C_1wpi","Activated Microglia A",1.15070345963859,"DAM-like"
"C-42_ATTTCTGTCAGGCAAG-1","C_1wpi","Activated Microglia A",0.35298763369456,"DAM-like"
"C-42_ATTTCTGTCTACTTAC-1","C_1wpi","Microglia 2",-0.55285542013243,"Intermediate"
"C-42_CAACTAGGTACGCACC-1","C_1wpi","Microglia 2",0.431723640163683,"DAM-like"
"C-42_CAACTAGGTGTGCCTG-1","C_1wpi","Microglia 2",-1.42225505796642,"Homeostatic"
"C-42_CAAGAAAAGTGGGATC-1","C_1wpi","Microglia 3",0.443472292412984,"DAM-like"
"C-42_CAAGAAACACTACAGT-1","C_1wpi","Activated Microglia A",1.05049249306862,"DAM-like"
"C-42_CAAGATCAGATATACG-1","C_1wpi","Microglia 3",-0.58075766493565,"Intermediate"
"C-42_CAAGATCGTATGAAAC-1","C_1wpi","Microglia 3",0.051481816898222,"Intermediate"
"C-42_CAAGGCCCAAGCCGTC-1","C_1wpi","Microglia 1",-0.420205258563929,"Intermediate"
"C-42_CAAGTTGTCTGGCGAC-1","C_1wpi","Microglia 3",-0.568088033469672,"Intermediate"
"C-42_CACAAACAGCTACCTA-1","C_1wpi","Microglia 1",-1.10389069485893,"Homeostatic"
"C-42_CACAAACTCCCGGATG-1","C_1wpi","Activated Microglia A",0.97528979332887,"DAM-like"
"C-42_CACACAAGTCTAAAGA-1","C_1wpi","Activated Microglia A",0.611425002381134,"DAM-like"
"C-42_CACACCTGTGCCTGCA-1","C_1wpi","Microglia 2",0.541078292486415,"DAM-like"
"C-42_CACACTCCAATGGAAT-1","C_1wpi","Microglia 3",0.0951886598459197,"Intermediate"
"C-42_CACATAGAGCCAGGAT-1","C_1wpi","Microglia 2",-0.0699536695069112,"Intermediate"
"C-42_CACATAGCATGCAATC-1","C_1wpi","Microglia 2",-0.354856410597711,"Intermediate"
"C-42_CACATTTGTCAGATAA-1","C_1wpi","Activated Microglia B",0.0714413151248814,"Intermediate"
"C-42_CACCACTGTTCAGCGC-1","C_1wpi","Microglia 1",-0.335410795800584,"Intermediate"
"C-42_CACCAGGAGCTGTTCA-1","C_1wpi","Microglia 2",-0.9299499215598,"Homeostatic"
"C-42_CACCAGGAGGACATTA-1","C_1wpi","Activated Microglia A",0.551331185646726,"DAM-like"
"C-42_CACCTTGCAGCGTCCA-1","C_1wpi","Microglia 2",0.0188102939283026,"Intermediate"
"C-42_CACCTTGTCCATGCTC-1","C_1wpi","Microglia 2",-1.08944876985239,"Homeostatic"
"C-42_CAGAATCAGTACGCCC-1","C_1wpi","Activated Microglia A",0.515624446235544,"DAM-like"
"C-42_CAGAGAGGTCTTCAAG-1","C_1wpi","Microglia 2",1.00441374865806,"DAM-like"
"C-42_CAGAGAGGTGTAACGG-1","C_1wpi","Microglia 2",-0.146077722178227,"Intermediate"
"C-42_CAGAGAGTCTACGAGT-1","C_1wpi","Microglia 2",-1.73978196951825,"Homeostatic"
"C-42_CAGATCACACGTTGGC-1","C_1wpi","Activated Microglia A",2.46860951014232,"DAM-like"
"C-42_CAGATCAGTCAGCTAT-1","C_1wpi","Microglia 3",-0.481443697608106,"Intermediate"
"C-42_CAGCAGCCACATGTGT-1","C_1wpi","Microglia 2",-0.759351906972672,"Homeostatic"
"C-42_CAGCAGCGTTCAGTAC-1","C_1wpi","Microglia 1",-1.44871295544469,"Homeostatic"
"C-42_CAGCATATCCGCAAGC-1","C_1wpi","Microglia 2",-0.339093981492521,"Intermediate"
"C-42_CAGCCGAAGGAATGGA-1","C_1wpi","Microglia 2",0.109333325839128,"Intermediate"
"C-42_CAGCGACAGCCATCGC-1","C_1wpi","Microglia 2",-0.532542364284569,"Intermediate"
"C-42_CAGCGACTCCCTAACC-1","C_1wpi","Microglia 1",0.0366129947254641,"Intermediate"
"C-42_CAGCTGGGTACCGCTG-1","C_1wpi","Microglia 1",-0.288634134448194,"Intermediate"
"C-42_CAGCTGGTCCGCATAA-1","C_1wpi","Microglia 3",-1.22813274761815,"Homeostatic"
"C-42_CAGGTGCGTGCCTGTG-1","C_1wpi","Microglia 2",-0.854474213599677,"Homeostatic"
"C-42_CAGTAACCAATCGAAA-1","C_1wpi","Microglia 1",-0.457586022614118,"Intermediate"
"C-42_CAGTAACGTTCTGTTT-1","C_1wpi","Activated Microglia B",-0.312307898128339,"Intermediate"
"C-42_CAGTAACTCTGAGGGA-1","C_1wpi","Microglia 2",-0.832689045070275,"Homeostatic"
"C-42_CATATGGTCGGCTTGG-1","C_1wpi","Microglia 3",-1.42310639255561,"Homeostatic"
"C-42_CATATTCAGAGGTTAT-1","C_1wpi","Microglia 2",-0.874269318046146,"Homeostatic"
"C-42_CATATTCCAAGAAAGG-1","C_1wpi","Microglia 3",-1.03954130728249,"Homeostatic"
"C-42_CATATTCCACGGTTTA-1","C_1wpi","Microglia 3",0.721724449617645,"DAM-like"
"C-42_CATATTCGTTGTGGAG-1","C_1wpi","Microglia 2",-0.285473557093709,"Intermediate"
"C-42_CATCAAGCACCAGGTC-1","C_1wpi","Microglia 2",-1.60230998434805,"Homeostatic"
"C-42_CATCAAGCATGTAAGA-1","C_1wpi","Microglia 2",-0.929344576849751,"Homeostatic"
"C-42_CATCAAGGTTGAGGTG-1","C_1wpi","Microglia 3",0.285715003955573,"DAM-like"
"C-42_CATCAGAGTATATGAG-1","C_1wpi","Microglia 1",-0.48657659893017,"Intermediate"
"C-42_CATCAGATCACGACTA-1","C_1wpi","Microglia 1",-0.105491817006564,"Intermediate"
"C-42_CATCCACCACGAAAGC-1","C_1wpi","Activated Microglia B",0.903097016286961,"DAM-like"
"C-42_CATCCACGTCTCCATC-1","C_1wpi","Microglia 2",-1.06945210872573,"Homeostatic"
"C-42_CATCCACTCCTTGACC-1","C_1wpi","Microglia 1",-0.398126312516291,"Intermediate"
"C-42_CATCGAAAGGTGATTA-1","C_1wpi","Microglia 3",0.281971557503088,"DAM-like"
"C-42_CATGCCTAGATCCTGT-1","C_1wpi","Microglia 1",-0.000670418817667828,"Intermediate"
"C-42_CATGGCGCATGGGAAC-1","C_1wpi","Microglia 3",0.0135074866173157,"Intermediate"
"C-42_CATTATCAGAAACGAG-1","C_1wpi","Activated Microglia A",0.581741092543883,"DAM-like"
"C-42_CATTATCCATCGTCGG-1","C_1wpi","Activated Microglia A",1.54743758553892,"DAM-like"
"C-42_CCAATCCAGCCAGTAG-1","C_1wpi","Activated Microglia A",0.51434842684068,"DAM-like"
"C-42_CCACCTAAGATTACCC-1","C_1wpi","Microglia 2",-1.17071696801724,"Homeostatic"
"C-42_CCACCTATCATATCGG-1","C_1wpi","Microglia 1",-1.94193318691868,"Homeostatic"
"C-42_CCACTACCATCCGGGT-1","C_1wpi","Microglia 3",-0.105683578580543,"Intermediate"
"C-42_CCACTACGTCGTCTTC-1","C_1wpi","Microglia 3",0.363943518823713,"DAM-like"
"C-42_CCAGCGAAGCCACGTC-1","C_1wpi","Microglia 1",0.277022580087149,"DAM-like"
"C-42_CCAGCGATCGAGCCCA-1","C_1wpi","Microglia 1",0.0846579724598424,"Intermediate"
"C-42_CCATGTCAGTAACCCT-1","C_1wpi","Activated Microglia A",0.816705464137082,"DAM-like"
"C-42_CCATGTCCACGCCAGT-1","C_1wpi","Activated Microglia B",0.520076045227581,"DAM-like"
"C-42_CCATGTCGTACCGGCT-1","C_1wpi","Microglia 2",-1.10816441336761,"Homeostatic"
"C-42_CCATGTCGTCTGGTCG-1","C_1wpi","Microglia 3",0.445780545358105,"DAM-like"
"C-42_CCCAATCAGTACATGA-1","C_1wpi","Microglia 1",0.27332902737618,"DAM-like"
"C-42_CCCATACCACGGCCAT-1","C_1wpi","Microglia 2",0.291052370163949,"DAM-like"
"C-42_CCCATACCACGGTTTA-1","C_1wpi","Activated Microglia A",0.46532139476801,"DAM-like"
"C-42_CCCTCCTAGGTGATAT-1","C_1wpi","Activated Microglia B",1.11100465659897,"DAM-like"
"C-42_CCCTCCTCATGCCTTC-1","C_1wpi","Microglia 2",0.224352713633113,"Intermediate"
"C-42_CCCTCCTTCACCATAG-1","C_1wpi","Microglia 3",-0.0642973212524613,"Intermediate"
"C-42_CCCTCCTTCGTGACAT-1","C_1wpi","Microglia 1",-0.742884812204211,"Homeostatic"
"C-42_CCGGGATAGATGTGTA-1","C_1wpi","Microglia 1",-1.59332680341589,"Homeostatic"
"C-42_CCGGGATAGTTGCAGG-1","C_1wpi","Microglia 1",-2.11779973378431,"Homeostatic"
"C-42_CCGGTAGAGAAGGTGA-1","C_1wpi","Activated Microglia B",0.648344482694821,"DAM-like"
"C-42_CCGGTAGAGCAGGCTA-1","C_1wpi","Microglia 2",-0.18865690577607,"Intermediate"
"C-42_CCGTACTAGCTTATCG-1","C_1wpi","Microglia 2",-0.0633538344902038,"Intermediate"
"C-42_CCGTACTCATCTCCCA-1","C_1wpi","Microglia 2",-0.13089472999466,"Intermediate"
"C-42_CCGTACTGTGACTACT-1","C_1wpi","Microglia 2",0.368161430652827,"DAM-like"
"C-42_CCGTACTTCAGTTTGG-1","C_1wpi","Activated Microglia A",1.98992080096125,"DAM-like"
"C-42_CCGTGGACAGCTGCAC-1","C_1wpi","Microglia 3",-0.408819345922489,"Intermediate"
"C-42_CCGTGGACAGTAAGCG-1","C_1wpi","Microglia 3",0.559104255515417,"DAM-like"
"C-42_CCGTGGAGTTCGAATC-1","C_1wpi","Activated Microglia A",0.0966913962887381,"Intermediate"
"C-42_CCGTTCAGTAATAGCA-1","C_1wpi","Activated Microglia A",0.062615508079614,"Intermediate"
"C-42_CCTACACGTTGGAGGT-1","C_1wpi","Microglia 2",0.267050288844662,"DAM-like"
"C-42_CCTACCACATGGGACA-1","C_1wpi","Microglia 3",-1.3285852602429,"Homeostatic"
"C-42_CCTAGCTGTATGGTTC-1","C_1wpi","Microglia 3",-0.322884168194191,"Intermediate"
"C-42_CCTCAGTAGCGATCCC-1","C_1wpi","Microglia 1",-0.401085507244067,"Intermediate"
"C-42_CCTCAGTCACATGTGT-1","C_1wpi","Activated Microglia A",-0.83363378572096,"Homeostatic"
"C-42_CCTCTGACAGCCTTTC-1","C_1wpi","Microglia 2",-0.680869170823374,"Intermediate"
"C-42_CCTCTGAGTCAATACC-1","C_1wpi","Microglia 3",-0.375987716414808,"Intermediate"
"C-42_CCTCTGAGTCGAATCT-1","C_1wpi","Microglia 1",-1.1055353341569,"Homeostatic"
"C-42_CCTCTGAGTGTATGGG-1","C_1wpi","Activated Microglia A",0.868698052878148,"DAM-like"
"C-42_CCTCTGAGTTGAGTTC-1","C_1wpi","Microglia 3",-0.164099183270016,"Intermediate"
"C-42_CCTTACGGTTCGGCAC-1","C_1wpi","Activated Microglia A",1.42430336804807,"DAM-like"
"C-42_CCTTCCCCAACACGCC-1","C_1wpi","Microglia 3",0.259029617588993,"DAM-like"
"C-42_CCTTCCCCACCTCGGA-1","C_1wpi","Microglia 1",-1.07209559632416,"Homeostatic"
"C-42_CCTTCGACAAGGACAC-1","C_1wpi","Microglia 2",-1.7234346421188,"Homeostatic"
"C-42_CCTTCGAGTACTTAGC-1","C_1wpi","Microglia 2",0.118130856692474,"Intermediate"
"C-42_CCTTCGATCTTCCTTC-1","C_1wpi","Microglia 3",-0.235750813289827,"Intermediate"
"C-42_CCTTTCTCACTTAACG-1","C_1wpi","Microglia 2",0.0192865030377416,"Intermediate"
"C-42_CCTTTCTTCGCCTGTT-1","C_1wpi","Microglia 3",-0.0212922911418776,"Intermediate"
"C-42_CGAACATAGATTACCC-1","C_1wpi","Microglia 3",0.0143946829977654,"Intermediate"
"C-42_CGAACATTCTGCTGTC-1","C_1wpi","Microglia 3",-0.243717058900257,"Intermediate"
"C-42_CGAATGTCACTGCCAG-1","C_1wpi","Microglia 1",-1.73288164114319,"Homeostatic"
"C-42_CGACCTTAGTTTCCTT-1","C_1wpi","Microglia 1",-0.103468937946119,"Intermediate"
"C-42_CGACTTCCAATGAATG-1","C_1wpi","Microglia 2",-0.28288503294389,"Intermediate"
"C-42_CGACTTCGTTGGAGGT-1","C_1wpi","Microglia 2",-1.20326348516393,"Homeostatic"
"C-42_CGACTTCTCTCGATGA-1","C_1wpi","Activated Microglia A",-0.0360531510490869,"Intermediate"
"C-42_CGAGCACCAGCGTCCA-1","C_1wpi","Microglia 3",-0.299597261679877,"Intermediate"
"C-42_CGAGCACGTCCCGACA-1","C_1wpi","Microglia 2",-0.453712479945501,"Intermediate"
"C-42_CGAGCACGTTTAAGCC-1","C_1wpi","Microglia 3",0.397265073485311,"DAM-like"
"C-42_CGAGCCAAGGTGATAT-1","C_1wpi","Activated Microglia B",0.382812766511642,"DAM-like"
"C-42_CGAGCCAGTGTTGAGG-1","C_1wpi","Activated Microglia B",0.389138896305693,"DAM-like"
"C-42_CGATCGGAGGGCTTCC-1","C_1wpi","Activated Microglia A",0.283634700293885,"DAM-like"
"C-42_CGATGGCCATCGACGC-1","C_1wpi","Microglia 1",-0.433741673503012,"Intermediate"
"C-42_CGATGGCTCGTACGGC-1","C_1wpi","Microglia 3",0.540840194444314,"DAM-like"
"C-42_CGATGTAGTTACAGAA-1","C_1wpi","Microglia 1",-0.317098293078435,"Intermediate"
"C-42_CGATTGATCAGCTCTC-1","C_1wpi","Microglia 2",-1.26181645358053,"Homeostatic"
"C-42_CGATTGATCCGCATAA-1","C_1wpi","Microglia 1",-0.88389293002213,"Homeostatic"
"C-42_CGATTGATCTTTACAC-1","C_1wpi","Microglia 3",-0.307621067782494,"Intermediate"
"C-42_CGCGGTAAGCGACGTA-1","C_1wpi","Microglia 1",-0.285876822535716,"Intermediate"
"C-42_CGCGTTTCACGCTTTC-1","C_1wpi","Microglia 2",0.193803615062378,"Intermediate"
"C-42_CGCTATCAGACATAAC-1","C_1wpi","Microglia 1",0.314216129962714,"DAM-like"
"C-42_CGCTATCAGGTTCCTA-1","C_1wpi","Activated Microglia A",0.609883877396686,"DAM-like"
"C-42_CGCTATCGTGTTGGGA-1","C_1wpi","Microglia 3",-0.112138549297559,"Intermediate"
"C-42_CGCTATCTCAGCATGT-1","C_1wpi","Microglia 2",-0.846236646412348,"Homeostatic"
"C-42_CGCTGGAGTGTCGCTG-1","C_1wpi","Microglia 1",0.177648788571036,"Intermediate"
"C-42_CGCTTCATCGGCTTGG-1","C_1wpi","Activated Microglia A",0.765197664088072,"DAM-like"
"C-42_CGGACACCAAGAAAGG-1","C_1wpi","Microglia 1",-0.207636795949648,"Intermediate"
"C-42_CGGACGTGTAAACACA-1","C_1wpi","Activated Microglia A",1.33524874254968,"DAM-like"
"C-42_CGGAGCTCAGTCGATT-1","C_1wpi","Activated Microglia A",0.259916719004482,"DAM-like"
"C-42_CGGAGCTGTCAATACC-1","C_1wpi","Activated Microglia B",0.560920502778793,"DAM-like"
"C-42_CGGAGCTGTCGCATAT-1","C_1wpi","Microglia 1",-1.76257104873845,"Homeostatic"
"C-42_CGGAGCTGTTTGGCGC-1","C_1wpi","Microglia 1",0.0192932808780006,"Intermediate"
"C-42_CGGAGTCAGATATGGT-1","C_1wpi","Microglia 3",-0.440085014434443,"Intermediate"
"C-42_CGGAGTCCAGCTCGAC-1","C_1wpi","Microglia 1",0.618797061603632,"DAM-like"
"C-42_CGGAGTCGTAGCGCTC-1","C_1wpi","Microglia 2",0.165061532494786,"Intermediate"
"C-42_CGGAGTCGTCGCCATG-1","C_1wpi","Microglia 3",-0.163121307030569,"Intermediate"
"C-42_CGGAGTCGTTATGCGT-1","C_1wpi","Microglia 3",0.211202097712462,"Intermediate"
"C-42_CGGCTAGCATGTCCTC-1","C_1wpi","Activated Microglia B",-0.150375430094872,"Intermediate"
"C-42_CGGCTAGTCCTAGAAC-1","C_1wpi","Microglia 2",-1.07990000218127,"Homeostatic"
"C-42_CGGGTCAAGTCCATAC-1","C_1wpi","Microglia 3",-0.564874183014492,"Intermediate"
"C-42_CGGGTCACAGGTCTCG-1","C_1wpi","Activated Microglia A",-0.0430300579564591,"Intermediate"
"C-42_CGTAGCGCAACGCACC-1","C_1wpi","Microglia 2",0.197581136045015,"Intermediate"
"C-42_CGTAGGCAGAGGACGG-1","C_1wpi","Microglia 2",-1.40955314690198,"Homeostatic"
"C-42_CGTAGGCAGAGTTGGC-1","C_1wpi","Microglia 1",-0.0581116179973782,"Intermediate"
"C-42_CGTAGGCAGCTGATAA-1","C_1wpi","Microglia 3",0.0109984311735463,"Intermediate"
"C-42_CGTAGGCCAGGTGCCT-1","C_1wpi","Microglia 1",-0.835302500364926,"Homeostatic"
"C-42_CGTAGGCCATACTCTT-1","C_1wpi","Microglia 3",-1.09403936776882,"Homeostatic"
"C-42_CGTCCATGTTTGACAC-1","C_1wpi","Activated Microglia B",0.904192792461265,"DAM-like"
"C-42_CGTCCATTCGCTAGCG-1","C_1wpi","Activated Microglia A",0.455089641359668,"DAM-like"
"C-42_CGTCTACCACCCTATC-1","C_1wpi","Microglia 3",-0.0366394162513408,"Intermediate"
"C-42_CGTGAGCAGGCTAGAC-1","C_1wpi","Microglia 3",-0.581876515936039,"Intermediate"
"C-42_CGTGAGCAGTGACATA-1","C_1wpi","Microglia 3",0.167307404392635,"Intermediate"
"C-42_CGTTCTGGTGCAGACA-1","C_1wpi","Microglia 3",-0.692424350203447,"Intermediate"
"C-42_CGTTGGGCAAGCCGCT-1","C_1wpi","Microglia 3",-0.158063069103622,"Intermediate"
"C-42_CGTTGGGGTTCGCTAA-1","C_1wpi","Activated Microglia A",-0.263990006679376,"Intermediate"
"C-42_CGTTGGGGTTCTGGTA-1","C_1wpi","Activated Microglia A",1.41253536214615,"DAM-like"
"C-42_CTACACCTCTCTGAGA-1","C_1wpi","Microglia 1",-0.56621201427478,"Intermediate"
"C-42_CTACCCAAGCGATTCT-1","C_1wpi","Microglia 2",-0.32123483229514,"Intermediate"
"C-42_CTACCCACACCGTTGG-1","C_1wpi","Microglia 2",-0.508722295463309,"Intermediate"
"C-42_CTACCCACAGATCCAT-1","C_1wpi","Microglia 1",-0.907132681821968,"Homeostatic"
"C-42_CTACCCAGTCAACTGT-1","C_1wpi","Microglia 2",0.43749031387908,"DAM-like"
"C-42_CTACGTCAGCCGCCTA-1","C_1wpi","Microglia 2",-0.170729281949619,"Intermediate"
"C-42_CTACGTCTCCGCAAGC-1","C_1wpi","Microglia 2",-0.138336660097564,"Intermediate"
"C-42_CTACGTCTCTCTTATG-1","C_1wpi","Microglia 3",1.02623364217725,"DAM-like"
"C-42_CTAGAGTAGGTTCCTA-1","C_1wpi","Microglia 2",-0.444269230937466,"Intermediate"
"C-42_CTAGCCTAGACCTAGG-1","C_1wpi","Activated Microglia A",0.307406116215466,"DAM-like"
"C-42_CTAGCCTAGTGACATA-1","C_1wpi","Microglia 3",0.264379147775682,"DAM-like"
"C-42_CTAGCCTGTACCGTTA-1","C_1wpi","Microglia 1",0.563326195482934,"DAM-like"
"C-42_CTAGCCTTCGTCTGAA-1","C_1wpi","Microglia 3",-0.835197271943412,"Homeostatic"
"C-42_CTAGTGAAGGGATCTG-1","C_1wpi","Microglia 3",0.736411838846878,"DAM-like"
"C-42_CTCACACCAGATAATG-1","C_1wpi","Microglia 1",-0.976578614701839,"Homeostatic"
"C-42_CTCACACGTGCGCTTG-1","C_1wpi","Microglia 1",-0.248730918788671,"Intermediate"
"C-42_CTCACACTCGAGAGCA-1","C_1wpi","Activated Microglia A",-0.225403593368919,"Intermediate"
"C-42_CTCAGAAGTCACCCAG-1","C_1wpi","Activated Microglia A",2.16510456339815,"DAM-like"
"C-42_CTCATTACACGTAAGG-1","C_1wpi","Microglia 3",-0.142268046058589,"Intermediate"
"C-42_CTCATTACAGGGATTG-1","C_1wpi","Microglia 2",-1.41716927454772,"Homeostatic"
"C-42_CTCATTATCGCATGAT-1","C_1wpi","Microglia 2",-1.56662646843091,"Homeostatic"
"C-42_CTCCTAGAGCTTCGCG-1","C_1wpi","Microglia 2",-2.63238069348618,"Homeostatic"
"C-42_CTCCTAGAGTGGACGT-1","C_1wpi","Microglia 3",-0.833887042293434,"Homeostatic"
"C-42_CTCCTAGGTAGCTAAA-1","C_1wpi","Activated Microglia A",0.937101075566531,"DAM-like"
"C-42_CTCGAAAAGTCAAGGC-1","C_1wpi","Microglia 2",-1.41986714177747,"Homeostatic"
"C-42_CTCGAAAGTGAGGCTA-1","C_1wpi","Microglia 3",0.510482241544637,"DAM-like"
"C-42_CTCGAAATCAGAAATG-1","C_1wpi","Activated Microglia B",1.44003489705426,"DAM-like"
"C-42_CTCGAGGAGACCTAGG-1","C_1wpi","Activated Microglia A",1.19895864979825,"DAM-like"
"C-42_CTCGAGGCATTGTGCA-1","C_1wpi","Microglia 3",-0.0480168974664286,"Intermediate"
"C-42_CTCGGAGAGACATAAC-1","C_1wpi","Microglia 1",-0.701471176608347,"Intermediate"
"C-42_CTCGGGAAGGCTATCT-1","C_1wpi","Microglia 3",-0.236326982857962,"Intermediate"
"C-42_CTCGGGAGTACCGTTA-1","C_1wpi","Microglia 2",1.28259797751771,"DAM-like"
"C-42_CTCGGGAGTCAGTGGA-1","C_1wpi","Microglia 3",-0.141413347802268,"Intermediate"
"C-42_CTCGTCAGTTCCGGCA-1","C_1wpi","Activated Microglia B",-0.0518079436743,"Intermediate"
"C-42_CTCTACGCACTTACGA-1","C_1wpi","Microglia 1",-0.764956148088866,"Homeostatic"
"C-42_CTCTGGTTCCCTTGTG-1","C_1wpi","Activated Microglia A",-1.23905976245141,"Homeostatic"
"C-42_CTGAAGTTCAAACCAC-1","C_1wpi","Activated Microglia A",0.455226671233506,"DAM-like"
"C-42_CTGAAGTTCCACGACG-1","C_1wpi","Microglia 2",-0.108005112714498,"Intermediate"
"C-42_CTGATAGCACTGTCGG-1","C_1wpi","Microglia 3",-0.0857876122586232,"Intermediate"
"C-42_CTGATAGTCGGGAGTA-1","C_1wpi","Microglia 2",-0.72364434561843,"Homeostatic"
"C-42_CTGATCCCACAAGTAA-1","C_1wpi","Microglia 2",-0.901917548695534,"Homeostatic"
"C-42_CTGATCCCACTTACGA-1","C_1wpi","Microglia 1",-1.40217799331866,"Homeostatic"
"C-42_CTGCGGACAATGGAGC-1","C_1wpi","Activated Microglia A",0.589234681571232,"DAM-like"
"C-42_CTGCGGATCCGTCAAA-1","C_1wpi","Activated Microglia A",1.8772398271494,"DAM-like"
"C-42_CTGCGGATCGTATCAG-1","C_1wpi","Microglia 3",-0.119133322613463,"Intermediate"
"C-42_CTGGTCTAGTCATCCA-1","C_1wpi","Microglia 1",-2.2577220876177,"Homeostatic"
"C-42_CTGGTCTTCACATACG-1","C_1wpi","Activated Microglia A",0.728906055960908,"DAM-like"
"C-42_CTGTTTACAAGGTTCT-1","C_1wpi","Microglia 3",-0.0307546490031847,"Intermediate"
"C-42_CTGTTTATCACAAACC-1","C_1wpi","Microglia 2",-1.03476375704325,"Homeostatic"
"C-42_CTGTTTATCGCATGAT-1","C_1wpi","Microglia 3",-0.543922820221728,"Intermediate"
"C-42_CTTAACTCAAGCCCAC-1","C_1wpi","Activated Microglia B",-0.350367646410015,"Intermediate"
"C-42_CTTACCGTCGGACAAG-1","C_1wpi","Microglia 3",-1.31996144387714,"Homeostatic"
"C-42_CTTGGCTCATGTAGTC-1","C_1wpi","Microglia 1",-0.305166217493884,"Intermediate"
"C-42_CTTGGCTGTCTTCAAG-1","C_1wpi","Microglia 1",-1.2097442028485,"Homeostatic"
"C-42_CTTGGCTTCCATGCTC-1","C_1wpi","Activated Microglia A",0.619287603745655,"DAM-like"
"C-42_CTTTGCGAGGTGCTTT-1","C_1wpi","Microglia 3",-0.535382840262291,"Intermediate"
"C-42_GAAATGAGTTACGCGC-1","C_1wpi","Microglia 3",-0.226299067445034,"Intermediate"
"C-42_GAACCTATCTGTCAAG-1","C_1wpi","Activated Microglia A",0.991214456328434,"DAM-like"
"C-42_GAACCTATCTTGTATC-1","C_1wpi","Microglia 1",-1.1906725474865,"Homeostatic"
"C-42_GAACGGATCTCGTTTA-1","C_1wpi","Microglia 2",-0.748113887657155,"Homeostatic"
"C-42_GAAGCAGAGCGATAGC-1","C_1wpi","Activated Microglia A",1.03723302069386,"DAM-like"
"C-42_GAAGCAGAGGTGGGTT-1","C_1wpi","Microglia 2",-0.496424803427209,"Intermediate"
"C-42_GAATAAGCAGAAGCAC-1","C_1wpi","Activated Microglia A",0.367859236158046,"DAM-like"
"C-42_GACACGCAGTCCGGTC-1","C_1wpi","Microglia 3",0.673673226562211,"DAM-like"
"C-42_GACACGCTCAGCGACC-1","C_1wpi","Activated Microglia A",-0.357350808639122,"Intermediate"
"C-42_GACACGCTCGTTACGA-1","C_1wpi","Microglia 2",-0.531829312137605,"Intermediate"
"C-42_GACCAATAGCCGCCTA-1","C_1wpi","Microglia 1",-0.279234219031714,"Intermediate"
"C-42_GACCTGGCAGTTAACC-1","C_1wpi","Microglia 1",0.0747749910188059,"Intermediate"
"C-42_GACGCGTCAGGTTTCA-1","C_1wpi","Microglia 1",0.0459503302812445,"Intermediate"
"C-42_GACGCGTCAGTAAGCG-1","C_1wpi","Activated Microglia B",1.21445109317209,"DAM-like"
"C-42_GACGCGTTCGTGGTCG-1","C_1wpi","Activated Microglia A",1.09665405013163,"DAM-like"
"C-42_GACGGCTAGCCAACAG-1","C_1wpi","Microglia 3",-0.472354638538401,"Intermediate"
"C-42_GACGGCTGTAGCTCCG-1","C_1wpi","Microglia 3",0.551566991809992,"DAM-like"
"C-42_GACGGCTTCACGACTA-1","C_1wpi","Activated Microglia A",0.853551929244423,"DAM-like"
"C-42_GACGGCTTCTCGTATT-1","C_1wpi","Activated Microglia A",0.574993108424517,"DAM-like"
"C-42_GACGTGCGTGATAAAC-1","C_1wpi","Microglia 2",-1.30173701561898,"Homeostatic"
"C-42_GACTAACCATGCCACG-1","C_1wpi","Activated Microglia B",-0.615269158311992,"Intermediate"
"C-42_GACTACAAGACTTGAA-1","C_1wpi","Microglia 3",0.81982301030366,"DAM-like"
"C-42_GACTACACATCCGGGT-1","C_1wpi","Microglia 3",-0.862950848154628,"Homeostatic"
"C-42_GACTGCGGTGCCTGGT-1","C_1wpi","Microglia 2",-0.457556736970157,"Intermediate"
"C-42_GAGGTGAAGTTACCCA-1","C_1wpi","Microglia 3",0.121143130515532,"Intermediate"
"C-42_GAGGTGACAGTCGATT-1","C_1wpi","Microglia 2",-0.314361118331161,"Intermediate"
"C-42_GAGTCCGGTTCCATGA-1","C_1wpi","Microglia 3",0.582655102774618,"DAM-like"
"C-42_GATCAGTAGGCCCGTT-1","C_1wpi","Microglia 3",-0.0909810338213857,"Intermediate"
"C-42_GATCAGTTCAGAGACG-1","C_1wpi","Microglia 1",-1.30824150441266,"Homeostatic"
"C-42_GATCGATCAAGCGTAG-1","C_1wpi","Activated Microglia B",0.784553324137405,"DAM-like"
"C-42_GATCGTACACGTCTCT-1","C_1wpi","Microglia 3",-0.627219805322246,"Intermediate"
"C-42_GATCGTAGTACACCGC-1","C_1wpi","Microglia 2",0.731124174145563,"DAM-like"
"C-42_GATCGTAGTCCAGTGC-1","C_1wpi","Microglia 2",0.143154894967718,"Intermediate"
"C-42_GATCGTATCTATCCCG-1","C_1wpi","Microglia 3",-0.97225437900477,"Homeostatic"
"C-42_GATGAGGAGAAGGACA-1","C_1wpi","Activated Microglia A",0.620460812116821,"DAM-like"
"C-42_GATGAGGCATGTCCTC-1","C_1wpi","Microglia 2",-0.621969495392518,"Intermediate"
"C-42_GATGCTAGTCTTGCGG-1","C_1wpi","Microglia 3",0.680144793418213,"DAM-like"
"C-42_GATGCTATCGAACGGA-1","C_1wpi","Microglia 1",-0.130401867032405,"Intermediate"
"C-42_GATGCTATCGTCACGG-1","C_1wpi","Microglia 1",-1.16250306447292,"Homeostatic"
"C-42_GCAAACTAGGATCGCA-1","C_1wpi","Microglia 1",-1.11725174997696,"Homeostatic"
"C-42_GCAAACTGTGCAGGTA-1","C_1wpi","Activated Microglia A",0.667402291745779,"DAM-like"
"C-42_GCAAACTGTGTCCTCT-1","C_1wpi","Microglia 3",0.00482374807718244,"Intermediate"
"C-42_GCAAACTGTTGCCTCT-1","C_1wpi","Microglia 3",-0.682444225018143,"Intermediate"
"C-42_GCAATCAAGTGGTCCC-1","C_1wpi","Microglia 3",0.1057833389772,"Intermediate"
"C-42_GCACTCTCACACAGAG-1","C_1wpi","Microglia 3",-0.530951230736535,"Intermediate"
"C-42_GCACTCTCACTGTGTA-1","C_1wpi","Microglia 2",-0.353949549030369,"Intermediate"
"C-42_GCACTCTGTTCTCATT-1","C_1wpi","Activated Microglia B",-0.0134176493938518,"Intermediate"
"C-42_GCAGCCAGTTACGTCA-1","C_1wpi","Microglia 1",-1.22354477534285,"Homeostatic"
"C-42_GCAGCCATCCGTCATC-1","C_1wpi","Activated Microglia A",1.60182738198356,"DAM-like"
"C-42_GCAGTTACACCGCTAG-1","C_1wpi","Microglia 3",-1.49113876508886,"Homeostatic"
"C-42_GCAGTTACATCTCCCA-1","C_1wpi","Microglia 3",-0.507307955881048,"Intermediate"
"C-42_GCAGTTAGTAGCGTCC-1","C_1wpi","Microglia 2",0.825288905144934,"DAM-like"
"C-42_GCAGTTAGTCAAAGCG-1","C_1wpi","Activated Microglia A",0.318863184605929,"DAM-like"
"C-42_GCAGTTATCAAAGTAG-1","C_1wpi","Activated Microglia B",-0.0196012454951127,"Intermediate"
"C-42_GCATACATCAACCAAC-1","C_1wpi","Microglia 2",-1.61428603640292,"Homeostatic"
"C-42_GCATACATCGTTTGCC-1","C_1wpi","Activated Microglia A",0.45762502696123,"DAM-like"
"C-42_GCATGCGTCACAATGC-1","C_1wpi","Activated Microglia A",1.44929865221064,"DAM-like"
"C-42_GCATGTAAGAGGTTGC-1","C_1wpi","Activated Microglia A",0.0573551386183737,"Intermediate"
"C-42_GCCAAATGTATCTGCA-1","C_1wpi","Microglia 1",-1.52873843517659,"Homeostatic"
"C-42_GCCAAATGTGATGCCC-1","C_1wpi","Microglia 2",0.0828661300549633,"Intermediate"
"C-42_GCCTCTAAGTCGTACT-1","C_1wpi","Microglia 2",-2.10696198282866,"Homeostatic"
"C-42_GCCTCTAGTACAGTTC-1","C_1wpi","Activated Microglia A",1.2328283753861,"DAM-like"
"C-42_GCGACCATCCCAAGAT-1","C_1wpi","Microglia 2",0.144048314153001,"Intermediate"
"C-42_GCGCAACCACAAGACG-1","C_1wpi","Activated Microglia A",0.33849603871043,"DAM-like"
"C-42_GCGCAACCACATGTGT-1","C_1wpi","Microglia 3",-0.434954048596324,"Intermediate"
"C-42_GCGCAACGTTATCCGA-1","C_1wpi","Microglia 3",-0.537900707914886,"Intermediate"
"C-42_GCGCAGTCAATGGAAT-1","C_1wpi","Microglia 1",0.286572589419664,"DAM-like"
"C-42_GCGCAGTGTCGTTGTA-1","C_1wpi","Microglia 1",-0.598203346204676,"Intermediate"
"C-42_GCGCGATGTGTTTGTG-1","C_1wpi","Microglia 1",-0.55160371167808,"Intermediate"
"C-42_GCTCCTACAAGTTAAG-1","C_1wpi","Microglia 1",0.221031247317337,"Intermediate"
"C-42_GCTCCTACATATACCG-1","C_1wpi","Microglia 3",0.870246362768014,"DAM-like"
"C-42_GCTGCAGAGGGCTTCC-1","C_1wpi","Microglia 3",-0.177241291542472,"Intermediate"
"C-42_GCTGCAGAGTTAGCGG-1","C_1wpi","Microglia 3",-0.359298150007404,"Intermediate"
"C-42_GCTGCAGTCCTAGTGA-1","C_1wpi","Microglia 2",-0.896597750861613,"Homeostatic"
"C-42_GCTGCGAAGACCCACC-1","C_1wpi","Microglia 3",1.20028010352365,"DAM-like"
"C-42_GCTGCGAAGCGACGTA-1","C_1wpi","Microglia 2",0.267515627729999,"DAM-like"
"C-42_GCTGCGACAAGTAGTA-1","C_1wpi","Microglia 2",-0.502671505119223,"Intermediate"
"C-42_GCTGCTTGTCACTTCC-1","C_1wpi","Microglia 3",0.35959948029397,"DAM-like"
"C-42_GCTGGGTCACGGACAA-1","C_1wpi","Activated Microglia A",0.88424823801174,"DAM-like"
"C-42_GCTGGGTGTGCCTGGT-1","C_1wpi","Microglia 2",-0.665595497014205,"Intermediate"
"C-42_GCTTCCAGTATCAGTC-1","C_1wpi","Microglia 3",-0.614888016094031,"Intermediate"
"C-42_GCTTGAAGTATGAAAC-1","C_1wpi","Microglia 1",-1.26052970775129,"Homeostatic"
"C-42_GGAAAGCTCCGCAAGC-1","C_1wpi","Microglia 1",-0.935915716679207,"Homeostatic"
"C-42_GGAACTTTCAGCGATT-1","C_1wpi","Microglia 2",0.216586440781131,"Intermediate"
"C-42_GGAATAACAATGTTGC-1","C_1wpi","Microglia 1",-0.765791177757334,"Homeostatic"
"C-42_GGAATAAGTGTAATGA-1","C_1wpi","Activated Microglia A",0.314659114098343,"DAM-like"
"C-42_GGACAAGGTTATCACG-1","C_1wpi","Activated Microglia A",0.0322447105021233,"Intermediate"
"C-42_GGATGTTTCCTTTACA-1","C_1wpi","Microglia 3",-0.0731376088120831,"Intermediate"
"C-42_GGATGTTTCGTTTGCC-1","C_1wpi","Microglia 3",0.168928929618392,"Intermediate"
"C-42_GGATTACAGACTCGGA-1","C_1wpi","Microglia 2",0.201064329038857,"Intermediate"
"C-42_GGCAATTAGGGATGGG-1","C_1wpi","Microglia 2",0.501694210233245,"DAM-like"
"C-42_GGCAATTCAGGATCGA-1","C_1wpi","Activated Microglia A",0.988553728127434,"DAM-like"
"C-42_GGCCGATGTTGACGTT-1","C_1wpi","Microglia 1",-0.579587790275197,"Intermediate"
"C-42_GGCGACTTCTTAGCCC-1","C_1wpi","Activated Microglia A",0.417413583542552,"DAM-like"
"C-42_GGCGTGTAGGTGCACA-1","C_1wpi","Microglia 3",0.0912688604598784,"Intermediate"
"C-42_GGCGTGTCAATGTAAG-1","C_1wpi","Activated Microglia A",1.45445100761315,"DAM-like"
"C-42_GGCTGGTTCTGCGACG-1","C_1wpi","Microglia 2",-0.807212879387528,"Homeostatic"
"C-42_GGGAATGAGAACTGTA-1","C_1wpi","Microglia 3",-1.38143255732409,"Homeostatic"
"C-42_GGGAATGCACGACGAA-1","C_1wpi","Activated Microglia B",0.995713066258118,"DAM-like"
"C-42_GGGAATGTCTATCGCC-1","C_1wpi","Microglia 1",-0.898537275991415,"Homeostatic"
"C-42_GGGACCTGTCCTCCAT-1","C_1wpi","Microglia 3",-0.262372011170382,"Intermediate"
"C-42_GGGACCTTCTCGCTTG-1","C_1wpi","Microglia 3",0.0996481291336623,"Intermediate"
"C-42_GGGAGATAGTGGGATC-1","C_1wpi","Microglia 3",0.0595586126703851,"Intermediate"
"C-42_GGGAGATCACAAGCCC-1","C_1wpi","Microglia 3",0.0819286159709012,"Intermediate"
"C-42_GGGAGATTCCAAGTAC-1","C_1wpi","Microglia 1",-0.74230847529077,"Homeostatic"
"C-42_GGGAGATTCTCGATGA-1","C_1wpi","Microglia 3",-0.333940066456585,"Intermediate"
"C-42_GGGATGAGTATTACCG-1","C_1wpi","Activated Microglia B",-0.382710666600323,"Intermediate"
"C-42_GGGCACTAGCAGGTCA-1","C_1wpi","Activated Microglia B",0.67323825933059,"DAM-like"
"C-42_GGGCACTCATGCAACT-1","C_1wpi","Activated Microglia A",0.795394192245277,"DAM-like"
"C-42_GGGCACTTCCACGTGG-1","C_1wpi","Microglia 1",-0.512919765176804,"Intermediate"
"C-42_GGGCATCGTAGCGTCC-1","C_1wpi","Microglia 2",-0.986859514321062,"Homeostatic"
"C-42_GGGTCTGAGGCTCTTA-1","C_1wpi","Microglia 2",-0.119096872947402,"Intermediate"
"C-42_GGGTCTGGTCGCGGTT-1","C_1wpi","Activated Microglia B",0.217210519095776,"Intermediate"
"C-42_GGTATTGCATGGTCTA-1","C_1wpi","Microglia 3",-1.91421191507394,"Homeostatic"
"C-42_GGTATTGTCTCAAACG-1","C_1wpi","Microglia 3",-0.620875237874064,"Intermediate"
"C-42_GGTGAAGGTCTCTTTA-1","C_1wpi","Microglia 2",-0.971971915558749,"Homeostatic"
"C-42_GGTGCGTAGTTGAGAT-1","C_1wpi","Activated Microglia A",0.868381834056364,"DAM-like"
"C-42_GGTGCGTCAGCCTTGG-1","C_1wpi","Activated Microglia A",1.78456815219067,"DAM-like"
"C-42_GGTGCGTGTCGCATCG-1","C_1wpi","Activated Microglia B",0.7813028528595,"DAM-like"
"C-42_GGTGCGTTCTGCAAGT-1","C_1wpi","Microglia 1",-1.41340764740021,"Homeostatic"
"C-42_GGTGTTAAGCTGTTCA-1","C_1wpi","Microglia 3",0.232115606357593,"DAM-like"
"C-42_GGTGTTATCTACTATC-1","C_1wpi","Microglia 2",-0.334147172004875,"Intermediate"
"C-42_GTAACTGTCTCCGGTT-1","C_1wpi","Microglia 2",-0.774599187518643,"Homeostatic"
"C-42_GTACGTAAGCCAGAAC-1","C_1wpi","Microglia 3",0.0811237170962937,"Intermediate"
"C-42_GTACTTTAGGGATGGG-1","C_1wpi","Microglia 1",0.666696427907478,"DAM-like"
"C-42_GTACTTTCAGCTTAAC-1","C_1wpi","Activated Microglia A",0.0446075476699168,"Intermediate"
"C-42_GTACTTTGTGCAACTT-1","C_1wpi","Microglia 1",-0.083314440546794,"Intermediate"
"C-42_GTACTTTTCTGCTTGC-1","C_1wpi","Microglia 3",0.666009689909125,"DAM-like"
"C-42_GTAGGCCCATGCCTAA-1","C_1wpi","Microglia 2",-0.818866459915546,"Homeostatic"
"C-42_GTAGGCCTCTGCGTAA-1","C_1wpi","Activated Microglia A",-0.0063502201628366,"Intermediate"
"C-42_GTAGTCAAGTGTACTC-1","C_1wpi","Microglia 3",-0.383429346557226,"Intermediate"
"C-42_GTAGTCACACGGCGTT-1","C_1wpi","Microglia 3",0.0114675310343624,"Intermediate"
"C-42_GTATCTTAGAAACCAT-1","C_1wpi","Microglia 1",-0.738284199614043,"Homeostatic"
"C-42_GTCACAACAGCCTGTG-1","C_1wpi","Microglia 3",-1.13726887868115,"Homeostatic"
"C-42_GTCACAATCCGCGTTT-1","C_1wpi","Activated Microglia A",0.553902798314511,"DAM-like"
"C-42_GTCACAATCGGTTCGG-1","C_1wpi","Microglia 3",-0.626367992635526,"Intermediate"
"C-42_GTCACGGTCAATCTCT-1","C_1wpi","Microglia 3",-0.487141081983137,"Intermediate"
"C-42_GTCCTCATCCCATTAT-1","C_1wpi","Microglia 3",0.071151096830119,"Intermediate"
"C-42_GTCGGGTGTGATAAAC-1","C_1wpi","Microglia 1",-0.622992750463859,"Intermediate"
"C-42_GTCGGGTGTTCGGCAC-1","C_1wpi","Microglia 3",0.948596203891215,"DAM-like"
"C-42_GTCGGGTTCTCCTATA-1","C_1wpi","Activated Microglia A",0.738174281400679,"DAM-like"
"C-42_GTCTCGTGTCCCTTGT-1","C_1wpi","Microglia 2",0.0475718531817768,"Intermediate"
"C-42_GTCTCGTTCCAACCAA-1","C_1wpi","Microglia 2",-0.285482419949068,"Intermediate"
"C-42_GTCTTCGCAGATGGGT-1","C_1wpi","Microglia 2",-1.46997974230104,"Homeostatic"
"C-42_GTCTTCGGTAAGTAGT-1","C_1wpi","Microglia 1",-0.840724935323472,"Homeostatic"
"C-42_GTCTTCGTCACGATGT-1","C_1wpi","Microglia 3",-0.56083673268826,"Intermediate"
"C-42_GTGAAGGTCAGGTTCA-1","C_1wpi","Microglia 1",-0.0486496184226288,"Intermediate"
"C-42_GTGAAGGTCTAACTCT-1","C_1wpi","Microglia 1",-0.922096206702869,"Homeostatic"
"C-42_GTGCAGCAGGCCGAAT-1","C_1wpi","Microglia 2",-0.703422172448704,"Intermediate"
"C-42_GTGCATAAGGAGCGTT-1","C_1wpi","Activated Microglia A",1.08372437898543,"DAM-like"
"C-42_GTGCATATCTGCTTGC-1","C_1wpi","Microglia 3",0.76349766360154,"DAM-like"
"C-42_GTGCGGTCAACTGGCC-1","C_1wpi","Microglia 1",-0.603783700969866,"Intermediate"
"C-42_GTGCTTCCAAGTTCTG-1","C_1wpi","Microglia 2",-0.82450598983277,"Homeostatic"
"C-42_GTGTGCGAGTTGTCGT-1","C_1wpi","Microglia 3",0.141875506887343,"Intermediate"
"C-42_GTGTGCGCATGACGGA-1","C_1wpi","Microglia 1",-1.50412440074446,"Homeostatic"
"C-42_GTGTGCGTCATGCTCC-1","C_1wpi","Microglia 2",-1.10479548684067,"Homeostatic"
"C-42_GTGTTAGAGCTAGCCC-1","C_1wpi","Microglia 3",0.057023294210739,"Intermediate"
"C-42_GTTCGGGAGTGCCAGA-1","C_1wpi","Activated Microglia A",0.526333345274617,"DAM-like"
"C-42_GTTCGGGCAGCAGTTT-1","C_1wpi","Microglia 1",0.324974935974051,"DAM-like"
"C-42_GTTCGGGGTCCATCCT-1","C_1wpi","Microglia 3",-0.58605730704196,"Intermediate"
"C-42_GTTCTCGAGCTCAACT-1","C_1wpi","Activated Microglia A",0.765423768169079,"DAM-like"
"C-42_GTTCTCGAGTGCTGCC-1","C_1wpi","Microglia 2",-0.328681647451584,"Intermediate"
"C-42_TAAACCGGTCGAAAGC-1","C_1wpi","Microglia 1",-1.16435048089792,"Homeostatic"
"C-42_TAAACCGGTGCACGAA-1","C_1wpi","Microglia 2",-0.0665045286362544,"Intermediate"
"C-42_TAAGAGACATTTGCTT-1","C_1wpi","Microglia 3",0.14869122747042,"Intermediate"
"C-42_TAAGTGCAGAACAACT-1","C_1wpi","Microglia 1",-1.01433317440194,"Homeostatic"
"C-42_TAAGTGCAGCCCAACC-1","C_1wpi","Activated Microglia A",-0.263821778171737,"Intermediate"
"C-42_TAAGTGCGTAGCCTCG-1","C_1wpi","Microglia 2",-0.308881702274057,"Intermediate"
"C-42_TAAGTGCTCAGGCAAG-1","C_1wpi","Microglia 2",-0.939762087666754,"Homeostatic"
"C-42_TACACGAAGGATGCGT-1","C_1wpi","Microglia 3",0.126003371270387,"Intermediate"
"C-42_TACACGACAATGACCT-1","C_1wpi","Microglia 1",-1.51926825162289,"Homeostatic"
"C-42_TACACGACACCCTATC-1","C_1wpi","Microglia 3",-0.182580326614985,"Intermediate"
"C-42_TACCTATCACGTCAGC-1","C_1wpi","Microglia 2",-0.249988693295439,"Intermediate"
"C-42_TACCTATGTAAATACG-1","C_1wpi","Microglia 2",-0.397936520135547,"Intermediate"
"C-42_TACCTATGTGCAGTAG-1","C_1wpi","Microglia 1",0.0165485251572095,"Intermediate"
"C-42_TACCTATTCGTCCGTT-1","C_1wpi","Microglia 1",-1.21405815317547,"Homeostatic"
"C-42_TACCTATTCTGCTGTC-1","C_1wpi","Microglia 3",0.440433819322968,"DAM-like"
"C-42_TACCTTAAGTGGAGTC-1","C_1wpi","Activated Microglia A",1.00344950081178,"DAM-like"
"C-42_TACCTTACAGGAATCG-1","C_1wpi","Microglia 2",-0.147172727986624,"Intermediate"
"C-42_TACCTTAGTAAGAGAG-1","C_1wpi","Microglia 3",1.49803092105752,"DAM-like"
"C-42_TACCTTAGTTCAGACT-1","C_1wpi","Activated Microglia A",0.631896307950466,"DAM-like"
"C-42_TACCTTATCTTGTTTG-1","C_1wpi","Microglia 3",-0.70400106968356,"Intermediate"
"C-42_TACGGATAGAGAACAG-1","C_1wpi","Microglia 3",-0.653385103937285,"Intermediate"
"C-42_TACGGGCCACATGGGA-1","C_1wpi","Microglia 1",-0.657177016151427,"Intermediate"
"C-42_TACGGGCTCCCTTGCA-1","C_1wpi","Activated Microglia B",2.32457984774305,"DAM-like"
"C-42_TACGGTACACGCGAAA-1","C_1wpi","Microglia 2",-1.52667809605141,"Homeostatic"
"C-42_TACGGTATCTTGTTTG-1","C_1wpi","Microglia 2",-0.8194061153295,"Homeostatic"
"C-42_TACTCATCAAAGCGGT-1","C_1wpi","Microglia 2",0.515451757443984,"DAM-like"
"C-42_TACTCATTCGGAGCAA-1","C_1wpi","Microglia 3",0.939346252561055,"DAM-like"
"C-42_TACTTACGTCGAAAGC-1","C_1wpi","Microglia 2",-1.01139117933801,"Homeostatic"
"C-42_TACTTGTAGCGGCTTC-1","C_1wpi","Activated Microglia A",0.632450180123491,"DAM-like"
"C-42_TACTTGTGTCTCACCT-1","C_1wpi","Microglia 2",0.126322423819001,"Intermediate"
"C-42_TACTTGTTCACTATTC-1","C_1wpi","Microglia 3",-0.601185815176462,"Intermediate"
"C-42_TAGACCAAGGAGTCTG-1","C_1wpi","Microglia 3",0.245759211885196,"DAM-like"
"C-42_TAGACCAAGGCCCTTG-1","C_1wpi","Microglia 3",0.857942086589281,"DAM-like"
"C-42_TAGGCATTCCGAACGC-1","C_1wpi","Activated Microglia A",0.506777704053007,"DAM-like"
"C-42_TAGTGGTGTCTGGTCG-1","C_1wpi","Activated Microglia B",-0.288140281945081,"Intermediate"
"C-42_TAGTTGGCAACAACCT-1","C_1wpi","Microglia 1",0.136055650579155,"Intermediate"
"C-42_TAGTTGGCATGAACCT-1","C_1wpi","Microglia 3",1.01574583965623,"DAM-like"
"C-42_TATCAGGGTCCGTTAA-1","C_1wpi","Microglia 2",-0.0263843589701855,"Intermediate"
"C-42_TATCTCAGTACATCCA-1","C_1wpi","Microglia 2",-0.618632077971842,"Intermediate"
"C-42_TATGCCCCATTCCTGC-1","C_1wpi","Microglia 1",0.22954597449303,"Intermediate"
"C-42_TATGCCCTCGGAGGTA-1","C_1wpi","Microglia 2",0.468039742862236,"DAM-like"
"C-42_TATTACCGTACTCGCG-1","C_1wpi","Microglia 2",-0.955189299304811,"Homeostatic"
"C-42_TCAACGAAGTCGTTTG-1","C_1wpi","Microglia 3",0.363462485395894,"DAM-like"
"C-42_TCAATCTGTGCCTGGT-1","C_1wpi","Microglia 1",-1.78057271764718,"Homeostatic"
"C-42_TCAATCTGTGTGACCC-1","C_1wpi","Microglia 1",-0.69333959209886,"Intermediate"
"C-42_TCAATCTTCCTTTCTC-1","C_1wpi","Microglia 1",-0.810763572553408,"Homeostatic"
"C-42_TCACAAGAGACTTTCG-1","C_1wpi","Microglia 2",-0.248978014107881,"Intermediate"
"C-42_TCACGAACACATGGGA-1","C_1wpi","Activated Microglia A",0.962420264943706,"DAM-like"
"C-42_TCAGCAAGTGCTAGCC-1","C_1wpi","Microglia 1",0.393614116914283,"DAM-like"
"C-42_TCAGCAATCATGTGGT-1","C_1wpi","Microglia 2",-1.27983221443002,"Homeostatic"
"C-42_TCAGCAATCGCCCTTA-1","C_1wpi","Microglia 3",-0.0694058571335388,"Intermediate"
"C-42_TCAGGATCAGACTCGC-1","C_1wpi","Activated Microglia A",0.891411136902793,"DAM-like"
"C-42_TCATTTGAGATGGCGT-1","C_1wpi","Microglia 2",0.161171727960365,"Intermediate"
"C-42_TCCACACTCTGTCTAT-1","C_1wpi","Microglia 1",0.0353500282426964,"Intermediate"
"C-42_TCGAGGCCACCTCGGA-1","C_1wpi","Microglia 3",-0.570700191869333,"Intermediate"
"C-42_TCGGGACAGGGATGGG-1","C_1wpi","Microglia 1",0.00989319344864958,"Intermediate"
"C-42_TCGTACCAGAGTCTGG-1","C_1wpi","Microglia 1",-0.42691977824099,"Intermediate"
"C-42_TCGTAGATCCAGGGCT-1","C_1wpi","Activated Microglia A",1.13329981630961,"DAM-like"
"C-42_TCGTAGATCCGCGCAA-1","C_1wpi","Microglia 2",-0.204067762851683,"Intermediate"
"C-42_TCGTAGATCTTGTACT-1","C_1wpi","Microglia 3",-0.21935900854669,"Intermediate"
"C-42_TCTATTGAGCCCAACC-1","C_1wpi","Microglia 2",-0.648443853674254,"Intermediate"
"C-42_TCTATTGCAGCATACT-1","C_1wpi","Activated Microglia B",0.530930576189134,"DAM-like"
"C-42_TCTATTGTCCGTCAAA-1","C_1wpi","Microglia 1",-0.286089503900373,"Intermediate"
"C-42_TCTCATACACATCTTT-1","C_1wpi","Microglia 2",0.745063903457588,"DAM-like"
"C-42_TCTCTAATCTTGTATC-1","C_1wpi","Microglia 2",-0.520636351485511,"Intermediate"
"C-42_TCTGGAATCACGACTA-1","C_1wpi","Microglia 2",-0.322152821058382,"Intermediate"
"C-42_TCTGGAATCTGGCGTG-1","C_1wpi","Microglia 1",-0.125716913203468,"Intermediate"
"C-42_TCTTCGGGTCTTCGTC-1","C_1wpi","Microglia 1",-0.723983074025219,"Homeostatic"
"C-42_TGAAAGATCTTGCCGT-1","C_1wpi","Activated Microglia A",0.776565958599941,"DAM-like"
"C-42_TGACGGCAGACAAGCC-1","C_1wpi","Microglia 3",0.762256103022187,"DAM-like"
"C-42_TGACGGCGTGCCTGCA-1","C_1wpi","Activated Microglia A",0.554283448117533,"DAM-like"
"C-42_TGACTAGAGACAAAGG-1","C_1wpi","Microglia 3",-1.0407691996079,"Homeostatic"
"C-42_TGACTAGAGGGTGTTG-1","C_1wpi","Microglia 2",-0.183648629399532,"Intermediate"
"C-42_TGACTAGCAGTATCTG-1","C_1wpi","Microglia 3",-0.321592359754162,"Intermediate"
"C-42_TGACTTTCAGCTGTGC-1","C_1wpi","Microglia 2",-1.99113303714617,"Homeostatic"
"C-42_TGACTTTGTGTTGGGA-1","C_1wpi","Microglia 3",-0.21855027448522,"Intermediate"
"C-42_TGAGCCGCATATGGTC-1","C_1wpi","Microglia 2",-1.20475116924408,"Homeostatic"
"C-42_TGAGCCGTCTGCTTGC-1","C_1wpi","Microglia 1",0.266284749477683,"DAM-like"
"C-42_TGAGGGATCGCTTGTC-1","C_1wpi","Microglia 2",-0.106490795984711,"Intermediate"
"C-42_TGAGGGATCTTCGAGA-1","C_1wpi","Microglia 2",-0.00164789939370258,"Intermediate"
"C-42_TGATTTCCAAACGCGA-1","C_1wpi","Microglia 3",-1.40020427435178,"Homeostatic"
"C-42_TGCCAAACAATGTAAG-1","C_1wpi","Microglia 3",-1.18240165353012,"Homeostatic"
"C-42_TGCCCATTCGGAGGTA-1","C_1wpi","Microglia 2",0.523612821620123,"DAM-like"
"C-42_TGCCCTAAGAGACGAA-1","C_1wpi","Microglia 3",-1.16480127481724,"Homeostatic"
"C-42_TGCGCAGAGGTGATTA-1","C_1wpi","Microglia 2",0.93744181998384,"DAM-like"
"C-42_TGCGCAGTCTCACATT-1","C_1wpi","Microglia 2",-0.769117940237613,"Homeostatic"
"C-42_TGCTACCCACGGACAA-1","C_1wpi","Microglia 1",0.206939301377076,"Intermediate"
"C-42_TGCTACCCAGGCTGAA-1","C_1wpi","Microglia 1",-1.16436698211696,"Homeostatic"
"C-42_TGCTGCTAGACCTAGG-1","C_1wpi","Activated Microglia A",0.351756585114399,"DAM-like"
"C-42_TGCTGCTGTAGCGCTC-1","C_1wpi","Microglia 3",-0.259329075357429,"Intermediate"
"C-42_TGCTGCTTCGTCACGG-1","C_1wpi","Microglia 2",0.498419165864785,"DAM-like"
"C-42_TGGACGCAGGCGATAC-1","C_1wpi","Activated Microglia A",0.836457320303258,"DAM-like"
"C-42_TGGCCAGAGCATGGCA-1","C_1wpi","Microglia 3",-0.805480688410755,"Homeostatic"
"C-42_TGGCGCAGTCGCGTGT-1","C_1wpi","Activated Microglia A",1.30091701977575,"DAM-like"
"C-42_TGGCTGGAGACGCAAC-1","C_1wpi","Microglia 3",-0.0976604109245204,"Intermediate"
"C-42_TGGGAAGAGACAGGCT-1","C_1wpi","Microglia 3",-0.125072101030162,"Intermediate"
"C-42_TGGGCGTGTCCTCTTG-1","C_1wpi","Microglia 2",-0.259550300535232,"Intermediate"
"C-42_TGGGCGTTCGGAAATA-1","C_1wpi","Microglia 3",-0.802610296557566,"Homeostatic"
"C-42_TGGTTAGAGAGTACAT-1","C_1wpi","Microglia 2",-0.760238231848683,"Homeostatic"
"C-42_TGGTTAGTCGCTTAGA-1","C_1wpi","Microglia 1",-0.639870379194102,"Intermediate"
"C-42_TGGTTCCCAGCCTATA-1","C_1wpi","Microglia 3",0.86661922496199,"DAM-like"
"C-42_TGTATTCCATTTGCTT-1","C_1wpi","Microglia 2",-0.401988705565067,"Intermediate"
"C-42_TGTATTCGTAAATGTG-1","C_1wpi","Microglia 2",-0.851672431158494,"Homeostatic"
"C-42_TGTCCCAGTAATCACC-1","C_1wpi","Microglia 2",-0.877010674092658,"Homeostatic"
"C-42_TGTGGTAGTACCGTTA-1","C_1wpi","Activated Microglia A",0.120300527286062,"Intermediate"
"C-42_TGTGGTAGTAGGGACT-1","C_1wpi","Microglia 1",-1.22266116287133,"Homeostatic"
"C-42_TGTGGTAGTTGTCGCG-1","C_1wpi","Microglia 2",-0.673931851720663,"Intermediate"
"C-42_TGTGTTTAGATAGTCA-1","C_1wpi","Microglia 3",0.714343157915435,"DAM-like"
"C-42_TGTGTTTAGGAATCGC-1","C_1wpi","Microglia 2",-0.972652987797393,"Homeostatic"
"C-42_TTAACTCAGGTGATTA-1","C_1wpi","Microglia 3",-0.538039041441631,"Intermediate"
"C-42_TTAGGACTCCGTACAA-1","C_1wpi","Activated Microglia B",1.38374763778107,"DAM-like"
"C-42_TTAGGCACATCGATTG-1","C_1wpi","Activated Microglia B",1.23642803905677,"DAM-like"
"C-42_TTATGCTTCCCTGACT-1","C_1wpi","Microglia 3",-0.269636367206997,"Intermediate"
"C-42_TTCCCAGAGAAACCGC-1","C_1wpi","Activated Microglia A",1.04924371650477,"DAM-like"
"C-42_TTCCCAGTCACTTCAT-1","C_1wpi","Microglia 1",-0.343402743013831,"Intermediate"
"C-42_TTCGAAGTCTGCTTGC-1","C_1wpi","Microglia 3",-0.373666572773456,"Intermediate"
"C-42_TTCGGTCAGAAGCCCA-1","C_1wpi","Microglia 1",-0.632401219946538,"Intermediate"
"C-42_TTCGGTCGTCCATGAT-1","C_1wpi","Microglia 2",0.372239211675941,"DAM-like"
"C-42_TTCTCCTGTAGGGACT-1","C_1wpi","Activated Microglia A",0.854598498244688,"DAM-like"
"C-42_TTCTCCTGTTCACCTC-1","C_1wpi","Microglia 1",-0.914833949712553,"Homeostatic"
"C-42_TTGAACGGTGTTGGGA-1","C_1wpi","Activated Microglia A",-0.563187434527111,"Intermediate"
"C-42_TTGACTTCAGCTGTTA-1","C_1wpi","Microglia 1",-0.435827543811556,"Intermediate"
"C-42_TTGACTTTCGGTTCGG-1","C_1wpi","Microglia 1",-0.859380946491095,"Homeostatic"
"C-42_TTGCCGTTCAGTGCAT-1","C_1wpi","Activated Microglia A",0.656104183976977,"DAM-like"
"C-42_TTGGAACAGTGAAGTT-1","C_1wpi","Microglia 1",-1.86195500048356,"Homeostatic"
"C-42_TTGGCAAGTCTCTCTG-1","C_1wpi","Microglia 3",-0.0919765509259747,"Intermediate"
"C-42_TTTACTGGTAACGTTC-1","C_1wpi","Microglia 3",-0.173047634509186,"Intermediate"
"C-42_TTTATGCAGGCCCGTT-1","C_1wpi","Microglia 2",-0.555565479052372,"Intermediate"
"C-42_TTTATGCCACGGATAG-1","C_1wpi","Microglia 1",0.0836124505486118,"Intermediate"
"C-42_TTTATGCCATGCCCGA-1","C_1wpi","Activated Microglia A",1.28556252456365,"DAM-like"
"C-42_TTTATGCGTACAGTGG-1","C_1wpi","Activated Microglia A",1.30807183245969,"DAM-like"
"C-42_TTTATGCGTTTGTGTG-1","C_1wpi","Microglia 2",-0.186335973730347,"Intermediate"
"C-42_TTTCCTCAGAGGGCTT-1","C_1wpi","Microglia 2",-0.706407529066944,"Intermediate"
"C-42_TTTGCGCAGCCGCCTA-1","C_1wpi","Activated Microglia A",-0.0351943231875749,"Intermediate"
"C-42_TTTGGTTTCCGAATGT-1","C_1wpi","Activated Microglia A",0.0165398812730553,"Intermediate"
"C-42_TTTGTCAGTAAATGTG-1","C_1wpi","Microglia 1",-1.23716723172185,"Homeostatic"
"C-42_TTTGTCAGTCATCGGC-1","C_1wpi","Microglia 2",0.295304790441547,"DAM-like"
"C-42_TTTGTCAGTCGTCTTC-1","C_1wpi","Microglia 2",0.708536987519768,"DAM-like"
"C-44_AAACCTGAGCACCGTC-1","C_1wpi","Microglia 3",-0.0196204519800077,"Intermediate"
"C-44_AAACCTGAGTCGAGTG-1","C_1wpi","Microglia 3",-0.468529700115348,"Intermediate"
"C-44_AAACCTGGTCTAGTCA-1","C_1wpi","Activated Microglia A",1.17964132642189,"DAM-like"
"C-44_AAACGGGCAAGTTAAG-1","C_1wpi","Microglia 1",-1.20519868713779,"Homeostatic"
"C-44_AAACGGGCAATAGCAA-1","C_1wpi","Microglia 2",-0.207814990090942,"Intermediate"
"C-44_AAAGATGTCAACGCTA-1","C_1wpi","Activated Microglia A",2.00124109825759,"DAM-like"
"C-44_AAATGCCCACCCATGG-1","C_1wpi","Microglia 1",-0.100768424943426,"Intermediate"
"C-44_AACACGTTCGAATGCT-1","C_1wpi","Microglia 3",-0.769601854587082,"Homeostatic"
"C-44_AACCATGTCCCTGACT-1","C_1wpi","Microglia 3",-0.535136285934925,"Intermediate"
"C-44_AACCGCGAGATGAGAG-1","C_1wpi","Microglia 1",-0.549402680869334,"Intermediate"
"C-44_AACCGCGTCAACACAC-1","C_1wpi","Microglia 3",-0.629358651541686,"Intermediate"
"C-44_AACGTTGGTGCAGGTA-1","C_1wpi","Activated Microglia A",1.60069813170873,"DAM-like"
"C-44_AACTCCCTCACTCTTA-1","C_1wpi","Microglia 1",-0.797623739926979,"Homeostatic"
"C-44_AAGACCTAGGTGTTAA-1","C_1wpi","Microglia 1",-1.04372438675992,"Homeostatic"
"C-44_AAGACCTCACCGAATT-1","C_1wpi","Microglia 2",-0.668782651412967,"Intermediate"
"C-44_AAGACCTTCACTGGGC-1","C_1wpi","Microglia 3",0.160329153510284,"Intermediate"
"C-44_AAGCCGCCACTAGTAC-1","C_1wpi","Microglia 1",-1.61669489584422,"Homeostatic"
"C-44_AAGCCGCTCCAACCAA-1","C_1wpi","Microglia 3",-1.13010820238419,"Homeostatic"
"C-44_AAGGAGCAGTGCCAGA-1","C_1wpi","Microglia 3",-0.346458263061529,"Intermediate"
"C-44_AAGGAGCTCTCTAAGG-1","C_1wpi","Microglia 3",-0.338051737965797,"Intermediate"
"C-44_AAGGCAGAGATGTTAG-1","C_1wpi","Activated Microglia A",1.86216743479132,"DAM-like"
"C-44_AAGGCAGCACATAACC-1","C_1wpi","Microglia 3",0.00512443479552771,"Intermediate"
"C-44_AAGTCTGCATGGAATA-1","C_1wpi","Microglia 1",-0.199717335822027,"Intermediate"
"C-44_AAGTCTGGTGGCCCTA-1","C_1wpi","Microglia 3",1.56819634156713,"DAM-like"
"C-44_AATCCAGCACACGCTG-1","C_1wpi","Microglia 2",0.268351520769606,"DAM-like"
"C-44_AATCCAGGTAAGGGAA-1","C_1wpi","Microglia 3",0.533282623423084,"DAM-like"
"C-44_ACACTGACAGGTCTCG-1","C_1wpi","Microglia 3",0.108985086750212,"Intermediate"
"C-44_ACACTGAGTTCAGACT-1","C_1wpi","Microglia 3",-0.171118037106667,"Intermediate"
"C-44_ACAGCCGCACCCTATC-1","C_1wpi","Microglia 1",-1.37925687972801,"Homeostatic"
"C-44_ACAGCCGTCTGAGGGA-1","C_1wpi","Microglia 3",0.505319891557035,"DAM-like"
"C-44_ACAGCTACAGATGGGT-1","C_1wpi","Activated Microglia A",2.42255554337004,"DAM-like"
"C-44_ACAGCTATCTAACTCT-1","C_1wpi","Activated Microglia A",0.182177215231888,"Intermediate"
"C-44_ACATACGGTGTCCTCT-1","C_1wpi","Microglia 1",-0.547910704932531,"Intermediate"
"C-44_ACATACGTCATTGCGA-1","C_1wpi","Activated Microglia A",0.920200759032015,"DAM-like"
"C-44_ACATACGTCGTTGCCT-1","C_1wpi","Microglia 1",-1.15791031538872,"Homeostatic"
"C-44_ACATCAGCATCATCCC-1","C_1wpi","Activated Microglia A",0.909476905952272,"DAM-like"
"C-44_ACATCAGTCAGATAAG-1","C_1wpi","Microglia 3",-0.77518947386859,"Homeostatic"
"C-44_ACATGGTCATGCCACG-1","C_1wpi","Microglia 1",-0.661813747927137,"Intermediate"
"C-44_ACCAGTAGTGGTGTAG-1","C_1wpi","Microglia 3",0.105272350641309,"Intermediate"
"C-44_ACCGTAATCTCTAGGA-1","C_1wpi","Microglia 3",0.509960101967502,"DAM-like"
"C-44_ACCTTTACAATGGTCT-1","C_1wpi","Microglia 3",-0.310056977860418,"Intermediate"
"C-44_ACGAGCCGTCGCGTGT-1","C_1wpi","Microglia 2",-1.13372597362378,"Homeostatic"
"C-44_ACGAGGAGTCTCGTTC-1","C_1wpi","Microglia 3",0.054773202777082,"Intermediate"
"C-44_ACGCAGCGTGAACCTT-1","C_1wpi","Activated Microglia B",1.23910017169722,"DAM-like"
"C-44_ACGCAGCTCGAGCCCA-1","C_1wpi","Activated Microglia B",-0.00111537685772012,"Intermediate"
"C-44_ACGTCAACATGTCTCC-1","C_1wpi","Microglia 2",-0.512595689165586,"Intermediate"
"C-44_ACTGAACTCTGGCGAC-1","C_1wpi","Microglia 1",-0.553055105428561,"Intermediate"
"C-44_ACTGAGTTCCCAACGG-1","C_1wpi","Activated Microglia A",1.80751140047774,"DAM-like"
"C-44_ACTGTCCAGACTAGAT-1","C_1wpi","Activated Microglia A",1.43797608406103,"DAM-like"
"C-44_ACTTGTTGTTGTTTGG-1","C_1wpi","Activated Microglia A",1.15456810868819,"DAM-like"
"C-44_ACTTTCAAGAGCTGGT-1","C_1wpi","Microglia 3",1.01115727147032,"DAM-like"
"C-44_AGAATAGTCGTACCGG-1","C_1wpi","Microglia 3",0.198088423689738,"Intermediate"
"C-44_AGATCTGAGAGGTTAT-1","C_1wpi","Microglia 1",-0.485723382232102,"Intermediate"
"C-44_AGATCTGAGGAATGGA-1","C_1wpi","Microglia 3",-1.33237067731277,"Homeostatic"
"C-44_AGATCTGCAATCTGCA-1","C_1wpi","Microglia 1",0.894082688981539,"DAM-like"
"C-44_AGCAGCCCAAGGTGTG-1","C_1wpi","Microglia 2",-1.2329496250998,"Homeostatic"
"C-44_AGCGGTCAGTCAAGCG-1","C_1wpi","Microglia 1",0.185102103561721,"Intermediate"
"C-44_AGCGGTCGTTAAGGGC-1","C_1wpi","Microglia 1",-1.07924650185225,"Homeostatic"
"C-44_AGCGTCGCATCGTCGG-1","C_1wpi","Microglia 1",0.565434844262959,"DAM-like"
"C-44_AGCTTGAAGTGTCCCG-1","C_1wpi","Microglia 1",-1.02635900563152,"Homeostatic"
"C-44_AGGGTGAAGGGTATCG-1","C_1wpi","Activated Microglia A",0.295173406801319,"DAM-like"
"C-44_AGGTCATAGGGCTTCC-1","C_1wpi","Activated Microglia B",0.987644850018363,"DAM-like"
"C-44_AGGTCCGAGAAACCGC-1","C_1wpi","Microglia 3",0.245973052116132,"DAM-like"
"C-44_AGGTCCGAGAGCTTCT-1","C_1wpi","Microglia 1",-1.15278272733076,"Homeostatic"
"C-44_AGGTCCGAGCCAGAAC-1","C_1wpi","Microglia 3",0.104689417220807,"Intermediate"
"C-44_AGGTCCGAGGCAGTCA-1","C_1wpi","Activated Microglia B",1.65840632303048,"DAM-like"
"C-44_AGGTCCGCATCACGTA-1","C_1wpi","Microglia 3",0.280167195968958,"DAM-like"
"C-44_AGGTCCGTCCTGCCAT-1","C_1wpi","Activated Microglia B",0.208812296001559,"Intermediate"
"C-44_AGTCTTTCATCGGGTC-1","C_1wpi","Activated Microglia A",1.4176676484093,"DAM-like"
"C-44_AGTCTTTTCCCATTAT-1","C_1wpi","Microglia 3",0.0639398949484148,"Intermediate"
"C-44_AGTGAGGTCTTCATGT-1","C_1wpi","Microglia 1",-0.560030930548725,"Intermediate"
"C-44_AGTGGGACATCCGCGA-1","C_1wpi","Microglia 1",-0.0513324200965466,"Intermediate"
"C-44_AGTGGGAGTCTCGTTC-1","C_1wpi","Microglia 1",-0.331382218028917,"Intermediate"
"C-44_AGTGGGATCCATTCTA-1","C_1wpi","Microglia 1",-0.156202647892133,"Intermediate"
"C-44_AGTGTCAAGTGGGATC-1","C_1wpi","Activated Microglia A",0.982341741009761,"DAM-like"
"C-44_AGTTGGTTCGTCTGAA-1","C_1wpi","Microglia 3",-1.26993207421494,"Homeostatic"
"C-44_ATAACGCGTCAGTGGA-1","C_1wpi","Microglia 1",0.319965714305795,"DAM-like"
"C-44_ATAGACCAGAACAACT-1","C_1wpi","Activated Microglia A",1.2635672247883,"DAM-like"
"C-44_ATAGACCAGAATGTGT-1","C_1wpi","Activated Microglia A",0.219002179694985,"Intermediate"
"C-44_ATCATGGCAAGCCTAT-1","C_1wpi","Activated Microglia A",1.96014619082945,"DAM-like"
"C-44_ATCATGGTCCGTTGTC-1","C_1wpi","Microglia 1",-1.62642337942941,"Homeostatic"
"C-44_ATCCACCTCAATAAGG-1","C_1wpi","Activated Microglia B",0.123737919948314,"Intermediate"
"C-44_ATCCGAAGTCTGGAGA-1","C_1wpi","Microglia 3",-0.503654986650509,"Intermediate"
"C-44_ATCCGAATCAGGCGAA-1","C_1wpi","Microglia 3",-0.753948363130307,"Homeostatic"
"C-44_ATCCGAATCGGATGGA-1","C_1wpi","Microglia 2",0.741561557950692,"DAM-like"
"C-44_ATCGAGTCAACACCCG-1","C_1wpi","Microglia 1",-1.45362757865788,"Homeostatic"
"C-44_ATCGAGTCATGTTGAC-1","C_1wpi","Microglia 3",0.666409784621125,"DAM-like"
"C-44_ATCGAGTTCATTTGGG-1","C_1wpi","Activated Microglia B",1.40002553928188,"DAM-like"
"C-44_ATCTACTAGCCAGAAC-1","C_1wpi","Activated Microglia A",1.55026523336336,"DAM-like"
"C-44_ATCTACTAGGAGTACC-1","C_1wpi","Activated Microglia A",0.667711072450031,"DAM-like"
"C-44_ATGAGGGAGGGATACC-1","C_1wpi","Microglia 1",-1.65071864222366,"Homeostatic"
"C-44_ATGCGATTCACCTTAT-1","C_1wpi","Microglia 1",-0.856789413423332,"Homeostatic"
"C-44_ATGGGAGCAATCAGAA-1","C_1wpi","Microglia 1",-0.183035541862029,"Intermediate"
"C-44_ATGGGAGGTACTCGCG-1","C_1wpi","Microglia 3",0.0720676009206282,"Intermediate"
"C-44_ATGTGTGAGAATTCCC-1","C_1wpi","Microglia 1",-0.618487786009096,"Intermediate"
"C-44_ATGTGTGGTCCATCCT-1","C_1wpi","Activated Microglia B",-0.710744638753151,"Intermediate"
"C-44_ATGTGTGTCCTGTAGA-1","C_1wpi","Activated Microglia A",2.14323191389084,"DAM-like"
"C-44_ATTACTCCACCACGTG-1","C_1wpi","Activated Microglia A",1.22857654421246,"DAM-like"
"C-44_ATTACTCGTTGAGTTC-1","C_1wpi","Activated Microglia B",0.152470150921893,"Intermediate"
"C-44_ATTCTACCAAAGCAAT-1","C_1wpi","Microglia 3",0.413479338146929,"DAM-like"
"C-44_CAACCAACACCGAAAG-1","C_1wpi","Activated Microglia A",-0.178942675043012,"Intermediate"
"C-44_CAACCAATCGCGGATC-1","C_1wpi","Microglia 3",0.104263545716914,"Intermediate"
"C-44_CAAGATCAGGTGGGTT-1","C_1wpi","Microglia 3",-0.972949092006906,"Homeostatic"
"C-44_CAAGATCCATTAACCG-1","C_1wpi","Microglia 1",-1.59106764060104,"Homeostatic"
"C-44_CAAGGCCCATTCACTT-1","C_1wpi","Microglia 3",-1.09219749697602,"Homeostatic"
"C-44_CAAGTTGAGTTTGCGT-1","C_1wpi","Microglia 3",-0.344877650886762,"Intermediate"
"C-44_CACAAACTCGGTTAAC-1","C_1wpi","Microglia 2",0.342329292432476,"DAM-like"
"C-44_CACACCTGTTCCCGAG-1","C_1wpi","Microglia 1",-0.336165750305984,"Intermediate"
"C-44_CACAGGCGTCGCATAT-1","C_1wpi","Activated Microglia A",-0.440467637046947,"Intermediate"
"C-44_CACAGTATCGGTCTAA-1","C_1wpi","Microglia 2",-1.04710252455491,"Homeostatic"
"C-44_CACATAGGTCCGTTAA-1","C_1wpi","Microglia 2",0.516457012286354,"DAM-like"
"C-44_CACCACTAGAGGACGG-1","C_1wpi","Microglia 3",-0.475283133009239,"Intermediate"
"C-44_CACCAGGCATGCAATC-1","C_1wpi","Microglia 2",0.833578486523646,"DAM-like"
"C-44_CACCAGGCATTGCGGC-1","C_1wpi","Microglia 3",1.06069855324142,"DAM-like"
"C-44_CACCTTGTCGCAGGCT-1","C_1wpi","Microglia 3",0.273398762770974,"DAM-like"
"C-44_CACTCCAGTAGGCATG-1","C_1wpi","Microglia 3",-0.612462418711914,"Intermediate"
"C-44_CAGAATCCAACACGCC-1","C_1wpi","Microglia 3",-0.573018164009855,"Intermediate"
"C-44_CAGAATCGTATTCGTG-1","C_1wpi","Microglia 1",-0.0319817433915072,"Intermediate"
"C-44_CAGAGAGAGGTGCACA-1","C_1wpi","Microglia 3",-0.2369279713175,"Intermediate"
"C-44_CAGATCAAGCTTTGGT-1","C_1wpi","Activated Microglia A",0.660028434282848,"DAM-like"
"C-44_CAGCAGCCATCGGTTA-1","C_1wpi","Microglia 1",-0.928393016676077,"Homeostatic"
"C-44_CAGCAGCGTGTCAATC-1","C_1wpi","Microglia 2",-0.202595416655253,"Intermediate"
"C-44_CAGCATACACCTTGTC-1","C_1wpi","Microglia 3",0.179639667074581,"Intermediate"
"C-44_CAGCCGATCTAAGCCA-1","C_1wpi","Activated Microglia A",1.58282121148532,"DAM-like"
"C-44_CAGCTAAAGCCTTGAT-1","C_1wpi","Activated Microglia A",1.72632950962127,"DAM-like"
"C-44_CAGCTAACAGCGAACA-1","C_1wpi","Microglia 3",0.429894161057098,"DAM-like"
"C-44_CAGCTAATCATAAAGG-1","C_1wpi","Activated Microglia B",0.842607875166254,"DAM-like"
"C-44_CAGCTGGAGCGAGAAA-1","C_1wpi","Microglia 1",-0.830014040933555,"Homeostatic"
"C-44_CAGGTGCAGGCAGTCA-1","C_1wpi","Activated Microglia A",1.14489988384312,"DAM-like"
"C-44_CAGTCCTGTTTGTTTC-1","C_1wpi","Microglia 2",-0.197472154009996,"Intermediate"
"C-44_CATATGGCACGCGAAA-1","C_1wpi","Microglia 2",1.17790049115882,"DAM-like"
"C-44_CATATGGCATTGTGCA-1","C_1wpi","Microglia 2",-1.50672280536096,"Homeostatic"
"C-44_CATATTCCAGCTATTG-1","C_1wpi","Activated Microglia A",1.01177583430407,"DAM-like"
"C-44_CATCAAGAGACTGTAA-1","C_1wpi","Activated Microglia A",0.697174426501734,"DAM-like"
"C-44_CATCAAGCACGAAATA-1","C_1wpi","Activated Microglia A",-0.813438356224106,"Homeostatic"
"C-44_CATCAAGGTTGTGGAG-1","C_1wpi","Microglia 1",-0.355585469742799,"Intermediate"
"C-44_CATCAGACAGATGGGT-1","C_1wpi","Microglia 3",-0.350321638653132,"Intermediate"
"C-44_CATCAGAGTCACCCAG-1","C_1wpi","Activated Microglia A",1.20226191723696,"DAM-like"
"C-44_CATCAGATCTGACCTC-1","C_1wpi","Microglia 1",-0.194635304996793,"Intermediate"
"C-44_CATCCACCAGTACACT-1","C_1wpi","Microglia 2",-0.862137524224885,"Homeostatic"
"C-44_CATCGAATCGTTTAGG-1","C_1wpi","Microglia 2",0.130763732432118,"Intermediate"
"C-44_CATGCCTGTAGAGGAA-1","C_1wpi","Microglia 1",-1.35686564513792,"Homeostatic"
"C-44_CATGCCTGTCTGATTG-1","C_1wpi","Microglia 3",0.122056458863105,"Intermediate"
"C-44_CATGCCTGTTGGTTTG-1","C_1wpi","Microglia 1",-2.00174409348806,"Homeostatic"
"C-44_CATTATCCAGGGCATA-1","C_1wpi","Microglia 3",0.520628530870619,"DAM-like"
"C-44_CATTCGCCATCCTTGC-1","C_1wpi","Microglia 3",-0.569912167197831,"Intermediate"
"C-44_CCAATCCTCGCCTGTT-1","C_1wpi","Activated Microglia A",1.19757632466365,"DAM-like"
"C-44_CCACCTAAGGTACTCT-1","C_1wpi","Microglia 3",1.00457628557755,"DAM-like"
"C-44_CCACTACAGGGATGGG-1","C_1wpi","Microglia 3",-0.614257332934665,"Intermediate"
"C-44_CCACTACTCATTCACT-1","C_1wpi","Microglia 1",-0.43364482364548,"Intermediate"
"C-44_CCAGCGATCAATACCG-1","C_1wpi","Microglia 3",-0.131845837461571,"Intermediate"
"C-44_CCAGCGATCAGCGATT-1","C_1wpi","Activated Microglia A",-0.450351543520977,"Intermediate"
"C-44_CCAGCGATCCAAAGTC-1","C_1wpi","Activated Microglia A",0.797503500730083,"DAM-like"
"C-44_CCAGCGATCGCTGATA-1","C_1wpi","Microglia 2",-0.951712257187359,"Homeostatic"
"C-44_CCCAATCTCTGCGACG-1","C_1wpi","Microglia 3",0.185599210707848,"Intermediate"
"C-44_CCCAGTTCACATGGGA-1","C_1wpi","Microglia 3",-0.0983958669999609,"Intermediate"
"C-44_CCCAGTTCAGGGATTG-1","C_1wpi","Microglia 1",-1.14146862392847,"Homeostatic"
"C-44_CCCAGTTGTTTGGCGC-1","C_1wpi","Activated Microglia A",0.653112194907677,"DAM-like"
"C-44_CCCAGTTTCTACTATC-1","C_1wpi","Activated Microglia B",0.684298747709334,"DAM-like"
"C-44_CCCAGTTTCTCGAGTA-1","C_1wpi","Microglia 3",0.29001975533327,"DAM-like"
"C-44_CCCTCCTTCATAACCG-1","C_1wpi","Microglia 3",-0.0611649734166682,"Intermediate"
"C-44_CCGGGATAGTTAGCGG-1","C_1wpi","Microglia 3",-0.180452787271707,"Intermediate"
"C-44_CCGTGGACAGATTGCT-1","C_1wpi","Activated Microglia A",1.49814750499006,"DAM-like"
"C-44_CCTAAAGGTAGTAGTA-1","C_1wpi","Microglia 3",-0.0945897043268047,"Intermediate"
"C-44_CCTACCACATCTGGTA-1","C_1wpi","Microglia 3",0.439092905913557,"DAM-like"
"C-44_CCTCTGATCGAGCCCA-1","C_1wpi","Microglia 2",0.0818669061738617,"Intermediate"
"C-44_CCTTCCCGTGTAAGTA-1","C_1wpi","Microglia 3",0.306373363637611,"DAM-like"
"C-44_CCTTCGAAGAATGTTG-1","C_1wpi","Microglia 3",0.254811481869854,"DAM-like"
"C-44_CGACTTCCATGATCCA-1","C_1wpi","Activated Microglia B",0.0866758782902517,"Intermediate"
"C-44_CGAGAAGAGTGTTAGA-1","C_1wpi","Microglia 1",-0.735611480132573,"Homeostatic"
"C-44_CGAGCACAGTCAAGGC-1","C_1wpi","Microglia 1",0.583151507355767,"DAM-like"
"C-44_CGAGCACCATGGATGG-1","C_1wpi","Microglia 3",-0.993247299666583,"Homeostatic"
"C-44_CGCCAAGCAAAGGTGC-1","C_1wpi","Activated Microglia B",0.583168979493228,"DAM-like"
"C-44_CGCGGTAGTGTTCTTT-1","C_1wpi","Microglia 2",0.0820685368762655,"Intermediate"
"C-44_CGCTATCGTACCGAGA-1","C_1wpi","Microglia 3",-0.0533490821999217,"Intermediate"
"C-44_CGGACACCAATAGAGT-1","C_1wpi","Microglia 2",0.577489291298758,"DAM-like"
"C-44_CGGACGTAGAGTCTGG-1","C_1wpi","Activated Microglia A",0.961209718956419,"DAM-like"
"C-44_CGGACGTTCCGTAGGC-1","C_1wpi","Activated Microglia A",1.407986546306,"DAM-like"
"C-44_CGGACTGCATCCTAGA-1","C_1wpi","Microglia 3",-1.2945248997483,"Homeostatic"
"C-44_CGGACTGGTTGAGTTC-1","C_1wpi","Microglia 2",0.747944055197581,"DAM-like"
"C-44_CGGGTCATCCGCGCAA-1","C_1wpi","Activated Microglia A",1.57631871314135,"DAM-like"
"C-44_CGGTTAATCGTAGGTT-1","C_1wpi","Activated Microglia A",0.861930419951764,"DAM-like"
"C-44_CGTAGCGCAGCCTTTC-1","C_1wpi","Microglia 1",-0.511826161882144,"Intermediate"
"C-44_CGTAGCGGTTACCGAT-1","C_1wpi","Microglia 1",-0.768641031034833,"Homeostatic"
"C-44_CGTAGGCTCGCTTAGA-1","C_1wpi","Microglia 2",-0.626098101670667,"Intermediate"
"C-44_CGTCCATCAGACGCAA-1","C_1wpi","Microglia 1",-0.0448803261554096,"Intermediate"
"C-44_CGTGAGCTCTCTAGGA-1","C_1wpi","Microglia 3",0.519853423417518,"DAM-like"
"C-44_CGTTAGAGTTAAGATG-1","C_1wpi","Microglia 3",0.300614767104147,"DAM-like"
"C-44_CGTTCTGGTTAAGAAC-1","C_1wpi","Activated Microglia A",1.33496917566842,"DAM-like"
"C-44_CTAACTTCAGCCAATT-1","C_1wpi","Microglia 3",-0.166417454088758,"Intermediate"
"C-44_CTAAGACAGAGTCGGT-1","C_1wpi","Activated Microglia A",1.12487482242521,"DAM-like"
"C-44_CTAAGACCACTAGTAC-1","C_1wpi","Microglia 2",-1.34722951058459,"Homeostatic"
"C-44_CTAAGACCATTCCTGC-1","C_1wpi","Microglia 3",-1.26000209947121,"Homeostatic"
"C-44_CTACACCCAATGAAAC-1","C_1wpi","Microglia 1",0.341113379209218,"DAM-like"
"C-44_CTACATTTCTTCGAGA-1","C_1wpi","Activated Microglia B",-0.54762288180302,"Intermediate"
"C-44_CTACGTCCAGACTCGC-1","C_1wpi","Microglia 3",0.103342708139856,"Intermediate"
"C-44_CTAGAGTAGAGACTAT-1","C_1wpi","Microglia 3",-0.749183713202961,"Homeostatic"
"C-44_CTAGAGTAGCCACGTC-1","C_1wpi","Microglia 3",-0.59512956524161,"Intermediate"
"C-44_CTAGCCTAGGGCATGT-1","C_1wpi","Microglia 3",1.44432406324848,"DAM-like"
"C-44_CTAGCCTAGTATCGAA-1","C_1wpi","Microglia 1",-0.920758437676722,"Homeostatic"
"C-44_CTAGCCTTCGCCAAAT-1","C_1wpi","Activated Microglia A",0.225525613821806,"Intermediate"
"C-44_CTAGTGACAGCTCGAC-1","C_1wpi","Microglia 2",0.362789469568596,"DAM-like"
"C-44_CTCACACCAGCTGTGC-1","C_1wpi","Microglia 2",-0.810646507170754,"Homeostatic"
"C-44_CTCGAAATCAGTGCAT-1","C_1wpi","Microglia 1",-0.659795845909787,"Intermediate"
"C-44_CTCGAGGAGTGAAGTT-1","C_1wpi","Activated Microglia A",0.645325475545024,"DAM-like"
"C-44_CTCGAGGGTATAGGTA-1","C_1wpi","Microglia 3",0.362518949441237,"DAM-like"
"C-44_CTCGAGGTCAATAAGG-1","C_1wpi","Activated Microglia B",0.907966484449928,"DAM-like"
"C-44_CTCGGGACAGGGTATG-1","C_1wpi","Microglia 3",1.01609943248574,"DAM-like"
"C-44_CTCGTACGTTCAGCGC-1","C_1wpi","Microglia 3",-0.943864240433485,"Homeostatic"
"C-44_CTCGTCACAAGTTAAG-1","C_1wpi","Activated Microglia A",1.96560482226512,"DAM-like"
"C-44_CTCTAATCACCAGTTA-1","C_1wpi","Microglia 3",-1.21956633109198,"Homeostatic"
"C-44_CTCTACGTCAATCTCT-1","C_1wpi","Microglia 3",-0.716393643951912,"Homeostatic"
"C-44_CTGAAGTGTAATCACC-1","C_1wpi","Microglia 3",-0.956945021620418,"Homeostatic"
"C-44_CTGATAGAGGTGTTAA-1","C_1wpi","Activated Microglia B",0.366534099873816,"DAM-like"
"C-44_CTGATAGGTAAGGATT-1","C_1wpi","Microglia 2",-0.330133073806411,"Intermediate"
"C-44_CTGATAGGTAATCACC-1","C_1wpi","Microglia 1",-0.374950624724084,"Intermediate"
"C-44_CTGATAGTCGAGAGCA-1","C_1wpi","Microglia 1",-0.784262315336825,"Homeostatic"
"C-44_CTGCCTAGTTAGGGTG-1","C_1wpi","Microglia 1",-1.45427144790111,"Homeostatic"
"C-44_CTGCGGAGTCTTCGTC-1","C_1wpi","Microglia 3",-0.769756690925923,"Homeostatic"
"C-44_CTGCGGATCAACGCTA-1","C_1wpi","Microglia 3",-0.430037151087735,"Intermediate"
"C-44_CTGCTGTAGCAATATG-1","C_1wpi","Microglia 3",0.425248797471176,"DAM-like"
"C-44_CTGCTGTTCCTGCCAT-1","C_1wpi","Microglia 3",0.101092487497911,"Intermediate"
"C-44_CTGGTCTAGTTACCCA-1","C_1wpi","Microglia 3",0.402751942082411,"DAM-like"
"C-44_CTGGTCTCATGCAACT-1","C_1wpi","Microglia 3",0.595007242413219,"DAM-like"
"C-44_CTGGTCTGTAGCGCTC-1","C_1wpi","Activated Microglia A",0.837764432995848,"DAM-like"
"C-44_CTGGTCTGTCTTCAAG-1","C_1wpi","Microglia 3",1.33734886377522,"DAM-like"
"C-44_CTGGTCTTCCTAGAAC-1","C_1wpi","Activated Microglia A",0.439380308753275,"DAM-like"
"C-44_CTGTGCTCAGTATAAG-1","C_1wpi","Activated Microglia B",0.30352179611994,"DAM-like"
"C-44_CTTAACTCACGCATCG-1","C_1wpi","Activated Microglia B",0.692938767729442,"DAM-like"
"C-44_CTTAACTTCCGCGCAA-1","C_1wpi","Activated Microglia A",1.07121995868388,"DAM-like"
"C-44_CTTACCGAGGTGTGGT-1","C_1wpi","Microglia 3",-0.890476060540713,"Homeostatic"
"C-44_CTTCTCTCAGCTGTTA-1","C_1wpi","Microglia 3",-0.616570258332733,"Intermediate"
"C-44_CTTCTCTTCTGTTTGT-1","C_1wpi","Microglia 3",-0.819530131978843,"Homeostatic"
"C-44_CTTGGCTCACCAGCAC-1","C_1wpi","Microglia 3",0.658844511124311,"DAM-like"
"C-44_CTTTGCGAGCGATTCT-1","C_1wpi","Activated Microglia A",1.1536484974107,"DAM-like"
"C-44_CTTTGCGCACCGATAT-1","C_1wpi","Activated Microglia B",0.770508805346079,"DAM-like"
"C-44_CTTTGCGGTGGTGTAG-1","C_1wpi","Microglia 2",1.2337553749492,"DAM-like"
"C-44_GAAACTCAGCTGAAAT-1","C_1wpi","Microglia 1",-1.49994561490468,"Homeostatic"
"C-44_GAAACTCCACTGTCGG-1","C_1wpi","Microglia 1",-0.575244687619031,"Intermediate"
"C-44_GAAACTCTCGTTGACA-1","C_1wpi","Activated Microglia A",0.724313726262835,"DAM-like"
"C-44_GAAATGAAGTCCCACG-1","C_1wpi","Microglia 3",0.39996817324154,"DAM-like"
"C-44_GAAATGAGTGTGTGCC-1","C_1wpi","Microglia 3",-0.340011221111685,"Intermediate"
"C-44_GAACATCGTCGTGGCT-1","C_1wpi","Activated Microglia A",0.787141257751029,"DAM-like"
"C-44_GAAGCAGAGGCAAAGA-1","C_1wpi","Microglia 3",1.26946121862889,"DAM-like"
"C-44_GAATAAGTCACCGTAA-1","C_1wpi","Microglia 3",0.0427389120420609,"Intermediate"
"C-44_GAATAAGTCTGCTTGC-1","C_1wpi","Activated Microglia A",0.837219089442565,"DAM-like"
"C-44_GACAGAGAGAATAGGG-1","C_1wpi","Microglia 2",-0.580499194755683,"Intermediate"
"C-44_GACCAATGTGCAGACA-1","C_1wpi","Microglia 3",-1.68081968077938,"Homeostatic"
"C-44_GACGCGTAGCGTGAGT-1","C_1wpi","Microglia 3",1.00018692006342,"DAM-like"
"C-44_GACGTTAGTATGGTTC-1","C_1wpi","Microglia 3",0.238659744536661,"DAM-like"
"C-44_GACTACACAGAGCCAA-1","C_1wpi","Microglia 3",-2.27481410326767,"Homeostatic"
"C-44_GAGCAGAGTAGGCATG-1","C_1wpi","Activated Microglia A",-0.515050119863252,"Intermediate"
"C-44_GAGCAGAGTTGCGTTA-1","C_1wpi","Microglia 3",0.529802293485101,"DAM-like"
"C-44_GAGGTGACAACTTGAC-1","C_1wpi","Microglia 1",-0.630423215554056,"Intermediate"
"C-44_GATCGATCAGATCCAT-1","C_1wpi","Activated Microglia A",0.782455172049708,"DAM-like"
"C-44_GATCGATCAGATTGCT-1","C_1wpi","Microglia 3",-0.848781780414523,"Homeostatic"
"C-44_GATCGATTCCACGAAT-1","C_1wpi","Microglia 1",0.0246139829025649,"Intermediate"
"C-44_GATCGTAAGTCCATAC-1","C_1wpi","Microglia 3",0.295610175522747,"DAM-like"
"C-44_GATCGTATCAGCTTAG-1","C_1wpi","Microglia 3",0.284468375794239,"DAM-like"
"C-44_GATCGTATCCCATTTA-1","C_1wpi","Activated Microglia A",1.19258874984984,"DAM-like"
"C-44_GATCTAGCAATGCCAT-1","C_1wpi","Microglia 3",-0.110306924493463,"Intermediate"
"C-44_GATGCTAAGTGTCCAT-1","C_1wpi","Microglia 2",0.360086722480711,"DAM-like"
"C-44_GATGCTACACAGACAG-1","C_1wpi","Microglia 1",-1.57177127951347,"Homeostatic"
"C-44_GCAAACTCACAAGTAA-1","C_1wpi","Microglia 3",0.693317408177183,"DAM-like"
"C-44_GCAATCAAGTTACGGG-1","C_1wpi","Microglia 2",0.419191862736871,"DAM-like"
"C-44_GCAATCACAGTTCCCT-1","C_1wpi","Activated Microglia A",0.346186695545961,"DAM-like"
"C-44_GCACATAAGACAAGCC-1","C_1wpi","Microglia 2",-0.0404524839732117,"Intermediate"
"C-44_GCACATAGTGAGCGAT-1","C_1wpi","Microglia 1",-0.467516718926751,"Intermediate"
"C-44_GCACTCTTCACATACG-1","C_1wpi","Microglia 3",-0.671775854192558,"Intermediate"
"C-44_GCAGCCACACGCTTTC-1","C_1wpi","Activated Microglia A",0.637426654461328,"DAM-like"
"C-44_GCAGCCACATCACCCT-1","C_1wpi","Microglia 3",-0.45398904209145,"Intermediate"
"C-44_GCAGCCATCTCGCTTG-1","C_1wpi","Microglia 2",-0.800731275567797,"Homeostatic"
"C-44_GCATGTAGTCTCTTAT-1","C_1wpi","Microglia 3",0.562014836052084,"DAM-like"
"C-44_GCATGTATCTGATACG-1","C_1wpi","Microglia 2",-1.17245558632872,"Homeostatic"
"C-44_GCCAAATGTCGCGGTT-1","C_1wpi","Activated Microglia A",1.78771556710215,"DAM-like"
"C-44_GCCAAATTCATCGATG-1","C_1wpi","Microglia 3",0.226798078937819,"Intermediate"
"C-44_GCCAAATTCTCCTATA-1","C_1wpi","Microglia 1",-0.580582090245458,"Intermediate"
"C-44_GCGACCATCGTTGCCT-1","C_1wpi","Microglia 1",0.0365573944470575,"Intermediate"
"C-44_GCGAGAAGTTTGGGCC-1","C_1wpi","Microglia 3",-0.433435159145533,"Intermediate"
"C-44_GCGCAACCAGCGATCC-1","C_1wpi","Microglia 1",-0.21484178810462,"Intermediate"
"C-44_GCGGGTTCAGCTTAAC-1","C_1wpi","Microglia 3",0.233057901182615,"DAM-like"
"C-44_GCGGGTTCATCCCATC-1","C_1wpi","Microglia 3",-1.63780442767896,"Homeostatic"
"C-44_GCTCCTAAGTGTTGAA-1","C_1wpi","Activated Microglia A",1.70496688204463,"DAM-like"
"C-44_GCTCCTAGTAGCCTCG-1","C_1wpi","Microglia 1",0.076107797313274,"Intermediate"
"C-44_GCTGCGAGTAGTAGTA-1","C_1wpi","Microglia 1",-0.456868801581581,"Intermediate"
"C-44_GGAATAAAGCCCAATT-1","C_1wpi","Microglia 3",0.32554007115227,"DAM-like"
"C-44_GGAATAACACCAACCG-1","C_1wpi","Microglia 1",0.547036417365234,"DAM-like"
"C-44_GGACAGATCCTGCCAT-1","C_1wpi","Microglia 3",-0.910183505770646,"Homeostatic"
"C-44_GGACATTCAGCTGCAC-1","C_1wpi","Microglia 1",-0.177425035321197,"Intermediate"
"C-44_GGAGCAACACGGTTTA-1","C_1wpi","Activated Microglia A",0.539872948933647,"DAM-like"
"C-44_GGATGTTCAAGCTGGA-1","C_1wpi","Activated Microglia A",0.968362771805269,"DAM-like"
"C-44_GGATTACCACCAGGTC-1","C_1wpi","Microglia 3",1.36239171181389,"DAM-like"
"C-44_GGATTACGTCATGCCG-1","C_1wpi","Microglia 1",0.0139335078012974,"Intermediate"
"C-44_GGATTACGTTTGTTGG-1","C_1wpi","Microglia 3",-0.966744912910474,"Homeostatic"
"C-44_GGCAATTTCTCCCTGA-1","C_1wpi","Microglia 3",-1.55475639362569,"Homeostatic"
"C-44_GGCCGATCAGGTTTCA-1","C_1wpi","Microglia 1",-0.118489831307623,"Intermediate"
"C-44_GGCCGATGTTAGATGA-1","C_1wpi","Microglia 3",1.46767640078555,"DAM-like"
"C-44_GGCGACTGTGCCTGTG-1","C_1wpi","Microglia 2",-0.162291180303841,"Intermediate"
"C-44_GGCGACTGTTAGAACA-1","C_1wpi","Microglia 3",0.0141742314079221,"Intermediate"
"C-44_GGCGACTTCACTTACT-1","C_1wpi","Microglia 3",-2.19578687764806,"Homeostatic"
"C-44_GGCGTGTTCAAGCCTA-1","C_1wpi","Microglia 3",0.446449551140877,"DAM-like"
"C-44_GGCTGGTCATTAGGCT-1","C_1wpi","Microglia 1",-0.00606211090845266,"Intermediate"
"C-44_GGGACCTCACATCTTT-1","C_1wpi","Activated Microglia A",0.171705226383589,"Intermediate"
"C-44_GGGACCTTCATAACCG-1","C_1wpi","Microglia 2",-0.809835846396009,"Homeostatic"
"C-44_GGGAGATCAATAGAGT-1","C_1wpi","Activated Microglia B",1.53160416526794,"DAM-like"
"C-44_GGGTCTGAGTTGTCGT-1","C_1wpi","Microglia 3",-0.242497139209975,"Intermediate"
"C-44_GGGTCTGCAGCCTGTG-1","C_1wpi","Activated Microglia B",0.578995273234683,"DAM-like"
"C-44_GGTGAAGAGTTATCGC-1","C_1wpi","Microglia 1",0.196893692091073,"Intermediate"
"C-44_GGTGCGTTCCTGCTTG-1","C_1wpi","Microglia 3",0.680385060064774,"DAM-like"
"C-44_GTAACGTGTATCGCAT-1","C_1wpi","Microglia 2",-0.371981740760769,"Intermediate"
"C-44_GTAACGTGTTATGCGT-1","C_1wpi","Microglia 3",-0.202262706331162,"Intermediate"
"C-44_GTAACTGCACACCGAC-1","C_1wpi","Microglia 1",0.0123837944306667,"Intermediate"
"C-44_GTACGTACAGATAATG-1","C_1wpi","Microglia 1",-0.898200106896488,"Homeostatic"
"C-44_GTACGTACATGTTGAC-1","C_1wpi","Activated Microglia A",0.669076193922303,"DAM-like"
"C-44_GTACGTAGTTTAGCTG-1","C_1wpi","Activated Microglia A",1.30406974438004,"DAM-like"
"C-44_GTAGTCAAGCGGCTTC-1","C_1wpi","Activated Microglia A",0.481591307492982,"DAM-like"
"C-44_GTAGTCATCCCGACTT-1","C_1wpi","Microglia 3",0.351359915700715,"DAM-like"
"C-44_GTATCTTAGTGAAGTT-1","C_1wpi","Microglia 3",-0.854701938104167,"Homeostatic"
"C-44_GTATCTTGTCTCTTAT-1","C_1wpi","Microglia 1",-1.82140889716094,"Homeostatic"
"C-44_GTATTCTCACCCAGTG-1","C_1wpi","Microglia 1",-0.422476566020407,"Intermediate"
"C-44_GTCACGGCACACCGCA-1","C_1wpi","Activated Microglia B",1.80894056786753,"DAM-like"
"C-44_GTCACGGTCTCGTATT-1","C_1wpi","Microglia 3",-0.583047207196623,"Intermediate"
"C-44_GTCGGGTTCAATACCG-1","C_1wpi","Activated Microglia A",0.371740872874865,"DAM-like"
"C-44_GTCGTAACATGCCTTC-1","C_1wpi","Microglia 3",0.362755893584587,"DAM-like"
"C-44_GTCGTAATCCGCGTTT-1","C_1wpi","Activated Microglia B",0.609723602377021,"DAM-like"
"C-44_GTCTCGTCAAGAGTCG-1","C_1wpi","Microglia 1",-0.564655323554206,"Intermediate"
"C-44_GTGAAGGGTTCTGAAC-1","C_1wpi","Microglia 1",-0.518227811303332,"Intermediate"
"C-44_GTGCTTCAGAGCAATT-1","C_1wpi","Microglia 3",-0.751109045027981,"Homeostatic"
"C-44_GTGCTTCCAGCATACT-1","C_1wpi","Microglia 1",0.102474180666983,"Intermediate"
"C-44_GTGCTTCCAGCCACCA-1","C_1wpi","Microglia 3",0.457733825913171,"DAM-like"
"C-44_GTGGGTCTCATGTGGT-1","C_1wpi","Microglia 1",-0.692294370080322,"Intermediate"
"C-44_GTGTGCGGTCGATTGT-1","C_1wpi","Activated Microglia A",0.656246058603746,"DAM-like"
"C-44_GTGTTAGAGATCGGGT-1","C_1wpi","Microglia 2",1.03723461320165,"DAM-like"
"C-44_GTGTTAGGTGAAATCA-1","C_1wpi","Microglia 1",-0.43141688225139,"Intermediate"
"C-44_GTTAAGCCATTACCTT-1","C_1wpi","Microglia 1",-0.811985182388547,"Homeostatic"
"C-44_GTTACAGTCAAGATCC-1","C_1wpi","Microglia 1",-0.498660779040607,"Intermediate"
"C-44_GTTCTCGGTTTCCACC-1","C_1wpi","Activated Microglia A",2.03589897462958,"DAM-like"
"C-44_TAAACCGAGGTCGGAT-1","C_1wpi","Activated Microglia A",0.730576715693078,"DAM-like"
"C-44_TAAACCGTCGGCGCTA-1","C_1wpi","Microglia 2",-0.285794039886968,"Intermediate"
"C-44_TAAGCGTTCTTAGAGC-1","C_1wpi","Microglia 3",-0.0134840003224734,"Intermediate"
"C-44_TACGGATCATTCACTT-1","C_1wpi","Activated Microglia A",-0.0409551441006131,"Intermediate"
"C-44_TACGGGCTCGAACTGT-1","C_1wpi","Microglia 3",0.432044139736337,"DAM-like"
"C-44_TACGGTACAAACGCGA-1","C_1wpi","Activated Microglia A",1.26022965480388,"DAM-like"
"C-44_TACGGTATCTGCGGCA-1","C_1wpi","Microglia 2",-1.56196957815266,"Homeostatic"
"C-44_TACTCGCCAGCGAACA-1","C_1wpi","Microglia 3",-0.341897760853271,"Intermediate"
"C-44_TACTTACGTATCTGCA-1","C_1wpi","Microglia 3",-0.684293437749944,"Intermediate"
"C-44_TACTTGTAGCGAGAAA-1","C_1wpi","Microglia 2",-1.12696780812083,"Homeostatic"
"C-44_TAGACCACACCTTGTC-1","C_1wpi","Activated Microglia A",0.43099325508082,"DAM-like"
"C-44_TAGACCACATCAGTAC-1","C_1wpi","Microglia 3",0.932011320107087,"DAM-like"
"C-44_TAGAGCTAGTGGGTTG-1","C_1wpi","Microglia 3",0.818279014812473,"DAM-like"
"C-44_TAGAGCTTCTCGATGA-1","C_1wpi","Microglia 2",-0.978093359294891,"Homeostatic"
"C-44_TAGGCATAGACAGACC-1","C_1wpi","Microglia 2",0.791870870167414,"DAM-like"
"C-44_TATCAGGAGTCCATAC-1","C_1wpi","Microglia 2",-1.37255696393947,"Homeostatic"
"C-44_TATCTCATCTCGCATC-1","C_1wpi","Microglia 3",-0.822116893770725,"Homeostatic"
"C-44_TATGCCCGTGGCCCTA-1","C_1wpi","Activated Microglia A",0.0532563018838972,"Intermediate"
"C-44_TCAACGAAGATACACA-1","C_1wpi","Activated Microglia B",0.982138831287843,"DAM-like"
"C-44_TCAACGAGTACGCTGC-1","C_1wpi","Microglia 3",-0.336437277431451,"Intermediate"
"C-44_TCAACGATCCCTCTTT-1","C_1wpi","Microglia 3",-0.526278612895282,"Intermediate"
"C-44_TCAATCTAGGCTAGAC-1","C_1wpi","Microglia 1",-0.683540073924636,"Intermediate"
"C-44_TCAATCTCACATCCGG-1","C_1wpi","Microglia 1",-0.461270200094112,"Intermediate"
"C-44_TCAATCTCAGTACACT-1","C_1wpi","Microglia 1",0.05180488688523,"Intermediate"
"C-44_TCAATCTTCATGTGGT-1","C_1wpi","Microglia 3",-0.481516505728311,"Intermediate"
"C-44_TCAGCTCCACTTACGA-1","C_1wpi","Microglia 3",0.426897189368547,"DAM-like"
"C-44_TCAGCTCCAGCGATCC-1","C_1wpi","Activated Microglia B",1.35943973286855,"DAM-like"
"C-44_TCAGGTACAGCCTTGG-1","C_1wpi","Microglia 2",-0.410711896595077,"Intermediate"
"C-44_TCATTACTCCACGTTC-1","C_1wpi","Microglia 3",-1.00114975612386,"Homeostatic"
"C-44_TCCACACAGAAGAAGC-1","C_1wpi","Microglia 3",-1.38107009363535,"Homeostatic"
"C-44_TCCCGATCACAGCCCA-1","C_1wpi","Microglia 2",-1.28430796530224,"Homeostatic"
"C-44_TCGAGGCCAGGGAGAG-1","C_1wpi","Microglia 3",-0.519099885009594,"Intermediate"
"C-44_TCGAGGCGTAGCGTGA-1","C_1wpi","Microglia 2",-0.864013273600835,"Homeostatic"
"C-44_TCGCGAGTCCTTTCGG-1","C_1wpi","Microglia 2",-0.789323491713467,"Homeostatic"
"C-44_TCGCGAGTCGTCACGG-1","C_1wpi","Microglia 1",-0.835776138987808,"Homeostatic"
"C-44_TCGCGTTAGTTGCAGG-1","C_1wpi","Microglia 1",-1.34735107048824,"Homeostatic"
"C-44_TCGCGTTCAAAGTGCG-1","C_1wpi","Microglia 1",-0.906293333063036,"Homeostatic"
"C-44_TCGCGTTCACTTCTGC-1","C_1wpi","Microglia 2",-0.157691153701408,"Intermediate"
"C-44_TCGCGTTCATCTCCCA-1","C_1wpi","Microglia 1",-1.36922278395849,"Homeostatic"
"C-44_TCGCGTTGTTTGGCGC-1","C_1wpi","Microglia 3",-0.224538535861863,"Intermediate"
"C-44_TCGGGACAGACTTTCG-1","C_1wpi","Microglia 3",-0.779687485652643,"Homeostatic"
"C-44_TCGGGACCATTCCTCG-1","C_1wpi","Microglia 1",0.653266215004689,"DAM-like"
"C-44_TCGTACCCAGACAAAT-1","C_1wpi","Microglia 3",-0.729211718421516,"Homeostatic"
"C-44_TCGTAGATCACAGGCC-1","C_1wpi","Microglia 3",-0.357134077178143,"Intermediate"
"C-44_TCTATTGCAGTATAAG-1","C_1wpi","Microglia 3",0.0668129256939091,"Intermediate"
"C-44_TCTATTGGTCTTGCGG-1","C_1wpi","Activated Microglia A",0.682480675505807,"DAM-like"
"C-44_TCTCATAAGCCCAACC-1","C_1wpi","Microglia 3",0,"Intermediate"
"C-44_TCTCATAGTTGTCGCG-1","C_1wpi","Microglia 3",-1.20034354264616,"Homeostatic"
"C-44_TCTCTAAAGCCTCGTG-1","C_1wpi","Microglia 1",-2.30938407281536,"Homeostatic"
"C-44_TCTCTAACACGAAAGC-1","C_1wpi","Microglia 1",-1.4760220542514,"Homeostatic"
"C-44_TGAAAGAGTTCAACCA-1","C_1wpi","Microglia 1",-0.757601312621724,"Homeostatic"
"C-44_TGACGGCCACTACAGT-1","C_1wpi","Microglia 1",-0.64892727979352,"Intermediate"
"C-44_TGACTTTAGTGGTAAT-1","C_1wpi","Microglia 3",0.374355226885445,"DAM-like"
"C-44_TGACTTTGTGTTCTTT-1","C_1wpi","Microglia 3",-0.425457302761939,"Intermediate"
"C-44_TGAGAGGGTCTAGTCA-1","C_1wpi","Activated Microglia B",1.49199488968115,"DAM-like"
"C-44_TGAGGGACACGACTCG-1","C_1wpi","Activated Microglia A",1.52104868941786,"DAM-like"
"C-44_TGAGGGAGTACGCACC-1","C_1wpi","Microglia 1",-0.0176056391551573,"Intermediate"
"C-44_TGCCAAATCCCTTGTG-1","C_1wpi","Activated Microglia A",0.875952702127977,"DAM-like"
"C-44_TGCCAAATCCTGTACC-1","C_1wpi","Microglia 1",-0.61368763659431,"Intermediate"
"C-44_TGCCAAATCCTTTCTC-1","C_1wpi","Microglia 2",-0.0627252734543309,"Intermediate"
"C-44_TGCCCTAAGCGATCCC-1","C_1wpi","Activated Microglia A",0.434113320386151,"DAM-like"
"C-44_TGCCCTACACAAGTAA-1","C_1wpi","Microglia 1",-0.226192495640668,"Intermediate"
"C-44_TGCGCAGTCAGCACAT-1","C_1wpi","Microglia 2",-0.975323375943456,"Homeostatic"
"C-44_TGCGTGGAGCCAGTTT-1","C_1wpi","Microglia 3",-0.281866234816817,"Intermediate"
"C-44_TGGCCAGAGTAGTGCG-1","C_1wpi","Microglia 1",0.158830423716802,"Intermediate"
"C-44_TGGGAAGAGTTTAGGA-1","C_1wpi","Microglia 1",-1.07667546507816,"Homeostatic"
"C-44_TGGTTAGCAAGCTGGA-1","C_1wpi","Microglia 1",-0.155461663900199,"Intermediate"
"C-44_TGTGGTACAATACGCT-1","C_1wpi","Microglia 1",-0.340936684096956,"Intermediate"
"C-44_TGTGGTACAATGGTCT-1","C_1wpi","Activated Microglia B",0.635577348654445,"DAM-like"
"C-44_TGTGGTACACATCCGG-1","C_1wpi","Microglia 3",-0.27711848882612,"Intermediate"
"C-44_TGTTCCGGTTCGCGAC-1","C_1wpi","Microglia 1",-1.14214274300926,"Homeostatic"
"C-44_TTAACTCCATTGAGCT-1","C_1wpi","Activated Microglia B",0.465760164873339,"DAM-like"
"C-44_TTAGTTCGTAAGGATT-1","C_1wpi","Microglia 1",-1.57611042861112,"Homeostatic"
"C-44_TTCCCAGCAAGAAAGG-1","C_1wpi","Microglia 2",0.300337967371651,"DAM-like"
"C-44_TTCCCAGTCGGCTACG-1","C_1wpi","Activated Microglia A",1.67960289613084,"DAM-like"
"C-44_TTCGAAGAGCCAGTAG-1","C_1wpi","Microglia 1",0.0868209056297895,"Intermediate"
"C-44_TTCGAAGTCATAGCAC-1","C_1wpi","Activated Microglia B",0.565370518812444,"DAM-like"
"C-44_TTCGAAGTCTACGAGT-1","C_1wpi","Microglia 1",-0.699830458051876,"Intermediate"
"C-44_TTCTACAGTATGAATG-1","C_1wpi","Microglia 2",-0.307840605221458,"Intermediate"
"C-44_TTCTACATCGAACGGA-1","C_1wpi","Microglia 3",-0.176339352295231,"Intermediate"
"C-44_TTCTCAAGTGCACTTA-1","C_1wpi","Activated Microglia B",-0.131922370261956,"Intermediate"
"C-44_TTGTAGGTCTGCAGTA-1","C_1wpi","Activated Microglia A",0.583266518301671,"DAM-like"
"C-44_TTTACTGTCCATTCTA-1","C_1wpi","Microglia 3",0.000545526620416403,"Intermediate"
"C-44_TTTATGCGTCTCAACA-1","C_1wpi","Microglia 3",0.878315077590401,"DAM-like"
"C-44_TTTGGTTTCGGAAACG-1","C_1wpi","Microglia 1",0.108985086750212,"Intermediate"
"C-44_TTTGTCATCAGTCCCT-1","C_1wpi","Microglia 1",-0.595791547390954,"Intermediate"
"D-25_AAACGGGCAAGTACCT-1","D_3wpi","Microglia 2",-0.269556217900261,"Intermediate"
"D-25_AAACGGGCATGGTCTA-1","D_3wpi","Microglia 2",0.156929330996822,"Intermediate"
"D-25_AAAGATGCAATTCCTT-1","D_3wpi","Activated Microglia A",0.267118787014246,"DAM-like"
"D-25_AAAGTAGGTCACCTAA-1","D_3wpi","Microglia 2",0.805058251032681,"DAM-like"
"D-25_AAAGTAGGTTACGTCA-1","D_3wpi","Activated Microglia A",0.583330428609314,"DAM-like"
"D-25_AAATGCCAGAAAGTGG-1","D_3wpi","Microglia 2",-0.496772401992745,"Intermediate"
"D-25_AAATGCCTCAGCTGGC-1","D_3wpi","Activated Microglia B",1.27300523767583,"DAM-like"
"D-25_AAATGCCTCATGCATG-1","D_3wpi","Microglia 2",-0.7480154331241,"Homeostatic"
"D-25_AACACGTCATGCCTTC-1","D_3wpi","Microglia 1",0.508318162834713,"DAM-like"
"D-25_AACCATGAGATCACGG-1","D_3wpi","Microglia 2",-2.02394702456569,"Homeostatic"
"D-25_AACCATGTCAGGCAAG-1","D_3wpi","Microglia 2",0.661640434982689,"DAM-like"
"D-25_AACCGCGCAGTAAGAT-1","D_3wpi","Microglia 2",-0.514711425605075,"Intermediate"
"D-25_AACTCCCCATGCGCAC-1","D_3wpi","Microglia 2",0.511444610383022,"DAM-like"
"D-25_AACTGGTCATCACGTA-1","D_3wpi","Microglia 2",0.435689025125471,"DAM-like"
"D-25_AACTGGTGTAGCGCAA-1","D_3wpi","Activated Microglia A",0.90426697778279,"DAM-like"
"D-25_AAGACCTTCTTGAGAC-1","D_3wpi","Microglia 1",0.101448935392378,"Intermediate"
"D-25_AATCCAGAGTGGACGT-1","D_3wpi","Microglia 2",-1.11901171746581,"Homeostatic"
"D-25_AATCGGTGTTGCTCCT-1","D_3wpi","Microglia 2",0.128436005296283,"Intermediate"
"D-25_AATCGGTTCGCCGTGA-1","D_3wpi","Microglia 2",-0.343347767087381,"Intermediate"
"D-25_ACACCAACATTCTCAT-1","D_3wpi","Microglia 2",-1.64606102881153,"Homeostatic"
"D-25_ACACCCTCACTGTTAG-1","D_3wpi","Microglia 2",0.107223478865193,"Intermediate"
"D-25_ACACCGGCACATAACC-1","D_3wpi","Microglia 3",-1.3412180917547,"Homeostatic"
"D-25_ACACCGGGTGTTTGGT-1","D_3wpi","Microglia 2",-0.127854217194077,"Intermediate"
"D-25_ACACTGATCTCGATGA-1","D_3wpi","Microglia 2",-0.182070073352107,"Intermediate"
"D-25_ACAGCCGCATAAAGGT-1","D_3wpi","Microglia 3",-1.09991995028885,"Homeostatic"
"D-25_ACAGCTACAGTATCTG-1","D_3wpi","Activated Microglia B",0.791798159052116,"DAM-like"
"D-25_ACATACGCAGCTCCGA-1","D_3wpi","Microglia 1",-0.565904605144361,"Intermediate"
"D-25_ACCAGTACAACTGCGC-1","D_3wpi","Microglia 1",-1.33793355256413,"Homeostatic"
"D-25_ACCGTAATCAATCTCT-1","D_3wpi","Microglia 2",-0.0209938251642217,"Intermediate"
"D-25_ACGAGGAGTGGCAAAC-1","D_3wpi","Microglia 2",-1.5092588645656,"Homeostatic"
"D-25_ACGATACGTCTCTCGT-1","D_3wpi","Microglia 2",-0.636314840353281,"Intermediate"
"D-25_ACGATGTAGCGCTCCA-1","D_3wpi","Microglia 2",-1.53711438934814,"Homeostatic"
"D-25_ACGATGTGTACAGTTC-1","D_3wpi","Microglia 2",-0.87949402378438,"Homeostatic"
"D-25_ACGCCGATCCTGCCAT-1","D_3wpi","Microglia 2",0.370677945239067,"DAM-like"
"D-25_ACGGAGACAGCTTAAC-1","D_3wpi","Microglia 2",1.03838615563816,"DAM-like"
"D-25_ACGGAGATCGGTCCGA-1","D_3wpi","Microglia 2",1.21202710943492,"DAM-like"
"D-25_ACGGCCATCGGCGGTT-1","D_3wpi","Microglia 2",-0.357020240249421,"Intermediate"
"D-25_ACGGGTCCATCGTCGG-1","D_3wpi","Activated Microglia B",1.33414168242618,"DAM-like"
"D-25_ACTATCTCATTTGCCC-1","D_3wpi","Microglia 1",-1.07779354916353,"Homeostatic"
"D-25_ACTATCTTCATCACCC-1","D_3wpi","Microglia 2",-0.384431552518753,"Intermediate"
"D-25_ACTGTCCTCGTTTATC-1","D_3wpi","Microglia 1",-0.771775017738825,"Homeostatic"
"D-25_AGACGTTCAGAGCCAA-1","D_3wpi","Microglia 2",-0.115242714174834,"Intermediate"
"D-25_AGAGCTTCATGCAACT-1","D_3wpi","Microglia 2",-0.995427275313501,"Homeostatic"
"D-25_AGATCTGCACTACAGT-1","D_3wpi","Microglia 2",0.507286171332289,"DAM-like"
"D-25_AGATCTGTCATAACCG-1","D_3wpi","Microglia 2",0.177375750550728,"Intermediate"
"D-25_AGCATACTCCCTAATT-1","D_3wpi","Microglia 2",-1.02895932813774,"Homeostatic"
"D-25_AGCCTAACAAGCCCAC-1","D_3wpi","Microglia 2",-0.408666493416392,"Intermediate"
"D-25_AGCTTGACACGAAGCA-1","D_3wpi","Microglia 2",-0.434949549778432,"Intermediate"
"D-25_AGGCCACGTCATATCG-1","D_3wpi","Microglia 1",-0.933511143349879,"Homeostatic"
"D-25_AGGCCGTAGCGATCCC-1","D_3wpi","Microglia 2",-0.386252296033342,"Intermediate"
"D-25_AGGTCATAGACAGACC-1","D_3wpi","Microglia 2",-0.824894536382059,"Homeostatic"
"D-25_AGGTCCGTCTGCTGTC-1","D_3wpi","Microglia 2",-0.485987066846677,"Intermediate"
"D-25_AGTAGTCTCCTAGGGC-1","D_3wpi","Microglia 2",0.828823304787376,"DAM-like"
"D-25_AGTAGTCTCCTGCTTG-1","D_3wpi","Microglia 2",-1.91988303418925,"Homeostatic"
"D-25_AGTGTCACAAACGTGG-1","D_3wpi","Microglia 3",-0.117223544528989,"Intermediate"
"D-25_AGTGTCACATAGTAAG-1","D_3wpi","Microglia 1",-0.34184442230268,"Intermediate"
"D-25_ATAAGAGCACAGGTTT-1","D_3wpi","Microglia 2",-0.576380665835744,"Intermediate"
"D-25_ATAAGAGGTTACGACT-1","D_3wpi","Activated Microglia A",1.1550201083796,"DAM-like"
"D-25_ATAGACCCACCAGTTA-1","D_3wpi","Microglia 2",-0.275779378267913,"Intermediate"
"D-25_ATCACGAAGGTTACCT-1","D_3wpi","Microglia 2",-1.19817559118611,"Homeostatic"
"D-25_ATCACGACAAAGCAAT-1","D_3wpi","Microglia 1",-1.0951124392809,"Homeostatic"
"D-25_ATCACGAGTGAGTGAC-1","D_3wpi","Activated Microglia A",-0.397198000440368,"Intermediate"
"D-25_ATCATCTTCCTAGAAC-1","D_3wpi","Microglia 2",-0.245567075347823,"Intermediate"
"D-25_ATCATGGTCAGAGACG-1","D_3wpi","Activated Microglia B",0.787840030218757,"DAM-like"
"D-25_ATCTACTAGAGCTGGT-1","D_3wpi","Microglia 2",-0.664784435417027,"Intermediate"
"D-25_ATCTACTCAGCTCCGA-1","D_3wpi","Microglia 2",-0.738180944365555,"Homeostatic"
"D-25_ATCTACTGTTGCGCAC-1","D_3wpi","Microglia 1",-1.435223334571,"Homeostatic"
"D-25_ATGCGATAGACTTTCG-1","D_3wpi","Microglia 2",0.0269591134741228,"Intermediate"
"D-25_ATTACTCTCGCCAGCA-1","D_3wpi","Microglia 1",-1.48753734760735,"Homeostatic"
"D-25_ATTGGTGTCTAGCACA-1","D_3wpi","Microglia 1",-2.06254756905473,"Homeostatic"
"D-25_CAACCAAGTCCGAACC-1","D_3wpi","Microglia 1",-0.160248523826216,"Intermediate"
"D-25_CAACTAGAGTCCGTAT-1","D_3wpi","Activated Microglia B",0.726846901895678,"DAM-like"
"D-25_CAAGAAAAGTGAACAT-1","D_3wpi","Microglia 2",-0.296978231354615,"Intermediate"
"D-25_CAAGAAACAAATACAG-1","D_3wpi","Microglia 2",-0.419707803766367,"Intermediate"
"D-25_CAAGAAATCTGCTTGC-1","D_3wpi","Microglia 1",-1.71376158378645,"Homeostatic"
"D-25_CAAGATCCACAAGTAA-1","D_3wpi","Microglia 2",0.590701537665338,"DAM-like"
"D-25_CAAGTTGTCGGAGGTA-1","D_3wpi","Microglia 2",-2.06576210023388,"Homeostatic"
"D-25_CACAAACTCGAATGCT-1","D_3wpi","Microglia 2",0.20544262804823,"Intermediate"
"D-25_CACACTCTCCGGGTGT-1","D_3wpi","Microglia 1",-0.623217244212171,"Intermediate"
"D-25_CACAGTATCTATCCCG-1","D_3wpi","Microglia 1",0.0866410383002341,"Intermediate"
"D-25_CACATAGGTACCGTAT-1","D_3wpi","Microglia 2",0.137068543387269,"Intermediate"
"D-25_CACATTTTCTTCAACT-1","D_3wpi","Microglia 2",-1.62382655547661,"Homeostatic"
"D-25_CACCACTAGTCACGCC-1","D_3wpi","Activated Microglia A",-1.1122297436151,"Homeostatic"
"D-25_CACCACTGTCCAAGTT-1","D_3wpi","Microglia 2",0.0948427949747308,"Intermediate"
"D-25_CACCTTGGTATAGGGC-1","D_3wpi","Microglia 2",-0.46461751341514,"Intermediate"
"D-25_CAGCAGCTCGAATCCA-1","D_3wpi","Microglia 2",-1.05500109394989,"Homeostatic"
"D-25_CAGCATAAGCTTATCG-1","D_3wpi","Microglia 2",-0.282366649079715,"Intermediate"
"D-25_CAGCGACTCGGACAAG-1","D_3wpi","Microglia 2",-1.24163034692215,"Homeostatic"
"D-25_CAGGTGCAGAAGAAGC-1","D_3wpi","Microglia 2",-1.13478007347323,"Homeostatic"
"D-25_CAGTAACTCAAGGTAA-1","D_3wpi","Microglia 2",-0.253929535592365,"Intermediate"
"D-25_CATATTCCAAGTCTAC-1","D_3wpi","Microglia 2",-1.19644944459795,"Homeostatic"
"D-25_CATATTCTCACGATGT-1","D_3wpi","Microglia 3",0.183387876959919,"Intermediate"
"D-25_CATCAGAAGGTGGGTT-1","D_3wpi","Microglia 2",-0.773747907138858,"Homeostatic"
"D-25_CATCGAACACGTGAGA-1","D_3wpi","Microglia 3",-0.544598572568984,"Intermediate"
"D-25_CATCGAACAGTGGGAT-1","D_3wpi","Microglia 1",-0.121758462996784,"Intermediate"
"D-25_CATCGGGTCTTACCTA-1","D_3wpi","Microglia 3",-0.737560818244265,"Homeostatic"
"D-25_CATGACATCCCTGACT-1","D_3wpi","Microglia 2",0.664725764472379,"DAM-like"
"D-25_CATGCCTAGTAATCCC-1","D_3wpi","Microglia 2",-0.889414992650063,"Homeostatic"
"D-25_CATTCGCGTCCGAAGA-1","D_3wpi","Microglia 1",-0.722063142700151,"Homeostatic"
"D-25_CCAATCCAGAGTCTGG-1","D_3wpi","Microglia 1",-1.05349336651204,"Homeostatic"
"D-25_CCAATCCAGATCCCAT-1","D_3wpi","Microglia 1",-0.942430745586377,"Homeostatic"
"D-25_CCAATCCTCTTGCAAG-1","D_3wpi","Activated Microglia A",0.78683826328973,"DAM-like"
"D-25_CCACGGAAGCCACGCT-1","D_3wpi","Activated Microglia B",-0.457534485454467,"Intermediate"
"D-25_CCATTCGAGAAAGTGG-1","D_3wpi","Microglia 2",-0.635504093865808,"Intermediate"
"D-25_CCATTCGGTGATGTCT-1","D_3wpi","Microglia 2",-0.781695844019486,"Homeostatic"
"D-25_CCCAATCAGAGTACAT-1","D_3wpi","Microglia 1",0.639605786555733,"DAM-like"
"D-25_CCCATACCAGACAAAT-1","D_3wpi","Microglia 2",-0.0730056025507921,"Intermediate"
"D-25_CCCATACCATGCTAGT-1","D_3wpi","Microglia 2",-1.39771388287571,"Homeostatic"
"D-25_CCGGTAGAGCTAGTCT-1","D_3wpi","Microglia 2",0.610902390514377,"DAM-like"
"D-25_CCGTACTGTCTCTTTA-1","D_3wpi","Microglia 2",-0.721880602634258,"Homeostatic"
"D-25_CCGTGGAGTAAACCTC-1","D_3wpi","Microglia 2",-0.751725598560155,"Homeostatic"
"D-25_CCGTTCACAAGAAGAG-1","D_3wpi","Microglia 1",-1.25600097933185,"Homeostatic"
"D-25_CCTAAAGAGTACGTAA-1","D_3wpi","Microglia 2",-0.117547363542312,"Intermediate"
"D-25_CCTAGCTAGCCCTAAT-1","D_3wpi","Activated Microglia B",0.24912282578633,"DAM-like"
"D-25_CCTAGCTAGCGCTCCA-1","D_3wpi","Microglia 1",-1.53158263238194,"Homeostatic"
"D-25_CCTATTAAGTTAGGTA-1","D_3wpi","Activated Microglia B",0.311346882668904,"DAM-like"
"D-25_CCTCAGTGTCCATGAT-1","D_3wpi","Microglia 2",-0.585955898395393,"Intermediate"
"D-25_CCTCTGATCATGTAGC-1","D_3wpi","Microglia 1",-0.630112047544316,"Intermediate"
"D-25_CCTTACGTCGAACTGT-1","D_3wpi","Microglia 2",-1.2470186759205,"Homeostatic"
"D-25_CGAACATTCAGCTCGG-1","D_3wpi","Microglia 2",-0.797883292502421,"Homeostatic"
"D-25_CGAATGTCATCCTAGA-1","D_3wpi","Microglia 2",-0.720126582030735,"Homeostatic"
"D-25_CGAATGTTCCATGAGT-1","D_3wpi","Activated Microglia B",0.627397887377701,"DAM-like"
"D-25_CGAGCCAAGTTCGATC-1","D_3wpi","Microglia 3",0.995740755642248,"DAM-like"
"D-25_CGAGCCAGTAGGACAC-1","D_3wpi","Microglia 2",-1.07076558971821,"Homeostatic"
"D-25_CGATCGGTCGTCTGAA-1","D_3wpi","Microglia 1",0.195999081889638,"Intermediate"
"D-25_CGATGTAGTCTTCGTC-1","D_3wpi","Microglia 2",-0.0622720257760052,"Intermediate"
"D-25_CGCCAAGAGCTAGTCT-1","D_3wpi","Microglia 2",0.0732333444454396,"Intermediate"
"D-25_CGCCAAGCAAGTTAAG-1","D_3wpi","Microglia 2",-0.562939877317255,"Intermediate"
"D-25_CGCGTTTGTAAACGCG-1","D_3wpi","Microglia 2",-1.43555142807813,"Homeostatic"
"D-25_CGCTGGAAGAAGAAGC-1","D_3wpi","Microglia 2",-0.280289574973447,"Intermediate"
"D-25_CGCTGGAAGGTGATAT-1","D_3wpi","Microglia 3",0.202622105971543,"Intermediate"
"D-25_CGGACACTCCTATGTT-1","D_3wpi","Microglia 2",0.593916994750124,"DAM-like"
"D-25_CGGACACTCTTGTACT-1","D_3wpi","Activated Microglia B",1.57747257557985,"DAM-like"
"D-25_CGGACGTAGAATAGGG-1","D_3wpi","Microglia 2",0.421761251108773,"DAM-like"
"D-25_CGGACTGTCTAGAGTC-1","D_3wpi","Microglia 2",-0.981425794085413,"Homeostatic"
"D-25_CGGCTAGCAAGTCTGT-1","D_3wpi","Microglia 2",0.333450887700903,"DAM-like"
"D-25_CGTAGCGCATGAACCT-1","D_3wpi","Activated Microglia A",0.368148412384979,"DAM-like"
"D-25_CGTAGGCCACAGGTTT-1","D_3wpi","Microglia 1",-1.08902389407671,"Homeostatic"
"D-25_CGTAGGCCATACAGCT-1","D_3wpi","Microglia 2",1.64024529734168,"DAM-like"
"D-25_CGTCCATCACCTCGTT-1","D_3wpi","Microglia 1",-1.28143943167243,"Homeostatic"
"D-25_CGTCCATTCAACGGGA-1","D_3wpi","Microglia 1",-1.17279100110486,"Homeostatic"
"D-25_CGTGAGCAGCACCGTC-1","D_3wpi","Microglia 2",0.408469696341211,"DAM-like"
"D-25_CGTGTAAAGAATCTCC-1","D_3wpi","Microglia 2",-0.572445848769135,"Intermediate"
"D-25_CGTGTAAGTCCCTACT-1","D_3wpi","Microglia 2",-1.96328495658404,"Homeostatic"
"D-25_CGTTCTGGTCCTCTTG-1","D_3wpi","Microglia 2",-0.910647876655175,"Homeostatic"
"D-25_CGTTGGGCACGCCAGT-1","D_3wpi","Microglia 1",0.524856149855774,"DAM-like"
"D-25_CTAACTTTCAGTTTGG-1","D_3wpi","Microglia 2",-1.95044260458638,"Homeostatic"
"D-25_CTACACCAGACTAAGT-1","D_3wpi","Microglia 2",-0.383907660759228,"Intermediate"
"D-25_CTACGTCCACGAAAGC-1","D_3wpi","Activated Microglia A",0.877446009350766,"DAM-like"
"D-25_CTAGAGTAGAGGGCTT-1","D_3wpi","Microglia 2",-0.717448062384634,"Homeostatic"
"D-25_CTAGAGTGTAAGTTCC-1","D_3wpi","Microglia 2",-1.21812610710224,"Homeostatic"
"D-25_CTAGCCTAGACCCACC-1","D_3wpi","Microglia 2",-1.28325752104517,"Homeostatic"
"D-25_CTAGTGAAGTGACATA-1","D_3wpi","Microglia 3",-0.570722848105714,"Intermediate"
"D-25_CTAGTGAGTGACGCCT-1","D_3wpi","Microglia 2",-0.495764895345842,"Intermediate"
"D-25_CTAGTGATCAGCTCGG-1","D_3wpi","Microglia 2",-0.207040924656823,"Intermediate"
"D-25_CTCACACCACGAGAGT-1","D_3wpi","Microglia 2",-0.266532608578572,"Intermediate"
"D-25_CTCACACTCACGGTTA-1","D_3wpi","Activated Microglia A",0.628164526917689,"DAM-like"
"D-25_CTCATTAGTCTAGCCG-1","D_3wpi","Microglia 2",0.723651648066263,"DAM-like"
"D-25_CTCATTATCGGAATCT-1","D_3wpi","Microglia 2",0.569263499324931,"DAM-like"
"D-25_CTCGAGGGTAGAAGGA-1","D_3wpi","Activated Microglia A",-0.140708151524103,"Intermediate"
"D-25_CTCGGGATCTTAGAGC-1","D_3wpi","Microglia 2",0.422839900548945,"DAM-like"
"D-25_CTCTAATAGGTGTGGT-1","D_3wpi","Activated Microglia A",1.11204824926808,"DAM-like"
"D-25_CTCTGGTTCAAGGTAA-1","D_3wpi","Microglia 2",0.153619896002782,"Intermediate"
"D-25_CTGAAACCACGAAACG-1","D_3wpi","Activated Microglia B",0.107709378715209,"Intermediate"
"D-25_CTGATAGCAGTCACTA-1","D_3wpi","Microglia 2",-1.08214005882065,"Homeostatic"
"D-25_CTGCCTAGTGGTCTCG-1","D_3wpi","Microglia 2",-0.488674120271814,"Intermediate"
"D-25_CTGCGGAAGGCGACAT-1","D_3wpi","Microglia 2",-1.05055515773257,"Homeostatic"
"D-25_CTGCGGACACTGCCAG-1","D_3wpi","Microglia 2",-1.40741373494688,"Homeostatic"
"D-25_CTGCTGTAGAGCTATA-1","D_3wpi","Microglia 1",-2.28066461518689,"Homeostatic"
"D-25_CTGCTGTCAGCGAACA-1","D_3wpi","Microglia 2",-0.460457782178304,"Intermediate"
"D-25_CTGTGCTCACTGAAGG-1","D_3wpi","Microglia 2",0.0766018936491468,"Intermediate"
"D-25_CTGTGCTTCGGAAACG-1","D_3wpi","Microglia 2",-0.505431439572836,"Intermediate"
"D-25_CTGTTTAGTAGGCTGA-1","D_3wpi","Microglia 2",0.25720292732367,"DAM-like"
"D-25_CTTAACTTCGCAAACT-1","D_3wpi","Microglia 1",-0.950342267968172,"Homeostatic"
"D-25_CTTTGCGAGTTGAGAT-1","D_3wpi","Microglia 2",-0.6058086513353,"Intermediate"
"D-25_GAACATCAGATAGCAT-1","D_3wpi","Microglia 2",-0.0177772182072979,"Intermediate"
"D-25_GAACATCCACTGTCGG-1","D_3wpi","Microglia 1",-1.00803150293554,"Homeostatic"
"D-25_GAACCTATCGGTCCGA-1","D_3wpi","Microglia 2",-1.88347916242059,"Homeostatic"
"D-25_GAACGGATCACCTTAT-1","D_3wpi","Activated Microglia A",0.905917266529339,"DAM-like"
"D-25_GACGCGTTCGCAAGCC-1","D_3wpi","Activated Microglia B",0.946342005819661,"DAM-like"
"D-25_GACGTGCAGATAGGAG-1","D_3wpi","Microglia 2",1.08078312731089,"DAM-like"
"D-25_GACGTGCGTACTTCTT-1","D_3wpi","Microglia 2",-0.606851085469529,"Intermediate"
"D-25_GACGTTACACAGGCCT-1","D_3wpi","Microglia 2",-0.22207287503213,"Intermediate"
"D-25_GACGTTACACGGATAG-1","D_3wpi","Microglia 2",-1.07144275208877,"Homeostatic"
"D-25_GACGTTATCTTGAGGT-1","D_3wpi","Microglia 2",-1.70827607905172,"Homeostatic"
"D-25_GACTAACCATGGTCTA-1","D_3wpi","Microglia 2",-2.15088983907859,"Homeostatic"
"D-25_GAGTCCGAGGACACCA-1","D_3wpi","Microglia 2",-1.81720850313296,"Homeostatic"
"D-25_GAGTCCGCATGAAGTA-1","D_3wpi","Microglia 2",-0.68080367327702,"Intermediate"
"D-25_GATCAGTCAAGCGAGT-1","D_3wpi","Microglia 2",0.512233550852614,"DAM-like"
"D-25_GATCAGTTCAACCAAC-1","D_3wpi","Microglia 3",-1.50289326737985,"Homeostatic"
"D-25_GATCGATGTCTTCAAG-1","D_3wpi","Microglia 2",-0.709162635826929,"Intermediate"
"D-25_GATCGCGAGTGGTCCC-1","D_3wpi","Activated Microglia A",0.28833325755587,"DAM-like"
"D-25_GATCGTACAACGCACC-1","D_3wpi","Microglia 2",-2.57239287718835,"Homeostatic"
"D-25_GATCGTACAGTCAGCC-1","D_3wpi","Microglia 2",0.276555789986325,"DAM-like"
"D-25_GATGAGGAGTGTCTCA-1","D_3wpi","Microglia 2",-1.29120572903026,"Homeostatic"
"D-25_GATGAGGCAGCCTTGG-1","D_3wpi","Microglia 1",-0.247233432342655,"Intermediate"
"D-25_GATGAGGTCAAACAAG-1","D_3wpi","Microglia 2",-1.25049504162747,"Homeostatic"
"D-25_GATGCTATCTGATTCT-1","D_3wpi","Microglia 2",-0.475021031987233,"Intermediate"
"D-25_GATTCAGCATCCTAGA-1","D_3wpi","Microglia 2",-1.13317540554806,"Homeostatic"
"D-25_GATTCAGGTCCAGTGC-1","D_3wpi","Microglia 2",-1.06345874755165,"Homeostatic"
"D-25_GCACATATCATGCTCC-1","D_3wpi","Activated Microglia B",0.594289110297675,"DAM-like"
"D-25_GCACTCTAGTACGTAA-1","D_3wpi","Microglia 2",-0.0509530030419164,"Intermediate"
"D-25_GCACTCTTCACTTATC-1","D_3wpi","Microglia 2",0.335620432855774,"DAM-like"
"D-25_GCACTCTTCATTATCC-1","D_3wpi","Microglia 2",-1.76773627032973,"Homeostatic"
"D-25_GCAGTTATCAAACCAC-1","D_3wpi","Microglia 2",-1.12409849104045,"Homeostatic"
"D-25_GCATACACATCACAAC-1","D_3wpi","Microglia 2",-1.32108981247077,"Homeostatic"
"D-25_GCATGATCAAATCCGT-1","D_3wpi","Microglia 2",-0.740500485218806,"Homeostatic"
"D-25_GCATGTACACTTCGAA-1","D_3wpi","Microglia 2",-0.0728150395827369,"Intermediate"
"D-25_GCATGTATCTGGTATG-1","D_3wpi","Microglia 2",0.557049986257178,"DAM-like"
"D-25_GCGAGAATCTGCTTGC-1","D_3wpi","Microglia 2",-0.623411836056712,"Intermediate"
"D-25_GCGCAGTAGTCATCCA-1","D_3wpi","Microglia 2",0.880829809886147,"DAM-like"
"D-25_GCGCCAAGTTACGCGC-1","D_3wpi","Microglia 2",-1.67825803337728,"Homeostatic"
"D-25_GCGCGATTCAATACCG-1","D_3wpi","Microglia 2",-0.850913663953544,"Homeostatic"
"D-25_GCGCGATTCCTGCCAT-1","D_3wpi","Microglia 2",0.197640963753773,"Intermediate"
"D-25_GCTGCTTTCTTAGAGC-1","D_3wpi","Microglia 1",-1.58768720145379,"Homeostatic"
"D-25_GCTGGGTAGCTGCGAA-1","D_3wpi","Activated Microglia B",0.819469481377571,"DAM-like"
"D-25_GCTTCCAAGCTAGCCC-1","D_3wpi","Microglia 3",0.8282031080171,"DAM-like"
"D-25_GCTTCCAGTTAAGTAG-1","D_3wpi","Microglia 2",-0.415192755309635,"Intermediate"
"D-25_GGAAAGCGTTATGTGC-1","D_3wpi","Microglia 2",-2.24401240628072,"Homeostatic"
"D-25_GGACAAGCACCAGCAC-1","D_3wpi","Microglia 2",-0.356106846376509,"Intermediate"
"D-25_GGACAAGTCGACCAGC-1","D_3wpi","Activated Microglia A",0.99787294564271,"DAM-like"
"D-25_GGACAGACAATGTAAG-1","D_3wpi","Microglia 2",-1.66862853325137,"Homeostatic"
"D-25_GGAGCAAGTCCGAACC-1","D_3wpi","Microglia 2",-0.898926623972764,"Homeostatic"
"D-25_GGATTACCATGGTAGG-1","D_3wpi","Microglia 2",-0.734804464621119,"Homeostatic"
"D-25_GGCAATTAGTAGGTGC-1","D_3wpi","Microglia 2",0.129873912518455,"Intermediate"
"D-25_GGCCGATTCCGTTGTC-1","D_3wpi","Activated Microglia A",0.507348714999587,"DAM-like"
"D-25_GGCTGGTAGCAGACTG-1","D_3wpi","Activated Microglia B",-0.208234840666276,"Intermediate"
"D-25_GGCTGGTGTGTGCGTC-1","D_3wpi","Microglia 1",-0.0410865956059628,"Intermediate"
"D-25_GGGAATGCACCTATCC-1","D_3wpi","Microglia 2",-0.300909441068641,"Intermediate"
"D-25_GGGCACTCAGGTGCCT-1","D_3wpi","Microglia 2",-1.12205587588369,"Homeostatic"
"D-25_GGGCATCAGTGGTCCC-1","D_3wpi","Microglia 2",-1.00920740692158,"Homeostatic"
"D-25_GGTGAAGTCCTAAGTG-1","D_3wpi","Microglia 2",-1.8549154777712,"Homeostatic"
"D-25_GGTGCGTTCCTTTCGG-1","D_3wpi","Microglia 2",0.357486435229137,"DAM-like"
"D-25_GTAACTGAGTTGAGTA-1","D_3wpi","Microglia 2",-0.492132495140268,"Intermediate"
"D-25_GTAACTGCACGGTGTC-1","D_3wpi","Activated Microglia A",1.17849201845515,"DAM-like"
"D-25_GTACGTACAGCTCCGA-1","D_3wpi","Microglia 2",-0.494157319865219,"Intermediate"
"D-25_GTACTCCGTACTCTCC-1","D_3wpi","Activated Microglia A",0.622811592005932,"DAM-like"
"D-25_GTAGTCATCCACTGGG-1","D_3wpi","Microglia 2",-0.406739861575715,"Intermediate"
"D-25_GTCAAGTTCAGCTCTC-1","D_3wpi","Microglia 2",-1.34735107048824,"Homeostatic"
"D-25_GTCACAACACAGCCCA-1","D_3wpi","Microglia 2",-1.31891501436417,"Homeostatic"
"D-25_GTCGTAACAATGGAGC-1","D_3wpi","Microglia 2",-0.0881667976440863,"Intermediate"
"D-25_GTCGTAAGTCAATACC-1","D_3wpi","Microglia 2",-0.17135621349709,"Intermediate"
"D-25_GTCTCGTCAAGTTCTG-1","D_3wpi","Activated Microglia B",0.508287842144289,"DAM-like"
"D-25_GTGAAGGGTCGAATCT-1","D_3wpi","Activated Microglia A",-0.0461403060263874,"Intermediate"
"D-25_GTGCAGCTCTCGCTTG-1","D_3wpi","Microglia 1",-0.389112116059566,"Intermediate"
"D-25_GTGCGGTGTAGGAGTC-1","D_3wpi","Microglia 2",-0.628157228067021,"Intermediate"
"D-25_GTTCATTGTAGTAGTA-1","D_3wpi","Activated Microglia A",0.771691205419969,"DAM-like"
"D-25_GTTCGGGCAGATCCAT-1","D_3wpi","Microglia 2",-1.75893282277434,"Homeostatic"
"D-25_GTTTCTAAGTTCCACA-1","D_3wpi","Microglia 2",-0.538296448285235,"Intermediate"
"D-25_TAAACCGTCTAGCACA-1","D_3wpi","Microglia 2",-0.146839271942063,"Intermediate"
"D-25_TAAGCGTGTACTCTCC-1","D_3wpi","Microglia 2",-1.04784859786362,"Homeostatic"
"D-25_TAAGCGTGTCAACATC-1","D_3wpi","Microglia 2",-0.116593802585295,"Intermediate"
"D-25_TAAGTGCGTGACGCCT-1","D_3wpi","Activated Microglia B",-0.402531726383833,"Intermediate"
"D-25_TACCTATGTACCAGTT-1","D_3wpi","Microglia 1",-1.07177318658127,"Homeostatic"
"D-25_TACCTATGTTAAGATG-1","D_3wpi","Microglia 1",-0.00980118049034195,"Intermediate"
"D-25_TACGGATAGAAACCAT-1","D_3wpi","Microglia 2",-0.0421619004715764,"Intermediate"
"D-25_TACGGGCAGATGTGGC-1","D_3wpi","Microglia 2",-1.01213381750357,"Homeostatic"
"D-25_TACGGGCAGGACAGCT-1","D_3wpi","Microglia 2",0.0882989928432476,"Intermediate"
"D-25_TACGGGCTCCGCATCT-1","D_3wpi","Microglia 2",-0.994609720710369,"Homeostatic"
"D-25_TACTCATCAGATCCAT-1","D_3wpi","Microglia 2",0.866495642719805,"DAM-like"
"D-25_TACTCGCGTAAAGTCA-1","D_3wpi","Microglia 2",-0.740418546167704,"Homeostatic"
"D-25_TACTTACAGGCCGAAT-1","D_3wpi","Microglia 2",-0.0298894946298169,"Intermediate"
"D-25_TACTTGTTCGGATGGA-1","D_3wpi","Microglia 2",-0.668896790354574,"Intermediate"
"D-25_TAGACCAGTTATCCGA-1","D_3wpi","Microglia 1",-2.3614182321067,"Homeostatic"
"D-25_TAGAGCTCACCGAAAG-1","D_3wpi","Microglia 1",-1.12151361262173,"Homeostatic"
"D-25_TAGCCGGCAAGTCATC-1","D_3wpi","Microglia 2",-0.375689346102304,"Intermediate"
"D-25_TAGCCGGTCAGAGGTG-1","D_3wpi","Microglia 2",-0.312983823787128,"Intermediate"
"D-25_TAGCCGGTCATTCACT-1","D_3wpi","Microglia 2",0.453934193503947,"DAM-like"
"D-25_TAGTTGGTCATGCATG-1","D_3wpi","Microglia 1",-0.420605429467432,"Intermediate"
"D-25_TATCAGGGTAAACCTC-1","D_3wpi","Microglia 2",-0.145654454314055,"Intermediate"
"D-25_TATGCCCGTAGCTTGT-1","D_3wpi","Microglia 2",-0.264446689802317,"Intermediate"
"D-25_TCAATCTAGACGCACA-1","D_3wpi","Activated Microglia A",0.727035280001169,"DAM-like"
"D-25_TCAGATGAGCGATATA-1","D_3wpi","Microglia 2",0.272571011363831,"DAM-like"
"D-25_TCAGATGGTACGAAAT-1","D_3wpi","Microglia 2",-1.10504134913044,"Homeostatic"
"D-25_TCATTACAGAAACGCC-1","D_3wpi","Microglia 2",-1.92951554066338,"Homeostatic"
"D-25_TCATTACGTTGTGGAG-1","D_3wpi","Activated Microglia B",1.42009060956827,"DAM-like"
"D-25_TCATTTGAGTAGATGT-1","D_3wpi","Microglia 1",-0.444647372345007,"Intermediate"
"D-25_TCATTTGGTACCGAGA-1","D_3wpi","Microglia 1",-0.996665847363431,"Homeostatic"
"D-25_TCCACACAGCGCTCCA-1","D_3wpi","Microglia 2",-0.518891512377491,"Intermediate"
"D-25_TCCACACGTCAGTGGA-1","D_3wpi","Microglia 2",0.649053228079606,"DAM-like"
"D-25_TCGAGGCAGTTGAGTA-1","D_3wpi","Microglia 2",0.114657358973473,"Intermediate"
"D-25_TCGAGGCGTTATCGGT-1","D_3wpi","Microglia 2",-0.0966109088578677,"Intermediate"
"D-25_TCGGGACTCGCCTGTT-1","D_3wpi","Microglia 2",-1.44905592901187,"Homeostatic"
"D-25_TCGTACCCAGATAATG-1","D_3wpi","Microglia 2",-0.291589599782097,"Intermediate"
"D-25_TCGTACCTCGGTCCGA-1","D_3wpi","Microglia 2",0.300381190782833,"DAM-like"
"D-25_TCGTAGAGTAATAGCA-1","D_3wpi","Microglia 3",0.642133098738457,"DAM-like"
"D-25_TCGTAGATCAACACCA-1","D_3wpi","Microglia 3",0.143878337804939,"Intermediate"
"D-25_TCTCTAAAGAGTAAGG-1","D_3wpi","Microglia 2",-0.681914140782512,"Intermediate"
"D-25_TCTGAGACAGCATACT-1","D_3wpi","Microglia 2",-0.153022791048984,"Intermediate"
"D-25_TCTTTCCCAAGCCTAT-1","D_3wpi","Microglia 1",-0.616215820041869,"Intermediate"
"D-25_TCTTTCCCACATGTGT-1","D_3wpi","Activated Microglia B",0.380537002393467,"DAM-like"
"D-25_TCTTTCCCACTATCTT-1","D_3wpi","Microglia 2",-0.402125178399537,"Intermediate"
"D-25_TGAAAGAGTCTAGGTT-1","D_3wpi","Microglia 2",-2.24354375593063,"Homeostatic"
"D-25_TGACAACTCCAAGCCG-1","D_3wpi","Microglia 2",-0.53467431327521,"Intermediate"
"D-25_TGACTAGAGGACAGAA-1","D_3wpi","Activated Microglia A",1.23949131512999,"DAM-like"
"D-25_TGACTAGAGTCCCACG-1","D_3wpi","Activated Microglia A",0.715478386834182,"DAM-like"
"D-25_TGACTTTAGATATACG-1","D_3wpi","Microglia 2",-0.707741817093125,"Intermediate"
"D-25_TGACTTTCAAAGGCGT-1","D_3wpi","Activated Microglia A",-1.43076108325176,"Homeostatic"
"D-25_TGACTTTCATATGAGA-1","D_3wpi","Activated Microglia B",0.0515576980036974,"Intermediate"
"D-25_TGAGAGGGTGAGCGAT-1","D_3wpi","Activated Microglia B",0.593815678463736,"DAM-like"
"D-25_TGAGAGGTCCTGCCAT-1","D_3wpi","Microglia 3",-0.177975157439836,"Intermediate"
"D-25_TGAGCCGGTTATGTGC-1","D_3wpi","Activated Microglia A",0.365104749452535,"DAM-like"
"D-25_TGAGGGATCCGAATGT-1","D_3wpi","Activated Microglia A",0.447771620506601,"DAM-like"
"D-25_TGCACCTTCTAACGGT-1","D_3wpi","Microglia 2",-1.37373483343509,"Homeostatic"
"D-25_TGCCAAACATTCTTAC-1","D_3wpi","Microglia 2",-0.0423856777719214,"Intermediate"
"D-25_TGCCCTATCAAGAAGT-1","D_3wpi","Microglia 1",-0.875969929971938,"Homeostatic"
"D-25_TGCGTGGTCGTTTGCC-1","D_3wpi","Activated Microglia B",-0.0421206282754765,"Intermediate"
"D-25_TGCTGCTTCATGCATG-1","D_3wpi","Microglia 2",-1.50311788821982,"Homeostatic"
"D-25_TGGCCAGTCTTCCTTC-1","D_3wpi","Microglia 2",-0.303029955790763,"Intermediate"
"D-25_TGGCGCATCATATCGG-1","D_3wpi","Microglia 2",-0.566543291805089,"Intermediate"
"D-25_TGGCTGGGTCCGAACC-1","D_3wpi","Microglia 2",-1.23335101769763,"Homeostatic"
"D-25_TGGTTCCGTCGCATAT-1","D_3wpi","Microglia 2",-0.428816064348497,"Intermediate"
"D-25_TGGTTCCTCACTTACT-1","D_3wpi","Microglia 1",-1.61382713700972,"Homeostatic"
"D-25_TGTCCCAAGTCTCCTC-1","D_3wpi","Activated Microglia A",0.60836784713133,"DAM-like"
"D-25_TGTGGTAGTAGCAAAT-1","D_3wpi","Microglia 2",-0.692821313040602,"Intermediate"
"D-25_TGTTCCGCACATCCGG-1","D_3wpi","Microglia 2",0.92548098373166,"DAM-like"
"D-25_TTAGGCAGTCCAACTA-1","D_3wpi","Microglia 2",-1.46658462876458,"Homeostatic"
"D-25_TTATGCTAGCTCCCAG-1","D_3wpi","Activated Microglia B",-0.453867395078314,"Intermediate"
"D-25_TTCCCAGTCAGTCAGT-1","D_3wpi","Activated Microglia A",0.974657611238517,"DAM-like"
"D-25_TTCTCAAAGTCTTGCA-1","D_3wpi","Microglia 2",-0.945676385105911,"Homeostatic"
"D-25_TTCTCCTCAAGGTGTG-1","D_3wpi","Microglia 2",-0.0671058818183721,"Intermediate"
"D-25_TTCTTAGTCAACGGCC-1","D_3wpi","Microglia 2",-1.31411218676605,"Homeostatic"
"D-25_TTGAACGCAAGAGTCG-1","D_3wpi","Microglia 2",-1.40669664578003,"Homeostatic"
"D-25_TTGACTTAGTGACATA-1","D_3wpi","Microglia 2",-0.231565438945305,"Intermediate"
"D-25_TTGACTTGTTATTCTC-1","D_3wpi","Activated Microglia B",0.422105891194289,"DAM-like"
"D-25_TTGCCGTGTAAACCTC-1","D_3wpi","Microglia 2",-1.5166147258774,"Homeostatic"
"D-25_TTGCGTCCAATAGCAA-1","D_3wpi","Microglia 2",-0.39146462977015,"Intermediate"
"D-25_TTGGCAACAATCTGCA-1","D_3wpi","Microglia 2",0.045467311460899,"Intermediate"
"D-25_TTTACTGTCCATGCTC-1","D_3wpi","Microglia 1",0.0659296564741061,"Intermediate"
"D-25_TTTATGCTCTCGCTTG-1","D_3wpi","Activated Microglia A",0.237679036291005,"DAM-like"
"D-25_TTTGGTTTCTTCATGT-1","D_3wpi","Microglia 2",-1.44207402277116,"Homeostatic"
"D-25_TTTGTCACATCACAAC-1","D_3wpi","Microglia 2",-0.364610959796039,"Intermediate"
"D-26_AAACCTGTCAGGCAAG-1","D_3wpi","Microglia 3",0.812324473088572,"DAM-like"
"D-26_AAAGATGAGATGAGAG-1","D_3wpi","Microglia 3",0.620703887371263,"DAM-like"
"D-26_AAAGATGTCAATCTCT-1","D_3wpi","Microglia 3",-0.548549164920523,"Intermediate"
"D-26_AAAGATGTCCTCATTA-1","D_3wpi","Microglia 1",0.465290140981443,"DAM-like"
"D-26_AAAGATGTCTCTGCTG-1","D_3wpi","Microglia 3",0.174830649480203,"Intermediate"
"D-26_AAAGCAAAGTACACCT-1","D_3wpi","Microglia 3",-1.27673339594009,"Homeostatic"
"D-26_AAAGCAACACCTGGTG-1","D_3wpi","Microglia 1",-0.187408796229525,"Intermediate"
"D-26_AAAGCAACATACCATG-1","D_3wpi","Microglia 3",0.601311493514378,"DAM-like"
"D-26_AAAGCAAGTCTGGAGA-1","D_3wpi","Microglia 3",0.709262779118474,"DAM-like"
"D-26_AAAGCAAGTGCAACTT-1","D_3wpi","Microglia 2",-1.83211786237982,"Homeostatic"
"D-26_AAAGTAGCACGAAACG-1","D_3wpi","Microglia 3",0.108213476726418,"Intermediate"
"D-26_AAATGCCAGTGTCCCG-1","D_3wpi","Activated Microglia B",1.43991026838538,"DAM-like"
"D-26_AAATGCCGTCGTCTTC-1","D_3wpi","Microglia 3",-1.17576287103853,"Homeostatic"
"D-26_AAATGCCGTTGCCTCT-1","D_3wpi","Microglia 3",0.656258072217103,"DAM-like"
"D-26_AACACGTGTGATGTGG-1","D_3wpi","Microglia 3",0.292556466424878,"DAM-like"
"D-26_AACACGTTCAGGTTCA-1","D_3wpi","Microglia 3",0.454950157680358,"DAM-like"
"D-26_AACCATGAGCCATCGC-1","D_3wpi","Microglia 2",-0.152074178148399,"Intermediate"
"D-26_AACCGCGAGAGCTGGT-1","D_3wpi","Microglia 3",-0.354484576289634,"Intermediate"
"D-26_AACGTTGGTGGTCTCG-1","D_3wpi","Microglia 3",-1.09570374695916,"Homeostatic"
"D-26_AACGTTGTCCAAAGTC-1","D_3wpi","Microglia 3",0.502385637574486,"DAM-like"
"D-26_AACTCAGAGTACGATA-1","D_3wpi","Activated Microglia B",1.36621556903084,"DAM-like"
"D-26_AACTCAGGTGCTAGCC-1","D_3wpi","Microglia 3",-1.00447471487237,"Homeostatic"
"D-26_AACTCAGGTTGAGGTG-1","D_3wpi","Microglia 2",0.248552154279465,"DAM-like"
"D-26_AACTCCCGTCCGTTAA-1","D_3wpi","Activated Microglia A",0.23278071424868,"DAM-like"
"D-26_AACTCTTCAGGAATGC-1","D_3wpi","Microglia 3",0.554333220898447,"DAM-like"
"D-26_AACTGGTCATTGGTAC-1","D_3wpi","Microglia 3",0.153859327734635,"Intermediate"
"D-26_AACTTTCCATGCTAGT-1","D_3wpi","Microglia 3",-0.104147616463102,"Intermediate"
"D-26_AAGACCTCACAGGCCT-1","D_3wpi","Microglia 3",-0.980864836104417,"Homeostatic"
"D-26_AAGACCTCATCTCCCA-1","D_3wpi","Activated Microglia A",1.17465338657412,"DAM-like"
"D-26_AAGACCTGTATTCGTG-1","D_3wpi","Activated Microglia A",0.685787069665365,"DAM-like"
"D-26_AAGCCGCAGGCCCTCA-1","D_3wpi","Microglia 3",0.735645219731707,"DAM-like"
"D-26_AAGCCGCCAATGCCAT-1","D_3wpi","Microglia 3",-0.14309576568894,"Intermediate"
"D-26_AAGCCGCCACCCATTC-1","D_3wpi","Microglia 2",0.10424918991275,"Intermediate"
"D-26_AAGCCGCCACGGATAG-1","D_3wpi","Microglia 2",0.500757803171007,"DAM-like"
"D-26_AAGCCGCGTATAGTAG-1","D_3wpi","Microglia 1",-0.0533592463798127,"Intermediate"
"D-26_AAGCCGCGTTCGCTAA-1","D_3wpi","Microglia 3",0.277892859678807,"DAM-like"
"D-26_AAGCCGCTCTGAAAGA-1","D_3wpi","Microglia 3",-1.0741334649508,"Homeostatic"
"D-26_AAGGAGCAGCTGAAAT-1","D_3wpi","Microglia 3",-1.74132326261155,"Homeostatic"
"D-26_AAGGAGCTCGGACAAG-1","D_3wpi","Microglia 3",-0.337579701567064,"Intermediate"
"D-26_AAGGCAGGTAGGAGTC-1","D_3wpi","Microglia 3",0.10501981198782,"Intermediate"
"D-26_AAGGCAGGTCGAATCT-1","D_3wpi","Microglia 3",0.157367542876026,"Intermediate"
"D-26_AAGGTTCCAAACCCAT-1","D_3wpi","Microglia 3",0.643604443012951,"DAM-like"
"D-26_AAGGTTCTCCGGGTGT-1","D_3wpi","Activated Microglia A",0.611006643371604,"DAM-like"
"D-26_AAGTCTGAGGTGCTTT-1","D_3wpi","Activated Microglia A",0.256769656495399,"DAM-like"
"D-26_AAGTCTGGTTGACGTT-1","D_3wpi","Activated Microglia B",0.304387371711616,"DAM-like"
"D-26_AATCCAGGTTGAACTC-1","D_3wpi","Activated Microglia A",0.0195191460135324,"Intermediate"
"D-26_AATCGGTCACAGGAGT-1","D_3wpi","Activated Microglia A",-0.0600297246007431,"Intermediate"
"D-26_AATCGGTGTTAAGACA-1","D_3wpi","Microglia 3",-0.457426742528639,"Intermediate"
"D-26_ACACCAAGTCAGATAA-1","D_3wpi","Activated Microglia A",-0.538262779291378,"Intermediate"
"D-26_ACACCCTGTACTTGAC-1","D_3wpi","Activated Microglia A",-0.345194619756326,"Intermediate"
"D-26_ACACCCTTCCAGATCA-1","D_3wpi","Microglia 3",-0.28019794780464,"Intermediate"
"D-26_ACACCCTTCGAACGGA-1","D_3wpi","Microglia 1",0.291342794074572,"DAM-like"
"D-26_ACACCCTTCGAATGCT-1","D_3wpi","Microglia 3",-1.18954313817727,"Homeostatic"
"D-26_ACACCCTTCGACCAGC-1","D_3wpi","Microglia 3",-0.199504408372402,"Intermediate"
"D-26_ACACCGGTCCAAGCCG-1","D_3wpi","Microglia 3",-0.0599855186832053,"Intermediate"
"D-26_ACACTGAAGCTGCGAA-1","D_3wpi","Microglia 3",-0.101607298269586,"Intermediate"
"D-26_ACAGCCGCAAGTCATC-1","D_3wpi","Microglia 3",1.53035463726414,"DAM-like"
"D-26_ACAGCCGCACTGAAGG-1","D_3wpi","Microglia 2",-0.534637692212562,"Intermediate"
"D-26_ACAGCCGGTGGCCCTA-1","D_3wpi","Microglia 1",-1.41909988177673,"Homeostatic"
"D-26_ACAGCCGTCAATCACG-1","D_3wpi","Microglia 2",-0.685280044123028,"Intermediate"
"D-26_ACAGCCGTCGGTCTAA-1","D_3wpi","Microglia 2",-0.468237628620862,"Intermediate"
"D-26_ACAGCTAGTACAGCAG-1","D_3wpi","Activated Microglia A",0.795223535212217,"DAM-like"
"D-26_ACATACGAGGAGTACC-1","D_3wpi","Microglia 3",-0.0428165825804426,"Intermediate"
"D-26_ACATACGCATGGGAAC-1","D_3wpi","Microglia 3",0.599761953189953,"DAM-like"
"D-26_ACATCAGAGCCAGAAC-1","D_3wpi","Activated Microglia B",0.439509980251876,"DAM-like"
"D-26_ACATCAGAGTGTTAGA-1","D_3wpi","Microglia 1",-1.07150858302978,"Homeostatic"
"D-26_ACATCAGGTGTAAGTA-1","D_3wpi","Microglia 3",-0.189218722393326,"Intermediate"
"D-26_ACATCAGTCCCTTGCA-1","D_3wpi","Microglia 3",0.34388726945612,"DAM-like"
"D-26_ACATGGTCATGACGGA-1","D_3wpi","Microglia 3",-0.484318317565795,"Intermediate"
"D-26_ACATGGTGTGATAAGT-1","D_3wpi","Microglia 3",0.676624038439446,"DAM-like"
"D-26_ACATGGTGTGTATGGG-1","D_3wpi","Microglia 3",0.0411275032146496,"Intermediate"
"D-26_ACCAGTACATGCCTAA-1","D_3wpi","Activated Microglia B",0.359418392764845,"DAM-like"
"D-26_ACCCACTTCTGCGACG-1","D_3wpi","Activated Microglia A",0.395639801001385,"DAM-like"
"D-26_ACCGTAAAGATAGGAG-1","D_3wpi","Activated Microglia A",0.370813234673715,"DAM-like"
"D-26_ACCGTAACAATCTACG-1","D_3wpi","Microglia 3",-0.00608905741722898,"Intermediate"
"D-26_ACCGTAACACTTAAGC-1","D_3wpi","Microglia 2",-0.390948341295927,"Intermediate"
"D-26_ACCGTAAGTTTGGCGC-1","D_3wpi","Microglia 3",0.0764664247082472,"Intermediate"
"D-26_ACCTTTAAGGGTATCG-1","D_3wpi","Microglia 3",0.329585161065224,"DAM-like"
"D-26_ACCTTTACAATGAAAC-1","D_3wpi","Microglia 3",-0.0607528643282378,"Intermediate"
"D-26_ACCTTTACATATGGTC-1","D_3wpi","Activated Microglia B",0.414652905963228,"DAM-like"
"D-26_ACGAGGATCAGTGCAT-1","D_3wpi","Microglia 1",-0.508395282516031,"Intermediate"
"D-26_ACGATGTAGTACGACG-1","D_3wpi","Microglia 3",1.32430334264555,"DAM-like"
"D-26_ACGATGTTCACAAACC-1","D_3wpi","Activated Microglia A",-0.796387893291067,"Homeostatic"
"D-26_ACGCAGCTCCACTGGG-1","D_3wpi","Microglia 3",0.512802105091234,"DAM-like"
"D-26_ACGCCAGCAAGCCTAT-1","D_3wpi","Microglia 3",0.472529288818276,"DAM-like"
"D-26_ACGCCAGCACAAGCCC-1","D_3wpi","Microglia 3",0.573633528024235,"DAM-like"
"D-26_ACGCCGAAGACTGGGT-1","D_3wpi","Activated Microglia B",0.252431607816287,"DAM-like"
"D-26_ACGCCGAAGCACGCCT-1","D_3wpi","Microglia 2",-0.195374340403486,"Intermediate"
"D-26_ACGCCGACACAACGCC-1","D_3wpi","Microglia 2",-0.366786456226236,"Intermediate"
"D-26_ACGCCGAGTCCGAAGA-1","D_3wpi","Activated Microglia B",0.861564672617896,"DAM-like"
"D-26_ACGCCGAGTGTTAAGA-1","D_3wpi","Microglia 3",0.0320416624601005,"Intermediate"
"D-26_ACGGAGAAGCGTCTAT-1","D_3wpi","Microglia 3",-0.981466417705721,"Homeostatic"
"D-26_ACGGAGACAAGCGATG-1","D_3wpi","Microglia 3",0.720715968652071,"DAM-like"
"D-26_ACGGAGAGTAGGACAC-1","D_3wpi","Microglia 3",-1.29687842372921,"Homeostatic"
"D-26_ACGGCCACACCAGGCT-1","D_3wpi","Microglia 2",-0.171046017670324,"Intermediate"
"D-26_ACGGGCTCACCACCAG-1","D_3wpi","Microglia 3",-0.0769958107565958,"Intermediate"
"D-26_ACGGGCTTCCGCATAA-1","D_3wpi","Microglia 3",0.499271506010484,"DAM-like"
"D-26_ACGGGTCGTGCGGTAA-1","D_3wpi","Microglia 3",-0.0281095587096352,"Intermediate"
"D-26_ACGTCAACAGTCGATT-1","D_3wpi","Microglia 3",-0.586877599828775,"Intermediate"
"D-26_ACTATCTGTAAGTAGT-1","D_3wpi","Microglia 3",-0.519849160814031,"Intermediate"
"D-26_ACTATCTTCCGTTGCT-1","D_3wpi","Microglia 1",-0.0745739585606552,"Intermediate"
"D-26_ACTGAACAGATGGGTC-1","D_3wpi","Microglia 1",-0.69410927988741,"Intermediate"
"D-26_ACTGAACAGCAGGTCA-1","D_3wpi","Microglia 3",0.533922278528603,"DAM-like"
"D-26_ACTGAACAGGAGCGAG-1","D_3wpi","Activated Microglia A",1.17263513391075,"DAM-like"
"D-26_ACTGAACCATACTCTT-1","D_3wpi","Activated Microglia A",0.701036274497393,"DAM-like"
"D-26_ACTGAACTCTGAGTGT-1","D_3wpi","Microglia 3",1.29944752108954,"DAM-like"
"D-26_ACTGAGTCAAGACACG-1","D_3wpi","Microglia 3",0.966671425626114,"DAM-like"
"D-26_ACTGAGTGTTCCGGCA-1","D_3wpi","Microglia 3",-0.0945060665756626,"Intermediate"
"D-26_ACTGATGAGATTACCC-1","D_3wpi","Microglia 1",-0.166417454088758,"Intermediate"
"D-26_ACTGCTCTCTGCTGTC-1","D_3wpi","Microglia 3",-0.761216172621319,"Homeostatic"
"D-26_ACTGTCCAGGAGCGTT-1","D_3wpi","Microglia 3",0.453899033794842,"DAM-like"
"D-26_ACTGTCCGTTAAAGTG-1","D_3wpi","Microglia 3",-0.60461675942929,"Intermediate"
"D-26_ACTGTCCGTTAAGGGC-1","D_3wpi","Microglia 3",-0.449585444250251,"Intermediate"
"D-26_ACTGTCCTCCACGTTC-1","D_3wpi","Microglia 3",0.0916504327396943,"Intermediate"
"D-26_ACTTTCAAGAGCTGGT-1","D_3wpi","Microglia 1",-0.361691432052505,"Intermediate"
"D-26_ACTTTCAAGAGCTTCT-1","D_3wpi","Activated Microglia A",1.03418507282164,"DAM-like"
"D-26_AGAATAGCACCGCTAG-1","D_3wpi","Microglia 3",0.312529457392317,"DAM-like"
"D-26_AGAATAGCAGTTTACG-1","D_3wpi","Microglia 2",-0.165456927102981,"Intermediate"
"D-26_AGAATAGGTTGGAGGT-1","D_3wpi","Microglia 3",0.263687182094826,"DAM-like"
"D-26_AGACGTTTCAGAGCTT-1","D_3wpi","Activated Microglia A",-0.541583319377809,"Intermediate"
"D-26_AGAGCGAAGGAGTAGA-1","D_3wpi","Microglia 1",-0.824018498964716,"Homeostatic"
"D-26_AGAGCGATCGGGAGTA-1","D_3wpi","Microglia 3",0.735818923283201,"DAM-like"
"D-26_AGAGCTTCACCTGGTG-1","D_3wpi","Microglia 3",-0.474432570164421,"Intermediate"
"D-26_AGAGCTTCAGAAGCAC-1","D_3wpi","Microglia 3",1.14223220260042,"DAM-like"
"D-26_AGAGCTTCAGCAGTTT-1","D_3wpi","Activated Microglia B",0.205588137753907,"Intermediate"
"D-26_AGAGTGGCACGAAAGC-1","D_3wpi","Microglia 3",-0.359918253720062,"Intermediate"
"D-26_AGAGTGGTCATGCATG-1","D_3wpi","Activated Microglia B",0.724441461586484,"DAM-like"
"D-26_AGATCTGAGAAACCGC-1","D_3wpi","Activated Microglia A",0.465276650690688,"DAM-like"
"D-26_AGATCTGCAGGGTACA-1","D_3wpi","Microglia 3",0.905676440598688,"DAM-like"
"D-26_AGATTGCAGCGGCTTC-1","D_3wpi","Microglia 3",0.95491042118633,"DAM-like"
"D-26_AGATTGCGTTCAGCGC-1","D_3wpi","Microglia 3",0.175440275080412,"Intermediate"
"D-26_AGCAGCCCATGTCCTC-1","D_3wpi","Microglia 3",-0.730589564683274,"Homeostatic"
"D-26_AGCAGCCGTGGCCCTA-1","D_3wpi","Microglia 3",0.222349416847184,"Intermediate"
"D-26_AGCATACCAATGGAAT-1","D_3wpi","Activated Microglia A",1.73279140474714,"DAM-like"
"D-26_AGCATACTCGCATGAT-1","D_3wpi","Microglia 3",-0.421395228405223,"Intermediate"
"D-26_AGCCTAACAAAGCAAT-1","D_3wpi","Microglia 3",-1.13966884209442,"Homeostatic"
"D-26_AGCCTAACATCACCCT-1","D_3wpi","Microglia 3",-0.528260812694817,"Intermediate"
"D-26_AGCCTAATCAAACGGG-1","D_3wpi","Microglia 3",-0.955211781190569,"Homeostatic"
"D-26_AGCGGTCGTGTCGCTG-1","D_3wpi","Microglia 3",1.01646349830568,"DAM-like"
"D-26_AGCGGTCTCAACGAAA-1","D_3wpi","Microglia 3",0.72448191637132,"DAM-like"
"D-26_AGCGGTCTCACGATGT-1","D_3wpi","Microglia 3",0.217221549890534,"Intermediate"
"D-26_AGCGGTCTCCGCGGTA-1","D_3wpi","Microglia 3",-0.09319639797788,"Intermediate"
"D-26_AGCGGTCTCCTTGACC-1","D_3wpi","Activated Microglia A",1.33217468145641,"DAM-like"
"D-26_AGCGGTCTCTTATCTG-1","D_3wpi","Activated Microglia A",0.682714017986523,"DAM-like"
"D-26_AGCGTATAGCCAACAG-1","D_3wpi","Microglia 3",-0.938530881389345,"Homeostatic"
"D-26_AGCGTATTCGCCCTTA-1","D_3wpi","Microglia 1",0.104825055147147,"Intermediate"
"D-26_AGCGTCGCACATGGGA-1","D_3wpi","Microglia 3",-0.496946774044113,"Intermediate"
"D-26_AGCGTCGCATACCATG-1","D_3wpi","Microglia 1",-0.504976969231545,"Intermediate"
"D-26_AGCTCCTCATGAACCT-1","D_3wpi","Microglia 2",1.47779169090585,"DAM-like"
"D-26_AGCTCTCCAGTCAGAG-1","D_3wpi","Microglia 3",0.187998160493909,"Intermediate"
"D-26_AGCTCTCTCTGCGTAA-1","D_3wpi","Activated Microglia A",1.49396230756224,"DAM-like"
"D-26_AGCTTGATCACATAGC-1","D_3wpi","Microglia 1",-0.109050532533697,"Intermediate"
"D-26_AGGCCACAGTTCGATC-1","D_3wpi","Microglia 1",-1.54834436260256,"Homeostatic"
"D-26_AGGCCACCAAGCCGTC-1","D_3wpi","Microglia 3",-0.63551058574216,"Intermediate"
"D-26_AGGCCACGTACAGACG-1","D_3wpi","Microglia 3",0.819493097684869,"DAM-like"
"D-26_AGGCCACGTGGTCCGT-1","D_3wpi","Activated Microglia B",1.15714502647725,"DAM-like"
"D-26_AGGCCACTCACGAAGG-1","D_3wpi","Microglia 3",0.252890620787325,"DAM-like"
"D-26_AGGCCGTAGAGCCCAA-1","D_3wpi","Microglia 2",0.335456155374092,"DAM-like"
"D-26_AGGCCGTTCAACACTG-1","D_3wpi","Microglia 3",0.800883417792904,"DAM-like"
"D-26_AGGCCGTTCACGCATA-1","D_3wpi","Microglia 3",-0.418385696519628,"Intermediate"
"D-26_AGGGAGTAGGCTCAGA-1","D_3wpi","Activated Microglia A",1.19753087151412,"DAM-like"
"D-26_AGGGATGCATCGACGC-1","D_3wpi","Activated Microglia A",-0.398600745041969,"Intermediate"
"D-26_AGGGTGAAGGTGGGTT-1","D_3wpi","Activated Microglia A",-0.220389960926191,"Intermediate"
"D-26_AGGGTGAGTAGCGCTC-1","D_3wpi","Microglia 3",-0.248862833580942,"Intermediate"
"D-26_AGGGTGAGTGGCCCTA-1","D_3wpi","Microglia 3",-0.656809588064738,"Intermediate"
"D-26_AGGTCATCACATGTGT-1","D_3wpi","Microglia 3",-0.544399446204998,"Intermediate"
"D-26_AGGTCATTCGGCGGTT-1","D_3wpi","Microglia 3",0.848149351146194,"DAM-like"
"D-26_AGGTCCGCAAGCGAGT-1","D_3wpi","Activated Microglia A",1.17486616694503,"DAM-like"
"D-26_AGGTCCGGTGTGGCTC-1","D_3wpi","Microglia 3",0.174966951221691,"Intermediate"
"D-26_AGTAGTCCACCGAAAG-1","D_3wpi","Microglia 1",-0.586980774800796,"Intermediate"
"D-26_AGTAGTCGTCACCCAG-1","D_3wpi","Activated Microglia B",1.11268138086442,"DAM-like"
"D-26_AGTAGTCTCAACGCTA-1","D_3wpi","Microglia 3",1.14336622172626,"DAM-like"
"D-26_AGTCTTTAGGCGATAC-1","D_3wpi","Activated Microglia A",0.823719989735571,"DAM-like"
"D-26_AGTCTTTCAAGGGTCA-1","D_3wpi","Microglia 3",-0.533143474421487,"Intermediate"
"D-26_AGTCTTTGTAGCGCAA-1","D_3wpi","Activated Microglia A",0.988136228260672,"DAM-like"
"D-26_AGTCTTTGTTACAGAA-1","D_3wpi","Activated Microglia A",0.515580767739796,"DAM-like"
"D-26_AGTCTTTTCTGATACG-1","D_3wpi","Microglia 3",-0.396560025825721,"Intermediate"
"D-26_AGTGAGGGTGGCGAAT-1","D_3wpi","Activated Microglia A",0.776246415986864,"DAM-like"
"D-26_AGTGGGAGTCTAACGT-1","D_3wpi","Microglia 3",-1.40573628529285,"Homeostatic"
"D-26_AGTGTCAGTGTGGTTT-1","D_3wpi","Microglia 3",0.270678643926787,"DAM-like"
"D-26_AGTGTCAGTTACGTCA-1","D_3wpi","Activated Microglia A",0.0221200178289416,"Intermediate"
"D-26_ATAACGCTCAGAGACG-1","D_3wpi","Microglia 3",0.439371384501971,"DAM-like"
"D-26_ATAACGCTCGCATGAT-1","D_3wpi","Microglia 3",-0.174757733090678,"Intermediate"
"D-26_ATAAGAGCACTAGTAC-1","D_3wpi","Activated Microglia B",0.809125456392151,"DAM-like"
"D-26_ATAGACCCAGATAATG-1","D_3wpi","Microglia 3",-1.06453218904057,"Homeostatic"
"D-26_ATAGACCGTCTAAAGA-1","D_3wpi","Microglia 3",-0.351886594473476,"Intermediate"
"D-26_ATCATCTTCGTGGACC-1","D_3wpi","Microglia 3",-0.240361215930552,"Intermediate"
"D-26_ATCATCTTCTTCCTTC-1","D_3wpi","Activated Microglia A",-0.107830342015142,"Intermediate"
"D-26_ATCATGGCAGTAGAGC-1","D_3wpi","Microglia 3",-0.102846061014532,"Intermediate"
"D-26_ATCATGGTCCTAGGGC-1","D_3wpi","Activated Microglia A",0.779720963383188,"DAM-like"
"D-26_ATCCACCAGAATTCCC-1","D_3wpi","Activated Microglia B",1.53264187305062,"DAM-like"
"D-26_ATCCGAAAGTACGCGA-1","D_3wpi","Microglia 3",-0.165723310049385,"Intermediate"
"D-26_ATCCGAACACCAACCG-1","D_3wpi","Activated Microglia A",-1.00417241203732,"Homeostatic"
"D-26_ATCCGAACAGTCGATT-1","D_3wpi","Microglia 1",-0.991922001664317,"Homeostatic"
"D-26_ATCCGAATCTGCGACG-1","D_3wpi","Activated Microglia B",-0.7213153811039,"Homeostatic"
"D-26_ATCGAGTAGATCGATA-1","D_3wpi","Microglia 3",-0.37190398151626,"Intermediate"
"D-26_ATCGAGTAGCACCGCT-1","D_3wpi","Microglia 3",0.760492928257635,"DAM-like"
"D-26_ATCGAGTCAATGACCT-1","D_3wpi","Microglia 3",0.53149509328713,"DAM-like"
"D-26_ATCGAGTCAGCTCGCA-1","D_3wpi","Microglia 3",-0.10161424145581,"Intermediate"
"D-26_ATCGAGTCATGGTCTA-1","D_3wpi","Activated Microglia A",1.08983897008582,"DAM-like"
"D-26_ATCGAGTCATTTGCCC-1","D_3wpi","Activated Microglia B",0.474970195990434,"DAM-like"
"D-26_ATCGAGTGTGTTCGAT-1","D_3wpi","Activated Microglia A",0.0187721029469639,"Intermediate"
"D-26_ATCGAGTGTTGGTGGA-1","D_3wpi","Microglia 3",-0.272754591094502,"Intermediate"
"D-26_ATCGAGTTCCGGCACA-1","D_3wpi","Activated Microglia A",0.513017798524257,"DAM-like"
"D-26_ATCTACTAGCGTAGTG-1","D_3wpi","Microglia 2",0.950864296793332,"DAM-like"
"D-26_ATCTACTAGCGTTTAC-1","D_3wpi","Microglia 3",0.683175810414249,"DAM-like"
"D-26_ATCTACTAGGAGTACC-1","D_3wpi","Microglia 3",0.849748212044073,"DAM-like"
"D-26_ATCTACTAGTGACTCT-1","D_3wpi","Microglia 3",0.206789879970252,"Intermediate"
"D-26_ATCTACTGTAATCACC-1","D_3wpi","Microglia 3",0.371071086603524,"DAM-like"
"D-26_ATGAGGGAGGAGTACC-1","D_3wpi","Microglia 3",-0.327400915154491,"Intermediate"
"D-26_ATGAGGGCACCTTGTC-1","D_3wpi","Microglia 3",-0.658568444860905,"Intermediate"
"D-26_ATGAGGGGTTCCAACA-1","D_3wpi","Microglia 3",0.26267919465017,"DAM-like"
"D-26_ATGCGATCACACAGAG-1","D_3wpi","Microglia 3",-0.336981025223199,"Intermediate"
"D-26_ATGCGATGTAACGTTC-1","D_3wpi","Microglia 3",0.461345059292263,"DAM-like"
"D-26_ATGCGATGTCCTAGCG-1","D_3wpi","Microglia 1",-1.15723002191892,"Homeostatic"
"D-26_ATGGGAGAGGCGACAT-1","D_3wpi","Microglia 3",0.514003248502853,"DAM-like"
"D-26_ATGGGAGAGTGGGATC-1","D_3wpi","Activated Microglia A",0.880333809864307,"DAM-like"
"D-26_ATGGGAGCAGCCAGAA-1","D_3wpi","Microglia 1",-0.675023683480418,"Intermediate"
"D-26_ATTACTCCAAGCCGCT-1","D_3wpi","Activated Microglia A",0.466220717095362,"DAM-like"
"D-26_ATTACTCCACCGAAAG-1","D_3wpi","Activated Microglia A",0.698033331195191,"DAM-like"
"D-26_ATTATCCGTCGGGTCT-1","D_3wpi","Microglia 3",0.376440719778465,"DAM-like"
"D-26_ATTATCCTCAAACCGT-1","D_3wpi","Microglia 3",-0.230381238058823,"Intermediate"
"D-26_ATTATCCTCTAACTCT-1","D_3wpi","Microglia 3",0.734776655495182,"DAM-like"
"D-26_ATTGGACAGGATCGCA-1","D_3wpi","Activated Microglia A",1.74679301932354,"DAM-like"
"D-26_ATTGGACCAGCCACCA-1","D_3wpi","Activated Microglia A",0.729417938163499,"DAM-like"
"D-26_ATTGGACTCTACGAGT-1","D_3wpi","Microglia 3",-0.19568961476239,"Intermediate"
"D-26_ATTGGTGAGCGGCTTC-1","D_3wpi","Microglia 3",1.06086758783298,"DAM-like"
"D-26_ATTGGTGCACCCAGTG-1","D_3wpi","Microglia 1",0.525888103159316,"DAM-like"
"D-26_ATTGGTGCACTACAGT-1","D_3wpi","Activated Microglia A",-0.164547938686754,"Intermediate"
"D-26_ATTTCTGCAAAGAATC-1","D_3wpi","Activated Microglia A",0.477103280657094,"DAM-like"
"D-26_ATTTCTGCACAGACAG-1","D_3wpi","Activated Microglia B",1.46960052828837,"DAM-like"
"D-26_CAACCAAAGCGATCCC-1","D_3wpi","Microglia 3",-0.205032523564521,"Intermediate"
"D-26_CAACCAAAGCTGTCTA-1","D_3wpi","Microglia 3",-1.37053627088723,"Homeostatic"
"D-26_CAACCAAGTGTCGCTG-1","D_3wpi","Microglia 3",0.384712928079916,"DAM-like"
"D-26_CAACCAATCAACTCTT-1","D_3wpi","Microglia 3",-0.751329334165732,"Homeostatic"
"D-26_CAACCAATCGTATCAG-1","D_3wpi","Microglia 3",-0.161390676823023,"Intermediate"
"D-26_CAACCAATCTATCGCC-1","D_3wpi","Microglia 3",0.323695974228424,"DAM-like"
"D-26_CAACCTCGTATAGGGC-1","D_3wpi","Microglia 3",0.662142044395043,"DAM-like"
"D-26_CAACCTCGTTATGCGT-1","D_3wpi","Microglia 3",-0.742520901680242,"Homeostatic"
"D-26_CAACTAGAGTTACGGG-1","D_3wpi","Microglia 3",0.0140528960216364,"Intermediate"
"D-26_CAACTAGTCCGATATG-1","D_3wpi","Activated Microglia B",1.05306431586462,"DAM-like"
"D-26_CAAGAAACAGTCGATT-1","D_3wpi","Microglia 3",-0.160466165539901,"Intermediate"
"D-26_CAAGATCCATTTGCTT-1","D_3wpi","Microglia 3",0.894471305077119,"DAM-like"
"D-26_CAAGATCTCGACGGAA-1","D_3wpi","Microglia 3",-0.0168391581820685,"Intermediate"
"D-26_CAAGGCCAGGTTACCT-1","D_3wpi","Activated Microglia B",0.577261225072416,"DAM-like"
"D-26_CAAGGCCGTTTGTGTG-1","D_3wpi","Activated Microglia A",0.792316049272148,"DAM-like"
"D-26_CAAGTTGTCGTAGGTT-1","D_3wpi","Activated Microglia B",1.28465460161506,"DAM-like"
"D-26_CACAAACCATACTACG-1","D_3wpi","Activated Microglia A",1.10681017127635,"DAM-like"
"D-26_CACAAACGTGTTCGAT-1","D_3wpi","Activated Microglia B",1.16660002004097,"DAM-like"
"D-26_CACACAAGTTCTCATT-1","D_3wpi","Activated Microglia A",0.863197834684205,"DAM-like"
"D-26_CACACCTCATCTCCCA-1","D_3wpi","Activated Microglia A",-0.335334780458886,"Intermediate"
"D-26_CACAGGCAGTACGATA-1","D_3wpi","Activated Microglia A",1.48171323821942,"DAM-like"
"D-26_CACAGGCCACAGCCCA-1","D_3wpi","Activated Microglia A",1.06655366084121,"DAM-like"
"D-26_CACAGGCGTCGCTTCT-1","D_3wpi","Microglia 1",0,"Intermediate"
"D-26_CACAGGCTCACGACTA-1","D_3wpi","Microglia 2",-1.80726505911379,"Homeostatic"
"D-26_CACAGGCTCTTCCTTC-1","D_3wpi","Microglia 3",0.1555501493367,"Intermediate"
"D-26_CACAGTAAGCCTCGTG-1","D_3wpi","Microglia 1",-0.431716759482386,"Intermediate"
"D-26_CACAGTACATCCAACA-1","D_3wpi","Microglia 3",0.454873241512778,"DAM-like"
"D-26_CACAGTAGTCACAAGG-1","D_3wpi","Microglia 3",1.42890505960412,"DAM-like"
"D-26_CACATAGAGAGTCGGT-1","D_3wpi","Activated Microglia A",0.233631718728899,"DAM-like"
"D-26_CACATAGGTCCAGTAT-1","D_3wpi","Microglia 3",-0.195478510931496,"Intermediate"
"D-26_CACATTTAGGTCATCT-1","D_3wpi","Activated Microglia B",0.645561944331306,"DAM-like"
"D-26_CACATTTCAGAGCCAA-1","D_3wpi","Microglia 1",-0.850227018705942,"Homeostatic"
"D-26_CACATTTGTTCCTCCA-1","D_3wpi","Activated Microglia B",0.569040100059529,"DAM-like"
"D-26_CACATTTTCACATACG-1","D_3wpi","Microglia 3",-1.031666629896,"Homeostatic"
"D-26_CACATTTTCGGTCTAA-1","D_3wpi","Microglia 3",-0.168105709617683,"Intermediate"
"D-26_CACCACTGTGCTCTTC-1","D_3wpi","Activated Microglia A",0.487626572527674,"DAM-like"
"D-26_CACCAGGGTTTGACAC-1","D_3wpi","Microglia 3",-1.12192376378744,"Homeostatic"
"D-26_CACCTTGAGTACATGA-1","D_3wpi","Microglia 3",-1.89001128517581,"Homeostatic"
"D-26_CACCTTGCACCTCGTT-1","D_3wpi","Activated Microglia B",-0.398369985866707,"Intermediate"
"D-26_CACCTTGCACTATCTT-1","D_3wpi","Microglia 3",0.234372045365486,"DAM-like"
"D-26_CACCTTGGTCGAGATG-1","D_3wpi","Microglia 3",-1.57459407587339,"Homeostatic"
"D-26_CACCTTGGTCTTCAAG-1","D_3wpi","Microglia 3",-0.14832520298199,"Intermediate"
"D-26_CACTCCACAAGTTCTG-1","D_3wpi","Microglia 3",0.453211073026687,"DAM-like"
"D-26_CACTCCAGTATGCTTG-1","D_3wpi","Microglia 3",0.786077260202738,"DAM-like"
"D-26_CACTCCATCAGTTCGA-1","D_3wpi","Microglia 3",0.313762813970833,"DAM-like"
"D-26_CAGAATCAGTAGTGCG-1","D_3wpi","Microglia 1",0.644256674810368,"DAM-like"
"D-26_CAGAATCCAGCGAACA-1","D_3wpi","Microglia 3",-0.593173671519406,"Intermediate"
"D-26_CAGAATCGTAAATACG-1","D_3wpi","Microglia 3",0.279698149134542,"DAM-like"
"D-26_CAGAGAGAGCTCTCGG-1","D_3wpi","Activated Microglia B",-1.04234611060977,"Homeostatic"
"D-26_CAGAGAGCAGGTTTCA-1","D_3wpi","Microglia 3",0.407744718986197,"DAM-like"
"D-26_CAGAGAGTCTCGAGTA-1","D_3wpi","Microglia 3",-0.373221963257947,"Intermediate"
"D-26_CAGATCATCATCTGCC-1","D_3wpi","Microglia 3",0.153146711689568,"Intermediate"
"D-26_CAGCAGCTCTGATACG-1","D_3wpi","Microglia 1",-0.159134788840522,"Intermediate"
"D-26_CAGCCGAAGGTGTTAA-1","D_3wpi","Activated Microglia A",0.324024057157225,"DAM-like"
"D-26_CAGCCGAGTCGACTGC-1","D_3wpi","Microglia 2",0.478951387354934,"DAM-like"
"D-26_CAGCCGAGTCTAGAGG-1","D_3wpi","Microglia 3",-0.0426846960856646,"Intermediate"
"D-26_CAGCCGAGTCTTCTCG-1","D_3wpi","Microglia 3",-0.0958409942438315,"Intermediate"
"D-26_CAGCCGATCACGGTTA-1","D_3wpi","Activated Microglia B",0.504736506931475,"DAM-like"
"D-26_CAGCGACCAGAGCCAA-1","D_3wpi","Activated Microglia A",0.606927467530851,"DAM-like"
"D-26_CAGCGACTCGTATCAG-1","D_3wpi","Microglia 3",0.256769656495399,"DAM-like"
"D-26_CAGCTGGAGTGCGATG-1","D_3wpi","Microglia 1",-0.0943857411378918,"Intermediate"
"D-26_CAGCTGGCACCCATTC-1","D_3wpi","Microglia 3",-0.0219228223688676,"Intermediate"
"D-26_CAGCTGGTCCCAAGTA-1","D_3wpi","Microglia 3",-1.25026973453845,"Homeostatic"
"D-26_CAGGTGCAGCCTTGAT-1","D_3wpi","Activated Microglia A",-0.973963650283013,"Homeostatic"
"D-26_CAGGTGCGTATAATGG-1","D_3wpi","Microglia 2",0.190141832800693,"Intermediate"
"D-26_CAGGTGCGTGTGGCTC-1","D_3wpi","Activated Microglia A",0.457476733460945,"DAM-like"
"D-26_CAGGTGCTCACGCATA-1","D_3wpi","Microglia 3",0.12652507504955,"Intermediate"
"D-26_CAGGTGCTCCGGGTGT-1","D_3wpi","Microglia 3",0.202145651878377,"Intermediate"
"D-26_CAGTAACCATTGGCGC-1","D_3wpi","Microglia 3",0.676431007122202,"DAM-like"
"D-26_CAGTAACTCACGACTA-1","D_3wpi","Microglia 3",0.767463365517082,"DAM-like"
"D-26_CAGTAACTCTTGTACT-1","D_3wpi","Microglia 3",0.227855620209133,"Intermediate"
"D-26_CAGTCCTAGTATCGAA-1","D_3wpi","Microglia 3",-0.133213410668572,"Intermediate"
"D-26_CAGTCCTGTGTTGAGG-1","D_3wpi","Microglia 3",-0.88458777579609,"Homeostatic"
"D-26_CATATGGCAGATGAGC-1","D_3wpi","Microglia 3",0.403451923138682,"DAM-like"
"D-26_CATATTCAGTGTACCT-1","D_3wpi","Activated Microglia A",-0.353926718046746,"Intermediate"
"D-26_CATATTCCACAACGCC-1","D_3wpi","Microglia 3",0.289187592957134,"DAM-like"
"D-26_CATATTCCACCTCGGA-1","D_3wpi","Microglia 3",0.153333351981632,"Intermediate"
"D-26_CATATTCGTCAAAGAT-1","D_3wpi","Activated Microglia B",1.09401440255446,"DAM-like"
"D-26_CATATTCTCTTATCTG-1","D_3wpi","Activated Microglia B",-0.0947765136816734,"Intermediate"
"D-26_CATCAAGAGATCCCAT-1","D_3wpi","Microglia 3",0.633643545555189,"DAM-like"
"D-26_CATCAAGCAGTGAGTG-1","D_3wpi","Activated Microglia A",-0.0614004499673779,"Intermediate"
"D-26_CATCAGACACATGGGA-1","D_3wpi","Microglia 3",0.147036348444769,"Intermediate"
"D-26_CATCAGAGTCGACTGC-1","D_3wpi","Activated Microglia B",0.624974326008783,"DAM-like"
"D-26_CATCCACAGGAGTTTA-1","D_3wpi","Activated Microglia A",0.356114855283534,"DAM-like"
"D-26_CATCCACCACACATGT-1","D_3wpi","Activated Microglia A",0.709862455874641,"DAM-like"
"D-26_CATCGAAGTTAGGGTG-1","D_3wpi","Activated Microglia B",1.70847414023075,"DAM-like"
"D-26_CATGACAAGCCCTAAT-1","D_3wpi","Activated Microglia B",0.879342526383162,"DAM-like"
"D-26_CATGACAGTGGCAAAC-1","D_3wpi","Microglia 3",0.935746637378492,"DAM-like"
"D-26_CATGCCTAGAGCTATA-1","D_3wpi","Microglia 3",-0.491145028720191,"Intermediate"
"D-26_CATGCCTCATAAAGGT-1","D_3wpi","Microglia 3",-0.882147708276886,"Homeostatic"
"D-26_CATGCCTGTACTCAAC-1","D_3wpi","Microglia 1",-0.578671690888221,"Intermediate"
"D-26_CATGGCGCATAGGATA-1","D_3wpi","Microglia 3",-0.617082679267882,"Intermediate"
"D-26_CATGGCGGTGAGCGAT-1","D_3wpi","Microglia 3",-0.294804279141537,"Intermediate"
"D-26_CATTATCAGCCACTAT-1","D_3wpi","Activated Microglia A",1.04745973397639,"DAM-like"
"D-26_CATTATCCATAACCTG-1","D_3wpi","Activated Microglia B",0.709842872381268,"DAM-like"
"D-26_CATTATCCATGACATC-1","D_3wpi","Activated Microglia A",1.11946056241987,"DAM-like"
"D-26_CATTCGCAGTCCATAC-1","D_3wpi","Activated Microglia A",0.981649597028751,"DAM-like"
"D-26_CCAATCCGTGCACTTA-1","D_3wpi","Microglia 3",0.0430504767862655,"Intermediate"
"D-26_CCAATCCTCAGAGACG-1","D_3wpi","Microglia 3",-0.609794956200793,"Intermediate"
"D-26_CCACCTAAGAACTCGG-1","D_3wpi","Activated Microglia A",0.548488455154789,"DAM-like"
"D-26_CCACCTACATCCGGGT-1","D_3wpi","Microglia 3",0.484305421395606,"DAM-like"
"D-26_CCACCTATCCTCAATT-1","D_3wpi","Activated Microglia B",0.747306364178154,"DAM-like"
"D-26_CCACGGAAGGCAGTCA-1","D_3wpi","Activated Microglia A",0.477638191334032,"DAM-like"
"D-26_CCACGGACAGGTTTCA-1","D_3wpi","Activated Microglia A",0.894030106552203,"DAM-like"
"D-26_CCACTACAGCCACTAT-1","D_3wpi","Microglia 3",-0.159379494591292,"Intermediate"
"D-26_CCAGCGACATTCCTCG-1","D_3wpi","Microglia 3",-0.635466664477993,"Intermediate"
"D-26_CCAGCGAGTCTTGCGG-1","D_3wpi","Microglia 3",1.30382001568157,"DAM-like"
"D-26_CCAGCGATCACCGGGT-1","D_3wpi","Activated Microglia A",0.591385110986365,"DAM-like"
"D-26_CCAGCGATCGTCTGCT-1","D_3wpi","Microglia 2",-0.797916387483224,"Homeostatic"
"D-26_CCATGTCCACAGGTTT-1","D_3wpi","Microglia 3",0.273149840493996,"DAM-like"
"D-26_CCATTCGTCCATGAAC-1","D_3wpi","Microglia 3",0.0227257408300411,"Intermediate"
"D-26_CCCAATCAGCACGCCT-1","D_3wpi","Microglia 3",0.299481576918536,"DAM-like"
"D-26_CCCAATCGTATCTGCA-1","D_3wpi","Microglia 3",0.619393359194924,"DAM-like"
"D-26_CCCAATCTCGGCCGAT-1","D_3wpi","Microglia 3",-0.514818511585079,"Intermediate"
"D-26_CCCAGTTAGGTCATCT-1","D_3wpi","Microglia 1",-0.567375721273829,"Intermediate"
"D-26_CCCAGTTCACCAACCG-1","D_3wpi","Activated Microglia B",0.374802519877208,"DAM-like"
"D-26_CCCAGTTCACCATGTA-1","D_3wpi","Microglia 3",0.44547782057038,"DAM-like"
"D-26_CCCAGTTCATTGAGCT-1","D_3wpi","Activated Microglia B",0.789241681241975,"DAM-like"
"D-26_CCCATACTCTGTCAAG-1","D_3wpi","Microglia 1",0.946888218784899,"DAM-like"
"D-26_CCCTCCTAGACTACAA-1","D_3wpi","Microglia 1",-0.419089792562715,"Intermediate"
"D-26_CCCTCCTAGAGTCGGT-1","D_3wpi","Microglia 3",0.104255728644892,"Intermediate"
"D-26_CCCTCCTCACGGTAGA-1","D_3wpi","Activated Microglia B",0.883598850335865,"DAM-like"
"D-26_CCCTCCTTCAGTTCGA-1","D_3wpi","Microglia 1",-0.398208460381958,"Intermediate"
"D-26_CCGGGATAGGGCACTA-1","D_3wpi","Microglia 1",-0.364496143784341,"Intermediate"
"D-26_CCGGGATTCAGCTCTC-1","D_3wpi","Activated Microglia B",0.866313195066399,"DAM-like"
"D-26_CCGTACTAGCATCATC-1","D_3wpi","Activated Microglia B",1.16505603126204,"DAM-like"
"D-26_CCGTGGAAGCAGCGTA-1","D_3wpi","Microglia 2",1.04329592461951,"DAM-like"
"D-26_CCGTTCATCTCGTATT-1","D_3wpi","Microglia 3",0.108947872326586,"Intermediate"
"D-26_CCTACACGTTCCCTTG-1","D_3wpi","Activated Microglia A",0.58908146385061,"DAM-like"
"D-26_CCTACACTCTGCGGCA-1","D_3wpi","Microglia 3",-0.374596810792164,"Intermediate"
"D-26_CCTACACTCTGGTATG-1","D_3wpi","Microglia 3",-0.585236408559816,"Intermediate"
"D-26_CCTACCAAGCACGCCT-1","D_3wpi","Activated Microglia A",1.16063799952992,"DAM-like"
"D-26_CCTACCACAGCGTCCA-1","D_3wpi","Activated Microglia A",1.17835016738044,"DAM-like"
"D-26_CCTACCAGTACTTGAC-1","D_3wpi","Microglia 3",0.475080530551774,"DAM-like"
"D-26_CCTACCAGTAGCTCCG-1","D_3wpi","Microglia 1",0.104239793118396,"Intermediate"
"D-26_CCTAGCTAGCAGGTCA-1","D_3wpi","Activated Microglia B",-0.063362969269662,"Intermediate"
"D-26_CCTAGCTCACGGTTTA-1","D_3wpi","Activated Microglia B",0.916296405074581,"DAM-like"
"D-26_CCTAGCTTCCTTAATC-1","D_3wpi","Microglia 3",-1.04985631282364,"Homeostatic"
"D-26_CCTATTAAGCCCTAAT-1","D_3wpi","Microglia 1",-1.12618047857852,"Homeostatic"
"D-26_CCTCAGTAGACTACAA-1","D_3wpi","Microglia 3",0.347705899661087,"DAM-like"
"D-26_CCTCAGTCATGGAATA-1","D_3wpi","Activated Microglia A",1.00895593562591,"DAM-like"
"D-26_CCTCTGAAGTGCGATG-1","D_3wpi","Microglia 3",-0.182862437858492,"Intermediate"
"D-26_CCTTACGAGCGATATA-1","D_3wpi","Activated Microglia A",0.637661871165513,"DAM-like"
"D-26_CCTTACGCAAATTGCC-1","D_3wpi","Microglia 2",-0.551372691592509,"Intermediate"
"D-26_CCTTACGTCAACACCA-1","D_3wpi","Microglia 3",0.257001624251426,"DAM-like"
"D-26_CCTTCCCTCTTGAGAC-1","D_3wpi","Microglia 3",1.13297743771746,"DAM-like"
"D-26_CCTTTCTAGTGCCAGA-1","D_3wpi","Microglia 3",0.0413173337093684,"Intermediate"
"D-26_CCTTTCTCAAGTTCTG-1","D_3wpi","Activated Microglia B",0.480551201216872,"DAM-like"
"D-26_CCTTTCTGTAAGCACG-1","D_3wpi","Microglia 2",-0.491538995514296,"Intermediate"
"D-26_CCTTTCTGTCGGCTCA-1","D_3wpi","Activated Microglia A",0.358465310489705,"DAM-like"
"D-26_CGAACATCATGTTGAC-1","D_3wpi","Microglia 3",-0.0402185581507724,"Intermediate"
"D-26_CGAATGTCAAGCCCAC-1","D_3wpi","Microglia 3",0.781901516889521,"DAM-like"
"D-26_CGACCTTTCTAACTGG-1","D_3wpi","Activated Microglia A",1.59307700678058,"DAM-like"
"D-26_CGACTTCGTAAAGTCA-1","D_3wpi","Microglia 1",-0.257985780086473,"Intermediate"
"D-26_CGACTTCTCGGGAGTA-1","D_3wpi","Microglia 2",-1.85267359379391,"Homeostatic"
"D-26_CGAGAAGCAGCTCGAC-1","D_3wpi","Microglia 2",1.03968417172816,"DAM-like"
"D-26_CGAGAAGGTTCGTCTC-1","D_3wpi","Activated Microglia A",0.816224550086392,"DAM-like"
"D-26_CGAGCACCACAACGTT-1","D_3wpi","Microglia 3",1.42876133440557,"DAM-like"
"D-26_CGAGCACGTTCCCTTG-1","D_3wpi","Microglia 3",-0.494334379376174,"Intermediate"
"D-26_CGAGCACTCCGCATAA-1","D_3wpi","Microglia 3",0.706754466691423,"DAM-like"
"D-26_CGATCGGCATAAGACA-1","D_3wpi","Microglia 3",0.685349545698894,"DAM-like"
"D-26_CGATCGGTCACCCGAG-1","D_3wpi","Microglia 3",-0.18627031320285,"Intermediate"
"D-26_CGATCGGTCGATCCCT-1","D_3wpi","Microglia 3",0.0393779020012459,"Intermediate"
"D-26_CGATCGGTCGGAGGTA-1","D_3wpi","Microglia 3",-1.30323954425443,"Homeostatic"
"D-26_CGATGGCAGCCCGAAA-1","D_3wpi","Activated Microglia A",0.765967022446874,"DAM-like"
"D-26_CGATGTAAGTGAACGC-1","D_3wpi","Activated Microglia A",0.630283249039958,"DAM-like"
"D-26_CGATGTACACCATGTA-1","D_3wpi","Microglia 3",-0.954707443944183,"Homeostatic"
"D-26_CGATGTACACGAGGTA-1","D_3wpi","Activated Microglia A",0.155375241909316,"Intermediate"
"D-26_CGATGTATCGCAAGCC-1","D_3wpi","Microglia 1",-0.164113734781763,"Intermediate"
"D-26_CGATTGACATACTACG-1","D_3wpi","Activated Microglia A",0.757766451793977,"DAM-like"
"D-26_CGCGGTAAGGTGCTAG-1","D_3wpi","Microglia 1",-0.60927568205334,"Intermediate"
"D-26_CGCGGTACACCGAAAG-1","D_3wpi","Microglia 3",0.478951387354934,"DAM-like"
"D-26_CGCGTTTAGTACCGGA-1","D_3wpi","Microglia 3",0.563458966800174,"DAM-like"
"D-26_CGCTATCAGATGTCGG-1","D_3wpi","Microglia 1",-0.949815024725692,"Homeostatic"
"D-26_CGCTATCAGTGATCGG-1","D_3wpi","Microglia 3",-0.636114199795829,"Intermediate"
"D-26_CGCTATCCACCGTTGG-1","D_3wpi","Microglia 2",1.07342964452968,"DAM-like"
"D-26_CGCTATCGTAGTGAAT-1","D_3wpi","Activated Microglia A",1.48486496922098,"DAM-like"
"D-26_CGCTATCTCGAATGCT-1","D_3wpi","Microglia 3",-0.554859378602859,"Intermediate"
"D-26_CGCTGGAAGCTAGTCT-1","D_3wpi","Microglia 3",0.15609798142806,"Intermediate"
"D-26_CGCTGGAAGTACTTGC-1","D_3wpi","Microglia 2",-0.243401747648259,"Intermediate"
"D-26_CGCTTCATCCTACAGA-1","D_3wpi","Microglia 2",0.510725207223957,"DAM-like"
"D-26_CGGACACCAAGTAATG-1","D_3wpi","Microglia 3",-0.346872761548047,"Intermediate"
"D-26_CGGACACGTGCTTCTC-1","D_3wpi","Microglia 3",-0.363265658863491,"Intermediate"
"D-26_CGGACGTAGGGAGTAA-1","D_3wpi","Activated Microglia A",-0.223306678509151,"Intermediate"
"D-26_CGGACGTCACTGCCAG-1","D_3wpi","Activated Microglia A",-0.565304688361196,"Intermediate"
"D-26_CGGACTGAGGCATGTG-1","D_3wpi","Microglia 3",0.385681118863538,"DAM-like"
"D-26_CGGACTGCATGACATC-1","D_3wpi","Microglia 1",0.473961508915655,"DAM-like"
"D-26_CGGACTGTCTGTCTAT-1","D_3wpi","Microglia 1",0.359723206510016,"DAM-like"
"D-26_CGGAGCTCAGGGCATA-1","D_3wpi","Activated Microglia A",1.42660839763978,"DAM-like"
"D-26_CGGAGCTGTTATGTGC-1","D_3wpi","Microglia 3",1.39556174144527,"DAM-like"
"D-26_CGGCTAGAGCGATCCC-1","D_3wpi","Microglia 3",-0.15006988365865,"Intermediate"
"D-26_CGGCTAGGTACACCGC-1","D_3wpi","Microglia 1",0.410801047971994,"DAM-like"
"D-26_CGGCTAGGTAGGCTGA-1","D_3wpi","Activated Microglia A",-0.323006976956611,"Intermediate"
"D-26_CGGCTAGGTGGAAAGA-1","D_3wpi","Microglia 3",-0.598089312729924,"Intermediate"
"D-26_CGGGTCAAGTGAACGC-1","D_3wpi","Microglia 3",-0.251233766344577,"Intermediate"
"D-26_CGGGTCACATACCATG-1","D_3wpi","Microglia 3",-0.755548741206821,"Homeostatic"
"D-26_CGGTTAAGTGAACCTT-1","D_3wpi","Activated Microglia B",0.296891693404685,"DAM-like"
"D-26_CGTAGCGCAGTAACGG-1","D_3wpi","Microglia 2",1.06705339547553,"DAM-like"
"D-26_CGTAGGCAGTCCCACG-1","D_3wpi","Microglia 3",0.184036528681944,"Intermediate"
"D-26_CGTAGGCAGTGCCATT-1","D_3wpi","Microglia 2",1.03681388608091,"DAM-like"
"D-26_CGTAGGCTCATGTCTT-1","D_3wpi","Microglia 3",0.571012930983989,"DAM-like"
"D-26_CGTCACTAGAGCTATA-1","D_3wpi","Microglia 1",-1.54963980254079,"Homeostatic"
"D-26_CGTCACTGTGAGTATA-1","D_3wpi","Microglia 3",0.402407060724289,"DAM-like"
"D-26_CGTCACTTCAAGGTAA-1","D_3wpi","Microglia 3",-1.55425555881902,"Homeostatic"
"D-26_CGTCAGGCACCTTGTC-1","D_3wpi","Microglia 3",1.14611015232406,"DAM-like"
"D-26_CGTCAGGTCACAGGCC-1","D_3wpi","Microglia 3",-0.178045211006863,"Intermediate"
"D-26_CGTCCATCAACGATCT-1","D_3wpi","Microglia 3",-0.10840024195795,"Intermediate"
"D-26_CGTCCATTCTGAGTGT-1","D_3wpi","Microglia 3",-0.145023025600992,"Intermediate"
"D-26_CGTCTACAGTGACATA-1","D_3wpi","Activated Microglia A",0.649402267478363,"DAM-like"
"D-26_CGTCTACCAAGACACG-1","D_3wpi","Microglia 3",-1.44286535411179,"Homeostatic"
"D-26_CGTGAGCAGAATTGTG-1","D_3wpi","Microglia 3",0.569918722042101,"DAM-like"
"D-26_CGTGAGCGTGTTTGTG-1","D_3wpi","Microglia 3",-0.197014702746796,"Intermediate"
"D-26_CGTGAGCTCCGAATGT-1","D_3wpi","Activated Microglia A",0.402289376616625,"DAM-like"
"D-26_CGTGAGCTCCTATTCA-1","D_3wpi","Activated Microglia A",0.216138770453729,"Intermediate"
"D-26_CGTGTAAAGCTAACTC-1","D_3wpi","Activated Microglia A",0.672658350953643,"DAM-like"
"D-26_CGTGTAAAGGGCTTGA-1","D_3wpi","Microglia 3",1.00350214323672,"DAM-like"
"D-26_CGTGTAAAGGTGACCA-1","D_3wpi","Microglia 1",-0.932327782141696,"Homeostatic"
"D-26_CGTGTCTGTGTGAATA-1","D_3wpi","Microglia 3",0.43906875653996,"DAM-like"
"D-26_CGTGTCTTCAACACAC-1","D_3wpi","Microglia 3",0.602877490416394,"DAM-like"
"D-26_CGTTAGAGTGTCTGAT-1","D_3wpi","Microglia 1",0.35918465854323,"DAM-like"
"D-26_CGTTCTGTCTTAACCT-1","D_3wpi","Microglia 3",-0.447553020503381,"Intermediate"
"D-26_CGTTGGGAGTTACGGG-1","D_3wpi","Microglia 1",0.21944185174927,"Intermediate"
"D-26_CGTTGGGCACATCCGG-1","D_3wpi","Activated Microglia B",0.777751736420653,"DAM-like"
"D-26_CGTTGGGCACGACTCG-1","D_3wpi","Activated Microglia B",0.374012343222854,"DAM-like"
"D-26_CTAACTTCATTCGACA-1","D_3wpi","Activated Microglia A",1.32243971041934,"DAM-like"
"D-26_CTAAGACAGGCAATTA-1","D_3wpi","Microglia 1",-0.478525560248033,"Intermediate"
"D-26_CTAAGACTCCAAGTAC-1","D_3wpi","Microglia 3",0.0171835394221598,"Intermediate"
"D-26_CTAAGACTCTCTAGGA-1","D_3wpi","Microglia 3",0.325612040089711,"DAM-like"
"D-26_CTAATGGGTGGTAACG-1","D_3wpi","Microglia 3",0.235918092395484,"DAM-like"
"D-26_CTAATGGGTTCACGGC-1","D_3wpi","Microglia 3",-0.143895737911581,"Intermediate"
"D-26_CTACACCCACATTCGA-1","D_3wpi","Microglia 3",-0.939774845640619,"Homeostatic"
"D-26_CTACACCCAGTCCTTC-1","D_3wpi","Microglia 3",0.556002598742631,"DAM-like"
"D-26_CTACATTAGCCGTCGT-1","D_3wpi","Activated Microglia A",0.617584778364793,"DAM-like"
"D-26_CTACATTCATCTGGTA-1","D_3wpi","Microglia 3",-0.901794215280191,"Homeostatic"
"D-26_CTACATTCATGAAGTA-1","D_3wpi","Microglia 3",-0.26502029985119,"Intermediate"
"D-26_CTACATTGTACAGCAG-1","D_3wpi","Microglia 3",-0.338029872255424,"Intermediate"
"D-26_CTACCCAAGTTCCACA-1","D_3wpi","Microglia 3",0.623539772906188,"DAM-like"
"D-26_CTACCCATCACCACCT-1","D_3wpi","Microglia 3",0.39752694753609,"DAM-like"
"D-26_CTACCCATCCAAATGC-1","D_3wpi","Activated Microglia B",1.02076615229386,"DAM-like"
"D-26_CTACGTCAGCTGCCCA-1","D_3wpi","Microglia 3",-0.563184271384416,"Intermediate"
"D-26_CTACGTCTCCAAACAC-1","D_3wpi","Microglia 1",-0.243160991960361,"Intermediate"
"D-26_CTAGAGTAGAGACTTA-1","D_3wpi","Activated Microglia A",1.35819414638006,"DAM-like"
"D-26_CTAGAGTAGTGGACGT-1","D_3wpi","Microglia 2",0.678130359469788,"DAM-like"
"D-26_CTAGAGTGTCGCGAAA-1","D_3wpi","Microglia 2",0.795762612699335,"DAM-like"
"D-26_CTAGAGTGTTATCACG-1","D_3wpi","Activated Microglia B",0.333762275113504,"DAM-like"
"D-26_CTAGCCTCATCGGACC-1","D_3wpi","Activated Microglia A",1.54535652916894,"DAM-like"
"D-26_CTAGCCTGTAAAGTCA-1","D_3wpi","Activated Microglia B",0.956152065303295,"DAM-like"
"D-26_CTAGCCTGTTACGACT-1","D_3wpi","Microglia 2",0.87594832598256,"DAM-like"
"D-26_CTAGCCTTCGCCCTTA-1","D_3wpi","Activated Microglia A",0.777636042650959,"DAM-like"
"D-26_CTAGTGAAGAAGGACA-1","D_3wpi","Microglia 3",0.225875973149845,"Intermediate"
"D-26_CTAGTGAAGGCATTGG-1","D_3wpi","Activated Microglia B",0.717701934813942,"DAM-like"
"D-26_CTAGTGACAATCACAC-1","D_3wpi","Microglia 3",-0.264946260201791,"Intermediate"
"D-26_CTCACACTCGACCAGC-1","D_3wpi","Microglia 3",0.528890956521712,"DAM-like"
"D-26_CTCAGAACACCTATCC-1","D_3wpi","Microglia 3",-0.38485893095048,"Intermediate"
"D-26_CTCAGAATCAACACTG-1","D_3wpi","Microglia 3",0.00093409450783466,"Intermediate"
"D-26_CTCCTAGAGAAACCGC-1","D_3wpi","Microglia 3",-0.706227073061901,"Intermediate"
"D-26_CTCCTAGAGGAATGGA-1","D_3wpi","Activated Microglia A",1.13625574841244,"DAM-like"
"D-26_CTCCTAGCATGGATGG-1","D_3wpi","Activated Microglia B",0.169016288350836,"Intermediate"
"D-26_CTCCTAGGTGTCAATC-1","D_3wpi","Microglia 3",-0.630376190930156,"Intermediate"
"D-26_CTCGAAAAGATCCGAG-1","D_3wpi","Microglia 3",-0.390940635438328,"Intermediate"
"D-26_CTCGAAATCGCATGAT-1","D_3wpi","Activated Microglia B",0.37653468820631,"DAM-like"
"D-26_CTCGAGGGTGTGACGA-1","D_3wpi","Activated Microglia A",0.00692643810292193,"Intermediate"
"D-26_CTCGGAGAGTTAGGTA-1","D_3wpi","Activated Microglia A",1.33161894431398,"DAM-like"
"D-26_CTCGGGAAGTGGTAAT-1","D_3wpi","Microglia 1",-0.143760258601181,"Intermediate"
"D-26_CTCGTACAGGCCCTCA-1","D_3wpi","Activated Microglia A",1.38764018346513,"DAM-like"
"D-26_CTCGTACAGTGGTAAT-1","D_3wpi","Activated Microglia A",1.43615165472826,"DAM-like"
"D-26_CTCGTACCAGACACTT-1","D_3wpi","Activated Microglia A",-0.518130655785001,"Intermediate"
"D-26_CTCGTCAAGCGAAGGG-1","D_3wpi","Microglia 3",0.868969257447101,"DAM-like"
"D-26_CTCGTCACAATGAAAC-1","D_3wpi","Microglia 3",0.526318146233371,"DAM-like"
"D-26_CTCGTCATCGCACTCT-1","D_3wpi","Microglia 3",0.0838383934189421,"Intermediate"
"D-26_CTCTAATCACTTCGAA-1","D_3wpi","Microglia 3",0.0602036409731584,"Intermediate"
"D-26_CTCTAATGTGCAGTAG-1","D_3wpi","Microglia 1",0.352768800688572,"DAM-like"
"D-26_CTCTAATTCCACTCCA-1","D_3wpi","Microglia 3",-0.806171649495303,"Homeostatic"
"D-26_CTCTAATTCCTATGTT-1","D_3wpi","Microglia 3",0.0200966632772962,"Intermediate"
"D-26_CTCTACGTCCGAAGAG-1","D_3wpi","Activated Microglia A",0.119730188807983,"Intermediate"
"D-26_CTCTGGTCACCGTTGG-1","D_3wpi","Microglia 3",-0.612923765698392,"Intermediate"
"D-26_CTGAAACAGTCCAGGA-1","D_3wpi","Microglia 3",1.18323878656098,"DAM-like"
"D-26_CTGAAACCACTTCTGC-1","D_3wpi","Microglia 3",-0.158648564573212,"Intermediate"
"D-26_CTGAAGTAGGACACCA-1","D_3wpi","Microglia 3",0.036104306049503,"Intermediate"
"D-26_CTGAAGTAGTACGTAA-1","D_3wpi","Microglia 3",0.917200027727872,"DAM-like"
"D-26_CTGAAGTCAGACGCTC-1","D_3wpi","Activated Microglia A",1.39951968381638,"DAM-like"
"D-26_CTGATAGCAAGCCATT-1","D_3wpi","Activated Microglia B",1.02653192058134,"DAM-like"
"D-26_CTGATAGGTTATGTGC-1","D_3wpi","Microglia 1",-0.101580786754286,"Intermediate"
"D-26_CTGATCCTCCCACTTG-1","D_3wpi","Activated Microglia A",-0.0129370711275723,"Intermediate"
"D-26_CTGCCTAGTCCGAACC-1","D_3wpi","Activated Microglia B",1.15281850614278,"DAM-like"
"D-26_CTGCGGAAGTTCGCGC-1","D_3wpi","Activated Microglia A",0.1683587734243,"Intermediate"
"D-26_CTGCTGTCAAAGTGCG-1","D_3wpi","Microglia 3",-0.116616558746473,"Intermediate"
"D-26_CTGCTGTGTCTGCCAG-1","D_3wpi","Microglia 3",-0.171750190108816,"Intermediate"
"D-26_CTGGTCTAGAAACCGC-1","D_3wpi","Activated Microglia B",1.15780481734599,"DAM-like"
"D-26_CTGGTCTGTCTCCATC-1","D_3wpi","Microglia 3",-1.08960222316547,"Homeostatic"
"D-26_CTGTGCTCACCGAAAG-1","D_3wpi","Activated Microglia B",0.0467201762243408,"Intermediate"
"D-26_CTGTTTAGTAGCTGCC-1","D_3wpi","Microglia 3",-0.642285822952341,"Intermediate"
"D-26_CTTAACTCAGTCTTCC-1","D_3wpi","Activated Microglia A",0.482773842982278,"DAM-like"
"D-26_CTTAGGACAATCGGTT-1","D_3wpi","Microglia 2",0.505817872733279,"DAM-like"
"D-26_CTTAGGATCAAACCGT-1","D_3wpi","Microglia 3",0.607901439618527,"DAM-like"
"D-26_CTTAGGATCACCGGGT-1","D_3wpi","Microglia 2",0.458437465598647,"DAM-like"
"D-26_CTTGGCTCATTACGAC-1","D_3wpi","Microglia 3",0.13416722073913,"Intermediate"
"D-26_CTTGGCTGTGTTAAGA-1","D_3wpi","Activated Microglia B",0.407473706955802,"DAM-like"
"D-26_CTTTGCGCAGACGCAA-1","D_3wpi","Activated Microglia B",1.08222772501862,"DAM-like"
"D-26_CTTTGCGGTCATCCCT-1","D_3wpi","Microglia 3",0.202715238891323,"Intermediate"
"D-26_CTTTGCGGTTGGTGGA-1","D_3wpi","Activated Microglia A",1.72061355052641,"DAM-like"
"D-26_GAAACTCAGGGCTTGA-1","D_3wpi","Activated Microglia B",-0.418750077207268,"Intermediate"
"D-26_GAAACTCCAAGAAGAG-1","D_3wpi","Microglia 3",-0.0142376277719988,"Intermediate"
"D-26_GAAATGAAGAGCTGCA-1","D_3wpi","Activated Microglia A",0.379704100413771,"DAM-like"
"D-26_GAAATGAAGCGAAGGG-1","D_3wpi","Microglia 3",-0.123740465470604,"Intermediate"
"D-26_GAAATGATCGCCAAAT-1","D_3wpi","Activated Microglia B",0.903341616880356,"DAM-like"
"D-26_GAACATCCAATGGATA-1","D_3wpi","Microglia 3",-1.18624832385632,"Homeostatic"
"D-26_GAACATCGTAGAAGGA-1","D_3wpi","Microglia 3",0.665504304922451,"DAM-like"
"D-26_GAACATCGTCTAAAGA-1","D_3wpi","Microglia 3",-0.777313406698983,"Homeostatic"
"D-26_GAACATCTCAGCACAT-1","D_3wpi","Activated Microglia B",1.44122062809427,"DAM-like"
"D-26_GAACCTATCACCACCT-1","D_3wpi","Microglia 2",-0.316858934537843,"Intermediate"
"D-26_GAACCTATCCTGCTTG-1","D_3wpi","Activated Microglia A",0.546964551528964,"DAM-like"
"D-26_GAACCTATCGTTGACA-1","D_3wpi","Microglia 1",-0.195602910602832,"Intermediate"
"D-26_GAACCTATCTACGAGT-1","D_3wpi","Microglia 1",0.432257248194078,"DAM-like"
"D-26_GAACGGACAACTGCGC-1","D_3wpi","Activated Microglia A",0.299924006589226,"DAM-like"
"D-26_GAACGGAGTCCATGAT-1","D_3wpi","Microglia 2",0.82689947825617,"DAM-like"
"D-26_GAAGCAGCACGAAATA-1","D_3wpi","Microglia 3",0.171472875033726,"Intermediate"
"D-26_GAAGCAGGTACCAGTT-1","D_3wpi","Activated Microglia A",1.03817396479414,"DAM-like"
"D-26_GAAGCAGGTCTCATCC-1","D_3wpi","Microglia 3",-0.0481622968575831,"Intermediate"
"D-26_GAAGCAGGTTCAGACT-1","D_3wpi","Microglia 3",-0.451705770179717,"Intermediate"
"D-26_GAATAAGAGATACACA-1","D_3wpi","Activated Microglia B",0.423980683643601,"DAM-like"
"D-26_GAATAAGAGGAGTTGC-1","D_3wpi","Activated Microglia B",0.488737285302167,"DAM-like"
"D-26_GAATAAGCACAACGTT-1","D_3wpi","Microglia 3",0.357549427843512,"DAM-like"
"D-26_GAATAAGCAGTCACTA-1","D_3wpi","Microglia 3",-0.329398273928335,"Intermediate"
"D-26_GAATAAGGTGGTACAG-1","D_3wpi","Activated Microglia A",0.35461241439486,"DAM-like"
"D-26_GAATAAGTCACAAACC-1","D_3wpi","Microglia 3",-0.935078255820171,"Homeostatic"
"D-26_GACACGCCAAGGTTCT-1","D_3wpi","Activated Microglia B",0.419476537987156,"DAM-like"
"D-26_GACACGCGTAGGACAC-1","D_3wpi","Microglia 3",-0.0670574403711393,"Intermediate"
"D-26_GACACGCGTGAGTGAC-1","D_3wpi","Microglia 2",-0.103481625862847,"Intermediate"
"D-26_GACACGCGTGCTAGCC-1","D_3wpi","Activated Microglia B",1.13020367447335,"DAM-like"
"D-26_GACACGCTCAACCAAC-1","D_3wpi","Activated Microglia A",0.293880166261621,"DAM-like"
"D-26_GACACGCTCGAACGGA-1","D_3wpi","Microglia 1",-0.588355670833146,"Intermediate"
"D-26_GACAGAGAGAACAACT-1","D_3wpi","Microglia 3",0.452768461340518,"DAM-like"
"D-26_GACAGAGAGACGCAAC-1","D_3wpi","Activated Microglia A",-0.177909525554594,"Intermediate"
"D-26_GACAGAGTCCCTCAGT-1","D_3wpi","Microglia 3",-0.458508912742801,"Intermediate"
"D-26_GACCAATTCTTGACGA-1","D_3wpi","Microglia 3",0.937037631058186,"DAM-like"
"D-26_GACCTGGAGGACTGGT-1","D_3wpi","Microglia 3",0.11645734356647,"Intermediate"
"D-26_GACCTGGCACCGAATT-1","D_3wpi","Microglia 2",-0.675552769340761,"Intermediate"
"D-26_GACGCGTAGGGTGTTG-1","D_3wpi","Microglia 3",-0.272323616575511,"Intermediate"
"D-26_GACGCGTTCCGAAGAG-1","D_3wpi","Microglia 2",-1.32205083194883,"Homeostatic"
"D-26_GACGGCTCATATACGC-1","D_3wpi","Microglia 3",0.531618905241983,"DAM-like"
"D-26_GACGGCTTCTATCCTA-1","D_3wpi","Microglia 3",-0.455271693449557,"Intermediate"
"D-26_GACGTGCGTCAATACC-1","D_3wpi","Microglia 1",-0.716331206280078,"Homeostatic"
"D-26_GACGTGCTCCAAGCCG-1","D_3wpi","Microglia 3",0.702398274300521,"DAM-like"
"D-26_GACGTTACACAAGTAA-1","D_3wpi","Microglia 3",0.60672434401838,"DAM-like"
"D-26_GACTAACCATTATCTC-1","D_3wpi","Microglia 3",0.516419420992092,"DAM-like"
"D-26_GACTACACACATTAGC-1","D_3wpi","Activated Microglia B",0.926951449984975,"DAM-like"
"D-26_GACTGCGAGTCCGTAT-1","D_3wpi","Activated Microglia A",0.556112358795028,"DAM-like"
"D-26_GACTGCGCACCACGTG-1","D_3wpi","Activated Microglia A",0.00745973548044121,"Intermediate"
"D-26_GACTGCGCACCAGGCT-1","D_3wpi","Activated Microglia B",0.782752247900209,"DAM-like"
"D-26_GACTGCGCACGACGAA-1","D_3wpi","Microglia 3",-0.044890847479367,"Intermediate"
"D-26_GACTGCGCATACTACG-1","D_3wpi","Activated Microglia A",1.00321618493977,"DAM-like"
"D-26_GACTGCGTCGGCTTGG-1","D_3wpi","Activated Microglia A",0.552868018912777,"DAM-like"
"D-26_GAGCAGAGTTTGTTTC-1","D_3wpi","Microglia 1",-0.534001088930765,"Intermediate"
"D-26_GAGCAGATCATTGCGA-1","D_3wpi","Microglia 3",-0.389197115672622,"Intermediate"
"D-26_GAGGTGAAGGAATGGA-1","D_3wpi","Microglia 3",0.547243783225035,"DAM-like"
"D-26_GAGTCCGAGACCCACC-1","D_3wpi","Microglia 3",0.660091431146741,"DAM-like"
"D-26_GAGTCCGAGGTCATCT-1","D_3wpi","Microglia 3",0.45223402753729,"DAM-like"
"D-26_GAGTCCGCACCGATAT-1","D_3wpi","Activated Microglia A",-0.0685736172100907,"Intermediate"
"D-26_GAGTCCGCAGGCAGTA-1","D_3wpi","Microglia 3",0.738914749755254,"DAM-like"
"D-26_GAGTCCGGTGCAGTAG-1","D_3wpi","Activated Microglia A",0.963200198700151,"DAM-like"
"D-26_GATCAGTAGCACGCCT-1","D_3wpi","Microglia 3",-0.164724858945153,"Intermediate"
"D-26_GATCAGTGTACCGTTA-1","D_3wpi","Microglia 3",-0.955059955000441,"Homeostatic"
"D-26_GATCAGTGTCGGCATC-1","D_3wpi","Microglia 3",0.374444812202463,"DAM-like"
"D-26_GATCAGTTCGCCTGTT-1","D_3wpi","Microglia 3",0.191694397015152,"Intermediate"
"D-26_GATCGATCAAACCCAT-1","D_3wpi","Activated Microglia B",0.324367250581441,"DAM-like"
"D-26_GATCGATGTTCCACAA-1","D_3wpi","Microglia 1",-0.589070814763551,"Intermediate"
"D-26_GATCGCGAGCTAGGCA-1","D_3wpi","Activated Microglia A",0.331542921899925,"DAM-like"
"D-26_GATCGCGAGCTTCGCG-1","D_3wpi","Microglia 3",0.176377695024062,"Intermediate"
"D-26_GATCGCGAGTGAAGTT-1","D_3wpi","Activated Microglia A",1.20076975684619,"DAM-like"
"D-26_GATCGCGCAACACGCC-1","D_3wpi","Microglia 3",-0.0355264431863969,"Intermediate"
"D-26_GATCGCGCATGTCCTC-1","D_3wpi","Microglia 1",0.337602507002741,"DAM-like"
"D-26_GATCGTACAGCCACCA-1","D_3wpi","Microglia 1",-0.329956828301404,"Intermediate"
"D-26_GATCGTACAGCGATCC-1","D_3wpi","Activated Microglia B",0.928035369141516,"DAM-like"
"D-26_GATCGTAGTGTTCGAT-1","D_3wpi","Activated Microglia A",0.574650546852074,"DAM-like"
"D-26_GATCTAGCAACTGCTA-1","D_3wpi","Activated Microglia A",0.76010546622989,"DAM-like"
"D-26_GATGAAACAGCGTCCA-1","D_3wpi","Microglia 3",0.774037416678498,"DAM-like"
"D-26_GATGAAACAGTTCATG-1","D_3wpi","Microglia 3",-0.345338307379179,"Intermediate"
"D-26_GATGAAATCAAACCAC-1","D_3wpi","Microglia 3",-0.237907549295145,"Intermediate"
"D-26_GATGAAATCCGAATGT-1","D_3wpi","Microglia 3",0.407601091472699,"DAM-like"
"D-26_GATGAAATCGCAAACT-1","D_3wpi","Microglia 3",0.800851270494382,"DAM-like"
"D-26_GATGAGGAGATGTGGC-1","D_3wpi","Activated Microglia A",-0.320731852820553,"Intermediate"
"D-26_GATGAGGGTGCTTCTC-1","D_3wpi","Activated Microglia B",1.52531800386937,"DAM-like"
"D-26_GATGAGGTCCGGCACA-1","D_3wpi","Microglia 3",-0.419159042890358,"Intermediate"
"D-26_GATGCTATCAGCTCGG-1","D_3wpi","Microglia 3",0.193593544993064,"Intermediate"
"D-26_GATTCAGAGTACGCGA-1","D_3wpi","Microglia 2",0.178955536257945,"Intermediate"
"D-26_GCAAACTCACTGCCAG-1","D_3wpi","Microglia 1",-0.678449613566751,"Intermediate"
"D-26_GCAAACTTCCATTCTA-1","D_3wpi","Activated Microglia A",1.17921771691898,"DAM-like"
"D-26_GCAATCAAGCCAGTTT-1","D_3wpi","Microglia 3",0.937264765855898,"DAM-like"
"D-26_GCAATCACAAGCTGAG-1","D_3wpi","Activated Microglia B",0.792761436520709,"DAM-like"
"D-26_GCAATCACACAGCGTC-1","D_3wpi","Microglia 2",-0.920459041031815,"Homeostatic"
"D-26_GCAATCACACCCATGG-1","D_3wpi","Activated Microglia B",0.898823627054759,"DAM-like"
"D-26_GCAATCAGTCGCCATG-1","D_3wpi","Microglia 3",-0.331499780363026,"Intermediate"
"D-26_GCACATAAGGTGATTA-1","D_3wpi","Microglia 3",0.293592734674195,"DAM-like"
"D-26_GCACATACAGTGGAGT-1","D_3wpi","Activated Microglia B",0.536172137140072,"DAM-like"
"D-26_GCACATAGTTACTGAC-1","D_3wpi","Activated Microglia A",0.785413463640442,"DAM-like"
"D-26_GCACTCTCAGTTCCCT-1","D_3wpi","Microglia 3",-6.69488035646149e-05,"Intermediate"
"D-26_GCAGCCATCCGTAGTA-1","D_3wpi","Microglia 1",-0.699846417629847,"Intermediate"
"D-26_GCAGTTACAGCGAACA-1","D_3wpi","Activated Microglia A",1.0410187350746,"DAM-like"
"D-26_GCAGTTACATTTCACT-1","D_3wpi","Activated Microglia A",0.606510128543025,"DAM-like"
"D-26_GCATACAAGAAGGACA-1","D_3wpi","Microglia 3",-1.24052805101398,"Homeostatic"
"D-26_GCATGATAGGAGTTGC-1","D_3wpi","Microglia 1",-0.839773874811756,"Homeostatic"
"D-26_GCATGCGAGGGCTTGA-1","D_3wpi","Activated Microglia A",0.795430381532615,"DAM-like"
"D-26_GCATGCGCAGGTCTCG-1","D_3wpi","Microglia 3",-1.07673328056453,"Homeostatic"
"D-26_GCATGTAAGACCTAGG-1","D_3wpi","Microglia 3",-0.0321696841133536,"Intermediate"
"D-26_GCCAAATAGGGATACC-1","D_3wpi","Activated Microglia A",0.704491917367708,"DAM-like"
"D-26_GCCTCTACACATAACC-1","D_3wpi","Activated Microglia B",-0.0670328683348907,"Intermediate"
"D-26_GCCTCTAGTAAGTTCC-1","D_3wpi","Activated Microglia A",-0.115804583774119,"Intermediate"
"D-26_GCGACCACACACCGAC-1","D_3wpi","Microglia 3",0.102020396808587,"Intermediate"
"D-26_GCGACCAGTAGAGGAA-1","D_3wpi","Microglia 3",-0.335164341674454,"Intermediate"
"D-26_GCGACCATCGCCGTGA-1","D_3wpi","Microglia 3",0.564834459855602,"DAM-like"
"D-26_GCGAGAAAGCGAGAAA-1","D_3wpi","Microglia 3",0.278243499424048,"DAM-like"
"D-26_GCGAGAAAGCGTAGTG-1","D_3wpi","Activated Microglia A",0.0537418504860483,"Intermediate"
"D-26_GCGAGAAGTTGTGGCC-1","D_3wpi","Microglia 3",0.642417808531601,"DAM-like"
"D-26_GCGAGAATCGTACCGG-1","D_3wpi","Microglia 3",-0.153434651173453,"Intermediate"
"D-26_GCGCAGTCAGGATTGG-1","D_3wpi","Microglia 3",-0.254863751463613,"Intermediate"
"D-26_GCGCCAAAGCCGGTAA-1","D_3wpi","Activated Microglia A",0.72060892568039,"DAM-like"
"D-26_GCGCCAAAGCGCTTAT-1","D_3wpi","Microglia 3",0.0220796743194975,"Intermediate"
"D-26_GCGCGATCAGATGAGC-1","D_3wpi","Microglia 3",-0.231479578482347,"Intermediate"
"D-26_GCGCGATGTTAAAGAC-1","D_3wpi","Microglia 3",0.379998761313944,"DAM-like"
"D-26_GCGCGATGTTGTCGCG-1","D_3wpi","Activated Microglia A",0.388595606786886,"DAM-like"
"D-26_GCGGGTTGTCGATTGT-1","D_3wpi","Microglia 1",-1.77462628404071,"Homeostatic"
"D-26_GCTCCTAAGTCGTACT-1","D_3wpi","Microglia 3",-0.299642901426954,"Intermediate"
"D-26_GCTCTGTAGCTACCTA-1","D_3wpi","Activated Microglia B",0.0540432678221937,"Intermediate"
"D-26_GCTCTGTCAACTGCTA-1","D_3wpi","Microglia 3",-1.49742090754178,"Homeostatic"
"D-26_GCTCTGTTCACGACTA-1","D_3wpi","Activated Microglia B",0.465292673621767,"DAM-like"
"D-26_GCTGCAGTCGCGCCAA-1","D_3wpi","Activated Microglia A",1.23353448189174,"DAM-like"
"D-26_GCTGCGACAATCAGAA-1","D_3wpi","Activated Microglia A",1.2426451815336,"DAM-like"
"D-26_GCTGCTTAGAAACCTA-1","D_3wpi","Activated Microglia A",0.505012643064969,"DAM-like"
"D-26_GCTGCTTAGTACGATA-1","D_3wpi","Microglia 1",-1.3543090029216,"Homeostatic"
"D-26_GCTGCTTCACCAGGTC-1","D_3wpi","Microglia 3",0.169969525512158,"Intermediate"
"D-26_GCTGCTTCACGACGAA-1","D_3wpi","Microglia 3",-0.377132668393979,"Intermediate"
"D-26_GCTGGGTGTGATAAAC-1","D_3wpi","Microglia 3",0.239228764086235,"DAM-like"
"D-26_GCTGGGTGTGGTACAG-1","D_3wpi","Microglia 3",-0.633736663763669,"Intermediate"
"D-26_GGAAAGCAGGTTACCT-1","D_3wpi","Microglia 3",-0.406288639517492,"Intermediate"
"D-26_GGAAAGCGTCTCTCTG-1","D_3wpi","Activated Microglia A",-0.128436962687488,"Intermediate"
"D-26_GGAAAGCTCGGCGCTA-1","D_3wpi","Microglia 3",0.335987625080972,"DAM-like"
"D-26_GGAACTTAGTATTGGA-1","D_3wpi","Activated Microglia A",-0.49399130162633,"Intermediate"
"D-26_GGAACTTCACCGATAT-1","D_3wpi","Microglia 1",-0.163901818071806,"Intermediate"
"D-26_GGAACTTGTAGAGGAA-1","D_3wpi","Activated Microglia A",0.445015948436567,"DAM-like"
"D-26_GGAATAAAGATAGTCA-1","D_3wpi","Microglia 3",-0.179019916238558,"Intermediate"
"D-26_GGAATAAAGGTGTTAA-1","D_3wpi","Activated Microglia A",0.368355862917224,"DAM-like"
"D-26_GGAATAACATTCGACA-1","D_3wpi","Microglia 3",-0.692744861893725,"Intermediate"
"D-26_GGACAAGCACAGGCCT-1","D_3wpi","Activated Microglia A",0.573970969280924,"DAM-like"
"D-26_GGACAAGCACGTTGGC-1","D_3wpi","Microglia 2",-0.544046503291451,"Intermediate"
"D-26_GGACAGACACATCCGG-1","D_3wpi","Microglia 3",-0.230356294248392,"Intermediate"
"D-26_GGACAGAGTGAAGGCT-1","D_3wpi","Microglia 3",0.0746575231433186,"Intermediate"
"D-26_GGACATTAGAATGTGT-1","D_3wpi","Microglia 1",-0.937080807464357,"Homeostatic"
"D-26_GGACGTCCAAAGAATC-1","D_3wpi","Microglia 3",-0.441407105937812,"Intermediate"
"D-26_GGACGTCCATGGAATA-1","D_3wpi","Activated Microglia B",1.41156404937722,"DAM-like"
"D-26_GGACGTCTCGTTGCCT-1","D_3wpi","Microglia 1",0.620141264137385,"DAM-like"
"D-26_GGAGCAAAGATCGATA-1","D_3wpi","Microglia 3",-1.13307943559287,"Homeostatic"
"D-26_GGAGCAAGTGGACGAT-1","D_3wpi","Activated Microglia A",1.20841968689818,"DAM-like"
"D-26_GGAGCAATCCAAAGTC-1","D_3wpi","Microglia 3",-0.611864737334249,"Intermediate"
"D-26_GGATGTTAGTTACCCA-1","D_3wpi","Microglia 3",0.934309867914876,"DAM-like"
"D-26_GGATGTTGTACGAAAT-1","D_3wpi","Activated Microglia B",0.770875822078608,"DAM-like"
"D-26_GGCAATTAGATATACG-1","D_3wpi","Activated Microglia B",1.63482650656123,"DAM-like"
"D-26_GGCAATTCACATCCGG-1","D_3wpi","Microglia 2",0.191152298236724,"Intermediate"
"D-26_GGCCGATCAGCTGCTG-1","D_3wpi","Activated Microglia B",0.284751645087556,"DAM-like"
"D-26_GGCGACTAGAAACGAG-1","D_3wpi","Microglia 3",-0.327773483855863,"Intermediate"
"D-26_GGCGACTCACGTCAGC-1","D_3wpi","Activated Microglia A",0.633703512779978,"DAM-like"
"D-26_GGCGTGTCAAAGCGGT-1","D_3wpi","Activated Microglia A",0.144767160058336,"Intermediate"
"D-26_GGCGTGTCACACTGCG-1","D_3wpi","Microglia 3",-0.177425035321197,"Intermediate"
"D-26_GGCGTGTGTCACCCAG-1","D_3wpi","Activated Microglia B",0.876438242869674,"DAM-like"
"D-26_GGCGTGTTCTGCGTAA-1","D_3wpi","Microglia 3",0.55922474589017,"DAM-like"
"D-26_GGCTGGTAGTCCGGTC-1","D_3wpi","Microglia 3",-0.257317710030168,"Intermediate"
"D-26_GGCTGGTGTCTCTCTG-1","D_3wpi","Activated Microglia A",0.433117890868904,"DAM-like"
"D-26_GGCTGGTTCGTTGCCT-1","D_3wpi","Activated Microglia B",0.686788723909497,"DAM-like"
"D-26_GGGAATGCAAGAGGCT-1","D_3wpi","Microglia 3",1.53943521373284,"DAM-like"
"D-26_GGGACCTCAGTCTTCC-1","D_3wpi","Microglia 3",-0.284615288327502,"Intermediate"
"D-26_GGGACCTGTCATCCCT-1","D_3wpi","Microglia 3",-0.60334987706783,"Intermediate"
"D-26_GGGACCTGTCGACTGC-1","D_3wpi","Microglia 3",-0.585587404271981,"Intermediate"
"D-26_GGGAGATCAAGCGAGT-1","D_3wpi","Microglia 3",-0.178537118591553,"Intermediate"
"D-26_GGGAGATTCACCTTAT-1","D_3wpi","Microglia 3",-0.905686126354185,"Homeostatic"
"D-26_GGGAGATTCAGTTCGA-1","D_3wpi","Activated Microglia A",0.695878978218355,"DAM-like"
"D-26_GGGATGAAGATCCTGT-1","D_3wpi","Microglia 1",0.136026946082968,"Intermediate"
"D-26_GGGATGAGTCATCCCT-1","D_3wpi","Activated Microglia B",0.910547609524592,"DAM-like"
"D-26_GGGCACTCATTAACCG-1","D_3wpi","Microglia 3",-0.51790401004782,"Intermediate"
"D-26_GGGCACTTCTCGTATT-1","D_3wpi","Microglia 3",-0.68109253952613,"Intermediate"
"D-26_GGGCATCGTCGACTGC-1","D_3wpi","Activated Microglia A",1.0921981371252,"DAM-like"
"D-26_GGGCATCTCGAGAACG-1","D_3wpi","Microglia 3",-0.493729036936563,"Intermediate"
"D-26_GGGTCTGGTCACTTCC-1","D_3wpi","Microglia 3",0.0175458202770643,"Intermediate"
"D-26_GGGTCTGGTGTTCGAT-1","D_3wpi","Microglia 3",0.10126660929227,"Intermediate"
"D-26_GGGTTGCAGTCCGTAT-1","D_3wpi","Activated Microglia B",0.832511093979432,"DAM-like"
"D-26_GGGTTGCCATCCCACT-1","D_3wpi","Activated Microglia B",0.00877656596012688,"Intermediate"
"D-26_GGGTTGCGTCTCTTAT-1","D_3wpi","Microglia 3",0.204430336045152,"Intermediate"
"D-26_GGTATTGGTTCGTGAT-1","D_3wpi","Activated Microglia A",1.02122117674198,"DAM-like"
"D-26_GGTATTGTCTCTTGAT-1","D_3wpi","Activated Microglia A",0.331848001550806,"DAM-like"
"D-26_GGTGAAGCAGTATGCT-1","D_3wpi","Activated Microglia B",0.52524347102125,"DAM-like"
"D-26_GGTGCGTGTCGGCACT-1","D_3wpi","Microglia 1",-0.339652628970887,"Intermediate"
"D-26_GGTGTTAAGGCCCGTT-1","D_3wpi","Activated Microglia B",0.763110936263196,"DAM-like"
"D-26_GGTGTTAAGTGATCGG-1","D_3wpi","Activated Microglia A",0.329231664627261,"DAM-like"
"D-26_GTAACGTAGAACTCGG-1","D_3wpi","Microglia 3",0.37299070646916,"DAM-like"
"D-26_GTAACGTGTTAAAGTG-1","D_3wpi","Microglia 3",0.306318311850483,"DAM-like"
"D-26_GTAACTGAGCCCTAAT-1","D_3wpi","Microglia 3",-0.265963611169123,"Intermediate"
"D-26_GTAACTGCAATAGCGG-1","D_3wpi","Microglia 3",0.522617791175785,"DAM-like"
"D-26_GTAACTGCACCACCAG-1","D_3wpi","Microglia 3",-0.0707515881997726,"Intermediate"
"D-26_GTACGTAGTGTCGCTG-1","D_3wpi","Microglia 3",0.230007986662166,"Intermediate"
"D-26_GTACTCCCACGGACAA-1","D_3wpi","Microglia 3",-0.0255170003309132,"Intermediate"
"D-26_GTACTCCGTAGCTAAA-1","D_3wpi","Microglia 3",0.926235087335261,"DAM-like"
"D-26_GTACTCCGTTCCACTC-1","D_3wpi","Microglia 3",0.351834508339454,"DAM-like"
"D-26_GTACTTTAGAGGTAGA-1","D_3wpi","Microglia 2",0.256297811527309,"DAM-like"
"D-26_GTACTTTAGGACCACA-1","D_3wpi","Microglia 1",-0.715376136155245,"Homeostatic"
"D-26_GTACTTTAGTCTCCTC-1","D_3wpi","Microglia 3",-0.00816948207666801,"Intermediate"
"D-26_GTACTTTCAAGGACAC-1","D_3wpi","Microglia 3",0.108271672363024,"Intermediate"
"D-26_GTAGGCCCACAGATTC-1","D_3wpi","Microglia 3",1.26176040305612,"DAM-like"
"D-26_GTAGGCCTCAGCAACT-1","D_3wpi","Microglia 3",-0.663185416921289,"Intermediate"
"D-26_GTAGTCACAGACACTT-1","D_3wpi","Microglia 1",-0.592511891575867,"Intermediate"
"D-26_GTAGTCATCTTACCTA-1","D_3wpi","Activated Microglia B",0.665642892075657,"DAM-like"
"D-26_GTATCTTAGGAGTAGA-1","D_3wpi","Activated Microglia A",0.89653923493803,"DAM-like"
"D-26_GTATTCTAGAATTGTG-1","D_3wpi","Microglia 3",0.538210683826476,"DAM-like"
"D-26_GTCAAGTCAGCTGTAT-1","D_3wpi","Microglia 2",-0.314157459805803,"Intermediate"
"D-26_GTCAAGTGTTGATTCG-1","D_3wpi","Microglia 3",-0.331778972581099,"Intermediate"
"D-26_GTCATTTAGTACGATA-1","D_3wpi","Microglia 3",-1.16098260249598,"Homeostatic"
"D-26_GTCATTTCACTCTGTC-1","D_3wpi","Microglia 3",-0.548549164920523,"Intermediate"
"D-26_GTCATTTCATACTCTT-1","D_3wpi","Microglia 3",-0.890478521115151,"Homeostatic"
"D-26_GTCATTTCATGGTCAT-1","D_3wpi","Microglia 3",-0.392645044526036,"Intermediate"
"D-26_GTCATTTGTCTGATCA-1","D_3wpi","Microglia 3",0.333119131610042,"DAM-like"
"D-26_GTCATTTGTTATCGGT-1","D_3wpi","Microglia 1",-0.118010872606411,"Intermediate"
"D-26_GTCATTTGTTGGTGGA-1","D_3wpi","Microglia 3",-0.441370686235272,"Intermediate"
"D-26_GTCATTTTCACCACCT-1","D_3wpi","Microglia 3",0.341110038066085,"DAM-like"
"D-26_GTCATTTTCTACTTAC-1","D_3wpi","Activated Microglia A",1.49935741488872,"DAM-like"
"D-26_GTCCTCATCCCTAACC-1","D_3wpi","Activated Microglia A",0.725262504010824,"DAM-like"
"D-26_GTCGGGTAGGAATGGA-1","D_3wpi","Microglia 3",-0.835733080363787,"Homeostatic"
"D-26_GTCGGGTCAATGTTGC-1","D_3wpi","Activated Microglia B",0.971450372890606,"DAM-like"
"D-26_GTCGGGTGTCTAGAGG-1","D_3wpi","Microglia 3",-0.354887445291736,"Intermediate"
"D-26_GTCGTAATCAAGGCTT-1","D_3wpi","Microglia 3",-0.0188577799694404,"Intermediate"
"D-26_GTCTCGTCAACACCTA-1","D_3wpi","Microglia 1",-0.30039300462844,"Intermediate"
"D-26_GTCTTCGCAATAAGCA-1","D_3wpi","Microglia 2",-1.46912774277968,"Homeostatic"
"D-26_GTCTTCGCATAGAAAC-1","D_3wpi","Microglia 2",-0.0923975461001151,"Intermediate"
"D-26_GTCTTCGGTATCACCA-1","D_3wpi","Microglia 3",-0.550042127984105,"Intermediate"
"D-26_GTCTTCGGTCCAGTTA-1","D_3wpi","Microglia 1",-0.584456898252668,"Intermediate"
"D-26_GTGAAGGAGCCAACAG-1","D_3wpi","Microglia 3",0.201889961893706,"Intermediate"
"D-26_GTGCAGCCAAGCGTAG-1","D_3wpi","Microglia 3",-0.527418101461559,"Intermediate"
"D-26_GTGCAGCGTCCAGTAT-1","D_3wpi","Microglia 3",0.427109542403694,"DAM-like"
"D-26_GTGCAGCTCTAGAGTC-1","D_3wpi","Microglia 3",1.06067434596679,"DAM-like"
"D-26_GTGCATAAGGGTCGAT-1","D_3wpi","Microglia 3",-0.142204974439614,"Intermediate"
"D-26_GTGCGGTCATCCGTGG-1","D_3wpi","Microglia 3",-0.532406064594814,"Intermediate"
"D-26_GTGCGGTTCCCAAGTA-1","D_3wpi","Microglia 3",-0.10723321769482,"Intermediate"
"D-26_GTGCTTCAGCGGCTTC-1","D_3wpi","Microglia 3",-0.557126881003989,"Intermediate"
"D-26_GTGCTTCCATCTATGG-1","D_3wpi","Activated Microglia A",0.676496371100529,"DAM-like"
"D-26_GTGGGTCAGAAACCTA-1","D_3wpi","Microglia 3",-0.582868058678522,"Intermediate"
"D-26_GTGGGTCAGCATGGCA-1","D_3wpi","Microglia 3",0.587808592347473,"DAM-like"
"D-26_GTGGGTCAGTTTAGGA-1","D_3wpi","Microglia 1",0.26267919465017,"DAM-like"
"D-26_GTGGGTCCAATAACGA-1","D_3wpi","Activated Microglia B",-0.0644046245977898,"Intermediate"
"D-26_GTGGGTCTCCAAATGC-1","D_3wpi","Microglia 3",0.0341465036069681,"Intermediate"
"D-26_GTGGGTCTCTCAAACG-1","D_3wpi","Activated Microglia A",-0.00478128606393891,"Intermediate"
"D-26_GTGTGCGAGATATGGT-1","D_3wpi","Microglia 3",0.600367075798002,"DAM-like"
"D-26_GTGTGCGAGTCATGCT-1","D_3wpi","Microglia 3",-0.157862830425241,"Intermediate"
"D-26_GTGTGCGGTCTCCACT-1","D_3wpi","Activated Microglia B",1.11987737098422,"DAM-like"
"D-26_GTGTGCGGTGGTACAG-1","D_3wpi","Microglia 3",-1.06888972381126,"Homeostatic"
"D-26_GTGTGCGTCTTGTATC-1","D_3wpi","Activated Microglia A",0.585294948727619,"DAM-like"
"D-26_GTGTTAGAGATGAGAG-1","D_3wpi","Microglia 3",0.35637793337929,"DAM-like"
"D-26_GTGTTAGCATATACGC-1","D_3wpi","Microglia 3",-0.0434823987166076,"Intermediate"
"D-26_GTGTTAGGTCTCCCTA-1","D_3wpi","Activated Microglia B",1.04521440902401,"DAM-like"
"D-26_GTGTTAGTCATGCATG-1","D_3wpi","Microglia 3",0.307373045537432,"DAM-like"
"D-26_GTTAAGCCACGGTAGA-1","D_3wpi","Microglia 3",0.016420048268447,"Intermediate"
"D-26_GTTAAGCGTCCGCTGA-1","D_3wpi","Microglia 1",-0.189469072625599,"Intermediate"
"D-26_GTTAAGCTCACTCTTA-1","D_3wpi","Activated Microglia A",0.924865726171163,"DAM-like"
"D-26_GTTAAGCTCTCACATT-1","D_3wpi","Microglia 3",-0.0568057842765295,"Intermediate"
"D-26_GTTACAGAGGCACATG-1","D_3wpi","Microglia 2",0.781454543835059,"DAM-like"
"D-26_GTTCATTCACCGAATT-1","D_3wpi","Microglia 3",-0.479184091205875,"Intermediate"
"D-26_GTTCGGGTCACCAGGC-1","D_3wpi","Microglia 3",0.531995413609831,"DAM-like"
"D-26_GTTCGGGTCGGAGGTA-1","D_3wpi","Microglia 3",-1.03335564956915,"Homeostatic"
"D-26_GTTCTCGCATGGAATA-1","D_3wpi","Microglia 3",0,"Intermediate"
"D-26_GTTTCTAAGCACCGTC-1","D_3wpi","Microglia 3",0.760236798924116,"DAM-like"
"D-26_GTTTCTATCTGGTTCC-1","D_3wpi","Microglia 3",-0.16108139040554,"Intermediate"
"D-26_TAAGAGAAGATGGGTC-1","D_3wpi","Activated Microglia A",0.821952291495776,"DAM-like"
"D-26_TAAGAGAAGTGACATA-1","D_3wpi","Microglia 3",0.239576254845231,"DAM-like"
"D-26_TAAGAGACACAGAGGT-1","D_3wpi","Microglia 1",-0.957864295786879,"Homeostatic"
"D-26_TAAGCGTAGGATGGAA-1","D_3wpi","Microglia 3",0.555945563298113,"DAM-like"
"D-26_TAAGCGTGTCAAGCGA-1","D_3wpi","Activated Microglia A",0.939180690783773,"DAM-like"
"D-26_TAAGCGTGTGTAAGTA-1","D_3wpi","Microglia 3",-0.581952963567888,"Intermediate"
"D-26_TAAGTGCTCACCACCT-1","D_3wpi","Microglia 3",-0.334869858194528,"Intermediate"
"D-26_TACACGATCCACGTTC-1","D_3wpi","Microglia 3",-0.244119716505642,"Intermediate"
"D-26_TACAGTGAGAAACGAG-1","D_3wpi","Microglia 3",0.609709554739979,"DAM-like"
"D-26_TACAGTGAGCTAAACA-1","D_3wpi","Microglia 3",1.00998533691372,"DAM-like"
"D-26_TACCTATGTTCCGGCA-1","D_3wpi","Microglia 3",-0.637945117396173,"Intermediate"
"D-26_TACCTATTCACCTTAT-1","D_3wpi","Microglia 3",-0.89816247689108,"Homeostatic"
"D-26_TACCTTAGTACGAAAT-1","D_3wpi","Activated Microglia A",-1.04634900509119,"Homeostatic"
"D-26_TACCTTATCGGCGCTA-1","D_3wpi","Microglia 3",0.445102274777124,"DAM-like"
"D-26_TACGGATTCCGCATCT-1","D_3wpi","Microglia 1",-0.0137596646918432,"Intermediate"
"D-26_TACGGTAAGCACCGCT-1","D_3wpi","Microglia 1",-1.23648983972454,"Homeostatic"
"D-26_TACGGTACAGGACGTA-1","D_3wpi","Microglia 3",-0.250387350430374,"Intermediate"
"D-26_TACGGTAGTAGCTAAA-1","D_3wpi","Activated Microglia B",0.410578105343408,"DAM-like"
"D-26_TACTCATTCAAAGACA-1","D_3wpi","Activated Microglia A",1.55269773073151,"DAM-like"
"D-26_TACTCGCTCGAGCCCA-1","D_3wpi","Activated Microglia B",0.311836656390836,"DAM-like"
"D-26_TACTTACCAAGCCCAC-1","D_3wpi","Microglia 3",0.0876546208354606,"Intermediate"
"D-26_TACTTACCAGCTCGCA-1","D_3wpi","Microglia 1",-0.286902957086727,"Intermediate"
"D-26_TACTTGTCACTACAGT-1","D_3wpi","Microglia 3",0.22898403719869,"Intermediate"
"D-26_TACTTGTTCTTTAGTC-1","D_3wpi","Microglia 3",-0.304328314524344,"Intermediate"
"D-26_TAGAGCTCAATGGACG-1","D_3wpi","Microglia 3",0.804217655715622,"DAM-like"
"D-26_TAGCCGGCAGTGACAG-1","D_3wpi","Activated Microglia B",0.538642100513648,"DAM-like"
"D-26_TAGGCATGTAGGGACT-1","D_3wpi","Activated Microglia A",0.440883114778504,"DAM-like"
"D-26_TAGGCATGTGAGTGAC-1","D_3wpi","Microglia 3",-0.462742016992821,"Intermediate"
"D-26_TAGGCATTCAGGTTCA-1","D_3wpi","Microglia 3",0.622287184229988,"DAM-like"
"D-26_TAGGCATTCTCTGTCG-1","D_3wpi","Microglia 3",0.0148251672557232,"Intermediate"
"D-26_TAGTGGTAGCTGCGAA-1","D_3wpi","Microglia 3",0.645706575264819,"DAM-like"
"D-26_TAGTGGTCAAACGTGG-1","D_3wpi","Activated Microglia A",-0.108314200134118,"Intermediate"
"D-26_TAGTGGTCAGCTGGCT-1","D_3wpi","Activated Microglia B",-0.522227886549446,"Intermediate"
"D-26_TAGTGGTCATGTCTCC-1","D_3wpi","Microglia 1",-0.0650779267099593,"Intermediate"
"D-26_TAGTGGTTCCATGAGT-1","D_3wpi","Microglia 3",0.250246667747915,"DAM-like"
"D-26_TAGTGGTTCTTCCTTC-1","D_3wpi","Microglia 3",-0.903788987809593,"Homeostatic"
"D-26_TAGTTGGAGGCAGTCA-1","D_3wpi","Activated Microglia A",0.861988078968246,"DAM-like"
"D-26_TATCAGGCAGGGCATA-1","D_3wpi","Microglia 3",0.0628155509644871,"Intermediate"
"D-26_TATCTCACAAGGGTCA-1","D_3wpi","Microglia 3",0.397685420937865,"DAM-like"
"D-26_TATCTCAGTAGGCATG-1","D_3wpi","Microglia 3",1.35443884802584,"DAM-like"
"D-26_TATCTCAGTCTCTCTG-1","D_3wpi","Microglia 2",1.1799529448471,"DAM-like"
"D-26_TATGCCCAGATCCTGT-1","D_3wpi","Microglia 3",0.513589370079412,"DAM-like"
"D-26_TATGCCCAGCCGATTT-1","D_3wpi","Microglia 3",-0.737002281322549,"Homeostatic"
"D-26_TATGCCCCAGGACCCT-1","D_3wpi","Microglia 3",-0.171588793550364,"Intermediate"
"D-26_TATGCCCGTGTGACCC-1","D_3wpi","Microglia 3",0.558673070712884,"DAM-like"
"D-26_TATTACCAGGATTCGG-1","D_3wpi","Activated Microglia B",-0.0381831009807625,"Intermediate"
"D-26_TCAACGAAGAGTACCG-1","D_3wpi","Microglia 3",0.151595439540531,"Intermediate"
"D-26_TCAACGACAAAGGTGC-1","D_3wpi","Microglia 3",0.0269788023199482,"Intermediate"
"D-26_TCAACGAGTAAGGGCT-1","D_3wpi","Microglia 2",-1.1502545639947,"Homeostatic"
"D-26_TCAATCTAGATGGCGT-1","D_3wpi","Activated Microglia A",0.541804715181001,"DAM-like"
"D-26_TCAATCTAGTGAACAT-1","D_3wpi","Microglia 3",0.481885208005098,"DAM-like"
"D-26_TCACGAAAGTAGTGCG-1","D_3wpi","Activated Microglia A",0.559823549700882,"DAM-like"
"D-26_TCAGATGAGTTGAGTA-1","D_3wpi","Activated Microglia B",0.154781949381083,"Intermediate"
"D-26_TCAGATGTCGGCGCTA-1","D_3wpi","Microglia 3",0.287175911548329,"DAM-like"
"D-26_TCAGCAAAGGTGTGGT-1","D_3wpi","Microglia 3",0,"Intermediate"
"D-26_TCAGCAAAGTGTCCCG-1","D_3wpi","Microglia 3",-1.58008959659455,"Homeostatic"
"D-26_TCAGCTCGTGCACCAC-1","D_3wpi","Microglia 2",-1.57337018188683,"Homeostatic"
"D-26_TCAGCTCGTTCGGCAC-1","D_3wpi","Microglia 3",-1.86755458300715,"Homeostatic"
"D-26_TCAGCTCTCCTAGAAC-1","D_3wpi","Microglia 3",-0.0794481960017263,"Intermediate"
"D-26_TCAGGATAGTCGCCGT-1","D_3wpi","Microglia 1",-0.733426445897296,"Homeostatic"
"D-26_TCAGGATTCTGAGGGA-1","D_3wpi","Microglia 3",-0.0393116237408002,"Intermediate"
"D-26_TCAGGTAAGCAGCCTC-1","D_3wpi","Microglia 3",0.128966673441759,"Intermediate"
"D-26_TCAGGTAGTACCAGTT-1","D_3wpi","Microglia 1",-1.6499450715614,"Homeostatic"
"D-26_TCAGGTAGTCTTTCAT-1","D_3wpi","Microglia 3",0.152223825648268,"Intermediate"
"D-26_TCAGGTATCGGTTCGG-1","D_3wpi","Activated Microglia B",1.34973998959786,"DAM-like"
"D-26_TCATTACCAAGGCTCC-1","D_3wpi","Activated Microglia A",-0.66726199894893,"Intermediate"
"D-26_TCATTACGTCACAAGG-1","D_3wpi","Activated Microglia B",0.142761244449169,"Intermediate"
"D-26_TCATTACTCCGAATGT-1","D_3wpi","Microglia 3",-0.529081663656991,"Intermediate"
"D-26_TCATTACTCGTCACGG-1","D_3wpi","Activated Microglia B",0.0169330452008063,"Intermediate"
"D-26_TCATTTGCAACTGCGC-1","D_3wpi","Microglia 3",-0.236818093732591,"Intermediate"
"D-26_TCATTTGCACCCAGTG-1","D_3wpi","Microglia 3",0.724316069975067,"DAM-like"
"D-26_TCATTTGGTACAGACG-1","D_3wpi","Microglia 3",-0.929370630591714,"Homeostatic"
"D-26_TCATTTGTCGGTTCGG-1","D_3wpi","Microglia 2",0.138261832867895,"Intermediate"
"D-26_TCGCGAGAGTCGTTTG-1","D_3wpi","Microglia 3",-0.641388288456785,"Intermediate"
"D-26_TCGCGAGCATCATCCC-1","D_3wpi","Microglia 3",0.104751200758666,"Intermediate"
"D-26_TCGCGAGGTTCTCATT-1","D_3wpi","Microglia 3",-1.60762393979221,"Homeostatic"
"D-26_TCGCGTTCACCCATTC-1","D_3wpi","Microglia 3",0.869979429431847,"DAM-like"
"D-26_TCGCGTTGTTAAAGAC-1","D_3wpi","Activated Microglia B",2.04668908094289,"DAM-like"
"D-26_TCGCGTTGTTAAGGGC-1","D_3wpi","Microglia 2",0.0715941140639258,"Intermediate"
"D-26_TCGGGACTCATGTAGC-1","D_3wpi","Activated Microglia B",0.0552283439048356,"Intermediate"
"D-26_TCGGTAAAGCAATATG-1","D_3wpi","Activated Microglia B",0.623612463666802,"DAM-like"
"D-26_TCGGTAACACAGAGGT-1","D_3wpi","Microglia 3",-0.478311778969107,"Intermediate"
"D-26_TCGGTAAGTCGGCATC-1","D_3wpi","Activated Microglia A",0.169649581247583,"Intermediate"
"D-26_TCGGTAAGTTGAGTTC-1","D_3wpi","Microglia 3",0.310337570765217,"DAM-like"
"D-26_TCGTACCCACCACGTG-1","D_3wpi","Microglia 3",-0.343987128287646,"Intermediate"
"D-26_TCGTACCCATGGTCAT-1","D_3wpi","Microglia 3",0.479166148683128,"DAM-like"
"D-26_TCGTAGAAGAATGTGT-1","D_3wpi","Activated Microglia B",0.859087579376951,"DAM-like"
"D-26_TCGTAGAGTTGAGGTG-1","D_3wpi","Activated Microglia B",1.19308798163306,"DAM-like"
"D-26_TCGTAGATCGTTTGCC-1","D_3wpi","Microglia 3",-0.979251034642314,"Homeostatic"
"D-26_TCTATTGAGAAGGCCT-1","D_3wpi","Microglia 3",0.140480830666182,"Intermediate"
"D-26_TCTATTGAGTCATCCA-1","D_3wpi","Microglia 3",0.136292643473516,"Intermediate"
"D-26_TCTATTGAGTCGTACT-1","D_3wpi","Activated Microglia B",-0.0971360941135457,"Intermediate"
"D-26_TCTATTGGTACTCGCG-1","D_3wpi","Activated Microglia B",-0.095938385995918,"Intermediate"
"D-26_TCTCATACATCGTCGG-1","D_3wpi","Microglia 3",0.135511373442403,"Intermediate"
"D-26_TCTCTAAAGGTGATAT-1","D_3wpi","Activated Microglia A",0.298807050588109,"DAM-like"
"D-26_TCTCTAACATGAACCT-1","D_3wpi","Microglia 3",0.372524476086311,"DAM-like"
"D-26_TCTCTAACATGCCTTC-1","D_3wpi","Microglia 3",0.336505550995166,"DAM-like"
"D-26_TCTGGAAAGGAGTACC-1","D_3wpi","Microglia 1",-0.953602228565283,"Homeostatic"
"D-26_TCTTCGGCACGGCCAT-1","D_3wpi","Activated Microglia A",0.698881900942443,"DAM-like"
"D-26_TCTTTCCAGCCCAGCT-1","D_3wpi","Activated Microglia A",0.634688103653463,"DAM-like"
"D-26_TCTTTCCCACTTCTGC-1","D_3wpi","Microglia 3",-0.52651696938305,"Intermediate"
"D-26_TCTTTCCGTCAACATC-1","D_3wpi","Microglia 3",-0.122232248079921,"Intermediate"
"D-26_TCTTTCCGTCTAGTCA-1","D_3wpi","Microglia 3",0.114867523635222,"Intermediate"
"D-26_TCTTTCCTCCAATGGT-1","D_3wpi","Activated Microglia A",0.480254243578939,"DAM-like"
"D-26_TGAAAGATCGACGGAA-1","D_3wpi","Microglia 3",0.607778700590099,"DAM-like"
"D-26_TGACGGCTCTGGTTCC-1","D_3wpi","Microglia 3",0.48399882409751,"DAM-like"
"D-26_TGACTAGTCGTTTAGG-1","D_3wpi","Activated Microglia A",0.883585242455633,"DAM-like"
"D-26_TGACTTTCAGTGAGTG-1","D_3wpi","Microglia 3",-0.0123992440468627,"Intermediate"
"D-26_TGAGAGGTCACAAACC-1","D_3wpi","Microglia 3",0.122019461521683,"Intermediate"
"D-26_TGAGAGGTCCTCTAGC-1","D_3wpi","Microglia 3",0.165328978828106,"Intermediate"
"D-26_TGAGCATAGAATCTCC-1","D_3wpi","Microglia 3",-1.05557709335349,"Homeostatic"
"D-26_TGAGCCGCATCCTTGC-1","D_3wpi","Microglia 3",-0.0177369546045727,"Intermediate"
"D-26_TGAGGGACAAGCGATG-1","D_3wpi","Microglia 3",-0.427592030565707,"Intermediate"
"D-26_TGAGGGACAAGCTGAG-1","D_3wpi","Microglia 3",0.336421132104755,"DAM-like"
"D-26_TGAGGGAGTCGCATCG-1","D_3wpi","Activated Microglia A",0.587497340126477,"DAM-like"
"D-26_TGATTTCCACATAACC-1","D_3wpi","Microglia 3",0,"Intermediate"
"D-26_TGATTTCGTCTACCTC-1","D_3wpi","Microglia 2",-0.389538221794867,"Intermediate"
"D-26_TGCACCTAGTCCAGGA-1","D_3wpi","Microglia 1",0.00132461107361936,"Intermediate"
"D-26_TGCACCTAGTGACATA-1","D_3wpi","Microglia 2",0.248624662235833,"DAM-like"
"D-26_TGCCAAAAGCGTCTAT-1","D_3wpi","Activated Microglia A",-0.173814218016475,"Intermediate"
"D-26_TGCCAAAAGTTGTCGT-1","D_3wpi","Activated Microglia A",0.969545714779039,"DAM-like"
"D-26_TGCCCATAGTCTTGCA-1","D_3wpi","Microglia 3",-0.0673262155380194,"Intermediate"
"D-26_TGCCCTACAGATGGGT-1","D_3wpi","Microglia 3",-0.153481543997939,"Intermediate"
"D-26_TGCCCTACAGGAATGC-1","D_3wpi","Activated Microglia A",0.128103862523556,"Intermediate"
"D-26_TGCCCTAGTTCGAATC-1","D_3wpi","Microglia 3",0.923906285228573,"DAM-like"
"D-26_TGCGCAGAGTCGAGTG-1","D_3wpi","Activated Microglia A",1.09457177854875,"DAM-like"
"D-26_TGCTACCAGACTACAA-1","D_3wpi","Microglia 1",-0.427925255027015,"Intermediate"
"D-26_TGCTACCCAATGGACG-1","D_3wpi","Microglia 3",-0.150327721389681,"Intermediate"
"D-26_TGCTACCTCAGGCCCA-1","D_3wpi","Microglia 3",-0.550637671373441,"Intermediate"
"D-26_TGCTACCTCCCTCAGT-1","D_3wpi","Microglia 2",-0.493212397925114,"Intermediate"
"D-26_TGCTACCTCGATGAGG-1","D_3wpi","Microglia 3",-0.480852306782449,"Intermediate"
"D-26_TGCTGCTAGAAACCTA-1","D_3wpi","Activated Microglia B",0.881682851038504,"DAM-like"
"D-26_TGCTGCTAGGAATTAC-1","D_3wpi","Microglia 3",0.645421143722837,"DAM-like"
"D-26_TGCTGCTAGGGAGTAA-1","D_3wpi","Microglia 1",0,"Intermediate"
"D-26_TGGACGCAGAGTGAGA-1","D_3wpi","Activated Microglia B",-0.831142676631554,"Homeostatic"
"D-26_TGGACGCTCGTACGGC-1","D_3wpi","Microglia 3",0.188766303227771,"Intermediate"
"D-26_TGGCCAGGTACGCTGC-1","D_3wpi","Microglia 3",-0.549508689552634,"Intermediate"
"D-26_TGGCGCAGTCTCATCC-1","D_3wpi","Activated Microglia B",0.842106888956202,"DAM-like"
"D-26_TGGCGCAGTGTTGGGA-1","D_3wpi","Microglia 3",-1.03607865738444,"Homeostatic"
"D-26_TGGCGCATCCAGAGGA-1","D_3wpi","Activated Microglia A",1.34541995821785,"DAM-like"
"D-26_TGGCGCATCCTTGCCA-1","D_3wpi","Microglia 3",-0.951107161250647,"Homeostatic"
"D-26_TGGCTGGAGTCAATAG-1","D_3wpi","Microglia 3",0.376188337026316,"DAM-like"
"D-26_TGGGAAGAGCTGATAA-1","D_3wpi","Microglia 1",-0.6879632160158,"Intermediate"
"D-26_TGGGAAGGTAAGGATT-1","D_3wpi","Microglia 3",0.0326078467692893,"Intermediate"
"D-26_TGGGAAGTCCGCTGTT-1","D_3wpi","Microglia 1",-0.279601275391664,"Intermediate"
"D-26_TGGGCGTCATCACAAC-1","D_3wpi","Microglia 3",-0.646444924012508,"Intermediate"
"D-26_TGGGCGTTCCGATATG-1","D_3wpi","Activated Microglia A",0.67785383087341,"DAM-like"
"D-26_TGGTTAGGTCTCCATC-1","D_3wpi","Microglia 3",0.806126973001965,"DAM-like"
"D-26_TGGTTAGTCGTCACGG-1","D_3wpi","Activated Microglia B",0.099507701657952,"Intermediate"
"D-26_TGGTTCCCAACGATCT-1","D_3wpi","Microglia 3",0.326881340640499,"DAM-like"
"D-26_TGGTTCCCAGTGGGAT-1","D_3wpi","Microglia 3",0.306247417803629,"DAM-like"
"D-26_TGGTTCCGTGGCCCTA-1","D_3wpi","Microglia 3",-0.537129993248238,"Intermediate"
"D-26_TGTATTCTCGACCAGC-1","D_3wpi","Activated Microglia A",0.103539528756478,"Intermediate"
"D-26_TGTATTCTCTATCCCG-1","D_3wpi","Microglia 3",-0.924509226695447,"Homeostatic"
"D-26_TGTGGTAAGATAGCAT-1","D_3wpi","Microglia 3",0.0807339878629165,"Intermediate"
"D-26_TGTGGTAAGGGAACGG-1","D_3wpi","Microglia 3",-1.01523623833652,"Homeostatic"
"D-26_TGTGGTACACTTGGAT-1","D_3wpi","Microglia 1",-0.475979567915576,"Intermediate"
"D-26_TTAGGACAGGAGTTGC-1","D_3wpi","Microglia 3",0.309961384390695,"DAM-like"
"D-26_TTAGGACAGTAGCGGT-1","D_3wpi","Microglia 3",-0.456515790743306,"Intermediate"
"D-26_TTAGGACCACATAACC-1","D_3wpi","Microglia 3",-0.324337210034064,"Intermediate"
"D-26_TTAGGACCAGATGGCA-1","D_3wpi","Microglia 3",-0.537571337058725,"Intermediate"
"D-26_TTAGGCAGTACGCACC-1","D_3wpi","Activated Microglia A",0.102047798838329,"Intermediate"
"D-26_TTAGGCAGTGATAAGT-1","D_3wpi","Activated Microglia A",0.126308928981021,"Intermediate"
"D-26_TTAGGCATCATGCTCC-1","D_3wpi","Microglia 3",0.491200090852451,"DAM-like"
"D-26_TTAGTTCCACGCATCG-1","D_3wpi","Activated Microglia B",0.721452832507138,"DAM-like"
"D-26_TTAGTTCTCGTTTAGG-1","D_3wpi","Microglia 2",0.284468375794239,"DAM-like"
"D-26_TTATGCTGTGCACCAC-1","D_3wpi","Microglia 3",0.462357759409869,"DAM-like"
"D-26_TTCCCAGCAGGCTCAC-1","D_3wpi","Microglia 3",0.263675867988241,"DAM-like"
"D-26_TTCCCAGGTCACCTAA-1","D_3wpi","Microglia 2",0.104648151289365,"Intermediate"
"D-26_TTCCCAGTCTTGGGTA-1","D_3wpi","Microglia 3",-0.124537142025952,"Intermediate"
"D-26_TTCGGTCAGACGCAAC-1","D_3wpi","Microglia 3",0.250654784077436,"DAM-like"
"D-26_TTCGGTCCATTTCACT-1","D_3wpi","Microglia 1",0.663721704071858,"DAM-like"
"D-26_TTCGGTCGTTACGACT-1","D_3wpi","Microglia 3",-0.228760740103415,"Intermediate"
"D-26_TTCGGTCTCACCGGGT-1","D_3wpi","Activated Microglia A",0.56904265914463,"DAM-like"
"D-26_TTCGGTCTCATAGCAC-1","D_3wpi","Microglia 3",-0.676481838385152,"Intermediate"
"D-26_TTCTCAAAGACTGGGT-1","D_3wpi","Microglia 3",-0.864652588781924,"Homeostatic"
"D-26_TTCTCAAAGCCTATGT-1","D_3wpi","Microglia 3",0.188665063580249,"Intermediate"
"D-26_TTCTCAAAGCGTAGTG-1","D_3wpi","Activated Microglia B",0.400797519655783,"DAM-like"
"D-26_TTCTCAACAGTAGAGC-1","D_3wpi","Activated Microglia A",0.971507490458723,"DAM-like"
"D-26_TTCTCAATCACATACG-1","D_3wpi","Microglia 3",-0.340736363716265,"Intermediate"
"D-26_TTCTCAATCTGCCCTA-1","D_3wpi","Microglia 3",-0.187115811472187,"Intermediate"
"D-26_TTCTCAATCTTCTGGC-1","D_3wpi","Microglia 1",0.855695384838824,"DAM-like"
"D-26_TTCTTAGGTACCGCTG-1","D_3wpi","Microglia 3",0.0202358343253396,"Intermediate"
"D-26_TTCTTAGTCGAATGGG-1","D_3wpi","Activated Microglia A",0.996713426584069,"DAM-like"
"D-26_TTGAACGTCCCAAGTA-1","D_3wpi","Microglia 3",-0.0622444411437052,"Intermediate"
"D-26_TTGACTTTCCCAGGTG-1","D_3wpi","Microglia 3",-0.538858612182004,"Intermediate"
"D-26_TTGACTTTCTAACGGT-1","D_3wpi","Microglia 3",0.701727927427951,"DAM-like"
"D-26_TTGCCGTGTAACGCGA-1","D_3wpi","Microglia 3",0.724829224961798,"DAM-like"
"D-26_TTGCCGTGTTGTGGAG-1","D_3wpi","Microglia 3",-0.711001228874416,"Homeostatic"
"D-26_TTGCCGTTCTCCAGGG-1","D_3wpi","Microglia 3",0.77114082731568,"DAM-like"
"D-26_TTGCGTCAGTACACCT-1","D_3wpi","Microglia 3",1.32858651142953,"DAM-like"
"D-26_TTGCGTCTCGCAAACT-1","D_3wpi","Microglia 1",-0.768965792015533,"Homeostatic"
"D-26_TTGCGTCTCTTGCCGT-1","D_3wpi","Microglia 3",-0.225832654970654,"Intermediate"
"D-26_TTGGAACAGCGTAATA-1","D_3wpi","Activated Microglia B",1.17639952537815,"DAM-like"
"D-26_TTGGAACCAAACTGCT-1","D_3wpi","Microglia 3",-0.110535488173328,"Intermediate"
"D-26_TTGTAGGAGTTAGCGG-1","D_3wpi","Microglia 3",-0.945559394976878,"Homeostatic"
"D-26_TTTATGCTCCACTGGG-1","D_3wpi","Microglia 1",-0.972621458227148,"Homeostatic"
"D-26_TTTATGCTCCCAAGTA-1","D_3wpi","Activated Microglia A",0.447715219610372,"DAM-like"
"D-26_TTTCCTCGTCAAAGCG-1","D_3wpi","Microglia 3",0.207240602530002,"Intermediate"
"D-26_TTTCCTCTCTATCGCC-1","D_3wpi","Microglia 3",-0.0482743829470423,"Intermediate"
"D-26_TTTGCGCTCAACGGCC-1","D_3wpi","Microglia 3",-0.259296356246042,"Intermediate"
"D-26_TTTGCGCTCGCAGGCT-1","D_3wpi","Microglia 3",0.818113612569522,"DAM-like"
"D-26_TTTGGTTCAATGTAAG-1","D_3wpi","Activated Microglia A",-0.217626039409816,"Intermediate"
"D-26_TTTGTCAAGATCCTGT-1","D_3wpi","Microglia 3",-1.33104890202266,"Homeostatic"
"D-26_TTTGTCAAGTCGAGTG-1","D_3wpi","Activated Microglia B",-0.237273542482462,"Intermediate"
"D-26_TTTGTCAGTGCAGACA-1","D_3wpi","Activated Microglia A",-0.554173504549531,"Intermediate"
"D-26_TTTGTCATCGCAAACT-1","D_3wpi","Activated Microglia A",0.642310748028822,"DAM-like"
"D-26_TTTGTCATCGGCGGTT-1","D_3wpi","Microglia 3",0.916497182472818,"DAM-like"
"D-29_AAACCTGAGATCCGAG-1","D_3wpi","Microglia 2",-0.631477837329915,"Intermediate"
"D-29_AAACCTGTCAAACGGG-1","D_3wpi","Microglia 2",-0.0899683397456294,"Intermediate"
"D-29_AACCGCGGTACATGTC-1","D_3wpi","Microglia 1",-1.36653100480241,"Homeostatic"
"D-29_AACGTTGTCCGTTGTC-1","D_3wpi","Microglia 1",0.476730912902811,"DAM-like"
"D-29_AACTCTTAGTTACCCA-1","D_3wpi","Microglia 3",-1.25893053007292,"Homeostatic"
"D-29_AACTGGTCACTACAGT-1","D_3wpi","Microglia 2",0.226210446035049,"Intermediate"
"D-29_AAGACCTGTTCCAACA-1","D_3wpi","Microglia 2",-0.33685141490693,"Intermediate"
"D-29_AAGCCGCCACGTCTCT-1","D_3wpi","Microglia 3",0.0229830480966586,"Intermediate"
"D-29_AATCCAGTCTCACATT-1","D_3wpi","Microglia 2",1.75617869931097,"DAM-like"
"D-29_AATCGGTCATAGACTC-1","D_3wpi","Microglia 2",-0.398096663113039,"Intermediate"
"D-29_ACACCCTTCAAGATCC-1","D_3wpi","Microglia 3",-0.0681271441173209,"Intermediate"
"D-29_ACACCGGAGTGCCATT-1","D_3wpi","Microglia 3",-1.17870856459552,"Homeostatic"
"D-29_ACAGCTAAGGAATCGC-1","D_3wpi","Microglia 3",0.0981649755973129,"Intermediate"
"D-29_ACATACGGTTTGACAC-1","D_3wpi","Activated Microglia A",-0.0480901459784884,"Intermediate"
"D-29_ACATCAGGTCTAGCCG-1","D_3wpi","Microglia 3",0.564450427513832,"DAM-like"
"D-29_ACATGGTGTCTAGTGT-1","D_3wpi","Microglia 2",-1.07092761701033,"Homeostatic"
"D-29_ACATGGTTCTGTCCGT-1","D_3wpi","Microglia 3",0,"Intermediate"
"D-29_ACCAGTAGTTACGCGC-1","D_3wpi","Microglia 1",0.109227056872857,"Intermediate"
"D-29_ACCCACTCATTTGCTT-1","D_3wpi","Microglia 1",-0.622196739535597,"Intermediate"
"D-29_ACCCACTTCCCATTTA-1","D_3wpi","Microglia 3",0.267847691847897,"DAM-like"
"D-29_ACCGTAATCCTACAGA-1","D_3wpi","Microglia 3",-0.633404744081367,"Intermediate"
"D-29_ACGAGCCTCCTACAGA-1","D_3wpi","Microglia 2",-0.497065572492832,"Intermediate"
"D-29_ACGCCAGAGGGATACC-1","D_3wpi","Activated Microglia B",-0.314027340544025,"Intermediate"
"D-29_ACGGAGAGTCCGAAGA-1","D_3wpi","Microglia 1",-0.564445134314566,"Intermediate"
"D-29_ACTGAGTAGAATAGGG-1","D_3wpi","Microglia 1",0.014767107428284,"Intermediate"
"D-29_ACTGAGTGTTTAGCTG-1","D_3wpi","Microglia 1",-0.409032964108463,"Intermediate"
"D-29_ACTGAGTTCAGTCCCT-1","D_3wpi","Microglia 1",0.352539366715026,"DAM-like"
"D-29_ACTGTCCCATGTTCCC-1","D_3wpi","Microglia 3",-0.67265194189755,"Intermediate"
"D-29_ACTTACTCAAGCCATT-1","D_3wpi","Microglia 2",-1.08424158970758,"Homeostatic"
"D-29_ACTTACTGTAAACACA-1","D_3wpi","Microglia 2",-0.182086047016867,"Intermediate"
"D-29_ACTTGTTAGTACGCCC-1","D_3wpi","Activated Microglia A",-0.224306607512959,"Intermediate"
"D-29_AGACGTTTCGTCGTTC-1","D_3wpi","Microglia 1",-1.3440924076263,"Homeostatic"
"D-29_AGAGTGGCAAGAAAGG-1","D_3wpi","Microglia 2",-1.66632489149348,"Homeostatic"
"D-29_AGAGTGGTCCAGATCA-1","D_3wpi","Microglia 1",-1.09664961709648,"Homeostatic"
"D-29_AGATCTGTCGGCGCAT-1","D_3wpi","Microglia 2",-0.504109803521456,"Intermediate"
"D-29_AGATTGCAGTGCTGCC-1","D_3wpi","Microglia 3",-0.973888907182356,"Homeostatic"
"D-29_AGATTGCAGTGTACCT-1","D_3wpi","Microglia 3",0.191952871434184,"Intermediate"
"D-29_AGATTGCCAAGAGTCG-1","D_3wpi","Microglia 1",-1.75093725009193,"Homeostatic"
"D-29_AGCAGCCAGTTCGCGC-1","D_3wpi","Microglia 2",-0.888205587806691,"Homeostatic"
"D-29_AGCATACAGGCAATTA-1","D_3wpi","Microglia 3",-0.901279852883649,"Homeostatic"
"D-29_AGCCTAATCTGCCAGG-1","D_3wpi","Microglia 2",0.643986920621019,"DAM-like"
"D-29_AGCCTAATCTTCTGGC-1","D_3wpi","Microglia 1",-0.915484859087446,"Homeostatic"
"D-29_AGGCCGTTCAGGCCCA-1","D_3wpi","Microglia 1",-1.74805294188545,"Homeostatic"
"D-29_AGGCCGTTCTGCAAGT-1","D_3wpi","Microglia 2",0.104572475990554,"Intermediate"
"D-29_AGTTGGTAGAGCCTAG-1","D_3wpi","Microglia 2",0.389286196141083,"DAM-like"
"D-29_ATAGACCCACCTCGTT-1","D_3wpi","Microglia 3",0.958669658331222,"DAM-like"
"D-29_ATAGACCGTCTAAAGA-1","D_3wpi","Activated Microglia B",0.386773274405144,"DAM-like"
"D-29_ATCACGAGTTCCAACA-1","D_3wpi","Microglia 1",-0.678864151725816,"Intermediate"
"D-29_ATCACGAGTTTGACAC-1","D_3wpi","Microglia 2",-0.820916041610708,"Homeostatic"
"D-29_ATCATCTGTATTAGCC-1","D_3wpi","Microglia 2",0.443941749922352,"DAM-like"
"D-29_ATCATCTTCCTTAATC-1","D_3wpi","Activated Microglia A",0.398170682279908,"DAM-like"
"D-29_ATCCGAAGTCAGTGGA-1","D_3wpi","Microglia 2",-0.158980805315294,"Intermediate"
"D-29_ATCCGAAGTCTAGTCA-1","D_3wpi","Microglia 3",-0.442949480159086,"Intermediate"
"D-29_ATCGAGTGTATTAGCC-1","D_3wpi","Microglia 1",0.541661922800801,"DAM-like"
"D-29_ATCTGCCAGTAGCCGA-1","D_3wpi","Microglia 1",-1.69364700886317,"Homeostatic"
"D-29_ATCTGCCGTCGCCATG-1","D_3wpi","Microglia 1",0.107122271154932,"Intermediate"
"D-29_ATGTGTGAGGATGTAT-1","D_3wpi","Microglia 3",1.06613879073606,"DAM-like"
"D-29_ATTGGTGTCGTTTATC-1","D_3wpi","Microglia 3",-0.346464988181653,"Intermediate"
"D-29_CAACCAAGTAACGCGA-1","D_3wpi","Microglia 1",-0.535596156883175,"Intermediate"
"D-29_CAAGAAACATACTCTT-1","D_3wpi","Activated Microglia A",2.07620481571205,"DAM-like"
"D-29_CAAGATCGTGTGGCTC-1","D_3wpi","Microglia 2",-1.09242176242224,"Homeostatic"
"D-29_CAAGATCGTTCCACGG-1","D_3wpi","Microglia 2",-0.115226463001239,"Intermediate"
"D-29_CACAAACTCTTTACAC-1","D_3wpi","Microglia 3",0.278243499424048,"DAM-like"
"D-29_CACACTCCAATCCGAT-1","D_3wpi","Microglia 3",0.953495676984688,"DAM-like"
"D-29_CACACTCTCTGAGGGA-1","D_3wpi","Activated Microglia A",-0.418274554495156,"Intermediate"
"D-29_CACAGGCCACCAGTTA-1","D_3wpi","Microglia 1",-2.85001689230208,"Homeostatic"
"D-29_CACAGGCGTGAAATCA-1","D_3wpi","Microglia 1",-0.641287053509713,"Intermediate"
"D-29_CACAGGCTCCGGCACA-1","D_3wpi","Microglia 1",0.171551665496609,"Intermediate"
"D-29_CACAGTAGTTGGACCC-1","D_3wpi","Microglia 2",0.13098414547411,"Intermediate"
"D-29_CACAGTATCGCTAGCG-1","D_3wpi","Microglia 2",-0.0533031077035617,"Intermediate"
"D-29_CACATTTAGATCGATA-1","D_3wpi","Microglia 2",-0.430063680698565,"Intermediate"
"D-29_CACCAGGAGAAGAAGC-1","D_3wpi","Microglia 2",-1.41552119438987,"Homeostatic"
"D-29_CACCAGGTCCAATGGT-1","D_3wpi","Microglia 2",0.349867278222215,"DAM-like"
"D-29_CACCTTGTCACGATGT-1","D_3wpi","Microglia 2",-0.894417503818087,"Homeostatic"
"D-29_CAGAATCCAGTTCCCT-1","D_3wpi","Microglia 3",-0.679883298825138,"Intermediate"
"D-29_CAGCAGCAGGGTATCG-1","D_3wpi","Microglia 1",-0.777075082416737,"Homeostatic"
"D-29_CAGCAGCCATGCTAGT-1","D_3wpi","Microglia 3",-0.981690906319922,"Homeostatic"
"D-29_CAGCAGCTCAGTCCCT-1","D_3wpi","Microglia 2",-1.93588401752896,"Homeostatic"
"D-29_CAGCATATCGCGTTTC-1","D_3wpi","Microglia 2",-0.773293132738873,"Homeostatic"
"D-29_CAGCCGATCACAATGC-1","D_3wpi","Microglia 1",-1.70524758791487,"Homeostatic"
"D-29_CAGCGACGTATTCGTG-1","D_3wpi","Microglia 2",-0.910868855964967,"Homeostatic"
"D-29_CAGCTGGCACCAGCAC-1","D_3wpi","Microglia 1",0.518726517278719,"DAM-like"
"D-29_CAGCTGGGTTGGTTTG-1","D_3wpi","Microglia 3",-0.0286028018624889,"Intermediate"
"D-29_CAGTAACTCAGAGACG-1","D_3wpi","Microglia 2",0.243326055709412,"DAM-like"
"D-29_CAGTCCTTCATGCAAC-1","D_3wpi","Microglia 1",-2.22015879605277,"Homeostatic"
"D-29_CATCCACCACAGCGTC-1","D_3wpi","Microglia 3",0.181790995864219,"Intermediate"
"D-29_CATCCACTCTTGGGTA-1","D_3wpi","Microglia 1",-0.121270442476659,"Intermediate"
"D-29_CATCGAACAGTATAAG-1","D_3wpi","Microglia 2",0.0712583989383739,"Intermediate"
"D-29_CATCGGGTCTTTCCTC-1","D_3wpi","Activated Microglia A",0.792564818538634,"DAM-like"
"D-29_CATGCCTAGTACCGGA-1","D_3wpi","Microglia 1",-0.292233597984052,"Intermediate"
"D-29_CCACTACTCTAACTCT-1","D_3wpi","Microglia 1",-0.621237172538869,"Intermediate"
"D-29_CCATGTCAGTGGTCCC-1","D_3wpi","Microglia 3",-0.0741332729958103,"Intermediate"
"D-29_CCATTCGTCTAACCGA-1","D_3wpi","Microglia 1",-1.06257104564952,"Homeostatic"
"D-29_CCCAATCCAGTCACTA-1","D_3wpi","Activated Microglia A",0.768905137270011,"DAM-like"
"D-29_CCCATACGTACTTCTT-1","D_3wpi","Microglia 1",0.134980551356235,"Intermediate"
"D-29_CCCTCCTAGAGAGCTC-1","D_3wpi","Microglia 3",-1.46447359598107,"Homeostatic"
"D-29_CCCTCCTTCCTTGCCA-1","D_3wpi","Microglia 2",0.603054589429722,"DAM-like"
"D-29_CCGTACTGTCGCATCG-1","D_3wpi","Microglia 3",-1.05022777662723,"Homeostatic"
"D-29_CCGTGGACATCTATGG-1","D_3wpi","Microglia 3",-0.82709344393805,"Homeostatic"
"D-29_CCTAAAGCATCCGTGG-1","D_3wpi","Microglia 2",0.260714398766219,"DAM-like"
"D-29_CCTACACTCAGTGTTG-1","D_3wpi","Microglia 2",0.306102737521971,"DAM-like"
"D-29_CCTAGCTTCGCCAGCA-1","D_3wpi","Microglia 3",-1.20276085426913,"Homeostatic"
"D-29_CCTATTAAGGATGGAA-1","D_3wpi","Microglia 2",-0.0756103930032443,"Intermediate"
"D-29_CCTATTATCCCAACGG-1","D_3wpi","Microglia 1",-0.627147022109491,"Intermediate"
"D-29_CCTCAGTGTTCAGACT-1","D_3wpi","Microglia 3",-1.77862867535073,"Homeostatic"
"D-29_CGAACATCAATGGATA-1","D_3wpi","Microglia 3",0.321715104391941,"DAM-like"
"D-29_CGAACATTCCACGAAT-1","D_3wpi","Microglia 1",-0.745746878101429,"Homeostatic"
"D-29_CGACCTTAGACGACGT-1","D_3wpi","Microglia 2",-1.2162169588821,"Homeostatic"
"D-29_CGACTTCCAGCGTAAG-1","D_3wpi","Activated Microglia A",0.158559697715012,"Intermediate"
"D-29_CGACTTCCATCGGTTA-1","D_3wpi","Activated Microglia A",0.92964782465719,"DAM-like"
"D-29_CGAGAAGCAGTCAGAG-1","D_3wpi","Microglia 1",-2.0892081867551,"Homeostatic"
"D-29_CGATGGCCAAATTGCC-1","D_3wpi","Activated Microglia A",0.102760626090385,"Intermediate"
"D-29_CGCGTTTCACCCATTC-1","D_3wpi","Microglia 1",-2.57447883717864,"Homeostatic"
"D-29_CGCTATCAGGCTAGCA-1","D_3wpi","Microglia 2",-0.411785658944809,"Intermediate"
"D-29_CGCTATCCACGGACAA-1","D_3wpi","Microglia 3",0.494687360039664,"DAM-like"
"D-29_CGCTGGAGTTGAACTC-1","D_3wpi","Microglia 1",-0.141813051560525,"Intermediate"
"D-29_CGGACACCAAGTCTGT-1","D_3wpi","Microglia 1",-0.793366662318088,"Homeostatic"
"D-29_CGGACGTAGATTACCC-1","D_3wpi","Activated Microglia B",0.341996882263006,"DAM-like"
"D-29_CGGACGTTCGGATGTT-1","D_3wpi","Microglia 2",0.0896699984956963,"Intermediate"
"D-29_CGGAGTCCAAAGGTGC-1","D_3wpi","Activated Microglia B",0.564180040665691,"DAM-like"
"D-29_CGGCTAGCATCCGTGG-1","D_3wpi","Microglia 2",-1.33277072707143,"Homeostatic"
"D-29_CGTAGGCCAGATGGGT-1","D_3wpi","Activated Microglia B",0.368444173876022,"DAM-like"
"D-29_CGTCACTCATTGGGCC-1","D_3wpi","Microglia 3",0.445582256102437,"DAM-like"
"D-29_CGTCACTGTCCCTACT-1","D_3wpi","Activated Microglia A",1.84431634070728,"DAM-like"
"D-29_CGTGAGCGTGACGGTA-1","D_3wpi","Activated Microglia A",-0.315235767771903,"Intermediate"
"D-29_CGTTAGACAAGTTCTG-1","D_3wpi","Microglia 1",-1.94055820831162,"Homeostatic"
"D-29_CGTTAGACAATACGCT-1","D_3wpi","Activated Microglia B",1.85850676210183,"DAM-like"
"D-29_CGTTAGAGTCGCATAT-1","D_3wpi","Microglia 2",0.379547037991702,"DAM-like"
"D-29_CGTTAGATCGCGGATC-1","D_3wpi","Microglia 3",-0.663583327755806,"Intermediate"
"D-29_CGTTCTGAGTATCTCG-1","D_3wpi","Microglia 3",-2.30891070334253,"Homeostatic"
"D-29_CTAAGACGTCATTAGC-1","D_3wpi","Activated Microglia A",-0.457421053536753,"Intermediate"
"D-29_CTACACCCACGGATAG-1","D_3wpi","Activated Microglia B",0.257425084133112,"DAM-like"
"D-29_CTACATTAGGAGTTGC-1","D_3wpi","Microglia 1",-0.574300629726303,"Intermediate"
"D-29_CTACCCAGTCACTGGC-1","D_3wpi","Microglia 1",-1.12379414168549,"Homeostatic"
"D-29_CTAGCCTGTCTTGCGG-1","D_3wpi","Microglia 1",-0.992426662785444,"Homeostatic"
"D-29_CTCAGAATCTGCAGTA-1","D_3wpi","Microglia 3",-0.580136717369401,"Intermediate"
"D-29_CTCATTATCCCGGATG-1","D_3wpi","Microglia 2",-1.11618671035799,"Homeostatic"
"D-29_CTCGAAAAGGGATCTG-1","D_3wpi","Microglia 2",0.836200651588457,"DAM-like"
"D-29_CTCGAAATCCACGACG-1","D_3wpi","Microglia 3",-0.318464436688669,"Intermediate"
"D-29_CTCGTCATCACGAAGG-1","D_3wpi","Microglia 1",-0.0598472996546134,"Intermediate"
"D-29_CTCGTCATCCCAACGG-1","D_3wpi","Microglia 2",-0.51393800275104,"Intermediate"
"D-29_CTGAAACTCGCCAGCA-1","D_3wpi","Microglia 2",-0.533116110755802,"Intermediate"
"D-29_CTGCCTAGTGCAACGA-1","D_3wpi","Activated Microglia B",1.10467899690958,"DAM-like"
"D-29_CTGTGCTTCGGTTCGG-1","D_3wpi","Activated Microglia B",0.170241049571804,"Intermediate"
"D-29_CTTTGCGGTGTGACCC-1","D_3wpi","Microglia 2",-1.31109729058798,"Homeostatic"
"D-29_GAAACTCTCTTCATGT-1","D_3wpi","Activated Microglia A",-0.264889419172942,"Intermediate"
"D-29_GAAATGACAAATTGCC-1","D_3wpi","Activated Microglia A",0.811747056163804,"DAM-like"
"D-29_GAACATCCAGTTCATG-1","D_3wpi","Microglia 1",-1.20771843605596,"Homeostatic"
"D-29_GAACGGAGTAAGTAGT-1","D_3wpi","Microglia 2",-0.839056122057532,"Homeostatic"
"D-29_GACACGCTCTCGTTTA-1","D_3wpi","Microglia 2",-0.526711104114634,"Intermediate"
"D-29_GACCAATCACAGACAG-1","D_3wpi","Microglia 1",-1.01057560711563,"Homeostatic"
"D-29_GACGTGCGTGGTAACG-1","D_3wpi","Microglia 1",-1.49378884533805,"Homeostatic"
"D-29_GACGTGCTCAACACTG-1","D_3wpi","Microglia 2",-0.886221753244713,"Homeostatic"
"D-29_GACGTTACAGTGACAG-1","D_3wpi","Microglia 1",-0.648102910872317,"Intermediate"
"D-29_GACTACAAGGAGTAGA-1","D_3wpi","Microglia 3",0.946804445113859,"DAM-like"
"D-29_GAGGTGAGTCACTGGC-1","D_3wpi","Microglia 1",-1.07402061549074,"Homeostatic"
"D-29_GATGAAAGTCACCTAA-1","D_3wpi","Microglia 1",-0.317032168066897,"Intermediate"
"D-29_GATGAGGAGATGAGAG-1","D_3wpi","Activated Microglia A",-0.608478456381672,"Intermediate"
"D-29_GATGAGGTCCTGCCAT-1","D_3wpi","Microglia 1",-0.900856929541152,"Homeostatic"
"D-29_GCAATCAGTCATGCCG-1","D_3wpi","Activated Microglia B",-0.115719113727092,"Intermediate"
"D-29_GCAATCAGTTTAAGCC-1","D_3wpi","Microglia 1",0.049761031709004,"Intermediate"
"D-29_GCAGTTACAATGGTCT-1","D_3wpi","Microglia 3",-0.846013047229471,"Homeostatic"
"D-29_GCAGTTACATCCCACT-1","D_3wpi","Microglia 1",-1.47778332611923,"Homeostatic"
"D-29_GCAGTTATCCCACTTG-1","D_3wpi","Microglia 2",0.0669918518542112,"Intermediate"
"D-29_GCCAAATGTTTAGCTG-1","D_3wpi","Microglia 2",0.515549035404717,"DAM-like"
"D-29_GCCTCTATCTAGCACA-1","D_3wpi","Microglia 2",-1.13028157852856,"Homeostatic"
"D-29_GCGCAGTCACAGACAG-1","D_3wpi","Microglia 2",-1.43485380274485,"Homeostatic"
"D-29_GCGCCAATCTACTATC-1","D_3wpi","Microglia 1",-2.13090492402462,"Homeostatic"
"D-29_GCTGCGATCAACCAAC-1","D_3wpi","Microglia 3",-0.787883906475312,"Homeostatic"
"D-29_GGAAAGCCATCCCATC-1","D_3wpi","Activated Microglia A",-0.0225525566447353,"Intermediate"
"D-29_GGACAAGGTTCCGTCT-1","D_3wpi","Microglia 3",0.529042001267803,"DAM-like"
"D-29_GGACAAGTCCGAGCCA-1","D_3wpi","Activated Microglia A",0.939405692301264,"DAM-like"
"D-29_GGACAGAAGGCACATG-1","D_3wpi","Microglia 1",-1.51410773915607,"Homeostatic"
"D-29_GGATGTTCAATAGCGG-1","D_3wpi","Microglia 1",-0.216007090794625,"Intermediate"
"D-29_GGCGTGTCAGGGTATG-1","D_3wpi","Microglia 2",-1.10971898306176,"Homeostatic"
"D-29_GGCTCGACAAATCCGT-1","D_3wpi","Activated Microglia B",0.536347506330008,"DAM-like"
"D-29_GGCTCGACAAGACACG-1","D_3wpi","Microglia 3",-0.266962983553528,"Intermediate"
"D-29_GGCTCGAGTCCATGAT-1","D_3wpi","Microglia 2",-0.219126638561294,"Intermediate"
"D-29_GGCTGGTGTACTTCTT-1","D_3wpi","Microglia 1",-0.638730127156308,"Intermediate"
"D-29_GGGATGACATGCCTAA-1","D_3wpi","Microglia 1",-1.37998372708882,"Homeostatic"
"D-29_GGGCACTTCATACGGT-1","D_3wpi","Microglia 2",-0.516648449623247,"Intermediate"
"D-29_GGGTCTGTCGGCGCAT-1","D_3wpi","Microglia 3",1.14552777042423,"DAM-like"
"D-29_GGGTCTGTCTGCTGCT-1","D_3wpi","Activated Microglia B",0.864992261673194,"DAM-like"
"D-29_GGGTTGCTCCCTGACT-1","D_3wpi","Microglia 2",-0.362832196345089,"Intermediate"
"D-29_GTAACTGAGTACGTAA-1","D_3wpi","Microglia 2",-0.432676684954479,"Intermediate"
"D-29_GTACGTAGTAGTGAAT-1","D_3wpi","Microglia 2",-1.41211418811918,"Homeostatic"
"D-29_GTATTCTAGAAACGCC-1","D_3wpi","Microglia 3",-0.985720848796972,"Homeostatic"
"D-29_GTCACGGCAGTCAGAG-1","D_3wpi","Microglia 3",-0.292802152525792,"Intermediate"
"D-29_GTCATTTTCTAACCGA-1","D_3wpi","Microglia 1",-1.0919507841165,"Homeostatic"
"D-29_GTGAAGGAGGGCACTA-1","D_3wpi","Microglia 1",-2.78932648240984,"Homeostatic"
"D-29_GTGCATATCCGATATG-1","D_3wpi","Microglia 2",-0.791360818691533,"Homeostatic"
"D-29_GTGCTTCAGAGGTTAT-1","D_3wpi","Microglia 3",-0.0686355174201456,"Intermediate"
"D-29_GTGTGCGTCAACCAAC-1","D_3wpi","Microglia 2",-0.791744204786303,"Homeostatic"
"D-29_GTTAAGCGTACTTAGC-1","D_3wpi","Microglia 1",-1.74551637168714,"Homeostatic"
"D-29_GTTAAGCGTAGGGACT-1","D_3wpi","Microglia 3",0.606177129135712,"DAM-like"
"D-29_GTTAAGCGTCTAAACC-1","D_3wpi","Activated Microglia A",0.58751284537678,"DAM-like"
"D-29_GTTCTCGAGGGAAACA-1","D_3wpi","Microglia 1",-1.7701396351755,"Homeostatic"
"D-29_GTTTCTATCGTCTGAA-1","D_3wpi","Activated Microglia A",0.779672729100847,"DAM-like"
"D-29_TAAACCGAGTACGACG-1","D_3wpi","Microglia 2",-0.638566176764082,"Intermediate"
"D-29_TAAGTGCAGCAGATCG-1","D_3wpi","Microglia 1",-1.51425747227252,"Homeostatic"
"D-29_TAAGTGCGTCGCGAAA-1","D_3wpi","Microglia 2",-0.779433791867499,"Homeostatic"
"D-29_TAAGTGCTCGTTACAG-1","D_3wpi","Microglia 1",-0.402787520421962,"Intermediate"
"D-29_TACACGAAGATTACCC-1","D_3wpi","Microglia 2",-0.646394164908654,"Intermediate"
"D-29_TACAGTGGTGTTGAGG-1","D_3wpi","Microglia 1",-2.74136960292473,"Homeostatic"
"D-29_TACCTTAAGAGGACGG-1","D_3wpi","Microglia 3",-0.452145686564078,"Intermediate"
"D-29_TAGTGGTAGCACCGCT-1","D_3wpi","Microglia 1",-1.09664961709648,"Homeostatic"
"D-29_TAGTGGTCAAGCTGAG-1","D_3wpi","Activated Microglia A",0.556133150918957,"DAM-like"
"D-29_TAGTGGTTCAACACAC-1","D_3wpi","Microglia 3",0.0336634980185913,"Intermediate"
"D-29_TATCAGGTCGACGGAA-1","D_3wpi","Microglia 3",-1.43762804294742,"Homeostatic"
"D-29_TATTACCGTTCAGACT-1","D_3wpi","Microglia 3",-0.971042496348082,"Homeostatic"
"D-29_TCAACGAAGCGTTGCC-1","D_3wpi","Microglia 2",0.329999290395387,"DAM-like"
"D-29_TCAACGAAGGACGAAA-1","D_3wpi","Microglia 1",0.108745222853483,"Intermediate"
"D-29_TCAACGAGTCCATGAT-1","D_3wpi","Microglia 2",-0.8925745548436,"Homeostatic"
"D-29_TCAGATGGTGTAACGG-1","D_3wpi","Microglia 2",-0.646244933723663,"Intermediate"
"D-29_TCAGATGGTTCGAATC-1","D_3wpi","Microglia 2",-1.98852027204055,"Homeostatic"
"D-29_TCAGCAATCCCAAGAT-1","D_3wpi","Microglia 2",-0.529264281210981,"Intermediate"
"D-29_TCAGGTACAGCTCGCA-1","D_3wpi","Microglia 3",0.0250704273649206,"Intermediate"
"D-29_TCATTACTCGGTTAAC-1","D_3wpi","Microglia 2",-0.794941944957549,"Homeostatic"
"D-29_TCCACACTCATCTGTT-1","D_3wpi","Microglia 1",-1.74142463410024,"Homeostatic"
"D-29_TCCCGATCACATGGGA-1","D_3wpi","Activated Microglia A",0.767249892904327,"DAM-like"
"D-29_TCGAGGCAGACGACGT-1","D_3wpi","Activated Microglia A",0.97475276081821,"DAM-like"
"D-29_TCGCGTTGTCTCTCGT-1","D_3wpi","Microglia 2",-0.069291652612306,"Intermediate"
"D-29_TCGTACCTCAGGTAAA-1","D_3wpi","Activated Microglia A",0.797029969705533,"DAM-like"
"D-29_TCTATTGGTTCGCGAC-1","D_3wpi","Microglia 3",-0.196841124846396,"Intermediate"
"D-29_TCTATTGTCGCACTCT-1","D_3wpi","Microglia 1",-0.507528092110258,"Intermediate"
"D-29_TCTGGAAAGCCAACAG-1","D_3wpi","Microglia 1",-0.890007093788778,"Homeostatic"
"D-29_TCTGGAATCAACACTG-1","D_3wpi","Microglia 2",-1.00826584770684,"Homeostatic"
"D-29_TCTTTCCGTTCCACAA-1","D_3wpi","Microglia 1",-0.605972363077854,"Intermediate"
"D-29_TGAAAGACATCGGACC-1","D_3wpi","Microglia 1",0.83310919704497,"DAM-like"
"D-29_TGAGCCGTCGGATGGA-1","D_3wpi","Activated Microglia A",0.124957786298856,"Intermediate"
"D-29_TGAGGGAGTACTCTCC-1","D_3wpi","Activated Microglia B",0.23439787099157,"DAM-like"
"D-29_TGCGCAGTCTTGACGA-1","D_3wpi","Microglia 3",-0.874905536684629,"Homeostatic"
"D-29_TGCGTGGAGTGGAGAA-1","D_3wpi","Microglia 1",-0.120964907015691,"Intermediate"
"D-29_TGCTACCAGCAATCTC-1","D_3wpi","Microglia 1",-0.813643264297385,"Homeostatic"
"D-29_TGCTACCAGCTGCGAA-1","D_3wpi","Microglia 1",-1.84322198333952,"Homeostatic"
"D-29_TGCTGCTCAGCCAATT-1","D_3wpi","Microglia 2",0.2563879770891,"DAM-like"
"D-29_TGGCCAGCATGATCCA-1","D_3wpi","Microglia 2",0.848120577418829,"DAM-like"
"D-29_TGGCTGGAGTGTGGCA-1","D_3wpi","Microglia 2",-1.62147607865198,"Homeostatic"
"D-29_TGGCTGGGTCTAGAGG-1","D_3wpi","Microglia 2",-0.979213363310894,"Homeostatic"
"D-29_TGGGCGTTCATCACCC-1","D_3wpi","Microglia 2",0.17129781150786,"Intermediate"
"D-29_TGGTTAGTCAAGGCTT-1","D_3wpi","Microglia 1",-1.59838027029519,"Homeostatic"
"D-29_TGGTTAGTCTGCAGTA-1","D_3wpi","Microglia 3",0.0190081140814634,"Intermediate"
"D-29_TGTCCCACAGCATACT-1","D_3wpi","Microglia 2",-1.18057946814422,"Homeostatic"
"D-29_TGTGGTAGTTACCAGT-1","D_3wpi","Microglia 2",-0.0558088187224342,"Intermediate"
"D-29_TGTGTTTAGCCACCTG-1","D_3wpi","Microglia 2",-0.730570578182367,"Homeostatic"
"D-29_TTAGTTCGTGCACTTA-1","D_3wpi","Microglia 1",-0.873432117634574,"Homeostatic"
"D-29_TTATGCTAGATCCTGT-1","D_3wpi","Microglia 1",-1.39258952501412,"Homeostatic"
"D-29_TTATGCTCAAGCTGTT-1","D_3wpi","Microglia 2",-0.439511142099176,"Intermediate"
"D-29_TTCCCAGCATAAAGGT-1","D_3wpi","Microglia 1",-1.26343838686547,"Homeostatic"
"D-29_TTCGAAGGTACATCCA-1","D_3wpi","Microglia 3",-1.0094889912641,"Homeostatic"
"D-29_TTCGGTCCAGCCAATT-1","D_3wpi","Microglia 1",-2.27894490856764,"Homeostatic"
"D-29_TTCTACACATCGTCGG-1","D_3wpi","Microglia 1",-1.48213467764088,"Homeostatic"
"D-29_TTCTACATCGTATCAG-1","D_3wpi","Microglia 2",-1.84768261854272,"Homeostatic"
"D-29_TTCTCAACATCCGGGT-1","D_3wpi","Microglia 3",-0.370768414079066,"Intermediate"
"D-29_TTCTCCTCACGAAACG-1","D_3wpi","Microglia 3",0.0169330452008063,"Intermediate"
"D-29_TTCTTAGTCAGTGTTG-1","D_3wpi","Activated Microglia A",0.581231386933679,"DAM-like"
"D-29_TTGACTTCATAAAGGT-1","D_3wpi","Activated Microglia A",0.166116700558784,"Intermediate"
"D-29_TTGCCGTGTGCACGAA-1","D_3wpi","Microglia 1",0.417872630171661,"DAM-like"
"D-29_TTGGAACCACATGGGA-1","D_3wpi","Activated Microglia A",0.0289313574738255,"Intermediate"
"D-29_TTGGAACCACCTATCC-1","D_3wpi","Microglia 2",-0.393179898909639,"Intermediate"
"D-29_TTGGAACCATGCCCGA-1","D_3wpi","Microglia 1",-1.69566295283472,"Homeostatic"
"D-29_TTGTAGGCATTCGACA-1","D_3wpi","Microglia 2",-0.262688051283022,"Intermediate"
"D-29_TTGTAGGGTTCCTCCA-1","D_3wpi","Microglia 2",-0.0173743119294674,"Intermediate"
"D-29_TTTGTCAAGTCAAGGC-1","D_3wpi","Activated Microglia A",0.505352982319427,"DAM-like"
"F-12_AAACCTGCAGACACTT-1","E_6wpi","Activated Microglia A",1.51834148358392,"DAM-like"
"F-12_AAAGATGAGGGATACC-1","E_6wpi","Microglia 1",-1.55052763559927,"Homeostatic"
"F-12_AAAGATGCATTTGCCC-1","E_6wpi","Microglia 1",-0.109461798427646,"Intermediate"
"F-12_AAAGTAGGTTTACTCT-1","E_6wpi","Microglia 3",0.278725441941375,"DAM-like"
"F-12_AAATGCCGTGACTACT-1","E_6wpi","Microglia 3",-0.276759292768563,"Intermediate"
"F-12_AAATGCCTCAATACCG-1","E_6wpi","Microglia 2",-0.633757425924415,"Intermediate"
"F-12_AACACGTAGGACAGCT-1","E_6wpi","Microglia 2",-0.115349461542047,"Intermediate"
"F-12_AACCATGGTTGAGGTG-1","E_6wpi","Microglia 1",-0.23213652722407,"Intermediate"
"F-12_AACGTTGTCATACGGT-1","E_6wpi","Microglia 1",-0.645459382850517,"Intermediate"
"F-12_AACTCAGCACAGAGGT-1","E_6wpi","Microglia 2",-0.19475082327331,"Intermediate"
"F-12_AACTCCCGTTCCACGG-1","E_6wpi","Activated Microglia A",-0.138459395565865,"Intermediate"
"F-12_AACTCTTAGATGCGAC-1","E_6wpi","Microglia 3",-1.25976344751473,"Homeostatic"
"F-12_AACTCTTTCTTACCTA-1","E_6wpi","Microglia 1",-2.02436874865499,"Homeostatic"
"F-12_AAGGAGCAGATGCCAG-1","E_6wpi","Microglia 3",0.921285680504539,"DAM-like"
"F-12_AAGGAGCGTGCAGTAG-1","E_6wpi","Microglia 1",-0.0308080310835994,"Intermediate"
"F-12_AAGGCAGGTGTGCGTC-1","E_6wpi","Microglia 2",-2.6011595603894,"Homeostatic"
"F-12_AATCCAGCATACGCTA-1","E_6wpi","Microglia 1",-1.15826460990057,"Homeostatic"
"F-12_AATCCAGTCGTCTGAA-1","E_6wpi","Microglia 2",-0.816030588346592,"Homeostatic"
"F-12_AATCGGTAGTCATGCT-1","E_6wpi","Microglia 1",-0.935051854783453,"Homeostatic"
"F-12_AATCGGTGTCCCTTGT-1","E_6wpi","Microglia 2",0.697019063971222,"DAM-like"
"F-12_AATCGGTTCCCTCAGT-1","E_6wpi","Microglia 3",0.053594192198702,"Intermediate"
"F-12_AATCGGTTCCCTGACT-1","E_6wpi","Microglia 1",-0.962043680555782,"Homeostatic"
"F-12_ACACCAAAGGCAGGTT-1","E_6wpi","Activated Microglia A",-0.0909286145250903,"Intermediate"
"F-12_ACACCAAGTGGCGAAT-1","E_6wpi","Microglia 3",0.352988673080406,"DAM-like"
"F-12_ACACCCTCACCGGAAA-1","E_6wpi","Microglia 2",-0.294134972063105,"Intermediate"
"F-12_ACACCCTTCCCTAACC-1","E_6wpi","Microglia 2",-0.232958868146062,"Intermediate"
"F-12_ACACTGATCTACTTAC-1","E_6wpi","Microglia 1",-0.904595031192024,"Homeostatic"
"F-12_ACAGCCGAGAACTGTA-1","E_6wpi","Microglia 3",-1.79485098396087,"Homeostatic"
"F-12_ACAGCCGGTAAGAGAG-1","E_6wpi","Microglia 1",-0.405980466471915,"Intermediate"
"F-12_ACAGCTACAATTGCTG-1","E_6wpi","Microglia 1",-0.836477848105618,"Homeostatic"
"F-12_ACAGCTATCTGGTATG-1","E_6wpi","Microglia 2",0.36445703451895,"DAM-like"
"F-12_ACATCAGGTCGCGAAA-1","E_6wpi","Microglia 2",-0.0505090089121223,"Intermediate"
"F-12_ACATCAGTCTGGCGAC-1","E_6wpi","Activated Microglia B",0.936299830942355,"DAM-like"
"F-12_ACCGTAAAGGAACTGC-1","E_6wpi","Activated Microglia B",0.860444643605838,"DAM-like"
"F-12_ACGATACCACCCATTC-1","E_6wpi","Microglia 1",-1.66628572020899,"Homeostatic"
"F-12_ACGATGTTCATCTGCC-1","E_6wpi","Microglia 3",0.583088777426367,"DAM-like"
"F-12_ACGATGTTCCGTCAAA-1","E_6wpi","Activated Microglia B",0.633840126032602,"DAM-like"
"F-12_ACGCCGACAAGCCTAT-1","E_6wpi","Microglia 3",-0.508845335013703,"Intermediate"
"F-12_ACGGAGACACCCATGG-1","E_6wpi","Microglia 1",-1.31218611762363,"Homeostatic"
"F-12_ACGGAGACATGAGCGA-1","E_6wpi","Activated Microglia B",0.755237993499188,"DAM-like"
"F-12_ACGGGCTCAATCTACG-1","E_6wpi","Activated Microglia B",0.75248719443427,"DAM-like"
"F-12_ACTGAACAGGTGATAT-1","E_6wpi","Microglia 2",-0.579560235638581,"Intermediate"
"F-12_ACTGAGTAGCGTCAAG-1","E_6wpi","Microglia 1",-0.0728347355627825,"Intermediate"
"F-12_ACTGTCCCAGACAAGC-1","E_6wpi","Microglia 1",-0.897874815831303,"Homeostatic"
"F-12_ACTGTCCCATGAGCGA-1","E_6wpi","Activated Microglia B",1.5914513273415,"DAM-like"
"F-12_ACTTGTTGTAAGTGTA-1","E_6wpi","Microglia 1",-0.120479285972506,"Intermediate"
"F-12_ACTTTCACAAACTGTC-1","E_6wpi","Microglia 1",-1.85296453133239,"Homeostatic"
"F-12_AGAGTGGTCGATCCCT-1","E_6wpi","Microglia 2",-1.43419650243289,"Homeostatic"
"F-12_AGATTGCCAGGTTTCA-1","E_6wpi","Microglia 2",0.237549788226632,"DAM-like"
"F-12_AGCATACCACGTCAGC-1","E_6wpi","Microglia 3",0.973100161180399,"DAM-like"
"F-12_AGCGTATCAATAGCAA-1","E_6wpi","Activated Microglia B",1.04903600919765,"DAM-like"
"F-12_AGCTCCTCAGTATCTG-1","E_6wpi","Microglia 3",-1.44650313731921,"Homeostatic"
"F-12_AGCTCTCTCACAGTAC-1","E_6wpi","Microglia 3",-1.63793331505653,"Homeostatic"
"F-12_AGGCCACTCATCGGAT-1","E_6wpi","Activated Microglia B",0.559558942770397,"DAM-like"
"F-12_AGTGGGATCCTCATTA-1","E_6wpi","Activated Microglia A",1.17745774604233,"DAM-like"
"F-12_ATAACGCGTCCGACGT-1","E_6wpi","Activated Microglia B",1.0277849292538,"DAM-like"
"F-12_ATCATCTAGCTAGGCA-1","E_6wpi","Microglia 1",-1.51362669359779,"Homeostatic"
"F-12_ATCATGGCATAACCTG-1","E_6wpi","Activated Microglia A",0.118633700141239,"Intermediate"
"F-12_ATCATGGTCGACGGAA-1","E_6wpi","Activated Microglia A",0.456531740097017,"DAM-like"
"F-12_ATCTGCCTCAGCTGGC-1","E_6wpi","Activated Microglia A",1.17414363397892,"DAM-like"
"F-12_ATGAGGGCACTCTGTC-1","E_6wpi","Microglia 3",-1.09653865316022,"Homeostatic"
"F-12_ATGGGAGTCGGAGCAA-1","E_6wpi","Microglia 2",-1.93331399536868,"Homeostatic"
"F-12_ATGTGTGGTGGCCCTA-1","E_6wpi","Microglia 1",-1.52777291116196,"Homeostatic"
"F-12_ATTACTCCAGACGCTC-1","E_6wpi","Microglia 2",0.425100121947848,"DAM-like"
"F-12_ATTATCCAGAGCCCAA-1","E_6wpi","Microglia 2",-0.442961042981952,"Intermediate"
"F-12_ATTGGTGAGTAAGTAC-1","E_6wpi","Activated Microglia A",-0.351608138169132,"Intermediate"
"F-12_ATTGGTGTCACATACG-1","E_6wpi","Activated Microglia A",0.517673164334934,"DAM-like"
"F-12_ATTGGTGTCATGCTCC-1","E_6wpi","Microglia 2",0.489836180793673,"DAM-like"
"F-12_ATTTCTGCAAGGGTCA-1","E_6wpi","Microglia 1",-0.50151663322652,"Intermediate"
"F-12_CAAGTTGCACATGGGA-1","E_6wpi","Microglia 1",-1.62040546815249,"Homeostatic"
"F-12_CACAAACCATCGACGC-1","E_6wpi","Microglia 2",-0.167484029838352,"Intermediate"
"F-12_CACACTCCAAAGCGGT-1","E_6wpi","Microglia 2",0.00810365991042072,"Intermediate"
"F-12_CACATTTGTTCAGTAC-1","E_6wpi","Activated Microglia A",0.307322723688118,"DAM-like"
"F-12_CACCACTTCTTCAACT-1","E_6wpi","Microglia 1",-1.28374391836863,"Homeostatic"
"F-12_CACCAGGTCCTATTCA-1","E_6wpi","Activated Microglia A",0.937975216076806,"DAM-like"
"F-12_CACTCCAAGCGAGAAA-1","E_6wpi","Microglia 2",0.334737996845245,"DAM-like"
"F-12_CAGATCAGTCTTCAAG-1","E_6wpi","Activated Microglia A",0.720925059953521,"DAM-like"
"F-12_CAGCGACAGCCGATTT-1","E_6wpi","Microglia 2",-0.875916512010415,"Homeostatic"
"F-12_CAGCTAAAGAAACCGC-1","E_6wpi","Activated Microglia A",0.912571197085958,"DAM-like"
"F-12_CAGCTAAAGAGTCTGG-1","E_6wpi","Microglia 1",-0.606659916590398,"Intermediate"
"F-12_CAGCTGGCACCCTATC-1","E_6wpi","Microglia 1",-2.50200884496656,"Homeostatic"
"F-12_CAGTCCTAGTTAGGTA-1","E_6wpi","Activated Microglia A",1.16181831261787,"DAM-like"
"F-12_CATATTCAGCCGCCTA-1","E_6wpi","Microglia 2",0.35875778103641,"DAM-like"
"F-12_CATATTCTCAACTCTT-1","E_6wpi","Microglia 2",-1.56611406595686,"Homeostatic"
"F-12_CATCAAGTCCGCGCAA-1","E_6wpi","Microglia 1",-0.500342677644102,"Intermediate"
"F-12_CATCAGAAGTACGTAA-1","E_6wpi","Activated Microglia A",1.30151672745588,"DAM-like"
"F-12_CATCAGACAGATTGCT-1","E_6wpi","Microglia 2",0.603852631379255,"DAM-like"
"F-12_CATCCACGTGCGATAG-1","E_6wpi","Microglia 1",-1.25123170292311,"Homeostatic"
"F-12_CATCCACGTTAAGGGC-1","E_6wpi","Microglia 1",-1.44253384922142,"Homeostatic"
"F-12_CATCGGGGTCCTCCAT-1","E_6wpi","Activated Microglia B",0.672667260290715,"DAM-like"
"F-12_CATGCCTTCTGTCCGT-1","E_6wpi","Activated Microglia B",0.196212656986108,"Intermediate"
"F-12_CATTCGCCATCTGGTA-1","E_6wpi","Microglia 2",0.0232185763028605,"Intermediate"
"F-12_CCACTACAGCTGTCTA-1","E_6wpi","Microglia 2",-1.09707949151966,"Homeostatic"
"F-12_CCACTACGTGCACTTA-1","E_6wpi","Microglia 2",-1.24455961101619,"Homeostatic"
"F-12_CCAGCGACAAACTGTC-1","E_6wpi","Microglia 3",-1.3155259039939,"Homeostatic"
"F-12_CCAGCGATCCGTTGCT-1","E_6wpi","Activated Microglia B",1.03074611612544,"DAM-like"
"F-12_CCCAATCCACGAAGCA-1","E_6wpi","Activated Microglia A",-0.283618236436904,"Intermediate"
"F-12_CCCATACCAGGTGGAT-1","E_6wpi","Microglia 3",-0.526579319579848,"Intermediate"
"F-12_CCGGTAGTCCCTCAGT-1","E_6wpi","Microglia 2",-0.0844486795549542,"Intermediate"
"F-12_CCGTTCAGTTAGTGGG-1","E_6wpi","Microglia 1",-1.63990127712624,"Homeostatic"
"F-12_CCTAAAGAGGCAATTA-1","E_6wpi","Activated Microglia A",1.03429171338818,"DAM-like"
"F-12_CCTATTAAGGTTACCT-1","E_6wpi","Microglia 1",-1.39187468123763,"Homeostatic"
"F-12_CCTCAGTAGCAATCTC-1","E_6wpi","Activated Microglia B",0.217634665560828,"Intermediate"
"F-12_CCTCAGTGTGAAGGCT-1","E_6wpi","Microglia 1",-2.30684191317336,"Homeostatic"
"F-12_CCTCTGACACCTCGTT-1","E_6wpi","Activated Microglia A",-0.66402222194595,"Intermediate"
"F-12_CCTTACGAGTGACTCT-1","E_6wpi","Microglia 2",-0.948836906299509,"Homeostatic"
"F-12_CCTTCCCAGGCCGAAT-1","E_6wpi","Microglia 1",-1.55834911128123,"Homeostatic"
"F-12_CCTTCCCCAAGGTGTG-1","E_6wpi","Activated Microglia A",-0.4398527252699,"Intermediate"
"F-12_CCTTCCCGTCGAAAGC-1","E_6wpi","Microglia 1",-2.22284457962342,"Homeostatic"
"F-12_CCTTTCTAGCAAATCA-1","E_6wpi","Microglia 1",0.422800602839975,"DAM-like"
"F-12_CGAACATCATCGGACC-1","E_6wpi","Activated Microglia B",-0.14561923639588,"Intermediate"
"F-12_CGAATGTTCAGCGACC-1","E_6wpi","Activated Microglia A",-0.920961955125751,"Homeostatic"
"F-12_CGAGCCAGTAGCACGA-1","E_6wpi","Microglia 2",0.584905101002571,"DAM-like"
"F-12_CGATGGCTCAGAGCTT-1","E_6wpi","Microglia 1",-1.49509857515088,"Homeostatic"
"F-12_CGATTGAAGCTGTCTA-1","E_6wpi","Microglia 3",-0.796895226316282,"Homeostatic"
"F-12_CGCTATCAGGACTGGT-1","E_6wpi","Microglia 1",-1.74486787268051,"Homeostatic"
"F-12_CGCTATCTCAAGCCTA-1","E_6wpi","Microglia 1",-1.57590710888287,"Homeostatic"
"F-12_CGCTGGATCAGCGACC-1","E_6wpi","Activated Microglia A",0.644961503193288,"DAM-like"
"F-12_CGCTGGATCGTGACAT-1","E_6wpi","Activated Microglia A",-0.459024464033402,"Intermediate"
"F-12_CGCTTCAAGTGAACGC-1","E_6wpi","Microglia 1",-0.487987386568492,"Intermediate"
"F-12_CGGACACTCTGCGTAA-1","E_6wpi","Activated Microglia A",0.434900808075017,"DAM-like"
"F-12_CGGACTGTCTTTACAC-1","E_6wpi","Microglia 3",-0.47005758694839,"Intermediate"
"F-12_CGGAGTCTCGGATGGA-1","E_6wpi","Microglia 2",-1.12917432873246,"Homeostatic"
"F-12_CGGCTAGAGAACAATC-1","E_6wpi","Microglia 1",-1.1415242071724,"Homeostatic"
"F-12_CGGTTAAAGAGGTACC-1","E_6wpi","Microglia 2",0.219666874577451,"Intermediate"
"F-12_CGTCAGGAGAAACGAG-1","E_6wpi","Microglia 3",1.07028743176606,"DAM-like"
"F-12_CGTCAGGAGCGATCCC-1","E_6wpi","Microglia 2",-2.00356565796424,"Homeostatic"
"F-12_CGTCCATTCCACGTTC-1","E_6wpi","Microglia 2",0.917566458103238,"DAM-like"
"F-12_CGTGAGCAGTGTCTCA-1","E_6wpi","Microglia 3",-0.214726552828417,"Intermediate"
"F-12_CGTGAGCCAGGAATGC-1","E_6wpi","Microglia 3",-1.10346173282904,"Homeostatic"
"F-12_CGTGTAAGTAAGTAGT-1","E_6wpi","Activated Microglia A",1.00210606378506,"DAM-like"
"F-12_CGTGTAATCTACCAGA-1","E_6wpi","Microglia 1",-0.10792580819106,"Intermediate"
"F-12_CGTTGGGGTAGCAAAT-1","E_6wpi","Microglia 2",0.460567310357483,"DAM-like"
"F-12_CTAACTTTCTAGAGTC-1","E_6wpi","Microglia 1",-0.0538128751701072,"Intermediate"
"F-12_CTAATGGTCAGCTGGC-1","E_6wpi","Microglia 1",-0.644953531372568,"Intermediate"
"F-12_CTACACCGTCCGAAGA-1","E_6wpi","Microglia 3",-0.23223923464389,"Intermediate"
"F-12_CTACATTGTCTAAAGA-1","E_6wpi","Microglia 1",1.33411950998297,"DAM-like"
"F-12_CTACGTCAGGTTACCT-1","E_6wpi","Microglia 2",-0.313934743256652,"Intermediate"
"F-12_CTAGAGTTCACATAGC-1","E_6wpi","Microglia 2",-0.381929783325869,"Intermediate"
"F-12_CTAGCCTGTCGACTGC-1","E_6wpi","Microglia 1",-1.77282430531778,"Homeostatic"
"F-12_CTAGCCTTCAGCGACC-1","E_6wpi","Microglia 1",-0.900659218911259,"Homeostatic"
"F-12_CTAGTGAAGATAGTCA-1","E_6wpi","Activated Microglia A",0.237604639070445,"DAM-like"
"F-12_CTCACACAGTGAACAT-1","E_6wpi","Microglia 3",0.0320884096602264,"Intermediate"
"F-12_CTCACACCATACGCTA-1","E_6wpi","Microglia 2",-1.39410372960923,"Homeostatic"
"F-12_CTCAGAAAGGATGCGT-1","E_6wpi","Activated Microglia B",0.121907455452252,"Intermediate"
"F-12_CTCATTAAGGGTGTGT-1","E_6wpi","Microglia 3",-0.26405963772827,"Intermediate"
"F-12_CTCATTACACAACGCC-1","E_6wpi","Microglia 2",-0.395522376059879,"Intermediate"
"F-12_CTCATTATCGCCGTGA-1","E_6wpi","Microglia 2",0.366228353853417,"DAM-like"
"F-12_CTCGGGAAGCCAGGAT-1","E_6wpi","Activated Microglia A",1.14014520711603,"DAM-like"
"F-12_CTCGTACAGCAGATCG-1","E_6wpi","Microglia 1",-0.412681219918755,"Intermediate"
"F-12_CTCGTACGTAACGTTC-1","E_6wpi","Microglia 3",0.42061288569927,"DAM-like"
"F-12_CTCGTACGTGCAACTT-1","E_6wpi","Activated Microglia A",0.620054936420698,"DAM-like"
"F-12_CTCGTCAAGAGGTTAT-1","E_6wpi","Activated Microglia A",0.73684283806485,"DAM-like"
"F-12_CTCGTCAAGCAATCTC-1","E_6wpi","Microglia 2",0.461305557575226,"DAM-like"
"F-12_CTGAAACGTTGTCGCG-1","E_6wpi","Activated Microglia A",0.940807100646244,"DAM-like"
"F-12_CTGATAGGTAAGGGCT-1","E_6wpi","Activated Microglia A",0.981088513778848,"DAM-like"
"F-12_CTGCTGTCATTCCTGC-1","E_6wpi","Microglia 3",-1.19365220658958,"Homeostatic"
"F-12_CTGTGCTAGATGTTAG-1","E_6wpi","Microglia 1",-1.69046986152535,"Homeostatic"
"F-12_CTGTGCTTCGACCAGC-1","E_6wpi","Microglia 3",-0.585723005513156,"Intermediate"
"F-12_CTTAGGAAGACAAAGG-1","E_6wpi","Microglia 1",-0.213529030373259,"Intermediate"
"F-12_CTTCTCTTCAGAGGTG-1","E_6wpi","Activated Microglia B",0.467340799915489,"DAM-like"
"F-12_CTTCTCTTCTAGCACA-1","E_6wpi","Activated Microglia A",0.979793333443485,"DAM-like"
"F-12_GAACATCTCCCTGACT-1","E_6wpi","Microglia 1",0.984576270074642,"DAM-like"
"F-12_GAACCTAAGCCGGTAA-1","E_6wpi","Activated Microglia A",0.435841163848152,"DAM-like"
"F-12_GAACCTATCCTCATTA-1","E_6wpi","Microglia 3",1.0401743801997,"DAM-like"
"F-12_GAATGAATCCCTAACC-1","E_6wpi","Activated Microglia B",0.364659236422914,"DAM-like"
"F-12_GACCTGGCACAGACAG-1","E_6wpi","Microglia 3",0.341497956385186,"DAM-like"
"F-12_GACGCGTTCCTATTCA-1","E_6wpi","Activated Microglia A",1.33531084320805,"DAM-like"
"F-12_GACGGCTCACCTCGGA-1","E_6wpi","Microglia 2",-0.15236210554412,"Intermediate"
"F-12_GACGTGCGTTCAGTAC-1","E_6wpi","Microglia 3",1.53581454853223,"DAM-like"
"F-12_GACGTGCTCAATCTCT-1","E_6wpi","Microglia 1",-2.77188526257126,"Homeostatic"
"F-12_GACGTGCTCGCAAACT-1","E_6wpi","Microglia 3",0.429578315073233,"DAM-like"
"F-12_GACGTTACAAGCGTAG-1","E_6wpi","Microglia 3",-0.575277066682513,"Intermediate"
"F-12_GACTAACCATTATCTC-1","E_6wpi","Microglia 3",0.933282962335639,"DAM-like"
"F-12_GACTACACACCATCCT-1","E_6wpi","Microglia 2",-0.676898177816324,"Intermediate"
"F-12_GAGTCCGTCCTCCTAG-1","E_6wpi","Activated Microglia A",0.389962854412073,"DAM-like"
"F-12_GATCGATGTAGCGCAA-1","E_6wpi","Activated Microglia A",2.06161607061492,"DAM-like"
"F-12_GATGAAAAGAGTAAGG-1","E_6wpi","Microglia 3",-0.602323695143647,"Intermediate"
"F-12_GATGAAACATGCCTTC-1","E_6wpi","Microglia 3",-0.00720787832224157,"Intermediate"
"F-12_GATTCAGAGGATATAC-1","E_6wpi","Microglia 1",-0.348502773659857,"Intermediate"
"F-12_GCAATCAAGCTCCCAG-1","E_6wpi","Microglia 1",-1.75120373187295,"Homeostatic"
"F-12_GCAATCACATGGTCAT-1","E_6wpi","Microglia 3",-0.0217426701344894,"Intermediate"
"F-12_GCAGCCAAGGGTTCCC-1","E_6wpi","Activated Microglia A",0.19317414873112,"Intermediate"
"F-12_GCATGTATCGGGAGTA-1","E_6wpi","Microglia 1",-1.77314566336446,"Homeostatic"
"F-12_GCGACCAAGATAGCAT-1","E_6wpi","Microglia 1",-1.7064571122679,"Homeostatic"
"F-12_GCGAGAAGTACTCTCC-1","E_6wpi","Microglia 3",-0.352313960796556,"Intermediate"
"F-12_GCGCAACCATACGCCG-1","E_6wpi","Microglia 3",-1.35580307319855,"Homeostatic"
"F-12_GCGCAGTAGGCTCTTA-1","E_6wpi","Microglia 1",-2.36076742140742,"Homeostatic"
"F-12_GCTCTGTGTCCGAAGA-1","E_6wpi","Microglia 1",-0.91230048370838,"Homeostatic"
"F-12_GCTCTGTGTCTTTCAT-1","E_6wpi","Activated Microglia A",1.26391455556997,"DAM-like"
"F-12_GCTGCGAAGTATGACA-1","E_6wpi","Activated Microglia A",0.969928755659901,"DAM-like"
"F-12_GCTTCCAGTCACTTCC-1","E_6wpi","Microglia 3",0.193462897045151,"Intermediate"
"F-12_GGAACTTCATGAGCGA-1","E_6wpi","Activated Microglia B",0.80756983758322,"DAM-like"
"F-12_GGACGTCTCATCTGTT-1","E_6wpi","Microglia 2",-0.207893730430759,"Intermediate"
"F-12_GGAGCAACAATGGAAT-1","E_6wpi","Activated Microglia A",1.02990379032407,"DAM-like"
"F-12_GGAGCAAGTGAGGCTA-1","E_6wpi","Activated Microglia A",0.187638674489686,"Intermediate"
"F-12_GGATTACCACCAGATT-1","E_6wpi","Microglia 1",-1.62427691921898,"Homeostatic"
"F-12_GGCCGATAGTCCATAC-1","E_6wpi","Activated Microglia A",0.333765640258137,"DAM-like"
"F-12_GGCTGGTAGCGATAGC-1","E_6wpi","Microglia 3",-0.561907250137788,"Intermediate"
"F-12_GGCTGGTAGGAGTCTG-1","E_6wpi","Activated Microglia B",1.14055680576974,"DAM-like"
"F-12_GGCTGGTGTCCGTTAA-1","E_6wpi","Microglia 3",-0.149880092704659,"Intermediate"
"F-12_GGCTGGTGTCTCCCTA-1","E_6wpi","Activated Microglia A",0.48766089580434,"DAM-like"
"F-12_GGCTGGTTCCAGATCA-1","E_6wpi","Activated Microglia A",-0.773386885420201,"Homeostatic"
"F-12_GGGACCTAGCGCCTCA-1","E_6wpi","Microglia 3",-0.564894859987986,"Intermediate"
"F-12_GGGACCTAGGGTATCG-1","E_6wpi","Microglia 1",0.438258995823805,"DAM-like"
"F-12_GGGACCTGTCAGAGGT-1","E_6wpi","Microglia 1",-1.9447950870047,"Homeostatic"
"F-12_GGGACCTGTCCAACTA-1","E_6wpi","Activated Microglia A",0.844637884301719,"DAM-like"
"F-12_GGGAGATGTAAATACG-1","E_6wpi","Microglia 2",-0.0506866616714814,"Intermediate"
"F-12_GGGATGAGTTAAGGGC-1","E_6wpi","Microglia 1",-1.13623350402793,"Homeostatic"
"F-12_GGGCACTTCAATCACG-1","E_6wpi","Microglia 3",-0.14417830719589,"Intermediate"
"F-12_GGGCATCGTAGAGTGC-1","E_6wpi","Activated Microglia B",0.963104045083583,"DAM-like"
"F-12_GGGTTGCAGAAGGACA-1","E_6wpi","Activated Microglia A",1.48763041241176,"DAM-like"
"F-12_GGGTTGCCAAGCTGAG-1","E_6wpi","Microglia 1",-0.153788544460039,"Intermediate"
"F-12_GGTATTGAGTACGACG-1","E_6wpi","Microglia 2",-0.507058631034449,"Intermediate"
"F-12_GGTATTGCACGTCTCT-1","E_6wpi","Microglia 1",-1.63368867084508,"Homeostatic"
"F-12_GGTATTGTCCTTTCGG-1","E_6wpi","Microglia 1",0.398732483796104,"DAM-like"
"F-12_GGTGCGTAGTTGTCGT-1","E_6wpi","Microglia 3",1.21291154953991,"DAM-like"
"F-12_GGTGCGTAGTTTCCTT-1","E_6wpi","Microglia 3",-1.85332430743273,"Homeostatic"
"F-12_GGTGTTATCATAAAGG-1","E_6wpi","Activated Microglia B",0.0529189175367852,"Intermediate"
"F-12_GTAACTGGTACCGAGA-1","E_6wpi","Microglia 1",-0.332073623248818,"Intermediate"
"F-12_GTACGTACAAGGCTCC-1","E_6wpi","Microglia 3",0.787312140600266,"DAM-like"
"F-12_GTACTCCTCGTCACGG-1","E_6wpi","Microglia 2",-0.687056346516444,"Intermediate"
"F-12_GTACTTTCAGATGGCA-1","E_6wpi","Microglia 2",-1.47874449156058,"Homeostatic"
"F-12_GTACTTTGTCGCATAT-1","E_6wpi","Microglia 3",0.281783985078698,"DAM-like"
"F-12_GTAGGCCCAACGATCT-1","E_6wpi","Activated Microglia B",-0.498312565165976,"Intermediate"
"F-12_GTCAAGTAGCCACGTC-1","E_6wpi","Activated Microglia A",-0.343437804002321,"Intermediate"
"F-12_GTCAAGTAGGCCCTTG-1","E_6wpi","Microglia 2",-0.215309281589616,"Intermediate"
"F-12_GTCACAAAGCAGGTCA-1","E_6wpi","Activated Microglia A",0.580035168695394,"DAM-like"
"F-12_GTCACAAAGCTGTCTA-1","E_6wpi","Microglia 2",0.00456290256690273,"Intermediate"
"F-12_GTCACAATCCGTTGTC-1","E_6wpi","Activated Microglia A",1.14893330125255,"DAM-like"
"F-12_GTCACGGAGTGCCATT-1","E_6wpi","Microglia 1",0.615005923721167,"DAM-like"
"F-12_GTCATTTTCTGCCCTA-1","E_6wpi","Microglia 1",-0.763662026791571,"Homeostatic"
"F-12_GTCCTCATCACTCTTA-1","E_6wpi","Microglia 3",-0.844429652690177,"Homeostatic"
"F-12_GTCCTCATCCATGAAC-1","E_6wpi","Microglia 3",-1.07054685895882,"Homeostatic"
"F-12_GTCTTCGGTTTGTTTC-1","E_6wpi","Microglia 1",-0.376121690217893,"Intermediate"
"F-12_GTGAAGGCATTTGCCC-1","E_6wpi","Microglia 1",-0.630016505166833,"Intermediate"
"F-12_GTGCAGCAGTCTTGCA-1","E_6wpi","Microglia 3",0.97811828639106,"DAM-like"
"F-12_GTGCTTCCATGTAAGA-1","E_6wpi","Activated Microglia B",0.922519718541423,"DAM-like"
"F-12_GTTACAGAGGCCCGTT-1","E_6wpi","Microglia 3",-0.300830696882977,"Intermediate"
"F-12_GTTCATTAGGCGTACA-1","E_6wpi","Microglia 3",0.204473270560443,"Intermediate"
"F-12_GTTCATTTCAGTCCCT-1","E_6wpi","Activated Microglia B",-0.334809584012573,"Intermediate"
"F-12_GTTCATTTCCACGAAT-1","E_6wpi","Microglia 3",-0.326109889908944,"Intermediate"
"F-12_GTTCATTTCCCGACTT-1","E_6wpi","Activated Microglia A",1.74078514313086,"DAM-like"
"F-12_GTTCTCGCAGTAGAGC-1","E_6wpi","Microglia 3",0.312377730163691,"DAM-like"
"F-12_TAAACCGCAATGAAAC-1","E_6wpi","Activated Microglia B",0.690193540411583,"DAM-like"
"F-12_TACACGAAGAGTAAGG-1","E_6wpi","Activated Microglia A",1.12049819498677,"DAM-like"
"F-12_TACACGATCAGCGATT-1","E_6wpi","Microglia 3",-1.52386855078767,"Homeostatic"
"F-12_TACTCATGTCCTGCTT-1","E_6wpi","Microglia 1",-2.08098150717661,"Homeostatic"
"F-12_TAGAGCTGTTAAAGAC-1","E_6wpi","Activated Microglia A",0.0409267919259337,"Intermediate"
"F-12_TAGAGCTTCATTTGGG-1","E_6wpi","Microglia 1",-0.761175923625796,"Homeostatic"
"F-12_TAGCCGGAGCGGATCA-1","E_6wpi","Microglia 2",-0.646671186025115,"Intermediate"
"F-12_TAGTGGTAGCAGACTG-1","E_6wpi","Microglia 1",-1.17725465387017,"Homeostatic"
"F-12_TAGTGGTTCACTGGGC-1","E_6wpi","Activated Microglia A",0.838954000587018,"DAM-like"
"F-12_TATCAGGGTCCAGTGC-1","E_6wpi","Microglia 3",0.815512889768855,"DAM-like"
"F-12_TATCTCACACTCAGGC-1","E_6wpi","Microglia 2",-0.470582649202726,"Intermediate"
"F-12_TATGCCCGTTTGTTTC-1","E_6wpi","Activated Microglia A",0.166510119915883,"Intermediate"
"F-12_TATTACCAGTGACTCT-1","E_6wpi","Microglia 1",-0.505257899650225,"Intermediate"
"F-12_TATTACCGTCTTCAAG-1","E_6wpi","Activated Microglia A",-0.377156495098828,"Intermediate"
"F-12_TCAACGACAATAACGA-1","E_6wpi","Activated Microglia A",0.870645639062272,"DAM-like"
"F-12_TCACAAGAGTAACCCT-1","E_6wpi","Activated Microglia A",1.16489041917415,"DAM-like"
"F-12_TCACGAATCCGTACAA-1","E_6wpi","Activated Microglia A",1.48851872991612,"DAM-like"
"F-12_TCAGCAACAATCCAAC-1","E_6wpi","Microglia 1",-1.08376718547228,"Homeostatic"
"F-12_TCAGCAACATTATCTC-1","E_6wpi","Activated Microglia A",0.263609786831644,"DAM-like"
"F-12_TCAGGATAGCACGCCT-1","E_6wpi","Microglia 3",0.262445402376,"DAM-like"
"F-12_TCAGGATCAAGTCTAC-1","E_6wpi","Microglia 1",-0.739059533273112,"Homeostatic"
"F-12_TCAGGATGTACCAGTT-1","E_6wpi","Microglia 1",-1.55014770120351,"Homeostatic"
"F-12_TCAGGATGTTCTGGTA-1","E_6wpi","Microglia 1",-1.43875531782706,"Homeostatic"
"F-12_TCATTACCATATACCG-1","E_6wpi","Activated Microglia B",0.306128811813993,"DAM-like"
"F-12_TCCCGATAGACTAGAT-1","E_6wpi","Microglia 1",-1.7201848979967,"Homeostatic"
"F-12_TCCCGATAGAGGTAGA-1","E_6wpi","Microglia 2",0.138628989998878,"Intermediate"
"F-12_TCCCGATTCCGTTGCT-1","E_6wpi","Microglia 3",-1.11981370297629,"Homeostatic"
"F-12_TCGGTAAAGTGAACGC-1","E_6wpi","Microglia 2",1.27584108799571,"DAM-like"
"F-12_TCTCATACACTTAAGC-1","E_6wpi","Microglia 2",-1.45255794190319,"Homeostatic"
"F-12_TCTGAGACAAACTGTC-1","E_6wpi","Activated Microglia B",0.632667126534982,"DAM-like"
"F-12_TGACAACAGCGACGTA-1","E_6wpi","Microglia 3",-0.647952958704511,"Intermediate"
"F-12_TGACGGCCATGCCCGA-1","E_6wpi","Microglia 2",-1.45474231348432,"Homeostatic"
"F-12_TGACTAGTCACTTATC-1","E_6wpi","Activated Microglia A",1.89057457617648,"DAM-like"
"F-12_TGAGCCGCAGTATGCT-1","E_6wpi","Activated Microglia B",0.0883196446835274,"Intermediate"
"F-12_TGCACCTAGGTGATAT-1","E_6wpi","Microglia 3",0.182899203671773,"Intermediate"
"F-12_TGCACCTAGTGTGAAT-1","E_6wpi","Microglia 3",0.976693087262451,"DAM-like"
"F-12_TGCCCTATCGGCGCAT-1","E_6wpi","Microglia 1",-0.965543504187981,"Homeostatic"
"F-12_TGCGGGTCAGTCTTCC-1","E_6wpi","Activated Microglia B",0.546510834795287,"DAM-like"
"F-12_TGCGGGTTCCAAAGTC-1","E_6wpi","Microglia 3",-0.00941992418102922,"Intermediate"
"F-12_TGCGTGGTCAACGGGA-1","E_6wpi","Activated Microglia B",1.31004578382915,"DAM-like"
"F-12_TGCTGCTCAATAACGA-1","E_6wpi","Activated Microglia A",0.952085099871845,"DAM-like"
"F-12_TGGCGCAAGCGCCTTG-1","E_6wpi","Activated Microglia A",-0.0929401726933436,"Intermediate"
"F-12_TGGCTGGGTTACCAGT-1","E_6wpi","Microglia 1",-2.00684261306435,"Homeostatic"
"F-12_TGGGAAGTCGGAATCT-1","E_6wpi","Microglia 2",0.270956004967802,"DAM-like"
"F-12_TGGGCGTCACACAGAG-1","E_6wpi","Microglia 2",0.24248132474312,"DAM-like"
"F-12_TGGGCGTCAGGATTGG-1","E_6wpi","Microglia 1",0.495452009047246,"DAM-like"
"F-12_TGGTTCCCATCACGAT-1","E_6wpi","Microglia 1",0.0624108433278041,"Intermediate"
"F-12_TGTGGTAGTACCGTTA-1","E_6wpi","Microglia 2",-0.304821615259005,"Intermediate"
"F-12_TGTGGTATCCACGACG-1","E_6wpi","Microglia 1",-0.670410944664818,"Intermediate"
"F-12_TTAGGCATCAATCTCT-1","E_6wpi","Microglia 2",-0.813707440137634,"Homeostatic"
"F-12_TTAGTTCGTGACGCCT-1","E_6wpi","Microglia 2",-2.16013212836521,"Homeostatic"
"F-12_TTAGTTCGTTCTGGTA-1","E_6wpi","Microglia 3",-1.64059253270486,"Homeostatic"
"F-12_TTATGCTAGAAGATTC-1","E_6wpi","Activated Microglia A",0.204184713064435,"Intermediate"
"F-12_TTCGGTCCAGGCGATA-1","E_6wpi","Microglia 2",1.03811612188629,"DAM-like"
"F-12_TTCTACATCGAACGGA-1","E_6wpi","Microglia 1",-1.57363846345103,"Homeostatic"
"F-12_TTCTCCTCAAGTTAAG-1","E_6wpi","Activated Microglia A",0.556418687937577,"DAM-like"
"F-12_TTCTCCTTCACAATGC-1","E_6wpi","Microglia 2",-1.3015703810942,"Homeostatic"
"F-12_TTCTCCTTCCGTACAA-1","E_6wpi","Microglia 1",-0.751462297467615,"Homeostatic"
"F-12_TTCTCCTTCTGTTGAG-1","E_6wpi","Microglia 1",-0.842174440474969,"Homeostatic"
"F-12_TTGACTTTCTCGATGA-1","E_6wpi","Activated Microglia A",-0.000377930175944563,"Intermediate"
"F-12_TTGCGTCCAAGTAATG-1","E_6wpi","Microglia 1",-1.81230119864501,"Homeostatic"
"F-12_TTGGCAATCACTCTTA-1","E_6wpi","Microglia 2",0.0718578815575033,"Intermediate"
"F-12_TTGTAGGCATCATCCC-1","E_6wpi","Microglia 1",0.848149351146194,"DAM-like"
"F-13_AACACGTCAGCCTATA-1","E_6wpi","Activated Microglia A",2.39061484788784,"DAM-like"
"F-13_AACCGCGAGCCACTAT-1","E_6wpi","Microglia 3",-0.634605667950561,"Intermediate"
"F-13_AACTTTCCAGCTCGAC-1","E_6wpi","Activated Microglia B",0.635693596839888,"DAM-like"
"F-13_AACTTTCGTTGACGTT-1","E_6wpi","Microglia 3",-0.733027346970094,"Homeostatic"
"F-13_AACTTTCTCCCTTGTG-1","E_6wpi","Microglia 3",-0.667653000864507,"Intermediate"
"F-13_AAGCCGCTCACCAGGC-1","E_6wpi","Microglia 1",-0.343823476753824,"Intermediate"
"F-13_AAGCCGCTCATTTGGG-1","E_6wpi","Microglia 3",-0.891707289922509,"Homeostatic"
"F-13_AAGGAGCGTGATAAGT-1","E_6wpi","Microglia 1",0.150325416399537,"Intermediate"
"F-13_AAGGTTCGTCTGATTG-1","E_6wpi","Microglia 3",0.200655768340365,"Intermediate"
"F-13_ACACCCTTCCGTCAAA-1","E_6wpi","Microglia 3",0.424835612514365,"DAM-like"
"F-13_ACAGCCGAGTGAATTG-1","E_6wpi","Microglia 1",-1.48404159600773,"Homeostatic"
"F-13_ACATGGTAGTACGATA-1","E_6wpi","Microglia 1",-1.18003456020177,"Homeostatic"
"F-13_ACCGTAAAGTACGCGA-1","E_6wpi","Microglia 1",-0.685786538255236,"Intermediate"
"F-13_ACCGTAATCGTAGGAG-1","E_6wpi","Activated Microglia A",2.25249036537256,"DAM-like"
"F-13_ACGAGGAAGGGCATGT-1","E_6wpi","Microglia 2",-0.823232134672902,"Homeostatic"
"F-13_ACGATACGTTCAGTAC-1","E_6wpi","Microglia 2",-1.34394014900687,"Homeostatic"
"F-13_ACGATGTGTGACCAAG-1","E_6wpi","Microglia 3",-1.47944613397989,"Homeostatic"
"F-13_ACGCAGCCATGCAACT-1","E_6wpi","Microglia 3",-0.0794268990799993,"Intermediate"
"F-13_ACGCCGAAGATCGATA-1","E_6wpi","Microglia 2",-1.55282467953323,"Homeostatic"
"F-13_ACGGCCACAATACGCT-1","E_6wpi","Microglia 1",-2.06288266587495,"Homeostatic"
"F-13_ACGGGTCTCAGTTTGG-1","E_6wpi","Activated Microglia A",1.1403364564724,"DAM-like"
"F-13_ACGTCAATCTATCGCC-1","E_6wpi","Activated Microglia A",-0.174497261421156,"Intermediate"
"F-13_ACTATCTCAGTGACAG-1","E_6wpi","Microglia 3",-0.717623459918348,"Homeostatic"
"F-13_ACTTGTTCATGGGACA-1","E_6wpi","Microglia 3",0.752255146077104,"DAM-like"
"F-13_ACTTGTTTCCTGCTTG-1","E_6wpi","Microglia 1",-0.374489747284041,"Intermediate"
"F-13_ACTTGTTTCGCCCTTA-1","E_6wpi","Microglia 3",-0.853475907414897,"Homeostatic"
"F-13_ACTTGTTTCTCTGTCG-1","E_6wpi","Activated Microglia A",1.06647950519133,"DAM-like"
"F-13_AGAATAGCACACAGAG-1","E_6wpi","Activated Microglia A",1.58188915589431,"DAM-like"
"F-13_AGAATAGTCCCATTAT-1","E_6wpi","Microglia 2",0.0688816172159943,"Intermediate"
"F-13_AGAGCGAAGGAACTGC-1","E_6wpi","Microglia 3",-1.35909135173968,"Homeostatic"
"F-13_AGAGTGGAGCTGCCCA-1","E_6wpi","Microglia 1",-1.68400554800394,"Homeostatic"
"F-13_AGAGTGGTCACCCGAG-1","E_6wpi","Activated Microglia A",-0.116473213312007,"Intermediate"
"F-13_AGATTGCCAATCGGTT-1","E_6wpi","Microglia 3",0.575272373003069,"DAM-like"
"F-13_AGATTGCTCCCTGACT-1","E_6wpi","Microglia 3",0.208201331716141,"Intermediate"
"F-13_AGCAGCCCATGTTGAC-1","E_6wpi","Activated Microglia A",1.23778763561224,"DAM-like"
"F-13_AGCAGCCGTCTAGAGG-1","E_6wpi","Microglia 3",-0.101354657163364,"Intermediate"
"F-13_AGCAGCCGTCTTTCAT-1","E_6wpi","Microglia 3",0.30493874070476,"DAM-like"
"F-13_AGCATACTCATTGCGA-1","E_6wpi","Microglia 3",-0.443608318706818,"Intermediate"
"F-13_AGCGTATAGCGCCTTG-1","E_6wpi","Microglia 1",0.508830276533577,"DAM-like"
"F-13_AGCGTATAGCTTCGCG-1","E_6wpi","Microglia 1",-2.10184432390834,"Homeostatic"
"F-13_AGCGTCGAGTGGGTTG-1","E_6wpi","Microglia 3",-0.723614764340961,"Homeostatic"
"F-13_AGCTCCTAGCCACGTC-1","E_6wpi","Microglia 3",-0.640387435533411,"Intermediate"
"F-13_AGCTCCTAGGACAGCT-1","E_6wpi","Microglia 1",-0.86612792531302,"Homeostatic"
"F-13_AGCTTGATCACAATGC-1","E_6wpi","Microglia 1",-2.17191274615128,"Homeostatic"
"F-13_AGGGAGTAGCTGCGAA-1","E_6wpi","Activated Microglia B",0.574816954637012,"DAM-like"
"F-13_AGGGTGAAGAAGCCCA-1","E_6wpi","Microglia 1",-1.55614599704697,"Homeostatic"
"F-13_AGGTCATGTCCGAACC-1","E_6wpi","Microglia 1",-1.75190795678,"Homeostatic"
"F-13_AGGTCCGCAGACAAGC-1","E_6wpi","Microglia 1",-0.989405664697584,"Homeostatic"
"F-13_AGGTCCGTCGGTTAAC-1","E_6wpi","Microglia 3",-0.503066039583377,"Intermediate"
"F-13_AGTGAGGGTTGAGTTC-1","E_6wpi","Activated Microglia A",0.319689197270555,"DAM-like"
"F-13_AGTGGGAAGCTAGGCA-1","E_6wpi","Activated Microglia A",2.30323155141225,"DAM-like"
"F-13_AGTGGGAGTAGATTAG-1","E_6wpi","Activated Microglia A",1.18702767139641,"DAM-like"
"F-13_ATAACGCTCATCTGCC-1","E_6wpi","Microglia 2",-1.29702732892495,"Homeostatic"
"F-13_ATAAGAGGTTATTCTC-1","E_6wpi","Activated Microglia B",1.20409421303279,"DAM-like"
"F-13_ATAAGAGTCGTTTAGG-1","E_6wpi","Microglia 1",-1.42883572513563,"Homeostatic"
"F-13_ATCACGAGTGGTTTCA-1","E_6wpi","Microglia 1",-0.776638342834933,"Homeostatic"
"F-13_ATCATCTTCGGCGCAT-1","E_6wpi","Microglia 2",0.336930955637007,"DAM-like"
"F-13_ATCGAGTCACTTCGAA-1","E_6wpi","Microglia 1",-0.661466839808852,"Intermediate"
"F-13_ATCTGCCAGTAATCCC-1","E_6wpi","Microglia 3",-0.10560497338235,"Intermediate"
"F-13_ATGTGTGTCCACGTGG-1","E_6wpi","Microglia 1",-0.865740805003464,"Homeostatic"
"F-13_ATTATCCTCTGCAGTA-1","E_6wpi","Microglia 3",-0.0215154445328403,"Intermediate"
"F-13_ATTCTACAGACAAGCC-1","E_6wpi","Activated Microglia B",1.46664272873021,"DAM-like"
"F-13_ATTGGACGTGTTGGGA-1","E_6wpi","Microglia 1",0.185681844837872,"Intermediate"
"F-13_ATTTCTGGTCTCTCGT-1","E_6wpi","Microglia 1",-1.70933802858266,"Homeostatic"
"F-13_CAACCAAAGCGTAATA-1","E_6wpi","Microglia 1",0.78598219160563,"DAM-like"
"F-13_CAACCTCCAGTCCTTC-1","E_6wpi","Microglia 1",-0.498392723664359,"Intermediate"
"F-13_CAACTAGGTTCGGGCT-1","E_6wpi","Activated Microglia A",0.558136356185714,"DAM-like"
"F-13_CAAGATCGTCTAGCGC-1","E_6wpi","Microglia 1",-1.21154492908908,"Homeostatic"
"F-13_CAAGATCTCCGAATGT-1","E_6wpi","Activated Microglia A",1.02366907861698,"DAM-like"
"F-13_CAAGGCCCAAACGCGA-1","E_6wpi","Microglia 2",-1.11298752448937,"Homeostatic"
"F-13_CAAGGCCGTCTCCACT-1","E_6wpi","Microglia 3",-0.127666302660103,"Intermediate"
"F-13_CAAGTTGGTGTCGCTG-1","E_6wpi","Microglia 1",-0.313741195732274,"Intermediate"
"F-13_CACAAACTCGAATCCA-1","E_6wpi","Microglia 1",-1.68496415909693,"Homeostatic"
"F-13_CACACAAGTGAGCGAT-1","E_6wpi","Activated Microglia B",0.0539757010997669,"Intermediate"
"F-13_CACACCTCAAGGCTCC-1","E_6wpi","Activated Microglia B",0.853069143985535,"DAM-like"
"F-13_CACACCTCACTATCTT-1","E_6wpi","Microglia 3",-0.434524817309365,"Intermediate"
"F-13_CACACTCGTCCGCTGA-1","E_6wpi","Microglia 3",-0.106138432758786,"Intermediate"
"F-13_CACAGGCGTAATAGCA-1","E_6wpi","Activated Microglia B",0.116261483293581,"Intermediate"
"F-13_CACATTTGTTTGTGTG-1","E_6wpi","Activated Microglia B",0.714943273530852,"DAM-like"
"F-13_CACCACTCAGCCTTTC-1","E_6wpi","Microglia 3",-0.892782170359486,"Homeostatic"
"F-13_CACCACTTCCGTCATC-1","E_6wpi","Activated Microglia A",0.284205515482263,"DAM-like"
"F-13_CAGAATCCAGGTGCCT-1","E_6wpi","Microglia 1",-0.22535933035241,"Intermediate"
"F-13_CAGATCACAGTTTACG-1","E_6wpi","Microglia 3",-1.83501920872915,"Homeostatic"
"F-13_CAGATCAGTACAGTGG-1","E_6wpi","Microglia 1",-2.16288674591656,"Homeostatic"
"F-13_CAGCATACAAGGACTG-1","E_6wpi","Activated Microglia A",-0.706462924444696,"Intermediate"
"F-13_CAGCCGACAGCCTTGG-1","E_6wpi","Activated Microglia A",2.33859264164668,"DAM-like"
"F-13_CAGTCCTTCAGCTGGC-1","E_6wpi","Activated Microglia A",0.279233553236022,"DAM-like"
"F-13_CAGTCCTTCTAACTTC-1","E_6wpi","Microglia 1",0.0539266862505077,"Intermediate"
"F-13_CATATTCAGCAGGTCA-1","E_6wpi","Microglia 1",0.071492063149853,"Intermediate"
"F-13_CATCCACCATGCATGT-1","E_6wpi","Microglia 3",0.09461503170771,"Intermediate"
"F-13_CATGGCGTCCGGGTGT-1","E_6wpi","Microglia 2",0.305729502769629,"DAM-like"
"F-13_CCACTACGTAGAAAGG-1","E_6wpi","Activated Microglia B",1.1281824714397,"DAM-like"
"F-13_CCAGCGAGTAAATGAC-1","E_6wpi","Microglia 1",-1.67629946571495,"Homeostatic"
"F-13_CCATTCGGTTGAACTC-1","E_6wpi","Activated Microglia A",0.93281506038202,"DAM-like"
"F-13_CCCAGTTGTTACGCGC-1","E_6wpi","Activated Microglia B",-0.884634014059509,"Homeostatic"
"F-13_CCCATACTCGACGGAA-1","E_6wpi","Microglia 3",-1.02317423980346,"Homeostatic"
"F-13_CCGGTAGTCGGTCTAA-1","E_6wpi","Activated Microglia A",0.683170639640535,"DAM-like"
"F-13_CCGTACTTCAGCGACC-1","E_6wpi","Activated Microglia B",0.132527527650374,"Intermediate"
"F-13_CCGTGGATCGGCATCG-1","E_6wpi","Activated Microglia A",0.37566144797025,"DAM-like"
"F-13_CCTAAAGCACATGTGT-1","E_6wpi","Activated Microglia A",0.877647463337419,"DAM-like"
"F-13_CCTACACAGCCAGTTT-1","E_6wpi","Microglia 3",-0.368584965833966,"Intermediate"
"F-13_CCTACACGTCTCCATC-1","E_6wpi","Activated Microglia A",0.68041200655111,"DAM-like"
"F-13_CCTAGCTAGTGGTCCC-1","E_6wpi","Microglia 3",0.361694415533894,"DAM-like"
"F-13_CCTATTATCGAGAGCA-1","E_6wpi","Microglia 1",-0.850069520612567,"Homeostatic"
"F-13_CCTCTGACACCGTTGG-1","E_6wpi","Activated Microglia A",0.36953415669555,"DAM-like"
"F-13_CCTCTGATCCTAGAAC-1","E_6wpi","Microglia 2",-0.737990007038376,"Homeostatic"
"F-13_CCTTTCTGTATTACCG-1","E_6wpi","Activated Microglia A",0.295267186250347,"DAM-like"
"F-13_CGAATGTAGACTAGAT-1","E_6wpi","Microglia 1",-1.05221628395594,"Homeostatic"
"F-13_CGATCGGAGGGATACC-1","E_6wpi","Activated Microglia A",0.819956070180512,"DAM-like"
"F-13_CGATGTAAGCGTTGCC-1","E_6wpi","Activated Microglia B",0.923869364813809,"DAM-like"
"F-13_CGATGTAGTCCGTTAA-1","E_6wpi","Activated Microglia A",0.420788375167484,"DAM-like"
"F-13_CGATTGAAGGCGACAT-1","E_6wpi","Microglia 1",-1.51702492359665,"Homeostatic"
"F-13_CGATTGATCTGACCTC-1","E_6wpi","Activated Microglia A",0.664609871950643,"DAM-like"
"F-13_CGCCAAGGTGAAGGCT-1","E_6wpi","Activated Microglia A",0.543821615873523,"DAM-like"
"F-13_CGCGGTAAGATGCCAG-1","E_6wpi","Activated Microglia B",-0.590296098216772,"Intermediate"
"F-13_CGCGGTAGTGAGCGAT-1","E_6wpi","Microglia 2",-0.75865200359711,"Homeostatic"
"F-13_CGCGGTATCGGCGGTT-1","E_6wpi","Activated Microglia A",0.606109307534006,"DAM-like"
"F-13_CGCGTTTAGTGGAGAA-1","E_6wpi","Activated Microglia A",0.904615164252865,"DAM-like"
"F-13_CGCTATCCAAGTTGTC-1","E_6wpi","Microglia 2",-1.76959206932072,"Homeostatic"
"F-13_CGCTGGAAGAATGTTG-1","E_6wpi","Activated Microglia A",1.30938625924865,"DAM-like"
"F-13_CGCTGGACAAGTTGTC-1","E_6wpi","Microglia 3",-0.99149194022252,"Homeostatic"
"F-13_CGCTTCAAGGGAACGG-1","E_6wpi","Activated Microglia A",-0.484564392745785,"Intermediate"
"F-13_CGCTTCAGTTATCGGT-1","E_6wpi","Microglia 2",-0.546349852100399,"Intermediate"
"F-13_CGGACGTAGGATGTAT-1","E_6wpi","Microglia 1",-0.700114340727087,"Intermediate"
"F-13_CGGACTGTCCAATGGT-1","E_6wpi","Microglia 1",-1.41108967047944,"Homeostatic"
"F-13_CGGAGCTGTTGATTGC-1","E_6wpi","Microglia 1",-1.12448967822826,"Homeostatic"
"F-13_CGGAGTCTCAACACCA-1","E_6wpi","Activated Microglia A",1.5588731624552,"DAM-like"
"F-13_CGTCTACAGTGTCCCG-1","E_6wpi","Activated Microglia A",0.2887711658796,"DAM-like"
"F-13_CGTTAGATCTCTGCTG-1","E_6wpi","Microglia 1",-0.854328829216666,"Homeostatic"
"F-13_CTAACTTCATTGCGGC-1","E_6wpi","Microglia 1",-0.556980255724439,"Intermediate"
"F-13_CTACACCAGTACGTAA-1","E_6wpi","Activated Microglia B",0.821358461042026,"DAM-like"
"F-13_CTAGAGTAGGGCTCTC-1","E_6wpi","Microglia 3",0.113321071424237,"Intermediate"
"F-13_CTAGCCTAGGTAGCTG-1","E_6wpi","Microglia 2",-1.35438903645631,"Homeostatic"
"F-13_CTCACACAGCGTCAAG-1","E_6wpi","Microglia 3",-1.47652089567084,"Homeostatic"
"F-13_CTCAGAAGTCTGGTCG-1","E_6wpi","Activated Microglia A",0.458687240736679,"DAM-like"
"F-13_CTCAGAAGTTACTGAC-1","E_6wpi","Activated Microglia B",0.548788766608591,"DAM-like"
"F-13_CTCGGAGCAGTATAAG-1","E_6wpi","Microglia 1",0.414761818394255,"DAM-like"
"F-13_CTCGGGAGTAGCACGA-1","E_6wpi","Microglia 1",-0.32954158889433,"Intermediate"
"F-13_CTCGTACCAGAGCCAA-1","E_6wpi","Microglia 1",-0.67856641729608,"Intermediate"
"F-13_CTCGTACGTCATTAGC-1","E_6wpi","Microglia 2",-1.54371818783321,"Homeostatic"
"F-13_CTCTAATCAAGGACTG-1","E_6wpi","Microglia 1",-0.533965317731191,"Intermediate"
"F-13_CTCTAATCACATCCGG-1","E_6wpi","Microglia 1",-0.934764418707063,"Homeostatic"
"F-13_CTCTACGCACATAACC-1","E_6wpi","Activated Microglia A",0.358647918943192,"DAM-like"
"F-13_CTCTACGGTCCAGTTA-1","E_6wpi","Activated Microglia A",0.708660962627279,"DAM-like"
"F-13_CTCTGGTCATATACCG-1","E_6wpi","Microglia 2",0.00248695189682824,"Intermediate"
"F-13_CTGCCTAGTCCGAAGA-1","E_6wpi","Activated Microglia B",1.45619132317125,"DAM-like"
"F-13_CTGCGGAAGCGTAGTG-1","E_6wpi","Microglia 1",-0.842597652504849,"Homeostatic"
"F-13_CTGCGGACATTACCTT-1","E_6wpi","Activated Microglia B",0.531914551039771,"DAM-like"
"F-13_CTGCGGAGTATATGAG-1","E_6wpi","Microglia 3",-2.18108344903247,"Homeostatic"
"F-13_CTGCGGATCACAGGCC-1","E_6wpi","Microglia 1",-1.59555402628409,"Homeostatic"
"F-13_CTGCTGTAGCAGATCG-1","E_6wpi","Activated Microglia A",-0.141440154372007,"Intermediate"
"F-13_CTGGTCTGTAAGTAGT-1","E_6wpi","Microglia 3",-0.943497938184459,"Homeostatic"
"F-13_CTGGTCTGTGCACCAC-1","E_6wpi","Activated Microglia A",-0.0506116754908358,"Intermediate"
"F-13_CTGTGCTTCTGCCCTA-1","E_6wpi","Microglia 2",-0.456926534370418,"Intermediate"
"F-13_CTTCTCTTCGGCGCTA-1","E_6wpi","Microglia 1",-1.40982729492592,"Homeostatic"
"F-13_CTTGGCTAGAGACGAA-1","E_6wpi","Microglia 1",0.329413322448537,"DAM-like"
"F-13_GAATGAATCGTTGACA-1","E_6wpi","Microglia 1",-0.106016940908753,"Intermediate"
"F-13_GACACGCAGGATTCGG-1","E_6wpi","Activated Microglia A",0.594273890690191,"DAM-like"
"F-13_GACGCGTGTTCACGGC-1","E_6wpi","Microglia 1",0.528838003287471,"DAM-like"
"F-13_GACGCGTTCCACGCAG-1","E_6wpi","Microglia 2",-1.07535584897495,"Homeostatic"
"F-13_GACGGCTCAGAAGCAC-1","E_6wpi","Microglia 3",-1.40799487349679,"Homeostatic"
"F-13_GACGGCTGTTTGACTG-1","E_6wpi","Microglia 3",-0.511700162246592,"Intermediate"
"F-13_GACGGCTTCTCAACTT-1","E_6wpi","Microglia 1",-0.873404954441238,"Homeostatic"
"F-13_GACGTGCTCGCAGGCT-1","E_6wpi","Microglia 2",0.104334563728366,"Intermediate"
"F-13_GACGTGCTCTGCTTGC-1","E_6wpi","Activated Microglia B",-0.381695378357829,"Intermediate"
"F-13_GACGTTAAGAAACGCC-1","E_6wpi","Microglia 3",-0.146489100880475,"Intermediate"
"F-13_GACGTTATCAATACCG-1","E_6wpi","Microglia 1",0.506519485375297,"DAM-like"
"F-13_GACTAACTCGCTGATA-1","E_6wpi","Activated Microglia A",0.595203310349675,"DAM-like"
"F-13_GACTACAGTTACGGAG-1","E_6wpi","Microglia 1",-1.72315431271119,"Homeostatic"
"F-13_GACTGCGAGGGCACTA-1","E_6wpi","Activated Microglia B",0.563593727478557,"DAM-like"
"F-13_GACTGCGTCAGCGATT-1","E_6wpi","Microglia 3",-0.833745684844492,"Homeostatic"
"F-13_GACTGCGTCTTCTGGC-1","E_6wpi","Microglia 1",-0.961096867607668,"Homeostatic"
"F-13_GAGTCCGGTATGGTTC-1","E_6wpi","Microglia 3",-0.941808872751802,"Homeostatic"
"F-13_GATCGTAGTCTCAACA-1","E_6wpi","Microglia 3",-0.489730939194033,"Intermediate"
"F-13_GATGAAATCATGGTCA-1","E_6wpi","Activated Microglia B",1.04318854336027,"DAM-like"
"F-13_GATGAGGGTCAAGCGA-1","E_6wpi","Microglia 3",-1.50354909344188,"Homeostatic"
"F-13_GATGCTAAGCTAGTCT-1","E_6wpi","Microglia 3",0.768886882621536,"DAM-like"
"F-13_GATGCTAGTCCGACGT-1","E_6wpi","Microglia 2",-0.167620604717029,"Intermediate"
"F-13_GATGCTATCCGCATCT-1","E_6wpi","Microglia 1",-1.17048757617575,"Homeostatic"
"F-13_GATTCAGTCTGAGTGT-1","E_6wpi","Microglia 1",-1.90694531993357,"Homeostatic"
"F-13_GCACATACACTGAAGG-1","E_6wpi","Activated Microglia B",1.50806296259448,"DAM-like"
"F-13_GCACATACAGATGAGC-1","E_6wpi","Microglia 1",-2.44139893415175,"Homeostatic"
"F-13_GCACTCTTCGCGTAGC-1","E_6wpi","Microglia 3",-1.84963082540269,"Homeostatic"
"F-13_GCAGCCAGTCTTCTCG-1","E_6wpi","Microglia 3",-0.546249341504748,"Intermediate"
"F-13_GCAGTTAAGGATGGAA-1","E_6wpi","Microglia 1",-1.05398196950581,"Homeostatic"
"F-13_GCAGTTAGTAGCGTCC-1","E_6wpi","Microglia 2",-0.389953707686273,"Intermediate"
"F-13_GCAGTTAGTCTAGCCG-1","E_6wpi","Microglia 3",0.195989369117451,"Intermediate"
"F-13_GCATACAAGATGAGAG-1","E_6wpi","Microglia 3",0.243837247621974,"DAM-like"
"F-13_GCATGTACAGGGTACA-1","E_6wpi","Microglia 3",-0.308658411518361,"Intermediate"
"F-13_GCGACCAAGACAGGCT-1","E_6wpi","Microglia 3",-0.862400081035584,"Homeostatic"
"F-13_GCGACCAGTTTAAGCC-1","E_6wpi","Activated Microglia A",2.23520239645915,"DAM-like"
"F-13_GCGCAGTAGCCTCGTG-1","E_6wpi","Microglia 2",-0.252972262738999,"Intermediate"
"F-13_GCGCCAACACCCTATC-1","E_6wpi","Microglia 2",0.669787372186217,"DAM-like"
"F-13_GCTGCAGGTGTCGCTG-1","E_6wpi","Activated Microglia A",1.06316403144804,"DAM-like"
"F-13_GCTGCTTGTATAGGTA-1","E_6wpi","Microglia 3",0.109483329611714,"Intermediate"
"F-13_GCTGGGTAGTACATGA-1","E_6wpi","Microglia 3",0.659239037585043,"DAM-like"
"F-13_GCTTCCAAGAAAGTGG-1","E_6wpi","Activated Microglia A",0.710817474289248,"DAM-like"
"F-13_GGAAAGCGTCACCTAA-1","E_6wpi","Microglia 1",-0.0671607218740766,"Intermediate"
"F-13_GGAAAGCGTCTAGAGG-1","E_6wpi","Activated Microglia A",0.273090163938559,"DAM-like"
"F-13_GGAACTTTCCAGTAGT-1","E_6wpi","Activated Microglia A",1.30324743023529,"DAM-like"
"F-13_GGAATAACATGGGACA-1","E_6wpi","Microglia 1",-0.156293891496356,"Intermediate"
"F-13_GGATGTTCAATAGAGT-1","E_6wpi","Microglia 3",-0.953536102299556,"Homeostatic"
"F-13_GGATTACGTGGTCTCG-1","E_6wpi","Activated Microglia A",1.42851852090128,"DAM-like"
"F-13_GGATTACTCACGATGT-1","E_6wpi","Microglia 3",-0.149117817042934,"Intermediate"
"F-13_GGCCGATTCGGTTCGG-1","E_6wpi","Microglia 3",-0.0574534617794564,"Intermediate"
"F-13_GGGAATGCACCTCGGA-1","E_6wpi","Microglia 3",0.377094533000592,"DAM-like"
"F-13_GGGATGAGTGCGGTAA-1","E_6wpi","Activated Microglia A",-0.184826105016501,"Intermediate"
"F-13_GGGCACTTCAAAGTAG-1","E_6wpi","Microglia 2",0.469503313197808,"DAM-like"
"F-13_GGGTCTGCACCCAGTG-1","E_6wpi","Microglia 3",-0.0332084702075139,"Intermediate"
"F-13_GGGTTGCTCCTTGACC-1","E_6wpi","Activated Microglia A",1.27912198728091,"DAM-like"
"F-13_GGTATTGGTACATCCA-1","E_6wpi","Microglia 3",0.26714026131194,"DAM-like"
"F-13_GGTGCGTAGGTTCCTA-1","E_6wpi","Microglia 3",0.750402395621764,"DAM-like"
"F-13_GGTGTTACAGCATGAG-1","E_6wpi","Microglia 1",-1.83985685060926,"Homeostatic"
"F-13_GTAACGTAGTTGAGTA-1","E_6wpi","Activated Microglia B",-0.296433182578268,"Intermediate"
"F-13_GTAACTGTCCGAAGAG-1","E_6wpi","Microglia 3",-1.17523353563184,"Homeostatic"
"F-13_GTACTTTAGTGGTAGC-1","E_6wpi","Microglia 1",-1.73412733195164,"Homeostatic"
"F-13_GTACTTTCACCAGGTC-1","E_6wpi","Microglia 3",1.33322561645173,"DAM-like"
"F-13_GTACTTTCAGTGGAGT-1","E_6wpi","Microglia 2",-0.113824521214753,"Intermediate"
"F-13_GTAGGCCGTAGCGTCC-1","E_6wpi","Microglia 3",-0.996656106632504,"Homeostatic"
"F-13_GTATCTTCACATGACT-1","E_6wpi","Activated Microglia A",0.728736172832124,"DAM-like"
"F-13_GTCACAACAGCTGTTA-1","E_6wpi","Microglia 3",0.229247508196995,"Intermediate"
"F-13_GTCACGGGTGTGCCTG-1","E_6wpi","Microglia 3",-0.806066645218578,"Homeostatic"
"F-13_GTCACGGTCACTATTC-1","E_6wpi","Activated Microglia B",1.3881459091462,"DAM-like"
"F-13_GTCCTCATCGCTTAGA-1","E_6wpi","Activated Microglia A",-0.520787796476666,"Intermediate"
"F-13_GTCGTAAAGCTAGCCC-1","E_6wpi","Microglia 3",-0.664052971021516,"Intermediate"
"F-13_GTGAAGGCATTCTCAT-1","E_6wpi","Activated Microglia A",0.292228113712597,"DAM-like"
"F-13_GTGCAGCAGTCTCGGC-1","E_6wpi","Microglia 1",-1.3892150256476,"Homeostatic"
"F-13_GTGCAGCGTCGCATCG-1","E_6wpi","Activated Microglia B",1.19592390927014,"DAM-like"
"F-13_GTGCTTCCAGACGCTC-1","E_6wpi","Microglia 3",0.545693138562994,"DAM-like"
"F-13_GTGCTTCTCGTACCGG-1","E_6wpi","Activated Microglia B",1.05929811421569,"DAM-like"
"F-13_GTGGGTCAGTAATCCC-1","E_6wpi","Activated Microglia B",0.443017155603981,"DAM-like"
"F-13_GTGGGTCTCTTTACAC-1","E_6wpi","Activated Microglia B",1.42515925836585,"DAM-like"
"F-13_GTGTTAGGTGATGATA-1","E_6wpi","Microglia 3",0.53484958685753,"DAM-like"
"F-13_GTTACAGCAGAGTGTG-1","E_6wpi","Microglia 2",-0.00431082117647796,"Intermediate"
"F-13_GTTACAGTCAGAAATG-1","E_6wpi","Activated Microglia A",1.36631635118801,"DAM-like"
"F-13_GTTACAGTCCGCGGTA-1","E_6wpi","Microglia 1",0.53413447263879,"DAM-like"
"F-13_GTTCGGGCAAGGCTCC-1","E_6wpi","Microglia 3",-1.17321581873556,"Homeostatic"
"F-13_GTTCGGGCACGACGAA-1","E_6wpi","Microglia 3",-0.575815658255004,"Intermediate"
"F-13_GTTTCTAAGCTAACAA-1","E_6wpi","Microglia 3",-0.297972141248779,"Intermediate"
"F-13_TAAACCGGTCTAGGTT-1","E_6wpi","Microglia 1",-0.907742067434258,"Homeostatic"
"F-13_TAAGCGTAGCGCCTTG-1","E_6wpi","Microglia 3",-1.9425886481989,"Homeostatic"
"F-13_TAAGCGTCATCTCGCT-1","E_6wpi","Activated Microglia A",-0.00309228035777975,"Intermediate"
"F-13_TACAGTGAGAGTTGGC-1","E_6wpi","Activated Microglia A",0.0653441200910507,"Intermediate"
"F-13_TACAGTGAGTTGAGAT-1","E_6wpi","Microglia 3",-0.103235212895216,"Intermediate"
"F-13_TACCTATTCCCAAGTA-1","E_6wpi","Activated Microglia B",1.12563318082474,"DAM-like"
"F-13_TACGGATAGATGTAAC-1","E_6wpi","Microglia 1",-1.01759081507232,"Homeostatic"
"F-13_TACGGATCATGCATGT-1","E_6wpi","Microglia 1",-0.371450238808939,"Intermediate"
"F-13_TACGGATTCCACGTGG-1","E_6wpi","Activated Microglia A",-0.211348068057148,"Intermediate"
"F-13_TACGGATTCGAATGCT-1","E_6wpi","Microglia 3",-1.84034609514582,"Homeostatic"
"F-13_TACGGGCGTCCGCTGA-1","E_6wpi","Activated Microglia B",0.958769725915477,"DAM-like"
"F-13_TACGGGCGTTCGGGCT-1","E_6wpi","Microglia 3",-0.0558774706014717,"Intermediate"
"F-13_TACTCATGTCAACATC-1","E_6wpi","Microglia 3",-0.437725532901787,"Intermediate"
"F-13_TACTCATTCCTCAATT-1","E_6wpi","Microglia 2",-0.186544595303452,"Intermediate"
"F-13_TACTCGCTCAGCTTAG-1","E_6wpi","Microglia 1",-1.638508607231,"Homeostatic"
"F-13_TAGACCAGTCGCGGTT-1","E_6wpi","Microglia 3",-0.186001156557023,"Intermediate"
"F-13_TATGCCCTCACGATGT-1","E_6wpi","Activated Microglia A",0.9578662813155,"DAM-like"
"F-13_TCACAAGAGGCTCTTA-1","E_6wpi","Microglia 1",-1.79233785395165,"Homeostatic"
"F-13_TCACAAGTCGGTCCGA-1","E_6wpi","Microglia 1",1.08399208133989,"DAM-like"
"F-13_TCAGATGAGCTGAACG-1","E_6wpi","Microglia 2",-0.0931220631002632,"Intermediate"
"F-13_TCAGATGCAACAACCT-1","E_6wpi","Microglia 1",-1.02158045347981,"Homeostatic"
"F-13_TCAGGTAAGTACGATA-1","E_6wpi","Activated Microglia B",1.0245642080376,"DAM-like"
"F-13_TCAGGTAGTGAGCGAT-1","E_6wpi","Microglia 2",-1.19385313066152,"Homeostatic"
"F-13_TCATTACTCACGATGT-1","E_6wpi","Activated Microglia B",0.326599000687889,"DAM-like"
"F-13_TCGCGTTGTGGCGAAT-1","E_6wpi","Microglia 3",-0.218696912880244,"Intermediate"
"F-13_TCGGGACCACGTGAGA-1","E_6wpi","Microglia 3",0.0936094662254432,"Intermediate"
"F-13_TCGGTAACATGCTGGC-1","E_6wpi","Microglia 1",-0.844377286399279,"Homeostatic"
"F-13_TCGTACCAGGGTTCCC-1","E_6wpi","Microglia 1",-0.692213043004476,"Intermediate"
"F-13_TCGTAGATCATGGTCA-1","E_6wpi","Microglia 1",0.346926641540798,"DAM-like"
"F-13_TCTCATAAGTTGTCGT-1","E_6wpi","Activated Microglia B",2.36156945606471,"DAM-like"
"F-13_TCTGGAAAGTTATCGC-1","E_6wpi","Activated Microglia A",1.0883522385712,"DAM-like"
"F-13_TCTTCGGGTAGAGTGC-1","E_6wpi","Microglia 1",-0.888430140606697,"Homeostatic"
"F-13_TCTTTCCGTTCTCATT-1","E_6wpi","Activated Microglia B",0.842421044544911,"DAM-like"
"F-13_TGACAACAGGCCATAG-1","E_6wpi","Microglia 1",-0.592397713969892,"Intermediate"
"F-13_TGAGAGGCAAGGTTTC-1","E_6wpi","Microglia 3",-0.435787599138175,"Intermediate"
"F-13_TGAGGGAGTCCGAACC-1","E_6wpi","Microglia 3",0.818315050478865,"DAM-like"
"F-13_TGATTTCGTCATCCCT-1","E_6wpi","Activated Microglia A",0.711291420261511,"DAM-like"
"F-13_TGCACCTCAGCTGGCT-1","E_6wpi","Microglia 2",-1.09301096463673,"Homeostatic"
"F-13_TGCCAAACAGCGTTCG-1","E_6wpi","Microglia 3",0.684166565062705,"DAM-like"
"F-13_TGCCAAATCCTCCTAG-1","E_6wpi","Microglia 2",-0.639602880280187,"Intermediate"
"F-13_TGCCCATGTGATGATA-1","E_6wpi","Microglia 1",-0.66457241538942,"Intermediate"
"F-13_TGCCCTAAGGCCGAAT-1","E_6wpi","Microglia 1",-1.77457071494916,"Homeostatic"
"F-13_TGCCCTAAGTGGGTTG-1","E_6wpi","Microglia 1",-0.826861408704549,"Homeostatic"
"F-13_TGCGGGTGTCTAAACC-1","E_6wpi","Microglia 3",0.628178845427543,"DAM-like"
"F-13_TGCGTGGCAGTCCTTC-1","E_6wpi","Microglia 3",0.188036072232832,"Intermediate"
"F-13_TGGACGCAGTCTCCTC-1","E_6wpi","Microglia 3",0.181343203041555,"Intermediate"
"F-13_TGGCGCATCCTATGTT-1","E_6wpi","Microglia 1",-0.65842242962883,"Intermediate"
"F-13_TGGTTAGTCATAACCG-1","E_6wpi","Microglia 3",-0.812671712364305,"Homeostatic"
"F-13_TGGTTCCGTAGGAGTC-1","E_6wpi","Activated Microglia A",1.55930880423732,"DAM-like"
"F-13_TGTCCCAAGGCCCTTG-1","E_6wpi","Microglia 2",-1.46542927943752,"Homeostatic"
"F-13_TGTGTTTCAAACTGTC-1","E_6wpi","Activated Microglia B",1.29549489215859,"DAM-like"
"F-13_TGTTCCGTCATGCTCC-1","E_6wpi","Microglia 2",0.145101891000301,"Intermediate"
"F-13_TTAACTCTCCAGTAGT-1","E_6wpi","Activated Microglia B",1.24934858297604,"DAM-like"
"F-13_TTAGGACTCTGCGGCA-1","E_6wpi","Microglia 1",-0.674196056561599,"Intermediate"
"F-13_TTAGGCAAGGTGCAAC-1","E_6wpi","Microglia 3",0.39309757815967,"DAM-like"
"F-13_TTAGTTCAGAACAATC-1","E_6wpi","Microglia 1",-1.05626640553896,"Homeostatic"
"F-13_TTAGTTCAGACCCACC-1","E_6wpi","Microglia 2",-0.620242824128113,"Intermediate"
"F-13_TTAGTTCAGAGGTTAT-1","E_6wpi","Microglia 3",-0.203499434345194,"Intermediate"
"F-13_TTATGCTCACAAGTAA-1","E_6wpi","Activated Microglia B",0.643181593685894,"DAM-like"
"F-13_TTCGGTCGTCAGAAGC-1","E_6wpi","Microglia 1",-0.975876686922085,"Homeostatic"
"F-13_TTCTACATCCGAATGT-1","E_6wpi","Microglia 1",-0.321539200975435,"Intermediate"
"F-13_TTCTCCTGTAAGTGGC-1","E_6wpi","Activated Microglia A",2.13808137372041,"DAM-like"
"F-13_TTCTTAGGTGAGCGAT-1","E_6wpi","Activated Microglia B",1.84427378753305,"DAM-like"
"F-13_TTGAACGGTAAATGAC-1","E_6wpi","Microglia 2",-0.533868836764526,"Intermediate"
"F-13_TTGACTTCATCTCGCT-1","E_6wpi","Microglia 3",-0.690555469740553,"Intermediate"
"F-13_TTGACTTGTGGTAACG-1","E_6wpi","Activated Microglia B",1.20470284855269,"DAM-like"
"F-13_TTGACTTTCAAAGACA-1","E_6wpi","Activated Microglia A",0.27677419813445,"DAM-like"
"F-13_TTGCGTCTCAGAGACG-1","E_6wpi","Microglia 1",-0.999948755749066,"Homeostatic"
"F-13_TTTACTGGTTCCATGA-1","E_6wpi","Activated Microglia A",1.47088655148068,"DAM-like"
"F-13_TTTATGCCATAAGACA-1","E_6wpi","Microglia 3",-0.498744077610346,"Intermediate"
"F-13_TTTGGTTTCGGTCCGA-1","E_6wpi","Microglia 3",0.65578197667826,"DAM-like"
"F-14_AAACCTGAGCCAGAAC-1","E_6wpi","Microglia 3",0.495960675986591,"DAM-like"
"F-14_AAACGGGAGATACACA-1","E_6wpi","Microglia 3",0.56394208923227,"DAM-like"
"F-14_AAAGATGCAAAGGAAG-1","E_6wpi","Microglia 1",0.02046421909114,"Intermediate"
"F-14_AAAGCAAAGAGAACAG-1","E_6wpi","Activated Microglia A",0.842737766583414,"DAM-like"
"F-14_AAAGTAGTCGTTTATC-1","E_6wpi","Activated Microglia A",0.876182370639621,"DAM-like"
"F-14_AAATGCCTCGGCGGTT-1","E_6wpi","Microglia 3",-0.107830342015142,"Intermediate"
"F-14_AACCGCGCATCGGTTA-1","E_6wpi","Microglia 3",0.241166017461804,"DAM-like"
"F-14_AACTCAGTCAATAAGG-1","E_6wpi","Microglia 1",-1.59034479953923,"Homeostatic"
"F-14_AACTCCCAGGCAGTCA-1","E_6wpi","Activated Microglia A",0.190340808536267,"Intermediate"
"F-14_AACTCCCGTGCCTGCA-1","E_6wpi","Activated Microglia B",-0.250096253368396,"Intermediate"
"F-14_AACTGGTAGGGTCTCC-1","E_6wpi","Microglia 3",-0.179869633706538,"Intermediate"
"F-14_AAGACCTCATGGTCTA-1","E_6wpi","Microglia 1",-0.817104452097669,"Homeostatic"
"F-14_AAGCCGCAGCGTAGTG-1","E_6wpi","Activated Microglia A",0.193074354232752,"Intermediate"
"F-14_AAGCCGCTCTGCTGTC-1","E_6wpi","Microglia 3",0.0151318410746142,"Intermediate"
"F-14_AAGGAGCCACAGAGGT-1","E_6wpi","Activated Microglia A",1.58282541670475,"DAM-like"
"F-14_AAGGTTCGTCCATCCT-1","E_6wpi","Microglia 3",-0.525179914144641,"Intermediate"
"F-14_ACACCGGAGTTCCACA-1","E_6wpi","Microglia 1",-0.122629636802246,"Intermediate"
"F-14_ACACTGACAGTCGTGC-1","E_6wpi","Microglia 1",-1.90263351771359,"Homeostatic"
"F-14_ACAGCTACATCTCGCT-1","E_6wpi","Microglia 3",-0.191722715281044,"Intermediate"
"F-14_ACATACGAGGTGTGGT-1","E_6wpi","Microglia 3",1.09568316210203,"DAM-like"
"F-14_ACATGGTTCGTATCAG-1","E_6wpi","Microglia 3",0,"Intermediate"
"F-14_ACCCACTCAATGCCAT-1","E_6wpi","Microglia 3",-0.293535750195398,"Intermediate"
"F-14_ACCTTTAGTATTACCG-1","E_6wpi","Microglia 2",-0.294516995866825,"Intermediate"
"F-14_ACGAGCCCACCTTGTC-1","E_6wpi","Microglia 3",0.150758984831166,"Intermediate"
"F-14_ACGAGCCCAGCCTGTG-1","E_6wpi","Activated Microglia B",-0.0712627440792675,"Intermediate"
"F-14_ACGATACAGCGTTCCG-1","E_6wpi","Activated Microglia A",-0.134983894850535,"Intermediate"
"F-14_ACGATACCAGTATAAG-1","E_6wpi","Activated Microglia A",0.261925947388717,"DAM-like"
"F-14_ACGCAGCTCTGATTCT-1","E_6wpi","Microglia 3",0.727972733399671,"DAM-like"
"F-14_ACGGGCTCATGTTCCC-1","E_6wpi","Microglia 3",0.29161532254833,"DAM-like"
"F-14_ACGGGTCAGCGTTCCG-1","E_6wpi","Microglia 2",-1.78580039092613,"Homeostatic"
"F-14_ACGGGTCGTTGTCTTT-1","E_6wpi","Microglia 3",-0.909323783054819,"Homeostatic"
"F-14_ACGTCAACAGTCAGAG-1","E_6wpi","Microglia 1",-1.5071786085314,"Homeostatic"
"F-14_ACGTCAAGTAAGTTCC-1","E_6wpi","Activated Microglia A",0.0510480046416775,"Intermediate"
"F-14_ACGTCAATCGAACTGT-1","E_6wpi","Activated Microglia B",0.33094933587595,"DAM-like"
"F-14_ACGTCAATCTCTGAGA-1","E_6wpi","Activated Microglia A",0.111464059124223,"Intermediate"
"F-14_ACTGAACGTTAGATGA-1","E_6wpi","Microglia 3",-0.0188270345342887,"Intermediate"
"F-14_ACTGAGTAGCTTATCG-1","E_6wpi","Microglia 3",-0.0147908623007085,"Intermediate"
"F-14_ACTTGTTGTATAATGG-1","E_6wpi","Microglia 3",-0.57285791576125,"Intermediate"
"F-14_AGACGTTCACCAACCG-1","E_6wpi","Microglia 1",-0.995098950895355,"Homeostatic"
"F-14_AGAGCTTCATTGGCGC-1","E_6wpi","Activated Microglia A",1.22515358586303,"DAM-like"
"F-14_AGAGTGGAGCCACGTC-1","E_6wpi","Activated Microglia B",-0.711618614092412,"Homeostatic"
"F-14_AGCTCCTTCTTGTCAT-1","E_6wpi","Microglia 3",-1.32239544695084,"Homeostatic"
"F-14_AGGCCGTAGCTAGTGG-1","E_6wpi","Activated Microglia A",0.373013082555911,"DAM-like"
"F-14_AGGGAGTCAAACCCAT-1","E_6wpi","Microglia 3",-0.224876421219998,"Intermediate"
"F-14_AGTTGGTCATTACGAC-1","E_6wpi","Microglia 3",-0.455412773001607,"Intermediate"
"F-14_ATAGACCCACAGACTT-1","E_6wpi","Microglia 3",0.558673070712884,"DAM-like"
"F-14_ATCACGAAGGGAAACA-1","E_6wpi","Activated Microglia A",0.180138773149431,"Intermediate"
"F-14_ATCACGAGTACGCACC-1","E_6wpi","Activated Microglia B",-0.779972816688624,"Homeostatic"
"F-14_ATCCGAAGTTACGACT-1","E_6wpi","Activated Microglia A",1.41961365094872,"DAM-like"
"F-14_ATCTACTTCTCTAGGA-1","E_6wpi","Microglia 3",-0.173396465201517,"Intermediate"
"F-14_ATCTGCCCATGCCACG-1","E_6wpi","Microglia 3",1.08102254911079,"DAM-like"
"F-14_ATGCGATCACCTGGTG-1","E_6wpi","Microglia 3",-0.654016171795132,"Intermediate"
"F-14_ATGCGATTCCTCCTAG-1","E_6wpi","Microglia 3",0.75787988309609,"DAM-like"
"F-14_ATGGGAGAGCCTCGTG-1","E_6wpi","Microglia 2",0.644367471236457,"DAM-like"
"F-14_ATTACTCAGCGGATCA-1","E_6wpi","Microglia 2",0.0728849293649692,"Intermediate"
"F-14_ATTACTCCAAGGTTCT-1","E_6wpi","Activated Microglia A",1.02493682478193,"DAM-like"
"F-14_ATTATCCTCAACCAAC-1","E_6wpi","Microglia 3",1.38954245274688,"DAM-like"
"F-14_ATTCTACTCCCACTTG-1","E_6wpi","Microglia 3",-0.319997239652443,"Intermediate"
"F-14_ATTGGACTCGGAATCT-1","E_6wpi","Microglia 1",-1.00960777527485,"Homeostatic"
"F-14_ATTTCTGGTCTTCTCG-1","E_6wpi","Activated Microglia A",0.391528175100287,"DAM-like"
"F-14_CAACCAACAAGAGGCT-1","E_6wpi","Microglia 3",-0.554347150007426,"Intermediate"
"F-14_CAACCAAGTATATCCG-1","E_6wpi","Activated Microglia A",-0.229120431695067,"Intermediate"
"F-14_CAACCAAGTGCAGTAG-1","E_6wpi","Microglia 3",-0.264352134005874,"Intermediate"
"F-14_CAAGATCTCCTATTCA-1","E_6wpi","Microglia 3",0.285722542250147,"DAM-like"
"F-14_CACACCTAGAAACGCC-1","E_6wpi","Microglia 2",-0.322469165502757,"Intermediate"
"F-14_CACACTCAGTTACGGG-1","E_6wpi","Microglia 2",0.618596599243154,"DAM-like"
"F-14_CACACTCCAGGTTTCA-1","E_6wpi","Microglia 3",-0.472924580840802,"Intermediate"
"F-14_CACACTCGTGGTGTAG-1","E_6wpi","Activated Microglia B",1.65451439423467,"DAM-like"
"F-14_CACAGGCCATATACCG-1","E_6wpi","Microglia 1",0.0430288147365175,"Intermediate"
"F-14_CACCACTAGCGTTGCC-1","E_6wpi","Microglia 3",-0.992396375432488,"Homeostatic"
"F-14_CACCACTTCAGCGATT-1","E_6wpi","Microglia 1",-1.03450463784752,"Homeostatic"
"F-14_CACTCCAAGGTAGCTG-1","E_6wpi","Microglia 2",0.41914014244811,"DAM-like"
"F-14_CAGAATCCACAGACAG-1","E_6wpi","Microglia 3",-0.784346726508069,"Homeostatic"
"F-14_CAGCATACACCATCCT-1","E_6wpi","Activated Microglia A",1.68581281110534,"DAM-like"
"F-14_CAGCTAACAGGCGATA-1","E_6wpi","Microglia 3",-1.07330625289528,"Homeostatic"
"F-14_CAGGTGCAGACGACGT-1","E_6wpi","Microglia 1",-0.433992863496642,"Intermediate"
"F-14_CAGTCCTCAGAGTGTG-1","E_6wpi","Activated Microglia B",-0.491792282407801,"Intermediate"
"F-14_CATCCACTCAAGATCC-1","E_6wpi","Activated Microglia A",2.09740885538195,"DAM-like"
"F-14_CATCGAAGTCTGGAGA-1","E_6wpi","Microglia 1",-1.3874915331842,"Homeostatic"
"F-14_CATCGGGAGAGACTAT-1","E_6wpi","Microglia 1",-1.30330976568274,"Homeostatic"
"F-14_CATGACACACAGGCCT-1","E_6wpi","Microglia 1",-0.692200531703698,"Intermediate"
"F-14_CATGGCGGTCAAAGAT-1","E_6wpi","Microglia 3",-0.797421894225214,"Homeostatic"
"F-14_CATTATCGTATTCTCT-1","E_6wpi","Microglia 3",-0.516132269401602,"Intermediate"
"F-14_CATTCGCTCACTTACT-1","E_6wpi","Activated Microglia A",-0.00458657819259356,"Intermediate"
"F-14_CCACTACGTCGAACAG-1","E_6wpi","Microglia 1",-0.575964678211235,"Intermediate"
"F-14_CCAGCGACAGGCGATA-1","E_6wpi","Microglia 1",-2.10077885661805,"Homeostatic"
"F-14_CCATGTCTCATCACCC-1","E_6wpi","Microglia 1",-1.10231495620268,"Homeostatic"
"F-14_CCCAATCCACAACGTT-1","E_6wpi","Microglia 1",0.878197030829579,"DAM-like"
"F-14_CCCAGTTGTCCCTACT-1","E_6wpi","Microglia 1",-0.955477587059194,"Homeostatic"
"F-14_CCCAGTTTCGGGAGTA-1","E_6wpi","Activated Microglia A",1.81948043064342,"DAM-like"
"F-14_CCCTCCTCATCGGGTC-1","E_6wpi","Microglia 1",0.0930094592797678,"Intermediate"
"F-14_CCCTCCTGTGGGTATG-1","E_6wpi","Microglia 3",-0.44972036310915,"Intermediate"
"F-14_CCGTGGATCGGCGCTA-1","E_6wpi","Microglia 3",-0.101956792934227,"Intermediate"
"F-14_CCTACACCAAGCTGTT-1","E_6wpi","Microglia 3",0.0959915513236503,"Intermediate"
"F-14_CCTCTGAGTCTCGTTC-1","E_6wpi","Activated Microglia B",1.02757550335213,"DAM-like"
"F-14_CCTTACGCAATTGCTG-1","E_6wpi","Activated Microglia A",1.18663796365685,"DAM-like"
"F-14_CCTTACGTCAGTTTGG-1","E_6wpi","Microglia 3",0.640294336142602,"DAM-like"
"F-14_CCTTACGTCCGGGTGT-1","E_6wpi","Microglia 3",-0.319748378441155,"Intermediate"
"F-14_CCTTACGTCGATCCCT-1","E_6wpi","Microglia 3",-0.230630186614882,"Intermediate"
"F-14_CCTTCCCGTCAAGCGA-1","E_6wpi","Activated Microglia A",-0.601582968327299,"Intermediate"
"F-14_CGAACATCATCGGACC-1","E_6wpi","Activated Microglia A",0.788187242591512,"DAM-like"
"F-14_CGACCTTCACGAGAGT-1","E_6wpi","Activated Microglia B",1.17822873340294,"DAM-like"
"F-14_CGACTTCTCCAAGCCG-1","E_6wpi","Microglia 1",0.283061549583069,"DAM-like"
"F-14_CGAGAAGTCTTAACCT-1","E_6wpi","Microglia 3",-0.227509840239995,"Intermediate"
"F-14_CGATTGAGTAGTACCT-1","E_6wpi","Microglia 1",-0.972704290606894,"Homeostatic"
"F-14_CGATTGATCCTTAATC-1","E_6wpi","Microglia 1",-0.726447533600107,"Homeostatic"
"F-14_CGCTATCAGAACTCGG-1","E_6wpi","Microglia 1",0.235312608650594,"DAM-like"
"F-14_CGCTATCAGTCGATAA-1","E_6wpi","Microglia 3",-0.499140019968477,"Intermediate"
"F-14_CGCTATCCAAGGTTCT-1","E_6wpi","Activated Microglia A",0.825154931082711,"DAM-like"
"F-14_CGGACACGTAGCGTAG-1","E_6wpi","Activated Microglia B",0.202531944748768,"Intermediate"
"F-14_CGGACACGTGGCCCTA-1","E_6wpi","Activated Microglia B",1.00168927697044,"DAM-like"
"F-14_CGGACTGAGAATTGTG-1","E_6wpi","Microglia 3",-1.29021748978139,"Homeostatic"
"F-14_CGGACTGTCCTAGGGC-1","E_6wpi","Microglia 1",-0.00997700273906332,"Intermediate"
"F-14_CGGAGTCCAAGTTAAG-1","E_6wpi","Microglia 3",-0.944537418501834,"Homeostatic"
"F-14_CGGAGTCTCTGGCGTG-1","E_6wpi","Microglia 1",-1.24703924142594,"Homeostatic"
"F-14_CGTAGCGAGCTGTTCA-1","E_6wpi","Microglia 3",0.325612040089711,"DAM-like"
"F-14_CGTAGGCCAGGGCATA-1","E_6wpi","Microglia 1",-0.208379474528153,"Intermediate"
"F-14_CGTCACTGTACTTAGC-1","E_6wpi","Microglia 3",-1.40176872309297,"Homeostatic"
"F-14_CGTCCATCAATGTTGC-1","E_6wpi","Microglia 3",-1.03245679211539,"Homeostatic"
"F-14_CGTGTAACAAGGTTCT-1","E_6wpi","Microglia 1",-1.60834031592921,"Homeostatic"
"F-14_CGTGTAAGTTGATTGC-1","E_6wpi","Microglia 1",-1.07689335882081,"Homeostatic"
"F-14_CTAACTTTCTGATACG-1","E_6wpi","Microglia 3",-0.193819953173268,"Intermediate"
"F-14_CTAATGGAGCCATCGC-1","E_6wpi","Microglia 1",-1.90375508139213,"Homeostatic"
"F-14_CTACACCAGGCAGTCA-1","E_6wpi","Microglia 1",-0.68820612590103,"Intermediate"
"F-14_CTACACCTCGAATCCA-1","E_6wpi","Microglia 1",-1.3330073048699,"Homeostatic"
"F-14_CTACGTCAGTCGAGTG-1","E_6wpi","Microglia 1",-0.327803636143612,"Intermediate"
"F-14_CTAGAGTGTAGCGCTC-1","E_6wpi","Microglia 3",0.639964138511499,"DAM-like"
"F-14_CTAGTGACATCTGGTA-1","E_6wpi","Activated Microglia A",0.968945018840965,"DAM-like"
"F-14_CTCACACCACTTCTGC-1","E_6wpi","Microglia 3",-0.307205890454081,"Intermediate"
"F-14_CTCATTAGTGACTCAT-1","E_6wpi","Microglia 3",-0.160466802677585,"Intermediate"
"F-14_CTCCTAGTCTTCGAGA-1","E_6wpi","Microglia 1",-1.0299281656544,"Homeostatic"
"F-14_CTCTAATCACCCATGG-1","E_6wpi","Microglia 3",-0.966128701502832,"Homeostatic"
"F-14_CTCTGGTAGCTGAACG-1","E_6wpi","Activated Microglia A",0.656597582440264,"DAM-like"
"F-14_CTGATAGCAAGCTGTT-1","E_6wpi","Microglia 1",-1.59535673638483,"Homeostatic"
"F-14_CTGATAGGTTGTGGAG-1","E_6wpi","Microglia 1",-1.17194338100632,"Homeostatic"
"F-14_CTGCCTAGTATATGGA-1","E_6wpi","Microglia 1",-1.34040444908293,"Homeostatic"
"F-14_CTGTGCTCATGACGGA-1","E_6wpi","Microglia 1",-0.171750190108816,"Intermediate"
"F-14_CTGTGCTGTTCGTCTC-1","E_6wpi","Microglia 3",-0.156870997772078,"Intermediate"
"F-14_CTGTTTACATGCAATC-1","E_6wpi","Microglia 3",-0.955005848358487,"Homeostatic"
"F-14_CTTAACTAGCCCAATT-1","E_6wpi","Microglia 3",0.580975576534581,"DAM-like"
"F-14_CTTAACTCATACTACG-1","E_6wpi","Microglia 3",-0.141747696803384,"Intermediate"
"F-14_CTTACCGCATTCTCAT-1","E_6wpi","Microglia 3",0.106236161048873,"Intermediate"
"F-14_CTTAGGAAGATATACG-1","E_6wpi","Microglia 3",-0.462238609535795,"Intermediate"
"F-14_CTTTGCGAGCGATTCT-1","E_6wpi","Microglia 1",-0.309786668112962,"Intermediate"
"F-14_CTTTGCGGTGAACCTT-1","E_6wpi","Microglia 2",-1.14816795325507,"Homeostatic"
"F-14_GAAATGACAAGCTGTT-1","E_6wpi","Microglia 2",0.206610803337338,"Intermediate"
"F-14_GAAATGATCAACACTG-1","E_6wpi","Microglia 3",-0.376233366163372,"Intermediate"
"F-14_GAACCTACACAACGCC-1","E_6wpi","Microglia 1",-0.348021772197424,"Intermediate"
"F-14_GAACCTACATAGACTC-1","E_6wpi","Microglia 3",0.361375026321055,"DAM-like"
"F-14_GAACGGAGTTGTCTTT-1","E_6wpi","Microglia 3",-0.131156564473795,"Intermediate"
"F-14_GAAGCAGCATGACGGA-1","E_6wpi","Activated Microglia B",0.984804089134093,"DAM-like"
"F-14_GAATGAATCGGCGGTT-1","E_6wpi","Microglia 3",0.78855128416844,"DAM-like"
"F-14_GACACGCCACCAGTTA-1","E_6wpi","Microglia 3",-1.13118345489033,"Homeostatic"
"F-14_GACCAATCATTTGCTT-1","E_6wpi","Microglia 2",-1.78207689642485,"Homeostatic"
"F-14_GACCTGGGTGAAGGCT-1","E_6wpi","Microglia 3",0.39391795775048,"DAM-like"
"F-14_GACGCGTGTTGTACAC-1","E_6wpi","Activated Microglia B",0.427130394196493,"DAM-like"
"F-14_GACGTGCCAGTTAACC-1","E_6wpi","Microglia 3",0.108507429615752,"Intermediate"
"F-14_GACGTGCGTCTTCAAG-1","E_6wpi","Microglia 1",0.0185309504266069,"Intermediate"
"F-14_GACTACACATCGATTG-1","E_6wpi","Microglia 2",-0.468945633873852,"Intermediate"
"F-14_GACTACAGTGCAGGTA-1","E_6wpi","Activated Microglia A",-0.416153251658035,"Intermediate"
"F-14_GACTGCGTCATTTGGG-1","E_6wpi","Microglia 1",-1.89159710155397,"Homeostatic"
"F-14_GACTGCGTCCAAAGTC-1","E_6wpi","Microglia 3",-0.0389185020026968,"Intermediate"
"F-14_GAGCAGATCACAAACC-1","E_6wpi","Microglia 2",-0.255959697825003,"Intermediate"
"F-14_GAGTCCGCAGTAAGAT-1","E_6wpi","Activated Microglia A",0.976844265741404,"DAM-like"
"F-14_GAGTCCGCATGATCCA-1","E_6wpi","Microglia 1",-0.0523435712344165,"Intermediate"
"F-14_GATCAGTCATCGGGTC-1","E_6wpi","Activated Microglia B",1.26356264487667,"DAM-like"
"F-14_GATCGATTCACCCGAG-1","E_6wpi","Microglia 1",-0.592015813316475,"Intermediate"
"F-14_GATCGCGAGCTGTCTA-1","E_6wpi","Microglia 3",-0.963003335718735,"Homeostatic"
"F-14_GATGAGGCATATACGC-1","E_6wpi","Activated Microglia A",-0.359928552022414,"Intermediate"
"F-14_GATGCTATCCGGCACA-1","E_6wpi","Microglia 3",-0.379460376980522,"Intermediate"
"F-14_GATTCAGGTAAGAGAG-1","E_6wpi","Microglia 1",-0.530153524552287,"Intermediate"
"F-14_GCAATCAAGCTACCGC-1","E_6wpi","Microglia 1",-1.94210624374543,"Homeostatic"
"F-14_GCAATCATCACGGTTA-1","E_6wpi","Microglia 1",0.806429692389852,"DAM-like"
"F-14_GCACTCTTCCCACTTG-1","E_6wpi","Microglia 3",-0.279445427133448,"Intermediate"
"F-14_GCAGCCAGTGCCTGCA-1","E_6wpi","Microglia 1",-0.721463072850918,"Homeostatic"
"F-14_GCATACAAGAGTGACC-1","E_6wpi","Microglia 3",-0.455141064270026,"Intermediate"
"F-14_GCATACACACCAGCAC-1","E_6wpi","Microglia 3",-0.419798068516516,"Intermediate"
"F-14_GCATGATAGCTCCTCT-1","E_6wpi","Activated Microglia B",0.455177018296542,"DAM-like"
"F-14_GCATGATAGTAGATGT-1","E_6wpi","Microglia 1",-0.320497047652433,"Intermediate"
"F-14_GCATGATCACCGGAAA-1","E_6wpi","Microglia 3",0.455976214357793,"DAM-like"
"F-14_GCATGCGAGGCGTACA-1","E_6wpi","Microglia 3",0.390470640711707,"DAM-like"
"F-14_GCATGCGTCTATCCCG-1","E_6wpi","Microglia 3",1.24077472889375,"DAM-like"
"F-14_GCGGGTTGTTCCACAA-1","E_6wpi","Microglia 1",-1.48139528341752,"Homeostatic"
"F-14_GCGGGTTTCAGTCAGT-1","E_6wpi","Microglia 2",-0.924128355003194,"Homeostatic"
"F-14_GCTCTGTGTTCTGTTT-1","E_6wpi","Activated Microglia A",0.037944730849134,"Intermediate"
"F-14_GCTGCAGGTACTCAAC-1","E_6wpi","Microglia 1",-0.313677585800668,"Intermediate"
"F-14_GCTGCAGTCTGGTTCC-1","E_6wpi","Activated Microglia B",1.83308742528137,"DAM-like"
"F-14_GCTGCGAAGCCAGGAT-1","E_6wpi","Activated Microglia A",1.26984647122165,"DAM-like"
"F-14_GCTTCCATCGTGGACC-1","E_6wpi","Microglia 3",0.665010114687266,"DAM-like"
"F-14_GCTTGAAAGTTGCAGG-1","E_6wpi","Microglia 1",0.980596302010616,"DAM-like"
"F-14_GGAACTTGTCCGACGT-1","E_6wpi","Microglia 2",0.108094653424351,"Intermediate"
"F-14_GGAATAAAGGGTCGAT-1","E_6wpi","Microglia 1",-2.42879712659885,"Homeostatic"
"F-14_GGAGCAAAGAGTAAGG-1","E_6wpi","Microglia 1",-0.449590115369464,"Intermediate"
"F-14_GGCAATTAGAAGGCCT-1","E_6wpi","Activated Microglia A",0.210034482304184,"Intermediate"
"F-14_GGCGACTAGGGAACGG-1","E_6wpi","Microglia 1",-2.32433659984161,"Homeostatic"
"F-14_GGCGACTAGTCAATAG-1","E_6wpi","Microglia 3",0.718635910966913,"DAM-like"
"F-14_GGCGACTTCGTGGACC-1","E_6wpi","Microglia 3",0.277234066373255,"DAM-like"
"F-14_GGCTCGAAGACAAGCC-1","E_6wpi","Microglia 3",0.0230658674576511,"Intermediate"
"F-14_GGGAATGCAGAGTGTG-1","E_6wpi","Microglia 1",-2.27366997040918,"Homeostatic"
"F-14_GGGACCTGTCTAGCCG-1","E_6wpi","Microglia 1",-0.72508454271876,"Homeostatic"
"F-14_GGGTCTGGTTCGTGAT-1","E_6wpi","Microglia 2",0.100771576923247,"Intermediate"
"F-14_GGGTTGCAGATGTTAG-1","E_6wpi","Microglia 1",0.107587851489236,"Intermediate"
"F-14_GGTGAAGCAGACACTT-1","E_6wpi","Microglia 1",-0.0967256487164305,"Intermediate"
"F-14_GGTGAAGTCTGAGTGT-1","E_6wpi","Activated Microglia A",0.889812389884971,"DAM-like"
"F-14_GGTGCGTAGAGGTACC-1","E_6wpi","Activated Microglia B",0.681101861334156,"DAM-like"
"F-14_GTAACTGCAGTATAAG-1","E_6wpi","Microglia 3",-0.177242288144817,"Intermediate"
"F-14_GTAACTGCATCACGTA-1","E_6wpi","Microglia 3",-0.0867050599749933,"Intermediate"
"F-14_GTACGTAAGTGTCCCG-1","E_6wpi","Microglia 1",0.873816454982854,"DAM-like"
"F-14_GTACGTACAACACGCC-1","E_6wpi","Microglia 1",-2.01595223592192,"Homeostatic"
"F-14_GTACTCCTCAACACAC-1","E_6wpi","Microglia 1",-0.570362641508108,"Intermediate"
"F-14_GTACTTTTCATGCTCC-1","E_6wpi","Microglia 1",-2.58674302854478,"Homeostatic"
"F-14_GTAGGCCAGACGCAAC-1","E_6wpi","Microglia 1",-0.846218492063841,"Homeostatic"
"F-14_GTAGTCATCACCTTAT-1","E_6wpi","Microglia 1",-1.03672918744252,"Homeostatic"
"F-14_GTATTCTGTAATTGGA-1","E_6wpi","Microglia 1",0.271512793288512,"DAM-like"
"F-14_GTCAAGTAGAATTCCC-1","E_6wpi","Microglia 3",-0.414942104455311,"Intermediate"
"F-14_GTCATTTGTGGTCCGT-1","E_6wpi","Activated Microglia B",0.365802697985524,"DAM-like"
"F-14_GTCGGGTTCTACTTAC-1","E_6wpi","Microglia 3",0.34844651427195,"DAM-like"
"F-14_GTCTCGTTCATTGCCC-1","E_6wpi","Microglia 2",0.662255701516681,"DAM-like"
"F-14_GTGAAGGCAATGAATG-1","E_6wpi","Activated Microglia A",0.252074278045564,"DAM-like"
"F-14_GTGCATAAGTACTTGC-1","E_6wpi","Activated Microglia A",0.577194541290917,"DAM-like"
"F-14_GTGCGGTGTTAAGACA-1","E_6wpi","Microglia 1",-0.646201246721495,"Intermediate"
"F-14_GTGGGTCCACTGTGTA-1","E_6wpi","Microglia 3",-0.499224002899963,"Intermediate"
"F-14_GTGTGCGGTTATTCTC-1","E_6wpi","Microglia 3",-0.550999966939983,"Intermediate"
"F-14_GTGTTAGAGTCGCCGT-1","E_6wpi","Microglia 3",0.359536064604277,"DAM-like"
"F-14_GTTAAGCAGGACAGCT-1","E_6wpi","Activated Microglia B",0.40428501250932,"DAM-like"
"F-14_GTTAAGCCACTAGTAC-1","E_6wpi","Microglia 1",-0.335164341674454,"Intermediate"
"F-14_GTTCTCGCATCTCCCA-1","E_6wpi","Microglia 1",-1.03061570848687,"Homeostatic"
"F-14_TAAACCGAGGCTAGGT-1","E_6wpi","Microglia 3",0.108037917284591,"Intermediate"
"F-14_TAAGAGAGTCATCGGC-1","E_6wpi","Activated Microglia A",0.455566194183355,"DAM-like"
"F-14_TAAGAGATCAACCATG-1","E_6wpi","Microglia 3",-0.33473926879612,"Intermediate"
"F-14_TAAGTGCAGTACGACG-1","E_6wpi","Activated Microglia B",0.827619006020446,"DAM-like"
"F-14_TAAGTGCCACCGGAAA-1","E_6wpi","Activated Microglia B",1.04105764321305,"DAM-like"
"F-14_TACGGATCAGGAATCG-1","E_6wpi","Activated Microglia B",1.76799074798739,"DAM-like"
"F-14_TACGGTAGTGTAATGA-1","E_6wpi","Activated Microglia A",1.09522755540164,"DAM-like"
"F-14_TACTCATCAAGGTTCT-1","E_6wpi","Activated Microglia A",0.413289810140839,"DAM-like"
"F-14_TACTTACAGCCACGTC-1","E_6wpi","Microglia 1",-1.50208017032391,"Homeostatic"
"F-14_TAGACCACAGTGACAG-1","E_6wpi","Activated Microglia A",0.97567484235835,"DAM-like"
"F-14_TAGTGGTCAGATCCAT-1","E_6wpi","Microglia 1",-0.575547081194079,"Intermediate"
"F-14_TAGTTGGTCCACGAAT-1","E_6wpi","Microglia 1",-0.601154195604578,"Intermediate"
"F-14_TATCAGGCACACTGCG-1","E_6wpi","Activated Microglia A",1.24802847345354,"DAM-like"
"F-14_TATCTCAAGCGTGAGT-1","E_6wpi","Microglia 3",-0.749005757854147,"Homeostatic"
"F-14_TATCTCACATGCGCAC-1","E_6wpi","Microglia 3",-0.0189568142559611,"Intermediate"
"F-14_TATGCCCCACGTAAGG-1","E_6wpi","Microglia 2",-1.3102727686217,"Homeostatic"
"F-14_TATGCCCGTTAAGAAC-1","E_6wpi","Microglia 1",-0.905174485424466,"Homeostatic"
"F-14_TCAACGAGTGCAGACA-1","E_6wpi","Microglia 1",-1.21898945544625,"Homeostatic"
"F-14_TCAACGATCTGAGGGA-1","E_6wpi","Microglia 3",-0.60461675942929,"Intermediate"
"F-14_TCAATCTAGAGTCTGG-1","E_6wpi","Activated Microglia B",0.316823228508027,"DAM-like"
"F-14_TCAATCTAGTTCGATC-1","E_6wpi","Microglia 3",-0.784418016917201,"Homeostatic"
"F-14_TCAGATGAGCGTTGCC-1","E_6wpi","Microglia 3",0.288101112758908,"DAM-like"
"F-14_TCAGGTACAATCACAC-1","E_6wpi","Microglia 3",-0.747891750922554,"Homeostatic"
"F-14_TCAGGTAGTAGCACGA-1","E_6wpi","Microglia 3",-0.602104101764149,"Intermediate"
"F-14_TCATTACCATCCCATC-1","E_6wpi","Microglia 1",-0.974044497304941,"Homeostatic"
"F-14_TCCACACCACCATGTA-1","E_6wpi","Microglia 3",-0.679634066845675,"Intermediate"
"F-14_TCCCGATAGATCGGGT-1","E_6wpi","Microglia 3",-1.24366110205258,"Homeostatic"
"F-14_TCCCGATTCTCAAGTG-1","E_6wpi","Activated Microglia B",1.56758707614006,"DAM-like"
"F-14_TCGCGAGAGCTATGCT-1","E_6wpi","Microglia 1",-1.67972028424115,"Homeostatic"
"F-14_TCGCGTTAGCATCATC-1","E_6wpi","Microglia 3",0.304357932649601,"DAM-like"
"F-14_TCGGTAAGTCATGCCG-1","E_6wpi","Microglia 1",0.109717462715095,"Intermediate"
"F-14_TCGTAGAGTCTTTCAT-1","E_6wpi","Activated Microglia A",0.207006649056389,"Intermediate"
"F-14_TCTCATAAGCTGATAA-1","E_6wpi","Activated Microglia B",2.07704171087705,"DAM-like"
"F-14_TCTCATAGTGTAATGA-1","E_6wpi","Activated Microglia A",0.813097817483207,"DAM-like"
"F-14_TCTGAGACACCAGGCT-1","E_6wpi","Microglia 3",-0.918612524819623,"Homeostatic"
"F-14_TCTTCGGAGACAATAC-1","E_6wpi","Microglia 2",-0.337886100270802,"Intermediate"
"F-14_TGACAACAGTCAAGCG-1","E_6wpi","Microglia 2",-0.654204121168152,"Intermediate"
"F-14_TGACTAGAGTGGACGT-1","E_6wpi","Microglia 3",-1.00142026937753,"Homeostatic"
"F-14_TGACTTTCATGACATC-1","E_6wpi","Activated Microglia A",1.71403559826641,"DAM-like"
"F-14_TGAGCATCATGTCGAT-1","E_6wpi","Microglia 3",-0.75875989068342,"Homeostatic"
"F-14_TGCACCTAGGGCTTCC-1","E_6wpi","Microglia 1",0.841338591110809,"DAM-like"
"F-14_TGCACCTTCCAGATCA-1","E_6wpi","Activated Microglia A",0.678724383382965,"DAM-like"
"F-14_TGCACCTTCGGACAAG-1","E_6wpi","Microglia 1",-0.00629632866867191,"Intermediate"
"F-14_TGCCAAACAGGCTCAC-1","E_6wpi","Microglia 1",-0.943495745987808,"Homeostatic"
"F-14_TGCCCATCAGTCGATT-1","E_6wpi","Microglia 1",0.970265255721359,"DAM-like"
"F-14_TGCCCATTCTTTACAC-1","E_6wpi","Microglia 3",-0.566576626975132,"Intermediate"
"F-14_TGCCCTAAGATGTGGC-1","E_6wpi","Microglia 2",-0.134442465199702,"Intermediate"
"F-14_TGCGCAGTCCTCAATT-1","E_6wpi","Activated Microglia B",1.0240239157355,"DAM-like"
"F-14_TGCTACCGTCGCATAT-1","E_6wpi","Microglia 1",-0.647810514717323,"Intermediate"
"F-14_TGCTGCTTCATAAAGG-1","E_6wpi","Activated Microglia A",-0.992069714154937,"Homeostatic"
"F-14_TGGACGCAGTGGAGTC-1","E_6wpi","Microglia 1",-1.28082260394906,"Homeostatic"
"F-14_TGGCCAGTCGCATGAT-1","E_6wpi","Microglia 2",-0.0539100860144821,"Intermediate"
"F-14_TGGCGCAAGTACTTGC-1","E_6wpi","Activated Microglia A",1.25862576031076,"DAM-like"
"F-14_TGGCGCAAGTTATCGC-1","E_6wpi","Microglia 3",0.07105095625438,"Intermediate"
"F-14_TGGCTGGCATTCTTAC-1","E_6wpi","Microglia 3",-1.26593673162303,"Homeostatic"
"F-14_TTAGTTCGTGTTCGAT-1","E_6wpi","Activated Microglia B",1.10349936485172,"DAM-like"
"F-14_TTCTACAAGCACCGCT-1","E_6wpi","Microglia 1",-0.484924092266171,"Intermediate"
"F-14_TTCTTAGGTTCCGTCT-1","E_6wpi","Microglia 3",-0.814571193308891,"Homeostatic"
"F-14_TTCTTAGTCATCGCTC-1","E_6wpi","Microglia 1",-2.41982876738047,"Homeostatic"
"F-14_TTGGAACTCTGGTATG-1","E_6wpi","Microglia 1",-0.840220983411189,"Homeostatic"
"F-14_TTGGCAAAGACAGAGA-1","E_6wpi","Microglia 1",0.618179806972202,"DAM-like"
"F-14_TTGGCAACACCAGCAC-1","E_6wpi","Microglia 3",-0.941912033030574,"Homeostatic"
"F-14_TTTACTGTCTTGTATC-1","E_6wpi","Microglia 2",-0.0261822639921501,"Intermediate"
"F-14_TTTATGCAGAGGGCTT-1","E_6wpi","Activated Microglia B",0.50995998009222,"DAM-like"
"F-14_TTTCCTCAGATGTGGC-1","E_6wpi","Microglia 2",0.117457229813036,"Intermediate"
"F-14_TTTGCGCAGGCTATCT-1","E_6wpi","Microglia 3",1.11692443596405,"DAM-like"
"F-14_TTTGGTTGTGATGCCC-1","E_6wpi","Microglia 2",-1.0516737324596,"Homeostatic"
"F-14_TTTGTCACACACAGAG-1","E_6wpi","Microglia 1",-0.841687552566043,"Homeostatic"
