cell,condition,Scn9a
CON1_AAACCGGCAGAGGGAG-1,CON,1.6008534864559976
CON1_AAACGCGCAGCTAACC-1,CON,0.0
CON1_AAACGTACATGCTATG-1,CON,0.9595667911472827
CON1_AAAGCACCAAGATTCT-1,CON,0.6574388189998858
CON1_AAAGCTTGTTGGATAT-1,CON,0.7402651035370152
CON1_AAAGGAGCAAACTGTT-1,CON,0.0
CON1_AAAGGCTCAGCATGGA-1,CON,1.4807975583579642
CON1_AAATGCCTCCTCCATA-1,CON,0.5616753215312447
CON1_AAATGCCTCGCACACA-1,CON,0.0
CON1_AAATGGCCAGCTCATA-1,CON,0.7959496827637238
CON1_AAATGGCCAGGACCAA-1,CON,0.0
CON1_AAATGGCCATGTGGGA-1,CON,1.4494212740167252
CON1_AACAAGCCAATATAGG-1,CON,1.2795873029867952
CON1_AACATCATCTTAGTGA-1,CON,2.667563271085006
CON1_AACATTGTCGCAACAT-1,CON,0.0
CON1_AACCGCTCAATAGCAA-1,CON,0.0
CON1_AACCTAATCGCAGGCT-1,CON,0.999187947053753
CON1_AACCTTAAGAAACTGG-1,CON,0.0
CON1_AACCTTGCACAGAACG-1,CON,1.1682735612427404
CON1_AACGACAAGACAACGA-1,CON,0.8985022355874169
CON1_AACGCCCAGATAAAGC-1,CON,0.0
CON1_AACGGTAAGGAACGCG-1,CON,1.035974644079836
CON1_AACTACTCAATTGAAG-1,CON,0.0
CON1_AACTAGTGTGTTGCTT-1,CON,0.7248376680265018
CON1_AACTAGTGTTCAAGCA-1,CON,0.0
CON1_AAGAATCAGAATCTCA-1,CON,1.422296704377104
CON1_AAGAATCAGGCATTGT-1,CON,0.0
CON1_AAGACATAGTGTTGCG-1,CON,0.9795809692395991
CON1_AAGCATGAGAGGGACT-1,CON,0.5015347953541966
CON1_AAGCCACGTACCGTAA-1,CON,0.0
CON1_AAGCCACGTTAGTGAT-1,CON,0.0
CON1_AAGCCTCCACTTACAG-1,CON,1.2407512364254225
CON1_AAGCGCTGTACTTCAC-1,CON,0.4647906688619292
CON1_AAGCGGGTCCAAGTTA-1,CON,0.0
CON1_AAGCTAGAGTAATCCA-1,CON,0.0
CON1_AAGCTATGTCCTAATC-1,CON,0.0
CON1_AAGCTATGTGCAATAT-1,CON,0.0
CON1_AAGCTCCCAGCTTAGC-1,CON,1.411075551592423
CON1_AAGGATGTCCTTAATC-1,CON,0.0
CON1_AAGGCCCTCTGTGAGT-1,CON,1.429115879262788
CON1_AAGGTCAAGGCTACAT-1,CON,0.0
CON1_AAGTAGCCATAAGTCT-1,CON,0.0
CON1_AAGTGTTGTTTGGGTA-1,CON,1.763975364650632
CON1_AAGTTACGTTATAGCG-1,CON,1.530091542684404
CON1_AAGTTAGCACAACCTA-1,CON,0.0
CON1_AAGTTAGCATTGCGGT-1,CON,0.4560320356369707
CON1_AATAGCTGTATTGGAT-1,CON,0.0
CON1_AATAGCTGTCCGCTGT-1,CON,0.0
CON1_AATCATCCATAGCAGG-1,CON,0.0
CON1_AATCATGTCGTTAAGC-1,CON,0.5532097517868411
CON1_AATCCGTAGGAGGACT-1,CON,1.4828782523661814
CON1_AATCGCCCATAGACTT-1,CON,0.6572820506920465
CON1_AATCTCAAGCTGTAAC-1,CON,0.0
CON1_AATGCAACAGCACCAT-1,CON,0.0
CON1_AATGCGCGTACCGTTT-1,CON,2.140551606825883
CON1_AATGTCATCTTACTCG-1,CON,0.0
CON1_AATTACCCACTAAGCC-1,CON,0.0
CON1_AATTAGGCAACTAGGG-1,CON,0.0
CON1_AATTAGGCATTCCTCG-1,CON,0.6582912003602036
CON1_AATTGCTCACTTGTTC-1,CON,0.0
CON1_AATTGGACAAGCGATG-1,CON,0.8744782633019988
CON1_AATTGGGAGCCTCTCG-1,CON,1.5910077012928596
CON1_AATTGTGTCATGCCTC-1,CON,0.0
CON1_AATTTCCTCATGTGGT-1,CON,0.0
CON1_AATTTCCTCGGTCAGC-1,CON,0.0
CON1_AATTTGCCAAGCTTTG-1,CON,1.3323446712005922
CON1_ACAACAGAGATTGAGG-1,CON,0.0
CON1_ACACCTTGTCGTAATG-1,CON,1.7553333354191345
CON1_ACAGCCGGTGCTAGAC-1,CON,1.6257418879119552
CON1_ACAGCCGGTTAAGGTT-1,CON,0.8937390955438582
CON1_ACAGGCTGTCACAGAC-1,CON,0.0
CON1_ACAGGTAAGGACACTT-1,CON,1.1223294897650395
CON1_ACAGTATGTTAACAGT-1,CON,1.4984248206508157
CON1_ACATAGCTCAGGTTTA-1,CON,0.0
CON1_ACATAGCTCTCCATAT-1,CON,0.0
CON1_ACATCATCACTCAACA-1,CON,0.0
CON1_ACATTAGTCGCAAACT-1,CON,1.0874710303038613
CON1_ACATTGCAGGAAACTG-1,CON,0.8638628352525046
CON1_ACCAAGTTCTTAGGAC-1,CON,0.0
CON1_ACCAGGGAGAGCCGCT-1,CON,1.2241426139958382
CON1_ACCATTAAGCACTTGG-1,CON,0.0
CON1_ACCCGCTGTAAACAAG-1,CON,0.0
CON1_ACCCGGTAGCAAGACA-1,CON,1.1129484822679738
CON1_ACCCGTAAGCTGCACA-1,CON,0.0
CON1_ACCCTGTTCAAAGGCA-1,CON,0.0
CON1_ACCCTGTTCTTGCAGG-1,CON,0.0
CON1_ACCGAAGCATGAGTTT-1,CON,0.8736643656295202
CON1_ACCGCAATCGCTAAAC-1,CON,0.0
CON1_ACCGGCTAGTACCGCA-1,CON,0.510319469990999
CON1_ACCGGTTCAAGTGTTT-1,CON,1.091463727646338
CON1_ACCTAAGGTACGATTG-1,CON,0.7956159812432863
CON1_ACCTGTTGTTCACCCA-1,CON,0.0
CON1_ACCTTCATCAAGGACA-1,CON,0.0
CON1_ACCTTCCAGTTATGTG-1,CON,0.9777494420099295
CON1_ACCTTGCTCACCAATA-1,CON,0.0
CON1_ACCTTGCTCGGTTAGT-1,CON,1.0440563627168862
CON1_ACGAATCTCCTGGTGA-1,CON,0.9829696983104999
CON1_ACGAATCTCTTACTCG-1,CON,0.0
CON1_ACGAATCTCTTAGTGA-1,CON,0.0
CON1_ACGACAAAGAGGAAGG-1,CON,0.0
CON1_ACGACAAAGCCTGACA-1,CON,0.0
CON1_ACGACTTAGCTATATG-1,CON,0.0
CON1_ACGAGTAAGAATGACG-1,CON,1.291338553071725
CON1_ACGATTCAGCATGACT-1,CON,0.0
CON1_ACGATTCAGGACCAGG-1,CON,0.900535418118104
CON1_ACGATTCAGGAGGGTT-1,CON,0.0
CON1_ACGATTCAGGGTCCAC-1,CON,0.0
CON1_ACGCAAGCACTAAATC-1,CON,0.0
CON1_ACGCACGGTGTTTGCT-1,CON,1.0545062360387463
CON1_ACGGTACGTCAGGCCA-1,CON,0.9821332041679274
CON1_ACGGTACGTCCCGGAA-1,CON,1.255717233286924
CON1_ACGTCAAGTAGCCTCC-1,CON,0.0
CON1_ACGTCAAGTCAAGTAT-1,CON,1.4226549782147389
CON1_ACGTTACAGGCGGGTA-1,CON,0.0
CON1_ACGTTGTAGGGATGCG-1,CON,0.836623073811867
CON1_ACTAACCAGTTGGCCA-1,CON,0.44782698520622166
CON1_ACTAATCCAATAACGA-1,CON,0.0
CON1_ACTATCCGTCCTTAGT-1,CON,0.0
CON1_ACTATCCGTCCTTTAA-1,CON,0.7510753196832799
CON1_ACTCACTGTTCCAGGG-1,CON,1.7401018133470099
CON1_ACTCAGTAGGCGGGTA-1,CON,0.6897149390230682
CON1_ACTGAAACATCGCTTT-1,CON,0.0
CON1_ACTTAGTCAAAGCTAA-1,CON,0.0
CON1_ACTTATCTCCTACCTA-1,CON,0.4337707365842312
CON1_ACTTATCTCGCCTGTT-1,CON,0.0
CON1_ACTTATGAGGTAACGA-1,CON,0.0
CON1_ACTTCGCTCCTGGCTT-1,CON,0.0
CON1_ACTTGAATCGATATTG-1,CON,0.0
CON1_ACTTGCACAACAGGAT-1,CON,0.648712019219263
CON1_ACTTGCACATAATCGT-1,CON,0.7535270326736779
CON1_ACTTGTAAGTCATGCG-1,CON,0.0
CON1_ACTTTGTTCGCCTGTT-1,CON,0.8594807521866812
CON1_AGAAACCCAATATGGA-1,CON,0.0
CON1_AGAAACTAGCCATCAG-1,CON,0.7925927705840463
CON1_AGAAAGGCACGGTACT-1,CON,0.0
CON1_AGAACCAAGTTAGGCT-1,CON,0.5151018929902327
CON1_AGAACCGCAGTTTCTC-1,CON,0.0
CON1_AGACACGCACAGAAAC-1,CON,0.7726204568200065
CON1_AGATGAAGTAGTTGGC-1,CON,1.7478656134437947
CON1_AGATGCTTCGAGGTGG-1,CON,1.818358287063873
CON1_AGCAACAAGGTGCGGA-1,CON,0.0
CON1_AGCAAGGGTTTCCTCC-1,CON,0.9056250174938244
CON1_AGCACTTAGTTTCCGC-1,CON,0.4408824528632303
CON1_AGCAGGTAGCACGATT-1,CON,0.0
CON1_AGCAGGTAGTTGTCAA-1,CON,1.431801872513667
CON1_AGCCGCTAGGATTGAG-1,CON,0.0
CON1_AGCCTAGTCACGAATC-1,CON,0.5935327751638129
CON1_AGCCTCCGTCTTTGAC-1,CON,1.6089580851627088
CON1_AGCCTCCGTGCCGCAA-1,CON,0.6224074651379439
CON1_AGCCTCCGTGTGTGGT-1,CON,0.0
CON1_AGCGCCTAGGTTTGCG-1,CON,0.5083314598748313
CON1_AGCGGACCACGCAACT-1,CON,0.9846648168338903
CON1_AGCGGATAGGACCTCA-1,CON,0.0
CON1_AGCGGATAGGCACAGG-1,CON,1.8722747650357288
CON1_AGCGTGCTCATGGTGT-1,CON,0.0
CON1_AGCTAAACACCAGCAT-1,CON,0.0
CON1_AGCTACGTCGCTATAA-1,CON,0.0
CON1_AGCTACGTCTTGAGGT-1,CON,1.9564190714564096
CON1_AGCTAGTTCGACCTGA-1,CON,1.1053777783912664
CON1_AGCTATATCCTAGTAA-1,CON,0.0
CON1_AGCTATATCTCACTAT-1,CON,1.2295089528564185
CON1_AGCTCATAGGAAGCAC-1,CON,0.0
CON1_AGCTTAATCTACTAAG-1,CON,1.6554610968023102
CON1_AGGAACCAGGAGCATA-1,CON,0.0
CON1_AGGACGTAGTAAGGGC-1,CON,0.0
CON1_AGGACTAAGGACCTGC-1,CON,1.7310961229939337
CON1_AGGATGTCAAGGTACG-1,CON,1.400331897980984
CON1_AGGCTAGCACAGGAAT-1,CON,1.2630357353173938
CON1_AGGGCCTTCCTCGATC-1,CON,1.2428959374193904
CON1_AGGTAACCAAACGGGC-1,CON,0.5945502537886097
CON1_AGGTACGCAGCACGAA-1,CON,0.8815449255933788
CON1_AGGTATTGTCATCCTG-1,CON,0.0
CON1_AGGTCCGGTTCCTGAT-1,CON,0.0
CON1_AGGTCTTAGCAAGGAC-1,CON,2.1616446673165726
CON1_AGGTCTTAGTTAGGCT-1,CON,1.4329852541289274
CON1_AGGTGAATCCGCCAAA-1,CON,1.8664766997424214
CON1_AGGTGAATCGGTTTGG-1,CON,1.6319733898869293
CON1_AGGTGAGGTAACTACG-1,CON,0.0
CON1_AGGTTGCGTTAACGGC-1,CON,1.6633880677375703
CON1_AGGTTTATCTTAGCCC-1,CON,1.0432420157735864
CON1_AGGTTTGGTTTAGTCC-1,CON,0.0
CON1_AGTAACGAGACTTACA-1,CON,1.508441390083318
CON1_AGTAAGTAGCCGCTTT-1,CON,0.0
CON1_AGTAATCGTCACGAAC-1,CON,0.598103031678168
CON1_AGTACGCGTCATAGAT-1,CON,0.0
CON1_AGTAGGATCATTGCAA-1,CON,1.4601498775498312
CON1_AGTCAAGAGGAAGTAT-1,CON,0.8872611803125616
CON1_AGTCAATGTGCTTAGA-1,CON,1.5221177915411757
CON1_AGTCAATGTTAAGCCA-1,CON,1.5642918939436574
CON1_AGTCAGGCAACTAGCC-1,CON,1.099012448737475
CON1_AGTCCTGAGTAGAGGC-1,CON,0.0
CON1_AGTCCTTGTACTTCAC-1,CON,0.0
CON1_AGTCCTTGTTAGTGAT-1,CON,1.319213101419748
CON1_AGTCGCATCAAACCGT-1,CON,0.8587615183698132
CON1_AGTCGCATCAGGAAGC-1,CON,0.7470682329171652
CON1_AGTCGCATCCTCATGC-1,CON,0.0
CON1_AGTGAACCATCTTGAG-1,CON,0.0
CON1_AGTTGCGTCAAGTGTC-1,CON,1.7152176656325857
CON1_AGTTGGCGTAATCGTG-1,CON,0.7299235954593166
CON1_AGTTTGCAGGTATTGC-1,CON,0.9860676096733152
CON1_ATAAGCCTCATTCATC-1,CON,1.2237189639568975
CON1_ATAGATGCACTGGCCA-1,CON,1.1762684633991556
CON1_ATAGGTACAGCAATAA-1,CON,0.7788510144134497
CON1_ATATGCTCAATTTAGC-1,CON,1.8171197976978837
CON1_ATATGCTCATCGTTCT-1,CON,0.5971097309677721
CON1_ATCAATCCACCTGCCT-1,CON,2.367449256817186
CON1_ATCACACAGCGCCTAA-1,CON,0.0
CON1_ATCACCCTCTGGCTTC-1,CON,0.0
CON1_ATCATGTCAATCCTGA-1,CON,0.5923381954591004
CON1_ATCCCGCGTGTTTCAC-1,CON,0.0
CON1_ATCCCGCGTTAACACG-1,CON,0.9527630444850879
CON1_ATCCGTGAGGACGTAA-1,CON,0.0
CON1_ATCCTGACAAGTGAAC-1,CON,0.0
CON1_ATCGCCCGTAGCCATA-1,CON,0.8119732954806115
CON1_ATCGCCCGTGGGTACT-1,CON,0.0
CON1_ATCTATGAGGACCTTG-1,CON,0.0
CON1_ATGAAGCCATTCCTGT-1,CON,0.36171300075467294
CON1_ATGAAGTAGCAAGATG-1,CON,0.0
CON1_ATGACAACACTATGGC-1,CON,0.7408964924965615
CON1_ATGAGCCGTCCACAAA-1,CON,0.0
CON1_ATGATGACACCTCAGG-1,CON,1.2148698469510832
CON1_ATGATGACATGGCCCA-1,CON,1.4549543693667613
CON1_ATGATGGAGGACGTAA-1,CON,0.0
CON1_ATGCAAACAGGTCCTG-1,CON,0.5667581327118218
CON1_ATGCAGGCATCCCGCT-1,CON,0.0
CON1_ATGCATTCAACTGGGA-1,CON,1.7416270177096815
CON1_ATGCCTGAGTGAACAG-1,CON,1.955467878289446
CON1_ATGCGATTCACAGGAA-1,CON,1.3137377071657355
CON1_ATGCGATTCCAACTGG-1,CON,0.0
CON1_ATGGACAAGACAAACG-1,CON,0.0
CON1_ATGGCCGGTACGGGTT-1,CON,0.0
CON1_ATGGCCGGTATACTGG-1,CON,1.3978420521481472
CON1_ATGGCCGGTGGATTCA-1,CON,0.0
CON1_ATGGCTAGTCTTACTA-1,CON,0.0
CON1_ATGGTCTAGTCAGGCC-1,CON,0.7791381806592482
CON1_ATGGTTATCACTCAAA-1,CON,0.0
CON1_ATGTAACGTTGGATAT-1,CON,1.241975758904518
CON1_ATGTAACGTTTGCAGA-1,CON,0.5508966566878956
CON1_ATGTCATCAGCAGGTA-1,CON,0.0
CON1_ATTACCCGTTAGCCAA-1,CON,1.0148363338282052
CON1_ATTACGTCATGAATAG-1,CON,0.973698103205898
CON1_ATTAGCGGTTACGCGG-1,CON,2.1680744823931666
CON1_ATTCAACCACCAAAGG-1,CON,0.6624283671710379
CON1_ATTCACTTCGTGCTAG-1,CON,1.9051295802962696
CON1_ATTCATGAGGTGTTAC-1,CON,0.0
CON1_ATTCATGAGTAAGTCC-1,CON,0.6692355129526452
CON1_ATTCCGGAGCCAGTAT-1,CON,0.0
CON1_ATTCCTCCACTGACTA-1,CON,0.0
CON1_ATTCGTTTCATTCATC-1,CON,0.669980121278411
CON1_ATTGACTCACAGAACG-1,CON,0.0
CON1_ATTGCAGGTCATTGTC-1,CON,0.0
CON1_ATTGCAGGTGGAAACG-1,CON,0.0
CON1_ATTGCAGGTTTAACCC-1,CON,0.0
CON1_ATTGCGCCACTCAACA-1,CON,0.0
CON1_ATTGTCCGTAGTTGGC-1,CON,1.239703805739743
CON1_ATTTGCAAGCTTCCCG-1,CON,0.0
CON1_ATTTGCGCAGTCTATG-1,CON,0.0
CON1_CAAACACTCAAGCGCC-1,CON,1.391718784265002
CON1_CAAACATGTATTTGCC-1,CON,1.1991296736593076
CON1_CAAACGCGTTGAGGTC-1,CON,0.0
CON1_CAAACTGGTCAAGTAT-1,CON,0.47392161385090614
CON1_CAAAGTGAGCTTGCTC-1,CON,2.100051521578665
CON1_CAAATCATCTTAGTCT-1,CON,0.7139259436614265
CON1_CAACAATGTCATGAGC-1,CON,2.1887364627134054
CON1_CAACAGGCAAACGCGA-1,CON,1.5833336504823672
CON1_CAACAGGCAACTGGCT-1,CON,0.8689753207848997
CON1_CAACTAATCCTCACAC-1,CON,0.0
CON1_CAACTAGGTTGAGGTC-1,CON,0.0
CON1_CAAGGGAGTTGTGACA-1,CON,0.0
CON1_CAAGGTTTCGCTTCTA-1,CON,0.0
CON1_CAAGTATGTTATCGAG-1,CON,1.1872676166689955
CON1_CAAGTTATCCTTAAGA-1,CON,0.0
CON1_CAATAGCTCAACCAAC-1,CON,1.1774793798720953
CON1_CAATAGCTCGCTTGCT-1,CON,1.423133003414777
CON1_CAATATGTCATTAGGC-1,CON,0.0
CON1_CAATATGTCTCAATGA-1,CON,0.863704098722563
CON1_CAATCCTGTCAGGCCA-1,CON,0.0
CON1_CAATGCCCAATTAGCT-1,CON,0.0
CON1_CAATGCCCATGTTGCA-1,CON,0.840761210276518
CON1_CAATGTCAGCTTGCTC-1,CON,0.0
CON1_CAATGTCAGGACGTAA-1,CON,1.4980651736318529
CON1_CACAAGCGTAACCAGC-1,CON,1.1309619780897207
CON1_CACAGGCTCATGCATA-1,CON,0.634903103628205
CON1_CACATAATCGCAATCG-1,CON,1.5851409794415223
CON1_CACCAACCAAGACTCC-1,CON,1.6359473019940785
CON1_CACCGGTAGCTAAAGG-1,CON,1.1098938142251003
CON1_CACTGACCATAGGCGA-1,CON,0.8852076368157666
CON1_CAGCATTAGCATTAGC-1,CON,1.5208030607552165
CON1_CAGCATTAGTCTCACC-1,CON,1.3211035409717198
CON1_CAGCCTTTCCCGAAGC-1,CON,0.9634087226593486
CON1_CAGCTATAGGTTTGCG-1,CON,0.0
CON1_CAGCTCAAGCGATAAG-1,CON,0.0
CON1_CAGGAAGGTACGGTAC-1,CON,1.7073595031223627
CON1_CAGGATGCATAAACCT-1,CON,0.8012615473673449
CON1_CAGGCTATCAGTTCCC-1,CON,0.0
CON1_CAGGTGGAGCATGTTA-1,CON,1.0454499165973181
CON1_CAGGTGGAGGGACGCA-1,CON,0.0
CON1_CAGGTGGAGTCATGCG-1,CON,0.0
CON1_CAGTACCCAGGCCAAA-1,CON,0.0
CON1_CATAATGTCTTGATGA-1,CON,0.7839249098569763
CON1_CATAGACTCATGGCCA-1,CON,0.37963056534712075
CON1_CATAGTCAGCCGCAAC-1,CON,0.8825406446400427
CON1_CATATCGCAGTCTAGC-1,CON,0.0
CON1_CATCAATCAGGCTTGT-1,CON,0.0
CON1_CATCCCAGTACTTAGG-1,CON,2.1235389233560933
CON1_CATCCTGGTGTTGCTT-1,CON,0.0
CON1_CATCCTTCATTGTTGG-1,CON,0.0
CON1_CATCGCTTCGCTATGG-1,CON,0.0
CON1_CATCGCTTCTGCAACG-1,CON,1.2671433771125726
CON1_CATGCAAGTGCATTAG-1,CON,0.7704004861459032
CON1_CATGCGCAGACTATTG-1,CON,0.7904809882698961
CON1_CATGGCGGTTGCAGTA-1,CON,1.500181023610934
CON1_CATTGTAAGCCTAATA-1,CON,0.0
CON1_CATTGTAAGTCAGTAC-1,CON,0.8149792004280321
CON1_CCAAACCCAATAACGA-1,CON,1.7583436018340293
CON1_CCAAATCAGGACCAGG-1,CON,0.0
CON1_CCAACATAGACTCGCA-1,CON,0.0
CON1_CCAACCAAGCTCCTTA-1,CON,1.2773437977385773
CON1_CCAACCAAGTAGGATG-1,CON,0.0
CON1_CCAACCAAGTCTATGA-1,CON,0.5163254758694654
CON1_CCAACCCGTCGTTACT-1,CON,0.0
CON1_CCAAGTTAGCGAGTAA-1,CON,0.6793869556114137
CON1_CCAATATCAGAAATGC-1,CON,1.4975260850106236
CON1_CCAGCTAAGGGCCACT-1,CON,0.6335306497945927
CON1_CCAGTTTGTCCCGGAA-1,CON,0.7102240807640485
CON1_CCATAAGGTGCACGCA-1,CON,1.0938352095198307
CON1_CCATCATGTCATCAAG-1,CON,0.0
CON1_CCATTATTCAGTTCCC-1,CON,0.6707731529417817
CON1_CCATTATTCATAACGC-1,CON,0.0
CON1_CCATTATTCGAAGTAG-1,CON,0.0
CON1_CCATTGTGTTGGCCGA-1,CON,0.0
CON1_CCCAAATAGCGCTCAA-1,CON,0.0
CON1_CCCATAACACAGCCAT-1,CON,1.5237439469869212
CON1_CCCGCAACATTATCCC-1,CON,0.8395637968417686
CON1_CCCGTTGTCTAGCGTG-1,CON,0.0
CON1_CCCTCACCAACTAGCC-1,CON,0.8793544906893075
CON1_CCCTCACCATTGTCAG-1,CON,0.0
CON1_CCCTCAGTCCGCCTCA-1,CON,0.9671323060889591
CON1_CCCTCAGTCGCCTGTT-1,CON,1.3904659616216928
CON1_CCGCAAATCCATCAGG-1,CON,0.0
CON1_CCGCAAATCGGCCAGT-1,CON,0.7663085765732551
CON1_CCGCAAGGTCCTAAGA-1,CON,0.0
CON1_CCGCAAGGTGTTCCCA-1,CON,1.229337781009086
CON1_CCGCAAGGTTACTTGC-1,CON,0.0
CON1_CCGCCAACATGCTTAG-1,CON,0.6617691610987498
CON1_CCGTTATGTAGTAAGA-1,CON,0.7638507335289783
CON1_CCGTTATGTTATCCGT-1,CON,0.8117644533548922
CON1_CCGTTTGGTACTTAGG-1,CON,0.36029017512687256
CON1_CCTAAAGGTCGAAGTC-1,CON,0.9666777832287704
CON1_CCTAAAGGTTGGATAT-1,CON,0.0
CON1_CCTAAATCAGCTTACA-1,CON,0.0
CON1_CCTAAATCATGGCCCA-1,CON,0.0
CON1_CCTAAGCCAATGCGCT-1,CON,0.0
CON1_CCTAAGCCAGTTAGCC-1,CON,0.0
CON1_CCTACTGGTTGCAATG-1,CON,0.0
CON1_CCTACTTCAGCCGCTA-1,CON,1.2947916061688052
CON1_CCTATTGTCACGCCAA-1,CON,0.6186702047119994
CON1_CCTCAAACAAGGGTTG-1,CON,1.0502990272412362
CON1_CCTCAGTTCAATGACC-1,CON,1.233345791207574
CON1_CCTCCTGAGATGGACA-1,CON,0.8930569508053176
CON1_CCTGGTAAGTAACCAC-1,CON,0.652129746674131
CON1_CCTGTAACAAGCTACC-1,CON,0.0
CON1_CCTTAACGTTTAAAGC-1,CON,0.0
CON1_CCTTACTCATTGTCCT-1,CON,0.917733155395341
CON1_CCTTAGTGTCCTAACT-1,CON,0.5404888155895495
CON1_CCTTCAATCAGGCCTA-1,CON,0.0
CON1_CCTTCGGTCCATAATG-1,CON,0.48977651720718196
CON1_CCTTCGGTCCGTCCAT-1,CON,0.0
CON1_CGAAGCCTCTAACTGA-1,CON,0.5460847714714021
CON1_CGAAGTAAGAAACTGG-1,CON,1.749303123255677
CON1_CGAATCTAGAAAGGAA-1,CON,2.063420415282003
CON1_CGACCTGCATCGCTTT-1,CON,0.8139629617092956
CON1_CGAGCTGGTGCAACTA-1,CON,0.0
CON1_CGAGCTGGTTCCGCAC-1,CON,0.944330675943774
CON1_CGAGGAAGTATGGTGC-1,CON,0.9597655602444668
CON1_CGAGGTGAGGCTATGT-1,CON,0.963559078530176
CON1_CGAGTCGGTTAGCCAA-1,CON,0.0
CON1_CGATATTCAATTGACT-1,CON,0.0
CON1_CGATTATCAGCACGTT-1,CON,0.0
CON1_CGCAATCCAAGGTGGC-1,CON,0.0
CON1_CGCAATCCAATGCGCT-1,CON,0.8948071729625046
CON1_CGCAATGTCTTAGGGT-1,CON,0.0
CON1_CGCAATTAGGGATTAG-1,CON,0.0
CON1_CGCACCACAACTCGCG-1,CON,0.0
CON1_CGCATGATCCTCAGCT-1,CON,0.0
CON1_CGCCACACAGTTTCTC-1,CON,1.1222246863575331
CON1_CGCCTCATCCAGGGAG-1,CON,0.0
CON1_CGCCTCATCTGGCTTC-1,CON,0.5415985892541562
CON1_CGCTAACCAATTTGGT-1,CON,1.7072891119255806
CON1_CGCTACTTCCAAGTTA-1,CON,0.0
CON1_CGCTATGAGCTACTGG-1,CON,0.797890975746614
CON1_CGCTTAACAGCACGAA-1,CON,0.0
CON1_CGGACAACAGCAACCT-1,CON,0.0
CON1_CGGAGTCTCATTACGA-1,CON,1.1938545182433378
CON1_CGGCAATGTCAAACTG-1,CON,0.0
CON1_CGGCTCACAATCTCTC-1,CON,0.9715498792824862
CON1_CGGGCTTAGTTGTCCC-1,CON,1.4183694950357217
CON1_CGGTGAGAGAGCAAGC-1,CON,0.0
CON1_CGGTTGGGTACCGAAC-1,CON,0.0
CON1_CGGTTTCTCCTAACGG-1,CON,0.0
CON1_CGGTTTCTCTAAGTCA-1,CON,0.0
CON1_CGGTTTCTCTTAGGAC-1,CON,1.0074749084780927
CON1_CGTAACCCAAGGGTTG-1,CON,0.0
CON1_CGTAACTAGCTTGCTC-1,CON,1.1296843511899075
CON1_CGTAATGGTTGGTGAC-1,CON,0.9687521218679485
CON1_CGTAGCGGTGTTTGAG-1,CON,0.0
CON1_CGTCATTGTATTGTCC-1,CON,1.2510691256533903
CON1_CGTCATTGTTTGCGAA-1,CON,2.0162909458171128
CON1_CGTCATTGTTTGGTTC-1,CON,0.5665932291747073
CON1_CGTCCTAGTTAGGCTA-1,CON,0.0
CON1_CGTGAGGAGTTATGTG-1,CON,0.0
CON1_CGTGCTTTCGTAACGT-1,CON,0.0
CON1_CGTGGTTCACCTAAGC-1,CON,0.7339561753206958
CON1_CGTGGTTCATGACTAT-1,CON,0.0
CON1_CGTTAAATCCAAGTGT-1,CON,0.0
CON1_CGTTAACAGTTATGGC-1,CON,0.0
CON1_CGTTAACAGTTTGCGG-1,CON,0.0
CON1_CGTTAGTAGTATTGCA-1,CON,1.3114352308955448
CON1_CGTTGCAAGGCCTGGT-1,CON,2.0421170844928955
CON1_CGTTGCGCATTATGGT-1,CON,1.1740324687298114
CON1_CGTTTGGAGCAAACCT-1,CON,0.7179371239804463
CON1_CGTTTGGAGTAACCCG-1,CON,2.607267143243042
CON1_CTAACCACAGTCTATG-1,CON,0.0
CON1_CTAACCTGTCAAAGGG-1,CON,0.0
CON1_CTAAGGTTCTTTAGGA-1,CON,0.0
CON1_CTAATGTCAGAAATTG-1,CON,0.0
CON1_CTACAACAGCCGCAGT-1,CON,1.2817143840733067
CON1_CTACCGGCAAGGTCGA-1,CON,0.0
CON1_CTACGAAGTCAAAGGG-1,CON,0.0
CON1_CTACTAAAGATGGACA-1,CON,1.2242273834969348
CON1_CTACTAAAGCAGGTGG-1,CON,0.0
CON1_CTACTAAAGGAAGCAC-1,CON,0.6500658979859198
CON1_CTAGATTCATCATGGC-1,CON,1.0441955359795
CON1_CTAGCTGAGAGAGGAG-1,CON,0.0
CON1_CTAGGACGTGAGGTGA-1,CON,0.0
CON1_CTAGGCGGTACGCGCA-1,CON,1.1469129619579668
CON1_CTAGTAATCCCGTTTA-1,CON,2.239067105527679
CON1_CTAGTAGGTTATCGAG-1,CON,1.9910352336712767
CON1_CTAGTCGAGCAAGGGT-1,CON,0.0
CON1_CTATGACAGACAGGCG-1,CON,1.0836395897295332
CON1_CTATGAGGTGAGGTGA-1,CON,0.6341537316417695
CON1_CTATGAGGTTTCAGGA-1,CON,0.0
CON1_CTATGATCAGGCATCT-1,CON,2.7458121247918315
CON1_CTATGTTTCAAACCTA-1,CON,1.1629171119484514
CON1_CTATTACTCATTGTTC-1,CON,0.4461206657492216
CON1_CTCACAACAAGGTGCA-1,CON,1.618783021932137
CON1_CTCACACTCTTGCAAA-1,CON,0.6598899588034629
CON1_CTCACTCAGCGGCTGT-1,CON,1.6802341060117953
CON1_CTCACTCAGGAGGGTT-1,CON,0.0
CON1_CTCATTAGTTCGCTCA-1,CON,1.2902876195523536
CON1_CTCCTAATCCCAGTAG-1,CON,0.7717120885422208
CON1_CTCCTCACAGGACCTT-1,CON,1.15541211132435
CON1_CTCCTGAGTGCTTACT-1,CON,0.6185911915322123
CON1_CTCCTGAGTTTACGTC-1,CON,0.0
CON1_CTCGCTCCAGGACCAA-1,CON,0.9577323657712882
CON1_CTCGCTCCATGCATAT-1,CON,0.0
CON1_CTCGCTCCATTATGGT-1,CON,0.38058104826864475
CON1_CTCTAGCTCATGCATA-1,CON,0.46290692293624525
CON1_CTCTATGTCAAGGACA-1,CON,0.0
CON1_CTCTCACAGCATGACT-1,CON,0.0
CON1_CTCTTGATCCAAGTTA-1,CON,0.0
CON1_CTGAAACTCAGGTCCA-1,CON,0.0
CON1_CTGAAACTCCTTGCGT-1,CON,0.0
CON1_CTGCAATAGCTCAAAC-1,CON,0.0
CON1_CTGCAATAGGGCTTTG-1,CON,1.8522549970863031
CON1_CTGCTCCCAGGGAGCT-1,CON,0.0
CON1_CTGGATGTCATGGCCA-1,CON,1.0490118544365021
CON1_CTGGATGTCTAGCTTT-1,CON,0.0
CON1_CTGGCTAAGACAACAG-1,CON,0.0
CON1_CTGGCTTTCGAAGCGG-1,CON,0.0
CON1_CTGGTTTGTGCGCGTA-1,CON,1.166786512647701
CON1_CTGTGTGAGCACTAGT-1,CON,0.0
CON1_CTTAAGATCACCAATA-1,CON,1.06967261127942
CON1_CTTAAGATCAGGTCCA-1,CON,0.0
CON1_CTTAAGGGTTTCCACG-1,CON,0.0
CON1_CTTAATGAGAATCGCT-1,CON,1.2129843119635924
CON1_CTTAATGAGGATGATG-1,CON,0.0
CON1_CTTACCGGTTCCGCAC-1,CON,1.3773243558747879
CON1_CTTACCTCAACAACAA-1,CON,0.0
CON1_CTTACCTCAATAGCAA-1,CON,0.5910766120835697
CON1_CTTACCTCACCTAAGC-1,CON,2.24282138311356
CON1_CTTACCTCATAAACCT-1,CON,0.3476950360437512
CON1_CTTACTAGTGTGCAAC-1,CON,0.0
CON1_CTTAGTTTCTAATCCT-1,CON,1.1912828346806281
CON1_CTTATGTTCACCTGCT-1,CON,0.4563496521477919
CON1_CTTCGCGTCAGAAACG-1,CON,0.5277821921585047
CON1_CTTCTAAGTTCGGTAA-1,CON,0.6376665314925225
CON1_CTTGACGAGGACGTAA-1,CON,1.789886926392649
CON1_CTTGACGAGTTCCCGT-1,CON,0.0
CON1_CTTGCGCGTTAAGCCA-1,CON,0.6173298062805744
CON1_CTTGCTCAGTGAGGGT-1,CON,0.5801046403304478
CON1_CTTGGACCAATATACC-1,CON,0.3239124076126122
CON1_CTTGGACCAGAACCGA-1,CON,1.5459245067117746
CON1_CTTGTCCAGGTCTTGG-1,CON,0.0
CON1_CTTGTCCAGTGCACGC-1,CON,0.0
CON1_CTTGTTCCAACTAGCC-1,CON,1.0935711530254166
CON1_CTTTAGTTCGAAGCGG-1,CON,0.0
CON1_CTTTATCAGGAGCACG-1,CON,0.9062545502970519
CON1_CTTTCTTGTCATGAGC-1,CON,0.5172265530911784
CON1_CTTTGGGAGCGTGCAC-1,CON,1.0316552117794588
CON1_CTTTGGTGTGTTAAAC-1,CON,1.5240949516437656
CON1_GAAACCCGTTTGGGTA-1,CON,0.0
CON1_GAAACTGAGATTCCTT-1,CON,1.3576669410019373
CON1_GAACCAAAGTTGCGTG-1,CON,0.0
CON1_GAACCAGCAAGTTATC-1,CON,0.0
CON1_GAACCGCTCCCTGGTT-1,CON,0.0
CON1_GAACCTGTCAATGTGC-1,CON,0.6487991901056369
CON1_GAACCTGTCCTTGAGG-1,CON,0.0
CON1_GAACTTATCATTGCAA-1,CON,1.6991458366897554
CON1_GAAGCCTGTCTAACCT-1,CON,2.0467167331178664
CON1_GAAGGATGTCCTTTAA-1,CON,0.0
CON1_GAAGTAAGTGTTGTAG-1,CON,0.0
CON1_GAAGTGATCGGTTAGT-1,CON,0.0
CON1_GAATTTGTCCCGAACA-1,CON,0.0
CON1_GACATAGAGTAGCTTA-1,CON,1.2895721863669
CON1_GACCGAACAATCCTAG-1,CON,0.0
CON1_GACCGTTCAAGGTGGC-1,CON,0.0
CON1_GACCTAAGTTGAGGTC-1,CON,0.0
CON1_GACCTAAGTTTGGCGG-1,CON,2.4466952236667003
CON1_GACCTAGTCGAGCAAA-1,CON,0.0
CON1_GACCTCAAGGTCCTGA-1,CON,0.0
CON1_GACCTGATCGATAACC-1,CON,0.6477981861892957
CON1_GACCTGCAGCTAAGTC-1,CON,0.0
CON1_GACCTGCAGTATGTGC-1,CON,0.0
CON1_GACCTTTGTGTTGCAA-1,CON,0.5898563571498465
CON1_GACCTTTGTTGGATAT-1,CON,0.0
CON1_GACGCAACACAGAACG-1,CON,1.3747807706080775
CON1_GACGCAACATTAGCGC-1,CON,0.0
CON1_GACGCCTAGTGAAGTG-1,CON,0.705522882805455
CON1_GAGAAACGTGGATTGC-1,CON,0.0
CON1_GAGAAACGTTGGATAT-1,CON,0.0
CON1_GAGATAAGTGCTAGAC-1,CON,0.0
CON1_GAGATAAGTTGACTTC-1,CON,0.0
CON1_GAGCAAGGTTAAGCGC-1,CON,0.0
CON1_GAGCCACTCCTAAGTA-1,CON,0.0
CON1_GAGCCTTCAAGGTACG-1,CON,0.0
CON1_GAGCCTTCAGCCAGTT-1,CON,1.0257077729862056
CON1_GAGCTGCTCGATTCTT-1,CON,0.614199434407249
CON1_GAGCTTAGTATTTGGG-1,CON,0.0
CON1_GAGGAGGCACGTGCTG-1,CON,1.1360327968960322
CON1_GAGGCAAGTCAGTAAT-1,CON,1.715279965252886
CON1_GAGGCTTGTTAACAGT-1,CON,0.0
CON1_GAGGCTTGTTGCTGGG-1,CON,0.0
CON1_GAGGTACAGAGAAGGG-1,CON,1.1975941222169606
CON1_GAGGTGAGTCCGCTGT-1,CON,0.0
CON1_GAGTAACCAAGCTACC-1,CON,1.2501500783416206
CON1_GAGTAACCAGGCATGA-1,CON,0.0
CON1_GAGTATCTCCTCAGTC-1,CON,1.017883277509783
CON1_GAGTATCTCTGTAAGC-1,CON,0.0
CON1_GAGTCAAAGCACGATT-1,CON,0.0
CON1_GAGTCATTCCATAAGC-1,CON,0.938702703072172
CON1_GAGTGATCAATGCCTA-1,CON,0.0
CON1_GAGTGATCAGGCCATT-1,CON,0.0
CON1_GAGTGTTTCATCACTT-1,CON,0.0
CON1_GAGTTACTCCTAGTAA-1,CON,1.381606487754475
CON1_GATAAAGGTTATCGAG-1,CON,0.0
CON1_GATAAAGGTTCGGGAT-1,CON,1.7571961589046816
CON1_GATAATCGTACCTTAC-1,CON,1.334883183907731
CON1_GATCAAGAGAGGATAT-1,CON,0.0
CON1_GATCAAGAGTATTGCA-1,CON,0.0
CON1_GATCAGGCAGCTACGT-1,CON,1.4664396413122878
CON1_GATCAGTTCATGCATA-1,CON,0.0
CON1_GATCAGTTCGAAGTGA-1,CON,0.8010359100242125
CON1_GATCCGTCAAAGGCCA-1,CON,0.0
CON1_GATGCAGCACCAGCAT-1,CON,0.4491770031308573
CON1_GATGGACAGTTCCTGC-1,CON,0.8401246347258123
CON1_GATTAAGCAGTTATGT-1,CON,0.8228482997831089
CON1_GATTACGGTTGCAATG-1,CON,0.7544209164909091
CON1_GATTAGCTCGCTTGCT-1,CON,0.0
CON1_GATTCAGGTACTAAAC-1,CON,1.7641757406368015
CON1_GATTCAGGTCAATACG-1,CON,0.0
CON1_GATTCAGGTTCGCTCA-1,CON,1.3934999001706998
CON1_GATTCATCAACCCTCC-1,CON,0.0
CON1_GATTCATCACTTACAG-1,CON,1.1007501836566354
CON1_GATTCCTGTCAAGTAT-1,CON,1.1110314547683469
CON1_GATTCGCCACTAAGCC-1,CON,0.7935535843805128
CON1_GATTCGCCAGCTAATT-1,CON,0.43058377884048227
CON1_GATTGCAGTGCATTTC-1,CON,2.1239093123187365
CON1_GATTTGCAGTTAGCCG-1,CON,0.0
CON1_GCAAACCGTATTCGCT-1,CON,0.0
CON1_GCAAACCGTCTTGCAT-1,CON,0.0
CON1_GCAAGCCTCTTTAGGA-1,CON,0.0
CON1_GCAAGTCGTCACACCC-1,CON,0.0
CON1_GCAATGAAGGTCAAAG-1,CON,0.7616527597075402
CON1_GCACATTAGGGTCCAC-1,CON,0.38914245643855655
CON1_GCACTTACATTGCAGC-1,CON,1.74352738391943
CON1_GCAGCAACAGCATGTC-1,CON,0.0
CON1_GCAGGCTTCACTAGGT-1,CON,0.0
CON1_GCAGGTGAGTAAGTGG-1,CON,0.0
CON1_GCAGGTTGTTGTAAAC-1,CON,0.0
CON1_GCAGGTTGTTGTAACG-1,CON,1.575443838536498
CON1_GCATCCTTCGATTTGA-1,CON,0.0
CON1_GCATGAAAGGCTCATG-1,CON,0.0
CON1_GCATGAGCACAAGCCT-1,CON,0.675169878965332
CON1_GCATTGCCAAGCGAGC-1,CON,0.7885446432481521
CON1_GCCAATTAGGTGAGAC-1,CON,0.0
CON1_GCCAATTAGTGTGATC-1,CON,0.0
CON1_GCCAGGTTCCTACCTA-1,CON,1.3862006184434685
CON1_GCCCATAAGCTGTCAG-1,CON,0.0
CON1_GCCCGTTGTGTTGTAG-1,CON,0.0
CON1_GCCTAATAGAATCTCA-1,CON,1.4476873516890876
CON1_GCCTAATAGCGAAGTA-1,CON,1.5779819001942998
CON1_GCCTAATAGCTAAGTC-1,CON,1.1639764600521167
CON1_GCCTCAAAGCATGGTT-1,CON,0.7255793379029554
CON1_GCCTCAAAGCTCCCTG-1,CON,0.0
CON1_GCCTCCATCATCCTAT-1,CON,0.0
CON1_GCCTGACAGTGTTGCG-1,CON,1.432408450221911
CON1_GCCTTAACAAAGGCCA-1,CON,0.0
CON1_GCCTTAGAGTAAGAAC-1,CON,0.0
CON1_GCCTTGCGTGCTGTAA-1,CON,0.0
CON1_GCGAAGCCAAGCGAGC-1,CON,1.4380172130898161
CON1_GCGAAGCCATAAGCAA-1,CON,0.7137398956643393
CON1_GCGAAGCCATTTAAGC-1,CON,0.0
CON1_GCGCAAACACTGGCCA-1,CON,1.1083054178737692
CON1_GCGCAATGTATTGGAT-1,CON,1.7697084244731163
CON1_GCGCCTTGTGGTGAGA-1,CON,0.0
CON1_GCGCTAGGTGATGGCT-1,CON,3.255695807046564
CON1_GCGCTTAAGAACAAGT-1,CON,2.0785670335349034
CON1_GCGCTTAAGGTCAAAG-1,CON,1.2442571049075963
CON1_GCGGAACCACTCAACA-1,CON,1.4208657051849793
CON1_GCTAACAGTGCTGTAA-1,CON,1.2765668849219054
CON1_GCTAAGAAGGCGCTAC-1,CON,1.9232010860627244
CON1_GCTAAGTTCCTACCTA-1,CON,2.45484160864659
CON1_GCTAATATCTAACCAA-1,CON,0.0
CON1_GCTAGCCAGCTTATGA-1,CON,0.5340727498036297
CON1_GCTCAACCAAACCCTA-1,CON,0.0
CON1_GCTCGATCAATCCCTT-1,CON,0.0
CON1_GCTCTGGCAGTAATAG-1,CON,0.0
CON1_GCTCTGTTCCAGGTCA-1,CON,0.0
CON1_GCTGACCAGTATTGTG-1,CON,1.0563992657294872
CON1_GCTGCACAGTGAGCGG-1,CON,0.8870511704019681
CON1_GCTGCATCAAATTCGT-1,CON,1.0503795899038049
CON1_GCTGTGATCCAACTGG-1,CON,0.0
CON1_GCTGTGCAGGACACTT-1,CON,0.0
CON1_GCTTACCTCGTGCTAG-1,CON,0.0
CON1_GCTTAGTAGCCTAACG-1,CON,0.0
CON1_GCTTTCATCCCTCGCA-1,CON,0.0
CON1_GGAACCTGTTGCACAA-1,CON,0.0
CON1_GGAACGGTCCCGCAAA-1,CON,0.0
CON1_GGACATAAGCAAGGAC-1,CON,0.0
CON1_GGACATAAGGAAGTAT-1,CON,1.730026241674373
CON1_GGACCTCAGGGATTAG-1,CON,0.5494068435339828
CON1_GGACTAAAGGTCAAAG-1,CON,0.0
CON1_GGAGCAAGTAATCGGC-1,CON,0.0
CON1_GGAGTGAGTGTAACCA-1,CON,0.0
CON1_GGATGTAAGGCTAGAA-1,CON,0.0
CON1_GGATTATGTTCAAGCA-1,CON,0.0
CON1_GGATTTATCCTGAGTG-1,CON,0.0
CON1_GGCAGGATCCTCACAC-1,CON,0.0
CON1_GGCATTAGTCGTAATG-1,CON,1.3587401020238186
CON1_GGCCGTTAGATTCCTT-1,CON,0.8217041337285421
CON1_GGCCTTAAGGACCTGC-1,CON,0.7482099395613352
CON1_GGCGCTAGTCCGGTTC-1,CON,0.4951962691917709
CON1_GGCGCTAGTGTGCAAC-1,CON,1.2414506306666404
CON1_GGCGGTTTCCCTGACT-1,CON,1.5560755362759493
CON1_GGCTAGACAGCAAGTG-1,CON,0.8942514333668458
CON1_GGCTCACAGCACTAGT-1,CON,1.8120441403995609
CON1_GGCTGAGAGCCTGACA-1,CON,0.0
CON1_GGCTGGTTCGAGCTAT-1,CON,2.1190157656949378
CON1_GGCTGTCAGCTGGAAA-1,CON,0.0
CON1_GGGAGTAGTAATCACG-1,CON,0.9629579578729234
CON1_GGGAGTAGTGGAAACG-1,CON,0.0
CON1_GGGTCAACAGCTCATA-1,CON,0.5563356299324959
CON1_GGGTCACTCATAACTG-1,CON,0.0
CON1_GGGTCACTCCCTCACG-1,CON,0.5728621775951364
CON1_GGTAATTGTGATGAGG-1,CON,0.0
CON1_GGTAATTGTTTAGCGA-1,CON,1.6322216481701626
CON1_GGTACAAAGCATGAAG-1,CON,0.0
CON1_GGTACAAAGGTTTACA-1,CON,0.0
CON1_GGTACTTAGTAAGTGG-1,CON,0.9839999984233824
CON1_GGTACTTAGTCACCTC-1,CON,0.0
CON1_GGTAGGAGTGCGCGTA-1,CON,1.6440783850266847
CON1_GGTATGTTCACCTGCT-1,CON,0.0
CON1_GGTATTGGTACGATTG-1,CON,0.9077957153910202
CON1_GGTATTGGTGTAACCA-1,CON,0.0
CON1_GGTCAAGCAGTTAAAG-1,CON,0.0
CON1_GGTCCGTAGGCAGGTG-1,CON,0.8427900635593651
CON1_GGTCCGTAGTTATTCC-1,CON,0.0
CON1_GGTCCTGCAAGCTTTG-1,CON,1.3421059976972949
CON1_GGTCTTTGTCAACAAT-1,CON,0.0
CON1_GGTGAGCCACTATGGC-1,CON,1.9379638552814695
CON1_GGTGATTTCCTAACGG-1,CON,2.0350001732010004
CON1_GGTGTCCAGTGAGCGG-1,CON,1.0510447464075998
CON1_GGTGTTGTCTTGCATT-1,CON,0.5898563571498465
CON1_GGTTAATGTGCTCCGT-1,CON,0.0
CON1_GGTTAGCGTCATAAGT-1,CON,1.3358121565865684
CON1_GGTTATATCAGGAAGC-1,CON,0.7916674073820964
CON1_GGTTATGGTTACTAGG-1,CON,1.0810158865169954
CON1_GGTTGGTGTCAATACG-1,CON,1.6615877876152925
CON1_GGTTTGTAGCATGAAG-1,CON,0.9697420660396063
CON1_GGTTTGTAGCTCAATA-1,CON,1.5507362439749335
CON1_GTAAGCTTCGTTACAA-1,CON,1.3844596699752731
CON1_GTAAGCTTCTACCTCA-1,CON,0.6399037163901378
CON1_GTAATAGCAACTAGAA-1,CON,0.6457625617240366
CON1_GTACACCCAAGCTTAT-1,CON,0.8472978603872036
CON1_GTACACCCAATAACCT-1,CON,2.026803373876419
CON1_GTACGTAGTTAGTGAT-1,CON,1.2627629617384206
CON1_GTACTAGGTCAGGCAT-1,CON,0.0
CON1_GTACTAGGTGTTTGTC-1,CON,0.3288996581601839
CON1_GTACTGGTCCAAACAC-1,CON,2.0091010979261568
CON1_GTACTTCGTACCGAAC-1,CON,0.39931124253378614
CON1_GTAGCCATCTGCAAGT-1,CON,1.4091474033136393
CON1_GTAGCCATCTTGTCCA-1,CON,0.0
CON1_GTAGCGCTCCTTAAGA-1,CON,1.8242776012268225
CON1_GTAGTTATCATGCATA-1,CON,0.0
CON1_GTATCGCCAATTTGGT-1,CON,1.5539149509989403
CON1_GTATCGCCACCAGCAT-1,CON,1.4981550662804946
CON1_GTATCGCCATTCCTGT-1,CON,0.48620595322757404
CON1_GTATGTTCAACAACAA-1,CON,0.7558557586640093
CON1_GTATGTTCAGTTATGT-1,CON,0.0
CON1_GTATTGATCTATGACA-1,CON,1.286207456458092
CON1_GTATTGCAGTAGAGGC-1,CON,0.0
CON1_GTCAGGCTCGTTTCCA-1,CON,1.291960473330787
CON1_GTCATCACACGTGCTG-1,CON,1.7912041296236234
CON1_GTCATCCTCGTCCTTA-1,CON,0.0
CON1_GTCATTAAGTAGAGGC-1,CON,0.0
CON1_GTCGAGGAGTGGCGGA-1,CON,1.8881225220292037
CON1_GTCTAACAGGATCACT-1,CON,0.0
CON1_GTCTAGCCATTAGCGC-1,CON,0.0
CON1_GTCTTGCTCAATAGCC-1,CON,0.0
CON1_GTGATCAGTAACAGGG-1,CON,0.0
CON1_GTGCAAGCAACAGGAT-1,CON,0.8763563597522306
CON1_GTGCAAGCACATAACT-1,CON,0.0
CON1_GTGCAAGCACCTAAGC-1,CON,0.0
CON1_GTGCAAGCAGCTCATA-1,CON,0.0
CON1_GTGCCTTTCTAGCTTT-1,CON,0.951622884815726
CON1_GTGCTCCGTAAAGCGG-1,CON,1.0917266682429463
CON1_GTGCTGGGTACCAGGT-1,CON,0.675169878965332
CON1_GTGCTGGGTGTGTCCC-1,CON,1.0539580323076914
CON1_GTGCTTACACTTAACG-1,CON,1.2751339619856612
CON1_GTGCTTCTCATCCACC-1,CON,0.4947961648642326
CON1_GTGGATGCACAAAGGT-1,CON,0.0
CON1_GTGGCTTCAGAGAGCC-1,CON,0.7489731078762181
CON1_GTGTAACTCGGTTAGT-1,CON,0.0
CON1_GTGTGAGCAATACTGT-1,CON,0.8636247536746324
CON1_GTGTGCGGTTGCAATG-1,CON,1.1813792972136312
CON1_GTTAAACGTGATCAGC-1,CON,1.0602693432746169
CON1_GTTAAGCTCTAATCCT-1,CON,0.0
CON1_GTTAATGTCGGGATTT-1,CON,0.873583064413266
CON1_GTTAATGTCGTAACGT-1,CON,1.9134371495531688
CON1_GTTAATGTCGTTAGTA-1,CON,0.7990336161310697
CON1_GTTACGCCACCTATAG-1,CON,0.0
CON1_GTTAGGCGTTTCCGGC-1,CON,0.0
CON1_GTTCACCTCAAGCTAC-1,CON,0.9737493761981739
CON1_GTTCCCAGTCCTTTAA-1,CON,1.8327139374032098
CON1_GTTCCCAGTGTGCACG-1,CON,0.0
CON1_GTTCCTGGTTAGTACG-1,CON,0.0
CON1_GTTCCTTCAGGATTAA-1,CON,0.0
CON1_GTTCCTTCAGGTTCAC-1,CON,1.8234497424873584
CON1_GTTCGCTTCAAACCGT-1,CON,0.0
CON1_GTTCTCATCCCTCACG-1,CON,0.0
CON1_GTTGCGGGTTGAGGTC-1,CON,0.0
CON1_GTTGCTGAGCTGGAAA-1,CON,0.0
CON1_GTTGCTGAGGCGTAAA-1,CON,1.036678803384127
CON1_GTTGGAGCAATTTGGT-1,CON,1.6241262174009372
CON1_GTTGGCCAGTAGCCAT-1,CON,0.8749265944772323
CON1_GTTTAACCAGGCTTCG-1,CON,0.0
CON1_GTTTACCGTGTTGTGA-1,CON,0.42436866878641455
CON1_GTTTACCGTTAGCATG-1,CON,0.0
CON1_GTTTAGCAGCTACTGG-1,CON,0.6213292352194368
CON1_GTTTCCTCAGTAGCCT-1,CON,0.3818460379154427
CON1_GTTTGTTTCCTCCTAA-1,CON,0.0
CON1_TAACAAGCACCTCGCT-1,CON,0.0
CON1_TAACAAGCAGGGAGGA-1,CON,1.1798939445206265
CON1_TAACCAGGTCTTTGAC-1,CON,0.0
CON1_TAACCTAAGCGCCTAA-1,CON,1.077787722566348
CON1_TAACCTAAGGCGAAAC-1,CON,1.3497151148025806
CON1_TAAGCTATCATAATCG-1,CON,1.4935197746679998
CON1_TAAGGACCAAGGACCA-1,CON,0.37315159922726576
CON1_TAAGGACCACTGGCCA-1,CON,1.6472869386010185
CON1_TAAGGACCATTATGGT-1,CON,1.0371488218274902
CON1_TAAGGCTTCAGTATTG-1,CON,0.0
CON1_TAAGTGCTCCCTGTTA-1,CON,0.0
CON1_TAATCACCAATCGCAC-1,CON,0.0
CON1_TAATCACCAGCCTAAC-1,CON,2.406412655917397
CON1_TAATCACCATGGCCCA-1,CON,0.0
CON1_TAATGCATCAAGGACA-1,CON,1.2999136349949614
CON1_TAATGGACAACCCTAA-1,CON,0.9893989164598109
CON1_TAATGGACATAGCTGC-1,CON,0.0
CON1_TAATGGTGTTATCCGT-1,CON,0.0
CON1_TACAATGTCCGTTAAA-1,CON,0.7372386528087359
CON1_TACATCAAGCGCTCAA-1,CON,1.4171844024896492
CON1_TACCCGGCACTAAATC-1,CON,0.0
CON1_TACCGCAAGGGCTTAT-1,CON,0.8479841629591802
CON1_TACCGCAAGGGTCCAC-1,CON,0.0
CON1_TACGTACAGATAACCC-1,CON,0.0
CON1_TACGTACAGGCATTAC-1,CON,0.0
CON1_TACGTTAAGCGCCTTT-1,CON,1.5589345699005683
CON1_TACGTTAAGTCACTCC-1,CON,0.0
CON1_TACTGACAGGTGTCCA-1,CON,0.0
CON1_TACTGAGGTTTGAGGC-1,CON,0.0
CON1_TACTGCACAGTTTACG-1,CON,0.0
CON1_TAGAGCCGTGATGATT-1,CON,0.9237959117587098
CON1_TAGAGCCGTTGTTGCT-1,CON,0.0
CON1_TAGCATATCACCATTT-1,CON,1.5839800231726362
CON1_TAGCCGGGTACCTTAC-1,CON,1.664862991315444
CON1_TAGCCGGGTTAGTACG-1,CON,0.0
CON1_TAGCGGACAATCTCTC-1,CON,1.0977463724080487
CON1_TAGCGGACATGTCAAT-1,CON,0.8180086761820808
CON1_TAGCGGCTCAAGACTC-1,CON,0.0
CON1_TAGCTAATCAGGGCCT-1,CON,1.6274616359533374
CON1_TAGCTAATCGATAACC-1,CON,1.122015144284354
CON1_TAGCTTGCATTATCCC-1,CON,0.624494977095304
CON1_TAGGAACCAAGTTATC-1,CON,0.0
CON1_TAGGAGGGTCCTCCAA-1,CON,0.0
CON1_TAGGCTGTCCCAGTAG-1,CON,0.9924874093058212
CON1_TAGGTGCGTGTTGTAG-1,CON,0.0
CON1_TAGTAACGTGAGCGAA-1,CON,0.624494977095304
CON1_TAGTAAGCACCTGTAA-1,CON,0.0
CON1_TAGTACGGTTAAGCTG-1,CON,1.106405931987191
CON1_TAGTAGGAGAGAGGAG-1,CON,0.0
CON1_TAGTGGCGTGATTACG-1,CON,1.1113048706232045
CON1_TAGTTGTCAATCCTGA-1,CON,0.9309991231193329
CON1_TAGTTGTCACCAGGTT-1,CON,1.5157465069749636
CON1_TAGTTGTCACTAAGCC-1,CON,0.0
CON1_TAGTTTGAGTTATTCC-1,CON,2.129874927343962
CON1_TATAGCTCAACACTTG-1,CON,0.8259399851384968
CON1_TATAGCTCAGCAAGTG-1,CON,0.0
CON1_TATAGCTCAGCCGCTA-1,CON,0.0
CON1_TATATCCTCGTTTCGC-1,CON,0.7779802408324221
CON1_TATCACGCATCACTTC-1,CON,0.0
CON1_TATCCGGAGATGCCTG-1,CON,0.0
CON1_TATCGAGGTTACTTGC-1,CON,0.0
CON1_TATCGCACACATTGCA-1,CON,1.6047080751390912
CON1_TATGAAGCACGAATCC-1,CON,1.0020429126854347
CON1_TATGACTCATTATGCG-1,CON,1.4828907886401095
CON1_TATGGCCCAGCCTTGG-1,CON,1.2551789257179946
CON1_TATGGCCCAGTAAGTA-1,CON,0.6602965570859011
CON1_TATGGGCGTATTTGGG-1,CON,0.0
CON1_TATGGGCGTTACTTGC-1,CON,0.0
CON1_TATGGTCAGCGATAAG-1,CON,2.1422751328062524
CON1_TATGTGATCGCCTAAG-1,CON,0.6122208520254544
CON1_TATGTGATCTATGACA-1,CON,0.9108060394556855
CON1_TATTAGCCAGCAATAA-1,CON,0.6912525796043293
CON1_TATTAGCCATTCCTCG-1,CON,1.0652909098477634
CON1_TATTTGCTCTGCAAGT-1,CON,1.4425659525210162
CON1_TATTTGGAGTCGCTAG-1,CON,0.0
CON1_TCAAACCAGCTGCACA-1,CON,1.068604863894112
CON1_TCAACAATCGATTTGA-1,CON,1.3109995912717975
CON1_TCAAGACTCGCACACA-1,CON,1.1521931877403506
CON1_TCAAGGTTCTTAGGGT-1,CON,0.0
CON1_TCAAGTATCGCTAGCA-1,CON,1.9037917914127052
CON1_TCACATAAGCACTAAC-1,CON,1.113566217778305
CON1_TCAGCAAGTGCCTCAC-1,CON,1.2624903211983953
CON1_TCAGCCTTCCATTACT-1,CON,0.0
CON1_TCAGCGATCTAGCGTG-1,CON,0.0
CON1_TCAGGAGCACTAAGAA-1,CON,0.47889420751567024
CON1_TCAGTAATCTCGACCT-1,CON,1.6102704319743475
CON1_TCAGTAGGTTGAAGCC-1,CON,1.3690697622922945
CON1_TCATACTTCTAAGGTC-1,CON,0.0
CON1_TCATCCATCATGGCCA-1,CON,0.0
CON1_TCATGAGGTAGCAGCT-1,CON,0.7061979367554361
CON1_TCATGTTTCAACCAAC-1,CON,0.6477981861892957
CON1_TCATTGCGTAAGGTCC-1,CON,1.148270858675852
CON1_TCATTGCGTTTAACCC-1,CON,2.3130694343576037
CON1_TCATTTGGTGAGCAAG-1,CON,0.0
CON1_TCCAGCAAGCCTAACG-1,CON,0.0
CON1_TCCCGTTAGGACCTCA-1,CON,0.561626746721732
CON1_TCCCTCACAGAAATTG-1,CON,0.8787366567018816
CON1_TCCCTCACATTGCGAC-1,CON,0.0
CON1_TCCGGTAAGCCTCTCG-1,CON,1.5442801871015397
CON1_TCCGGTAAGTCTATGA-1,CON,1.1265746368049399
CON1_TCCGGTTTCCTCAGCT-1,CON,0.6885293814456935
CON1_TCCTAGTGTTTGTGGA-1,CON,1.4358163888294455
CON1_TCCTCAATCACCGGTA-1,CON,0.0
CON1_TCCTGGTTCGATAACC-1,CON,0.0
CON1_TCCTGGTTCTAAGTCA-1,CON,0.0
CON1_TCCTTAGTCAGCATTA-1,CON,0.0
CON1_TCCTTCAAGGTCCTGA-1,CON,0.5086220440499153
CON1_TCCTTGCAGTTAGACC-1,CON,1.9531449072998959
CON1_TCGATTAAGTTCCCGT-1,CON,1.0318876932336005
CON1_TCGCATTGTTTGTGGA-1,CON,0.0
CON1_TCGCCCATCACCTGTC-1,CON,1.0992794001004556
CON1_TCGGTAAGTCAATAGT-1,CON,0.0
CON1_TCGGTTACAATCATGT-1,CON,0.0
CON1_TCGGTTCTCCTGTTCA-1,CON,0.0
CON1_TCGTTAAAGTCATTAG-1,CON,0.5918869942859923
CON1_TCGTTACGTACCCACC-1,CON,0.7443603523875648
CON1_TCGTTACGTTACCGGG-1,CON,1.054018913125291
CON1_TCGTTAGCATGTTGCA-1,CON,0.0
CON1_TCGTTATTCAATTACG-1,CON,0.9141958635336066
CON1_TCGTTATTCTAGCTTT-1,CON,0.0
CON1_TCGTTTCCAATGAAGC-1,CON,0.0
CON1_TCGTTTCCAGCAGGTA-1,CON,0.0
CON1_TCTAACCGTGAGGTAG-1,CON,0.8928582008826159
CON1_TCTAACCGTTAAGGCC-1,CON,0.6257058997644127
CON1_TCTAACTTCTCCTCAA-1,CON,0.0
CON1_TCTAAGGGTTTACGTC-1,CON,0.6512059275032955
CON1_TCTCACCAGCCACATG-1,CON,1.061442594849748
CON1_TCTCCTCGTTGAGCCG-1,CON,1.342879211985909
CON1_TCTCGCCCAACAGGAT-1,CON,0.666274162308849
CON1_TCTCGCCCAAGGATTA-1,CON,0.9751359505364217
CON1_TCTCGCCCAGGACCTT-1,CON,1.399334727866905
CON1_TCTTAGCGTGATGAAA-1,CON,1.7810075667908853
CON1_TCTTAGTTCTTAAGTG-1,CON,0.0
CON1_TCTTAGTTCTTAGTGA-1,CON,0.0
CON1_TCTTTGTAGTAAGAAC-1,CON,1.104783491510556
CON1_TGAACAACACCATATG-1,CON,1.2091366245929036
CON1_TGAAGCAAGCATCCAG-1,CON,0.0
CON1_TGACTCCTCTCACTAT-1,CON,0.0
CON1_TGAGAACCAAGTGTTT-1,CON,0.0
CON1_TGAGAACCAGGCTAAG-1,CON,1.1674723198068242
CON1_TGAGCAAAGTAACAGG-1,CON,1.6488121045105841
CON1_TGAGCCGGTGGATTGC-1,CON,0.0
CON1_TGAGGCACACGAATCC-1,CON,0.0
CON1_TGAGGGAGTGCTCCAC-1,CON,0.0
CON1_TGAGGTGCAATTAGCT-1,CON,1.1000365367279854
CON1_TGATCAATCAAGCTTA-1,CON,0.675809646837295
CON1_TGATCAATCCCTGGAA-1,CON,0.0
CON1_TGATCAATCTTAGCCC-1,CON,0.9402218110040215
CON1_TGATCGAGTCCTTCAG-1,CON,1.1744830320560251
CON1_TGATCGAGTGTGTCCC-1,CON,0.0
CON1_TGATGAACATCCCTCA-1,CON,0.0
CON1_TGATGAACATTGTGGC-1,CON,1.0306104528945061
CON1_TGATTAGTCAAGCCTG-1,CON,0.7812187807888755
CON1_TGATTGCAGATACTTG-1,CON,1.7000594688291029
CON1_TGCAATATCATGCTCC-1,CON,0.0
CON1_TGCATCCTCCTGATGG-1,CON,0.5837268208367854
CON1_TGCATTAAGTAACTCA-1,CON,0.0
CON1_TGCCATTGTGGTTCCC-1,CON,0.0
CON1_TGCCGGTAGGAACGCG-1,CON,1.3202849328511577
CON1_TGCGATTAGGGTCTAT-1,CON,1.4896716930615872
CON1_TGCTCAACAAGGTCCT-1,CON,0.0
CON1_TGCTCAACACTTAACG-1,CON,0.0
CON1_TGCTCCGTCAGCTAAC-1,CON,0.0
CON1_TGCTCTCAGTTAGTGC-1,CON,0.0
CON1_TGCTTAAAGTCAGTAC-1,CON,0.0
CON1_TGCTTCCAGTTAGTGC-1,CON,0.0
CON1_TGCTTGTGTCAAAGGG-1,CON,0.6147838828360851
CON1_TGCTTGTGTTAGGCGT-1,CON,1.1302517916430386
CON1_TGCTTTAGTCATAGAT-1,CON,0.97380065501075
CON1_TGGAACAAGGTCAAAG-1,CON,0.5989149072624643
CON1_TGGACGGAGTAAAGGT-1,CON,0.0
CON1_TGGACTAGTCCCGAAG-1,CON,0.0
CON1_TGGCCATCAACCCTAA-1,CON,2.557596383156278
CON1_TGGCCTTTCTAACTGA-1,CON,0.9536200927919561
CON1_TGGCTAAGTGTCCAGG-1,CON,0.0
CON1_TGGCTATAGCCTGTGA-1,CON,0.0
CON1_TGGTAAACATTGTCAG-1,CON,0.0
CON1_TGGTCATAGGTGAGAC-1,CON,0.6236301210305697
CON1_TGGTCCTTCGCTAGCA-1,CON,0.0
CON1_TGGTGCATCCTCATCA-1,CON,0.5258791988810851
CON1_TGGTGCATCTAACTGA-1,CON,0.0
CON1_TGGTTCTGTCCAAGAC-1,CON,0.8404989673419283
CON1_TGGTTGAGTACTTCAC-1,CON,0.0
CON1_TGGTTGAGTTTAGCGA-1,CON,1.8573377485406442
CON1_TGTAAAGCACATGCTA-1,CON,0.0
CON1_TGTAAAGCACCAACCG-1,CON,0.0
CON1_TGTAAAGCACCCTCAC-1,CON,0.7648932945799571
CON1_TGTAAAGCACCTATAG-1,CON,0.0
CON1_TGTAAGTGTAAGCACC-1,CON,2.1681316163945548
CON1_TGTAAGTGTCCGGTTC-1,CON,1.292279670708888
CON1_TGTAAGTGTTGAGCCG-1,CON,1.470066113336891
CON1_TGTAATGTCATGCCTC-1,CON,0.8322709446019064
CON1_TGTATCGCAGCAGGTA-1,CON,0.563739594152974
CON1_TGTCAATCACAACAGG-1,CON,0.0
CON1_TGTCAGTAGACAAACG-1,CON,1.1918148102178523
CON1_TGTCATAAGCCATCAG-1,CON,1.4997753146803448
CON1_TGTCCTGGTCTTACTA-1,CON,1.6338790475932459
CON1_TGTCCTTCATCTTGAG-1,CON,0.0
CON1_TGTGATCAGAGCCGGA-1,CON,0.0
CON1_TGTGATCAGCCGCTTT-1,CON,0.4973329437215165
CON1_TGTGCAAGTTACCGGG-1,CON,0.0
CON1_TGTGCTGAGGACCAGG-1,CON,0.9652666488071935
CON1_TGTGCTGAGTACTGGT-1,CON,1.030378596531915
CON1_TGTGGAGCATCCCTCA-1,CON,0.0
CON1_TGTGGCTCAATTATGC-1,CON,0.0
CON1_TGTTGCACAAGATTCT-1,CON,0.0
CON1_TGTTGGCCAAGTGAAC-1,CON,1.5087612460887005
CON1_TGTTTGTTCGAAGTAG-1,CON,1.4684774805694978
CON1_TTAAAGGCACAATACT-1,CON,0.0
CON1_TTAAAGGCAGTATGTT-1,CON,1.073143136517026
CON1_TTAAGCCAGTCAATCA-1,CON,0.968735218667901
CON1_TTAAGGACACAATTAC-1,CON,1.6577779280216123
CON1_TTACACCGTAGCCTCC-1,CON,0.5749609631627186
CON1_TTACCGTGTAAAGCAA-1,CON,0.0
CON1_TTACCGTGTTAACACG-1,CON,1.4662088768129418
CON1_TTACCTGTCCTTAGGG-1,CON,0.9607607359242891
CON1_TTACGTTTCGGGACCT-1,CON,1.1468396634338254
CON1_TTAGAAGCAATAGCAA-1,CON,0.0
CON1_TTAGACTCAGCACGAA-1,CON,0.5695766490450845
CON1_TTAGGAACAGTTATGT-1,CON,0.6789077111315326
CON1_TTAGGATGTTCCAGGG-1,CON,0.8623309712085196
CON1_TTAGGATGTTCTTTAG-1,CON,1.0135858064093513
CON1_TTAGGCTAGCGCAATT-1,CON,0.877503754371417
CON1_TTAGTCAAGAACCTAC-1,CON,0.6176643438670537
CON1_TTAGTCAAGGTGCGGA-1,CON,0.0
CON1_TTATCCGTCTAACCAA-1,CON,0.0
CON1_TTATGACCATTCAGCA-1,CON,1.6388758517139523
CON1_TTATGCGCATTATGGT-1,CON,0.7199333354036951
CON1_TTCAGCACACGAACAG-1,CON,0.0
CON1_TTCAGGTAGCACTAAC-1,CON,0.9359156012442562
CON1_TTCAGGTAGTAGCTTA-1,CON,0.0
CON1_TTCATCCCACAAGCCT-1,CON,0.0
CON1_TTCCACGGTGCTAGCG-1,CON,0.0
CON1_TTCCTCAAGGCCGGAA-1,CON,0.9936108021238423
CON1_TTCCTCAAGTCACTAA-1,CON,0.6723650728664405
CON1_TTCCTTGAGCACTTGG-1,CON,0.0
CON1_TTCCTTGAGGGTGGAT-1,CON,1.3622233780810231
CON1_TTGACATCACACCAAC-1,CON,0.0
CON1_TTGACTAAGAAACTGG-1,CON,0.0
CON1_TTGAGCTAGTTTGGGT-1,CON,1.051226312183778
CON1_TTGAGGCGTCAACAAT-1,CON,0.0
CON1_TTGATGTCACAATGCC-1,CON,0.8074506533883714
CON1_TTGCACACAACTAACT-1,CON,0.0
CON1_TTGCCCGTCTAAGTGC-1,CON,0.0
CON1_TTGCGTCTCCCGTTGT-1,CON,0.0
CON1_TTGCTCTCATTAGCGC-1,CON,1.1715548223905037
CON1_TTGCTTTAGTTTCCTG-1,CON,0.0
CON1_TTGGCTACACTCGCTC-1,CON,0.0
CON1_TTGGCTTGTAAATTGC-1,CON,0.0
CON1_TTGGCTTGTACTGATG-1,CON,0.0
CON1_TTGGTGAGTTCCTGTG-1,CON,0.39479098615947394
CON1_TTGGTGAGTTGCACGG-1,CON,0.8371426250174195
CON1_TTGTCAAAGCGCTAAT-1,CON,0.798966306636266
CON1_TTGTCCATCCTCATGC-1,CON,1.907161146385372
CON1_TTGTCCATCTAGCTTT-1,CON,1.1937343197507682
CON1_TTGTTGCGTGTCCAGG-1,CON,0.0
CON1_TTGTTGCGTGTGCACG-1,CON,0.0
CON1_TTGTTGTTCCTTGTTG-1,CON,0.0
CON1_TTTAACGAGCTAATCA-1,CON,0.3442615674834802
CON1_TTTAAGGTCGAAGTGA-1,CON,0.9799966828195986
CON1_TTTAAGGTCGGGACCT-1,CON,0.8159277627973587
CON1_TTTACGAAGCTGTACG-1,CON,1.258386540035718
CON1_TTTAGCTTCCCTCACG-1,CON,0.6449003470205599
CON1_TTTAGGATCCTAACGG-1,CON,0.0
CON1_TTTATGGAGGACGTAA-1,CON,0.0
CON1_TTTCAGTTCAACAAGG-1,CON,0.6481459987528745
CON1_TTTCATCAGTCACGAT-1,CON,0.5035205671057665
CON1_TTTCATCAGTTGTCTT-1,CON,0.0
CON1_TTTCCACCATTCCTCG-1,CON,1.7998045649128864
CON1_TTTCGTCCAGCTAATT-1,CON,1.0743689399271323
CON1_TTTGACCGTTAGGATT-1,CON,1.1873626150751835
CON1_TTTGACTTCTAAGGTC-1,CON,0.0
CON1_TTTGAGTCAAGTGTCC-1,CON,0.0
CON1_TTTGCGGAGGACAATG-1,CON,2.06228793466095
CON1_TTTGTGAAGGTACCGC-1,CON,0.6299415720333418
CON2_AAACAGCCATGTTGTG-1,CON,0.0
CON2_AAACATGCATTTAAGC-1,CON,0.0
CON2_AAACCAACAGACAAAC-1,CON,0.0
CON2_AAACGCGCACCTACGG-1,CON,0.0
CON2_AAACGCGCACCTATAG-1,CON,0.8288744502516376
CON2_AAACGGATCCTTCGTA-1,CON,0.0
CON2_AAACGTACAGCCAGTT-1,CON,0.0
CON2_AAAGCTTGTCCTAGTT-1,CON,1.292822717474473
CON2_AAAGGAGCACAATGCC-1,CON,0.6121048740505624
CON2_AAAGGTTAGCATGGTT-1,CON,0.8318310348282235
CON2_AAAGGTTAGCGCCTAA-1,CON,1.2610384807686197
CON2_AACAAGCCATGTCAAT-1,CON,0.6686085834172114
CON2_AACAGATAGGCCGGAA-1,CON,0.0
CON2_AACATCATCCAAGTTA-1,CON,0.0
CON2_AACCCGCAGGATCACT-1,CON,0.9797887784615071
CON2_AACCCGCAGTAACGAG-1,CON,1.646542550373887
CON2_AACCCGCAGTAGGCGG-1,CON,0.5111992360675185
CON2_AACCCGCAGTGAACAG-1,CON,0.0
CON2_AACCGCTCATAACGGG-1,CON,0.0
CON2_AACCTAATCCAAGTGT-1,CON,0.0
CON2_AACCTTAAGCAAGGAC-1,CON,0.4487260785630759
CON2_AACCTTAAGTAGCTTA-1,CON,0.0
CON2_AACGACAAGGCCTGGT-1,CON,0.0
CON2_AACGCCCAGGTCCTAG-1,CON,0.0
CON2_AACGCCCAGGTGTCCA-1,CON,0.0
CON2_AACTAGCTCCTACCTA-1,CON,0.0
CON2_AACTAGTGTACCGAAC-1,CON,0.0
CON2_AACTAGTGTCATTGAG-1,CON,0.0
CON2_AACTAGTGTTGACTTC-1,CON,1.012078428599611
CON2_AAGAACAGTTCATCTA-1,CON,0.584604482423656
CON2_AAGACCAAGATTCCTT-1,CON,0.5421100519750048
CON2_AAGCAAGTCCCGTTTA-1,CON,0.6844617726247973
CON2_AAGCAAGTCGTTACAA-1,CON,1.6375397453161211
CON2_AAGCATGAGCAAGACA-1,CON,0.9350688272348519
CON2_AAGCCACGTAATCCCT-1,CON,0.0
CON2_AAGCCTCCATACCCGG-1,CON,1.110075664367582
CON2_AAGCCTGTCCCGCAAA-1,CON,0.0
CON2_AAGCGAGGTTTCGCGC-1,CON,1.5147307441584736
CON2_AAGCGCTGTAAACAAG-1,CON,0.0
CON2_AAGCGCTGTACTGAAT-1,CON,1.481650906267675
CON2_AAGCTATGTTGCATCT-1,CON,0.8521268436141936
CON2_AAGCTTGGTGATGAGG-1,CON,0.0
CON2_AAGGAAGCAAGGTCCT-1,CON,2.077649857236112
CON2_AAGGATGTCTTGGACG-1,CON,0.5772468426917163
CON2_AAGGATTAGGTCGATT-1,CON,0.0
CON2_AAGGCCCTCGCCTGTT-1,CON,1.5238562476062736
CON2_AAGGTATAGGCAAGTA-1,CON,1.312386863423053
CON2_AAGGTCAAGGTTACGT-1,CON,0.0
CON2_AAGTAGCCACGGTACT-1,CON,1.057849482947958
CON2_AAGTAGCCAGAAACGT-1,CON,0.0
CON2_AAGTAGCCAGCATGTC-1,CON,0.0
CON2_AAGTCTATCCGTAAAC-1,CON,0.0
CON2_AAGTGCAAGCTGGCTA-1,CON,0.0
CON2_AAGTGTTGTAAACAAG-1,CON,0.0
CON2_AATAACCGTCTAACAG-1,CON,0.0
CON2_AATAACCGTGGTTCCC-1,CON,0.0
CON2_AATACCGGTTTCCGGC-1,CON,1.9852467109300131
CON2_AATATCCCACTCGCTC-1,CON,0.0
CON2_AATCGCCCACGAACAG-1,CON,0.0
CON2_AATCGCCCACGTAATT-1,CON,1.4393046666427554
CON2_AATGAAGGTCCTAAGA-1,CON,0.0
CON2_AATTACCCATAATTGC-1,CON,0.0
CON2_AATTAGGCACTTAACG-1,CON,0.0
CON2_AATTCGTCATTTGCTC-1,CON,0.0
CON2_AATTGACGTATGGTGC-1,CON,1.109394064271398
CON2_AATTGCTCAACTAGGG-1,CON,0.0
CON2_AATTTCCTCTGTAAGC-1,CON,0.9761657904950642
CON2_AATTTGCCACTATGGC-1,CON,0.0
CON2_AATTTGGTCGCAATCG-1,CON,1.0864290625696202
CON2_ACAAACTGTTAATGAC-1,CON,0.0
CON2_ACAACACTCAAGCTTA-1,CON,0.48275934662086084
CON2_ACAACATGTTTGCGAA-1,CON,0.0
CON2_ACACTTAAGAGGCTAA-1,CON,0.0
CON2_ACACTTGCAGGCCAAA-1,CON,0.0
CON2_ACAGGATCAGGTTTGC-1,CON,0.7914364215353276
CON2_ACAGGATCATTGGGAG-1,CON,0.0
CON2_ACAGGTAAGTCAATCA-1,CON,0.0
CON2_ACAGTATGTCAATAGT-1,CON,1.1719135523607171
CON2_ACATCAATCACTAATG-1,CON,0.47605957964179424
CON2_ACATTGCAGCGATACT-1,CON,0.0
CON2_ACCAAGCGTGACCTGG-1,CON,0.0
CON2_ACCAATATCTTCAATC-1,CON,1.3200167886996803
CON2_ACCAGGCTCTGTTGCC-1,CON,1.2229290299540183
CON2_ACCATAATCACAGGAA-1,CON,1.6963212331233244
CON2_ACCATTAAGGTCCGTA-1,CON,0.0
CON2_ACCATTAAGGTTACAC-1,CON,0.0
CON2_ACCCAGGGTGGACATC-1,CON,0.0
CON2_ACCCGCTGTATCTGGA-1,CON,0.0
CON2_ACCCGGTAGTGTTGCG-1,CON,0.0
CON2_ACCGGCTAGGATTTGC-1,CON,0.0
CON2_ACCGGTTCATGGCCTG-1,CON,0.669468018605347
CON2_ACCGGTTCATTAAACC-1,CON,0.0
CON2_ACCTACCTCAAGACTC-1,CON,1.1930937170190827
CON2_ACCTACCTCTGCAACG-1,CON,0.0
CON2_ACCTGGTCATTGACAT-1,CON,1.6652104964282706
CON2_ACCTTCATCAGTTCCC-1,CON,0.9094162844897689
CON2_ACCTTCATCTAACTGA-1,CON,0.7090688827568283
CON2_ACCTTCCAGTAGCGCC-1,CON,0.0
CON2_ACGAAGTCATAAACCT-1,CON,0.0
CON2_ACGAATCTCTAGCGTG-1,CON,0.0
CON2_ACGACAAAGCGAGCGA-1,CON,0.5170351469579797
CON2_ACGACAAAGGTCTTGG-1,CON,0.0
CON2_ACGATTCAGAGCAAGC-1,CON,0.9217401721133596
CON2_ACGCACGGTCTAACAG-1,CON,0.5682798820143424
CON2_ACGCACGGTTGCATCT-1,CON,0.0
CON2_ACGGTACGTGGTTCTT-1,CON,1.423431958994468
CON2_ACGGTTAGTGTAACCA-1,CON,0.0
CON2_ACGTACCCACTTCACT-1,CON,0.0
CON2_ACGTCCAAGGAATAAC-1,CON,1.0900200348816178
CON2_ACGTTACAGGGATTAG-1,CON,0.0
CON2_ACGTTGTAGTTATCCT-1,CON,0.0
CON2_ACTAAAGCAGTTATCG-1,CON,1.1719135523607171
CON2_ACTAACCAGCCGCTTT-1,CON,0.0
CON2_ACTAACCAGGCTACAT-1,CON,0.5423209420093356
CON2_ACTATCCGTGACATAT-1,CON,0.0
CON2_ACTCCTCAGGCAATAG-1,CON,0.0
CON2_ACTCGCTTCTACTAAG-1,CON,1.033907315193244
CON2_ACTGAATGTTTGCAGA-1,CON,0.7918324841082515
CON2_ACTTACAAGTTGTCCC-1,CON,0.0
CON2_ACTTACTTCAGCCAAT-1,CON,0.0
CON2_ACTTAGGGTGCATTTC-1,CON,0.9823247650163145
CON2_ACTTAGTCAATATACC-1,CON,0.8654801794703941
CON2_ACTTATCTCACTCAAA-1,CON,0.8778595481113384
CON2_ACTTATGAGAACCTGT-1,CON,0.0
CON2_ACTTCGCTCACGCATG-1,CON,0.0
CON2_AGAAACCCAGATAGAC-1,CON,1.2619454388055857
CON2_AGAAACCCATTAAGTC-1,CON,0.0
CON2_AGAAAGGCAGGAACTG-1,CON,1.3157433165879788
CON2_AGAACCGCACAACCTA-1,CON,0.0
CON2_AGAACCGCATTGACAT-1,CON,0.8833722408239024
CON2_AGAATCTGTATTGGAT-1,CON,1.2057802777838282
CON2_AGAATCTGTCGTAAAT-1,CON,0.0
CON2_AGACCCGGTTAGCATG-1,CON,0.0
CON2_AGAGAAGCAACTGGCT-1,CON,0.8600701675420417
CON2_AGAGAAGCAAGGTATA-1,CON,1.4924497508514218
CON2_AGAGAAGCATGAATAG-1,CON,1.1564563384622404
CON2_AGAGATTAGTTGGCCA-1,CON,1.94522474806892
CON2_AGAGGAACAGATTCAT-1,CON,1.5540914571359699
CON2_AGAGGATGTGCTTAGA-1,CON,0.8817521698786
CON2_AGATGCTTCCACCCTG-1,CON,1.0367962645366287
CON2_AGATGCTTCTTGATGA-1,CON,0.0
CON2_AGCAAATAGTGACCTG-1,CON,0.0
CON2_AGCAACAAGACAAGTG-1,CON,0.0
CON2_AGCAAGGGTCATCATC-1,CON,0.0
CON2_AGCACTTAGTCAATCA-1,CON,0.5051833392339682
CON2_AGCAGGTAGGCCTGGT-1,CON,0.7824405471299156
CON2_AGCATCCCAGTAAGTA-1,CON,0.0
CON2_AGCCTAAGTTTGGGTA-1,CON,0.0
CON2_AGCCTCCGTTCCTCCT-1,CON,1.397670057539582
CON2_AGCCTGGGTCAGTAAT-1,CON,0.0
CON2_AGCCTGGGTCGCATAA-1,CON,1.2377886730163696
CON2_AGCGCTCAGATTCCTT-1,CON,0.0
CON2_AGCGCTCAGCATGTCG-1,CON,1.3799901343282306
CON2_AGCGCTCAGGCTGGCT-1,CON,0.0
CON2_AGCGCTCAGTCACGAT-1,CON,0.0
CON2_AGCGGACCAAAGCGCA-1,CON,1.2392679631625971
CON2_AGCTAACTCCTAGTTT-1,CON,0.0
CON2_AGCTACGTCACTAGGT-1,CON,0.0
CON2_AGCTACTAGGACAATG-1,CON,1.1803625537798506
CON2_AGCTACTAGGCTAATC-1,CON,0.44634335983638906
CON2_AGCTAGTTCCTCATCA-1,CON,1.489089057223956
CON2_AGCTCATAGTAAGTCC-1,CON,0.0
CON2_AGCTGCTCAGCTAACC-1,CON,1.1222246863575331
CON2_AGCTGCTCAGTTTACG-1,CON,0.0
CON2_AGCTTAATCATTGTCT-1,CON,1.797112801070555
CON2_AGCTTGGTCATAATCG-1,CON,0.0
CON2_AGCTTGGTCATGCTAA-1,CON,0.0
CON2_AGCTTTAAGCACCACA-1,CON,1.1205971857603547
CON2_AGGAAACGTTTGGGCG-1,CON,0.0
CON2_AGGACGTAGCGGGCAA-1,CON,0.0
CON2_AGGACTAAGACAAACG-1,CON,1.5387971416453676
CON2_AGGAGCTAGGACACTT-1,CON,0.0
CON2_AGGATCCGTACAAAGA-1,CON,0.5284387115896414
CON2_AGGATCCGTGAGGTGA-1,CON,1.9011637999111828
CON2_AGGATGCAGAAGCTAG-1,CON,1.432651249052619
CON2_AGGATGTCACAAAGAC-1,CON,0.0
CON2_AGGCTAAAGCCTGAGC-1,CON,0.0
CON2_AGGCTAAAGGCACAGG-1,CON,0.0
CON2_AGGCTAGCAATATACC-1,CON,1.3441701740634926
CON2_AGGGCTACACAATGTT-1,CON,0.0
CON2_AGGGTTGCAAAGCTAA-1,CON,0.0
CON2_AGGGTTGCACTGACCG-1,CON,0.0
CON2_AGGTAACCATTCCTCG-1,CON,0.0
CON2_AGGTAACCATTGTGTG-1,CON,0.0
CON2_AGGTCCGGTAGCCATA-1,CON,0.0
CON2_AGGTTGCGTAATCACG-1,CON,0.0
CON2_AGGTTGCGTCATTGAG-1,CON,1.0630527007800468
CON2_AGGTTTGGTAACCTAG-1,CON,0.0
CON2_AGGTTTGGTCACCAAA-1,CON,0.809128888289493
CON2_AGGTTTGGTTTCCGGC-1,CON,0.0
CON2_AGTAACACATTTAAGC-1,CON,0.0
CON2_AGTAAGTAGACAAACG-1,CON,0.5385207406970705
CON2_AGTCAAGAGGCCGGAA-1,CON,1.464033627971514
CON2_AGTCAGGCATGAAATG-1,CON,0.7754854803562916
CON2_AGTCCTGAGACAGGCG-1,CON,1.3932342934241475
CON2_AGTCCTGAGCTCGCTT-1,CON,0.0
CON2_AGTCCTGAGGACTTAC-1,CON,0.0
CON2_AGTCCTGAGGAGTCTT-1,CON,1.034510982378227
CON2_AGTCGCATCTTGACCC-1,CON,0.699405402257141
CON2_AGTCTTGCAATCGCAC-1,CON,0.0
CON2_AGTGAACCACAATGTT-1,CON,1.1742255202047565
CON2_AGTGAACCAGCTTAGC-1,CON,0.0
CON2_AGTGATGAGCGATACT-1,CON,0.0
CON2_AGTGATGAGGCTAAGA-1,CON,0.891356433002907
CON2_AGTGCCGGTCTTTGAC-1,CON,1.3123273402833833
CON2_AGTGCGGAGGTGAGAC-1,CON,1.8968713230159533
CON2_AGTGCGGAGGTTACAC-1,CON,1.352365626163408
CON2_AGTGTTTCATTAAAGG-1,CON,0.0
CON2_AGTTGGCGTCTTTATG-1,CON,0.7019622738642493
CON2_AGTTTGATCTTTAAGG-1,CON,0.0
CON2_ATAAGTCGTCAGTAAT-1,CON,0.0
CON2_ATACCGGTCGCCTGTT-1,CON,0.0
CON2_ATAGCATGTTCATTTG-1,CON,0.5756413654050637
CON2_ATATAGGCAGTTTCTC-1,CON,0.0
CON2_ATATGCTCAACAACAA-1,CON,1.037423213476862
CON2_ATATGGTGTTACTAGG-1,CON,1.6039406571697865
CON2_ATATGTCCAAATTGCT-1,CON,0.781539909520582
CON2_ATCACTAAGTAGCGCC-1,CON,0.0
CON2_ATCATCAAGGCCAATT-1,CON,0.0
CON2_ATCATGTCATGCTTAG-1,CON,0.0
CON2_ATCCACCTCCCTCACG-1,CON,0.0
CON2_ATCCATAAGTAAGTCC-1,CON,0.9725715677727447
CON2_ATCCGTGAGAACAAGT-1,CON,1.581429001407689
CON2_ATCCGTGAGGAGGGTT-1,CON,0.9731856931669697
CON2_ATCCTCATCTCGCCCA-1,CON,0.5168985169238898
CON2_ATCCTTAGTTGCTTCG-1,CON,0.8688949439473777
CON2_ATCCTTAGTTTAACGG-1,CON,1.897460063107149
CON2_ATCGCTTGTGGTTCTT-1,CON,0.0
CON2_ATCGCTTGTTAGCTGA-1,CON,0.9893458486644109
CON2_ATCGCTTGTTATCCTA-1,CON,0.0
CON2_ATCTATGAGGAAACTG-1,CON,0.6984896659247053
CON2_ATGAAGCCAAGGTCCT-1,CON,1.7407993767656016
CON2_ATGAAGTAGGTAGCTT-1,CON,1.499504985973591
CON2_ATGCAAACAGGTTACC-1,CON,0.0
CON2_ATGCAGGCACGTGCTG-1,CON,0.5949874160877012
CON2_ATGCATTCACAACCTA-1,CON,0.0
CON2_ATGCATTCATAGCTTG-1,CON,0.0
CON2_ATGCCTGAGCAACAAG-1,CON,1.5013319413000643
CON2_ATGCCTGAGGACCAGG-1,CON,0.620294576922593
CON2_ATGCTTAAGCACAGCC-1,CON,1.4563442530822628
CON2_ATGCTTAAGCGCATTG-1,CON,1.353322738381558
CON2_ATGGCCCAGGTCCACA-1,CON,1.1708380944500352
CON2_ATGGCCGGTAATCCCT-1,CON,0.8319043189848915
CON2_ATGGCCGGTAGCCTCC-1,CON,0.0
CON2_ATGGCCGGTTGGTTGA-1,CON,0.0
CON2_ATGGCTAGTTTAACCC-1,CON,0.0
CON2_ATGGCTGTCATGCAAC-1,CON,0.0
CON2_ATGGTCTAGTTGGGCC-1,CON,0.0
CON2_ATGGTGCGTGTTGCTT-1,CON,0.0
CON2_ATGGTTATCCCTCATA-1,CON,0.0
CON2_ATGTAACGTCATCATC-1,CON,0.0
CON2_ATGTAAGCACGTAATT-1,CON,0.0
CON2_ATGTAAGCACTAAATC-1,CON,0.8114514024479628
CON2_ATGTAAGCAGGCCAAA-1,CON,0.0
CON2_ATGTAAGCATCGCTTT-1,CON,0.0
CON2_ATGTAAGCATTGTTGG-1,CON,0.5148036958866138
CON2_ATGTCAATCACGCATG-1,CON,1.5067533833564541
CON2_ATGTGAGAGCCGCAGT-1,CON,0.0
CON2_ATGTGAGAGGTAAGCA-1,CON,0.0
CON2_ATGTTCAAGCGGATAA-1,CON,1.4848117824268199
CON2_ATGTTCAAGTTGTCAA-1,CON,0.0
CON2_ATGTTGTCAGGTTTGC-1,CON,0.7156316527701596
CON2_ATTAACCCAGTTATCG-1,CON,0.0
CON2_ATTACCCGTAATGACT-1,CON,1.0478483207655744
CON2_ATTACGTCAATTGAGA-1,CON,1.2548502161744541
CON2_ATTACTGAGGTATTGC-1,CON,1.1359131875884014
CON2_ATTAGCGGTAACCAGC-1,CON,0.0
CON2_ATTAGCGGTTCCTGTG-1,CON,1.1665961694840425
CON2_ATTAGTCCAGTAAGTA-1,CON,1.555092563418374
CON2_ATTCAACCAATCATGT-1,CON,0.0
CON2_ATTCACTTCCTCACAC-1,CON,1.492096657962932
CON2_ATTCCGGAGCACTAAC-1,CON,0.0
CON2_ATTCGTTTCGTTATCT-1,CON,1.1001256869806437
CON2_ATTGACTCATGAAATG-1,CON,0.0
CON2_ATTGCAGGTACGGTAC-1,CON,1.8210538251571775
CON2_ATTGCGCCAATTATGC-1,CON,0.0
CON2_ATTGGCTAGGATTTGC-1,CON,1.4045303285410078
CON2_ATTTAGCCAAGTTATC-1,CON,0.0
CON2_ATTTAGGTCAGGCTAT-1,CON,0.6740356118732701
CON2_ATTTGTGAGTTCCCGT-1,CON,0.0
CON2_CAAACAACAACAGGAT-1,CON,1.4970771941531227
CON2_CAAACTGGTTTGGCGG-1,CON,0.0
CON2_CAAAGGATCAAACCTA-1,CON,0.4802304074290571
CON2_CAAAGGATCCTGGTGA-1,CON,0.0
CON2_CAAAGGATCTCACAAA-1,CON,1.7859498421315991
CON2_CAAAGTGAGGCCTGGT-1,CON,0.0
CON2_CAACCCGCAAAGCGCA-1,CON,0.0
CON2_CAACTAGGTATTGCAG-1,CON,0.6434828874991045
CON2_CAACTAGGTGGTTCCC-1,CON,1.1447915075168258
CON2_CAAGAACCAATCGCAC-1,CON,0.8894656555431983
CON2_CAAGAACCAGGCTAAG-1,CON,0.0
CON2_CAAGACAAGCGAAGTA-1,CON,0.0
CON2_CAAGCTAGTTAGGTGC-1,CON,0.839227674229143
CON2_CAAGGCCTCAAGGACA-1,CON,0.8695384012190513
CON2_CAAGGTTTCTTGAGGT-1,CON,1.3639546704768397
CON2_CAAGTAACATAATTGC-1,CON,0.0
CON2_CAAGTATGTTTGCGCC-1,CON,0.0
CON2_CAATAAGCAGTTAGCC-1,CON,1.4387525715844656
CON2_CAATCGCCAGTAAAGC-1,CON,0.9121409147501737
CON2_CAATGACTCCTCATCA-1,CON,0.0
CON2_CAATGCCCAATGAGGT-1,CON,1.4655042905973965
CON2_CAATGTGGTTAGAGGG-1,CON,0.0
CON2_CACAAGCGTCATAAGT-1,CON,0.0
CON2_CACATACAGGGATTAG-1,CON,0.0
CON2_CACATGCCAGCTAATT-1,CON,0.0
CON2_CACATTAAGCCTGTGA-1,CON,0.0
CON2_CACCTCAGTACTGAAT-1,CON,0.0
CON2_CACCTCAGTAGCAGCT-1,CON,0.0
CON2_CACTAAGGTAACCTAG-1,CON,0.0
CON2_CAGAACCGTTACAACG-1,CON,0.0
CON2_CAGAATCTCAGGAACA-1,CON,0.6630205376993407
CON2_CAGAATCTCCTAATAG-1,CON,0.0
CON2_CAGCATTAGAATCTCA-1,CON,1.1805188489867255
CON2_CAGCCTAAGGCGAATA-1,CON,0.6868080151162097
CON2_CAGCCTTTCATCCTCA-1,CON,1.0568277510819084
CON2_CAGCCTTTCGCATCCT-1,CON,0.0
CON2_CAGCTATAGCACGTTG-1,CON,1.277405997028356
CON2_CAGCTCAAGGAAGTAT-1,CON,0.0
CON2_CAGGACACATTCCTCG-1,CON,1.7252888332098681
CON2_CAGGTCCAGTCTTGAA-1,CON,0.0
CON2_CAGTATGGTTGAGGTC-1,CON,1.967885444863318
CON2_CATAAGCTCATCAGTA-1,CON,0.0
CON2_CATAGACTCTAGCGTG-1,CON,0.0
CON2_CATATCGCAGTAGGTG-1,CON,1.5943307499095065
CON2_CATCATAAGCACCACA-1,CON,0.0
CON2_CATCATAAGCGGTTAT-1,CON,0.0
CON2_CATCATGCACAACCTA-1,CON,1.791878526768705
CON2_CATCATGCAGTCTAAT-1,CON,0.0
CON2_CATCCTCAGGCCGGAA-1,CON,0.8546020735436402
CON2_CATCGCTTCTGGCATG-1,CON,0.42356585925602924
CON2_CATGCAAGTATCTGGA-1,CON,1.0334599279447756
CON2_CATGCATAGAGGGACT-1,CON,0.7794575151815962
CON2_CATGCGCAGCAACATC-1,CON,0.6419865460988683
CON2_CATGGCGGTTATCCTA-1,CON,1.1137722974706554
CON2_CATTATGAGGAACCAA-1,CON,0.0
CON2_CATTCCTCAACAGGTG-1,CON,0.0
CON2_CATTCCTCATGTTGCA-1,CON,0.393673148105133
CON2_CCAAATCAGTTTGGTA-1,CON,0.0
CON2_CCACATTGTTGCTGGG-1,CON,0.8784486500446
CON2_CCAGCTAAGTATGTGC-1,CON,1.2187446108123208
CON2_CCAGCTAAGTCCTGAG-1,CON,0.553806871687965
CON2_CCAGCTAAGTGAACCT-1,CON,0.0
CON2_CCATAAATCCTCAGTC-1,CON,0.0
CON2_CCATAATCATAAGTCT-1,CON,1.6962303090178898
CON2_CCATAATCATGAGCAG-1,CON,0.0
CON2_CCATATTTCTTAAGTG-1,CON,0.0
CON2_CCATCACTCAGTGAAG-1,CON,1.1356023336285905
CON2_CCATCACTCCTCCATA-1,CON,0.5974036879910501
CON2_CCATCATGTGGATTGC-1,CON,1.1045473226875904
CON2_CCATCATGTTTATTCG-1,CON,0.0
CON2_CCATTATTCCGTTAAA-1,CON,0.6358842093244261
CON2_CCCAAACCACTGGCTG-1,CON,1.0533496458232507
CON2_CCCAAATAGACTCGCA-1,CON,0.6232487624612306
CON2_CCCAAATAGGGTGGAT-1,CON,0.0
CON2_CCCAACCGTCAAGACC-1,CON,0.4053984525507326
CON2_CCCAACCGTCATCAAG-1,CON,0.0
CON2_CCCAACCGTTGCAATG-1,CON,0.7109876075295202
CON2_CCCGCTTCAAAGCGCA-1,CON,0.0
CON2_CCCGTAAAGCGCTCAA-1,CON,0.0
CON2_CCCGTAAAGGGTCTAT-1,CON,0.0
CON2_CCCTAATGTTTAACCC-1,CON,0.6160737161398144
CON2_CCCTCATAGGGACTAA-1,CON,0.0
CON2_CCCTGTTAGCATTTCT-1,CON,0.31648876114658575
CON2_CCGCAAGGTGCAACTA-1,CON,0.8243551334499757
CON2_CCGCACACATGGAGGC-1,CON,0.0
CON2_CCGCTAGCAATAATCC-1,CON,0.0
CON2_CCGCTAGCATCCTGAA-1,CON,0.6044738454015015
CON2_CCGCTAGCATTAGCGC-1,CON,0.0
CON2_CCGCTTAGTACCTTAC-1,CON,0.7658464686130282
CON2_CCGCTTAGTCCTTCAG-1,CON,0.0
CON2_CCGTTATGTAATCCCT-1,CON,0.0
CON2_CCGTTGCGTATTGTGG-1,CON,0.0
CON2_CCGTTGCGTCTTTATG-1,CON,0.0
CON2_CCGTTTGGTACCGTTT-1,CON,0.0
CON2_CCGTTTGGTCTTGCTG-1,CON,1.7402373963619966
CON2_CCTAAAGGTGTGTGGT-1,CON,0.0
CON2_CCTAAGGTCTTTGACT-1,CON,1.6254686973794048
CON2_CCTAATAAGTGAGAGC-1,CON,1.0046686664761884
CON2_CCTAATCGTCATTACC-1,CON,1.213191953773447
CON2_CCTAGTTGTCCCGGAA-1,CON,1.2057802777838282
CON2_CCTAGTTGTGAAGCCT-1,CON,0.7752958911178706
CON2_CCTAGTTGTTAGAGCC-1,CON,0.538372242019612
CON2_CCTATATTCACTAATG-1,CON,0.0
CON2_CCTATTTAGGAACCGG-1,CON,1.1188823337857285
CON2_CCTATTTAGGACCGCT-1,CON,0.0
CON2_CCTCAATGTGTAACCA-1,CON,0.0
CON2_CCTCCTCTCCAGGTTG-1,CON,1.1829473332153773
CON2_CCTCCTCTCCTTCAAT-1,CON,0.0
CON2_CCTCCTCTCTAACTGA-1,CON,0.0
CON2_CCTCCTGAGACACTTA-1,CON,0.0
CON2_CCTGAATAGAATCGCT-1,CON,0.0
CON2_CCTGAATAGATAGACG-1,CON,1.200994395571675
CON2_CCTGAGTCAAACTGTT-1,CON,0.0
CON2_CCTGATGAGCAAGGGT-1,CON,0.0
CON2_CCTGGATCAATGCCTA-1,CON,0.0
CON2_CCTGGATCATAATCAC-1,CON,1.752922942850244
CON2_CCTGTATGTTCGCTCA-1,CON,0.0
CON2_CCTTAGTGTGAAGCCT-1,CON,0.0
CON2_CCTTATGTCACAAGCT-1,CON,1.1455951736627379
CON2_CCTTATGTCCGCCAAA-1,CON,0.5253420962306974
CON2_CCTTCAGGTCGTTATC-1,CON,0.6104859260517824
CON2_CCTTCAGGTGCTCCAC-1,CON,1.1931737503994477
CON2_CCTTCGGTCGCAAACT-1,CON,0.0
CON2_CCTTCGGTCGTGCCTT-1,CON,0.0
CON2_CCTTCGTAGGTACCGC-1,CON,0.7344071145171415
CON2_CCTTCGTAGTGAACGA-1,CON,1.4184881310078583
CON2_CCTTGCGTCTCTAGCC-1,CON,0.0
CON2_CCTTGTTCAATTAAGG-1,CON,0.6206523252441866
CON2_CCTTGTTCAGTTTACG-1,CON,0.0
CON2_CCTTTAGTCCTAGTCC-1,CON,1.5319370085144932
CON2_CCTTTAGTCCTTTACG-1,CON,0.7459593009947109
CON2_CCTTTAGTCGGTTACG-1,CON,1.346129484362796
CON2_CCTTTAGTCTTAATGG-1,CON,0.0
CON2_CGAAATGAGAGCCGGA-1,CON,0.0
CON2_CGAACCGGTTTGACCT-1,CON,2.07238615836968
CON2_CGAAGGCCAGTCTAGC-1,CON,0.0
CON2_CGAAGTAAGGTCCACA-1,CON,0.0
CON2_CGAATATGTGTCCAAA-1,CON,0.0
CON2_CGACAAGCACTTCATC-1,CON,0.0
CON2_CGACAAGCATTATGGT-1,CON,0.6634311450955445
CON2_CGACCTGCAAGGAATC-1,CON,1.708244402121596
CON2_CGACCTGCATAGGCGA-1,CON,1.4790943261994083
CON2_CGACTAAGTTGCACGG-1,CON,0.0
CON2_CGAGGAAGTTTGCTGT-1,CON,1.0772127246696923
CON2_CGAGGCAAGGGCCACT-1,CON,0.0
CON2_CGATTCCTCGTTAGTA-1,CON,0.7611661198712405
CON2_CGCAATGTCCTCATGC-1,CON,0.8933694626868638
CON2_CGCATGATCTTGTCCA-1,CON,0.500688636554175
CON2_CGCATTTGTTAGGTGC-1,CON,0.0
CON2_CGCCACACAAGACTCC-1,CON,0.0
CON2_CGCCACACAATGAGGT-1,CON,0.0
CON2_CGCGGATTCATGCTCC-1,CON,1.4933190073950409
CON2_CGCGGATTCCGCACAA-1,CON,0.9358685151169684
CON2_CGCTAATAGAGCCGCT-1,CON,0.0
CON2_CGCTAATAGGCATTGT-1,CON,0.0
CON2_CGCTTCTAGTTGCGTG-1,CON,0.0
CON2_CGGAATCGTGAGGTGA-1,CON,0.0
CON2_CGGAGCAAGGCCCAGT-1,CON,1.0181937699567802
CON2_CGGCAATGTTCACTGT-1,CON,0.848327756058268
CON2_CGGCCATAGCATGTCG-1,CON,1.1558220939308412
CON2_CGGCTCACATCTTGAG-1,CON,1.887527973355781
CON2_CGGGTCTAGCTTCTCA-1,CON,0.0
CON2_CGGGTCTAGGAGCAAC-1,CON,1.081863839091925
CON2_CGGTAACGTCCGTAGG-1,CON,1.2604950121232201
CON2_CGGTGAACAATAATCC-1,CON,0.0
CON2_CGGTGAGAGGTGTTAC-1,CON,0.0
CON2_CGGTGAGAGTGATTCA-1,CON,1.496628620760583
CON2_CGGTTATAGCCTTAAA-1,CON,0.0
CON2_CGGTTCCGTTCAAGAT-1,CON,0.0
CON2_CGTAACCCAAATGCCC-1,CON,0.6876429889432037
CON2_CGTAATGGTTACCTGT-1,CON,0.99629664614527
CON2_CGTAATGGTTGGTGAC-1,CON,0.8155410304377173
CON2_CGTAGCGGTTGGTTGA-1,CON,0.0
CON2_CGTATTGCATGTTGGC-1,CON,0.7186641326197163
CON2_CGTCCTAGTCAAAGGG-1,CON,0.0
CON2_CGTGCTTTCGGGACTC-1,CON,0.6772596915525863
CON2_CGTTAACAGCTCAATA-1,CON,0.303969091773296
CON2_CGTTAGTAGGACCTCA-1,CON,0.8136481205048836
CON2_CGTTATTTCCCGTTGT-1,CON,1.0773404439212901
CON2_CGTTATTTCCTTCGTA-1,CON,0.0
CON2_CGTTATTTCGTACCGA-1,CON,0.0
CON2_CGTTGCGCAACAGGAT-1,CON,1.7993458762097774
CON2_CGTTGCGCAGTTAAAG-1,CON,0.0
CON2_CGTTTGGAGCTGTCAG-1,CON,0.0
CON2_CTAAAGCTCCTGGCTT-1,CON,0.0
CON2_CTAACCCTCATAACCA-1,CON,0.0
CON2_CTAATAGTCAATAGCC-1,CON,0.0
CON2_CTAATCGCAAGATTCT-1,CON,0.0
CON2_CTAATCTTCCTTGAGG-1,CON,0.0
CON2_CTACCGGCAAGGTAAC-1,CON,1.4285366663181913
CON2_CTACCGGCATGATTGT-1,CON,1.1359131875884014
CON2_CTACCTCAGGATTGCT-1,CON,0.0
CON2_CTACGAAGTTTGGCTT-1,CON,1.2795092538895028
CON2_CTACTAAAGCATTTCT-1,CON,0.7878687317791678
CON2_CTAGCTGAGATTCCTT-1,CON,0.0
CON2_CTAGCTGAGGATAAAC-1,CON,0.0
CON2_CTAGGACGTAATCCCT-1,CON,0.3197029718967202
CON2_CTAGTAGGTTTGTTGC-1,CON,0.0
CON2_CTAGTTGCAGCTACGT-1,CON,0.0
CON2_CTATGAGGTATTGTCC-1,CON,1.050581055526594
CON2_CTATGAGGTTGCGTAA-1,CON,1.1582513214296462
CON2_CTATGGCCAATGCCCG-1,CON,0.0
CON2_CTATTCAGTACGGTAC-1,CON,0.0
CON2_CTATTGAAGTTGTCCC-1,CON,1.650243554770641
CON2_CTCACAACACCAACCG-1,CON,1.3659809226364252
CON2_CTCACACTCAGCAAAG-1,CON,0.0
CON2_CTCAGGATCCGCCTCA-1,CON,0.0
CON2_CTCAGGATCTTAGTCT-1,CON,0.0
CON2_CTCATTAGTGTTGCTT-1,CON,0.0
CON2_CTCCATCAGGTCTTGG-1,CON,0.0
CON2_CTCCCTGAGTTGGATC-1,CON,0.0
CON2_CTCCGGACACCCTCAC-1,CON,0.8076112619582649
CON2_CTCCTAATCGCTAAGT-1,CON,0.0
CON2_CTCCTCACATCGCTCC-1,CON,0.0
CON2_CTCCTGAGTAAGCTTG-1,CON,0.0
CON2_CTCCTGAGTCGCAATA-1,CON,1.856382370243888
CON2_CTCGACAAGCATTAGC-1,CON,1.0387975451290383
CON2_CTCGACAAGCTGCACA-1,CON,0.8068203422579385
CON2_CTCGCTAGTACGCGCA-1,CON,0.8273863556031025
CON2_CTCGCTAGTTGCATCT-1,CON,0.4638687541809532
CON2_CTCTCACAGTCGCTAG-1,CON,0.8113471087057952
CON2_CTCTGTTCACCTATAG-1,CON,0.0
CON2_CTGAATATCAAATCGC-1,CON,0.0
CON2_CTGAATATCCTAACGG-1,CON,0.0
CON2_CTGACATAGTAACCAC-1,CON,0.0
CON2_CTGATCACACAGAAAC-1,CON,1.3519407415966906
CON2_CTGATCACACAGACTC-1,CON,1.7937065644998198
CON2_CTGATCACACCCACAG-1,CON,0.0
CON2_CTGCTACTCCATAATG-1,CON,0.8390535005070963
CON2_CTGCTATGTGGAGCAA-1,CON,0.0
CON2_CTGCTCCCAGGACACA-1,CON,0.8493092547192551
CON2_CTGGACCAGTGAAGTG-1,CON,1.6072016683906132
CON2_CTGGATGTCACAGACT-1,CON,0.7448828549591341
CON2_CTGGATGTCTAGCGAT-1,CON,1.176806306167505
CON2_CTGGCTTTCGAGGAAC-1,CON,0.0
CON2_CTGGTAAGTAAGCTTG-1,CON,0.0
CON2_CTGGTTACATTGCGAC-1,CON,0.9829173723755882
CON2_CTGGTTTGTTGTTCAC-1,CON,1.9310583909192875
CON2_CTGTACCTCATGGCCA-1,CON,0.858852986299545
CON2_CTGTACCTCTGTGCAG-1,CON,0.466756631352841
CON2_CTGTTAAAGGGTCCAC-1,CON,0.0
CON2_CTGTTCATCTTTGTAC-1,CON,0.5712480886671774
CON2_CTGTTGGAGTGCACGC-1,CON,0.7674200250204394
CON2_CTGTTGGAGTTGTCTT-1,CON,2.6417543784484607
CON2_CTGTTTAGTAGTCAAT-1,CON,0.0
CON2_CTTAAGATCGCTATAA-1,CON,0.0
CON2_CTTAATGAGCCTGACA-1,CON,1.4009463598122258
CON2_CTTACTAGTCGAAGTC-1,CON,0.0
CON2_CTTACTAGTTTAACGG-1,CON,0.0
CON2_CTTAGGAGTCCTGATT-1,CON,0.6564100428058918
CON2_CTTATGTTCACCTGCT-1,CON,0.6643683881381255
CON2_CTTATTGGTTAGGCGT-1,CON,0.0
CON2_CTTCACTCATTCCTGT-1,CON,0.6725763557382958
CON2_CTTGACGAGCCGCTAA-1,CON,1.2759151045659733
CON2_CTTGCTCAGGGCCACT-1,CON,0.8578740469754209
CON2_CTTGGACCAAGGAATC-1,CON,0.5443783699521924
CON2_CTTGTAAAGGCTGGCT-1,CON,0.572895904086047
CON2_CTTTAGGCACTATGGC-1,CON,0.0
CON2_CTTTAGGCAGATAGAC-1,CON,0.4763368785742378
CON2_CTTTCTTGTTAGCCAA-1,CON,0.7677912595189804
CON2_CTTTGGTGTCCTAAGA-1,CON,0.0
CON2_CTTTGTCCATGAGCAG-1,CON,0.5193416222923182
CON2_GAAACCCGTTCAAGAT-1,CON,0.6777603829164749
CON2_GAACCAGCACCAACCG-1,CON,0.0
CON2_GAACCGCTCCAGCACA-1,CON,0.4042355657085198
CON2_GAACCTGTCCTGGCTT-1,CON,1.0273171674636878
CON2_GAACCTTAGGAGCATA-1,CON,0.0
CON2_GAACTTATCTTGAGGT-1,CON,0.0
CON2_GAAGCCTGTTAAGCCA-1,CON,0.7825371733688188
CON2_GAAGGATGTCATTGAG-1,CON,0.0
CON2_GAAGGCCCAATAATCC-1,CON,0.0
CON2_GAAGGCCCACTGGCCA-1,CON,0.0
CON2_GAAGGCCCAGAAATGC-1,CON,0.9037128792569229
CON2_GAAGGCTAGTAATCCA-1,CON,1.486795407674333
CON2_GAAGTGATCACAAGCT-1,CON,0.0
CON2_GACACTAGTTACTTCA-1,CON,1.3152445833528283
CON2_GACCGAACAGGATAAC-1,CON,1.4947352968580083
CON2_GACCGTTCAAGGTATA-1,CON,0.48940972539486305
CON2_GACCTTTGTCTTACTA-1,CON,0.6674739278155754
CON2_GACCTTTGTTCAAGAT-1,CON,0.6563430645182516
CON2_GACGCCTAGCTGGAAA-1,CON,0.0
CON2_GACTATTCAGGAATCG-1,CON,0.0
CON2_GACTTAGGTGATGAAA-1,CON,0.48589274207306976
CON2_GACTTGGTCCTCATGC-1,CON,0.5934965029255717
CON2_GAGAAACGTAATTAGC-1,CON,0.0
CON2_GAGATAAGTCCTGATT-1,CON,1.0032445366826468
CON2_GAGCAAGGTCATGCAA-1,CON,1.1108948023703467
CON2_GAGCAAGGTCCACAAA-1,CON,0.0
CON2_GAGCATGCAACTAGCC-1,CON,0.0
CON2_GAGCCTTCAATTAGCT-1,CON,0.0
CON2_GAGCCTTCATCATGTG-1,CON,0.0
CON2_GAGGAGGCACCTACTT-1,CON,0.0
CON2_GAGGCAAGTTAGCATG-1,CON,0.0
CON2_GAGGGAGCATGTTTGG-1,CON,0.0
CON2_GAGGTACAGCCGGTAC-1,CON,0.0
CON2_GAGGTAGGTGAAACAA-1,CON,0.0
CON2_GAGGTGAGTGTTGCAA-1,CON,0.0
CON2_GAGTTGCGTCCTAGTT-1,CON,1.4404226380424123
CON2_GATAACGAGAACCTGT-1,CON,0.0
CON2_GATAATCGTAGTAAGA-1,CON,0.0
CON2_GATGACTTCACGAATC-1,CON,0.0
CON2_GATGCATTCACTAAGC-1,CON,1.288372283207096
CON2_GATGCGACAATTATGC-1,CON,0.7540332943717467
CON2_GATTAAGCAATTAGGA-1,CON,0.9183808167646702
CON2_GATTACGGTAGCCATA-1,CON,1.281526378122891
CON2_GATTACGGTATTCGCT-1,CON,0.573943452501444
CON2_GATTACTCAGTTTGGC-1,CON,1.8651227105129655
CON2_GATTATGTCTCACTCA-1,CON,0.6794589028748489
CON2_GATTCAATCCGGCTAA-1,CON,2.022849373419599
CON2_GATTCAATCGGGCCAT-1,CON,0.6986421153652199
CON2_GATTCCTGTTTCAGGA-1,CON,1.4636930989125772
CON2_GATTGATGTAATCGCA-1,CON,0.0
CON2_GATTGATGTAATCGGC-1,CON,0.84245120190326
CON2_GATTGGCGTGGATTGC-1,CON,0.0
CON2_GATTGGCGTTACTTGC-1,CON,1.3573810936216957
CON2_GATTGGTTCGATTATG-1,CON,1.091923964947287
CON2_GATTTGCAGCAGGTGG-1,CON,2.603075574266886
CON2_GATTTGCAGGAGGGTT-1,CON,0.0
CON2_GCAAACAAGGTGAAAT-1,CON,0.0
CON2_GCAAACTTCGCTAAAC-1,CON,0.6008057407290327
CON2_GCAACAGCACTAAGCC-1,CON,1.325978691019785
CON2_GCAATAGAGTGTTGTA-1,CON,0.6842183295865197
CON2_GCAATGAAGCTAGAAG-1,CON,0.0
CON2_GCACGCTAGCGCTAAT-1,CON,0.0
CON2_GCAGCAACAATCTCTC-1,CON,1.3787668428103985
CON2_GCAGCAACACCTATAG-1,CON,0.0
CON2_GCAGCCAGTGCATTTC-1,CON,1.1992510887698087
CON2_GCAGCTATCAATAGCC-1,CON,0.0
CON2_GCAGGATAGCCGCTAA-1,CON,0.0
CON2_GCAGGATAGGATTTGC-1,CON,0.7834079390947694
CON2_GCAGGATAGTTTGAGC-1,CON,1.4109416095494536
CON2_GCAGGCAAGGGCTTAT-1,CON,0.0
CON2_GCAGGCTTCATTAGGC-1,CON,0.0
CON2_GCAGGCTTCCATAATG-1,CON,0.0
CON2_GCAGGCTTCCCTGGAA-1,CON,0.7626585166408988
CON2_GCAGGTGAGTCCTTTG-1,CON,0.0
CON2_GCATATATCTACCTCA-1,CON,0.0
CON2_GCATCCTTCCTTGTTG-1,CON,0.0
CON2_GCATCCTTCGGCTATG-1,CON,0.542924412208699
CON2_GCATGAGCAACTAGGG-1,CON,1.4424425718231157
CON2_GCATTAGGTCCTAACT-1,CON,1.8662303335189994
CON2_GCATTAGGTTTAGCTC-1,CON,0.6837805850901126
CON2_GCCAATTAGTAAGGGC-1,CON,0.0
CON2_GCCACTAAGGTCTTGG-1,CON,0.5760845148544024
CON2_GCCAGGAAGACACTTA-1,CON,0.0
CON2_GCCAGGAAGTTCCCAC-1,CON,0.5515510578399202
CON2_GCCAGGTTCAATTACG-1,CON,0.0
CON2_GCCTACTTCATCCTCA-1,CON,0.3563067569983593
CON2_GCCTATTGTAGCTGCG-1,CON,1.2545515577756177
CON2_GCCTCAAAGACCATAC-1,CON,0.0
CON2_GCCTCAAAGTTACTTC-1,CON,0.9279369796965173
CON2_GCCTCCATCTTAGCGG-1,CON,0.0
CON2_GCCTCGACACGCAACT-1,CON,0.0
CON2_GCCTCGACATGGCCCA-1,CON,1.1841264069370372
CON2_GCCTGAGGTAGCCTCC-1,CON,0.8854864355990825
CON2_GCCTGCTGTTCCTCCT-1,CON,0.0
CON2_GCCTTAACACAGAAAC-1,CON,0.0
CON2_GCCTTAACAGTACCGT-1,CON,0.0
CON2_GCGATATTCATGGCCA-1,CON,0.0
CON2_GCGATTAGTAGGTGTC-1,CON,1.0590989202185992
CON2_GCGCAAACAAATGCCC-1,CON,1.9173207579655533
CON2_GCGCAATGTCACAAAT-1,CON,0.0
CON2_GCGGAACCACATAGCC-1,CON,0.0
CON2_GCGGTTGGTCTAACCT-1,CON,0.0
CON2_GCTAAGCGTGTTGTAG-1,CON,0.0
CON2_GCTAAGTTCTGTAATG-1,CON,0.0
CON2_GCTAGTGTCCTTCGTA-1,CON,1.7133512695939763
CON2_GCTAGTGTCTTTGACT-1,CON,0.8807997035621428
CON2_GCTCAACCAGCCGCTA-1,CON,1.1821235366304972
CON2_GCTCCTTAGTCTCACC-1,CON,0.0
CON2_GCTGAGGAGTCAATCA-1,CON,0.0
CON2_GCTGATCCATTGACAT-1,CON,0.0
CON2_GCTGCAATCCTTGAGG-1,CON,1.6264527041116723
CON2_GCTGGTTCACGTAAGG-1,CON,0.0
CON2_GCTGTACCAGTGAACG-1,CON,0.818645762662845
CON2_GCTGTGATCCTACCTA-1,CON,1.6244627544533017
CON2_GCTGTGATCGCATCCT-1,CON,0.0
CON2_GCTTAAATCCCTCACG-1,CON,0.0
CON2_GCTTATCGTGGATGTC-1,CON,0.0
CON2_GCTTCGCGTTTAGCGA-1,CON,0.0
CON2_GCTTGTTGTTCGCTCA-1,CON,0.9194523534573839
CON2_GCTTTACGTGTTTCAC-1,CON,0.0
CON2_GCTTTATTCCCTGACT-1,CON,0.0
CON2_GGAACAATCGAAGTAG-1,CON,0.9528609090739665
CON2_GGAACAATCTTGCAAA-1,CON,0.0
CON2_GGAACCACAATTAACC-1,CON,0.9434674949591118
CON2_GGAACGGTCATGCATA-1,CON,1.2174871620661367
CON2_GGAACGGTCGCATTAA-1,CON,0.0
CON2_GGAACGGTCGGTTTCC-1,CON,0.0
CON2_GGAACTAAGACAAACG-1,CON,0.6472555016301874
CON2_GGAAGCTAGGAGCACG-1,CON,0.6688174245470588
CON2_GGAAGCTAGGTCTTGG-1,CON,1.4114105358743412
CON2_GGAAGCTAGTCGCTAG-1,CON,0.0
CON2_GGAAGTATCTTTGTAC-1,CON,1.757593139633305
CON2_GGAATCTTCAATTGGC-1,CON,1.761974720896608
CON2_GGACATAAGAGAGCCG-1,CON,0.0
CON2_GGAGCAAGTTGAAGCC-1,CON,0.4742192924541626
CON2_GGAGTCTGTCCAAGAC-1,CON,0.0
CON2_GGATAACCATTTAAGC-1,CON,0.0
CON2_GGATACTTCACCATTT-1,CON,1.236226687665733
CON2_GGATATTGTGCAACTA-1,CON,0.9442346832452888
CON2_GGATGGCCAAACCTTG-1,CON,0.0
CON2_GGATGGCCAAACTGCC-1,CON,0.0
CON2_GGATGGCCAATCCTAG-1,CON,1.3847962334988686
CON2_GGATGGCCATGAATCT-1,CON,0.0
CON2_GGATTATGTTGGCCGA-1,CON,0.0
CON2_GGATTGCGTTTATCTG-1,CON,0.6719429199687958
CON2_GGATTTATCAGGCTAT-1,CON,0.0
CON2_GGCAATCGTTCCGGCT-1,CON,0.0
CON2_GGCAGGATCGTTCACC-1,CON,1.7349305446826853
CON2_GGCAGGATCTAATCAG-1,CON,0.48316364236851306
CON2_GGCATTGTCTTTAGGA-1,CON,0.0
CON2_GGCCAACTCAGAAACG-1,CON,0.0
CON2_GGCCATCAGCGCAATT-1,CON,0.47239344089452273
CON2_GGCCGTTAGTCATCCC-1,CON,0.0
CON2_GGCCTAATCCCGTTAC-1,CON,0.0
CON2_GGCCTCTGTGTCCAGG-1,CON,1.0525598877627227
CON2_GGCCTTCGTACTGAAT-1,CON,0.3619115143900433
CON2_GGCGATACAGGCTACT-1,CON,0.0
CON2_GGCGGTAAGCCTCTCG-1,CON,1.5810150082879444
CON2_GGCGGTTTCTAATCTC-1,CON,1.2421509127688777
CON2_GGCGTTATCGTTACTT-1,CON,0.0
CON2_GGCTATGTCGCTAGTG-1,CON,0.0
CON2_GGGCAATAGTGAGCAA-1,CON,0.4040699907916976
CON2_GGGCCTAGTACGATTG-1,CON,0.0
CON2_GGGCCTAGTGGTTAGC-1,CON,0.0
CON2_GGGCGAATCGGGACCT-1,CON,0.0
CON2_GGGTCACTCCCAGTAG-1,CON,1.617162443923207
CON2_GGGTGAAGTTCCTCCT-1,CON,0.0
CON2_GGGTGTTGTTAAATGC-1,CON,0.9815068410328767
CON2_GGGTTACGTCACTCGC-1,CON,0.0
CON2_GGGTTATTCCTGGTCT-1,CON,0.0
CON2_GGGTTATTCGACCTGA-1,CON,0.0
CON2_GGGTTTGTCGGCTAGC-1,CON,0.0
CON2_GGTAAACCAAGGAATC-1,CON,0.0
CON2_GGTAAGGGTGCAATAT-1,CON,1.0927798225054168
CON2_GGTACTAGTACCGTTT-1,CON,0.0
CON2_GGTATTTCAGTAGGAT-1,CON,0.0
CON2_GGTCAATTCGCTAGTG-1,CON,0.48938529252812124
CON2_GGTCAGGAGCAAGGGT-1,CON,0.7367272934787291
CON2_GGTCAGGAGTTAGAGG-1,CON,1.2227880906624686
CON2_GGTCATTAGCGGTTAT-1,CON,1.6350416592985806
CON2_GGTCATTAGGGTGAGT-1,CON,0.0
CON2_GGTCATTAGTCAATCA-1,CON,0.0
CON2_GGTCCATCAATATACC-1,CON,0.0
CON2_GGTCCATCACCTCGCT-1,CON,0.0
CON2_GGTGAGCCAATAGTCT-1,CON,0.0
CON2_GGTGAGTAGTAGCGCC-1,CON,0.0
CON2_GGTGAGTAGTGAGCGG-1,CON,1.1499271624516538
CON2_GGTGATTTCCGTCCAT-1,CON,0.0
CON2_GGTGATTTCCTAAGTA-1,CON,0.0
CON2_GGTGTCCAGTTGCGTG-1,CON,0.5342188298677899
CON2_GGTTAATGTTAAGCCA-1,CON,0.0
CON2_GGTTAGCGTTGCGGAT-1,CON,0.0
CON2_GGTTATGGTCTAGCTT-1,CON,1.3121884768820424
CON2_GGTTGCTCATGTGGGA-1,CON,1.3159595682904586
CON2_GGTTTAATCTAATCCT-1,CON,1.3517284142108246
CON2_GGTTTAATCTGGTCCT-1,CON,0.0
CON2_GGTTTCCTCACCTGCT-1,CON,0.0
CON2_GTAAGCAAGCCGCTAA-1,CON,0.0
CON2_GTAAGCGCACCAACCG-1,CON,0.9895581567531604
CON2_GTAAGCTTCGACAAAG-1,CON,0.0
CON2_GTAATAGCAATCTCTC-1,CON,1.0053823743644574
CON2_GTACCTTGTTGAGGTC-1,CON,1.6067234482708421
CON2_GTACGTAGTAAATTGC-1,CON,0.0
CON2_GTACTAATCCTGGCTT-1,CON,0.0
CON2_GTAGCCATCAAGCGCC-1,CON,1.3266901210839201
CON2_GTAGCCATCGTTATAG-1,CON,0.942653821798013
CON2_GTAGCGCTCCACAATA-1,CON,0.0
CON2_GTAGCTGTCGGTTACG-1,CON,0.0
CON2_GTAGTTATCATCCACC-1,CON,0.0
CON2_GTAGTTATCCTGAATA-1,CON,0.0
CON2_GTAGTTATCGGTTTGG-1,CON,1.6871979361329519
CON2_GTAGTTATCTTGCAGG-1,CON,0.6540741942599814
CON2_GTATCGCCACTGGCCA-1,CON,0.0
CON2_GTATCGCCAGGGAGGA-1,CON,0.0
CON2_GTATGTTCATAGCTTG-1,CON,0.0
CON2_GTATTCAAGGGCTAAA-1,CON,0.0
CON2_GTATTGCAGTAGCGGG-1,CON,0.0
CON2_GTCAAACTCGTTACTT-1,CON,0.0
CON2_GTCAGGCTCATTACGA-1,CON,2.3918566071052036
CON2_GTCAGGCTCATTCATC-1,CON,1.9194687298757531
CON2_GTCATCACATCAATCG-1,CON,0.7289226682002263
CON2_GTCATGAGTCCACAAA-1,CON,0.0
CON2_GTCATGAGTGGACCTG-1,CON,0.0
CON2_GTCATGAGTTGTCCAT-1,CON,0.0
CON2_GTCCAGGGTGCAATAT-1,CON,0.0
CON2_GTCCTAGAGGACCTTG-1,CON,0.0
CON2_GTCCTAGAGTAATCCA-1,CON,0.39773410077973415
CON2_GTCCTCAGTAGCCTCC-1,CON,1.3087014514040096
CON2_GTCGGTTCAGGGAGGA-1,CON,1.533246230838325
CON2_GTCTAGCCAGCCTAAC-1,CON,0.0
CON2_GTCTCACTCAAGCGCC-1,CON,1.4018230481519922
CON2_GTCTCACTCTAAGGTC-1,CON,0.0
CON2_GTCTTGCTCACGTTAA-1,CON,0.0
CON2_GTCTTGCTCTTGCATT-1,CON,0.0
CON2_GTCTTTAGTCATCAAG-1,CON,0.0
CON2_GTGAGCGAGCCATCAG-1,CON,0.0
CON2_GTGCGCAGTCCACAAA-1,CON,0.0
CON2_GTGCGCAGTGGAAACG-1,CON,0.0
CON2_GTGCGCAGTTCTTTAG-1,CON,0.5948416218148251
CON2_GTGCTCCGTAGTTACG-1,CON,0.0
CON2_GTGCTGATCCTTCTAG-1,CON,0.0
CON2_GTGGATGCAGGCATGA-1,CON,1.5115881616976579
CON2_GTGTCCAAGCCTTAAA-1,CON,0.5167346582819154
CON2_GTGTGAGCACAACAAA-1,CON,1.2684580872491042
CON2_GTGTGCGGTCTCACTG-1,CON,0.0
CON2_GTGTGCGGTTCACCCA-1,CON,0.0
CON2_GTTAAACGTCACAGCG-1,CON,0.0
CON2_GTTAAACGTTCTTTAG-1,CON,0.5064377968910323
CON2_GTTAAGCTCACGAATC-1,CON,0.0
CON2_GTTAATGTCGCTAAGT-1,CON,0.0
CON2_GTTAATGTCGCTAGCA-1,CON,0.0
CON2_GTTACAGGTCAAGTGC-1,CON,0.0
CON2_GTTACCTGTATCTGGA-1,CON,0.0
CON2_GTTACCTGTATTGGAT-1,CON,0.0
CON2_GTTACTCGTACTGATG-1,CON,0.0
CON2_GTTAGACTCATCCTAT-1,CON,0.0
CON2_GTTCACCTCGACCTGA-1,CON,0.0
CON2_GTTCATTTCCTGCGAA-1,CON,0.6430974253878395
CON2_GTTCCCAGTAATGGAA-1,CON,0.0
CON2_GTTCCCAGTTAAGCGC-1,CON,1.4453278927040836
CON2_GTTCCTTCAATCTCTC-1,CON,1.4039044962027132
CON2_GTTCTCATCAAACCTA-1,CON,0.0
CON2_GTTCTCATCATTACAG-1,CON,0.8739083658086882
CON2_GTTCTTAGTATTCGTC-1,CON,0.0
CON2_GTTGCATAGGACCTGC-1,CON,0.6608394963822163
CON2_GTTGCGGGTCATTGTC-1,CON,0.0
CON2_GTTGGCCAGGACTTAC-1,CON,0.8206820000449228
CON2_GTTGTGAGTTCCAGGG-1,CON,0.0
CON2_GTTGTGAGTTTGGGTA-1,CON,0.0
CON2_GTTGTTGCACCAGGTT-1,CON,0.0
CON2_GTTTAACCATGTCAGC-1,CON,1.5375770044994543
CON2_GTTTACCGTAGTTGGC-1,CON,0.0
CON2_GTTTAGCAGCATGAAG-1,CON,0.5169804860854977
CON2_GTTTATCTCGGGCCAT-1,CON,0.0
CON2_GTTTCAGCAGCTAATT-1,CON,0.0
CON2_GTTTCTAGTGATGATT-1,CON,1.2548651533045594
CON2_GTTTGTTTCAGAAACG-1,CON,0.0
CON2_TAAACAGCAGCCGCTA-1,CON,0.0
CON2_TAACAAGCACGGTTTA-1,CON,1.277405997028356
CON2_TAACCAGGTTGGGTTA-1,CON,0.0
CON2_TAACCTAAGCATGACT-1,CON,0.0
CON2_TAAGCCAGTTAGGTTG-1,CON,0.0
CON2_TAAGCCTAGCTTAACA-1,CON,1.0797092469043879
CON2_TAAGCTATCCTCACTA-1,CON,0.0
CON2_TAAGCTGGTTGGCGTG-1,CON,1.361467525941107
CON2_TAAGGACCATAGACCC-1,CON,0.9572378689849289
CON2_TAATGCATCCAAGTGT-1,CON,1.016784093975151
CON2_TAATTGCCACGAATTT-1,CON,0.4281873538469743
CON2_TACAAGCTCAAGCGCC-1,CON,0.0
CON2_TACAAGCTCTTGGACG-1,CON,1.1274914476843436
CON2_TACAGCTAGAAACTGG-1,CON,0.0
CON2_TACCAGGTCCCGAAGC-1,CON,1.802494398130761
CON2_TACCGTTGTATTACCC-1,CON,0.0
CON2_TACCTTAGTTCGCTTG-1,CON,0.0
CON2_TACCTTTAGCAGCTCA-1,CON,0.0
CON2_TACCTTTAGTGACCTG-1,CON,0.0
CON2_TACGCTTGTGCACGCA-1,CON,0.5330524746159588
CON2_TACGCTTGTGGAAGGC-1,CON,2.0421170844928955
CON2_TACGGTTAGGTAGCTT-1,CON,1.7470501533671696
CON2_TACGGTTAGTAAGGGC-1,CON,0.0
CON2_TACGTACAGGAATAAC-1,CON,0.0
CON2_TACGTACAGTCATCCC-1,CON,1.2110942842677328
CON2_TACGTTAAGTTGCGTG-1,CON,0.0
CON2_TACTAAGTCTCACTAT-1,CON,0.0
CON2_TACTCAAAGTAACTCA-1,CON,0.0
CON2_TACTCGCTCGCACACA-1,CON,1.357595466188316
CON2_TACTGACAGTATTGTG-1,CON,0.881089352797374
CON2_TACTGGCCATAGCGGA-1,CON,0.0
CON2_TACTTGTTCTTTGTAC-1,CON,0.0
CON2_TAGACCAGTGGATTCA-1,CON,0.0
CON2_TAGAGCCGTCATTGTC-1,CON,2.5900513591773584
CON2_TAGCCGGGTGATGATT-1,CON,0.0
CON2_TAGCCTGAGACCATAC-1,CON,0.0
CON2_TAGCCTGAGGAACGGT-1,CON,0.0
CON2_TAGCCTTGTCACGGAT-1,CON,0.0
CON2_TAGCCTTGTGGTTCCC-1,CON,0.0
CON2_TAGCGGCTCCCATAGG-1,CON,0.0
CON2_TAGCTTAAGTCACTAA-1,CON,0.0
CON2_TAGGAACCAGCATGGA-1,CON,1.1488959519523063
CON2_TAGGCTTAGTGGACAA-1,CON,1.5719069435880495
CON2_TAGTAAGCAAGCTACC-1,CON,0.0
CON2_TAGTACGGTGTTTGAG-1,CON,0.0
CON2_TAGTAGGAGAGCCGCT-1,CON,0.0
CON2_TAGTGGCGTGAGGTAG-1,CON,0.0
CON2_TAGTGGCGTTTGTGGA-1,CON,1.2202293452486994
CON2_TATAGCTCAGCTCAAC-1,CON,0.0
CON2_TATAGCTCAGTTTGGC-1,CON,0.0
CON2_TATCACGCATAAGTTC-1,CON,1.1510343092541984
CON2_TATCCAGCAAGCCAGA-1,CON,0.0
CON2_TATCCAGCACAATGCC-1,CON,0.0
CON2_TATCGAGGTTACGCAA-1,CON,0.0
CON2_TATCGCGAGGTCCTAG-1,CON,0.0
CON2_TATGAAGCAATAACCT-1,CON,0.0
CON2_TATGAAGCATAAGCAA-1,CON,1.0605161081787386
CON2_TATGGCCCAATGAAGC-1,CON,0.0
CON2_TATGGCCCACTTAACG-1,CON,0.7079175919325754
CON2_TATGGCCCATGAATCT-1,CON,1.0559711593768801
CON2_TATGGGCGTACTTCAC-1,CON,1.3757747956610482
CON2_TATGGTCAGGCTTAGT-1,CON,1.110621608551663
CON2_TATTAGGTCACAGCCA-1,CON,1.0428849344613518
CON2_TATTCGTTCTCCATGC-1,CON,0.0
CON2_TATTTGGAGGCGCTTA-1,CON,0.0
CON2_TCAAACCAGCTCAATA-1,CON,0.0
CON2_TCAACAATCACAGACT-1,CON,0.0
CON2_TCAAGCTAGTAAGAAC-1,CON,0.0
CON2_TCAAGGAAGCGAGCGA-1,CON,0.0
CON2_TCAAGGAAGCGCCTAA-1,CON,0.0
CON2_TCAAGGAAGCGGATTT-1,CON,2.0798473293311597
CON2_TCAAGGAAGTAGCGCC-1,CON,0.0
CON2_TCAAGGTTCCCTCTAA-1,CON,1.7468219939001053
CON2_TCACCTCAGTAAGGGC-1,CON,0.0
CON2_TCACCTGGTGTTAGCA-1,CON,0.0
CON2_TCACTGACACATAACT-1,CON,1.4872370613488206
CON2_TCAGGAGCAAACATAG-1,CON,0.0
CON2_TCAGGTCCAGGAACCA-1,CON,1.469593395795061
CON2_TCAGGTTAGGATTTGC-1,CON,0.0
CON2_TCAGTAATCAAATCGC-1,CON,0.525285624385397
CON2_TCATACTTCAGGAACA-1,CON,0.0
CON2_TCATACTTCTGTTCAT-1,CON,0.834404128536679
CON2_TCATGAGGTCAAGTAT-1,CON,0.0
CON2_TCATTTGGTAATGACT-1,CON,0.0
CON2_TCCACAACAGGAACAT-1,CON,0.0
CON2_TCCAGGATCATGGTGT-1,CON,0.0
CON2_TCCAGGTCAAGGTATA-1,CON,0.0
CON2_TCCAGGTCAGCATGTC-1,CON,0.4558839684626507
CON2_TCCAGGTCAGCCAGAA-1,CON,0.0
CON2_TCCATTGTCCTTGCAC-1,CON,0.0
CON2_TCCCGGACAGTTGCGT-1,CON,0.0
CON2_TCCGGAATCACTCGCT-1,CON,1.3194808730798961
CON2_TCCGGAATCGTTTCGC-1,CON,0.0
CON2_TCCTAGTGTTGCGTAA-1,CON,0.0
CON2_TCCTCACAGGCGGGTA-1,CON,0.0
CON2_TCCTCACAGTCTGGGC-1,CON,0.8730144058574276
CON2_TCCTCTAAGTTAGGCT-1,CON,1.1676248430634084
CON2_TCCTGGTTCCCGAAGC-1,CON,0.0
CON2_TCCTGTTCATCCGTAA-1,CON,1.4408935994684653
CON2_TCGCTAACACTAAGTT-1,CON,0.0
CON2_TCGGTAAGTTTGGGTA-1,CON,1.4151750166135588
CON2_TCGGTTACACGCAACT-1,CON,0.54915934397818
CON2_TCGGTTACATTAAGTC-1,CON,0.0
CON2_TCGGTTCTCAGCAAAG-1,CON,0.0
CON2_TCGGTTTGTAATGGAA-1,CON,0.4782872259414881
CON2_TCGGTTTGTGATGGCT-1,CON,0.0
CON2_TCGGTTTGTTGAATCG-1,CON,0.0
CON2_TCGTAATCACACTAAT-1,CON,0.6113713976157844
CON2_TCGTGCTTCCCTCAAC-1,CON,1.5471847463240622
CON2_TCGTGCTTCGAAGTGA-1,CON,1.567137171652614
CON2_TCGTTACGTATGTGGC-1,CON,0.0
CON2_TCGTTACGTCTTGCTG-1,CON,1.1704545339259076
CON2_TCGTTACGTGCCGCAA-1,CON,2.0002816639103855
CON2_TCGTTAGCACAGACTC-1,CON,2.567537876980289
CON2_TCTAACTTCTAAATCG-1,CON,0.0
CON2_TCTAATCTCGAAGTAG-1,CON,0.0
CON2_TCTACTAGTATTGGAT-1,CON,1.3543880225863276
CON2_TCTACTAGTTGACTTC-1,CON,1.7427601397893113
CON2_TCTAGCCTCATTGCGG-1,CON,0.8848315547527359
CON2_TCTAGCCTCTGCAAGT-1,CON,0.0
CON2_TCTAGCCTCTGTGCAG-1,CON,0.5310527159028682
CON2_TCTGGCTTCCGCCTAT-1,CON,0.9552653593268496
CON2_TCTTAGTTCAGGATGA-1,CON,0.4988779570459684
CON2_TCTTAGTTCGGTTTCC-1,CON,0.0
CON2_TCTTAGTTCTCACATT-1,CON,0.0
CON2_TCTTGTCCAATTATGC-1,CON,0.0
CON2_TCTTGTCCATGTTGGC-1,CON,1.5328854550478324
CON2_TGAAACTGTAGGTTTG-1,CON,0.0
CON2_TGAAACTGTTAAATGC-1,CON,0.9472846592870594
CON2_TGAACAGAGTCACCAG-1,CON,2.2449984991662935
CON2_TGAAGTGAGGACCTGC-1,CON,0.0
CON2_TGACCTTGTCACAGAC-1,CON,0.0
CON2_TGACTCCTCAGGAAGC-1,CON,0.0
CON2_TGACTCCTCATGCCTC-1,CON,1.3150618224910362
CON2_TGACTTAAGGCGCTAC-1,CON,0.5997661166287842
CON2_TGACTTCGTAAGCTCA-1,CON,0.0
CON2_TGAGCAAAGTGTGATC-1,CON,0.8898318544737025
CON2_TGAGCACGTGCTCCAC-1,CON,0.0
CON2_TGAGGAGGTTAGCTGA-1,CON,0.8076112619582649
CON2_TGAGGCACATAGGCGA-1,CON,0.0
CON2_TGAGTGAAGTCATGCG-1,CON,1.0972807305485972
CON2_TGAGTGAAGTGCACGC-1,CON,1.1211081248375274
CON2_TGATCACAGTACTGGT-1,CON,0.0
CON2_TGATCAGGTGAGCACT-1,CON,0.0
CON2_TGATCAGGTGCTAGAC-1,CON,0.9659044693913886
CON2_TGATCGAGTATTCGCT-1,CON,0.0
CON2_TGATCGAGTTCGGTAA-1,CON,0.5926273359114319
CON2_TGATGATGTTAAGCTG-1,CON,0.5209187504190392
CON2_TGATTCAAGCATTAGC-1,CON,0.0
CON2_TGATTCAAGTCACCTC-1,CON,0.0
CON2_TGCACACCACCCTCAC-1,CON,0.0
CON2_TGCACCTTCAAGCTAC-1,CON,0.0
CON2_TGCATCCTCGCTAGTG-1,CON,0.0
CON2_TGCATGAGTCATCCTG-1,CON,1.097679825566045
CON2_TGCATTAAGGTTTGAC-1,CON,0.9513952045901348
CON2_TGCCATTGTAAACAAG-1,CON,0.9650905687669908
CON2_TGCCATTGTACCGTAA-1,CON,0.6027089115679382
CON2_TGCCATTGTGGACCTG-1,CON,0.0
CON2_TGCGCGAGTAACCTAG-1,CON,0.0
CON2_TGCGCGAGTGATGGCT-1,CON,2.1203156860788543
CON2_TGCGCGAGTTGTAACG-1,CON,0.0
CON2_TGCTAACAGTATGTGC-1,CON,1.5603588978871545
CON2_TGCTCACTCAATCTAG-1,CON,1.8909489296685527
CON2_TGCTCTCAGCTAAGTC-1,CON,0.0
CON2_TGCTGGATCATAACCA-1,CON,1.4300340861480163
CON2_TGCTTAAAGCGCTCAA-1,CON,1.363737982112229
CON2_TGCTTGTGTTTGGGCG-1,CON,0.0
CON2_TGGAACAAGGCGAATA-1,CON,0.0
CON2_TGGACAAAGTGTTGCG-1,CON,0.0
CON2_TGGACGGAGCACTAGT-1,CON,1.9738514312557616
CON2_TGGACTAGTCATCATC-1,CON,1.0882757110400325
CON2_TGGACTAGTGGATTAT-1,CON,0.0
CON2_TGGACTAGTGTGTGGT-1,CON,0.0
CON2_TGGATTCAGGTCATTA-1,CON,0.4594862814425308
CON2_TGGCCTTTCACCATTT-1,CON,0.0
CON2_TGGCGGTTCAACCAAC-1,CON,0.0
CON2_TGGCTTTGTTAAATGC-1,CON,0.0
CON2_TGGGCATGTCCCGGAA-1,CON,0.983860160109317
CON2_TGGTGATTCGGGCCAT-1,CON,1.0995464939942938
CON2_TGGTGATTCTACTAAG-1,CON,1.7089451979459505
CON2_TGGTTAATCCGCTAGA-1,CON,0.0
CON2_TGGTTAATCCGGGACT-1,CON,0.0
CON2_TGGTTAATCGCATTAA-1,CON,0.0
CON2_TGGTTCCTCCGCCTAT-1,CON,1.2758220545904673
CON2_TGGTTCCTCTCAATGA-1,CON,0.0
CON2_TGGTTCTGTTAGGCGT-1,CON,2.158751620826407
CON2_TGGTTGAGTGCAATAT-1,CON,0.0
CON2_TGTAACTCAAAGGTAC-1,CON,0.0
CON2_TGTAAGCTCGTTTCTG-1,CON,0.0
CON2_TGTAAGTGTGAGCACT-1,CON,0.0
CON2_TGTAAGTGTTGCACGG-1,CON,0.0
CON2_TGTATCCGTACCCACC-1,CON,0.0
CON2_TGTATCCGTGGACCTG-1,CON,0.0
CON2_TGTCAGTAGAGGAAGG-1,CON,0.0
CON2_TGTCAGTAGTAATCCA-1,CON,0.0
CON2_TGTCATAAGGATCCGC-1,CON,1.4974362814235804
CON2_TGTGAAACAACTAACT-1,CON,0.4990813087871563
CON2_TGTGAAACAGGACACA-1,CON,0.7360183004646063
CON2_TGTGAAACATGAGTTT-1,CON,1.5481315346240136
CON2_TGTGATCAGGACCGCT-1,CON,1.0270869181116895
CON2_TGTGCAAGTGAAGCCT-1,CON,0.0
CON2_TGTGGCGGTCTAACAG-1,CON,0.8897050569656446
CON2_TGTGGCTCAGCCTTGG-1,CON,0.0
CON2_TGTGTGAGTTAGCATG-1,CON,1.788572149280794
CON2_TGTGTTAAGTAAGTGG-1,CON,0.0
CON2_TGTTAGCAGGTAGCTT-1,CON,1.1139784611836254
CON2_TGTTATGAGACAGGTA-1,CON,0.0
CON2_TGTTGCACATTAGCCA-1,CON,0.36738322090416736
CON2_TGTTGGCCATCACAGC-1,CON,0.0
CON2_TGTTGTAAGGCCCAGT-1,CON,0.7622924649337014
CON2_TTAAGGACATGCTCCC-1,CON,0.0
CON2_TTAAGGTGTTAGTACG-1,CON,0.839825422560426
CON2_TTAATCGAGATAGACG-1,CON,0.0
CON2_TTACCGTGTTAGACCA-1,CON,0.5445910723622022
CON2_TTACCTGTCCATTACT-1,CON,0.7000172823438223
CON2_TTACGTTTCATTGTTC-1,CON,0.0
CON2_TTACGTTTCTTGTCCA-1,CON,1.4345158992167122
CON2_TTAGCCTGTTGCTGGG-1,CON,0.0
CON2_TTAGGAACAAGGTGGC-1,CON,1.6635861911567846
CON2_TTAGGCTAGATAGACG-1,CON,0.8468409785974171
CON2_TTAGTCAAGCTGGACC-1,CON,0.0
CON2_TTCACTGTCACAGCGC-1,CON,1.0978129281139546
CON2_TTCACTGTCGCGCTAA-1,CON,0.0
CON2_TTCACTGTCGGTCATG-1,CON,0.607312394855809
CON2_TTCAGTTTCATAACTG-1,CON,1.3044456056369995
CON2_TTCATTCAGCTGTAAC-1,CON,0.0
CON2_TTCATTCAGTCAGTAC-1,CON,0.640879628257523
CON2_TTCGTGCTCAAGACTC-1,CON,0.0
CON2_TTCGTGCTCACGCCAA-1,CON,0.0
CON2_TTGAGGCGTGTTCCCA-1,CON,1.2777793368720949
CON2_TTGAGGCGTTAACACG-1,CON,0.8453976222857144
CON2_TTGATGTCAGCGCTTG-1,CON,1.417776660956988
CON2_TTGCATTTCATGCCTC-1,CON,0.0
CON2_TTGCGTCTCATCCTGC-1,CON,0.0
CON2_TTGCGTCTCGGTTCCT-1,CON,1.7912041296236234
CON2_TTGCTCTCAAGACTCC-1,CON,2.0068362259746126
CON2_TTGCTTAGTACGGGTT-1,CON,0.0
CON2_TTGCTTTAGGGTCCAC-1,CON,0.0
CON2_TTGGATTCAGGCCAAA-1,CON,1.1738137623951468
CON2_TTGGCTACAATGCCCG-1,CON,0.0
CON2_TTGGCTTGTTGCACAA-1,CON,0.0
CON2_TTGGGCGGTGCCGCAA-1,CON,0.0
CON2_TTGGGTTAGGACAATG-1,CON,0.0
CON2_TTGGGTTAGGCGGATG-1,CON,0.0
CON2_TTGGGTTAGTAGGATG-1,CON,0.0
CON2_TTGTAAGTCGCTATAA-1,CON,0.5066212704364993
CON2_TTGTCCATCGGTTTCC-1,CON,0.5071462294938095
CON2_TTGTCCATCTCACTCA-1,CON,0.0
CON2_TTGTGAGGTGTTTGCT-1,CON,0.0
CON2_TTGTGCCTCCTAACGG-1,CON,0.0
CON2_TTGTGCCTCGGCTAGC-1,CON,0.0
CON2_TTGTGTGCACCTACTT-1,CON,0.8375884981955141
CON2_TTGTGTGCACCTCGCT-1,CON,0.0
CON2_TTGTTCCCATCTTGAG-1,CON,0.8911867606005441
CON2_TTTAACGAGCATGTCG-1,CON,1.010964981609354
CON2_TTTAAGCCAGGTCCTG-1,CON,1.107015699464489
CON2_TTTAAGCCATGCTCCC-1,CON,0.0
CON2_TTTACGCGTCGCAAAC-1,CON,0.0
CON2_TTTAGGATCGGGCCAT-1,CON,0.0
CON2_TTTCCACCAATTTGGT-1,CON,0.0
CON2_TTTCCACCACTGGCTG-1,CON,1.3071427696388052
CON2_TTTCCTGAGGAAGCTA-1,CON,0.6602965570859011
CON2_TTTCTCACAGAACCGA-1,CON,0.0
CON2_TTTGAGTCAATCCTGA-1,CON,0.0
CON2_TTTGAGTCACATTAAC-1,CON,0.0
CON2_TTTGGTAAGCCTTAAA-1,CON,0.0
CFA1_AAACCGCGTAACCAGC-1,CFA,0.8112428432235956
CFA1_AAACCGCGTAATAACC-1,CFA,0.0
CFA1_AAACCGGCAACACTTG-1,CFA,0.6098331445563157
CFA1_AAACCGGCATCACTTC-1,CFA,0.0
CFA1_AAACGGATCGGCCATA-1,CFA,0.0
CFA1_AAACGTACACTCAACA-1,CFA,0.6414964605326501
CFA1_AAAGCAAGTAATTAGC-1,CFA,0.0
CFA1_AAAGCACCATTAAAGG-1,CFA,1.458474706285774
CFA1_AAAGCCGCAAGCTTAT-1,CFA,3.176473937739248
CFA1_AAAGCCGCAATGAATG-1,CFA,0.0
CFA1_AAATCCGGTACGTTTC-1,CFA,0.0
CFA1_AACAAAGGTTTGGCTT-1,CFA,1.417776660956988
CFA1_AACAAGCCAAACCCTA-1,CFA,1.5248115964659426
CFA1_AACAGATAGCGCAATT-1,CFA,0.0
CFA1_AACAGCAAGGAACGGT-1,CFA,0.44573654390978623
CFA1_AACAGCAAGTACTGGT-1,CFA,1.7135749725517435
CFA1_AACAGGATCCTGGCTT-1,CFA,0.0
CFA1_AACCGGCTCACCATTT-1,CFA,1.4474800213821741
CFA1_AACCTCCTCAGTGAAG-1,CFA,0.0
CFA1_AACGCCCAGTGCACGC-1,CFA,0.42436866878641455
CFA1_AACTAGCTCCCTGGAA-1,CFA,1.2162047713538553
CFA1_AACTTAGTCAAACTCA-1,CFA,0.0
CFA1_AACTTAGTCAAGGACA-1,CFA,0.0
CFA1_AAGAACAGTTCATTTG-1,CFA,0.0
CFA1_AAGCCACGTTGTCATC-1,CFA,1.2242273834969348
CFA1_AAGCCTTAGTCAATTG-1,CFA,0.0
CFA1_AAGCGGGTCCTAATAG-1,CFA,0.0
CFA1_AAGGCCCTCCACCCTG-1,CFA,0.0
CFA1_AAGTCTATCACTAATG-1,CFA,1.3793781756539831
CFA1_AAGTGCAAGACCATAC-1,CFA,0.6367845657808583
CFA1_AAGTTAGCACTGACTA-1,CFA,1.4994374217741644
CFA1_AAGTTTGTCCTGGTGA-1,CFA,0.6323709418872849
CFA1_AATAACCGTGACATAT-1,CFA,2.0613033571163624
CFA1_AATAACCGTTTACGTC-1,CFA,0.0
CFA1_AATAGAGGTGTGCACG-1,CFA,0.0
CFA1_AATCATCCAATTTGGT-1,CFA,0.0
CFA1_AATCCATCACCTGGTG-1,CFA,0.0
CFA1_AATCGCCCAATAGTCT-1,CFA,1.4012098918763383
CFA1_AATCGCCCATTTGCTC-1,CFA,0.8009907986110252
CFA1_AATCTCAAGCAGGCCT-1,CFA,1.0573669569341326
CFA1_AATGAAGGTTAGGATT-1,CFA,1.2368335994697515
CFA1_AATGCAACAACCCTCC-1,CFA,1.2463125167912092
CFA1_AATTGACGTGTTCCCA-1,CFA,0.0
CFA1_ACAAACTGTTCCATTA-1,CFA,0.593351459588272
CFA1_ACAAAGGTCTCCTCTT-1,CFA,1.0743689399271323
CFA1_ACAACAACAAATTGCT-1,CFA,0.0
CFA1_ACAACAACATAGACCC-1,CFA,0.5630714753275119
CFA1_ACACTTAAGCAATAGG-1,CFA,0.0
CFA1_ACAGGATCATTGACAT-1,CFA,0.0
CFA1_ACAGGCTGTTACCTGT-1,CFA,0.0
CFA1_ACATCAATCCCATAGG-1,CFA,0.0
CFA1_ACATCAATCGACCTGA-1,CFA,0.0
CFA1_ACCAAACTCCGTAAAC-1,CFA,0.0
CFA1_ACCAAACTCGGTTAGT-1,CFA,1.428174935783814
CFA1_ACCAAGCGTTGAAGCC-1,CFA,0.0
CFA1_ACCAAGTTCCTGTTCA-1,CFA,0.7203664717597049
CFA1_ACCAAGTTCGTGCCTT-1,CFA,0.0
CFA1_ACCACATAGCGGTTAT-1,CFA,0.0
CFA1_ACCGGTTCAGTTATGT-1,CFA,0.0
CFA1_ACCTAAGGTGTTTCAC-1,CFA,1.4454931755861118
CFA1_ACCTACCTCATTACGA-1,CFA,1.0548110626002205
CFA1_ACCTCACTCACCGGTA-1,CFA,0.0
CFA1_ACCTCACTCATTCATC-1,CFA,0.0
CFA1_ACCTGGTCACTTGTTC-1,CFA,1.7482946919287157
CFA1_ACCTTGCTCAGGAACA-1,CFA,0.0
CFA1_ACCTTGTGTTACAAAC-1,CFA,0.0
CFA1_ACGAACAAGCTTTGGG-1,CFA,0.0
CFA1_ACGAAGTCAGTAATAG-1,CFA,0.623088334416404
CFA1_ACGCCTAAGGTCCTGA-1,CFA,1.6816568373691168
CFA1_ACGCTTGAGCATGTCG-1,CFA,1.65454797826132
CFA1_ACGCTTGAGGACACTT-1,CFA,0.0
CFA1_ACGGTACGTTGTTGCT-1,CFA,0.0
CFA1_ACGGTTAGTCCTAATC-1,CFA,0.0
CFA1_ACGGTTTAGAACCTAC-1,CFA,0.0
CFA1_ACGGTTTAGCAGGCCT-1,CFA,0.8180794118962088
CFA1_ACGGTTTAGCTTAACA-1,CFA,1.4661319742441212
CFA1_ACGGTTTAGTTAACCA-1,CFA,0.0
CFA1_ACGTCAAGTTGGTGAC-1,CFA,0.0
CFA1_ACGTCCAAGCGGTTAT-1,CFA,0.0
CFA1_ACGTTACAGTGCTGTG-1,CFA,0.0
CFA1_ACTAACCAGTTATTCC-1,CFA,0.0
CFA1_ACTAATCCATGCTATG-1,CFA,0.0
CFA1_ACTAGGCGTAGCTGGT-1,CFA,0.0
CFA1_ACTATCCGTTACCTGT-1,CFA,1.105098556096676
CFA1_ACTATGTCAGATAGAC-1,CFA,0.0
CFA1_ACTCACCTCATAGCCG-1,CFA,1.4119580740936721
CFA1_ACTCAGTAGGGTCTAT-1,CFA,0.0
CFA1_ACTCCTCAGGTTACAC-1,CFA,0.9604619501872924
CFA1_ACTTACAAGGCGTAAA-1,CFA,0.0
CFA1_ACTTACAAGGGTTAGA-1,CFA,0.0
CFA1_ACTTAGTCATAATCAC-1,CFA,1.7022571258035009
CFA1_ACTTATGAGTCCTGAG-1,CFA,0.9813764572028935
CFA1_ACTTGTCGTGAATCGC-1,CFA,0.0
CFA1_AGAAACCCAGTTATGT-1,CFA,0.0
CFA1_AGAAACTAGGATAAAC-1,CFA,0.0
CFA1_AGAACCGCATACCCGG-1,CFA,0.0
CFA1_AGAAGGTGTCAAAGAA-1,CFA,1.3375709269521165
CFA1_AGAATCTGTAATGACT-1,CFA,1.217570901516313
CFA1_AGAATCTGTCACAGCG-1,CFA,0.6130727438104098
CFA1_AGACACGCATGATTGT-1,CFA,0.5860497379392035
CFA1_AGACTATGTGCATCGG-1,CFA,0.9540042610459218
CFA1_AGAGAAGCATGCAACC-1,CFA,0.4876326403173571
CFA1_AGCAAATAGGTGCTGC-1,CFA,0.0
CFA1_AGCACAGCAACAACAA-1,CFA,0.0
CFA1_AGCACAGCATCCTAGA-1,CFA,2.0094552590327788
CFA1_AGCACTAGTAAGCACC-1,CFA,0.7016031412215316
CFA1_AGCACTAGTCCGTAGG-1,CFA,0.0
CFA1_AGCCAGTGTCACACCC-1,CFA,0.8827483874539241
CFA1_AGCCGCTAGGCGGATG-1,CFA,0.0
CFA1_AGCCGGTTCTTTGTAC-1,CFA,0.0
CFA1_AGCGATTTCCTAATAG-1,CFA,0.6620644990657168
CFA1_AGCTAAACAGCCAGAA-1,CFA,1.1467663752828485
CFA1_AGCTACTAGTAACCCG-1,CFA,0.0
CFA1_AGCTATATCCGGTTAG-1,CFA,1.7268390618245864
CFA1_AGCTGCTCAGGTTATT-1,CFA,0.0
CFA1_AGCTTAATCTAAGTCA-1,CFA,1.6183369715348914
CFA1_AGCTTCCTCAATCTCT-1,CFA,0.0
CFA1_AGCTTCCTCTAGCGAT-1,CFA,1.370821166977591
CFA1_AGGAAACGTCAGGCCA-1,CFA,0.0
CFA1_AGGAACCAGCATGTTA-1,CFA,1.2674182940277692
CFA1_AGGAACCAGCCGCTTT-1,CFA,0.0
CFA1_AGGAACCAGTTTGGTA-1,CFA,0.0
CFA1_AGGACGTAGCTCATAA-1,CFA,0.6541628635485979
CFA1_AGGACTAAGCCATCAG-1,CFA,1.7381677698693827
CFA1_AGGCCCAGTGGATGTC-1,CFA,0.9041062787735203
CFA1_AGGCTAAAGCCTTAAA-1,CFA,0.573571291606853
CFA1_AGGTAACCAATATGGA-1,CFA,0.9320246545579819
CFA1_AGGTATTGTTACGCGG-1,CFA,1.6880359622894368
CFA1_AGGTCATTCGGTTACG-1,CFA,0.0
CFA1_AGGTCATTCTAATTGG-1,CFA,0.4724389126366745
CFA1_AGGTCATTCTGCAAGT-1,CFA,0.0
CFA1_AGGTCTTAGAAGCTAG-1,CFA,1.6759246901372218
CFA1_AGGTTAACATATTGAC-1,CFA,0.6612473083800149
CFA1_AGGTTACTCATGCATA-1,CFA,0.0
CFA1_AGGTTACTCCTCGATC-1,CFA,1.7832685200432952
CFA1_AGGTTAGAGGACTTAC-1,CFA,0.0
CFA1_AGTAACACATAGGCGA-1,CFA,0.0
CFA1_AGTAAGTAGGAGCATA-1,CFA,0.6320816999434415
CFA1_AGTAATGCATGAGTTT-1,CFA,0.4088434045267671
CFA1_AGTAGCTTCTCGACCT-1,CFA,1.3055621640951927
CFA1_AGTAGCTTCTTGCATT-1,CFA,0.0
CFA1_AGTCCTGAGGAGCATA-1,CFA,0.0
CFA1_AGTCCTTGTCCGGTTC-1,CFA,0.5220592460983292
CFA1_AGTCGCATCCTCCCTC-1,CFA,0.0
CFA1_AGTGAGTCAGTCTATG-1,CFA,1.615438144729494
CFA1_AGTGCACGTTAGGCGT-1,CFA,0.8477934052584488
CFA1_AGTGCGGAGGTGAGAC-1,CFA,1.0059871392760018
CFA1_AGTGCGGAGTAAGTCC-1,CFA,0.0
CFA1_AGTGTTTCAAGGCCAA-1,CFA,1.3612517453070045
CFA1_AGTGTTTCACTAAGAA-1,CFA,1.7856743699622977
CFA1_AGTTACTCAATAATCC-1,CFA,0.0
CFA1_AGTTATGTCAAGCCTG-1,CFA,0.0
CFA1_AGTTATGTCTAACCAA-1,CFA,0.0
CFA1_AGTTGCAGTTTCCACG-1,CFA,0.4913724499669314
CFA1_AGTTGCGTCATAACCA-1,CFA,0.0
CFA1_AGTTTGATCAACAAGG-1,CFA,1.7506780363985435
CFA1_ATAACGACACTAGGTC-1,CFA,1.2106310749598213
CFA1_ATACCGGTCGGCTAGC-1,CFA,3.035048184003741
CFA1_ATAGGTACAACAGCCT-1,CFA,0.6121048740505624
CFA1_ATATGCATCTTAGGAC-1,CFA,0.0
CFA1_ATATGGTGTCGCAAAC-1,CFA,0.0
CFA1_ATATGTCCATAATGTC-1,CFA,0.8511640788975369
CFA1_ATATGTCCATTCAGCA-1,CFA,1.628589678521531
CFA1_ATCAATCCAACTCGCG-1,CFA,0.0
CFA1_ATCACACAGATACTTG-1,CFA,0.0
CFA1_ATCACTAAGGTATTGC-1,CFA,0.7066660702906474
CFA1_ATCATCAAGGCGCTTA-1,CFA,0.0
CFA1_ATCCATAAGGTCGAGG-1,CFA,0.6863668224960057
CFA1_ATCGCCCGTTGTTGTC-1,CFA,0.0
CFA1_ATCGCTTGTCCGTGAG-1,CFA,0.0
CFA1_ATCTATGAGATGCCTG-1,CFA,1.892869641819108
CFA1_ATCTATGAGGATTGCT-1,CFA,0.669980121278411
CFA1_ATCTTTGGTCATTGTC-1,CFA,0.836598350290921
CFA1_ATGAAGTAGGCCGGAA-1,CFA,1.5576513835693258
CFA1_ATGACGAAGCATTTCT-1,CFA,0.0
CFA1_ATGAGCCGTATTACCC-1,CFA,0.5395327608674481
CFA1_ATGCTTAAGTTAGAGG-1,CFA,0.0
CFA1_ATGGACAAGCGCTCAA-1,CFA,0.0
CFA1_ATGGCCCAGAACAAGT-1,CFA,1.535758258152603
CFA1_ATGGCCGGTAAATTGC-1,CFA,0.0
CFA1_ATGGCTAGTTAGCATG-1,CFA,0.7333933140329759
CFA1_ATGGTTATCCAACTGG-1,CFA,0.0
CFA1_ATGTAACGTACCAGGT-1,CFA,0.0
CFA1_ATGTAACGTGTAACCA-1,CFA,0.0
CFA1_ATGTAAGCATAGACTT-1,CFA,0.0
CFA1_ATGTCATCACCTACTT-1,CFA,0.0
CFA1_ATGTGAGAGCACCACA-1,CFA,0.0
CFA1_ATGTGAGAGGAGCACG-1,CFA,0.0
CFA1_ATTACCGCAGTAATAG-1,CFA,0.0
CFA1_ATTACGTCATAGCAGG-1,CFA,0.3780763444092856
CFA1_ATTATCCTCCTTAAGA-1,CFA,0.0
CFA1_ATTCCGGAGGTCCTGA-1,CFA,0.0
CFA1_ATTCCTCCATGTTGTG-1,CFA,0.9597655602444668
CFA1_ATTCGTTTCCCGAAGC-1,CFA,0.0
CFA1_ATTGCGCCAACCTGGT-1,CFA,0.0
CFA1_ATTGCTCGTAATCGCA-1,CFA,0.7477703898352028
CFA1_ATTGCTCGTTGCGGAT-1,CFA,0.0
CFA1_ATTGGTTCATCACAGC-1,CFA,1.40942009308613
CFA1_ATTTAGCCAATTAGCT-1,CFA,0.0
CFA1_ATTTAGCCACCGGCTA-1,CFA,0.0
CFA1_ATTTAGGTCTTAATGG-1,CFA,0.0
CFA1_ATTTGCAAGTGAACGA-1,CFA,1.80851663518516
CFA1_CAAACACTCTCATCAT-1,CFA,0.7502683414336222
CFA1_CAAACCGTCCTAAGAC-1,CFA,0.5731658629385337
CFA1_CAAAGGATCGATTTAG-1,CFA,0.7491494550322748
CFA1_CAAAGGATCTCCTCTT-1,CFA,1.9218926322647503
CFA1_CAAATCATCTAACCAA-1,CFA,0.0
CFA1_CAACAATGTTAATCGG-1,CFA,0.0
CFA1_CAACAATGTTGAAGCC-1,CFA,0.6542072075281179
CFA1_CAACAGGCAGAGGCTA-1,CFA,0.0
CFA1_CAACAGGCAGCTAATT-1,CFA,1.7756918883605712
CFA1_CAACCCGCATCACTTC-1,CFA,0.0
CFA1_CAACTAATCATAATCG-1,CFA,0.0
CFA1_CAAGCTAGTACTTAGG-1,CFA,0.0
CFA1_CAAGGCCTCCTTTACG-1,CFA,1.1302517916430386
CFA1_CAAGGCTGTACGATTG-1,CFA,0.0
CFA1_CAAGGCTGTAGGATCC-1,CFA,1.9548777879056067
CFA1_CAAGGTTTCACGAATC-1,CFA,0.0
CFA1_CAAGGTTTCCATAAGC-1,CFA,0.41032341725924065
CFA1_CAAGTATGTAACTACG-1,CFA,0.46992864143122026
CFA1_CAAGTGAAGAAGCTAG-1,CFA,1.8494285741234164
CFA1_CAATCGCCACCTGCTC-1,CFA,0.42367515170945497
CFA1_CAATGCCCACCAGCAT-1,CFA,0.6292246989501344
CFA1_CAATGTGGTCATAACG-1,CFA,0.638129522153559
CFA1_CACAATATCAAGCCTG-1,CFA,0.0
CFA1_CACATAATCGGGACCT-1,CFA,0.0
CFA1_CACATGCCAGGCTAGA-1,CFA,0.0
CFA1_CACATGCCATACTCCT-1,CFA,1.4430420804696935
CFA1_CACTAAGGTGGTTAGC-1,CFA,0.0
CFA1_CACTGACCAAGTGAAC-1,CFA,0.41596721438333834
CFA1_CACTTAAAGTTTGGTA-1,CFA,0.6654002343557743
CFA1_CAGAACCGTTGCGCGA-1,CFA,0.0
CFA1_CAGAATCTCCATCAGG-1,CFA,0.8116600747604422
CFA1_CAGATTCAGTTCCTGC-1,CFA,0.6836833875289952
CFA1_CAGCTATAGGTACCGC-1,CFA,0.0
CFA1_CAGCTATAGTTATGTG-1,CFA,0.0
CFA1_CAGGGCTTCGCAACAT-1,CFA,0.0
CFA1_CAGGTCCAGCAAGGAC-1,CFA,1.3375709269521163
CFA1_CAGGTGGAGGAGGGTT-1,CFA,1.0711839985407838
CFA1_CAGGTGGAGTCGCTAG-1,CFA,0.6965646127732379
CFA1_CAGGTTTAGTAATCCA-1,CFA,0.0
CFA1_CATAATGTCTTGCAGG-1,CFA,0.0
CFA1_CATAGCTAGCAGGTTT-1,CFA,1.2225344917330552
CFA1_CATAGGCGTATTCGTC-1,CFA,0.0
CFA1_CATAGTCAGTGAACAG-1,CFA,0.0
CFA1_CATCAATCAGGATAAC-1,CFA,0.0
CFA1_CATCACACAGTTATGT-1,CFA,0.592663498894529
CFA1_CATCAGCCATGACTAT-1,CFA,1.4208061528782412
CFA1_CATCATGCATTATGGT-1,CFA,0.9319779869833112
CFA1_CATCCTGGTTCCATTA-1,CFA,1.0305524781712954
CFA1_CATGCAAGTAGTTAAC-1,CFA,0.0
CFA1_CATGCGCAGACAGGCG-1,CFA,1.5242354072362545
CFA1_CATGGATTCGAGCTAT-1,CFA,0.0
CFA1_CATGGATTCTCCTCTT-1,CFA,0.0
CFA1_CATTATCTCCATTACT-1,CFA,0.6484071119097675
CFA1_CATTATCTCGTTTCGC-1,CFA,0.0
CFA1_CATTCATTCGCTAAAC-1,CFA,0.9476069405326167
CFA1_CATTGTGCAAGGTACG-1,CFA,0.621010499644578
CFA1_CATTTGTTCCATAATG-1,CFA,0.0
CFA1_CCAACCAAGATGCCTG-1,CFA,0.0
CFA1_CCAACCAAGGCGTAAA-1,CFA,0.0
CFA1_CCAACCAAGTTAGACC-1,CFA,1.2311091420841689
CFA1_CCAAGTTAGGAAACTG-1,CFA,1.016446401509188
CFA1_CCAGACTCATTAAAGG-1,CFA,1.6626950891076318
CFA1_CCATAATCACAAAGAC-1,CFA,0.0
CFA1_CCATTATTCCTAGTAA-1,CFA,1.5212223630046897
CFA1_CCATTGTGTAAATTGC-1,CFA,0.0
CFA1_CCCAGCACACATACTG-1,CFA,0.6150570181818088
CFA1_CCCAGTTTCCTAGTTT-1,CFA,0.52175275848772
CFA1_CCCTAATGTGTTGTAG-1,CFA,0.0
CFA1_CCCTCACCAGAAATTG-1,CFA,0.0
CFA1_CCCTTAATCTTAAGTG-1,CFA,0.0
CFA1_CCGGTTAAGATGGAGC-1,CFA,1.8437636550874568
CFA1_CCGGTTAAGGATTGAG-1,CFA,1.1520944591096547
CFA1_CCGTTACTCAGGTCCA-1,CFA,0.34840476136580245
CFA1_CCGTTGCGTAACGAGG-1,CFA,0.0
CFA1_CCTAAAGGTTCATCTA-1,CFA,1.4047390830852304
CFA1_CCTAAATCAAATGCCC-1,CFA,0.0
CFA1_CCTAAATCATTAAGCT-1,CFA,0.9510701500801826
CFA1_CCTAAGTAGTTAGTTG-1,CFA,0.0
CFA1_CCTAATAAGCAGCTCA-1,CFA,0.0
CFA1_CCTAATAAGTTGGATC-1,CFA,1.5374766251963847
CFA1_CCTGGTAAGCCTGTGA-1,CFA,0.0
CFA1_CCTGGTAAGCTTAGCG-1,CFA,0.0
CFA1_CCTGTAACAGGCAAGC-1,CFA,0.0
CFA1_CCTTAACGTAAGCTCA-1,CFA,0.7697153209564237
CFA1_CCTTACTCAAGGTACG-1,CFA,1.4870868644277409
CFA1_CCTTATGTCATGAGCT-1,CFA,1.259349424256253
CFA1_CCTTGTTCATTATGCG-1,CFA,1.248139422897119
CFA1_CGAAGAATCGCCTAAG-1,CFA,0.0
CFA1_CGAAGCCTCTGTAATG-1,CFA,1.1283156302269113
CFA1_CGAATATGTTAGAGCC-1,CFA,0.4121069488580434
CFA1_CGAATCTAGGTAGCTT-1,CFA,0.0
CFA1_CGACAAGCAGCAACAG-1,CFA,0.0
CFA1_CGACAAGCAGGGAGCT-1,CFA,0.0
CFA1_CGAGCTGGTATTTGGG-1,CFA,1.3472871483054625
CFA1_CGAGGCAAGCCTAACG-1,CFA,1.3188785611691343
CFA1_CGATATTCATTATCCC-1,CFA,0.0
CFA1_CGATTATCACCGGCTA-1,CFA,0.0
CFA1_CGATTATCATTGACAT-1,CFA,0.0
CFA1_CGATTCCTCATGCTCC-1,CFA,0.0
CFA1_CGATTGAGTACTGATG-1,CFA,0.3621898038201916
CFA1_CGATTTGCATAAAGCA-1,CFA,1.1275149773135784
CFA1_CGCAATTAGGATCCGC-1,CFA,0.0
CFA1_CGCACACAGGCGAATA-1,CFA,0.0
CFA1_CGCACCACACCTGCCT-1,CFA,0.0
CFA1_CGCATATAGGGTCTAT-1,CFA,0.0
CFA1_CGCATGATCAAATCGC-1,CFA,0.9165908369131703
CFA1_CGCCTGTGTGAGGTGA-1,CFA,1.19006129893698
CFA1_CGCTCCATCCCATAAA-1,CFA,0.0
CFA1_CGCTGTGCACCTATAG-1,CFA,0.0
CFA1_CGCTGTGCATAATGAG-1,CFA,0.0
CFA1_CGCTTACTCACTAGGT-1,CFA,0.0
CFA1_CGCTTCTAGGGTCCAC-1,CFA,1.5740990178971488
CFA1_CGCTTGCGTGATGAAA-1,CFA,1.20384448628366
CFA1_CGGAGCAAGCAAGGAC-1,CFA,1.0171220299241854
CFA1_CGGAGTCTCATTACTC-1,CFA,1.317559017283495
CFA1_CGGATTAGTCATAGAT-1,CFA,0.0
CFA1_CGGATTAGTGTGAGAG-1,CFA,2.046727218183971
CFA1_CGGCAATGTAGCAGCT-1,CFA,0.9795809692395991
CFA1_CGGCCATAGACTCGCA-1,CFA,0.0
CFA1_CGGCTAATCATTACTC-1,CFA,0.948866090626715
CFA1_CGGTGAACACATAACT-1,CFA,0.0
CFA1_CGGTGAGAGTTTGAGC-1,CFA,0.0
CFA1_CGGTTATAGTTATGGC-1,CFA,0.0
CFA1_CGGTTTCTCGGTCAAT-1,CFA,2.1401922239802578
CFA1_CGTAACCCAGCTTAGC-1,CFA,0.9740058284852314
CFA1_CGTAATGGTTAAGTGT-1,CFA,0.0
CFA1_CGTAATGGTTGCGCGA-1,CFA,1.2988306379808179
CFA1_CGTAGTTAGGTCCAAT-1,CFA,0.0
CFA1_CGTATTGCAATATACC-1,CFA,1.4093499611637474
CFA1_CGTATTGCATGTTGCA-1,CFA,0.7070306211981773
CFA1_CGTGGTTCACATACTG-1,CFA,1.765881231407393
CFA1_CGTGGTTCAGCCTAAC-1,CFA,1.1833793563997161
CFA1_CGTGTTACAGCTTAAT-1,CFA,0.0
CFA1_CGTGTTACAGTCTATG-1,CFA,0.9771463132897664
CFA1_CGTTAACAGGCCGGAA-1,CFA,0.0
CFA1_CGTTAGGTCGTTAGTA-1,CFA,0.0
CFA1_CGTTATCGTTAACAGT-1,CFA,0.4642853492906457
CFA1_CGTTGCAAGGTTACAC-1,CFA,0.0
CFA1_CGTTTGGAGGACTAAG-1,CFA,0.0
CFA1_CGTTTGGAGTAAAGGT-1,CFA,0.0
CFA1_CTAACCTGTTGTAAAC-1,CFA,0.0
CFA1_CTAAGGTTCCACCTGT-1,CFA,0.39802283290708607
CFA1_CTAAGGTTCTGGCTTC-1,CFA,0.546360037583594
CFA1_CTAAGTCAGCCTGATG-1,CFA,1.6309812717802141
CFA1_CTAATCTTCGAAGTAG-1,CFA,0.0
CFA1_CTAATGTCATGCAACC-1,CFA,0.0
CFA1_CTAATGTCATGCTCCC-1,CFA,0.0
CFA1_CTACAACAGGACGTAA-1,CFA,1.327097044318585
CFA1_CTACAACAGGTCCGTA-1,CFA,1.2101682620477228
CFA1_CTACCTCAGCACAGAA-1,CFA,0.0
CFA1_CTACTAAAGAATGACG-1,CFA,0.0
CFA1_CTACTTAGTGATGATT-1,CFA,0.0
CFA1_CTAGATTCAGGTTACC-1,CFA,0.0
CFA1_CTAGCTGAGCAAGATG-1,CFA,1.996697928430164
CFA1_CTAGTAATCATGTGGT-1,CFA,0.0
CFA1_CTATAACCAAGGATTA-1,CFA,1.2975788618731467
CFA1_CTATAACCATGAAGTA-1,CFA,0.0
CFA1_CTATAACCATTCAGCA-1,CFA,0.0
CFA1_CTATGACAGTACCGCA-1,CFA,0.0
CFA1_CTATTACTCTTCAATC-1,CFA,0.7865205561376538
CFA1_CTATTCAGTCATAGAT-1,CFA,0.0
CFA1_CTATTGAAGCTTCTCA-1,CFA,1.5027022173783695
CFA1_CTCAATAAGTATCGCG-1,CFA,0.0
CFA1_CTCAATAAGTGTTGCG-1,CFA,1.7323400061206213
CFA1_CTCACAACAACTGGCT-1,CFA,0.0
CFA1_CTCACAACAAGGTGCA-1,CFA,0.0
CFA1_CTCACAACAATAGCAA-1,CFA,0.0
CFA1_CTCAGGATCTCATCAT-1,CFA,0.0
CFA1_CTCATTAGTTCGCTCA-1,CFA,0.546666222544187
CFA1_CTCATTGTCCGGGACT-1,CFA,0.682325628816767
CFA1_CTCATTTAGCTGGCTA-1,CFA,0.0
CFA1_CTCCAAACATTCAGCA-1,CFA,0.0
CFA1_CTCCAACTCAAGCCTG-1,CFA,0.0
CFA1_CTCCAACTCCGTTATT-1,CFA,0.6385932083425669
CFA1_CTCCGTCCACAATGCC-1,CFA,0.46916515521925106
CFA1_CTCCGTCCAGGATTAA-1,CFA,0.8644984011948639
CFA1_CTCTAAGCAGGATTAA-1,CFA,0.6906565192474935
CFA1_CTCTAGCTCGGTTAGT-1,CFA,0.0
CFA1_CTCTTGATCATCCTCA-1,CFA,1.1687319624650836
CFA1_CTCTTGATCATGCGTG-1,CFA,1.1028300093210588
CFA1_CTGGATGTCTTGAGCG-1,CFA,0.8647767735767384
CFA1_CTGGCTAAGGCACAGG-1,CFA,1.6319733898869293
CFA1_CTGGCTTTCATGGTTA-1,CFA,0.0
CFA1_CTGGTTTGTTAGGACC-1,CFA,0.0
CFA1_CTGTAACAGCTTATGA-1,CFA,0.0
CFA1_CTGTAACAGGGCTTTG-1,CFA,0.0
CFA1_CTGTTGGAGGTGTCCA-1,CFA,2.006199445413618
CFA1_CTTATGTTCGGTTAGT-1,CFA,0.0
CFA1_CTTATGTTCTTACTCG-1,CFA,0.0
CFA1_CTTCAAGCACGAATCC-1,CFA,0.0
CFA1_CTTCAAGCATAGCTGC-1,CFA,0.0
CFA1_CTTCAGGAGCTGGACC-1,CFA,0.0
CFA1_CTTCGCGTCAAACTCA-1,CFA,1.4214218067936697
CFA1_CTTCGCGTCAAAGGCA-1,CFA,0.7075520881691384
CFA1_CTTCTCAAGACAAACG-1,CFA,0.0
CFA1_CTTCTCAAGGTCGAGG-1,CFA,0.9650151270590558
CFA1_CTTGAATCAGACAAAC-1,CFA,0.0
CFA1_CTTGAATCAGGAACCA-1,CFA,0.0
CFA1_CTTGACGAGCCTAACG-1,CFA,0.0
CFA1_CTTGACGAGGATAAAC-1,CFA,1.841974458945858
CFA1_CTTGCATGTATTACCC-1,CFA,1.6626456175969286
CFA1_CTTGCGCGTTTGGCTT-1,CFA,0.0
CFA1_CTTGGACCAAAGGTAC-1,CFA,0.0
CFA1_CTTGTCCAGGAGCACG-1,CFA,1.8225140984239991
CFA1_CTTGTTCCATTCCTGT-1,CFA,0.898329650740357
CFA1_CTTTGTCCAATAATCC-1,CFA,0.4816924734960486
CFA1_GAAAGGCTCGATTTAG-1,CFA,0.0
CFA1_GAACGAATCATTCATC-1,CFA,0.0
CFA1_GAACTTATCATTGTTC-1,CFA,2.1918126288769004
CFA1_GAAGTAAGTTAAGCTG-1,CFA,0.0
CFA1_GAAGTATAGTGAGCGG-1,CFA,1.3421059976972949
CFA1_GAAGTCAAGGAACCAA-1,CFA,0.0
CFA1_GAAGTCAAGGAAGTAT-1,CFA,0.0
CFA1_GAAGTCAAGGAGGTTA-1,CFA,0.7919425754890086
CFA1_GACAATACAATAATCC-1,CFA,0.0
CFA1_GACAATACAATTAACC-1,CFA,1.3232427472144426
CFA1_GACACCGGTTAGAGGG-1,CFA,1.2331159711115713
CFA1_GACACTAGTGACCTGG-1,CFA,0.0
CFA1_GACATAGAGTAACTCA-1,CFA,0.49796496326740747
CFA1_GACATAGAGTCTCACC-1,CFA,1.0549330470699494
CFA1_GACATTATCATTGACA-1,CFA,0.4674231366254967
CFA1_GACCTAAGTCCGCTGT-1,CFA,0.7609230442143258
CFA1_GACCTGATCTCACTCA-1,CFA,0.5411781263405852
CFA1_GACCTGCAGGGCTTAT-1,CFA,0.0
CFA1_GACGCAACATCTTGAG-1,CFA,0.0
CFA1_GACTAATGTAACGGGA-1,CFA,0.0
CFA1_GACTCACCAAAGCGGC-1,CFA,0.7003236403282164
CFA1_GACTTGGTCCTTCAAT-1,CFA,0.0
CFA1_GACTTGGTCGACCTGA-1,CFA,0.0
CFA1_GAGCAAATCGCTCCAT-1,CFA,1.034510982378227
CFA1_GAGCAAGGTTGGCGTG-1,CFA,1.7259527952390536
CFA1_GAGCAAGGTTTATTCG-1,CFA,0.0
CFA1_GAGCAAGGTTTGTGGA-1,CFA,0.0
CFA1_GAGCCACTCTCAATTC-1,CFA,0.0
CFA1_GAGCCTTCACTGACTA-1,CFA,0.5906094311202776
CFA1_GAGCGGTCACGCAACT-1,CFA,0.7502683414336222
CFA1_GAGCGGTCATAATTGC-1,CFA,1.2176965348979563
CFA1_GAGCTTAGTAAGCACC-1,CFA,0.593315210153442
CFA1_GAGCTTAGTTTGAGGC-1,CFA,0.0
CFA1_GAGCTTGTCTCCTCAA-1,CFA,0.0
CFA1_GAGGCCTTCATGTGGT-1,CFA,1.6297981565761783
CFA1_GAGGCTACACCTGGTG-1,CFA,0.0
CFA1_GAGGGAGCAAAGGTAC-1,CFA,0.0
CFA1_GAGGGAGCAATGAAGC-1,CFA,0.0
CFA1_GAGGTTAAGTAAACCC-1,CFA,0.5796896675378377
CFA1_GAGTCATTCCTCATGC-1,CFA,0.0
CFA1_GAGTGTTTCGATTATG-1,CFA,1.5524459251106597
CFA1_GAGTTGCGTTAATGAC-1,CFA,0.0
CFA1_GATAAAGGTGGGAACA-1,CFA,0.0
CFA1_GATAAAGGTTAGGTGC-1,CFA,0.0
CFA1_GATAACGAGCTATATG-1,CFA,1.176754566733423
CFA1_GATAAGCCAATTAAGG-1,CFA,0.0
CFA1_GATAAGCCACTAAGAA-1,CFA,1.8799990603485408
CFA1_GATAATCGTTAATGCG-1,CFA,0.44938227360029936
CFA1_GATAGACCATAAGGAC-1,CFA,0.7705251991315999
CFA1_GATCCGTCAAGGTAAC-1,CFA,1.7304845617275033
CFA1_GATCGCTCAAGGTCGA-1,CFA,1.9906258691158052
CFA1_GATGACTTCCCGTTGT-1,CFA,0.0
CFA1_GATGACTTCTCAATGA-1,CFA,0.0
CFA1_GATGAGGGTTCACTGT-1,CFA,0.0
CFA1_GATGCAGCACAGAAAC-1,CFA,0.0
CFA1_GATTACTCACAATGTT-1,CFA,1.9912475836494699
CFA1_GATTATGTCTGTGCAG-1,CFA,1.0154347821892018
CFA1_GATTCAATCCGGTATG-1,CFA,1.7390761058854936
CFA1_GATTGATGTGAGGTAG-1,CFA,0.0
CFA1_GATTGGTTCAACCAAC-1,CFA,0.0
CFA1_GATTGTTCAGGATAAC-1,CFA,1.7921762574639888
CFA1_GATTTGCAGCGGTTAT-1,CFA,1.2604950121232201
CFA1_GCAAGTCGTCGTAAAT-1,CFA,2.1419735456412052
CFA1_GCAAGTGCATATTGAC-1,CFA,0.6340705809018696
CFA1_GCAATAGAGCTCCTTA-1,CFA,0.0
CFA1_GCAATATGTTAGCAGC-1,CFA,0.0
CFA1_GCAATCTAGTTACTTC-1,CFA,1.4984633663508529
CFA1_GCAATGAAGCATGTCG-1,CFA,0.0
CFA1_GCACATTAGTTTAACG-1,CFA,0.9991066351902194
CFA1_GCACGGTTCTAACCAA-1,CFA,1.3722846193480083
CFA1_GCAGCAACACCAGCAT-1,CFA,0.0
CFA1_GCAGCCAGTGAACAAA-1,CFA,0.0
CFA1_GCAGCTATCCATTACT-1,CFA,0.0
CFA1_GCATGAAAGAATGACG-1,CFA,1.121735889047733
CFA1_GCATGAGCACCTGTAA-1,CFA,1.638458034127865
CFA1_GCATGAGCAGCATTAT-1,CFA,0.7230859386426304
CFA1_GCATTGCCACTCAACA-1,CFA,0.0
CFA1_GCATTGCCAGTAGGTG-1,CFA,1.9682204344469687
CFA1_GCCAACATCATAACCA-1,CFA,1.0389450300406478
CFA1_GCCACTAAGGATGATG-1,CFA,0.76415705976732
CFA1_GCCAGGTTCCTCCATA-1,CFA,0.0
CFA1_GCCTCGACACTTCATC-1,CFA,0.0
CFA1_GCCTCGACAGAATGAC-1,CFA,0.7407816107751228
CFA1_GCCTGTGCAATTGAGA-1,CFA,0.0
CFA1_GCCTGTGCAATTTGGT-1,CFA,0.0
CFA1_GCCTTAACATACCCGG-1,CFA,0.0
CFA1_GCCTTGCGTTAACGAT-1,CFA,0.5836567249520703
CFA1_GCCTTGCGTTGTAAAC-1,CFA,0.0
CFA1_GCCTTTATCCTAGTCC-1,CFA,0.9451474604485806
CFA1_GCGAAGTAGCCTAACG-1,CFA,0.0
CFA1_GCGATTAGTGAGGTAG-1,CFA,0.0
CFA1_GCGATTTAGGAAGCAC-1,CFA,0.0
CFA1_GCGCAAACAACATAAG-1,CFA,0.0
CFA1_GCGCGATTCTTAGCCC-1,CFA,0.0
CFA1_GCGCTTAAGCGGATAA-1,CFA,1.6543198903459886
CFA1_GCTAAGTTCCATAAGC-1,CFA,0.8992941551857419
CFA1_GCTAGTGTCCTTAATC-1,CFA,1.1351722307429644
CFA1_GCTCCTTAGCGATACT-1,CFA,0.0
CFA1_GCTCCTTAGGAGTCGG-1,CFA,1.749401242318234
CFA1_GCTCCTTAGTCAATTG-1,CFA,1.5034813797073596
CFA1_GCTCCTTAGTCGCTAG-1,CFA,0.0
CFA1_GCTCTGGCAACCTGGT-1,CFA,0.0
CFA1_GCTCTGGCAGGCTTCG-1,CFA,0.0
CFA1_GCTCTGTTCATGGTGT-1,CFA,0.6731639760694061
CFA1_GCTGACATCTCCATGC-1,CFA,0.0
CFA1_GCTGACCAGGAAGCTA-1,CFA,0.0
CFA1_GCTGAGGAGCACTAGT-1,CFA,1.1075357145453397
CFA1_GCTGCAATCGTTACAA-1,CFA,1.0863640122748235
CFA1_GCTGCACAGAGGAGGA-1,CFA,0.9528609090739665
CFA1_GCTGCACAGGAACGCG-1,CFA,2.363480957764569
CFA1_GCTGCATCACACAATT-1,CFA,0.6016998061303709
CFA1_GCTGGTTCACCCTCAC-1,CFA,0.0
CFA1_GCTGTAAGTTCCTGTG-1,CFA,0.7334214356822042
CFA1_GCTGTACCAGATTCAT-1,CFA,0.4218068717231506
CFA1_GCTGTGATCCTTTACG-1,CFA,0.9520134662816232
CFA1_GCTTAACAGCTAGAAG-1,CFA,0.0
CFA1_GCTTACCTCTTAGGGT-1,CFA,1.5415328594542799
CFA1_GCTTTATTCAAACCGT-1,CFA,0.0
CFA1_GGAAACTCATTGTGTG-1,CFA,0.0
CFA1_GGAACAATCTGTGCCT-1,CFA,0.0
CFA1_GGAACCTGTGCTCCAC-1,CFA,0.5663295883239645
CFA1_GGAACTAAGGATCCGC-1,CFA,1.0730165039251633
CFA1_GGAAGCTAGGGTCCAC-1,CFA,1.3148126964351579
CFA1_GGAAGTATCACTAATG-1,CFA,0.0
CFA1_GGAAGTATCAGCATTA-1,CFA,0.0
CFA1_GGACAGCCAGCTCAAC-1,CFA,1.7716297996843766
CFA1_GGACCTCAGTCACTAA-1,CFA,1.6840346298798017
CFA1_GGACGAAGTCAAGTGC-1,CFA,0.0
CFA1_GGAGCATAGCTTGCTC-1,CFA,2.1030812044512723
CFA1_GGAGTGAGTAATAACC-1,CFA,1.5351436210168792
CFA1_GGATAACCAAGGTAAC-1,CFA,0.0
CFA1_GGATAACCAGTCTAAT-1,CFA,0.7445924810833089
CFA1_GGATACTTCCCTCAAC-1,CFA,0.0
CFA1_GGATACTTCCGTAAAC-1,CFA,0.0
CFA1_GGATACTTCGCTCACT-1,CFA,0.0
CFA1_GGATGTAAGGAACGGT-1,CFA,0.8306603414858758
CFA1_GGATTATGTGATCAGC-1,CFA,1.2266403494035247
CFA1_GGATTCAGTACCGGAT-1,CFA,0.7916013969579273
CFA1_GGATTGCGTTACGCGG-1,CFA,0.0
CFA1_GGATTTATCCAAGTGT-1,CFA,0.9304407605989131
CFA1_GGATTTATCTTGACCC-1,CFA,0.0
CFA1_GGCAATCGTCGCAAAC-1,CFA,0.0
CFA1_GGCAGGATCGTAACGT-1,CFA,0.6597094149326175
CFA1_GGCCAGTTCTACTAAG-1,CFA,0.0
CFA1_GGCCATCAGGAACACA-1,CFA,0.44731776666344564
CFA1_GGCCATCAGGTGAAAT-1,CFA,0.0
CFA1_GGCCGTTAGAATCTCA-1,CFA,1.6249772345053968
CFA1_GGCCTAATCGGTTCCT-1,CFA,1.0185044679897017
CFA1_GGCCTTCGTTATCCTA-1,CFA,1.3008366087569863
CFA1_GGCCTTCGTTTGGCTT-1,CFA,1.0107426107436461
CFA1_GGCGATACAACAGGAT-1,CFA,0.0
CFA1_GGCGATACATCTTGAG-1,CFA,0.0
CFA1_GGCGGTAAGGTAACGA-1,CFA,0.0
CFA1_GGCTAGTGTAGTTACG-1,CFA,1.2382233459242489
CFA1_GGCTATGTCGCTAAAC-1,CFA,0.7009371941560408
CFA1_GGCTGTCAGTATGTGC-1,CFA,0.0
CFA1_GGCTTAAGTTGTGATG-1,CFA,0.0
CFA1_GGCTTAAGTTTAGCTC-1,CFA,0.0
CFA1_GGCTTCAAGCCACATG-1,CFA,2.2126612760573625
CFA1_GGGATAATCGTTACTT-1,CFA,0.6774265033371543
CFA1_GGGATTAAGAGGGACT-1,CFA,0.8222757965625453
CFA1_GGGCAATAGCTAATCA-1,CFA,0.0
CFA1_GGGCATGAGTAAAGGT-1,CFA,0.5362431216650608
CFA1_GGGTCAACATTAAAGG-1,CFA,3.138752172049673
CFA1_GGGTCAACATTGCGAC-1,CFA,0.0
CFA1_GGGTCACTCCTTAAGA-1,CFA,1.1244184075048544
CFA1_GGGTGAAGTCACAGAC-1,CFA,0.0
CFA1_GGGTGAAGTGCACGCA-1,CFA,0.6499346218969061
CFA1_GGGTTTGTCCCTCATA-1,CFA,0.0
CFA1_GGTAACTTCCCTCAGT-1,CFA,0.4707398016334574
CFA1_GGTAATTGTGCTGTAA-1,CFA,0.0
CFA1_GGTACAAAGGGCCACT-1,CFA,1.3059152136490817
CFA1_GGTATTGGTAGTCAAT-1,CFA,0.4995904292053105
CFA1_GGTCAGGAGGTCATTA-1,CFA,0.0
CFA1_GGTCATTAGTTTGCGG-1,CFA,0.7189068101186266
CFA1_GGTCCATCAACTAGCC-1,CFA,1.6691671360605023
CFA1_GGTCTTTGTTATCGAG-1,CFA,0.9714818489431056
CFA1_GGTGAGGTCATCGTTT-1,CFA,1.302491972042442
CFA1_GGTGAGGTCTCACTAT-1,CFA,0.7951492934116347
CFA1_GGTGCTGGTTAGACCA-1,CFA,0.0
CFA1_GGTGCTTCAGCCTAAC-1,CFA,0.6475809994117148
CFA1_GGTGTCCAGATAGACG-1,CFA,0.0
CFA1_GGTGTCCAGTAATCCA-1,CFA,0.6381716466783617
CFA1_GGTGTCCAGTCATGCG-1,CFA,0.0
CFA1_GGTTGCATCCACCCTG-1,CFA,0.0
CFA1_GGTTGCTCATAATGTC-1,CFA,1.3853575929015038
CFA1_GGTTGGTGTGTGAGAG-1,CFA,0.8273501311235342
CFA1_GGTTTAATCTATCGCC-1,CFA,0.647017018345106
CFA1_GGTTTCTGTCCGTGAG-1,CFA,1.7509402293428176
CFA1_GTAAAGCCATAATTGC-1,CFA,1.8926568267186816
CFA1_GTAAAGCCATCGCTTT-1,CFA,0.0
CFA1_GTAAGCAAGGCCATCA-1,CFA,1.0775959819328547
CFA1_GTAAGCTTCAGGCTAT-1,CFA,0.9286310258730883
CFA1_GTACTAATCAAAGGCA-1,CFA,0.0
CFA1_GTACTAATCGCGACAC-1,CFA,0.0
CFA1_GTAGGATCAATAGCAA-1,CFA,1.6565584617834188
CFA1_GTAGTTATCTGGCTTC-1,CFA,0.0
CFA1_GTATGTGGTGGACATC-1,CFA,0.0
CFA1_GTATTCAAGTAACCCG-1,CFA,0.6570582302456748
CFA1_GTATTGCAGAGCAAGC-1,CFA,0.5640007650984546
CFA1_GTATTGCAGCTTTGGG-1,CFA,0.0
CFA1_GTATTGCAGGGTGAAC-1,CFA,0.0
CFA1_GTATTGTCACCTGTAA-1,CFA,0.0
CFA1_GTCAGGCTCAATGTGC-1,CFA,0.9963505231977846
CFA1_GTCATCCTCACTAGGT-1,CFA,0.0
CFA1_GTCATGAGTGGATTCA-1,CFA,0.55355529175207
CFA1_GTCCATTGTTGTTGCT-1,CFA,0.3504275021535348
CFA1_GTCCGTAAGAGCCGCT-1,CFA,0.0
CFA1_GTCGAAGCAATAACCT-1,CFA,1.4492653340020103
CFA1_GTCGAAGCAGCATTAT-1,CFA,0.6635681313858693
CFA1_GTCGAGGAGCAACATC-1,CFA,1.4088359077262007
CFA1_GTCTAATCAATGAATG-1,CFA,2.305921886458483
CFA1_GTCTAGCCACAAAGCG-1,CFA,0.8668106746107854
CFA1_GTCTTGCTCATCCTCA-1,CFA,1.0259182152962159
CFA1_GTGAATCTCAATGTCA-1,CFA,1.4476956463453583
CFA1_GTGATCAGTAAGCTCA-1,CFA,0.0
CFA1_GTGCGCAGTACGGTAC-1,CFA,0.0
CFA1_GTGCTGGGTTACGCAA-1,CFA,0.0
CFA1_GTGCTTACACCAGCAT-1,CFA,0.0
CFA1_GTGTAACTCATGCATA-1,CFA,0.0
CFA1_GTGTCCAAGGGCTTAT-1,CFA,0.9168010355158893
CFA1_GTGTCCAAGTTTGCGG-1,CFA,0.664757806608852
CFA1_GTGTGAGCAATTGACT-1,CFA,1.5861700807869346
CFA1_GTTAACCAGGATGATG-1,CFA,0.0
CFA1_GTTAAGCTCGGGACCT-1,CFA,0.0
CFA1_GTTACTCGTTCGCTTG-1,CFA,0.0
CFA1_GTTACTCGTTTATTCG-1,CFA,1.0534712618206523
CFA1_GTTAGGCGTCCTAACT-1,CFA,0.0
CFA1_GTTCATTTCATTTGCT-1,CFA,1.1738780783789178
CFA1_GTTCCCAGTTAGCCAA-1,CFA,1.202621169341198
CFA1_GTTCCTGGTCACGGAT-1,CFA,0.0
CFA1_GTTCCTTCAATTAGGA-1,CFA,0.5203088750979845
CFA1_GTTGCATAGGCTACAT-1,CFA,1.3041521355640715
CFA1_GTTGGCGGTCCGGTTC-1,CFA,1.116458999703798
CFA1_GTTGTGAGTCATTACC-1,CFA,1.314812696435158
CFA1_GTTTAACCAATGCCTA-1,CFA,2.2755079699938894
CFA1_GTTTATCTCATAGACC-1,CFA,1.9249492734632614
CFA1_GTTTATCTCATTAGTG-1,CFA,0.9654344083989128
CFA1_GTTTATCTCCTAGTCC-1,CFA,0.5857671600571727
CFA1_GTTTCTAGTCTAGCTT-1,CFA,1.759432084966991
CFA1_GTTTCTAGTTGTTGGA-1,CFA,0.0
CFA1_GTTTGCTGTGCGCGTA-1,CFA,0.6043985249195944
CFA1_TAAAGCCTCGGCTAGC-1,CFA,0.0
CFA1_TAACAAGCACTGGCTG-1,CFA,0.6334061852037617
CFA1_TAAGCTGGTCCTAATC-1,CFA,0.6327432264849889
CFA1_TAAGGACCAATGAATG-1,CFA,1.3773243558747879
CFA1_TAAGTAGCATTTAAGC-1,CFA,0.0
CFA1_TAAGTGCTCACTCAAA-1,CFA,0.0
CFA1_TAATCACCAATTAGCT-1,CFA,1.0040473541185273
CFA1_TACAAGCTCATTGCGG-1,CFA,0.0
CFA1_TACAAGCTCGGTCAAT-1,CFA,1.0710578711887258
CFA1_TACATCAAGGTGCTGC-1,CFA,0.6551398712268295
CFA1_TACCCGGCAGGTTCAC-1,CFA,0.9963325634801485
CFA1_TACCGAAGTTTGTGGA-1,CFA,0.5693101503358745
CFA1_TACCTTTAGGAGTCGG-1,CFA,0.0
CFA1_TACGCACCATCAGCAC-1,CFA,1.4205799070414231
CFA1_TACGGTTAGACAACGA-1,CFA,0.0
CFA1_TACGTAATCATTTGCT-1,CFA,0.0
CFA1_TACGTACAGAAAGGAA-1,CFA,1.5904321553271503
CFA1_TACGTTAAGAGGAAGG-1,CFA,0.0
CFA1_TACTAAGTCAAACCGT-1,CFA,0.8380720947856208
CFA1_TACTCAAAGGTGAAAT-1,CFA,0.0
CFA1_TACTCGCTCGCTAGCA-1,CFA,1.3268935470546157
CFA1_TACTGACAGTTTGGGT-1,CFA,0.3389128346276577
CFA1_TACTGCACATAATGAG-1,CFA,0.0
CFA1_TACTGCACATACTCCT-1,CFA,0.0
CFA1_TACTGGCCACCATATG-1,CFA,0.0
CFA1_TAGCAGGCATAATGAG-1,CFA,2.8453427451081854
CFA1_TAGCCGGGTCATAGAT-1,CFA,0.0
CFA1_TAGCCTCTCATGCTTT-1,CFA,0.9932360325391707
CFA1_TAGCCTCTCGGTACGC-1,CFA,0.0
CFA1_TAGCTAATCGATCAGT-1,CFA,1.5992758688080155
CFA1_TAGCTTGCAAGCTTAT-1,CFA,0.0
CFA1_TAGCTTGCACAGGATG-1,CFA,0.0
CFA1_TAGGAACCAGGTTAAA-1,CFA,0.9387500955099249
CFA1_TAGGTGCGTCAATAGT-1,CFA,0.989823680334587
CFA1_TAGGTTATCTTTGTAC-1,CFA,1.1210616546027035
CFA1_TAGTAACGTCCGCTGT-1,CFA,1.1949107544581725
CFA1_TAGTAACGTGAAGCCT-1,CFA,0.45386315653459675
CFA1_TAGTACGGTACTGATG-1,CFA,1.1059998306612258
CFA1_TAGTACGGTCAAGTGC-1,CFA,0.0
CFA1_TAGTGAGAGGGACTAA-1,CFA,0.0
CFA1_TATAACCCACCTAAGC-1,CFA,1.1561577743147102
CFA1_TATCACGCACTTCACT-1,CFA,0.0
CFA1_TATCCAGCACAGCCTG-1,CFA,0.0
CFA1_TATGAAGCAGGCCTTG-1,CFA,0.0
CFA1_TATGACTCAGCAAATA-1,CFA,1.2058075921747862
CFA1_TATGACTCATAAGTCT-1,CFA,0.0
CFA1_TATGGCCCAACTAGAA-1,CFA,0.8070952595568579
CFA1_TATTGACCACCTGCTC-1,CFA,1.3246192387948923
CFA1_TCAAGAACATTAGCGC-1,CFA,0.0
CFA1_TCAAGACTCTCGACCT-1,CFA,0.0
CFA1_TCAAGCTAGTAAACCC-1,CFA,0.0
CFA1_TCAATCGCATAAGGAC-1,CFA,0.0
CFA1_TCACATAAGTCATTGA-1,CFA,0.0
CFA1_TCAGCCTTCTTGATGA-1,CFA,0.0
CFA1_TCAGGAGCACAACCTA-1,CFA,0.636616858127942
CFA1_TCAGTAGGTCCTTTAA-1,CFA,0.0
CFA1_TCATAACCAAGCGAGC-1,CFA,1.3841232953223221
CFA1_TCATTGTTCCCGTTGT-1,CFA,0.855825957889691
CFA1_TCCACAACAGCATTAT-1,CFA,0.0
CFA1_TCCAGCAAGTTATTCC-1,CFA,0.0
CFA1_TCCATAAAGCACCACA-1,CFA,0.0
CFA1_TCCATTGTCATGTTTC-1,CFA,0.0
CFA1_TCCATTGTCTCCTCTT-1,CFA,0.0
CFA1_TCCCGTTAGGAGCATA-1,CFA,1.8434353058125328
CFA1_TCCCTCACATCGCTTT-1,CFA,0.0
CFA1_TCCCTCACATTGTGGC-1,CFA,1.3549854234861034
CFA1_TCCGCCATCGCTTGCT-1,CFA,2.9731223700249396
CFA1_TCCGGAATCCTAAGTA-1,CFA,0.36140904038263283
CFA1_TCCGGTTTCTATGACA-1,CFA,0.0
CFA1_TCCTAGTGTCCTAATC-1,CFA,0.9790359221606687
CFA1_TCCTCAATCCTAACGG-1,CFA,0.7487381134168934
CFA1_TCCTCAATCTGGCTTC-1,CFA,0.0
CFA1_TCCTGGTTCCCATAAA-1,CFA,1.1928056960233566
CFA1_TCCTGTTCACATAACT-1,CFA,1.2335182194599734
CFA1_TCGACAAGTTTGTTGC-1,CFA,0.0
CFA1_TCGCATTGTATTCGCT-1,CFA,0.39659933947584114
CFA1_TCGCGAGGTCGTAAAT-1,CFA,0.993289552341216
CFA1_TCGCTAACAGAAATTG-1,CFA,0.7182600495128795
CFA1_TCGGTAAGTAATGACT-1,CFA,0.6125690579975387
CFA1_TCGGTAAGTTGTGATG-1,CFA,0.0
CFA1_TCGGTTACACACAATT-1,CFA,1.4853929996606152
CFA1_TCGGTTACAGTTTCTC-1,CFA,0.0
CFA1_TCGTAATCAGGTTAAA-1,CFA,0.0
CFA1_TCGTGCTTCAATGAGG-1,CFA,0.0
CFA1_TCGTTACGTTAGCAGC-1,CFA,0.0
CFA1_TCGTTATTCCTAAATG-1,CFA,0.0
CFA1_TCGTTTCCAATCATGT-1,CFA,1.5506874619384678
CFA1_TCTAACCGTGGGTGAA-1,CFA,0.0
CFA1_TCTACCTCATTAAGCT-1,CFA,0.0
CFA1_TCTAGCCTCGCTTCTA-1,CFA,0.0
CFA1_TCTAGCGAGGCTAGAA-1,CFA,0.0
CFA1_TCTATGTTCCGCATGA-1,CFA,0.9195581427628623
CFA1_TCTCGCCCATGAATCT-1,CFA,0.0
CFA1_TCTCGCCCATGTTGGC-1,CFA,1.34270497555979
CFA1_TCTGTGACACAGAAAC-1,CFA,0.0
CFA1_TCTTAGTTCGGCCATA-1,CFA,0.5525199971132171
CFA1_TCTTCAAGTGGACCTG-1,CFA,1.4346377034292535
CFA1_TCTTGACGTTCCAGGG-1,CFA,0.0
CFA1_TCTTGTCCAAGTGTCC-1,CFA,1.1763149858620443
CFA1_TGACCAAGTGGATGTC-1,CFA,2.04997815989915
CFA1_TGACCTTGTTGAGCCG-1,CFA,0.0
CFA1_TGAGCCGGTAACCACA-1,CFA,1.015547076483018
CFA1_TGAGCCGGTAGCTAGC-1,CFA,1.6193511527306703
CFA1_TGAGCTTAGCAAACCT-1,CFA,0.0
CFA1_TGAGCTTAGGAGGTTA-1,CFA,0.6877413598720098
CFA1_TGAGGCACACCTAATG-1,CFA,0.0
CFA1_TGAGGGAGTAAGGTCC-1,CFA,0.7312626382462895
CFA1_TGAGGGCCATTAAGCT-1,CFA,0.0
CFA1_TGAGTTTCACTAAGAA-1,CFA,1.6591546003075577
CFA1_TGAGTTTCATAAGTTC-1,CFA,0.599803182257153
CFA1_TGAGTTTCATTCAGCA-1,CFA,0.0
CFA1_TGATCAATCGCATCCT-1,CFA,0.0
CFA1_TGATCACAGGTTACGT-1,CFA,0.0
CFA1_TGATCCTGTATTTGGG-1,CFA,0.0
CFA1_TGCAATATCCCATAAA-1,CFA,1.4054199679040533
CFA1_TGCAATATCCTAATTC-1,CFA,0.0
CFA1_TGCATCCTCGGCTAGC-1,CFA,1.0673099525602825
CFA1_TGCATGAGTTGGGTTA-1,CFA,0.0
CFA1_TGCATTAAGTAGCCAT-1,CFA,0.0
CFA1_TGCCATTGTACGGTAC-1,CFA,0.0
CFA1_TGCCGGTAGTCATTGA-1,CFA,1.0227904025446355
CFA1_TGCGCAGGTGTTCCCA-1,CFA,0.7346892455567596
CFA1_TGCTCAACAATTGAGA-1,CFA,0.7302857470772177
CFA1_TGCTCTCAGTTTGCGG-1,CFA,1.4369891831183843
CFA1_TGCTGGATCGATTTAG-1,CFA,0.0
CFA1_TGCTTGCTCGCAACAT-1,CFA,0.0
CFA1_TGGACAAAGCGCCTTT-1,CFA,0.0
CFA1_TGGACCGGTGAAGCCT-1,CFA,1.5772702548429265
CFA1_TGGACGGAGGGATGCG-1,CFA,0.6940483972634094
CFA1_TGGATTCAGTTACCGG-1,CFA,0.9569908264228095
CFA1_TGGATTGGTAACCTAG-1,CFA,0.0
CFA1_TGGCTTTGTCAGGCCA-1,CFA,0.0
CFA1_TGGGCATGTCCTAACT-1,CFA,0.375704725972118
CFA1_TGGGCATGTTATCCGT-1,CFA,0.7792339521623064
CFA1_TGGGCCTAGCCTGAGC-1,CFA,0.0
CFA1_TGGTAAACATGAATAG-1,CFA,1.0228664442846676
CFA1_TGGTTAATCGTGCTAG-1,CFA,1.4398572564069012
CFA1_TGGTTGAGTCACTCGC-1,CFA,0.0
CFA1_TGTAAGCTCTCAATTC-1,CFA,0.0
CFA1_TGTAATGTCCGCACAA-1,CFA,0.0
CFA1_TGTATCCGTTGCCTCA-1,CFA,0.0
CFA1_TGTCAATCAATCTCTC-1,CFA,0.0
CFA1_TGTCATAAGGCGAAAC-1,CFA,0.722594854998228
CFA1_TGTGAAACATTGTGTG-1,CFA,0.5436806875845823
CFA1_TGTGCGCAGAACCTGT-1,CFA,0.0
CFA1_TGTGCGCAGCTATTGA-1,CFA,0.0
CFA1_TGTGCGGGTGGATTGC-1,CFA,0.0
CFA1_TGTGCTGAGGCTATGT-1,CFA,0.0
CFA1_TGTGGCCAGCGTGCAC-1,CFA,0.0
CFA1_TGTGTTAAGTGAGGGT-1,CFA,1.241013405337739
CFA1_TGTTACTTCGGTTTCC-1,CFA,1.4738174998780655
CFA1_TGTTAGCAGCGGATTT-1,CFA,0.0
CFA1_TGTTCATTCTATGACA-1,CFA,0.0
CFA1_TGTTCCTCAAGGCCAA-1,CFA,0.0
CFA1_TGTTCCTCAAGGTGCA-1,CFA,1.227856530112423
CFA1_TGTTGCACAATGCCTA-1,CFA,0.0
CFA1_TGTTGTAAGGGTGAGT-1,CFA,1.257425316000634
CFA1_TTAAAGGCAACATAAG-1,CFA,0.9169812877990946
CFA1_TTAAAGGCAATTTAGC-1,CFA,0.0
CFA1_TTAAAGGCACCTCACC-1,CFA,0.3981512946738736
CFA1_TTAAGCCAGTTACTTC-1,CFA,0.0
CFA1_TTAAGTGTCAGCACCA-1,CFA,0.7486793889073511
CFA1_TTACCGTGTACGATTG-1,CFA,0.0
CFA1_TTAGCAGGTGGACCTG-1,CFA,0.0
CFA1_TTAGCTGCAGCAAGTG-1,CFA,0.0
CFA1_TTAGCTGCAGCCTGCA-1,CFA,1.3298308067378375
CFA1_TTAGGAACAATTAAGG-1,CFA,0.0
CFA1_TTAGGAACAGGCCAAA-1,CFA,1.7156850489509519
CFA1_TTAGGAACATTGCGTA-1,CFA,0.0
CFA1_TTATCCGTCCGCTAGA-1,CFA,2.0363796758118213
CFA1_TTATGCGCACGTAAGG-1,CFA,0.0
CFA1_TTATGCGCATCGCTCC-1,CFA,0.5242712505005412
CFA1_TTATTGCTCGGCTATG-1,CFA,0.0
CFA1_TTCAACCGTCACCTAT-1,CFA,0.4066184240188792
CFA1_TTCCCACAGTATTGGC-1,CFA,0.0
CFA1_TTCCTCAAGTTAGCTA-1,CFA,0.0
CFA1_TTCCTTCTCGTTATAG-1,CFA,1.0154347821892018
CFA1_TTGACATCAGTTAGCC-1,CFA,0.5491284226037806
CFA1_TTGAGGCGTCACAGAC-1,CFA,1.129755246839779
CFA1_TTGATGTCATAATGAG-1,CFA,0.0
CFA1_TTGCAAGGTACCAGGT-1,CFA,0.0
CFA1_TTGCACACAAACATAG-1,CFA,0.0
CFA1_TTGCAGCCAAGATTCT-1,CFA,0.0
CFA1_TTGCATTTCGCTAAGT-1,CFA,1.1574278542219434
CFA1_TTGCCCGTCACGTTAA-1,CFA,0.0
CFA1_TTGCTCTCACAGGGAC-1,CFA,0.5953522238198341
CFA1_TTGGATTCAGTTGCGT-1,CFA,1.1611060578598846
CFA1_TTGGGTTAGAGAGGAG-1,CFA,0.0
CFA1_TTGGTGAGTCCGCTGT-1,CFA,0.6212495196760207
CFA1_TTGTAAGTCACGCATG-1,CFA,1.0116605745830867
CFA1_TTGTCAAAGGCCTTAG-1,CFA,1.3569525817650183
CFA1_TTGTCAAAGGTGAGAC-1,CFA,0.0
CFA1_TTGTCCCAGAGAGGCT-1,CFA,0.0
CFA1_TTGTCCGGTTTATTCG-1,CFA,0.0
CFA1_TTGTTGCGTTCATTTG-1,CFA,0.0
CFA1_TTGTTTGGTCACTCGC-1,CFA,0.0
CFA1_TTTAAGGTCATCCTGC-1,CFA,0.0
CFA1_TTTACGAAGGACCTCA-1,CFA,0.0
CFA1_TTTACGCGTGTCACGG-1,CFA,1.685495103596638
CFA1_TTTAGCAAGGTAAGGC-1,CFA,0.0
CFA1_TTTAGGATCCAGGTCA-1,CFA,0.0
CFA1_TTTCAGTTCGGCTAGC-1,CFA,1.1059998306612258
CFA1_TTTGAGTCAAGGTATA-1,CFA,1.3496093422696773
CFA1_TTTGCGACAGGATGGC-1,CFA,1.5589345699005683
CFA1_TTTGGCTGTCAAACTG-1,CFA,0.6217281298223772
CFA1_TTTGTGGCAGAATGAC-1,CFA,0.0
CFA1_TTTGTGGCATGTCAAT-1,CFA,1.3828542480426047
CFA1_TTTGTTGGTAGGTGTC-1,CFA,0.0
CFA2_AAACATGCATTAGGTT-1,CFA,0.5882492613216879
CFA2_AAACCAACACACCAAC-1,CFA,1.5064800733436714
CFA2_AAACCAACACCCACAG-1,CFA,1.251202662358873
CFA2_AAACCAACATAGCGAG-1,CFA,0.0
CFA2_AAACCGGCAATTGACT-1,CFA,0.7400931017174999
CFA2_AAACCGGCATAGCAGG-1,CFA,0.0
CFA2_AAACGGATCAAACCTA-1,CFA,0.0
CFA2_AAACGGATCGTGCCTT-1,CFA,0.0
CFA2_AAACGGATCTTAGTCT-1,CFA,1.157989168173667
CFA2_AAACGGATCTTGGACG-1,CFA,1.6182153730113755
CFA2_AAACGTACAAAGCTCC-1,CFA,0.0
CFA2_AAACGTACACAGCCAT-1,CFA,0.0
CFA2_AAACGTACATCTTGAG-1,CFA,0.0
CFA2_AAAGCAAGTCAATACG-1,CFA,0.0
CFA2_AAAGCACCATGAGTTT-1,CFA,0.0
CFA2_AAAGCCCGTGATCAGC-1,CFA,0.851125616256968
CFA2_AAAGCCGCAATAACGA-1,CFA,0.0
CFA2_AAAGCGGGTTAGCGTA-1,CFA,0.0
CFA2_AAAGCTTGTGTGAGGA-1,CFA,2.1514865303330386
CFA2_AAAGCTTGTTTCCTCC-1,CFA,0.7288671451447687
CFA2_AAAGGCTCACCGTTCC-1,CFA,1.2367468567657063
CFA2_AAAGGTTAGCTTGCTC-1,CFA,0.7007325519492019
CFA2_AAATCCGGTAGCTGCG-1,CFA,1.0601460078403138
CFA2_AAATGCCTCTACCTCA-1,CFA,0.0
CFA2_AAATGGCCAAAGCCTC-1,CFA,0.0
CFA2_AACAAAGGTGCGCATG-1,CFA,0.691004091200248
CFA2_AACAAAGGTTAAGCTG-1,CFA,0.978698839789291
CFA2_AACAGCAAGTGAACAG-1,CFA,2.028235094311316
CFA2_AACAGCAAGTTCCCAC-1,CFA,0.6778081078885422
CFA2_AACATAGCATCCTAGA-1,CFA,0.0
CFA2_AACATCATCCCTGATC-1,CFA,1.4619932353073992
CFA2_AACATCATCCTAGTAA-1,CFA,0.0
CFA2_AACATTGTCAGCAAGA-1,CFA,0.0
CFA2_AACATTGTCTCCATAT-1,CFA,0.0
CFA2_AACATTGTCTTAGTCT-1,CFA,0.0
CFA2_AACCCGCAGTGAACGA-1,CFA,0.0
CFA2_AACCGGCTCAGGTTTA-1,CFA,0.0
CFA2_AACCTAATCAAGTGAG-1,CFA,0.0
CFA2_AACCTAATCTTCAATC-1,CFA,1.4874580041061864
CFA2_AACCTCACAGAAACGT-1,CFA,1.6584372357507906
CFA2_AACCTCCTCACAGACT-1,CFA,0.0
CFA2_AACCTCCTCTTTGACT-1,CFA,1.1087473968052874
CFA2_AACCTTAAGTCTTGAA-1,CFA,0.0
CFA2_AACCTTAAGTGTGATC-1,CFA,0.0
CFA2_AACCTTAAGTTAGCCG-1,CFA,0.0
CFA2_AACGGTAAGCCTGGTA-1,CFA,0.7568755682642146
CFA2_AACGGTAAGGAGTAAT-1,CFA,1.5013093542384717
CFA2_AACGGTAAGTCCTTCA-1,CFA,0.6758570871073947
CFA2_AACTAGCTCACTAGGT-1,CFA,0.7936199377355089
CFA2_AACTAGCTCTATGACA-1,CFA,0.7687209957428234
CFA2_AACTAGTGTAAACAAG-1,CFA,0.0
CFA2_AACTAGTGTATGGTGC-1,CFA,0.0
CFA2_AACTAGTGTGAAGCCT-1,CFA,1.0285278191660634
CFA2_AACTAGTGTTCTTTAG-1,CFA,0.0
CFA2_AACTAGTGTTTAACCC-1,CFA,0.0
CFA2_AACTGTTCACCAACCG-1,CFA,0.0
CFA2_AAGAACAGTAGGATTT-1,CFA,0.0
CFA2_AAGAACAGTTGGGTTA-1,CFA,0.6396496358457215
CFA2_AAGAATCAGTTTGGGT-1,CFA,0.4978131291085828
CFA2_AAGACAAGTGAATCGC-1,CFA,0.7555563621003327
CFA2_AAGACAAGTGATGAGG-1,CFA,1.4100048408922992
CFA2_AAGACCAAGGCCTTAG-1,CFA,1.1308198619604235
CFA2_AAGACCAAGTAACGAG-1,CFA,1.946767782040986
CFA2_AAGCCACGTCTTGCTG-1,CFA,0.6774741795140099
CFA2_AAGCCTGTCCGTTATT-1,CFA,0.0
CFA2_AAGCCTGTCCTCATCA-1,CFA,0.0
CFA2_AAGCCTGTCTGGTCCT-1,CFA,1.0421121707289513
CFA2_AAGCGAGGTCTATCGT-1,CFA,1.5199652778558013
CFA2_AAGCGTTTCCCTCACG-1,CFA,0.0
CFA2_AAGCGTTTCCGCTAGA-1,CFA,1.2807749789024188
CFA2_AAGCGTTTCCTCACTA-1,CFA,0.0
CFA2_AAGCGTTTCCTGGTGA-1,CFA,1.2754810027569008
CFA2_AAGCTAGAGTCACCTC-1,CFA,0.9434195901079478
CFA2_AAGCTATGTTCGCGCT-1,CFA,0.0
CFA2_AAGCTCCCATCAATCG-1,CFA,1.6362062807501
CFA2_AAGCTCCCATGTCAGC-1,CFA,1.5368842269915939
CFA2_AAGCTTGGTCATGCAA-1,CFA,0.4608872596836504
CFA2_AAGGAAGCAAGTAAGC-1,CFA,0.0
CFA2_AAGGAAGCACGAATCC-1,CFA,0.0
CFA2_AAGGATGTCGCGACAC-1,CFA,0.0
CFA2_AAGGATTAGCCTCTGT-1,CFA,0.0
CFA2_AAGGCCCTCCTGGCTT-1,CFA,0.0
CFA2_AAGGTGCAGCTGAGGG-1,CFA,2.0913978799957973
CFA2_AAGGTGCAGGTGCTGC-1,CFA,0.0
CFA2_AAGTCTATCCAATTAG-1,CFA,0.0
CFA2_AAGTGAAGTGAGCACT-1,CFA,1.3580244448345038
CFA2_AAGTGCAAGCGGGCAA-1,CFA,1.0485701826663658
CFA2_AAGTGCAAGGTCCTGA-1,CFA,0.6196596295204418
CFA2_AAGTTACGTCAGGCCA-1,CFA,0.5658030614976539
CFA2_AAGTTTGTCCCTTGCG-1,CFA,0.0
CFA2_AATAACCGTACCGGAT-1,CFA,0.8800558206380173
CFA2_AATAACCGTGGACATC-1,CFA,0.0
CFA2_AATAACCGTTAACAGT-1,CFA,0.8346992685508821
CFA2_AATACCGGTGTGTCCC-1,CFA,0.0
CFA2_AATAGCTGTAGCTGCG-1,CFA,0.0
CFA2_AATCAGGAGCTGTCAG-1,CFA,0.9373777948496919
CFA2_AATCAGGAGGTAAGCA-1,CFA,3.069236028487912
CFA2_AATCATCCAATAAGCA-1,CFA,0.8695115702887053
CFA2_AATCATCCAGTTGCGT-1,CFA,1.1070382976451105
CFA2_AATCATCCATTCCTCG-1,CFA,0.0
CFA2_AATCCATCAGGCTTGT-1,CFA,0.0
CFA2_AATCCCTGTTCCGCAC-1,CFA,1.4312564641507795
CFA2_AATCGCCCACGTTACA-1,CFA,0.0
CFA2_AATCGCCCATATTGAC-1,CFA,0.0
CFA2_AATCTCAAGCACAGGG-1,CFA,0.6019237508901665
CFA2_AATCTTGAGTCACTAA-1,CFA,2.596921991522423
CFA2_AATCTTGAGTTGTCCC-1,CFA,1.907161146385372
CFA2_AATGCAACAAGGTATA-1,CFA,0.0
CFA2_AATGCGCGTGCGCAAT-1,CFA,1.7021348503331482
CFA2_AATGCGCGTTAGCAGC-1,CFA,1.347076494127352
CFA2_AATGTCCAGGCTTAAC-1,CFA,1.478636550617426
CFA2_AATGTCCAGTCAATTG-1,CFA,0.0
CFA2_AATTACCCATCCATCT-1,CFA,0.88295623436734
CFA2_AATTAGCGTAAGCACC-1,CFA,0.7421626543345453
CFA2_AATTCGTCAGCTTAAT-1,CFA,0.0
CFA2_AATTGACGTACAATGT-1,CFA,0.0
CFA2_AATTGACGTACCGTAA-1,CFA,1.2396166096379395
CFA2_AATTGACGTTAGCTGA-1,CFA,0.0
CFA2_AATTGCCAGCGGCTGT-1,CFA,0.0
CFA2_AATTGCCAGTCTTGAA-1,CFA,0.0
CFA2_AATTGCTCAGGGAGGA-1,CFA,0.0
CFA2_AATTGGACATGTCAGC-1,CFA,0.0
CFA2_AATTGGACATTAAGTC-1,CFA,0.0
CFA2_AATTGGGAGGTAAGGC-1,CFA,0.0
CFA2_AATTGTGTCCCTGTTA-1,CFA,0.46201431772402224
CFA2_AATTTCCTCGGCCATA-1,CFA,0.7180985488953054
CFA2_AATTTCCTCTTGGATA-1,CFA,0.0
CFA2_AATTTGCCAGGACCAA-1,CFA,0.0
CFA2_AATTTGGTCCTTGAGG-1,CFA,0.8942087146386422
CFA2_ACAAAGGTCCGCTAGA-1,CFA,0.49029096881048545
CFA2_ACAAAGGTCGCTCCAT-1,CFA,1.1435762066810513
CFA2_ACAAAGGTCTCACTCA-1,CFA,0.0
CFA2_ACAACAACAAACGGGC-1,CFA,0.0
CFA2_ACAACAACAACAGGTG-1,CFA,0.0
CFA2_ACAACACTCCGTGACA-1,CFA,0.0
CFA2_ACAACACTCCTAGTAA-1,CFA,0.0
CFA2_ACAACACTCTGTTGCC-1,CFA,0.0
CFA2_ACACAATGTTTGCTGT-1,CFA,0.7005280340457588
CFA2_ACACCTTGTGGGTACT-1,CFA,0.7663085765732551
CFA2_ACACTAATCAAGTGTC-1,CFA,0.0
CFA2_ACACTAGGTACTGATG-1,CFA,1.211408830907338
CFA2_ACACTAGGTCACCTAT-1,CFA,0.6756199548509849
CFA2_ACAGCGCTCGTTAAGC-1,CFA,1.1076601456224373
CFA2_ACAGGATCAATACTGT-1,CFA,0.7282015565147898
CFA2_ACAGGATCACTATGGC-1,CFA,0.0
CFA2_ACAGGATCATAGCGAG-1,CFA,0.0
CFA2_ACAGGCTGTTAGAGGG-1,CFA,1.163900721261838
CFA2_ACAGGCTGTTTCGCGC-1,CFA,0.3893879771804959
CFA2_ACAGGTAAGCGCATTG-1,CFA,1.6830825244673235
CFA2_ACAGGTAAGTTAGTGC-1,CFA,0.8482131922588918
CFA2_ACATAGCTCTGTTGCC-1,CFA,0.6978805596578259
CFA2_ACATCAATCTTAATGG-1,CFA,0.8567024392425304
CFA2_ACCAAACTCTAATCTC-1,CFA,0.9505181046642343
CFA2_ACCAAGCGTATTGAGT-1,CFA,0.0
CFA2_ACCAAGCGTTAGCATG-1,CFA,1.2737602938616486
CFA2_ACCAAGTTCGATAACC-1,CFA,0.0
CFA2_ACCAATATCCGTCCAT-1,CFA,1.1666088568818564
CFA2_ACCACATAGCGCCTAA-1,CFA,0.4514662496880899
CFA2_ACCACATAGGCGCTTA-1,CFA,0.0
CFA2_ACCACATAGGTGAAAT-1,CFA,0.0
CFA2_ACCAGCTCATAGACTT-1,CFA,0.8434309235242645
CFA2_ACCAGGCTCCTGAATA-1,CFA,0.0
CFA2_ACCAGGCTCGATAACC-1,CFA,0.0
CFA2_ACCAGGCTCTCGCCTG-1,CFA,1.0950251983331514
CFA2_ACCAGGGAGCTCATAA-1,CFA,0.0
CFA2_ACCATAATCCCTCAAC-1,CFA,0.0
CFA2_ACCCTCCCAAGGTGGC-1,CFA,0.0
CFA2_ACCCTCCCAGTTTGGC-1,CFA,1.1994265146492022
CFA2_ACCCTCCCATAGCGAG-1,CFA,0.0
CFA2_ACCCTCCCATCAGTAT-1,CFA,0.5278962495349349
CFA2_ACCCTGTTCATGTCAA-1,CFA,0.0
CFA2_ACCCTGTTCCGGTATG-1,CFA,0.0
CFA2_ACCCTGTTCGGTTAGT-1,CFA,0.7871722931025658
CFA2_ACCCTGTTCTGTTGCC-1,CFA,0.0
CFA2_ACCGCAATCATCCTCA-1,CFA,0.0
CFA2_ACCGGTTCAAGACTCC-1,CFA,0.0
CFA2_ACCGGTTCAGGACACA-1,CFA,0.0
CFA2_ACCTAAGGTAAGCTCA-1,CFA,0.0
CFA2_ACCTAAGGTTTAACCC-1,CFA,0.0
CFA2_ACCTACCTCTACCTCA-1,CFA,2.363175744919124
CFA2_ACCTGGTCAGCTTAAT-1,CFA,0.6073884656406694
CFA2_ACCTGTTGTAAGTCGC-1,CFA,0.5586318516835529
CFA2_ACCTGTTGTTGAATCG-1,CFA,0.9185164975236834
CFA2_ACCTGTTGTTGTAAAC-1,CFA,2.0372298320082303
CFA2_ACCTGTTGTTTGAGCA-1,CFA,0.0
CFA2_ACCTTCATCAAGGACA-1,CFA,1.232714017418299
CFA2_ACCTTGCTCCCGCAAA-1,CFA,0.0
CFA2_ACGAAGTCACACCAAC-1,CFA,0.0
CFA2_ACGAATCTCCTGGCTT-1,CFA,0.0
CFA2_ACGACAAAGTTACCGG-1,CFA,0.0
CFA2_ACGATTCAGCTCATAA-1,CFA,1.5536208804183531
CFA2_ACGCCACAGGAAGCAC-1,CFA,0.0
CFA2_ACGCCACAGTTGGGCC-1,CFA,1.7607770465409502
CFA2_ACGCCTAAGCATGCAT-1,CFA,0.0
CFA2_ACGCCTAAGCATGGTT-1,CFA,0.0
CFA2_ACGCCTAAGGCATGTT-1,CFA,0.0
CFA2_ACGCCTAAGTTAGCCG-1,CFA,0.0
CFA2_ACGCCTAAGTTCCCAC-1,CFA,0.0
CFA2_ACGCCTTTCACAGGAA-1,CFA,0.5051312078724342
CFA2_ACGGTTAGTTGCAGTA-1,CFA,1.33330388972049
CFA2_ACGGTTTAGCAAACCT-1,CFA,3.1398087000907395
CFA2_ACGGTTTAGCTAAAGG-1,CFA,0.6471904426965404
CFA2_ACGTACCCAGCCTGCA-1,CFA,0.0
CFA2_ACGTCAAGTTTCCGGC-1,CFA,0.0
CFA2_ACGTCCTTCAAACTCA-1,CFA,0.4332553194679209
CFA2_ACGTCCTTCGAGGAAC-1,CFA,0.0
CFA2_ACGTTACAGATTCCTT-1,CFA,0.5148307901328564
CFA2_ACTAAAGCATGTGGGA-1,CFA,0.0
CFA2_ACTAACCAGTAGGATG-1,CFA,0.0
CFA2_ACTAACCAGTGAGGGT-1,CFA,0.0
CFA2_ACTAATCCACGCAACT-1,CFA,1.2944165125597984
CFA2_ACTAGGCGTACTAAAC-1,CFA,0.7913704516130495
CFA2_ACTATGTCAGGCATGA-1,CFA,0.0
CFA2_ACTCACTGTACAAAGA-1,CFA,0.0
CFA2_ACTCACTGTTTGGGTA-1,CFA,0.0
CFA2_ACTCAGTAGACAGGCG-1,CFA,1.4877232375096872
CFA2_ACTCGCGCAATGCGCT-1,CFA,0.662564924592526
CFA2_ACTCGCGCACTAAATC-1,CFA,0.0
CFA2_ACTCGCTTCGCACAAT-1,CFA,0.0
CFA2_ACTGAAACAAACAACA-1,CFA,0.0
CFA2_ACTGAAACACATGCTA-1,CFA,0.4665792233087305
CFA2_ACTTACAAGACAAGTG-1,CFA,0.6909544158021397
CFA2_ACTTACAAGCAACAAG-1,CFA,0.0
CFA2_ACTTACAAGCCTAATA-1,CFA,0.0
CFA2_ACTTACTTCGGGACTC-1,CFA,0.0
CFA2_ACTTAGGGTAACCTAG-1,CFA,0.0
CFA2_ACTTAGGGTGGAAACG-1,CFA,0.0
CFA2_ACTTGCACAAGGTACG-1,CFA,0.8393023435326465
CFA2_ACTTGTAAGTCTTGAA-1,CFA,0.0
CFA2_ACTTGTCGTCCTTCAG-1,CFA,0.0
CFA2_ACTTGTCGTTCAAGCA-1,CFA,0.7864554448205885
CFA2_AGAAACCCAAATACCT-1,CFA,0.0
CFA2_AGAAACTAGTAAACCC-1,CFA,0.0
CFA2_AGAAAGGCACTTGTTC-1,CFA,0.0
CFA2_AGAAAGGCAGCCAGTT-1,CFA,0.0
CFA2_AGAAAGGCATAATCAC-1,CFA,0.0
CFA2_AGAACAAGTGATGGCT-1,CFA,0.785025856692992
CFA2_AGAACCAAGAGGATAT-1,CFA,0.9975914370765387
CFA2_AGAACCAAGCAACATC-1,CFA,0.0
CFA2_AGAACCAAGTTACTTC-1,CFA,0.0
CFA2_AGAACCGCAACACCTA-1,CFA,0.0
CFA2_AGAACCGCACAACAGG-1,CFA,0.0
CFA2_AGAATCGAGCGAGGTG-1,CFA,0.9376613660680928
CFA2_AGAATCTGTACCGTAA-1,CFA,0.0
CFA2_AGACAATAGGACCGCT-1,CFA,0.0
CFA2_AGACAATAGGCAACAA-1,CFA,0.0
CFA2_AGACAATAGGCATGAA-1,CFA,1.901325253343746
CFA2_AGACACGCAATGCGCT-1,CFA,2.0178243061238135
CFA2_AGACACGCACTAGCGT-1,CFA,0.9947906423713484
CFA2_AGACCCGGTACGGGTT-1,CFA,0.0
CFA2_AGAGAAGCACATTGCA-1,CFA,0.44316619460821527
CFA2_AGAGAAGCAGCAACAG-1,CFA,1.106405931987191
CFA2_AGAGAGGAGCGATACT-1,CFA,0.0
CFA2_AGAGAGGAGGACGTAA-1,CFA,0.0
CFA2_AGAGAGGAGGATAAAC-1,CFA,0.0
CFA2_AGAGATTAGCGGATTT-1,CFA,0.9494970143110544
CFA2_AGAGATTAGTAAAGGT-1,CFA,0.0
CFA2_AGAGGAACAATCATGT-1,CFA,0.0
CFA2_AGAGGATGTACCCACC-1,CFA,1.310791788579824
CFA2_AGAGGATGTGGATTAT-1,CFA,1.6059271771598151
CFA2_AGAGGATGTTGAAGCC-1,CFA,0.0
CFA2_AGATGCTTCGCAACAT-1,CFA,1.1030317414217965
CFA2_AGATGCTTCGCTCCAT-1,CFA,1.0521958194997862
CFA2_AGCAACAAGCTCCTAC-1,CFA,0.0
CFA2_AGCAATACAGCCTTGG-1,CFA,0.0
CFA2_AGCAATTGTAACGAGG-1,CFA,0.0
CFA2_AGCACAGCAATAAGCA-1,CFA,1.2308116104332552
CFA2_AGCACAGCAGCCAGTT-1,CFA,0.0
CFA2_AGCAGGTAGCGATACT-1,CFA,1.2794000032720754
CFA2_AGCATCCCATAACGGG-1,CFA,0.0
CFA2_AGCATTTCAAACTAAG-1,CFA,0.0
CFA2_AGCCAGTGTACCAGGT-1,CFA,1.0976798255660447
CFA2_AGCCAGTGTAGCCATA-1,CFA,0.0
CFA2_AGCCTAAGTATTGCAG-1,CFA,1.2992183413221547
CFA2_AGCCTAAGTGACCTGG-1,CFA,0.0
CFA2_AGCCTAAGTGGAAACG-1,CFA,1.004485841140335
CFA2_AGCCTAGTCAAGTGAG-1,CFA,1.1227372638792126
CFA2_AGCCTAGTCCGCAAGC-1,CFA,0.0
CFA2_AGCCTCCGTTAGCAGC-1,CFA,1.1053912930836265
CFA2_AGCGATTTCATTGTTC-1,CFA,0.0
CFA2_AGCGATTTCTTGCAAA-1,CFA,0.0
CFA2_AGCGCCTAGCACAGAA-1,CFA,0.0
CFA2_AGCGCCTAGGGTGGAT-1,CFA,0.7684728352636632
CFA2_AGCGGACCACAGCCTG-1,CFA,0.0
CFA2_AGCGGACCACTTCACT-1,CFA,0.0
CFA2_AGCGGATAGGTATTGC-1,CFA,0.9686000159343906
CFA2_AGCGTGCTCGCTAAAC-1,CFA,0.0
CFA2_AGCTAAACATCACAGC-1,CFA,2.14743498531117
CFA2_AGCTAACTCATCCTGC-1,CFA,0.0
CFA2_AGCTAACTCTGTAATG-1,CFA,0.8229199218723373
CFA2_AGCTACGTCACCTGTC-1,CFA,0.0
CFA2_AGCTACGTCCTTGAGG-1,CFA,0.7642183559215964
CFA2_AGCTACTAGGATGATG-1,CFA,0.0
CFA2_AGCTACTAGGCCAATT-1,CFA,1.66599303102381
CFA2_AGCTACTAGTAGAGGC-1,CFA,0.5734698792126909
CFA2_AGCTATATCCAAATCA-1,CFA,1.0759373531520458
CFA2_AGCTATATCCTAGTTT-1,CFA,0.0
CFA2_AGCTATATCTGTAATG-1,CFA,0.47571341818941315
CFA2_AGCTCATAGGTGAGAC-1,CFA,0.0
CFA2_AGCTGCTCAAGATTCT-1,CFA,0.5798279239819653
CFA2_AGCTTAATCATGGCCA-1,CFA,0.0
CFA2_AGCTTCCTCATTTAGG-1,CFA,0.0
CFA2_AGCTTCCTCGATTTAG-1,CFA,0.0
CFA2_AGGAAACGTAGCCTCC-1,CFA,1.4278616084902493
CFA2_AGGAACCAGGCGCTAC-1,CFA,0.5925188742063336
CFA2_AGGAACGGTTCGCTTG-1,CFA,1.7637082849275636
CFA2_AGGAACGGTTGCGGAT-1,CFA,0.9732881286715657
CFA2_AGGAACGGTTGTAAAC-1,CFA,0.805551412234998
CFA2_AGGACTAAGCGAAGTA-1,CFA,0.0
CFA2_AGGACTAAGTTATCCT-1,CFA,0.6273280259159589
CFA2_AGGATATAGCAGCTCA-1,CFA,0.0
CFA2_AGGATATAGCGAGCGA-1,CFA,0.0
CFA2_AGGATATAGTCTGGGC-1,CFA,1.7160591819981532
CFA2_AGGATGTCACCGGTAT-1,CFA,0.0
CFA2_AGGATTGAGACAAGTG-1,CFA,0.0
CFA2_AGGATTGAGCAAGACA-1,CFA,1.2307086563376706
CFA2_AGGATTGAGCTGAGGG-1,CFA,0.0
CFA2_AGGCAATCAACAGCCT-1,CFA,1.010076133746466
CFA2_AGGCAATCAATAAGCA-1,CFA,0.0
CFA2_AGGCAATCATCCAGGT-1,CFA,0.0
CFA2_AGGCCCAGTAGACAAA-1,CFA,2.152964976858545
CFA2_AGGCGGATCATAACGC-1,CFA,0.0
CFA2_AGGCGGATCCCTCGCA-1,CFA,0.9817677208755172
CFA2_AGGCTAGCAATAACGA-1,CFA,0.0
CFA2_AGGTAACCACGAACAG-1,CFA,1.7802782868540987
CFA2_AGGTAACCACGGTTTA-1,CFA,1.0010620803575607
CFA2_AGGTACGCAAGGATTA-1,CFA,0.0
CFA2_AGGTACGCATCACTTC-1,CFA,0.4453530938670537
CFA2_AGGTCAAAGGAGTCTT-1,CFA,1.6159980542999497
CFA2_AGGTCAAAGGTAGCTT-1,CFA,0.8383327377176195
CFA2_AGGTCCGGTCTTGCTG-1,CFA,0.0
CFA2_AGGTCCGGTGACATAT-1,CFA,0.0
CFA2_AGGTCCGGTGGATGTC-1,CFA,0.0
CFA2_AGGTCCGGTTGTTCAC-1,CFA,1.4985597408437026
CFA2_AGGTCTTAGCAGGCCT-1,CFA,0.872770935819985
CFA2_AGGTGAGGTTTCCACG-1,CFA,0.8351054467483161
CFA2_AGGTTAACAATAACGA-1,CFA,0.6078834048630624
CFA2_AGGTTAGAGAACAAGT-1,CFA,1.8048648981945061
CFA2_AGGTTAGAGCAAGACA-1,CFA,0.0
CFA2_AGGTTGCGTTTGCAGA-1,CFA,1.2703591559889282
CFA2_AGGTTTGGTTAAGCTG-1,CFA,0.6255441633620481
CFA2_AGTAAACAGGAACCGG-1,CFA,0.9410309842468028
CFA2_AGTAACCTCTTAGGGT-1,CFA,1.593106718443668
CFA2_AGTAACGAGGTTACAC-1,CFA,0.0
CFA2_AGTAACGAGTTGTCTT-1,CFA,0.0
CFA2_AGTAAGTAGCACAGGG-1,CFA,1.5112341117831187
CFA2_AGTAAGTAGGGTCTAT-1,CFA,0.0
CFA2_AGTAATCGTCAAACTG-1,CFA,0.0
CFA2_AGTAATCGTCGCAAAC-1,CFA,0.0
CFA2_AGTAGGATCATAACTG-1,CFA,1.307683727080649
CFA2_AGTCAGGCATGCTTAG-1,CFA,1.0358573853569368
CFA2_AGTCCTGAGCGAGGTG-1,CFA,0.0
CFA2_AGTCCTTGTGCACGCA-1,CFA,2.2098389714445807
CFA2_AGTCCTTGTGTCCTGC-1,CFA,0.6388464218170239
CFA2_AGTCCTTGTTCCGGGA-1,CFA,0.0
CFA2_AGTCTTGCAAGTGTTT-1,CFA,0.6966656561676221
CFA2_AGTCTTGCACAATACT-1,CFA,0.0
CFA2_AGTCTTGCAGTGAACG-1,CFA,0.0
CFA2_AGTCTTGCATAAGTCT-1,CFA,0.5563356299324959
CFA2_AGTGAACCAGCTCATA-1,CFA,0.0
CFA2_AGTGAGTCATCCATCT-1,CFA,0.8260121767984914
CFA2_AGTGATGAGGTCGATT-1,CFA,0.0
CFA2_AGTGCACGTTTACGTC-1,CFA,0.0
CFA2_AGTGCGGAGCTTATGA-1,CFA,1.5145462331980222
CFA2_AGTGTGGCATTAGCGC-1,CFA,0.7206374581035214
CFA2_AGTTACATCTAGCGTG-1,CFA,1.1684263172447178
CFA2_AGTTACTCATGTTGGC-1,CFA,0.4236933726838487
CFA2_AGTTACTCATTCCTGT-1,CFA,0.0
CFA2_AGTTGCAGTAAGCACC-1,CFA,0.8883128201792146
CFA2_AGTTGCGTCAGGTCCA-1,CFA,1.3227375049464491
CFA2_AGTTGCGTCGCCTAAG-1,CFA,1.0822184788924334
CFA2_AGTTGTCAGCCAGGTC-1,CFA,0.0
CFA2_AGTTGTCAGCCTTAAA-1,CFA,0.0
CFA2_ATAAGCCTCGAAGTGA-1,CFA,1.0500171639947937
CFA2_ATAATGGCATAAGTCT-1,CFA,1.7607770465409502
CFA2_ATACCGGTCCTTAATC-1,CFA,0.0
CFA2_ATACCGGTCTGTAAGC-1,CFA,1.2751711347000814
CFA2_ATAGGTACAGGTATTT-1,CFA,0.0
CFA2_ATATGCATCCGTGACA-1,CFA,1.799299087753937
CFA2_ATATGCATCTAAGTGC-1,CFA,1.9785807723532378
CFA2_ATCAAGACAATATGGA-1,CFA,0.0
CFA2_ATCAATCCAGTCTAAT-1,CFA,0.0
CFA2_ATCACACAGAGGAAGG-1,CFA,1.6430683116056957
CFA2_ATCACACAGTCATGCG-1,CFA,0.0
CFA2_ATCACACAGTTATCTC-1,CFA,1.8982636469024938
CFA2_ATCACCCTCATTACAG-1,CFA,0.0
CFA2_ATCACCCTCCTACCTA-1,CFA,1.6686662051100665
CFA2_ATCAGGTTCGCTAGAT-1,CFA,1.3848710510600217
CFA2_ATCAGGTTCTTGAGCG-1,CFA,0.0
CFA2_ATCATGTCAGATTCAT-1,CFA,0.0
CFA2_ATCCAACAGAAGCTAG-1,CFA,0.0
CFA2_ATCCAACAGGTCCGTA-1,CFA,0.5498095184057238
CFA2_ATCCACCTCTCAATAG-1,CFA,0.0
CFA2_ATCCATAAGCACTAAC-1,CFA,1.3907357460005612
CFA2_ATCCATAAGCTAATTG-1,CFA,0.0
CFA2_ATCCCGCGTAGCCTAA-1,CFA,0.0
CFA2_ATCCCGCGTTGTCCAT-1,CFA,0.9195128013012723
CFA2_ATCCGTGAGGCTAGAA-1,CFA,0.0
CFA2_ATCCTCATCGCCTAAG-1,CFA,0.0
CFA2_ATCCTTAGTCATCCTG-1,CFA,0.774286389426363
CFA2_ATCCTTAGTGCATTTC-1,CFA,0.0
CFA2_ATCGCCCGTTCCTCCT-1,CFA,0.4919397088499673
CFA2_ATCGCCCGTTGTAACG-1,CFA,1.77895836945314
CFA2_ATCGCTTGTTTCAGGA-1,CFA,2.570319989380708
CFA2_ATCGCTTGTTTGACCT-1,CFA,1.2161490838870517
CFA2_ATCGGCCAGTCACCTC-1,CFA,0.0
CFA2_ATCTTTGGTGACATAT-1,CFA,1.519058913548392
CFA2_ATCTTTGGTTATCCGT-1,CFA,0.0
CFA2_ATGACCAGTACAAAGA-1,CFA,0.7631165997235696
CFA2_ATGACTCAGGTGAAAT-1,CFA,0.0
CFA2_ATGACTCAGTAAAGGT-1,CFA,0.0
CFA2_ATGATGGAGCGATAGA-1,CFA,0.8060310530737917
CFA2_ATGCAAACATGTTGGC-1,CFA,0.0
CFA2_ATGCATTCAATGCCCG-1,CFA,0.8553398449534428
CFA2_ATGCATTCACTAAGTT-1,CFA,0.775928233967096
CFA2_ATGCATTCAGGCTAAG-1,CFA,0.0
CFA2_ATGCCTGAGGCGCATC-1,CFA,0.7709620283381668
CFA2_ATGCCTGAGGCGCTTA-1,CFA,0.0
CFA2_ATGCCTGAGTTGGGCC-1,CFA,1.4736877673201243
CFA2_ATGCGATTCTCAATGA-1,CFA,0.7537651847901448
CFA2_ATGGACAAGCCTAATA-1,CFA,0.0
CFA2_ATGGACAAGCTAATTG-1,CFA,0.0
CFA2_ATGGACAAGCTTACTT-1,CFA,0.0
CFA2_ATGGACAAGTTAGTTG-1,CFA,0.9315115864576241
CFA2_ATGGACAAGTTCCTCA-1,CFA,0.0
CFA2_ATGGCCCAGGAACACA-1,CFA,0.8073359741872097
CFA2_ATGGCCGGTTTGGTTC-1,CFA,1.0352715246016675
CFA2_ATGGCTAGTGTTGTAG-1,CFA,0.8649757275387437
CFA2_ATGGCTAGTTAAGCTG-1,CFA,0.0
CFA2_ATGGCTGTCACAGCCA-1,CFA,1.1471329197933766
CFA2_ATGGCTGTCCTTTACG-1,CFA,0.6430546257443404
CFA2_ATGGCTTAGATGGAGC-1,CFA,1.3930446460146764
CFA2_ATGGCTTAGCCAGTAT-1,CFA,0.0
CFA2_ATGGTGCGTAAAGCGG-1,CFA,0.0
CFA2_ATGGTGCGTACGGTAC-1,CFA,0.7239059606778537
CFA2_ATGGTGCGTTAACGAT-1,CFA,0.0
CFA2_ATGGTTATCATCAGTA-1,CFA,0.0
CFA2_ATGTCAATCAATTGGC-1,CFA,0.0
CFA2_ATGTTCAAGTAGGATG-1,CFA,0.0
CFA2_ATGTTTGAGCATTAGC-1,CFA,0.8730549982325169
CFA2_ATTACCGCACATAGCC-1,CFA,0.0
CFA2_ATTACCGCATTAAGCT-1,CFA,1.200994395571675
CFA2_ATTACGTCAATGAAGC-1,CFA,0.0
CFA2_ATTAGCGGTACCCACC-1,CFA,0.0
CFA2_ATTAGCGGTTTATCTG-1,CFA,0.0
CFA2_ATTAGCTCATAAGTCT-1,CFA,0.0
CFA2_ATTAGCTCATAGCGGA-1,CFA,0.4815269472731484
CFA2_ATTAGTCCACGAATTT-1,CFA,0.6926475552685128
CFA2_ATTAGTCCAGCACGTT-1,CFA,0.0
CFA2_ATTATGGTCAATAGCC-1,CFA,0.0
CFA2_ATTCAACCAATTGACT-1,CFA,1.415057023537822
CFA2_ATTCACTTCATGCCTC-1,CFA,1.240343665731361
CFA2_ATTCCGGAGCAAGGTA-1,CFA,1.9931309927520124
CFA2_ATTCCGGAGCCTAACG-1,CFA,0.0
CFA2_ATTCCGGAGGCGAAAC-1,CFA,0.0
CFA2_ATTCCTAGTAGTAAGA-1,CFA,0.5051833392339682
CFA2_ATTCCTCCAGCCAGTT-1,CFA,0.7323824324761651
CFA2_ATTCCTCCAGGAATCG-1,CFA,0.0
CFA2_ATTCCTCCAGGGAGGA-1,CFA,1.2433785484724365
CFA2_ATTGAAGCATTAGCGC-1,CFA,0.0
CFA2_ATTGCAGGTCCTTCAG-1,CFA,0.0
CFA2_ATTGGCTAGGAAACTG-1,CFA,0.0
CFA2_ATTGGTTCAAGGGTTG-1,CFA,0.0
CFA2_ATTGTGATCATCACTT-1,CFA,3.1998728777425853
CFA2_ATTGTGATCCAAACAC-1,CFA,0.0
CFA2_ATTTAGCCACCCACCT-1,CFA,0.0
CFA2_ATTTAGCCAGGTTATT-1,CFA,0.0
CFA2_ATTTAGGTCAGCAAGA-1,CFA,0.0
CFA2_ATTTAGGTCCACCCTG-1,CFA,0.0
CFA2_ATTTGCAAGCACCACA-1,CFA,0.9877566690895443
CFA2_ATTTGCAAGCCTGGTA-1,CFA,1.6310638924261815
CFA2_ATTTGCAAGCTATATG-1,CFA,1.1768580506649444
CFA2_ATTTGCAAGGCAATAG-1,CFA,1.4898491236751499
CFA2_ATTTGCGCAATAATGG-1,CFA,0.0
CFA2_ATTTGCGCACCTGTAA-1,CFA,0.0
CFA2_ATTTGCGCATTAAGCT-1,CFA,0.0
CFA2_CAAACAACACCTACTT-1,CFA,1.2148142963271744
CFA2_CAAACAACATAAGTCT-1,CFA,0.5965960221828517
CFA2_CAAACATGTTTCGCCA-1,CFA,0.9657197438162801
CFA2_CAAAGTGAGGGCTTTG-1,CFA,1.3597434798789272
CFA2_CAACAATGTCTTGCTG-1,CFA,0.7106451255283106
CFA2_CAACAATGTGCCGCAA-1,CFA,0.0
CFA2_CAACAATGTGGATTGC-1,CFA,1.1501238160646285
CFA2_CAACCCGCACCACAAC-1,CFA,0.0
CFA2_CAACCCTTCAGCTAAC-1,CFA,0.0
CFA2_CAACCCTTCCTCATGC-1,CFA,0.8400498105364339
CFA2_CAACCGGGTGCGCATG-1,CFA,1.1240443402302174
CFA2_CAACTAATCCCTGTTA-1,CFA,0.7503273270847661
CFA2_CAACTAGGTACAAAGA-1,CFA,1.7120105630388793
CFA2_CAACTAGGTCCGGTTC-1,CFA,0.0
CFA2_CAACTAGGTTAGCAGC-1,CFA,0.0
CFA2_CAACTAGGTTTACCGT-1,CFA,0.0
CFA2_CAAGAACCATTTGCTC-1,CFA,0.0
CFA2_CAAGCTAGTGCCGCAA-1,CFA,0.0
CFA2_CAAGCTAGTTGAAGCC-1,CFA,0.5288391509616419
CFA2_CAAGGCCTCAGGCTAT-1,CFA,0.0
CFA2_CAAGGCCTCGTGCTAG-1,CFA,1.2854876798511212
CFA2_CAAGGCTGTCATAGAT-1,CFA,0.669374996242048
CFA2_CAAGGCTGTCTTACTA-1,CFA,0.0
CFA2_CAAGGCTGTGGCTTCC-1,CFA,0.6917501141716513
CFA2_CAAGGCTGTTAGTGAT-1,CFA,0.0
CFA2_CAAGGGAGTAATGGCC-1,CFA,0.6855839323662665
CFA2_CAAGGTTTCAGGGCCT-1,CFA,0.8798494236286675
CFA2_CAAGGTTTCTTGAGGT-1,CFA,0.0
CFA2_CAAGGTTTCTTTAGGA-1,CFA,1.2772816053075966
CFA2_CAAGTATGTAACGGGA-1,CFA,1.7063043852993998
CFA2_CAAGTGAAGGTCATTA-1,CFA,0.0
CFA2_CAAGTTATCATTGCAA-1,CFA,0.6749095930101644
CFA2_CAAGTTATCGGTCATG-1,CFA,0.0
CFA2_CAATAGCTCGGTCAAT-1,CFA,0.0
CFA2_CAATATGTCTCAATTC-1,CFA,0.7000683226389623
CFA2_CAATCCCTCACCGGTA-1,CFA,0.0
CFA2_CAATCCCTCGCTAAAC-1,CFA,1.2747066520231907
CFA2_CAATCCTGTTTATTCG-1,CFA,0.8562736995287268
CFA2_CAATCGCCACAATACT-1,CFA,0.0
CFA2_CAATCTAAGTAGCGCC-1,CFA,0.0
CFA2_CAATCTAAGTTTGTCT-1,CFA,0.0
CFA2_CAATGAACATCAGCAC-1,CFA,0.0
CFA2_CAATGCCCACCGGCTA-1,CFA,0.0
CFA2_CAATGCCCATTGTCCT-1,CFA,0.0
CFA2_CAATGTGGTGCATCGG-1,CFA,1.6602752017167202
CFA2_CAATGTGGTTAGCGTA-1,CFA,0.6026714751217295
CFA2_CACAAGCGTTGGGTTA-1,CFA,0.0
CFA2_CACAATATCCTGGTCT-1,CFA,0.0
CFA2_CACAGGCTCACTAAGC-1,CFA,0.0
CFA2_CACAGGCTCGGTTTCC-1,CFA,1.2317963706703718
CFA2_CACAGGGAGCACAGGG-1,CFA,0.0
CFA2_CACATAATCATTACAG-1,CFA,0.8967365858247254
CFA2_CACATACAGCTTTGTT-1,CFA,0.0
CFA2_CACATTAAGCATGCAT-1,CFA,0.5208077552844719
CFA2_CACCGGTAGTTTGGTA-1,CFA,1.2601933135555952
CFA2_CACCTCAGTACCCACC-1,CFA,1.1287282205206486
CFA2_CACCTCAGTATTTGGG-1,CFA,0.0
CFA2_CACCTCAGTTGGTTGA-1,CFA,1.1701478865814978
CFA2_CACGCTAAGACAGGTA-1,CFA,1.2340358294446703
CFA2_CACGCTAAGGTGTCCA-1,CFA,0.0
CFA2_CACTAAGGTAATCGTG-1,CFA,0.0
CFA2_CACTAAGGTTAGTACG-1,CFA,0.0
CFA2_CACTAGCCATGAATCT-1,CFA,0.0
CFA2_CACTGACCACAATGCC-1,CFA,0.0
CFA2_CACTTAAAGGAAGCTA-1,CFA,0.0
CFA2_CACTTAAAGGTTTGCG-1,CFA,0.7564552978425948
CFA2_CAGAACCGTCATAGAT-1,CFA,0.0
CFA2_CAGCAAGCAATAGCAA-1,CFA,0.0
CFA2_CAGCCAATCTCGCCCA-1,CFA,0.0
CFA2_CAGCCTAAGCCTGATG-1,CFA,0.5022292819101516
CFA2_CAGCCTAAGTGAACGA-1,CFA,0.0
CFA2_CAGCCTTTCACTCGCT-1,CFA,1.6603902396080277
CFA2_CAGCCTTTCCTCCTAA-1,CFA,0.0
CFA2_CAGCTAAGTCCTTCAG-1,CFA,1.5162642427499342
CFA2_CAGCTATAGGAAACTG-1,CFA,0.0
CFA2_CAGCTCAAGCACCACA-1,CFA,0.0
CFA2_CAGGAAGGTTTCAGGA-1,CFA,0.0
CFA2_CAGGACACAGGGAGGA-1,CFA,0.9406024123953446
CFA2_CAGGACACAGTAAGTA-1,CFA,0.0
CFA2_CAGGACACATTAGCGC-1,CFA,1.2704697386232857
CFA2_CAGGATGCACTAGGTC-1,CFA,0.0
CFA2_CAGGCTATCAAGCGCC-1,CFA,0.0
CFA2_CAGGCTATCGCTCACT-1,CFA,1.1801281973533555
CFA2_CAGGCTATCGTTAACA-1,CFA,0.0
CFA2_CAGGCTGGTGGAAACG-1,CFA,0.0
CFA2_CAGGGTGAGAAAGGAA-1,CFA,0.0
CFA2_CAGGTCCAGAGAGGAG-1,CFA,1.1233437035498457
CFA2_CAGGTCCAGCTTGCTC-1,CFA,0.0
CFA2_CAGGTCCAGGTTTGCG-1,CFA,0.8436573557976637
CFA2_CAGGTGGAGCGAAGTA-1,CFA,1.3705471698274965
CFA2_CAGGTGGAGTGAGAGC-1,CFA,0.0
CFA2_CAGGTTTAGGTGAGAC-1,CFA,1.355170455978892
CFA2_CAGTACCCAGCACCAT-1,CFA,0.454597796685809
CFA2_CAGTACCCATGAGCAG-1,CFA,0.0
CFA2_CAGTATGGTGTCCTGC-1,CFA,0.0
CFA2_CAGTATGGTTACGCAA-1,CFA,1.095820104963349
CFA2_CATAACGGTGCATTTC-1,CFA,0.8781608440889526
CFA2_CATAACGGTGGTTCTT-1,CFA,0.0
CFA2_CATAACGGTGTTTCAC-1,CFA,0.0
CFA2_CATAATCCAAACTGTT-1,CFA,1.827905203010655
CFA2_CATAATCCAAAGCCTC-1,CFA,1.4649284014157273
CFA2_CATAATCCAAAGCTCC-1,CFA,1.814763913024444
CFA2_CATAATCCAAGTCGCT-1,CFA,0.6528354322157618
CFA2_CATAGCTAGAGAGGCT-1,CFA,0.0
CFA2_CATAGCTAGTTCCTGC-1,CFA,0.7987644497541281
CFA2_CATAGGTTCATAAGCC-1,CFA,0.0
CFA2_CATAGGTTCCTGAATA-1,CFA,1.4704961664774654
CFA2_CATAGTCAGATACTTG-1,CFA,0.0
CFA2_CATAGTCAGGTTTGCG-1,CFA,0.0
CFA2_CATCAATCAAACTGCC-1,CFA,0.5495616469141229
CFA2_CATCAATCAAGCCACT-1,CFA,0.0
CFA2_CATCAGCCAAACGGGC-1,CFA,0.0
CFA2_CATCCTCAGTCCTTTG-1,CFA,0.0
CFA2_CATCCTCAGTCTATGA-1,CFA,0.0
CFA2_CATCCTCAGTGCACGC-1,CFA,1.3204190515543104
CFA2_CATCCTGGTACTTAGG-1,CFA,1.388736823583537
CFA2_CATCCTGGTTACATCC-1,CFA,0.0
CFA2_CATCCTTCAGGATTAA-1,CFA,0.0
CFA2_CATGAGGCAACCTAAT-1,CFA,0.4275367888873789
CFA2_CATGAGGCAGTTAAAG-1,CFA,0.7956159812432863
CFA2_CATGCAAGTGATCAGC-1,CFA,0.0
CFA2_CATGCATAGAGAGGCT-1,CFA,0.9337080288745143
CFA2_CATGCATAGGCCCAGT-1,CFA,0.0
CFA2_CATGCATAGGCCTTAG-1,CFA,0.0
CFA2_CATGCGCAGCTTGCTC-1,CFA,0.0
CFA2_CATGCGCAGTTAGACC-1,CFA,0.5002027750079338
CFA2_CATGGCGGTTCACCAT-1,CFA,0.0
CFA2_CATTATGAGCTGGCTA-1,CFA,0.6099482367049714
CFA2_CATTATGAGGCGCTAC-1,CFA,1.0721309904767433
CFA2_CATTCCTCAATAGCCC-1,CFA,0.0
CFA2_CATTGCGAGCGATACT-1,CFA,0.0
CFA2_CATTGTAAGGACTAAG-1,CFA,0.0
CFA2_CATTGTAAGTACCGCA-1,CFA,0.0
CFA2_CATTGTGCAACTAGCC-1,CFA,0.0
CFA2_CATTGTGCAAGGATTA-1,CFA,2.1187396817263315
CFA2_CATTGTGCATACCCGG-1,CFA,0.0
CFA2_CATTGTGCATGGTTAT-1,CFA,0.4193476332827399
CFA2_CCAAACCCAAGATTCT-1,CFA,0.5255398455368858
CFA2_CCAAACCCAGGAACTG-1,CFA,0.0
CFA2_CCAAACTAGCTTCTCA-1,CFA,1.9248492664906918
CFA2_CCAAATCAGAGCAAGC-1,CFA,0.0
CFA2_CCAAATCAGCACAGCC-1,CFA,0.0
CFA2_CCAAATCAGCCACATG-1,CFA,0.0
CFA2_CCAACATAGTTTCCTG-1,CFA,0.0
CFA2_CCAAGGCTCAACCAAC-1,CFA,0.0
CFA2_CCAAGGCTCGTTCACC-1,CFA,0.0
CFA2_CCAAGTTAGATAGACG-1,CFA,0.7228675933071419
CFA2_CCAAGTTAGCAGCTCA-1,CFA,0.0
CFA2_CCAATATCAACACTTG-1,CFA,0.38920380722739056
CFA2_CCACAATAGCTCATAA-1,CFA,0.8667307224221517
CFA2_CCACACAAGGCTTAGT-1,CFA,0.0
CFA2_CCACACAAGTAAACCC-1,CFA,1.369142634593122
CFA2_CCACAGGGTATTTGCC-1,CFA,0.0
CFA2_CCACAGGGTTTGCTGT-1,CFA,0.0
CFA2_CCACATTGTATTCGTC-1,CFA,0.5827819846058107
CFA2_CCAGACTCATGTTGCA-1,CFA,0.0
CFA2_CCAGCCTGTTGGTTGA-1,CFA,0.0
CFA2_CCAGGATGTAATCGGC-1,CFA,0.0
CFA2_CCATAAATCCGCATGA-1,CFA,0.0
CFA2_CCATAAATCCTAGTTT-1,CFA,0.0
CFA2_CCATAAGGTACAATGT-1,CFA,0.43590282526015256
CFA2_CCATAAGGTAGCTAAT-1,CFA,0.0
CFA2_CCATAAGGTTGCCTCA-1,CFA,1.1147810087123695
CFA2_CCATAGCCACTTAACG-1,CFA,0.0
CFA2_CCATAGCCACTTCACT-1,CFA,0.0
CFA2_CCATATTTCAAACCGT-1,CFA,0.0
CFA2_CCATATTTCAATAGCC-1,CFA,0.5066999435249026
CFA2_CCATCACTCATAACGC-1,CFA,0.4324370331118584
CFA2_CCATCACTCTTGCATT-1,CFA,1.6771851928095218
CFA2_CCATTGTGTAGCTGCG-1,CFA,0.7471559270854468
CFA2_CCATTGTGTTCCGCAC-1,CFA,1.0250388072109398
CFA2_CCCAAACCAAGCTTAT-1,CFA,1.3676505354528794
CFA2_CCCAAATAGGTTTGAC-1,CFA,0.0
CFA2_CCCAACCGTGAGACTC-1,CFA,0.0
CFA2_CCCAACCGTGATCAGC-1,CFA,0.0
CFA2_CCCAATTGTCTAACCT-1,CFA,0.4942969611598861
CFA2_CCCAATTGTTAAGCCA-1,CFA,0.0
CFA2_CCCAGCACATAATCCG-1,CFA,0.6842670038030862
CFA2_CCCAGTTTCGATATTG-1,CFA,0.555194763900655
CFA2_CCCATAACATAAGCAA-1,CFA,1.7374985450367406
CFA2_CCCGCAACAGTAAAGC-1,CFA,0.0
CFA2_CCCGCAACATAGCTTG-1,CFA,1.4478947514313754
CFA2_CCCGTAAAGCCTAATA-1,CFA,0.8400498105364339
CFA2_CCCGTAAAGTCAATTG-1,CFA,1.8052186226020597
CFA2_CCCGTTGTCATGCCTC-1,CFA,1.7714273043375846
CFA2_CCCGTTGTCCTTGAGG-1,CFA,0.0
CFA2_CCCTCACCAATCTCTC-1,CFA,0.0
CFA2_CCCTCACCAGGCCATT-1,CFA,0.5472796487524686
CFA2_CCCTCAGTCCCTTGCG-1,CFA,0.585555410490095
CFA2_CCCTCAGTCCTCACAC-1,CFA,0.6018677486047807
CFA2_CCCTCATAGAGAGGAG-1,CFA,1.113497543209137
CFA2_CCCTCATAGAGGCTAA-1,CFA,0.0
CFA2_CCCTCATAGCACTTGG-1,CFA,0.0
CFA2_CCCTCATAGGTCCTAG-1,CFA,0.0
CFA2_CCCTGTTAGCAAACCT-1,CFA,0.5866865645401007
CFA2_CCCTTAATCGAAGTGA-1,CFA,0.0
CFA2_CCCTTAATCGCACACA-1,CFA,0.8590882844806316
CFA2_CCCTTAATCTTTGAGA-1,CFA,1.4666362857022697
CFA2_CCGACAGGTTACGCGG-1,CFA,0.0
CFA2_CCGATGCAGACTAAGG-1,CFA,1.3180096617239265
CFA2_CCGCAAGGTACGCGCA-1,CFA,0.0
CFA2_CCGCACACACCTATAG-1,CFA,0.0
CFA2_CCGCTAAAGTCCTGAG-1,CFA,0.0
CFA2_CCGCTAGCACAAGCCT-1,CFA,1.5931587588260796
CFA2_CCGCTTAGTGTAACCA-1,CFA,0.0
CFA2_CCGGTAGGTGGGAACA-1,CFA,1.6385415769483502
CFA2_CCGGTTAAGGACTTAC-1,CFA,0.38659842176507325
CFA2_CCGGTTAAGTAGAGGC-1,CFA,0.0
CFA2_CCGTGCTGTGTCCAAA-1,CFA,0.0
CFA2_CCGTGCTGTTATGTGG-1,CFA,0.0
CFA2_CCGTGCTGTTCCGGCT-1,CFA,1.0310164745750638
CFA2_CCGTTAACACAAGCCT-1,CFA,0.5227012752092136
CFA2_CCGTTATGTTTATCGC-1,CFA,1.1328130847538942
CFA2_CCGTTGCGTACAAAGA-1,CFA,1.4939215002756838
CFA2_CCGTTGCGTGTCACGG-1,CFA,0.0
CFA2_CCGTTGCGTTTGGGCG-1,CFA,0.0
CFA2_CCGTTTGGTCAAACTG-1,CFA,0.0
CFA2_CCGTTTGGTTGCACAA-1,CFA,0.0
CFA2_CCTAAGCCAGGCCATT-1,CFA,1.5009254969672443
CFA2_CCTAAGCCAGTTATCG-1,CFA,0.9533505562580975
CFA2_CCTAAGGTCAATGACC-1,CFA,0.0
CFA2_CCTAAGTAGGCCCAGT-1,CFA,0.8012615473673449
CFA2_CCTAATCGTAAGCTCA-1,CFA,0.0
CFA2_CCTAATCGTCCTAATC-1,CFA,0.7516274716578097
CFA2_CCTACTGGTGACATAT-1,CFA,1.2426767081253185
CFA2_CCTATATTCATGCTCC-1,CFA,0.7997410872963115
CFA2_CCTATATTCCCATAGG-1,CFA,0.5257943185230112
CFA2_CCTATATTCTAGCTAA-1,CFA,0.0
CFA2_CCTATATTCTGCAAAC-1,CFA,0.0
CFA2_CCTCAAACAACGTGCT-1,CFA,1.3215267186615782
CFA2_CCTCAGTTCCTCCCTC-1,CFA,0.0
CFA2_CCTCCTCTCACCATTT-1,CFA,1.394126437013042
CFA2_CCTCCTCTCCCGTTTA-1,CFA,0.0
CFA2_CCTGATGAGCCTGTGA-1,CFA,0.0
CFA2_CCTGCTCCACTTGTTC-1,CFA,0.0
CFA2_CCTGGATCACAACAGG-1,CFA,0.0
CFA2_CCTGGATCATTGCGGT-1,CFA,0.0
CFA2_CCTGGTAAGGCATTGT-1,CFA,1.7358154413383753
CFA2_CCTGTAACAATAATCC-1,CFA,0.0
CFA2_CCTGTAACACATACTG-1,CFA,0.0
CFA2_CCTGTAACATTAAGCT-1,CFA,0.0
CFA2_CCTGTTGGTTGTGATG-1,CFA,0.0
CFA2_CCTGTTGGTTTGCTGT-1,CFA,0.0
CFA2_CCTTAACGTGATCATG-1,CFA,0.0
CFA2_CCTTAACGTGCGCATG-1,CFA,0.6512937935398054
CFA2_CCTTAGTGTTATCCGT-1,CFA,0.5751989158909152
CFA2_CCTTATGTCAAGCTTA-1,CFA,0.6572820506920465
CFA2_CCTTCGGTCTGTTGCC-1,CFA,1.1478667878225994
CFA2_CCTTCGTAGCACTAGT-1,CFA,0.0
CFA2_CCTTTAGTCGGGACTC-1,CFA,0.0
CFA2_CCTTTAGTCGTTAACA-1,CFA,0.0
CFA2_CGAACCGGTTACAAAC-1,CFA,0.0
CFA2_CGAAGAATCTAAGTCA-1,CFA,0.0
CFA2_CGAAGCGAGCCGCAAC-1,CFA,0.0
CFA2_CGAAGCGAGCTTTGTT-1,CFA,1.0745805951649197
CFA2_CGAAGCGAGGCAGGTG-1,CFA,0.910495168837106
CFA2_CGAATATGTCTTGCTG-1,CFA,1.0734598611270956
CFA2_CGACAAGCACAGGGAC-1,CFA,0.0
CFA2_CGACAAGCAGGTCCTG-1,CFA,1.0820894894919584
CFA2_CGACCTGCACCATATG-1,CFA,0.0
CFA2_CGACCTGCACCTGCCT-1,CFA,1.4686490303657849
CFA2_CGACTAAGTGCCGCAA-1,CFA,0.0
CFA2_CGACTAAGTGTTGTAG-1,CFA,0.0
CFA2_CGAGCGAAGACACCGC-1,CFA,0.0
CFA2_CGAGCGAAGGACGTAA-1,CFA,1.6503407117703666
CFA2_CGAGCTGGTCCTAAGA-1,CFA,0.0
CFA2_CGAGGAAGTACTGATG-1,CFA,0.7557359702274943
CFA2_CGAGGCAAGCACAGAA-1,CFA,0.0
CFA2_CGAGGCAAGGAGTCTT-1,CFA,0.0
CFA2_CGAGGCAAGGCTAAGA-1,CFA,0.0
CFA2_CGAGGTGAGCATGACT-1,CFA,0.0
CFA2_CGAGGTGAGTGAGCGG-1,CFA,1.6802341060117951
CFA2_CGAGTCGGTTCGCTTG-1,CFA,0.0
CFA2_CGAGTCGGTTTGCGCC-1,CFA,0.0
CFA2_CGATATTCAAATACCT-1,CFA,0.9412692607997308
CFA2_CGATATTCAGCAAGGC-1,CFA,1.1839690458190812
CFA2_CGATATTCAGGCTAGA-1,CFA,0.44715506528161275
CFA2_CGATATTCATTGTGCA-1,CFA,1.3002146521744766
CFA2_CGATCCTTCCCATAAA-1,CFA,1.022752386277546
CFA2_CGATGTCCAATCCTGA-1,CFA,0.42675875506121747
CFA2_CGATGTCCAGGCCATT-1,CFA,0.884539281552559
CFA2_CGATGTCCATCCATCT-1,CFA,0.0
CFA2_CGATTATCAATGCCCG-1,CFA,0.0
CFA2_CGATTCCTCGTTACTT-1,CFA,0.0
CFA2_CGATTGAGTACCCACC-1,CFA,0.48375945053642877
CFA2_CGATTTGCAGTAGGTG-1,CFA,0.0
CFA2_CGCAAATTCCTAAATG-1,CFA,0.0
CFA2_CGCAATAGTCACGGAT-1,CFA,0.0
CFA2_CGCAATAGTTTATCTG-1,CFA,0.0
CFA2_CGCAATCCATTATGGT-1,CFA,0.0
CFA2_CGCACAATCAGGATGA-1,CFA,0.0
CFA2_CGCACAATCATTGACA-1,CFA,1.0170469119904026
CFA2_CGCACACAGTATTGTG-1,CFA,0.0
CFA2_CGCATATAGCGTGCAC-1,CFA,0.9471236069101849
CFA2_CGCATATAGGTCCACA-1,CFA,1.0767021790323652
CFA2_CGCATGATCCGGTTGA-1,CFA,0.7663085765732551
CFA2_CGCATTACAAATATCC-1,CFA,0.8684531534800898
CFA2_CGCCAAATCATGTGGT-1,CFA,0.0
CFA2_CGCCAAATCCTCCTAA-1,CFA,0.0
CFA2_CGCCACACAGGAACTG-1,CFA,0.0
CFA2_CGCCACACATGCTTAG-1,CFA,0.7172384894546515
CFA2_CGCCTCATCTAACCAA-1,CFA,0.0
CFA2_CGCCTCATCTTGAGGT-1,CFA,2.189352349164401
CFA2_CGCCTCATCTTTGACT-1,CFA,1.0218219451522308
CFA2_CGCGGATTCCGTCCAT-1,CFA,0.0
CFA2_CGCGGATTCTAATTGG-1,CFA,1.4609755363420562
CFA2_CGCTAACCAGGCTTCG-1,CFA,0.0
CFA2_CGCTGTGCAATTATGC-1,CFA,0.0
CFA2_CGCTGTGCAGAAACGT-1,CFA,0.0
CFA2_CGCTGTGCATAGCGGA-1,CFA,0.0
CFA2_CGCTTAACACCCACCT-1,CFA,1.5477255991106313
CFA2_CGCTTAACAGGCTAAG-1,CFA,0.0
CFA2_CGCTTACTCGAGGTGG-1,CFA,0.8417743430810235
CFA2_CGCTTACTCTCACTCA-1,CFA,1.0218788581197016
CFA2_CGCTTCTAGCTTTGTT-1,CFA,0.0
CFA2_CGCTTCTAGGTAGCTT-1,CFA,0.0
CFA2_CGCTTGCGTCATTACC-1,CFA,0.7601341704963027
CFA2_CGCTTGCGTTTATGGG-1,CFA,0.0
CFA2_CGGACAACACCCTCAC-1,CFA,1.5075283989436543
CFA2_CGGAGCAAGAATGACG-1,CFA,0.0
CFA2_CGGAGCAAGTAACAGG-1,CFA,1.0944959636419076
CFA2_CGGATAAAGAAGCTAG-1,CFA,0.0
CFA2_CGGATAAAGCGGGCAA-1,CFA,0.0
CFA2_CGGCTCACAGGAATCG-1,CFA,0.0
CFA2_CGGGCTTAGCATGGTT-1,CFA,1.209672830314422
CFA2_CGGGCTTAGTATTGTG-1,CFA,0.0
CFA2_CGGGCTTAGTTTGGGT-1,CFA,0.0
CFA2_CGGGTATGTAACGAGG-1,CFA,0.0
CFA2_CGGGTATGTAGCAGCT-1,CFA,0.5236252734047818
CFA2_CGGGTCTAGCTAAAGG-1,CFA,0.9295117487731861
CFA2_CGGGTCTAGTAGGATG-1,CFA,1.3124926975326727
CFA2_CGGGTCTAGTTAACCA-1,CFA,2.0108922275299417
CFA2_CGGTGAGAGTGAACAG-1,CFA,0.0
CFA2_CGGTTCCGTAACTACG-1,CFA,0.806648619133633
CFA2_CGGTTCCGTGAGCGAA-1,CFA,2.3233479675735174
CFA2_CGGTTCCGTTATCCGT-1,CFA,0.9642614076367797
CFA2_CGGTTCCGTTTGACCT-1,CFA,0.0
CFA2_CGGTTGGGTTCGGGAT-1,CFA,0.0
CFA2_CGGTTTCTCTTAGTGA-1,CFA,0.0
CFA2_CGGTTTGAGGTTTGCG-1,CFA,0.0
CFA2_CGTAACCCAGCAGGTA-1,CFA,0.0
CFA2_CGTAACCCAGGCCAAA-1,CFA,2.281484920953959
CFA2_CGTAATGGTCATAAGT-1,CFA,0.0
CFA2_CGTAATGGTGAACAAA-1,CFA,0.0
CFA2_CGTACGGGTCAATACG-1,CFA,0.0
CFA2_CGTACGGGTTTGACCT-1,CFA,0.4815505867770318
CFA2_CGTAGCGGTTCCGGGA-1,CFA,0.0
CFA2_CGTAGTTAGGCCCAGT-1,CFA,1.5403507621016805
CFA2_CGTATTGCAGATAGAC-1,CFA,1.1626148341453846
CFA2_CGTCAATAGACAGGTA-1,CFA,0.8547572816910757
CFA2_CGTCAATAGTGAAGTG-1,CFA,1.6743611250240746
CFA2_CGTCAATAGTTATCCT-1,CFA,1.833674287846358
CFA2_CGTCATTGTTAGGCGT-1,CFA,1.5585394743897825
CFA2_CGTCATTGTTCGGGAT-1,CFA,0.0
CFA2_CGTCCTAGTTAGGTTG-1,CFA,0.0
CFA2_CGTGACATCACCTGTC-1,CFA,1.1322428009058938
CFA2_CGTGACATCAGCACGC-1,CFA,0.7433754915527289
CFA2_CGTGAGGAGCGGATTT-1,CFA,0.0
CFA2_CGTGAGGAGGATCCGC-1,CFA,0.0
CFA2_CGTGCACAGCTCCTTA-1,CFA,0.44201139708005743
CFA2_CGTGCACAGGCCAATT-1,CFA,0.0
CFA2_CGTGCTGCACTAAGTT-1,CFA,0.0
CFA2_CGTGGTTCACGAATTT-1,CFA,0.0
CFA2_CGTGGTTCAGCTTAAT-1,CFA,0.0
CFA2_CGTGTGTCACTTAGGC-1,CFA,0.0
CFA2_CGTTAAATCCTGGTCT-1,CFA,1.4849626964543239
CFA2_CGTTAAATCTTTAAGG-1,CFA,1.8226228319527775
CFA2_CGTTAGGTCACAGCGC-1,CFA,0.0
CFA2_CGTTAGGTCGCAACAT-1,CFA,0.0
CFA2_CGTTAGTAGGCTGTGC-1,CFA,0.9755132864172016
CFA2_CGTTATCGTTCACTGT-1,CFA,0.9740742403532724
CFA2_CGTTATTTCCCTGTTA-1,CFA,2.031682158200642
CFA2_CGTTGCAAGACAAACG-1,CFA,0.0
CFA2_CGTTGCAAGCGATAGA-1,CFA,0.0
CFA2_CGTTGCAAGGAAACTG-1,CFA,0.8148388704750358
CFA2_CGTTGCAAGGGACGCA-1,CFA,0.9311854035234413
CFA2_CGTTGCAAGTATGTGC-1,CFA,0.0
CFA2_CGTTGCGCAAGCTTAT-1,CFA,0.0
CFA2_CGTTTCTCATGAAATG-1,CFA,0.866251337969442
CFA2_CGTTTGGAGCCTCTCG-1,CFA,0.0
CFA2_CGTTTGTGTCACAGAC-1,CFA,0.47608267532211773
CFA2_CGTTTGTGTCTAGCTT-1,CFA,1.5536208804183531
CFA2_CGTTTGTGTGATGAAA-1,CFA,0.0
CFA2_CTAAATGTCAATGTCA-1,CFA,2.4934682501396783
CFA2_CTAACCACACCTATAG-1,CFA,0.0
CFA2_CTAACCCTCCTGAGTG-1,CFA,0.0
CFA2_CTAACCTGTGGCTTCC-1,CFA,0.0
CFA2_CTAACCTGTTACTTGC-1,CFA,0.0
CFA2_CTAAGGTTCCACCCTG-1,CFA,0.0
CFA2_CTAAGTCAGGAAACTG-1,CFA,0.0
CFA2_CTAATAGTCAGGTCCA-1,CFA,0.0
CFA2_CTAATAGTCATCCTAT-1,CFA,0.9841748566676485
CFA2_CTAATCGCATAATTGC-1,CFA,1.2827495353984182
CFA2_CTAATCTTCTAATCAG-1,CFA,0.0
CFA2_CTAATGTCACCGGTAT-1,CFA,0.0
CFA2_CTAATGTCATTCAGCA-1,CFA,0.9350218323851263
CFA2_CTACCGGCAACTAGAA-1,CFA,0.763422308994504
CFA2_CTACCGGCACCTCAGG-1,CFA,0.0
CFA2_CTACGAAGTTAGTACG-1,CFA,0.0
CFA2_CTACGAAGTTGGTTAG-1,CFA,0.0
CFA2_CTACTAAAGGGCCATC-1,CFA,0.0
CFA2_CTACTTAGTCGACTCC-1,CFA,1.0339267763688724
CFA2_CTACTTAGTGGTTATG-1,CFA,0.0
CFA2_CTAGATTCACTGGCCA-1,CFA,0.0
CFA2_CTAGCGGGTGCGCGTA-1,CFA,0.6102937819961509
CFA2_CTAGCGGGTTGGTGAC-1,CFA,0.0
CFA2_CTAGCTGAGGGTTAGA-1,CFA,0.0
CFA2_CTAGTAATCAAACCGT-1,CFA,0.0
CFA2_CTAGTAGGTCATCATC-1,CFA,0.0
CFA2_CTAGTCGAGCAGGTGG-1,CFA,0.0
CFA2_CTAGTCGAGCTGGCTA-1,CFA,0.0
CFA2_CTAGTCGAGGCGGATG-1,CFA,0.8512794889245621
CFA2_CTAGTGAGTAGCCTAA-1,CFA,0.0
CFA2_CTAGTGAGTGTCACGG-1,CFA,1.5687901077336825
CFA2_CTATAACCAAACAACA-1,CFA,1.4277531863359958
CFA2_CTATGATCACCCTCAC-1,CFA,0.0
CFA2_CTATGGCCAATCCCTT-1,CFA,2.0947280937140804
CFA2_CTATGTTTCATGCATA-1,CFA,0.36736957188075137
CFA2_CTATGTTTCGTTATAG-1,CFA,0.6158779281451014
CFA2_CTATTACTCCCTGGTT-1,CFA,0.6273686903500453
CFA2_CTATTACTCCTTCAAT-1,CFA,2.060924495437093
CFA2_CTATTACTCGCATTAA-1,CFA,1.0482091162600449
CFA2_CTATTGAAGGAGGGTT-1,CFA,0.0
CFA2_CTCAATAAGGTAAGCA-1,CFA,1.0292788253835576
CFA2_CTCACAACACAACAAA-1,CFA,0.0
CFA2_CTCACTCAGGCTACTG-1,CFA,0.0
CFA2_CTCACTCAGGCTTAAC-1,CFA,0.0
CFA2_CTCATCATCAAACTCA-1,CFA,1.1951463520757748
CFA2_CTCATTAGTTGAGGTC-1,CFA,0.5299579422221
CFA2_CTCATTGTCATGGTTA-1,CFA,0.0
CFA2_CTCATTGTCGGTCAAT-1,CFA,0.4398379775306873
CFA2_CTCCGGACAAGGTATA-1,CFA,0.0
CFA2_CTCCTAATCACTCAAA-1,CFA,0.0
CFA2_CTCCTAATCCCGAAGC-1,CFA,0.0
CFA2_CTCCTCACAATGCGCT-1,CFA,0.0
CFA2_CTCCTGAGTTTGGCGG-1,CFA,0.0
CFA2_CTCGACAAGGGTGAAC-1,CFA,0.0
CFA2_CTCGCTAGTGAACAAA-1,CFA,0.0
CFA2_CTCGCTCCAGCACGAA-1,CFA,1.0848053632220065
CFA2_CTCGCTCCAGGCGAGT-1,CFA,0.0
CFA2_CTCGTTATCCGCTAGA-1,CFA,1.0413999562990455
CFA2_CTCGTTATCGTTAGCG-1,CFA,1.415057023537822
CFA2_CTCTAGCTCGTGCCTT-1,CFA,1.896550389613542
CFA2_CTCTAGCTCTGCAAAC-1,CFA,1.5309899554939683
CFA2_CTCTCACAGAACCTGT-1,CFA,1.2475494394580675
CFA2_CTCTCACAGGTTAGCT-1,CFA,0.0
CFA2_CTGAAACTCATCCACC-1,CFA,0.0
CFA2_CTGAAACTCCAATTAG-1,CFA,0.0
CFA2_CTGAAACTCTCATCAT-1,CFA,0.0
CFA2_CTGAATATCTATGACA-1,CFA,1.319253259263209
CFA2_CTGACATAGGCAGGTG-1,CFA,0.0
CFA2_CTGACATAGGTAAGGC-1,CFA,0.699762196981082
CFA2_CTGATCACAGCTCATA-1,CFA,0.0
CFA2_CTGCTACTCGCGCTAA-1,CFA,0.0
CFA2_CTGCTATGTATTGTGG-1,CFA,0.6261106187937547
CFA2_CTGCTATGTTACCGGG-1,CFA,0.0
CFA2_CTGGCTAAGGTTACGT-1,CFA,0.0
CFA2_CTGGTCAAGCAAACCT-1,CFA,1.1438797640974885
CFA2_CTGGTCAAGTTGGGCC-1,CFA,1.359420779845834
CFA2_CTGGTTTGTCTAACAG-1,CFA,1.4112541869051254
CFA2_CTGGTTTGTTGTTGCT-1,CFA,1.0511657826585195
CFA2_CTGGTTTGTTTCCGGC-1,CFA,0.8630697712783033
CFA2_CTGTAACAGATAACCC-1,CFA,0.0
CFA2_CTGTAACAGCCTAATA-1,CFA,2.1704203506274817
CFA2_CTGTAACAGGGCCACT-1,CFA,0.0
CFA2_CTGTAACAGGTTACAC-1,CFA,1.168388124082697
CFA2_CTGTACCTCTTAGTCT-1,CFA,1.0877970948824829
CFA2_CTGTGTGAGGAAACTG-1,CFA,0.7950826707407785
CFA2_CTGTGTGAGGCGAAAC-1,CFA,0.0
CFA2_CTGTGTGAGGTTAGCT-1,CFA,1.7522526603261124
CFA2_CTGTTAAAGGTGTTAC-1,CFA,0.0
CFA2_CTGTTAAAGTTATTCC-1,CFA,1.5613101794111106
CFA2_CTGTTCATCGAGCTAT-1,CFA,1.0515896490297312
CFA2_CTGTTGGAGCCATCAG-1,CFA,0.8878077019401656
CFA2_CTGTTGGAGGCCTGGT-1,CFA,0.0
CFA2_CTGTTTAGTGTTGTGA-1,CFA,0.0
CFA2_CTGTTTAGTTGTGACA-1,CFA,1.764075545549368
CFA2_CTTAACAAGGAAGCAC-1,CFA,0.0
CFA2_CTTAAGATCAGGCTAT-1,CFA,0.0
CFA2_CTTAAGATCATTACTC-1,CFA,0.0
CFA2_CTTAAGATCCTCATCA-1,CFA,1.1891072614610088
CFA2_CTTAAGATCCTGAGTG-1,CFA,0.0
CFA2_CTTAAGGGTTATCCTA-1,CFA,0.0
CFA2_CTTAAGGGTTGTGACA-1,CFA,1.4004854548988654
CFA2_CTTAAGGGTTTGAGGC-1,CFA,0.4137672993807554
CFA2_CTTAATGAGGCCGGAA-1,CFA,1.616838798921662
CFA2_CTTACCGGTTATGTGG-1,CFA,0.0
CFA2_CTTACCTCAATAACCT-1,CFA,1.1124913867276707
CFA2_CTTACTAGTGTGTGGT-1,CFA,0.0
CFA2_CTTAGGAGTTGGCGTG-1,CFA,0.0
CFA2_CTTAGTTTCCTTAATC-1,CFA,1.3159595682904586
CFA2_CTTAGTTTCGATTTGA-1,CFA,1.3838244540450169
CFA2_CTTCATCCAAACAACA-1,CFA,0.0
CFA2_CTTCGCGTCACCTGCT-1,CFA,0.8826237292789438
CFA2_CTTCTAAGTTGGCGTG-1,CFA,1.0549940508493356
CFA2_CTTCTAAGTTGTAACG-1,CFA,0.7177488905191352
CFA2_CTTCTAAGTTTCCGGC-1,CFA,1.2612197545955213
CFA2_CTTGACGAGCCGCTTT-1,CFA,1.049293129530355
CFA2_CTTGACGAGGAACCAA-1,CFA,0.0
CFA2_CTTGACGAGGACAATG-1,CFA,0.944330675943774
CFA2_CTTGACGAGGATTTGC-1,CFA,0.0
CFA2_CTTGCAACAAGCTACC-1,CFA,0.0
CFA2_CTTGCAACATGTGGGA-1,CFA,0.0
CFA2_CTTGCGCGTAATGGCC-1,CFA,0.8364006177462078
CFA2_CTTGCGCGTGACATAT-1,CFA,2.1464336720678814
CFA2_CTTGGACCACTTGTTC-1,CFA,0.0
CFA2_CTTGTCCAGAGGAAGG-1,CFA,0.8807997035621428
CFA2_CTTGTCCAGCCGCAGT-1,CFA,0.9474135435367089
CFA2_CTTGTCCAGTGAGGTA-1,CFA,0.0
CFA2_CTTGTTCCAGCTACGT-1,CFA,0.0
CFA2_CTTGTTTAGTTACTTC-1,CFA,1.398760185139986
CFA2_CTTTATCAGAGAAGGG-1,CFA,0.0
CFA2_CTTTATCAGAGCAAGC-1,CFA,1.4894499748148688
CFA2_CTTTGAGCACAAACTT-1,CFA,1.5552399148192106
CFA2_CTTTGTCCACCAGCAT-1,CFA,1.2857085666905876
CFA2_GAAACTGAGCGAGCGA-1,CFA,1.1582513214296462
CFA2_GAACACAAGCGGGCAA-1,CFA,0.0
CFA2_GAACACAAGGGACGCA-1,CFA,0.0
CFA2_GAACCAAAGGGCCACT-1,CFA,0.0
CFA2_GAACCAGCAACCGCCA-1,CFA,0.7301464136009127
CFA2_GAACCTGTCACAAGCT-1,CFA,0.0
CFA2_GAACCTTAGTTGCGTG-1,CFA,0.0
CFA2_GAACGAATCAGGATGA-1,CFA,0.0
CFA2_GAACGAATCGGGCCAT-1,CFA,0.0
CFA2_GAACTTATCTTGCAAA-1,CFA,0.0
CFA2_GAAGCCTGTCCGTAGG-1,CFA,1.276194346714654
CFA2_GAAGCCTGTGATGGCT-1,CFA,1.0146494755494406
CFA2_GAAGCCTGTGTTTGCT-1,CFA,1.2362844599389333
CFA2_GAAGGAACAGTAGGAT-1,CFA,0.0
CFA2_GAAGGCCCAAACGGGC-1,CFA,0.0
CFA2_GAAGGCCCACTCAACA-1,CFA,0.9098741070846517
CFA2_GAAGGCTAGCCTCTGT-1,CFA,0.0
CFA2_GAAGTAAGTTGTCATC-1,CFA,0.0
CFA2_GAAGTATAGTGAACCT-1,CFA,0.0
CFA2_GAAGTCAAGGTATTGC-1,CFA,2.406729790746785
CFA2_GAAGTGATCCTGCGAA-1,CFA,0.0
CFA2_GAAGTGATCTACTAAG-1,CFA,0.0
CFA2_GAAGTGATCTTGTCCA-1,CFA,0.0
CFA2_GACATAGAGTTACTTC-1,CFA,0.0
CFA2_GACCGAACATTGTCAG-1,CFA,1.2944549723379901
CFA2_GACCGTTCAGGTTCAC-1,CFA,0.741701708707394
CFA2_GACCTAGTCCGCAAGC-1,CFA,0.0
CFA2_GACCTAGTCCGTAAAC-1,CFA,0.8126005022234908
CFA2_GACCTGATCACCTGCT-1,CFA,0.0
CFA2_GACCTGCAGCCTTAAA-1,CFA,0.0
CFA2_GACCTTTGTTGGTGAC-1,CFA,0.0
CFA2_GACGCAACAAAGGCCA-1,CFA,0.0
CFA2_GACGCAACAAGTGAAC-1,CFA,0.0
CFA2_GACGCCTAGCTTCTCA-1,CFA,0.6593937093115212
CFA2_GACGCCTAGGCTCATG-1,CFA,0.0
CFA2_GACGCCTAGTAAACCC-1,CFA,1.473212310725886
CFA2_GACGTAAAGGAGGGTT-1,CFA,0.0
CFA2_GACGTAAAGGCGAAAC-1,CFA,0.8168081406047343
CFA2_GACTAATGTGCCTCAC-1,CFA,0.0
CFA2_GACTCACCAAATTGCT-1,CFA,1.3347113141495504
CFA2_GACTCACCAGGCTACT-1,CFA,0.0
CFA2_GACTTACAGCTAATCA-1,CFA,1.3339556883868966
CFA2_GACTTAGGTAAATTGC-1,CFA,0.9315582040049435
CFA2_GACTTAGGTCAATGTG-1,CFA,0.8045939323100977
CFA2_GACTTGGTCTCCATGC-1,CFA,0.6577301657359089
CFA2_GAGAACCAGCCACAAT-1,CFA,0.0
CFA2_GAGAACCAGTCAGTAC-1,CFA,1.2454189421289013
CFA2_GAGAGGCGTTACTTCA-1,CFA,0.988921527579461
CFA2_GAGCAAATCATCACTT-1,CFA,0.7102240807640485
CFA2_GAGCAAATCCGTAAAC-1,CFA,0.0
CFA2_GAGCAAGGTAAGCTCA-1,CFA,0.0
CFA2_GAGCATGCAGCACCAT-1,CFA,0.7138461964301224
CFA2_GAGCATGCATATAACC-1,CFA,0.0
CFA2_GAGCCACTCAATCATG-1,CFA,1.361395590323224
CFA2_GAGCCACTCATAACTG-1,CFA,0.0
CFA2_GAGCCACTCTCCTCAA-1,CFA,0.0
CFA2_GAGCCTTCAACTAACT-1,CFA,0.9648642817245336
CFA2_GAGCCTTCAGTAGCCT-1,CFA,1.0582178345475737
CFA2_GAGCGAAGTCGACTAA-1,CFA,2.4285654235380694
CFA2_GAGCGATAGTACTGGT-1,CFA,0.0
CFA2_GAGCGGTCAATTGACT-1,CFA,0.0
CFA2_GAGCGGTCACCCACCT-1,CFA,0.0
CFA2_GAGCGGTCACTGGCCA-1,CFA,1.1951784870591609
CFA2_GAGCGGTCAGGAACTG-1,CFA,1.0110762068129218
CFA2_GAGCGGTCATCACAGC-1,CFA,1.227117406212553
CFA2_GAGCTAGCAAATTCGT-1,CFA,0.0
CFA2_GAGCTTAGTAGCTAGC-1,CFA,0.0
CFA2_GAGGACTAGGAGTAAT-1,CFA,0.7622619772459384
CFA2_GAGGACTAGGGCTAAA-1,CFA,0.0
CFA2_GAGGAGGCAACTAGCC-1,CFA,0.0
CFA2_GAGGAGGCAGCCAGAA-1,CFA,0.0
CFA2_GAGGCTACACGAACAG-1,CFA,0.7911726112222757
CFA2_GAGGCTACATTGTGAT-1,CFA,1.6397457418421364
CFA2_GAGGCTTGTCACAGAC-1,CFA,1.6236684242468011
CFA2_GAGGTACAGAGGAGTC-1,CFA,0.0
CFA2_GAGGTACAGCAACAAG-1,CFA,1.5179312354662513
CFA2_GAGGTACAGCATGAAG-1,CFA,1.1111681441805268
CFA2_GAGGTACAGTGGACAA-1,CFA,0.0
CFA2_GAGGTGAGTGGTTAGC-1,CFA,0.0
CFA2_GAGGTTAAGTGAACAG-1,CFA,0.0
CFA2_GAGTAACCAACACCTA-1,CFA,0.0
CFA2_GAGTAATAGGACACTT-1,CFA,0.0
CFA2_GAGTATCTCCTCATGC-1,CFA,1.8262421127476447
CFA2_GAGTCAAAGCATCCAG-1,CFA,0.0
CFA2_GAGTCAAAGGCAAGTA-1,CFA,1.1831043918911879
CFA2_GAGTCAAAGTGAACGA-1,CFA,1.303370282718784
CFA2_GAGTGAGGTAGTTACG-1,CFA,0.0
CFA2_GAGTGATCAAGCGAGC-1,CFA,0.0
CFA2_GAGTGTTTCTTAGTCT-1,CFA,0.0
CFA2_GAGTTGCGTAATTAGC-1,CFA,0.0
CFA2_GATAAAGGTGAGCGAA-1,CFA,0.0
CFA2_GATAATCGTAACGAGG-1,CFA,0.0
CFA2_GATAATCGTGACATAT-1,CFA,1.0704487133431875
CFA2_GATAGACCAATCGCAC-1,CFA,0.0
CFA2_GATAGACCACATAGCC-1,CFA,0.7471559270854468
CFA2_GATAGACCAGCTCATA-1,CFA,0.0
CFA2_GATAGACCAGGAACTG-1,CFA,0.7052636043078153
CFA2_GATAGACCATACCCGG-1,CFA,0.0
CFA2_GATCAAGAGGAGTCTT-1,CFA,0.0
CFA2_GATCAGGCAAAGCTAA-1,CFA,0.7140854938425784
CFA2_GATCAGGCAACCCTAA-1,CFA,0.0
CFA2_GATCAGGCACGAATCC-1,CFA,0.8162444680875921
CFA2_GATCAGTTCCCTTGCG-1,CFA,0.8089906738943101
CFA2_GATCGAGCAATGAAGC-1,CFA,0.0
CFA2_GATCGCTCAACATAAG-1,CFA,1.6116281720006191
CFA2_GATCGCTCAAGATTCT-1,CFA,1.8557750527941406
CFA2_GATCGCTCAATCCTAG-1,CFA,0.0
CFA2_GATGCAGCAGCACGAA-1,CFA,0.0
CFA2_GATGCAGCATAGACTT-1,CFA,0.0
CFA2_GATGCGACAAGCTTTG-1,CFA,0.0
CFA2_GATGGCTGTCAATAGT-1,CFA,0.0
CFA2_GATGGCTGTGTGCAAC-1,CFA,0.7141386937528192
CFA2_GATTAAGCACTTAGGC-1,CFA,0.0
CFA2_GATTAAGCAGGAACCA-1,CFA,1.4984248206508157
CFA2_GATTAAGCAGGATTAA-1,CFA,1.695539677073976
CFA2_GATTAAGCATCATGGC-1,CFA,1.711489875563755
CFA2_GATTAGCTCACAGGAA-1,CFA,1.2544619915189643
CFA2_GATTAGCTCTTGAGGT-1,CFA,0.6306806895232984
CFA2_GATTATGTCACGCATG-1,CFA,0.8514334205605016
CFA2_GATTATGTCATCCTGC-1,CFA,1.2711890568769648
CFA2_GATTATGTCATTAGTG-1,CFA,1.4242099278660003
CFA2_GATTCAATCGCTATGG-1,CFA,0.0
CFA2_GATTCAATCTGCAACG-1,CFA,0.7669256308469098
CFA2_GATTCAGGTAGCTGGT-1,CFA,2.2707422388425185
CFA2_GATTCATCAAGTGTTT-1,CFA,0.0
CFA2_GATTCATCAGCCTTGG-1,CFA,0.0
CFA2_GATTCCTGTAATCGGC-1,CFA,0.0
CFA2_GATTGATGTAAATTGC-1,CFA,0.0
CFA2_GATTGCGTCACGCATG-1,CFA,0.7658772576310966
CFA2_GATTGCGTCGGTTTCC-1,CFA,0.0
CFA2_GATTGGCGTGTTAAAC-1,CFA,0.0
CFA2_GATTGTTCAACAGGAT-1,CFA,0.0
CFA2_GATTGTTCAGGCTTCG-1,CFA,0.0
CFA2_GATTGTTCATCAGCAC-1,CFA,0.8610938552108086
CFA2_GCAAACCGTGGTGAGA-1,CFA,0.6569240137424966
CFA2_GCAAACCGTTAAGCTG-1,CFA,1.2516331659716837
CFA2_GCAACAGCAAACAACA-1,CFA,2.370400134722417
CFA2_GCAACAGCAAGCGATG-1,CFA,0.0
CFA2_GCAACAGCACAACAAA-1,CFA,0.0
CFA2_GCAAGCCTCATAAGCC-1,CFA,0.7391200005587495
CFA2_GCAAGCCTCTAATCCT-1,CFA,0.0
CFA2_GCAAGTGCACTTCACT-1,CFA,0.0
CFA2_GCAATAGAGTGAGAGC-1,CFA,1.5833951824961274
CFA2_GCAATAGAGTGATTCA-1,CFA,0.0
CFA2_GCAATATGTGGATGTC-1,CFA,0.8645514098375511
CFA2_GCAATATGTGTTTGCT-1,CFA,0.0
CFA2_GCAATATGTTCGCGCT-1,CFA,0.8297117141630171
CFA2_GCAATGTTCAAACTCA-1,CFA,0.7264879770706637
CFA2_GCAATGTTCTCGCCCA-1,CFA,1.727092487688226
CFA2_GCACATTAGGACCGCT-1,CFA,0.0
CFA2_GCACCTAAGAGAGCCG-1,CFA,0.0
CFA2_GCACCTAAGATGCCTG-1,CFA,0.0
CFA2_GCACGAACACTTAGGC-1,CFA,0.0
CFA2_GCACGAACAGCCTGCA-1,CFA,0.0
CFA2_GCACGCTAGGCGCTAC-1,CFA,0.0
CFA2_GCACGGTTCGTGCTAG-1,CFA,0.0
CFA2_GCACTAAGTCACGGAT-1,CFA,0.0
CFA2_GCACTAAGTTAAGCGC-1,CFA,0.8807169838450023
CFA2_GCACTTACACCGTTCC-1,CFA,1.311138168107596
CFA2_GCACTTACAGGAAGCC-1,CFA,1.0722573944905325
CFA2_GCACTTACATTAGCGC-1,CFA,0.0
CFA2_GCAGCAACAAGGTCCT-1,CFA,0.5565262419845581
CFA2_GCAGCAACAATCGCAC-1,CFA,0.0
CFA2_GCAGCCAGTTAGTACG-1,CFA,0.0
CFA2_GCAGCTATCAAACTCA-1,CFA,0.6274500355514552
CFA2_GCAGGAAGTCATTAGG-1,CFA,0.0
CFA2_GCAGGAAGTTCACCAT-1,CFA,0.0
CFA2_GCAGGAAGTTGTCATC-1,CFA,0.0
CFA2_GCAGGACCAAGTGTTT-1,CFA,0.9392401180407702
CFA2_GCAGGACCACAGCCAT-1,CFA,0.0
CFA2_GCAGGACCATGAGTTT-1,CFA,1.4551558179276332
CFA2_GCAGGCAAGTCGCAAT-1,CFA,1.3486160093387503
CFA2_GCAGGTGAGCACTTGG-1,CFA,0.0
CFA2_GCAGGTGAGCCAAATC-1,CFA,0.0
CFA2_GCAGGTGAGCCTCTGT-1,CFA,1.0834671160489773
CFA2_GCAGGTGAGGCGCACT-1,CFA,0.0
CFA2_GCATATATCGGTCAAT-1,CFA,0.9698183058675445
CFA2_GCATCCTTCGCTATGG-1,CFA,1.2957063300437308
CFA2_GCATGAAAGCATGGTT-1,CFA,1.733394253266877
CFA2_GCATGAGCAATTTAGC-1,CFA,0.0
CFA2_GCATTGCCACTTCATC-1,CFA,0.0
CFA2_GCATTGCCATGAATAG-1,CFA,0.8951923472479935
CFA2_GCCAATAGTCGTTATC-1,CFA,0.0
CFA2_GCCAATTAGGCGCTAC-1,CFA,1.5758695486556746
CFA2_GCCAATTAGTGATTCA-1,CFA,0.0
CFA2_GCCACAATCATAGCCG-1,CFA,0.8422756093816495
CFA2_GCCACAATCCTTAGGG-1,CFA,1.588439765594327
CFA2_GCCACACAGTATGTGC-1,CFA,0.0
CFA2_GCCACTAAGTAAGTGG-1,CFA,1.451890345517204
CFA2_GCCAGGTTCATGCATA-1,CFA,1.0874058431105011
CFA2_GCCATGATCAATGTCA-1,CFA,0.0
CFA2_GCCCATAAGCGTGCGT-1,CFA,1.3480250333864663
CFA2_GCCCTCATCGAGCTAT-1,CFA,0.0
CFA2_GCCGTGAGTCCTCCAA-1,CFA,0.0
CFA2_GCCTAATAGACAAAGT-1,CFA,0.0
CFA2_GCCTATTGTAATCACG-1,CFA,0.0
CFA2_GCCTATTGTGTTTGAG-1,CFA,0.877503754371417
CFA2_GCCTCAAAGTAAGAAC-1,CFA,0.997663476644389
CFA2_GCCTCCATCAAGTGTC-1,CFA,0.0
CFA2_GCCTCCATCTAGCTTT-1,CFA,0.5455350910272584
CFA2_GCCTCGACAATAACCT-1,CFA,2.041387847077636
CFA2_GCCTGAGGTTGCAATG-1,CFA,0.0
CFA2_GCCTGAGGTTGTTGTC-1,CFA,0.0
CFA2_GCCTGCTGTTCGGGAT-1,CFA,0.0
CFA2_GCCTGTGCAATAGCAA-1,CFA,1.445348550649311
CFA2_GCCTGTGCACATGCTA-1,CFA,2.35105865117698
CFA2_GCCTTACTCCCTGATC-1,CFA,0.8470693542451068
CFA2_GCCTTACTCGCAACAT-1,CFA,0.0
CFA2_GCCTTAGAGGAACACA-1,CFA,0.0
CFA2_GCCTTAGAGTTTGGGT-1,CFA,0.0
CFA2_GCCTTTGGTTAAGGTT-1,CFA,1.2651314308085297
CFA2_GCGAAGTAGCTATATG-1,CFA,0.0
CFA2_GCGATTAGTTAGCGTA-1,CFA,0.0
CFA2_GCGATTTAGCGGTTAT-1,CFA,0.0
CFA2_GCGATTTAGCTATATG-1,CFA,0.0
CFA2_GCGATTTAGGACCTGC-1,CFA,0.0
CFA2_GCGATTTAGGTCAAAG-1,CFA,0.0
CFA2_GCGCAAACACGAATTT-1,CFA,1.1369667059692914
CFA2_GCGCGATTCCTCATCA-1,CFA,0.0
CFA2_GCGCTAGGTATTGGTG-1,CFA,0.0
CFA2_GCGCTAGGTTACTTGC-1,CFA,1.1087133846546136
CFA2_GCGCTAGGTTGGATCA-1,CFA,2.426093498696409
CFA2_GCGCTTAAGCGCATTG-1,CFA,0.9904615654812545
CFA2_GCGCTTAAGGAGTAAT-1,CFA,0.0
CFA2_GCGCTTGCAAGGTACG-1,CFA,0.0
CFA2_GCGGGTTTCAATTGGC-1,CFA,1.3519407415966906
CFA2_GCGGGTTTCCACCTGT-1,CFA,1.151625754055901
CFA2_GCGGGTTTCGATAACC-1,CFA,1.5312265882984966
CFA2_GCGGTTATCGACAAAG-1,CFA,1.2689480694905184
CFA2_GCGGTTGGTGGATGTC-1,CFA,0.933333382806464
CFA2_GCGGTTGGTTAGAGCC-1,CFA,1.857294295114629
CFA2_GCGGTTGGTTTGGCGG-1,CFA,0.0
CFA2_GCGTAACGTATTACCC-1,CFA,0.0
CFA2_GCGTGCTAGGTACCGC-1,CFA,0.0
CFA2_GCGTTTCTCAGGATGA-1,CFA,0.0
CFA2_GCGTTTCTCCCTCATA-1,CFA,0.0
CFA2_GCGTTTCTCGGCTAGC-1,CFA,1.72160114427246
CFA2_GCGTTTCTCTTAGGGT-1,CFA,0.5274403223761943
CFA2_GCTAACCCAATTTGGT-1,CFA,1.3588403632163402
CFA2_GCTAACCCAGCACGTT-1,CFA,0.6955558529408571
CFA2_GCTAAGAAGCCTAATA-1,CFA,0.0
CFA2_GCTAAGAAGCTGTCAG-1,CFA,0.0
CFA2_GCTAAGAAGGCATTGT-1,CFA,0.0
CFA2_GCTAAGTTCTCTAGCC-1,CFA,0.0
CFA2_GCTAATATCTAATCTC-1,CFA,1.1057292785581059
CFA2_GCTAGCCAGCACAGGG-1,CFA,0.0
CFA2_GCTAGCCAGGTCCAAT-1,CFA,0.0
CFA2_GCTAGCCAGGTCCTAG-1,CFA,0.0
CFA2_GCTAGCGGTTAAGCGC-1,CFA,0.0
CFA2_GCTAGCGGTTTAGCGA-1,CFA,1.579560431024444
CFA2_GCTAGTGTCTTGATGA-1,CFA,0.0
CFA2_GCTATAGGTTCGGTAA-1,CFA,0.0
CFA2_GCTCCTTAGGGCCATC-1,CFA,1.0896925070310441
CFA2_GCTCCTTAGTTTGGTA-1,CFA,0.0
CFA2_GCTCGATCAACCGCCA-1,CFA,0.43895509782693876
CFA2_GCTCGATCACTAGGTC-1,CFA,1.2100030676809772
CFA2_GCTCGATCACTTGTTC-1,CFA,0.0
CFA2_GCTCGATCATTCAGCA-1,CFA,0.0
CFA2_GCTCTGGCACGAATCC-1,CFA,0.0
CFA2_GCTGACATCTTGCTAT-1,CFA,1.114012829975041
CFA2_GCTGACATCTTGTCTG-1,CFA,0.7578982641385337
CFA2_GCTGACCAGCTCAATA-1,CFA,0.7449409581592656
CFA2_GCTGACCAGCTGTAAC-1,CFA,1.428174935783814
CFA2_GCTGACCAGGAACGCG-1,CFA,0.0
CFA2_GCTGACCAGGGACTAA-1,CFA,0.0
CFA2_GCTGACCAGTTCCTCA-1,CFA,0.0
CFA2_GCTGAGGAGATAACCC-1,CFA,0.0
CFA2_GCTGAGGAGCGAGCGA-1,CFA,0.0
CFA2_GCTGCAATCCTTGCAC-1,CFA,1.6389873134466353
CFA2_GCTGGTTCAGCCTTGG-1,CFA,0.0
CFA2_GCTGTAAGTGGATTAT-1,CFA,0.0
CFA2_GCTGTGATCCAAGTTA-1,CFA,1.7251940330529125
CFA2_GCTGTGATCCCATAAA-1,CFA,0.0
CFA2_GCTGTGCAGCTATTAG-1,CFA,0.7539439023271608
CFA2_GCTGTGCAGTTAACCA-1,CFA,1.4757667139466635
CFA2_GCTTAAATCATGCATA-1,CFA,1.2086174248551609
CFA2_GCTTAACAGGCGAATA-1,CFA,0.0
CFA2_GCTTCGCGTAAGGTCC-1,CFA,1.6793463951554743
CFA2_GCTTCGCGTTTCCACG-1,CFA,0.5966326854877417
CFA2_GCTTGACCAAGTTATC-1,CFA,0.0
CFA2_GCTTTACGTAGCTAGC-1,CFA,2.580975042834504
CFA2_GCTTTCATCGTCATTT-1,CFA,0.0
CFA2_GGAACCTGTGACATAT-1,CFA,0.0
CFA2_GGAACGGTCCGTTAAA-1,CFA,0.0
CFA2_GGAACGGTCTTGTCCA-1,CFA,0.7055747623247046
CFA2_GGAAGCTAGCCACATG-1,CFA,0.0
CFA2_GGAAGCTAGCTCCTTA-1,CFA,0.0
CFA2_GGAAGCTAGCTGAGGG-1,CFA,1.0258416799683223
CFA2_GGAAGCTAGGATTGCT-1,CFA,0.6292451576526167
CFA2_GGAAGTATCCCATAAA-1,CFA,0.8706668909026043
CFA2_GGAATCTTCAGGGCCT-1,CFA,1.6483881026891987
CFA2_GGAATCTTCATCCTGC-1,CFA,1.197002627198789
CFA2_GGAATCTTCCGTCCAT-1,CFA,0.883039402299111
CFA2_GGACCGAAGGCGCACT-1,CFA,0.0
CFA2_GGACGGATCACCAATA-1,CFA,0.0
CFA2_GGACTAAAGGCATTAC-1,CFA,2.4757212953464327
CFA2_GGAGCAAGTTGTCATC-1,CFA,0.0
CFA2_GGAGCAAGTTGTTCAC-1,CFA,0.0
CFA2_GGAGCATAGTAACAGG-1,CFA,1.567587558846832
CFA2_GGAGCGATCAACAAGG-1,CFA,0.8526670008022617
CFA2_GGAGTCTGTTGCAATG-1,CFA,2.1677317646199903
CFA2_GGATAACCACCCACAG-1,CFA,0.0
CFA2_GGATACTTCTGTAAGC-1,CFA,0.0
CFA2_GGATATTGTAGGTGTC-1,CFA,1.4310747689315266
CFA2_GGATATTGTTCGCTTG-1,CFA,0.0
CFA2_GGATGAATCTACCTCA-1,CFA,0.8287653735243964
CFA2_GGATTTATCATAACTG-1,CFA,0.7857074781914405
CFA2_GGCAAATCATTAAAGG-1,CFA,0.5054441609528068
CFA2_GGCAAGCCAAGGATTA-1,CFA,0.836252383199008
CFA2_GGCAAGCCACCTCACC-1,CFA,0.5642621845382171
CFA2_GGCAAGCCACTGACCG-1,CFA,0.8433554746896749
CFA2_GGCAATCGTTAGGCGT-1,CFA,0.6902101746903593
CFA2_GGCAGGATCAATCTAG-1,CFA,1.1153550372538503
CFA2_GGCAGGATCTTAGCCC-1,CFA,0.0
CFA2_GGCCAGTTCAGTGAAG-1,CFA,0.5980293371730678
CFA2_GGCCAGTTCGCTTGCT-1,CFA,0.0
CFA2_GGCCATCAGATTCCTT-1,CFA,0.0
CFA2_GGCCATCAGCATGAAG-1,CFA,0.0
CFA2_GGCCGTTAGCTCCCTG-1,CFA,0.0
CFA2_GGCCTAATCATCAGTA-1,CFA,1.3999098174943685
CFA2_GGCCTTAAGGTGAGAC-1,CFA,1.1332412143103805
CFA2_GGCCTTAAGTCCTTTG-1,CFA,0.0
CFA2_GGCCTTAAGTTATCCT-1,CFA,0.44764353080408753
CFA2_GGCGCTAGTAGGATCC-1,CFA,0.0
CFA2_GGCGCTAGTATGGTGC-1,CFA,0.6437830219384322
CFA2_GGCGGTAAGCTATATG-1,CFA,1.578592495275065
CFA2_GGCGGTAAGTTTAACG-1,CFA,0.0
CFA2_GGCGGTTTCACCTGCT-1,CFA,0.0
CFA2_GGCGTTATCCAGGTCA-1,CFA,0.5810058464814452
CFA2_GGCGTTATCGTCCTTA-1,CFA,0.0
CFA2_GGCTATTAGACTATTG-1,CFA,0.7781499873048673
CFA2_GGCTATTAGTAACAGG-1,CFA,0.0
CFA2_GGCTATTAGTAAGAAC-1,CFA,0.0
CFA2_GGCTCAATCATGCCTC-1,CFA,1.028354679124685
CFA2_GGCTCACAGGTCCTAG-1,CFA,0.0
CFA2_GGCTGGTTCATCAGTA-1,CFA,0.4729852698461022
CFA2_GGCTGTCAGAGCCGCT-1,CFA,0.0
CFA2_GGCTTAAGTGGTTCTT-1,CFA,0.9795809692395991
CFA2_GGCTTCAAGGATTTGC-1,CFA,1.3241026713459505
CFA2_GGGATAATCGCAGGCT-1,CFA,0.0
CFA2_GGGATAATCGTTAAGC-1,CFA,1.2748923991257113
CFA2_GGGCAATAGCCAGTAT-1,CFA,0.0
CFA2_GGGCAATAGTAAGTCC-1,CFA,0.0
CFA2_GGGCAATAGTGTTGTA-1,CFA,0.0
CFA2_GGGCGAATCCTTGAGG-1,CFA,0.0
CFA2_GGGTATTTCTGTAAGC-1,CFA,1.0381687878390893
CFA2_GGGTCACTCCCGCAAA-1,CFA,2.2229275599255054
CFA2_GGGTCACTCGATTCTT-1,CFA,1.7560065549500463
CFA2_GGGTCACTCTCATCAT-1,CFA,0.6143551752445321
CFA2_GGGTCACTCTTAAGTG-1,CFA,0.771024474929959
CFA2_GGGTGAAGTGCAACTA-1,CFA,1.010409253146201
CFA2_GGGTGAAGTGCGCATG-1,CFA,0.6690031747185817
CFA2_GGGTTACGTCTTGCTG-1,CFA,0.0
CFA2_GGGTTATTCTAATCTC-1,CFA,0.0
CFA2_GGGTTTCCAAGCTTAT-1,CFA,0.0
CFA2_GGGTTTCCACAGAAAC-1,CFA,0.0
CFA2_GGGTTTCCACTGGCCA-1,CFA,0.0
CFA2_GGGTTTGTCCCGCAAA-1,CFA,0.0
CFA2_GGGTTTGTCCCTCTAA-1,CFA,0.0
CFA2_GGGTTTGTCCTAAGAC-1,CFA,1.1573530579639235
CFA2_GGTAAACCATGAATCT-1,CFA,0.5806588883041646
CFA2_GGTAACCGTTAACAGT-1,CFA,0.6244546963270653
CFA2_GGTAACTTCGCAACAT-1,CFA,0.0
CFA2_GGTAAGGGTGTCCAAA-1,CFA,0.0
CFA2_GGTAAGGGTTTCCTCC-1,CFA,1.955051295840178
CFA2_GGTAATTGTATTCGTC-1,CFA,0.0
CFA2_GGTACAAAGAACAAGT-1,CFA,0.0
CFA2_GGTACCGGTGTCCAAA-1,CFA,0.0
CFA2_GGTACTAGTGAGCACT-1,CFA,1.127279729788248
CFA2_GGTACTAGTTTGCAGA-1,CFA,1.7340083652159983
CFA2_GGTAGGAGTTCATCTA-1,CFA,0.0
CFA2_GGTATGTTCCGGAACC-1,CFA,0.0
CFA2_GGTATTGGTATTTGCC-1,CFA,0.0
CFA2_GGTCAAGCACTCGCTC-1,CFA,0.0
CFA2_GGTCAATTCCCTCACG-1,CFA,0.0
CFA2_GGTCAGGAGGGATTAG-1,CFA,0.0
CFA2_GGTCAGGAGTATGTGC-1,CFA,0.834773088053786
CFA2_GGTCAGGAGTCATTTC-1,CFA,0.982342183637696
CFA2_GGTCAGGAGTGTGATC-1,CFA,0.0
CFA2_GGTCATTAGCTTATGA-1,CFA,0.0
CFA2_GGTCATTAGTGAGAGC-1,CFA,0.0
CFA2_GGTCCATCATGCTTAG-1,CFA,0.9219225080813458
CFA2_GGTCCGTAGACACTTA-1,CFA,0.0
CFA2_GGTCCTGCAGTATGTT-1,CFA,0.6639108537642429
CFA2_GGTCGGTTCCAAGTTA-1,CFA,0.0
CFA2_GGTCTTGAGCATTATG-1,CFA,1.0364439679266746
CFA2_GGTCTTGAGCTGGACC-1,CFA,0.0
CFA2_GGTCTTTGTTAACACG-1,CFA,0.5409381619105608
CFA2_GGTGAGCCAAACCCTA-1,CFA,0.0
CFA2_GGTGAGCCACCTCACC-1,CFA,0.0
CFA2_GGTGATTTCGATTTGA-1,CFA,0.0
CFA2_GGTGATTTCGCTAGTG-1,CFA,0.0
CFA2_GGTGTCCAGCTCGCTT-1,CFA,0.0
CFA2_GGTGTTGTCGTGCTAG-1,CFA,0.0
CFA2_GGTTAATGTCCTAGTT-1,CFA,0.0
CFA2_GGTTAATGTTACCTGT-1,CFA,1.3101820078379949
CFA2_GGTTAATGTTAGCGTA-1,CFA,0.0
CFA2_GGTTAATGTTCCAGGG-1,CFA,1.2370360523267792
CFA2_GGTTACTAGGAGGGTT-1,CFA,0.0
CFA2_GGTTAGCGTGCATCGG-1,CFA,0.9514927674961398
CFA2_GGTTATATCCTCCCTC-1,CFA,0.0
CFA2_GGTTATGGTCCGGTTC-1,CFA,1.032702276231256
CFA2_GGTTATGGTCCTAAGA-1,CFA,0.0
CFA2_GGTTATGGTGAACAAA-1,CFA,0.0
CFA2_GGTTCCCGTAGGTGTC-1,CFA,0.0
CFA2_GGTTCCCGTGTAACCA-1,CFA,0.0
CFA2_GGTTCTTGTTAGGCTA-1,CFA,0.0
CFA2_GGTTGACGTCGACTCC-1,CFA,0.0
CFA2_GGTTGACGTGATGGCT-1,CFA,0.0
CFA2_GGTTGACGTGCTCCAC-1,CFA,1.2348419716466599
CFA2_GGTTGAGCATGAATAG-1,CFA,0.0
CFA2_GGTTGCATCAATGTGC-1,CFA,1.3607485628688063
CFA2_GGTTGCATCGGGCCAT-1,CFA,1.7550563140495083
CFA2_GGTTGGTGTTAAGCGC-1,CFA,0.0
CFA2_GGTTGGTGTTATGTGG-1,CFA,0.0
CFA2_GGTTTAATCTAATCCT-1,CFA,1.5132745567656987
CFA2_GGTTTCCTCGATTTAG-1,CFA,0.0
CFA2_GTAAGCAAGTAACCAC-1,CFA,0.0
CFA2_GTAAGCGCAGAAATGC-1,CFA,1.0019883674301147
CFA2_GTAAGCTTCCCTGATC-1,CFA,2.1532754910837713
CFA2_GTAAGCTTCGGTCAGC-1,CFA,1.9646563587460462
CFA2_GTACACCCAGACAAAC-1,CFA,0.8749673760892952
CFA2_GTACACCCAGTCTAAT-1,CFA,0.0
CFA2_GTACCGGGTGCTTACT-1,CFA,0.0
CFA2_GTACCGGGTTGAGCCG-1,CFA,0.0
CFA2_GTACCTTGTTGGTTAG-1,CFA,0.0
CFA2_GTACTAGGTCAGTAAT-1,CFA,0.4228387027901832
CFA2_GTACTGGTCACGAATC-1,CFA,0.0
CFA2_GTACTGGTCCAAGTTA-1,CFA,0.0
CFA2_GTACTGGTCGAAGTGA-1,CFA,0.6879874151931011
CFA2_GTACTTCGTAGGATCC-1,CFA,2.441155218277528
CFA2_GTACTTCGTTACTTGC-1,CFA,0.4227117108322608
CFA2_GTAGCCATCGCTATGG-1,CFA,0.0
CFA2_GTAGCGCTCCTTAGGG-1,CFA,0.0
CFA2_GTAGGAGGTTAAGTGT-1,CFA,0.0
CFA2_GTAGGCGAGTCTCACC-1,CFA,0.0
CFA2_GTAGGTGCAATTGAGA-1,CFA,0.9476553030290366
CFA2_GTAGGTGCATAAGCAA-1,CFA,0.0
CFA2_GTAGTTATCCTTGAGG-1,CFA,0.9015774296383035
CFA2_GTAGTTATCGAAGCGG-1,CFA,0.0
CFA2_GTATCGCCAATAACGA-1,CFA,0.7319900973409753
CFA2_GTATCGCCATACTCCT-1,CFA,0.0
CFA2_GTATCGCCATGAAATG-1,CFA,0.0
CFA2_GTATCGCCATTGCGGT-1,CFA,1.2372675182925017
CFA2_GTATGTTCATGTTGCA-1,CFA,1.8269856538375695
CFA2_GTATTCAAGACAACAG-1,CFA,0.0
CFA2_GTATTCAAGTAAAGGT-1,CFA,1.4951953148267552
CFA2_GTATTGCAGTGAACAG-1,CFA,0.5609153053637552
CFA2_GTATTGTCACGCAACT-1,CFA,2.197326171088291
CFA2_GTCAAACTCCCATAAA-1,CFA,1.2682438545194368
CFA2_GTCAATATCAATTACG-1,CFA,0.0
CFA2_GTCAATATCCATAATG-1,CFA,0.0
CFA2_GTCATCCTCGAGGAAC-1,CFA,0.0
CFA2_GTCCAAGTCAACCAAC-1,CFA,0.48855605282702635
CFA2_GTCCGTAAGTGACCTG-1,CFA,0.0
CFA2_GTCCTCAGTCCGGTTC-1,CFA,1.236226687665733
CFA2_GTCCTCCCATCAGCAC-1,CFA,0.686660885445151
CFA2_GTCGAGGAGGCTGTGC-1,CFA,0.0
CFA2_GTCGCAATCAAGCTAC-1,CFA,0.0
CFA2_GTCGGTTCAAGCCACT-1,CFA,0.9790099838559496
CFA2_GTCGGTTCACGTTACA-1,CFA,0.0
CFA2_GTCTAACAGTAGCGGG-1,CFA,0.0
CFA2_GTCTAACAGTCGCTAG-1,CFA,0.0
CFA2_GTCTAATCACCCACCT-1,CFA,1.3822579784128484
CFA2_GTCTAGCCAGAGAGCC-1,CFA,0.0
CFA2_GTCTAGCCAGCAATAA-1,CFA,0.0
CFA2_GTCTAGCCATTAGCGC-1,CFA,1.2914820127917632
CFA2_GTCTATCGTCAAGACC-1,CFA,0.5619183249701712
CFA2_GTCTATGCAACAGGTG-1,CFA,0.0
CFA2_GTCTATGCATGATTGT-1,CFA,0.5852028441903965
CFA2_GTCTTTAGTCAAAGAA-1,CFA,0.0
CFA2_GTCTTTGTCTCGCCCA-1,CFA,0.8469170893212037
CFA2_GTGAACAAGTTATCCT-1,CFA,0.8453976222857144
CFA2_GTGAGCGAGTCATTTC-1,CFA,1.132100329031168
CFA2_GTGAGCGAGTGAGCAA-1,CFA,0.0
CFA2_GTGAGGAGTATTGAGT-1,CFA,0.0
CFA2_GTGAGGAGTCAAGTGC-1,CFA,1.0931753305725824
CFA2_GTGAGGAGTTAAGGCC-1,CFA,0.0
CFA2_GTGATCAGTGTTGTGA-1,CFA,0.0
CFA2_GTGATCAGTTTAACGG-1,CFA,0.0
CFA2_GTGCAAGCAGGCTTGT-1,CFA,0.0
CFA2_GTGCACGGTTACTAGG-1,CFA,0.9974473916927749
CFA2_GTGCACGGTTCCGGCT-1,CFA,0.0
CFA2_GTGCATTAGGTAAGCA-1,CFA,0.0
CFA2_GTGCATTAGTGAGCGG-1,CFA,0.0
CFA2_GTGCCTTTCGGTTAGT-1,CFA,1.9105050115959568
CFA2_GTGCCTTTCGTTATCT-1,CFA,0.0
CFA2_GTGCGCAGTTTATGGG-1,CFA,0.0
CFA2_GTGCGGTTCGGCTAGC-1,CFA,1.201319356780666
CFA2_GTGCGGTTCTCATCAT-1,CFA,0.0
CFA2_GTGCTCAAGGAGGGTT-1,CFA,0.0
CFA2_GTGCTCCGTTAGGCTA-1,CFA,0.0
CFA2_GTGCTGGGTACTTAGG-1,CFA,0.6978805596578259
CFA2_GTGCTGGGTGTAACCA-1,CFA,0.0
CFA2_GTGCTTACACTAAGCC-1,CFA,1.6849582422446456
CFA2_GTGCTTCTCAACCAAC-1,CFA,0.0
CFA2_GTGCTTCTCAGTTCCC-1,CFA,0.4693221369760148
CFA2_GTGGACACAAGGATTA-1,CFA,1.6030684641486206
CFA2_GTGGACACATAGACTT-1,CFA,1.0420527790133027
CFA2_GTGGACACATGGCCCA-1,CFA,0.0
CFA2_GTGGATGCACCCACAG-1,CFA,0.0
CFA2_GTGGATGCACTAAGAA-1,CFA,1.4545265078567275
CFA2_GTGGATGCAGCTAATT-1,CFA,0.0
CFA2_GTGGCTTCAACACTTG-1,CFA,1.4250488479566543
CFA2_GTGTAACTCAAACCGT-1,CFA,0.0
CFA2_GTGTGCGGTAGACAAA-1,CFA,0.0
CFA2_GTGTTCCTCGAGCTAT-1,CFA,0.8897473185248667
CFA2_GTTAACCAGTCTGGGC-1,CFA,1.9050890057260235
CFA2_GTTAACGGTACCGTAA-1,CFA,0.0
CFA2_GTTAACGGTTTCAGGA-1,CFA,1.1062705284344339
CFA2_GTTAAGCTCATAACCA-1,CFA,0.0
CFA2_GTTAATGTCACAGCCA-1,CFA,1.434743286589543
CFA2_GTTAATGTCATAGCCG-1,CFA,0.0
CFA2_GTTAATGTCCTTAATC-1,CFA,1.499991660525988
CFA2_GTTACCTGTCACCTAT-1,CFA,0.0
CFA2_GTTACTAAGACAACAG-1,CFA,0.0
CFA2_GTTACTCGTTCGCTCA-1,CFA,1.0653116821332975
CFA2_GTTAGACTCAAACACC-1,CFA,0.0
CFA2_GTTAGACTCAAACTCA-1,CFA,1.1993725313494412
CFA2_GTTCATTTCACGCCAA-1,CFA,1.0360528326077496
CFA2_GTTCATTTCTAAGTGC-1,CFA,0.0
CFA2_GTTCCCAGTAAGCTTG-1,CFA,2.1434927044616017
CFA2_GTTCCTGGTGGTTCCC-1,CFA,0.0
CFA2_GTTCCTGGTTATCGAG-1,CFA,1.2896675254308188
CFA2_GTTCCTTCATCACAGC-1,CFA,0.7092786275367416
CFA2_GTTCGCGCAGCCTGCA-1,CFA,0.0
CFA2_GTTCGCTTCAAATCGC-1,CFA,0.6216483086215054
CFA2_GTTCTCATCCACCTGT-1,CFA,0.0
CFA2_GTTCTTAGTGTCCAGG-1,CFA,0.7323824324761651
CFA2_GTTCTTGTCACTCGCT-1,CFA,0.0
CFA2_GTTCTTGTCCCTCAGT-1,CFA,0.0
CFA2_GTTCTTGTCTGGCATG-1,CFA,0.6324122844913339
CFA2_GTTGCCCGTGATCATG-1,CFA,1.2538354313300815
CFA2_GTTGCCCGTTGAATCG-1,CFA,0.0
CFA2_GTTGCGGGTCATGCCC-1,CFA,1.2869407998177373
CFA2_GTTGCGGGTGGAGCAA-1,CFA,0.0
CFA2_GTTGCGGGTGTTTGTC-1,CFA,0.8719604101997043
CFA2_GTTGCTGAGCTCCTTA-1,CFA,1.2703591559889282
CFA2_GTTGGAGCATTGTGAT-1,CFA,0.0
CFA2_GTTGGCGGTAACGAGG-1,CFA,0.0
CFA2_GTTGTGAGTTTAAAGC-1,CFA,0.0
CFA2_GTTGTTGCAAGGACCA-1,CFA,1.4862658308674923
CFA2_GTTGTTGCACAATGCC-1,CFA,0.9593681105822702
CFA2_GTTTAACCAGAGAGCC-1,CFA,0.8292018625368558
CFA2_GTTTACCGTGTAATAC-1,CFA,0.9034071543424285
CFA2_GTTTACCGTTAGCTGA-1,CFA,0.0
CFA2_GTTTAGCAGTCACCTC-1,CFA,1.1630985624115078
CFA2_GTTTCCTCACCTACTT-1,CFA,0.0
CFA2_GTTTCCTCATACCCGG-1,CFA,0.0
CFA2_GTTTCTAGTACGGTAC-1,CFA,0.49046269772372797
CFA2_GTTTCTAGTGCTAGCG-1,CFA,0.0
CFA2_GTTTGCTGTCGACTCC-1,CFA,0.0
CFA2_GTTTGTCGTGAATCGC-1,CFA,0.0
CFA2_TAAACAGCAAATTCGT-1,CFA,0.6730698852405993
CFA2_TAAACAGCAAGTGTTT-1,CFA,1.478767309637108
CFA2_TAAAGCCTCACCGGTA-1,CFA,0.0
CFA2_TAACAAGCAATATGGA-1,CFA,0.6566110626404921
CFA2_TAACCAGGTCTCACTG-1,CFA,0.0
CFA2_TAACCAGGTCTCAGCC-1,CFA,0.0
CFA2_TAACCAGGTGAGGTAG-1,CFA,0.0
CFA2_TAACCAGGTTCCGGGA-1,CFA,0.0
CFA2_TAACCAGGTTCCTCCT-1,CFA,0.7817005779013904
CFA2_TAACCTAAGACACCGC-1,CFA,0.0
CFA2_TAACCTAAGCACAGAA-1,CFA,0.0
CFA2_TAACCTAAGCATTATG-1,CFA,1.8221879960934706
CFA2_TAAGCCAGTGATTACG-1,CFA,0.0
CFA2_TAAGCCTAGGTGAGAC-1,CFA,0.0
CFA2_TAAGCTATCAGGATGA-1,CFA,0.0
CFA2_TAAGGCTTCGAAGCGG-1,CFA,0.753259299781984
CFA2_TAAGGCTTCGAGGAGT-1,CFA,0.0
CFA2_TAAGGCTTCTCAATTC-1,CFA,1.3943430285268152
CFA2_TAAGTAGCAAGTGTTT-1,CFA,2.3020272831927193
CFA2_TAAGTGCTCACTAAGC-1,CFA,2.170649586868351
CFA2_TAATCACCATGAATCT-1,CFA,0.0
CFA2_TAATCACCATTGTCAG-1,CFA,1.988147109484695
CFA2_TAATCCGCATGCATAT-1,CFA,0.0
CFA2_TAATGCATCTGTGCCT-1,CFA,0.0
CFA2_TAATGGACAGCAACCT-1,CFA,0.0
CFA2_TAATGGTGTCATTGAG-1,CFA,0.0
CFA2_TAATGGTGTTTGAGCA-1,CFA,1.2772194197341595
CFA2_TACAATGTCCTGGTGA-1,CFA,0.0
CFA2_TACCAAATCGGCCATA-1,CFA,0.0
CFA2_TACCAAATCTTGAGCG-1,CFA,0.0
CFA2_TACCAGGTCCTCATGC-1,CFA,0.0
CFA2_TACCAGGTCTTGCTAT-1,CFA,0.0
CFA2_TACCCGGCACAGCCTG-1,CFA,1.1786203820886472
CFA2_TACCCGGCACTGACTA-1,CFA,0.6798669030544799
CFA2_TACCGTTGTCACACCC-1,CFA,0.5483873788703366
CFA2_TACCTCATCGCTCCAT-1,CFA,0.0
CFA2_TACCTCATCTGTTCAT-1,CFA,1.2140149977490147
CFA2_TACCTGCTCATAACGC-1,CFA,0.47541382618354655
CFA2_TACCTGCTCCACCTGT-1,CFA,0.7106187949951921
CFA2_TACCTGCTCTTGGACG-1,CFA,0.0
CFA2_TACGCACCATTGCAGC-1,CFA,0.0
CFA2_TACGCTTGTCGTTATC-1,CFA,0.0
CFA2_TACGGATTCTAAATCG-1,CFA,0.0
CFA2_TACGTAATCGCATTAA-1,CFA,0.0
CFA2_TACGTTAAGCACAGGG-1,CFA,0.0
CFA2_TACGTTAAGCCATCAG-1,CFA,1.161520537875683
CFA2_TACGTTAAGCTACTGG-1,CFA,1.1872042938121965
CFA2_TACTAAGTCATCAGTA-1,CFA,0.0
CFA2_TACTCAAAGCATGTCG-1,CFA,1.2934942559540161
CFA2_TACTCGCTCCCTTGCG-1,CFA,0.8300762997365139
CFA2_TACTCGCTCTATCGCC-1,CFA,1.1081015583391318
CFA2_TACTGACAGCGGTTAT-1,CFA,0.0
CFA2_TACTGACAGCTTAGTA-1,CFA,1.0357987668234163
CFA2_TACTGAGGTATTGGAT-1,CFA,0.0
CFA2_TACTGAGGTTAGAGCC-1,CFA,0.0
CFA2_TACTGAGGTTTGGCGG-1,CFA,0.0
CFA2_TACTGGCCACGTAAGG-1,CFA,0.8574440630671197
CFA2_TACTTCGTCACATTGA-1,CFA,0.0
CFA2_TACTTCGTCATAACCA-1,CFA,1.1717982196626622
CFA2_TACTTCGTCTCAATGA-1,CFA,1.3363702508654078
CFA2_TACTTGTTCTCACAAA-1,CFA,1.166710367102277
CFA2_TACTTGTTCTTGTTCG-1,CFA,0.55390127462952
CFA2_TAGAGCCGTGAATCGC-1,CFA,0.0
CFA2_TAGAGCCGTTCAAGAT-1,CFA,1.472133066471929
CFA2_TAGCAGGCAACAGGAT-1,CFA,0.677331171875118
CFA2_TAGCAGGCAGCACGAA-1,CFA,0.0
CFA2_TAGCAGGCAGCTACGT-1,CFA,0.6936475558518466
CFA2_TAGCAGGCAGTTATCG-1,CFA,1.797686755505147
CFA2_TAGCCTCTCTAAGTCA-1,CFA,1.315410779858827
CFA2_TAGCCTTGTAGTAAGA-1,CFA,0.6372462330912868
CFA2_TAGCGCGGTCGCAATA-1,CFA,0.0
CFA2_TAGCGCGGTGGTTCCC-1,CFA,0.0
CFA2_TAGCGCGGTTAACGAT-1,CFA,0.0
CFA2_TAGCGCGGTTCACTGT-1,CFA,1.6050788698355916
CFA2_TAGCGGACAGCAATAA-1,CFA,0.0
CFA2_TAGCGGACAGCCAGTT-1,CFA,0.0
CFA2_TAGCGGCTCCAACTGG-1,CFA,0.0
CFA2_TAGCGGCTCGATTTGA-1,CFA,0.0
CFA2_TAGCTAATCGTAATCA-1,CFA,0.0
CFA2_TAGCTAGGTACCGAAC-1,CFA,0.0
CFA2_TAGCTAGGTCATTGTC-1,CFA,0.7275925472449501
CFA2_TAGCTAGGTTAGTGAT-1,CFA,0.8485187685892249
CFA2_TAGCTTAAGGCGGGTA-1,CFA,0.7886756056728623
CFA2_TAGGAACCACAGAACG-1,CFA,1.1791918068344627
CFA2_TAGGAACCAGGTTATT-1,CFA,1.612067088163483
CFA2_TAGGAGGGTTATCGAG-1,CFA,0.0
CFA2_TAGGCTAGTAGCTGGT-1,CFA,1.9880383384706533
CFA2_TAGGCTAGTAGGATCC-1,CFA,1.2639459427993933
CFA2_TAGGCTAGTTTAACGG-1,CFA,0.0
CFA2_TAGGCTAGTTTCCGGC-1,CFA,0.0
CFA2_TAGGCTAGTTTGGCTT-1,CFA,0.6775934004358529
CFA2_TAGGCTGTCCGGTTGA-1,CFA,0.7106977926930874
CFA2_TAGGCTTAGGCTACTG-1,CFA,0.8730955946194277
CFA2_TAGGTTATCATTAGTG-1,CFA,1.7389407471861844
CFA2_TAGGTTATCCACAATA-1,CFA,0.9805168603941471
CFA2_TAGGTTATCCGCAAAT-1,CFA,0.0
CFA2_TAGGTTATCGGCCAGT-1,CFA,1.0117441154656692
CFA2_TAGGTTGGTGATGAGG-1,CFA,0.5752669395571912
CFA2_TAGGTTGGTTTCCTCC-1,CFA,1.326283482855723
CFA2_TAGTAACGTTCATTTG-1,CFA,0.8022785740670549
CFA2_TAGTAACGTTTAAAGC-1,CFA,0.0
CFA2_TAGTAACGTTTGAGGC-1,CFA,0.5345404941385601
CFA2_TAGTAAGCACAAAGGT-1,CFA,1.1002148531136509
CFA2_TAGTAGGAGAATCGCT-1,CFA,1.3764384003511059
CFA2_TAGTCAATCAGCCAAT-1,CFA,0.0
CFA2_TAGTCAATCGCGCTAA-1,CFA,0.5281530631349756
CFA2_TAGTGTGGTATGGTGC-1,CFA,0.0
CFA2_TAGTTTGAGCCTGAGC-1,CFA,0.0
CFA2_TAGTTTGAGTAGGATG-1,CFA,0.0
CFA2_TATAGCCAGTAAGTGG-1,CFA,0.0
CFA2_TATATCCTCAGTATTG-1,CFA,1.0957538143425785
CFA2_TATCACAAGAGGCTAA-1,CFA,0.7181254604062735
CFA2_TATCACGCAGCAAGGC-1,CFA,0.7205290380550043
CFA2_TATCCGGAGCATTATG-1,CFA,0.0
CFA2_TATCCGGAGTCATTGA-1,CFA,0.0
CFA2_TATCGAGGTCACCAAA-1,CFA,0.9903551896100931
CFA2_TATCGCACAGTAGCCT-1,CFA,1.0375408582662762
CFA2_TATCGCGAGAACAAGT-1,CFA,0.0
CFA2_TATCGCGAGCTAAAGG-1,CFA,0.0
CFA2_TATCGCGAGGACAACA-1,CFA,1.644359228984164
CFA2_TATGAAGCAACACTTG-1,CFA,0.0
CFA2_TATGAAGCACGTTACA-1,CFA,0.0
CFA2_TATGAAGCAGGCAAGC-1,CFA,0.781989955921532
CFA2_TATGACATCCTGGCTT-1,CFA,0.0
CFA2_TATGACTCAAAGCGGC-1,CFA,0.0
CFA2_TATGACTCAGTCTAGC-1,CFA,0.7149910172549234
CFA2_TATGCATCAAGCTTTG-1,CFA,0.0
CFA2_TATGCATCAGCAAGAT-1,CFA,0.7526947394160594
CFA2_TATGGATGTAACCTAG-1,CFA,1.3437511720519817
CFA2_TATGGATGTAATCGGC-1,CFA,0.0
CFA2_TATGGATGTTGGCGTG-1,CFA,0.0
CFA2_TATGGCCCATAACGGG-1,CFA,0.0
CFA2_TATGGTCAGCTCATAA-1,CFA,0.0
CFA2_TATGGTCAGTTTAACG-1,CFA,2.1219020432352127
CFA2_TATGGTCAGTTTGCGG-1,CFA,1.0811445956277188
CFA2_TATGTGATCCTAAATG-1,CFA,0.0
CFA2_TATGTGATCCTAATAG-1,CFA,0.0
CFA2_TATTACCTCTACCTAT-1,CFA,0.0
CFA2_TATTAGGTCATCCTAT-1,CFA,1.1810140880294404
CFA2_TATTAGGTCGCTCACT-1,CFA,0.9381343937996487
CFA2_TATTAGGTCTCCTCTT-1,CFA,0.0
CFA2_TATTGACCAATAACCT-1,CFA,0.3735605615894192
CFA2_TATTTGGAGCGTGCGT-1,CFA,0.0
CFA2_TATTTGGAGTGACCTG-1,CFA,0.9492542447425888
CFA2_TCAAGAACATAGTCAT-1,CFA,0.8435063866509416
CFA2_TCAAGACTCGTTTCTG-1,CFA,0.7351411265132498
CFA2_TCAAGCTAGTAAGTGG-1,CFA,0.0
CFA2_TCAAGTATCAGGGCCT-1,CFA,0.6361142825116171
CFA2_TCAATCGCACCTAATG-1,CFA,0.7528135206012712
CFA2_TCAATCGCACTTCACT-1,CFA,0.0
CFA2_TCAATCGCAGGTTTGC-1,CFA,0.0
CFA2_TCACATAAGCCGCTTT-1,CFA,0.0
CFA2_TCACCGGCATAATCCG-1,CFA,0.695732166502025
CFA2_TCACCTCAGTCATTTC-1,CFA,0.0
CFA2_TCACCTGGTGACCTGG-1,CFA,0.6326604574433442
CFA2_TCACCTGGTTTACGTC-1,CFA,0.0
CFA2_TCACTGACAAACTGCC-1,CFA,1.2535969273461371
CFA2_TCACTGACACTGACTA-1,CFA,1.5149614577439243
CFA2_TCACTGACAGTACCGT-1,CFA,0.0
CFA2_TCAGCAAGTCAAAGAA-1,CFA,0.69945634975321
CFA2_TCAGCAAGTGGTTCTT-1,CFA,0.5638048636128714
CFA2_TCAGCCTTCGATAACC-1,CFA,0.7980923681637211
CFA2_TCAGGAGCAGGCAAGC-1,CFA,0.7056266497882795
CFA2_TCAGGTCCAATAATCC-1,CFA,0.0
CFA2_TCAGGTCCATAAGGAC-1,CFA,1.0181373014995034
CFA2_TCAGGTTAGAGCCGCT-1,CFA,0.8161036781669266
CFA2_TCAGGTTAGGCCAATT-1,CFA,1.5219917963665486
CFA2_TCAGTAATCAAAGGCA-1,CFA,0.8735424198354533
CFA2_TCAGTAATCACCGGTA-1,CFA,0.7015518677741857
CFA2_TCAGTAATCATGGTTA-1,CFA,0.0
CFA2_TCAGTAATCGCTTCTA-1,CFA,0.9196034890070651
CFA2_TCATAACCAGACAAAC-1,CFA,0.7014237182699189
CFA2_TCATACTTCGCTAAGT-1,CFA,0.0
CFA2_TCATCCATCACAGACT-1,CFA,1.179503753137184
CFA2_TCATGAGGTCCTAATC-1,CFA,0.0
CFA2_TCATGAGGTTCGGGAT-1,CFA,0.7949494606310399
CFA2_TCATTACTCACTTCAT-1,CFA,0.7976896902751909
CFA2_TCATTACTCATTACAG-1,CFA,1.1680826786433616
CFA2_TCATTGCGTAGGTTAT-1,CFA,0.0
CFA2_TCATTGCGTCAATAGT-1,CFA,0.0
CFA2_TCATTGTTCCACCTTA-1,CFA,0.0
CFA2_TCATTGTTCGCCTGTT-1,CFA,0.0
CFA2_TCCACAACATAGACCC-1,CFA,1.1044236595158283
CFA2_TCCAGGATCATTGACA-1,CFA,1.2685193116314644
CFA2_TCCAGGATCTTGTCCA-1,CFA,0.0
CFA2_TCCAGGTCACCTGTAA-1,CFA,0.0
CFA2_TCCATAAAGGGCTTAT-1,CFA,0.7814114247566425
CFA2_TCCATAAAGTAACCAC-1,CFA,0.9684986405542475
CFA2_TCCATAAAGTCTGGGC-1,CFA,2.238443085889051
CFA2_TCCATATTCATTACTC-1,CFA,0.0
CFA2_TCCATATTCGTAACGT-1,CFA,0.0
CFA2_TCCATCATCGTTTCTG-1,CFA,0.0
CFA2_TCCCGTTAGAAAGGAA-1,CFA,1.388021844806669
CFA2_TCCCTGGTCGATTCTT-1,CFA,1.4379355607201618
CFA2_TCCCTGGTCTAATCAG-1,CFA,1.036267917279876
CFA2_TCCCTGGTCTGTGCAG-1,CFA,0.0
CFA2_TCCGCCATCTGGCTTC-1,CFA,0.8385935522161693
CFA2_TCCGGAATCGGTCAAT-1,CFA,0.7134477385969017
CFA2_TCCGGAATCGTACCGA-1,CFA,0.0
CFA2_TCCGGTAAGCCGGTAC-1,CFA,0.0
CFA2_TCCGGTAAGTATGTGC-1,CFA,0.0
CFA2_TCCTCAATCGTTTCCA-1,CFA,0.42785252673517205
CFA2_TCCTCTAAGGAGCAAC-1,CFA,0.900390897459636
CFA2_TCCTCTAAGGCTCATG-1,CFA,0.0
CFA2_TCCTGTTCAGTTTGGC-1,CFA,0.0
CFA2_TCCTTAGTCTGTAAGC-1,CFA,0.9404120703935918
CFA2_TCCTTCAAGTTAACCA-1,CFA,0.0
CFA2_TCCTTTACAGGAACCA-1,CFA,1.292151970269834
CFA2_TCCTTTACAGTTTACG-1,CFA,0.0
CFA2_TCGACAAGTTGAAGCC-1,CFA,0.5376902268707298
CFA2_TCGATTAAGGTGCGGA-1,CFA,0.0
CFA2_TCGCATTGTAATCCCT-1,CFA,1.1867296122868913
CFA2_TCGGTAAGTTACTTCA-1,CFA,1.120550762212808
CFA2_TCGGTAAGTTTAACGG-1,CFA,1.2889052605526132
CFA2_TCGGTTCTCCTTCTAG-1,CFA,0.0
CFA2_TCGTGCTTCACTTTAC-1,CFA,2.0302440004649123
CFA2_TCGTGCTTCCGCCTCA-1,CFA,2.032402248086298
CFA2_TCGTGCTTCCTCAGCT-1,CFA,0.0
CFA2_TCGTGCTTCGCTATGG-1,CFA,1.0294523038072003
CFA2_TCGTTACGTCAATAGT-1,CFA,0.4987509480737619
CFA2_TCGTTACGTGAGGTGA-1,CFA,1.2812131737275663
CFA2_TCGTTACGTGCTCACC-1,CFA,1.2396166096379395
CFA2_TCGTTACGTTCGGGAT-1,CFA,0.0
CFA2_TCGTTATTCCTTAATC-1,CFA,0.7815720376465229
CFA2_TCGTTATTCGGGACCT-1,CFA,0.0
CFA2_TCGTTATTCTAAATCG-1,CFA,0.0
CFA2_TCTAACCGTCGCAAAC-1,CFA,1.6102917923023972
CFA2_TCTAACTTCATGAAGG-1,CFA,0.0
CFA2_TCTAATCTCCTCCTAA-1,CFA,0.4238391977620701
CFA2_TCTACCTCACATACTG-1,CFA,0.7144314409887647
CFA2_TCTACTAGTCGTAATG-1,CFA,0.0
CFA2_TCTACTAGTGTAATAC-1,CFA,0.0
CFA2_TCTAGCCTCTCACTAT-1,CFA,0.0
CFA2_TCTAGCCTCTTGTCCA-1,CFA,2.154901207377657
CFA2_TCTCAAGCAATGAGGT-1,CFA,1.3165088791594712
CFA2_TCTCAATTCGTTTCGC-1,CFA,0.0
CFA2_TCTCCTCGTTAGCGTA-1,CFA,0.0
CFA2_TCTGTGACACGAATCC-1,CFA,1.2144811120351973
CFA2_TCTTAGCGTTACTAGG-1,CFA,0.0
CFA2_TCTTCAAGTATTGAGT-1,CFA,1.4245293809139912
CFA2_TCTTCAAGTTCAAGAT-1,CFA,0.0
CFA2_TCTTGACGTTTGGCTT-1,CFA,0.5570670377354024
CFA2_TCTTGTCCAAGTGTCC-1,CFA,0.0
CFA2_TCTTGTCCAGGCATCT-1,CFA,1.9487440663352258
CFA2_TGAAACTGTCTTTATG-1,CFA,1.245753863490285
CFA2_TGAAACTGTGTTGCAA-1,CFA,0.9238875057462221
CFA2_TGAAACTGTTGTAAAC-1,CFA,0.6618827203062534
CFA2_TGAACAACAATAGTCT-1,CFA,0.0
CFA2_TGAACAGAGTTTCCTG-1,CFA,0.0
CFA2_TGAAGCAAGCTAATTG-1,CFA,0.8331522414113268
CFA2_TGAAGCAAGTCAGGCC-1,CFA,1.8723523832428444
CFA2_TGAAGTGAGCTCCTAC-1,CFA,0.0
CFA2_TGAAGTGAGGGTGAAC-1,CFA,0.0
CFA2_TGAAGTGAGGTGTTAC-1,CFA,1.8826706909193962
CFA2_TGAAGTGAGTTGTCAA-1,CFA,2.534438247214053
CFA2_TGACCAAGTGGGAACA-1,CFA,0.0
CFA2_TGACCAAGTTAGCATG-1,CFA,1.1772462958723218
CFA2_TGACCTTGTGATGGCT-1,CFA,0.0
CFA2_TGACTTAAGCTCATAA-1,CFA,2.0001764057593574
CFA2_TGACTTAAGGAGCATA-1,CFA,1.0851945656616142
CFA2_TGACTTAAGGCATGAA-1,CFA,0.6306395804433994
CFA2_TGACTTCGTCATGAGC-1,CFA,0.0
CFA2_TGAGAACCAAACAACA-1,CFA,0.0
CFA2_TGAGAACCAACAGCCT-1,CFA,1.0658520724786986
CFA2_TGAGCACGTTACTTGC-1,CFA,0.6607036748452048
CFA2_TGAGCCGGTTAGTTGG-1,CFA,0.0
CFA2_TGAGGAGGTGGTGAGA-1,CFA,1.4299051321006107
CFA2_TGAGGGAGTTAGTACG-1,CFA,1.2724824548789906
CFA2_TGAGGGCCAAACCCTA-1,CFA,1.0731114753031565
CFA2_TGAGGGCCAAGCTACC-1,CFA,0.0
CFA2_TGAGGGCCAATTATGC-1,CFA,1.1329557548931277
CFA2_TGAGGGCCATAAAGCA-1,CFA,0.992897218502206
CFA2_TGAGTGAAGCATGAAG-1,CFA,0.875048951438549
CFA2_TGAGTTTCAGTCTAAT-1,CFA,0.8717175643442854
CFA2_TGATCAATCAATCTCT-1,CFA,0.0
CFA2_TGATCAGGTAAAGCAA-1,CFA,0.0
CFA2_TGATCGAGTAGGATCC-1,CFA,0.0
CFA2_TGATGACTCAGCTAAC-1,CFA,0.0
CFA2_TGATTCAAGCCGCAGT-1,CFA,0.0
CFA2_TGCAAGCGTCACAAAT-1,CFA,0.0
CFA2_TGCAAGCGTCATTGAG-1,CFA,1.7909266216742923
CFA2_TGCAAGCGTTAGGCGT-1,CFA,1.072510300370947
CFA2_TGCAATATCAAAGGCA-1,CFA,0.0
CFA2_TGCAATATCTTAGTCT-1,CFA,0.0
CFA2_TGCACACCAACCTAAT-1,CFA,0.0
CFA2_TGCACACCATAGCGAG-1,CFA,0.875620431957947
CFA2_TGCACCTTCATGACCG-1,CFA,0.0
CFA2_TGCACCTTCCGTCCAT-1,CFA,1.3597434798789272
CFA2_TGCACCTTCCTGATGG-1,CFA,1.0114100416285923
CFA2_TGCATCCTCTCACTAT-1,CFA,0.0
CFA2_TGCATGAGTGGACATC-1,CFA,0.0
CFA2_TGCATTAAGCTTATGA-1,CFA,1.1890278353281203
CFA2_TGCATTAAGTAACGGA-1,CFA,0.8922058285697646
CFA2_TGCCATTGTATTGGTG-1,CFA,1.2194164413475175
CFA2_TGCCTGTTCTTTGACT-1,CFA,0.0
CFA2_TGCGCGAGTGTTGTGA-1,CFA,1.1676248430634084
CFA2_TGCGCGAGTTGTGATG-1,CFA,0.0
CFA2_TGCGGTTCAATCCTGA-1,CFA,0.0
CFA2_TGCTAACAGGTGTTAC-1,CFA,1.189743096791675
CFA2_TGCTATGCAAGCCAGA-1,CFA,0.0
CFA2_TGCTATGCAATTGAAG-1,CFA,1.5052061748966319
CFA2_TGCTCAACACCTCGCT-1,CFA,1.9674737019465436
CFA2_TGCTCACTCACCGGTA-1,CFA,0.506936112591688
CFA2_TGCTCACTCCTTCGTA-1,CFA,0.0
CFA2_TGCTCACTCTAAGTCA-1,CFA,0.0
CFA2_TGCTCCGTCCACCTTA-1,CFA,0.0
CFA2_TGCTGGATCTCCATGC-1,CFA,0.0
CFA2_TGCTTCCAGCGATAAG-1,CFA,2.1214638599096904
CFA2_TGCTTCCAGTGTTGCG-1,CFA,2.8347205033467873
CFA2_TGCTTGCTCAAGCTTA-1,CFA,0.7328313536473064
CFA2_TGCTTGCTCATTCATC-1,CFA,0.8878918458302387
CFA2_TGCTTTAGTACGATTG-1,CFA,0.0
CFA2_TGCTTTAGTATTCGTC-1,CFA,0.0
CFA2_TGGAACAAGCGGTTAT-1,CFA,0.8789013221309601
CFA2_TGGACGGAGTTGCCTC-1,CFA,0.9420326164614841
CFA2_TGGACTAGTTAACACG-1,CFA,1.177686651904279
CFA2_TGGATTGGTAATAACC-1,CFA,0.0
CFA2_TGGATTGGTCGTTATC-1,CFA,1.067351670342711
CFA2_TGGCCAATCTTGATGA-1,CFA,0.0
CFA2_TGGCCATCACCTGCTC-1,CFA,2.290879298615179
CFA2_TGGCCTGCAATAATGG-1,CFA,1.3736782383107222
CFA2_TGGCCTTTCAGGATGA-1,CFA,0.5962296441027235
CFA2_TGGCGGTTCAACAAGG-1,CFA,0.745813645192723
CFA2_TGGCGGTTCCTAGTTT-1,CFA,1.481650906267675
CFA2_TGGCGGTTCCTCACAC-1,CFA,0.784896164904308
CFA2_TGGCTATAGTTACCGG-1,CFA,1.0341019628110533
CFA2_TGGCTTTGTTGGTTCT-1,CFA,0.9905147626763108
CFA2_TGGGCATGTCGACTCC-1,CFA,1.3319511635818222
CFA2_TGGGCATGTCTTTGAC-1,CFA,0.9425103887095897
CFA2_TGGGCATGTTCAAGAT-1,CFA,0.8530532719578243
CFA2_TGGGCATGTTGCACGG-1,CFA,0.0
CFA2_TGGGCCTAGGTCGATT-1,CFA,0.0
CFA2_TGGGCCTAGTAAGTCC-1,CFA,1.0613189611560596
CFA2_TGGTAAACAAGGTGGC-1,CFA,0.0
CFA2_TGGTCAAGTGCCGCAA-1,CFA,2.592907461580946
CFA2_TGGTCAAGTTGGTTCT-1,CFA,0.8791896446251248
CFA2_TGGTCATAGCCTGACA-1,CFA,0.7594679992022548
CFA2_TGGTCATAGTTATCTC-1,CFA,0.7472436427933035
CFA2_TGGTGATTCGCTCCAT-1,CFA,1.4440072174821006
CFA2_TGGTTCCTCATCCTCA-1,CFA,0.4503496057319733
CFA2_TGGTTCCTCCTTGCGT-1,CFA,0.0
CFA2_TGGTTCTGTTTGCGAA-1,CFA,1.9868157374657127
CFA2_TGGTTGAGTCTCAGCC-1,CFA,0.0
CFA2_TGTAAAGCAAGCTTTG-1,CFA,0.0
CFA2_TGTAAAGCAGGTTCAC-1,CFA,0.8399750004485399
CFA2_TGTAAGCTCCACCTTA-1,CFA,0.0
CFA2_TGTAAGTGTTGGATCA-1,CFA,0.0
CFA2_TGTAATGTCAATCTCT-1,CFA,0.0
CFA2_TGTATCCGTTAGCCAA-1,CFA,0.0
CFA2_TGTATCCGTTTAACCC-1,CFA,0.0
CFA2_TGTATCGCAAATATCC-1,CFA,0.47171243300989707
CFA2_TGTATCGCACCGTTCC-1,CFA,0.0
CFA2_TGTATCGCATAATCGT-1,CFA,1.2983625138987986
CFA2_TGTCAATCATAGCAGG-1,CFA,1.440594813597559
CFA2_TGTCATAAGCAAGATG-1,CFA,0.0
CFA2_TGTCCTGGTGCATTTC-1,CFA,0.0
CFA2_TGTCCTGGTTTAGTCC-1,CFA,0.0
CFA2_TGTCCTTCAGCATGTC-1,CFA,0.0
CFA2_TGTCCTTCATCTTGAG-1,CFA,0.0
CFA2_TGTGAAACAGTTAGCC-1,CFA,0.0
CFA2_TGTGATCAGCAGGCCT-1,CFA,0.0
CFA2_TGTGATCAGCTTGCTC-1,CFA,1.5469907039219288
CFA2_TGTGCACCACATTAAC-1,CFA,0.0
CFA2_TGTGCGCAGTAACTCA-1,CFA,0.0
CFA2_TGTGCGGGTTCGGGAT-1,CFA,0.9311388259364634
CFA2_TGTGGAGCAACCTGGT-1,CFA,0.5244681759225779
CFA2_TGTGGCCAGCCTTAAA-1,CFA,0.0
CFA2_TGTGGCCAGTAAGTCC-1,CFA,0.0
CFA2_TGTGGCGGTACAATGT-1,CFA,0.0
CFA2_TGTGGCTCAATGAATG-1,CFA,0.8757838578901117
CFA2_TGTGTGAGTACCGTTT-1,CFA,1.1126741753246863
CFA2_TGTGTTAAGACAAACG-1,CFA,0.0
CFA2_TGTTACTTCGATTTAG-1,CFA,0.0
CFA2_TGTTAGCAGCATGTCG-1,CFA,1.1665581091299608
CFA2_TGTTAGCAGCTCCCTG-1,CFA,0.0
CFA2_TGTTAGCAGGTGTCCA-1,CFA,1.291242933357566
CFA2_TGTTATGAGCAGCTAT-1,CFA,0.0
CFA2_TGTTATGAGCGAAGTA-1,CFA,0.0
CFA2_TGTTCCTCAGGCTACT-1,CFA,2.0631204798108707
CFA2_TTAAAGGCAGCCAGTT-1,CFA,0.0
CFA2_TTAAAGGCAGGACACA-1,CFA,0.4610386529867843
CFA2_TTAACCAAGGCCTTAG-1,CFA,0.599988581189985
CFA2_TTAACCAAGGTCCACA-1,CFA,0.0
CFA2_TTAAGGACAAGTCGCT-1,CFA,0.5335475380141319
CFA2_TTAAGGACATGAGTTT-1,CFA,0.5181857608990385
CFA2_TTAAGGTGTAGTTACG-1,CFA,1.4316806287998687
CFA2_TTAAGGTGTTAGCTGA-1,CFA,0.0
CFA2_TTAAGGTGTTGGGTTA-1,CFA,0.7623229551773365
CFA2_TTAAGGTGTTTCGCCA-1,CFA,1.8522927568984533
CFA2_TTAAGTGTCATAAGCC-1,CFA,1.1569045054890412
CFA2_TTAAGTGTCCTAACGG-1,CFA,0.7684108213965488
CFA2_TTAAGTGTCGCTCACT-1,CFA,0.8422254543188614
CFA2_TTAATCGAGGTTTACA-1,CFA,1.2411008226796716
CFA2_TTACACCGTTACGCGG-1,CFA,0.0
CFA2_TTACAGCAGTATGTGC-1,CFA,1.1537754004590226
CFA2_TTACCGTGTGTGTGGT-1,CFA,0.0
CFA2_TTACCTGTCGTACCGA-1,CFA,0.0
CFA2_TTACCTGTCTTGATGA-1,CFA,0.0
CFA2_TTACGTTTCGGCCATA-1,CFA,0.0
CFA2_TTACGTTTCTTGATGA-1,CFA,0.5951332839433523
CFA2_TTAGAAGCAATAGCAA-1,CFA,1.3480250333864663
CFA2_TTAGACTCAGGTCCTG-1,CFA,0.0
CFA2_TTAGCAATCATTTGCT-1,CFA,0.0
CFA2_TTAGCAGGTTGTGATG-1,CFA,1.215815079022706
CFA2_TTAGCAGGTTTAACGG-1,CFA,0.686660885445151
CFA2_TTAGCCTGTAGGTTTG-1,CFA,0.0
CFA2_TTAGCCTGTTTGGCGG-1,CFA,0.0
CFA2_TTAGCGGTCACTTTAC-1,CFA,0.0
CFA2_TTAGCGGTCGCAAACT-1,CFA,0.42427728491034794
CFA2_TTAGCGGTCTAGCGAT-1,CFA,0.744186355167323
CFA2_TTAGCTGCATTTAAGC-1,CFA,1.7766702572185324
CFA2_TTAGGAACAAGCTACC-1,CFA,0.0
CFA2_TTAGGAACAGCCAGAA-1,CFA,0.0
CFA2_TTAGGAACAGGTCCTG-1,CFA,0.0
CFA2_TTATAGCCAACACCTA-1,CFA,0.9390819863224124
CFA2_TTATAGCCAAGGATTA-1,CFA,0.0
CFA2_TTATCCTAGCTATTAG-1,CFA,0.0
CFA2_TTATGCGCATCATGGC-1,CFA,0.0
CFA2_TTATGCGCATGTTGTG-1,CFA,0.42436866878641455
CFA2_TTATTGCTCACAGACT-1,CFA,2.1920266920360425
CFA2_TTATTGCTCTAAGTGC-1,CFA,0.4770083784597055
CFA2_TTCAACCGTTTGGCGG-1,CFA,1.5222484793389557
CFA2_TTCACTGTCAAGACTC-1,CFA,0.0
CFA2_TTCACTGTCACATTGA-1,CFA,0.0
CFA2_TTCAGCACAGGTATTT-1,CFA,0.5868637135222836
CFA2_TTCAGGTAGCTTGCTC-1,CFA,0.897640017741145
CFA2_TTCAGGTAGGATTGCT-1,CFA,0.8246428103930562
CFA2_TTCAGGTAGTTAGTGC-1,CFA,0.0
CFA2_TTCATCCCAGATAGAC-1,CFA,0.0
CFA2_TTCATCCCAGGATGGC-1,CFA,0.0
CFA2_TTCATTCAGCGAGCGA-1,CFA,0.6349447890706958
CFA2_TTCATTCAGGCTAATC-1,CFA,0.0
CFA2_TTCATTCAGTGAGAGC-1,CFA,0.0
CFA2_TTCCACGGTCCCGAAG-1,CFA,1.0763196173518712
CFA2_TTCCACGGTCTAGCTT-1,CFA,0.0
CFA2_TTCCACGGTTCACTGT-1,CFA,0.0
CFA2_TTCCTCAAGTAATCCA-1,CFA,1.0080824042051777
CFA2_TTCCTTCTCATGGTGT-1,CFA,0.0
CFA2_TTCCTTGAGGACCTTG-1,CFA,1.9298828966049533
CFA2_TTCCTTGAGGCTAAGA-1,CFA,0.0
CFA2_TTCCTTGAGGTTAGCT-1,CFA,0.0
CFA2_TTCCTTGAGTTATGGC-1,CFA,1.2810754187459776
CFA2_TTCGCAACAAACTGTT-1,CFA,0.0
CFA2_TTCGCAACAGGCTAGA-1,CFA,0.0
CFA2_TTCGTGCTCATCCACC-1,CFA,0.0
CFA2_TTGACATCAGCCAGTT-1,CFA,0.8311720910174691
CFA2_TTGACTAAGAAGGTGC-1,CFA,1.7048299152552855
CFA2_TTGACTAAGGCGCACT-1,CFA,1.5363114551636905
CFA2_TTGAGCTAGCCTGGTA-1,CFA,0.0
CFA2_TTGAGGCGTCCCGGAA-1,CFA,0.0
CFA2_TTGATGTCATAATTGC-1,CFA,0.0
CFA2_TTGCAACAGGTGAAGC-1,CFA,0.0
CFA2_TTGCAAGGTGGTGAGA-1,CFA,0.0
CFA2_TTGCAAGGTTCCTGTG-1,CFA,0.0
CFA2_TTGCACACACCGGCTA-1,CFA,0.7131823574575549
CFA2_TTGCAGCCAATCCTAG-1,CFA,1.3756642665971028
CFA2_TTGCAGCCAGGCATGA-1,CFA,2.2029337810685963
CFA2_TTGCATTTCTTGGATA-1,CFA,0.0
CFA2_TTGCCCGTCCTCACTA-1,CFA,0.0
CFA2_TTGCGAGTCAGCTAAC-1,CFA,0.0
CFA2_TTGCGTCTCAGTGAAG-1,CFA,0.0
CFA2_TTGCGTCTCCACCTGT-1,CFA,0.0
CFA2_TTGCTCTCAACCCTAA-1,CFA,0.0
CFA2_TTGCTTAGTAACGAGG-1,CFA,1.3697806485123554
CFA2_TTGCTTAGTCACAGCG-1,CFA,1.2954173112806442
CFA2_TTGCTTAGTCTAACCT-1,CFA,0.0
CFA2_TTGCTTTAGCAAGGGT-1,CFA,0.0
CFA2_TTGCTTTAGGAACGGT-1,CFA,1.440471826156205
CFA2_TTGGAGGCAGGCCATT-1,CFA,0.0
CFA2_TTGGAGGCATATAACC-1,CFA,0.0
CFA2_TTGGATATCGAGCAAA-1,CFA,0.0
CFA2_TTGGATTCAAGGTCGA-1,CFA,0.0
CFA2_TTGGCGGGTGATTACG-1,CFA,0.0
CFA2_TTGGCTACAACTAGGG-1,CFA,0.0
CFA2_TTGGCTGAGTCTATGA-1,CFA,0.0
CFA2_TTGGCTTGTTTGAGGC-1,CFA,0.0
CFA2_TTGGGCGGTATCTGGA-1,CFA,0.0
CFA2_TTGGGCGGTCCTTCTC-1,CFA,0.968904279262285
CFA2_TTGGTGAGTTGTTCAC-1,CFA,0.0
CFA2_TTGTAAGTCATAACTG-1,CFA,0.0
CFA2_TTGTAAGTCCTGTTCA-1,CFA,0.0
CFA2_TTGTCCCAGGCCTGGT-1,CFA,1.0393090211148284
CFA2_TTGTCCGGTTAACACG-1,CFA,0.49139708564698226
CFA2_TTGTCCGGTTGGATAT-1,CFA,0.46529710938909763
CFA2_TTGTGCGAGCATGTCG-1,CFA,0.0
CFA2_TTGTGCGAGGAGCACG-1,CFA,1.1869669001466279
CFA2_TTGTGTGCAGGAACCA-1,CFA,2.2597553351662625
CFA2_TTGTGTGCAGGCCATT-1,CFA,0.0
CFA2_TTGTTGCGTGTTCCCA-1,CFA,0.0
CFA2_TTGTTTGGTCAAACTG-1,CFA,0.8825406446400427
CFA2_TTTAACCTCAACAAGG-1,CFA,0.0
CFA2_TTTAACGAGCCAAATC-1,CFA,0.0
CFA2_TTTAACGAGTAACCAC-1,CFA,0.50390927578298
CFA2_TTTAAGCCACCGGTAT-1,CFA,1.0325858216263524
CFA2_TTTAAGCCAGCAGGTA-1,CFA,0.0
CFA2_TTTAAGGTCAACAAGG-1,CFA,0.0
CFA2_TTTAAGGTCACAGCCA-1,CFA,0.9787506823194835
CFA2_TTTAAGGTCCTTCAAT-1,CFA,0.0
CFA2_TTTAAGGTCGGGATTT-1,CFA,1.0373840049978695
CFA2_TTTAAGGTCGGTTACG-1,CFA,1.1254485103061724
CFA2_TTTAAGGTCTCCTCTT-1,CFA,0.0
CFA2_TTTACGAAGGAAGCAC-1,CFA,0.0
CFA2_TTTAGCAAGAGGCTAA-1,CFA,0.8589314038338995
CFA2_TTTAGCAAGTCATTTC-1,CFA,1.0257077729862056
CFA2_TTTAGCAAGTTGGCCA-1,CFA,0.7089902617707695
CFA2_TTTAGGATCACTTTAC-1,CFA,1.6044962851939701
CFA2_TTTATGGAGCAGGCCT-1,CFA,0.0
CFA2_TTTATGGAGCTTCCCG-1,CFA,0.0
CFA2_TTTATGGAGTAGCGCC-1,CFA,0.0
CFA2_TTTCACCCAGATAGAC-1,CFA,0.0
CFA2_TTTCACCCAGCCTAAC-1,CFA,1.6570047730262352
CFA2_TTTCATCAGACTTACA-1,CFA,0.0
CFA2_TTTCATCAGCTATATG-1,CFA,0.0
CFA2_TTTCATCAGGAGGTTA-1,CFA,0.6934473156229757
CFA2_TTTCATCAGTGAACGA-1,CFA,1.3015825523553404
CFA2_TTTCCACCACCTAAGC-1,CFA,0.7324946089126766
CFA2_TTTCCTGAGGCGCTTA-1,CFA,0.0
CFA2_TTTCCTGAGTAGAGGC-1,CFA,0.0
CFA2_TTTCTCACAGCTTAAT-1,CFA,1.8138084357177633
CFA2_TTTCTTGCAGGAAGCC-1,CFA,1.113131436318861
CFA2_TTTGACCGTGCGCAAT-1,CFA,1.1286928425859695
CFA2_TTTGACTTCATTGACA-1,CFA,0.0
CFA2_TTTGACTTCCGTTAAA-1,CFA,0.7433754915527289
CFA2_TTTGACTTCTTGATGA-1,CFA,0.0
CFA2_TTTGAGTCAGCACGAA-1,CFA,0.0
CFA2_TTTGAGTCAGTTTGTG-1,CFA,0.0
CFA2_TTTGCATTCATGTTTC-1,CFA,0.5741805405936644
CFA2_TTTGCGGAGAAAGGAA-1,CFA,0.0
CFA2_TTTGCGGAGCGATACT-1,CFA,0.4603042606441575
CFA2_TTTGGTAAGCAACATC-1,CFA,0.0
CFA2_TTTGGTAAGCGGCTGT-1,CFA,0.7672345488982519
CFA2_TTTGGTAAGTAAACCC-1,CFA,0.0
CFA2_TTTGGTGCAGCAACAG-1,CFA,0.0
CFA2_TTTGTCCCAACACTTG-1,CFA,1.0017702506620145
CFA2_TTTGTCCCAACTGGCT-1,CFA,1.4381397119315895
CFA2_TTTGTCCCACAATACT-1,CFA,0.0
CFA2_TTTGTCCCACCTCACC-1,CFA,0.6384245146065886
CFA2_TTTGTCTAGGAACGCG-1,CFA,0.0
CFA2_TTTGTCTAGGGTCCAC-1,CFA,0.0
CFA2_TTTGTCTAGTGGCGGA-1,CFA,0.0
CFA2_TTTGTGAAGCTTAGCG-1,CFA,0.0
CFA2_TTTGTGTTCGGCCAGT-1,CFA,0.0
CFA2_TTTGTGTTCGTTTCGC-1,CFA,1.2891592352064951
CFA2_TTTGTGTTCTTAAGTG-1,CFA,0.6889734688467857
CFA2_TTTGTTGGTAATGACT-1,CFA,0.0
TB1_AAACAGCCAAACATAG-1,TB,0.5573537780509257
TB1_AAACAGCCATTTGCTC-1,TB,1.7446094330966573
TB1_AAACCAACAGGAACAT-1,TB,0.8546796701471826
TB1_AAACCAACAGGAACTG-1,TB,1.0728266163362095
TB1_AAACCGCGTAATGACT-1,TB,0.0
TB1_AAACCGCGTCAATAGT-1,TB,0.6548731150138559
TB1_AAACCGGCAGTTAAAG-1,TB,0.0
TB1_AAACGCGCAAGCTTTG-1,TB,0.8943368838747071
TB1_AAACGCGCAAGGGTTG-1,TB,1.0722573944905325
TB1_AAACGGATCAGCCAAT-1,TB,0.0
TB1_AAACGGATCGCATCCT-1,TB,0.0
TB1_AAACGGATCTTTGTAC-1,TB,0.0
TB1_AAACGTACAGTAGGAT-1,TB,0.0
TB1_AAACGTACATGAATAG-1,TB,0.0
TB1_AAAGCAAGTAACGGGA-1,TB,0.8959637572160039
TB1_AAAGCAAGTCTTGCAT-1,TB,0.0
TB1_AAAGCAAGTTCGCTTG-1,TB,0.0
TB1_AAAGCACCATGTTTGG-1,TB,0.8535946752031488
TB1_AAAGCCCGTTTACTTG-1,TB,0.9474135435367089
TB1_AAAGCCGCATCAGTAT-1,TB,0.9978075895461441
TB1_AAAGCGGGTACCAGGT-1,TB,0.0
TB1_AAAGCGGGTGCAATGC-1,TB,0.0
TB1_AAAGGAGCATAATTGC-1,TB,1.1823979934557498
TB1_AAAGGCTCAGATAGAC-1,TB,0.6396919681157281
TB1_AAATCCGGTACTTCAC-1,TB,2.1526287237918593
TB1_AAATCCGGTTATCCGT-1,TB,0.0
TB1_AAATCCGGTTTGAGGC-1,TB,0.0
TB1_AAATGCCTCCAGGTCA-1,TB,1.1683117460820385
TB1_AAATGCCTCGCTTGCT-1,TB,0.0
TB1_AAATGGCCACCGTTCC-1,TB,0.0
TB1_AAATGGCCAGGACCAA-1,TB,0.0
TB1_AACAAAGGTGGTTCTT-1,TB,0.7944170894749919
TB1_AACAAAGGTTCAAGCA-1,TB,1.728119804217818
TB1_AACAAGCCATGGTTAT-1,TB,0.0
TB1_AACAGATAGAGGAAGG-1,TB,0.0
TB1_AACAGATAGGTTAGCT-1,TB,0.0
TB1_AACAGATAGGTTTACA-1,TB,0.0
TB1_AACAGCAAGCCGCTAA-1,TB,0.6401156096511077
TB1_AACAGCAAGTCACTAA-1,TB,0.0
TB1_AACATAGCATGTCGCG-1,TB,0.0
TB1_AACATAGCATTAAAGG-1,TB,0.0
TB1_AACATCATCGAGGAGT-1,TB,0.0
TB1_AACATCATCTCTAGCC-1,TB,0.0
TB1_AACATTGTCACGCCAA-1,TB,0.0
TB1_AACATTGTCATGCGTG-1,TB,0.8214186168492966
TB1_AACCCGCAGACAACAG-1,TB,0.0
TB1_AACCCGCAGGACCGCT-1,TB,0.0
TB1_AACCCGCAGTTAGTTG-1,TB,0.0
TB1_AACCCGCAGTTCCCAC-1,TB,0.0
TB1_AACCGCTCACTAAGTT-1,TB,0.0
TB1_AACCTCACAAACCTAT-1,TB,0.0
TB1_AACCTCACAATATAGG-1,TB,0.891017156998354
TB1_AACCTTGCAACTAACT-1,TB,0.0
TB1_AACCTTGCAAGGTGGC-1,TB,0.0
TB1_AACCTTGCATCTAGCA-1,TB,1.0269143046669003
TB1_AACGACAAGGCTCATG-1,TB,0.0
TB1_AACGACAAGTTGGGCC-1,TB,2.0282987883719494
TB1_AACGCTAGTCTAGCTT-1,TB,0.0
TB1_AACGGTAAGGGTCCAC-1,TB,1.016221408327501
TB1_AACGGTAAGTAACCAC-1,TB,0.0
TB1_AACTACTCAAGGTATA-1,TB,0.0
TB1_AACTAGCTCACTTCAT-1,TB,0.0
TB1_AACTAGCTCAGGCTAT-1,TB,0.3868710086324719
TB1_AACTAGCTCGATATTG-1,TB,1.8295219383718748
TB1_AACTAGCTCTTAGTGA-1,TB,0.0
TB1_AACTAGTGTAGTTGGC-1,TB,0.0
TB1_AACTCACAGCATGCAT-1,TB,0.0
TB1_AACTCACAGGAGGTTA-1,TB,0.0
TB1_AACTCACAGGTCAAAG-1,TB,1.301712381012935
TB1_AACTCACAGTTAACCA-1,TB,0.0
TB1_AACTGTTCAAGTTATC-1,TB,0.7423356634105486
TB1_AACTGTTCAGCTCAAC-1,TB,1.4414564126099005
TB1_AACTGTTCATACCCGG-1,TB,0.0
TB1_AACTTAGTCAATTGGC-1,TB,1.4972567123789278
TB1_AACTTAGTCATCCTCA-1,TB,0.5072776429206229
TB1_AAGAACAGTGCATCGG-1,TB,0.0
TB1_AAGAACAGTTAGAGGG-1,TB,0.0
TB1_AAGAACAGTTGGTTAG-1,TB,0.0
TB1_AAGAATCAGGCGCTAC-1,TB,0.0
TB1_AAGAATCAGTGAGCGG-1,TB,0.0
TB1_AAGACATAGCACAGCC-1,TB,0.0
TB1_AAGACATAGGAGTAAT-1,TB,0.0
TB1_AAGACATAGGGTCTAT-1,TB,1.8462759520322531
TB1_AAGACATAGGTCAAAG-1,TB,0.0
TB1_AAGACCAAGCCGCAAC-1,TB,0.0
TB1_AAGACCAAGTCACTAA-1,TB,0.5258791988810851
TB1_AAGCAAGTCCTCATGC-1,TB,0.0
TB1_AAGCAAGTCTTGAGGT-1,TB,0.0
TB1_AAGCATGAGCTGAGGG-1,TB,0.5961564240692562
TB1_AAGCCACGTAAACAAG-1,TB,0.0
TB1_AAGCCACGTGCATTAG-1,TB,0.0
TB1_AAGCCTGTCGGTAACT-1,TB,0.0
TB1_AAGCCTTAGAATCTCA-1,TB,0.0
TB1_AAGCCTTAGAGCCGGA-1,TB,0.0
TB1_AAGCCTTAGCAGGTTT-1,TB,0.0
TB1_AAGCCTTAGCTTCTCA-1,TB,0.0
TB1_AAGCCTTAGGTGTTAC-1,TB,0.9195128013012723
TB1_AAGCCTTAGTATTGTG-1,TB,0.0
TB1_AAGCCTTAGTGAGCAA-1,TB,0.7145113245611632
TB1_AAGCGAATCGTTACTT-1,TB,0.0
TB1_AAGCGAATCTAAGTCA-1,TB,0.0
TB1_AAGCGAATCTGTAATG-1,TB,0.0
TB1_AAGCGAATCTTAGCCC-1,TB,0.0
TB1_AAGCGAGGTTATCGAG-1,TB,0.0
TB1_AAGCGCTGTCCGCTGT-1,TB,0.0
TB1_AAGCGGGTCGCCTAAG-1,TB,0.0
TB1_AAGCGTTTCACCAATA-1,TB,0.0
TB1_AAGCGTTTCATGGCCA-1,TB,0.0
TB1_AAGCGTTTCCGCCAAA-1,TB,0.0
TB1_AAGCGTTTCGCTAAAC-1,TB,0.9905147626763109
TB1_AAGCTAGAGCAGGCCT-1,TB,0.0
TB1_AAGCTAGAGGCCTGGT-1,TB,0.0
TB1_AAGCTAGAGTGAAGTG-1,TB,0.0
TB1_AAGCTATGTCCCGAAG-1,TB,0.0
TB1_AAGCTATGTCCCGGAA-1,TB,0.0
TB1_AAGCTTGGTAACGAGG-1,TB,1.1932537957627989
TB1_AAGGAAGCACGAATCC-1,TB,0.0
TB1_AAGGATCCAATTGAGA-1,TB,0.919739556443385
TB1_AAGGATTAGGCTATGT-1,TB,0.0
TB1_AAGGATTAGTGAGCAA-1,TB,0.0
TB1_AAGGCCCTCAGTATTG-1,TB,1.359098255819917
TB1_AAGGTATAGCGAGGTG-1,TB,2.1742342533801926
TB1_AAGGTATAGGTCCACA-1,TB,0.5540586862270828
TB1_AAGGTCAAGCGCTAAT-1,TB,0.0
TB1_AAGGTCAAGGCCCAGT-1,TB,0.0
TB1_AAGGTGCAGCGCAATT-1,TB,0.4284108676570909
TB1_AAGGTGCAGGATTTGC-1,TB,0.0
TB1_AAGGTGCAGGCCCAGT-1,TB,0.0
TB1_AAGGTGCAGGTGTCCA-1,TB,0.0
TB1_AAGGTGCAGGTTTGAC-1,TB,0.0
TB1_AAGGTGCAGTTCCTGC-1,TB,0.0
TB1_AAGTAGCCAGGAACAT-1,TB,0.0
TB1_AAGTAGCCAGGACCAA-1,TB,0.8219898602187623
TB1_AAGTAGCCATCGCTTT-1,TB,0.0
TB1_AAGTGCAAGACCATAC-1,TB,0.0
TB1_AAGTGCAAGCTGGAAA-1,TB,0.0
TB1_AAGTGTTGTGAGAAAC-1,TB,0.0
TB1_AAGTTACGTACGGGTT-1,TB,0.0
TB1_AAGTTACGTTTATGGG-1,TB,0.0
TB1_AAGTTAGCAAGGTAAC-1,TB,0.0
TB1_AAGTTAGCAATACTGT-1,TB,0.0
TB1_AAGTTAGCATATTGAC-1,TB,0.5986563371390229
TB1_AAGTTTGTCATTGTTC-1,TB,0.0
TB1_AAGTTTGTCGCATCCT-1,TB,0.0
TB1_AATAACCGTCGTTACT-1,TB,0.441159194163151
TB1_AATACCGGTCTCACTG-1,TB,0.9755476052908962
TB1_AATACCGGTGCCGCAA-1,TB,1.0447924508921334
TB1_AATAGAGGTTAGAGGG-1,TB,0.0
TB1_AATAGCTGTCAAGTAT-1,TB,0.0
TB1_AATAGCTGTGATTTGG-1,TB,0.0
TB1_AATAGCTGTGTTAGCA-1,TB,0.0
TB1_AATAGCTGTTAATCGG-1,TB,0.0
TB1_AATCAGGAGCGGATAA-1,TB,0.6709600317015583
TB1_AATCAGGAGTAGCGCC-1,TB,0.0
TB1_AATCATCCAAGCTTTG-1,TB,0.0
TB1_AATCATCCATGATTGT-1,TB,1.063238825695529
TB1_AATCATGTCACTCAAA-1,TB,0.0
TB1_AATCCATCAAATTCGT-1,TB,0.0
TB1_AATCCATCAACATAAG-1,TB,0.7562153626891972
TB1_AATCCCTGTAGTAAGA-1,TB,0.0
TB1_AATCCGTAGGCTAAGA-1,TB,0.0
TB1_AATCCTAAGCGCAATT-1,TB,0.0
TB1_AATCCTAAGCGCCTTT-1,TB,1.4203101092947452
TB1_AATCGCCCACAAAGCG-1,TB,0.0
TB1_AATCGCCCAGCATTAT-1,TB,0.0
TB1_AATCGCCCAGCTTACA-1,TB,0.0
TB1_AATCTCAAGTGGACAA-1,TB,0.0
TB1_AATCTTGAGCGCATTG-1,TB,0.0
TB1_AATGAAGGTCACGAAC-1,TB,0.9880740637341683
TB1_AATGAAGGTTAGTACG-1,TB,0.0
TB1_AATGCAACAACATAAG-1,TB,0.0
TB1_AATTACCCAAGGACCA-1,TB,0.0
TB1_AATTACCCATTAGGTT-1,TB,0.0
TB1_AATTAGCGTAGACAAA-1,TB,0.8059853470689528
TB1_AATTAGCGTGGATTAT-1,TB,0.0
TB1_AATTAGCGTTACAACG-1,TB,0.0
TB1_AATTAGCGTTTCGCGC-1,TB,1.0332849779596143
TB1_AATTAGGCACCCACCT-1,TB,1.7452223026996
TB1_AATTAGGCATTAGGCC-1,TB,0.0
TB1_AATTCGTCACTCAACA-1,TB,0.0
TB1_AATTGACGTTGGTGAC-1,TB,0.0
TB1_AATTGCTCAATCATGT-1,TB,0.0
TB1_AATTGCTCAGAATGAC-1,TB,0.0
TB1_AATTGCTCAGGAATCG-1,TB,0.0
TB1_AATTGCTCAGGCATGA-1,TB,0.0
TB1_AATTGCTCAGGCCAAA-1,TB,1.4773304542113197
TB1_AATTGGACAAGCTTTG-1,TB,0.0
TB1_AATTGGACACCTGCCT-1,TB,1.3114352308955448
TB1_AATTGGACACTAAGTT-1,TB,0.0
TB1_AATTGGGAGACACTTA-1,TB,0.0
TB1_AATTGGGAGACAGGTA-1,TB,1.1218056884853596
TB1_AATTGGGAGGAGGCAT-1,TB,0.0
TB1_AATTGGGAGTTTGTCT-1,TB,1.559824410542564
TB1_AATTGTGTCATTGACA-1,TB,0.42195138172521024
TB1_AATTGTGTCCTCCCTC-1,TB,0.0
TB1_AATTTCCTCTCCATAT-1,TB,0.0
TB1_ACAAACTGTACCGGAT-1,TB,0.0
TB1_ACAAAGGTCCTAGTCC-1,TB,0.6002112157719504
TB1_ACAACAACAAGTGTTT-1,TB,0.8146284710890971
TB1_ACAACAACATATTGAC-1,TB,0.0
TB1_ACAACACTCGGCTATG-1,TB,0.0
TB1_ACAACAGAGCACAGGG-1,TB,0.0
TB1_ACAACAGAGCCATCAG-1,TB,0.0
TB1_ACAACAGAGCTCCCTG-1,TB,0.7054710112286368
TB1_ACAACAGAGGACCTGC-1,TB,0.0
TB1_ACACAATGTCTTACTA-1,TB,0.0
TB1_ACACCTTGTACGGGTT-1,TB,0.0
TB1_ACACCTTGTTGGTTAG-1,TB,0.8853748936555501
TB1_ACACGGACACCCACCT-1,TB,1.5180610725357873
TB1_ACACTAATCCCGAAGC-1,TB,0.0
TB1_ACACTAATCCGCATGA-1,TB,0.0
TB1_ACACTAGGTAGCCATA-1,TB,0.0
TB1_ACACTAGGTAGCTGGT-1,TB,0.7281461480655745
TB1_ACACTAGGTTCATCTA-1,TB,0.0
TB1_ACACTTAAGCTAGAAG-1,TB,1.6118957694594216
TB1_ACACTTAAGGACAATG-1,TB,1.6893549264568692
TB1_ACACTTGCAAGGAATC-1,TB,1.5021229945440575
TB1_ACACTTGCACAATTAC-1,TB,0.0
TB1_ACAGCCGGTAGTTACG-1,TB,0.0
TB1_ACAGCGCTCGCTAGCA-1,TB,0.0
TB1_ACAGCGCTCTCGCCCA-1,TB,0.0
TB1_ACAGGAATCGCAGGCT-1,TB,0.0
TB1_ACAGGATCAATATACC-1,TB,0.0
TB1_ACAGGATCAGGAATCG-1,TB,0.0
TB1_ACAGGCTGTAGTTGGC-1,TB,0.8427523980155289
TB1_ACAGGCTGTGCACGCA-1,TB,0.5355078707081203
TB1_ACAGGTAAGCTCCCTG-1,TB,0.6715681343207154
TB1_ACAGGTAAGCTTAACA-1,TB,1.4538978344739921
TB1_ACAGGTAAGGTTACGT-1,TB,0.7004002734267113
TB1_ACAGTATGTTTAGCTC-1,TB,0.6357378886454245
TB1_ACATAGCTCATTAGTG-1,TB,0.0
TB1_ACATAGCTCGTTTCGC-1,TB,0.0
TB1_ACATCAATCACCTGCT-1,TB,0.0
TB1_ACATCAATCATGGTGT-1,TB,0.0
TB1_ACATCAATCCGCAAAT-1,TB,0.6580891137206627
TB1_ACATCAATCTTAGTCT-1,TB,0.0
TB1_ACATCATCAATATACC-1,TB,0.0
TB1_ACATTAGTCAATTACG-1,TB,0.0
TB1_ACATTAGTCCAAGTTA-1,TB,0.0
TB1_ACCAAACTCATCGTTT-1,TB,0.0
TB1_ACCAAACTCCTACCTA-1,TB,0.0
TB1_ACCAAACTCCTTGCAC-1,TB,0.0
TB1_ACCAAGTTCCCGAAGC-1,TB,0.0
TB1_ACCAAGTTCCTTTACG-1,TB,1.1522919351258964
TB1_ACCAAGTTCTAAGGTC-1,TB,0.5910766120835697
TB1_ACCAATATCATGACCG-1,TB,0.326021802762842
TB1_ACCAATATCTAATCTC-1,TB,0.3609869970202236
TB1_ACCACACCAAACAACA-1,TB,0.0
TB1_ACCACATAGGCATGTT-1,TB,0.0
TB1_ACCACATAGGCGCTTA-1,TB,0.0
TB1_ACCACATAGGCGTAAA-1,TB,0.0
TB1_ACCACATAGGGTGAGT-1,TB,0.0
TB1_ACCACATAGGTACCGC-1,TB,0.0
TB1_ACCACATAGTAAGAAC-1,TB,0.0
TB1_ACCAGCTCAGCTACGT-1,TB,0.0
TB1_ACCAGGCTCCCGCCTA-1,TB,0.9374250439481288
TB1_ACCAGGCTCTTAGGGT-1,TB,0.0
TB1_ACCAGGCTCTTGTTCG-1,TB,0.0
TB1_ACCAGGGAGCCTGAGC-1,TB,1.731965738646362
TB1_ACCCAACCACCTACTT-1,TB,1.5006772422390158
TB1_ACCCAGGGTAGCAGCT-1,TB,1.4269707062812205
TB1_ACCCGCTGTGGATTCA-1,TB,0.7349151134738214
TB1_ACCCGGTAGCAAGATG-1,TB,0.9405072310643674
TB1_ACCCGTAAGAATCGCT-1,TB,0.0
TB1_ACCCGTAAGCACAGGG-1,TB,0.7549881923013956
TB1_ACCCGTAAGGAACCGG-1,TB,1.6018018587851925
TB1_ACCCTCCCAACTCGCG-1,TB,0.0
TB1_ACCCTCCCAATTGAGA-1,TB,0.6498471349853296
TB1_ACCCTCCCATAGACTT-1,TB,0.5113328043865472
TB1_ACCCTGTTCGCTTGCT-1,TB,0.0
TB1_ACCGAAGCACAATACT-1,TB,0.6565663805472777
TB1_ACCGAAGCATAGACCC-1,TB,0.0
TB1_ACCGGCTAGCACTAGT-1,TB,1.0718151230350392
TB1_ACCGGCTAGTAACCAC-1,TB,1.1080336234965003
TB1_ACCGGTTCATAATGAG-1,TB,0.0
TB1_ACCTACCTCACAGACT-1,TB,0.0
TB1_ACCTCACTCAATGTGC-1,TB,0.9779219120096492
TB1_ACCTCACTCCTAATTC-1,TB,0.0
TB1_ACCTGGATCACTTCAT-1,TB,0.0
TB1_ACCTGGATCCTGGTGA-1,TB,0.0
TB1_ACCTGGTCAGGCCATT-1,TB,0.6499783744957081
TB1_ACCTGGTCATTGACAT-1,TB,0.0
TB1_ACCTGTTGTCAACAAT-1,TB,0.0
TB1_ACCTTCATCGATTTAG-1,TB,1.0001919720242156
TB1_ACCTTCATCGGCTATG-1,TB,0.0
TB1_ACCTTCCAGTTTGGTA-1,TB,0.0
TB1_ACCTTGCTCATTTAGG-1,TB,0.0
TB1_ACCTTGTGTGCATTAG-1,TB,0.0
TB1_ACGAAGTCATTAAAGG-1,TB,0.0
TB1_ACGAATCTCAGCTAAC-1,TB,0.8870091811213299
TB1_ACGAATCTCCCTTGCG-1,TB,0.0
TB1_ACGAATCTCCTGGCTT-1,TB,0.0
TB1_ACGACAAAGACAGGCG-1,TB,0.0
TB1_ACGACAAAGATAAAGC-1,TB,0.0
TB1_ACGACAAAGGAACGGT-1,TB,0.49776253871910636
TB1_ACGACAAAGGTCCGTA-1,TB,0.0
TB1_ACGACTTAGCGTGCAC-1,TB,0.0
TB1_ACGAGTAAGCAAGATG-1,TB,0.607274366826637
TB1_ACGAGTAAGCACCACA-1,TB,0.0
TB1_ACGAGTAAGCTAGAAG-1,TB,0.0
TB1_ACGCACGGTGCGCGTA-1,TB,0.0
TB1_ACGCCACAGGGATTAG-1,TB,0.0
TB1_ACGCCACAGTTTCCGC-1,TB,0.0
TB1_ACGCCTAAGGTGTCCA-1,TB,0.0
TB1_ACGCCTAAGTCATTTC-1,TB,0.0
TB1_ACGCCTTTCACTAAGC-1,TB,0.7880212504576635
TB1_ACGCTTGAGCAAGGTA-1,TB,1.042825446788801
TB1_ACGCTTGAGCCAGGTC-1,TB,0.0
TB1_ACGGTACGTTAGGTTG-1,TB,0.6325777107700856
TB1_ACGGTTAGTTGTCATC-1,TB,0.0
TB1_ACGGTTTAGATAAAGC-1,TB,0.0
TB1_ACGGTTTAGTTCCTGC-1,TB,0.0
TB1_ACGTACCCACAACCTA-1,TB,1.3239508272941765
TB1_ACGTACCCAGCTTAAT-1,TB,1.874801569733409
TB1_ACGTCAAGTAAGGTTT-1,TB,0.0
TB1_ACGTCAAGTAGACAAA-1,TB,1.2315671987304346
TB1_ACGTCAAGTTTACCGT-1,TB,0.0
TB1_ACGTCCAAGAAACTGG-1,TB,1.0796450751931879
TB1_ACGTCCTTCAGTATTG-1,TB,0.0
TB1_ACGTCCTTCTTAGGAC-1,TB,1.4911814428667027
TB1_ACGTTACAGAAGGTGC-1,TB,2.5141331726265608
TB1_ACGTTACAGCGCCTAA-1,TB,0.0
TB1_ACGTTGTAGTGAGCGG-1,TB,0.0
TB1_ACTAAAGCACCAGGTT-1,TB,1.2520045579090788
TB1_ACTAACCAGCTTAACA-1,TB,0.38181652289364626
TB1_ACTAACCAGTTACTTC-1,TB,0.4060158654133618
TB1_ACTAACGGTAGGTTGC-1,TB,0.0
TB1_ACTAACGGTATACTGG-1,TB,0.0
TB1_ACTAACGGTCGACTAA-1,TB,1.4848998112204612
TB1_ACTAACGGTTGCGCGA-1,TB,1.288270820411288
TB1_ACTAGGCGTTTCCGGC-1,TB,0.8412486926027506
TB1_ACTATCCGTCACGAAC-1,TB,0.0
TB1_ACTATCCGTGTCACGG-1,TB,0.7557359702274943
TB1_ACTATGTCAGTTAAAG-1,TB,0.0
TB1_ACTATGTCATTGCGGT-1,TB,1.9389915312365997
TB1_ACTCACCTCATGAAGG-1,TB,0.0
TB1_ACTCACCTCGAGGAAC-1,TB,0.49900503205846325
TB1_ACTCACTGTCACTCGC-1,TB,0.0
TB1_ACTCAGTAGTATTGTG-1,TB,1.1465465730449234
TB1_ACTCGCGCAAACTGTT-1,TB,2.4965477681370416
TB1_ACTCGCGCAACTCGCG-1,TB,0.0
TB1_ACTCGCGCACCGTTCC-1,TB,0.0
TB1_ACTCGCGCACCTAATG-1,TB,2.137511478667376
TB1_ACTCGCTTCAATCTCT-1,TB,0.7366705215228156
TB1_ACTTACAAGCTTAGTA-1,TB,0.0
TB1_ACTTACAAGTATGTGC-1,TB,0.0
TB1_ACTTACTTCTAATCAG-1,TB,0.0
TB1_ACTTAGGGTGGGAACA-1,TB,0.0
TB1_ACTTATCTCCGGTTAG-1,TB,0.0
TB1_ACTTATGAGTAACGAG-1,TB,0.0
TB1_ACTTCGCTCATAACCA-1,TB,0.0
TB1_ACTTCGCTCATTGCAA-1,TB,0.8426770776175847
TB1_ACTTCGCTCTATTGTC-1,TB,0.5783108210324027
TB1_ACTTCGCTCTCGCCCA-1,TB,1.3591596754054733
TB1_ACTTGAATCAGGCTAT-1,TB,0.0
TB1_ACTTGCACAATGAAGC-1,TB,0.0
TB1_ACTTGCACACTAAGCC-1,TB,0.6897644293489371
TB1_ACTTGCACAGGAACAT-1,TB,0.0
TB1_ACTTGCACATAAGGAC-1,TB,0.4117627419233858
TB1_ACTTGCACATTAAGTC-1,TB,1.0763196173518712
TB1_ACTTGTAAGTTAGCTA-1,TB,0.0
TB1_ACTTTGTTCATAACTG-1,TB,0.8107219392905763
TB1_ACTTTGTTCATTGTCT-1,TB,1.0369137546536713
TB1_AGAAACCCAACAACAA-1,TB,0.0
TB1_AGAAACCCAACCGCCA-1,TB,0.3667020237078597
TB1_AGAAACCCATGGCCTG-1,TB,2.006119885200792
TB1_AGAAACTAGCCTGATG-1,TB,0.0
TB1_AGAAAGGCAAGGTGGC-1,TB,0.0
TB1_AGAAAGGCATAATGAG-1,TB,0.8410986343348438
TB1_AGAACCGCAAATATCC-1,TB,0.0
TB1_AGAACCGCATTTAAGC-1,TB,0.42367515170945497
TB1_AGAAGGTGTAGGTGTC-1,TB,0.0
TB1_AGAAGGTGTGATGGCT-1,TB,1.3934999001706998
TB1_AGAAGGTGTGCTCCAC-1,TB,0.0
TB1_AGAAGGTGTTGTTGTC-1,TB,0.0
TB1_AGAATCGAGCATTTCT-1,TB,1.5847811727701928
TB1_AGAATCGAGCGCAATT-1,TB,0.0
TB1_AGAATCGAGGAGCATA-1,TB,0.0
TB1_AGAATCGAGTTATCTC-1,TB,0.5106123814152519
TB1_AGAATCTGTAACCAGC-1,TB,0.5946594823623539
TB1_AGAATCTGTTCGCTCA-1,TB,0.0
TB1_AGAATCTGTTTGGCGG-1,TB,0.0
TB1_AGACAATAGCATTATG-1,TB,0.0
TB1_AGACAATAGCTTAGCG-1,TB,1.3370530914271224
TB1_AGACAATAGGGACCTC-1,TB,0.5586638805728963
TB1_AGACAATAGTAACTCA-1,TB,0.0
TB1_AGACAATAGTCAATTG-1,TB,2.1189237269224614
TB1_AGACACGCACAAAGCG-1,TB,0.0
TB1_AGACACGCATTAGGTT-1,TB,0.9590702555946597
TB1_AGACCCGGTGTCCAGG-1,TB,0.0
TB1_AGACCCGGTTGTGACA-1,TB,0.0
TB1_AGACCCGGTTTACTTG-1,TB,0.0
TB1_AGACCCGGTTTGTGGA-1,TB,0.4235112344867024
TB1_AGAGAGGAGGATAAAC-1,TB,0.0
TB1_AGAGAGGAGTCCTTTG-1,TB,0.0
TB1_AGAGGAACAAGTCGCT-1,TB,0.0
TB1_AGAGGAACACAATGTT-1,TB,0.0
TB1_AGAGGATGTTAGAGCC-1,TB,1.1102120950226158
TB1_AGATGAAGTCCGCTGT-1,TB,0.0
TB1_AGATGAAGTGATCAGC-1,TB,0.9024477399037367
TB1_AGATGCTTCTCCATGC-1,TB,1.2910676722930958
TB1_AGCAACAAGCCGGTAC-1,TB,0.0
TB1_AGCAACAAGTTATTCC-1,TB,0.6650329752659285
TB1_AGCAATACATTAAGCT-1,TB,0.0
TB1_AGCACAGCAAGTGAAC-1,TB,0.0
TB1_AGCACTAGTCATGCAA-1,TB,0.0
TB1_AGCACTTAGCAACAAG-1,TB,2.4275051339655733
TB1_AGCACTTAGCAATAGG-1,TB,1.3206202879271114
TB1_AGCAGGTAGGGACGCA-1,TB,0.0
TB1_AGCATCCCAAGGTGCA-1,TB,0.9734930694186359
TB1_AGCATTTCAGTCTAGC-1,TB,0.0
TB1_AGCCGCTAGCCTGATG-1,TB,1.47550646871338
TB1_AGCCGGTTCCTTAATC-1,TB,0.9972134138760802
TB1_AGCCTAAGTATGTGGC-1,TB,0.0
TB1_AGCCTAGTCCTGAGTG-1,TB,0.9383237482190461
TB1_AGCCTAGTCTGTAAGC-1,TB,0.0
TB1_AGCCTAGTCTTCAATC-1,TB,0.0
TB1_AGCCTCCGTCGTTATC-1,TB,0.8689753207848997
TB1_AGCCTCCGTTCGCTCA-1,TB,0.0
TB1_AGCCTGGGTACCCACC-1,TB,0.0
TB1_AGCCTGGGTAGCTAGC-1,TB,0.0
TB1_AGCCTGGGTCGAAGTC-1,TB,0.0
TB1_AGCCTGGGTGGTTAGC-1,TB,0.0
TB1_AGCGATTTCAATGTGC-1,TB,0.4963754034019292
TB1_AGCGATTTCTTGACCC-1,TB,1.4656963716930889
TB1_AGCGATTTCTTGGACG-1,TB,0.0
TB1_AGCGCCTAGTCAGTAC-1,TB,0.0
TB1_AGCGCTCAGACTTATG-1,TB,1.5146384820237229
TB1_AGCGCTCAGCACGTTG-1,TB,0.0
TB1_AGCGCTCAGCATTTCT-1,TB,0.0
TB1_AGCGGACCAACTGGGA-1,TB,0.0
TB1_AGCGGATAGCAATAGG-1,TB,1.0090782019989932
TB1_AGCGGATAGGGTCTAT-1,TB,0.0
TB1_AGCGGATAGTGAAGTG-1,TB,0.0
TB1_AGCGTGCTCATTCATC-1,TB,0.0
TB1_AGCGTGCTCGAGCTAT-1,TB,0.0
TB1_AGCTAAACAAATTGCT-1,TB,0.0
TB1_AGCTAAACATAAACCT-1,TB,0.0
TB1_AGCTAACTCGCTATAA-1,TB,0.0
TB1_AGCTAACTCGTGCCTT-1,TB,0.8213472703528089
TB1_AGCTAACTCTGTGCCT-1,TB,0.0
TB1_AGCTACGTCACAAGCT-1,TB,0.6532330756236056
TB1_AGCTACTAGACTATTG-1,TB,0.0
TB1_AGCTACTAGGCTGTCA-1,TB,0.0
TB1_AGCTCATAGGTAGCTT-1,TB,0.0
TB1_AGCTGCTCAGAGGCTA-1,TB,0.0
TB1_AGCTTTAAGAGAGCCG-1,TB,0.0
TB1_AGCTTTAAGCGCAATT-1,TB,0.0
TB1_AGCTTTAAGGGTGGAT-1,TB,1.5984884635717054
TB1_AGCTTTAAGGTGAGAC-1,TB,0.0
TB1_AGGAAACGTGCATTTC-1,TB,1.1626148341453848
TB1_AGGAAACGTGGGAACA-1,TB,0.0
TB1_AGGAACCAGGACAACA-1,TB,0.0
TB1_AGGAACCAGGAGTCGG-1,TB,0.730815721033788
TB1_AGGAACCAGGGTCTAT-1,TB,0.0
TB1_AGGACGTAGCACAGAA-1,TB,0.0
TB1_AGGACTAAGCTTTGTT-1,TB,0.0
TB1_AGGAGCTAGTCTCACC-1,TB,0.836252383199008
TB1_AGGATCCGTCTTTGAC-1,TB,2.4527467616212744
TB1_AGGATCCGTGAAACAA-1,TB,0.655317833760242
TB1_AGGATCCGTGTCACGG-1,TB,0.0
TB1_AGGATGCAGCGTGCGT-1,TB,0.9986732135939076
TB1_AGGATGCAGCTTCCCG-1,TB,0.689220441413874
TB1_AGGATGTCAGTTAGCC-1,TB,0.0
TB1_AGGATTGAGAAACTGG-1,TB,0.7527244310337833
TB1_AGGATTGAGCACCACA-1,TB,0.0
TB1_AGGCAATCAAGATTCT-1,TB,0.0
TB1_AGGCAATCAGGCATGA-1,TB,0.0
TB1_AGGCAGGTCCTCATCA-1,TB,0.0
TB1_AGGCGGATCGGTCAGC-1,TB,0.0
TB1_AGGCTAAAGGAGCATA-1,TB,0.0
TB1_AGGCTAAAGTAAGGGC-1,TB,0.0
TB1_AGGCTAAAGTGCTGTG-1,TB,1.541965874027338
TB1_AGGCTAGCAAGGTGCA-1,TB,0.0
TB1_AGGCTAGCACACCAAC-1,TB,0.5666591787664312
TB1_AGGCTAGCATGGTTAT-1,TB,0.0
TB1_AGGCTAGCATGTTGGC-1,TB,0.5228130973336533
TB1_AGGCTAGCATTATGAC-1,TB,0.7621095771334623
TB1_AGGGCCTTCAACAAGG-1,TB,0.43097954564704843
TB1_AGGGCCTTCTTGAGCG-1,TB,0.0
TB1_AGGGCTACACGGTTTA-1,TB,0.0
TB1_AGGGCTACAGTTTGTG-1,TB,0.0
TB1_AGGGCTACATGAATCT-1,TB,0.921512360628546
TB1_AGGGTTGCAGCGCTTG-1,TB,0.0
TB1_AGGTACGCACCTGCTC-1,TB,0.0
TB1_AGGTATTGTAGACAAA-1,TB,0.7141386937528192
TB1_AGGTATTGTGTGCAAC-1,TB,0.0
TB1_AGGTCAAAGCATGACT-1,TB,0.46481266467876564
TB1_AGGTCAAAGGTCGATT-1,TB,0.0
TB1_AGGTCATTCATCCTGC-1,TB,0.4971310431092333
TB1_AGGTCATTCCTAGTAA-1,TB,0.0
TB1_AGGTCCGGTGGAAACG-1,TB,0.0
TB1_AGGTCTTAGGAGTAAT-1,TB,0.0
TB1_AGGTCTTAGGGTTATC-1,TB,2.0651022033177555
TB1_AGGTGAGGTCCAAATG-1,TB,0.0
TB1_AGGTGAGGTTAAGGCC-1,TB,0.0
TB1_AGGTGAGGTTATGTGG-1,TB,0.0
TB1_AGGTGAGGTTTACGTC-1,TB,0.0
TB1_AGGTTACTCATTGTCT-1,TB,0.0
TB1_AGGTTACTCATTTGCT-1,TB,0.0
TB1_AGGTTACTCCAACTGG-1,TB,0.0
TB1_AGGTTACTCCTAATAG-1,TB,0.0
TB1_AGGTTACTCCTCACTA-1,TB,0.7470974619138168
TB1_AGGTTAGAGCTTAGTA-1,TB,0.0
TB1_AGGTTAGAGGCATTAC-1,TB,0.0
TB1_AGGTTGCGTTACTAGG-1,TB,0.0
TB1_AGGTTTATCTAAGTGC-1,TB,0.8395637968417686
TB1_AGGTTTATCTCACTCA-1,TB,0.0
TB1_AGGTTTGGTGGTTCTT-1,TB,0.0
TB1_AGTAAACAGCATTTCT-1,TB,0.0
TB1_AGTAAACAGGCTCATG-1,TB,0.0
TB1_AGTAACACAATATACC-1,TB,1.3688511989745495
TB1_AGTAACACACGTTACA-1,TB,0.6701665419498714
TB1_AGTAACCTCCGGTATG-1,TB,0.0
TB1_AGTAACCTCGATAACC-1,TB,0.0
TB1_AGTAACGAGCCTGACA-1,TB,0.0
TB1_AGTAACGAGTGAGGTA-1,TB,0.8466888006043866
TB1_AGTAAGTAGCGAGTAA-1,TB,1.5067533833564541
TB1_AGTAATCGTTAGAGCC-1,TB,0.0
TB1_AGTAATGCAGCATGAG-1,TB,0.0
TB1_AGTAATGCATAAGTTC-1,TB,0.5132102773798219
TB1_AGTAATGCATGGCCTG-1,TB,0.0
TB1_AGTACGCGTAAGGTTT-1,TB,0.0
TB1_AGTACGCGTTTAACCC-1,TB,0.0
TB1_AGTAGCTTCATCCTCA-1,TB,0.0
TB1_AGTAGCTTCCATAATG-1,TB,0.5801046403304478
TB1_AGTAGCTTCCGCATGA-1,TB,1.960144187076115
TB1_AGTATAGCAGGCCAAA-1,TB,0.0
TB1_AGTATAGCATAGCTTG-1,TB,0.7093310839279198
TB1_AGTATAGCATTGTTGG-1,TB,1.291960473330787
TB1_AGTCAAGAGTGAACCT-1,TB,0.0
TB1_AGTCAATGTGTGTGGT-1,TB,1.062494752898324
TB1_AGTCAGGCAGTGAACG-1,TB,0.0
TB1_AGTCAGGCAGTTAGCC-1,TB,0.0
TB1_AGTCCTGAGACTAAGG-1,TB,0.0
TB1_AGTCCTGAGTTAGCCG-1,TB,0.8652942561000346
TB1_AGTCCTTGTATACTGG-1,TB,0.6756673674865751
TB1_AGTCCTTGTTTGGGCG-1,TB,0.0
TB1_AGTCGCATCCTCAGTC-1,TB,0.0
TB1_AGTCGCATCCTCCATA-1,TB,0.5804162709161044
TB1_AGTCGCATCCTCCTAA-1,TB,0.0
TB1_AGTCTTGCAGCATGTC-1,TB,1.1906982731172397
TB1_AGTGAACCAATAACGA-1,TB,0.0
TB1_AGTGAACCACTAAGAA-1,TB,0.6298185597093693
TB1_AGTGAACCAGCTAACC-1,TB,0.6701199266955953
TB1_AGTGAGTCAATGAGGT-1,TB,1.4088359077262007
TB1_AGTGAGTCATAATCAC-1,TB,0.0
TB1_AGTGATGAGGACCAGG-1,TB,0.0
TB1_AGTGATGAGGACCTCA-1,TB,0.0
TB1_AGTGATGAGTTTGGTA-1,TB,0.0
TB1_AGTGCACGTCATCAAG-1,TB,0.0
TB1_AGTGCACGTCGCAATA-1,TB,0.9020123607960803
TB1_AGTGCACGTGAGCGAA-1,TB,1.214370096086843
TB1_AGTGCACGTGATCAGC-1,TB,0.0
TB1_AGTGCCGGTTAGCATG-1,TB,1.104918494995606
TB1_AGTGCGGAGCGGATTT-1,TB,1.2118229868355743
TB1_AGTGCGGAGTAGCGGG-1,TB,0.8876394650962095
TB1_AGTGGACAGGTCCGTA-1,TB,0.0
TB1_AGTGTGGCAAGGTACG-1,TB,0.0
TB1_AGTGTGGCAGCGCTTG-1,TB,2.015275778041824
TB1_AGTGTGGCAGGCAAGC-1,TB,0.8918658634543901
TB1_AGTGTGGCAGGCATGA-1,TB,0.9950054843245519
TB1_AGTGTGGCATTCCTGT-1,TB,0.0
TB1_AGTGTTTCAAGTGAAC-1,TB,0.0
TB1_AGTGTTTCACCTCGCT-1,TB,0.0
TB1_AGTTACTCAATCCTAG-1,TB,0.0
TB1_AGTTACTCAGGCGAGT-1,TB,0.0
TB1_AGTTATGTCTTTGACT-1,TB,0.0
TB1_AGTTGCAGTAAAGCAA-1,TB,0.0
TB1_AGTTGCAGTCCTTCTC-1,TB,1.7112110964405431
TB1_AGTTGCAGTTACAAAC-1,TB,0.5218920254068271
TB1_AGTTGCGTCATGCAAC-1,TB,0.0
TB1_AGTTGCGTCGAAGTGA-1,TB,1.6547761428200192
TB1_AGTTTGATCCCTGGAA-1,TB,0.518130851058786
TB1_AGTTTGATCCGCCAAA-1,TB,0.6952538172421298
TB1_AGTTTGATCTTTAAGG-1,TB,0.0
TB1_AGTTTGCAGGATCCGC-1,TB,0.0
TB1_AGTTTGCAGGCATGAA-1,TB,1.353961677879625
TB1_AGTTTGCAGTTGCCTC-1,TB,1.8124014183524007
TB1_ATAACGACACAACAAA-1,TB,0.0
TB1_ATAACGACATCCAGGT-1,TB,0.5751649102555116
TB1_ATAAGCCTCATTGCAA-1,TB,0.0
TB1_ATAAGTCGTAGGTTGC-1,TB,0.0
TB1_ATAATGGCACGCAACT-1,TB,0.0
TB1_ATAATGGCAGGCAAGC-1,TB,0.7477996763406656
TB1_ATAATGGCAGGCCTTG-1,TB,1.8805954067203348
TB1_ATACCGGTCTAGCTTT-1,TB,0.0
TB1_ATACCTGCAGCATGAG-1,TB,0.9059469873620997
TB1_ATAGATGCACGAACAG-1,TB,1.4431832259137585
TB1_ATAGATGCAGCAATAA-1,TB,0.0
TB1_ATAGCATGTGGATTGC-1,TB,0.6639337149697071
TB1_ATAGCATGTTTACCGT-1,TB,0.0
TB1_ATAGGTACACAGAACG-1,TB,0.6436972396964634
TB1_ATAGGTACAGAGAGCC-1,TB,0.5519882115228111
TB1_ATAGGTACAGGTATTT-1,TB,0.0
TB1_ATATAGGCACATGCTA-1,TB,1.5961318393535668
TB1_ATATAGGCACTTGTTC-1,TB,0.0
TB1_ATATAGGCATTATCCC-1,TB,0.5315729101991876
TB1_ATATGCATCCCTGTTA-1,TB,0.0
TB1_ATATGGTGTCAGGCAT-1,TB,0.0
TB1_ATATGTCCAATTGAGA-1,TB,0.0
TB1_ATATGTCCAGAAATGC-1,TB,0.0
TB1_ATCAAGACAATTAGGA-1,TB,0.0
TB1_ATCAAGACACCTATAG-1,TB,1.7188152536990144
TB1_ATCAAGACACTGACTA-1,TB,1.787190785781838
TB1_ATCAAGACAGTAATAG-1,TB,0.5994697613446418
TB1_ATCAAGCTCAAGCTTA-1,TB,1.274057019303135
TB1_ATCAAGCTCAGGGCCT-1,TB,1.1967071242777227
TB1_ATCAATCCAACTGGGA-1,TB,0.0
TB1_ATCAATCCAAGCCACT-1,TB,0.43415333076087637
TB1_ATCAATCCACCTAAGC-1,TB,0.0
TB1_ATCACAATCACTCAAA-1,TB,0.9159908368351702
TB1_ATCACAATCATAACTG-1,TB,0.0
TB1_ATCACAATCCATCAGG-1,TB,0.0
TB1_ATCACAATCCCAGTAG-1,TB,0.0
TB1_ATCACACAGGAGTAAT-1,TB,0.0
TB1_ATCACACAGTAGGATG-1,TB,0.0
TB1_ATCACCCTCTGTGCCT-1,TB,1.460848440698359
TB1_ATCACTAAGACTCGCA-1,TB,0.0
TB1_ATCACTAAGCCATCAG-1,TB,1.3463397990098454
TB1_ATCACTAAGCTTCCCG-1,TB,0.0
TB1_ATCAGGTTCGGGCCAT-1,TB,0.0
TB1_ATCAGGTTCGGTCAGC-1,TB,0.9796848619628925
TB1_ATCAGGTTCTGTAATG-1,TB,0.0
TB1_ATCATCAAGAAGCTAG-1,TB,0.0
TB1_ATCATCAAGCACAGCC-1,TB,0.5583437611261712
TB1_ATCATCAAGCTAATCA-1,TB,0.37977648065006303
TB1_ATCCAACAGCATCCAG-1,TB,0.0
TB1_ATCCACCTCGGTTTGG-1,TB,1.3734579763699277
TB1_ATCCATAAGTCGCAAT-1,TB,0.5409981325810229
TB1_ATCCCGCGTGGTGAGA-1,TB,0.9670817808227228
TB1_ATCCCGCGTTTATGGG-1,TB,0.0
TB1_ATCCGTGAGTATGTGC-1,TB,1.0963507471960279
TB1_ATCCGTGAGTGTTGCG-1,TB,0.0
TB1_ATCCTCATCGATAACC-1,TB,0.0
TB1_ATCCTCATCTAGCTAA-1,TB,0.0
TB1_ATCCTCATCTCACTAT-1,TB,0.0
TB1_ATCCTGACATGCTCCC-1,TB,0.9876509198076684
TB1_ATCCTTAGTTAAGTGT-1,TB,0.0
TB1_ATCCTTAGTTTGGCGG-1,TB,0.6779513246735421
TB1_ATCGAGGCATCACTTC-1,TB,2.076855845421083
TB1_ATCGAGGCATGAATAG-1,TB,0.9248963240401338
TB1_ATCGCCCGTCTAGCTT-1,TB,0.0
TB1_ATCGCCCGTGCAATGC-1,TB,0.8561568494764815
TB1_ATCGCTTGTATCTGGA-1,TB,0.0
TB1_ATCGCTTGTCTTTGAC-1,TB,0.0
TB1_ATCTTTGGTGCTTACT-1,TB,0.6255441633620481
TB1_ATGAAGCCAGCTACGT-1,TB,0.0
TB1_ATGAATGCAACCGCCA-1,TB,1.8694705039688886
TB1_ATGAATGCACCTAAGC-1,TB,0.0
TB1_ATGAATGCATAAGTCT-1,TB,2.0501634997506595
TB1_ATGACAACAAGGTAAC-1,TB,0.0
TB1_ATGACAACAATAATCC-1,TB,0.0
TB1_ATGACAACACAGCCTG-1,TB,0.0
TB1_ATGACAACATCGCTTT-1,TB,0.46404406986276203
TB1_ATGACCAGTCAAAGGG-1,TB,0.0
TB1_ATGACGAAGGATTGAG-1,TB,4.234500787500346
TB1_ATGACGAAGGCTACTG-1,TB,0.0
TB1_ATGACGAAGTGAGCAA-1,TB,0.0
TB1_ATGACTCAGCCTCTCG-1,TB,0.9199210466971499
TB1_ATGACTCAGTCACGAT-1,TB,0.8295659746759394
TB1_ATGACTCAGTTATGTG-1,TB,0.0
TB1_ATGAGCCGTCCTAACT-1,TB,0.0
TB1_ATGATGACAAACGGGC-1,TB,0.0
TB1_ATGATGACAGTTATCG-1,TB,0.0
TB1_ATGATGGAGCCAGTAT-1,TB,0.0
TB1_ATGCAAACACGGTACT-1,TB,0.606438990062648
TB1_ATGCAAACACTAAGAA-1,TB,1.082820875264861
TB1_ATGCAGGCATTATGGT-1,TB,0.0
TB1_ATGCATTCAGTTATCG-1,TB,0.0
TB1_ATGCATTCATTATGCG-1,TB,0.7740344449363624
TB1_ATGCCTGAGCAACAAG-1,TB,0.0
TB1_ATGCCTGAGCAGCTCA-1,TB,0.0
TB1_ATGCCTGAGGCTAGAA-1,TB,0.0
TB1_ATGCCTGAGGGTTAGA-1,TB,0.0
TB1_ATGCGATTCAAGTGAG-1,TB,0.0
TB1_ATGCGATTCATCCTCA-1,TB,0.0
TB1_ATGCGATTCCATCAGG-1,TB,0.8283777906917922
TB1_ATGCTTAAGCCTCTCG-1,TB,0.0
TB1_ATGCTTAAGCTTCCCG-1,TB,0.7628518591772269
TB1_ATGGCCCAGCAGGTGG-1,TB,0.0
TB1_ATGGCCCAGTAGGATG-1,TB,0.0
TB1_ATGGCCGGTTTAGCTC-1,TB,0.0
TB1_ATGGCTAGTAATCGGC-1,TB,0.0
TB1_ATGGCTAGTTCCAGGG-1,TB,0.0
TB1_ATGGCTGTCCGTTATT-1,TB,0.0
TB1_ATGGTCTAGGTTTACA-1,TB,0.7376938175408501
TB1_ATGGTCTAGTATCGCG-1,TB,0.0
TB1_ATGGTGCGTTGCAGTA-1,TB,0.0
TB1_ATGGTTATCGTCCTTA-1,TB,0.0
TB1_ATGTAACGTGAGGTGA-1,TB,1.0314809254111084
TB1_ATGTAAGCAATTGAGA-1,TB,0.0
TB1_ATGTAAGCACCTCGCT-1,TB,0.0
TB1_ATGTCAATCAGGCTAT-1,TB,0.0
TB1_ATGTCATCACTAAATC-1,TB,0.0
TB1_ATGTCCACAATATAGG-1,TB,0.0
TB1_ATGTCCACACAATTAC-1,TB,0.0
TB1_ATGTGAGAGAAAGCAT-1,TB,0.0
TB1_ATGTGAGAGGCTTAAC-1,TB,1.0518926390282284
TB1_ATGTTCAAGATAAAGC-1,TB,1.2528820288710252
TB1_ATGTTCAAGTGGACAA-1,TB,0.0
TB1_ATGTTGTCAATGCCTA-1,TB,0.9601633642878833
TB1_ATGTTGTCAGGCTTGT-1,TB,0.5240182828101536
TB1_ATGTTGTCATCCAGGT-1,TB,0.4504527626757858
TB1_ATGTTTGAGATGGACA-1,TB,1.5198955120041684
TB1_ATGTTTGAGGGCTAAA-1,TB,0.0
TB1_ATTACCGCATGGTTAT-1,TB,0.7585012033648508
TB1_ATTACGTCAGAACCGA-1,TB,0.0
TB1_ATTACGTCAGGCATGA-1,TB,0.0
TB1_ATTACTGAGGGCCATC-1,TB,0.0
TB1_ATTACTGAGGGTCCAC-1,TB,1.1123315009402344
TB1_ATTACTGAGGGTTATC-1,TB,1.6004324218289365
TB1_ATTAGCGGTTAGACCA-1,TB,0.0
TB1_ATTAGCGGTTAGAGGG-1,TB,0.0
TB1_ATTAGCTCACCAAAGG-1,TB,0.0
TB1_ATTAGGTGTGTTGTAG-1,TB,1.8189350546070198
TB1_ATTAGTCCAAACAACA-1,TB,0.0
TB1_ATTAGTCCAGAAACGT-1,TB,0.0
TB1_ATTATGGTCCCTCATA-1,TB,0.0
TB1_ATTATGGTCCTTCGTA-1,TB,0.6857061366223611
TB1_ATTATGGTCGAGGTGG-1,TB,0.0
TB1_ATTCAACCACTTACAG-1,TB,0.9814546830152266
TB1_ATTCACTTCCCATAAA-1,TB,0.0
TB1_ATTCCGGAGCATTTCT-1,TB,1.4442781975057946
TB1_ATTCCGGAGTGACCTG-1,TB,0.0
TB1_ATTCCTAGTGGGAACA-1,TB,0.0
TB1_ATTCCTAGTTCTTTAG-1,TB,0.0
TB1_ATTCCTAGTTTCCGGC-1,TB,1.3529680710681191
TB1_ATTCCTCCAAGCTAAA-1,TB,0.47184847455728607
TB1_ATTCCTCCATCGCTTT-1,TB,0.0
TB1_ATTCGTTTCCAAATCA-1,TB,0.7398638958736568
TB1_ATTGAAGCAGATAGAC-1,TB,0.0
TB1_ATTGAAGCATCCAGGT-1,TB,1.2576654666261808
TB1_ATTGACTCAATGAATG-1,TB,3.7657037457846396
TB1_ATTGCACAGACTAAGG-1,TB,0.8904240855531761
TB1_ATTGCAGGTAGGTTGC-1,TB,0.0
TB1_ATTGCAGGTCGAAGTC-1,TB,0.0
TB1_ATTGCAGGTTGGCCGA-1,TB,0.0
TB1_ATTGCGCCAGAAATTG-1,TB,0.0
TB1_ATTGCTCGTATTGCAG-1,TB,0.0
TB1_ATTGCTCGTGTTGTGA-1,TB,0.0
TB1_ATTGGCTAGGTGCTGC-1,TB,0.8247867283927431
TB1_ATTGGCTAGTATTGGC-1,TB,2.1151410774516477
TB1_ATTGGTTCAACTGGGA-1,TB,0.0
TB1_ATTGGTTCAGTATGTT-1,TB,0.0
TB1_ATTGTCCGTGGTTCTT-1,TB,2.0244611217034767
TB1_ATTGTCCGTGTGCAAC-1,TB,0.0
TB1_ATTGTCCGTTCGCTCA-1,TB,0.0
TB1_ATTGTCCGTTCGGGAT-1,TB,0.0
TB1_ATTGTGATCAGCACCA-1,TB,0.0
TB1_ATTGTGATCATCGTTT-1,TB,0.716809264612823
TB1_ATTGTGATCATTACAG-1,TB,0.0
TB1_ATTTAGGTCAATCATG-1,TB,0.0
TB1_ATTTAGGTCACCGGTA-1,TB,0.0
TB1_ATTTGCAAGCACTAGT-1,TB,1.557503485949737
TB1_ATTTGCAAGTCACCTC-1,TB,0.0
TB1_ATTTGCGCACATGCTA-1,TB,0.0
TB1_ATTTGCGCACTGGCTG-1,TB,1.1484546314223447
TB1_ATTTGTGAGTGAGGTA-1,TB,0.0
TB1_CAAACAACAGAATGAC-1,TB,0.0
TB1_CAAACACTCGTTAAGC-1,TB,0.0
TB1_CAAACATGTCTTTATG-1,TB,0.0
TB1_CAAACCGTCATAACTG-1,TB,0.0
TB1_CAAACCGTCTCAATGA-1,TB,0.0
TB1_CAAACTGGTGTAATAC-1,TB,2.031010682779264
TB1_CAAAGCGCAACAGCCT-1,TB,0.0
TB1_CAAAGGATCGCTCACT-1,TB,0.0
TB1_CAAAGTGAGAAGCTAG-1,TB,0.0
TB1_CAAAGTGAGGAATAAC-1,TB,0.0
TB1_CAAAGTGAGGAGCAAC-1,TB,0.0
TB1_CAAAGTGAGGGACGCA-1,TB,0.46242752806249476
TB1_CAAAGTGAGTTCCCGT-1,TB,2.0403680733749243
TB1_CAACAATGTGCGCAAT-1,TB,1.1719135523607171
TB1_CAACCCGCACCTACGG-1,TB,0.0
TB1_CAACCCGCATTATGCG-1,TB,0.0
TB1_CAACCCTTCGCTAAAC-1,TB,0.0
TB1_CAACCCTTCTTGCATT-1,TB,0.0
TB1_CAACCGGGTAATAGCT-1,TB,1.1801594388898307
TB1_CAACTAGGTAATAGCT-1,TB,0.0
TB1_CAAGACAAGCGCTCAA-1,TB,0.0
TB1_CAAGCTAGTACGCGCA-1,TB,0.0
TB1_CAAGGCCTCGTCATTT-1,TB,0.5953157223259515
TB1_CAAGGCCTCTGTAAGC-1,TB,0.0
TB1_CAAGGCTGTCCGTGAG-1,TB,1.7074123012126048
TB1_CAAGGCTGTGGCTTCC-1,TB,1.8156967260277366
TB1_CAAGGGAGTCACGGAT-1,TB,0.0
TB1_CAAGGGAGTGTTGCAA-1,TB,0.0
TB1_CAAGGGAGTTCGCTTG-1,TB,0.9960812009286218
TB1_CAAGGTTTCTCACTAT-1,TB,0.5544368486526519
TB1_CAAGTAACAGTTATGT-1,TB,0.5370986068246081
TB1_CAAGTATGTCGCAATA-1,TB,0.7252220399943525
TB1_CAAGTATGTGGAAGGC-1,TB,0.0
TB1_CAAGTATGTTATTGCC-1,TB,0.0
TB1_CAAGTATGTTTAGCTC-1,TB,0.0
TB1_CAAGTGAAGCACGTTG-1,TB,0.0
TB1_CAAGTTATCAATCTAG-1,TB,0.0
TB1_CAAGTTATCGTTTCCA-1,TB,0.0
TB1_CAATAGCTCAATTACG-1,TB,0.0
TB1_CAATATGTCAGCAAGA-1,TB,1.8152421276960122
TB1_CAATATGTCGGTTACG-1,TB,1.9000668498019384
TB1_CAATCGCCACTAGGTC-1,TB,1.0059871392760018
TB1_CAATCTAAGTGAGCAA-1,TB,0.0
TB1_CAATGAACAGTAAGTA-1,TB,0.0
TB1_CAATGAACATACTCCT-1,TB,0.0
TB1_CAATGACTCCAGCACA-1,TB,0.0
TB1_CAATGACTCGCCTGTT-1,TB,0.5791373187689405
TB1_CAATGACTCTGTGCCT-1,TB,0.9103620079492928
TB1_CAATGCCCAGACAAAC-1,TB,0.6602287546584872
TB1_CAATGTCAGGCCCAGT-1,TB,0.0
TB1_CAATGTGGTATGTGGC-1,TB,0.0
TB1_CAATGTGGTCCGTAGG-1,TB,0.0
TB1_CAATGTGGTGAGCGAA-1,TB,0.0
TB1_CACAATATCGATAACC-1,TB,0.0
TB1_CACAGGCTCAGCAAGA-1,TB,0.0
TB1_CACAGGCTCCGCTAGA-1,TB,0.0
TB1_CACAGGGAGTATGTGC-1,TB,0.0
TB1_CACATAATCAAGCTTA-1,TB,1.0205715984550827
TB1_CACATAATCATGGTGT-1,TB,0.45931445208545546
TB1_CACATAATCCTGGTCT-1,TB,1.1024267883746224
TB1_CACATACAGCAGGTTT-1,TB,0.0
TB1_CACATACAGCCTGATG-1,TB,0.0
TB1_CACATACAGCTTCTCA-1,TB,0.0
TB1_CACATACAGTAGGCGG-1,TB,1.4016383765550908
TB1_CACATTAAGGATTGCT-1,TB,0.0
TB1_CACCGGTAGTTACCGG-1,TB,1.5695428231863255
TB1_CACCTCAGTAATGGAA-1,TB,0.0
TB1_CACCTCAGTACCGTAA-1,TB,0.0
TB1_CACCTCAGTCAGGAAG-1,TB,0.0
TB1_CACCTGTTCATTCATC-1,TB,0.0
TB1_CACCTGTTCGGTCATG-1,TB,0.0
TB1_CACGCAATCATTACTC-1,TB,1.6726956887608493
TB1_CACGCAATCCCGCCTA-1,TB,0.8493603074087483
TB1_CACGCAATCGCATCCT-1,TB,0.7066140235418295
TB1_CACGCTAAGCTCGCTT-1,TB,0.0
TB1_CACGCTAAGGCTACAT-1,TB,0.0
TB1_CACGCTAAGGGTCTAT-1,TB,0.0
TB1_CACTAAGGTGTGAGGA-1,TB,1.2433785484724365
TB1_CACTAGCCATAGCTTG-1,TB,0.0
TB1_CACTAGCCATGATTGT-1,TB,0.0
TB1_CACTAGCCATTAGGTT-1,TB,0.0
TB1_CACTAGCCATTTAAGC-1,TB,0.0
TB1_CACTGACCAAACTGTT-1,TB,0.9245750807295805
TB1_CACTTAAAGCAAGGGT-1,TB,1.19030007515841
TB1_CACTTAAAGGTTAGCT-1,TB,0.0
TB1_CACTTAAAGTGAGCGG-1,TB,1.4989646735777615
TB1_CACTTTGTCCGCACAA-1,TB,1.4193588335346976
TB1_CACTTTGTCCTAGTCC-1,TB,0.0
TB1_CAGAACCGTACTGAAT-1,TB,0.0
TB1_CAGAACCGTCCTTCTC-1,TB,0.0
TB1_CAGAATCTCAGGAACA-1,TB,1.0171220299241854
TB1_CAGATTCAGAGAAGGG-1,TB,0.0
TB1_CAGATTCAGCAAGGGT-1,TB,0.0
TB1_CAGCAAGCAGATAGAC-1,TB,0.0
TB1_CAGCATGTCCTTGAGG-1,TB,0.0
TB1_CAGCATTAGAATGACG-1,TB,0.0
TB1_CAGCATTAGGCTAGAA-1,TB,0.0
TB1_CAGCATTAGTCAATCA-1,TB,0.0
TB1_CAGCATTAGTTAGTGC-1,TB,0.0
TB1_CAGCCAATCGCATCCT-1,TB,0.6528795900647829
TB1_CAGCCTAAGCGAGCGA-1,TB,0.0
TB1_CAGCCTTTCATGACCG-1,TB,0.0
TB1_CAGCTAAGTACAATGT-1,TB,0.0
TB1_CAGCTAAGTTAACACG-1,TB,1.079260220305668
TB1_CAGCTATAGTGAACGA-1,TB,0.0
TB1_CAGGACACATAGACCC-1,TB,0.0
TB1_CAGGACACATCCCGCT-1,TB,0.0
TB1_CAGGACCTCGCACAAT-1,TB,1.1412991530815286
TB1_CAGGACCTCTTGAGCG-1,TB,0.8202075029630596
TB1_CAGGCTGGTCGCATAA-1,TB,0.5156993476681141
TB1_CAGGCTGGTTACTTCA-1,TB,0.0
TB1_CAGGCTGGTTAGGCGT-1,TB,0.0
TB1_CAGGCTGGTTGCGGAT-1,TB,0.0
TB1_CAGGCTGGTTTCGCCA-1,TB,0.0
TB1_CAGGGCTTCAATCTAG-1,TB,0.6699335329162126
TB1_CAGGGCTTCCAGGAAA-1,TB,0.0
TB1_CAGGTCCAGCGGCTGT-1,TB,0.7848313358945586
TB1_CAGGTCCAGCTATATG-1,TB,0.0
TB1_CAGGTCCAGGAGGTTA-1,TB,0.0
TB1_CAGGTCCAGTTTGCGG-1,TB,0.8925460699518494
TB1_CAGGTGGAGTCACCTC-1,TB,0.0
TB1_CAGGTTAGTATTGGTG-1,TB,0.0
TB1_CAGGTTAGTGAGCGAA-1,TB,0.0
TB1_CAGGTTAGTTAACACG-1,TB,0.0
TB1_CAGGTTAGTTATAGCG-1,TB,0.0
TB1_CAGTACCCAATAGTCT-1,TB,1.092121339927803
TB1_CAGTACCCAGCATGAG-1,TB,1.4757667139466635
TB1_CAGTACCCATGTCAGC-1,TB,1.618134319604293
TB1_CAGTATGGTTAGGCTA-1,TB,0.0
TB1_CAGTATGGTTGCGCGA-1,TB,2.0332960978402737
TB1_CATAACGGTAATCGCA-1,TB,0.0
TB1_CATAACGGTTAAGGTT-1,TB,0.0
TB1_CATAACGGTTTCCACG-1,TB,0.0
TB1_CATAATCCACCTACGG-1,TB,0.0
TB1_CATAATGTCACTTCAT-1,TB,0.8658522808053217
TB1_CATAATGTCTTACTCG-1,TB,0.0
TB1_CATAGACTCAGGTCCA-1,TB,0.0
TB1_CATAGACTCATCACTT-1,TB,0.0
TB1_CATAGCTAGCTACTGG-1,TB,0.8020749512830958
TB1_CATAGCTAGTCGCAAT-1,TB,0.6406247459429536
TB1_CATAGGCGTATACTGG-1,TB,0.0
TB1_CATAGGCGTCATTGAG-1,TB,0.0
TB1_CATAGGTTCGATATTG-1,TB,0.0
TB1_CATAGGTTCGGCTAGC-1,TB,0.0
TB1_CATAGTCAGCTAAAGG-1,TB,1.2487595825159536
TB1_CATAGTCAGTAACCCG-1,TB,0.0
TB1_CATATCGCAGTTATGT-1,TB,0.813228731552206
TB1_CATATCGCATCCATCT-1,TB,0.0
TB1_CATCAATCATATAACC-1,TB,0.0
TB1_CATCACACAGCTTACA-1,TB,0.36428413791015074
TB1_CATCACACATAGCTGC-1,TB,0.41321234359482273
TB1_CATCACACATGAGTTT-1,TB,0.0
TB1_CATCAGCCAATTAGGA-1,TB,0.0
TB1_CATCCTCAGGCTGTCA-1,TB,0.7038669214874733
TB1_CATCCTGGTTGTTGTC-1,TB,0.0
TB1_CATCCTTCAAGGTGCA-1,TB,1.0266842514289212
TB1_CATCCTTCATGTGGGA-1,TB,0.0
TB1_CATCGCTTCATGACCG-1,TB,0.0
TB1_CATGCAAGTTCCATTA-1,TB,0.0
TB1_CATGCAAGTTTACTTG-1,TB,0.0
TB1_CATGCATAGACTTACA-1,TB,0.0
TB1_CATGCATAGCGGCTGT-1,TB,0.0
TB1_CATGCATAGGCCATCA-1,TB,0.0
TB1_CATGCATAGGGTCTAT-1,TB,0.0
TB1_CATGCGCAGCACGATT-1,TB,0.0
TB1_CATGCGGGTACAATGT-1,TB,0.9226069558978479
TB1_CATGGATTCTGGTCCT-1,TB,0.0
TB1_CATGGCGGTTTACTTG-1,TB,0.0
TB1_CATTATGAGGGTCCAC-1,TB,1.0646059206829146
TB1_CATTCCTCAAGCTTAT-1,TB,0.9889745462125803
TB1_CATTGTAAGTGAGGGT-1,TB,0.0
TB1_CCAAACTAGCGGGCAA-1,TB,0.5645893088372445
TB1_CCAAATCAGTTAGTTG-1,TB,0.0
TB1_CCAACCAAGCAAGACA-1,TB,0.0
TB1_CCAACCCGTTTAAAGC-1,TB,1.1884721835070275
TB1_CCAAGGCTCGATTCTT-1,TB,0.0
TB1_CCAAGGCTCGGCCAGT-1,TB,0.0
TB1_CCAATATCACTAAGAA-1,TB,0.0
TB1_CCACAATAGCATGGTT-1,TB,0.0
TB1_CCACACAAGAATCGCT-1,TB,1.1632195643177228
TB1_CCACACAAGATAACCC-1,TB,0.0
TB1_CCACACAAGCCTGGTA-1,TB,0.0
TB1_CCACACAAGGCTGGCT-1,TB,0.0
TB1_CCACACAAGGTAAGGC-1,TB,0.6290815264942431
TB1_CCACAGGGTAGGTTAT-1,TB,1.3131546017142464
TB1_CCACAGGGTTGTTGTC-1,TB,0.0
TB1_CCACATTGTCACCTAT-1,TB,1.421461547709135
TB1_CCACTTGGTACCCACC-1,TB,0.0
TB1_CCACTTGGTGTTAAAC-1,TB,0.0
TB1_CCACTTGGTTCCTCCT-1,TB,0.0
TB1_CCAGACTCATAAACCT-1,TB,0.0
TB1_CCAGACTCATCTTGAG-1,TB,0.0
TB1_CCAGCCTGTCCTAATC-1,TB,0.0
TB1_CCAGCTAAGGTCAAAG-1,TB,0.0
TB1_CCAGCTGCACAAAGGT-1,TB,0.0
TB1_CCAGGAACACGAATTT-1,TB,0.0
TB1_CCAGGATGTGTAATAC-1,TB,1.3500325465740015
TB1_CCAGTTTGTCGACTAA-1,TB,0.7523979580387595
TB1_CCAGTTTGTCGCATAA-1,TB,0.0
TB1_CCATAAGGTATTGTCC-1,TB,0.0
TB1_CCATAAGGTCAAAGAA-1,TB,0.0
TB1_CCATAAGGTCGTTACT-1,TB,1.4885196067453481
TB1_CCATAAGGTGAGACTC-1,TB,0.0
TB1_CCATAATCACCTACTT-1,TB,0.6427979515585486
TB1_CCATAATCACTGACTA-1,TB,0.0
TB1_CCATAGCCAATGCCCG-1,TB,0.0
TB1_CCATATTTCCCTCGCA-1,TB,1.4851287436068692
TB1_CCATCACTCATTCATC-1,TB,0.0
TB1_CCATCATGTAAAGCGG-1,TB,1.2156481536491444
TB1_CCATCATGTGAGAAAC-1,TB,0.0
TB1_CCATTGTGTATTCGTC-1,TB,0.0
TB1_CCATTGTGTCATCAAG-1,TB,0.0
TB1_CCCAAATAGTCTATGA-1,TB,0.8543693733296539
TB1_CCCAAATAGTTATCTC-1,TB,0.0
TB1_CCCAACCGTCACTCGC-1,TB,0.6611566384269234
TB1_CCCAACCGTCCTTAGT-1,TB,0.0
TB1_CCCAATTGTTGCACAA-1,TB,0.3240182823090932
TB1_CCCAGCACAGGACCTT-1,TB,0.0
TB1_CCCAGCACATGCTTAG-1,TB,0.5919952180459183
TB1_CCCAGTTTCCGGTTAG-1,TB,0.6279385645643137
TB1_CCCAGTTTCGTTTCTG-1,TB,0.6643454958958873
TB1_CCCATAACAGCATTAT-1,TB,0.0
TB1_CCCATAACATAATGAG-1,TB,0.38346162166374953
TB1_CCCGCAACACTTAGGC-1,TB,0.0
TB1_CCCGCAACAGGAATCG-1,TB,1.006317343269121
TB1_CCCGCAACATGTTGGC-1,TB,0.5278107017749712
TB1_CCCGCTTCAAGGACCA-1,TB,0.0
TB1_CCCGTAAAGCCAAATC-1,TB,0.0
TB1_CCCGTAAAGCGATAGA-1,TB,0.0
TB1_CCCGTAAAGGAACGCG-1,TB,0.0
TB1_CCCGTAAAGTGGCGGA-1,TB,0.0
TB1_CCCGTTGTCAATGACC-1,TB,0.0
TB1_CCCGTTGTCATGCTAA-1,TB,0.0
TB1_CCCTAATGTCGCAATA-1,TB,0.0
TB1_CCCTAATGTGCTAGCG-1,TB,1.1831436638197976
TB1_CCCTCACCACCTCAGG-1,TB,0.414515406364069
TB1_CCCTCACCACCTGCCT-1,TB,0.737807700503282
TB1_CCCTCACCAGGTTCAC-1,TB,1.2588677743262393
TB1_CCCTCAGTCCTAGTAA-1,TB,0.0
TB1_CCCTCAGTCGGTTAGT-1,TB,0.0
TB1_CCCTCAGTCGTTAGCG-1,TB,0.6440405106116407
TB1_CCCTCATAGGAGGCAT-1,TB,0.0
TB1_CCCTCATAGGTCGATT-1,TB,0.0
TB1_CCCTGGACAAACAACA-1,TB,0.0
TB1_CCCTGGACAAAGGCCA-1,TB,0.0
TB1_CCCTGGACAACAGCCT-1,TB,0.8128097982495391
TB1_CCCTGGACAAGTTATC-1,TB,0.0
TB1_CCCTGGACAATTTAGC-1,TB,0.0
TB1_CCCTGGACATAGCAGG-1,TB,0.0
TB1_CCCTGTTAGATTCCTT-1,TB,0.0
TB1_CCCTGTTAGGCTAAGA-1,TB,0.0
TB1_CCGACAGGTAATCCCT-1,TB,0.0
TB1_CCGACAGGTCAACAAT-1,TB,0.0
TB1_CCGATGCAGGACCGCT-1,TB,0.0
TB1_CCGCAAATCACCAATA-1,TB,0.0
TB1_CCGCAAATCTAGCTAA-1,TB,0.7332808499557814
TB1_CCGCAAGGTATTGAGT-1,TB,0.0
TB1_CCGCTAAAGCACTAGT-1,TB,0.0
TB1_CCGCTAAAGGATAAAC-1,TB,0.0
TB1_CCGCTAAAGTATTGGC-1,TB,1.6364061323729269
TB1_CCGCTAGCAATGAGGT-1,TB,0.0
TB1_CCGCTTAGTAGACAAA-1,TB,0.0
TB1_CCGCTTAGTCGAAGTC-1,TB,0.0
TB1_CCGGTAGGTCCTAACT-1,TB,0.6772358682581173
TB1_CCGGTAGGTTGTTGCT-1,TB,0.0
TB1_CCGTGCTGTAACGTGC-1,TB,0.0
TB1_CCGTGCTGTAGCTGCG-1,TB,0.7206916808895197
TB1_CCGTGCTGTCCTAACT-1,TB,0.0
TB1_CCGTGCTGTTTACGTC-1,TB,0.0
TB1_CCGTTAACAGTAATAG-1,TB,0.0
TB1_CCGTTACTCCTTCTAG-1,TB,0.0
TB1_CCGTTGCGTGTGAGGA-1,TB,0.0
TB1_CCGTTGCGTGTGCACG-1,TB,0.0
TB1_CCGTTGCGTGTTAAAC-1,TB,0.0
TB1_CCGTTGCGTTCCGGCT-1,TB,0.8636247536746324
TB1_CCGTTGCGTTGTCCAT-1,TB,0.0
TB1_CCGTTTGGTAGTCAAT-1,TB,1.7307138345064372
TB1_CCGTTTGGTCTTGCAT-1,TB,0.5036241628702967
TB1_CCGTTTGGTTGCAGTA-1,TB,0.0
TB1_CCGTTTGGTTTGGGTA-1,TB,0.0
TB1_CCTAAATCAACAGGTG-1,TB,1.2297943582506294
TB1_CCTAAGCCAATAAGCA-1,TB,0.0
TB1_CCTAAGCCATAGGCGA-1,TB,0.0
TB1_CCTAAGCCATTGTCAG-1,TB,0.0
TB1_CCTAAGGTCCTCATGC-1,TB,0.0
TB1_CCTAAGGTCTTAGGAC-1,TB,0.0
TB1_CCTAAGTAGGGCTTAT-1,TB,0.0
TB1_CCTAAGTAGTAGGATG-1,TB,0.0
TB1_CCTAATAAGAATGACG-1,TB,0.0
TB1_CCTAATAAGCGTGCAC-1,TB,0.0
TB1_CCTAATAAGGGCCATC-1,TB,0.0
TB1_CCTACTGGTTCCTCCT-1,TB,0.0
TB1_CCTACTTCACCTATAG-1,TB,0.0
TB1_CCTACTTCAGCATGTC-1,TB,0.0
TB1_CCTAGTTGTAGACAAA-1,TB,0.0
TB1_CCTAGTTGTGGGTACT-1,TB,0.0
TB1_CCTATAGCACCTAAGC-1,TB,0.0
TB1_CCTATTGTCAGCCAAT-1,TB,0.0
TB1_CCTATTGTCCGCAAAT-1,TB,0.853633374739297
TB1_CCTATTTAGGCTAATC-1,TB,0.0
TB1_CCTATTTAGGTGAGAC-1,TB,0.0
TB1_CCTCAAACAGCCTGCA-1,TB,0.0
TB1_CCTCAGTTCCCTCTAA-1,TB,1.455743749391762
TB1_CCTCCTCTCACTAATG-1,TB,0.47710115054917757
TB1_CCTCCTCTCGCACACA-1,TB,0.3755334183407659
TB1_CCTCCTGAGGCGCTTA-1,TB,0.0
TB1_CCTCCTGAGTCTGGGC-1,TB,0.6966151306593791
TB1_CCTCCTGAGTTAGAGG-1,TB,0.9221961567888124
TB1_CCTGAATAGGCAGGTG-1,TB,1.3903203283675614
TB1_CCTGAGTCAGCCGCTA-1,TB,0.0
TB1_CCTGAGTCATTGTTGG-1,TB,0.0
TB1_CCTGATGAGGGACGCA-1,TB,0.0
TB1_CCTGATGAGGTCCTGA-1,TB,0.0
TB1_CCTGATGAGTAACCAC-1,TB,1.3396468701999347
TB1_CCTGGATCACAGCCTG-1,TB,0.0
TB1_CCTGGATCACCTACGG-1,TB,0.0
TB1_CCTGGATCAGGACCTT-1,TB,0.0
TB1_CCTGTAACACATTAAC-1,TB,0.0
TB1_CCTGTATGTCCGTGAG-1,TB,2.3978952727983707
TB1_CCTGTATGTTAAGGCC-1,TB,0.0
TB1_CCTGTTGGTATTCGCT-1,TB,0.0
TB1_CCTGTTGGTGATCAGC-1,TB,0.0
TB1_CCTGTTGGTTGTTGTC-1,TB,1.274057019303135
TB1_CCTTAACGTAAAGCGG-1,TB,0.0
TB1_CCTTAACGTAAGCACC-1,TB,0.0
TB1_CCTTAACGTTGCACAA-1,TB,0.0
TB1_CCTTAGTGTCCTTCTC-1,TB,0.0
TB1_CCTTATGTCCGGTTGA-1,TB,1.8507838885722314
TB1_CCTTCAATCAGTTCCC-1,TB,0.0
TB1_CCTTCAGGTGCGCATG-1,TB,0.0
TB1_CCTTCGGTCAATGAGG-1,TB,0.0
TB1_CCTTCGTAGCGAGCGA-1,TB,0.0
TB1_CCTTCGTAGTTGTCCC-1,TB,0.0
TB1_CCTTTAGTCGCAACAT-1,TB,0.0
TB1_CCTTTAGTCTCACTCA-1,TB,0.6153890192227639
TB1_CCTTTAGTCTGTAATG-1,TB,0.0
TB1_CGAAATGAGCTAAAGG-1,TB,0.0
TB1_CGAAATGAGTATTGGC-1,TB,0.6641395392754725
TB1_CGAACAAAGAACCTGT-1,TB,0.0
TB1_CGAACAAAGGTTAGAG-1,TB,0.0
TB1_CGAACCGGTACGCGCA-1,TB,0.0
TB1_CGAAGCCTCATTGCAA-1,TB,0.0
TB1_CGAAGCCTCATTGCGG-1,TB,0.0
TB1_CGAAGCCTCGCAATCG-1,TB,0.0
TB1_CGAAGCCTCGTTTCCA-1,TB,0.0
TB1_CGAAGCGAGACAGGTA-1,TB,0.0
TB1_CGAAGCGAGCGGTTAT-1,TB,0.8960495569293585
TB1_CGAAGCGAGGTGCGGA-1,TB,0.0
TB1_CGAAGCGAGTTATGTG-1,TB,0.0
TB1_CGAAGGCCAATTAACC-1,TB,0.0
TB1_CGACAAGCAGTAGCCT-1,TB,0.0
TB1_CGACCTGCACAATGTT-1,TB,0.6367007005402245
TB1_CGACCTGCATAGCAGG-1,TB,0.9107171961429628
TB1_CGACTAAGTTCCTGAT-1,TB,0.0
TB1_CGACTAAGTTGTTGGA-1,TB,0.0
TB1_CGAGCGAAGCTAATTG-1,TB,0.0
TB1_CGAGCTGGTAGGTGTC-1,TB,0.0
TB1_CGAGGAAGTGCTCCGT-1,TB,0.0
TB1_CGAGGTGAGAGGGACT-1,TB,0.5891767049559273
TB1_CGAGGTGAGGCCAATT-1,TB,1.1863080282112846
TB1_CGATATTCAGCTCAAC-1,TB,0.0
TB1_CGATCCTTCCGTGACA-1,TB,0.0
TB1_CGATCCTTCTATGACA-1,TB,0.43844662898600706
TB1_CGATGTCCAAACTGTT-1,TB,0.0
TB1_CGATGTCCATATAACC-1,TB,0.0
TB1_CGATTCCTCAATTACG-1,TB,0.6759994493991669
TB1_CGATTCCTCATCGTTT-1,TB,0.6498908753938852
TB1_CGATTGAGTCCGTAGG-1,TB,0.0
TB1_CGATTGAGTTACTTCA-1,TB,0.9756505775332748
TB1_CGATTTGCACGAATTT-1,TB,0.0
TB1_CGATTTGCATGCTTAG-1,TB,0.9153617397637104
TB1_CGATTTGCATTAAGTC-1,TB,0.5810058464814452
TB1_CGCAAATTCCACCTGT-1,TB,0.0
TB1_CGCAATAGTGTCCTGC-1,TB,1.8035929324779882
TB1_CGCAATGTCTCCATAT-1,TB,0.0
TB1_CGCAATTAGCCGCAGT-1,TB,0.0
TB1_CGCACAATCCGCAAAT-1,TB,0.0
TB1_CGCACAATCCTTGCAC-1,TB,0.0
TB1_CGCACACAGGGACGCA-1,TB,0.0
TB1_CGCACCACACCATATG-1,TB,1.3858445297990478
TB1_CGCATATAGTAAACCC-1,TB,0.0
TB1_CGCATATAGTGAGAGC-1,TB,0.0
TB1_CGCATGATCAGCACCA-1,TB,0.0
TB1_CGCATGATCGGTAACT-1,TB,0.0
TB1_CGCATTACACGAATTT-1,TB,0.5376902268707298
TB1_CGCATTACATTGTCCT-1,TB,1.056950245156472
TB1_CGCCACACAACAACAA-1,TB,0.0
TB1_CGCCTCATCGCTAGAT-1,TB,1.7122338344291725
TB1_CGCGATTCAATATACC-1,TB,0.0
TB1_CGCGATTCAGCACGAA-1,TB,0.0
TB1_CGCTAACCAACTAGCC-1,TB,0.5128874249569456
TB1_CGCTAACCAATGCCTA-1,TB,1.0255930257910326
TB1_CGCTAATAGATACTTG-1,TB,1.6038613196113825
TB1_CGCTAATAGGTAGCTT-1,TB,0.0
TB1_CGCTCAGCACATGCTA-1,TB,2.0035307571452012
TB1_CGCTCCATCGCTAGTG-1,TB,0.0
TB1_CGCTCCATCTTAGCGG-1,TB,0.0
TB1_CGCTGTGCACATAACT-1,TB,0.834404128536679
TB1_CGCTGTGCACGAACAG-1,TB,0.0
TB1_CGCTGTGCAGCATTAT-1,TB,0.7403224560487383
TB1_CGCTGTGCAGTAAAGC-1,TB,1.162765951236453
TB1_CGCTGTGCATCCCTCA-1,TB,0.0
TB1_CGCTGTGCATGAAGTA-1,TB,0.0
TB1_CGCTTAACATGCTCCC-1,TB,0.0
TB1_CGCTTACTCATGCATA-1,TB,1.2389195372053299
TB1_CGCTTACTCTTGTCTG-1,TB,0.0
TB1_CGCTTCTAGCCTGAGC-1,TB,0.0
TB1_CGCTTGCGTACGCGCA-1,TB,0.0
TB1_CGCTTGCGTTTCGCCA-1,TB,0.9654176296150416
TB1_CGGAATCGTCATGAGC-1,TB,1.1298261523157116
TB1_CGGACAACATCCAGGT-1,TB,0.5571307316493779
TB1_CGGACCTAGGAGCATA-1,TB,0.0
TB1_CGGAGCAAGCGTGCGT-1,TB,0.0
TB1_CGGAGTCTCATGCTAA-1,TB,0.5086220440499153
TB1_CGGAGTCTCCTAGTCC-1,TB,0.0
TB1_CGGAGTCTCTCAATGA-1,TB,0.0
TB1_CGGATAAAGCCTGACA-1,TB,0.0
TB1_CGGATAAAGTACTGGT-1,TB,0.9077957153910202
TB1_CGGATTAGTGCATTTC-1,TB,1.4947927808430914
TB1_CGGCAATGTAACCAGC-1,TB,0.0
TB1_CGGCAATGTCGCGCAA-1,TB,0.42482618815472967
TB1_CGGCCATAGAGGAAGG-1,TB,0.0
TB1_CGGCTAATCTTACTCG-1,TB,0.0
TB1_CGGCTCACAATTGAAG-1,TB,0.0
TB1_CGGCTCACAGCTCAAC-1,TB,0.0
TB1_CGGCTCACATAGACTT-1,TB,0.0
TB1_CGGCTCACATTCCTCG-1,TB,0.0
TB1_CGGTGAGAGGAGGGTT-1,TB,0.4592500497847666
TB1_CGGTGAGAGGTTACAC-1,TB,0.0
TB1_CGGTTATAGAAGCTAG-1,TB,0.0
TB1_CGGTTCCGTAACGGGA-1,TB,0.5596265024316004
TB1_CGGTTCCGTCATGCCC-1,TB,0.0
TB1_CGGTTCCGTTGCAGTA-1,TB,0.0
TB1_CGGTTGGGTGGGTACT-1,TB,0.0
TB1_CGGTTTCTCCCGTTGT-1,TB,0.0
TB1_CGGTTTCTCCGTTATT-1,TB,0.0
TB1_CGGTTTCTCCTTGCGT-1,TB,0.8506643517074249
TB1_CGTAACCCAATTGCGC-1,TB,2.2023073503587205
TB1_CGTAACCCACTAAGCC-1,TB,0.0
TB1_CGTAACTAGCTGGACC-1,TB,0.0
TB1_CGTAATGGTATTGTGG-1,TB,0.8780786506484525
TB1_CGTAATGGTCAGGCCA-1,TB,0.9597655602444668
TB1_CGTAGCGGTTGGTGAC-1,TB,0.9945759006983126
TB1_CGTAGTTAGGCATTGT-1,TB,0.0
TB1_CGTAGTTAGTATGTGC-1,TB,2.126506930258451
TB1_CGTAGTTAGTTGGATC-1,TB,0.0
TB1_CGTAGTTAGTTGTCTT-1,TB,1.8001034237287086
TB1_CGTATTGCACAGAAAC-1,TB,0.9663750234438804
TB1_CGTATTGCAGATTCAT-1,TB,0.0
TB1_CGTCATTGTCATGAGC-1,TB,0.4261863333261684
TB1_CGTCATTGTGTCACGG-1,TB,0.0
TB1_CGTCATTGTTAGCGTA-1,TB,1.6951038444118183
TB1_CGTCCTAGTCCTTCTC-1,TB,0.0
TB1_CGTCCTAGTTCACTGT-1,TB,0.0
TB1_CGTGAGGAGGCCGGAA-1,TB,0.0
TB1_CGTGAGGAGTAGCGCC-1,TB,0.0
TB1_CGTGCACAGACAACAG-1,TB,0.0
TB1_CGTGCACAGATGCCTG-1,TB,0.0
TB1_CGTGCTGCAGAATGAC-1,TB,0.0
TB1_CGTGCTGCAGTCTAAT-1,TB,0.0
TB1_CGTGCTTTCCTCCTAA-1,TB,0.0
TB1_CGTGCTTTCTGTTGCC-1,TB,0.0
TB1_CGTGGTTCAAATATCC-1,TB,0.9393666645440029
TB1_CGTGGTTCAGTGAACG-1,TB,0.0
TB1_CGTGTGTCATTGTCAG-1,TB,0.0
TB1_CGTTAAATCCTGATGG-1,TB,0.0
TB1_CGTTAACAGAAACTGG-1,TB,0.0
TB1_CGTTAACAGGACCTTG-1,TB,0.9048065590122613
TB1_CGTTAACAGTAACAGG-1,TB,0.0
TB1_CGTTAACAGTACCGCA-1,TB,0.522785137215673
TB1_CGTTAGGTCATCCTCA-1,TB,0.0
TB1_CGTTAGGTCATGCCTC-1,TB,0.0
TB1_CGTTAGGTCGGCTAGC-1,TB,0.0
TB1_CGTTAGTAGTGATTCA-1,TB,0.8980277973157929
TB1_CGTTAGTAGTTGCCTC-1,TB,0.0
TB1_CGTTATCGTACGGTAC-1,TB,0.0
TB1_CGTTATCGTGGACATC-1,TB,0.0
TB1_CGTTATCGTTATAGCG-1,TB,0.0
TB1_CGTTATTTCACACAGT-1,TB,0.0
TB1_CGTTATTTCCACCCTG-1,TB,0.5162437188576033
TB1_CGTTATTTCCCGTTTA-1,TB,0.0
TB1_CGTTATTTCTTACTCG-1,TB,0.4236387145319319
TB1_CGTTGCAAGAACCTGT-1,TB,1.6210584434571191
TB1_CGTTGCGCAATGCCTA-1,TB,0.0
TB1_CGTTGCGCACAGACTC-1,TB,0.0
TB1_CGTTTGGAGAGAGCCG-1,TB,0.0
TB1_CGTTTGGAGCTAATCA-1,TB,0.0
TB1_CGTTTGTGTTATCCTA-1,TB,1.6322216481701626
TB1_CTAAATGTCATGGTTA-1,TB,0.9470270037029915
TB1_CTAACCACACCTACGG-1,TB,0.7664319041284378
TB1_CTAACCCTCAATTGGC-1,TB,0.8390037506345203
TB1_CTAACCCTCCGCCTCA-1,TB,0.734125209720207
TB1_CTAACCTGTTAACGAT-1,TB,0.0
TB1_CTAACCTGTTGAATCG-1,TB,0.7691556813019894
TB1_CTAAGGTTCCCTCAAC-1,TB,0.0
TB1_CTAAGGTTCCTCAGTC-1,TB,0.0
TB1_CTAATAGTCGCTATGG-1,TB,0.39400310792599713
TB1_CTAATCCGTTAAATGC-1,TB,0.0
TB1_CTAATCGCAGCACGTT-1,TB,1.008192943252269
TB1_CTAATCTTCACTAGGT-1,TB,0.7821829996679678
TB1_CTAATCTTCTAATCCT-1,TB,0.0
TB1_CTAATTGAGTTTGGTA-1,TB,0.0
TB1_CTACCGGCACTGACCG-1,TB,0.4953464785858258
TB1_CTACCGGCATAGCTGC-1,TB,0.0
TB1_CTACCGGCATCGCTCC-1,TB,0.7182600495128795
TB1_CTACCTCAGGGTGAGT-1,TB,0.6736112804863016
TB1_CTACGAAGTTAGTACG-1,TB,0.0
TB1_CTACTAAAGCTACTGG-1,TB,0.0
TB1_CTACTTAGTAAGCTTG-1,TB,1.9421481747143157
TB1_CTACTTAGTGATTTGG-1,TB,2.039320570494356
TB1_CTACTTAGTTCACCCA-1,TB,0.7543612551627166
TB1_CTAGCGGGTTAGAGGG-1,TB,0.0
TB1_CTAGCGGGTTTCCACG-1,TB,0.0
TB1_CTAGCTGAGAACCTGT-1,TB,1.0560934368357868
TB1_CTAGCTGAGAATCTCA-1,TB,0.0
TB1_CTAGCTGAGACAAGTG-1,TB,0.0
TB1_CTAGCTTGTCACGAAC-1,TB,0.0
TB1_CTAGCTTGTTAACACG-1,TB,0.0
TB1_CTAGGACGTCGACTAA-1,TB,0.0
TB1_CTAGGCGGTAACGGGA-1,TB,0.0
TB1_CTAGGCGGTAGGATCC-1,TB,0.0
TB1_CTAGGCGGTGTGAGAG-1,TB,1.0056571698677712
TB1_CTAGTAATCAAACCGT-1,TB,0.0
TB1_CTAGTAATCCTCAGTC-1,TB,0.40430183419219096
TB1_CTAGTAGGTAAGCTTG-1,TB,0.0
TB1_CTAGTAGGTTACGCGG-1,TB,0.6429690441302484
TB1_CTAGTCGAGCATGAAG-1,TB,0.0
TB1_CTAGTCGAGCTGCACA-1,TB,0.8843723605465775
TB1_CTAGTCGAGGACCTGC-1,TB,0.0
TB1_CTAGTCGAGGCATGAA-1,TB,0.6429690441302484
TB1_CTAGTCGAGGCTTAGT-1,TB,0.0
TB1_CTAGTGAGTGTTAAAC-1,TB,1.606564117848319
TB1_CTATAACCACGTTACA-1,TB,1.2457244763071778
TB1_CTATAACCACTAAGAA-1,TB,0.0
TB1_CTATGACAGGAGCAAC-1,TB,0.3726170865948283
TB1_CTATGACAGGCATGTT-1,TB,1.3256063849191673
TB1_CTATGACAGGCGCATC-1,TB,0.8372911936094531
TB1_CTATGAGGTTAGCCAA-1,TB,0.0
TB1_CTATGATCAAACCTTG-1,TB,0.0
TB1_CTATGATCAACAGCCT-1,TB,2.0596297902544403
TB1_CTATGATCAGAAATGC-1,TB,0.0
TB1_CTATGATCAGGCGATA-1,TB,0.0
TB1_CTATGGCCAGGCTAGA-1,TB,2.193087149934269
TB1_CTATGTTTCCCTCTAA-1,TB,1.2553583037210365
TB1_CTATGTTTCCGGCTAA-1,TB,0.0
TB1_CTATTACTCAGGCTAT-1,TB,1.8076001833253543
TB1_CTATTACTCCTTTACG-1,TB,0.7418168889875516
TB1_CTATTCAGTCTCAGCC-1,TB,0.47545989223670554
TB1_CTATTCAGTGAGGTGA-1,TB,1.5274979183530808
TB1_CTATTCAGTTAGCCAA-1,TB,0.0
TB1_CTATTCAGTTTACTTG-1,TB,0.0
TB1_CTATTGAAGTGCACGC-1,TB,0.6802994581117126
TB1_CTCAATAAGGATTGCT-1,TB,0.8145233143641009
TB1_CTCAATAAGGCATTAC-1,TB,0.0
TB1_CTCACAACATAATGAG-1,TB,0.7304251360855754
TB1_CTCAGGATCAATCTCT-1,TB,0.0
TB1_CTCAGGATCTAAGTCA-1,TB,0.0
TB1_CTCATCATCATCGTTT-1,TB,0.6385721165858229
TB1_CTCATCATCCCTGGAA-1,TB,0.0
TB1_CTCATGACACCTACTT-1,TB,0.0
TB1_CTCATGACATTATGGT-1,TB,0.0
TB1_CTCATGCTCACACAGT-1,TB,0.0
TB1_CTCATTAGTGTAATAC-1,TB,0.0
TB1_CTCATTGTCACTCAAA-1,TB,0.0
TB1_CTCATTGTCCTGGCTT-1,TB,0.0
TB1_CTCATTTAGTCAATCA-1,TB,0.9845422774272081
TB1_CTCCAAACATTAAAGG-1,TB,0.6853884996487585
TB1_CTCCAACTCATCCTCA-1,TB,0.0
TB1_CTCCAACTCCGTAAAC-1,TB,1.3388156079949889
TB1_CTCCAACTCGCGCTAA-1,TB,0.0
TB1_CTCCATCAGAGGAAGG-1,TB,0.0
TB1_CTCCATCAGATACTTG-1,TB,0.7891343345340799
TB1_CTCCATCAGATGGAGC-1,TB,0.9629579578729234
TB1_CTCCATCAGTCCTTCA-1,TB,0.0
TB1_CTCCCTGAGGCACAGG-1,TB,0.0
TB1_CTCCCTGAGGTCATTA-1,TB,0.4407047339686518
TB1_CTCCCTGAGGTGAAGC-1,TB,0.0
TB1_CTCCGGACAAGGTGCA-1,TB,0.3788010099577154
TB1_CTCCGGACAGCCTTGG-1,TB,1.1625644714716736
TB1_CTCCGGACATAGACCC-1,TB,0.0
TB1_CTCCGTCCAACTAACT-1,TB,1.3571667988296747
TB1_CTCCGTCCACGGTTTA-1,TB,0.0
TB1_CTCCGTCCACTTCACT-1,TB,0.0
TB1_CTCCGTCCATTCCTCG-1,TB,0.0
TB1_CTCCTAATCATCCTGC-1,TB,0.7858699524153029
TB1_CTCCTCACAAGCTTTG-1,TB,0.0
TB1_CTCCTCACAGGATAAC-1,TB,0.0
TB1_CTCCTGAGTACCCACC-1,TB,0.0
TB1_CTCGCTAGTTTGCTGT-1,TB,0.0
TB1_CTCGTTATCATTAGTG-1,TB,0.0
TB1_CTCGTTATCCGCAAGC-1,TB,1.595975028435693
TB1_CTCGTTATCGCAACAT-1,TB,1.5800194241722987
TB1_CTCTATGTCCTAATAG-1,TB,1.6987198881415502
TB1_CTCTATGTCCTAGTAA-1,TB,0.8937817664656984
TB1_CTCTATGTCGTTACTT-1,TB,0.0
TB1_CTCTATGTCTTAATGG-1,TB,1.0503795899038049
TB1_CTCTCACAGACACCGC-1,TB,0.0
TB1_CTCTCACAGTTAGAGG-1,TB,1.2989339998164717
TB1_CTCTGTTCAACACTTG-1,TB,0.0
TB1_CTCTGTTCACAACAGG-1,TB,0.0
TB1_CTCTGTTCAGATTCAT-1,TB,0.0
TB1_CTCTTGATCGGTTTCC-1,TB,0.0
TB1_CTGAAACTCCAAGTGT-1,TB,0.0
TB1_CTGACATAGGCTGTCA-1,TB,0.8996257632193572
TB1_CTGACATAGTTAACCA-1,TB,0.0
TB1_CTGACCAAGCCTAATA-1,TB,0.0
TB1_CTGACCAAGCTTAGCG-1,TB,0.0
TB1_CTGACCAAGTGCTGTG-1,TB,0.8265901903097976
TB1_CTGATCACACAGAAAC-1,TB,0.48734177542739876
TB1_CTGATCACATCGCTCC-1,TB,0.0
TB1_CTGCAATAGGCTGTCA-1,TB,0.0
TB1_CTGCTATGTGCACGCA-1,TB,0.8685468267331184
TB1_CTGCTATGTTACTTGC-1,TB,0.0
TB1_CTGCTCCCAAGGTCCT-1,TB,0.5030807701410327
TB1_CTGCTCCCAGCAACAG-1,TB,0.0
TB1_CTGGACCAGCTCCCTG-1,TB,0.0
TB1_CTGGACCAGGTAAGCA-1,TB,0.0
TB1_CTGGATGTCTTGTCTG-1,TB,0.0
TB1_CTGGCTAAGTTACTTC-1,TB,0.8270966535584684
TB1_CTGGCTTTCACTCGCT-1,TB,0.0
TB1_CTGGCTTTCGTTCACC-1,TB,0.0
TB1_CTGGTAAGTAATGGAA-1,TB,0.9355390543720362
TB1_CTGGTAAGTGAAGCCT-1,TB,0.0
TB1_CTGGTAAGTGGAAACG-1,TB,1.222703544575353
TB1_CTGGTTACAGCTCATA-1,TB,0.0
TB1_CTGGTTACATTAGGCC-1,TB,0.0
TB1_CTGGTTTGTCAGGCCA-1,TB,0.6070463016756455
TB1_CTGGTTTGTGTTTGCT-1,TB,0.0
TB1_CTGTACCTCCTAGTTT-1,TB,0.0
TB1_CTGTACCTCGCATCCT-1,TB,0.0
TB1_CTGTACCTCGTTTCTG-1,TB,1.71173777326855
TB1_CTGTGTGAGCTCGCTT-1,TB,0.0
TB1_CTGTTAAAGAACCTAC-1,TB,0.0
TB1_CTGTTCATCTATTGTC-1,TB,0.0
TB1_CTGTTGGAGTTAGTTG-1,TB,0.6189469149128493
TB1_CTGTTTAGTCACAGAC-1,TB,0.0
TB1_CTTAACAAGACACTTA-1,TB,0.0
TB1_CTTAAGGGTGAATCGC-1,TB,0.0
TB1_CTTAAGGGTTAGCTGA-1,TB,0.0
TB1_CTTAATGAGAATCTCA-1,TB,1.423013462082771
TB1_CTTAATGAGCTGTCAG-1,TB,0.0
TB1_CTTACCGGTCTTGCTG-1,TB,0.0
TB1_CTTACCTCAGTTTCTC-1,TB,1.4630763631270385
TB1_CTTACCTCATTGTCCT-1,TB,0.0
TB1_CTTACTAGTGCTCCGT-1,TB,0.5763234243002721
TB1_CTTAGGAGTGTGTCCC-1,TB,0.6576853257533876
TB1_CTTATTGGTTAGGCTA-1,TB,0.0
TB1_CTTCAAGCAAAGCTAA-1,TB,0.6293270062044973
TB1_CTTCAAGCAGTAAGTA-1,TB,0.0
TB1_CTTCAAGCATCCTAGA-1,TB,0.9986732135939076
TB1_CTTCAATTCAATGAGG-1,TB,0.0
TB1_CTTCACTCAATGCCTA-1,TB,0.0
TB1_CTTCAGGAGTGGACAA-1,TB,0.0
TB1_CTTCATCCAAACTAAG-1,TB,0.0
TB1_CTTCATCCACCTCACC-1,TB,0.0
TB1_CTTCTAAGTGACCTGG-1,TB,0.0
TB1_CTTCTAAGTTGCGGAT-1,TB,0.0
TB1_CTTCTCAAGACACCGC-1,TB,0.0
TB1_CTTCTCAAGGCGCATC-1,TB,0.0
TB1_CTTGAACAGTTGTCAA-1,TB,0.0
TB1_CTTGAATCAGCACGAA-1,TB,0.5243274994710767
TB1_CTTGACGAGAGAGCCG-1,TB,1.3978420521481472
TB1_CTTGACGAGCGTGCGT-1,TB,0.0
TB1_CTTGCAACACCTACGG-1,TB,0.0
TB1_CTTGCATGTGCAATGC-1,TB,0.0
TB1_CTTGCATGTTAACACG-1,TB,0.0
TB1_CTTGCGCGTACCAGGT-1,TB,0.0
TB1_CTTGCGCGTATACTGG-1,TB,0.8031621990978517
TB1_CTTGCTCAGGCTGTGC-1,TB,0.0
TB1_CTTGCTCAGTTAGACC-1,TB,0.0
TB1_CTTGGACCAATTGCGC-1,TB,0.8714748621708901
TB1_CTTGGACCATAAGGAC-1,TB,0.6916505477038828
TB1_CTTGTAAAGGCGAAAC-1,TB,0.0
TB1_CTTGTAAAGGCGGGTA-1,TB,0.0
TB1_CTTGTAAAGTTTGGGT-1,TB,0.0
TB1_CTTGTCCAGGACTAAG-1,TB,0.0
TB1_CTTGTCCAGGCGTAAA-1,TB,0.0
TB1_CTTGTCCAGTGAGCAA-1,TB,0.0
TB1_CTTGTTTAGCAAACCT-1,TB,0.9678908678522468
TB1_CTTGTTTAGCACTAAC-1,TB,0.0
TB1_CTTGTTTAGTCGCTAG-1,TB,0.0
TB1_CTTGTTTAGTTAACCA-1,TB,0.6516015180453486
TB1_CTTTAGGCAACAGGTG-1,TB,0.0
TB1_CTTTAGGCAGTTTACG-1,TB,0.0
TB1_CTTTAGTTCCAGGAAA-1,TB,0.0
TB1_CTTTATCAGTCTTGAA-1,TB,0.3801856480554531
TB1_CTTTATGGTCGTAATG-1,TB,0.0
TB1_CTTTATGGTTCACTGT-1,TB,0.0
TB1_CTTTCTTGTCAAAGAA-1,TB,0.54919026892223
TB1_CTTTCTTGTGGATTAT-1,TB,0.0
TB1_CTTTGAGCACAGCCTG-1,TB,0.0
TB1_CTTTGAGCACCTCAGG-1,TB,0.0
TB1_CTTTGGGAGGGCCACT-1,TB,0.0
TB1_CTTTGGGAGTTTGGGT-1,TB,0.0
TB1_CTTTGGTGTCAAGTAT-1,TB,0.0
TB1_CTTTGGTGTCATCATC-1,TB,0.0
TB1_CTTTGGTGTCATGCAA-1,TB,0.745755399528805
TB1_CTTTGGTGTCCTAAGA-1,TB,0.0
TB1_CTTTGGTGTTGGTTCT-1,TB,0.0
TB1_CTTTGGTGTTTGCGCC-1,TB,0.0
TB1_CTTTGTCCAAACTGCC-1,TB,0.0
TB1_CTTTGTCCACTAGCGT-1,TB,1.107490474506345
TB1_GAAACCCGTAAAGCGG-1,TB,0.0
TB1_GAAACTGAGGTCATTA-1,TB,0.0
TB1_GAAAGCCAGTTTGCGG-1,TB,0.0
TB1_GAAAGGCTCGCGACAC-1,TB,1.1231337003681556
TB1_GAAAGGCTCGCTAAAC-1,TB,0.0
TB1_GAAAGGCTCGGCTAGC-1,TB,1.0718782802338713
TB1_GAAAGGCTCTGCAAAC-1,TB,0.0
TB1_GAACACAAGAGCAAGC-1,TB,1.1394172834688598
TB1_GAACACAAGGATTTGC-1,TB,0.7027845871331878
TB1_GAACACAAGGTTAGAG-1,TB,0.0
TB1_GAACCAAAGCCAGGTC-1,TB,0.9509726802510949
TB1_GAACCAAAGTATGTGC-1,TB,0.0
TB1_GAACCAGCAACACTTG-1,TB,0.0
TB1_GAACCAGCAAGTAAGC-1,TB,1.2566155710762303
TB1_GAACCAGCACAGACTC-1,TB,0.0
TB1_GAACCAGCAGCCAGTT-1,TB,0.0
TB1_GAACCAGCAGGCTTGT-1,TB,0.0
TB1_GAACCGCTCAATGTGC-1,TB,0.0
TB1_GAACCGCTCAGTATTG-1,TB,1.31727545847364
TB1_GAACCGCTCCGCTAGA-1,TB,1.2035179964744103
TB1_GAACCGCTCTCATCAT-1,TB,0.6847053956757365
TB1_GAACCTGTCATTAGTG-1,TB,0.0
TB1_GAACCTGTCGTTCACC-1,TB,0.0
TB1_GAACCTTAGATGGAGC-1,TB,0.0
TB1_GAACCTTAGCCACATG-1,TB,0.0
TB1_GAACCTTAGCTATATG-1,TB,0.0
TB1_GAACCTTAGCTTATGA-1,TB,0.49559703431284596
TB1_GAACCTTAGGAAACTG-1,TB,0.550274895772055
TB1_GAACGAATCATTAGGC-1,TB,0.0
TB1_GAACTTATCATTACTC-1,TB,0.0
TB1_GAACTTATCGGGCCAT-1,TB,0.0
TB1_GAAGCCTGTAGTTAAC-1,TB,0.9085904961186904
TB1_GAAGCCTGTGAGCACT-1,TB,0.0
TB1_GAAGCCTGTTAGGCTA-1,TB,0.7343507154674098
TB1_GAAGCTAAGTAAGTGG-1,TB,0.0
TB1_GAAGCTAAGTTAGAGG-1,TB,0.0
TB1_GAAGGAACAAAGCTCC-1,TB,0.7412988720180956
TB1_GAAGGAACACTAAATC-1,TB,0.7213430187449853
TB1_GAAGGAACACTAAGAA-1,TB,1.3021345276771745
TB1_GAAGGATGTCAAAGGG-1,TB,0.0
TB1_GAAGGATGTCAGGCAT-1,TB,1.0861472396312095
TB1_GAAGGCCCACAGGAAT-1,TB,0.6160345482699776
TB1_GAAGGCTAGTTATGTG-1,TB,0.0
TB1_GAAGTATAGTCGCTAG-1,TB,0.0
TB1_GAAGTCAAGTCCTTCA-1,TB,0.6601157826663268
TB1_GAAGTGATCCTAAGTA-1,TB,0.0
TB1_GACAATACAAGATTCT-1,TB,0.0
TB1_GACAATACAAGGAATC-1,TB,0.0
TB1_GACAATACATAATTGC-1,TB,0.8290563122296278
TB1_GACACCGGTTAGCTGA-1,TB,0.0
TB1_GACCGAACAATAGCCC-1,TB,0.0
TB1_GACCGAACAATATACC-1,TB,1.79510060163789
TB1_GACCTAAGTTAGGATT-1,TB,0.0
TB1_GACCTAGTCATGTTTC-1,TB,0.6426269531286114
TB1_GACCTAGTCCACCTGT-1,TB,0.0
TB1_GACCTAGTCTCGCCCA-1,TB,0.0
TB1_GACCTGATCTGTTCAT-1,TB,1.5164862577984932
TB1_GACCTTTGTAATCGTG-1,TB,0.0
TB1_GACGCAACATGATTGT-1,TB,0.0
TB1_GACGCCTAGCCTGGTA-1,TB,0.0
TB1_GACGCCTAGCGCATTG-1,TB,1.9253244191554888
TB1_GACGCCTAGTCATTAG-1,TB,0.0
TB1_GACTAATGTTCGGTAA-1,TB,0.0
TB1_GACTATTCAGCATGGA-1,TB,0.0
TB1_GACTTACAGTGATTCA-1,TB,1.755610465645426
TB1_GACTTAGGTGTCCAGG-1,TB,0.0
TB1_GACTTGGTCTTGGACG-1,TB,0.0
TB1_GAGAACCAGTCATTTC-1,TB,0.0
TB1_GAGAACCAGTTATCTC-1,TB,0.0
TB1_GAGAGGCGTTCCAGGG-1,TB,0.0
TB1_GAGAGGCGTTGCAGTA-1,TB,1.478375114134234
TB1_GAGAGGCGTTGGATAT-1,TB,1.5749880263928542
TB1_GAGAGGCGTTTACTTG-1,TB,0.0
TB1_GAGAGGCGTTTCAGGA-1,TB,0.0
TB1_GAGATAAGTGTGCAAC-1,TB,0.0
TB1_GAGCAAGGTAATGACT-1,TB,0.0
TB1_GAGCATGCACCACAAC-1,TB,0.0
TB1_GAGCATGCACGTGCTG-1,TB,0.6442982124180618
TB1_GAGCATGCATAAGTCT-1,TB,0.0
TB1_GAGCATGCATTAGGTT-1,TB,1.4949269304267587
TB1_GAGCATGCATTGGGAG-1,TB,0.0
TB1_GAGCCACTCACCTGCT-1,TB,0.0
TB1_GAGCCTTCAACCTGGT-1,TB,1.0608041591500164
TB1_GAGCGATAGGTAAGGC-1,TB,0.0
TB1_GAGCGGTCACGGTTTA-1,TB,0.0
TB1_GAGCGGTCATGCTATG-1,TB,0.6741063877055159
TB1_GAGCTAGCAAACTGCC-1,TB,1.348376733195344
TB1_GAGCTAGCAATCCTAG-1,TB,0.6061358035703156
TB1_GAGCTTGTCCAGGTTG-1,TB,0.0
TB1_GAGCTTGTCTTGGACG-1,TB,0.0
TB1_GAGGACTAGGAACACA-1,TB,0.0
TB1_GAGGACTAGTAGCTTA-1,TB,0.0
TB1_GAGGAGGCAATTAGGA-1,TB,0.0
TB1_GAGGCAAGTCATTGTC-1,TB,0.0
TB1_GAGGCAAGTCCGCTGT-1,TB,0.0
TB1_GAGGCAAGTCGCAAAC-1,TB,0.0
TB1_GAGGCCTTCAAGACTC-1,TB,0.7252769850022156
TB1_GAGGCCTTCATTACTC-1,TB,0.7561554038037066
TB1_GAGGCTACAAGACTCC-1,TB,0.0
TB1_GAGGCTTGTGAACAAA-1,TB,0.0
TB1_GAGGTACAGATAGACG-1,TB,0.0
TB1_GAGGTACAGCAGCTCA-1,TB,0.0
TB1_GAGGTACAGCTATTGA-1,TB,0.40902993448293695
TB1_GAGGTGAGTTCCTGAT-1,TB,0.0
TB1_GAGGTTAAGGTGTCCA-1,TB,0.0
TB1_GAGGTTAAGTATTGTG-1,TB,0.0
TB1_GAGTAACCACGGTTTA-1,TB,0.7880866346098497
TB1_GAGTAATAGCGCTAAT-1,TB,0.0
TB1_GAGTAATAGGAACCGG-1,TB,1.8406800419339622
TB1_GAGTATCTCTTTAAGG-1,TB,0.0
TB1_GAGTCATTCAATTGGC-1,TB,0.6618372917772966
TB1_GAGTCATTCCCGAACA-1,TB,0.849436898635953
TB1_GAGTGAGGTACAATGT-1,TB,0.636281716570124
TB1_GAGTGAGGTACTGAAT-1,TB,0.0
TB1_GAGTGAGGTTTGGGTA-1,TB,0.0
TB1_GAGTGATCACCTCAGG-1,TB,1.2681826601941468
TB1_GAGTGTTTCAAGACTC-1,TB,0.0
TB1_GAGTGTTTCCTCCCTC-1,TB,0.9097411401371136
TB1_GAGTTGCGTCATTGAG-1,TB,1.3877210555612502
TB1_GAGTTGCGTGCTCCAC-1,TB,0.0
TB1_GAGTTGCGTGTTAGCA-1,TB,0.0
TB1_GAGTTTGGTTAGTTGG-1,TB,0.0
TB1_GAGTTTGGTTATCGAG-1,TB,0.0
TB1_GAGTTTGGTTCATCTA-1,TB,0.8065112960782934
TB1_GATAAAGGTTTGTGGA-1,TB,0.7313744567443199
TB1_GATAACGAGCTACTGG-1,TB,1.1298261523157116
TB1_GATAACGAGTAACAGG-1,TB,0.0
TB1_GATAAGCCAGCATTAT-1,TB,0.0
TB1_GATAAGCCATCTTGAG-1,TB,0.0
TB1_GATAATCGTCAAGTGC-1,TB,0.891017156998354
TB1_GATAATCGTTTATTCG-1,TB,0.0
TB1_GATAGACCAACACCTA-1,TB,0.0
TB1_GATCAGGCAAGACTCC-1,TB,1.0412813569290011
TB1_GATCAGGCAATCTCTC-1,TB,1.7369520566772065
TB1_GATCAGGCAATTAACC-1,TB,0.0
TB1_GATCAGGCAGCCAGAA-1,TB,0.0
TB1_GATCAGTTCTATGACA-1,TB,1.5057518193944692
TB1_GATCCGTCAAATTGCT-1,TB,0.0
TB1_GATCGAGCAAGTTATC-1,TB,0.0
TB1_GATCGAGCACCAAAGG-1,TB,1.1146525155257974
TB1_GATCGATTCACCTGTC-1,TB,0.8856677550805505
TB1_GATCGATTCTGGTCCT-1,TB,0.0
TB1_GATCGATTCTTAGTGA-1,TB,0.0
TB1_GATCGCTCAATAATCC-1,TB,0.9070904889109339
TB1_GATCGCTCACTTGTTC-1,TB,0.44390608518552155
TB1_GATCGCTCAGGCAAGC-1,TB,1.483492823303611
TB1_GATGACTTCCGGTATG-1,TB,0.6562537821515968
TB1_GATGAGGGTAATGGCC-1,TB,0.0
TB1_GATGCAGCACCTGCCT-1,TB,0.0
TB1_GATGCAGCACGGTTTA-1,TB,0.0
TB1_GATGCAGCAGTCTAAT-1,TB,0.7024759847784481
TB1_GATGCATTCACACAGT-1,TB,0.0
TB1_GATGCATTCCTCCTAA-1,TB,1.2933502881610903
TB1_GATGCGACAAATTCGT-1,TB,0.0
TB1_GATGCGACACACCAAC-1,TB,0.0
TB1_GATGCGACACCTCACC-1,TB,0.0
TB1_GATGCTTAGAGAGCCG-1,TB,1.1953391909166884
TB1_GATGCTTAGGAACGGT-1,TB,0.0
TB1_GATGCTTAGGTATTGC-1,TB,0.0
TB1_GATGCTTAGGTGTTAC-1,TB,0.0
TB1_GATGGACAGCATGCAT-1,TB,0.7238512321781556
TB1_GATGGACAGCATGTTA-1,TB,0.0
TB1_GATTAAGCAGCAAGTG-1,TB,0.0
TB1_GATTACGGTCCAAATG-1,TB,0.0
TB1_GATTACGGTTGTTGGA-1,TB,0.0
TB1_GATTACGGTTTGCTGT-1,TB,0.0
TB1_GATTACTCACAAAGAC-1,TB,0.0
TB1_GATTACTCACAGAACG-1,TB,2.259294358959868
TB1_GATTACTCACTATGGC-1,TB,0.0
TB1_GATTAGCTCCTAGTCC-1,TB,0.0
TB1_GATTAGTGTTGTTGGA-1,TB,0.0
TB1_GATTATGTCGAGGTGG-1,TB,0.0
TB1_GATTCAATCCTCACTA-1,TB,1.0013887935053456
TB1_GATTCAGGTAGGTTGC-1,TB,0.7265982765645091
TB1_GATTCAGGTCCTCCAA-1,TB,0.0
TB1_GATTCATCAACCGCCA-1,TB,0.0
TB1_GATTCCTGTAATTAGC-1,TB,0.6916505477038828
TB1_GATTCCTGTATTTGGG-1,TB,0.0
TB1_GATTCGCCATAATGAG-1,TB,0.0
TB1_GATTCGCCATGCTATG-1,TB,1.5096531202689807
TB1_GATTCGCCATTCCTGT-1,TB,0.0
TB1_GATTGATGTCCGTAGG-1,TB,0.0
TB1_GATTGATGTTTAACGG-1,TB,0.0
TB1_GATTGCAGTACCCACC-1,TB,0.0
TB1_GATTGCAGTAGCCTAA-1,TB,0.8562347457535775
TB1_GATTGCAGTTTCGCGC-1,TB,0.0
TB1_GATTGCGTCATCGTTT-1,TB,0.0
TB1_GATTGCGTCCCATAAA-1,TB,2.077431641310947
TB1_GATTTGCAGAGGAGTC-1,TB,0.0
TB1_GATTTGCAGCGAGTAA-1,TB,0.0
TB1_GATTTGCAGTGTTGCG-1,TB,0.0
TB1_GCAAACAAGACAAGTG-1,TB,0.0
TB1_GCAAACAAGTTGTCTT-1,TB,0.0
TB1_GCAAACCGTGCGCATG-1,TB,0.0
TB1_GCAAACCGTTAAGTGT-1,TB,0.0
TB1_GCAAACCGTTTGGGCG-1,TB,0.0
TB1_GCAAACTTCAATGTGC-1,TB,0.0
TB1_GCAAACTTCATGTCAA-1,TB,0.0
TB1_GCAAACTTCCCGAACA-1,TB,0.5668571221439691
TB1_GCAAACTTCCCGTTTA-1,TB,0.0
TB1_GCAACAGCATTGTGAT-1,TB,0.0
TB1_GCAACAGCATTGTGGC-1,TB,1.1820059557151834
TB1_GCAAGCCTCATTGCGG-1,TB,0.0
TB1_GCAAGCCTCTCGCCCA-1,TB,0.0
TB1_GCAAGCCTCTGTGCCT-1,TB,0.0
TB1_GCAAGTCGTAGCTAAT-1,TB,0.0
TB1_GCAAGTCGTTTGGCGG-1,TB,0.0
TB1_GCAAGTGCAACTGGGA-1,TB,0.0
TB1_GCAAGTGCAGCCTAAC-1,TB,0.4755290083718561
TB1_GCAAGTGCAGTAGGTG-1,TB,0.0
TB1_GCAATAGAGCACTAAC-1,TB,0.95003157711785
TB1_GCAATAGAGCGGATTT-1,TB,0.0
TB1_GCAATAGAGGAACCAA-1,TB,0.0
TB1_GCAATAGAGGAGCATA-1,TB,0.0
TB1_GCAATAGAGTGACCTG-1,TB,0.0
TB1_GCAATATGTAGCTGCG-1,TB,0.0
TB1_GCAATCTAGCACGATT-1,TB,1.3430360690816026
TB1_GCAATCTAGGCAATAG-1,TB,2.29994560588052
TB1_GCAATCTAGGTGTTAC-1,TB,0.0
TB1_GCAATGAAGCAGGTTT-1,TB,0.0
TB1_GCAATGAAGGACGTAA-1,TB,1.1050535347709667
TB1_GCAATGAAGGAGCAAC-1,TB,0.0
TB1_GCAATGAAGGCAGGTG-1,TB,0.0
TB1_GCAATGAAGTAACAGG-1,TB,0.0
TB1_GCAATGAAGTAACCCG-1,TB,0.6831978299062577
TB1_GCACATTAGCAAGATG-1,TB,0.0
TB1_GCACATTAGGCTACTG-1,TB,0.0
TB1_GCACCTAAGCAACATC-1,TB,0.0
TB1_GCACGAACAAAGCGCA-1,TB,0.9310922533406877
TB1_GCACGAACAATGAAGC-1,TB,0.0
TB1_GCACGAACAATTGACT-1,TB,1.7805972548586166
TB1_GCACGAACAGGGAGCT-1,TB,0.0
TB1_GCACGCTAGGCTGTCA-1,TB,0.7413563921077794
TB1_GCACGGTTCAGGAACA-1,TB,1.9254495096852318
TB1_GCACTAAGTCGCGCAA-1,TB,0.7206916808895197
TB1_GCACTTACAGCACGAA-1,TB,1.3386079769814616
TB1_GCACTTACAGGAACCA-1,TB,0.0
TB1_GCAGCAACAACACCTA-1,TB,0.0
TB1_GCAGCAACACGGTACT-1,TB,0.0
TB1_GCAGCCAGTCAGGAAG-1,TB,0.0
TB1_GCAGGAAGTTTCGCGC-1,TB,0.0
TB1_GCAGGACCATAATCAC-1,TB,0.0
TB1_GCAGGATAGCAAGACA-1,TB,0.0
TB1_GCAGGATAGGCCTTAG-1,TB,0.0
TB1_GCAGGATAGTTATTCC-1,TB,0.9724692947339149
TB1_GCAGGCAAGCTGCACA-1,TB,1.14727961026015
TB1_GCAGGCTTCAAACCGT-1,TB,0.6423706318241484
TB1_GCAGGCTTCAATTGGC-1,TB,0.0
TB1_GCAGGCTTCGGCTATG-1,TB,0.8475264971415577
TB1_GCAGGTTGTTACATCC-1,TB,1.9710228952598863
TB1_GCATATATCATGCTTT-1,TB,0.5991737074901653
TB1_GCATGAAAGTAACGGA-1,TB,1.017009357536722
TB1_GCATTAGGTAACCACA-1,TB,0.0
TB1_GCATTGCCAATTGAGA-1,TB,0.0
TB1_GCATTGCCAGGCATGA-1,TB,0.0
TB1_GCATTGCCAGGCGAGT-1,TB,0.0
TB1_GCATTGCCATCAGCAC-1,TB,0.0
TB1_GCCAATAGTCTTTGAC-1,TB,0.47440266870405
TB1_GCCAATAGTTAAGGCC-1,TB,0.0
TB1_GCCAATAGTTCCAGGG-1,TB,2.2638301271246
TB1_GCCAATTAGTCCTTCA-1,TB,0.0
TB1_GCCACAATCCTCAGTC-1,TB,0.0
TB1_GCCACACAGCAAGGGT-1,TB,0.0
TB1_GCCACACAGCACAGGG-1,TB,0.496752930008863
TB1_GCCACACAGCCTGAGC-1,TB,0.0
TB1_GCCACACAGGCTAGAA-1,TB,0.0
TB1_GCCACACAGGTTACAC-1,TB,0.0
TB1_GCCACACAGTGTTGTA-1,TB,0.0
TB1_GCCACTAAGCGTGCAC-1,TB,0.0
TB1_GCCACTAAGCTCGCTT-1,TB,0.0
TB1_GCCACTAAGGAACACA-1,TB,0.0
TB1_GCCAGGAAGCCTGTGA-1,TB,0.7922950843727156
TB1_GCCAGGTTCAAGGACA-1,TB,0.8163500941619515
TB1_GCCAGGTTCATTAGCA-1,TB,0.7197710492721169
TB1_GCCATGATCATCAGTA-1,TB,1.4954101042153098
TB1_GCCATTACAAACGGGC-1,TB,0.0
TB1_GCCATTACAAGTGTTT-1,TB,0.8308064876665291
TB1_GCCATTACAATTGCGC-1,TB,0.48275934662086084
TB1_GCCATTACAGGCGATA-1,TB,0.0
TB1_GCCCAAATCAGGAAGC-1,TB,0.8699410763532213
TB1_GCCCAAATCCAGGTCA-1,TB,0.0
TB1_GCCCAAATCCCATAGG-1,TB,0.0
TB1_GCCCAAATCCTCACAC-1,TB,0.9447148563042724
TB1_GCCCATAAGACTCGCA-1,TB,0.5032876356645577
TB1_GCCCATAAGAGAAGGG-1,TB,0.0
TB1_GCCCATAAGGTGTCCA-1,TB,0.0
TB1_GCCCATAAGTAACCCG-1,TB,0.0
TB1_GCCCATAAGTATCGCG-1,TB,0.0
TB1_GCCCGTTGTCATTACC-1,TB,0.0
TB1_GCCCGTTGTTGTTGTC-1,TB,1.1041090178853272
TB1_GCCGTGAGTCGTAATG-1,TB,0.0
TB1_GCCTATTGTATTACCC-1,TB,0.5633157204229661
TB1_GCCTATTGTGCTCCAC-1,TB,0.0
TB1_GCCTATTGTTATCGAG-1,TB,1.1363917919329258
TB1_GCCTCAAAGCTTTGGG-1,TB,0.0
TB1_GCCTCGACACCTGGTG-1,TB,0.0
TB1_GCCTCGACATTCAGCA-1,TB,0.0
TB1_GCCTGACAGTTTCCGC-1,TB,0.0
TB1_GCCTGAGGTTGCAATG-1,TB,0.0
TB1_GCCTGCTGTAAGTCGC-1,TB,1.1509604259800887
TB1_GCCTGCTGTCATTGAG-1,TB,0.0
TB1_GCCTGCTGTTGCTTCG-1,TB,0.0
TB1_GCCTTAACAACAGCCT-1,TB,1.5844729231518675
TB1_GCCTTAACACCTACGG-1,TB,0.0
TB1_GCCTTAACACTTACAG-1,TB,0.0
TB1_GCCTTAACAGAACCGA-1,TB,0.0
TB1_GCCTTAACATACTCCT-1,TB,0.0
TB1_GCCTTGCGTAAAGCGG-1,TB,0.0
TB1_GCCTTTGGTGCATTTC-1,TB,0.0
TB1_GCCTTTGGTGTTAGCA-1,TB,0.0
TB1_GCGAAGCCAAACATAG-1,TB,1.0791320021121822
TB1_GCGAAGCCACTAAATC-1,TB,0.0
TB1_GCGAGTGAGTTGTCAA-1,TB,0.0
TB1_GCGATATTCTTTAGGA-1,TB,0.0
TB1_GCGATTAGTAATAGCT-1,TB,0.0
TB1_GCGATTAGTTTCCGGC-1,TB,0.0
TB1_GCGATTTAGGGACCTC-1,TB,0.7200956978688373
TB1_GCGATTTAGTCAGGCC-1,TB,0.0
TB1_GCGCAAACAATCTCTC-1,TB,0.0
TB1_GCGCAAACAGGCCAAA-1,TB,0.7545999597736089
TB1_GCGCAAACATGAGTTT-1,TB,0.0
TB1_GCGCAATGTCAATGTG-1,TB,0.6009173492264214
TB1_GCGCCTTGTACGGGTT-1,TB,0.0
TB1_GCGCCTTGTTAGCATG-1,TB,1.1381184656000154
TB1_GCGCCTTGTTGGCCGA-1,TB,0.0
TB1_GCGCGATTCGCACACA-1,TB,0.6850955675003091
TB1_GCGCGATTCTTAAGTG-1,TB,0.0
TB1_GCGCTTAAGGACCTCA-1,TB,0.0
TB1_GCGCTTGCAGCAGGTA-1,TB,0.0
TB1_GCGGAACCAGCTAATT-1,TB,0.0
TB1_GCGGAACCATACTCCT-1,TB,0.0
TB1_GCGGATACATAAGCAA-1,TB,1.0149858741952311
TB1_GCGGGTTTCAAGTGAG-1,TB,0.0
TB1_GCGGGTTTCACTAATG-1,TB,1.064046190520922
TB1_GCGGGTTTCCTAAGAC-1,TB,1.5986458699035364
TB1_GCGGTTATCGCAAACT-1,TB,3.7077363257833076
TB1_GCGGTTATCGGTTTGG-1,TB,0.0
TB1_GCGGTTGGTGCATTTC-1,TB,0.0
TB1_GCGGTTGGTTGTTCAC-1,TB,1.254014376492492
TB1_GCGTAACGTGCACGCA-1,TB,0.0
TB1_GCGTAACGTTCACCAT-1,TB,0.0
TB1_GCGTGCTAGCCTGTTC-1,TB,1.3417302081496476
TB1_GCGTGCTAGGCATGTT-1,TB,0.0
TB1_GCGTTTCTCTGTTCAT-1,TB,0.6759045342900303
TB1_GCGTTTCTCTTAGGAC-1,TB,0.0
TB1_GCTAACAGTATTGTGG-1,TB,0.0
TB1_GCTAACAGTTACATCC-1,TB,1.4466513937223966
TB1_GCTAACAGTTTATCGC-1,TB,0.0
TB1_GCTAACAGTTTGAGCA-1,TB,0.0
TB1_GCTAACCCAAGGCCAA-1,TB,0.0
TB1_GCTAACCCATGAGCAG-1,TB,0.0
TB1_GCTAAGAAGGACAATG-1,TB,0.0
TB1_GCTAAGAAGGTATTGC-1,TB,0.0
TB1_GCTAAGCGTATTCGCT-1,TB,0.0
TB1_GCTAAGCGTCTCACTG-1,TB,0.0
TB1_GCTAATATCACTTTAC-1,TB,0.0
TB1_GCTAATATCCACAATA-1,TB,0.8890153896100832
TB1_GCTAATATCTCATCAT-1,TB,0.46112520889827746
TB1_GCTAGCCAGGGTGGAT-1,TB,0.0
TB1_GCTAGCGGTACGCGCA-1,TB,0.0
TB1_GCTAGTGTCATTTAGG-1,TB,0.0
TB1_GCTAGTGTCTAATTGG-1,TB,0.0
TB1_GCTATCCTCCCGCAAA-1,TB,0.0
TB1_GCTATCCTCTAACCTT-1,TB,0.8892404618713969
TB1_GCTATTGCAGGCTGTT-1,TB,0.0
TB1_GCTCAACCACCAAAGG-1,TB,0.9548719054741008
TB1_GCTCATTGTCTAACCT-1,TB,1.1607295426367703
TB1_GCTCCTTAGCTATATG-1,TB,0.6976777697342083
TB1_GCTCCTTAGGAGGCAT-1,TB,2.0840929169535065
TB1_GCTGACCAGCAGGCCT-1,TB,1.6143627122812498
TB1_GCTGACCAGCCAGTAT-1,TB,0.0
TB1_GCTGACCAGGATCACT-1,TB,0.0
TB1_GCTGACCAGGATTGCT-1,TB,0.36949748303318986
TB1_GCTGACCAGGGATGCG-1,TB,0.0
TB1_GCTGACCAGTATTGGC-1,TB,0.0
TB1_GCTGCACAGCATGTCG-1,TB,0.0
TB1_GCTGCACAGCTTAACA-1,TB,0.0
TB1_GCTGCACAGGCTCATG-1,TB,0.0
TB1_GCTGCACAGTAAACCC-1,TB,0.0
TB1_GCTGCATCAATAGCAA-1,TB,0.0
TB1_GCTGCATCACAGAACG-1,TB,0.43544003108828
TB1_GCTGCATCACCAACCG-1,TB,0.0
TB1_GCTGGATGTGCTTTAC-1,TB,2.1392118465258037
TB1_GCTGGTTCAATTGAGA-1,TB,0.0
TB1_GCTGTAAGTGTGTCCC-1,TB,0.6511180860032119
TB1_GCTGTACCAAGTTATC-1,TB,0.5017146590765645
TB1_GCTGTGATCCTCAGTC-1,TB,1.3146134730550458
TB1_GCTGTGATCGCAATCG-1,TB,2.3127618288687404
TB1_GCTTAACAGACCATAC-1,TB,0.7560954548741816
TB1_GCTTAGTAGCAAGACA-1,TB,0.0
TB1_GCTTAGTAGTGAGGGT-1,TB,0.0
TB1_GCTTATCGTGAGGTGA-1,TB,0.0
TB1_GCTTATCGTTAGACCA-1,TB,0.5348039690968863
TB1_GCTTGACCAGAATGAC-1,TB,0.0
TB1_GCTTGACCAGCAAGAT-1,TB,0.6392266315085984
TB1_GCTTGTTGTAACTACG-1,TB,1.003791761364315
TB1_GCTTGTTGTATTGCAG-1,TB,0.6181964377479661
TB1_GCTTTATTCGTTAAGC-1,TB,0.0
TB1_GCTTTATTCTCCATGC-1,TB,0.7666169735201174
TB1_GCTTTGTGTAGCAGCT-1,TB,0.0
TB1_GCTTTGTGTGTTGTAG-1,TB,0.0
TB1_GCTTTGTGTTAGTTGG-1,TB,0.0
TB1_GCTTTGTGTTCCTGTG-1,TB,0.0
TB1_GGAAACTCACCTGGTG-1,TB,0.0
TB1_GGAACAATCACACAGT-1,TB,0.0
TB1_GGAACAATCTCACTCA-1,TB,0.0
TB1_GGAACAATCTTAGCGG-1,TB,0.0
TB1_GGAACCACAAATTCGT-1,TB,0.0
TB1_GGAACCACACCTACGG-1,TB,0.0
TB1_GGAACCACATTAGGTT-1,TB,2.1417223109406733
TB1_GGAACCACATTGTGTG-1,TB,0.0
TB1_GGAACCTGTGATCATG-1,TB,1.3520469340053287
TB1_GGAACTAAGGACCAGG-1,TB,0.0
TB1_GGAACTAAGTCTTGAA-1,TB,1.4639697646218937
TB1_GGAAGCTAGCACCACA-1,TB,1.6594130368637199
TB1_GGAAGCTAGTCCTGAG-1,TB,0.0
TB1_GGAATCTTCAGGCCTA-1,TB,0.0
TB1_GGACCGAAGATGCCTG-1,TB,0.0
TB1_GGACCGAAGCAAGGGT-1,TB,0.0
TB1_GGACCGAAGCTAATCA-1,TB,0.368987267942582
TB1_GGACCGAAGCTCCTAC-1,TB,0.0
TB1_GGACCTCAGGACACTT-1,TB,0.0
TB1_GGACGAAGTAATAGCT-1,TB,2.162243989309575
TB1_GGACGAAGTACCGTTT-1,TB,0.83410920912304
TB1_GGACGAAGTGCAATAT-1,TB,0.0
TB1_GGACGAAGTTTGCAGA-1,TB,0.0
TB1_GGACTAAAGTGAGGTA-1,TB,0.8566244527063671
TB1_GGAGCAAGTCATAACG-1,TB,0.0
TB1_GGAGCAAGTTGCAATG-1,TB,0.8691361218537178
TB1_GGAGCATAGCTCCCTG-1,TB,0.0
TB1_GGAGCATAGGGTTATC-1,TB,0.56357648833921
TB1_GGAGCATAGGTCCTGA-1,TB,0.7081266278483563
TB1_GGAGCGATCCTTCGTA-1,TB,1.6506808709681495
TB1_GGAGCGATCGATTATG-1,TB,0.0
TB1_GGAGTCTGTCCTAACT-1,TB,0.0
TB1_GGAGTCTGTGAGGTAG-1,TB,0.7005280340457588
TB1_GGAGTCTGTTGGTTAG-1,TB,1.7973647243854634
TB1_GGAGTGAGTAACGGGA-1,TB,0.0
TB1_GGAGTGAGTACAAAGA-1,TB,0.0
TB1_GGAGTGAGTGTTTCAC-1,TB,1.1366791685919444
TB1_GGAGTGAGTTAGCAGC-1,TB,2.4769690140238048
TB1_GGATAACCAATGCCCG-1,TB,0.0
TB1_GGATACTTCCTTAGGG-1,TB,0.0
TB1_GGATACTTCCTTCGTA-1,TB,0.0
TB1_GGATACTTCTCTAGCC-1,TB,0.0
TB1_GGATATTGTAGTTACG-1,TB,0.0
TB1_GGATATTGTGGTTATG-1,TB,1.4538978344739921
TB1_GGATATTGTTAAGCTG-1,TB,0.8047989046836823
TB1_GGATATTGTTTAAAGC-1,TB,0.8947643976261274
TB1_GGATGAATCACCTGTC-1,TB,0.0
TB1_GGATGAATCATTGACA-1,TB,0.0
TB1_GGATGGCCAAACTGCC-1,TB,1.0880581009894195
TB1_GGATGGCCAAGGTGCA-1,TB,0.7754222731306228
TB1_GGATTATGTCGAAGTC-1,TB,0.774853894374
TB1_GGATTATGTGCATTTC-1,TB,0.0
TB1_GGATTCAGTGTTGTGA-1,TB,1.0805442401992837
TB1_GGATTGCGTCATCAAG-1,TB,0.675951988386766
TB1_GGATTGCGTTGCTGGG-1,TB,0.0
TB1_GGATTTATCAACAAGG-1,TB,0.0
TB1_GGATTTATCATGAGCT-1,TB,0.0
TB1_GGATTTATCCGTTATT-1,TB,0.0
TB1_GGATTTATCTGTTGCC-1,TB,1.6063517365735642
TB1_GGCAAATCATCTTGAG-1,TB,0.0
TB1_GGCAATCGTCATAGAT-1,TB,0.0
TB1_GGCAATCGTGACCTGG-1,TB,0.0
TB1_GGCAATCGTTACTTCA-1,TB,0.9289552947154769
TB1_GGCAGGATCTTTAAGG-1,TB,0.0
TB1_GGCATTAGTGCGCGTA-1,TB,0.0
TB1_GGCATTAGTTATCGAG-1,TB,0.0
TB1_GGCATTGTCACTCGCT-1,TB,1.6228190652448347
TB1_GGCCAGTTCAGGTCCA-1,TB,0.0
TB1_GGCCATCAGGTGCGGA-1,TB,0.0
TB1_GGCCGTTAGCATGCAT-1,TB,0.0
TB1_GGCCTAATCGGCCAGT-1,TB,1.3310453963568138
TB1_GGCCTAATCTGTGCCT-1,TB,0.8214186168492966
TB1_GGCCTCTGTCATGAGC-1,TB,0.0
TB1_GGCCTCTGTTTCAGGA-1,TB,0.0
TB1_GGCCTTAAGTATTGCA-1,TB,0.0
TB1_GGCCTTCGTAGGTTTG-1,TB,0.0
TB1_GGCCTTCGTGCTCCAC-1,TB,0.0
TB1_GGCCTTCGTTAAGCTG-1,TB,0.9999384986207024
TB1_GGCCTTCGTTGTAACG-1,TB,0.0
TB1_GGCGATACAGGTTTGC-1,TB,0.0
TB1_GGCGCTAGTACGTTTC-1,TB,0.0
TB1_GGCGGTAAGCAAGATG-1,TB,0.9061227103173196
TB1_GGCGGTTTCGTTTCCA-1,TB,1.7476045633302972
TB1_GGCTAGACAGCTTAGC-1,TB,0.0
TB1_GGCTAGACAGGCGATA-1,TB,0.0
TB1_GGCTAGACATGACTAT-1,TB,0.0
TB1_GGCTAGTGTAATCGGC-1,TB,0.0
TB1_GGCTAGTGTCACACCC-1,TB,1.0337516544660688
TB1_GGCTAGTGTCCTAAGA-1,TB,0.0
TB1_GGCTATGTCAATCATG-1,TB,0.5025127841615222
TB1_GGCTATTAGGAGCACG-1,TB,0.0
TB1_GGCTCAATCTCATCAT-1,TB,0.0
TB1_GGCTCACAGGCGAAAC-1,TB,0.0
TB1_GGCTGAGAGGCCTAAT-1,TB,0.0
TB1_GGCTGGTTCATGACCG-1,TB,0.0
TB1_GGCTGTCAGCTTCTCA-1,TB,0.6490172234241719
TB1_GGCTGTCAGGAGTCTT-1,TB,0.0
TB1_GGGAATATCCTTGCGT-1,TB,0.0
TB1_GGGAATATCGTTTCGC-1,TB,0.0
TB1_GGGAGTAGTAATCGCA-1,TB,0.0
TB1_GGGAGTAGTGCTAGCG-1,TB,0.8013292646725416
TB1_GGGAGTAGTGTTGTGA-1,TB,0.0
TB1_GGGATAATCTGTGAGT-1,TB,0.0
TB1_GGGATTAAGAGGCTAA-1,TB,0.0
TB1_GGGATTAAGTAATCCA-1,TB,0.0
TB1_GGGCAATAGTTGTCCC-1,TB,0.0
TB1_GGGCATGAGCAACATC-1,TB,0.0
TB1_GGGCATGAGCGGTTAT-1,TB,0.0
TB1_GGGCATGAGGCTAGAA-1,TB,0.0
TB1_GGGCATGAGTAAACCC-1,TB,1.0933072364384167
TB1_GGGCATTGTAACCTAG-1,TB,0.0
TB1_GGGCATTGTTAAGCCA-1,TB,0.0
TB1_GGGCATTGTTAGAGCC-1,TB,0.6212893748089945
TB1_GGGCATTGTTGTCATC-1,TB,0.0
TB1_GGGCCTAGTCCGCTGT-1,TB,0.6989472220370737
TB1_GGGCCTAGTGACATAT-1,TB,0.0
TB1_GGGCCTAGTGATGAAA-1,TB,1.5025754672917726
TB1_GGGCCTAGTGTTTGTC-1,TB,0.0
TB1_GGGCGAATCAGCACCA-1,TB,0.0
TB1_GGGCGAATCTACCTCA-1,TB,0.6413900225589104
TB1_GGGCTAACACATTGCA-1,TB,1.5308953267005423
TB1_GGGCTAACACCCACAG-1,TB,0.7822473698345549
TB1_GGGCTAACAGCTTACA-1,TB,0.0
TB1_GGGCTAACATCATGTG-1,TB,1.5718061689352243
TB1_GGGTATTTCCAAGTTA-1,TB,1.4269535201307892
TB1_GGGTATTTCTTCAATC-1,TB,0.9699199790606671
TB1_GGGTCAACAGCCTGCA-1,TB,1.129259183513672
TB1_GGGTCACTCCTAGTCC-1,TB,0.5444391246964299
TB1_GGGTGTTGTTTCCTCC-1,TB,2.06964521373457
TB1_GGGTTACGTCATCATC-1,TB,0.0
TB1_GGGTTACGTGATCAGC-1,TB,0.0
TB1_GGGTTACGTTAGCGTA-1,TB,1.0902166552984438
TB1_GGGTTACGTTCGCTCA-1,TB,0.0
TB1_GGGTTATTCAATGAGG-1,TB,0.0
TB1_GGGTTATTCATTACTC-1,TB,0.0
TB1_GGGTTATTCGTGCTAG-1,TB,1.0746652828175987
TB1_GGGTTATTCTTAGCCC-1,TB,0.0
TB1_GGGTTTCCAATCCTGA-1,TB,0.0
TB1_GGGTTTGTCAATGTCA-1,TB,0.0
TB1_GGGTTTGTCAGGTTTA-1,TB,0.8888185508943274
TB1_GGTAAACCACAGCCTG-1,TB,0.5705448584676129
TB1_GGTAAACCATGTGGGA-1,TB,0.0
TB1_GGTAAACCATTGTGCA-1,TB,0.43133825749340876
TB1_GGTAACCGTCATCATC-1,TB,0.0
TB1_GGTAACCGTTGGCGTG-1,TB,0.48685778609452324
TB1_GGTAACTTCCACCTGT-1,TB,0.0
TB1_GGTAACTTCTTGCAAA-1,TB,0.0
TB1_GGTAAGGGTTACTTGC-1,TB,0.0
TB1_GGTAAGGGTTTGCGCC-1,TB,0.0
TB1_GGTAATTGTGGATGTC-1,TB,0.9646632335552083
TB1_GGTACAAAGCAAGGTA-1,TB,0.0
TB1_GGTACAAAGGCTACAT-1,TB,1.3313870297728903
TB1_GGTACAAAGTTGGGCC-1,TB,0.0
TB1_GGTACTAGTAATCGCA-1,TB,1.1994265146492022
TB1_GGTACTAGTCCTAGTT-1,TB,0.0
TB1_GGTACTTAGACTCGCA-1,TB,0.0
TB1_GGTACTTAGCACAGGG-1,TB,1.2156481536491444
TB1_GGTACTTAGGTTTACA-1,TB,0.0
TB1_GGTAGGAGTACGCGCA-1,TB,0.4496494105731932
TB1_GGTATGTTCATCCTGC-1,TB,0.0
TB1_GGTATGTTCCCGCATT-1,TB,0.0
TB1_GGTCAAGCAAGTGTCC-1,TB,0.0
TB1_GGTCAATTCACAAGCT-1,TB,0.0
TB1_GGTCAATTCGAGGAAC-1,TB,0.0
TB1_GGTCAGGAGCTATTAG-1,TB,0.0
TB1_GGTCAGGAGGCTGGCT-1,TB,1.4945245668572824
TB1_GGTCCGTAGCATGACT-1,TB,0.0
TB1_GGTCCGTAGTGAGGGT-1,TB,0.0
TB1_GGTCCTGCAACTAGGG-1,TB,0.0
TB1_GGTCCTGCAAGGTACG-1,TB,1.4430597218869998
TB1_GGTCCTGCAGCTACGT-1,TB,0.0
TB1_GGTCGGTTCATAACCA-1,TB,1.2397038057397431
TB1_GGTCGGTTCGGTACGC-1,TB,0.0
TB1_GGTCGGTTCTAATCAG-1,TB,0.0
TB1_GGTCTTTGTCACAGCG-1,TB,0.0
TB1_GGTCTTTGTTGGTGAC-1,TB,0.0
TB1_GGTGAGGTCTGTTGCC-1,TB,0.0
TB1_GGTGAGTAGCATGGTT-1,TB,1.95067627442975
TB1_GGTGATTTCACCTGCT-1,TB,0.0
TB1_GGTGATTTCATGGTTA-1,TB,0.0
TB1_GGTGATTTCCGTTAAA-1,TB,0.0
TB1_GGTGATTTCGGGACCT-1,TB,1.0259947630299022
TB1_GGTGCTGGTAACCAGC-1,TB,0.0
TB1_GGTGCTTCAAGGCCAA-1,TB,1.0676646673884835
TB1_GGTGTCCAGGCCTGGT-1,TB,0.0
TB1_GGTGTCCAGTGAGCAA-1,TB,0.0
TB1_GGTGTTGTCAATGACC-1,TB,0.0
TB1_GGTGTTGTCGATTCTT-1,TB,0.0
TB1_GGTTAATGTCGACTCC-1,TB,0.0
TB1_GGTTAATGTTAGTGAT-1,TB,0.0
TB1_GGTTAATGTTCATTTG-1,TB,1.3874955624655247
TB1_GGTTACTAGCCTGAGC-1,TB,0.0
TB1_GGTTAGCGTAAAGCAA-1,TB,0.0
TB1_GGTTAGCGTCCTTTAA-1,TB,0.0
TB1_GGTTATATCATGCGTG-1,TB,0.0
TB1_GGTTATATCTATGACA-1,TB,0.0
TB1_GGTTATGGTAATCGCA-1,TB,1.1311752262686516
TB1_GGTTATGGTCGTTACT-1,TB,0.0
TB1_GGTTATGGTGACATAT-1,TB,0.0
TB1_GGTTCCCGTAATCGCA-1,TB,0.6274093602281684
TB1_GGTTCCCGTGCCTCAC-1,TB,0.9166658960128641
TB1_GGTTCTTGTCTATCGT-1,TB,2.0005396078727826
TB1_GGTTCTTGTTGGCGTG-1,TB,0.0
TB1_GGTTGACGTTTACCGT-1,TB,0.0
TB1_GGTTGAGCAGGATGGC-1,TB,0.0
TB1_GGTTGAGCATTGTCCT-1,TB,0.0
TB1_GGTTGCGGTACGATTG-1,TB,1.5650394524301416
TB1_GGTTGCGGTTATGTGG-1,TB,0.0
TB1_GGTTGCTCAATATGGA-1,TB,0.0
TB1_GGTTGCTCAGCCTAAC-1,TB,0.0
TB1_GGTTGGTGTGTTCCCA-1,TB,0.866890642463751
TB1_GGTTGGTGTGTTGCTT-1,TB,0.0
TB1_GGTTTAATCCCTGTTA-1,TB,0.9360568901052153
TB1_GGTTTCCTCTAGCTAA-1,TB,0.0
TB1_GTAAGCAAGTTACCGG-1,TB,0.0
TB1_GTAAGCGCATAGTCAT-1,TB,0.0
TB1_GTAAGCGCATTCAGCA-1,TB,0.0
TB1_GTAAGCTTCATTGTCT-1,TB,0.0
TB1_GTAAGCTTCTGGCTTC-1,TB,0.6486684428653615
TB1_GTACAATGTAACGGGA-1,TB,0.0
TB1_GTACAATGTGCAATGC-1,TB,0.0
TB1_GTACAATGTGTTGCTT-1,TB,0.8087143943480471
TB1_GTACAATGTTAATGAC-1,TB,0.0
TB1_GTACACCCAATATGGA-1,TB,0.0
TB1_GTACACCCAGGTTCAC-1,TB,0.0
TB1_GTACCGGGTCATAACG-1,TB,0.0
TB1_GTACCTTGTTAAGGCC-1,TB,0.0
TB1_GTACCTTGTTAGCATG-1,TB,1.010076133746466
TB1_GTACCTTGTTATCCGT-1,TB,0.0
TB1_GTACGTAGTAACGGGA-1,TB,1.3284555177665973
TB1_GTACTAATCGTTTCTG-1,TB,0.0
TB1_GTACTAGGTAACCAGC-1,TB,0.0
TB1_GTACTAGGTGTGTCCC-1,TB,0.0
TB1_GTACTAGGTTGTTGCT-1,TB,0.0
TB1_GTACTGGTCATTGACA-1,TB,0.0
TB1_GTACTTAAGGCATTGT-1,TB,0.0
TB1_GTACTTCGTCAAGACC-1,TB,0.0
TB1_GTACTTCGTCGCGCAA-1,TB,0.0
TB1_GTAGCCATCATGAAGG-1,TB,2.8060260038098965
TB1_GTAGCCATCGAGGAGT-1,TB,0.0
TB1_GTAGCCATCGATATTG-1,TB,0.0
TB1_GTAGCCATCTAATTGG-1,TB,0.0
TB1_GTAGCCATCTATCGCC-1,TB,2.386298081667991
TB1_GTAGCGCTCCTTCTAG-1,TB,1.046287996163692
TB1_GTAGCGCTCGCATTAA-1,TB,0.0
TB1_GTAGCGCTCGTGCCTT-1,TB,0.0
TB1_GTAGCGCTCTAGCTAA-1,TB,0.8891560455511937
TB1_GTAGCGCTCTATGACA-1,TB,0.0
TB1_GTAGCTGTCCTGGCTT-1,TB,0.0
TB1_GTAGGAGGTTCCTGTG-1,TB,0.0
TB1_GTAGGAGGTTTATCTG-1,TB,0.0
TB1_GTAGGATCAGAATGAC-1,TB,0.9765783834781
TB1_GTAGGTGCATAAGTTC-1,TB,0.0
TB1_GTAGTTATCATTACGA-1,TB,0.5142624223373098
TB1_GTAGTTATCATTGTTC-1,TB,0.0
TB1_GTAGTTTCAGGCTACT-1,TB,0.0
TB1_GTATCGCCAAACTGCC-1,TB,0.0
TB1_GTATCGCCAGAGGGAG-1,TB,0.0
TB1_GTATGTGGTACTGATG-1,TB,0.0
TB1_GTATGTGGTGCTAGAC-1,TB,0.0
TB1_GTATGTTCAATTGAGA-1,TB,0.0
TB1_GTATGTTCACCGGTAT-1,TB,1.0219927047037656
TB1_GTATGTTCAGCACCAT-1,TB,0.5233729427174174
TB1_GTATGTTCAGGCTACT-1,TB,0.41633617600776723
TB1_GTATGTTCAGTAATAG-1,TB,0.0
TB1_GTATGTTCATTATGAC-1,TB,0.0
TB1_GTATTGATCACAGCCA-1,TB,0.0
TB1_GTATTGATCAGCCAAT-1,TB,0.8291290806337354
TB1_GTATTGATCAGGAAGC-1,TB,0.9603623993605402
TB1_GTATTGCAGCCTTAAA-1,TB,0.0
TB1_GTATTGCAGCTCAAAC-1,TB,1.091266613390511
TB1_GTATTGCAGGACCTGC-1,TB,0.0
TB1_GTATTGTCAAGGTCCT-1,TB,0.6663893300369519
TB1_GTCAAACTCTCAATTC-1,TB,0.979477100282908
TB1_GTCAATATCTGCAAGT-1,TB,0.0
TB1_GTCAATATCTTCAATC-1,TB,0.0
TB1_GTCAATATCTTGAGGT-1,TB,2.5649493574615367
TB1_GTCAGGCTCCAGCACA-1,TB,0.0
TB1_GTCATCCTCAGCATTA-1,TB,0.0
TB1_GTCATCCTCCGTTATT-1,TB,0.0
TB1_GTCATCCTCGATAACC-1,TB,0.0
TB1_GTCATGAGTTACCTGT-1,TB,0.503572359547939
TB1_GTCATGCCAATGAATG-1,TB,0.0
TB1_GTCCAAGTCACGAATC-1,TB,0.0
TB1_GTCCATTGTGCCGCAA-1,TB,1.493408229435121
TB1_GTCCGTAAGGACTTAC-1,TB,1.4037191885226161
TB1_GTCCGTAAGTTAGACC-1,TB,0.0
TB1_GTCCTAGAGTACTGGT-1,TB,0.8922908630013627
TB1_GTCCTCAGTGCGCATG-1,TB,0.0
TB1_GTCGAAGCAGGAACAT-1,TB,0.0
TB1_GTCGAAGCAGTTTCTC-1,TB,1.2251607181243664
TB1_GTCGCAATCGAGCAAA-1,TB,0.0
TB1_GTCGGTTCACCGGTAT-1,TB,0.0
TB1_GTCGGTTCACTTAACG-1,TB,0.0
TB1_GTCGGTTCAGGCATGA-1,TB,0.0
TB1_GTCGGTTCAGTTAAAG-1,TB,0.0
TB1_GTCGGTTCATCACAGC-1,TB,0.0
TB1_GTCGGTTCATGCTTAG-1,TB,0.844337425546436
TB1_GTCTAACAGGCTGGCT-1,TB,0.0
TB1_GTCTAGCCAAGGTGGC-1,TB,0.0
TB1_GTCTAGCCAAGTGAAC-1,TB,0.0
TB1_GTCTATCGTATTCGTC-1,TB,1.0194377977983164
TB1_GTCTATCGTTGTGATG-1,TB,0.0
TB1_GTCTATGCACCTACTT-1,TB,0.0
TB1_GTCTATGCACTTGTTC-1,TB,1.3187113636253556
TB1_GTCTATGCATCGCTCC-1,TB,0.0
TB1_GTCTCACTCACAGCGC-1,TB,0.0
TB1_GTCTCACTCAGCTAAC-1,TB,0.0
TB1_GTCTCACTCGGCCATA-1,TB,0.9214212697616085
TB1_GTCTTGCTCACTAAGC-1,TB,0.0
TB1_GTCTTGCTCCGGAACC-1,TB,0.0
TB1_GTCTTTAGTTAGTTGG-1,TB,0.0
TB1_GTCTTTAGTTCGCGCT-1,TB,0.0
TB1_GTCTTTGTCCTCACTA-1,TB,0.5709464864048955
TB1_GTGAACAAGCCTGTGA-1,TB,0.0
TB1_GTGAATCTCGCTAGCA-1,TB,0.0
TB1_GTGAGCGAGATAAAGC-1,TB,0.0
TB1_GTGAGCGAGCTTAGCG-1,TB,0.0
TB1_GTGATCAGTTACATCC-1,TB,0.8461186486105985
TB1_GTGATCAGTTGTGATG-1,TB,0.0
TB1_GTGATCAGTTTGGCGG-1,TB,0.0
TB1_GTGATGAAGAGGCTAA-1,TB,0.0
TB1_GTGATGAAGCGCAATT-1,TB,0.0
TB1_GTGATGAAGCTCCCTG-1,TB,0.0
TB1_GTGCAAGCAAGGTATA-1,TB,0.0
TB1_GTGCAAGCATACCCGG-1,TB,1.3214259340025307
TB1_GTGCACGGTAATCCCT-1,TB,1.1247459417598407
TB1_GTGCACGGTAATCGCA-1,TB,0.7363867988129656
TB1_GTGCACGGTCGTAATG-1,TB,0.0
TB1_GTGCACGGTTACGCAA-1,TB,0.0
TB1_GTGCACGGTTTCCGGC-1,TB,1.5590827924281498
TB1_GTGCCTTTCCATCAGG-1,TB,0.0
TB1_GTGCCTTTCGAGGAAC-1,TB,0.6941486828970348
TB1_GTGCGCAGTTCATTTG-1,TB,0.0
TB1_GTGCGGTTCCAGCACA-1,TB,0.0
TB1_GTGCGGTTCCCTCATA-1,TB,0.0
TB1_GTGCGGTTCTCATCAT-1,TB,0.0
TB1_GTGCTCAAGGTAACGA-1,TB,0.0
TB1_GTGCTCAAGGTTACGT-1,TB,0.8852076368157666
TB1_GTGCTCCGTTTCCACG-1,TB,0.0
TB1_GTGCTGATCATTACTC-1,TB,0.67206012949205
TB1_GTGCTTACAAACCTTG-1,TB,0.0
TB1_GTGCTTACACAATGTT-1,TB,0.8147687246108912
TB1_GTGCTTACATCCCTCA-1,TB,0.0
TB1_GTGCTTCTCATGTCAA-1,TB,0.0
TB1_GTGCTTCTCCGGCTAA-1,TB,0.0
TB1_GTGCTTCTCGCTAGTG-1,TB,0.0
TB1_GTGGACACAATAAGCA-1,TB,1.3675415044472972
TB1_GTGGACACACACAATT-1,TB,0.0
TB1_GTGGATGCAAAGGCCA-1,TB,0.0
TB1_GTGGCTTCAATTAGGA-1,TB,0.0
TB1_GTGGCTTCACCTCAGG-1,TB,0.9478004223270043
TB1_GTGGCTTCATCCTAGA-1,TB,1.3624034851641762
TB1_GTGGCTTCATGTCAGC-1,TB,0.0
TB1_GTGGTTAGTGTCCAAA-1,TB,1.1104850670983941
TB1_GTGGTTAGTGTGAGGA-1,TB,0.0
TB1_GTGGTTAGTTCCTCCT-1,TB,0.0
TB1_GTGTGAGCAACTAGGG-1,TB,0.0
TB1_GTGTGAGCATGTTTGG-1,TB,0.0
TB1_GTGTGCGGTTAGAGCC-1,TB,0.8692165460948499
TB1_GTGTGTTAGGAGCACG-1,TB,0.0
TB1_GTGTGTTAGTTAGCCG-1,TB,0.0
TB1_GTGTGTTAGTTATCTC-1,TB,0.0
TB1_GTTAAACGTTAAGCCA-1,TB,0.0
TB1_GTTAAACGTTGAATCG-1,TB,1.3739720475897756
TB1_GTTAAGTGTCAGGCAT-1,TB,1.004394455485468
TB1_GTTAATGTCCGCAAGC-1,TB,0.5333435744298989
TB1_GTTACAGGTTTAACCC-1,TB,0.0
TB1_GTTACCTGTTCGCTCA-1,TB,0.0
TB1_GTTACGCCAGCATGGA-1,TB,0.0
TB1_GTTACGCCAGGACACA-1,TB,0.0
TB1_GTTACGTAGATTCCTT-1,TB,0.0
TB1_GTTACGTAGCTGTCAG-1,TB,0.0
TB1_GTTACGTAGGCTGTCA-1,TB,0.0
TB1_GTTACGTAGTCAGGCC-1,TB,0.0
TB1_GTTACGTAGTGCTGTG-1,TB,0.0
TB1_GTTACTAAGCAAGACA-1,TB,0.0
TB1_GTTACTAAGGAACGGT-1,TB,0.0
TB1_GTTACTAAGTAGCTTA-1,TB,0.6126852174286256
TB1_GTTACTCGTACCGAAC-1,TB,0.0
TB1_GTTACTCGTCTTGCTG-1,TB,0.7637894991689341
TB1_GTTCCCAGTATTGTCC-1,TB,0.0
TB1_GTTCCCAGTCAAAGAA-1,TB,0.0
TB1_GTTCCCAGTTGGTTAG-1,TB,0.0
TB1_GTTCCCAGTTTGGGCG-1,TB,0.0
TB1_GTTCCTGGTAATCCCT-1,TB,0.0
TB1_GTTCCTTCACCGGTAT-1,TB,0.0
TB1_GTTCCTTCACGCAACT-1,TB,1.0270293732924596
TB1_GTTCCTTCATTGTCAG-1,TB,0.0
TB1_GTTCGCGCACTTACAG-1,TB,0.0
TB1_GTTCGCGCAGTAGGTG-1,TB,1.3115012656780436
TB1_GTTCGCGCATAGCGAG-1,TB,0.0
TB1_GTTCGCTTCACGTTAA-1,TB,1.15451872222323
TB1_GTTCGCTTCGGTACGC-1,TB,0.0
TB1_GTTCTCATCCAATTAG-1,TB,0.0
TB1_GTTCTTAGTGGCTTCC-1,TB,0.8410236264436033
TB1_GTTCTTGTCAATCTCT-1,TB,0.44410648684883985
TB1_GTTGCATAGGGACTAA-1,TB,1.871700645469065
TB1_GTTGCATAGGGCCACT-1,TB,0.0
TB1_GTTGCATAGGTTTGAC-1,TB,0.0
TB1_GTTGCCCGTCTATCGT-1,TB,1.0675185771302145
TB1_GTTGCTGAGCAACAAG-1,TB,0.805825419049015
TB1_GTTGCTGAGCACCACA-1,TB,1.3003700779117926
TB1_GTTGCTGAGCTAATTG-1,TB,0.0
TB1_GTTGCTGAGCTTAGCG-1,TB,0.0
TB1_GTTGGAGCAAGTCGCT-1,TB,0.0
TB1_GTTGGCCAGGATAAAC-1,TB,0.8623573338114563
TB1_GTTGGCCAGGCTGGCT-1,TB,1.2407512364254225
TB1_GTTGGCGGTGAGCAAG-1,TB,0.0
TB1_GTTGGCGGTTCCGGGA-1,TB,0.0
TB1_GTTGGCGGTTGCACAA-1,TB,0.0
TB1_GTTGGCGGTTTGGTTC-1,TB,0.0
TB1_GTTGTGAGTCGTAAAT-1,TB,0.0
TB1_GTTGTGAGTTAACGGC-1,TB,0.806854696127832
TB1_GTTTAACCAATGCCTA-1,TB,0.0
TB1_GTTTACCGTTAATGCG-1,TB,0.0
TB1_GTTTACCGTTTACGTC-1,TB,0.0
TB1_GTTTATCTCCAAATCA-1,TB,0.0
TB1_GTTTATCTCTAATTGG-1,TB,1.5502973373901605
TB1_GTTTCAGCAGTCTAAT-1,TB,0.0
TB1_GTTTCCTCAATTGAAG-1,TB,0.0
TB1_GTTTCTAGTCACAGCG-1,TB,0.0
TB1_GTTTGCTGTGAAGCCT-1,TB,0.0
TB1_GTTTGTCGTAAAGCGG-1,TB,0.0
TB1_GTTTGTCGTTGGGTTA-1,TB,0.4316029597301998
TB1_GTTTGTTTCACCAATA-1,TB,0.0
TB1_TAAACAGCAAGGGTTG-1,TB,0.0
TB1_TAAACAGCATAATTGC-1,TB,0.0
TB1_TAAAGCCTCGTTAACA-1,TB,0.0
TB1_TAACAAGCATGTTGGC-1,TB,1.6430346684706718
TB1_TAACCAGGTAACAGGG-1,TB,0.0
TB1_TAACCAGGTTTGACCT-1,TB,0.0
TB1_TAACCAGGTTTGGCGG-1,TB,0.0
TB1_TAACCGGTCATGCCTC-1,TB,1.5104087580598349
TB1_TAACCGGTCGTGCCTT-1,TB,0.0
TB1_TAACCTAAGGAAGCTA-1,TB,0.0
TB1_TAAGCCAGTCACCTAT-1,TB,0.0
TB1_TAAGCCAGTCCGGTTC-1,TB,0.0
TB1_TAAGCCAGTCGACTCC-1,TB,1.6531805988622108
TB1_TAAGCCTAGGCTACTG-1,TB,0.5487576443135401
TB1_TAAGCCTAGTAATCCA-1,TB,0.0
TB1_TAAGCTGGTCATAAGT-1,TB,0.7187989323580056
TB1_TAAGCTGGTCCCGGAA-1,TB,0.0
TB1_TAAGCTGGTCGTTACT-1,TB,0.7907113879292392
TB1_TAAGCTGGTGCTCCGT-1,TB,0.0
TB1_TAAGCTGGTGTGTCCC-1,TB,0.7587426605213231
TB1_TAAGCTGGTTGCGTAA-1,TB,0.0
TB1_TAAGCTGGTTGTAAAC-1,TB,1.291195129528562
TB1_TAAGGACCAGAAATTG-1,TB,0.0
TB1_TAAGGACCATAATCAC-1,TB,0.0
TB1_TAAGGACCATCGTTCT-1,TB,0.7008860219444565
TB1_TAAGGCTTCACCAATA-1,TB,0.7699643239791814
TB1_TAAGTAGCACTTCATC-1,TB,0.0
TB1_TAAGTGCTCAACAAGG-1,TB,0.6589432439008428
TB1_TAAGTGCTCCTAAATG-1,TB,0.0
TB1_TAATCACCAAGTCGCT-1,TB,1.1410091872106545
TB1_TAATCACCAAGTGAAC-1,TB,0.0
TB1_TAATCCGCACGCAACT-1,TB,0.0
TB1_TAATCCGCATGCTCCC-1,TB,0.0
TB1_TAATGCATCTTAGGAC-1,TB,0.0
TB1_TAATGGACACCTCACC-1,TB,0.0
TB1_TAATGGACAGGCAAGC-1,TB,0.0
TB1_TAATGGTGTTGTTCAC-1,TB,0.0
TB1_TAATTGCCAAGTGTTT-1,TB,0.0
TB1_TAATTGCCACCTAATG-1,TB,0.0
TB1_TAATTGCCATATAACC-1,TB,0.0
TB1_TACAACATCATGCCTC-1,TB,0.4755981449817318
TB1_TACAACATCCCGCAAA-1,TB,0.0
TB1_TACAAGCTCCGGTTAG-1,TB,1.2838809553383632
TB1_TACAAGCTCTCACATT-1,TB,1.446403021564652
TB1_TACAATGTCAAGGACA-1,TB,1.5428327728190137
TB1_TACAATGTCAGGATGA-1,TB,0.0
TB1_TACAGCTAGGTCCGTA-1,TB,1.1708380944500352
TB1_TACATCAAGAGCCGCT-1,TB,0.0
TB1_TACATCAAGATGCCTG-1,TB,0.0
TB1_TACATCAAGCATGAAG-1,TB,0.0
TB1_TACATCAAGCGTGCAC-1,TB,1.4319231401594403
TB1_TACATCAAGGAAGTAT-1,TB,3.0637723102856707
TB1_TACCAAATCATAACGC-1,TB,0.5479560492494453
TB1_TACCAGGTCCTTCTAG-1,TB,0.9803087178898795
TB1_TACCCGGCAACTAGCC-1,TB,0.0
TB1_TACCCGGCAAGGTGCA-1,TB,0.0
TB1_TACCCGGCACACTAAT-1,TB,1.2795560820534815
TB1_TACCCGGCAGGAACCA-1,TB,0.0
TB1_TACCCGGCAGTAGGAT-1,TB,0.0
TB1_TACCCGGCATCCTGAA-1,TB,0.0
TB1_TACCGAAGTGGATTCA-1,TB,0.0
TB1_TACCGCAAGCACGATT-1,TB,0.0
TB1_TACCGCAAGCGTGCAC-1,TB,2.004808338335081
TB1_TACCGCAAGGTGAGAC-1,TB,0.0
TB1_TACCTCATCAAGCGCC-1,TB,0.0
TB1_TACCTCATCAAGGACA-1,TB,0.0
TB1_TACCTGCTCAAGACTC-1,TB,0.8208125883495988
TB1_TACCTGCTCTAACCTT-1,TB,0.0
TB1_TACCTGCTCTACTAAG-1,TB,1.161960496979154
TB1_TACCTTAGTACGGTAC-1,TB,0.0
TB1_TACCTTAGTCGTTACT-1,TB,0.528696065635875
TB1_TACCTTAGTGGATTCA-1,TB,0.0
TB1_TACCTTTAGCGCTCAA-1,TB,0.0
TB1_TACCTTTAGGAACCGG-1,TB,1.8015131884380495
TB1_TACCTTTAGTAACGAG-1,TB,0.5847451601967367
TB1_TACGCTTGTAGGTTTG-1,TB,0.0
TB1_TACGCTTGTCGCGCAA-1,TB,0.0
TB1_TACGGATTCAGTTCCC-1,TB,0.6660899797583725
TB1_TACGGTTAGCATGCAT-1,TB,0.0
TB1_TACGTAATCACATTGA-1,TB,0.0
TB1_TACGTAATCTAATCAG-1,TB,0.0
TB1_TACGTAATCTCACATT-1,TB,0.0
TB1_TACGTACAGACACTTA-1,TB,0.6531004721091742
TB1_TACTAAGTCTAGCTTT-1,TB,1.5791017576895545
TB1_TACTAAGTCTGTAAGC-1,TB,0.8020071012070404
TB1_TACTGACAGCGTGCAC-1,TB,0.0
TB1_TACTGCACAGCATGGA-1,TB,0.0
TB1_TACTGGCCATAGCTGC-1,TB,0.0
TB1_TACTGGCCATATAACC-1,TB,1.857497099903174
TB1_TACTTCGTCTGCAAAC-1,TB,1.2909402436192121
TB1_TACTTGTTCACAGCGC-1,TB,0.0
TB1_TACTTGTTCTCAATTC-1,TB,0.0
TB1_TAGACCAGTGGGAACA-1,TB,0.0
TB1_TAGAGCCGTTGTCCAT-1,TB,0.0
TB1_TAGCAGGCAGCTCAAC-1,TB,0.6925477200564308
TB1_TAGCATATCCTGGTGA-1,TB,0.0
TB1_TAGCCGGGTTCGGGAT-1,TB,0.0
TB1_TAGCCTCTCGCTAAGT-1,TB,0.5838670645557051
TB1_TAGCGGACAAGCTAAA-1,TB,0.0
TB1_TAGCGGACAGAGGCTA-1,TB,0.9323047651923089
TB1_TAGCGGACAGGCGATA-1,TB,1.3655823621980991
TB1_TAGCGGCTCCAAGTGT-1,TB,1.7286149776525817
TB1_TAGCGGCTCCTTTACG-1,TB,0.0
TB1_TAGCGGCTCGTTACAA-1,TB,0.0
TB1_TAGCGGCTCTTGTCCA-1,TB,0.0
TB1_TAGCTAATCATGCTAA-1,TB,0.0
TB1_TAGCTAATCTAATCCT-1,TB,0.0
TB1_TAGCTAGGTCCTAAGA-1,TB,0.0
TB1_TAGCTAGGTTTATGGG-1,TB,0.0
TB1_TAGCTTAAGCCTTAAA-1,TB,0.0
TB1_TAGCTTAAGTGAGGTA-1,TB,0.6165441316029542
TB1_TAGCTTGCAATATAGG-1,TB,1.1831829386529746
TB1_TAGCTTGCACCATATG-1,TB,0.0
TB1_TAGCTTGCATCAATCG-1,TB,0.0
TB1_TAGGAACCAATTAGGA-1,TB,0.48285441297088716
TB1_TAGGAACCATCTTGAG-1,TB,0.0
TB1_TAGGAACCATTAGGTT-1,TB,0.0
TB1_TAGGAGGGTATTACCC-1,TB,1.3214259340025307
TB1_TAGGAGTCATGGCCCA-1,TB,0.0
TB1_TAGGCTAGTATTCGCT-1,TB,0.0
TB1_TAGGCTAGTCGAAGTC-1,TB,0.8057911574579402
TB1_TAGGCTAGTGAGCGAA-1,TB,0.9815590050326854
TB1_TAGGCTAGTTGTAAAC-1,TB,0.0
TB1_TAGGCTGTCCTAAATG-1,TB,0.0
TB1_TAGGCTGTCGTTACAA-1,TB,1.9729624095477527
TB1_TAGGGTTTCGCGACAC-1,TB,0.0
TB1_TAGGTGCGTCATAACG-1,TB,0.0
TB1_TAGGTGCGTGGAGCAA-1,TB,0.45333989038332423
TB1_TAGGTGCGTTACATCC-1,TB,0.0
TB1_TAGGTGCGTTAGAGCC-1,TB,0.0
TB1_TAGGTGCGTTTCCTCC-1,TB,1.0608864908171238
TB1_TAGGTTGGTATTTGCC-1,TB,0.0
TB1_TAGGTTGGTCAATACG-1,TB,0.6985404747137547
TB1_TAGGTTGGTCATAACG-1,TB,0.0
TB1_TAGGTTGGTTTCAGGA-1,TB,0.49253305738304665
TB1_TAGTAACGTGTGAGGA-1,TB,0.0
TB1_TAGTAAGCAAGGACCA-1,TB,1.0062072491898761
TB1_TAGTAAGCAGTTAAAG-1,TB,0.0
TB1_TAGTAAGCATAATCGT-1,TB,0.8287653735243964
TB1_TAGTACGGTAAGTCGC-1,TB,0.8320509282529241
TB1_TAGTACGGTACAAAGA-1,TB,0.41649450575174424
TB1_TAGTAGGAGCTTTGGG-1,TB,0.0
TB1_TAGTCAATCCCTCATA-1,TB,0.45210983405156513
TB1_TAGTGAGAGCCTGGTA-1,TB,0.0
TB1_TAGTGGCGTCTCAGCC-1,TB,0.0
TB1_TAGTGTGGTAAATTGC-1,TB,0.0
TB1_TAGTGTGGTTACCGGG-1,TB,0.5812663449610315
TB1_TAGTGTGGTTGACTTC-1,TB,0.0
TB1_TAGTTGTCATATAACC-1,TB,0.5345112355470536
TB1_TAGTTGTCATCTTGAG-1,TB,1.2312236203621638
TB1_TAGTTTGAGAATCGCT-1,TB,0.0
TB1_TAGTTTGAGACACCGC-1,TB,0.9170714423603156
TB1_TATAACCCACCTGTAA-1,TB,0.0
TB1_TATAACCCAGAATGAC-1,TB,0.0
TB1_TATAGCCAGACTTACA-1,TB,0.0
TB1_TATAGCCAGGTCGAGG-1,TB,1.6868988883717555
TB1_TATAGCTCAACTAACT-1,TB,0.0
TB1_TATAGGTGTTTGTCTA-1,TB,0.7417592941730226
TB1_TATCACAAGCTGGCTA-1,TB,0.0
TB1_TATCACGCAAACCTAT-1,TB,0.0
TB1_TATCACGCAATGAGGT-1,TB,0.0
TB1_TATCACGCAATTATGC-1,TB,0.8961353741624589
TB1_TATCCAGCATAAGTTC-1,TB,0.0
TB1_TATCCAGCATTAGCCA-1,TB,0.0
TB1_TATCGAGGTGCTGTAA-1,TB,0.0
TB1_TATCGAGGTTACCTGT-1,TB,0.0
TB1_TATCGAGGTTTGTTGC-1,TB,0.0
TB1_TATCGCACAATCTCTC-1,TB,0.0
TB1_TATCGCACAATTTGGT-1,TB,1.129967992754647
TB1_TATCGCACATTGTCAG-1,TB,0.0
TB1_TATCGCGAGTTACTTC-1,TB,0.0
TB1_TATGAAGCACATACTG-1,TB,0.0
TB1_TATGCATCATGTTGCA-1,TB,0.0
TB1_TATGGCCCAGAATGAC-1,TB,0.0
TB1_TATGGCCCAGTTTGGC-1,TB,0.0
TB1_TATGGTCAGAGAAGGG-1,TB,0.0
TB1_TATGGTCAGTAACCCG-1,TB,0.0
TB1_TATGGTCAGTCCTTTG-1,TB,0.0
TB1_TATTAGGTCATTCATC-1,TB,1.0981236386650497
TB1_TATTCGTTCCAACTGG-1,TB,0.0
TB1_TATTCGTTCGTTTCCA-1,TB,0.0
TB1_TATTGACCATCTTGAG-1,TB,0.0
TB1_TCAAACCAGGAGTAAT-1,TB,0.0
TB1_TCAAACCAGGGACCTC-1,TB,0.0
TB1_TCAACAATCGAGGTGG-1,TB,0.0
TB1_TCAAGGAAGCTGTCAG-1,TB,0.0
TB1_TCAAGGAAGTAGCGGG-1,TB,0.0
TB1_TCAAGGTTCCCTCGCA-1,TB,0.0
TB1_TCAAGGTTCTAGCGAT-1,TB,0.9419371243662948
TB1_TCAAGTATCAAACCTA-1,TB,0.0
TB1_TCAAGTATCACAGACT-1,TB,0.0
TB1_TCAATCGCACCTGCCT-1,TB,0.0
TB1_TCAATCGCATTGTGTG-1,TB,0.0
TB1_TCACATAAGCATGAAG-1,TB,0.0
TB1_TCACATAAGGTCAAAG-1,TB,1.198078558500054
TB1_TCACCGGCACAGAAAC-1,TB,0.0
TB1_TCACCGGCACGAACAG-1,TB,0.0
TB1_TCACCTCAGCAAGATG-1,TB,0.0
TB1_TCACCTGGTACCTTAC-1,TB,0.0
TB1_TCACCTGGTACTGATG-1,TB,0.42941961863419886
TB1_TCACCTGGTCGTTATC-1,TB,0.0
TB1_TCACCTGGTGCATCGG-1,TB,0.0
TB1_TCACCTGGTGCTAGAC-1,TB,1.762041317902387
TB1_TCACCTGGTGGTTAGC-1,TB,0.6901606178621963
TB1_TCACTGACAGGAATCG-1,TB,0.0
TB1_TCAGCAAGTTTGGCGG-1,TB,0.47831054239340043
TB1_TCAGCCTTCAATAGCC-1,TB,0.9063864312392433
TB1_TCAGCCTTCCCTGGTT-1,TB,0.0
TB1_TCAGCGATCAAGCCTG-1,TB,0.77089959235688
TB1_TCAGCGATCATTGCAA-1,TB,0.9441387114888586
TB1_TCAGCGATCCGGTTGA-1,TB,0.0
TB1_TCAGCGATCGGCCAGT-1,TB,0.0
TB1_TCAGGAGCAAGCTAAA-1,TB,0.0
TB1_TCAGGAGCAATAGTCT-1,TB,0.5920854356273291
TB1_TCAGGAGCACAACCTA-1,TB,0.0
TB1_TCAGGAGCAGCAAATA-1,TB,0.0
TB1_TCAGGAGCAGCTAATT-1,TB,0.0
TB1_TCAGGAGCAGGAATCG-1,TB,1.8070135105943628
TB1_TCAGGAGCAGGGAGGA-1,TB,0.0
TB1_TCAGGTCCAGCCAGTT-1,TB,0.0
TB1_TCAGGTCCATGCTATG-1,TB,0.0
TB1_TCAGTAATCCAACTGG-1,TB,0.0
TB1_TCAGTAGGTGAGCACT-1,TB,0.0
TB1_TCAGTGAGTAATCACG-1,TB,0.3895723237132327
TB1_TCAGTGAGTCGTTATC-1,TB,0.0
TB1_TCATAACCACAGCCAT-1,TB,1.3957813452475354
TB1_TCATAACCAGATTCAT-1,TB,1.556469141047207
TB1_TCATAACCATCCGTAA-1,TB,0.0
TB1_TCATCCATCCCTCATA-1,TB,0.0
TB1_TCATGAGGTAACCAGC-1,TB,0.5507721892980868
TB1_TCATGAGGTCAATAGT-1,TB,0.9175676314354902
TB1_TCATGCCTCGGTTTCC-1,TB,0.0
TB1_TCATGTTTCAATTACG-1,TB,0.0
TB1_TCATGTTTCACTAAGC-1,TB,0.0
TB1_TCATTTGGTAAATTGC-1,TB,0.0
TB1_TCATTTGGTCATCATC-1,TB,0.0
TB1_TCCACAACAGGTTTGC-1,TB,0.0
TB1_TCCAGCAAGCCTAACG-1,TB,0.0
TB1_TCCAGGTCACCAGCAT-1,TB,0.0
TB1_TCCAGGTCACCTCGCT-1,TB,0.0
TB1_TCCAGGTCAGGACCTT-1,TB,0.0
TB1_TCCAGGTCAGGTTTGC-1,TB,1.4557101383259876
TB1_TCCAGGTCATGTTGTG-1,TB,0.0
TB1_TCCAGGTCATTGCGTA-1,TB,0.0
TB1_TCCATAAAGGATCCGC-1,TB,0.0
TB1_TCCATATTCAGTGAAG-1,TB,1.6735161717558003
TB1_TCCATATTCGCAACAT-1,TB,0.5105058284322771
TB1_TCCATATTCTCACTAT-1,TB,0.0
TB1_TCCATCATCGTTACTT-1,TB,0.0
TB1_TCCATGCTCAACCAAC-1,TB,0.0
TB1_TCCATGCTCGATTTGA-1,TB,0.43795884397516843
TB1_TCCATTGTCATTACGA-1,TB,0.0
TB1_TCCATTGTCCTAAGAC-1,TB,0.0
TB1_TCCCGGACAACAACAA-1,TB,1.4438423312601452
TB1_TCCCGTTAGGGCTTAT-1,TB,0.8063054038369528
TB1_TCCCGTTAGTTATGTG-1,TB,0.0
TB1_TCCCGTTAGTTGCGTG-1,TB,1.1869669001466279
TB1_TCCGCCATCGGTTAGT-1,TB,0.0
TB1_TCCGGTTTCCGTAAAC-1,TB,0.0
TB1_TCCGGTTTCCTACCTA-1,TB,0.0
TB1_TCCGGTTTCGTGCTAG-1,TB,0.0
TB1_TCCGGTTTCTAACTGA-1,TB,0.0
TB1_TCCTAGTGTCACAGCG-1,TB,0.0
TB1_TCCTCAATCATAGACC-1,TB,0.0
TB1_TCCTCAATCTTGTTCG-1,TB,0.0
TB1_TCCTCACAGCCTAATA-1,TB,0.0
TB1_TCCTGGTTCAATCATG-1,TB,0.0
TB1_TCCTGGTTCCTTCAAT-1,TB,0.0
TB1_TCCTGGTTCGTTAGCG-1,TB,0.0
TB1_TCCTGGTTCTATTGTC-1,TB,0.0
TB1_TCCTTAGTCCCATAAA-1,TB,0.39760591157495895
TB1_TCCTTCAAGTCAGTAC-1,TB,0.0
TB1_TCCTTGCAGGCGCACT-1,TB,0.6916256607423273
TB1_TCCTTGCAGGGCCACT-1,TB,0.46112520889827746
TB1_TCGATTAAGGTGCGGA-1,TB,0.0
TB1_TCGCATTGTAGGTGTC-1,TB,0.0
TB1_TCGCATTGTCACGGAT-1,TB,0.0
TB1_TCGCATTGTTAGCTGA-1,TB,0.0
TB1_TCGCATTGTTCACCCA-1,TB,0.4485827955389645
TB1_TCGCATTGTTGTCATC-1,TB,0.9406500108106461
TB1_TCGCCCATCACGCCAA-1,TB,0.0
TB1_TCGCGAGGTAATTAGC-1,TB,0.0
TB1_TCGCGAGGTACCGGAT-1,TB,1.0167559436405165
TB1_TCGCGCACATTGTGAT-1,TB,0.4727346964360194
TB1_TCGCTAACAGGCTAAG-1,TB,1.713444470403903
TB1_TCGGTTACAATTAGGA-1,TB,0.0
TB1_TCGGTTACACCGGTAT-1,TB,0.0
TB1_TCGGTTACAGCTAATT-1,TB,0.8504339180296111
TB1_TCGGTTCTCACCTGTC-1,TB,0.0
TB1_TCGGTTCTCATAGCCG-1,TB,0.0
TB1_TCGGTTCTCGTTTCGC-1,TB,0.0
TB1_TCGGTTTGTAGCTAAT-1,TB,0.0
TB1_TCGGTTTGTAGGATCC-1,TB,0.0
TB1_TCGTAATCAAAGCGGC-1,TB,0.6834890784828003
TB1_TCGTAATCATTATGGT-1,TB,0.0
TB1_TCGTCAACAAGCCACT-1,TB,0.0
TB1_TCGTCAACACCAGGTT-1,TB,0.0
TB1_TCGTCAACATAAGTCT-1,TB,0.0
TB1_TCGTGCTTCCATCAGG-1,TB,0.0
TB1_TCGTGCTTCTTGATGA-1,TB,0.0
TB1_TCGTTAAAGTACCGCA-1,TB,0.0
TB1_TCGTTACGTAATTAGC-1,TB,0.0
TB1_TCGTTACGTTGCACAA-1,TB,0.0
TB1_TCGTTAGCAGTTTGGC-1,TB,0.0
TB1_TCGTTATTCGGGCCAT-1,TB,0.0
TB1_TCGTTTCCAGGTATTT-1,TB,1.9503805829102547
TB1_TCTAACTTCAAGCCTG-1,TB,1.3606048750045798
TB1_TCTAAGGGTGGTTCTT-1,TB,0.0
TB1_TCTAATCTCCCGAACA-1,TB,0.0
TB1_TCTAATCTCGCTTCTA-1,TB,0.0
TB1_TCTAATCTCTGGCATG-1,TB,0.9085021137682419
TB1_TCTACCTCAGTAAAGC-1,TB,0.43972005179865536
TB1_TCTACTAGTGTCCAGG-1,TB,0.0
TB1_TCTACTAGTTACCGGG-1,TB,1.1015095494422638
TB1_TCTAGCCTCATTTAGG-1,TB,0.0
TB1_TCTAGCCTCCCTCAAC-1,TB,0.0
TB1_TCTAGCCTCTTGCTAT-1,TB,0.0
TB1_TCTAGCGAGGTAACGA-1,TB,0.6145499658691087
TB1_TCTAGCGAGTAAACCC-1,TB,0.0
TB1_TCTATGTTCCCGAAGC-1,TB,0.0
TB1_TCTCAAGCAAACCTTG-1,TB,1.0537145857397165
TB1_TCTCAAGCAGTAATAG-1,TB,0.43192482774404073
TB1_TCTCAATTCCGGTTAG-1,TB,0.0
TB1_TCTCAATTCGGGATTT-1,TB,1.493140601025339
TB1_TCTCGCCCAGTGAACG-1,TB,1.7519768468909533
TB1_TCTGGCTTCTAACCTT-1,TB,0.0
TB1_TCTGGCTTCTCACTCA-1,TB,1.5290056645135208
TB1_TCTGTGACACAGGAAT-1,TB,0.0
TB1_TCTGTGACAGTGAACG-1,TB,0.0
TB1_TCTTAGCGTGGATTAT-1,TB,0.0
TB1_TCTTAGTTCCAATAGC-1,TB,0.0
TB1_TCTTAGTTCCTCAGTC-1,TB,0.0
TB1_TCTTCAAGTTTCAGGA-1,TB,0.0
TB1_TCTTCAAGTTTGGCGG-1,TB,0.0
TB1_TCTTGACGTTAATGAC-1,TB,0.47978416391336176
TB1_TCTTGTCCATAATCGT-1,TB,0.9469304216509485
TB1_TCTTTGTAGGTGTCCA-1,TB,0.0
TB1_TGAAGCAAGAACCTAC-1,TB,0.0
TB1_TGAAGCAAGAGAGGCT-1,TB,0.0
TB1_TGAAGGATCCGCCTCA-1,TB,0.0
TB1_TGAAGGATCGTAACGT-1,TB,0.592013259298795
TB1_TGAAGTGAGCCGCTAA-1,TB,0.0
TB1_TGAAGTGAGCGCCTTT-1,TB,0.0
TB1_TGAAGTGAGGCGCACT-1,TB,0.0
TB1_TGACCAAGTAGTAAGA-1,TB,0.0
TB1_TGACCAAGTATTCGTC-1,TB,0.6976777697342083
TB1_TGACCAAGTCATAGAT-1,TB,0.0
TB1_TGACCAAGTGAGGTAG-1,TB,0.6609753757915152
TB1_TGACCAAGTTCTTTAG-1,TB,0.0
TB1_TGACCTTGTAACGAGG-1,TB,0.7860650147256504
TB1_TGACTTAAGGGACCTC-1,TB,0.0
TB1_TGACTTCGTAATCCCT-1,TB,0.3733912258524684
TB1_TGACTTCGTCTAGCTT-1,TB,0.0
TB1_TGACTTCGTGGATTCA-1,TB,0.0
TB1_TGACTTCGTTAGCCAA-1,TB,0.0
TB1_TGACTTCGTTGGATAT-1,TB,0.0
TB1_TGACTTCGTTTAGTCC-1,TB,0.7974214758523532
TB1_TGAGAACCACTAGCGT-1,TB,0.8822914905583823
TB1_TGAGAACCATGGCCTG-1,TB,1.5363114551636905
TB1_TGAGCAAAGAGGAAGG-1,TB,0.0
TB1_TGAGCAAAGCATGACT-1,TB,0.0
TB1_TGAGCAAAGGCAAGTA-1,TB,0.4820001872769434
TB1_TGAGCAAAGTAGCCAT-1,TB,1.3138172672836141
TB1_TGAGCACGTAACCACA-1,TB,0.0
TB1_TGAGCACGTGAGCAAG-1,TB,0.0
TB1_TGAGCCGGTCATGCAA-1,TB,1.718589858529616
TB1_TGAGCCGGTTTATCTG-1,TB,0.0
TB1_TGAGCTTAGGAAACTG-1,TB,0.0
TB1_TGAGCTTAGGACAATG-1,TB,0.0
TB1_TGAGCTTAGTTCCTGC-1,TB,0.0
TB1_TGAGGAGGTGGTTAGC-1,TB,0.7687209957428234
TB1_TGAGGCACATCACAGC-1,TB,0.6492354084485557
TB1_TGAGGTGCAACCTGGT-1,TB,0.7710869321350831
TB1_TGAGGTGCAGGTCCTG-1,TB,0.0
TB1_TGAGGTGCATTGCAGC-1,TB,0.0
TB1_TGAGTGAAGCAGGTTT-1,TB,0.0
TB1_TGAGTTTCACATAACT-1,TB,1.20311016249027
TB1_TGAGTTTCACCTCGCT-1,TB,0.0
TB1_TGAGTTTCAGCACGAA-1,TB,1.284794024035716
TB1_TGATCACAGCACGTTG-1,TB,0.0
TB1_TGATCACAGTAAGTGG-1,TB,0.0
TB1_TGATCAGGTTTGGTTC-1,TB,0.0
TB1_TGATCCTGTCTTGCTG-1,TB,0.45080385602268364
TB1_TGATGACTCCAAACAC-1,TB,0.0
TB1_TGATGACTCCCGAAGC-1,TB,0.0
TB1_TGATGACTCCCGTTTA-1,TB,1.3942648511816988
TB1_TGATGACTCCCTGGTT-1,TB,0.6998642079108969
TB1_TGATGACTCCTTGCGT-1,TB,0.7925265977610526
TB1_TGATGACTCGAGCAAA-1,TB,0.0
TB1_TGATGACTCGCCTGTT-1,TB,0.0
TB1_TGATGATGTTTATCGC-1,TB,0.8049356140616931
TB1_TGATTAGTCAGCATTA-1,TB,0.0
TB1_TGATTAGTCATTGTTC-1,TB,0.9594674398021974
TB1_TGATTAGTCCTCATCA-1,TB,0.0
TB1_TGATTGCAGTAACAGG-1,TB,1.0215943620814867
TB1_TGATTGCAGTCGCTAG-1,TB,0.0
TB1_TGATTGCAGTTATGTG-1,TB,0.0
TB1_TGCAAGCGTAAAGCGG-1,TB,0.0
TB1_TGCAAGCGTCACCAAA-1,TB,0.0
TB1_TGCAAGCGTGCTTTAC-1,TB,1.6251410154719121
TB1_TGCAAGCGTGGTTATG-1,TB,0.0
TB1_TGCAAGCGTGTTGCAA-1,TB,0.0
TB1_TGCAATATCGGCCATA-1,TB,0.47401316671247073
TB1_TGCACACCAAGGTCCT-1,TB,0.0
TB1_TGCACCTTCATCCTCA-1,TB,0.921512360628546
TB1_TGCACCTTCGTTTCTG-1,TB,0.623088334416404
TB1_TGCACTTGTCCAAATG-1,TB,0.0
TB1_TGCAGGCTCCCGTTGT-1,TB,0.9849625496758239
TB1_TGCAGGCTCGCAAACT-1,TB,0.0
TB1_TGCATCCTCCCGAAGC-1,TB,1.5765086312849337
TB1_TGCATCCTCCGTAAAC-1,TB,0.6785726574026768
TB1_TGCATCCTCGTCATTT-1,TB,1.0744112636745693
TB1_TGCATGAGTGATGATT-1,TB,0.0
TB1_TGCATTAAGCCTAATA-1,TB,0.0
TB1_TGCCGGTAGACAAACG-1,TB,0.0
TB1_TGCCGGTAGACTCGCA-1,TB,0.0
TB1_TGCCGGTAGGATTGAG-1,TB,0.6343617071141915
TB1_TGCCGGTAGTGAGCAA-1,TB,0.974724670116502
TB1_TGCCTGTTCAGCAAAG-1,TB,1.4702811029889342
TB1_TGCCTGTTCTTGCTAT-1,TB,0.5809711314845193
TB1_TGCGCAGGTGTCCTGC-1,TB,0.0
TB1_TGCGCAGGTTAAGTGT-1,TB,0.8539818380226629
TB1_TGCGGTTCAACATAAG-1,TB,0.0
TB1_TGCGGTTCACCAGCAT-1,TB,0.0
TB1_TGCGGTTCACGTTACA-1,TB,1.5046609976098793
TB1_TGCTAGCCACCCACCT-1,TB,0.0
TB1_TGCTAGCCAGCAAGTG-1,TB,0.0
TB1_TGCTATGCATTGTCAG-1,TB,0.0
TB1_TGCTCAACACGTAAGG-1,TB,0.0
TB1_TGCTCAACATAACGGG-1,TB,0.0
TB1_TGCTCACTCCGCATGA-1,TB,0.0
TB1_TGCTCACTCGATTATG-1,TB,1.2619454388055857
TB1_TGCTCACTCTAACCTT-1,TB,0.0
TB1_TGCTCACTCTAGCGTG-1,TB,1.5090355361181125
TB1_TGCTCTCAGGCGGATG-1,TB,1.7671882084975497
TB1_TGCTCTCAGGGTCCAC-1,TB,0.0
TB1_TGCTCTCAGTTAACCA-1,TB,0.0
TB1_TGCTTCATCATGGTTA-1,TB,1.3957127761067172
TB1_TGCTTCATCCGGTTGA-1,TB,0.0
TB1_TGCTTCATCGCGACAC-1,TB,0.0
TB1_TGCTTCCAGCTGAGGG-1,TB,0.0
TB1_TGCTTCCAGTTTGAGC-1,TB,1.202621169341198
TB1_TGCTTGCTCAAATCGC-1,TB,0.0
TB1_TGCTTGCTCCGTAAAC-1,TB,0.0
TB1_TGCTTGCTCCTAAGAC-1,TB,0.9667787485522552
TB1_TGCTTGCTCGCTAAAC-1,TB,0.0
TB1_TGCTTTAGTCATTACC-1,TB,0.0
TB1_TGCTTTAGTGCTCCGT-1,TB,0.0
TB1_TGGAACAAGCTTCTCA-1,TB,1.1113732477360823
TB1_TGGAACAAGGAACCGG-1,TB,0.0
TB1_TGGACAAAGGATTTGC-1,TB,0.0
TB1_TGGACAAAGTTATGTG-1,TB,0.0
TB1_TGGACGGAGGACTAAG-1,TB,0.0
TB1_TGGACGGAGGTGAGAC-1,TB,0.0
TB1_TGGCCAATCAAGTGTC-1,TB,0.0
TB1_TGGCCTGCAATTTAGC-1,TB,1.2451370603274095
TB1_TGGCGGTTCATGGCTG-1,TB,1.0466875964919633
TB1_TGGCGGTTCTTTAAGG-1,TB,1.4260090234064553
TB1_TGGCTAAGTGTGTGGT-1,TB,0.0
TB1_TGGCTAAGTTCGGTAA-1,TB,0.9103620079492928
TB1_TGGCTATAGTCAATCA-1,TB,0.8222042927895468
TB1_TGGCTTTGTAATCGGC-1,TB,0.0
TB1_TGGGCATGTACTTCAC-1,TB,0.0
TB1_TGGGCATGTCAATACG-1,TB,0.8041160908598816
TB1_TGGGCCTAGGCATGAA-1,TB,0.0
TB1_TGGGCCTAGGCCTTAG-1,TB,0.0
TB1_TGGGCCTAGTTTAACG-1,TB,0.0
TB1_TGGTAAACAAGCTACC-1,TB,0.0
TB1_TGGTAAACACCTATAG-1,TB,0.0
TB1_TGGTAAACAGCCGCTA-1,TB,0.0
TB1_TGGTAAACATAAGCAA-1,TB,0.0
TB1_TGGTAAACATTCAGCA-1,TB,0.8941660002599853
TB1_TGGTCAAGTGTTGCAA-1,TB,0.0
TB1_TGGTCAGTCAAGGACA-1,TB,0.44723640092930184
TB1_TGGTCAGTCCACCTGT-1,TB,0.6513377357625392
TB1_TGGTCATAGCGTGCGT-1,TB,0.0
TB1_TGGTCATAGCTCCTAC-1,TB,0.6747677066065457
TB1_TGGTCATAGTAACGAG-1,TB,0.0
TB1_TGGTCCTTCAGCCAAT-1,TB,0.0
TB1_TGGTCCTTCGTTAACA-1,TB,0.688282923190043
TB1_TGGTGATTCAGCAAGA-1,TB,0.0
TB1_TGGTGATTCGTGCTAG-1,TB,0.0
TB1_TGGTTAATCCAATTAG-1,TB,0.0
TB1_TGGTTAATCCCTCAAC-1,TB,0.0
TB1_TGGTTAATCCTAATTC-1,TB,1.599065802726336
TB1_TGGTTAATCGCACAAT-1,TB,0.0
TB1_TGGTTCCTCATCCTCA-1,TB,0.0
TB1_TGGTTCCTCGTTTCGC-1,TB,0.0
TB1_TGGTTCTGTTGAGGTC-1,TB,2.066200336870074
TB1_TGGTTGAGTCCGTGAG-1,TB,0.0
TB1_TGGTTGAGTGTTTCAC-1,TB,1.3375709269521165
TB1_TGTAAAGCAAGTGTTT-1,TB,0.0
TB1_TGTAACTCATAGCTGC-1,TB,0.5996919995228336
TB1_TGTAACTCATGAAGTA-1,TB,0.0
TB1_TGTAACTCATGCTCCC-1,TB,0.0
TB1_TGTAAGCTCTAACCTT-1,TB,1.629743178594846
TB1_TGTAAGTGTGCGCATG-1,TB,0.0
TB1_TGTATCGCACCTGCTC-1,TB,0.0
TB1_TGTATCGCATCCATCT-1,TB,0.6997112031183353
TB1_TGTATCGCATTTAAGC-1,TB,0.0
TB1_TGTCAATCAAGGATTA-1,TB,0.0
TB1_TGTCAATCAATGCGCT-1,TB,0.0
TB1_TGTCAGTAGAATCTCA-1,TB,1.0465277164553695
TB1_TGTCAGTAGCATGACT-1,TB,0.0
TB1_TGTCAGTAGCTACTGG-1,TB,1.5018516653778733
TB1_TGTCAGTAGGCTGTCA-1,TB,0.7666169735201174
TB1_TGTCAGTAGGTGAAGC-1,TB,0.0
TB1_TGTCATAAGCTAGAAG-1,TB,0.0
TB1_TGTCATAAGGGTCCAC-1,TB,0.0
TB1_TGTCCTGGTAATTAGC-1,TB,0.0
TB1_TGTCCTTCAAAGCCTC-1,TB,1.0601460078403138
TB1_TGTCCTTCATAAAGCA-1,TB,0.6855350633330082
TB1_TGTGAAACACTCGCTC-1,TB,0.0
TB1_TGTGAAACAGCACCAT-1,TB,0.5249470539329669
TB1_TGTGCAAGTATTTGGG-1,TB,1.3402710931406958
TB1_TGTGCAAGTCAATAGT-1,TB,0.0
TB1_TGTGCAAGTCATAAGT-1,TB,0.0
TB1_TGTGCACCAAAGGCCA-1,TB,0.0
TB1_TGTGCACCAATATACC-1,TB,0.5707121328984336
TB1_TGTGCACCAGGCTTCG-1,TB,0.0
TB1_TGTGCGCAGCCTGAGC-1,TB,0.0
TB1_TGTGCGGGTATTTGGG-1,TB,0.0
TB1_TGTGCGGGTCAATAGT-1,TB,0.0
TB1_TGTGCGGGTCTAACCT-1,TB,0.0
TB1_TGTGCGGGTTGTAAAC-1,TB,1.345814153616388
TB1_TGTGGAGCATGAGTTT-1,TB,0.0
TB1_TGTGGAGCATTAAGTC-1,TB,0.9576828913724489
TB1_TGTGGCCAGCTTCTCA-1,TB,0.7756119272607254
TB1_TGTGGCCAGGCCTTAG-1,TB,0.0
TB1_TGTGGCCAGTAAGGGC-1,TB,1.2008319886223795
TB1_TGTGGCGGTTAGAGGG-1,TB,2.0618620177469813
TB1_TGTGGCGGTTGCAGTA-1,TB,0.0
TB1_TGTGGCTCAATGCCTA-1,TB,0.0
TB1_TGTGGCTCAGTAAAGC-1,TB,0.0
TB1_TGTGTGAGTAGCCTAA-1,TB,0.0
TB1_TGTGTGAGTTACAACG-1,TB,1.5178755990641892
TB1_TGTGTGAGTTATCCTA-1,TB,0.0
TB1_TGTGTGAGTTGCACGG-1,TB,0.0
TB1_TGTTACTTCTGGCATG-1,TB,0.0
TB1_TGTTAGCAGCCAAATC-1,TB,0.0
TB1_TGTTAGCAGGGCTTTG-1,TB,0.0
TB1_TGTTCATTCGTACCGA-1,TB,0.0
TB1_TGTTCCTCATGTTGTG-1,TB,0.0
TB1_TGTTGCACAGTAAAGC-1,TB,0.0
TB1_TGTTGGCCATCAGCAC-1,TB,0.6111786786041775
TB1_TGTTGTAAGCCAGGTC-1,TB,0.9988898735305197
TB1_TGTTGTAAGTACTGGT-1,TB,0.8911867606005441
TB1_TGTTGTAAGTTTAACG-1,TB,1.5305169504590548
TB1_TGTTGTGCAGAAACGT-1,TB,0.0
TB1_TGTTGTGCAGGCGAGT-1,TB,0.0
TB1_TGTTGTGCATTAAGTC-1,TB,0.4155638739291087
TB1_TGTTGTTTCAGCTAAC-1,TB,1.0213100379406814
TB1_TGTTGTTTCCCATAAA-1,TB,0.0
TB1_TGTTGTTTCCTGGTCT-1,TB,0.7988317234511214
TB1_TTAAAGGCAATAGCCC-1,TB,0.0
TB1_TTAAAGGCAGAAACGT-1,TB,0.0
TB1_TTAAAGGCAGAACCGA-1,TB,1.4319231401594403
TB1_TTAACCAAGCCTGTTC-1,TB,0.0
TB1_TTAACCAAGGATCACT-1,TB,0.0
TB1_TTAACTGAGTGACCTG-1,TB,0.0
TB1_TTAAGCCAGAGGAGGA-1,TB,1.2725749544128357
TB1_TTAAGCCAGCTATATG-1,TB,0.0
TB1_TTAAGCCAGGATGATG-1,TB,0.0
TB1_TTAAGGACATGTCAAT-1,TB,0.6133831290600052
TB1_TTAAGGTGTAACAGGG-1,TB,0.0
TB1_TTAAGGTGTCGACTAA-1,TB,0.0
TB1_TTAAGGTGTGCGCGTA-1,TB,0.0
TB1_TTAAGGTGTTAGGCGT-1,TB,0.0
TB1_TTAAGGTGTTAGTGAT-1,TB,0.0
TB1_TTAAGTGTCAAACACC-1,TB,0.0
TB1_TTAAGTGTCTGTTGCC-1,TB,0.0
TB1_TTAATCGAGCATTATG-1,TB,0.0
TB1_TTAATCGAGCCTAACG-1,TB,0.4505146799115567
TB1_TTAATCGAGGTCCTAG-1,TB,0.0
TB1_TTAATCGAGGTCTTGG-1,TB,0.6952286599136047
TB1_TTAATCGAGTAGAGGC-1,TB,0.0
TB1_TTACACCGTAATCCCT-1,TB,0.0
TB1_TTACACCGTCATTGTC-1,TB,0.0
TB1_TTACACCGTTCGGGAT-1,TB,0.0
TB1_TTACAGCAGCCGCAGT-1,TB,0.0
TB1_TTACCGTGTATCTGGA-1,TB,1.567647633884176
TB1_TTAGAAGCAGTACCGT-1,TB,0.0
TB1_TTAGACTCATAATCCG-1,TB,1.2402709169475004
TB1_TTAGCAATCAAGACTC-1,TB,0.0
TB1_TTAGCAGGTTACAACG-1,TB,0.0
TB1_TTAGCAGGTTATCCGT-1,TB,0.0
TB1_TTAGCCTGTCAAACTG-1,TB,0.4904872404425647
TB1_TTAGCGGTCGCTCCAT-1,TB,1.6309537338200122
TB1_TTAGCTGCAGAACCGA-1,TB,0.0
TB1_TTAGCTGCAGGAAGCC-1,TB,0.0
TB1_TTAGGAACAGCATTAT-1,TB,1.0841573720690352
TB1_TTAGGATGTCTTTGAC-1,TB,0.0
TB1_TTAGGATGTTCCATTA-1,TB,0.0
TB1_TTAGGCCCAAATGCCC-1,TB,0.0
TB1_TTAGGCCCAAGGTGGC-1,TB,0.0
TB1_TTAGGCCCATCCTGAA-1,TB,0.0
TB1_TTAGGCGTCCCGTTAC-1,TB,0.0
TB1_TTAGGCGTCGTTACAA-1,TB,0.0
TB1_TTAGGCGTCTTAGTGA-1,TB,0.0
TB1_TTAGGCTAGGTATTGC-1,TB,0.0
TB1_TTAGGCTAGGTTAGAG-1,TB,0.0
TB1_TTAGGCTAGTCAATTG-1,TB,0.6411772561425342
TB1_TTAGTCAAGCATCCAG-1,TB,0.7179371239804463
TB1_TTATAGCCAAATTGCT-1,TB,0.8474121624304771
TB1_TTATAGCCAACTGGCT-1,TB,0.0
TB1_TTATAGCCAAGGCCAA-1,TB,0.0
TB1_TTATAGCCAGGCCATT-1,TB,0.8321242533723127
TB1_TTATAGCCAGTTATCG-1,TB,0.5601735004705248
TB1_TTATAGCCATATTGAC-1,TB,1.0621231429245745
TB1_TTATAGCCATTAAACC-1,TB,1.8324213564498313
TB1_TTATCCGTCACTAGGT-1,TB,1.201644514566345
TB1_TTATCCGTCATGGCCA-1,TB,0.0
TB1_TTATCCGTCGGGACCT-1,TB,0.0
TB1_TTATCCTAGCGAGGTG-1,TB,1.207366803721821
TB1_TTATGACCATAGACCC-1,TB,0.87350177927701
TB1_TTATGACCATGTTGGC-1,TB,0.0
TB1_TTATGCGCACGTAAGG-1,TB,0.0
TB1_TTATGCGCAGCAAATA-1,TB,0.0
TB1_TTATGCGCATTATGCG-1,TB,1.5379356293417232
TB1_TTATTGCTCCTAATAG-1,TB,1.7927601698019069
TB1_TTCAACCGTCGACTAA-1,TB,0.0
TB1_TTCACTGTCTGCAACG-1,TB,0.0
TB1_TTCAGCACAAGGACCA-1,TB,0.0
TB1_TTCAGCACAATATAGG-1,TB,0.6054547747364751
TB1_TTCAGCACACATTGCA-1,TB,0.0
TB1_TTCAGCACACTCGCTC-1,TB,0.0
TB1_TTCAGCACAGGAACCA-1,TB,1.6901355041723791
TB1_TTCATCCCATGCTTAG-1,TB,0.0
TB1_TTCATTCAGTCCTTTG-1,TB,0.744186355167323
TB1_TTCCACGGTAAGGTCC-1,TB,0.0
TB1_TTCCACGGTCGAAGTC-1,TB,1.3939934807965249
TB1_TTCCACGGTCTAACAG-1,TB,0.0
TB1_TTCCACGGTGGATTGC-1,TB,0.4375110545928557
TB1_TTCCCACAGAAGGTGC-1,TB,0.0
TB1_TTCCCACAGCCATCAG-1,TB,0.0
TB1_TTCCCGCCAAACATAG-1,TB,0.0
TB1_TTCCCGCCAAGTGAAC-1,TB,0.0
TB1_TTCCTCAAGACAAGTG-1,TB,0.0
TB1_TTCCTCAAGGGATGAC-1,TB,0.0
TB1_TTCCTCAAGTGAGCGG-1,TB,0.0
TB1_TTCCTTCTCAAACCGT-1,TB,0.0
TB1_TTCCTTCTCTCTAGCC-1,TB,0.447297422408377
TB1_TTCCTTGAGGTTACGT-1,TB,0.470784949717012
TB1_TTCCTTGAGTCCTGAG-1,TB,0.0
TB1_TTCGCAACAGGAACTG-1,TB,1.581756291164761
TB1_TTCGGTACACGGTTTA-1,TB,0.0
TB1_TTCGGTACAGAACCGA-1,TB,0.0
TB1_TTCGGTACATGCTCCC-1,TB,0.0
TB1_TTCGTTAGTAAGGTTT-1,TB,0.0
TB1_TTCTTAGGTCCAAATG-1,TB,0.0
TB1_TTCTTAGGTTTCGCCA-1,TB,0.0
TB1_TTCTTAGGTTTGTCTA-1,TB,0.6772835165867779
TB1_TTGACATCAATTTAGC-1,TB,0.9211481127118164
TB1_TTGACATCAGGAACCA-1,TB,0.4730308577200365
TB1_TTGACGTAGAAAGGAA-1,TB,0.7363300816688574
TB1_TTGACGTAGGTAGCTT-1,TB,0.0
TB1_TTGAGCTAGCATTATG-1,TB,0.0
TB1_TTGAGCTAGCGCTAAT-1,TB,0.6743424185693275
TB1_TTGAGCTAGGGCTAAA-1,TB,0.0
TB1_TTGAGCTAGTTCCCAC-1,TB,0.0
TB1_TTGAGGCGTCAGTAAT-1,TB,0.0
TB1_TTGAGGCGTGGTTAGC-1,TB,1.1597518700715976
TB1_TTGATGTCACTAAGAA-1,TB,0.8887342198587344
TB1_TTGCAACAGCATGAAG-1,TB,0.0
TB1_TTGCAACAGCGATAGA-1,TB,0.0
TB1_TTGCAACAGTGGACAA-1,TB,0.0
TB1_TTGCAAGGTTAACGGC-1,TB,2.2810903494633377
TB1_TTGCAAGGTTACCGGG-1,TB,0.0
TB1_TTGCAATCAATAACCT-1,TB,1.2483755923376032
TB1_TTGCAATCACAACAAA-1,TB,1.0411627869660867
TB1_TTGCAATCACTTAACG-1,TB,0.0
TB1_TTGCAATCAGGAACCA-1,TB,0.0
TB1_TTGCACACAAGTGTTT-1,TB,0.0
TB1_TTGCACACAGAATGAC-1,TB,0.0
TB1_TTGCACACAGCAAGTG-1,TB,0.0
TB1_TTGCACACATGACTAT-1,TB,0.5148307901328564
TB1_TTGCAGCCATAAGTCT-1,TB,1.4253287436491948
TB1_TTGCATTTCGTGCTAG-1,TB,1.116528077309725
TB1_TTGCGTCTCTATTGTC-1,TB,0.0
TB1_TTGCTCTCAGGCATCT-1,TB,0.0
TB1_TTGCTTAGTTAGACCA-1,TB,0.4059156149359565
TB1_TTGCTTTAGTGAGGTA-1,TB,1.246018418417584
TB1_TTGGAGGCACCTGTAA-1,TB,0.0
TB1_TTGGATATCAATCATG-1,TB,1.0280278095785396
TB1_TTGGATATCACCTGTC-1,TB,1.0822184788924334
TB1_TTGGATATCGAGCAAA-1,TB,1.4256007648833262
TB1_TTGGATCAGCGCTAAT-1,TB,0.7540630966518593
TB1_TTGGATCAGGCGAATA-1,TB,0.0
TB1_TTGGATCAGGCTGTCA-1,TB,0.0
TB1_TTGGATTCACTTCACT-1,TB,0.0
TB1_TTGGCGGGTAGGATTT-1,TB,2.1918697067789172
TB1_TTGGCGGGTAGTAAGA-1,TB,0.0
TB1_TTGGCTACAGTAAAGC-1,TB,0.0
TB1_TTGGCTGAGGAGTAAT-1,TB,2.3296443700608664
TB1_TTGGCTTGTGTCACGG-1,TB,0.0
TB1_TTGGCTTGTTGCACGG-1,TB,0.0
TB1_TTGGGCCAGATGGAGC-1,TB,0.0
TB1_TTGGGCCAGCTATGAC-1,TB,0.0
TB1_TTGGGCCAGTCTCACC-1,TB,0.0
TB1_TTGGGCGGTGATGAGG-1,TB,0.0
TB1_TTGGGCGGTGGTTAGC-1,TB,0.7584408642262908
TB1_TTGGTGAGTAATCGTG-1,TB,0.0
TB1_TTGGTGAGTCAAAGAA-1,TB,0.0
TB1_TTGGTGAGTTGCCTCA-1,TB,0.0
TB1_TTGGTGAGTTGTGACA-1,TB,0.0
TB1_TTGTCAAAGCTATTAG-1,TB,1.2573652945136438
TB1_TTGTCCATCGACCTGA-1,TB,0.0
TB1_TTGTCCATCGTTTCTG-1,TB,0.7380355766930048
TB1_TTGTCCATCTCAATGA-1,TB,0.0
TB1_TTGTCCCAGCTATGAC-1,TB,0.0
TB1_TTGTCCCAGCTGGACC-1,TB,1.7692036636849364
TB1_TTGTCCCAGGTGCGGA-1,TB,2.633319229650752
TB1_TTGTCCGGTCTAACAG-1,TB,0.0
TB1_TTGTCCGGTGGTTATG-1,TB,0.0
TB1_TTGTGAGGTGGCTTCC-1,TB,0.0
TB1_TTGTGAGGTTTGCGAA-1,TB,0.6394380613525832
TB1_TTGTGCGAGTGGCGGA-1,TB,0.0
TB1_TTGTGTGCACAACAGG-1,TB,0.0
TB1_TTGTGTGCACGTAATT-1,TB,0.0
TB1_TTGTGTGCAGCCTAAC-1,TB,0.0
TB1_TTGTTCCCAGGAACCA-1,TB,0.0
TB1_TTGTTCCCATGTCGCG-1,TB,0.9210570988572788
TB1_TTGTTGTTCACGCGGT-1,TB,0.0
TB1_TTGTTTGGTTCCTGTG-1,TB,0.0
TB1_TTTAACCTCGACCTGA-1,TB,1.6378735238909161
TB1_TTTAACGAGAGAGGCT-1,TB,1.1519957492279849
TB1_TTTAAGCCACTTCACT-1,TB,0.0
TB1_TTTAAGCCATTATGGT-1,TB,0.7055488215721575
TB1_TTTAAGGTCGAGCTAT-1,TB,1.1700712526502546
TB1_TTTACGAAGCGGCTGT-1,TB,1.1375422634661991
TB1_TTTACGAAGGATGATG-1,TB,1.4150176975911497
TB1_TTTACGCGTAAAGCAA-1,TB,0.8890716462988602
TB1_TTTACGCGTCATCAAG-1,TB,0.0
TB1_TTTACGCGTGGAAGGC-1,TB,0.8428277326671538
TB1_TTTAGCAAGACAAAGT-1,TB,0.0
TB1_TTTAGCAAGACTCGCA-1,TB,0.9696150283481986
TB1_TTTAGCAAGCTCAATA-1,TB,0.6378768956736638
TB1_TTTAGCAAGGCCCAGT-1,TB,0.0
TB1_TTTAGCTTCAGGTCCA-1,TB,0.0
TB1_TTTAGCTTCCCTGGAA-1,TB,0.0
TB1_TTTAGCTTCGCTAAGT-1,TB,0.0
TB1_TTTATGGAGTTGCCTC-1,TB,0.38640179520702966
TB1_TTTCAGTTCACGCATG-1,TB,0.0
TB1_TTTCAGTTCATGGCCA-1,TB,0.29571864851619545
TB1_TTTCAGTTCATTTGCT-1,TB,1.4180927674406891
TB1_TTTCAGTTCGATTTGA-1,TB,0.9400316341694208
TB1_TTTCATCAGAACCTGT-1,TB,0.0
TB1_TTTCCACCACTTGTTC-1,TB,1.9662985300137164
TB1_TTTCCACCAGCCAGAA-1,TB,1.0767021790323652
TB1_TTTCCGGGTCTTTATG-1,TB,1.3822877777963682
TB1_TTTCCGGGTTAATGCG-1,TB,0.0
TB1_TTTCCTGAGAGAAGGG-1,TB,0.0
TB1_TTTCCTGAGGGACCTC-1,TB,0.0
TB1_TTTCCTGAGTTGTCCC-1,TB,0.0
TB1_TTTCGTCCACCTACTT-1,TB,0.0
TB1_TTTCGTCCATGTTTGG-1,TB,0.0
TB1_TTTCTCACAGTAATAG-1,TB,0.6238913282613426
TB1_TTTCTCACATGACTAT-1,TB,0.0
TB1_TTTCTTGCAACACTTG-1,TB,0.40641736980147447
TB1_TTTCTTGCATAAGTTC-1,TB,0.0
TB1_TTTCTTGCATGTTGTG-1,TB,0.7493258891011914
TB1_TTTGACTTCAAGCTAC-1,TB,0.42869059329371834
TB1_TTTGACTTCACAGACT-1,TB,1.2090129603392978
TB1_TTTGACTTCTCGACCT-1,TB,1.359420779845834
TB1_TTTGAGTCAATAGTCT-1,TB,0.0
TB1_TTTGAGTCATCCTAGA-1,TB,0.0
TB1_TTTGAGTCATTGGGAG-1,TB,0.0
TB1_TTTGCATTCACCAATA-1,TB,1.0339851646766631
TB1_TTTGCATTCCGCCAAA-1,TB,0.0
TB1_TTTGCATTCGGTCAGC-1,TB,0.0
TB1_TTTGCGACAACCCTAA-1,TB,1.3404793155529677
TB1_TTTGCGACAACTCGCG-1,TB,0.0
TB1_TTTGCGACAGGACACA-1,TB,0.0
TB1_TTTGCGGAGCAGGCCT-1,TB,0.0
TB1_TTTGCGGAGCATTTCT-1,TB,0.0
TB1_TTTGCGGAGGTTTACA-1,TB,1.1933338531120838
TB1_TTTGGCTGTATACTGG-1,TB,0.0
TB1_TTTGGCTGTTTGGGCG-1,TB,0.6278570885164851
TB1_TTTGGTAAGGCTAATC-1,TB,2.275534089101317
TB1_TTTGGTAAGTCATTTC-1,TB,1.416277388651624
TB1_TTTGGTAAGTGAGGTA-1,TB,0.0
TB1_TTTGGTAAGTGCTGTG-1,TB,1.2319109925734444
TB1_TTTGTCCCAAGATTCT-1,TB,0.0
TB1_TTTGTCCCAGGATGGC-1,TB,0.0
TB1_TTTGTCCCATGAATCT-1,TB,0.0
TB1_TTTGTCTAGACTATTG-1,TB,0.0
TB1_TTTGTCTAGCTTATGA-1,TB,1.095510824064153
TB1_TTTGTCTAGTCTTGAA-1,TB,0.0
TB1_TTTGTGAAGTCAGTAC-1,TB,0.0
TB1_TTTGTGGCAAGATTCT-1,TB,0.7275372354821208
TB1_TTTGTGGCACAACAGG-1,TB,0.9948336027371698
TB1_TTTGTGTTCATGCCTC-1,TB,0.0
TB1_TTTGTGTTCGCTATAA-1,TB,0.0
TB2_AAACAGCCACTAAGCC-1,TB,0.47394449868875965
TB2_AAACCAACAAACCTAT-1,TB,0.962757763633795
TB2_AAACCGAAGAACCTGT-1,TB,0.0
TB2_AAACCGCGTACAAAGA-1,TB,0.0
TB2_AAACGCGCACGTAATT-1,TB,1.4981550662804946
TB2_AAACGCGCAGTGAACG-1,TB,0.9095343851435838
TB2_AAAGCAAGTAGTAAGA-1,TB,0.0
TB2_AAAGCAAGTATTCGTC-1,TB,0.0
TB2_AAAGCACCAATGCCTA-1,TB,0.0
TB2_AAAGCCCGTTGGTTCT-1,TB,1.983294806514647
TB2_AAAGCGGGTCCTCCAA-1,TB,0.9496913260129485
TB2_AAAGCGGGTTAAGCGC-1,TB,2.0149752461751733
TB2_AAAGGACGTACCCACC-1,TB,0.0
TB2_AAAGGAGCAGCTAATT-1,TB,1.5913101191120909
TB2_AAAGGCTCACGTGCTG-1,TB,0.0
TB2_AAAGGCTCAGTATGTT-1,TB,1.1220849820532008
TB2_AAATGGCCAGTAAGTA-1,TB,0.6611566384269234
TB2_AACAAGCCACTAAGTT-1,TB,1.608052686181003
TB2_AACAAGCCATAAGTTC-1,TB,0.0
TB2_AACAGATAGGGTGGAT-1,TB,1.2777793368720949
TB2_AACAGCAAGGCGTAAA-1,TB,1.4490574749978442
TB2_AACAGCAAGTAGCGCC-1,TB,1.2000206894527032
TB2_AACAGGATCTTACTCG-1,TB,0.0
TB2_AACATAGCAGTTTGTG-1,TB,0.0
TB2_AACATAGCATTATGGT-1,TB,1.012747773862165
TB2_AACCGCTCACCGGTAT-1,TB,0.9695134240053791
TB2_AACCGCTCATCGCTCC-1,TB,1.9283862230327837
TB2_AACCGGCTCCTAGTAA-1,TB,0.0
TB2_AACCGGCTCGTTATCT-1,TB,1.92933775994034
TB2_AACCTAATCGTTATAG-1,TB,0.0
TB2_AACCTCACAGGTCCTG-1,TB,0.9023606282110207
TB2_AACCTTGCAGCTACGT-1,TB,0.0
TB2_AACGCCCAGCCACATG-1,TB,1.5729155422317715
TB2_AACGCCCAGGTTACGT-1,TB,0.0
TB2_AACGCCCAGTTAGGCT-1,TB,0.0
TB2_AACGCTAGTTGAGCCG-1,TB,0.0
TB2_AACTACTCACAACAGG-1,TB,0.0
TB2_AACTACTCACTTCACT-1,TB,1.5583420163377215
TB2_AACTACTCAGGCATGA-1,TB,0.7817970122417337
TB2_AACTGTTCAACTGGCT-1,TB,0.0
TB2_AACTGTTCAATAACCT-1,TB,1.1146662810923407
TB2_AACTGTTCATGAGTTT-1,TB,0.0
TB2_AACTTAGTCCAGCACA-1,TB,0.0
TB2_AAGAATCAGGACCGCT-1,TB,0.0
TB2_AAGAATCAGGCATTGT-1,TB,0.0
TB2_AAGACCAAGGAACACA-1,TB,0.5439534754178998
TB2_AAGACCAAGTCTTGAA-1,TB,1.5042524208425299
TB2_AAGCAAGTCTGTGAGT-1,TB,0.0
TB2_AAGCCACGTCACACCC-1,TB,1.0608864908171238
TB2_AAGCCACGTTAACAGT-1,TB,0.0
TB2_AAGCCACGTTCCATTA-1,TB,1.846725491221704
TB2_AAGCCTGTCATTGCGG-1,TB,0.0
TB2_AAGCGAGGTATTCGTC-1,TB,0.0
TB2_AAGCGAGGTCACACCC-1,TB,0.0
TB2_AAGCGAGGTGGATTCA-1,TB,0.0
TB2_AAGCGAGGTTAGCAGC-1,TB,0.0
TB2_AAGCGCTGTAGGATTT-1,TB,0.0
TB2_AAGCGCTGTGGATGTC-1,TB,0.0
TB2_AAGCGGGTCATCGTTT-1,TB,0.0
TB2_AAGCGTTTCCTACCTA-1,TB,0.5778298159726959
TB2_AAGCTAGAGCTAGAAG-1,TB,1.0803300045131081
TB2_AAGCTAGAGTTAGAGG-1,TB,0.0
TB2_AAGCTCCCAGCAACCT-1,TB,0.0
TB2_AAGCTTGGTCACGGAT-1,TB,0.5995067892610215
TB2_AAGGATGTCATGCGTG-1,TB,1.5043885839578734
TB2_AAGGATGTCGTCCTTA-1,TB,0.0
TB2_AAGGATTAGAAGCTAG-1,TB,0.0
TB2_AAGGTATAGGGATTAG-1,TB,0.0
TB2_AAGGTGCAGCCTAATA-1,TB,0.0
TB2_AAGGTGCAGCGCAATT-1,TB,0.993825093464861
TB2_AAGTAGCCACGGTACT-1,TB,0.0
TB2_AAGTCTATCAAGCCTG-1,TB,1.4681345220300375
TB2_AAGTCTATCACGCGGT-1,TB,0.7769105081182864
TB2_AAGTCTATCATAACGC-1,TB,1.5827801206268868
TB2_AAGTGAAGTTCCGGGA-1,TB,1.8357172411593872
TB2_AAGTGTTGTAGTCAAT-1,TB,0.0
TB2_AAGTTACGTAATCACG-1,TB,0.9664759206827517
TB2_AAGTTACGTAATCGGC-1,TB,0.8763563597522306
TB2_AAGTTACGTCAAAGGG-1,TB,0.0
TB2_AAGTTACGTTAGGCTA-1,TB,1.0033539299428842
TB2_AAGTTACGTTTAGTCC-1,TB,0.0
TB2_AAGTTAGCAAGGTACG-1,TB,0.0
TB2_AATAACCGTAATAGCT-1,TB,0.0
TB2_AATAACCGTTAATGCG-1,TB,0.0
TB2_AATACCGGTAAGTCGC-1,TB,0.5847803405192883
TB2_AATATCCCACAAAGGT-1,TB,0.8547572816910757
TB2_AATCATCCAAAGCTCC-1,TB,1.0924504723127353
TB2_AATCCCTGTCCGTGAG-1,TB,0.0
TB2_AATCCCTGTTTATGGG-1,TB,0.0
TB2_AATCCTAAGGCGTAAA-1,TB,0.0
TB2_AATCGCCCACGCAACT-1,TB,0.0
TB2_AATCTCAAGTTATGGC-1,TB,0.7307040808367194
TB2_AATGAAGGTGCAACTA-1,TB,0.0
TB2_AATGCAACAACGTGCT-1,TB,0.0
TB2_AATGCATGTGAAACAA-1,TB,0.0
TB2_AATGGCGCATGCTCCC-1,TB,0.0
TB2_AATGGCGCATTGTGCA-1,TB,0.0
TB2_AATGTCATCACGCATG-1,TB,0.0
TB2_AATTAGCGTTGTCCAT-1,TB,0.0
TB2_AATTGACGTTCAAGCA-1,TB,0.0
TB2_AATTGCCAGACACCGC-1,TB,0.0
TB2_AATTGCTCAGCAACCT-1,TB,0.0
TB2_AATTGGGAGGCAAGTA-1,TB,0.0
TB2_AATTGGGAGTCAATTG-1,TB,1.5263694232137124
TB2_AATTGTGTCATTGCAA-1,TB,1.7653122776869983
TB2_AATTTCCTCCCTCAGT-1,TB,0.5524573795806752
TB2_AATTTGCCAGCCAGTT-1,TB,0.0
TB2_AATTTGCCAGGTTCAC-1,TB,0.0
TB2_ACAAACTGTAAAGCAA-1,TB,0.0
TB2_ACAAACTGTTACAAAC-1,TB,1.657176509266995
TB2_ACAACAACAATGCCCG-1,TB,0.6448142565242432
TB2_ACAACATGTTTGGGCG-1,TB,0.0
TB2_ACACAATGTCACACCC-1,TB,0.0
TB2_ACACCTTGTCAAAGAA-1,TB,0.0
TB2_ACACCTTGTGTCACGG-1,TB,0.0
TB2_ACACCTTGTTGCTGGG-1,TB,0.0
TB2_ACACGGACACTCAACA-1,TB,1.3011089275962868
TB2_ACACGGACAGGTTAAA-1,TB,0.0
TB2_ACACTAGGTAAAGCAA-1,TB,0.0
TB2_ACACTAGGTCGTTATC-1,TB,1.978312283144421
TB2_ACACTAGGTGGCTTCC-1,TB,0.0
TB2_ACACTTAAGCTGTCAG-1,TB,0.0
TB2_ACACTTAAGGCTCATG-1,TB,0.0
TB2_ACACTTGCACAACAAA-1,TB,0.0
TB2_ACAGCCGGTGACCTGG-1,TB,0.0
TB2_ACAGCGCTCAATTACG-1,TB,0.0
TB2_ACAGCGCTCACCAATA-1,TB,0.5834465411178951
TB2_ACAGGAATCTCGCCCA-1,TB,0.0
TB2_ACAGGATCACCCACAG-1,TB,0.6046245444040388
TB2_ACAGGATCATTGTTGG-1,TB,0.6690031747185817
TB2_ACAGGCTGTACAAAGA-1,TB,0.0
TB2_ACAGGCTGTTTGGGCG-1,TB,0.0
TB2_ACAGTATGTTTCAGGA-1,TB,0.6216084059524098
TB2_ACATAGCTCATTGACA-1,TB,0.5943682979179667
TB2_ACATCAATCCTTAGGG-1,TB,0.645546784526102
TB2_ACATCAATCGATTATG-1,TB,0.0
TB2_ACATCATCATCCGTAA-1,TB,0.5860497379392035
TB2_ACATTAGTCGTAATCA-1,TB,0.9900893579057704
TB2_ACCAAACTCAGTTCCC-1,TB,0.0
TB2_ACCAAACTCTCTAGCC-1,TB,0.0
TB2_ACCAATATCCATAATG-1,TB,0.0
TB2_ACCACACCATAAGGAC-1,TB,0.728090748416927
TB2_ACCACATAGGAATAAC-1,TB,0.0
TB2_ACCACATAGGACAATG-1,TB,0.0
TB2_ACCATAATCGTTATCT-1,TB,2.181034166487125
TB2_ACCCAACCAGTTGCGT-1,TB,1.0781714280730923
TB2_ACCCAGGGTCACAAAT-1,TB,0.0
TB2_ACCCGCTGTAGTAAGA-1,TB,0.0
TB2_ACCCGCTGTTGCTTCG-1,TB,0.9860149270615415
TB2_ACCCGGTAGGACAATG-1,TB,0.0
TB2_ACCCGGTAGTGTTGTA-1,TB,0.0
TB2_ACCCGTAAGCACCACA-1,TB,0.6200166222999132
TB2_ACCCGTAAGCGAGGTG-1,TB,1.7116757905415045
TB2_ACCCTCCCAGCAAGGC-1,TB,0.0
TB2_ACCGAAGCAGTTTCTC-1,TB,1.4910036380384153
TB2_ACCGAAGCATAATCAC-1,TB,1.628589678521531
TB2_ACCGCAATCTAATCCT-1,TB,0.7788297516816387
TB2_ACCGCAATCTCAATAG-1,TB,0.7691556813019894
TB2_ACCGGCTAGCGCAATT-1,TB,0.0
TB2_ACCGGTTCAGCCTTGG-1,TB,0.0
TB2_ACCTAAATCCGCCAAA-1,TB,1.7593159738464281
TB2_ACCTAAGGTGGGTACT-1,TB,0.0
TB2_ACCTCACTCACCTGCT-1,TB,1.139465450797854
TB2_ACCTGGATCTGTGCAG-1,TB,1.8640167614594136
TB2_ACCTGGTCACCTAATG-1,TB,0.629859558303607
TB2_ACCTTCATCCTCCCTC-1,TB,0.0
TB2_ACCTTGCTCACGCGGT-1,TB,1.394753626065867
TB2_ACGAATCTCTTGGATA-1,TB,0.0
TB2_ACGACAAAGAGGATAT-1,TB,0.7051081324200066
TB2_ACGACTTAGGACGTAA-1,TB,1.0825195852454714
TB2_ACGAGTAAGTAGGCGG-1,TB,1.8486767102400743
TB2_ACGATTCAGACAGGCG-1,TB,0.0
TB2_ACGCCTAAGGCGGATG-1,TB,0.0
TB2_ACGCTTGAGGAGGTTA-1,TB,0.0
TB2_ACGGTACGTTATCCTA-1,TB,0.0
TB2_ACGGTTAGTACGGTAC-1,TB,0.0
TB2_ACGGTTAGTAGTTAAC-1,TB,1.608798219464901
TB2_ACGGTTTAGGAGTCTT-1,TB,0.9300689172840452
TB2_ACGGTTTAGTCATTAG-1,TB,0.9801006706965361
TB2_ACGTACCCAATTAACC-1,TB,0.0
TB2_ACGTACCCACGTAAGG-1,TB,0.9531546325059791
TB2_ACGTCAAGTCCCGAAG-1,TB,2.000235611679392
TB2_ACGTCCAAGCATGTCG-1,TB,0.0
TB2_ACGTCCAAGTTAGTTG-1,TB,0.0
TB2_ACGTCCTTCTTTGAGA-1,TB,0.0
TB2_ACTAACCAGCTACTGG-1,TB,0.9222722011664376
TB2_ACTAACGGTACCAGGT-1,TB,1.530233314059274
TB2_ACTAACGGTCATAGAT-1,TB,0.7120699994020904
TB2_ACTAACGGTGCTTACT-1,TB,1.195982489102828
TB2_ACTAACGGTTGCGCGA-1,TB,0.0
TB2_ACTAACTCAAATTCGT-1,TB,0.9922559397038463
TB2_ACTATCCGTAGCCTCC-1,TB,0.9880740637341683
TB2_ACTATCCGTTCATTTG-1,TB,1.143333489091017
TB2_ACTATCCGTTTACCGT-1,TB,0.0
TB2_ACTCACCTCTGTGCCT-1,TB,1.1018896643526697
TB2_ACTCACTGTCATAACG-1,TB,0.0
TB2_ACTCAGTAGCGCAATT-1,TB,0.0
TB2_ACTCCTCAGCGGCTGT-1,TB,0.0
TB2_ACTCCTCAGTGAAGTG-1,TB,0.0
TB2_ACTCGCGCAATTTGGT-1,TB,0.0
TB2_ACTCGCGCACTAAGTT-1,TB,0.0
TB2_ACTGAAACAGCAACCT-1,TB,0.9446187797645541
TB2_ACTTACAAGTTTAACG-1,TB,1.7320527597222062
TB2_ACTTACTTCCGCATGA-1,TB,0.5503680681748517
TB2_ACTTAGTCAAGGTCCT-1,TB,0.0
TB2_ACTTATCTCGTGCCTT-1,TB,0.0
TB2_ACTTCGCTCAATACGC-1,TB,0.0
TB2_ACTTGAATCCGGCTAA-1,TB,0.5699768778572336
TB2_ACTTGCACAGCCTTGG-1,TB,1.2633086420428716
TB2_ACTTGTAAGACAGGTA-1,TB,0.0
TB2_ACTTGTAAGGCTGGCT-1,TB,0.9434674949591118
TB2_ACTTGTCGTGCCTCAC-1,TB,0.7216691483724327
TB2_AGAAACTAGAGGGACT-1,TB,0.0
TB2_AGAAACTAGCGATACT-1,TB,0.7296452723582012
TB2_AGAAACTAGCTATTAG-1,TB,0.9401267122709235
TB2_AGAAACTAGTGAACGA-1,TB,0.5755732507337566
TB2_AGAAAGGCAAGTCGCT-1,TB,2.611765044774164
TB2_AGAAAGGCATAGCTGC-1,TB,0.0
TB2_AGAACAAGTGCTCACC-1,TB,1.0927139350310262
TB2_AGAACCAAGCTCCTTA-1,TB,1.3611654550730021
TB2_AGAACCAAGGCAATAG-1,TB,1.6776334067077894
TB2_AGAACCGCATTAGGTT-1,TB,0.0
TB2_AGAATCGAGTTCCTGC-1,TB,0.0
TB2_AGAATCTGTAGGATCC-1,TB,0.0
TB2_AGAATCTGTCTAACAG-1,TB,1.140683170362585
TB2_AGACACGCATGGTTAT-1,TB,1.3464800506452113
TB2_AGACACGCATTGTGGC-1,TB,0.0
TB2_AGACCCGGTGCTCCGT-1,TB,0.8286926725561692
TB2_AGACTATGTACGATTG-1,TB,1.174380012240196
TB2_AGACTATGTCGTTACT-1,TB,0.4924835559084273
TB2_AGACTATGTTGAGGTC-1,TB,1.3493978542558842
TB2_AGAGAAGCATAAGCAA-1,TB,1.2408677405542043
TB2_AGAGATTAGCTGGCTA-1,TB,0.0
TB2_AGAGGAACAAGTAAGC-1,TB,0.0
TB2_AGAGGAACACCCACAG-1,TB,0.0
TB2_AGAGGAACAGGCCAAA-1,TB,1.0712470744025282
TB2_AGAGGATGTGTAATAC-1,TB,0.0
TB2_AGAGGATGTGTGCAAC-1,TB,0.0
TB2_AGATGAAGTCACCAAA-1,TB,0.0
TB2_AGATGCTTCCGGTATG-1,TB,2.049153095354697
TB2_AGATGCTTCCTCAGTC-1,TB,0.0
TB2_AGCAAATAGAGGCTAA-1,TB,0.0
TB2_AGCAACAAGGAACCAA-1,TB,0.7622314921137118
TB2_AGCAAGGGTCCGTAGG-1,TB,0.0
TB2_AGCAAGGGTTAACGGC-1,TB,0.0
TB2_AGCAATACAAGGTGGC-1,TB,0.0
TB2_AGCAATTGTTTCCGGC-1,TB,0.0
TB2_AGCACAGCAATGAATG-1,TB,0.0
TB2_AGCATCCCAAACTCAT-1,TB,0.0
TB2_AGCCAGTGTAACCACA-1,TB,0.0
TB2_AGCCTAAGTCCTAAGA-1,TB,0.0
TB2_AGCCTAGTCGACCTGA-1,TB,0.0
TB2_AGCCTCCGTTACTTCA-1,TB,0.0
TB2_AGCCTGGGTACGTTTC-1,TB,0.0
TB2_AGCGTGCTCGCCTAAG-1,TB,0.8952779895389353
TB2_AGCTAAACAGCCTGCA-1,TB,1.3372601705487512
TB2_AGCTAACTCAATCTAG-1,TB,1.333441049932769
TB2_AGCTACGTCTCCATAT-1,TB,0.0
TB2_AGCTACGTCTTTGAGA-1,TB,0.6909047478275725
TB2_AGCTAGTTCCCGAACA-1,TB,0.0
TB2_AGCTCATAGTGAGAGC-1,TB,0.4811490366729869
TB2_AGCTGCTCACTGACCG-1,TB,1.1412266463300125
TB2_AGCTTCCTCAAGTGTC-1,TB,1.6040200041927077
TB2_AGCTTCCTCAGGATGA-1,TB,0.0
TB2_AGCTTCCTCCGCCTCA-1,TB,0.0
TB2_AGCTTCCTCTTTGACT-1,TB,0.0
TB2_AGCTTGGTCCCATAGG-1,TB,0.0
TB2_AGCTTGGTCGTTTCTG-1,TB,1.051832025796875
TB2_AGCTTTAAGGACCTTG-1,TB,0.7386059112446317
TB2_AGGAAACGTTACAACG-1,TB,0.0
TB2_AGGAACCAGCAACAAG-1,TB,0.813683090176268
TB2_AGGAACGGTTTAGCGA-1,TB,0.8571706748649985
TB2_AGGACTAAGGATAAAC-1,TB,0.0
TB2_AGGAGCTAGCGGCTGT-1,TB,0.0
TB2_AGGATATAGAACCTAC-1,TB,0.9892397315203227
TB2_AGGATATAGTGCTGTG-1,TB,0.0
TB2_AGGATCCGTAACGAGG-1,TB,0.6851931826438299
TB2_AGGATGCAGCACCACA-1,TB,0.38955695475153723
TB2_AGGATGCAGGAGTCGG-1,TB,2.401904901265731
TB2_AGGATGCAGTGATTCA-1,TB,1.092121339927803
TB2_AGGATGTCATGTTGCA-1,TB,1.4837563944377932
TB2_AGGCAGGTCCTGGTCT-1,TB,0.0
TB2_AGGCGGATCATGAAGG-1,TB,0.0
TB2_AGGCGGATCGGTAACT-1,TB,0.0
TB2_AGGCTAGCATCATGGC-1,TB,1.101554253881775
TB2_AGGGCTACACAAGCCT-1,TB,1.3551348682996474
TB2_AGGGTTGCAACACTTG-1,TB,0.8930569508053176
TB2_AGGGTTGCAGTAGGTG-1,TB,0.0
TB2_AGGGTTGCATAAGTTC-1,TB,0.0
TB2_AGGTACGCACAATGCC-1,TB,1.0636112892232403
TB2_AGGTACGCACCTAAGC-1,TB,0.691103464273992
TB2_AGGTATTGTACTTAGG-1,TB,0.5787237666221703
TB2_AGGTCAAAGCAAACCT-1,TB,0.0
TB2_AGGTCAAAGCATTAGC-1,TB,2.1796417067783525
TB2_AGGTCATTCAGGTCCA-1,TB,0.5831315570459251
TB2_AGGTCATTCGCAACAT-1,TB,0.0
TB2_AGGTCATTCGGTTAGT-1,TB,0.0
TB2_AGGTCATTCTCACATT-1,TB,0.0
TB2_AGGTCCGGTACTGATG-1,TB,0.8144882684850289
TB2_AGGTCTTAGTATTGTG-1,TB,0.0
TB2_AGGTGAGGTCGCAATA-1,TB,0.886547578213767
TB2_AGGTGAGGTTGTCATC-1,TB,0.0
TB2_AGGTTACTCCAAGTGT-1,TB,1.2433785484724365
TB2_AGGTTAGAGGCAAGTA-1,TB,0.0
TB2_AGGTTGCGTAGCTAAT-1,TB,0.8213472703528089
TB2_AGGTTGCGTTACAAAC-1,TB,0.0
TB2_AGGTTTATCAGCACCA-1,TB,0.0
TB2_AGGTTTGGTTGACTTC-1,TB,0.0
TB2_AGTAAACAGGTTAGAG-1,TB,1.4678774264609027
TB2_AGTAAACAGTCAATCA-1,TB,0.0
TB2_AGTAACCTCCCTCATA-1,TB,0.0
TB2_AGTAACCTCCCTCTAA-1,TB,0.9814546830152266
TB2_AGTAGCTTCAAGACTC-1,TB,0.0
TB2_AGTAGCTTCCAGGTCA-1,TB,0.0
TB2_AGTAGCTTCGTTAAGC-1,TB,0.0
TB2_AGTAGCTTCTCACTCA-1,TB,0.0
TB2_AGTAGGATCAACCAAC-1,TB,1.201644514566345
TB2_AGTATAGCATGAGTTT-1,TB,1.3376745491672495
TB2_AGTCAATGTCATCATC-1,TB,1.008027144527727
TB2_AGTCAATGTTACGCGG-1,TB,1.6238863820147722
TB2_AGTCAGGCAATGAATG-1,TB,0.0
TB2_AGTCGCATCCCGTTTA-1,TB,0.0
TB2_AGTCTTGCAAAGGCCA-1,TB,0.0
TB2_AGTGAACCACGAATCC-1,TB,0.5743161098731359
TB2_AGTGAGTCAGGCCAAA-1,TB,1.2535134751225452
TB2_AGTGATGAGCTACTGG-1,TB,0.0
TB2_AGTGCACGTTCCAGGG-1,TB,0.0
TB2_AGTGCCGGTGTTCCCA-1,TB,0.0
TB2_AGTGCGGAGGCCTTAG-1,TB,0.0
TB2_AGTGTTTCAGTAGGAT-1,TB,1.66738642407483
TB2_AGTGTTTCATAGCGAG-1,TB,0.7012956174770066
TB2_AGTTACTCAACACCTA-1,TB,1.3454989922037055
TB2_AGTTACTCAACACTTG-1,TB,1.296381277342714
TB2_AGTTATGTCCTTGCAC-1,TB,0.0
TB2_AGTTGCAGTCTCAGCC-1,TB,0.0
TB2_AGTTGCAGTTGCAGTA-1,TB,1.1276091066714324
TB2_AGTTGCGTCCGTCCAT-1,TB,0.0
TB2_AGTTGGCGTAAGCACC-1,TB,0.8922908630013627
TB2_AGTTGGCGTTAGAGGG-1,TB,0.648450651936526
TB2_AGTTGGCGTTCACCAT-1,TB,0.0
TB2_AGTTGTCAGGGCCATC-1,TB,0.0
TB2_AGTTTGCAGGCGGATG-1,TB,0.9170714423603156
TB2_ATAAGCCTCTCCTCAA-1,TB,0.7427396794088903
TB2_ATAATGGCATTAGCGC-1,TB,0.0
TB2_ATACCGGTCAGGAAGC-1,TB,0.0
TB2_ATACCGGTCCGGCTAA-1,TB,1.341521540338446
TB2_ATACCGGTCGGTTCCT-1,TB,0.0
TB2_ATAGATGCATAGTCAT-1,TB,0.6369523647856644
TB2_ATAGCATGTACCTTAC-1,TB,0.0
TB2_ATAGGTACACAACCTA-1,TB,0.0
TB2_ATAGGTACATAGACTT-1,TB,0.0
TB2_ATATGCTCACAATGCC-1,TB,0.6596642949558845
TB2_ATATGCTCAGTTTCTC-1,TB,1.402192560550265
TB2_ATATGTCCAAAGCGGC-1,TB,0.0
TB2_ATATGTCCAACAGCCT-1,TB,0.0
TB2_ATATGTCCACGAATTT-1,TB,0.0
TB2_ATATGTCCAGCAAGAT-1,TB,0.962207691024094
TB2_ATATGTCCAGGTTATT-1,TB,0.0
TB2_ATATGTCCAGTGAACG-1,TB,0.0
TB2_ATCAAGACAGTAGGAT-1,TB,0.6382559129773085
TB2_ATCAAGCTCTCACTCA-1,TB,0.0
TB2_ATCAAGCTCTCCTCAA-1,TB,1.0943637427130248
TB2_ATCACAATCACATTGA-1,TB,0.0
TB2_ATCACAATCATTTGCT-1,TB,1.7180266898046854
TB2_ATCACAATCCAATTAG-1,TB,0.0
TB2_ATCACCCTCGCAAACT-1,TB,0.0
TB2_ATCACTAAGACAAGTG-1,TB,1.068040528859167
TB2_ATCACTAAGTTTGTCT-1,TB,1.3067005469314699
TB2_ATCAGGTTCGGTTAGT-1,TB,0.0
TB2_ATCAGGTTCTAATCTC-1,TB,1.0796450751931879
TB2_ATCAGGTTCTAGCTTT-1,TB,0.0
TB2_ATCATCAAGCTAGAAG-1,TB,1.1478667878225994
TB2_ATCATCAAGGCGAAAC-1,TB,2.9184804721126527
TB2_ATCCAACAGTAGCCAT-1,TB,1.8193138092550254
TB2_ATCCATAAGAAAGGAA-1,TB,0.0
TB2_ATCCCGCGTGAGACTC-1,TB,1.6893549264568692
TB2_ATCCGTGAGCCTAATA-1,TB,0.8536720779952269
TB2_ATCCTCATCGACAAAG-1,TB,1.1028972443406109
TB2_ATCGAGGCAGAAACGT-1,TB,0.0
TB2_ATCGAGGCAGGATTAA-1,TB,0.0
TB2_ATCGAGGCATGCAACC-1,TB,0.0
TB2_ATCTATGAGCAAGGGT-1,TB,1.4571107371190404
TB2_ATCTTTGGTGATGGCT-1,TB,2.5775959831465007
TB2_ATCTTTGGTTGTCATC-1,TB,1.5687041381387283
TB2_ATGAAGCCACTTAACG-1,TB,0.0
TB2_ATGAAGTAGAGCAAGC-1,TB,0.0
TB2_ATGAAGTAGCCTGATG-1,TB,0.0
TB2_ATGAATGCAAAGGTAC-1,TB,1.1125370776772756
TB2_ATGACGAAGCAAGGTA-1,TB,0.0
TB2_ATGACTCAGAGCAAGC-1,TB,0.7785322013827687
TB2_ATGACTCAGTCACCAG-1,TB,0.5614972560351282
TB2_ATGACTCAGTGGCGGA-1,TB,0.0
TB2_ATGATGGAGTCTTGAA-1,TB,0.5102130418472979
TB2_ATGCAAACAGCATGGA-1,TB,2.2793171392893607
TB2_ATGCAGGCAGCACCAT-1,TB,0.0
TB2_ATGCCTGAGAGGATAT-1,TB,0.5985825021807947
TB2_ATGCCTGAGGCGCTTA-1,TB,0.0
TB2_ATGGCCGGTGACCTGG-1,TB,2.0129122811476368
TB2_ATGGCTGTCCTAATAG-1,TB,1.1010180636857025
TB2_ATGGCTTAGGCATTGT-1,TB,0.6765219774175121
TB2_ATGGCTTAGGCTGTGC-1,TB,0.0
TB2_ATGGTCTAGTTATTCC-1,TB,0.8476789942650903
TB2_ATGGTTATCCTTGCGT-1,TB,0.0
TB2_ATGTAACGTCGCAATA-1,TB,0.0
TB2_ATGTAAGCAAGGTCGA-1,TB,1.1702245316720215
TB2_ATGTCAATCATTAGGC-1,TB,0.0
TB2_ATGTCCACATGCTTAG-1,TB,1.1743182099998302
TB2_ATGTGAGAGAGGAAGG-1,TB,0.0
TB2_ATGTGAGAGCGGTTAT-1,TB,0.7854152024335492
TB2_ATGTGAGAGGGTTATC-1,TB,1.3199162666837412
TB2_ATTAACCCACACTAAT-1,TB,1.105864536408874
TB2_ATTAACCCAGCAAGAT-1,TB,0.7501798811516472
TB2_ATTACCCGTTCCAGGG-1,TB,0.0
TB2_ATTACCGCAACATAAG-1,TB,1.038856533624653
TB2_ATTACGTCACCATATG-1,TB,1.3738251248452515
TB2_ATTACTGAGATAAAGC-1,TB,0.6163872441369918
TB2_ATTAGCGGTCTTACTA-1,TB,1.1233437035498457
TB2_ATTAGCTCAAATTGCT-1,TB,0.0
TB2_ATTAGCTCACAGGAAT-1,TB,0.0
TB2_ATTAGCTCACAGGGAC-1,TB,0.0
TB2_ATTAGTCCACATTAAC-1,TB,1.1193683927732083
TB2_ATTAGTCCACTGACCG-1,TB,0.4125552913172986
TB2_ATTAGTCCATTATGAC-1,TB,0.0
TB2_ATTATGGTCGATTATG-1,TB,2.07238615836968
TB2_ATTCAACCATCCCTCA-1,TB,2.3397218487641873
TB2_ATTCAACCATCGTTCT-1,TB,0.8865895209768917
TB2_ATTCACTTCCTAAGTA-1,TB,1.5278745238124636
TB2_ATTCACTTCTCGCCTG-1,TB,0.0
TB2_ATTCATGAGCGGCTGT-1,TB,2.1145642660604733
TB2_ATTCATGAGGACAACA-1,TB,1.0413406529373963
TB2_ATTCCGGAGGAACACA-1,TB,1.1635978755145904
TB2_ATTCCTAGTAACTACG-1,TB,1.7455847043349402
TB2_ATTCCTAGTCATCATC-1,TB,0.0
TB2_ATTCCTAGTTGTGACA-1,TB,0.9850151109444043
TB2_ATTCCTCCAACACCTA-1,TB,0.0
TB2_ATTCCTCCACCGGTAT-1,TB,0.614043774976382
TB2_ATTCGTTTCCTCGATC-1,TB,0.0
TB2_ATTCGTTTCGTTTCTG-1,TB,0.0
TB2_ATTGAAGCAGGGAGCT-1,TB,0.0
TB2_ATTGAAGCATAAACCT-1,TB,0.5041687555271883
TB2_ATTGCACAGGCATGTT-1,TB,0.4665792233087305
TB2_ATTGCAGGTAGCCTAA-1,TB,0.5763917215447817
TB2_ATTGCAGGTGCCTCAC-1,TB,0.7180985488953054
TB2_ATTGCTCGTTGCACAA-1,TB,1.1886308820724811
TB2_ATTGGCTAGGAGCAAC-1,TB,0.8840804100715659
TB2_ATTGGTTCAGGTCCTG-1,TB,2.2509842912308837
TB2_ATTGGTTCAGTTTACG-1,TB,0.0
TB2_ATTGTCCGTTACAAAC-1,TB,0.5726262063205371
TB2_ATTGTGATCCCTGTTA-1,TB,0.0
TB2_ATTTAGCCAGCAGGTA-1,TB,0.0
TB2_ATTTGCAAGAAGCTAG-1,TB,1.0536537432655178
TB2_ATTTGCAAGCGATAAG-1,TB,0.0
TB2_ATTTGCAAGTTATGTG-1,TB,0.0
TB2_ATTTGTGAGCGATAGA-1,TB,0.7382065803900426
TB2_CAAACAACAACATAAG-1,TB,0.0
TB2_CAAACACTCATCCTAT-1,TB,0.0
TB2_CAAACGCGTTACCTGT-1,TB,0.0
TB2_CAAACGCGTTTAGCTC-1,TB,0.0
TB2_CAAACTGGTGAGGTGA-1,TB,0.0
TB2_CAAAGCGCATTGCGTA-1,TB,0.6841696625621928
TB2_CAACAATGTTGCGGAT-1,TB,0.5425621651015531
TB2_CAACAGGCAAGGTGCA-1,TB,0.0
TB2_CAACAGGCACCGGTAT-1,TB,0.0
TB2_CAACAGGCAGCAACAG-1,TB,0.7544209164909091
TB2_CAACCCGCATGCTTAG-1,TB,1.116528077309725
TB2_CAACCGGGTTAGTTGG-1,TB,0.0
TB2_CAACTAATCCGGAACC-1,TB,0.0
TB2_CAAGAACCACACAATT-1,TB,0.0
TB2_CAAGAACCATTGTGGC-1,TB,1.0101871470968682
TB2_CAAGACAAGCCTGATG-1,TB,0.0
TB2_CAAGCTAGTGGGAACA-1,TB,1.4771130351379187
TB2_CAAGGCCTCATAACTG-1,TB,0.7732168122941703
TB2_CAAGGCCTCATCGTTT-1,TB,0.0
TB2_CAAGGCTGTTCACCAT-1,TB,0.0
TB2_CAAGGGAGTAATTAGC-1,TB,1.4673635521518809
TB2_CAAGGGAGTGATGAGG-1,TB,0.7785959420624528
TB2_CAAGGTAAGGAGTAAT-1,TB,0.8493092547192551
TB2_CAAGTAACATATAACC-1,TB,0.0
TB2_CAAGTATGTCGACTAA-1,TB,1.4854722980701986
TB2_CAAGTTATCGATTATG-1,TB,0.0
TB2_CAAGTTATCGCCTAAG-1,TB,0.0
TB2_CAATAAGCAATACTGT-1,TB,0.0
TB2_CAATAAGCATTGTGGC-1,TB,1.1816925339342705
TB2_CAATATGTCAATCTCT-1,TB,0.8794781683923962
TB2_CAATATGTCCAGCACA-1,TB,1.7556896657146313
TB2_CAATATGTCCTTGAGG-1,TB,1.8439204195530612
TB2_CAATATGTCTTGCATT-1,TB,0.0
TB2_CAATCCCTCATGTTTC-1,TB,0.0
TB2_CAATCCTGTGAGGTAG-1,TB,0.0
TB2_CAATCCTGTTTGCTGT-1,TB,0.0
TB2_CAATCGCCAATATGGA-1,TB,0.9262757918439916
TB2_CAATCTAAGGATTGAG-1,TB,0.0
TB2_CAATCTAAGGCGAAAC-1,TB,0.0
TB2_CAATGAACAATAGTCT-1,TB,0.0
TB2_CAATGAACACAAAGGT-1,TB,0.0
TB2_CAATGAACACCTCGCT-1,TB,0.0
TB2_CAATGAACACGAACAG-1,TB,0.0
TB2_CAATGAACATGTCGCG-1,TB,0.0
TB2_CAATGTCAGTCCTTTG-1,TB,0.7682248427570729
TB2_CAATGTCAGTTTGGGT-1,TB,1.1327417645687397
TB2_CAATGTGGTCGCAAAC-1,TB,1.6929649975951422
TB2_CAATGTGGTGCAACTA-1,TB,0.0
TB2_CAATGTGGTTACGCAA-1,TB,0.0
TB2_CACAAGCGTTGTAACG-1,TB,1.4413332533799232
TB2_CACAATATCCGCCAAA-1,TB,1.0353886390763516
TB2_CACAGGGAGGGTGAGT-1,TB,0.0
TB2_CACATAATCCGGGACT-1,TB,0.0
TB2_CACATACAGTTGGATC-1,TB,0.0
TB2_CACATGCCAAAGGTAC-1,TB,0.0
TB2_CACATGCCAGGCAAGC-1,TB,0.0
TB2_CACCAACCAGCCTAAC-1,TB,0.0
TB2_CACCAACCAGGATTAA-1,TB,0.0
TB2_CACCAACCATAGACCC-1,TB,0.0
TB2_CACCGGTAGACAAACG-1,TB,0.5572900318168086
TB2_CACCGGTAGACAAGTG-1,TB,0.0
TB2_CACCTGTTCCATCAGG-1,TB,0.0
TB2_CACGCAATCAGCAAGA-1,TB,1.7732518465720697
TB2_CACGCAATCGTTTCGC-1,TB,0.0
TB2_CACGCTAAGCCTAATA-1,TB,0.0
TB2_CACTGACCACTAGGTC-1,TB,1.4682631094504686
TB2_CACTGACCATCCTGAA-1,TB,0.9241624043699231
TB2_CACTTAAAGGCTACAT-1,TB,2.3466028827175354
TB2_CACTTTGTCAGGAACA-1,TB,0.6250594716610667
TB2_CACTTTGTCATAACGC-1,TB,1.2728710552003335
TB2_CAGAATCTCCTGGCTT-1,TB,0.5514886652565314
TB2_CAGAATCTCTTTGACT-1,TB,1.1108948023703467
TB2_CAGCAAGCACCATATG-1,TB,1.1671674060724082
TB2_CAGCATGTCAGGTTTA-1,TB,0.0
TB2_CAGCATGTCGATAACC-1,TB,0.0
TB2_CAGCATGTCTATGACA-1,TB,1.2822317229460414
TB2_CAGCCAATCAGCAAGA-1,TB,0.0
TB2_CAGCCAATCGATTTAG-1,TB,1.3109731994677105
TB2_CAGCTAAGTTAAATGC-1,TB,1.693870478693085
TB2_CAGCTAAGTTCATCTA-1,TB,0.5109856749827215
TB2_CAGGACACAATATACC-1,TB,0.0
TB2_CAGGACCTCACATTGA-1,TB,0.9041937505328812
TB2_CAGGACCTCTGCAAAC-1,TB,0.0
TB2_CAGGATGCAATAATGG-1,TB,0.0
TB2_CAGGATGCAATTTGGT-1,TB,0.0
TB2_CAGGCTATCCTCATCA-1,TB,1.1299207082391125
TB2_CAGGCTGGTCAATAGT-1,TB,0.47114645214236445
TB2_CAGGCTGGTCATCATC-1,TB,0.0
TB2_CAGGCTGGTTGGGTTA-1,TB,0.0
TB2_CAGGGCTTCTCGACCT-1,TB,0.8220613246214519
TB2_CAGGTCCAGACTATTG-1,TB,0.0
TB2_CAGGTCCAGTAGGATG-1,TB,0.0
TB2_CAGGTGGAGCCTAACG-1,TB,0.8893671183659433
TB2_CAGGTTAGTAATCGGC-1,TB,0.0
TB2_CAGGTTAGTAGGTGTC-1,TB,1.668957399316679
TB2_CAGGTTTAGGAATAAC-1,TB,0.0
TB2_CAGTACCCAAGTTATC-1,TB,0.8131588777137903
TB2_CAGTACCCACTTGTTC-1,TB,0.0
TB2_CAGTATGGTAGCCTCC-1,TB,0.0
TB2_CAGTATGGTCAGGCAT-1,TB,1.416356205870043
TB2_CATAACGGTTTAGTCC-1,TB,1.4915816865670901
TB2_CATAATCCAGCTTAGC-1,TB,0.0
TB2_CATAATCCATTGTGTG-1,TB,1.0018247702184955
TB2_CATAATGTCAAGTGTC-1,TB,0.0
TB2_CATAGCTAGACTAAGG-1,TB,0.0
TB2_CATAGCTAGGGCTTTG-1,TB,0.0
TB2_CATAGGTTCGATCAGT-1,TB,0.7526947394160594
TB2_CATAGTCAGCGATACT-1,TB,0.0
TB2_CATATCGCAAGGCCAA-1,TB,1.370382832086447
TB2_CATATCGCAATAACGA-1,TB,0.0
TB2_CATATCGCACACCAAC-1,TB,0.0
TB2_CATATCGCATGATTGT-1,TB,1.0004093456370975
TB2_CATATCGCATGTTTGG-1,TB,0.0
TB2_CATCACACAAACGCGA-1,TB,1.6158688027643908
TB2_CATCACACAATTGCGC-1,TB,1.3416258649483195
TB2_CATCACACACTGGCCA-1,TB,0.0
TB2_CATCAGCCAAGCTTAT-1,TB,0.0
TB2_CATCATAAGGGCCATC-1,TB,0.0
TB2_CATCATGCATTGTGCA-1,TB,0.0
TB2_CATCCCAGTAGTTAAC-1,TB,0.0
TB2_CATCCTCAGACAAACG-1,TB,0.0
TB2_CATCCTCAGCAGCTAT-1,TB,0.0
TB2_CATCCTCAGGGTCCAC-1,TB,1.7802896761065738
TB2_CATCCTTCAAAGCTCC-1,TB,0.0
TB2_CATGAGGCAGGCCAAA-1,TB,0.0
TB2_CATGAGGCAGTTTACG-1,TB,0.0
TB2_CATGAGGCATCATGGC-1,TB,0.0
TB2_CATGCAAGTTGAAGCC-1,TB,1.1543699729337542
TB2_CATGCAAGTTTACGTC-1,TB,0.7700266011413952
TB2_CATGCAAGTTTGGGCG-1,TB,0.0
TB2_CATGCATAGCAGCTCA-1,TB,0.0
TB2_CATGCATAGCATGCAT-1,TB,0.0
TB2_CATGGCGGTCAGTAAT-1,TB,0.0
TB2_CATTATGAGCAGGCCT-1,TB,0.0
TB2_CATTATGAGCTGAGGG-1,TB,0.0
TB2_CATTATGAGGGTCTAT-1,TB,0.8542143144721022
TB2_CATTATGAGGTCCTAG-1,TB,0.0
TB2_CATTATGAGTTATCCT-1,TB,1.460848440698359
TB2_CATTCATTCATTACTC-1,TB,0.0
TB2_CATTCCTCAACTAGAA-1,TB,0.0
TB2_CATTGCGAGGCTACAT-1,TB,0.0
TB2_CATTGTGCAAAGCTAA-1,TB,0.0
TB2_CATTGTGCACACAATT-1,TB,0.0
TB2_CATTTGTTCAATGTCA-1,TB,2.0225241788233372
TB2_CATTTGTTCTGGCATG-1,TB,0.0
TB2_CATTTGTTCTTGCAAA-1,TB,0.0
TB2_CCAAACCCACAGACTC-1,TB,0.7023731800008468
TB2_CCAAACCCACGAATCC-1,TB,0.0
TB2_CCAAACCCAGTATGTT-1,TB,0.5652119188133883
TB2_CCAAATCAGGTGAAGC-1,TB,1.4282954889237178
TB2_CCAACATAGCATGGTT-1,TB,0.7179371239804463
TB2_CCAACCAAGAACAAGT-1,TB,0.0
TB2_CCAACCAAGACAACGA-1,TB,0.0
TB2_CCAACCAAGACACCGC-1,TB,0.572592512438175
TB2_CCAACCCGTGCGCAAT-1,TB,0.9903551896100931
TB2_CCAATATCACCCTCAC-1,TB,1.4032561672771573
TB2_CCAATATCACCTAAGC-1,TB,0.0
TB2_CCACAATAGCGCTCAA-1,TB,0.0
TB2_CCACAATAGGCGTAAA-1,TB,0.0
TB2_CCACACAAGGAAGCTA-1,TB,0.0
TB2_CCACACAAGGGCCACT-1,TB,1.207366803721821
TB2_CCACAGGGTCCTTAGT-1,TB,0.9325850562797998
TB2_CCACATTGTCTCAGCC-1,TB,0.0
TB2_CCACTTGGTCGACTAA-1,TB,0.0
TB2_CCACTTGGTGCAATGC-1,TB,0.0
TB2_CCAGACTCACCTGTAA-1,TB,0.0
TB2_CCAGACTCAGTACCGT-1,TB,1.532221395996399
TB2_CCAGCCTGTAACGAGG-1,TB,0.0
TB2_CCAGCCTGTCTTTGAC-1,TB,0.9698183058675445
TB2_CCAGCCTGTTCCGCAC-1,TB,0.0
TB2_CCAGCTAAGCGCAATT-1,TB,0.0
TB2_CCAGCTAAGTAGCGGG-1,TB,0.0
TB2_CCAGCTGCAATAATGG-1,TB,0.6175265478086828
TB2_CCAGCTGCAATCGCAC-1,TB,1.0747923416924812
TB2_CCAGCTGCAATTAACC-1,TB,0.0
TB2_CCAGCTGCACTGACTA-1,TB,0.0
TB2_CCAGGATGTTGTTCAC-1,TB,0.0
TB2_CCATAAATCAATCTCT-1,TB,0.0
TB2_CCATAAATCCCATAAA-1,TB,0.963859941847694
TB2_CCATAAATCTAGCGAT-1,TB,0.0
TB2_CCATAAGGTGGTTAGC-1,TB,1.7000594688291029
TB2_CCATAAGGTTTACTTG-1,TB,0.0
TB2_CCATAATCAGCATGAG-1,TB,0.0
TB2_CCATAATCATCCCGCT-1,TB,0.9659212663981531
TB2_CCATATTTCAGGTCCA-1,TB,0.0
TB2_CCATATTTCCTCATCA-1,TB,0.5036759770763376
TB2_CCATATTTCTCAATAG-1,TB,0.6887760231926655
TB2_CCATCACTCATCGTTT-1,TB,0.8824575766438394
TB2_CCATCACTCCTCCCTC-1,TB,2.022751800550017
TB2_CCATCACTCGCTCCAT-1,TB,0.0
TB2_CCCAAACCAAGCCAGA-1,TB,0.0
TB2_CCCAAATAGATGGAGC-1,TB,0.0
TB2_CCCAAATAGCGAAGTA-1,TB,0.0
TB2_CCCAACCGTTGCAATG-1,TB,0.4284108676570909
TB2_CCCAATTGTCGCGCAA-1,TB,0.0
TB2_CCCAATTGTGCATTAG-1,TB,0.0
TB2_CCCAATTGTGCATTTC-1,TB,0.0
TB2_CCCAGCACAATCCCTT-1,TB,0.0
TB2_CCCAGTTTCAATCATG-1,TB,1.3963857438244691
TB2_CCCAGTTTCCCGCATT-1,TB,0.0
TB2_CCCAGTTTCGCTATAA-1,TB,1.222365491310997
TB2_CCCATAACAACACCTA-1,TB,0.0
TB2_CCCATAACAGTAATAG-1,TB,0.0
TB2_CCCGCAACAGTCTATG-1,TB,1.3231416635070499
TB2_CCCGCTTCAAACTGCC-1,TB,0.5755391996086041
TB2_CCCGTAAAGTATTGTG-1,TB,1.6637348215326067
TB2_CCCGTTGTCCGCCTCA-1,TB,0.0
TB2_CCCTCACCATGAAGTA-1,TB,0.0
TB2_CCCTCACCATTGCGGT-1,TB,0.0
TB2_CCCTCAGTCCTAAGAC-1,TB,1.0258225480743746
TB2_CCCTCAGTCGAGCAAA-1,TB,1.6014855842436053
TB2_CCCTCAGTCGTTTCCA-1,TB,1.391794469164944
TB2_CCCTCATAGGATTGAG-1,TB,0.0
TB2_CCCTGGACACATGCTA-1,TB,0.0
TB2_CCCTGTTAGCCGCTTT-1,TB,0.0
TB2_CCCTTAATCAGGTTTA-1,TB,0.0
TB2_CCCTTAATCGTTTCTG-1,TB,1.276660057955822
TB2_CCGACAGGTTGGGTTA-1,TB,0.0
TB2_CCGATGCAGACTATTG-1,TB,0.0
TB2_CCGATGCAGTGGACAA-1,TB,0.6643454958958873
TB2_CCGCAAATCATTCATC-1,TB,0.0
TB2_CCGCAAATCCACCTTA-1,TB,0.5531469738561697
TB2_CCGCAAATCGCATTAA-1,TB,0.0
TB2_CCGCAAGGTCGCAATA-1,TB,0.0
TB2_CCGCACACAAATACCT-1,TB,0.7647090964913388
TB2_CCGCCAACACTCGCTC-1,TB,0.7449990708400255
TB2_CCGCTAGCAAGGTACG-1,TB,0.0
TB2_CCGTGCTGTTACTAGG-1,TB,2.32422074411808
TB2_CCGTTTGGTGAATCGC-1,TB,0.6537197658460695
TB2_CCGTTTGGTGACATGC-1,TB,0.0
TB2_CCGTTTGGTGTGCAAC-1,TB,0.0
TB2_CCTAAAGGTTAACGAT-1,TB,0.0
TB2_CCTAAATCAAGGGTTG-1,TB,0.0
TB2_CCTAAATCATGGAGGC-1,TB,0.0
TB2_CCTAAGCCACTTAACG-1,TB,3.0794706653115114
TB2_CCTAAGCCAGGCTTGT-1,TB,0.0
TB2_CCTAAGCCAGGTTACC-1,TB,1.0568277510819084
TB2_CCTAAGGTCCTAATTC-1,TB,0.0
TB2_CCTAAGTAGCAAGATG-1,TB,0.0
TB2_CCTAATCGTCAGGAAG-1,TB,0.7409539473262222
TB2_CCTAATCGTGTTAGCA-1,TB,1.3139167328789247
TB2_CCTAATCGTTCCGGGA-1,TB,0.866930632265877
TB2_CCTACTGGTCATGCCC-1,TB,0.0
TB2_CCTACTTCACTAGGTC-1,TB,0.7186910883498587
TB2_CCTACTTCATCAGCAC-1,TB,0.4621664656438794
TB2_CCTATAGCACATAACT-1,TB,1.1465465730449234
TB2_CCTATAGCATAATCGT-1,TB,0.0
TB2_CCTATATTCAATTGGC-1,TB,0.9152270533942536
TB2_CCTATATTCCACAATA-1,TB,0.0
TB2_CCTATTGTCCTAAGAC-1,TB,0.0
TB2_CCTATTGTCGCAATCG-1,TB,0.0
TB2_CCTATTTAGCCGCTTT-1,TB,0.0
TB2_CCTATTTAGGGATTAG-1,TB,0.6015878981005106
TB2_CCTCAAACACAAGCCT-1,TB,0.0
TB2_CCTCAAACACATAGCC-1,TB,0.0
TB2_CCTCAATGTTTACGTC-1,TB,0.9213301981574987
TB2_CCTCAGTTCATTACGA-1,TB,0.0
TB2_CCTCCTCTCGCCTGTT-1,TB,0.5800700359409745
TB2_CCTCCTGAGTTTGGGT-1,TB,0.0
TB2_CCTGAATAGCCTGACA-1,TB,0.0
TB2_CCTGACTTCGAGGAGT-1,TB,0.0
TB2_CCTGACTTCGGTAACT-1,TB,1.2830950071553424
TB2_CCTGGATCAGAGGCTA-1,TB,0.0
TB2_CCTGGTAAGCATGAAG-1,TB,0.0
TB2_CCTGTAACATCCCGCT-1,TB,0.0
TB2_CCTGTTGGTTTCCTCC-1,TB,1.167167406072408
TB2_CCTTAACGTAGCTGCG-1,TB,0.0
TB2_CCTTACTCAGAAATGC-1,TB,0.0
TB2_CCTTACTCAGATAGAC-1,TB,1.0059871392760018
TB2_CCTTATGTCCACCTGT-1,TB,0.0
TB2_CCTTATGTCCTAACGG-1,TB,0.0
TB2_CCTTATGTCCTCCTAA-1,TB,0.0
TB2_CCTTCGGTCCGTTAAA-1,TB,1.0431824837287789
TB2_CCTTGCGTCCTAAGTA-1,TB,0.890932380983486
TB2_CGAAATGAGGCAATAG-1,TB,0.3642304751253709
TB2_CGAACAAAGGACAATG-1,TB,1.3621153401157289
TB2_CGAACCGGTGAGAAAC-1,TB,0.0
TB2_CGAAGAATCAGTGAAG-1,TB,0.0
TB2_CGAAGAATCCTCACTA-1,TB,0.0
TB2_CGAAGCCTCGCATTAA-1,TB,1.0657273138397185
TB2_CGAAGGCCACTAGGTC-1,TB,1.1412991530815286
TB2_CGAAGTAAGTAACCAC-1,TB,0.0
TB2_CGAATCTAGGAAACTG-1,TB,1.8671315128847161
TB2_CGACAAGCAGCTTAAT-1,TB,0.0
TB2_CGACAAGCAGGCGAGT-1,TB,0.0
TB2_CGACCTGCAGTAGGTG-1,TB,0.0
TB2_CGACTAAGTGAGACTC-1,TB,0.0
TB2_CGAGCGAAGCTTGCTC-1,TB,0.0
TB2_CGAGCTGGTACCTTAC-1,TB,1.4287779385846902
TB2_CGAGCTGGTCCGCTGT-1,TB,0.0
TB2_CGAGGAAGTGTGAGAG-1,TB,0.0
TB2_CGAGGAAGTTACGCAA-1,TB,2.5798472121421736
TB2_CGAGGAAGTTGGTGAC-1,TB,0.0
TB2_CGAGGCAAGCAAGGGT-1,TB,0.0
TB2_CGAGGCAAGCTAAAGG-1,TB,0.7664627425207089
TB2_CGAGGCAAGTCTTGAA-1,TB,0.0
TB2_CGAGGTGAGACTATTG-1,TB,1.2644198366767265
TB2_CGATTATCAACCCTAA-1,TB,0.0
TB2_CGATTATCAAGTCGCT-1,TB,1.7819932816619433
TB2_CGATTATCAATTAGCT-1,TB,1.9285584869290033
TB2_CGATTATCATCCCGCT-1,TB,0.0
TB2_CGATTGAGTGCAATGC-1,TB,0.6998642079108969
TB2_CGATTTGCACGAACAG-1,TB,0.6421571922105102
TB2_CGATTTGCAGCTTAGC-1,TB,0.9848049021979375
TB2_CGCAATAGTATTTGGG-1,TB,0.6683535167394863
TB2_CGCAATTAGACCATAC-1,TB,0.0
TB2_CGCACACAGGCTTAAC-1,TB,1.0197209915996153
TB2_CGCATATAGTGACCTG-1,TB,1.582472804755076
TB2_CGCATTACAACCCTCC-1,TB,1.5843188523387686
TB2_CGCATTACACCAGCAT-1,TB,0.0
TB2_CGCATTACATGTCGCG-1,TB,0.780513272303516
TB2_CGCATTTGTGTTTGAG-1,TB,1.3774351928111463
TB2_CGCATTTGTTCACCAT-1,TB,1.135028943114187
TB2_CGCCAAATCTCCTCAA-1,TB,0.0
TB2_CGCCACACAAAGGCCA-1,TB,0.6683766962800843
TB2_CGCCTCATCTCCATAT-1,TB,0.0
TB2_CGCCTGTGTCTTTGAC-1,TB,0.0
TB2_CGCGGATTCCGGCTAA-1,TB,0.0
TB2_CGCGGATTCGATTTAG-1,TB,0.0
TB2_CGCTATGAGCTTAGCG-1,TB,0.0
TB2_CGCTCAGCAATTAGCT-1,TB,0.6313803918877702
TB2_CGCTCCATCATTACAG-1,TB,0.0
TB2_CGCTCCATCCACCTGT-1,TB,1.0863640122748235
TB2_CGCTCCATCCTCCATA-1,TB,1.3658721977842994
TB2_CGCTGTGCACCTCACC-1,TB,0.7205290380550043
TB2_CGCTTAACACAGGATG-1,TB,0.0
TB2_CGCTTAACACCTCGCT-1,TB,1.7526074363452484
TB2_CGCTTACTCCTCACTA-1,TB,0.0
TB2_CGGAATCGTGGACCTG-1,TB,0.0
TB2_CGGAATCGTGGTTATG-1,TB,1.6548902538545613
TB2_CGGACAACAACCCTCC-1,TB,0.0
TB2_CGGACAACAGTAATAG-1,TB,0.0
TB2_CGGAGCAAGGACAATG-1,TB,0.0
TB2_CGGAGCAAGTTATGTG-1,TB,1.4919821836480538
TB2_CGGAGCAAGTTGTCTT-1,TB,0.0
TB2_CGGAGTCTCTAATCCT-1,TB,0.0
TB2_CGGCCATAGCATTATG-1,TB,1.2666244572368985
TB2_CGGCCATAGGTCCAAT-1,TB,0.5368918546181859
TB2_CGGCTAATCATTAGGC-1,TB,0.0
TB2_CGGCTAATCCTCATGC-1,TB,0.6351533011604609
TB2_CGGCTAATCGTTAAGC-1,TB,0.0
TB2_CGGCTAATCTTGTCCA-1,TB,0.0
TB2_CGGCTCACAGCTACGT-1,TB,0.0
TB2_CGGGACAAGTATTGCA-1,TB,1.0000833235419095
TB2_CGGGCTTAGTTGGGCC-1,TB,0.0
TB2_CGGTGAACAAGGTATA-1,TB,0.8190001522959793
TB2_CGGTTCCGTCACAAAT-1,TB,0.0
TB2_CGGTTGGGTCACGAAC-1,TB,2.5398717789932554
TB2_CGGTTGGGTTTGGCTT-1,TB,0.0
TB2_CGGTTTCTCCTTAGGG-1,TB,0.0
TB2_CGTAACCCAACACCTA-1,TB,1.7988781291627207
TB2_CGTAACTAGGATAAAC-1,TB,0.0
TB2_CGTAATGGTTTAGCTC-1,TB,0.0
TB2_CGTAGCGGTGCTCCGT-1,TB,0.0
TB2_CGTAGTTAGAGGAGTC-1,TB,0.0
TB2_CGTCAATAGAACCTGT-1,TB,0.0
TB2_CGTCATTGTCCTTTAA-1,TB,0.0
TB2_CGTCATTGTTCGCGCT-1,TB,1.6736334639933212
TB2_CGTGACATCTCACAAA-1,TB,0.0
TB2_CGTGAGGAGCCTCTGT-1,TB,0.8259399851384968
TB2_CGTGAGGAGCTAGAAG-1,TB,0.0
TB2_CGTGAGGAGTTACTTC-1,TB,0.8855422177907243
TB2_CGTGCACAGAATCTCA-1,TB,0.8017697211036482
TB2_CGTGCTGCAACTAGAA-1,TB,1.6852266204934052
TB2_CGTGCTGCAGCCAGTT-1,TB,0.0
TB2_CGTGCTTTCACCGGTA-1,TB,0.0
TB2_CGTGGTTCAAGGTGGC-1,TB,0.0
TB2_CGTGTTACATGGTTAT-1,TB,0.0
TB2_CGTTAACAGCCTGAGC-1,TB,0.0
TB2_CGTTAGTAGCCTGGTA-1,TB,0.0
TB2_CGTTATTTCATCCTCA-1,TB,0.7622314921137118
TB2_CGTTATTTCCCTGGTT-1,TB,0.0
TB2_CGTTGCGCACCTGCTC-1,TB,0.9914733691456339
TB2_CGTTGCGCATAACGGG-1,TB,0.43644401636634195
TB2_CGTTTCTCACCGGCTA-1,TB,0.0
TB2_CGTTTGGAGGTTACAC-1,TB,0.0
TB2_CGTTTGTGTACCAGGT-1,TB,0.0
TB2_CGTTTGTGTGGTGAGA-1,TB,0.0
TB2_CTAAAGCTCGAGCTAT-1,TB,0.0
TB2_CTAACCACAAAGCCTC-1,TB,0.0
TB2_CTAACCCTCAGCACGC-1,TB,1.0681658803201488
TB2_CTAACCTGTGCTGTAA-1,TB,0.0
TB2_CTAATAGTCAATTGGC-1,TB,1.285109216872545
TB2_CTAATAGTCGCTAGTG-1,TB,0.0
TB2_CTAATAGTCGCTATGG-1,TB,0.0
TB2_CTAATCGCAATAACGA-1,TB,0.7622010095366862
TB2_CTAATTGAGTTAGCCG-1,TB,0.0
TB2_CTACCGGCAAATGCCC-1,TB,0.0
TB2_CTACCGGCAGTCTATG-1,TB,0.0
TB2_CTACCTCAGCTAAGTC-1,TB,0.0
TB2_CTACGAAGTCCGTGAG-1,TB,0.0
TB2_CTACGAAGTGGATTAT-1,TB,0.0
TB2_CTACTTAGTTTAGTCC-1,TB,0.7317101265909383
TB2_CTAGGCGGTTTGGGTA-1,TB,0.0
TB2_CTAGTAATCATGCAAC-1,TB,0.0
TB2_CTAGTAATCCTGCGAA-1,TB,0.0
TB2_CTAGTCGAGCAAGACA-1,TB,0.0
TB2_CTAGTCGAGCACCACA-1,TB,1.0302047786585746
TB2_CTAGTTGCAAAGGCCA-1,TB,0.8821254709803084
TB2_CTATAACCAGCATTAT-1,TB,0.0
TB2_CTATAACCAGGGAGGA-1,TB,0.0
TB2_CTATGAGGTTAGCGTA-1,TB,0.6915510110271231
TB2_CTATGATCAATAGCCC-1,TB,1.1532557062033464
TB2_CTATGATCAATCTCTC-1,TB,0.0
TB2_CTATGGCCAACAGGAT-1,TB,0.9547490225777446
TB2_CTATGTTTCCCGCAAA-1,TB,0.0
TB2_CTATTGAAGGCAAGTA-1,TB,0.0
TB2_CTATTGAAGTCCTTTG-1,TB,0.0
TB2_CTCAATAAGCACAGGG-1,TB,0.0
TB2_CTCAATAAGGCGCACT-1,TB,0.0
TB2_CTCACACTCACGCCAA-1,TB,0.0
TB2_CTCACACTCATGGCTG-1,TB,0.6852420010528321
TB2_CTCACACTCCTCATGC-1,TB,0.9953637772957159
TB2_CTCAGGATCGGGACTC-1,TB,0.0
TB2_CTCATGCTCGTTAGTA-1,TB,0.0
TB2_CTCATTAGTCAAGTAT-1,TB,1.4196757608158272
TB2_CTCATTAGTTTGAGCA-1,TB,1.637206131855594
TB2_CTCATTAGTTTGTGGA-1,TB,0.0
TB2_CTCATTGTCAAATCGC-1,TB,0.0
TB2_CTCATTGTCCGCCAAA-1,TB,0.0
TB2_CTCATTGTCTGTGCAG-1,TB,0.9925052194942798
TB2_CTCCAACTCGTTCACC-1,TB,0.0
TB2_CTCCAACTCTAAGGTC-1,TB,0.0
TB2_CTCCATCAGGCGCTTA-1,TB,0.0
TB2_CTCCATCAGGGTGAAC-1,TB,0.0
TB2_CTCCATCAGTCACCAG-1,TB,2.0021999077607884
TB2_CTCCGTCCATCATGTG-1,TB,0.0
TB2_CTCCTAATCCCGCAAA-1,TB,0.6101785553979637
TB2_CTCCTCACAGTACCGT-1,TB,0.0
TB2_CTCCTGAGTCATCAAG-1,TB,1.342879211985909
TB2_CTCGACAAGTCAGTAC-1,TB,0.0
TB2_CTCGCTCCATGTCAGC-1,TB,0.6069323352859428
TB2_CTCGTTATCATCCTCA-1,TB,0.0
TB2_CTCGTTATCATGGTGT-1,TB,0.0
TB2_CTCTAAGCAGGTTATT-1,TB,0.0
TB2_CTCTAGCTCACTCAAA-1,TB,0.5791718088701504
TB2_CTCTATGTCATAACTG-1,TB,1.3961243079478736
TB2_CTCTCACAGCTAAGTC-1,TB,0.0
TB2_CTGAATATCGCTAAGT-1,TB,0.8863798494026152
TB2_CTGAATATCTTGACCC-1,TB,0.0
TB2_CTGATCACAACCCTCC-1,TB,1.446452688023104
TB2_CTGATCACAATTTGGT-1,TB,0.9150475374537018
TB2_CTGATCACATCCTGAA-1,TB,0.8970805216569129
TB2_CTGCAATAGCCACAAT-1,TB,0.0
TB2_CTGCAATAGTAGCGGG-1,TB,1.1313885632831895
TB2_CTGCAATAGTCCTTTG-1,TB,0.0
TB2_CTGCTACTCTTGAGCG-1,TB,0.0
TB2_CTGCTATGTAGCAGCT-1,TB,0.9118736053703747
TB2_CTGCTATGTCTCAGCC-1,TB,0.7466300848800912
TB2_CTGCTATGTGCAATAT-1,TB,1.347814114494333
TB2_CTGCTCCCAAGCCAGA-1,TB,0.0
TB2_CTGCTCCCAGTTTACG-1,TB,1.359098255819917
TB2_CTGGATGTCCTTGTTG-1,TB,0.5899638181538381
TB2_CTGGCTAAGGCAATAG-1,TB,0.0
TB2_CTGGCTAAGGTGTCCA-1,TB,0.0
TB2_CTGGCTTTCATCCTGC-1,TB,0.9599146952045594
TB2_CTGGCTTTCCGTTAAA-1,TB,0.7123345185081125
TB2_CTGGCTTTCGATCAGT-1,TB,0.0
TB2_CTGGTAAGTGTGAGAG-1,TB,0.8205633214573684
TB2_CTGGTCAAGTGATTCA-1,TB,0.0
TB2_CTGGTTACAACTAACT-1,TB,0.0
TB2_CTGGTTACACCTGCTC-1,TB,0.8773943410641705
TB2_CTGGTTACATGAAATG-1,TB,0.6885293814456935
TB2_CTGGTTTGTTATTGCC-1,TB,1.095223806255134
TB2_CTGGTTTGTTTGGGTA-1,TB,0.0
TB2_CTGTAACAGAACAAGT-1,TB,1.0859738897963869
TB2_CTGTAACAGAGCCGGA-1,TB,0.0
TB2_CTGTACCTCGAAGTGA-1,TB,0.0
TB2_CTGTATTTCGGTTTGG-1,TB,1.0591604510934949
TB2_CTGTTCATCACTCGCT-1,TB,1.4743886420809755
TB2_CTGTTCATCCTGTTCA-1,TB,0.0
TB2_CTGTTTAGTCCCGGAA-1,TB,0.0
TB2_CTTAAGATCATGTTTC-1,TB,0.0
TB2_CTTAATGAGGAGCAAC-1,TB,1.2692545258141754
TB2_CTTACCGGTAAACAAG-1,TB,0.808300347716507
TB2_CTTACCGGTACCGTAA-1,TB,0.6489299919012088
TB2_CTTACCTCATTGTGGC-1,TB,1.8507838885722316
TB2_CTTACTAGTTTGAGCA-1,TB,0.0
TB2_CTTAGTTTCATTCATC-1,TB,0.0
TB2_CTTATTGGTCCTAACT-1,TB,0.0
TB2_CTTCAAGCAATTGACT-1,TB,0.0
TB2_CTTCAAGCATAGCTTG-1,TB,0.0
TB2_CTTCAAGCATGAATAG-1,TB,1.2987983412419961
TB2_CTTCAATTCGCTCACT-1,TB,0.0
TB2_CTTCACTCAATATACC-1,TB,1.4845477697547902
TB2_CTTCACTCAATTGAGA-1,TB,0.0
TB2_CTTCTAAGTGTGCACG-1,TB,0.0
TB2_CTTGACGAGACAACGA-1,TB,0.0
TB2_CTTGACGAGTTATGTG-1,TB,0.0
TB2_CTTGACGAGTTTCCGC-1,TB,1.0246187992699753
TB2_CTTGCGCGTAAGCTCA-1,TB,0.5812837200646821
TB2_CTTGCGCGTTCACCCA-1,TB,0.7629943878528123
TB2_CTTGCTCAGACAGGTA-1,TB,0.5064902040536948
TB2_CTTGGACCATTGACAT-1,TB,1.8121870302848575
TB2_CTTGTAAAGACTAAGG-1,TB,1.2205941450235656
TB2_CTTGTAAAGCCTAACG-1,TB,1.6486424719338286
TB2_CTTGTAAAGGAGGACT-1,TB,1.9896715422511264
TB2_CTTGTAAAGGGTGAAC-1,TB,1.6144486832047158
TB2_CTTGTCCAGGACAACA-1,TB,0.0
TB2_CTTGTTCCACTGGCTG-1,TB,0.5083314598748313
TB2_CTTGTTTAGCACTAGT-1,TB,0.0
TB2_CTTTATGGTACTGAAT-1,TB,0.0
TB2_CTTTCTTGTCGTAATG-1,TB,0.9477681694699693
TB2_CTTTCTTGTGAGACTC-1,TB,0.0
TB2_CTTTCTTGTTCGCTCA-1,TB,0.0
TB2_CTTTCTTGTTCTTTAG-1,TB,0.73894855437203
TB2_CTTTGGGAGCCTGTTC-1,TB,2.0997412149233745
TB2_CTTTGGGAGTGAGAGC-1,TB,1.6515320163419582
TB2_CTTTGTCCATCGCTCC-1,TB,0.0
TB2_GAAACCCGTATTCGCT-1,TB,0.0
TB2_GAAAGCCAGGACCAGG-1,TB,0.9713458190546264
TB2_GAAAGGCTCACTAAGC-1,TB,0.0
TB2_GAACACAAGGACCTTG-1,TB,1.5804787375161231
TB2_GAACCAAAGATGGAGC-1,TB,1.2739642757970406
TB2_GAACCGCTCTAAGTGC-1,TB,0.0
TB2_GAACCTTAGAACCTGT-1,TB,1.5237439469869212
TB2_GAACCTTAGTTAGTTG-1,TB,0.0
TB2_GAACGAATCACAGCGC-1,TB,1.5834977486143373
TB2_GAACGAATCCTGGCTT-1,TB,0.0
TB2_GAAGCTAAGAGAGGAG-1,TB,1.103166274572192
TB2_GAAGCTAAGGCATGAA-1,TB,0.0
TB2_GAAGGAACACACAATT-1,TB,0.6536754902553398
TB2_GAAGGATGTGAGCACT-1,TB,0.6144720343350157
TB2_GAAGGCTAGGTAAGCA-1,TB,1.0297994513881437
TB2_GAAGGCTAGTTGGGCC-1,TB,0.0
TB2_GAAGTAAGTTCGCGCT-1,TB,0.0
TB2_GAAGTCAAGTGTGATC-1,TB,0.7807696659417638
TB2_GAATTTGTCTTAGGGT-1,TB,1.995598626983934
TB2_GACACCGGTACTTAGG-1,TB,0.0
TB2_GACACCGGTGATGAGG-1,TB,1.0633629485350975
TB2_GACACCGGTTAAGCGC-1,TB,0.0
TB2_GACCGAACAGAAATGC-1,TB,0.0
TB2_GACCGAACAGGAATCG-1,TB,1.0707426948961987
TB2_GACCGAACAGTTTACG-1,TB,0.0
TB2_GACCGTTCAACAGGAT-1,TB,0.6558969040957741
TB2_GACCGTTCACATGCTA-1,TB,1.4813882144558284
TB2_GACCTTTGTGGCTTCC-1,TB,0.8190001522959793
TB2_GACCTTTGTTAAGCGC-1,TB,0.0
TB2_GACGCCTAGCACAGGG-1,TB,1.290908390912242
TB2_GACTAATGTGTTTGCT-1,TB,0.4137325703554995
TB2_GACTTAGGTCAGGCAT-1,TB,1.0377369974491204
TB2_GAGAACCAGTTCCCAC-1,TB,0.730927396855522
TB2_GAGAGGCGTGTTGCTT-1,TB,1.1886308820724811
TB2_GAGATAAGTTGTCATC-1,TB,0.0
TB2_GAGCAAGGTCACTCGC-1,TB,0.0
TB2_GAGCATGCAACAGCCT-1,TB,1.7627742993055429
TB2_GAGCATGCAAGTGTTT-1,TB,0.0
TB2_GAGCATGCATAATCAC-1,TB,0.0
TB2_GAGCCACTCGGGCCAT-1,TB,0.0
TB2_GAGCGAAGTGTAATAC-1,TB,0.0
TB2_GAGCGGTCAATTGACT-1,TB,1.5215020501931757
TB2_GAGCGGTCACTAAATC-1,TB,0.0
TB2_GAGCGGTCATCCCTCA-1,TB,1.4933190073950409
TB2_GAGCTAGCAGGGAGCT-1,TB,0.0
TB2_GAGCTTAGTAATAGCT-1,TB,1.0767021790323652
TB2_GAGGAGGCAATCGCAC-1,TB,1.2310519119114265
TB2_GAGGAGGCATGAGTTT-1,TB,2.028999772123399
TB2_GAGGCAAGTTACCGGG-1,TB,2.1317280276818393
TB2_GAGGCCTTCGAGGAAC-1,TB,0.0
TB2_GAGGCTACACTCAACA-1,TB,0.0
TB2_GAGGTACAGACAGGCG-1,TB,0.0
TB2_GAGGTAGGTATCTGGA-1,TB,0.0
TB2_GAGGTAGGTCGCAAAC-1,TB,1.223436713291393
TB2_GAGGTAGGTTGCGCGA-1,TB,1.6131281015320416
TB2_GAGGTGAGTGCATCGG-1,TB,0.8242832473284878
TB2_GAGTAACCAGTAGGAT-1,TB,0.0
TB2_GAGTAACCAGTTAGCC-1,TB,0.0
TB2_GAGTAACCATGTGGGA-1,TB,1.1286220940609564
TB2_GAGTAATAGGTGAAAT-1,TB,1.8787675453592967
TB2_GAGTAATAGTTGTCTT-1,TB,0.9806209674097569
TB2_GAGTCAAAGCAACAAG-1,TB,0.0
TB2_GAGTCATTCGTTATCT-1,TB,0.0
TB2_GAGTGAGGTAGTTACG-1,TB,1.4065047725679798
TB2_GAGTGAGGTCACGAAC-1,TB,0.0
TB2_GAGTGATCACCTGCTC-1,TB,1.1777903183802925
TB2_GAGTGTTTCATTTGCT-1,TB,0.0
TB2_GAGTGTTTCCGGGACT-1,TB,1.5883364287440043
TB2_GAGTTGCGTTGCGCGA-1,TB,0.6691890319183305
TB2_GAGTTGCGTTGTTCAC-1,TB,1.1502959491142415
TB2_GATAAAGGTTCCGCAC-1,TB,0.0
TB2_GATAACGAGCAGCTAT-1,TB,0.6703530702498889
TB2_GATAAGCCAAGCTTAT-1,TB,0.0
TB2_GATAATCGTATTGTCC-1,TB,1.234669127250054
TB2_GATAATCGTGAAACAA-1,TB,0.0
TB2_GATCAGGCACTAAGAA-1,TB,0.0
TB2_GATCGATTCCAGCACA-1,TB,1.4849438302257267
TB2_GATCGCTCACCGGTAT-1,TB,0.0
TB2_GATCGCTCATCACAGC-1,TB,1.3225860181513656
TB2_GATGACTTCTACCTCA-1,TB,0.0
TB2_GATGAGGGTGATGAGG-1,TB,0.0
TB2_GATGCAGCAGACAAAC-1,TB,1.2039669710241996
TB2_GATGCAGCATCTTGAG-1,TB,0.0
TB2_GATGCGACAAAGCCTC-1,TB,0.7105924664945938
TB2_GATGCGACAACACCTA-1,TB,0.9620577885803235
TB2_GATGCGACACAACCTA-1,TB,2.662233524908334
TB2_GATGCGACATAATCCG-1,TB,0.0
TB2_GATGCGACATGAAGTA-1,TB,0.0
TB2_GATGCTTAGGCTGTGC-1,TB,0.803809222627888
TB2_GATGGCTGTCGACTCC-1,TB,0.0
TB2_GATTACTCAGGACCTT-1,TB,0.0
TB2_GATTACTCAGTCTAGC-1,TB,0.0
TB2_GATTATGTCCGGTATG-1,TB,0.8364376850679374
TB2_GATTCAATCACGTTAA-1,TB,3.3305666659822992
TB2_GATTCAATCCACCTGT-1,TB,0.0
TB2_GATTCAGGTCCTTCTC-1,TB,1.2222810107491848
TB2_GATTCCTGTCTATCGT-1,TB,0.0
TB2_GATTGATGTATTGCAG-1,TB,0.0
TB2_GATTGATGTTTCCTCC-1,TB,0.6191842984282414
TB2_GATTGCAGTAAGCTCA-1,TB,0.0
TB2_GATTGCGTCATAACGC-1,TB,0.0
TB2_GATTGGCGTTTATGGG-1,TB,0.0
TB2_GATTTGCAGCCAGGTC-1,TB,1.9429161348427084
TB2_GCAAACCGTTAATGCG-1,TB,0.575811724575349
TB2_GCAAACTTCATAACGC-1,TB,0.0
TB2_GCAAGCCTCCCTGGAA-1,TB,0.0
TB2_GCAAGTCGTCACGAAC-1,TB,1.773522548558787
TB2_GCAAGTCGTTCGGTAA-1,TB,1.3308234421193286
TB2_GCAAGTGCAGTGAACG-1,TB,0.0
TB2_GCAAGTGCATAGTCAT-1,TB,0.7475069192370924
TB2_GCAATAGAGCTACTGG-1,TB,0.0
TB2_GCAATATGTCCTTCTC-1,TB,0.0
TB2_GCAATATGTTGTGACA-1,TB,0.0
TB2_GCAATCTAGGTGAAAT-1,TB,0.0
TB2_GCAATGAAGCTAAAGG-1,TB,0.0
TB2_GCAATGAAGGTCCACA-1,TB,1.4517650927491264
TB2_GCACATTAGTTTGGTA-1,TB,0.0
TB2_GCACCTAAGGAAACTG-1,TB,0.0
TB2_GCACGAACAAGCTACC-1,TB,1.6254686973794048
TB2_GCACGCTAGTTGGATC-1,TB,0.0
TB2_GCACGGTTCTAATCTC-1,TB,0.5138302402553863
TB2_GCACTAAGTTAAGCCA-1,TB,0.9230638588800009
TB2_GCACTTACAAGCGAGC-1,TB,0.0
TB2_GCAGCAACAGGACCAA-1,TB,0.0
TB2_GCAGCCAGTGGGTACT-1,TB,0.0
TB2_GCAGCCAGTTCATCTA-1,TB,0.0
TB2_GCAGGACCACAAAGCG-1,TB,0.0
TB2_GCAGGACCACGAATCC-1,TB,0.0
TB2_GCAGGCAAGTAGCTTA-1,TB,1.0930434596384833
TB2_GCAGGCAAGTGTTGCG-1,TB,1.0056571698677712
TB2_GCAGGCTTCGATCAGT-1,TB,1.5746843272199762
TB2_GCAGGTGAGGCCATCA-1,TB,2.5484206599661934
TB2_GCAGGTTGTTTAGTCC-1,TB,0.0
TB2_GCATATATCTCCTCTT-1,TB,1.2467598459031795
TB2_GCATATATCTCGCCTG-1,TB,0.0
TB2_GCATCCTTCCTTCAAT-1,TB,0.0
TB2_GCATTGCCAAGCGAGC-1,TB,0.0
TB2_GCATTGCCAGGATAAC-1,TB,0.6971713308596708
TB2_GCCAACATCATGGCTG-1,TB,1.67316441566266
TB2_GCCAATAGTTTACTTG-1,TB,1.1241144569292545
TB2_GCCAATAGTTTGCAGA-1,TB,0.0
TB2_GCCAATTAGCCAGGTC-1,TB,0.0
TB2_GCCAATTAGTCACGAT-1,TB,1.7863632500815836
TB2_GCCACACAGGTGAAGC-1,TB,1.151403883341718
TB2_GCCACTAAGATACTTG-1,TB,0.0
TB2_GCCAGGAAGCTGTACG-1,TB,1.0813162600173927
TB2_GCCATTACAGCAAATA-1,TB,1.6827258250092987
TB2_GCCCATAAGACAAGTG-1,TB,0.0
TB2_GCCTATTGTAATGGAA-1,TB,0.9199361743430081
TB2_GCCTATTGTATTTGCC-1,TB,0.0
TB2_GCCTATTGTCAAACTG-1,TB,0.83300522161156
TB2_GCCTATTGTTTATCTG-1,TB,0.7265982765645091
TB2_GCCTCCATCGGCCATA-1,TB,0.7119113861636432
TB2_GCCTGACAGGAGGCAT-1,TB,0.0
TB2_GCCTGAGGTAGGTTAT-1,TB,0.9124678536918058
TB2_GCCTGAGGTATTGTGG-1,TB,0.0
TB2_GCCTGAGGTTGGCCGA-1,TB,0.0
TB2_GCCTGCTGTGCTAGAC-1,TB,1.1173577438413458
TB2_GCCTGCTGTTGGTTCT-1,TB,0.0
TB2_GCCTGTGCAATAGTCT-1,TB,0.0
TB2_GCCTTACTCTCGCCTG-1,TB,0.6121048740505624
TB2_GCCTTAGAGGCGGATG-1,TB,1.2830321784196697
TB2_GCCTTGCGTAATGGAA-1,TB,0.0
TB2_GCCTTGCGTATTCGCT-1,TB,1.4376906685038926
TB2_GCCTTGCGTATTGGTG-1,TB,1.1361045758456674
TB2_GCCTTGCGTGACATGC-1,TB,0.0
TB2_GCCTTTATCGTTACTT-1,TB,0.46299419435209027
TB2_GCGAAGTAGTCATTTC-1,TB,1.8214121546004982
TB2_GCGATTAGTAGGATTT-1,TB,0.0
TB2_GCGATTAGTCAAGTGC-1,TB,0.6273280259159589
TB2_GCGATTAGTCATAAGT-1,TB,0.9289552947154769
TB2_GCGATTAGTGGAAGGC-1,TB,0.0
TB2_GCGATTTAGGCTGGCT-1,TB,0.0
TB2_GCGCAAACAGCCTTGG-1,TB,1.512888026458429
TB2_GCGCAATGTAAGGTCC-1,TB,0.5401298886694976
TB2_GCGCAATGTCAAACTG-1,TB,1.1273855777652273
TB2_GCGCAATGTTTGGGCG-1,TB,1.0378547196979726
TB2_GCGCCTTGTCCGTAGG-1,TB,0.8513564473692563
TB2_GCGCCTTGTTAGAGGG-1,TB,1.7522526603261124
TB2_GCGCTAGGTAGGATCC-1,TB,0.0
TB2_GCGCTAGGTCGTTACT-1,TB,0.0
TB2_GCGCTAGGTGTGAGGA-1,TB,0.0
TB2_GCGCTTGCACAACAAA-1,TB,0.6171331940270263
TB2_GCGGAACCACAACCTA-1,TB,0.0
TB2_GCGGTTATCATCAGTA-1,TB,0.0
TB2_GCGGTTATCGTTATAG-1,TB,0.7452316164177393
TB2_GCGGTTGGTAAGCACC-1,TB,0.0
TB2_GCGGTTGGTGCGCAAT-1,TB,0.0
TB2_GCGGTTGGTGTTCCCA-1,TB,0.0
TB2_GCGTGCTAGTCACTAA-1,TB,0.0
TB2_GCGTGCTAGTGAACGA-1,TB,0.0
TB2_GCGTTTCTCCAGGAAA-1,TB,1.115286119447191
TB2_GCGTTTCTCTTGGACG-1,TB,1.1162518233775653
TB2_GCTAAGCGTGGTGAGA-1,TB,0.0
TB2_GCTAAGCGTTAGGCTA-1,TB,1.6665848753897543
TB2_GCTAAGTTCATTTAGG-1,TB,1.500993219639204
TB2_GCTAATATCCAGGGAG-1,TB,0.0
TB2_GCTAATATCTTAGTCT-1,TB,0.9000153751976434
TB2_GCTAATATCTTGTCTG-1,TB,0.0
TB2_GCTAGCTCACATAGCC-1,TB,0.9777839307611922
TB2_GCTAGCTCAGCCTAAC-1,TB,0.0
TB2_GCTAGTGTCCACCTGT-1,TB,1.6789561661719625
TB2_GCTAGTGTCGCTAGTG-1,TB,1.0292210133614934
TB2_GCTAGTGTCGTTATAG-1,TB,0.0
TB2_GCTATCCTCAAGCCTG-1,TB,0.42513787370686923
TB2_GCTATCCTCGCAAACT-1,TB,0.8714748621708901
TB2_GCTATCCTCGCTCACT-1,TB,0.8714344257682882
TB2_GCTCAACCATTGCAGC-1,TB,0.0
TB2_GCTCACAAGTAGGCGG-1,TB,1.2143145966362845
TB2_GCTCATTGTACGATTG-1,TB,0.0
TB2_GCTCCTTAGTGAGAGC-1,TB,0.8798906947918913
TB2_GCTCGATCAACCCTAA-1,TB,0.0
TB2_GCTCTGTTCCTAATTC-1,TB,1.2367902264076913
TB2_GCTGAGGAGCTTAACA-1,TB,0.0
TB2_GCTGATCCAATGAATG-1,TB,0.0
TB2_GCTGATCCATCCTAGA-1,TB,1.2720201853206814
TB2_GCTGCAATCTAATCAG-1,TB,0.0
TB2_GCTGCACAGGCATTAC-1,TB,0.9404596481469017
TB2_GCTGCATCAAACATAG-1,TB,0.0
TB2_GCTGGATGTCACAGCG-1,TB,0.0
TB2_GCTGGATGTCCTTAGT-1,TB,0.0
TB2_GCTGGATGTTGGCCGA-1,TB,0.9640606297583578
TB2_GCTGTAAGTAACCACA-1,TB,0.0
TB2_GCTGTGATCGAGGTGG-1,TB,0.0
TB2_GCTGTGATCGCTTCTA-1,TB,1.3425656237177284
TB2_GCTGTGCAGCATCCAG-1,TB,0.0
TB2_GCTTAAATCATGAGCT-1,TB,0.0
TB2_GCTTACCTCAAGACTC-1,TB,0.9608603756152925
TB2_GCTTACCTCAGGGCCT-1,TB,1.2108295446637947
TB2_GCTTATCGTAACGTGC-1,TB,1.8072027074960206
TB2_GCTTGTTGTTGGTTAG-1,TB,0.43069677973855286
TB2_GCTTTACGTTGAGGTC-1,TB,0.0
TB2_GCTTTATTCCAAGTTA-1,TB,1.4067956751024104
TB2_GCTTTCATCGGTTCCT-1,TB,0.0
TB2_GGAACAATCCTAAATG-1,TB,0.0
TB2_GGAACCACAGCCAGAA-1,TB,0.0
TB2_GGAACCACATTATGGT-1,TB,1.3022969747205269
TB2_GGAACCTGTTGGATCA-1,TB,1.0017157375272028
TB2_GGAAGCTAGGACTTAC-1,TB,1.0594066526721815
TB2_GGAAGTATCCGCCAAA-1,TB,0.0
TB2_GGAAGTATCGGGACTC-1,TB,0.0
TB2_GGAATCTTCCACAATA-1,TB,0.9335206655607728
TB2_GGACAGCCAACAACAA-1,TB,0.0
TB2_GGACAGCCATGGTTAT-1,TB,0.0
TB2_GGACATAAGACAACGA-1,TB,0.0
TB2_GGACCGAAGCATTAGC-1,TB,0.0
TB2_GGACCGAAGGCGAAAC-1,TB,0.6937978149514071
TB2_GGACCTCAGTGTTGCG-1,TB,0.0
TB2_GGACGAAGTAACGAGG-1,TB,1.3555620621938624
TB2_GGACGAAGTAAGGTTT-1,TB,0.0
TB2_GGACGAAGTTATTGCC-1,TB,1.37246780408917
TB2_GGACGAAGTTTACTTG-1,TB,0.0
TB2_GGACTAAAGGAGGCAT-1,TB,0.0
TB2_GGAGCATAGCCTCTCG-1,TB,0.0
TB2_GGAGCATAGTCATCCC-1,TB,0.0
TB2_GGAGTCTGTGGATGTC-1,TB,2.186628451704724
TB2_GGATATTGTCCTGATT-1,TB,0.0
TB2_GGATATTGTGAGCACT-1,TB,0.0
TB2_GGATATTGTTTCGCGC-1,TB,0.9571884495019943
TB2_GGATGGCCAAATATCC-1,TB,1.4430597218869998
TB2_GGATGGCCATAATGAG-1,TB,1.0552381429670066
TB2_GGATGTAAGTGAGGGT-1,TB,0.9052448224456778
TB2_GGATTATGTTGGTTGA-1,TB,0.0
TB2_GGATTGCGTCCTAGTT-1,TB,0.0
TB2_GGATTTATCCGGGACT-1,TB,1.0668096170839487
TB2_GGATTTATCGCTATAA-1,TB,0.48278310963084264
TB2_GGCAAATCAGCCAGTT-1,TB,0.0
TB2_GGCATGGAGAGCCGGA-1,TB,0.0
TB2_GGCATTAGTGTTAAAC-1,TB,0.9581778828411811
TB2_GGCATTAGTTAAGCCA-1,TB,0.7259370033829362
TB2_GGCATTGTCGATTTGA-1,TB,0.0
TB2_GGCCAACTCGTTATAG-1,TB,0.0
TB2_GGCCAGTTCTGTTGCC-1,TB,2.4273338999156064
TB2_GGCCTAATCGCACACA-1,TB,0.736869263375682
TB2_GGCCTTCGTTTGTCTA-1,TB,0.0
TB2_GGCGATACATCGTTCT-1,TB,1.4455345032078635
TB2_GGCGGTAAGTGGACAA-1,TB,0.0
TB2_GGCGGTAAGTTAGTTG-1,TB,0.0
TB2_GGCGTTATCGTTAGCG-1,TB,0.0
TB2_GGCTAGTGTCGACTCC-1,TB,0.0
TB2_GGCTATGTCAGGTTTA-1,TB,1.0511052607336406
TB2_GGCTATGTCGCTATGG-1,TB,1.5061158422915613
TB2_GGCTATGTCGGCTATG-1,TB,0.0
TB2_GGCTCAATCACACAGT-1,TB,0.0
TB2_GGCTCACAGGGTTATC-1,TB,0.0
TB2_GGCTGGTTCTCACAAA-1,TB,1.4424425718231157
TB2_GGCTGTCAGGTTACAC-1,TB,0.0
TB2_GGCTTAAGTCCCGAAG-1,TB,0.0
TB2_GGCTTCAAGCCTGACA-1,TB,0.0
TB2_GGCTTCAAGTAGCGGG-1,TB,0.0
TB2_GGGAATATCCCTCTAA-1,TB,0.0
TB2_GGGAATATCTCACTCA-1,TB,0.5854143315567657
TB2_GGGATAATCTGTTCAT-1,TB,1.4054199679040533
TB2_GGGATTAAGCAACAAG-1,TB,0.0
TB2_GGGATTAAGTATGTGC-1,TB,0.0
TB2_GGGCATGAGCGTGCAC-1,TB,0.0
TB2_GGGCATTGTAGTAAGA-1,TB,0.0
TB2_GGGCCTAGTCACGGAT-1,TB,1.383227218262825
TB2_GGGCCTAGTTAGCATG-1,TB,1.2618849291028125
TB2_GGGCTAACACTTGTTC-1,TB,0.904164591272786
TB2_GGGTATTTCAAACACC-1,TB,0.0
TB2_GGGTATTTCCTAACGG-1,TB,0.0
TB2_GGGTCAACACCAGGTT-1,TB,0.0
TB2_GGGTGAAGTATTGTGG-1,TB,0.0
TB2_GGGTGAAGTCGCAATA-1,TB,0.0
TB2_GGGTTACGTAGTTAAC-1,TB,0.0
TB2_GGGTTACGTGCTTAGA-1,TB,0.0
TB2_GGGTTACGTTTAGCGA-1,TB,0.0
TB2_GGGTTATTCACTAATG-1,TB,0.0
TB2_GGGTTATTCATTACGA-1,TB,0.0
TB2_GGGTTATTCGATAACC-1,TB,0.0
TB2_GGGTTATTCGCTAGCA-1,TB,0.5693767510024152
TB2_GGGTTTCCATGGCCTG-1,TB,0.0
TB2_GGGTTTGTCTTAGCGG-1,TB,0.0
TB2_GGTAACTTCATGGTGT-1,TB,0.0
TB2_GGTAAGGGTTCCGGCT-1,TB,0.0
TB2_GGTACAAAGTCATTGA-1,TB,0.7118585314431811
TB2_GGTACAAAGTTTAACG-1,TB,0.6556295092281044
TB2_GGTACCGGTTATCCTA-1,TB,0.0
TB2_GGTACCGGTTGAAGCC-1,TB,0.0
TB2_GGTACCGGTTTATCGC-1,TB,0.9571390355052889
TB2_GGTAGGAGTGATGGCT-1,TB,0.0
TB2_GGTATTGGTAGCCTCC-1,TB,0.5323261460394906
TB2_GGTATTGGTCCTGATT-1,TB,0.0
TB2_GGTATTGGTTAAGCCA-1,TB,0.0
TB2_GGTCAATTCCTCATGC-1,TB,0.0
TB2_GGTCAGGAGAGAGGAG-1,TB,0.0
TB2_GGTCATTAGGCTACTG-1,TB,1.7568985698351935
TB2_GGTCCATCAACAGGAT-1,TB,1.5954003722360208
TB2_GGTCCTGCAAACCCTA-1,TB,0.5528960081584595
TB2_GGTCGGTTCGAAGTAG-1,TB,0.8179025968080686
TB2_GGTCTTGAGAGAGCCG-1,TB,1.6751013159503514
TB2_GGTCTTTGTATTTGCC-1,TB,0.7383491467417761
TB2_GGTGAGCCAGCAAGTG-1,TB,0.0
TB2_GGTGAGCCAGGTTTGC-1,TB,0.0
TB2_GGTGAGCCATCCTAGA-1,TB,0.0
TB2_GGTGAGCCATTCCTGT-1,TB,0.0
TB2_GGTGAGGTCATTTGCT-1,TB,0.9872281671031927
TB2_GGTGAGTAGGGACGCA-1,TB,0.0
TB2_GGTGAGTAGTCTCACC-1,TB,1.5607154660620601
TB2_GGTGAGTAGTTTGAGC-1,TB,1.620001036031562
TB2_GGTGATTTCCTAGTCC-1,TB,0.0
TB2_GGTGCTTCATAACGGG-1,TB,2.129374248766017
TB2_GGTGTCCAGGTGAAGC-1,TB,0.970428689693086
TB2_GGTGTCCAGTTCCTGC-1,TB,0.8410236264436033
TB2_GGTGTGACAGCCGCTA-1,TB,0.8211333093388272
TB2_GGTGTGACATGCTTAG-1,TB,1.1910170455248577
TB2_GGTGTTGTCTGGCATG-1,TB,1.2035996003656424
TB2_GGTTAATGTAGGATTT-1,TB,0.0
TB2_GGTTAATGTGCATCGG-1,TB,0.0
TB2_GGTTACCCATGAGTTT-1,TB,0.0
TB2_GGTTACTAGACAGGTA-1,TB,0.9116064633174961
TB2_GGTTATGGTATTGGAT-1,TB,1.5646904854699921
TB2_GGTTCCCGTAAGCTTG-1,TB,0.0
TB2_GGTTCCCGTACCGAAC-1,TB,0.0
TB2_GGTTCTTGTTTGGGTA-1,TB,1.3370530914271224
TB2_GGTTGACGTTACGCGG-1,TB,0.0
TB2_GGTTGAGCACCTACTT-1,TB,0.0
TB2_GGTTGAGCATAAGGAC-1,TB,0.0
TB2_GGTTGCATCACAGCCA-1,TB,1.437649862594855
TB2_GGTTGCATCGCAGGCT-1,TB,0.0
TB2_GGTTGCGGTAACAGGG-1,TB,0.0
TB2_GGTTGCGGTCACGAAC-1,TB,0.0
TB2_GGTTGCGGTGCAACTA-1,TB,0.0
TB2_GGTTGCGGTGCTCCAC-1,TB,0.0
TB2_GGTTGGTGTTTGGGTA-1,TB,2.1562228038257496
TB2_GGTTTAATCCTCAGCT-1,TB,0.922059310713215
TB2_GGTTTCTGTTTATGGG-1,TB,3.232025003978518
TB2_GGTTTGTAGTATTGTG-1,TB,0.0
TB2_GTAAAGCCACTGACCG-1,TB,1.4004854548988654
TB2_GTAAGCAAGTTCCCGT-1,TB,0.0
TB2_GTAAGGTCAGCTTAGC-1,TB,0.0
TB2_GTAATAGCATCATGTG-1,TB,0.0
TB2_GTACAATGTCCCGAAG-1,TB,0.6654002343557743
TB2_GTACAATGTCTTTGAC-1,TB,0.0
TB2_GTACCTTGTTGTTCAC-1,TB,1.6045643531813096
TB2_GTACGTAGTCATTAGG-1,TB,1.3181432535442714
TB2_GTACTAGGTGATGAGG-1,TB,0.0
TB2_GTACTAGGTGCTTTAC-1,TB,0.0
TB2_GTACTAGGTTAGGTGC-1,TB,2.144078439476489
TB2_GTACTGGTCCTTAAGA-1,TB,0.8742339248069394
TB2_GTACTGGTCTTGTCTG-1,TB,0.0
TB2_GTACTTAAGCGCCTTT-1,TB,0.0
TB2_GTAGCCATCAATTGGC-1,TB,0.0
TB2_GTAGCCATCTTAGGGT-1,TB,1.6782472275507239
TB2_GTAGGAGGTAACCTAG-1,TB,1.2830950071553424
TB2_GTAGGAGGTGTAACCA-1,TB,1.0986122886681096
TB2_GTAGGAGGTTAGTACG-1,TB,1.3717720016728432
TB2_GTAGGAGGTTTGACCT-1,TB,0.0
TB2_GTAGGATCACCATATG-1,TB,0.0
TB2_GTAGGCGAGTTATCTC-1,TB,0.0
TB2_GTAGTTATCCGCACAA-1,TB,1.7274727990679946
TB2_GTAGTTATCGGTCAGC-1,TB,1.1903796909834348
TB2_GTAGTTATCTTAGGAC-1,TB,0.560818433901183
TB2_GTAGTTTCATCTAGCA-1,TB,0.0
TB2_GTATGTGGTGCTTACT-1,TB,0.0
TB2_GTATTCAAGATGGACA-1,TB,1.266593947497562
TB2_GTATTGATCAGAAACG-1,TB,0.0
TB2_GTATTGATCGGTCATG-1,TB,0.8903394297064016
TB2_GTATTGCAGGTGCGGA-1,TB,0.0
TB2_GTCAATATCATGGTTA-1,TB,0.0
TB2_GTCAGGCTCGTTTCGC-1,TB,0.0
TB2_GTCAGGCTCTTAAGTG-1,TB,0.0
TB2_GTCATCACATAATGAG-1,TB,0.0
TB2_GTCATCACATTATCCC-1,TB,1.7337780100741556
TB2_GTCATCCTCAATCTCT-1,TB,1.4183864416195933
TB2_GTCATTAAGGCGGATG-1,TB,0.0
TB2_GTCCAAGTCGGTCATG-1,TB,0.9463513731827741
TB2_GTCCAGGGTATACTGG-1,TB,0.0
TB2_GTCCAGGGTCACAAAT-1,TB,0.0
TB2_GTCCAGGGTGAGAAAC-1,TB,0.0
TB2_GTCCATTGTCATGCAA-1,TB,0.0
TB2_GTCCATTGTTAAGCTG-1,TB,0.6037215097853457
TB2_GTCCATTGTTGGTTCT-1,TB,0.0
TB2_GTCCGTAAGCCTGTGA-1,TB,1.3160094840414165
TB2_GTCCTCAGTAAAGCAA-1,TB,0.6434828874991045
TB2_GTCCTCAGTCCCGGAA-1,TB,0.0
TB2_GTCCTCAGTGCGCATG-1,TB,0.5210297939402324
TB2_GTCGAAGCAAAGCTAA-1,TB,0.0
TB2_GTCGAAGCAATTTGGT-1,TB,1.2739642757970406
TB2_GTCGCAATCCCGCAAA-1,TB,0.0
TB2_GTCGGTTCAAGGTCGA-1,TB,0.0
TB2_GTCTAATCAAACATAG-1,TB,0.0
TB2_GTCTAATCATTTGCTC-1,TB,1.8212467496643585
TB2_GTCTATGCAGCAAGTG-1,TB,0.0
TB2_GTCTCACTCAAAGGCA-1,TB,0.0
TB2_GTCTCACTCCTTGCGT-1,TB,1.618783021932137
TB2_GTCTTGCTCGTGCCTT-1,TB,0.0
TB2_GTCTTTAGTCACGGAT-1,TB,0.7614701933772471
TB2_GTCTTTAGTGTAACCA-1,TB,0.0
TB2_GTCTTTAGTGTCCAGG-1,TB,0.0
TB2_GTCTTTGTCCGCTAGA-1,TB,0.0
TB2_GTGAATCTCAGGTTTA-1,TB,0.0
TB2_GTGAGCGAGGGCCATC-1,TB,0.0
TB2_GTGAGGAGTCAACAAT-1,TB,0.0
TB2_GTGATGAAGCAGGCCT-1,TB,1.2779660994894702
TB2_GTGATGAAGGCAATAG-1,TB,0.0
TB2_GTGCAAGCAGGCATGA-1,TB,0.0
TB2_GTGCACGGTGCAATGC-1,TB,0.0
TB2_GTGCACGGTTCACCCA-1,TB,0.0
TB2_GTGCACGGTTTGAGGC-1,TB,2.0117893698689855
TB2_GTGCGCAGTACCCACC-1,TB,1.3946395431296392
TB2_GTGCGGTTCGATCAGT-1,TB,0.0
TB2_GTGCTCAAGCATGCAT-1,TB,0.0
TB2_GTGCTCAAGCCAGGTC-1,TB,0.0
TB2_GTGCTCAAGGTAAGCA-1,TB,1.3759590562822384
TB2_GTGCTCAAGTGAGGTA-1,TB,0.0
TB2_GTGCTCCGTTATCGAG-1,TB,1.2159820557599954
TB2_GTGCTGATCCTGAGTG-1,TB,0.0
TB2_GTGCTGATCTTGTCTG-1,TB,0.5605925339464325
TB2_GTGCTGGGTCCGTAGG-1,TB,1.5268393888913703
TB2_GTGCTGGGTTTAGTCC-1,TB,0.4095225234981082
TB2_GTGCTTACAAAGCGCA-1,TB,2.0396404896224603
TB2_GTGCTTCTCATAATCG-1,TB,0.0
TB2_GTGGATGCAGGGAGCT-1,TB,0.0
TB2_GTGGCTTCAGGTTAAA-1,TB,1.5657878661984255
TB2_GTGGTTAGTGATTTGG-1,TB,1.5512364710179785
TB2_GTGTAACTCCTTAATC-1,TB,0.0
TB2_GTGTGAGCAATGCCTA-1,TB,0.0
TB2_GTGTTACAGTTGGATC-1,TB,1.2753570350789836
TB2_GTGTTCCTCAAGACTC-1,TB,0.7955492762657027
TB2_GTGTTCCTCTACCTAT-1,TB,0.0
TB2_GTTAACCAGGCTATGT-1,TB,0.0
TB2_GTTAACGGTAATCGGC-1,TB,2.161984767495375
TB2_GTTAACGGTCAATGTG-1,TB,0.9157211106568524
TB2_GTTAACGGTTAAATGC-1,TB,0.0
TB2_GTTAAGCTCCACCTGT-1,TB,1.980380039476176
TB2_GTTAATGTCCATAATG-1,TB,0.8679316522205428
TB2_GTTACCTGTCATGCCC-1,TB,0.0
TB2_GTTACGTAGCATTTCT-1,TB,1.8803913390555174
TB2_GTTACGTAGTCGCAAT-1,TB,0.0
TB2_GTTAGACTCATGACCG-1,TB,0.0
TB2_GTTAGGCGTGAACAAA-1,TB,0.0
TB2_GTTAGGCGTTTATGGG-1,TB,1.0262244806981364
TB2_GTTCACCTCCGCAAAT-1,TB,0.6690728586209774
TB2_GTTCACCTCCTTGTTG-1,TB,0.0
TB2_GTTCATTTCCTGCGAA-1,TB,0.6950023291277974
TB2_GTTCCTGGTCTAGCTT-1,TB,0.5719531016155395
TB2_GTTCGCGCAGCACGTT-1,TB,0.0
TB2_GTTCGCTTCCTTTACG-1,TB,2.195921934860551
TB2_GTTCGCTTCGGCTATG-1,TB,0.0
TB2_GTTCTCATCAGGAAGC-1,TB,0.9960812009286217
TB2_GTTCTCATCTCACATT-1,TB,0.0
TB2_GTTCTCATCTTAGGAC-1,TB,1.386594436140897
TB2_GTTCTTAGTACCGTAA-1,TB,1.7728459870920945
TB2_GTTCTTGTCATCACTT-1,TB,0.0
TB2_GTTGCCCGTTAGGCGT-1,TB,0.0
TB2_GTTGCCCGTTGCGTAA-1,TB,0.5059927827956154
TB2_GTTGCGGGTTACGCAA-1,TB,0.0
TB2_GTTGCTGAGACAACAG-1,TB,0.8905087585502611
TB2_GTTGGAGCAGAAATTG-1,TB,0.5397117571826067
TB2_GTTGGAGCATGTGGGA-1,TB,0.0
TB2_GTTGGCCAGACAAAGT-1,TB,0.0
TB2_GTTGGCGGTTAGCTGA-1,TB,0.7593167671943486
TB2_GTTGTGAGTCATGCCC-1,TB,0.0
TB2_GTTGTGAGTGCCGCAA-1,TB,1.7139106621306601
TB2_GTTTAACCAGTATGTT-1,TB,0.0
TB2_GTTTAGCAGCAAGACA-1,TB,0.0
TB2_GTTTATCTCACGAATC-1,TB,0.0
TB2_GTTTATCTCGTGCCTT-1,TB,0.0
TB2_GTTTCCTCAGTAGCCT-1,TB,0.0
TB2_GTTTCTAGTAAACAAG-1,TB,0.7895936247990826
TB2_GTTTGCTGTTCGGGAT-1,TB,0.0
TB2_GTTTGCTGTTGTGACA-1,TB,0.0
TB2_GTTTGTTTCATAGACC-1,TB,0.8789836794613444
TB2_GTTTGTTTCCATAAGC-1,TB,0.0
TB2_GTTTGTTTCTCCTCAA-1,TB,0.8100284966454878
TB2_TAAACAGCACAAACTT-1,TB,0.0
TB2_TAACCAGGTATTGGTG-1,TB,0.0
TB2_TAACCAGGTCACACCC-1,TB,0.0
TB2_TAACCAGGTGCCTCAC-1,TB,0.628346272575196
TB2_TAACCAGGTGGAAACG-1,TB,1.1987251548813775
TB2_TAACCAGGTGTAACCA-1,TB,1.5592310486366763
TB2_TAACCAGGTGTTTGCT-1,TB,1.0165589386282687
TB2_TAAGCCAGTTAAGCGC-1,TB,0.0
TB2_TAAGCCTAGGGTCCAC-1,TB,1.8335060537025256
TB2_TAAGCCTAGTAACGAG-1,TB,0.9469787100330388
TB2_TAAGCTATCACCTGCT-1,TB,0.5402195746186018
TB2_TAAGCTGGTTCGGTAA-1,TB,0.0
TB2_TAAGGCTTCCCGCCTA-1,TB,1.252049141639445
TB2_TAATCACCAACTCGCG-1,TB,0.0
TB2_TAATCACCACTTCACT-1,TB,1.133312603998426
TB2_TAATCCGCAACAGCCT-1,TB,0.5123502589513925
TB2_TAATCCGCAGTAAGTA-1,TB,1.0338683952321235
TB2_TAATCCGCATAAACCT-1,TB,0.0
TB2_TAATGCATCACAGGAA-1,TB,1.8254556669494448
TB2_TAATGCATCCAAGTGT-1,TB,0.0
TB2_TAATGGTGTAATTAGC-1,TB,1.2878904963581057
TB2_TAATGGTGTTACCTGT-1,TB,0.0
TB2_TAATTGCCAGTTATCG-1,TB,0.0
TB2_TACAAGCTCTACCTAT-1,TB,1.1775570973677323
TB2_TACAGCTAGCGGTTAT-1,TB,1.0218219451522308
TB2_TACAGCTAGGAAACTG-1,TB,1.6074409072771643
TB2_TACATCAAGGCTAAGA-1,TB,1.7850549465709586
TB2_TACCAAATCATGTTTC-1,TB,0.0
TB2_TACCAGGTCTACCTAT-1,TB,0.0
TB2_TACCCGGCATCCAGGT-1,TB,0.0
TB2_TACCGCAAGCATGTTA-1,TB,1.5942525526185147
TB2_TACCGTTGTTATTGCC-1,TB,1.3698353672863925
TB2_TACCTGCTCTGTTCAT-1,TB,0.0
TB2_TACCTTAGTAGTAAGA-1,TB,0.0
TB2_TACCTTTAGGCCCAGT-1,TB,1.0838984131239748
TB2_TACCTTTAGGCTTAGT-1,TB,0.0
TB2_TACCTTTAGTTTGTCT-1,TB,1.4332181529135397
TB2_TACGCACCAGGAATCG-1,TB,0.0
TB2_TACGGATTCGTCATTT-1,TB,0.0
TB2_TACGGATTCTCAATTC-1,TB,0.8286199850632923
TB2_TACGGTTAGTCACGAT-1,TB,0.0
TB2_TACGTACAGGAACGCG-1,TB,0.8857096092642553
TB2_TACGTACAGGCCAATT-1,TB,0.0
TB2_TACGTTAAGCCGCAAC-1,TB,0.6932972143178222
TB2_TACGTTAAGTCACTAA-1,TB,1.3963530581424508
TB2_TACTAAGTCAATGAGG-1,TB,0.0
TB2_TACTAAGTCAGTATTG-1,TB,1.0495343533768444
TB2_TACTAAGTCTTAATGG-1,TB,0.7666169735201174
TB2_TACTAAGTCTTGCTAT-1,TB,0.8784075226253968
TB2_TACTCAAAGGCGCACT-1,TB,0.0
TB2_TACTGACAGGTCTTGG-1,TB,1.8829068895120185
TB2_TACTGAGGTCTCAGCC-1,TB,1.4059233858221625
TB2_TACTGCACAAGGGTTG-1,TB,0.0
TB2_TACTGCACATAGCAGG-1,TB,0.764647717792679
TB2_TACTTCGTCTTAATGG-1,TB,0.0
TB2_TAGACCAGTCGACTCC-1,TB,0.5635112731332299
TB2_TAGCATATCCCTCGCA-1,TB,0.0
TB2_TAGCATATCTGGCATG-1,TB,0.0
TB2_TAGCCTCTCTTAGCGG-1,TB,0.0
TB2_TAGCCTGAGCAAGGTA-1,TB,0.0
TB2_TAGCCTGAGTCTTGAA-1,TB,1.3118315532826745
TB2_TAGCCTTGTACGCGCA-1,TB,0.0
TB2_TAGCCTTGTAGCTAAT-1,TB,0.0
TB2_TAGCGGACAAGCGAGC-1,TB,1.1436247638853125
TB2_TAGCGGACATGGCCTG-1,TB,0.0
TB2_TAGCGGCTCAAATCGC-1,TB,2.0786690088269903
TB2_TAGCGGCTCGAGGAGT-1,TB,0.0
TB2_TAGCGGCTCTCACTCA-1,TB,0.0
TB2_TAGCTTAAGATACTTG-1,TB,0.0
TB2_TAGCTTAAGCATGACT-1,TB,1.2549099671015376
TB2_TAGCTTAAGCTATTAG-1,TB,0.0
TB2_TAGCTTGCAATAACCT-1,TB,2.802140009950101
TB2_TAGGAACCAACGTGCT-1,TB,0.0
TB2_TAGGCTAGTACAAAGA-1,TB,0.0
TB2_TAGGCTAGTGTGTCCC-1,TB,1.0819605337784988
TB2_TAGGCTGTCACACAGT-1,TB,0.0
TB2_TAGGCTGTCACGCATG-1,TB,0.0
TB2_TAGGGTTTCCTCGATC-1,TB,0.5815270836876734
TB2_TAGGTTGGTCGCAATA-1,TB,0.0
TB2_TAGTAAGCAAGCCACT-1,TB,1.468906443279913
TB2_TAGTACGGTGCAATGC-1,TB,1.4014076163158466
TB2_TAGTAGGAGCATGGTT-1,TB,0.6666889593988281
TB2_TAGTAGGAGCCTGTTC-1,TB,1.9127153265887207
TB2_TAGTAGGAGCTGGAAA-1,TB,0.0
TB2_TAGTCAATCCCGTTGT-1,TB,0.0
TB2_TAGTCAATCTTTGAGA-1,TB,0.0
TB2_TAGTGAGAGTGTTGCG-1,TB,0.0
TB2_TAGTGGCGTGCGCAAT-1,TB,1.096483495953588
TB2_TAGTGTGGTTGCGGAT-1,TB,0.0
TB2_TAGTTGTCAACTCGCG-1,TB,0.0
TB2_TAGTTGTCACCTGCTC-1,TB,0.525766031298606
TB2_TAGTTGTCACGGTACT-1,TB,0.0
TB2_TAGTTGTCATAATCAC-1,TB,0.0
TB2_TAGTTTGAGAGGCTAA-1,TB,0.0
TB2_TAGTTTGAGTTATCCT-1,TB,0.0
TB2_TATAGCTCATGCAACC-1,TB,0.0
TB2_TATAGGTGTACGTTTC-1,TB,1.1105533332053852
TB2_TATATCCTCCTCACAC-1,TB,1.1564563384622404
TB2_TATCACAAGCTTCTCA-1,TB,0.0
TB2_TATCACGCATTTGCTC-1,TB,0.0
TB2_TATCCAGCAAGCTACC-1,TB,0.685779480902948
TB2_TATCCAGCAGCACGTT-1,TB,0.0
TB2_TATCCAGCATGCAACC-1,TB,1.707966924142861
TB2_TATCCAGCATTGTGCA-1,TB,1.4797270407906356
TB2_TATCCGGAGTCATCCC-1,TB,0.0
TB2_TATCCGGAGTTGTCCC-1,TB,0.0
TB2_TATCGAGGTTGGATAT-1,TB,0.0
TB2_TATCGAGGTTGTTGCT-1,TB,0.46923242001889104
TB2_TATCGCACAATCCCTT-1,TB,2.0245181647698205
TB2_TATCGCACACTTAGGC-1,TB,0.0
TB2_TATGAAGCACCATATG-1,TB,0.0
TB2_TATGACATCACGCATG-1,TB,0.0
TB2_TATGACATCGCTATAA-1,TB,0.0
TB2_TATGACTCAAGGACCA-1,TB,1.1421700298311563
TB2_TATGCATCAATTAAGG-1,TB,0.0
TB2_TATGGATGTCTCACTG-1,TB,0.0
TB2_TATGGATGTGTAACCA-1,TB,1.618458592160031
TB2_TATGGCCCAATAATCC-1,TB,0.0
TB2_TATGGCCCATAAACCT-1,TB,0.9276596721535225
TB2_TATGGGCGTGTGTGGT-1,TB,0.0
TB2_TATGGTCAGGGTTAGA-1,TB,0.0
TB2_TATGTGATCGTACCGA-1,TB,0.0
TB2_TATTAGGTCTCGACCT-1,TB,0.6288362444832726
TB2_TATTGACCACCGGTAT-1,TB,0.7934209126789905
TB2_TATTTGGAGGAACCAA-1,TB,1.3866507169167879
TB2_TCAAACCAGAAGGTGC-1,TB,0.0
TB2_TCAAACCAGTATGTGC-1,TB,0.0
TB2_TCAACAATCCGTAAAC-1,TB,1.2677850597540221
TB2_TCAACAATCGAGGAAC-1,TB,0.7001193706792325
TB2_TCAAGAACACTAAGCC-1,TB,0.8806756301843595
TB2_TCAAGCTAGGCCTAAT-1,TB,0.0
TB2_TCAAGTATCTTGGACG-1,TB,0.782762732122225
TB2_TCAATCGCATGTCAGC-1,TB,0.0
TB2_TCAATCGCATTCAGCA-1,TB,0.6025591945207127
TB2_TCACCGGCATCAGTAT-1,TB,0.6322469475740012
TB2_TCACCTCAGACAAAGT-1,TB,0.6827614400732316
TB2_TCACCTCAGACAACAG-1,TB,0.0
TB2_TCACCTCAGTGAGCGG-1,TB,0.0
TB2_TCACCTCAGTTGGATC-1,TB,1.2623086346958474
TB2_TCACCTGGTATTGTCC-1,TB,1.1941751796728068
TB2_TCACCTGGTTATCGAG-1,TB,0.0
TB2_TCACCTGGTTCGGTAA-1,TB,0.0
TB2_TCACGGATCATCACTT-1,TB,0.661701044953794
TB2_TCACGGATCCGCCAAA-1,TB,1.2289955978112672
TB2_TCACTGACATTAGCCA-1,TB,0.8493603074087483
TB2_TCACTGACATTATCCC-1,TB,0.0
TB2_TCAGCAAGTTTAAAGC-1,TB,0.0
TB2_TCAGCCTTCTTGGATA-1,TB,0.5107722961209269
TB2_TCAGCCTTCTTGTTCG-1,TB,0.0
TB2_TCAGCGATCATGAGCT-1,TB,0.0
TB2_TCAGCGATCGAAGCGG-1,TB,0.0
TB2_TCAGCGATCGTTTCTG-1,TB,0.0
TB2_TCAGGAGCAGCTCAAC-1,TB,0.0
TB2_TCAGGTCCATAATTGC-1,TB,0.6757147870284483
TB2_TCAGGTTAGGAACACA-1,TB,0.0
TB2_TCAGGTTAGTGAAGTG-1,TB,1.0905445289977707
TB2_TCAGTAGGTTTCCACG-1,TB,0.799437723940893
TB2_TCATACTTCATGGTGT-1,TB,0.3721121330608699
TB2_TCATACTTCATTGTCT-1,TB,0.0
TB2_TCATACTTCGCAAACT-1,TB,0.6295317238278367
TB2_TCATCCATCATGAGCT-1,TB,1.2461948586813851
TB2_TCATCCATCCACCTTA-1,TB,0.0
TB2_TCATCCATCGTTTCCA-1,TB,0.0
TB2_TCATGAGGTGGTTCCC-1,TB,0.595242733158238
TB2_TCATGAGGTTTAGTCC-1,TB,0.0
TB2_TCATGCCTCCCGTTGT-1,TB,1.7858120927398962
TB2_TCATGTTTCCTTGCGT-1,TB,0.0
TB2_TCATTACTCGGTCAAT-1,TB,0.0
TB2_TCATTGTTCGGTTTCC-1,TB,0.0
TB2_TCATTGTTCTTAGGAC-1,TB,0.9888155087325184
TB2_TCATTTGGTCAGGCCA-1,TB,0.8621991838468781
TB2_TCATTTGGTCTAACCT-1,TB,0.3899569472542418
TB2_TCCACAACAACCTGGT-1,TB,1.6672120942492277
TB2_TCCACAACACTAGGTC-1,TB,1.0736922558912099
TB2_TCCACAACACTTCACT-1,TB,0.0
TB2_TCCACAACATTGTCCT-1,TB,0.0
TB2_TCCAGCAAGACAAAGT-1,TB,0.0
TB2_TCCAGCAAGCGGATAA-1,TB,0.0
TB2_TCCAGCAAGTTAGCTA-1,TB,0.0
TB2_TCCAGGTCAAAGCTCC-1,TB,1.4421958843413532
TB2_TCCAGGTCATCTTGAG-1,TB,0.0
TB2_TCCATAAAGCAGGCCT-1,TB,0.6359469394977887
TB2_TCCATCATCAGTATTG-1,TB,0.0
TB2_TCCATCATCATAGACC-1,TB,1.1001256869806437
TB2_TCCATCATCCTAATAG-1,TB,0.8805515939862868
TB2_TCCATCATCGGCCAGT-1,TB,0.0
TB2_TCCATGCTCCAGGTTG-1,TB,0.0
TB2_TCCATTGTCTAATCTC-1,TB,0.8050723723749911
TB2_TCCCGGACAATGAATG-1,TB,0.0
TB2_TCCCGTTAGGCACAGG-1,TB,1.4026393559814587
TB2_TCCCGTTAGGTGCTGC-1,TB,0.0
TB2_TCCCGTTAGTACCGCA-1,TB,1.6274929449040338
TB2_TCCCGTTAGTCAGTAC-1,TB,0.0
TB2_TCCCTCACAACACCTA-1,TB,0.0
TB2_TCCGGAATCGGTAACT-1,TB,0.0
TB2_TCCGGTAAGATGGACA-1,TB,1.7900947443555024
TB2_TCCGGTAAGTCCTTCA-1,TB,0.0
TB2_TCCGGTTTCGGTCAGC-1,TB,0.0
TB2_TCCGGTTTCGTAACGT-1,TB,0.6884307761363636
TB2_TCCTAGTGTTTAGTCC-1,TB,1.292535157586348
TB2_TCCTCAATCAGTGAAG-1,TB,0.0
TB2_TCCTTAGTCCAACTGG-1,TB,0.0
TB2_TCCTTGCAGGTCGATT-1,TB,0.0
TB2_TCGATTAAGACAAACG-1,TB,1.492115739028981
TB2_TCGCATTGTTGTCCAT-1,TB,0.5602701434454347
TB2_TCGCCCATCATGACCG-1,TB,1.3418693613476977
TB2_TCGCCCATCTCACTCA-1,TB,0.7447666769910862
TB2_TCGCGAGGTGTTTGCT-1,TB,0.0
TB2_TCGCGCACACTTGTTC-1,TB,1.2676016469003093
TB2_TCGCTAACACAAAGGT-1,TB,0.0
TB2_TCGGTAAGTAGACAAA-1,TB,0.0
TB2_TCGGTTACAGTTAGCC-1,TB,0.8355120431896748
TB2_TCGGTTACATCTAGCA-1,TB,0.0
TB2_TCGTCAACACGTGCTG-1,TB,0.7801290132700841
TB2_TCGTTACGTCGCGCAA-1,TB,1.0318876932336005
TB2_TCGTTACGTTACTTCA-1,TB,0.7638507335289783
TB2_TCGTTACGTTCAAGCA-1,TB,0.0
TB2_TCGTTACGTTTGAGCA-1,TB,0.8882285913047857
TB2_TCGTTACGTTTGCAGA-1,TB,2.100594854755282
TB2_TCGTTAGCAAAGCTAA-1,TB,0.0
TB2_TCTAACCGTGCAACTA-1,TB,0.8602274898475109
TB2_TCTAACCGTGTTTGAG-1,TB,0.7380355766930048
TB2_TCTAACTTCGCTAAGT-1,TB,0.6119889413713336
TB2_TCTAACTTCTTGACCC-1,TB,0.0
TB2_TCTAAGGGTTGTTCAC-1,TB,0.5960832225464562
TB2_TCTAATCTCAGTTCCC-1,TB,0.0
TB2_TCTACTAGTAGCCTCC-1,TB,0.5715835863540131
TB2_TCTACTAGTATTGCAG-1,TB,0.8870091811213299
TB2_TCTAGCACAATCCCTT-1,TB,0.0
TB2_TCTAGCCTCCGGTATG-1,TB,0.0
TB2_TCTATGTTCTGTAAGC-1,TB,0.0
TB2_TCTCAAGCACGTTACA-1,TB,0.0
TB2_TCTCACCAGCTTTGTT-1,TB,1.1969488872746223
TB2_TCTCACCAGGTCGAGG-1,TB,0.0
TB2_TCTCCTCGTTGCATCT-1,TB,1.353606625990317
TB2_TCTGGCTTCGCAATCG-1,TB,0.0
TB2_TCTGTGACAAGGTAAC-1,TB,0.0
TB2_TCTGTGACATTAGCGC-1,TB,0.0
TB2_TCTTAGTTCATTTAGG-1,TB,0.0
TB2_TGAAACTGTCTAACAG-1,TB,1.3930446460146764
TB2_TGAACAGAGGAGTAAT-1,TB,1.8646616952323307
TB2_TGAACAGAGTGAGAGC-1,TB,0.0
TB2_TGAAGCAAGCCTGTTC-1,TB,0.0
TB2_TGAAGCAAGCTAATTG-1,TB,0.0
TB2_TGAAGCAAGTTGGATC-1,TB,1.0528027526368156
TB2_TGAAGGATCGATTATG-1,TB,0.0
TB2_TGAAGGATCGCAATCG-1,TB,0.0
TB2_TGACCAAGTAACGTGC-1,TB,0.0
TB2_TGACCAAGTGACATAT-1,TB,0.7658156821901708
TB2_TGACCTTGTGTGAGGA-1,TB,0.0
TB2_TGACCTTGTTGAATCG-1,TB,1.3212244173147154
TB2_TGACTTAAGCGATACT-1,TB,0.8505107145565289
TB2_TGACTTAAGCTAAAGG-1,TB,0.0
TB2_TGACTTAAGGTCGATT-1,TB,0.0
TB2_TGACTTAAGTTTGCGG-1,TB,0.0
TB2_TGAGAACCAAGTTATC-1,TB,0.0
TB2_TGAGCACGTCTAGCTT-1,TB,0.0
TB2_TGAGCCGGTGGAAGGC-1,TB,0.0
TB2_TGAGCCGGTGTTTGTC-1,TB,1.4019846820572113
TB2_TGAGGAGGTGATGGCT-1,TB,0.0
TB2_TGAGGGAGTGGTTAGC-1,TB,0.0
TB2_TGAGGGAGTTATCCGT-1,TB,1.257425316000634
TB2_TGAGGGAGTTTAACCC-1,TB,0.0
TB2_TGAGGGCCAGCAACAG-1,TB,0.5599159530284763
TB2_TGAGGGCCATAGCTGC-1,TB,0.0
TB2_TGAGGTGCATTAAACC-1,TB,1.5468937044736826
TB2_TGAGTGAAGCAGGTGG-1,TB,0.0
TB2_TGAGTTTCATATAACC-1,TB,0.0
TB2_TGATCAGGTTAATGAC-1,TB,1.374339512968126
TB2_TGATCAGGTTTAGCTC-1,TB,0.0
TB2_TGATCCTGTATTGGTG-1,TB,0.0
TB2_TGATCCTGTGAGACTC-1,TB,0.6571029817038258
TB2_TGATCGAGTCTATCGT-1,TB,1.8417957814461898
TB2_TGATGAACAGCCTGCA-1,TB,0.9197546777058165
TB2_TGATGACTCCGGAACC-1,TB,0.9232467556879373
TB2_TGATGATGTTATCGAG-1,TB,1.8099041925235038
TB2_TGCAATATCACTTCAT-1,TB,0.0
TB2_TGCAATATCCCTGGAA-1,TB,0.5917968389181568
TB2_TGCAATATCCTCGATC-1,TB,0.0
TB2_TGCACACCAAGTGAAC-1,TB,0.0
TB2_TGCACACCAGGCTAGA-1,TB,0.0
TB2_TGCACTTGTTAGGCGT-1,TB,0.0
TB2_TGCATCCTCGCAGGCT-1,TB,0.0
TB2_TGCATGAGTGTCACGG-1,TB,0.0
TB2_TGCATGAGTTATAGCG-1,TB,0.0
TB2_TGCATGAGTTCACTGT-1,TB,0.0
TB2_TGCCATTGTTCGCGCT-1,TB,0.0
TB2_TGCCATTGTTGGATAT-1,TB,0.7831497222542593
TB2_TGCCGGTAGCCAGGTC-1,TB,1.1403573595225536
TB2_TGCCTGTTCAATACGC-1,TB,0.0
TB2_TGCGATTAGGCTTAAC-1,TB,0.0
TB2_TGCGATTAGGGTTAGA-1,TB,0.8693774420151661
TB2_TGCGATTAGGGTTATC-1,TB,0.0
TB2_TGCGCAGGTACAATGT-1,TB,0.6323709418872849
TB2_TGCGCAGGTCACACCC-1,TB,0.5966326854877417
TB2_TGCTAGCCACATTAAC-1,TB,1.024962414317116
TB2_TGCTATGCAATGCGCT-1,TB,0.0
TB2_TGCTCACTCATTACTC-1,TB,0.0
TB2_TGCTCACTCCTAAGTA-1,TB,1.9416792529751288
TB2_TGCTCCGTCCTTTACG-1,TB,1.2240296084787987
TB2_TGCTCTCAGGTGTCCA-1,TB,0.0
TB2_TGCTGGATCATCACTT-1,TB,1.5169305190566498
TB2_TGCTTCATCGCTATGG-1,TB,0.0
TB2_TGCTTCATCGTCATTT-1,TB,0.0
TB2_TGCTTCCAGAGAAGGG-1,TB,0.0
TB2_TGCTTGCTCAAGGACA-1,TB,0.0
TB2_TGCTTGCTCTACTAAG-1,TB,0.9153617397637104
TB2_TGCTTGTGTCGCAAAC-1,TB,1.6223621634150358
TB2_TGGAACAAGGAGGCAT-1,TB,0.0
TB2_TGGAACAAGGTCCTGA-1,TB,0.0
TB2_TGGACCGGTTTGGCGG-1,TB,1.1578019964295432
TB2_TGGACGGAGGGCTTAT-1,TB,0.0
TB2_TGGACTAGTGGCTTCC-1,TB,0.0
TB2_TGGATTCAGCTCAAAC-1,TB,0.0
TB2_TGGATTGGTAACGAGG-1,TB,0.510718979849925
TB2_TGGCCATCAAACTGCC-1,TB,1.406411713220221
TB2_TGGCCATCACAAAGCG-1,TB,0.0
TB2_TGGCCATCAGGCGATA-1,TB,0.0
TB2_TGGCCTGCATGATTGT-1,TB,0.0
TB2_TGGCCTGCATTATGGT-1,TB,1.0236465805415358
TB2_TGGCCTTTCACTAATG-1,TB,0.0
TB2_TGGCGGTTCCTGAGTG-1,TB,0.0
TB2_TGGCTATAGTGAGAGC-1,TB,1.0364439679266746
TB2_TGGCTTTGTAAGGTTT-1,TB,0.0
TB2_TGGCTTTGTTGCAGTA-1,TB,0.0
TB2_TGGGCCTAGGACCTCA-1,TB,0.6902101746903593
TB2_TGGGCCTAGTAACGAG-1,TB,0.0
TB2_TGGTAAACATTGTGTG-1,TB,1.3990282370761478
TB2_TGGTCAAGTTATGTGG-1,TB,0.0
TB2_TGGTCAGTCACAGCGC-1,TB,0.0
TB2_TGGTCCTTCATTGTTC-1,TB,0.0
TB2_TGGTCCTTCGGTTTGG-1,TB,1.4621205645396216
TB2_TGGTGATTCCTCAGCT-1,TB,0.0
TB2_TGGTGATTCCTTAATC-1,TB,1.2775304161893286
TB2_TGGTGATTCGTTACTT-1,TB,0.9543314748814318
TB2_TGGTGCATCATTGTTC-1,TB,0.8435818640739818
TB2_TGGTGCATCTACCTAT-1,TB,0.8759473486897817
TB2_TGGTGCATCTCACAAA-1,TB,0.8906781560174287
TB2_TGGTTAATCACTAAGC-1,TB,0.0
TB2_TGGTTAATCCCGAAGC-1,TB,0.7594982531772982
TB2_TGGTTAATCGCAATCG-1,TB,1.4488912379772998
TB2_TGGTTGAGTATTGGAT-1,TB,0.0
TB2_TGGTTGAGTTTAACCC-1,TB,0.0
TB2_TGTAAAGCACAGGGAC-1,TB,0.0
TB2_TGTAAAGCAGCATTAT-1,TB,1.8830250172445353
TB2_TGTAACTCACAGGGAC-1,TB,0.0
TB2_TGTAAGTGTTTGGCGG-1,TB,1.5534738949359916
TB2_TGTATCCGTTAAGCGC-1,TB,0.0
TB2_TGTATCGCATCATGGC-1,TB,2.0119764071952977
TB2_TGTCAATCAACTAGCC-1,TB,0.0
TB2_TGTCAATCATGAATAG-1,TB,1.9777755902438465
TB2_TGTCAGTAGCACAGAA-1,TB,0.0
TB2_TGTCATAAGGCAAGTA-1,TB,1.0410442463985325
TB2_TGTCCTGGTTCCTCCT-1,TB,1.0097987160058155
TB2_TGTCCTTCAGATTCAT-1,TB,0.0
TB2_TGTGAAACAACTCGCG-1,TB,0.0
TB2_TGTGAAACAAGGAATC-1,TB,0.0
TB2_TGTGATCAGGCATGTT-1,TB,0.0
TB2_TGTGCACCAGGCTAGA-1,TB,0.0
TB2_TGTGCGCAGGTTAGCT-1,TB,0.0
TB2_TGTGCGCAGGTTTACA-1,TB,0.0
TB2_TGTGCGGGTATTTGCC-1,TB,0.0
TB2_TGTGCGGGTGCTCCGT-1,TB,0.9961889109406299
TB2_TGTGCTGAGACTTACA-1,TB,0.0
TB2_TGTGGAGCAGGCTACT-1,TB,0.0
TB2_TGTGGCCAGGGACCTC-1,TB,0.0
TB2_TGTGTGAGTGATTTGG-1,TB,0.0
TB2_TGTGTTAAGGAAGTAT-1,TB,0.0
TB2_TGTGTTAAGTTAGCCG-1,TB,0.0
TB2_TGTTAGCAGCATTAGC-1,TB,1.0138095357748058
TB2_TGTTATGAGCTAAGTC-1,TB,0.0
TB2_TGTTATGAGGACTAAG-1,TB,0.0
TB2_TGTTCCTCAGATTCAT-1,TB,0.8856259051075084
TB2_TGTTGCACAAACTGCC-1,TB,0.8360301355408613
TB2_TGTTGTAAGCGAGGTG-1,TB,1.783474417693948
TB2_TGTTGTAAGGCGCTTA-1,TB,1.3387117832695543
TB2_TGTTGTGCATTCCTGT-1,TB,1.4447910281658545
TB2_TGTTGTTTCGCTAGAT-1,TB,0.0
TB2_TTAAAGGCAAGGTACG-1,TB,0.0
TB2_TTAAAGGCACCTGGTG-1,TB,0.0
TB2_TTAAAGGCAGGCATCT-1,TB,0.8628321533493878
TB2_TTAACCAAGCTAATCA-1,TB,1.755768874677949
TB2_TTAACTGAGGAGTCGG-1,TB,0.0
TB2_TTAACTGAGTGTTGCG-1,TB,0.0
TB2_TTAACTGAGTTTGAGC-1,TB,0.0
TB2_TTAAGCCAGGAAGCTA-1,TB,0.8140329613208089
TB2_TTAATCGAGGAGCACG-1,TB,1.5386055952260884
TB2_TTACACCGTCATTGAG-1,TB,0.0
TB2_TTACACCGTTCATCTA-1,TB,0.839601161384563
TB2_TTACCTGTCAGGGCCT-1,TB,1.291673348719835
TB2_TTACCTGTCGGCCAGT-1,TB,1.6517023736873442
TB2_TTAGCAGGTAAGCTTG-1,TB,0.0
TB2_TTAGCAGGTGGTTATG-1,TB,0.0
TB2_TTAGCAGGTTTGAGGC-1,TB,1.9592275371581502
TB2_TTAGGAACAAATTGCT-1,TB,1.3066350614242537
TB2_TTAGGAACAGCCTAAC-1,TB,0.0
TB2_TTAGGATGTAGGATTT-1,TB,1.2871938968423962
TB2_TTAGGATGTAGTTGGC-1,TB,1.4307115396844405
TB2_TTAGGATGTGGATTCA-1,TB,0.9133905758641648
TB2_TTAGGCCCAAAGCTCC-1,TB,1.2217744022565677
TB2_TTAGGCGTCGATCAGT-1,TB,1.2360534072610432
TB2_TTAGGCTAGAAGCTAG-1,TB,1.4671067732649252
TB2_TTAGGCTAGCCTGGTA-1,TB,0.7976226188683302
TB2_TTAGGCTAGTAGCGCC-1,TB,1.5514195771156614
TB2_TTAGGCTAGTGTGATC-1,TB,1.580325597467182
TB2_TTAGTCAAGTAAACCC-1,TB,0.5948051847372089
TB2_TTATAGCCAAGCGATG-1,TB,1.643573159672299
TB2_TTATAGCCATAATCAC-1,TB,1.2640066759970536
TB2_TTATAGCCATTCCTGT-1,TB,0.0
TB2_TTATCCGTCATGGTGT-1,TB,0.6219277754074075
TB2_TTATCCGTCTAATTGG-1,TB,1.2937823007711722
TB2_TTATGACCATAAGGAC-1,TB,1.6398796706597996
TB2_TTATGCGCATAATGAG-1,TB,0.6307218041395641
TB2_TTATGCGCATTAAACC-1,TB,0.7453479461532957
TB2_TTATTGCTCGGTTACG-1,TB,0.0
TB2_TTCAACCGTTAGCATG-1,TB,1.6348089763696005
TB2_TTCACTGTCATAGACC-1,TB,0.7537651847901448
TB2_TTCAGCACACCTCACC-1,TB,0.0
TB2_TTCAGCACAGGCAAGC-1,TB,0.0
TB2_TTCATCCCATGACTAT-1,TB,0.6615648562454252
TB2_TTCATTCAGGAGCATA-1,TB,0.0
TB2_TTCATTCAGTGAAGTG-1,TB,0.0
TB2_TTCCCACAGCATGAAG-1,TB,0.970632334945838
TB2_TTCCCACAGGACACTT-1,TB,0.0
TB2_TTCCCACAGTAAGTCC-1,TB,0.7317101265909383
TB2_TTCCCGCCAAACCTTG-1,TB,0.0
TB2_TTCCCGCCATTGTCAG-1,TB,0.0
TB2_TTCCTTGAGCAAGGTA-1,TB,0.0
TB2_TTCCTTGAGGTAAGCA-1,TB,0.0
TB2_TTCGCAACACGAATCC-1,TB,1.1872834485598485
TB2_TTCGCAACATGGCCCA-1,TB,1.3695800560732216
TB2_TTCGCAACATTGTCAG-1,TB,0.0
TB2_TTCGGTACAACCGCCA-1,TB,0.661701044953794
TB2_TTCGGTACAATGCGCT-1,TB,0.0
TB2_TTCGGTACATTAAAGG-1,TB,0.0
TB2_TTCGTGCTCAAGTGTC-1,TB,2.0287129286604983
TB2_TTCTTAGGTCTATCGT-1,TB,0.0
TB2_TTCTTAGGTGTTTGTC-1,TB,1.2132057993911078
TB2_TTGAGCTAGCTAATTG-1,TB,0.0
TB2_TTGAGGCGTCATGAGC-1,TB,1.0749194334546583
TB2_TTGAGGCGTTGAGCCG-1,TB,0.0
TB2_TTGATGTCAAAGCGGC-1,TB,0.0
TB2_TTGCAAGGTCACGAAC-1,TB,1.7016459645228315
TB2_TTGCAATCAAGCCAGA-1,TB,1.2926629440461472
TB2_TTGCACACACGAACAG-1,TB,0.5590805992686478
TB2_TTGCAGCCACAGCCAT-1,TB,0.0
TB2_TTGCGTCTCTCACTCA-1,TB,0.0
TB2_TTGCGTCTCTTTGACT-1,TB,0.0
TB2_TTGCTCTCAAGGATTA-1,TB,0.0
TB2_TTGCTTAGTTTAGCTC-1,TB,1.4084467628399264
TB2_TTGCTTTAGTTTGCGG-1,TB,0.0
TB2_TTGGAGGCACGCAACT-1,TB,0.0
TB2_TTGGATTCAGGTTACC-1,TB,0.0
TB2_TTGGCGGGTAGTTAAC-1,TB,0.0
TB2_TTGGCGGGTCACAGAC-1,TB,0.0
TB2_TTGGCGGGTTCGGTAA-1,TB,0.0
TB2_TTGGCTACAATGAAGC-1,TB,0.0
TB2_TTGGCTACATGTTGGC-1,TB,0.9883387276138847
TB2_TTGGCTACATTCAGCA-1,TB,1.28586639572104
TB2_TTGGCTGAGGCCAATT-1,TB,0.0
TB2_TTGGGCCAGGAGGCAT-1,TB,0.0
TB2_TTGGGCCAGTCGCTAG-1,TB,0.7351411265132498
TB2_TTGGGTTAGCTTAACA-1,TB,0.7262123811685737
TB2_TTGGTGAGTTTGAGCA-1,TB,0.0
TB2_TTGTAAGTCAATGTGC-1,TB,0.9679921062510455
TB2_TTGTCAAAGGCACAGG-1,TB,0.0
TB2_TTGTCAAAGTTCCTCA-1,TB,0.4629505544580589
TB2_TTGTCCCAGCGGATAA-1,TB,1.562799336125644
TB2_TTGTCCGGTCAGGAAG-1,TB,0.0
TB2_TTGTCCGGTTGTTGGA-1,TB,0.0
TB2_TTGTGAGGTTTGTTGC-1,TB,0.0
TB2_TTGTGCCTCGCAACAT-1,TB,0.0
TB2_TTGTTCCCACAACCTA-1,TB,0.0
TB2_TTGTTGCGTCTATCGT-1,TB,0.0
TB2_TTGTTTGGTAGGTTAT-1,TB,1.8577506851442136
TB2_TTTAACCTCCGCCAAA-1,TB,2.217533133801343
TB2_TTTAAGGTCCCATAAA-1,TB,0.5931340313320809
TB2_TTTACGAAGGTCCTGA-1,TB,1.3762171167821424
TB2_TTTAGCAAGGAGCATA-1,TB,0.0
TB2_TTTAGCAAGGGTCCAC-1,TB,1.2552686074910722
TB2_TTTAGCTTCAAGGACA-1,TB,0.0
TB2_TTTAGCTTCGCTAGAT-1,TB,0.7406667662884711
TB2_TTTAGGATCATGACCG-1,TB,0.0
TB2_TTTATGGAGTTAACCA-1,TB,0.0
TB2_TTTCACCCAATATGGA-1,TB,1.1428241530784309
TB2_TTTCATCAGCTCGCTT-1,TB,0.0
TB2_TTTCCACCAAGTGAAC-1,TB,0.6719897986884843
TB2_TTTCCGGGTACCAGGT-1,TB,1.0442551940363596
TB2_TTTCCGGGTCACAAAT-1,TB,0.8649757275387437
TB2_TTTCCTGAGTGCTGTG-1,TB,0.0
TB2_TTTCGTCCATAAACCT-1,TB,0.0
TB2_TTTCTCACAGCACGTT-1,TB,0.0
TB2_TTTGACTTCCTCAGCT-1,TB,0.8321975921539679
TB2_TTTGACTTCGACAAAG-1,TB,0.45080385602268364
TB2_TTTGAGTCAAGACTCC-1,TB,0.0
TB2_TTTGCGACAGGCTAAG-1,TB,0.0
TB2_TTTGCGGAGGAGTCGG-1,TB,0.0
TB2_TTTGCGGAGGTTACAC-1,TB,0.9838077318012546
TB2_TTTGGTAAGACACCGC-1,TB,0.0
TB2_TTTGGTGCAGGGAGGA-1,TB,0.9576334224695904
TB2_TTTGTCCCAAGGTGGC-1,TB,0.8565464812248649
TB2_TTTGTGAAGACACCGC-1,TB,0.0
TB2_TTTGTGAAGGGACGCA-1,TB,0.7895936247990826
TB2_TTTGTGAAGGGTCCAC-1,TB,0.0
TB2_TTTGTGGCAAGTCGCT-1,TB,0.6478851031136283
TB2_TTTGTGTTCATTGCGG-1,TB,0.0
TB2_TTTGTTGGTACTGATG-1,TB,0.0
TB2_TTTGTTGGTGAAACAA-1,TB,0.9731856931669697
