cell,sample,condition,celltype,leiden,n_genes,n_counts,pct_mt,umap1,umap2,Apoe,Lpl,Itgax,Axl,Trem2,Cst7,Ccl6,Cd9,Spp1,Csf1,Tyrobp,B2m,Ctsb,Tmem119,P2ry12,Cx3cr1,Hexb,C1qa,Olfml3,Siglech,Selplg,Scn9a,Csf1r,Lrp1,Sorl1,Ldlr,Vldlr,dam_score,dam_state
CON1_AAACCGAAGGATGATG-1,CON1,CON,Microglia,6,401,464,0.646551724137931,1.6186025,-0.2748197,0.0,0.0,0.0,0.0,0.0,0.0,0.0,0.0,0.0,0.0,0.0,0.0,0.0,0.0,0.0,3.1158115214707247,0.0,0.0,0.0,0.0,0.0,0.0,0.0,0.0,0.0,0.0,0.0,-0.3894764401838406,DAM-like
CON1_AAAGGCTCAGGATAAC-1,CON1,CON,Microglia,16,1356,2181,0.0,5.7799907,17.299477,0.0,0.0,0.0,0.0,1.72009387349833,0.0,0.0,2.69159272906391,0.0,0.0,0.0,0.0,0.0,1.72009387349833,2.962186395468553,2.962186395468553,4.177317406595133,3.499393366152437,1.72009387349833,2.3194525793491603,3.1749349567362715,0.0,2.3194525793491603,2.3194525793491603,0.0,0.0,0.0,-2.4775968479564434,Homeostatic
CON1_AAAGGTTAGTTGTCTT-1,CON1,CON,Microglia,14,2699,5845,0.3421727972626176,-4.3381186,-8.533261,0.0,0.0,0.0,0.0,0.0,0.0,0.0,0.0,0.0,0.0,0.0,0.0,0.9972673982188524,0.0,1.813617492380804,0.0,0.9972673982188524,0.0,0.0,0.0,0.0,0.0,0.0,0.0,1.813617492380804,0.0,0.0,-0.27464773453889146,DAM-like
CON1_AAATGGCCAGCAAATA-1,CON1,CON,Microglia,16,1305,2191,0.0,5.8247995,17.216948,0.0,0.0,0.0,0.0,1.7163399139696798,0.0,0.0,2.68732884976317,0.0,0.0,0.0,2.3153287406605108,1.7163399139696798,0.0,2.68732884976317,2.3153287406605108,3.3458522341287784,1.7163399139696798,0.0,1.7163399139696798,3.1705520056171936,0.0,1.7163399139696798,0.0,0.0,0.0,0.0,-1.220095598158777,DAM-like
CON1_AACCTCCTCAATCTCT-1,CON1,CON,Microglia,16,1812,3637,0.027495188342040146,5.883687,16.974953,0.0,0.0,0.0,0.0,1.321627520870845,0.0,0.0,1.8716541149268089,0.0,0.0,0.0,1.8716541149268089,0.0,0.0,2.6910799624329407,2.4847462483257114,3.743433511117153,0.0,0.0,2.4847462483257114,1.321627520870845,0.0,2.6910799624329407,1.321627520870845,0.0,0.0,0.0,-1.201093744020625,DAM-like
CON1_AACTGTTCATGAGTTT-1,CON1,CON,Microglia,30,4293,11585,0.07768666378938283,1.4328982,-7.2000685,0.6223274638220395,0.0,0.0,0.0,0.0,0.0,0.0,0.0,0.0,0.0,0.6223274638220395,0.6223274638220395,0.6223274638220395,0.6223274638220395,1.0030258276077104,1.0030258276077104,1.8212467496643585,0.6223274638220395,0.6223274638220395,1.9520083286694394,1.8212467496643585,0.0,0.6223274638220395,0.0,1.2780906422557738,1.2780906422557738,0.6223274638220395,-0.9919566108512576,DAM-like
CON1_AAGCTTGGTTTCCACG-1,CON1,CON,Microglia,18,657,899,1.0011123470522802,-9.258532,-5.489895,0.0,0.0,0.0,0.0,0.0,0.0,0.0,0.0,0.0,0.0,0.0,0.0,0.0,0.0,2.4951432864176915,0.0,0.0,0.0,0.0,0.0,0.0,0.0,0.0,0.0,0.0,0.0,0.0,-0.31189291080221143,DAM-like
CON1_AAGTGAAGTCCGGTTC-1,CON1,CON,Microglia,16,968,1357,0.14738393515106854,6.2580996,16.459003,0.0,0.0,0.0,0.0,0.0,0.0,0.0,0.0,0.0,0.0,0.0,0.0,2.124557913056777,0.0,2.124557913056777,3.140161146788147,3.140161146788147,3.140161146788147,0.0,0.0,3.8114328832248465,0.0,2.756103173937114,2.756103173937114,0.0,0.0,0.0,-1.7561317478071596,Intermediate
CON1_AAGTTACGTCTCAGCC-1,CON1,CON,Microglia,16,1299,2053,0.04870920603994155,5.8641853,17.024569,0.0,0.0,0.0,0.0,0.0,0.0,0.0,1.7704156939595317,0.0,0.0,0.0,2.374588373418914,2.374588373418914,0.0,3.020092020405061,1.7704156939595317,4.1643808570980365,3.020092020405061,2.748544656607301,1.7704156939595317,2.748544656607301,0.0,2.748544656607301,0.0,0.0,0.0,0.0,-1.9038035890496618,Intermediate
CON1_AATACCGGTTAGCCAA-1,CON1,CON,Microglia,16,1296,2042,0.3428011753183154,5.756457,17.128254,0.0,0.0,0.0,0.0,2.3790200045268763,0.0,0.0,1.7744708192997822,0.0,0.0,0.0,1.7744708192997822,1.7744708192997822,1.7744708192997822,3.4138818553125345,3.6933015915165823,3.024739398873978,3.238121365138745,0.0,0.0,2.7531178224820487,0.0,3.024739398873978,0.0,0.0,0.0,0.0,-1.6447093017759413,Intermediate
CON1_AATCCATCAGTTATCG-1,CON1,CON,Microglia,16,431,503,2.1868787276341948,6.455971,15.630767,0.0,0.0,0.0,0.0,3.7077363257833076,0.0,0.0,3.038826039523036,0.0,0.0,0.0,0.0,0.0,3.7077363257833076,0.0,0.0,3.038826039523036,3.038826039523036,0.0,0.0,0.0,0.0,0.0,0.0,0.0,0.0,0.0,-0.7042072148108768,DAM-like
CON1_AATTTCCTCTGCAACG-1,CON1,CON,Microglia,16,845,1213,0.0,6.244417,16.89786,0.0,0.0,0.0,0.0,0.0,0.0,0.0,0.0,0.0,0.0,2.2239771895168303,0.0,2.8615175713283003,2.8615175713283003,2.2239771895168303,3.24773804473874,3.921262955299448,3.7428967761048124,2.2239771895168303,2.8615175713283003,2.2239771895168303,0.0,3.525657110603773,2.2239771895168303,0.0,0.0,0.0,-2.5221661562383666,Homeostatic
CON1_ACCTGTTGTGAGGTAG-1,CON1,CON,Microglia,16,953,1336,0.4491017964071856,6.1813116,16.617128,0.0,0.0,0.0,0.0,2.138303427273925,0.0,0.0,0.0,0.0,0.0,0.0,2.138303427273925,2.138303427273925,2.138303427273925,2.138303427273925,3.1550875212490763,4.508883481634642,3.4320537158704294,0.0,0.0,3.1550875212490763,0.0,2.770715711765259,0.0,0.0,0.0,0.0,-1.8225102497556707,Intermediate
CON1_ACTAACCAGTTGCGTG-1,CON1,CON,Microglia,16,618,784,0.0,6.333697,16.142208,0.0,0.0,0.0,0.0,2.6214098128016805,0.0,0.0,0.0,0.0,0.0,0.0,0.0,0.0,0.0,4.170927602975728,2.6214098128016805,3.6703413331150254,2.6214098128016805,0.0,2.6214098128016805,0.0,0.0,2.6214098128016805,0.0,0.0,0.0,0.0,-1.761540388134922,Intermediate
CON1_ACTAATCCAGATAGAC-1,CON1,CON,Microglia,16,283,323,2.476780185758514,6.5051394,15.523253,0.0,0.0,0.0,0.0,0.0,0.0,0.0,0.0,0.0,0.0,0.0,0.0,0.0,3.4644773712429333,0.0,0.0,3.4644773712429333,4.141856205367651,0.0,0.0,4.542009456229987,0.0,4.141856205367651,0.0,0.0,0.0,0.0,-1.951602550510438,Homeostatic
CON1_AGAAACTAGCTAATTG-1,CON1,CON,Microglia,16,252,281,2.8469750889679712,6.6168933,15.1207285,0.0,0.0,0.0,0.0,0.0,0.0,0.0,3.5996981412089726,0.0,0.0,3.5996981412089726,0.0,3.5996981412089726,0.0,3.5996981412089726,3.5996981412089726,0.0,4.279085096820387,0.0,0.0,3.5996981412089726,0.0,0.0,0.0,0.0,0.0,0.0,-1.0540728690076884,DAM-like
CON1_AGAACAAGTACGCGCA-1,CON1,CON,Microglia,16,1231,1926,0.10384215991692627,5.789996,17.00176,0.0,0.0,0.0,0.0,2.4322278338764143,0.0,0.0,2.4322278338764143,0.0,0.0,2.4322278338764143,1.8232755773249805,1.8232755773249805,0.0,3.4704948104359175,2.4322278338764143,4.29986048163102,4.062392625265572,1.8232755773249805,3.6201924993365946,3.2943743147467788,0.0,3.4704948104359175,0.0,0.0,0.0,0.0,-2.033564986574913,Homeostatic
CON1_AGCAAGGGTTAGTACG-1,CON1,CON,Microglia,16,961,1435,0.0,5.659385,16.656515,2.07551397826316,0.0,0.0,0.0,2.07551397826316,0.0,0.0,0.0,0.0,0.0,0.0,0.0,0.0,0.0,2.703860250838356,3.08675707262344,3.362961085089421,3.362961085089421,0.0,3.75681485610795,3.362961085089421,0.0,2.07551397826316,0.0,0.0,0.0,0.0,-2.1352295865450346,Homeostatic
CON1_AGCCGGTTCATCGTTT-1,CON1,CON,Microglia,16,1799,3076,0.0975292587776333,6.148368,16.558214,0.0,2.0151630647512455,2.0151630647512455,0.0,2.0151630647512455,0.0,0.0,0.0,0.0,1.4471484372185666,0.0,2.639335945823237,0.0,0.0,1.4471484372185666,2.3751778922165228,2.8480947970307926,1.4471484372185666,0.0,0.0,1.4471484372185666,0.0,3.0207102968999426,2.639335945823237,0.0,0.0,0.0,-0.4162071672439891,DAM-like
CON1_AGCGTGCTCCAATTAG-1,CON1,CON,Microglia,16,1051,1572,0.06361323155216285,5.887055,16.987228,0.0,0.0,0.0,0.0,2.619047483467966,0.0,0.0,3.490630195541576,0.0,0.0,0.0,2.619047483467966,0.0,0.0,0.0,1.9962396931068738,4.568712065572823,3.27507816971916,1.9962396931068738,2.619047483467966,3.667858527740813,0.0,3.27507816971916,0.0,0.0,0.0,0.0,-1.5939565569756593,Intermediate
CON1_AGGATTGAGTTCCCAC-1,CON1,CON,Microglia,16,1063,1549,0.0,6.1552677,16.520788,0.0,0.0,0.0,0.0,2.6327198503260427,0.0,0.0,2.6327198503260427,0.0,0.0,0.0,0.0,2.0089892916982186,0.0,0.0,2.0089892916982186,3.6822240441100513,2.6327198503260427,2.6327198503260427,3.0139323313290927,3.289263892188413,0.0,0.0,2.0089892916982186,0.0,0.0,0.0,-1.597909696547209,Intermediate
CON1_AGGTGAATCCACCTGT-1,CON1,CON,Microglia,6,406,534,1.4981273408239701,0.7543679,-0.28081387,0.0,0.0,0.0,0.0,0.0,0.0,0.0,0.0,0.0,0.0,0.0,0.0,0.0,0.0,0.0,2.98196756108314,0.0,0.0,0.0,0.0,0.0,0.0,0.0,0.0,0.0,0.0,0.0,-0.3727459451353925,DAM-like
CON1_AGGTTTGGTCTTGCAT-1,CON1,CON,Microglia,16,1139,1799,0.055586436909394105,5.9750013,16.8619,0.0,0.0,0.0,0.0,0.0,0.0,0.0,0.0,0.0,0.0,1.880783827149386,2.8722038877824017,0.0,0.0,0.0,2.494633142214882,3.686639593412191,3.360139889091392,0.0,0.0,3.1456414608311682,0.0,1.880783827149386,0.0,1.880783827149386,0.0,0.0,-1.2202673210835666,DAM-like
CON1_AGTTATGTCGCAGGCT-1,CON1,CON,Microglia,16,1250,2212,0.09041591320072333,5.6103063,17.343409,0.0,0.0,0.0,0.0,1.7085219912125431,0.0,0.0,2.67844197027321,0.0,0.0,0.0,0.0,1.7085219912125431,2.67844197027321,1.7085219912125431,3.1614152698664553,4.0905096111962544,3.6154041931486742,1.7085219912125431,1.7085219912125431,3.9264928555812215,0.0,3.1614152698664553,1.7085219912125431,2.67844197027321,0.0,0.0,-2.355845199389985,Homeostatic
CON1_ATAAGCCTCCCGTTTA-1,CON1,CON,Microglia,16,1683,3104,0.3221649484536082,5.8243217,17.261934,0.0,0.0,0.0,0.0,2.0073141603894435,0.0,0.0,1.4402259247897413,0.0,0.0,0.0,0.0,1.4402259247897413,0.0,3.012092556659198,2.0073141603894435,4.360797732999838,2.8395606526566466,2.0073141603894435,3.012092556659198,3.1591914824999434,0.0,2.6309241979069813,3.012092556659198,0.0,0.0,0.0,-2.173813412014873,Homeostatic
CON1_ATAAGCCTCGCGCTAA-1,CON1,CON,Microglia,26,1297,2214,0.0,6.8346868,14.931,4.9488880158387945,0.0,0.0,1.707782000514498,1.707782000514498,0.0,0.0,0.0,0.0,0.0,0.0,2.305921886458483,2.305921886458483,0.0,2.305921886458483,0.0,2.305921886458483,2.6776003063820424,0.0,0.0,1.707782000514498,0.0,1.707782000514498,1.707782000514498,0.0,0.0,0.0,-0.1264766607624762,DAM-like
CON1_ATACCTGCAGAACCGA-1,CON1,CON,Microglia,16,1331,2220,0.09009009009009009,6.122156,16.9303,0.0,0.0,0.0,0.0,0.0,0.0,0.0,0.0,0.0,0.0,1.7055667578592613,0.0,0.0,0.0,2.303485588327296,1.7055667578592613,4.086960006021244,3.482209819965124,0.0,1.7055667578592613,3.3331692955853027,0.0,2.67508018186464,0.0,0.0,0.0,0.0,-1.945922335289935,Homeostatic
CON1_ATAGATGCATCATGGC-1,CON1,CON,Microglia,16,925,1316,0.22796352583586624,6.082853,17.024431,0.0,0.0,0.0,0.0,2.7848611315314105,0.0,0.0,2.1516208205361953,0.0,0.0,0.0,2.7848611315314105,2.1516208205361953,2.1516208205361953,3.169532316142542,2.7848611315314105,4.123745966255692,2.1516208205361953,0.0,2.1516208205361953,0.0,0.0,2.7848611315314105,0.0,0.0,0.0,0.0,-1.307166472585724,Intermediate
CON1_ATATAGGCAGCCTAAC-1,CON1,CON,Microglia,16,1466,2579,0.27142303218301667,5.6927757,17.304178,0.0,0.0,0.0,0.0,0.0,0.0,0.0,2.5366233094184176,0.0,0.0,0.0,2.1699620763223595,0.0,0.0,3.466729396708455,2.5366233094184176,2.804323783436551,2.5366233094184176,1.584935351604316,2.1699620763223595,2.804323783436551,0.0,2.804323783436551,0.0,0.0,0.0,0.0,-1.875895096620766,Intermediate
CON1_ATGTTCAAGGCAATAG-1,CON1,CON,Microglia,4,932,1554,0.19305019305019305,13.601695,-3.3323052,3.5017975500755907,0.0,0.0,0.0,0.0,0.0,0.0,0.0,0.0,0.0,0.0,0.0,0.0,0.0,3.010868111889806,0.0,0.0,0.0,0.0,0.0,0.0,0.0,0.0,2.006199445413618,0.0,0.0,0.0,-0.10698947167271877,DAM-like
CON1_ATTTAGGTCTTAGCCC-1,CON1,CON,Microglia,16,1528,2673,0.18705574261129815,5.5598445,17.374077,0.0,0.0,0.0,0.0,1.5562723089431452,0.0,0.0,0.0,0.0,0.0,0.0,2.1379733520877235,0.0,0.0,2.1379733520877235,2.9809015531367997,4.045096942144983,3.30276848912964,0.0,2.503347611604877,3.545875730854051,0.0,2.503347611604877,1.5562723089431452,0.0,0.0,0.0,-2.0303227167135383,Homeostatic
CON1_CAAACAACAGGTTACC-1,CON1,CON,Microglia,16,1394,2477,0.04037141703673799,5.711263,17.188812,0.0,0.0,0.0,0.0,1.616838798921662,0.0,1.616838798921662,0.0,0.0,1.616838798921662,0.0,0.0,0.0,0.0,1.616838798921662,1.616838798921662,3.6199118144443077,2.573483995988369,1.616838798921662,3.053326827860505,2.841914602463721,0.0,2.2054444136554676,0.0,0.0,0.0,0.0,-1.744277558785237,Intermediate
CON1_CAAACACTCTCAATGA-1,CON1,CON,Microglia,16,1422,2468,0.08103727714748785,5.812859,16.785269,1.6197572558619493,0.0,0.0,0.0,2.208683968627045,0.0,0.0,0.0,0.0,0.0,0.0,0.0,0.0,0.0,0.0,2.576846882855788,3.623454532676189,3.0567953539097577,0.0,1.6197572558619493,2.208683968627045,0.0,2.576846882855788,0.0,0.0,0.0,0.0,-1.3411967704344954,Intermediate
CON1_CAAACATGTTATCCGT-1,CON1,CON,Microglia,2,4337,14225,0.0773286467486819,-5.7519774,-1.205274,0.0,0.0,0.0,0.0,0.0,0.0,0.0,0.0,0.0,0.0,0.0,0.0,0.5323841777644354,0.0,1.3381410767005435,0.5323841777644354,0.5323841777644354,0.0,0.0,0.0,0.0,0.5323841777644354,0.0,0.5323841777644354,0.5323841777644354,0.0,0.0,-0.2594110499698741,DAM-like
CON1_CAACCCTTCCCTGGAA-1,CON1,CON,Microglia,2,5088,18086,0.09399535552360942,-5.402693,-0.9973263,0.0,0.0,0.0,0.0,0.0,0.0,0.0,0.0,0.0,0.0,0.0,0.0,1.3256740591724774,0.0,1.166824589561377,0.0,0.0,0.0,0.0,0.0,0.0,1.3256740591724774,0.0,0.7447376384206902,0.0,0.9778874127603838,0.0,-0.043878146066520005,DAM-like
CON1_CAACTAGGTTTAAAGC-1,CON1,CON,Microglia,16,1492,2518,0.19857029388403494,5.5156384,16.674767,2.558328846551208,0.0,0.0,0.0,0.0,0.0,0.0,1.6037026728803543,0.0,0.0,2.1908500537587834,0.0,0.0,1.6037026728803543,2.826462580056715,2.826462580056715,3.7996482732236845,2.826462580056715,0.0,2.1908500537587834,2.826462580056715,0.0,2.558328846551208,0.0,0.0,0.0,0.0,-1.8738232170734912,Intermediate
CON1_CAATATGTCATGCATA-1,CON1,CON,Microglia,16,1291,2141,0.09341429238673517,5.4347634,17.060452,1.7353151449542925,0.0,0.0,0.0,3.3681329869217866,0.0,0.0,2.3361580837712794,0.0,0.0,0.0,2.708859464094583,1.7353151449542925,1.7353151449542925,2.979748128909337,3.192678577846996,4.263534712833396,3.762047002891038,1.7353151449542925,2.3361580837712794,3.3681329869217866,0.0,2.979748128909337,1.7353151449542925,0.0,0.0,0.0,-2.0074792363702074,Homeostatic
CON1_CACATACAGGACTAAG-1,CON1,CON,Microglia,16,1446,2448,0.16339869281045752,5.4769793,16.94475,2.2159301587100253,0.0,0.0,0.0,0.0,0.0,0.0,2.2159301587100253,0.0,0.0,0.0,1.626288602785956,2.2159301587100253,0.0,2.584367443318638,3.5168964269357885,3.8272195279145524,3.7340839881263665,0.0,3.5168964269357885,2.2159301587100253,0.0,2.584367443318638,0.0,0.0,0.0,0.0,-1.7879566250375658,Intermediate
CON1_CAGCCAATCAAGCTAC-1,CON1,CON,Microglia,16,1257,1948,1.3347022587268993,6.191566,16.603258,0.0,0.0,0.0,0.0,1.8137606951335201,0.0,0.0,1.8137606951335201,0.0,0.0,1.8137606951335201,1.8137606951335201,0.0,0.0,2.797306375834799,3.0696275507518154,3.4594921182335847,1.8137606951335201,1.8137606951335201,0.0,3.4594921182335847,0.0,3.0696275507518154,1.8137606951335201,0.0,0.0,0.0,-1.493599730277866,Intermediate
CON1_CAGGCTGGTTCACCAT-1,CON1,CON,Microglia,16,1239,1952,0.0,6.167678,16.664186,0.0,0.0,0.0,0.0,0.0,0.0,0.0,1.8120441403995609,0.0,0.0,0.0,1.8120441403995609,0.0,0.0,2.795380288682559,2.795380288682559,4.04921572001264,3.0676716195903886,0.0,2.420003763552574,2.420003763552574,0.0,3.2814657273695893,2.795380288682559,0.0,0.0,0.0,-1.9146809089092292,Intermediate
CON1_CATAGCTAGAGCCGGA-1,CON1,CON,Microglia,16,876,1250,0.8,6.472715,16.34418,0.0,0.0,0.0,0.0,0.0,0.0,0.0,0.0,0.0,0.0,0.0,0.0,0.0,0.0,3.713572066704308,2.833213344056216,4.174387269895637,3.8918202981106265,0.0,2.1972245773362196,4.04305126783455,0.0,3.2188758248682006,0.0,0.0,0.0,0.0,-2.6066586029921943,Homeostatic
CON1_CATGCGGGTTAGCATG-1,CON1,CON,Microglia,16,1073,1600,0.0,5.861998,16.196331,3.801091444720864,0.0,0.0,1.9810014688665833,0.0,0.0,0.0,0.0,0.0,0.0,1.9810014688665833,2.6026896854443837,0.0,0.0,1.9810014688665833,1.9810014688665833,3.801091444720864,1.9810014688665833,1.9810014688665833,1.9810014688665833,0.0,0.0,2.6026896854443837,2.9831534913471307,0.0,0.0,0.0,-0.9158943434087676,DAM-like
CON1_CATGGATTCTATCGCC-1,CON1,CON,Microglia,16,1516,2641,0.03786444528587656,5.659847,17.375254,0.0,0.0,0.0,0.0,2.1486047886558457,0.0,0.0,1.5657878661984255,0.0,0.0,0.0,0.0,0.0,0.0,2.514411533566502,2.514411533566502,3.989173350871513,3.1662623824802276,0.0,3.314371867403109,2.514411533566502,0.0,2.514411533566502,1.5657878661984255,1.5657878661984255,0.0,0.0,-1.9659077632699273,Homeostatic
CON1_CCAATATCAAACCTTG-1,CON1,CON,Microglia,16,1437,2342,0.04269854824935952,5.9023986,17.075968,0.0,0.0,0.0,0.0,2.8947742360712225,0.0,0.0,1.6620028147233494,0.0,0.0,1.6620028147233494,1.6620028147233494,0.0,0.0,2.255463049973131,1.6620028147233494,3.4303996081877033,3.559876040402459,1.6620028147233494,1.6620028147233494,2.8947742360712225,0.0,3.106793842889204,2.255463049973131,0.0,0.0,0.0,-1.534601120024319,Intermediate
CON1_CCATCATGTGTTGTAG-1,CON1,CON,Microglia,16,614,784,0.25510204081632654,6.272745,16.295633,0.0,0.0,0.0,0.0,3.2775297185599728,0.0,0.0,0.0,0.0,0.0,0.0,3.2775297185599728,0.0,3.2775297185599728,0.0,3.2775297185599728,4.502979245091544,3.2775297185599728,0.0,0.0,0.0,0.0,3.2775297185599728,0.0,0.0,0.0,0.0,-1.2877107087795137,Intermediate
CON1_CCCGTAAAGTGAACGA-1,CON1,CON,Microglia,16,1184,1836,0.0,6.168343,16.749228,0.0,0.0,0.0,0.0,2.4759706917212125,0.0,0.0,0.0,0.0,0.0,0.0,0.0,0.0,0.0,2.853008432745304,1.8635564423396644,4.195086585908787,3.126167920693723,0.0,2.853008432745304,3.3404955963748693,0.0,1.8635564423396644,2.4759706917212125,0.0,0.0,0.0,-2.0884561423724017,Homeostatic
CON1_CCTAAATCAGCAAATA-1,CON1,CON,Microglia,16,1324,2104,0.14258555133079848,6.0019016,17.006075,0.0,0.0,0.0,0.0,0.0,0.0,0.0,0.0,0.0,0.0,2.351918292745652,1.7496956816105913,0.0,0.0,2.351918292745652,2.351918292745652,3.209401426368637,2.351918292745652,2.351918292745652,3.3849701042279157,2.9963024531760145,0.0,3.5342692263786453,1.7496956816105913,0.0,0.0,0.0,-2.059284627086224,Homeostatic
CON1_CCTAAGCCATGACTAT-1,CON1,CON,Microglia,2,2484,5364,0.05592841163310962,-5.9275637,-5.1156955,1.0523171450642264,0.0,0.0,0.0,0.0,0.0,0.0,0.0,0.0,0.0,0.0,0.0,1.0523171450642264,0.0,1.0523171450642264,0.0,0.0,0.0,0.0,0.0,0.0,0.0,0.0,1.5536208804183531,1.5536208804183531,0.0,0.0,0.03035530226146807,DAM-like
CON1_CCTATATTCTTGTTCG-1,CON1,CON,Microglia,16,751,1066,0.09380863039399624,6.315071,16.29669,0.0,0.0,0.0,0.0,0.0,0.0,0.0,3.651267202789654,0.0,0.0,2.3399640187322652,0.0,0.0,0.0,2.3399640187322652,3.3722006478220625,3.3722006478220625,2.3399640187322652,2.3399640187322652,3.651267202789654,2.983747040670697,0.0,2.983747040670697,0.0,0.0,0.0,0.0,-2.089049509295588,Homeostatic
CON1_CCTATTGTCGTTAACA-1,CON1,CON,Microglia,16,793,1075,0.5581395348837209,6.2813973,16.160038,0.0,0.0,0.0,0.0,0.0,0.0,0.0,0.0,0.0,0.0,0.0,0.0,2.975766842308293,0.0,2.3323696543515733,2.3323696543515733,3.643079002343706,3.643079002343706,2.3323696543515733,2.3323696543515733,2.3323696543515733,0.0,2.3323696543515733,0.0,0.0,0.0,0.0,-2.139595642839637,Homeostatic
CON1_CCTCAATGTCTATCGT-1,CON1,CON,Microglia,16,1102,1752,0.45662100456621,6.150553,16.700346,0.0,0.0,0.0,0.0,1.9032654463573766,0.0,0.0,0.0,0.0,0.0,0.0,0.0,0.0,1.9032654463573766,0.0,3.3857050862274845,3.8429322817957083,2.8971977229665646,1.9032654463573766,2.8971977229665646,0.0,0.0,1.9032654463573766,1.9032654463573766,0.0,0.0,0.0,-1.9572904289987014,Homeostatic
CON1_CCTTCGGTCTCCTCAA-1,CON1,CON,Microglia,16,492,599,4.507512520868113,6.5851445,15.236387,0.0,0.0,0.0,0.0,0.0,0.0,0.0,0.0,0.0,0.0,0.0,2.8732533379118057,2.8732533379118057,2.8732533379118057,0.0,0.0,0.0,3.53773621179462,0.0,0.0,2.8732533379118057,0.0,2.8732533379118057,0.0,0.0,0.0,0.0,-0.7184913858889241,DAM-like
CON1_CCTTGCGTCTAACTGA-1,CON1,CON,Microglia,16,1664,2840,0.6690140845070423,5.598503,16.527948,3.2444612026862925,0.0,0.0,0.0,1.5087612460887005,0.0,0.0,0.0,0.0,0.0,0.0,1.5087612460887005,2.084709332614695,2.084709332614695,1.5087612460887005,2.447843232411113,3.2444612026862925,3.2444612026862925,1.5087612460887005,2.447843232411113,3.3731069843542687,0.0,2.084709332614695,0.0,2.084709332614695,0.0,0.0,-1.840440150111617,Intermediate
CON1_CGAAGTAAGCAGGTTT-1,CON1,CON,Microglia,16,584,750,0.4,6.194917,16.526375,0.0,0.0,0.0,0.0,2.662587827025453,0.0,0.0,3.713572066704308,0.0,0.0,2.662587827025453,2.662587827025453,0.0,2.662587827025453,3.3202283191284883,2.662587827025453,4.795790545596741,3.713572066704308,2.662587827025453,0.0,3.3202283191284883,0.0,2.662587827025453,2.662587827025453,0.0,0.0,0.0,-1.9920951070096318,Homeostatic
CON1_CGAAGTAAGTGAGCAA-1,CON1,CON,Microglia,16,547,694,0.0,6.365422,16.091066,0.0,0.0,0.0,0.0,3.3951271216580916,0.0,0.0,2.7349661550018722,0.0,0.0,0.0,2.7349661550018722,0.0,0.0,3.3951271216580916,2.7349661550018722,3.7893505142282358,4.291090878874095,0.0,2.7349661550018722,3.3951271216580916,0.0,2.7349661550018722,0.0,0.0,0.0,0.0,-1.86065084471341,Intermediate
CON1_CGAGCTGGTTTGTCTA-1,CON1,CON,Microglia,16,764,1019,1.1776251226692835,6.260925,16.518196,0.0,0.0,0.0,0.0,0.0,0.0,0.0,0.0,0.0,0.0,0.0,3.0266050363372554,2.380799301265052,0.0,2.380799301265052,0.0,3.6952136197544667,3.0266050363372554,2.380799301265052,2.380799301265052,2.380799301265052,0.0,0.0,0.0,0.0,0.0,0.0,-1.6146728028284292,Intermediate
CON1_CGAGTCGGTGGAGCAA-1,CON1,CON,Microglia,16,885,1258,0.1589825119236884,6.1933074,16.681086,0.0,0.0,0.0,0.0,2.8272101368331413,0.0,2.191555828763586,0.0,0.0,0.0,2.8272101368331413,0.0,0.0,0.0,2.8272101368331413,3.212752185141753,2.8272101368331413,3.4903218750925675,2.8272101368331413,0.0,3.885571294862449,0.0,3.7073485451192876,2.8272101368331413,0.0,0.0,0.0,-1.780247847435688,Intermediate
CON1_CGGATTAGTCAGGCAT-1,CON1,CON,Microglia,4,1814,3555,0.05625879043600562,14.088002,-3.9144158,3.0299461006084525,0.0,0.0,1.8912219276868971,0.0,0.0,0.0,0.0,0.0,0.0,0.0,0.0,0.0,0.0,1.3386079769814616,0.0,0.0,0.0,0.0,0.0,0.0,0.0,0.0,1.3386079769814616,0.0,0.0,0.0,0.2112253896692673,DAM-like
CON1_CGTGACATCATGCAAC-1,CON1,CON,Microglia,16,243,264,2.272727272727273,6.562478,15.266786,0.0,0.0,0.0,0.0,0.0,0.0,0.0,0.0,0.0,0.0,0.0,0.0,0.0,4.340652088535195,3.660448803149156,0.0,3.660448803149156,3.660448803149156,0.0,0.0,3.660448803149156,0.0,3.660448803149156,0.0,0.0,0.0,0.0,-2.3728059126414776,Homeostatic
CON1_CGTTAGGTCGTTTCTG-1,CON1,CON,Microglia,16,1141,1684,0.05938242280285036,6.21697,16.70118,0.0,0.0,0.0,0.0,1.9375568785263424,0.0,0.0,0.0,0.0,0.0,1.9375568785263424,0.0,1.9375568785263424,2.5559506281734117,3.2095154566135955,2.5559506281734117,4.625071837891967,2.9352023442237782,0.0,2.5559506281734117,3.2095154566135955,0.0,3.424550992116472,0.0,0.0,0.0,0.0,-2.2587661120537406,Homeostatic
CON1_CTAGGCGGTTACAAAC-1,CON1,CON,Microglia,16,943,1354,0.3692762186115214,6.035671,17.021456,0.0,0.0,0.0,0.0,0.0,0.0,0.0,2.1271576769937455,0.0,0.0,2.7588678958371258,2.1271576769937455,3.419820621039893,0.0,2.7588678958371258,3.419820621039893,4.096473361485429,4.3162851236659465,0.0,0.0,2.7588678958371258,0.0,3.6363990080694513,0.0,0.0,0.0,0.0,-1.3662506029359196,Intermediate
CON1_CTAGTAATCATGCCTC-1,CON1,CON,Microglia,16,1849,3632,0.11013215859030838,5.9737396,17.106297,0.0,0.0,0.0,0.0,2.225694533955494,0.0,0.0,1.322636509347913,0.0,0.0,0.0,0.0,1.322636509347913,0.0,2.486007365364186,2.486007365364186,4.074471447860268,2.486007365364186,1.322636509347913,1.8728182650499772,2.863333027726288,0.0,2.692362444120571,2.225694533955494,0.0,0.0,0.0,-1.8242203565172161,Intermediate
CON1_CTAGTAGGTTTACGTC-1,CON1,CON,Microglia,4,1118,1861,0.05373455131649651,13.732403,-3.814246,1.852141729387025,0.0,0.0,0.0,0.0,0.0,0.0,0.0,0.0,0.0,0.0,0.0,0.0,0.0,1.852141729387025,0.0,1.852141729387025,0.0,0.0,0.0,0.0,0.0,0.0,0.0,1.852141729387025,0.0,0.0,-0.3205629916246774,DAM-like
CON1_CTATGATCAGTTTCTC-1,CON1,CON,Microglia,16,895,1328,0.30120481927710846,6.063083,16.907894,0.0,0.0,0.0,0.0,2.776346712382111,0.0,0.0,0.0,0.0,0.0,0.0,0.0,2.143603485897122,0.0,3.160838215293858,3.160838215293858,3.832562457583957,3.160838215293858,0.0,3.6545623611898073,3.160838215293858,0.0,0.0,0.0,0.0,0.0,0.0,-2.1378520024337084,Homeostatic
CON1_CTGACCAAGTCATTGA-1,CON1,CON,Microglia,16,685,906,0.0,6.287046,16.410164,0.0,0.0,0.0,0.0,3.138752172049673,0.0,0.0,2.4880290694430274,0.0,0.0,0.0,2.4880290694430274,0.0,2.4880290694430274,2.4880290694430274,3.5296663127506607,3.138752172049673,3.138752172049673,0.0,0.0,3.5296663127506607,0.0,2.4880290694430274,0.0,0.0,0.0,0.0,-1.6648957107965534,Intermediate
CON1_CTGGCTAAGTCCTTCA-1,CON1,CON,Microglia,3,3084,8038,0.21149539686489177,-0.8361232,-2.6584053,0.0,0.0,0.0,0.0,0.0,0.0,0.0,0.0,0.0,0.808300347716507,0.0,0.0,0.0,0.0,0.808300347716507,0.808300347716507,0.808300347716507,0.0,0.0,0.0,0.0,1.2493804369193349,0.0,0.0,0.808300347716507,0.0,0.0,-0.24093568056934345,DAM-like
CON1_CTGGCTTTCTTGAGGT-1,CON1,CON,Microglia,19,2176,4859,0.514509158263017,-8.260841,-0.8849316,0.0,0.0,0.0,0.0,0.0,0.0,0.0,0.0,0.0,1.1177730868504445,0.0,0.0,0.0,0.0,0.0,1.9704786980833884,1.1177730868504445,0.0,0.0,0.0,0.0,0.0,0.0,1.1177730868504445,0.0,0.0,0.0,-0.30004892797438726,DAM-like
CON1_CTGTATTTCGTTTCCA-1,CON1,CON,Microglia,35,2821,8008,0.012487512487512488,2.9319475,-6.8102455,0.0,0.0,0.0,0.0,0.0,0.0,0.0,0.0,0.0,0.0,0.0,0.0,0.8103750615915116,0.0,0.8103750615915116,0.0,0.0,0.0,0.0,0.0,0.0,0.8103750615915116,0.0,0.0,0.0,0.0,0.0,-0.038960339499591906,DAM-like
CON1_CTTACTAGTGGTTCCC-1,CON1,CON,Microglia,16,1253,2033,0.0,6.2852154,16.609121,0.0,0.0,0.0,0.0,0.0,0.0,0.0,0.0,0.0,0.0,1.778140340809816,2.383028794835842,0.0,1.778140340809816,0.0,0.0,3.697609070685569,1.778140340809816,0.0,3.4181539668643173,2.383028794835842,0.0,2.383028794835842,3.0289424894109946,0.0,0.0,0.0,-1.3117941307394656,Intermediate
CON1_CTTTGTCCACCCACAG-1,CON1,CON,Microglia,16,974,1422,0.14064697609001406,6.0990515,16.63965,0.0,0.0,0.0,0.0,0.0,0.0,0.0,2.083476988861622,0.0,0.0,0.0,0.0,0.0,0.0,0.0,3.5880017650717395,3.7657037457846396,3.0954439531443567,0.0,0.0,3.0954439531443567,0.0,3.0954439531443567,2.083476988861622,0.0,0.0,0.0,-1.5328067164614736,Intermediate
CON1_GAATTTGTCTTTGACT-1,CON1,CON,Microglia,16,676,883,0.33975084937712347,6.278,16.12606,0.0,0.0,0.0,0.0,0.0,0.0,0.0,2.5116320170921016,0.0,0.0,2.5116320170921016,0.0,0.0,0.0,2.5116320170921016,2.5116320170921016,2.5116320170921016,2.5116320170921016,0.0,2.5116320170921016,3.554635949075039,0.0,2.5116320170921016,0.0,0.0,0.0,0.0,-1.627694578610466,Intermediate
CON1_GACAATACAAATGCCC-1,CON1,CON,Microglia,21,3379,9989,0.04004404845329863,-9.511374,2.804933,0.0,0.0,0.0,0.0,0.0,0.0,0.0,0.0,0.0,0.0,0.0,0.0,0.0,0.0,1.0993461602068173,1.0993461602068173,0.0,0.0,0.0,0.0,0.0,0.6936976346984971,0.0,1.38711992874449,0.6936976346984971,0.0,0.0,-0.2748365400517043,DAM-like
CON1_GAGCAAATCATTAGTG-1,CON1,CON,Microglia,16,1104,1704,0.05868544600938967,5.572124,17.472544,0.0,0.0,0.0,0.0,1.9269522353106991,0.0,0.0,1.9269522353106991,0.0,0.0,1.9269522353106991,1.9269522353106991,2.544518146949507,0.0,2.9234644274810098,2.544518146949507,4.089088205240698,3.4125567195534705,0.0,2.9234644274810098,3.7395681056479364,0.0,2.9234644274810098,0.0,1.9269522353106991,0.0,0.0,-1.6654419587986422,Intermediate
CON1_GAGGCAAGTTAAGGCC-1,CON1,CON,Microglia,16,1014,1491,0.4024144869215292,6.076097,16.809898,0.0,0.0,0.0,0.0,3.3260295004650215,0.0,0.0,3.3260295004650215,0.0,0.0,2.6681872070604675,2.0421170844928955,0.0,2.0421170844928955,3.0502547549391688,2.0421170844928955,4.314496834370951,3.3260295004650215,0.0,3.0502547549391688,3.0502547549391688,0.0,3.5419599993337028,2.0421170844928955,0.0,0.0,0.0,-1.7354126505042622,Intermediate
CON1_GATGCATTCTGTGAGT-1,CON1,CON,Microglia,16,1139,1652,0.5447941888619854,6.0472875,16.90043,0.0,0.0,0.0,0.0,1.9534911639984018,0.0,0.0,2.5731111538359452,0.0,0.0,1.9534911639984018,2.9528146626481604,1.9534911639984018,1.9534911639984018,3.442542241885619,2.9528146626481604,4.700106093692233,3.2273627115688632,0.0,2.5731111538359452,2.5731111538359452,0.0,4.01601212109831,1.9534911639984018,0.0,0.0,0.0,-1.8019405278001221,Intermediate
CON1_GCAAACAAGGAACGCG-1,CON1,CON,Microglia,16,449,524,0.19083969465648853,6.3257995,15.970392,0.0,0.0,0.0,0.0,2.9999219578391414,0.0,0.0,0.0,0.0,0.0,0.0,0.0,0.0,0.0,2.9999219578391414,3.667858527740813,5.034818871297677,0.0,0.0,3.667858527740813,2.9999219578391414,0.0,0.0,0.0,0.0,0.0,0.0,-2.0655342527811102,Homeostatic
CON1_GCACGCTAGGGTGAAC-1,CON1,CON,Microglia,16,1303,2157,0.23180343069077425,5.674417,17.332315,0.0,0.0,0.0,0.0,2.3294351062461196,0.0,0.0,0.0,0.0,0.0,0.0,2.701911788970473,3.1855400332198847,1.7291867681666375,3.1855400332198847,2.9726823767990167,3.8577924781852224,3.754775276927398,0.0,1.7291867681666375,3.3609450749394356,0.0,0.0,1.7291867681666375,0.0,0.0,0.0,-1.9416953717861851,Homeostatic
CON1_GCAGGAAGTGCTAGCG-1,CON1,CON,Microglia,16,1012,1452,0.8953168044077136,6.2284417,16.843729,0.0,0.0,0.0,0.0,2.6928759647180742,0.0,0.0,0.0,0.0,0.0,0.0,0.0,2.0652224708332643,2.0652224708332643,3.075520657726665,0.0,3.567707417813865,2.6928759647180742,0.0,0.0,0.0,0.0,2.0652224708332643,2.0652224708332643,0.0,0.0,0.0,-1.0591582419209957,DAM-like
CON1_GCAGGTGAGGACAACA-1,CON1,CON,Microglia,36,2901,6305,1.062648691514671,2.522605,-9.3564,0.0,0.0,0.0,0.0,0.0,0.0,0.0,0.0,0.0,0.0,0.0,0.0,0.9501288398243996,0.0,0.9501288398243996,0.0,0.0,0.0,0.0,0.0,0.0,1.9939069772053495,0.0,0.9501288398243996,0.0,0.9501288398243996,0.0,-0.04567927114540382,DAM-like
CON1_GCCCTCATCATGTGGT-1,CON1,CON,Microglia,16,1715,3155,0.15847860538827258,5.5341296,17.204067,0.0,0.0,0.0,0.0,2.616103624576347,0.0,0.0,1.4280544063383127,0.0,0.0,1.9934960632426901,2.352491884461828,1.9934960632426901,1.4280544063383127,0.0,1.9934960632426901,3.7428348645746605,3.143895319590217,0.0,1.9934960632426901,3.487551528702493,0.0,3.272022821773874,0.0,0.0,0.0,0.0,-1.174924335183547,DAM-like
CON1_GCCTGTGCATGCTATG-1,CON1,CON,Microglia,16,1371,2380,0.12605042016806722,5.500749,17.320433,0.0,0.0,0.0,0.0,3.266144223496274,0.0,0.0,1.6489817795730668,0.0,0.0,0.0,2.241067215200396,2.241067215200396,0.0,3.266144223496274,3.0914243513961823,3.940030470351011,3.5442422013245514,0.0,3.266144223496274,3.414829530452213,0.0,2.87957606515677,1.6489817795730668,0.0,0.0,0.0,-1.842485687874553,Intermediate
CON1_GCTAAGCGTGCAATGC-1,CON1,CON,Microglia,16,1346,2168,0.8763837638376383,6.101196,17.063108,0.0,0.0,0.0,0.0,0.0,0.0,0.0,0.0,0.0,0.0,1.725004471379592,0.0,2.3248447239832775,2.6971670860175734,2.3248447239832775,2.6971670860175734,3.9461926638414306,3.7498079151583528,2.6971670860175734,3.852813433616561,1.725004471379592,0.0,2.3248447239832775,0.0,0.0,0.0,0.0,-2.649743697072233,Homeostatic
CON1_GCTTAACAGGATTGAG-1,CON1,CON,Microglia,16,1026,1475,1.423728813559322,6.0444074,16.892084,0.0,0.0,0.0,0.0,2.6782314780785357,0.0,0.0,2.0515127661548256,0.0,0.0,3.0605355901386275,2.6782314780785357,2.6782314780785357,0.0,3.55243826312207,3.0605355901386275,4.6317626050392695,3.0605355901386275,2.0515127661548256,3.0605355901386275,2.6782314780785357,0.0,2.6782314780785357,2.0515127661548256,2.0515127661548256,0.0,0.0,-1.7506560783875496,Intermediate
CON1_GGAACGGTCAATGTCA-1,CON1,CON,Microglia,16,618,861,0.11614401858304298,6.0252457,16.172548,2.534839165852305,0.0,0.0,0.0,0.0,0.0,0.0,2.534839165852305,0.0,0.0,2.534839165852305,0.0,3.579154025371409,0.0,2.534839165852305,0.0,3.579154025371409,3.579154025371409,2.534839165852305,0.0,3.1875421616165553,0.0,3.1875421616165553,0.0,0.0,0.0,0.0,-1.0666586431673573,DAM-like
CON1_GGAGCAAGTGGGTACT-1,CON1,CON,Microglia,16,923,1324,0.0,6.052563,17.036785,0.0,0.0,0.0,0.0,2.779175741445698,0.0,0.0,0.0,0.0,0.0,0.0,0.0,2.1462669097348366,0.0,2.779175741445698,3.1637271193738745,3.6575010215179553,2.1462669097348366,2.1462669097348366,3.1637271193738745,2.779175741445698,0.0,2.779175741445698,0.0,0.0,0.0,0.0,-2.1005998663913825,Homeostatic
CON1_GGATTCAGTTATGTGG-1,CON1,CON,Microglia,16,1045,1497,0.06680026720106881,5.9509516,17.065525,0.0,0.0,0.0,0.0,3.046429197763423,0.0,0.0,3.046429197763423,0.0,0.0,2.6644502850765073,2.6644502850765073,2.038623026334112,2.038623026334112,2.038623026334112,2.6644502850765073,3.538060448108276,3.046429197763423,0.0,0.0,2.038623026334112,0.0,2.6644502850765073,0.0,0.0,0.0,0.0,-0.8851871268581275,DAM-like
CON1_GGCCAGTTCCATAAGC-1,CON1,CON,Microglia,16,1434,2526,0.6730007917656373,5.755714,17.10834,0.0,0.0,0.0,0.0,2.1883847407670785,0.0,0.0,2.1883847407670785,0.0,0.0,0.0,1.6014855842436053,1.6014855842436053,1.6014855842436053,2.1883847407670785,1.6014855842436053,3.7038656085508,3.4868602150119337,0.0,3.3576902672801445,2.8238510755546025,0.0,3.035048184003741,2.1883847407670785,0.0,0.0,0.0,-1.7623959113779044,Intermediate
CON1_GGCCTTAAGTAGAGGC-1,CON1,CON,Microglia,16,962,1359,0.0,5.975441,17.09501,0.0,0.0,0.0,0.0,2.754724061347661,0.0,0.0,2.754724061347661,0.0,0.0,0.0,0.0,0.0,2.1232612460802778,3.415540916789166,3.138752172049673,4.406010081491726,3.138752172049673,0.0,3.138752172049673,2.754724061347661,0.0,2.1232612460802778,2.1232612460802778,0.0,0.0,0.0,-2.3406704009864376,Homeostatic
CON1_GGCTATTAGTGTGATC-1,CON1,CON,Microglia,16,953,1274,1.4128728414442702,6.152139,16.062737,2.1803376325094117,0.0,0.0,0.0,2.1803376325094117,0.0,0.0,2.1803376325094117,0.0,0.0,2.8153241126795017,2.8153241126795017,2.8153241126795017,2.8153241126795017,0.0,3.200625524271347,3.873194052261593,3.200625524271347,0.0,0.0,0.0,0.0,2.8153241126795017,0.0,0.0,0.0,0.0,-0.4833761335649551,DAM-like
CON1_GGGTGAAGTATTGCAG-1,CON1,CON,Microglia,16,1077,1613,0.0,5.7490273,16.754837,1.974029361120549,0.0,0.0,0.0,1.974029361120549,0.0,0.0,0.0,0.0,0.0,2.5951991863587094,1.974029361120549,0.0,0.0,1.974029361120549,2.975472629256204,3.7931808225885453,2.975472629256204,1.974029361120549,2.5951991863587094,2.5951991863587094,0.0,1.974029361120549,0.0,0.0,0.0,0.0,-1.705146953182791,Intermediate
CON1_GGTACTAGTGCTTACT-1,CON1,CON,Microglia,17,2024,4129,0.04843787842092516,-1.9447659,-5.304481,0.0,0.0,0.0,0.0,0.0,0.0,0.0,0.0,0.0,0.0,0.0,0.0,0.0,0.0,0.0,1.2301941758797177,0.0,0.0,0.0,0.0,0.0,1.2301941758797177,0.0,1.2301941758797177,1.7653791896860884,0.0,0.0,-0.1537742719849647,DAM-like
CON1_GGTGCTGGTACAATGT-1,CON1,CON,Microglia,16,1271,1911,0.3139717425431711,5.689793,16.7804,1.829835677640628,0.0,0.0,0.0,0.0,0.0,0.0,0.0,0.0,0.0,1.829835677640628,2.4393621285674074,1.829835677640628,0.0,0.0,2.4393621285674074,3.087921657047965,2.8153241126795017,0.0,2.4393621285674074,2.4393621285674074,0.0,2.8153241126795017,1.829835677640628,0.0,0.0,0.0,-1.042753507006458,DAM-like
CON1_GGTGTTGTCACTAGGT-1,CON1,CON,Microglia,16,1240,1934,0.0,6.1020947,16.810574,0.0,0.0,0.0,0.0,2.804080875886407,0.0,0.0,2.804080875886407,0.0,0.0,1.8198010720687876,2.804080875886407,0.0,0.0,2.4284475473069147,2.804080875886407,3.96473514799673,1.8198010720687876,0.0,2.804080875886407,3.0765065566919443,0.0,2.4284475473069147,2.4284475473069147,0.0,0.0,0.0,-1.325126224885187,Intermediate
CON1_GGTTATGGTTATAGCG-1,CON1,CON,Microglia,16,708,1004,0.0,6.0837245,16.698343,0.0,0.0,0.0,0.0,2.3942668217927907,0.0,0.0,0.0,0.0,0.0,0.0,2.3942668217927907,2.3942668217927907,2.3942668217927907,3.7096776016516175,0.0,3.927912039751758,3.927912039751758,3.0407208745060754,2.3942668217927907,3.4301242071497273,0.0,4.1069474145244,0.0,0.0,0.0,0.0,-2.3005869380781516,Homeostatic
CON1_GTAGCCATCAGCACCA-1,CON1,CON,Microglia,16,1187,1798,0.0,5.897948,17.090046,0.0,0.0,0.0,0.0,2.4951432864176915,0.0,0.0,1.881255089531455,0.0,0.0,0.0,0.0,0.0,2.4951432864176915,2.4951432864176915,2.4951432864176915,4.367728573576775,2.8727284586770887,1.881255089531455,0.0,2.8727284586770887,0.0,2.4951432864176915,0.0,0.0,0.0,0.0,-2.0983377760452697,Homeostatic
CON1_GTAGCCATCAGCACGC-1,CON1,CON,Microglia,16,702,925,0.5405405405405406,6.2880797,16.18881,0.0,0.0,0.0,0.0,0.0,0.0,0.0,0.0,0.0,0.0,0.0,2.4690152824513656,2.4690152824513656,2.4690152824513656,3.1189061578452506,2.4690152824513656,2.4690152824513656,3.7897026647269105,0.0,3.1189061578452506,2.4690152824513656,0.0,2.4690152824513656,0.0,0.0,0.0,0.0,-2.108098508785342,Homeostatic
CON1_GTGCTCCGTTTATTCG-1,CON1,CON,Microglia,16,1277,2123,0.047103155911446065,5.3457007,16.967634,2.3437876086067306,0.0,0.0,0.0,1.7422742920433274,0.0,0.0,0.0,0.0,0.0,2.3437876086067306,1.7422742920433274,2.987763727079496,2.3437876086067306,3.376286108018509,3.5255428120866226,4.203862697130955,3.2007761273571695,0.0,2.716742101746891,2.716742101746891,0.0,2.987763727079496,1.7422742920433274,0.0,0.0,0.0,-1.9020145577882897,Intermediate
CON1_GTGGATGCATCCAGGT-1,CON1,CON,Microglia,16,1268,1965,0.10178117048346055,5.87593,17.168514,0.0,0.0,0.0,0.0,1.8069189308354274,0.0,0.0,1.8069189308354274,0.0,0.0,1.8069189308354274,1.8069189308354274,2.414421539484352,1.8069189308354274,2.414421539484352,0.0,3.275567961201212,3.7312969165423118,0.0,2.789627059579942,3.8464139861894155,0.0,0.0,1.8069189308354274,0.0,0.0,0.0,-1.4913310097809238,Intermediate
CON1_GTTAGGCGTGTCACGG-1,CON1,CON,Microglia,16,568,702,0.14245014245014245,6.3917274,15.877866,0.0,0.0,0.0,0.0,2.7242525148454386,0.0,0.0,3.3840521889178845,0.0,0.0,0.0,3.3840521889178845,0.0,0.0,2.7242525148454386,0.0,4.060099106246683,0.0,2.7242525148454386,2.7242525148454386,3.7781496740073357,0.0,0.0,0.0,0.0,0.0,0.0,-1.2711944911617756,Intermediate
CON1_TACCAGGTCAGGCCTA-1,CON1,CON,Microglia,16,1424,2298,0.17406440382941687,5.8580875,17.07428,0.0,0.0,0.0,0.0,1.677751406483349,0.0,0.0,2.2728482165612722,0.0,0.0,1.677751406483349,0.0,1.677751406483349,1.677751406483349,2.6433704229511386,2.9131122378443726,3.9748485888406595,3.4491787108209335,1.677751406483349,2.6433704229511386,2.2728482165612722,0.0,1.677751406483349,0.0,0.0,0.0,0.0,-2.0945210469238487,Homeostatic
CON1_TACGCACCATGTTGCA-1,CON1,CON,Microglia,17,2474,6008,0.18308921438082557,-10.883188,1.4585099,0.0,0.0,0.0,0.0,0.0,0.0,0.0,0.0,0.0,0.0,0.0,0.0,0.9799966828195987,0.0,0.0,0.9799966828195987,0.0,0.0,0.0,0.0,0.0,1.7906492215287981,0.0,1.4653122685397706,0.9799966828195987,0.0,0.0,-0.04711522513555763,DAM-like
CON1_TAGGTGCGTCCACAAA-1,CON1,CON,Microglia,16,1054,1539,0.1949317738791423,6.120341,16.940077,0.0,0.0,0.0,0.0,2.0145997473557884,0.0,0.0,0.0,0.0,0.0,2.0145997473557884,0.0,0.0,2.0145997473557884,2.638732390538476,3.020092020405061,3.2954998901189856,2.638732390538476,0.0,2.0145997473557884,3.6885382653113674,0.0,2.638732390538476,2.638732390538476,0.0,0.0,0.0,-2.1039108837828713,Homeostatic
CON1_TAGGTGCGTCTAACAG-1,CON1,CON,Microglia,16,935,1279,0.46911649726348714,6.131024,16.579449,0.0,0.0,0.0,0.0,2.176864067061074,0.0,0.0,0.0,0.0,0.0,0.0,2.176864067061074,2.176864067061074,0.0,3.8693586841646224,3.4742753734769747,4.2678422275947385,3.1968684232599123,0.0,3.1968684232599123,3.1968684232599123,2.176864067061074,3.4742753734769747,2.176864067061074,0.0,0.0,0.0,-2.147906948132146,Homeostatic
CON1_TAGTCAATCCTAATTC-1,CON1,CON,Microglia,16,927,1292,0.23219814241486067,6.330562,16.348858,0.0,0.0,0.0,0.0,0.0,0.0,0.0,0.0,0.0,0.0,0.0,0.0,2.167903105030833,2.167903105030833,3.4644773712429333,3.187171068462424,3.4644773712429333,3.4644773712429333,0.0,2.167903105030833,3.681343389236459,0.0,3.187171068462424,0.0,0.0,0.0,0.0,-2.532957320376105,Homeostatic
CON1_TATGGTCAGGCTACTG-1,CON1,CON,Microglia,16,960,1355,0.0,6.1943088,16.685246,0.0,0.0,0.0,0.0,2.7574844499617654,0.0,0.0,0.0,0.0,0.0,0.0,0.0,0.0,2.7574844499617654,2.7574844499617654,2.7574844499617654,3.4183918788122054,3.14157228966332,0.0,2.7574844499617654,3.96386596422069,0.0,3.14157228966332,0.0,0.0,0.0,0.0,-2.4821068031093123,Homeostatic
CON1_TATTGACCATAGCAGG-1,CON1,CON,Microglia,16,1280,1979,0.202122283981809,5.9055567,17.049871,0.0,0.0,0.0,0.0,0.0,0.0,0.0,0.0,0.0,0.0,0.0,1.8005634501287653,1.8005634501287653,1.8005634501287653,3.0545778266212573,1.8005634501287653,3.5937827431859652,3.2682481242393333,0.0,2.7824877707530122,3.7238714502842685,0.0,0.0,0.0,0.0,0.0,0.0,-2.2260020903593993,Homeostatic
CON1_TCAAGGTTCAGTATTG-1,CON1,CON,Microglia,16,1445,2420,0.08264462809917356,5.911247,17.148264,0.0,0.0,0.0,0.0,2.595007976138935,0.0,0.0,1.6355405363367377,0.0,0.0,0.0,0.0,0.0,0.0,2.595007976138935,1.6355405363367377,3.3987149641689,2.595007976138935,0.0,2.595007976138935,3.2501181966740385,0.0,0.0,0.0,0.0,0.0,0.0,-1.683247894547585,Intermediate
CON1_TCAGGTCCAGTCTAGC-1,CON1,CON,Microglia,16,1518,2708,0.11078286558345643,5.707879,17.291393,0.0,0.0,0.0,0.0,0.0,0.0,0.0,2.4914093412497023,0.0,0.0,0.0,2.126506930258451,2.4914093412497023,1.546021361357241,3.142278676156256,1.546021361357241,3.290241064700824,2.126506930258451,0.0,2.126506930258451,3.142278676156256,0.0,2.758175901266027,0.0,0.0,0.0,0.0,-1.5681106740492163,Intermediate
CON1_TCCATTGTCAAACTCA-1,CON1,CON,Microglia,4,1898,4153,0.0963159162051529,14.263126,-3.4960043,3.3137086891907788,0.0,0.0,0.0,0.0,0.0,0.0,1.2260956511030854,0.0,0.0,0.0,0.0,0.0,0.0,1.760577631337337,0.0,1.2260956511030854,0.0,0.0,0.0,0.0,0.0,0.0,0.0,2.107019465240397,0.0,0.0,-0.024118441820909386,DAM-like
CON1_TCCTCACAGCGCTAAT-1,CON1,CON,Microglia,26,1465,2552,0.1567398119122257,6.9085164,14.846462,4.42230929882868,0.0,0.0,0.0,0.0,0.0,0.0,0.0,0.0,0.0,1.593002649948188,1.593002649948188,2.178946388329268,0.0,1.593002649948188,0.0,0.0,2.813849491957473,0.0,0.0,0.0,0.0,0.0,1.593002649948188,0.0,0.0,0.0,0.2020097120352019,DAM-like
CON1_TCTAACCGTCGCAATA-1,CON1,CON,Microglia,26,799,1225,0.163265306122449,6.956748,14.763038,4.594707478994726,0.0,0.0,0.0,0.0,0.0,0.0,0.0,0.0,0.0,0.0,2.2152025896316276,2.852238888200721,0.0,2.852238888200721,0.0,2.852238888200721,0.0,0.0,0.0,0.0,0.0,0.0,0.0,0.0,2.2152025896316276,0.0,0.030182505398056336,DAM-like
CON1_TCTTCAAGTCTAGCTT-1,CON1,CON,Microglia,16,1519,2664,0.03753753753753754,5.8051357,17.211376,0.0,0.0,0.0,0.0,2.1409490098500727,0.0,0.0,2.1409490098500727,0.0,0.0,1.5589345699005683,0.0,0.0,1.5589345699005683,3.1579583673867946,3.1579583673867946,3.3060173235217696,3.3060173235217696,2.506444801339132,2.1409490098500727,3.1579583673867946,0.0,2.1409490098500727,1.5589345699005683,0.0,0.0,0.0,-2.3372349517020417,Homeostatic
CON1_TCTTGTCCATGAAATG-1,CON1,CON,Microglia,16,1222,1946,0.10277492291880781,6.0836473,16.805443,0.0,0.0,0.0,0.0,1.814620510546301,0.0,0.0,3.0706070929940896,0.0,0.0,2.422808906804794,1.814620510546301,1.814620510546301,2.422808906804794,1.814620510546301,0.0,4.357749210803663,3.610139853861538,1.814620510546301,3.284428733704385,3.284428733704385,0.0,2.422808906804794,0.0,0.0,0.0,0.0,-1.732270516616591,Intermediate
CON1_TGACTCCTCCTAATAG-1,CON1,CON,Microglia,14,1704,3247,0.12319063751154913,-4.078928,-9.013496,0.0,0.0,0.0,0.0,0.0,0.0,0.0,0.0,0.0,0.0,0.0,0.0,1.4062721509703884,0.0,1.4062721509703884,0.0,0.0,0.0,0.0,0.0,0.0,0.0,0.0,0.0,1.4062721509703884,0.0,0.0,-0.06760923802742252,DAM-like
CON1_TGAGGGAGTACCGTAA-1,CON1,CON,Microglia,16,655,803,0.0,6.3600597,16.035048,0.0,0.0,0.0,0.0,0.0,0.0,0.0,2.599224438370223,0.0,0.0,0.0,0.0,2.599224438370223,0.0,0.0,2.599224438370223,3.6470126528689817,3.254497772111621,0.0,2.599224438370223,3.254497772111621,0.0,3.6470126528689817,2.599224438370223,0.0,0.0,0.0,-1.5194264514028957,Intermediate
CON1_TGATCAGGTTCCTCCT-1,CON1,CON,Microglia,16,1295,2030,0.541871921182266,5.7674155,17.308699,0.0,0.0,0.0,0.0,1.7793677369328915,0.0,0.0,0.0,0.0,0.0,1.7793677369328915,0.0,1.7793677369328915,2.3843693677605557,3.0303478559633295,3.8140788177970695,3.4195823459313304,3.243784682248516,3.0303478559633295,2.7586371705673707,2.3843693677605557,0.0,3.0303478559633295,2.3843693677605557,0.0,0.0,0.0,-2.5975663590914166,Homeostatic
CON1_TGCTTGTGTGTGTGGT-1,CON1,CON,Microglia,16,1027,1571,0.0,5.9364877,16.99419,0.0,0.0,0.0,0.0,2.6196374607390958,0.0,0.0,1.9967896086207162,0.0,0.0,1.9967896086207162,0.0,1.9967896086207162,0.0,3.818977604714187,3.2756904495112034,3.4912471397202456,3.2756904495112034,0.0,3.0005266184361856,2.6196374607390958,0.0,2.6196374607390958,0.0,1.9967896086207162,0.0,0.0,-1.772913039436612,Intermediate
CON1_TGGCCAATCCTCACAC-1,CON1,CON,Microglia,16,1566,2862,0.0,5.7267356,17.247768,0.0,0.0,0.0,0.0,0.0,0.0,0.0,0.0,0.0,0.0,1.5030282622159765,0.0,0.0,2.078261187873861,2.4411153302144366,1.5030282622159765,3.7598824209802806,3.2373823023702206,1.5030282622159765,2.078261187873861,2.078261187873861,0.0,1.5030282622159765,2.078261187873861,0.0,0.0,0.0,-2.2192849590703108,Homeostatic
CON1_TGGGCATGTGGTTATG-1,CON1,CON,Microglia,16,1037,1594,0.0,6.211241,16.416641,0.0,0.0,0.0,0.0,1.9842411425495179,0.0,0.0,1.9842411425495179,0.0,0.0,0.0,0.0,1.9842411425495179,0.0,0.0,3.2617093457277058,2.6061689179569254,2.986720648778882,1.9842411425495179,0.0,2.986720648778882,0.0,2.6061689179569254,0.0,0.0,0.0,0.0,-1.2702932858471772,Intermediate
CON1_TGGTTCCTCTTGTTCG-1,CON1,CON,Microglia,16,1245,2051,0.14627011214041932,5.612966,17.252077,0.0,0.0,0.0,0.0,1.7708201649550113,0.0,0.0,1.7708201649550113,0.0,0.0,0.0,0.0,0.0,2.375030473248187,3.68901352606202,1.7708201649550113,4.237858668959902,2.375030473248187,0.0,3.0205556882587867,3.8040152921908876,0.0,2.375030473248187,2.7490009050377364,0.0,0.0,0.0,-2.386606664333832,Homeostatic
CON1_TGTGATCAGTTACCGG-1,CON1,CON,Microglia,16,1377,2155,0.5104408352668214,5.89401,17.088615,0.0,0.0,0.0,0.0,1.7299498842123757,0.0,0.0,1.7299498842123757,0.0,0.0,0.0,0.0,0.0,2.973562577818928,2.973562577818928,2.7027772360311153,3.9520911195642774,2.330272481095742,1.7299498842123757,1.7299498842123757,2.7027772360311153,0.0,1.7299498842123757,0.0,0.0,0.0,0.0,-2.370721738565434,Homeostatic
CON1_TTAACCAAGGCAATAG-1,CON1,CON,Microglia,16,1296,2044,0.04892367906066536,5.7391,17.305798,0.0,0.0,0.0,0.0,2.378131783679531,0.0,0.0,0.0,0.0,0.0,1.7736579382780295,0.0,1.7736579382780295,2.378131783679531,2.378131783679531,2.7522012860114127,3.562368371133353,3.02380801661965,2.378131783679531,3.562368371133353,2.7522012860114127,0.0,2.378131783679531,1.7736579382780295,0.0,0.0,0.0,-2.3926141690715035,Homeostatic
CON1_TTCCTCAAGTTTGCGG-1,CON1,CON,Microglia,21,2923,7407,0.2970163358984744,-0.858375,-6.947017,0.0,0.0,0.0,0.0,0.0,0.0,0.0,0.0,0.0,0.0,0.0,0.0,0.85444692513942,0.0,0.85444692513942,0.85444692513942,0.85444692513942,0.0,0.0,0.0,0.0,1.856344398091255,0.0,0.0,0.85444692513942,0.0,0.0,-0.2546909103780963,DAM-like
CON1_TTGTTGTTCCAAATCA-1,CON1,CON,Microglia,16,637,830,0.24096385542168677,6.358098,15.878652,0.0,0.0,0.0,0.0,0.0,0.0,0.0,0.0,0.0,0.0,0.0,0.0,2.5686496392043927,2.5686496392043927,0.0,0.0,2.5686496392043927,2.5686496392043927,2.5686496392043927,0.0,4.114816309650305,0.0,2.5686496392043927,2.5686496392043927,0.0,0.0,0.0,-1.6010884245235313,Intermediate
CON1_TTTCCACCAATATACC-1,CON1,CON,Microglia,16,1111,1696,0.41273584905660377,6.180772,16.466463,0.0,0.0,0.0,0.0,1.9309743656377114,0.0,0.0,0.0,0.0,0.0,0.0,0.0,1.9309743656377114,0.0,2.548855374388274,1.9309743656377114,2.927917952586484,0.0,0.0,0.0,3.202132663572723,0.0,1.9309743656377114,2.927917952586484,0.0,0.0,0.0,-1.0291620651942703,DAM-like
CON1_TTTCGTCCAGTATGTT-1,CON1,CON,Microglia,16,1439,2334,0.2570694087403599,5.7947955,17.26004,0.0,0.0,0.0,0.0,1.6647761427049368,0.0,0.0,0.0,0.0,0.0,2.2585266471592362,2.2585266471592362,1.6647761427049368,1.6647761427049368,2.8980070118336143,2.2585266471592362,3.2849234894520856,2.2585266471592362,0.0,3.2849234894520856,3.1100627215881986,0.0,3.2849234894520856,0.0,0.0,0.0,0.0,-1.741383224074186,Intermediate
CON1_TTTCTCACAGCATTAT-1,CON1,CON,Microglia,16,967,1405,0.0,6.0003643,16.88704,0.0,0.0,0.0,0.0,3.5996981412089726,0.0,0.0,2.094014552950642,0.0,0.0,0.0,3.106929813120635,2.094014552950642,0.0,3.106929813120635,2.7235872368112,3.9283305921191873,3.106929813120635,0.0,2.094014552950642,3.5996981412089726,0.0,3.3833643436999545,0.0,0.0,0.0,0.0,-1.481885725571725,Intermediate
CON1_TTTCTTGCATTATGGT-1,CON1,CON,Microglia,16,1507,2840,0.0,5.870727,17.291945,0.0,0.0,0.0,0.0,1.5090355361181125,0.0,0.0,0.0,0.0,0.0,0.0,0.0,0.0,0.0,1.5090355361181125,2.4481649559598475,3.48741493263809,2.713997025145868,0.0,2.085017723501351,3.7674226773778607,0.0,2.4481649559598475,2.085017723501351,0.0,0.0,0.0,-1.885301949718171,Intermediate
CON1_TTTGCATTCAGTATTG-1,CON1,CON,Microglia,26,1402,2497,0.2002402883460152,6.8593793,14.885357,5.4522340239143645,0.0,0.0,0.0,0.0,0.0,0.0,0.0,0.0,0.0,2.198291955689726,2.198291955689726,3.045666013810084,0.0,2.5660577660851307,0.0,2.198291955689726,2.834343473905974,0.0,1.6103986042060106,0.0,0.0,1.6103986042060106,0.0,0.0,0.0,0.0,-0.15925309428555523,DAM-like
CON1_TTTGCGGAGTGCACGC-1,CON1,CON,Microglia,16,496,617,0.3241491085899514,6.2992196,16.085323,0.0,0.0,0.0,0.0,0.0,0.0,0.0,0.0,0.0,0.0,0.0,2.8453427451081854,0.0,0.0,0.0,3.5090022332651802,3.904441665326784,2.8453427451081854,0.0,0.0,2.8453427451081854,0.0,3.904441665326784,0.0,0.0,0.0,0.0,-1.4191436547465661,Intermediate
CON1_TTTGTTGGTAATGGAA-1,CON1,CON,Microglia,16,937,1363,0.1467351430667645,6.2355943,16.605309,0.0,0.0,0.0,0.0,2.1206743102214762,0.0,0.0,0.0,0.0,0.0,0.0,0.0,0.0,0.0,2.751972300953702,0.0,4.403106983164021,2.751972300953702,0.0,3.8071188949356207,3.8071188949356207,0.0,3.412698608704455,2.751972300953702,0.0,0.0,0.0,-2.0270323787738733,Homeostatic
CON2_AAACGCGCATTGTGAT-1,CON2,CON,Microglia,16,1278,2026,0.19743336623889435,5.6395516,16.53536,2.3861601679162607,0.0,0.0,0.0,1.7810075667908853,0.0,0.0,2.3861601679162607,0.0,0.0,0.0,2.3861601679162607,2.3861601679162607,1.7810075667908853,0.0,3.0322250685449874,4.3179881530235305,2.3861601679162607,1.7810075667908853,2.3861601679162607,3.245680187796587,0.0,2.7604846670737935,0.0,0.0,0.0,0.0,-1.4950748991969685,Intermediate
CON2_AAGCCTTAGCGAGTAA-1,CON2,CON,Microglia,16,1384,2308,0.43327556325823224,5.3960896,16.827448,2.6389335289341966,0.0,0.0,0.0,2.6389335289341966,0.0,0.0,1.6738681088139422,0.0,0.0,0.0,1.6738681088139422,0.0,0.0,2.9085948448199535,0.0,4.189523437781171,2.9085948448199535,1.6738681088139422,2.6389335289341966,2.9085948448199535,0.0,3.295708479818506,1.6738681088139422,0.0,0.0,0.0,-1.4900057569797016,Intermediate
CON2_AAGCGTTTCGTTCACC-1,CON2,CON,Microglia,16,948,1293,0.6960556844547563,5.9079175,17.207178,0.0,0.0,0.0,0.0,2.1672179649518126,0.0,0.0,0.0,0.0,0.0,2.801413280414541,0.0,0.0,2.1672179649518126,3.1864293305722233,3.1864293305722233,4.141094812196144,3.1864293305722233,0.0,2.801413280414541,3.463727894286531,0.0,2.801413280414541,0.0,0.0,0.0,0.0,-2.384390339455993,Homeostatic
CON2_AAGCTATGTTGTCCAT-1,CON2,CON,Microglia,16,1317,2068,0.09671179883945842,5.805092,16.974358,1.763975364650632,0.0,0.0,0.0,1.763975364650632,0.0,0.0,3.0127054000115994,0.0,0.0,2.7412766915345226,2.3675466387640016,1.763975364650632,1.763975364650632,0.0,2.7412766915345226,3.795945477815265,3.6809662152577767,0.0,2.3675466387640016,3.0127054000115994,0.0,0.0,1.763975364650632,0.0,0.0,0.0,-1.1384977562532996,DAM-like
CON2_AAGGAAGCACTCAACA-1,CON2,CON,Microglia,16,1508,2682,1.7524235645041013,5.532819,16.937845,1.5536208804183531,0.0,0.0,0.0,2.5002616827701054,0.0,0.0,0.0,0.0,0.0,1.5536208804183531,0.0,2.135008873533652,2.767214500832292,3.151511540223939,2.767214500832292,3.542611494100682,2.767214500832292,1.5536208804183531,2.135008873533652,2.767214500832292,0.0,2.977711056367072,0.0,0.0,0.0,0.0,-2.0858734784014583,Homeostatic
CON2_AAGTGCAAGTTAGGCT-1,CON2,CON,Microglia,16,614,818,0.0,6.3222003,15.943039,0.0,0.0,0.0,0.0,2.5821043558286254,0.0,0.0,2.5821043558286254,0.0,0.0,2.5821043558286254,0.0,0.0,0.0,2.5821043558286254,2.5821043558286254,4.308778740168157,4.593092655373608,0.0,2.5821043558286254,2.5821043558286254,0.0,2.5821043558286254,0.0,0.0,0.0,0.0,-1.8079158663965813,Intermediate
CON2_AAGTTTGTCTTGATGA-1,CON2,CON,Microglia,16,556,712,0.42134831460674155,6.325317,16.119707,0.0,0.0,0.0,0.0,2.7110419759590325,0.0,0.0,2.7110419759590325,0.0,0.0,0.0,0.0,0.0,0.0,2.7110419759590325,3.3703906100193977,4.445818739671773,3.764330825268658,2.7110419759590325,3.3703906100193977,2.7110419759590325,0.0,2.7110419759590325,0.0,0.0,0.0,0.0,-2.468423708190266,Homeostatic
CON2_AATAACCGTCATCATC-1,CON2,CON,Microglia,16,1817,3287,0.2433830240340736,5.781656,17.344215,0.0,0.0,0.0,0.0,1.9579199702690162,0.0,0.0,1.9579199702690162,0.0,0.0,1.3968108189270885,0.0,1.9579199702690162,2.3151916356917583,2.577877064301146,2.9577046421284603,4.021077935662678,3.104407945139131,1.3968108189270885,1.3968108189270885,0.0,0.0,2.577877064301146,2.3151916356917583,1.3968108189270885,0.0,0.0,-1.6619604360791584,Intermediate
CON2_AATATCCCAGGATGGC-1,CON2,CON,Microglia,16,748,1017,0.09832841691248771,6.148831,16.792263,0.0,0.0,0.0,0.0,0.0,0.0,0.0,3.0284745169788523,0.0,0.0,0.0,0.0,2.382582417291505,2.382582417291505,3.0284745169788523,3.0284745169788523,4.377801892128225,3.697129497847243,2.382582417291505,2.382582417291505,3.0284745169788523,0.0,3.4176783242062427,2.382582417291505,0.0,0.0,0.0,-2.6222776253082904,Homeostatic
CON2_AATATCCCAGGCTAAG-1,CON2,CON,Microglia,16,1356,2055,0.583941605839416,5.787506,16.595484,1.7692036636849364,0.0,0.0,0.0,0.0,0.0,0.0,2.373263485608705,0.0,0.0,0.0,1.7692036636849364,0.0,0.0,2.7471773294910227,2.373263485608705,3.905236035697808,3.6871139061833933,0.0,2.7471773294910227,2.373263485608705,0.0,2.373263485608705,0.0,0.0,0.0,0.0,-1.7744100378194223,Intermediate
CON2_AATCTTGAGCATTAGC-1,CON2,CON,Microglia,16,1401,2377,0.33655868742111905,5.9026814,17.21181,0.0,0.0,0.0,0.0,1.6500007231798284,0.0,0.0,1.6500007231798284,1.6500007231798284,0.0,1.6500007231798284,2.242194457263079,0.0,1.6500007231798284,2.880766573848902,2.6116091057953588,3.7628228896238873,0.0,0.0,3.09262837529269,2.242194457263079,0.0,2.6116091057953588,1.6500007231798284,0.0,0.0,0.0,-1.349833738703746,Intermediate
CON2_ACACTAGGTGCTCCAC-1,CON2,CON,Microglia,16,762,1038,0.1926782273603083,6.3381968,16.193682,0.0,0.0,0.0,0.0,2.3640480802736126,0.0,0.0,0.0,0.0,0.0,0.0,0.0,0.0,0.0,3.397916475505736,2.3640480802736126,3.8952746685721094,2.3640480802736126,2.3640480802736126,0.0,3.397916475505736,0.0,2.3640480802736126,0.0,0.0,0.0,0.0,-2.0410566302218127,Homeostatic
CON2_ACATCATCAATTGACT-1,CON2,CON,Microglia,16,1396,2249,0.4001778568252557,5.911959,16.962305,0.0,0.0,0.0,0.0,2.2918113908048423,0.0,0.0,1.69495862802837,0.0,0.0,1.69495862802837,2.6630013620319146,0.0,2.2918113908048423,0.0,3.3206567979815786,3.7140057697763025,3.5992655585396816,0.0,2.6630013620319146,1.69495862802837,0.0,3.1455350789286127,1.69495862802837,0.0,0.0,0.0,-1.5185601300189129,Intermediate
CON2_ACTCCTCAGTAGCGGG-1,CON2,CON,Microglia,16,935,1307,0.306044376434583,5.948528,17.032146,0.0,0.0,0.0,0.0,4.130497679066222,0.0,0.0,2.1576875683110233,0.0,0.0,0.0,2.1576875683110233,2.1576875683110233,2.1576875683110233,3.670092760467594,2.1576875683110233,4.8155749469435944,3.670092760467594,3.45329754248826,2.1576875683110233,3.176107280072364,0.0,3.45329754248826,0.0,0.0,0.0,0.0,-2.3416200083446914,Homeostatic
CON2_AGACCCGGTCTAACAG-1,CON2,CON,Microglia,16,1688,3014,0.09953550099535502,5.8020606,17.402983,0.0,0.0,0.0,0.0,2.032834626196963,0.0,0.0,0.0,0.0,0.0,2.6582575438944867,2.8672879294094966,2.032834626196963,0.0,2.3936636137210456,3.4294819192537083,3.709030069829191,3.0400888237217507,0.0,3.0400888237217507,2.8672879294094966,0.0,2.032834626196963,2.032834626196963,1.4627576008684886,0.0,0.0,-1.5721693993265096,Intermediate
CON2_AGCGTGCTCCTAAGAC-1,CON2,CON,Microglia,16,1227,1984,0.0,5.8068466,17.200802,0.0,0.0,0.0,0.0,3.052173584458943,0.0,0.0,1.7984574179121826,0.0,0.0,2.780120768895363,2.780120768895363,0.0,1.7984574179121826,3.2658209700640635,2.405199907177258,3.836499640018254,3.721409097411588,2.405199907177258,3.052173584458943,3.5913288632361353,0.0,0.0,1.7984574179121826,0.0,0.0,0.0,-2.2086748241887406,Homeostatic
CON2_AGTTTGATCCAGGGAG-1,CON2,CON,Microglia,7,719,954,0.628930817610063,6.7240005,2.3152075,0.0,0.0,0.0,0.0,0.0,0.0,0.0,0.0,0.0,0.0,0.0,0.0,0.0,0.0,0.0,3.4795938390244183,3.0894211664646236,0.0,0.0,0.0,0.0,0.0,0.0,0.0,0.0,2.44079629389538,0.0,-0.8211268756861303,DAM-like
CON2_ATATGTCCAAGCGAGC-1,CON2,CON,Microglia,16,1405,2267,0.08822232024702249,5.882407,17.046627,0.0,0.0,0.0,0.0,3.1379078252534898,0.0,0.0,1.688455358525223,0.0,0.0,2.2846483902969283,2.2846483902969283,1.688455358525223,0.0,2.9255492682138575,2.655587664614182,3.3129742189059694,3.3129742189059694,1.688455358525223,2.655587664614182,3.9024225912914026,0.0,2.2846483902969283,0.0,0.0,0.0,0.0,-1.7040696175263255,Intermediate
CON2_ATCACAATCCTTCAAT-1,CON2,CON,Microglia,16,919,1337,0.07479431563201197,6.1963944,16.675072,0.0,0.0,0.0,0.0,2.7700143568029403,0.0,0.0,2.7700143568029403,0.0,0.0,0.0,2.1376434149156553,0.0,0.0,3.43132968456007,3.1543712099122283,3.8259549516428564,2.1376434149156553,2.1376434149156553,3.8259549516428564,2.1376434149156553,0.0,3.43132968456007,0.0,0.0,0.0,0.0,-1.9907274665806962,Homeostatic
CON2_ATCCTGACAAAGGCCA-1,CON2,CON,Microglia,16,1024,1535,0.0,6.0164485,17.013819,0.0,0.0,0.0,0.0,2.0168555105865567,0.0,0.0,2.0168555105865567,0.0,0.0,0.0,3.5137308074495954,0.0,2.0168555105865567,3.0225676590764543,2.0168555105865567,3.841656459379137,3.2980060642518745,3.0225676590764543,2.6411491374669134,3.5137308074495954,0.0,3.0225676590764543,0.0,0.0,0.0,0.0,-2.3411011526285996,Homeostatic
CON2_ATGAGCCGTGATCAGC-1,CON2,CON,Microglia,16,388,471,0.21231422505307856,6.439301,15.689052,0.0,0.0,0.0,0.0,0.0,0.0,0.0,3.7719064354242033,0.0,0.0,0.0,3.1015067162710444,0.0,3.1015067162710444,3.1015067162710444,0.0,4.855061096239951,0.0,0.0,0.0,3.7719064354242033,0.0,0.0,0.0,0.0,0.0,0.0,-1.3250235319338382,Intermediate
CON2_ATTCACTTCGCACACA-1,CON2,CON,Microglia,16,1294,2079,0.33670033670033667,6.0658402,16.842617,0.0,0.0,0.0,0.0,2.36273992165233,0.0,0.0,0.0,0.0,0.0,1.7595813987472655,1.7595813987472655,1.7595813987472655,0.0,1.7595813987472655,2.36273992165233,3.3965207586219255,0.0,0.0,3.007661795012649,1.7595813987472655,0.0,3.6757951892364997,0.0,1.7595813987472655,0.0,0.0,-0.9479541884904389,DAM-like
CON2_CAGAACCGTTAGGCTA-1,CON2,CON,Microglia,16,988,1391,0.7907979870596693,6.1980634,16.826336,0.0,0.0,0.0,0.0,2.102800656976469,0.0,0.0,0.0,0.0,0.0,0.0,0.0,2.7329473598783625,2.7329473598783625,2.7329473598783625,3.116498314684512,4.0692417888438515,3.6094401469122315,0.0,2.7329473598783625,3.6094401469122315,0.0,3.116498314684512,2.7329473598783625,0.0,0.0,0.0,-2.4534521929423483,Homeostatic
CON2_CAGATTCAGGCCCAGT-1,CON2,CON,Microglia,16,1595,2639,0.34103827207275483,5.6569324,17.280146,0.0,0.0,0.0,0.0,2.7823692699037976,0.0,0.0,2.7823692699037976,0.0,0.0,0.0,2.515107834850487,1.5663872141438022,2.149274025226982,2.149274025226982,2.7823692699037976,4.180802651571491,2.993057232354944,0.0,2.149274025226982,3.3151019101572676,0.0,2.149274025226982,0.0,1.5663872141438022,0.0,0.0,-1.72287617408918,Intermediate
CON2_CAGCCTTTCAGGTTTA-1,CON2,CON,Microglia,24,2245,4498,0.377945753668297,11.604042,9.079395,1.1705312236801901,0.0,0.0,1.6951401532850308,0.0,0.0,0.0,1.1705312236801901,0.0,1.1705312236801901,0.0,1.6951401532850308,1.6951401532850308,1.1705312236801901,0.0,0.0,0.0,0.0,0.0,0.0,0.0,0.0,0.0,0.0,0.0,0.0,0.0,0.5149923763396427,DAM-like
CON2_CATAGGCGTTGAGCCG-1,CON2,CON,Microglia,16,2065,4018,0.024888003982080638,5.520597,17.403393,0.0,0.0,0.0,0.0,1.7882265575544807,0.0,1.2497355233037755,1.2497355233037755,0.0,0.0,0.0,2.1363250442806674,1.2497355233037755,1.7882265575544807,2.7686133177104524,2.394040567558269,3.507431302198639,3.040483803942287,0.0,2.1363250442806674,2.1363250442806674,0.0,2.9137594411729206,0.0,0.0,0.0,0.0,-1.6311416145563387,Intermediate
CON2_CATAGGTTCACTCGCT-1,CON2,CON,Microglia,16,1536,2664,0.18768768768768768,5.9245334,17.162275,0.0,0.0,0.0,0.0,1.5595276621490148,0.0,0.0,2.984816412865116,0.0,0.0,0.0,2.984816412865116,0.0,2.5071346026816315,2.984816412865116,1.5595276621490148,3.7453144658658095,2.984816412865116,2.141611792985455,2.984816412865116,2.5071346026816315,0.0,2.5071346026816315,0.0,0.0,0.0,0.0,-2.0977303542445345,Homeostatic
CON2_CATGAGGCAGTTAGCC-1,CON2,CON,Microglia,16,1472,2396,0.041736227045075125,6.082835,16.796623,0.0,0.0,0.0,0.0,2.8732533379118057,0.0,0.0,0.0,0.0,0.0,0.0,1.643573159672299,0.0,2.235081691233444,0.0,2.235081691233444,4.152681715935731,1.643573159672299,2.235081691233444,2.235081691233444,2.8732533379118057,0.0,2.8732533379118057,1.643573159672299,1.643573159672299,0.0,0.0,-1.853781180184847,Intermediate
CON2_CCAAGTTAGTTTGAGC-1,CON2,CON,Microglia,1,341,393,0.5089058524173028,-0.15595362,9.423965,0.0,0.0,0.0,0.0,0.0,0.0,0.0,0.0,0.0,0.0,0.0,3.2775297185599728,3.2775297185599728,0.0,0.0,3.2775297185599728,0.0,0.0,0.0,0.0,0.0,0.0,3.2775297185599728,0.0,0.0,0.0,0.0,0.09454412649692234,DAM-like
CON2_CCCGTAAAGGAGCATA-1,CON2,CON,Microglia,16,1267,1946,0.051387461459403906,6.22513,17.043797,0.0,0.0,0.0,0.0,3.610139853861538,0.0,0.0,2.422808906804794,0.0,0.0,0.0,3.4604870540265606,0.0,2.422808906804794,4.13780234003217,3.0706070929940896,4.216616764212953,3.7402845099846136,1.814620510546301,3.284428733704385,3.0706070929940896,0.0,3.610139853861538,2.7982709936039516,0.0,0.0,0.0,-2.4894577004712595,Homeostatic
CON2_CCCGTTGTCCCTGATC-1,CON2,CON,Microglia,16,1853,3318,0.1506931886678722,5.69854,17.33777,0.0,0.0,0.0,0.0,0.0,0.0,0.0,2.5692060612470513,0.0,0.0,1.9498634027428468,1.3897543119201778,2.7769117934614167,0.0,3.336650823522225,1.9498634027428468,4.163421818334223,3.336650823522225,1.3897543119201778,2.3067355997192722,3.0954439531443567,0.0,2.9488074571487553,1.3897543119201778,1.9498634027428468,0.0,0.0,-1.7791815862768976,Intermediate
CON2_CCTACTTCATCCATCT-1,CON2,CON,Microglia,16,1866,3812,0.05246589716684155,5.6652365,17.386906,0.0,0.0,0.0,0.0,0.0,0.0,0.0,1.832035669499188,0.0,0.0,0.0,1.2873837937357901,1.2873837937357901,1.2873837937357901,2.817787274646795,3.0904222095349057,3.8757595103553486,2.963367334222276,1.2873837937357901,3.3963939784956665,3.558281843979269,0.0,2.963367334222276,2.1826617832747255,0.0,0.0,0.0,-2.445612601417402,Homeostatic
CON2_CCTGTAACACAATGCC-1,CON2,CON,Microglia,6,326,444,0.22522522522522523,1.0970333,-0.6665929,0.0,0.0,0.0,0.0,0.0,0.0,0.0,0.0,0.0,0.0,0.0,0.0,0.0,0.0,3.1579583673867946,0.0,0.0,0.0,0.0,0.0,0.0,0.0,0.0,0.0,0.0,0.0,0.0,-0.3947447959233493,DAM-like
CON2_CGTAGTTAGACAAGTG-1,CON2,CON,Microglia,16,1123,1622,0.3082614056720099,6.2115355,16.412031,0.0,0.0,0.0,0.0,2.5900513591773584,0.0,0.0,0.0,0.0,0.0,0.0,0.0,2.5900513591773584,3.244968917937998,3.244968917937998,3.6373589939430664,3.918438877782314,3.244968917937998,0.0,1.9692398979596928,3.244968917937998,0.0,2.9701931251947324,3.244968917937998,0.0,0.0,0.0,-2.4146447403061937,Homeostatic
CON2_CGTGTTACAACCCTCC-1,CON2,CON,Microglia,16,762,966,0.0,6.318712,16.211956,0.0,0.0,0.0,0.0,3.0774935228,0.0,0.0,3.0774935228,0.0,0.0,0.0,0.0,2.429391021751476,2.429391021751476,3.0774935228,3.4674812731642644,4.428620758234651,3.0774935228,0.0,0.0,3.4674812731642644,0.0,2.429391021751476,0.0,0.0,0.0,0.0,-1.8331583970776797,Intermediate
CON2_CTCGACAAGGAAGCTA-1,CON2,CON,Microglia,16,1109,1612,0.18610421836228289,6.1350274,16.83829,0.0,0.0,0.0,0.0,1.974563402077947,0.0,0.0,2.595773071897383,0.0,0.0,2.595773071897383,1.974563402077947,1.974563402077947,3.250912943124212,2.9760611512582926,2.9760611512582926,4.475615279347176,3.7937870136045904,1.974563402077947,1.974563402077947,2.595773071897383,0.0,3.466278559505163,0.0,0.0,0.0,0.0,-2.147148996059299,Homeostatic
CON2_CTGGCTTTCACCTGCT-1,CON2,CON,Microglia,16,1658,3035,0.16474464579901155,5.761843,17.091732,0.0,0.0,0.0,0.0,1.4574266228740034,0.0,0.0,1.4574266228740034,0.0,0.0,0.0,2.3873561809703876,2.026803373876419,2.026803373876419,2.860740648445972,2.3873561809703876,3.6174860807563216,2.651802313589976,1.4574266228740034,1.4574266228740034,2.026803373876419,0.0,2.3873561809703876,2.026803373876419,0.0,0.0,0.0,-1.7469604367275675,Intermediate
CON2_CTGTTTAGTCCAAGAC-1,CON2,CON,Microglia,16,1073,1499,0.0,5.5853534,16.516836,2.037461855946067,0.0,0.0,0.0,2.66320820330355,0.0,0.0,0.0,0.0,0.0,2.037461855946067,3.53676417088498,2.66320820330355,0.0,2.66320820330355,0.0,3.86488524446771,3.714222695397212,2.037461855946067,3.0451575801754647,3.0451575801754647,0.0,2.037461855946067,0.0,0.0,0.0,0.0,-1.3010228534420902,Intermediate
CON2_CTTAGTTTCCTTGCGT-1,CON2,CON,Microglia,2,4336,10762,0.315926407730905,-3.7072942,-1.5965177,0.0,0.0,0.0,0.0,0.6571029817038258,0.0,0.0,0.6571029817038258,0.0,0.0,0.0,0.0,0.6571029817038258,0.6571029817038258,0.6571029817038258,1.7309431825109751,2.132219284740889,1.551126632105987,0.0,0.0,0.6571029817038258,1.3317288637969598,0.6571029817038258,1.7309431825109751,0.0,1.3317288637969598,0.0,-0.7715606059347064,DAM-like
CON2_CTTCTCAAGTAACTCA-1,CON2,CON,Microglia,16,896,1288,0.4658385093167702,6.0763497,16.623278,0.0,0.0,0.0,0.0,2.170649586868351,0.0,0.0,2.170649586868351,0.0,0.0,0.0,0.0,0.0,0.0,3.4674812731642644,2.170649586868351,4.144907776501419,2.805052905993226,0.0,2.170649586868351,3.684366179002794,0.0,2.170649586868351,0.0,0.0,0.0,0.0,-1.971442323262362,Homeostatic
CON2_CTTGTAAAGGACCTTG-1,CON2,CON,Microglia,16,1508,2517,0.15891934843067143,5.6384163,17.32136,0.0,0.0,0.0,0.0,0.0,0.0,0.0,1.6040200041927077,0.0,0.0,1.6040200041927077,0.0,0.0,2.191202863324344,3.0380692105532194,3.2123708036038834,3.706960922331623,3.360753300979286,1.6040200041927077,1.6040200041927077,3.0380692105532194,0.0,1.6040200041927077,0.0,1.6040200041927077,0.0,0.0,-2.4726609816290344,Homeostatic
CON2_CTTGTCCAGACAAGTG-1,CON2,CON,Microglia,16,1066,1598,0.2503128911138924,6.062609,17.086893,0.0,0.0,0.0,0.0,2.603847870466485,0.0,0.0,1.9820798221101659,0.0,0.0,1.9820798221101659,1.9820798221101659,1.9820798221101659,0.0,2.603847870466485,0.0,4.484239209522002,3.2592992418443254,0.0,2.984340980106574,0.0,0.0,2.984340980106574,1.9820798221101659,0.0,0.0,0.0,-0.856299208211104,DAM-like
CON2_CTTTGAGCATCAGCAC-1,CON2,CON,Microglia,16,1460,2522,0.03965107057890563,5.7342253,17.366692,0.0,0.0,0.0,0.0,2.556864545860803,0.0,0.0,1.602434859780391,0.0,0.0,0.0,1.602434859780391,1.602434859780391,1.602434859780391,3.036179891897965,1.602434859780391,3.9616964318366588,2.556864545860803,2.189440371732106,2.556864545860803,3.210466257262162,0.0,2.189440371732106,0.0,0.0,0.0,0.0,-2.0230731724089503,Homeostatic
CON2_GACACCGGTATTCGTC-1,CON2,CON,Microglia,16,1000,1418,0.14104372355430184,6.27341,16.438091,0.0,0.0,0.0,0.0,2.0859436294321316,0.0,0.0,0.0,0.0,0.0,0.0,3.0981335489678123,2.0859436294321316,2.0859436294321316,2.0859436294321316,3.0981335489678123,3.0981335489678123,3.590740877599912,0.0,0.0,3.590740877599912,0.0,3.0981335489678123,0.0,0.0,0.0,0.0,-1.6344721441667276,Intermediate
CON2_GACCGAACATTGCGTA-1,CON2,CON,Microglia,16,785,1037,0.19286403085824494,6.106558,16.189224,2.3649213355433565,0.0,0.0,0.0,2.3649213355433565,0.0,0.0,0.0,0.0,0.0,0.0,2.3649213355433565,0.0,2.3649213355433565,2.3649213355433565,2.3649213355433565,3.6781421695280265,2.3649213355433565,0.0,3.3988481119122294,2.3649213355433565,0.0,2.3649213355433565,0.0,0.0,0.0,0.0,-1.8169485424615477,Intermediate
CON2_GAGCAAATCTATTGTC-1,CON2,CON,Microglia,15,381,449,0.4454342984409799,-12.267028,-3.4469647,0.0,0.0,0.0,0.0,0.0,0.0,0.0,0.0,0.0,0.0,0.0,0.0,0.0,0.0,0.0,3.1472386712918565,0.0,0.0,0.0,0.0,0.0,0.0,0.0,0.0,0.0,0.0,0.0,-0.39340483391148207,DAM-like
CON2_GAGCGATAGGAACCGG-1,CON2,CON,Microglia,16,1114,1692,0.0591016548463357,5.8920164,17.032942,0.0,0.0,0.0,0.0,0.0,0.0,0.0,1.932993586064968,0.0,0.0,0.0,0.0,0.0,0.0,1.932993586064968,2.5510322677947825,3.4193917694789135,2.5510322677947825,0.0,2.5510322677947825,2.9301530219189638,0.0,1.932993586064968,0.0,0.0,0.0,0.0,-1.8432625832932092,Intermediate
CON2_GATGACTTCATAGACC-1,CON2,CON,Microglia,16,1104,1726,0.4634994206257242,5.9040437,17.19218,0.0,0.0,0.0,0.0,0.0,0.0,0.0,3.1853178430464464,0.0,0.0,1.9160020058807872,0.0,0.0,1.9160020058807872,0.0,2.532703107350323,3.8575655960320234,3.9729992796738567,2.532703107350323,2.911329941325027,3.1853178430464464,0.0,3.1853178430464464,0.0,1.9160020058807872,0.0,0.0,-2.2211683909341,Homeostatic
CON2_GATTGATGTGATTACG-1,CON2,CON,Microglia,16,1091,1623,0.06161429451632779,6.0720797,16.926395,0.0,0.0,0.0,0.0,1.9687096051291169,0.0,0.0,2.589481274459304,0.0,0.0,2.969608415408708,0.0,0.0,2.589481274459304,1.9687096051291169,0.0,4.033406043332441,4.033406043332441,1.9687096051291169,3.2443766105657614,3.9178347964668645,0.0,2.589481274459304,0.0,0.0,0.0,0.0,-2.140429013071332,Homeostatic
CON2_GCAAGCCTCGATTTAG-1,CON2,CON,Microglia,16,847,1144,0.7867132867132868,6.1632624,16.125187,2.2763703435198983,0.0,0.0,0.0,0.0,0.0,0.0,0.0,0.0,0.0,0.0,0.0,0.0,0.0,2.2763703435198983,2.2763703435198983,4.130175099139733,2.916825284344382,0.0,2.2763703435198983,3.3040907173505487,0.0,3.3040907173505487,0.0,0.0,0.0,0.0,-1.9724198553843029,Homeostatic
CON2_GCCAGGAAGGCGAAAC-1,CON2,CON,Microglia,16,488,578,0.17301038062283738,6.4224305,15.8035145,0.0,0.0,0.0,0.0,2.9069577829535476,0.0,0.0,2.9069577829535476,0.0,0.0,0.0,0.0,0.0,0.0,2.9069577829535476,0.0,3.572403954263378,4.251407458130617,0.0,2.9069577829535476,0.0,0.0,0.0,0.0,0.0,0.0,0.0,-1.2574915979870904,Intermediate
CON2_GCCTAATAGGCTAAGA-1,CON2,CON,Microglia,16,1473,2493,0.0,5.9008193,16.934376,0.0,0.0,0.0,0.0,1.6116816829082714,0.0,0.0,1.6116816829082714,0.0,0.0,0.0,2.199717345152741,1.6116816829082714,0.0,1.6116816829082714,1.6116816829082714,4.23686985139647,2.199717345152741,0.0,2.199717345152741,3.0471930228331447,0.0,2.199717345152741,1.6116816829082714,0.0,0.0,0.0,-1.3222220475341433,Intermediate
CON2_GCGAAGTAGCTGGACC-1,CON2,CON,Microglia,16,1147,1764,0.0,5.674469,17.19085,0.0,0.0,0.0,0.0,2.8907496154483647,0.0,0.0,1.897460063107149,0.0,0.0,0.0,0.0,0.0,1.897460063107149,3.1644507668432644,1.897460063107149,4.148805547704297,3.1644507668432644,3.1644507668432644,1.897460063107149,3.3791109693748242,0.0,0.0,0.0,0.0,0.0,0.0,-2.4708823044389483,Homeostatic
CON2_GCGCCTTGTGGGTACT-1,CON2,CON,Microglia,16,2459,4413,0.0,5.9603,16.870888,0.0,0.0,0.0,0.0,2.5122566163799274,0.0,0.0,2.5122566163799274,0.0,0.0,1.1837330914945907,2.0540772393678455,0.0,1.7107467132909924,2.6809718497644934,2.0540772393678455,3.618047371267716,3.1640165099806317,1.1837330914945907,1.1837330914945907,2.9513814701988106,0.0,2.6809718497644934,1.7107467132909924,0.0,0.0,0.0,-1.6827750660595906,Intermediate
CON2_GCTATAGGTCCAAGAC-1,CON2,CON,Microglia,16,1398,2221,0.22512381809995496,5.857993,17.037209,0.0,0.0,0.0,0.0,1.7055667578592613,0.0,1.7055667578592613,0.0,0.0,0.0,0.0,3.482209819965124,1.7055667578592613,2.303485588327296,2.9453868465359867,2.67508018186464,4.291446242758011,2.67508018186464,0.0,1.7055667578592613,3.482209819965124,0.0,3.1579583673867946,2.67508018186464,0.0,0.0,0.0,-1.8483273298166465,Intermediate
CON2_GGAACCACATTAGGTT-1,CON2,CON,Microglia,16,1353,2171,0.09212344541685859,5.94853,17.190819,0.0,0.0,0.0,0.0,2.3240128560758517,0.0,0.0,1.7242467394470675,0.0,0.0,0.0,0.0,2.6963071736985667,2.6963071736985667,1.7242467394470675,1.7242467394470675,3.5042972795318135,3.355145400728878,0.0,3.179780449481933,3.5042972795318135,0.0,3.179780449481933,1.7242467394470675,0.0,0.0,0.0,-1.9422273043317397,Homeostatic
CON2_GGAGCAAGTCCTAGTT-1,CON2,CON,Microglia,2,1545,2409,0.08302200083022,-4.9265614,0.35114014,0.0,0.0,0.0,0.0,0.0,0.0,0.0,0.0,0.0,0.0,0.0,0.0,0.0,0.0,0.0,1.6392102921597482,0.0,0.0,0.0,0.0,0.0,1.6392102921597482,0.0,2.868148880231274,0.0,0.0,0.0,-0.20490128651996853,DAM-like
CON2_GGCTTAAGTGCACGCA-1,CON2,CON,Microglia,16,702,972,0.205761316872428,6.030424,16.936333,0.0,0.0,0.0,0.0,0.0,0.0,0.0,0.0,0.0,0.0,2.4237460475970547,3.0715876892319844,2.4237460475970547,0.0,3.0715876892319844,2.4237460475970547,3.0715876892319844,2.4237460475970547,0.0,2.4237460475970547,0.0,0.0,0.0,0.0,0.0,0.0,0.0,-1.0676417067394999,DAM-like
CON2_GGCTTCAAGCATTAGC-1,CON2,CON,Microglia,16,994,1376,1.1627906976744187,6.0368876,16.690975,0.0,0.0,0.0,0.0,2.1123251335497333,0.0,0.0,2.7430880578430834,0.0,0.0,0.0,0.0,2.1123251335497333,3.1268625299428385,2.1123251335497333,0.0,4.558882701455281,3.619990397836006,3.403520263078295,2.1123251335497333,2.1123251335497333,0.0,0.0,0.0,0.0,0.0,0.0,-2.0947990404707757,Homeostatic
CON2_GGTTGCTCAATGAATG-1,CON2,CON,Microglia,16,1008,1509,0.06626905235255136,6.1882386,16.785053,0.0,0.0,0.0,0.0,2.0316821582006424,0.0,0.0,2.0316821582006424,0.0,0.0,2.657024272408584,2.0316821582006424,2.0316821582006424,0.0,3.31446309140847,3.038826039523036,4.208700284715921,3.038826039523036,2.0316821582006424,3.038826039523036,3.038826039523036,0.0,3.31446309140847,2.657024272408584,0.0,0.0,0.0,-1.8842492573051357,Intermediate
CON2_GTACCGGGTACTGAAT-1,CON2,CON,Microglia,26,1179,1772,2.3702031602708806,6.9087133,14.830452,3.8318260345398722,0.0,0.0,0.0,0.0,0.0,0.0,0.0,0.0,0.0,1.8936149781883371,1.8936149781883371,3.160117406434413,0.0,0.0,1.8936149781883371,1.8936149781883371,3.701385575667531,0.0,1.8936149781883371,1.8936149781883371,0.0,3.3747406103973026,1.8936149781883371,0.0,2.5085158883890646,0.0,-0.5803135016409976,DAM-like
CON2_GTATGTGGTATGGTGC-1,CON2,CON,Microglia,16,1012,1567,0.0,5.9199047,17.158764,0.0,0.0,0.0,0.0,1.9989932529393806,0.0,0.0,1.9989932529393806,0.0,0.0,2.6220014052959604,3.002949307756377,2.6220014052959604,2.6220014052959604,3.2781436198580343,3.4937189696402458,4.265462343921048,3.8214711104937487,0.0,3.2781436198580343,4.06790798138752,0.0,3.2781436198580343,1.9989932529393806,0.0,0.0,0.0,-2.1614377755970504,Homeostatic
CON2_GTATTGTCACACCAAC-1,CON2,CON,Microglia,1,542,673,1.634472511144131,0.07606465,9.33508,0.0,0.0,0.0,0.0,0.0,0.0,0.0,2.763727137269237,0.0,0.0,0.0,0.0,0.0,0.0,0.0,2.763727137269237,2.763727137269237,0.0,0.0,0.0,0.0,0.0,0.0,0.0,0.0,0.0,0.0,-0.4783373891427526,DAM-like
CON2_GTCATCACAGGACACA-1,CON2,CON,Microglia,16,1553,2621,0.3433803891644411,5.648481,17.274858,0.0,0.0,0.0,0.0,2.5214003284209516,0.0,0.0,1.5718061689352243,0.0,0.0,2.5214003284209516,2.155322754034429,0.0,0.0,3.5649599734571975,2.5214003284209516,4.347781314619038,2.99955935527122,1.5718061689352243,2.155322754034429,3.173544760768351,0.0,3.450707961160976,0.0,0.0,0.0,0.0,-1.8671868642604892,Intermediate
CON2_GTGATGAAGTCGCAAT-1,CON2,CON,Microglia,6,239,271,0.7380073800738007,1.5901237,-0.032092076,0.0,0.0,0.0,0.0,0.0,0.0,0.0,0.0,0.0,0.0,0.0,0.0,0.0,0.0,3.6349608482861036,0.0,0.0,0.0,0.0,0.0,0.0,0.0,0.0,0.0,0.0,0.0,0.0,-0.45437010603576294,DAM-like
CON2_GTGCGGTTCACAGGAA-1,CON2,CON,Microglia,16,1166,1736,0.28801843317972353,6.3110514,16.571535,0.0,0.0,0.0,0.0,1.9110774246025222,0.0,0.0,0.0,0.0,0.0,1.9110774246025222,2.9058680669738703,0.0,1.9110774246025222,0.0,2.9058680669738703,4.32921630367754,2.9058680669738703,1.9110774246025222,3.5712836129171435,3.3945702479061333,0.0,3.179780449481933,0.0,0.0,0.0,0.0,-2.098579919135245,Homeostatic
CON2_GTGCTGATCAGAAACG-1,CON2,CON,Microglia,6,243,283,0.7067137809187279,1.648723,-0.16098113,0.0,0.0,0.0,0.0,0.0,0.0,0.0,0.0,0.0,0.0,0.0,0.0,0.0,0.0,3.592800427585953,0.0,0.0,0.0,0.0,0.0,0.0,0.0,0.0,0.0,0.0,0.0,0.0,-0.4491000534482441,DAM-like
CON2_GTGCTGATCGATTCTT-1,CON2,CON,Microglia,16,1707,2906,1.445285615966965,5.9642577,16.954084,0.0,0.0,0.0,0.0,0.0,0.0,0.0,2.0646213198274332,0.0,0.0,0.0,2.692234111146223,0.0,1.4909147543655568,2.901739188834519,2.0646213198274332,3.659778048970966,2.692234111146223,2.0646213198274332,2.426877446816367,2.901739188834519,0.0,2.0646213198274332,1.4909147543655568,0.0,0.0,0.0,-2.1594037160991344,Homeostatic
CON2_GTGTTACAGCTCCTAC-1,CON2,CON,Microglia,16,1253,1887,0.8479067302596714,6.087667,16.804396,0.0,0.0,0.0,0.0,2.450904586875535,0.0,0.0,1.8404570996120742,0.0,0.0,0.0,1.8404570996120742,2.450904586875535,2.450904586875535,3.6401071753171514,1.8404570996120742,4.568397348744243,2.8272101368331413,0.0,3.7703519817149154,3.0999872498704693,0.0,2.8272101368331413,2.450904586875535,0.0,0.0,0.0,-2.1144674571420783,Homeostatic
CON2_GTTGTTGCACTGACCG-1,CON2,CON,Microglia,16,1141,1775,0.3380281690140845,6.12471,16.712797,0.0,0.0,0.0,0.0,1.8921782169751022,0.0,0.0,0.0,0.0,0.0,0.0,2.5069620998111874,2.5069620998111874,1.8921782169751022,2.5069620998111874,2.5069620998111874,4.57238505798976,3.3731069843542687,2.5069620998111874,3.5496983289472945,1.8921782169751022,0.0,3.3731069843542687,0.0,0.0,0.0,0.0,-2.3188154906538108,Homeostatic
CON2_TAAGCCAGTAGCCTAA-1,CON2,CON,Microglia,16,1329,2152,1.0223048327137547,5.5527906,17.257757,0.0,0.0,0.0,0.0,2.9748844906074465,0.0,0.0,2.704077014847362,0.0,0.0,2.704077014847362,2.704077014847362,2.3315301435691227,2.3315301435691227,1.7310961229939337,3.1877648893227004,4.117555132953301,3.1877648893227004,2.9748844906074465,3.3631853553485813,2.9748844906074465,0.0,3.642173547596456,0.0,0.0,0.0,0.0,-1.9513796755930652,Homeostatic
CON2_TACGGTTAGGCGCTTA-1,CON2,CON,Microglia,16,1143,1723,0.17411491584445735,5.8416862,17.020157,0.0,0.0,0.0,0.0,2.534304649529001,0.0,0.0,0.0,0.0,0.0,1.9174857665438987,1.9174857665438987,1.9174857665438987,1.9174857665438987,1.9174857665438987,2.534304649529001,4.171955636017054,3.859268522449337,0.0,0.0,2.534304649529001,0.0,2.9129750123022737,0.0,0.0,0.0,0.0,-1.4794073969680084,Intermediate
CON2_TAGGTGCGTGCCTCAC-1,CON2,CON,Microglia,16,920,1320,0.0,6.097694,16.952477,0.0,0.0,0.0,0.0,2.7827248201472274,0.0,0.0,0.0,0.0,0.0,2.7827248201472274,2.7827248201472274,2.7827248201472274,2.1496088559151056,2.1496088559151056,2.7827248201472274,4.237484997362737,2.1496088559151056,2.1496088559151056,2.1496088559151056,3.6611871802417415,0.0,3.9902888978490676,2.7827248201472274,2.1496088559151056,0.0,0.0,-1.8224571380821413,Intermediate
CON2_TAGTAACGTTACGCAA-1,CON2,CON,Microglia,24,1395,2301,4.91090830073881,10.4615,8.338498,0.0,0.0,0.0,0.0,0.0,0.0,0.0,0.0,0.0,0.0,0.0,1.6766901394432678,0.0,1.6766901394432678,0.0,0.0,2.271677555530969,0.0,0.0,0.0,0.0,0.0,0.0,0.0,0.0,0.0,0.0,-0.36456979729922057,DAM-like
CON2_TATGGCCCAAGTGTTT-1,CON2,CON,Microglia,16,1243,1907,0.1048767697954903,6.120135,16.784983,0.0,0.0,0.0,0.0,2.4412748938350806,0.0,0.0,1.831595135850756,0.0,0.0,2.4412748938350806,0.0,2.4412748938350806,0.0,2.4412748938350806,2.4412748938350806,3.9785293060498397,3.089921550795242,0.0,2.8172940948366945,2.8172940948366945,0.0,2.8172940948366945,0.0,1.831595135850756,0.0,0.0,-1.4939355414000404,Intermediate
CON2_TCCATAAAGAAACTGG-1,CON2,CON,Microglia,16,766,1058,0.0,6.143023,16.90252,0.0,0.0,0.0,0.0,0.0,0.0,0.0,2.9917983395282937,0.0,0.0,2.347629004672164,2.347629004672164,0.0,3.3803895189171085,3.659526638224337,3.3803895189171085,3.659526638224337,3.877507948792549,0.0,2.347629004672164,3.3803895189171085,0.0,3.659526638224337,0.0,0.0,0.0,0.0,-2.3693578214967337,Homeostatic
CON2_TCCGGAATCCCGCAAA-1,CON2,CON,Microglia,16,1141,1716,0.8158508158508158,6.1793485,16.991877,0.0,0.0,0.0,0.0,3.7327178736674105,0.0,0.0,0.0,0.0,0.0,0.0,0.0,0.0,0.0,3.7327178736674105,2.538053314977434,4.413829053864817,3.4057712103265363,2.916825284344382,3.8632538200596365,2.916825284344382,0.0,3.190888747193196,2.538053314977434,0.0,0.0,0.0,-2.686277336069812,Homeostatic
CON2_TCCTAGTGTGGTTAGC-1,CON2,CON,Microglia,26,847,1163,0.4299226139294927,7.105945,14.346771,2.901251500341789,0.0,0.0,0.0,0.0,0.0,0.0,0.0,0.0,0.0,2.261601864496068,2.261601864496068,3.5665369210706204,0.0,0.0,2.261601864496068,0.0,0.0,0.0,0.0,0.0,0.0,3.5665369210706204,0.0,2.901251500341789,0.0,0.0,0.5627607015844949,DAM-like
CON2_TCGGTAAGTGGTTATG-1,CON2,CON,Microglia,6,237,299,1.3377926421404682,0.70506287,0.7394616,0.0,0.0,0.0,0.0,0.0,0.0,0.0,0.0,0.0,0.0,0.0,0.0,0.0,3.5393585087351154,0.0,0.0,0.0,0.0,0.0,0.0,0.0,0.0,0.0,0.0,0.0,0.0,0.0,-0.4424198135918894,DAM-like
CON2_TCTCAAGCAATATAGG-1,CON2,CON,Microglia,16,782,1039,0.192492781520693,6.05918,16.204815,3.008119146105793,0.0,0.0,0.0,0.0,0.0,0.0,0.0,0.0,0.0,2.363175744919124,2.363175744919124,2.363175744919124,0.0,3.008119146105793,3.008119146105793,3.39698576618412,2.363175744919124,0.0,2.363175744919124,3.89433133425102,0.0,2.363175744919124,2.363175744919124,0.0,0.0,0.0,-1.4774963310134552,Intermediate
CON2_TCTGTGACAAGGGTTG-1,CON2,CON,Microglia,2,2123,4005,0.09987515605493133,-4.6425705,-0.5152161,0.0,0.0,0.0,0.0,0.0,0.0,0.0,0.0,0.0,0.0,0.0,0.0,1.2522275123632034,0.0,1.2522275123632034,0.0,1.2522275123632034,0.0,0.0,0.0,0.0,1.2522275123632034,0.0,1.2522275123632034,0.0,0.0,0.0,-0.2167316848320929,DAM-like
CON2_TGGACGGAGGATTGAG-1,CON2,CON,Microglia,16,691,879,0.0,6.406709,15.832829,0.0,0.0,0.0,0.0,0.0,0.0,0.0,0.0,0.0,0.0,0.0,2.5158047067359055,3.1677142504441984,0.0,2.5158047067359055,3.559046722509492,3.839586865053683,2.5158047067359055,0.0,2.5158047067359055,0.0,0.0,0.0,0.0,2.5158047067359055,0.0,0.0,-1.4310621975344304,Intermediate
CON2_TGGCTATAGCCTGTTC-1,CON2,CON,Microglia,17,3454,9358,0.04274417610600555,-1.4054949,-5.5891066,0.0,0.0,0.0,0.0,0.0,0.0,0.0,0.0,0.0,0.0,0.0,0.0,1.143333489091017,0.0,0.7268741782828723,0.7268741782828723,0.0,0.0,0.0,0.0,0.0,1.6628682676936317,0.0,0.0,0.7268741782828723,0.7268741782828723,0.0,-0.09376981464063984,DAM-like
CON2_TGTATCGCATAAGGAC-1,CON2,CON,Microglia,16,1734,3001,0.13328890369876709,5.6860013,17.240799,0.0,0.0,0.0,0.0,2.3978952727983707,0.0,0.0,2.8716796248840124,1.4663370687934272,0.0,2.03688192726104,3.3202283191284883,2.8716796248840124,1.4663370687934272,3.044522437723423,3.044522437723423,4.110873864173311,4.164077900236776,1.4663370687934272,2.3978952727983707,3.628775530044231,0.0,3.1918471524802814,2.3978952727983707,0.0,0.0,0.0,-1.7642867869396945,Intermediate
CON2_TGTTATGAGTTATCCT-1,CON2,CON,Microglia,16,1578,2811,0.0711490572749911,5.522504,17.451326,0.0,0.0,0.0,0.0,2.093702583831807,1.5167638849499019,0.0,2.093702583831807,0.0,0.0,1.5167638849499019,2.933179210422779,1.5167638849499019,2.7232547869879067,3.497024875325862,2.933179210422779,3.6921735601155152,3.855386773012915,2.4572235330968035,1.5167638849499019,2.933179210422779,0.0,2.7232547869879067,2.093702583831807,0.0,0.0,0.0,-2.05326353445057,Homeostatic
CON2_TTACGTTTCGGGCCAT-1,CON2,CON,Microglia,2,3133,7482,0.040096230954290296,-4.2953506,-2.5447078,0.0,0.0,0.0,0.0,0.0,0.0,0.0,0.0,0.0,0.0,0.0,0.0,0.0,0.0,1.3010311089836284,0.0,0.0,0.0,0.0,0.0,0.0,2.199360759723985,0.0,0.0,0.0,0.8486716442323419,0.0,-0.16262888862295355,DAM-like
CON2_TTGACTAAGACAAAGT-1,CON2,CON,Microglia,2,3046,5742,0.19157088122605362,-3.7057068,-1.5988524,0.0,0.0,0.0,0.0,1.0085247180213863,0.0,0.0,0.0,0.0,0.0,1.0085247180213863,1.0085247180213863,1.0085247180213863,1.0085247180213863,1.5003163175283138,1.0085247180213863,2.437930408952439,1.828518886175733,1.5003163175283138,0.0,2.5795252465523624,1.828518886175733,1.5003163175283138,1.828518886175733,0.0,1.0085247180213863,0.0,-1.1726417787447576,DAM-like
CON2_TTGGATATCTTGACCC-1,CON2,CON,Microglia,16,957,1506,0.0,6.079216,16.795145,0.0,0.0,0.0,0.0,2.6588748365906327,0.0,0.0,0.0,0.0,0.0,0.0,2.6588748365906327,0.0,0.0,2.0334115090634,2.6588748365906327,4.4695953485756466,3.0407208745060754,0.0,2.0334115090634,3.0407208745060754,0.0,3.532241176360194,0.0,0.0,0.0,0.0,-1.750534201870364,Intermediate
CON2_TTGTAAGTCACCGGTA-1,CON2,CON,Microglia,16,1383,2346,0.08525149190110827,5.606119,17.350073,0.0,0.0,0.0,0.0,2.2539355838938624,0.0,0.0,1.6606203737404206,0.0,0.0,1.6606203737404206,0.0,0.0,0.0,2.2539355838938624,3.1051637753789514,3.1051637753789514,2.893162215402461,0.0,1.6606203737404206,3.279987765867281,0.0,2.893162215402461,0.0,0.0,0.0,0.0,-1.6083944684096867,Intermediate
CON2_TTTGTCTAGGTTAGCT-1,CON2,CON,Microglia,4,1424,2449,0.32666394446712943,12.985328,-0.8210871,0.0,1.6269452488820455,0.0,0.0,0.0,0.0,0.0,0.0,0.0,0.0,0.0,0.0,0.0,0.0,1.6269452488820455,0.0,0.0,0.0,0.0,0.0,0.0,0.0,0.0,0.0,0.0,0.0,0.0,-0.07821852158086756,DAM-like
CFA1_AAGGAAGCAATTAGCT-1,CFA1,CFA,Microglia,16,1187,1853,0.10793308148947653,5.8283978,17.142376,0.0,0.0,0.0,0.0,0.0,0.0,0.0,0.0,0.0,0.0,1.8557750527941406,0.0,0.0,0.0,2.8443256218019695,1.8557750527941406,4.337985362829162,0.0,2.8443256218019695,1.8557750527941406,3.1173575316508577,0.0,1.8557750527941406,2.4675322645847926,1.8557750527941406,0.0,0.0,-1.9641911033210189,Homeostatic
CFA1_ACAAACTGTTTGGTTC-1,CFA1,CFA,Microglia,16,1241,2076,0.04816955684007707,6.258311,16.432968,0.0,0.0,0.0,0.0,0.0,0.0,0.0,1.7607770465409502,0.0,0.0,0.0,1.7607770465409502,0.0,0.0,2.73766512164114,0.0,2.73766512164114,2.73766512164114,0.0,1.7607770465409502,3.2222612247315086,0.0,2.3640480802736126,0.0,0.0,0.0,0.0,-1.3786154281335694,Intermediate
CFA1_ACATTGCAGATACTTG-1,CFA1,CFA,Microglia,15,3099,6734,0.44550044550044554,-11.351582,6.2656994,0.9102732571345241,0.0,0.0,0.0,1.9373026304269838,0.0,0.0,1.6965334359674604,0.0,0.0,0.9102732571345241,1.3787668428103985,1.3787668428103985,1.6965334359674604,2.433175574940355,1.9373026304269838,3.424263622020361,2.763170437232305,0.9102732571345241,2.555676643036953,2.8527285214507243,0.0,1.9373026304269838,2.1312043575445565,0.0,0.9102732571345241,0.0,-1.6899546486389552,Intermediate
CFA1_ACGTCAAGTACCCACC-1,CFA1,CFA,Microglia,4,1521,2873,0.17403411068569438,14.170103,-3.613291,3.0857600387717,0.0,0.0,1.4997753146803448,0.0,0.0,0.0,0.0,0.0,0.0,0.0,0.0,0.0,0.0,1.4997753146803448,0.0,0.0,0.0,0.0,0.0,0.0,0.0,0.0,0.0,0.0,0.0,0.0,0.16526157439203729,DAM-like
CFA1_ACTTCGCTCCGTTATT-1,CFA1,CFA,Microglia,16,1259,2170,0.1382488479262673,5.75717,17.410437,0.0,0.0,0.0,0.0,2.3240128560758517,0.0,0.0,1.7242467394470675,0.0,0.0,2.3240128560758517,0.0,2.3240128560758517,2.6963071736985667,1.7242467394470675,2.3240128560758517,4.0306863498636005,2.9669819002061004,2.6963071736985667,3.179780449481933,3.355145400728878,0.0,1.7242467394470675,0.0,0.0,0.0,0.0,-2.2027384817327915,Homeostatic
CFA1_AGAAACCCAGTTAAAG-1,CFA1,CFA,Microglia,4,1640,2984,0.23458445040214476,14.181525,-3.05584,4.000387354138086,0.0,0.0,1.4704531478707756,0.0,0.0,0.0,0.0,0.0,0.0,0.0,0.0,0.0,0.0,0.0,1.4704531478707756,0.0,0.0,0.0,0.0,0.0,0.0,0.0,1.4704531478707756,0.0,0.0,0.0,0.2370272412860655,DAM-like
CFA1_AGATGAAGTGGACATC-1,CFA1,CFA,Microglia,30,2495,5283,0.3217868635245126,1.468329,-7.2278867,0.0,0.0,0.0,0.0,0.0,0.0,0.0,0.0,0.0,0.0,0.0,0.0,1.5656381149417213,0.0,1.0622469813635205,0.0,0.0,0.0,0.0,0.0,0.0,1.0622469813635205,0.0,1.0622469813635205,0.0,1.0622469813635205,0.0,-0.01234717152107688,DAM-like
CFA1_AGATGCTTCCTCATGC-1,CFA1,CFA,Microglia,16,1829,3325,0.09022556390977443,5.6098948,16.624166,3.093431940755697,0.0,0.0,1.3881722959440908,2.567260161493852,0.0,1.3881722959440908,1.3881722959440908,0.0,0.0,0.0,2.567260161493852,2.304838191956955,0.0,2.304838191956955,1.94805607262559,3.528790122719095,2.304838191956955,2.567260161493852,2.304838191956955,1.3881722959440908,0.0,1.94805607262559,1.3881722959440908,0.0,0.0,0.0,-0.9127870502330226,DAM-like
CFA1_AGCGTGCTCCTTGCAC-1,CFA1,CFA,Microglia,24,1667,3170,0.1892744479495268,10.447112,8.347777,1.4242099278660003,0.0,0.0,0.0,0.0,0.0,0.0,1.4242099278660003,0.0,0.0,0.0,0.0,0.0,1.4242099278660003,0.0,0.0,0.0,0.0,0.0,0.0,0.0,0.0,0.0,1.9891267505550956,1.4242099278660003,0.0,0.0,0.04108297868844232,DAM-like
CFA1_AGGAACCAGTTTGCGG-1,CFA1,CFA,Microglia,16,1106,1675,0.23880597014925373,5.8823276,17.353054,0.0,0.0,0.0,0.0,2.939714560930173,0.0,0.0,0.0,0.0,0.0,0.0,0.0,0.0,2.939714560930173,0.0,2.5603463573895757,4.4377225367786535,3.429160940290802,1.9416366382779313,3.214088263359828,2.5603463573895757,0.0,1.9416366382779313,1.9416366382779313,0.0,0.0,0.0,-2.409245067499746,Homeostatic
CFA1_AGGGTTGCAACCCTCC-1,CFA1,CFA,Microglia,22,959,1495,0.0,12.810361,5.5594053,0.0,0.0,0.0,0.0,0.0,0.0,0.0,0.0,0.0,0.0,0.0,0.0,0.0,0.0,0.0,2.0403680733749243,0.0,0.0,0.0,0.0,0.0,0.0,0.0,0.0,0.0,0.0,0.0,-0.25504600917186554,DAM-like
CFA1_ATACCTGCAATTGCGC-1,CFA1,CFA,Microglia,16,1665,3050,0.03278688524590164,5.8487406,17.25486,0.0,0.0,0.0,0.0,2.6475253337941127,0.0,0.0,2.6475253337941127,0.0,0.0,2.383177640647738,2.0228087165474897,0.0,1.4538978344739921,2.6475253337941127,1.4538978344739921,3.5203909352560947,3.41831256811413,2.0228087165474897,0.0,3.3046171270415003,0.0,2.6475253337941127,1.4538978344739921,0.0,0.0,0.0,-1.4814476764216291,Intermediate
CFA1_ATGACTCAGGCTATGT-1,CFA1,CFA,Microglia,30,2823,6926,0.20213687554143808,1.5161382,-7.2984796,0.0,0.0,0.0,0.0,0.0,0.0,0.0,0.0,0.0,0.0,0.0,0.0,0.8935684552676839,0.0,1.3578099165768127,0.0,0.0,0.0,0.0,0.0,0.0,0.8935684552676839,0.0,0.0,0.0,0.0,1.3578099165768127,-0.10099020455151052,DAM-like
CFA1_ATGATGGAGTTTCCTG-1,CFA1,CFA,Microglia,16,1199,1771,0.4517221908526256,5.573464,16.507149,2.8870095652208043,0.0,0.0,0.0,1.8940945206296471,0.0,0.0,0.0,0.0,0.0,0.0,0.0,2.509034450163413,0.0,3.375285788132855,2.509034450163413,3.5518896398646236,2.509034450163413,2.509034450163413,2.8870095652208043,3.1606579600490594,0.0,1.8940945206296471,1.8940945206296471,0.0,0.0,0.0,-2.0019634005840152,Homeostatic
CFA1_ATGTTCAAGTGGACAA-1,CFA1,CFA,Microglia,7,201,243,11.522633744855968,6.3627725,2.768159,0.0,0.0,0.0,0.0,0.0,0.0,0.0,0.0,0.0,0.0,0.0,0.0,0.0,3.7412883810959863,3.7412883810959863,0.0,0.0,0.0,3.7412883810959863,0.0,0.0,0.0,0.0,0.0,0.0,0.0,0.0,-1.402983142910995,Intermediate
CFA1_ATTGACTCAGTATGTT-1,CFA1,CFA,Microglia,16,1328,2265,0.35320088300220753,5.572086,17.040878,1.6891749187754552,0.0,0.0,0.0,3.1387521720496734,0.0,0.0,0.0,0.0,0.0,2.2854411798386685,2.656408292452806,0.0,1.6891749187754552,3.1387521720496734,2.656408292452806,4.067232726921769,3.707090112393444,3.3138247112381145,2.2854411798386685,3.462765158965808,0.0,1.6891749187754552,1.6891749187754552,1.6891749187754552,0.0,0.0,-2.288564884993575,Homeostatic
CFA1_CAAGAACCATACTCCT-1,CFA1,CFA,Microglia,16,1345,2252,0.13321492007104796,5.702032,16.986303,1.693870478693085,0.0,0.0,0.0,0.0,0.0,0.0,1.693870478693085,0.0,0.0,0.0,1.693870478693085,1.693870478693085,0.0,3.144259457346873,2.290613181935603,3.597968995181828,3.468341297992867,2.9318329796834717,2.290613181935603,2.661761346545332,0.0,2.9318329796834717,2.290613181935603,0.0,0.0,0.0,-2.026982888556748,Homeostatic
CFA1_CACCTCAGTTATCCTA-1,CFA1,CFA,Microglia,26,1935,3899,0.4616568350859195,6.8353524,14.93067,4.176974348572295,0.0,0.0,0.0,2.1633466275439694,0.0,0.0,1.2716506431585153,1.2716506431585153,0.0,1.2716506431585153,2.62710587787807,2.4218728139763854,0.0,3.375335365531156,0.0,2.62710587787807,2.9427083135100203,0.0,1.8137606951335201,0.0,0.0,2.1633466275439694,0.0,0.0,0.0,0.0,-0.17530596631842177,DAM-like
CFA1_CACCTGTTCTTAATGG-1,CFA1,CFA,Microglia,16,1360,2249,0.22232103156958646,5.455616,17.092777,1.695321726323938,0.0,0.0,0.0,2.292211184900219,0.0,0.0,1.695321726323938,0.0,0.0,1.695321726323938,3.1459606805689115,1.695321726323938,1.695321726323938,2.9335160833731875,2.292211184900219,3.470063712917053,2.9335160833731875,0.0,3.3210854742831843,2.66341509378342,0.0,2.66341509378342,2.292211184900219,0.0,0.0,0.0,-1.4736828028873594,Intermediate
CFA1_CATCAGCCATAATCAC-1,CFA1,CFA,Microglia,16,1328,2287,0.5684302579798863,5.5673923,17.549015,0.0,0.0,0.0,1.68130087784479,2.276762633797135,0.0,0.0,1.68130087784479,0.0,0.0,0.0,1.68130087784479,0.0,2.276762633797135,3.3045118212418645,2.276762633797135,3.5829722214778648,2.647423757392263,2.276762633797135,3.12950685916701,2.647423757392263,0.0,2.647423757392263,2.647423757392263,0.0,0.0,0.0,-2.204637692270795,Homeostatic
CFA1_CCAACATAGGCGGATG-1,CFA1,CFA,Microglia,16,1105,1666,0.7202881152460985,5.787158,17.405893,0.0,0.0,0.0,0.0,2.9448180063345912,0.0,0.0,2.9448180063345912,0.0,0.0,1.946253084586795,2.9448180063345912,1.946253084586795,2.9448180063345912,3.611307181796316,2.9448180063345912,4.290854041702664,3.8922122148333407,3.219259904761539,2.9448180063345912,2.5653186677787247,0.0,3.4343743811974323,0.0,0.0,0.0,0.0,-2.3226788161824405,Homeostatic
CFA1_CCCGTAAAGCATTATG-1,CFA1,CFA,Microglia,16,1109,1702,0.4700352526439483,6.2511816,16.605225,0.0,0.0,0.0,0.0,1.927955737214862,0.0,0.0,1.927955737214862,0.0,0.0,0.0,1.927955737214862,1.927955737214862,0.0,2.9245757402245185,0.0,3.7407146110681513,2.5456003920468335,0.0,2.5456003920468335,0.0,0.0,3.1987450591341466,1.927955737214862,0.0,0.0,0.0,-0.876344242011027,DAM-like
CFA1_CCCGTAAAGGGTCTAT-1,CFA1,CFA,Microglia,16,1924,3962,0.8581524482584554,5.454063,17.229527,2.1484933042477503,0.0,0.0,0.0,1.7997202939413481,0.0,0.0,1.7997202939413481,1.2595904052718505,0.0,0.0,1.7997202939413481,1.7997202939413481,1.7997202939413481,2.1484933042477503,2.926802499521078,3.592800427585953,2.781540208743977,2.611531146868541,2.4065766761295224,2.611531146868541,0.0,2.926802499521078,2.1484933042477503,0.0,2.4065766761295224,0.0,-1.7939540871971855,Intermediate
CFA1_CCTAAGCCAAACAACA-1,CFA1,CFA,Microglia,16,1295,1974,0.4052684903748734,6.10837,16.682291,0.0,0.0,0.0,0.0,1.8030988876942282,0.0,0.0,1.8030988876942282,0.0,0.0,2.4102591998746514,3.2711691259247426,0.0,0.0,1.8030988876942282,2.4102591998746514,3.2711691259247426,2.4102591998746514,0.0,1.8030988876942282,2.4102591998746514,0.0,0.0,0.0,0.0,0.0,0.0,-1.0490852856026942,DAM-like
CFA1_CCTGATGAGAGAGGAG-1,CFA1,CFA,Microglia,16,817,1075,0.18604651162790697,6.148944,16.672527,0.0,0.0,0.0,0.0,2.3323696543515733,0.0,0.0,2.975766842308293,0.0,0.0,2.3323696543515733,2.3323696543515733,0.0,2.3323696543515733,3.3640829758171487,2.3323696543515733,3.8609744791240597,4.191414995957437,0.0,0.0,2.3323696543515733,0.0,2.3323696543515733,2.3323696543515733,0.0,0.0,0.0,-1.534553384023939,Intermediate
CFA1_CCTTAACGTACCGTAA-1,CFA1,CFA,Microglia,16,1020,1496,0.4010695187165776,6.14467,16.825697,0.0,2.039204269224438,0.0,0.0,2.6650719917609047,0.0,0.0,0.0,0.0,0.0,0.0,0.0,2.039204269224438,0.0,0.0,2.039204269224438,3.866846624526805,3.047065674089151,0.0,0.0,3.3228021574968136,0.0,2.6650719917609047,2.039204269224438,0.0,0.0,0.0,-1.0157605691125524,DAM-like
CFA1_CCTTCAGGTAGTTAAC-1,CFA1,CFA,Microglia,16,1409,2303,1.8671298306556665,6.256642,16.636503,0.0,0.0,0.0,0.0,3.297796957888586,0.0,0.0,1.6756305142394838,0.0,0.0,1.6756305142394838,2.2705085777272727,1.6756305142394838,2.6409474843340175,0.0,2.2705085777272727,3.297796957888586,2.2705085777272727,0.0,2.6409474843340175,1.6756305142394838,0.0,2.9106453846846545,0.0,0.0,0.0,0.0,-1.0345272896594615,DAM-like
CFA1_CGCAATAGTTCCGGCT-1,CFA1,CFA,Microglia,16,1281,2164,2.1256931608133085,5.8757334,17.19751,0.0,0.0,0.0,0.0,3.1828772843309556,0.0,0.0,1.7269024096653776,0.0,0.0,1.7269024096653776,2.970046912225867,2.326928084806615,0.0,3.1828772843309556,2.699320576571291,4.433405743687158,4.033860071594692,2.326928084806615,2.326928084806615,3.507431302198639,0.0,3.358263820472134,2.326928084806615,0.0,0.0,0.0,-1.8958702703691732,Intermediate
CFA1_CGTTTGTGTTCGCTTG-1,CFA1,CFA,Microglia,5,233,273,9.89010989010989,4.4593406,-1.6283243,0.0,0.0,0.0,0.0,0.0,0.0,0.0,0.0,0.0,0.0,0.0,3.6278025780313037,0.0,3.6278025780313037,0.0,0.0,0.0,0.0,0.0,0.0,0.0,0.0,0.0,0.0,0.0,0.0,0.0,-0.1744135854822742,DAM-like
CFA1_CTGTATTTCGTAACGT-1,CFA1,CFA,Microglia,16,990,1521,0.39447731755424065,6.201704,16.816113,0.0,0.0,0.0,0.0,3.031285977097592,0.0,0.0,2.0248034437787608,0.0,0.0,2.0248034437787608,2.649661189338292,0.0,2.0248034437787608,2.649661189338292,3.031285977097592,4.20089766035627,2.649661189338292,2.649661189338292,2.0248034437787608,3.7000105666645866,0.0,3.031285977097592,0.0,0.0,0.0,0.0,-2.1178439244618636,Homeostatic
CFA1_CTTGTAAAGGAAGCTA-1,CFA1,CFA,Microglia,6,539,860,0.6976744186046512,1.3656914,-0.020134503,0.0,0.0,0.0,0.0,0.0,0.0,0.0,0.0,0.0,0.0,0.0,0.0,0.0,0.0,3.18865633930721,0.0,0.0,0.0,0.0,0.0,0.0,0.0,0.0,0.0,0.0,0.0,0.0,-0.3985820424134012,DAM-like
CFA1_GAACTTATCCTCACAC-1,CFA1,CFA,Microglia,16,1306,2286,0.043744531933508315,5.53212,17.444002,0.0,0.0,0.0,0.0,2.277155113252243,0.0,0.0,2.277155113252243,0.0,0.0,1.6816568373691168,1.6816568373691168,1.6816568373691168,0.0,3.3049331160665445,2.6478301343627186,4.131035551186779,3.6980888853251095,2.277155113252243,0.0,2.9176524966300583,0.0,2.9176524966300583,0.0,0.0,0.0,0.0,-1.6336807014404824,Intermediate
CFA1_GAGTTTGGTCATAAGT-1,CFA1,CFA,Microglia,16,1074,1503,0.5322687957418496,5.9805784,16.551981,2.035144760143036,0.0,0.0,0.0,2.035144760143036,0.0,0.0,0.0,0.0,0.0,0.0,2.035144760143036,2.035144760143036,0.0,2.660729349512414,2.035144760143036,3.8622762960908688,3.0426196686211284,0.0,0.0,3.0426196686211284,0.0,0.0,0.0,0.0,0.0,0.0,-1.2042253301372532,DAM-like
CFA1_GATAGACCAGCCTAAC-1,CFA1,CFA,Microglia,16,1209,1900,0.15789473684210525,6.0458126,16.906597,0.0,0.0,0.0,0.0,0.0,0.0,1.834684513945089,0.0,0.0,0.0,0.0,1.834684513945089,2.4446327506500602,1.834684513945089,2.4446327506500602,0.0,3.6334223785546063,3.307464903999448,1.834684513945089,3.763645104686629,0.0,0.0,1.834684513945089,3.093431940755697,0.0,0.0,0.0,-1.6320089416041352,Intermediate
CFA1_GATCAAGAGGCATGTT-1,CFA1,CFA,Microglia,16,1172,1785,0.16806722689075632,5.5253196,16.769491,1.887409121156492,0.0,0.0,0.0,2.501803244337803,0.0,0.0,1.887409121156492,0.0,0.0,2.501803244337803,0.0,1.887409121156492,2.501803244337803,3.5442422013245514,3.153119008221797,3.8246754374788865,3.36768211680924,0.0,2.8795760651567694,2.501803244337803,0.0,2.501803244337803,0.0,0.0,0.0,0.0,-1.9011639068510422,Intermediate
CFA1_GCACTTACAAGATTCT-1,CFA1,CFA,Microglia,4,1629,2698,1.8532246108228319,13.019214,-0.7372102,1.548933742962694,0.0,0.0,0.0,0.0,0.0,0.0,0.0,0.0,0.0,0.0,0.0,0.0,0.0,1.548933742962694,0.0,0.0,0.0,0.0,0.0,0.0,0.0,0.0,0.0,0.0,0.0,0.0,-0.07446796841166797,DAM-like
CFA1_GCCAATTAGTCATTAG-1,CFA1,CFA,Microglia,16,1215,1874,1.0672358591248665,6.05991,16.93166,0.0,0.0,0.0,0.0,0.0,0.0,0.0,1.8462759520322531,0.0,0.0,2.4572235330968035,1.8462759520322531,2.4572235330968035,0.0,2.8337154466212113,3.106589925446839,3.646839402161018,3.3207425174403924,2.4572235330968035,2.8337154466212113,0.0,0.0,2.8337154466212113,0.0,0.0,0.0,0.0,-1.6127764400574256,Intermediate
CFA1_GCCTATTGTTGTAAAC-1,CFA1,CFA,Microglia,16,1097,1661,0.12040939193257075,5.794068,17.215729,0.0,0.0,0.0,0.0,1.948830109907038,0.0,0.0,0.0,0.0,0.0,3.4372833141856165,2.5680935779276832,1.948830109907038,2.9476658089198615,3.4372833141856165,3.222145608754195,4.372810606701011,3.614231809664847,1.948830109907038,3.7645268359347748,2.9476658089198615,0.0,3.614231809664847,0.0,0.0,0.0,0.0,-2.5201229023405256,Homeostatic
CFA1_GGAACGGTCAAACTCA-1,CFA1,CFA,Microglia,24,2004,3954,1.2392513909964593,10.441215,8.402806,0.0,0.0,0.0,0.0,0.0,0.0,0.0,1.80140759977689,0.0,0.0,0.0,0.0,0.0,1.2610384807686197,0.0,0.0,1.2610384807686197,0.0,0.0,0.0,0.0,0.0,0.0,0.0,0.0,0.0,0.0,-0.17668980482470184,DAM-like
CFA1_GGACGGATCTTTGAGA-1,CFA1,CFA,Microglia,16,1067,1603,1.0605115408608858,5.847084,17.14296,0.0,0.0,0.0,0.0,0.0,0.0,0.0,1.9793868117379925,0.0,0.0,1.9793868117379925,0.0,0.0,0.0,2.6009553203074236,2.981375179168107,4.149196188640091,2.6009553203074236,0.0,2.981375179168107,2.6009553203074236,0.0,2.6009553203074236,2.6009553203074236,0.0,0.0,0.0,-1.934830515527631,Homeostatic
CFA1_GGCTGGTTCTAAATCG-1,CFA1,CFA,Microglia,6,1284,3036,0.1976284584980237,0.6579625,-0.6200487,0.0,1.4571739014419316,0.0,0.0,0.0,0.0,0.0,0.0,0.0,0.0,0.0,1.4571739014419316,1.4571739014419316,0.0,2.0265173501110425,0.0,1.4571739014419316,0.0,0.0,0.0,0.0,0.0,0.0,0.0,0.0,0.0,0.0,-0.09919050611136837,DAM-like
CFA1_GGGATAATCATAGCCG-1,CFA1,CFA,Microglia,7,371,502,15.338645418326694,7.711456,1.4021404,0.0,0.0,0.0,0.0,0.0,0.0,0.0,0.0,0.0,0.0,0.0,0.0,0.0,0.0,3.0407208745060754,0.0,0.0,0.0,0.0,0.0,0.0,0.0,0.0,0.0,0.0,0.0,0.0,-0.3800901093132594,DAM-like
CFA1_GGTATGTTCCTGGTCT-1,CFA1,CFA,Microglia,16,1213,1918,0.0,6.0272813,17.091131,0.0,0.0,0.0,0.0,0.0,0.0,0.0,2.811887137515748,0.0,0.0,2.436025240579954,2.436025240579954,0.0,1.8267668858635406,3.624243604639143,2.811887137515748,3.474527952556975,3.0844323524897215,0.0,3.0844323524897215,2.436025240579954,0.0,1.8267668858635406,0.0,0.0,0.0,0.0,-1.9517173162533386,Homeostatic
CFA1_GGTCTTGAGGCAGGTG-1,CFA1,CFA,Microglia,16,883,1280,0.546875,6.190588,16.82707,0.0,0.0,0.0,0.0,2.810907586541918,0.0,0.0,3.1961188377455847,0.0,0.0,0.0,2.810907586541918,0.0,2.810907586541918,3.1961188377455847,2.176171168138387,4.151039905898646,3.1961188377455847,2.176171168138387,3.1961188377455847,3.6904407346808887,0.0,2.810907586541918,0.0,0.0,0.0,0.0,-2.3958332683617245,Homeostatic
CFA1_GGTTAGCGTTGTCATC-1,CFA1,CFA,Microglia,16,1007,1438,0.27816411682892905,5.488541,16.684626,2.0736878861942696,0.0,0.0,0.0,2.701911788970473,0.0,0.0,0.0,0.0,0.0,0.0,2.0736878861942696,0.0,0.0,4.152407887682532,0.0,4.436150585174641,3.577123939625819,0.0,3.3609450749394356,3.084764093007191,0.0,2.701911788970473,2.0736878861942696,0.0,0.0,0.0,-1.7995556736030092,Intermediate
CFA1_GTCATGAGTAAGCTCA-1,CFA1,CFA,Microglia,16,1560,2952,1.321138211382114,5.6462245,17.418072,0.0,0.0,0.0,0.0,1.478767309637108,0.0,0.0,2.4125690503955535,0.0,0.0,1.478767309637108,2.6776003063820424,0.0,2.6776003063820424,2.6776003063820424,3.0598896244944562,3.9476412399418765,3.807505254086996,1.478767309637108,2.8869029360783953,3.2073187838931383,0.0,3.0598896244944562,0.0,0.0,2.0509221719408375,0.0,-2.348849068108022,Homeostatic
CFA1_GTCATGAGTCTTACTA-1,CFA1,CFA,Microglia,16,1319,2006,1.5453639082751744,6.167275,16.799074,0.0,0.0,0.0,0.0,2.395172453907977,0.0,0.0,0.0,0.0,0.0,0.0,0.0,1.7892638352899075,0.0,3.2552164070007756,1.7892638352899075,4.107927534312069,2.395172453907977,2.395172453907977,2.395172453907977,2.7697806956840547,0.0,2.395172453907977,1.7892638352899075,0.0,0.0,0.0,-2.066583514697659,Homeostatic
CFA1_GTCCATTGTCAAGACC-1,CFA1,CFA,Microglia,15,3213,7425,0.7003367003367004,-11.350274,6.269888,2.3444570411705032,0.0,0.0,0.0,1.3066023214725306,0.0,0.0,1.8542968311323147,0.0,0.0,0.0,0.8530532719578243,1.6174862456169288,0.0,2.3444570411705032,1.3066023214725306,2.7609471472242957,2.3444570411705032,1.3066023214725306,1.3066023214725306,1.6174862456169288,0.0,1.3066023214725306,1.3066023214725306,0.0,0.0,0.0,-1.0098638656153545,DAM-like
CFA1_GTGAATCTCTTAGTGA-1,CFA1,CFA,Microglia,16,1330,2006,0.3988035892323031,5.847085,16.311527,3.431088465016576,0.0,0.0,0.0,1.7892638352899075,0.0,0.0,0.0,0.0,0.0,0.0,2.395172453907977,0.0,1.7892638352899075,3.041669775683372,1.7892638352899075,4.186704686559055,3.2552164070007756,0.0,2.395172453907977,3.431088465016576,0.0,3.2552164070007756,0.0,0.0,0.0,0.0,-1.9002378358654106,Intermediate
CFA1_GTGAGGAGTTCACCCA-1,CFA1,CFA,Microglia,16,1491,2524,0.8716323296354992,5.731225,17.32273,0.0,0.0,0.0,0.0,2.5564988616883437,0.0,0.0,2.824596436358863,0.0,0.0,2.1890883396603202,2.824596436358863,2.5564988616883437,0.0,3.3584550832706124,2.1890883396603202,4.225081891257728,3.3584550832706124,0.0,2.824596436358863,3.3584550832706124,0.0,2.824596436358863,0.0,1.6021182839229746,0.0,0.0,-1.4180142638088062,Intermediate
CFA1_GTTACCTGTTGTTCAC-1,CFA1,CFA,Microglia,4,2570,5614,1.4962593516209477,13.018675,-0.7883805,0.0,0.0,0.0,0.0,0.0,0.0,0.0,0.0,0.0,0.0,0.0,0.0,1.0232468372056946,0.0,0.0,2.095419958730868,0.0,0.0,0.0,0.0,0.0,0.0,0.0,0.0,0.0,0.0,0.0,-0.1832161996716897,DAM-like
CFA1_GTTCCCAGTCCACAAA-1,CFA1,CFA,Microglia,16,1449,2448,1.184640522875817,5.8328037,17.275143,0.0,0.0,0.0,0.0,2.2159301587100253,0.0,0.0,2.2159301587100253,0.0,0.0,1.626288602785956,2.584367443318638,0.0,2.584367443318638,3.2390628457881796,1.626288602785956,4.195086585908787,3.387597698490583,2.853008432745304,2.2159301587100253,2.2159301587100253,0.0,3.0645508379113395,0.0,0.0,0.0,0.0,-2.1248500397668306,Homeostatic
CFA1_GTTTACCGTGAGACTC-1,CFA1,CFA,Microglia,16,871,1170,0.4273504273504274,6.442489,16.358591,0.0,0.0,0.0,0.0,2.2562278642714446,0.0,0.0,2.2562278642714446,0.0,0.0,0.0,0.0,0.0,2.2562278642714446,2.2562278642714446,0.0,3.956653124444809,0.0,0.0,3.282452344969581,2.2562278642714446,0.0,2.8955813363371092,0.0,0.0,0.0,0.0,-1.4038616536599067,Intermediate
CFA1_TACGTAATCTCACAAA-1,CFA1,CFA,Microglia,24,2183,4328,1.5942698706099816,11.3747635,8.896877,1.726522408830883,0.0,0.0,0.0,0.0,0.0,0.0,0.0,0.0,0.0,0.0,0.0,0.0,0.0,0.0,1.1971101232142303,0.0,0.0,0.0,0.0,0.0,0.0,0.0,1.1971101232142303,0.0,0.0,0.0,-0.016829349337864702,DAM-like
CFA1_TACTCAAAGTGAGCGG-1,CFA1,CFA,Microglia,26,826,1184,0.33783783783783783,7.004909,14.763144,3.549151294951902,0.0,0.0,0.0,0.0,0.0,0.0,0.0,0.0,0.0,3.549151294951902,2.884347643292784,2.2455856490296404,0.0,0.0,2.2455856490296404,2.884347643292784,3.9449871809671224,0.0,0.0,0.0,0.0,2.2455856490296404,0.0,0.0,0.0,0.0,-0.19373152975917574,DAM-like
CFA1_TAGGCTGTCAATGTGC-1,CFA1,CFA,Microglia,16,1113,1685,0.5341246290801187,6.2923937,16.520254,0.0,0.0,0.0,0.0,3.4239763400398386,0.0,0.0,1.9370484687053595,0.0,0.0,0.0,1.9370484687053595,0.0,0.0,1.9370484687053595,2.5554027455779567,3.600852662175275,2.5554027455779567,2.5554027455779567,2.5554027455779567,1.9370484687053595,0.0,0.0,1.9370484687053595,0.0,0.0,0.0,-1.6506798206256466,Intermediate
CFA1_TAGGGTTTCATTGTTC-1,CFA1,CFA,Microglia,16,1194,1864,0.1609442060085837,6.3058767,16.725252,0.0,0.0,0.0,0.0,0.0,0.0,0.0,0.0,0.0,0.0,0.0,2.462116732362367,1.8507838885722314,1.8507838885722314,2.8387521296159437,3.1117015528065073,3.325900191609295,2.462116732362367,0.0,1.8507838885722314,1.8507838885722314,0.0,0.0,0.0,0.0,0.0,0.0,-1.8295911977881123,Intermediate
CFA1_TAGTCAATCTTTGACT-1,CFA1,CFA,Microglia,16,1128,1655,0.6042296072507553,6.298755,16.710878,0.0,0.0,0.0,0.0,1.9519342636586943,0.0,0.0,1.9519342636586943,0.0,0.0,2.571435365837564,0.0,0.0,1.9519342636586943,3.7680619266810087,2.571435365837564,4.014230519342302,4.297388161076618,1.9519342636586943,2.9510951051670635,1.9519342636586943,0.0,2.571435365837564,0.0,0.0,0.0,0.0,-2.4341514341616213,Homeostatic
CFA1_TAGTTTGAGCAACATC-1,CFA1,CFA,Microglia,26,1563,3121,0.03204101249599487,6.8754787,14.8685,3.4980603568095407,0.0,0.0,0.0,0.0,0.0,0.0,0.0,0.0,0.0,2.0028650419827856,0.0,2.362304327695668,0.0,0.0,2.0028650419827856,0.0,2.0028650419827856,0.0,0.0,0.0,0.0,2.626153924779351,0.0,0.0,1.436304781694552,0.0,0.10414756461876462,DAM-like
CFA1_TATCGCGAGCTTCTCA-1,CFA1,CFA,Microglia,16,938,1382,0.361794500723589,6.149846,16.786413,0.0,0.0,0.0,0.0,2.7390177212458298,0.0,0.0,3.6157561912306804,0.0,0.0,0.0,2.7390177212458298,0.0,0.0,2.108501434835454,2.7390177212458298,3.944514011376966,3.1227027547913986,0.0,2.7390177212458298,2.7390177212458298,0.0,2.108501434835454,2.108501434835454,0.0,0.0,0.0,-1.4745739872294066,Intermediate
CFA1_TCATGCCTCAAGCTAC-1,CFA1,CFA,Microglia,24,1288,2248,0.8896797153024912,11.491638,8.926022,3.7144396704373706,0.0,0.0,0.0,0.0,0.0,0.0,0.0,0.0,0.0,0.0,0.0,0.0,0.0,0.0,1.695321726323938,0.0,0.0,0.0,0.0,0.0,0.0,0.0,1.695321726323938,0.0,0.0,0.0,0.07381091270469012,DAM-like
CFA1_TCCCGTTAGTTTCCTG-1,CFA1,CFA,Microglia,16,1534,2682,0.33557046979865773,5.8097143,17.186459,0.0,0.0,0.0,0.0,0.0,0.0,0.0,0.0,0.0,0.0,1.5542091544863146,0.0,2.500946475469037,0.0,3.54333590504141,2.500946475469037,2.7679136319107873,1.5542091544863146,0.0,2.135666684336786,1.5542091544863146,0.0,2.500946475469037,1.5542091544863146,0.0,0.0,0.0,-1.4451000772582274,Intermediate
CFA1_TGAAGTGAGGCAACAA-1,CFA1,CFA,Microglia,16,868,1120,1.1607142857142858,6.3398495,15.833174,0.0,0.0,0.0,0.0,0.0,0.0,0.0,0.0,0.0,0.0,2.295416603515433,2.9368917735310576,0.0,0.0,2.295416603515433,2.9368917735310576,3.6031659358399066,3.3245220140031875,0.0,0.0,2.295416603515433,0.0,2.9368917735310576,0.0,0.0,0.0,0.0,-1.4044413565278202,Intermediate
CFA1_TGGCCATCACCAACCG-1,CFA1,CFA,Microglia,16,1393,2232,0.08960573476702509,5.682257,17.134098,0.0,0.0,0.0,0.0,1.7015237970548305,0.0,0.0,2.299037795769459,0.0,0.0,0.0,2.299037795769459,2.299037795769459,1.7015237970548305,3.7218463841975225,1.7015237970548305,4.003462781602863,3.477419401179406,1.7015237970548305,2.9407046330635422,3.7218463841975225,0.0,2.670478806889108,0.0,0.0,0.0,0.0,-2.209797742359268,Homeostatic
CFA1_TGGTTCTGTGGGAACA-1,CFA1,CFA,Microglia,4,1703,3066,0.228310502283105,14.021747,-3.5778282,3.6075979385562182,0.0,0.0,0.0,0.0,0.0,0.0,0.0,0.0,0.0,0.0,0.0,1.4496396559689362,0.0,1.4496396559689362,0.0,0.0,0.0,0.0,0.0,0.0,0.0,0.0,0.0,1.4496396559689362,0.0,0.0,0.2078133195058179,DAM-like
CFA1_TGTTAGCAGAGGCTAA-1,CFA1,CFA,Microglia,24,1482,2475,0.6868686868686869,10.514966,8.358864,1.6174862456169288,0.0,0.0,0.0,0.0,0.0,0.0,1.6174862456169288,1.6174862456169288,0.0,0.0,1.6174862456169288,0.0,1.6174862456169288,0.0,0.0,0.0,0.0,0.0,0.0,0.0,0.0,0.0,0.0,0.0,0.0,0.0,0.2955022948723235,DAM-like
CFA1_TTAGAAGCAGCTTACA-1,CFA1,CFA,Microglia,24,1051,1555,1.2861736334405145,11.394391,8.812061,2.0056426980951465,0.0,0.0,0.0,0.0,0.0,0.0,2.0056426980951465,0.0,0.0,0.0,0.0,0.0,2.0056426980951465,0.0,0.0,0.0,0.0,0.0,0.0,0.0,0.0,0.0,2.6291322625679006,0.0,2.0056426980951465,0.0,0.0578550778296677,DAM-like
CFA1_TTCCCACAGTAACTCA-1,CFA1,CFA,Microglia,14,3431,10469,0.03820804279300793,-4.46262,-8.450575,0.0,0.0,0.0,0.0,0.0,0.0,0.0,0.0,0.0,0.0,0.0,0.0,1.068291263955446,0.0,0.0,0.6704930371641784,0.0,0.0,0.0,0.0,0.0,0.0,0.0,0.6704930371641784,1.068291263955446,0.6704930371641784,0.6704930371641784,-0.0016353785720264469,DAM-like
CFA1_TTGGATCAGAGCAAGC-1,CFA1,CFA,Microglia,16,922,1382,0.21707670043415342,6.307905,16.685322,0.0,0.0,0.0,0.0,2.108501434835454,0.0,0.0,2.108501434835454,0.0,0.0,0.0,0.0,0.0,0.0,2.7390177212458298,2.108501434835454,4.191516797177409,3.1227027547913986,0.0,0.0,2.108501434835454,0.0,3.399314278331731,0.0,0.0,2.7390177212458298,0.0,-1.4593951817321618,Intermediate
CFA2_AAACGTACAGAAACGT-1,CFA2,CFA,Microglia,3,3574,8669,0.1384242703887415,-2.37703,-2.4871738,0.0,0.0,0.0,0.0,0.0,0.0,0.0,0.0,0.0,0.0,0.0,0.0,1.9121580344198976,0.0,1.1960629557353102,0.7671109503686873,0.0,0.0,0.0,0.0,0.0,0.7671109503686873,0.0,1.7252888332098681,0.0,0.7671109503686873,0.0,-0.09830765869223831,DAM-like
CFA2_AAAGCCGCATTAAACC-1,CFA2,CFA,Microglia,16,1342,2201,0.1817355747387551,5.586784,17.13835,2.3112255303644567,0.0,0.0,0.0,2.3112255303644567,0.0,0.0,2.6830857054244346,0.0,0.0,0.0,3.490542093674052,2.6830857054244346,1.7126061130488726,2.3112255303644567,3.1661898492488962,4.168329747148894,3.490542093674052,0.0,2.953532114899344,2.953532114899344,0.0,1.7126061130488726,2.3112255303644567,0.0,0.0,0.0,-1.5576358826988026,Intermediate
CFA2_AAAGGCTCAATATACC-1,CFA2,CFA,Microglia,7,241,280,8.928571428571429,6.1764555,2.629036,0.0,0.0,0.0,0.0,0.0,0.0,0.0,0.0,0.0,0.0,0.0,0.0,0.0,0.0,3.6031659358399066,0.0,0.0,0.0,0.0,0.0,0.0,0.0,0.0,0.0,3.6031659358399066,0.0,0.0,-0.45039574197998833,DAM-like
CFA2_AAATCCGGTTAGTACG-1,CFA2,CFA,Microglia,18,2119,3995,0.10012515644555695,-8.359491,-6.598033,1.253656543749179,0.0,0.0,0.0,0.0,0.0,0.0,0.0,0.0,0.0,0.0,0.0,0.0,0.0,1.7928018960919707,0.0,0.0,0.0,0.0,0.0,0.0,0.0,0.0,1.253656543749179,2.3990324118792863,0.0,0.0,-0.12766511826155952,DAM-like
CFA2_AAGCCTGTCATCGTTT-1,CFA2,CFA,Microglia,16,954,1479,0.676132521974307,5.7783723,16.24513,6.367284495854002,0.0,0.0,0.0,2.049153095354697,0.0,0.0,0.0,0.0,0.0,2.049153095354697,3.057954473115221,2.6757095298934637,0.0,3.333821091338204,2.6757095298934637,3.7273294693572687,3.54980777379117,0.0,4.124743254015055,0.0,0.0,2.6757095298934637,0.0,2.049153095354697,0.0,0.0,-0.9303298752169276,DAM-like
CFA2_AAGCCTTAGGACCTGC-1,CFA2,CFA,Microglia,16,1330,1916,1.3048016701461378,6.0236144,16.652948,1.827642355302367,0.0,0.0,0.0,0.0,0.0,0.0,0.0,0.0,0.0,1.827642355302367,2.4369772841275004,2.812867771897366,1.827642355302367,1.827642355302367,2.812867771897366,3.755454652425397,1.827642355302367,0.0,2.812867771897366,1.827642355302367,0.0,1.827642355302367,0.0,0.0,0.0,0.0,-1.4014599701302686,Intermediate
CFA2_AAGCTATGTAGCTGGT-1,CFA2,CFA,Microglia,16,1286,1917,0.20865936358894105,5.9395466,17.269716,0.0,0.0,0.0,0.0,1.8272044880451617,0.0,0.0,1.8272044880451617,0.0,0.0,1.8272044880451617,2.436501127336075,2.8123773191388315,0.0,3.29888482546108,2.8123773191388315,3.624751212215385,2.8123773191388315,0.0,3.29888482546108,0.0,0.0,3.0849300085028943,2.436501127336075,0.0,0.0,0.0,-1.1554869830145633,DAM-like
CFA2_AAGTTACGTGCTCCGT-1,CFA2,CFA,Microglia,26,1157,1870,1.3903743315508021,7.239663,14.424314,0.0,0.0,0.0,0.0,0.0,0.0,0.0,0.0,0.0,0.0,0.0,2.4591774038221814,2.4591774038221814,0.0,0.0,2.4591774038221814,0.0,0.0,0.0,0.0,0.0,0.0,2.4591774038221814,0.0,0.0,0.0,0.0,0.07093780972563984,DAM-like
CFA2_AATCTCAAGTTCCTCA-1,CFA2,CFA,Microglia,16,1244,1925,0.05194805194805195,5.669426,17.380905,0.0,0.0,0.0,0.0,0.0,0.0,0.0,1.8241468235723102,0.0,0.0,1.8241468235723102,1.8241468235723102,2.433175574940355,1.8241468235723102,2.808951725770248,3.081452103064416,3.8665557964511446,3.2953747587872333,1.8241468235723102,2.808951725770248,3.4715014744347044,0.0,3.751385635980629,1.8241468235723102,0.0,0.0,0.0,-2.2645108427234204,Homeostatic
CFA2_AATGCGCGTAATAGCT-1,CFA2,CFA,Microglia,16,574,705,0.5673758865248227,6.3448668,16.001553,0.0,0.0,0.0,0.0,3.3799326931673987,0.0,0.0,0.0,0.0,0.0,0.0,3.773982983951231,2.7202683982115143,0.0,3.3799326931673987,0.0,3.3799326931673987,4.275582001233828,0.0,0.0,3.773982983951231,0.0,4.0559084111958095,0.0,0.0,0.0,0.0,-1.0916261752607401,DAM-like
CFA2_ACATTGCAGAATGACG-1,CFA2,CFA,Microglia,16,1212,1867,1.3926084627745046,5.598523,17.417248,0.0,0.0,0.0,0.0,0.0,0.0,0.0,1.8494285741234164,0.0,0.0,0.0,3.3243498852311633,0.0,0.0,1.8494285741234164,2.8372381270259983,3.999335176310625,3.1101650625581474,2.8372381270259983,3.650484324015314,4.0929778010987,0.0,3.3243498852311633,2.4606457865086,0.0,2.4606457865086,0.0,-2.3991254406078846,Homeostatic
CFA2_ACCTTGTGTTTGGGCG-1,CFA2,CFA,Microglia,16,1455,2133,0.42194092827004215,5.9703608,16.48091,3.196268706071554,0.0,0.0,0.0,2.712354099961389,0.0,0.0,0.0,1.7383995735805224,0.0,1.7383995735805224,2.9833018421317337,3.196268706071554,2.3395402679706945,1.7383995735805224,1.7383995735805224,3.9621562272854463,3.9621562272854463,1.7383995735805224,2.3395402679706945,2.9833018421317337,0.0,2.9833018421317337,1.7383995735805224,0.0,0.0,0.0,-1.4029295786810996,Intermediate
CFA2_ACGGTACGTAACCAGC-1,CFA2,CFA,Microglia,6,312,392,1.7857142857142856,2.8033395,0.084484406,0.0,0.0,0.0,0.0,0.0,0.0,0.0,0.0,0.0,0.0,0.0,0.0,0.0,0.0,3.2775297185599728,0.0,0.0,0.0,0.0,0.0,0.0,0.0,0.0,0.0,0.0,0.0,0.0,-0.4096912148199966,DAM-like
CFA2_ACTCACCTCTTGCATT-1,CFA2,CFA,Microglia,16,1554,2499,0.8803521408563426,5.8479724,17.2044,0.0,0.0,0.0,0.0,0.0,0.0,0.0,1.6097579892552694,0.0,0.0,1.6097579892552694,1.6097579892552694,1.6097579892552694,0.0,1.6097579892552694,2.197580211925431,3.8070536808632642,3.0449034699443067,2.197580211925431,2.5653186677787247,2.5653186677787247,0.0,2.83358989438897,0.0,0.0,0.0,0.0,-1.753128961893811,Intermediate
CFA2_ACTTAGGGTCGTTACT-1,CFA2,CFA,Microglia,16,731,1012,1.4822134387351777,6.3118973,16.699152,0.0,0.0,0.0,0.0,4.099141995272413,0.0,0.0,3.701936135942571,0.0,0.0,2.387057016415087,3.4224456554914386,0.0,3.4224456554914386,3.4224456554914386,3.4224456554914386,4.697709732711908,4.863360351194009,3.0331651322264412,2.387057016415087,2.387057016415087,0.0,2.387057016415087,3.4224456554914386,0.0,0.0,0.0,-2.4074930228433367,Homeostatic
CFA2_AGAAACTAGAAGGTGC-1,CFA2,CFA,Microglia,16,932,1403,0.21382751247327159,6.015203,17.032337,0.0,0.0,0.0,0.0,3.1096534721859865,0.0,0.0,2.0965148034967127,0.0,0.0,2.726251382553134,3.780239854310552,3.3861187677740534,2.0965148034967127,3.3861187677740534,0.0,4.375950036758706,4.281896685686523,0.0,4.062201290590449,3.3861187677740534,0.0,2.0965148034967127,0.0,0.0,0.0,0.0,-1.5371555609084904,Intermediate
CFA2_AGAATCTGTCGCATAA-1,CFA2,CFA,Microglia,16,952,1297,1.3878180416345411,6.135718,16.140259,2.164483298410485,0.0,0.0,0.0,2.164483298410485,0.0,0.0,0.0,0.0,0.0,2.798512312391052,2.164483298410485,0.0,0.0,2.798512312391052,2.164483298410485,4.2540640230191995,3.6775783656002585,0.0,2.798512312391052,2.164483298410485,0.0,2.798512312391052,0.0,0.0,0.0,0.0,-1.517437877614547,Intermediate
CFA2_AGAGATTAGCATGTCG-1,CFA2,CFA,Microglia,16,1047,1546,0.646830530401035,5.8735723,17.090971,2.01122853245675,0.0,0.0,0.0,2.01122853245675,0.0,0.0,2.01122853245675,0.0,0.0,2.01122853245675,3.0163911874730642,0.0,2.01122853245675,0.0,3.0163911874730642,3.6847447042125503,3.6847447042125503,0.0,0.0,2.635119860718093,0.0,2.635119860718093,0.0,2.01122853245675,0.0,0.0,-1.0281589838418133,DAM-like
CFA2_AGATGCTTCAATACGC-1,CFA2,CFA,Microglia,16,1397,2250,0.2222222222222222,5.4624724,16.870893,3.4692021107762128,0.0,0.0,0.0,0.0,0.0,1.6945957207744073,0.0,0.0,0.0,2.9326741375868544,3.145109674628592,2.2914117923959205,1.6945957207744073,2.9326741375868544,2.2914117923959205,3.4692021107762128,3.4692021107762128,2.2914117923959205,2.662587827025453,3.4692021107762128,0.0,2.662587827025453,0.0,0.0,0.0,0.0,-1.744036455224015,Intermediate
CFA2_AGATGCTTCGTTATAG-1,CFA2,CFA,Microglia,16,1012,1610,0.37267080745341613,5.756566,17.341599,0.0,0.0,0.0,0.0,0.0,0.0,0.0,2.596921991522423,0.0,0.0,3.252106343998478,3.644590016030108,0.0,0.0,3.92571762448478,2.596921991522423,4.476842621238596,4.476842621238596,2.596921991522423,3.4674812731642644,3.4674812731642644,0.0,2.596921991522423,0.0,0.0,0.0,0.0,-2.395747839807225,Homeostatic
CFA2_AGCACTAGTACTAAAC-1,CFA2,CFA,Microglia,13,200,230,6.521739130434782,9.82616,-0.09647216,3.795000550022477,0.0,0.0,0.0,0.0,0.0,0.0,0.0,0.0,0.0,0.0,0.0,0.0,0.0,3.795000550022477,0.0,0.0,0.0,0.0,0.0,0.0,0.0,0.0,0.0,0.0,0.0,0.0,-0.1824519495203114,DAM-like
CFA2_AGCCTGGGTCTTTGAC-1,CFA2,CFA,Microglia,16,1202,1935,0.6201550387596899,5.4229174,17.029207,3.28988561019803,0.0,0.0,0.0,3.465978121524418,0.0,0.0,2.8035952605318073,0.0,0.0,2.4279762081364322,2.4279762081364322,0.0,1.8193679333090482,2.4279762081364322,3.28988561019803,4.1433807893849,3.8609744791240597,0.0,3.6156556070072514,1.8193679333090482,0.0,3.07601347395463,0.0,0.0,0.0,0.0,-1.5131982694026644,Intermediate
CFA2_AGCGATTTCACTAATG-1,CFA2,CFA,Microglia,16,784,1082,0.09242144177449169,6.0366936,16.437197,2.3265109900208683,0.0,0.0,0.0,0.0,0.0,0.0,2.3265109900208683,0.0,0.0,0.0,2.3265109900208683,2.3265109900208683,0.0,2.3265109900208683,3.8546210042413556,4.537120888207832,2.3265109900208683,2.3265109900208683,2.3265109900208683,0.0,0.0,2.9696084154087075,0.0,2.3265109900208683,0.0,0.0,-1.4963736961755463,Intermediate
CFA2_AGCTACGTCTAGCGTG-1,CFA2,CFA,Microglia,16,869,1201,0.08326394671107411,5.7813253,16.760183,2.232848516931756,0.0,0.0,2.232848516931756,3.535307984807738,0.0,0.0,2.8708938072789802,0.0,0.0,0.0,2.232848516931756,2.232848516931756,2.232848516931756,4.213773019264889,2.8708938072789802,4.329911318834606,3.931008986156221,3.25729560248601,2.232848516931756,3.535307984807738,0.0,3.25729560248601,0.0,0.0,0.0,0.0,-2.145670902946976,Homeostatic
CFA2_AGCTATATCGCCTAAG-1,CFA2,CFA,Microglia,16,1207,2024,0.2964426877470355,5.7262397,17.438755,0.0,0.0,0.0,1.7818289010254542,3.0331651322264412,0.0,1.7818289010254542,2.7614098702650534,0.0,0.0,1.7818289010254542,3.0331651322264412,1.7818289010254542,2.387057016415087,3.2466293991416317,1.7818289010254542,4.250920305979277,4.099141995272413,2.387057016415087,2.7614098702650534,2.387057016415087,0.0,2.7614098702650534,1.7818289010254542,0.0,0.0,0.0,-1.6853257102069246,Intermediate
CFA2_AGGTACGCATGACTAT-1,CFA2,CFA,Microglia,16,819,1145,0.08733624454148471,5.708368,16.478756,3.5816977760514734,0.0,0.0,0.0,0.0,0.0,0.0,2.915998833918249,0.0,2.2755863298316292,3.303249081699906,3.7992600989027676,0.0,0.0,2.915998833918249,2.2755863298316292,3.7992600989027676,3.9778434556351305,0.0,2.2755863298316292,3.7992600989027676,0.0,0.0,0.0,0.0,0.0,0.0,-1.1592271148851543,DAM-like
CFA2_AGTAACACATAATCGT-1,CFA2,CFA,Microglia,16,582,744,0.13440860215053765,6.2978225,16.169863,0.0,0.0,0.0,0.0,2.670061703369982,0.0,0.0,3.3279712923854086,0.0,0.0,0.0,4.0030228337313485,0.0,0.0,2.670061703369982,0.0,3.721409097411588,4.5547819714224795,0.0,2.670061703369982,0.0,0.0,3.721409097411588,0.0,0.0,0.0,0.0,-0.9327273225631586,DAM-like
CFA2_AGTCCTTGTTGTCCAT-1,CFA2,CFA,Microglia,16,1386,2190,0.91324200913242,6.0739884,16.958918,0.0,0.0,0.0,0.0,1.7167143996647707,0.0,0.0,0.0,0.0,0.0,0.0,2.3157401931160932,0.0,0.0,2.6877543014823075,2.3157401931160932,2.9582816823078377,2.6877543014823075,2.3157401931160932,0.0,3.1709893618269125,0.0,2.6877543014823075,0.0,1.7167143996647707,0.0,0.0,-1.7068436893371468,Intermediate
CFA2_AGTCGCATCCTGATGG-1,CFA2,CFA,Microglia,16,1046,1447,0.691085003455425,6.097208,16.343096,3.0794706653115114,0.0,0.0,0.0,0.0,0.0,0.0,2.0688392002503377,0.0,0.0,0.0,2.0688392002503377,0.0,0.0,2.0688392002503377,2.696737024061381,2.0688392002503377,2.0688392002503377,0.0,0.0,3.0794706653115114,0.0,2.696737024061381,0.0,0.0,0.0,0.0,-0.9426753485107046,DAM-like
CFA2_AGTGCGGAGACCATAC-1,CFA2,CFA,Microglia,16,662,872,0.9174311926605505,6.331505,16.116001,0.0,0.0,0.0,0.0,3.8474110871016545,0.0,0.0,0.0,0.0,0.0,2.523156531922,3.1753744029075848,2.523156531922,0.0,2.523156531922,3.1753744029075848,4.529833512924914,4.529833512924914,2.523156531922,2.523156531922,2.523156531922,0.0,3.1753744029075848,2.523156531922,0.0,0.0,0.0,-1.8625662481054266,Intermediate
CFA2_AGTGTGGCATCTAGCA-1,CFA2,CFA,Microglia,31,3392,6609,0.9078529278256923,-4.5993395,-4.2394853,3.4423957616879037,0.0,0.0,0.0,0.0,0.0,0.0,0.0,0.0,0.0,0.0,0.921512360628546,0.0,0.0,1.392817147937945,0.921512360628546,0.0,0.0,0.0,0.0,0.0,0.0,0.0,0.0,0.921512360628546,1.392817147937945,0.0,0.046394051607377085,DAM-like
CFA2_AGTTTGCAGACTAAGG-1,CFA2,CFA,Microglia,4,1477,2635,0.6451612903225806,14.356573,-3.810139,3.755269320226631,0.0,0.0,0.0,0.0,0.0,0.0,0.0,0.0,0.0,0.0,0.0,0.0,0.0,1.567587558846832,0.0,0.0,0.0,0.0,0.0,0.0,0.0,0.0,1.567587558846832,0.0,0.0,0.0,0.09291842593080996,DAM-like
CFA2_ATAATGGCAGGTTCAC-1,CFA2,CFA,Microglia,16,1034,1465,2.7986348122866893,5.8181586,16.30501,4.3318553978085115,0.0,0.0,0.0,2.057443673840837,0.0,0.0,2.6845684592074934,0.0,0.0,0.0,2.6845684592074934,0.0,2.057443673840837,3.0670205745098666,3.0670205745098666,2.6845684592074934,3.3429944554341366,2.057443673840837,2.057443673840837,3.736612664650274,0.0,2.6845684592074934,0.0,0.0,0.0,0.0,-1.8543233925704734,Intermediate
CFA2_ATAATGGCAGTATGTT-1,CFA2,CFA,Microglia,6,1018,1486,0.4037685060565276,-0.61373776,-0.6176802,0.0,0.0,0.0,0.0,0.0,0.0,0.0,0.0,0.0,0.0,0.0,0.0,0.0,0.0,2.6713136139487834,0.0,0.0,0.0,0.0,0.0,0.0,0.0,0.0,0.0,0.0,0.0,0.0,-0.3339142017435979,DAM-like
CFA2_ATACCGGTCCAATTAG-1,CFA2,CFA,Microglia,16,1194,1872,0.8012820512820512,5.919908,17.137419,0.0,0.0,0.0,0.0,3.10760996773239,0.0,0.0,2.8347205033467873,0.0,0.0,1.8471753083696243,0.0,0.0,0.0,2.8347205033467873,3.10760996773239,3.7781496740073357,3.3217717674978653,3.10760996773239,2.4581999019261933,3.7781496740073357,0.0,3.4980603568095407,2.4581999019261933,0.0,0.0,0.0,-2.1990836797659945,Homeostatic
CFA2_ATAGATGCAGGTTAAA-1,CFA2,CFA,Microglia,16,1192,1854,0.2696871628910464,5.826187,17.330069,0.0,0.0,0.0,0.0,1.855319896221983,0.0,0.0,2.843817495685926,0.0,0.0,0.0,2.843817495685926,1.855319896221983,1.855319896221983,2.4670385040048903,0.0,4.46934922716478,3.7875917053633206,2.843817495685926,0.0,3.3310866101686467,0.0,0.0,0.0,0.0,0.0,0.0,-1.6213312156865145,Intermediate
CFA2_ATATGCTCACCTACGG-1,CFA2,CFA,Microglia,16,1019,1520,0.19736842105263158,5.8946605,16.769096,2.02537432040956,0.0,0.0,0.0,2.650272400435399,0.0,0.0,2.650272400435399,0.0,0.0,2.650272400435399,2.650272400435399,2.02537432040956,2.02537432040956,2.02537432040956,3.031911930131493,3.9821380540562843,3.9821380540562843,0.0,2.650272400435399,2.650272400435399,0.0,3.307464903999448,0.0,0.0,2.02537432040956,0.0,-1.4163707047947691,Intermediate
CFA2_ATCTATGAGGCACAGG-1,CFA2,CFA,Microglia,23,2013,3589,0.4179437169127891,-2.1515038,-7.262328,2.2363250202504643,0.0,0.0,0.0,0.0,0.0,0.0,2.2363250202504643,0.0,0.0,0.0,0.0,0.0,0.0,1.3313870297728903,0.0,0.0,0.0,0.0,0.0,0.0,0.0,0.0,0.0,0.0,0.0,0.0,0.17762662439384475,DAM-like
CFA2_ATGAAGTAGTTAGCCG-1,CFA2,CFA,Microglia,30,2256,3788,0.6599788806758183,1.4046546,-7.1493325,1.291960473330787,0.0,0.0,0.0,0.0,0.0,0.0,0.0,1.291960473330787,0.0,0.0,0.0,0.0,0.0,2.1882675345414184,0.0,1.291960473330787,1.291960473330787,0.0,0.0,0.0,0.0,0.0,1.8373430765205154,0.0,0.0,0.0,-0.397760410407176,DAM-like
CFA2_ATGATGACAACAGCCT-1,CFA2,CFA,Microglia,16,1438,2166,0.554016620498615,6.3817225,15.772317,2.3256774347746623,2.6980278454946567,0.0,1.7257630273197146,0.0,0.0,0.0,0.0,1.7257630273197146,0.0,1.7257630273197146,2.6980278454946567,3.1815487930989246,0.0,1.7257630273197146,3.1815487930989246,2.968732060519003,2.6980278454946567,0.0,0.0,2.3256774347746623,0.0,2.3256774347746623,1.7257630273197146,0.0,1.7257630273197146,0.0,-0.37550164508763584,DAM-like
CFA2_ATGCTTAAGGTTACAC-1,CFA2,CFA,Microglia,16,984,1308,0.1529051987767584,6.3760962,16.46445,0.0,0.0,0.0,0.0,3.1753744029075848,0.0,0.0,0.0,0.0,0.0,0.0,2.7905833360197456,2.157011186796337,0.0,0.0,3.4525569327741508,4.529833512924914,3.9985092700546083,2.7905833360197456,2.157011186796337,3.9985092700546083,0.0,3.4525569327741508,0.0,0.0,0.0,0.0,-1.9910316750608401,Homeostatic
CFA2_ATTCCTAGTTGCAATG-1,CFA2,CFA,Microglia,16,1605,2645,0.6805293005671078,5.544144,17.494604,0.0,0.0,0.0,0.0,2.1472680116979146,0.0,0.0,2.78023896846081,0.0,0.0,2.5130206393283343,2.78023896846081,2.1472680116979146,2.5130206393283343,3.164812804387253,0.0,4.234873312795862,3.441883261059054,2.78023896846081,2.99090020199846,1.5645908148116658,0.0,3.3129134992130393,2.1472680116979146,0.0,0.0,0.0,-1.634902723459351,Intermediate
CFA2_ATTGAAGCACAAACTT-1,CFA2,CFA,Microglia,26,861,1191,0.16792611251049538,7.219642,14.429949,0.0,0.0,0.0,0.0,0.0,0.0,0.0,0.0,0.0,0.0,3.26533630129078,3.26533630129078,2.878783272865266,0.0,0.0,2.240316593462727,2.878783272865266,0.0,0.0,0.0,0.0,0.0,2.240316593462727,0.0,3.26533630129078,2.240316593462727,0.0,0.08391681482029523,DAM-like
CFA2_ATTTGTGAGGGTGAAC-1,CFA2,CFA,Microglia,16,1998,3787,0.6601531555320834,5.54136,17.440807,0.0,0.0,0.0,0.0,0.0,0.0,0.0,0.0,0.0,0.0,0.0,3.402754130746322,2.653457653361742,0.0,2.188501964201232,1.292151970269834,4.28077628289514,3.636758888942691,1.8375650640387138,2.653457653361742,2.9696084154087075,0.0,3.2094521047371254,1.292151970269834,1.292151970269834,0.0,0.0,-1.891490084958368,Intermediate
CFA2_CAAACACTCCCTGGAA-1,CFA2,CFA,Microglia,16,569,680,3.3823529411764706,6.772015,14.953514,2.7540353143440335,0.0,0.0,0.0,0.0,0.0,0.0,0.0,0.0,0.0,0.0,2.7540353143440335,0.0,3.414829530452213,0.0,0.0,2.7540353143440335,2.7540353143440335,0.0,0.0,3.80927345731104,0.0,2.7540353143440335,0.0,0.0,0.0,0.0,-1.167823961388102,DAM-like
CFA2_CAACCGGGTGCATTTC-1,CFA2,CFA,Microglia,16,1256,1893,1.531959852086635,6.078409,17.019503,0.0,0.0,0.0,0.0,1.8377871195179225,0.0,0.0,2.4480040787980135,0.0,0.0,2.4480040787980135,3.487244215446733,0.0,0.0,1.8377871195179225,1.8377871195179225,3.487244215446733,3.882461984483665,2.824223677747392,2.4480040787980135,2.4480040787980135,0.0,2.4480040787980135,0.0,0.0,0.0,0.0,-1.5594552271686557,Intermediate
CFA2_CAAGTAACACCTATAG-1,CFA2,CFA,Microglia,16,629,807,2.2304832713754648,6.4949555,15.837095,0.0,0.0,0.0,0.0,3.644590016030108,0.0,0.0,0.0,0.0,0.0,4.144907776501419,3.252106343998478,0.0,0.0,3.644590016030108,2.596921991522423,3.644590016030108,3.92571762448478,0.0,3.252106343998478,2.596921991522423,0.0,0.0,0.0,0.0,0.0,0.0,-1.608251833600078,Intermediate
CFA2_CACTAGCCATCGCTCC-1,CFA2,CFA,Microglia,16,1644,2728,0.36656891495601174,5.549129,17.233744,2.1200289045706713,0.0,0.0,0.0,3.1352391789474052,0.0,0.0,0.0,0.0,0.0,2.7512857030562534,3.526101736605228,1.54023555105427,2.1200289045706713,2.9615778837692033,2.9615778837692033,3.628515978547757,3.8064017845612566,2.7512857030562534,2.4846622406458816,3.2831577148383415,0.0,3.1352391789474052,1.54023555105427,0.0,0.0,0.0,-1.9940440060095268,Homeostatic
CFA2_CAGTACCCATCGTTCT-1,CFA2,CFA,Microglia,10,249,378,16.137566137566136,10.124885,3.0618434,4.386579745578376,0.0,0.0,0.0,3.9873169709146428,0.0,0.0,0.0,0.0,0.0,3.9873169709146428,3.3125492643080974,0.0,0.0,0.0,3.3125492643080974,3.3125492643080974,0.0,3.3125492643080974,0.0,3.3125492643080974,0.0,3.3125492643080974,0.0,0.0,0.0,0.0,-0.4506005589451443,DAM-like
CFA2_CATAGGTTCACCATTT-1,CFA2,CFA,Microglia,16,1616,2628,2.1689497716894977,5.9870267,17.104298,0.0,0.0,0.0,0.0,0.0,0.0,0.0,2.1536379116236706,0.0,0.0,2.5196477406335065,2.5196477406335065,2.7870026198584426,1.5702964040648295,2.1536379116236706,1.5702964040648295,4.241978569876842,3.8436772969156063,0.0,1.5702964040648295,2.7870026198584426,0.0,0.0,0.0,1.5702964040648295,0.0,0.0,-1.4494608157125444,Intermediate
CFA2_CATGGATTCAATGACC-1,CFA2,CFA,Microglia,16,1217,1792,1.6183035714285716,5.5633273,16.526844,3.6904407346808887,0.0,0.0,0.0,1.8840890208942422,0.0,0.0,1.8840890208942422,0.0,0.0,0.0,3.1493726191012272,2.8758823712567225,0.0,2.8758823712567225,0.0,3.6904407346808887,3.5404415916933654,1.8840890208942422,0.0,2.8758823712567225,0.0,3.36390338263115,0.0,0.0,0.0,0.0,-0.8211209522360257,DAM-like
CFA2_CATGGCGGTAACCTAG-1,CFA2,CFA,Microglia,16,998,1415,0.8480565371024734,6.076239,17.101938,0.0,0.0,0.0,0.0,3.3765136029550264,0.0,0.0,0.0,0.0,0.0,0.0,0.0,0.0,0.0,2.087798748886558,3.592800427585953,4.1682800476852675,3.3765136029550264,0.0,3.1001559547597095,2.7169620799721335,0.0,3.7705245738958566,2.087798748886558,0.0,0.0,0.0,-2.120582042118656,Homeostatic
CFA2_CATTCATTCATGGCCA-1,CFA2,CFA,Microglia,16,1185,1855,0.0,5.7612624,17.392,0.0,0.0,0.0,0.0,2.4665450322558793,0.0,0.0,0.0,0.0,0.0,0.0,2.4665450322558793,1.8548650234579702,0.0,3.6567655034668114,2.8433096595090532,2.8433096595090532,4.263818137901806,2.8433096595090532,3.1163265680526213,2.8433096595090532,0.0,2.8433096595090532,0.0,0.0,0.0,0.0,-2.2791182145498943,Homeostatic
CFA2_CCACTTGGTAACGTGC-1,CFA2,CFA,Microglia,16,1156,1732,0.8660508083140877,5.455073,17.089302,3.397357938776978,0.0,0.0,0.0,2.530040536343527,0.0,0.0,0.0,0.0,0.0,1.9135356343295111,2.530040536343527,1.9135356343295111,0.0,3.574086959659332,0.0,3.1825449816976326,3.9701611048269934,2.530040536343527,2.9085948448199535,3.1825449816976326,0.0,2.9085948448199535,1.9135356343295111,0.0,0.0,0.0,-1.4735343468903985,Intermediate
CFA2_CCCGCTTCATGCTATG-1,CFA2,CFA,Microglia,16,952,1329,0.2257336343115124,6.135797,16.622929,0.0,0.0,0.0,0.0,0.0,0.0,0.0,0.0,0.0,0.0,2.1429390301602433,2.1429390301602433,0.0,0.0,3.160117406434413,2.1429390301602433,4.114075876786099,2.1429390301602433,0.0,0.0,0.0,0.0,2.1429390301602433,3.160117406434413,0.0,0.0,0.0,-1.115325990225664,DAM-like
CFA2_CCGCAAGGTTAAATGC-1,CFA2,CFA,Microglia,16,1485,2224,0.8992805755395683,5.653661,16.484135,3.480465024246789,0.0,0.0,0.0,0.0,0.0,0.0,1.7040938560358287,0.0,0.0,2.3018654096236517,2.3018654096236517,1.7040938560358287,2.3018654096236517,1.7040938560358287,2.6734041401478157,3.480465024246789,3.1562347829533057,1.7040938560358287,2.3018654096236517,3.480465024246789,0.0,2.3018654096236517,0.0,0.0,0.0,0.0,-1.7162814335899195,Intermediate
CFA2_CCGCAAGGTTGAGGTC-1,CFA2,CFA,Microglia,16,1032,1610,0.37267080745341613,5.472613,16.763128,3.92571762448478,0.0,0.0,2.977239347231155,3.252106343998478,0.0,0.0,2.596921991522423,0.0,0.0,3.252106343998478,3.4674812731642644,3.4674812731642644,0.0,1.9756326167134286,0.0,4.66899028141784,4.403608824849861,0.0,2.977239347231155,1.9756326167134286,0.0,2.977239347231155,1.9756326167134286,2.596921991522423,0.0,0.0,-0.23559533028388024,DAM-like
CFA2_CCGCACACAATATAGG-1,CFA2,CFA,Microglia,15,2909,5199,0.4423927678399693,-11.347042,6.275901,0.0,0.0,0.0,0.0,2.1626086632980646,0.0,0.0,2.3624785377753463,0.0,0.0,0.0,1.9125513737080178,1.0727633368127454,1.5783380117887436,1.9125513737080178,2.3624785377753463,3.3962418650278123,1.9125513737080178,0.0,1.0727633368127454,2.1626086632980646,0.0,2.3624785377753463,1.5783380117887436,0.0,0.0,0.0,-1.2219684212960609,DAM-like
CFA2_CCGCCAACAAGTGTCC-1,CFA2,CFA,Microglia,16,962,1323,0.6046863189720333,6.1666656,16.703207,0.0,0.0,0.0,0.0,2.1469341701990836,0.0,0.0,2.1469341701990836,0.0,0.0,2.1469341701990836,2.1469341701990836,2.1469341701990836,0.0,3.4415173605488993,3.8362530913531314,4.803506681277664,3.1644507668432644,0.0,0.0,0.0,0.0,3.1644507668432644,0.0,0.0,0.0,0.0,-1.079972075887838,DAM-like
CFA2_CCGCTAGCAAGGTGCA-1,CFA2,CFA,Microglia,16,1156,1639,0.18303843807199513,6.0464683,16.75566,1.9602752281981468,0.0,0.0,0.0,2.9603042370757153,0.0,0.0,0.0,2.9603042370757153,1.9602752281981468,1.9602752281981468,2.9603042370757153,0.0,2.9603042370757153,1.9602752281981468,2.5804109424279527,2.9603042370757153,3.450190901195786,1.9602752281981468,2.9603042370757153,2.5804109424279527,0.0,1.9602752281981468,2.5804109424279527,1.9602752281981468,0.0,0.0,-1.5410411560692694,Intermediate
CFA2_CCTATTGTCTAATCTC-1,CFA2,CFA,Microglia,16,1296,2031,0.09847365829640572,5.4996634,16.881245,3.698568942004058,0.0,0.0,0.0,2.758175901266027,0.0,0.0,2.3839222698321803,0.0,0.0,1.77895836945314,2.758175901266027,2.3839222698321803,2.3839222698321803,2.758175901266027,3.029879158664886,3.9167484060798463,3.568568299310917,2.3839222698321803,3.2433114122002222,3.8135971942154323,0.0,3.419105977488495,2.3839222698321803,0.0,0.0,0.0,-1.9248253328749336,Intermediate
CFA2_CCTTCAATCTTGATGA-1,CFA2,CFA,Microglia,16,1270,2010,0.3482587064676617,5.4600735,16.632898,5.27364771287778,0.0,0.0,0.0,2.768380027423562,0.0,0.0,3.0402467952089522,0.0,0.0,2.393814374779738,3.709191911506257,2.393814374779738,0.0,1.7880192828457488,2.768380027423562,4.705080835758277,4.326302643786921,1.7880192828457488,0.0,0.0,0.0,3.2537796946956243,3.0402467952089522,0.0,0.0,0.0,-0.4158910131920688,DAM-like
CFA2_CGAATATGTGTGAGGA-1,CFA2,CFA,Microglia,16,1043,1516,0.395778364116095,5.7728953,16.324034,4.3839706541332175,0.0,2.0276620855297494,0.0,3.3100036078828627,0.0,0.0,3.3100036078828627,0.0,0.0,2.6527215571908163,3.034420066163262,0.0,2.0276620855297494,2.6527215571908163,2.0276620855297494,2.6527215571908163,4.463053229999882,0.0,3.3100036078828627,3.034420066163262,0.0,2.6527215571908163,2.0276620855297494,0.0,0.0,0.0,-1.08112424839491,DAM-like
CFA2_CGATTATCAGGATGGC-1,CFA2,CFA,Microglia,16,1120,1623,1.9716574245224894,5.5716705,16.708986,4.230850833370437,0.0,0.0,0.0,2.969608415408708,0.0,0.0,3.2443766105657614,0.0,0.0,1.9687096051291169,2.969608415408708,0.0,0.0,3.6367588889426914,2.589481274459304,2.969608415408708,3.9178347964668645,2.969608415408708,2.589481274459304,3.459691021078197,0.0,2.589481274459304,0.0,0.0,0.0,0.0,-1.5832384815562233,Intermediate
CFA2_CGATTTGCAGAGGGAG-1,CFA2,CFA,Microglia,16,1114,1652,0.5447941888619854,5.6440153,16.322632,5.331806000054962,0.0,0.0,0.0,1.9534911639984018,0.0,0.0,3.442542241885619,1.9534911639984018,0.0,3.442542241885619,1.9534911639984018,2.5731111538359452,0.0,2.5731111538359452,2.9528146626481604,4.119568540138628,3.2273627115688632,0.0,0.0,2.9528146626481604,0.0,2.5731111538359452,2.5731111538359452,0.0,0.0,0.0,-0.38971087945825045,DAM-like
CFA2_CGCCACACAAAGGTAC-1,CFA2,CFA,Microglia,16,1062,1550,1.6129032258064515,6.293722,16.964802,0.0,0.0,0.0,0.0,3.013318658056067,0.0,0.0,2.0084305060366474,0.0,0.0,2.6321208856186016,2.0084305060366474,3.013318658056067,2.0084305060366474,2.6321208856186016,2.6321208856186016,4.76327616692919,4.276217989947386,0.0,2.6321208856186016,2.0084305060366474,0.0,2.0084305060366474,0.0,0.0,0.0,0.0,-1.64404209639463,Intermediate
CFA2_CGCCACACAACCTAAT-1,CFA2,CFA,Microglia,16,1418,2279,0.7898200965335673,5.6358685,17.41632,0.0,0.0,0.0,0.0,2.9205537586139365,0.0,1.6841537359148284,2.650680113724019,0.0,0.0,1.6841537359148284,2.650680113724019,1.6841537359148284,1.6841537359148284,3.701079846398981,3.1328580105360087,3.8039676230291244,2.650680113724019,0.0,1.6841537359148284,2.650680113724019,0.0,2.650680113724019,0.0,0.0,0.0,0.0,-1.3923408632662675,Intermediate
CFA2_CGCCTGTGTAGCCATA-1,CFA2,CFA,Microglia,16,930,1223,0.3270645952575634,5.9628587,16.173994,3.5176894963127117,0.0,0.0,0.0,2.853778642548469,0.0,0.0,2.853778642548469,0.0,0.0,2.2166583873290833,3.734881793221891,2.853778642548469,2.2166583873290833,2.2166583873290833,0.0,2.853778642548469,2.853778642548469,0.0,2.2166583873290833,2.2166583873290833,0.0,0.0,0.0,0.0,0.0,0.0,-0.43480726933942093,DAM-like
CFA2_CGCTTAACAATTTAGC-1,CFA2,CFA,Microglia,16,1623,2418,1.5301902398676592,6.0486636,16.376547,2.8646320482605536,0.0,0.0,0.0,2.2269234554063027,0.0,0.0,2.2269234554063027,0.0,0.0,2.2269234554063027,3.250912943124212,0.0,2.2269234554063027,3.076309291598227,2.595773071897383,3.839283314794327,3.076309291598227,0.0,2.595773071897383,2.8646320482605536,0.0,3.076309291598227,0.0,0.0,0.0,0.0,-1.5500434925966524,Intermediate
CFA2_CGCTTGCGTCTTGCAT-1,CFA2,CFA,Microglia,16,885,1262,5.942947702060222,5.599817,16.663136,2.824223677747392,0.0,0.0,0.0,2.824223677747392,0.0,0.0,2.1887364627134054,0.0,0.0,2.824223677747392,3.882461984483665,0.0,2.1887364627134054,2.824223677747392,2.1887364627134054,4.164980738493083,3.487244215446733,3.7042519728329832,2.1887364627134054,3.487244215446733,0.0,2.824223677747392,0.0,0.0,0.0,0.0,-1.910510085210373,Intermediate
CFA2_CGGACAACAGCAAGAT-1,CFA2,CFA,Microglia,16,1377,2381,0.33599328013439733,5.377019,17.117533,2.2406918171332664,0.0,0.0,0.0,0.0,1.6486424719338286,0.0,2.8791795810929113,0.0,0.0,0.0,1.6486424719338286,3.265740174325536,1.6486424719338286,3.414423266506694,3.265740174325536,4.663419282991292,4.622990300780055,3.091023362648809,3.091023362648809,2.8791795810929113,0.0,2.6100512635291575,0.0,0.0,0.0,0.0,-2.4358708779491165,Homeostatic
CFA2_CGGTAACGTACCTTAC-1,CFA2,CFA,Microglia,16,1699,2542,1.5342250196695515,6.146794,16.369406,1.5961318393535668,0.0,0.0,0.0,2.8175406504741964,0.0,0.0,1.5961318393535668,2.1824290630526244,0.0,2.549580389949865,2.1824290630526244,1.5961318393535668,1.5961318393535668,2.8175406504741964,3.2028871582841973,3.2028871582841973,3.594711422753822,1.5961318393535668,2.8175406504741964,2.8175406504741964,0.0,1.5961318393535668,0.0,0.0,0.0,0.0,-1.5887195223668762,Intermediate
CFA2_CGTCAATAGGAGTAAT-1,CFA2,CFA,Microglia,16,1100,1677,0.05963029218843172,5.393565,16.712772,5.595960839771699,1.940614612252506,0.0,1.940614612252506,2.938584382651415,0.0,1.940614612252506,2.5592453077717146,0.0,0.0,1.940614612252506,3.212942935046203,2.938584382651415,1.940614612252506,3.8857659616434677,2.938584382651415,4.284363509973684,3.604904607098834,2.5592453077717146,0.0,2.938584382651415,0.0,2.938584382651415,0.0,0.0,0.0,0.0,-0.8453327457436512,DAM-like
CFA2_CGTCATTGTTTGGCGG-1,CFA2,CFA,Microglia,16,334,406,0.49261083743842365,6.4284463,15.631183,4.316042076739048,0.0,0.0,0.0,0.0,0.0,0.0,0.0,0.0,0.0,0.0,3.9172310946335176,0.0,3.243784682248516,0.0,3.243784682248516,4.600380408171755,3.243784682248516,0.0,0.0,0.0,0.0,0.0,0.0,0.0,0.0,0.0,-1.1581381013744654,DAM-like
CFA2_CGTGCACAGCACAGCC-1,CFA2,CFA,Microglia,16,926,1299,0.0,5.6534944,16.752068,3.8541687919069383,0.0,0.0,0.0,0.0,0.0,0.0,2.797065385568001,0.0,0.0,2.163119488538647,2.163119488538647,0.0,2.797065385568001,2.163119488538647,2.163119488538647,3.459243548910323,3.8541687919069383,2.163119488538647,2.163119488538647,2.163119488538647,0.0,0.0,2.163119488538647,0.0,0.0,0.0,-1.771338384246179,Intermediate
CFA2_CGTTATTTCTAGCTAA-1,CFA2,CFA,Microglia,16,1224,1917,0.7303077725612936,5.833196,17.143353,0.0,0.0,0.0,0.0,2.436501127336075,0.0,0.0,3.0849300085028943,1.8272044880451617,0.0,2.436501127336075,1.8272044880451617,0.0,0.0,3.0849300085028943,3.0849300085028943,4.152579021272876,3.624751212215385,3.29888482546108,3.624751212215385,2.436501127336075,0.0,2.436501127336075,0.0,0.0,0.0,0.0,-2.0201589085332956,Homeostatic
CFA2_CGTTGCGCAGCATGGA-1,CFA2,CFA,Microglia,16,1042,1433,0.5582693649685974,5.7341995,16.332468,4.259628333152688,0.0,0.0,0.0,3.088088147615169,0.0,0.0,2.076733761713798,0.0,0.0,2.076733761713798,3.088088147615169,3.088088147615169,0.0,2.076733761713798,0.0,4.040010447413297,4.4395925215062135,2.076733761713798,2.076733761713798,0.0,0.0,2.076733761713798,0.0,0.0,2.076733761713798,0.0,-0.47892858564793683,DAM-like
CFA2_CTACTTAGTTGCAGTA-1,CFA2,CFA,Microglia,26,1665,3312,0.36231884057971014,7.2381496,14.526964,2.308365455909545,0.0,0.0,0.0,0.0,0.0,0.0,1.3911136475558394,0.0,0.0,2.9505226481200553,4.013637382628257,2.778609210021364,0.0,0.0,2.308365455909545,0.0,0.0,0.0,0.0,1.3911136475558394,0.0,2.778609210021364,1.951416012929836,1.3911136475558394,1.3911136475558394,0.0,0.5715842154695241,DAM-like
CFA2_CTGGATGTCTCACAAA-1,CFA2,CFA,Microglia,16,1340,2088,0.28735632183908044,5.586649,17.103497,2.3588278046074613,0.0,0.0,0.0,2.3588278046074613,0.0,0.0,2.3588278046074613,0.0,0.0,1.7560065549500463,3.541680924912344,2.3588278046074613,0.0,2.3588278046074613,2.3588278046074613,4.068535426168181,3.671585172539516,2.7322754584473596,2.7322754584473596,2.3588278046074613,0.0,3.3923460635314453,0.0,0.0,0.0,0.0,-1.4018367740017743,Intermediate
CFA2_CTGGTTACACAGCCAT-1,CFA2,CFA,Microglia,16,796,1063,0.09407337723424271,6.163683,16.56043,0.0,0.0,0.0,0.0,2.342511107692963,0.0,0.0,0.0,0.0,0.0,2.342511107692963,0.0,0.0,0.0,3.6540123733710064,2.9864228473434107,4.202471708185998,2.342511107692963,0.0,2.342511107692963,0.0,0.0,0.0,2.342511107692963,0.0,0.0,0.0,-1.580604818775337,Intermediate
CFA2_CTGTACCTCACTTTAC-1,CFA2,CFA,Microglia,16,1179,1836,0.8714596949891068,5.98663,17.161142,0.0,0.0,0.0,0.0,0.0,0.0,0.0,1.8635564423396644,0.0,0.0,1.8635564423396644,2.4759706917212125,0.0,0.0,3.5168964269357885,1.8635564423396644,4.415211698796828,3.6667964509581914,0.0,2.853008432745304,3.126167920693723,0.0,0.0,0.0,0.0,0.0,0.0,-1.9530443964509536,Homeostatic
CFA2_CTGTATTTCGTTTCTG-1,CFA2,CFA,Microglia,16,1492,2355,0.8492569002123143,5.7070727,17.175905,1.6575201119721923,0.0,0.0,1.6575201119721923,2.2505092822175627,0.0,0.0,2.2505092822175627,0.0,0.0,2.6202278410408484,2.889545750415133,2.2505092822175627,1.6575201119721923,2.6202278410408484,2.6202278410408484,3.8651227739555147,3.950385927952272,2.2505092822175627,3.2763031339043294,1.6575201119721923,0.0,2.2505092822175627,0.0,0.0,0.0,0.0,-1.5390470001567353,Intermediate
CFA2_CTTAATGAGTTTGTCT-1,CFA2,CFA,Microglia,16,1346,2075,2.4096385542168677,6.194926,16.592253,1.7611760458559749,0.0,0.0,0.0,3.009492586394208,0.0,0.0,1.7611760458559749,0.0,0.0,0.0,2.7381157568190386,1.7611760458559749,1.7611760458559749,2.3644845928073623,3.222723833464374,3.5477460898418043,3.009492586394208,0.0,2.3644845928073623,2.3644845928073623,0.0,3.398382177711569,0.0,0.0,0.0,0.0,-1.4807750816872156,Intermediate
CFA2_CTTGTCCAGGACGTAA-1,CFA2,CFA,Microglia,16,938,1340,0.22388059701492538,6.020383,17.03408,0.0,0.0,0.0,2.135666684336786,0.0,0.0,0.0,0.0,0.0,0.0,2.135666684336786,2.135666684336786,2.7679136319107873,0.0,3.1522256229650547,3.1522256229650547,3.8237625447232855,3.9747875659679255,2.135666684336786,2.7679136319107873,3.429160940290802,0.0,3.1522256229650547,0.0,0.0,0.0,0.0,-2.0987052354971816,Homeostatic
CFA2_CTTTGTCCATCGCTTT-1,CFA2,CFA,Microglia,16,1457,2504,0.1597444089456869,5.5571094,17.52613,0.0,0.0,0.0,0.0,2.1958036179497036,0.0,0.0,0.0,0.0,0.0,1.6081591398813235,1.6081591398813235,2.1958036179497036,0.0,2.563473705447574,2.1958036179497036,3.4949573237759157,3.0429999039335693,0.0,3.2173411014565914,2.83170873591079,0.0,2.1958036179497036,1.6081591398813235,0.0,0.0,0.0,-1.5830605088929564,Intermediate
CFA2_GAATTTGTCTTACTCG-1,CFA2,CFA,Microglia,16,1471,2541,0.15741833923652104,5.5893703,17.452177,0.0,0.0,0.0,0.0,3.2032646373303826,0.0,0.0,2.1827781688617964,0.0,0.0,0.0,3.029036112855864,1.5964455725038857,2.1827781688617964,3.697705014261763,2.1827781688617964,4.5165088492286145,4.15837257329984,2.1827781688617964,2.549943128388163,2.817910612445031,0.0,3.4807374352510365,2.1827781688617964,0.0,0.0,0.0,-2.265979566945183,Homeostatic
CFA2_GACCTGATCGGGATTT-1,CFA2,CFA,Microglia,16,1055,1568,0.1913265306122449,5.658777,17.281416,1.998441743488193,0.0,0.0,0.0,2.6214098128016805,0.0,0.0,1.998441743488193,0.0,0.0,3.0023430273520435,0.0,1.998441743488193,0.0,3.2775297185599728,2.6214098128016805,4.06728094373853,4.264833348550439,3.0023430273520435,3.2775297185599728,3.2775297185599728,0.0,3.0023430273520435,1.998441743488193,1.998441743488193,0.0,0.0,-2.0797817998139183,Homeostatic
CFA2_GACCTGCAGGGTCCAC-1,CFA2,CFA,Microglia,26,572,700,2.4285714285714284,7.034574,14.575868,2.7269186854065928,0.0,0.0,0.0,0.0,0.0,0.0,0.0,0.0,0.0,0.0,2.7269186854065928,0.0,0.0,0.0,2.7269186854065928,0.0,0.0,0.0,0.0,0.0,0.0,0.0,0.0,0.0,0.0,0.0,0.07866111592519015,DAM-like
CFA2_GACTAATGTATTGTGG-1,CFA2,CFA,Microglia,16,1424,2328,0.3865979381443299,5.616811,17.084663,1.6668635681486232,0.0,0.0,2.2608319663648295,2.2608319663648295,0.0,0.0,2.6309241979069813,0.0,0.0,2.6309241979069813,3.565701738664599,3.2874012331593656,2.2608319663648295,3.2874012331593656,2.2608319663648295,4.113124723263283,4.304390107716607,1.6668635681486232,1.6668635681486232,2.9004392757326394,0.0,1.6668635681486232,1.6668635681486232,0.0,0.0,0.0,-1.399633388149565,Intermediate
CFA2_GAGAGGCGTTTAAAGC-1,CFA2,CFA,Microglia,16,1012,1498,1.7356475300400533,5.7739415,17.060457,2.038042222106071,0.0,0.0,0.0,3.0457931666573614,0.0,0.0,2.663829022455844,0.0,0.0,2.663829022455844,2.038042222106071,0.0,2.038042222106071,2.663829022455844,3.53741208686911,4.112186229024063,3.714873768863444,2.663829022455844,0.0,3.8655385921857377,0.0,3.714873768863444,0.0,0.0,0.0,0.0,-1.8668072790887686,Intermediate
CFA2_GAGGGAGCAATGCCTA-1,CFA2,CFA,Microglia,16,661,798,0.7518796992481203,6.166334,16.115469,3.2605035097703694,0.0,0.0,0.0,0.0,0.0,0.0,0.0,0.0,0.0,0.0,0.0,2.6050076133284237,0.0,3.2605035097703694,0.0,3.6530964343385497,3.2605035097703694,0.0,2.6050076133284237,3.2605035097703694,0.0,3.934279742133101,0.0,0.0,0.0,0.0,-1.5537586588069683,Intermediate
CFA2_GATAATCGTGATTACG-1,CFA2,CFA,Microglia,16,1026,1437,0.5567153792623522,5.859332,17.163774,0.0,0.0,0.0,0.0,2.074296106702192,0.0,0.0,2.074296106702192,0.0,0.0,2.702560793942111,3.5778001507585264,2.074296106702192,2.074296106702192,3.3616165944113865,0.0,3.906258335308538,4.037272108091662,0.0,3.0854279360640264,2.074296106702192,0.0,3.3616165944113865,0.0,0.0,0.0,0.0,-1.3556074934248294,Intermediate
CFA2_GATGCATTCTCAATAG-1,CFA2,CFA,Microglia,16,1051,1470,1.1564625850340136,6.342371,16.633814,0.0,0.0,0.0,0.0,2.054472530350634,0.0,0.0,0.0,0.0,0.0,0.0,0.0,2.054472530350634,0.0,2.6813942111000446,2.054472530350634,4.4144049179215346,3.339707873467645,2.054472530350634,2.6813942111000446,2.6813942111000446,0.0,0.0,0.0,0.0,0.0,0.0,-2.172332363696802,Homeostatic
CFA2_GATGGACAGGGACGCA-1,CFA2,CFA,Microglia,16,1020,1484,0.20215633423180593,5.7014365,17.360458,0.0,0.0,0.0,0.0,3.054738335535015,0.0,0.0,2.046213617513629,0.0,0.0,2.672567327298024,2.046213617513629,0.0,2.672567327298024,3.054738335535015,2.672567327298024,3.724035833617497,4.225160005842897,2.672567327298024,2.672567327298024,2.672567327298024,0.0,3.3305666659822992,3.054738335535015,0.0,0.0,0.0,-2.2904822823695152,Homeostatic
CFA2_GATTAGTGTTTGTGGA-1,CFA2,CFA,Microglia,26,1815,3222,1.0862818125387959,7.2406197,14.507,0.0,0.0,0.0,0.0,0.0,0.0,1.4118798241566037,0.0,0.0,0.0,1.4118798241566037,3.8618855653749247,3.3649814605831363,0.0,0.0,2.5963473401260524,1.4118798241566037,0.0,0.0,0.0,1.4118798241566037,0.0,3.123493637505534,1.4118798241566037,0.0,1.4118798241566037,0.0,0.09561175523519005,DAM-like
CFA2_GATTCAGGTAAATTGC-1,CFA2,CFA,Microglia,6,786,1183,0.591715976331361,0.6787861,-0.20014343,0.0,0.0,0.0,0.0,0.0,0.0,0.0,0.0,0.0,0.0,0.0,0.0,0.0,0.0,0.0,2.2463411830498017,0.0,0.0,0.0,0.0,0.0,0.0,0.0,0.0,0.0,0.0,0.0,-0.2807926478812252,DAM-like
CFA2_GATTGCAGTTCGCTCA-1,CFA2,CFA,Microglia,16,1568,2451,0.12239902080783352,5.675629,16.476946,3.515708072948847,0.0,0.0,0.0,1.6253048364243,0.0,0.0,2.8518543650599466,2.214839052080103,0.0,2.214839052080103,3.0633832958915113,3.6301826698863113,0.0,0.0,2.5832351547702865,3.8260214666610706,3.6301826698863113,1.6253048364243,0.0,2.5832351547702865,0.0,2.5832351547702865,1.6253048364243,0.0,0.0,0.0,-0.3105273069008687,DAM-like
CFA2_GCAATCTAGTAACCAC-1,CFA2,CFA,Microglia,16,1332,2125,1.9764705882352942,6.303936,16.910084,0.0,0.0,0.0,0.0,2.986869586296146,0.0,0.0,2.986869586296146,0.0,0.0,2.342936388517613,0.0,0.0,2.342936388517613,3.3753766820404127,1.7414976344471667,3.3753766820404127,3.1998728777425853,0.0,2.342936388517613,2.986869586296146,0.0,2.986869586296146,2.7158627408390035,0.0,0.0,0.0,-1.7808640060187124,Intermediate
CFA2_GCAGGAAGTTCCGGGA-1,CFA2,CFA,Microglia,16,1085,1574,4.510800508259212,6.032222,16.989433,0.0,0.0,0.0,0.0,1.9951410531564355,0.0,0.0,1.9951410531564355,0.0,0.0,0.0,1.9951410531564355,0.0,0.0,2.6178687359580257,2.6178687359580257,4.631343092058315,2.9987138471143235,3.666619553522226,2.6178687359580257,3.817111729532652,0.0,2.6178687359580257,0.0,0.0,0.0,0.0,-2.410507137649676,Homeostatic
CFA2_GCCATGATCGAGCTAT-1,CFA2,CFA,Microglia,16,1360,2069,0.04833252779120348,5.7461796,17.507513,0.0,1.7635747828723547,0.0,0.0,2.7408244326656606,0.0,0.0,3.0122457286492175,0.0,0.0,3.4011812706897775,4.156259114521383,0.0,2.7408244326656606,1.7635747828723547,2.7408244326656606,3.898583656406007,3.680494958083619,2.367108510102617,2.367108510102617,3.550558594677762,0.0,3.550558594677762,0.0,0.0,0.0,0.0,-1.7290897093586992,Intermediate
CFA2_GCCTTTGGTTCATCTA-1,CFA2,CFA,Microglia,16,1399,2346,0.2131287297527707,5.999278,17.254541,0.0,0.0,0.0,0.0,1.6606203737404206,0.0,0.0,2.2539355838938624,0.0,0.0,2.2539355838938624,1.6606203737404206,1.6606203737404206,2.623778615466303,2.623778615466303,1.6606203737404206,3.9541413460293824,2.893162215402461,0.0,3.4287484145175613,2.893162215402461,0.0,2.2539355838938624,1.6606203737404206,0.0,0.0,0.0,-1.7796945676562665,Intermediate
CFA2_GCCTTTGGTTTAGCGA-1,CFA2,CFA,Microglia,16,1312,2144,0.9328358208955223,5.6776752,17.551521,0.0,0.0,0.0,0.0,2.3348933362267035,0.0,0.0,0.0,0.0,0.0,2.3348933362267035,0.0,2.978419082352315,2.3348933362267035,2.978419082352315,2.978419082352315,4.442124339818777,3.515990878470173,2.978419082352315,3.515990878470173,3.19133587888665,0.0,2.3348933362267035,1.7341619774447186,0.0,0.0,0.0,-2.6536255502657378,Homeostatic
CFA2_GCGATTAGTTATAGCG-1,CFA2,CFA,Microglia,16,706,941,0.5313496280552604,6.226069,16.473322,2.45332933989141,0.0,0.0,0.0,3.4928943046399334,0.0,0.0,0.0,0.0,0.0,0.0,3.991480239693743,3.102521099190773,2.45332933989141,2.45332933989141,3.102521099190773,3.991480239693743,3.772944145320844,2.45332933989141,3.102521099190773,0.0,0.0,0.0,0.0,0.0,0.0,0.0,-1.6630875958902678,Intermediate
CFA2_GCGCTTAAGGTTTGAC-1,CFA2,CFA,Microglia,16,965,1297,1.6962220508866617,5.920772,16.330643,4.006800345464409,0.0,0.0,0.0,0.0,0.0,0.0,0.0,0.0,0.0,0.0,2.164483298410485,0.0,0.0,3.4607359527691424,2.164483298410485,3.6775783656002585,2.164483298410485,2.164483298410485,2.798512312391052,2.164483298410485,0.0,2.164483298410485,0.0,0.0,0.0,0.0,-1.8496308515983841,Intermediate
CFA2_GCGGTTATCACCGGTA-1,CFA2,CFA,Microglia,16,1037,1570,0.12738853503184713,5.818465,17.283592,0.0,0.0,0.0,0.0,3.0011316832096835,0.0,0.0,3.0011316832096835,0.0,0.0,1.9973399218453687,3.0011316832096835,2.6202278410408484,0.0,3.0011316832096835,1.9973399218453687,3.669099119562902,3.669099119562902,1.9973399218453687,3.2763031339043294,3.669099119562902,0.0,3.0011316832096835,0.0,0.0,0.0,0.0,-1.6121601322431995,Intermediate
CFA2_GCGGTTGGTAGCTAAT-1,CFA2,CFA,Microglia,16,1041,1547,0.25856496444731736,5.7929134,17.497162,0.0,0.0,0.0,0.0,3.0151609257119896,2.0101080913787897,0.0,2.633919024131167,0.0,0.0,0.0,3.290507744937761,3.0151609257119896,2.633919024131167,3.0151609257119896,2.0101080913787897,4.363983447665466,4.080534930013976,3.506176441252306,2.633919024131167,3.6834835389905707,0.0,3.290507744937761,0.0,0.0,2.0101080913787897,0.0,-2.1666909308423756,Homeostatic
CFA2_GCTGTAAGTACCGAAC-1,CFA2,CFA,Microglia,6,805,1003,0.6979062811565304,-0.29835492,-0.083062775,0.0,0.0,0.0,0.0,0.0,0.0,0.0,0.0,0.0,0.0,0.0,0.0,0.0,0.0,2.395172453907977,0.0,0.0,2.395172453907977,0.0,0.0,0.0,0.0,0.0,2.395172453907977,0.0,0.0,0.0,-0.5987931134769943,DAM-like
CFA2_GGAAGCTAGTCCTGAG-1,CFA2,CFA,Microglia,16,835,1171,0.25619128949615716,6.1577387,16.811531,0.0,0.0,0.0,0.0,3.7773148807112653,0.0,0.0,2.255463049973131,0.0,0.0,2.255463049973131,2.255463049973131,0.0,2.255463049973131,3.559876040402459,2.255463049973131,4.639344686461667,3.559876040402459,3.7773148807112653,2.255463049973131,3.2816300907792986,0.0,0.0,0.0,0.0,0.0,0.0,-2.38699970488221,Homeostatic
CFA2_GGACTAAAGTTTGAGC-1,CFA2,CFA,Microglia,16,1215,1933,0.1551991722710812,5.5179563,16.625916,4.909015545640801,0.0,0.0,0.0,2.4289191517530946,0.0,0.0,2.4289191517530946,0.0,0.0,2.4289191517530946,3.2908812260365083,1.8202344711613248,1.8202344711613248,2.4289191517530946,2.4289191517530946,3.861986850642516,3.861986850642516,3.2908812260365083,3.2908812260365083,3.2908812260365083,0.0,3.076999906214846,1.8202344711613248,1.8202344711613248,0.0,0.0,-1.7030371386348422,Intermediate
CFA2_GGATTGCGTTAATGAC-1,CFA2,CFA,Microglia,16,1211,1788,0.5033557046979865,6.0371766,17.078804,0.0,0.0,0.0,0.0,1.8859843881241258,0.0,0.0,0.0,0.0,0.0,0.0,2.8779911833266105,0.0,1.8859843881241258,1.8859843881241258,2.5002616827701054,4.505189159486074,3.6926196544157075,0.0,3.151511540223939,3.3660607854450784,0.0,1.8859843881241258,0.0,0.0,0.0,0.0,-2.2569917904812806,Homeostatic
CFA2_GGCCGTTAGGAACCGG-1,CFA2,CFA,Microglia,16,619,771,0.0,6.3766537,16.552572,0.0,0.0,0.0,0.0,0.0,0.0,0.0,3.293624688512779,0.0,0.0,2.636924242787441,2.636924242787441,0.0,3.6866395934121914,3.293624688512779,3.6866395934121914,3.9680379497882643,3.6866395934121914,2.636924242787441,3.9680379497882643,3.293624688512779,0.0,4.519516217687862,0.0,0.0,0.0,0.0,-2.8684846394465198,Homeostatic
CFA2_GGCTTAAGTCGTAATG-1,CFA2,CFA,Microglia,16,827,1062,0.09416195856873823,6.2804694,16.67437,0.0,0.0,0.0,0.0,0.0,0.0,0.0,0.0,0.0,0.0,0.0,2.343361888752739,0.0,0.0,2.343361888752739,3.3758312843280724,2.343361888752739,2.9873165461386586,0.0,0.0,2.9873165461386586,0.0,3.6549291967908255,0.0,2.343361888752739,0.0,0.0,-1.5743899124367249,Intermediate
CFA2_GGGAGTAGTGCAATAT-1,CFA2,CFA,Microglia,16,848,1153,0.6938421509106678,5.8868294,16.620972,2.2693412787254776,0.0,0.0,0.0,2.2693412787254776,0.0,0.0,2.909414498118091,0.0,0.0,3.2965433074954005,3.2965433074954005,0.0,2.909414498118091,3.2965433074954005,3.2965433074954005,3.2965433074954005,4.733997339335444,3.2965433074954005,2.909414498118091,3.2965433074954005,0.0,3.574929587188509,2.2693412787254776,0.0,0.0,0.0,-2.299351807549552,Homeostatic
CFA2_GGGAGTAGTTAGAGCC-1,CFA2,CFA,Microglia,16,810,1114,0.26929982046678635,6.3643403,16.672297,0.0,0.0,0.0,0.0,2.301056521910102,0.0,0.0,0.0,0.0,0.0,2.301056521910102,2.301056521910102,0.0,2.301056521910102,2.942829892212538,2.942829892212538,4.288784171912889,3.8269797956923775,2.942829892212538,2.942829892212538,3.6092653008991062,0.0,3.8269797956923775,2.301056521910102,0.0,0.0,0.0,-2.6936626263903625,Homeostatic
CFA2_GGGCCTAGTTAAGCTG-1,CFA2,CFA,Microglia,6,743,1012,0.691699604743083,0.054325987,-0.64087385,2.387057016415087,0.0,0.0,0.0,0.0,0.0,0.0,0.0,0.0,0.0,0.0,0.0,0.0,0.0,2.387057016415087,0.0,0.0,0.0,0.0,0.0,0.0,0.0,0.0,0.0,0.0,0.0,0.0,-0.11476235655841766,DAM-like
CFA2_GGTAGGAGTGATGGCT-1,CFA2,CFA,Microglia,26,737,985,0.20304568527918782,6.9548035,14.74676,4.963767139550423,0.0,0.0,0.0,0.0,0.0,0.0,0.0,0.0,0.0,0.0,2.4116443436466217,4.2775822249255855,0.0,3.0589215345956022,0.0,0.0,2.4116443436466217,0.0,0.0,0.0,0.0,3.0589215345956022,0.0,0.0,0.0,0.0,0.21256339661377033,DAM-like
CFA2_GGTGCTGGTACTTAGG-1,CFA2,CFA,Microglia,16,1219,1970,0.3045685279187817,5.5542946,17.342094,1.8043699768199848,0.0,0.0,0.0,0.0,0.0,0.0,1.8043699768199848,0.0,0.0,2.786764420321853,3.2726330862704534,1.8043699768199848,1.8043699768199848,1.8043699768199848,2.4116443436466217,4.345649590195617,4.345649590195617,2.4116443436466217,2.786764420321853,2.786764420321853,0.0,2.4116443436466217,2.4116443436466217,0.0,0.0,0.0,-1.954606510665076,Homeostatic
CFA2_GGTGTCCAGCTTAGTA-1,CFA2,CFA,Microglia,16,938,1235,0.24291497975708504,6.3610334,16.345867,0.0,0.0,0.0,0.0,2.207962935557352,0.0,0.0,0.0,0.0,0.0,0.0,2.207962935557352,2.207962935557352,2.207962935557352,3.2304682908655926,0.0,3.7253519221717406,3.5082164402053784,0.0,2.207962935557352,3.2304682908655926,0.0,3.2304682908655926,0.0,2.207962935557352,0.0,0.0,-1.7542739436973334,Intermediate
CFA2_GGTTATGGTATTACCC-1,CFA2,CFA,Microglia,16,1015,1437,0.4871259568545582,5.695633,16.419748,3.755454652425397,0.0,0.0,0.0,0.0,0.0,0.0,0.0,0.0,0.0,2.074296106702192,2.702560793942111,0.0,0.0,0.0,2.074296106702192,4.15309260345251,4.037272108091662,0.0,2.074296106702192,2.702560793942111,0.0,4.037272108091662,0.0,0.0,0.0,0.0,-1.2238580569328947,Intermediate
CFA2_GGTTGGTGTCCGCTGT-1,CFA2,CFA,Microglia,16,1170,1603,0.43668122270742354,5.7278647,16.238976,5.618534414790655,0.0,0.0,0.0,2.6009553203074236,0.0,0.0,1.9793868117379925,0.0,0.0,2.6009553203074236,2.981375179168107,2.981375179168107,0.0,1.9793868117379925,2.981375179168107,4.045587148608067,4.149196188640091,1.9793868117379925,2.6009553203074236,2.981375179168107,0.0,3.2562954064242278,0.0,0.0,0.0,0.0,-1.1463822741148413,DAM-like
CFA2_GTACTTAAGTTGCCTC-1,CFA2,CFA,Microglia,16,920,1227,0.8964955175224123,6.3043,16.377716,2.213749425747868,0.0,0.0,0.0,0.0,0.0,0.0,2.8507017905335323,0.0,0.0,0.0,2.8507017905335323,3.2367109394726663,0.0,2.8507017905335323,2.8507017905335323,4.412793353959194,3.7316945710698364,2.213749425747868,0.0,2.8507017905335323,0.0,3.5145212157911714,0.0,2.213749425747868,0.0,0.0,-1.5059571521212174,Intermediate
CFA2_GTAGTTTCAGCAAATA-1,CFA2,CFA,Microglia,16,1041,1464,0.9562841530054645,6.0908155,17.006174,0.0,0.0,0.0,0.0,2.0586353350948854,0.0,0.0,0.0,0.0,0.0,2.0586353350948854,2.6858414003615403,2.0586353350948854,2.0586353350948854,2.0586353350948854,3.068323130232015,3.068323130232015,3.7379462457086734,2.0586353350948854,0.0,3.068323130232015,0.0,2.6858414003615403,0.0,0.0,0.0,0.0,-1.7081798278537716,Intermediate
CFA2_GTCTAACAGAGGAGTC-1,CFA2,CFA,Microglia,16,1088,1562,1.1523687580025608,5.5520387,16.739523,2.0017568072427903,0.0,0.0,0.0,2.0017568072427903,0.0,0.0,2.624965454699432,0.0,0.0,2.624965454699432,0.0,2.0017568072427903,2.624965454699432,3.4968179156606927,3.005986813908447,3.8245971554070928,4.506770732244791,2.624965454699432,0.0,2.0017568072427903,0.0,3.005986813908447,0.0,0.0,0.0,0.0,-1.8949478239538164,Intermediate
CFA2_GTGCGCAGTCCGGTTC-1,CFA2,CFA,Microglia,2,2377,4276,0.07015902712815715,-4.558622,-1.1469342,0.0,0.0,0.0,0.0,0.0,0.0,0.0,0.0,0.0,0.0,0.0,0.0,0.0,0.0,1.7364702148108098,0.0,0.0,0.0,0.0,0.0,0.0,1.205561812465115,0.0,0.0,1.205561812465115,0.0,0.0,-0.21705877685135122,DAM-like
CFA2_GTGGCTTCAGCTACGT-1,CFA2,CFA,Microglia,16,1062,1575,0.12698412698412698,5.3907766,16.635645,5.636092608763911,0.0,0.0,0.0,3.6660006717290052,0.0,0.0,2.617279964691895,0.0,0.0,1.9945923276947013,3.488781786679719,2.9981103959589586,0.0,2.617279964691895,2.9981103959589586,3.816490578706582,3.6660006717290052,0.0,2.9981103959589586,0.0,0.0,1.9945923276947013,1.9945923276947013,0.0,0.0,0.0,-0.4427022504561988,DAM-like
CFA2_GTGTAACTCCTAGTAA-1,CFA2,CFA,Microglia,16,1186,1679,0.1786777843954735,6.0199804,16.92104,1.9395939792010246,0.0,0.0,0.0,1.9395939792010246,0.0,0.0,2.9374556226960498,0.0,0.0,1.9395939792010246,2.5581456719509754,1.9395939792010246,2.5581456719509754,2.5581456719509754,2.5581456719509754,3.7539994395810994,2.9374556226960498,0.0,0.0,2.5581456719509754,0.0,3.2117990267394303,0.0,0.0,0.0,0.0,-1.0959680101869682,DAM-like
CFA2_GTGTCCAAGCTCAAAC-1,CFA2,CFA,Microglia,2,3631,8431,0.09488791365199857,-6.2300153,-5.438343,0.782118640628947,0.0,0.0,0.0,0.0,0.0,0.0,0.0,0.0,0.0,0.0,0.782118640628947,1.2155647102156288,0.0,1.2155647102156288,0.0,0.0,0.0,0.0,0.0,0.0,0.782118640628947,0.0,0.0,1.2155647102156288,0.0,0.782118640628947,0.061885333644086604,DAM-like
CFA2_GTTAATGTCTTTAAGG-1,CFA2,CFA,Microglia,16,907,1302,0.2304147465437788,6.313954,16.381815,0.0,0.0,0.0,0.0,2.161078157421274,0.0,0.0,2.161078157421274,0.0,0.0,2.161078157421274,0.0,2.7948994212345966,0.0,2.161078157421274,0.0,4.0030228337313485,3.4570093811582225,2.7948994212345966,3.179780449481933,2.7948994212345966,0.0,3.4570093811582225,2.161078157421274,0.0,0.0,0.0,-1.5851336008405603,Intermediate
CFA2_GTTACCTGTTTGACCT-1,CFA2,CFA,Microglia,16,1144,1633,0.1837109614206981,6.272825,16.2626,0.0,0.0,0.0,0.0,0.0,0.0,1.9634270728463012,0.0,0.0,0.0,0.0,0.0,1.9634270728463012,1.9634270728463012,0.0,0.0,3.9118147779940418,0.0,0.0,1.9634270728463012,2.9637820654961278,0.0,0.0,0.0,0.0,0.0,0.0,-1.048240670133031,DAM-like
CFA2_GTTGCGGGTGGTGAGA-1,CFA2,CFA,Microglia,16,804,1112,0.6294964028776978,5.8597174,16.814156,2.3018654096236517,0.0,0.0,0.0,2.3018654096236517,0.0,0.0,2.3018654096236517,0.0,0.0,3.6101398538615377,3.6101398538615377,2.3018654096236517,0.0,2.9436814033726324,0.0,5.092955428599614,3.6101398538615377,2.3018654096236517,2.9436814033726324,2.3018654096236517,0.0,2.3018654096236517,0.0,0.0,0.0,0.0,-1.135601202309201,DAM-like
CFA2_GTTTACCGTTTGCGCC-1,CFA2,CFA,Microglia,16,1097,1630,1.0429447852760736,6.049044,17.108109,0.0,0.0,0.0,0.0,1.9650079517119021,0.0,1.9650079517119021,2.9655260224988864,0.0,0.0,1.9650079517119021,1.9650079517119021,1.9650079517119021,1.9650079517119021,2.5855012251462965,1.9650079517119021,4.1327587523310045,3.4555228840728867,2.5855012251462965,1.9650079517119021,3.913616826644594,0.0,3.4555228840728867,1.9650079517119021,0.0,0.0,0.0,-1.8371009205935676,Intermediate
CFA2_TAAGGCTTCCCGAAGC-1,CFA2,CFA,Microglia,16,1168,1805,1.2742382271468145,5.577496,16.775457,3.142455357817177,0.0,0.0,1.8779625787526322,3.356926077918871,0.0,0.0,4.032498627038987,0.0,0.0,1.8779625787526322,3.9291061705893062,3.356926077918871,0.0,2.8690629183459233,2.8690629183459233,3.683393519727738,3.533423675554942,1.8779625787526322,1.8779625787526322,2.8690629183459233,0.0,2.8690629183459233,1.8779625787526322,0.0,1.8779625787526322,0.0,-0.7879654293406393,DAM-like
CFA2_TACAACATCCACCTGT-1,CFA2,CFA,Microglia,16,1359,2076,0.6262042389210019,5.4255576,16.722841,4.417493274383339,0.0,0.0,0.0,2.3640480802736126,0.0,0.0,2.3640480802736126,0.0,0.0,2.73766512164114,2.73766512164114,2.73766512164114,1.7607770465409502,2.73766512164114,1.7607770465409502,4.152934549173686,3.677202681987859,3.397916475505736,2.3640480802736126,2.73766512164114,0.0,3.0090345415733855,0.0,2.3640480802736126,0.0,0.0,-1.4883475115782123,Intermediate
CFA2_TACAAGCTCCCGTTGT-1,CFA2,CFA,Microglia,16,1096,1679,1.0720667063728408,5.8015604,17.258621,0.0,0.0,0.0,0.0,2.5581456719509754,0.0,0.0,1.9395939792010246,0.0,0.0,1.9395939792010246,1.9395939792010246,2.5581456719509754,2.5581456719509754,3.2117990267394303,2.9374556226960498,4.197430306723842,3.426853131346531,2.5581456719509754,2.9374556226960498,3.2117990267394303,0.0,3.603745138317478,0.0,0.0,0.0,0.0,-2.288726026912716,Homeostatic
CFA2_TACAGCTAGAGAGCCG-1,CFA2,CFA,Microglia,16,1034,1406,0.9246088193456615,6.3549485,16.487373,0.0,0.0,0.0,0.0,2.0933907393458737,0.0,0.0,0.0,0.0,0.0,2.0933907393458737,2.7229224631737106,2.7229224631737106,2.7229224631737106,2.0933907393458737,3.3826770044780465,4.372432392618408,3.9276331060398846,2.0933907393458737,2.0933907393458737,3.776758756860055,0.0,3.106250164074289,3.3826770044780465,0.0,0.0,0.0,-2.316853230724876,Homeostatic
CFA2_TACAGGTTCCTGAATA-1,CFA2,CFA,Microglia,16,1347,2236,1.073345259391771,5.391302,16.750452,5.264283180082056,0.0,0.0,1.6996938709958043,3.3262450551598635,0.0,0.0,2.938584382651415,0.0,0.0,2.938584382651415,2.938584382651415,2.6683952851694124,0.0,2.938584382651415,2.2970240417983705,4.220743393046135,4.400613995086996,1.6996938709958043,1.6996938709958043,3.475249981297244,0.0,2.6683952851694124,1.6996938709958043,0.0,0.0,0.0,-0.9164988620330958,DAM-like
CFA2_TAGGTTGGTCAAGTAT-1,CFA2,CFA,Microglia,16,972,1398,0.14306151645207438,5.390653,16.620975,3.9332272139371174,0.0,0.0,0.0,2.0983952576011893,0.0,0.0,3.1117015528065073,0.0,0.0,0.0,3.1117015528065073,0.0,0.0,3.1117015528065073,2.7282548159047963,4.180180952571001,3.604556617386631,0.0,2.7282548159047963,3.1117015528065073,0.0,3.3881899266739803,0.0,0.0,0.0,0.0,-1.490387013257044,Intermediate
CFA2_TATAGCCAGTTAGACC-1,CFA2,CFA,Microglia,23,2268,4622,0.19472090004327133,-2.4381974,-6.663845,0.0,0.0,0.0,0.0,0.0,0.0,0.0,0.0,0.0,0.0,0.0,0.0,0.0,0.0,1.1518477195471715,0.0,0.0,0.0,0.0,0.0,0.0,0.0,0.0,1.1518477195471715,0.0,1.1518477195471715,0.0,-0.14398096494339643,DAM-like
CFA2_TATCACGCAAGGTGCA-1,CFA2,CFA,Microglia,16,972,1428,0.21008403361344538,5.7683525,17.31223,0.0,0.0,0.0,0.0,2.708423614101321,0.0,0.0,2.708423614101321,0.0,0.0,2.708423614101321,2.708423614101321,2.708423614101321,2.079791620451134,2.708423614101321,2.708423614101321,4.663835400541381,3.761590893346054,2.708423614101321,3.58390790730461,3.36768211680924,0.0,0.0,3.0914243513961823,0.0,0.0,0.0,-2.156058457555578,Homeostatic
CFA2_TATTCGTTCTGGCATG-1,CFA2,CFA,Microglia,16,1041,1579,0.18999366687777072,6.0247335,17.147028,0.0,0.0,0.0,0.0,2.614928884279824,0.0,0.0,2.614928884279824,0.0,0.0,2.9957006074414787,3.944780140634429,1.992401377356631,0.0,3.663529168052346,3.4863228776323147,3.2708034968431052,4.257941124924114,2.614928884279824,1.992401377356631,1.992401377356631,0.0,2.9957006074414787,0.0,1.992401377356631,0.0,0.0,-1.57034950799853,Intermediate
CFA2_TCAATCGCATAAAGCA-1,CFA2,CFA,Microglia,6,1370,2058,0.3887269193391642,-0.7277018,-0.65937996,0.0,0.0,0.0,0.0,0.0,0.0,0.0,0.0,0.0,0.0,0.0,0.0,0.0,0.0,0.0,1.7679937026553558,0.0,0.0,0.0,0.0,0.0,0.0,0.0,0.0,0.0,0.0,0.0,-0.22099921283191948,DAM-like
CFA2_TCAGCGATCCAATTAG-1,CFA2,CFA,Microglia,16,1709,2914,0.13726835964310227,5.808182,17.348354,0.0,0.0,0.0,0.0,0.0,0.0,0.0,2.424371391400178,0.0,0.0,1.488785286431262,2.062221369698421,1.488785286431262,1.488785286431262,2.062221369698421,2.8991412463610855,3.9603489640835035,3.6570997592377577,1.488785286431262,1.488785286431262,3.3482772182763894,0.0,3.0722420066838194,0.0,0.0,0.0,0.0,-1.9750141418141665,Homeostatic
CFA2_TCAGTGAGTAGTAAGA-1,CFA2,CFA,Microglia,16,992,1398,0.14306151645207438,5.8647676,16.452074,3.3881899266739803,0.0,0.0,0.0,2.0983952576011893,0.0,0.0,2.0983952576011893,0.0,0.0,2.0983952576011893,3.782334617521055,0.0,2.0983952576011893,3.604556617386631,3.1117015528065073,3.9332272139371174,2.7282548159047963,2.0983952576011893,2.7282548159047963,2.0983952576011893,0.0,2.0983952576011893,0.0,0.0,0.0,0.0,-1.7643237280545732,Intermediate
CFA2_TCATTACTCATGAGCT-1,CFA2,CFA,Microglia,16,1020,1577,0.31705770450221943,5.652901,17.356482,0.0,0.0,0.0,0.0,1.9934960632426901,0.0,0.0,2.996904699500671,0.0,0.0,1.9934960632426901,3.815249485330316,2.616103624576347,1.9934960632426901,0.0,1.9934960632426901,3.9460230515132926,3.272022821773874,1.9934960632426901,2.616103624576347,1.9934960632426901,0.0,3.9460230515132926,1.9934960632426901,0.0,0.0,0.0,-1.1940744160933061,DAM-like
CFA2_TCCATATTCTTGCAGG-1,CFA2,CFA,Microglia,6,1003,1621,0.0,-0.7113011,-0.09663612,0.0,0.0,0.0,0.0,0.0,0.0,0.0,0.0,0.0,0.0,0.0,0.0,0.0,0.0,0.0,1.9697705634871976,0.0,0.0,0.0,0.0,0.0,1.9697705634871976,0.0,0.0,1.9697705634871976,0.0,0.0,-0.2462213204358997,DAM-like
CFA2_TCCATCATCGGGCCAT-1,CFA2,CFA,Microglia,17,3274,7861,0.13993130644956112,-1.0926642,-5.8391833,0.0,0.0,0.0,0.0,0.0,0.0,0.0,0.8207057401107271,0.0,0.0,0.0,0.0,0.8207057401107271,0.0,1.2653140366503615,0.8207057401107271,0.8207057401107271,0.8207057401107271,0.0,0.0,0.0,1.5720077337216356,0.0,0.0,0.0,0.0,0.0,-0.3396664855673214,DAM-like
CFA2_TCCGGTAAGCTTAACA-1,CFA2,CFA,Microglia,16,936,1398,0.5007153075822603,5.96676,17.219599,0.0,0.0,0.0,0.0,3.3881899266739803,0.0,0.0,3.1117015528065073,0.0,0.0,0.0,2.0983952576011893,2.0983952576011893,0.0,3.3881899266739803,3.3881899266739803,4.970240405936942,4.064308058870458,0.0,3.782334617521055,2.0983952576011893,0.0,3.3881899266739803,2.0983952576011893,0.0,0.0,0.0,-1.888635582261019,Intermediate
CFA2_TCCTAGTGTTACGCAA-1,CFA2,CFA,Microglia,16,1515,2273,1.2318521777386713,5.531988,16.858301,2.9230480395106713,0.0,0.0,1.686301182744965,1.686301182744965,0.0,0.0,2.6531304224751575,0.0,0.0,0.0,0.0,0.0,2.9230480395106713,0.0,2.6531304224751575,4.268179557215819,3.310427400145902,1.686301182744965,3.1353794405062674,2.6531304224751575,0.0,2.2822746376989413,2.2822746376989413,0.0,0.0,0.0,-1.890331802174569,Intermediate
CFA2_TCCTCAATCCAAGTGT-1,CFA2,CFA,Microglia,16,1323,2148,0.8379888268156425,5.6862106,17.284655,0.0,0.0,0.0,0.0,2.7058130637038538,0.0,0.0,2.3332100223141023,0.0,0.0,3.1895486531539143,2.976650057090663,2.3332100223141023,1.7326273705368842,3.5141823881613345,0.0,4.592746967665268,4.493728731775067,3.3649814605831363,1.7326273705368842,3.5141823881613345,0.0,3.1895486531539143,1.7326273705368842,1.7326273705368842,0.0,0.0,-1.8267167524792864,Intermediate
CFA2_TCCTTGCAGCTATATG-1,CFA2,CFA,Microglia,16,1727,3168,0.5050505050505051,5.361786,17.12709,4.001471679240632,0.0,0.0,0.0,2.8206531355731097,0.0,0.0,0.0,0.0,0.0,2.3487706381406874,3.4835642669125892,2.8206531355731097,1.9899440847318295,2.8206531355731097,2.8206531355731097,4.298970167472468,4.057613537453623,0.0,1.9899440847318295,2.8206531355731097,0.0,3.268065866974961,1.9899440847318295,0.0,0.0,0.0,-1.4094106135663171,Intermediate
CFA2_TCCTTTACAGGCGATA-1,CFA2,CFA,Microglia,16,1099,1617,0.06184291898577613,5.672317,16.829136,3.463278494997728,0.0,0.0,0.0,0.0,0.0,0.0,0.0,0.0,0.0,2.592907461580946,2.592907461580946,0.0,0.0,0.0,1.971896961936368,4.320304181797199,2.592907461580946,2.592907461580946,1.971896961936368,2.592907461580946,0.0,0.0,0.0,0.0,0.0,0.0,-1.3400376829816258,Intermediate
CFA2_TCGGTTACAGCTTAGC-1,CFA2,CFA,Microglia,16,1287,2163,0.6934812760055479,5.750081,16.632425,4.834905004543567,0.0,0.0,1.7269024096653776,1.7269024096653776,0.0,0.0,2.326928084806615,0.0,0.0,0.0,3.358263820472134,2.326928084806615,1.7269024096653776,2.326928084806615,0.0,3.9484570234612164,3.507431302198639,0.0,2.970046912225867,1.7269024096653776,0.0,1.7269024096653776,0.0,0.0,0.0,0.0,-0.7719235320636797,DAM-like
CFA2_TCTAGCACATTCCTGT-1,CFA2,CFA,Microglia,16,1366,2116,0.6616257088846881,5.63114,16.7262,2.99090020199846,0.0,0.0,0.0,1.744999379168938,0.0,0.0,1.744999379168938,0.0,0.0,2.3467738144796337,2.7198268343263847,1.744999379168938,0.0,2.3467738144796337,2.3467738144796337,3.658605367762308,3.37947609071089,1.744999379168938,2.99090020199846,2.3467738144796337,0.0,2.3467738144796337,2.7198268343263847,0.0,0.0,0.0,-1.329287888207145,Intermediate
CFA2_TGAGCAAAGGCAACAA-1,CFA2,CFA,Microglia,16,878,1288,0.5434782608695652,5.8053594,17.344313,0.0,0.0,0.0,0.0,3.190144009771051,0.0,0.0,2.805052905993226,0.0,0.0,2.805052905993226,2.170649586868351,2.805052905993226,0.0,3.190144009771051,3.684366179002794,4.890255722654714,4.624302755695165,2.805052905993226,2.805052905993226,3.4674812731642644,0.0,3.190144009771051,2.170649586868351,0.0,0.0,0.0,-2.123643329448222,Homeostatic
CFA2_TGAGCACGTGACATGC-1,CFA2,CFA,Microglia,16,558,691,1.1577424023154848,6.1785235,16.07579,2.740372406427786,0.0,0.0,0.0,0.0,0.0,0.0,2.740372406427786,0.0,0.0,0.0,3.4007141731482835,2.740372406427786,2.740372406427786,3.4007141731482835,3.4007141731482835,4.629367801573695,4.878510778850308,3.4007141731482835,3.4007141731482835,2.740372406427786,0.0,3.4007141731482835,2.740372406427786,0.0,0.0,0.0,-2.679947980547039,Homeostatic
CFA2_TGAGTTTCACTCAACA-1,CFA2,CFA,Microglia,16,980,1310,1.297709923664122,6.2394943,16.087852,2.155660152914969,0.0,0.0,2.155660152914969,2.7891493088974655,0.0,0.0,0.0,0.0,0.0,0.0,2.7891493088974655,0.0,0.0,2.7891493088974655,2.155660152914969,2.155660152914969,0.0,0.0,2.155660152914969,3.1739103981252543,0.0,2.7891493088974655,2.155660152914969,0.0,0.0,0.0,-0.7930151035190404,DAM-like
CFA2_TGATCAGGTTAGTGAT-1,CFA2,CFA,Microglia,16,818,1094,0.5484460694698354,6.241038,16.738163,0.0,0.0,0.0,0.0,2.316563717633253,0.0,0.0,2.316563717633253,0.0,0.0,0.0,2.316563717633253,2.959147935854633,2.316563717633253,3.3471741705277593,0.0,4.706726399501929,3.6260214214440336,0.0,2.959147935854633,3.3471741705277593,0.0,2.316563717633253,0.0,0.0,0.0,0.0,-1.775632585493525,Intermediate
CFA2_TGCACCTTCTCACAAA-1,CFA2,CFA,Microglia,16,1039,1468,0.06811989100817438,6.2254143,16.627926,0.0,0.0,0.0,0.0,2.0556596178287996,0.0,0.0,2.0556596178287996,2.0556596178287996,0.0,2.6826625241222586,3.341021115268542,2.0556596178287996,2.6826625241222586,3.0650702262746723,3.0650702262746723,3.885348866878597,3.885348866878597,0.0,3.341021115268542,2.6826625241222586,0.0,2.6826625241222586,3.341021115268542,0.0,0.0,0.0,-1.7300271121346806,Intermediate
CFA2_TGCTCTCAGAGGGACT-1,CFA2,CFA,Microglia,16,1285,2010,1.4427860696517412,5.863562,17.110699,0.0,0.0,0.0,0.0,2.393362173467386,0.0,0.0,1.7876049140209078,0.0,0.0,0.0,3.2533012857139965,1.7876049140209078,1.7876049140209078,1.7876049140209078,3.2533012857139965,4.105968286516259,3.8237625447232855,2.393362173467386,3.0397729631103063,3.2533012857139965,0.0,3.0397729631103063,0.0,0.0,0.0,0.0,-2.221209927662942,Homeostatic
CFA2_TGGAACAAGTGAACGA-1,CFA2,CFA,Microglia,16,860,1188,1.2626262626262625,6.2244563,16.575933,0.0,0.0,0.0,0.0,2.24257055439926,0.0,0.0,0.0,0.0,0.0,2.24257055439926,2.24257055439926,0.0,0.0,2.24257055439926,2.881163762741827,4.224496232054927,3.2677621845069003,0.0,3.2677621845069003,2.881163762741827,0.0,2.24257055439926,0.0,0.0,0.0,0.0,-1.8280985533345104,Intermediate
CFA2_TGGAACAAGTGTTGTA-1,CFA2,CFA,Microglia,2,2240,4361,0.09172208209126347,-4.1934857,-1.8495107,0.0,0.0,0.0,0.0,0.0,0.0,0.0,0.0,0.0,0.0,0.0,0.0,0.0,0.0,1.1918148102178523,0.0,0.0,0.0,0.0,0.0,0.0,1.1918148102178523,0.0,1.1918148102178523,0.0,0.0,0.0,-0.14897685127723154,DAM-like
CFA2_TGGCCAATCCCGCAAA-1,CFA2,CFA,Microglia,16,1270,2002,1.2987012987012987,5.5657954,17.27906,0.0,0.0,0.0,0.0,0.0,0.0,1.791342924047708,1.791342924047708,0.0,0.0,0.0,2.3974408512691476,0.0,0.0,2.772120096709859,2.3974408512691476,3.828152390953588,3.713084386710248,2.3974408512691476,3.257615893564153,3.713084386710248,0.0,3.044046371922139,0.0,0.0,0.0,0.0,-2.2998576110433326,Homeostatic
CFA2_TGTGCGGGTTGCCTCA-1,CFA2,CFA,Microglia,16,849,1201,0.7493755203996669,6.1163573,17.002869,0.0,0.0,0.0,0.0,3.258096538021482,0.0,0.0,2.8716796248840124,0.0,0.0,2.2335922215070942,3.258096538021482,2.8716796248840124,0.0,0.0,3.258096538021482,4.330733340286331,3.258096538021482,3.5361166995615263,2.8716796248840124,3.258096538021482,0.0,2.2335922215070942,0.0,0.0,0.0,0.0,-1.449245136978918,Intermediate
CFA2_TGTGGAGCACCCACCT-1,CFA2,CFA,Microglia,16,1054,1525,0.19672131147540983,6.1088715,16.99856,0.0,0.0,0.0,0.0,2.0225241788233372,0.0,0.0,3.6974491862177445,0.0,0.0,3.028786471791608,2.6472206402544196,2.0225241788233372,0.0,2.6472206402544196,0.0,3.6974491862177445,3.848052628876799,2.6472206402544196,2.0225241788233372,0.0,0.0,0.0,0.0,0.0,0.0,0.0,-0.825615743464075,DAM-like
CFA2_TTAGCGGTCGGCTAGC-1,CFA2,CFA,Microglia,16,418,516,0.7751937984496124,6.1739902,16.056581,3.014546420368209,0.0,0.0,0.0,3.014546420368209,0.0,0.0,0.0,0.0,0.0,0.0,0.0,0.0,0.0,3.682853583027596,3.014546420368209,4.079899649728557,4.363345471325125,3.014546420368209,3.682853583027596,3.014546420368209,0.0,3.014546420368209,0.0,0.0,0.0,0.0,-2.642797571162348,Homeostatic
CFA2_TTAGGCCCACTTAACG-1,CFA2,CFA,Microglia,16,1303,2160,0.23148148148148145,6.1123323,16.25272,2.3281806401830094,2.3281806401830094,0.0,1.7280436548419473,2.700615222614692,0.0,1.7280436548419473,3.184207695922324,0.0,0.0,3.184207695922324,3.638560343924229,3.8564319900282102,0.0,1.7280436548419473,2.700615222614692,4.035223439214303,3.638560343924229,1.7280436548419473,0.0,0.0,0.0,2.3281806401830094,2.3281806401830094,0.0,0.0,0.0,0.16937932891356722,DAM-like
CFA2_TTAGTCAAGTAAGGGC-1,CFA2,CFA,Microglia,3,2673,5214,0.07671653241273495,-2.3440106,-1.1245409,0.0,0.0,0.0,0.0,0.0,0.0,0.0,0.0,0.0,0.0,0.0,0.0,1.0708687410637996,0.0,1.0708687410637996,0.0,0.0,0.0,0.0,0.0,0.0,1.9100964152929425,0.0,1.0708687410637996,2.1600594578823182,0.0,0.0,-0.051484074089605744,DAM-like
CFA2_TTGACGTAGCTGTCAG-1,CFA2,CFA,Microglia,16,1042,1533,0.1304631441617743,5.7537303,17.4201,0.0,0.0,0.0,2.0179858913541247,3.299261692081177,0.0,0.0,0.0,0.0,0.0,2.0179858913541247,2.642360042234794,2.642360042234794,2.642360042234794,2.642360042234794,2.0179858913541247,3.8429322817957083,4.3729592309512535,0.0,3.02380801661965,3.299261692081177,0.0,2.642360042234794,0.0,2.0179858913541247,0.0,0.0,-1.7594427412543983,Intermediate
CFA2_TTGATGTCACGGTTTA-1,CFA2,CFA,Microglia,16,755,1058,0.4725897920604915,6.1126294,16.346775,2.3467738144796337,0.0,0.0,0.0,0.0,0.0,0.0,0.0,0.0,0.0,0.0,2.3467738144796337,0.0,0.0,2.3467738144796337,0.0,3.658605367762308,2.99090020199846,2.3467738144796337,2.3467738144796337,0.0,0.0,2.99090020199846,0.0,0.0,0.0,0.0,-1.3501862513453995,Intermediate
CFA2_TTGGGCCAGGTGTCCA-1,CFA2,CFA,Microglia,16,1101,1737,1.266551525618883,5.5913343,16.65668,3.1792285383044274,0.0,0.0,0.0,3.720847166295848,0.0,0.0,2.905323705413779,0.0,0.0,0.0,1.910586757859019,2.5268563904317602,2.5268563904317602,2.905323705413779,2.5268563904317602,4.328648023567373,3.966766300263527,0.0,0.0,3.720847166295848,0.0,2.905323705413779,2.905323705413779,0.0,0.0,0.0,-1.4013089733347495,Intermediate
CFA2_TTGTGCCTCAAGTGAG-1,CFA2,CFA,Microglia,16,1133,1689,0.2960331557134399,5.737702,17.446548,0.0,0.0,0.0,0.0,1.9345115907999701,0.0,0.0,0.0,0.0,0.0,1.9345115907999701,3.206100667211838,0.0,2.552668581754807,3.597968995181828,1.9345115907999701,4.429497877064476,3.421108355093386,2.552668581754807,3.206100667211838,3.421108355093386,0.0,3.421108355093386,2.9318329796834717,0.0,2.552668581754807,0.0,-2.5952138294318683,Homeostatic
CFA2_TTGTTGCGTACGGGTT-1,CFA2,CFA,Microglia,16,882,1160,0.43103448275862066,5.757104,16.536613,4.56255059975603,0.0,0.0,0.0,3.569046905847576,2.2639159518348917,0.0,2.2639159518348917,0.0,0.0,0.0,3.2907152158842745,0.0,2.9036926018718257,2.9036926018718257,3.2907152158842745,3.9650733759425885,3.569046905847576,2.2639159518348917,3.786537971592369,3.2907152158842745,0.0,3.569046905847576,0.0,0.0,0.0,0.0,-2.019739528155998,Homeostatic
CFA2_TTTAACCTCCTGAATA-1,CFA2,CFA,Microglia,16,970,1357,0.36845983787767134,6.2286596,16.821688,0.0,0.0,0.0,0.0,3.633524865608019,0.0,0.0,2.124557913056777,0.0,0.0,0.0,2.756103173937114,2.124557913056777,2.124557913056777,3.140161146788147,0.0,4.313372557247789,3.633524865608019,2.124557913056777,3.416965312867605,2.124557913056777,0.0,2.124557913056777,3.140161146788147,0.0,0.0,0.0,-1.7913472899672604,Intermediate
CFA2_TTTGGTGCATAAGTTC-1,CFA2,CFA,Microglia,16,1422,2403,0.9571369121930919,5.636932,17.06134,2.2324769217104605,0.0,0.0,0.0,2.2324769217104605,0.0,0.0,2.2324769217104605,0.0,0.0,2.2324769217104605,2.601533054350115,1.6412204220788607,0.0,2.601533054350115,3.2568953943884686,3.534903887265338,3.534903887265338,0.0,3.0822458848422336,1.6412204220788607,0.0,1.6412204220788607,1.6412204220788607,0.0,0.0,0.0,-1.1931811883298853,DAM-like
TB1_AAACAGCCAGAACCGA-1,TB1,TB,Microglia,16,1244,1832,0.2729257641921397,5.612575,17.461132,0.0,0.0,0.0,0.0,1.8653994591565601,0.0,0.0,1.8653994591565601,0.0,0.0,0.0,1.8653994591565601,2.477968517154099,0.0,1.8653994591565601,2.855063806872689,4.2761201184564905,3.914552554511257,1.8653994591565601,2.855063806872689,1.8653994591565601,0.0,3.668921792966569,1.8653994591565601,0.0,0.0,0.0,-1.8160350718979443,Intermediate
TB1_AAACGTACAAGTTATC-1,TB1,TB,Microglia,16,1015,1441,0.13879250520471895,5.970786,17.167437,0.0,0.0,0.0,0.0,0.0,0.0,0.0,2.0724728723637424,0.0,0.0,0.0,2.0724728723637424,2.0724728723637424,0.0,2.0724728723637424,3.0834378539730967,3.904214822980334,3.3596034843633182,2.0724728723637424,3.3596034843633182,0.0,0.0,3.3596034843633182,0.0,0.0,0.0,0.0,-1.7532127032554654,Intermediate
TB1_AAAGCAAGTCTCACTG-1,TB1,TB,Microglia,16,336,360,0.5555555555555556,6.5162673,15.47165,0.0,0.0,0.0,0.0,0.0,0.0,0.0,0.0,0.0,0.0,0.0,3.3596034843633182,0.0,0.0,0.0,3.3596034843633182,4.035223439214303,0.0,0.0,3.3596034843633182,3.3596034843633182,0.0,3.3596034843633182,3.3596034843633182,0.0,0.0,0.0,-1.5058231992793156,Intermediate
TB1_AAATCCGGTGACATGC-1,TB1,TB,Microglia,16,1019,1405,1.3523131672597866,6.353305,16.300213,0.0,0.0,0.0,0.0,0.0,0.0,0.0,0.0,0.0,0.0,2.094014552950642,0.0,0.0,2.7235872368112,3.5996981412089726,0.0,3.7774539622766383,3.106929813120635,2.094014552950642,3.106929813120635,0.0,0.0,2.7235872368112,2.7235872368112,0.0,0.0,0.0,-2.1399986474014256,Homeostatic
TB1_AACAAGCCAATGCCTA-1,TB1,TB,Microglia,16,2071,3330,0.5105105105105104,5.4220347,16.893446,3.5273316127525045,0.0,0.0,0.0,1.946767782040986,0.0,0.0,1.3870448301982647,0.0,0.0,1.946767782040986,2.5658729317594657,1.946767782040986,1.3870448301982647,2.773526720620158,1.946767782040986,3.5273316127525045,3.6118913855855443,1.3870448301982647,1.946767782040986,0.0,0.0,3.2198363244017627,1.3870448301982647,1.3870448301982647,0.0,0.0,-1.0478889663270352,DAM-like
TB1_AACAGGATCGTTATCT-1,TB1,TB,Microglia,16,676,821,1.2180267965895248,6.4361734,15.797692,0.0,0.0,0.0,0.0,0.0,0.0,0.0,0.0,0.0,0.0,0.0,0.0,3.233194262302766,0.0,3.233194262302766,2.5787208601192204,4.589469002278446,3.6254284453586387,2.5787208601192204,2.5787208601192204,2.5787208601192204,0.0,2.5787208601192204,2.5787208601192204,0.0,0.0,0.0,-2.4716646428557243,Homeostatic
TB1_AACATAGCACATTAAC-1,TB1,TB,Microglia,16,1285,1863,0.5367686527106817,5.6428924,17.337677,0.0,0.0,0.0,0.0,1.8512362210595148,0.0,0.0,2.462607618675299,0.0,0.0,0.0,2.462607618675299,0.0,1.8512362210595148,2.839257370388061,3.1122142902933843,4.332673711541202,3.3264175348703815,2.462607618675299,2.839257370388061,1.8512362210595148,0.0,3.1122142902933843,2.462607618675299,0.0,0.0,0.0,-2.3055970454836494,Homeostatic
TB1_AACGGTAAGTGAGGTA-1,TB1,TB,Microglia,16,937,1214,0.3294892915980231,6.185943,16.580223,0.0,0.0,2.2232423050641743,0.0,2.2232423050641743,0.0,0.0,0.0,0.0,0.0,0.0,3.524857311822493,2.860740648445972,3.742092239530936,3.524857311822493,0.0,4.517535580535101,4.20316695346188,2.2232423050641743,2.860740648445972,2.860740648445972,0.0,2.2232423050641743,0.0,0.0,0.0,0.0,-2.158309840113561,Homeostatic
TB1_AAGACAAGTTGTGACA-1,TB1,TB,Microglia,16,701,890,0.0,6.391075,16.46956,0.0,0.0,0.0,0.0,3.155804391824426,0.0,0.0,0.0,0.0,0.0,0.0,2.504378753200821,2.504378753200821,0.0,2.504378753200821,3.8274193506325025,4.377663196122878,3.8274193506325025,3.546966323186442,3.8274193506325025,2.504378753200821,0.0,3.155804391824426,0.0,0.0,0.0,0.0,-2.423912411760592,Homeostatic
TB1_AAGCCACGTGCAACTA-1,TB1,TB,Microglia,16,1168,1686,0.4744958481613286,6.0341096,16.999846,0.0,0.0,0.0,0.0,3.2078064814398153,0.0,0.0,1.9360326845525817,0.0,0.0,0.0,0.0,0.0,2.9335160833731875,3.2078064814398153,2.5543080314703266,4.279085096820387,4.099530774215196,1.9360326845525817,1.9360326845525817,2.5543080314703266,0.0,4.099530774215196,2.9335160833731875,0.0,0.0,0.0,-2.5418975476412315,Homeostatic
TB1_AAGCGAATCAGCAAGA-1,TB1,TB,Microglia,16,794,1061,0.0,6.1140723,17.007334,0.0,0.0,0.0,0.0,0.0,0.0,0.0,0.0,0.0,0.0,0.0,2.9882111293275,0.0,0.0,3.3767411533205838,0.0,4.4523177519847525,3.655846906265393,3.3767411533205838,2.9882111293275,2.9882111293275,0.0,3.655846906265393,0.0,0.0,0.0,0.0,-2.374896258379635,Homeostatic
TB1_AAGCGCTGTCGACTAA-1,TB1,TB,Microglia,16,1244,1633,0.8573178199632578,6.0770893,16.355377,1.9634270728463012,0.0,0.0,0.0,1.9634270728463012,0.0,0.0,1.9634270728463012,1.9634270728463012,0.0,0.0,0.0,2.9637820654961278,2.5838011126144043,2.9637820654961278,2.9637820654961278,3.238474308037919,1.9634270728463012,2.5838011126144043,2.5838011126144043,1.9634270728463012,0.0,2.9637820654961278,0.0,0.0,0.0,0.0,-1.7734223474837232,Intermediate
TB1_AAGCGGGTCTAGCTTT-1,TB1,TB,Microglia,16,791,972,0.30864197530864196,5.9874005,16.060398,3.7412883810959863,0.0,0.0,0.0,0.0,0.0,0.0,0.0,0.0,0.0,0.0,2.4237460475970547,0.0,2.4237460475970547,0.0,0.0,3.0715876892319844,2.4237460475970547,2.4237460475970547,3.9596759368717307,2.4237460475970547,0.0,3.0715876892319844,0.0,0.0,0.0,0.0,-1.6165475594697194,Intermediate
TB1_AAGGCCCTCCAGGAAA-1,TB1,TB,Microglia,16,1040,1385,1.083032490974729,5.966964,16.628885,2.106596559876401,0.0,0.0,0.0,0.0,0.0,0.0,0.0,0.0,0.0,2.73698960203957,2.106596559876401,2.73698960203957,0.0,3.3972183566980574,3.120629932130193,3.7914653659935014,3.120629932130193,0.0,2.73698960203957,3.120629932130193,0.0,3.120629932130193,0.0,2.106596559876401,0.0,0.0,-1.6657782883069872,Intermediate
TB1_AAGGTCAAGCTAATTG-1,TB1,TB,Microglia,5,362,436,10.550458715596331,4.683777,-0.48187557,0.0,0.0,0.0,0.0,0.0,0.0,0.0,0.0,0.0,0.0,0.0,0.0,3.177574788422617,0.0,0.0,3.177574788422617,0.0,0.0,0.0,0.0,0.0,0.0,0.0,3.177574788422617,0.0,0.0,0.0,-0.15276801867416429,DAM-like
TB1_AAGTTAGCATAGCGGA-1,TB1,TB,Microglia,16,893,1219,0.4922067268252666,5.4805894,16.666332,3.7380797064580715,0.0,2.2195779190636933,0.0,3.2429960333256367,0.0,0.0,2.2195779190636933,0.0,0.0,0.0,2.856866156222828,0.0,0.0,0.0,2.2195779190636933,3.5208684646009702,3.916426748353523,3.2429960333256367,2.2195779190636933,2.856866156222828,0.0,2.856866156222828,2.2195779190636933,0.0,0.0,0.0,-1.1488008678377217,DAM-like
TB1_AATAGCTGTACGGTAC-1,TB1,TB,Microglia,10,262,286,5.944055944055944,4.710081,4.2162232,3.582547215515009,0.0,0.0,0.0,0.0,0.0,0.0,0.0,0.0,0.0,0.0,0.0,0.0,0.0,0.0,3.582547215515009,0.0,0.0,0.0,0.0,0.0,0.0,0.0,0.0,0.0,0.0,0.0,-0.17223784689976002,DAM-like
TB1_AATCATGTCATGAGCT-1,TB1,TB,Microglia,16,753,994,0.1006036217303823,6.2843027,16.832499,0.0,0.0,0.0,0.0,3.9377260510701073,0.0,0.0,0.0,0.0,0.0,0.0,3.0502547549391688,3.0502547549391688,3.0502547549391688,4.1167935710054095,2.403367741764032,4.881169592951075,3.9377260510701073,3.0502547549391688,3.4398117096907064,3.0502547549391688,0.0,2.403367741764032,0.0,0.0,0.0,0.0,-2.7190321501855506,Homeostatic
TB1_AATTCGTCACGCAACT-1,TB1,TB,Microglia,16,630,809,0.9888751545117428,6.273697,16.175566,0.0,0.0,0.0,0.0,2.5923354823577114,0.0,0.0,3.247341947354288,0.0,0.0,0.0,0.0,3.639763217011,0.0,3.639763217011,3.920859007243048,5.006167147960385,4.140029866170484,0.0,2.5923354823577114,3.247341947354288,0.0,4.720714761561666,0.0,0.0,0.0,0.0,-2.089124341456499,Homeostatic
TB1_AATTTGCCATATAACC-1,TB1,TB,Microglia,16,745,1003,0.5982053838484547,6.1408467,17.089193,0.0,0.0,0.0,0.0,2.3960790717905933,0.0,0.0,0.0,0.0,0.0,3.0426196686211284,0.0,3.0426196686211284,0.0,3.0426196686211284,3.7116228433397103,4.260710042995988,3.7116228433397103,0.0,3.7116228433397103,3.7116228433397103,0.0,3.7116228433397103,2.3960790717905933,0.0,0.0,0.0,-2.1163185272348524,Homeostatic
TB1_ACACTAATCCATTACT-1,TB1,TB,Microglia,16,889,1183,0.16906170752324598,5.7019215,16.504631,2.8851453882060696,0.0,0.0,0.0,2.2463411830498017,0.0,0.0,2.8851453882060696,0.0,0.0,0.0,2.2463411830498017,2.2463411830498017,2.2463411830498017,2.2463411830498017,2.8851453882060696,4.228652280646689,3.271819489527735,2.8851453882060696,2.8851453882060696,2.2463411830498017,0.0,3.5499719648483903,2.2463411830498017,0.0,0.0,0.0,-1.8996114873726357,Intermediate
TB1_ACAGCCGGTGATGAGG-1,TB1,TB,Microglia,16,230,252,0.7936507936507936,6.496897,15.426921,0.0,0.0,0.0,0.0,0.0,0.0,0.0,0.0,0.0,0.0,0.0,0.0,3.7057989999725383,0.0,0.0,3.7057989999725383,3.7057989999725383,4.386579745578376,0.0,0.0,3.7057989999725383,0.0,0.0,0.0,0.0,0.0,0.0,-1.6529356316506498,Intermediate
TB1_ACATCATCATGAATAG-1,TB1,TB,Microglia,15,1762,2776,0.1440922190201729,-11.351484,6.273129,2.1046963073311784,0.0,0.0,0.0,1.5265573682681532,0.0,0.0,1.5265573682681532,0.0,0.0,0.0,1.5265573682681532,0.0,2.1046963073311784,2.4686854976000117,1.5265573682681532,3.3951271216580916,1.5265573682681532,1.5265573682681532,2.4686854976000117,0.0,0.0,2.4686854976000117,3.118561792180614,0.0,0.0,0.0,-1.3629261305753242,Intermediate
TB1_ACATCATCATTGGGAG-1,TB1,TB,Microglia,16,1060,1497,0.06680026720106881,5.8354616,17.143822,0.0,0.0,0.0,0.0,0.0,0.0,0.0,0.0,0.0,0.0,2.038623026334112,0.0,2.038623026334112,3.3221580300295477,3.7155252876973694,2.038623026334112,3.997103104315877,3.7155252876973694,2.6644502850765073,2.038623026334112,2.038623026334112,0.0,3.046429197763423,2.038623026334112,0.0,0.0,0.0,-2.6276945724836662,Homeostatic
TB1_ACCTGTTGTGTTGCTT-1,TB1,TB,Microglia,16,606,755,0.26490066225165565,5.916907,16.094313,4.789201097779054,0.0,0.0,0.0,2.656408292452806,0.0,0.0,0.0,0.0,0.0,0.0,0.0,3.707090112393444,2.656408292452806,3.707090112393444,2.656408292452806,4.789201097779054,0.0,0.0,3.988616061279533,3.988616061279533,0.0,4.789201097779054,0.0,0.0,0.0,0.0,-1.865392527964239,Intermediate
TB1_ACGCACGGTGTAACCA-1,TB1,TB,Microglia,16,936,1299,0.15396458814472672,6.142711,17.061495,0.0,0.0,0.0,0.0,2.163119488538647,0.0,2.163119488538647,2.163119488538647,0.0,0.0,2.163119488538647,2.797065385568001,0.0,2.163119488538647,2.797065385568001,2.163119488538647,3.676076521120879,4.0052875643879915,2.163119488538647,2.797065385568001,3.8541687919069383,0.0,2.797065385568001,0.0,0.0,0.0,0.0,-2.0716436612153855,Homeostatic
TB1_ACGCCACAGCAACAAG-1,TB1,TB,Microglia,16,835,1106,0.3616636528028933,5.832814,17.337957,0.0,0.0,0.0,0.0,0.0,0.0,0.0,2.3067355997192727,0.0,0.0,0.0,0.0,0.0,0.0,3.6154041931486742,2.3067355997192727,4.011860157928802,3.6154041931486742,0.0,4.011860157928802,3.336650823522225,0.0,3.336650823522225,2.3067355997192727,0.0,0.0,0.0,-2.4347981906961507,Homeostatic
TB1_ACGGTTTAGATACTTG-1,TB1,TB,Microglia,16,1125,1633,0.1224739742804654,5.65443,17.351715,0.0,0.0,0.0,0.0,0.0,0.0,1.9634270728463012,1.9634270728463012,0.0,0.0,0.0,2.9637820654961278,1.9634270728463012,1.9634270728463012,3.453742188967625,2.5838011126144043,4.310589500305366,3.63077862739319,1.9634270728463012,1.9634270728463012,1.9634270728463012,0.0,2.5838011126144043,1.9634270728463012,0.0,0.0,0.0,-2.047995674003606,Homeostatic
TB1_ACGTACCCATTGTTGG-1,TB1,TB,Microglia,16,967,1341,0.8948545861297539,5.9707766,17.257696,0.0,0.0,0.0,0.0,0.0,0.0,2.135008873533652,0.0,0.0,0.0,2.135008873533652,2.767214500832292,3.151511540223939,2.767214500832292,3.428439139308347,3.428439139308347,3.9740555929145147,3.6450740489436306,3.151511540223939,2.767214500832292,3.428439139308347,0.0,3.428439139308347,0.0,0.0,0.0,0.0,-2.5400489280456147,Homeostatic
TB1_ACGTTGTAGTGGCGGA-1,TB1,TB,Microglia,16,880,1169,0.2566295979469632,5.577642,16.395731,2.8963891648855116,0.0,2.2569934010687582,0.0,2.8963891648855116,0.0,0.0,2.2569934010687582,0.0,0.0,0.0,2.8963891648855116,0.0,2.2569934010687582,0.0,2.2569934010687582,3.778985197435307,3.957491842747965,2.2569934010687582,0.0,2.2569934010687582,0.0,3.2832753286444185,0.0,2.2569934010687582,0.0,0.0,-1.079929076957746,DAM-like
TB1_ACTAACGGTAAGCTTG-1,TB1,TB,Microglia,16,989,1360,0.4411764705882353,5.8488765,17.204678,0.0,0.0,0.0,0.0,3.1380484957342465,0.0,0.0,2.1226137135450447,0.0,0.0,0.0,0.0,0.0,0.0,4.091399051992344,0.0,4.491276635292316,3.1380484957342465,2.7540353143440335,2.1226137135450447,2.1226137135450447,0.0,3.414829530452213,2.1226137135450447,0.0,0.0,0.0,-1.9353320417659134,Homeostatic
TB1_ACTTCGCTCATGTGGT-1,TB1,TB,Microglia,16,503,596,0.8389261744966443,6.2955675,16.20067,0.0,0.0,0.0,0.0,0.0,0.0,0.0,3.542611494100682,0.0,0.0,0.0,0.0,2.8779911833266105,0.0,2.8779911833266105,3.938383893376407,3.542611494100682,4.621743496212865,0.0,0.0,0.0,0.0,4.621743496212865,0.0,0.0,0.0,0.0,-1.3786987447288175,Intermediate
TB1_AGAATCTGTCACACCC-1,TB1,TB,Microglia,16,1064,1488,0.2688172043010753,5.680816,17.274391,0.0,0.0,0.0,0.0,0.0,0.0,0.0,0.0,0.0,0.0,0.0,2.670061703369982,0.0,2.043870075894968,3.3279712923854086,2.670061703369982,4.222507628480641,3.721409097411588,2.670061703369982,3.052173584458943,2.670061703369982,0.0,3.721409097411588,2.043870075894968,0.0,0.0,0.0,-2.8418752367949955,Homeostatic
TB1_AGAGGATGTTTATTCG-1,TB1,TB,Microglia,16,993,1355,0.5166051660516605,5.875368,17.167917,0.0,0.0,0.0,0.0,2.1258567212258574,0.0,0.0,0.0,0.0,0.0,0.0,3.14157228966332,2.1258567212258574,2.7574844499617654,2.1258567212258574,2.7574844499617654,4.408921841821148,3.14157228966332,2.7574844499617654,3.14157228966332,2.7574844499617654,0.0,0.0,2.1258567212258574,0.0,0.0,0.0,-2.4122683306918162,Homeostatic
TB1_AGCACTTAGCAGCTAT-1,TB1,TB,Microglia,16,773,1008,0.0992063492063492,6.1441784,16.966743,0.0,0.0,0.0,0.0,3.0369351479112634,0.0,0.0,0.0,0.0,0.0,2.390654111541811,3.0369351479112634,2.390654111541811,0.0,3.0369351479112634,0.0,3.924014313518573,4.254824377101007,0.0,3.426277066059179,0.0,0.0,4.254824377101007,0.0,0.0,0.0,0.0,-0.9952426308502029,DAM-like
TB1_AGCATCCCACCCTCAC-1,TB1,TB,Microglia,16,1147,1732,0.057736720554272515,5.884154,17.183681,0.0,0.0,0.0,0.0,0.0,0.0,0.0,1.9130433409749612,0.0,0.0,0.0,1.9130433409749612,0.0,1.9130433409749612,2.908048825299513,2.908048825299513,4.073065094356167,3.5735256248983416,0.0,3.1819914104654794,2.5295090185490334,0.0,3.1819914104654794,2.5295090185490334,0.0,0.0,0.0,-2.341589657330382,Homeostatic
TB1_AGCCGGTTCCCTGTTA-1,TB1,TB,Microglia,16,832,1098,1.912568306010929,5.9784703,16.233204,2.9556879061722783,0.0,0.0,0.0,3.840255014413123,0.0,0.0,0.0,0.0,0.0,0.0,2.3132745688163707,0.0,0.0,3.343653165348286,3.6224691154303397,4.522600000349743,3.343653165348286,0.0,2.9556879061722783,2.3132745688163707,0.0,3.6224691154303397,0.0,0.0,0.0,0.0,-1.811958202536873,Intermediate
TB1_AGCCGGTTCTTGCAGG-1,TB1,TB,Microglia,16,858,1140,0.17543859649122806,6.3490257,16.341427,0.0,0.0,0.0,0.0,2.9201387180356875,0.0,0.0,0.0,0.0,0.0,2.279513972092734,2.279513972092734,0.0,2.279513972092734,2.9201387180356875,2.279513972092734,3.8035387074566365,3.9821380540562843,0.0,3.307464903999448,0.0,0.0,3.5859526218184072,2.279513972092734,0.0,0.0,0.0,-1.7462180284881401,Intermediate
TB1_AGCGCCTAGTCTTGAA-1,TB1,TB,Microglia,26,814,1046,1.24282982791587,7.1411157,14.441549,2.3570950058362645,0.0,0.0,0.0,0.0,0.0,0.0,0.0,0.0,0.0,0.0,3.6697200233641847,3.001737152675889,0.0,0.0,2.3570950058362645,0.0,0.0,0.0,0.0,0.0,0.0,2.3570950058362645,2.3570950058362645,0.0,0.0,0.0,0.3998671382609546,DAM-like
TB1_AGCTATATCATCACTT-1,TB1,TB,Microglia,16,1141,1636,0.0,5.8657703,17.171368,0.0,0.0,0.0,0.0,0.0,0.0,0.0,2.5821043558286254,0.0,0.0,0.0,2.5821043558286254,1.9618495024523999,0.0,3.4519648654639075,2.5821043558286254,4.0255699693905465,1.9618495024523999,0.0,1.9618495024523999,3.4519648654639075,0.0,1.9618495024523999,2.5821043558286254,0.0,0.0,0.0,-1.6312545584691924,Intermediate
TB1_AGCTATATCATCCACC-1,TB1,TB,Microglia,16,1212,1765,0.4532577903682719,5.5955553,17.409729,0.0,0.0,0.0,0.0,2.8902143643332363,0.0,0.0,1.8969783317940656,0.0,0.0,0.0,2.512152484619001,1.8969783317940656,2.512152484619001,3.1639079778226096,2.8902143643332363,4.14824776228854,3.1639079778226096,1.8969783317940656,2.512152484619001,2.512152484619001,0.0,3.7052462016380834,1.8969783317940656,0.0,0.0,0.0,-2.1425547325251144,Homeostatic
TB1_AGCTATATCGGTTCCT-1,TB1,TB,Microglia,14,1580,2541,0.07870916961826052,-6.644556,3.5816348,0.0,0.0,0.0,0.0,0.0,0.0,0.0,0.0,0.0,0.0,0.0,0.0,0.0,0.0,0.0,1.5964455725038857,0.0,0.0,0.0,0.0,0.0,0.0,0.0,0.0,0.0,0.0,0.0,-0.19955569656298572,DAM-like
TB1_AGGACTAAGCGATAGA-1,TB1,TB,Microglia,5,240,267,2.9962546816479403,4.5180154,-1.6901844,0.0,0.0,0.0,0.0,0.0,0.0,0.0,0.0,0.0,0.0,0.0,0.0,0.0,0.0,3.6494414888987152,0.0,0.0,0.0,0.0,0.0,0.0,0.0,0.0,0.0,0.0,0.0,0.0,-0.4561801861123394,DAM-like
TB1_AGGATATAGAAGGTGC-1,TB1,TB,Microglia,16,900,1248,0.9615384615384616,6.0461617,16.813051,0.0,0.0,2.1986480651210734,0.0,0.0,0.0,0.0,2.8347205033467873,0.0,0.0,2.8347205033467873,2.8347205033467873,0.0,0.0,3.4980603568095407,2.1986480651210734,4.292038804466947,3.893388925883253,3.4980603568095407,3.893388925883253,3.7151343229195666,0.0,3.7151343229195666,0.0,0.0,0.0,0.0,-2.3002969254934595,Homeostatic
TB1_AGGTAACCACAAAGAC-1,TB1,TB,Microglia,16,1211,1755,1.9373219373219372,5.4474807,16.812227,2.8955813363371092,0.0,0.0,0.0,1.9018098250742037,0.0,0.0,2.5173747592548144,0.0,0.0,3.1693503476873635,2.5173747592548144,0.0,1.9018098250742037,2.5173747592548144,3.3840521889178845,4.459798521408135,3.7107886817050657,2.5173747592548144,0.0,3.1693503476873635,0.0,3.1693503476873635,1.9018098250742037,0.0,0.0,0.0,-1.7074539409813767,Intermediate
TB1_AGGTATTGTTAGTGAT-1,TB1,TB,Microglia,16,713,914,0.6564551422319475,6.2712827,16.586926,0.0,0.0,0.0,0.0,0.0,0.0,0.0,2.4799710762920273,2.4799710762920273,0.0,0.0,4.199387740881789,3.130343498704384,0.0,4.199387740881789,3.130343498704384,3.130343498704384,4.020062642381304,3.5211338632581137,3.5211338632581137,0.0,0.0,3.5211338632581137,0.0,0.0,0.0,0.0,-1.744941146693109,Intermediate
TB1_AGGTCAAAGTTTGAGC-1,TB1,TB,Microglia,16,914,1264,0.0,5.6341734,17.455854,0.0,0.0,0.0,0.0,2.187330503691021,0.0,0.0,2.187330503691021,0.0,0.0,0.0,3.2081859801357067,2.187330503691021,2.187330503691021,2.187330503691021,2.187330503691021,4.032109995350291,3.7027074557212285,0.0,2.8227342062462237,2.8227342062462237,0.0,3.2081859801357067,2.8227342062462237,0.0,0.0,0.0,-1.7412325571212617,Intermediate
TB1_AGGTCCGGTCCGTGAG-1,TB1,TB,Microglia,16,999,1439,0.20847810979847115,5.764427,17.362404,0.0,0.0,0.0,0.0,2.701911788970473,0.0,0.0,3.084764093007191,0.0,0.0,2.0736878861942696,3.3609450749394356,0.0,2.0736878861942696,3.754775276927398,3.3609450749394356,4.436150585174641,4.0365887352450285,3.084764093007191,2.701911788970473,2.701911788970473,0.0,3.577123939625819,0.0,0.0,0.0,0.0,-2.4056643003623543,Homeostatic
TB1_AGTGAACCAGGCGATA-1,TB1,TB,Microglia,16,988,1357,0.07369196757553427,6.2458205,16.745552,0.0,0.0,0.0,0.0,3.140161146788147,0.0,0.0,3.140161146788147,0.0,0.0,2.756103173937114,2.756103173937114,2.124557913056777,2.124557913056777,3.140161146788147,3.416965312867605,4.948864412529121,3.962419066176557,3.140161146788147,0.0,2.124557913056777,0.0,3.140161146788147,0.0,0.0,0.0,0.0,-1.7866657443304068,Intermediate
TB1_AGTTGTCAGCTTATGA-1,TB1,TB,Microglia,16,764,1026,0.8771929824561403,5.680976,17.306847,0.0,0.0,0.0,0.0,0.0,0.0,0.0,2.374588373418914,0.0,0.0,2.374588373418914,2.374588373418914,2.374588373418914,3.020092020405061,3.020092020405061,3.6885382653113674,5.055898095880898,3.020092020405061,0.0,3.4091578158935616,3.4091578158935616,0.0,4.2373782604420125,0.0,0.0,0.0,0.0,-2.3472359303377326,Homeostatic
TB1_ATAGGTACACGAATCC-1,TB1,TB,Microglia,16,1193,1733,0.4039238315060588,5.585527,17.016188,1.9125513737080178,0.0,0.0,0.0,2.9075031381388907,0.0,0.0,2.528977831990096,0.0,0.0,0.0,2.9075031381388907,1.9125513737080178,1.9125513737080178,3.5729646232278878,2.9075031381388907,3.5729646232278878,3.3962418650278123,1.9125513737080178,3.181438172012074,3.5729646232278878,0.0,2.9075031381388907,0.0,0.0,0.0,0.0,-2.0675638697514316,Homeostatic
TB1_ATATAGGCAACATAAG-1,TB1,TB,Microglia,16,1272,2038,0.39254170755642787,5.7969365,16.74754,0.0,0.0,0.0,0.0,0.0,0.0,1.776099378325046,1.776099378325046,0.0,0.0,1.776099378325046,2.380799301265052,0.0,1.776099378325046,0.0,2.380799301265052,4.171120825144569,3.0266050363372554,2.380799301265052,1.776099378325046,2.380799301265052,0.0,2.754953763478759,0.0,0.0,0.0,0.0,-1.6435328201454844,Intermediate
TB1_ATCCTCATCAGTTCCC-1,TB1,TB,Microglia,16,1076,1529,0.3270111183780248,5.885426,17.118101,0.0,0.0,0.0,0.0,2.6447869365322667,0.0,0.0,0.0,0.0,0.0,3.0262938302808893,2.0202516733038913,2.0202516733038913,3.0262938302808893,2.0202516733038913,2.0202516733038913,3.0262938302808893,2.6447869365322667,0.0,0.0,3.0262938302808893,0.0,2.0202516733038913,0.0,0.0,0.0,0.0,-1.2234765399462288,DAM-like
TB1_ATCTTTGGTCCTAATC-1,TB1,TB,Microglia,16,1125,1586,0.4413619167717529,5.6950674,17.154188,1.9885823494617763,0.0,0.0,0.0,0.0,0.0,0.0,0.0,0.0,0.0,1.9885823494617763,0.0,2.610829833190498,0.0,1.9885823494617763,2.9914988612352067,4.056063298358498,3.4820351946320622,0.0,3.659219448769185,2.610829833190498,0.0,3.4820351946320622,0.0,0.0,0.0,0.0,-1.841759813043284,Intermediate
TB1_ATGAAGCCATAATGTC-1,TB1,TB,Microglia,16,806,1044,0.6704980842911877,6.290117,16.736498,0.0,0.0,0.0,0.0,2.3596955670463586,0.0,0.0,0.0,0.0,0.0,0.0,0.0,0.0,2.3596955670463586,2.3596955670463586,3.393272164110658,3.890567238720041,2.3596955670463586,0.0,2.3596955670463586,0.0,0.0,3.6725191215874515,0.0,0.0,0.0,0.0,-1.9088126652580661,Intermediate
TB1_ATGACAACAGGTTATT-1,TB1,TB,Microglia,16,643,804,1.3681592039800996,5.991725,16.191948,2.59807244573354,0.0,0.0,0.0,3.253301285713997,0.0,0.0,0.0,0.0,0.0,2.59807244573354,3.6458005614801743,2.59807244573354,3.253301285713997,2.59807244573354,3.253301285713997,4.325811586084944,0.0,0.0,3.253301285713997,3.253301285713997,0.0,2.59807244573354,0.0,0.0,0.0,0.0,-1.3618808249577863,Intermediate
TB1_ATGGCCCAGGGTTAGA-1,TB1,TB,Microglia,16,983,1362,0.14684287812041116,5.892822,17.184448,0.0,0.0,0.0,0.0,2.752659434940183,0.0,0.0,0.0,0.0,0.0,0.0,2.752659434940183,2.752659434940183,2.1213202464076146,2.1213202464076146,0.0,3.9588113070575166,3.413408377203164,0.0,0.0,2.1213202464076146,0.0,3.9588113070575166,2.1213202464076146,0.0,0.0,0.0,-1.081793452564629,DAM-like
TB1_ATTAACCCAAGTCGCT-1,TB1,TB,Microglia,8,238,302,12.251655629139073,6.4402146,0.025158528,0.0,0.0,0.0,0.0,0.0,0.0,0.0,0.0,0.0,0.0,0.0,0.0,0.0,0.0,0.0,3.5296663127506607,0.0,0.0,0.0,0.0,0.0,0.0,0.0,0.0,0.0,0.0,0.0,-0.4412082890938326,DAM-like
TB1_ATTAGCTCATAATCAC-1,TB1,TB,Microglia,16,1519,2167,0.9690816797415782,5.925319,16.872993,0.0,0.0,0.0,0.0,2.325260973920398,0.0,2.9682942020523377,0.0,0.0,0.0,0.0,2.9682942020523377,0.0,1.7253836462510899,1.7253836462510899,2.325260973920398,3.1811063885138195,2.325260973920398,1.7253836462510899,2.6975973597632166,2.6975973597632166,0.0,3.3564805897774583,1.7253836462510899,0.0,0.0,0.0,-1.664844874096592,Intermediate
TB1_ATTATGGTCTTGCAAA-1,TB1,TB,Microglia,8,236,273,8.791208791208792,2.365952,3.2700675,0.0,0.0,0.0,0.0,0.0,0.0,0.0,0.0,0.0,0.0,0.0,0.0,0.0,3.6278025780313037,0.0,0.0,0.0,3.6278025780313037,0.0,0.0,0.0,0.0,0.0,0.0,0.0,0.0,0.0,-0.9069506445078259,DAM-like
TB1_ATTCACTTCATGCCTC-1,TB1,TB,Microglia,16,2004,3401,0.14701558365186712,5.7628236,16.806602,1.3712598250130328,0.0,0.0,0.0,0.0,0.0,0.0,0.0,0.0,0.0,1.3712598250130328,2.7537599663575105,1.3712598250130328,1.9287092504682164,2.9254101281643936,2.2845163336291603,3.0718680534808076,2.5464129762905046,1.3712598250130328,1.9287092504682164,2.2845163336291603,0.0,1.3712598250130328,0.0,1.3712598250130328,0.0,0.0,-1.7644030041701204,Intermediate
TB1_ATTCATGAGAACAAGT-1,TB1,TB,Microglia,16,829,1058,0.8506616257088847,6.269788,16.563469,0.0,0.0,0.0,0.0,2.3467738144796337,0.0,0.0,0.0,0.0,0.0,2.3467738144796337,0.0,0.0,0.0,3.37947609071089,3.37947609071089,4.055443898666638,2.3467738144796337,0.0,2.99090020199846,2.99090020199846,0.0,3.37947609071089,0.0,0.0,0.0,0.0,-2.0318291620160625,Homeostatic
TB1_ATTTAGCCAGAAATGC-1,TB1,TB,Microglia,16,459,547,1.0968921389396709,6.555177,15.358208,2.959147935854633,0.0,0.0,0.0,0.0,0.0,0.0,0.0,0.0,0.0,0.0,2.959147935854633,0.0,3.6260214214440336,0.0,2.959147935854633,2.959147935854633,3.6260214214440336,0.0,0.0,3.6260214214440336,0.0,3.6260214214440336,2.959147935854633,0.0,0.0,0.0,-1.6442914884121507,Intermediate
TB1_ATTTAGGTCAAACCTA-1,TB1,TB,Microglia,16,1448,2284,0.17513134851138354,5.5059624,17.46637,0.0,0.0,0.0,0.0,1.682369310784812,0.0,0.0,2.2779406403648053,0.0,0.0,1.682369310784812,0.0,2.2779406403648053,0.0,2.648643459668362,2.2779406403648053,3.698942486909598,2.2779406403648053,1.682369310784812,3.1307621051295413,2.2779406403648053,0.0,2.648643459668362,0.0,0.0,0.0,0.0,-1.640038956425323,Intermediate
TB1_CAAACGCGTGATGAGG-1,TB1,TB,Microglia,16,766,971,0.7209062821833162,6.3530173,16.09699,0.0,0.0,0.0,0.0,3.0725693416397943,0.0,0.0,3.742293310055209,0.0,0.0,0.0,2.424684238526166,3.0725693416397943,2.424684238526166,0.0,3.0725693416397943,4.539969585099299,4.1398271519849725,3.0725693416397943,2.424684238526166,3.742293310055209,0.0,3.0725693416397943,2.424684238526166,0.0,0.0,0.0,-1.9799887869446202,Homeostatic
TB1_CAAGCTAGTCTTGCTG-1,TB1,TB,Microglia,16,762,1008,0.0,6.0034904,17.177132,0.0,0.0,0.0,0.0,2.390654111541811,0.0,0.0,0.0,0.0,0.0,2.390654111541811,2.390654111541811,0.0,0.0,3.7057989999725383,3.0369351479112634,4.502979245091544,3.0369351479112634,0.0,3.426277066059179,3.0369351479112634,0.0,3.426277066059179,3.0369351479112634,0.0,0.0,0.0,-2.0415431840013296,Homeostatic
TB1_CAAGGGAGTAGTTACG-1,TB1,TB,Microglia,16,999,1256,1.7515923566878981,6.447895,16.113451,0.0,0.0,0.0,0.0,2.192969251766081,0.0,0.0,0.0,0.0,0.0,2.192969251766081,2.192969251766081,2.192969251766081,0.0,2.828707140411505,3.2142792897067625,3.887129735764815,3.2142792897067625,0.0,3.2142792897067625,2.192969251766081,0.0,2.828707140411505,2.192969251766081,0.0,0.0,0.0,-1.6441957298586571,Intermediate
TB1_CAATCGCCACTTAGGC-1,TB1,TB,Microglia,16,997,1379,0.0725163161711385,5.898866,17.213303,0.0,0.0,0.0,0.0,0.0,0.0,2.110410952563707,2.110410952563707,0.0,0.0,2.110410952563707,2.110410952563707,2.110410952563707,2.110410952563707,3.124780280554459,2.741050533007106,4.477559282973053,3.795709158295934,0.0,3.617870929855167,2.741050533007106,0.0,3.124780280554459,0.0,0.0,0.0,0.0,-2.0143574385652556,Homeostatic
TB1_CAATCGCCATCATGTG-1,TB1,TB,Microglia,16,1006,1377,0.29048656499636893,6.260745,16.932568,0.0,0.0,0.0,0.0,0.0,0.0,0.0,0.0,0.0,0.0,0.0,2.1116865538110616,0.0,3.402817951151028,3.126167920693723,2.7424083579506258,4.195086585908787,3.948068468852837,0.0,2.7424083579506258,3.126167920693723,0.0,3.402817951151028,3.126167920693723,0.0,0.0,0.0,-2.7479532681839336,Homeostatic
TB1_CACCAACCACTGGCTG-1,TB1,TB,Microglia,16,1285,1852,1.079913606911447,5.7725816,16.782618,1.8562304934873313,0.0,0.0,0.0,1.8562304934873313,0.0,0.0,1.8562304934873313,0.0,0.0,2.4680263143094834,0.0,0.0,0.0,3.1178734492948132,3.1178734492948132,3.332127370513809,2.8448340381712107,0.0,3.332127370513809,0.0,0.0,3.1178734492948132,0.0,0.0,0.0,0.0,-1.3498953985872895,Intermediate
TB1_CACCTCAGTCGTAAAT-1,TB1,TB,Microglia,16,895,1222,0.24549918166939444,5.5306344,16.562452,3.240634113785071,0.0,0.0,0.0,2.854549518701995,0.0,0.0,2.2173872765793767,0.0,0.0,0.0,2.2173872765793767,2.854549518701995,2.2173872765793767,3.735680266506821,3.5184832336717022,3.9140177412966386,0.0,0.0,3.240634113785071,3.240634113785071,0.0,2.854549518701995,0.0,0.0,0.0,0.0,-1.453777077484022,Intermediate
TB1_CACGCTAAGCGAGGTG-1,TB1,TB,Microglia,16,681,838,0.47732696897374705,6.3699408,15.965618,0.0,0.0,0.0,0.0,3.213515421490046,0.0,0.0,0.0,0.0,0.0,0.0,0.0,0.0,0.0,0.0,3.213515421490046,4.685814878762323,4.105381284944436,0.0,2.5597956556439767,2.5597956556439767,0.0,4.105381284944436,3.213515421490046,0.0,0.0,0.0,-1.8933443680998223,Intermediate
TB1_CACTGACCAATTGCGC-1,TB1,TB,Microglia,16,1397,2153,0.9289363678588017,5.7380853,17.341919,0.0,0.0,0.0,0.0,0.0,0.0,0.0,1.7310961229939337,0.0,0.0,0.0,0.0,0.0,1.7310961229939337,0.0,0.0,3.3631853553485813,3.512377362563869,0.0,2.9748844906074465,2.9748844906074465,0.0,1.7310961229939337,2.3315301435691227,0.0,0.0,0.0,-1.6863922375348572,Intermediate
TB1_CACTTTGTCGAGGAAC-1,TB1,TB,Microglia,16,857,1067,0.09372071227741331,5.7408094,16.538477,2.339116734963032,0.0,0.0,0.0,2.982856862824717,0.0,0.0,2.339116734963032,0.0,0.0,0.0,0.0,2.339116734963032,2.339116734963032,2.339116734963032,3.6503539069618687,4.198772121724483,3.8682875237126053,2.339116734963032,2.982856862824717,2.982856862824717,0.0,2.339116734963032,0.0,2.339116734963032,0.0,0.0,-2.318312987850739,Homeostatic
TB1_CAGCCTAAGTCATGCG-1,TB1,TB,Microglia,16,972,1344,0.2232142857142857,5.714245,17.421139,0.0,0.0,0.0,0.0,0.0,0.0,0.0,2.7651204276322554,0.0,0.0,0.0,0.0,2.133038727688814,3.426277066059179,3.9718630057841633,0.0,4.218982357120946,2.7651204276322554,2.133038727688814,2.133038727688814,2.7651204276322554,0.0,3.6428978422665432,2.133038727688814,0.0,0.0,0.0,-2.2998986189645665,Homeostatic
TB1_CAGGAAGGTCCGTAGG-1,TB1,TB,Microglia,16,1031,1402,0.5706134094151213,5.519189,16.92246,3.1089717965409314,0.0,0.0,0.0,2.725584586992411,0.0,0.0,2.095888989996992,0.0,0.0,0.0,2.095888989996992,0.0,2.725584586992411,3.1089717965409314,3.1089717965409314,4.061500054118828,3.3854294002307634,0.0,2.095888989996992,2.095888989996992,0.0,3.9304260915453155,2.725584586992411,2.095888989996992,0.0,0.0,-1.8015229623001292,Intermediate
TB1_CAGGACCTCCGCACAA-1,TB1,TB,Microglia,16,1232,1756,0.05694760820045558,5.799685,17.21427,0.0,0.0,0.0,0.0,2.895043188649942,0.0,0.0,0.0,0.0,0.0,1.901325253343746,2.895043188649942,2.5168510863477893,1.901325253343746,2.895043188649942,1.901325253343746,4.4592354726600405,3.3835018722407817,1.901325253343746,3.3835018722407817,2.895043188649942,0.0,3.5601526415667553,0.0,0.0,0.0,0.0,-2.0547866910789816,Homeostatic
TB1_CATAACGGTCGCGCAA-1,TB1,TB,Microglia,16,1098,1542,0.38910505836575876,5.4994206,16.800455,2.0129122811476368,0.0,0.0,0.0,3.509316734141991,0.0,0.0,2.0129122811476368,0.0,0.0,0.0,3.293624688512779,0.0,0.0,2.0129122811476368,2.0129122811476368,4.281320926446677,3.293624688512779,0.0,2.636924242787441,2.0129122811476368,0.0,0.0,3.0182397159242282,0.0,0.0,0.0,-1.1983438388064147,DAM-like
TB1_CATAACGGTTAGCATG-1,TB1,TB,Microglia,16,926,1238,1.2924071082390953,5.9655037,16.626541,2.2058037184276023,0.0,0.0,0.0,2.2058037184276023,0.0,0.0,2.2058037184276023,0.0,0.0,0.0,2.8422948557192496,2.2058037184276023,2.2058037184276023,2.8422948557192496,2.8422948557192496,3.9012707376005746,2.8422948557192496,2.2058037184276023,3.2281381281731263,3.2281381281731263,0.0,4.183885943732167,0.0,0.0,0.0,0.0,-2.014657972481152,Homeostatic
TB1_CATATCGCAATTGCGC-1,TB1,TB,Microglia,26,1782,3067,0.58689272905119,7.2502475,14.452178,0.0,0.0,0.0,0.0,0.0,0.0,1.4493900828748945,0.0,0.0,0.0,3.1706769433070257,2.6420571574564047,2.377835921084955,0.0,0.0,1.4493900828748945,1.4493900828748945,0.0,0.0,0.0,0.0,0.0,0.0,0.0,1.4493900828748945,2.0177031395860388,0.0,0.3791878719522979,DAM-like
TB1_CATCCTGGTAGTTAAC-1,TB1,TB,Microglia,16,1695,2580,1.6666666666666667,5.745314,17.230938,0.0,0.0,0.0,0.0,1.5843188523387683,0.0,0.0,2.16927515978799,0.0,0.0,0.0,2.535909204240373,1.5843188523387683,2.16927515978799,2.16927515978799,2.16927515978799,3.682853583027596,3.465978121524418,3.014546420368209,3.18865633930721,2.535909204240373,0.0,3.5802837366695983,1.5843188523387683,0.0,0.0,0.0,-2.1937925228092876,Homeostatic
TB1_CATGGCGGTATTGTGG-1,TB1,TB,Microglia,16,855,1152,0.78125,5.783087,16.46166,2.2701192917444684,0.0,0.0,0.0,0.0,0.0,0.0,0.0,0.0,0.0,2.2701192917444684,0.0,0.0,0.0,3.297378886356144,2.9102349013955764,4.3710288804643405,3.5757729663414546,0.0,2.2701192917444684,3.297378886356144,0.0,2.2701192917444684,0.0,0.0,0.0,0.0,-2.115990104775425,Homeostatic
TB1_CATTTGTTCATGCATA-1,TB1,TB,Microglia,16,1377,2124,1.4595103578154425,5.8930016,17.11624,0.0,0.0,0.0,0.0,0.0,0.0,0.0,2.9873165461386586,1.7418858558158643,0.0,1.7418858558158643,2.7163023109465234,1.7418858558158643,1.7418858558158643,1.7418858558158643,1.7418858558158643,4.923877266281344,3.9663042983418824,1.7418858558158643,1.7418858558158643,2.9873165461386586,0.0,2.9873165461386586,0.0,0.0,0.0,0.0,-1.7326523526122446,Intermediate
TB1_CCAGCTGCAAGCTAAA-1,TB1,TB,Microglia,16,962,1445,0.27681660899653976,6.227948,16.962648,0.0,0.0,0.0,0.0,0.0,0.0,0.0,2.6973821964044484,0.0,0.0,2.0694436318401346,2.0694436318401346,2.6973821964044484,0.0,2.0694436318401346,2.6973821964044484,3.356257925479094,3.0801306664310713,2.0694436318401346,0.0,0.0,0.0,3.0801306664310713,2.0694436318401346,0.0,0.0,0.0,-0.9257244367694243,DAM-like
TB1_CCAGTTTGTGCTTAGA-1,TB1,TB,Microglia,16,854,1076,0.6505576208178439,6.18413,16.649994,0.0,0.0,0.0,0.0,0.0,0.0,0.0,0.0,0.0,0.0,2.3315301435691227,0.0,0.0,0.0,2.3315301435691227,2.3315301435691227,3.860064257822842,3.642173547596456,2.3315301435691227,2.9748844906074465,2.9748844906074465,0.0,3.642173547596456,0.0,0.0,0.0,0.0,-2.3764761795854548,Homeostatic
TB1_CCCGTTGTCTGTAAGC-1,TB1,TB,Microglia,16,1023,1400,0.2857142857142857,5.9857006,16.935627,0.0,0.0,0.0,0.0,0.0,0.0,0.0,2.727586496280667,0.0,0.0,0.0,2.0977679365712976,2.727586496280667,2.0977679365712976,3.111018349589975,0.0,4.377360655108867,4.463324945675838,2.0977679365712976,3.111018349589975,2.727586496280667,0.0,3.111018349589975,0.0,0.0,0.0,0.0,-2.167235127586364,Homeostatic
TB1_CCCTCAGTCCCGTTGT-1,TB1,TB,Microglia,16,1735,2725,0.07339449541284404,6.860468,16.3087,0.0,0.0,0.0,0.0,1.541100134321379,0.0,0.0,1.541100134321379,0.0,0.0,0.0,2.1209972119483353,0.0,1.541100134321379,2.4856708836807564,2.4856708836807564,3.284216776266058,2.4856708836807564,2.4856708836807564,2.1209972119483353,2.4856708836807564,0.0,2.9626212982496307,0.0,0.0,0.0,0.0,-2.0215876075719756,Homeostatic
TB1_CCGGTAGGTTTCGCCA-1,TB1,TB,Microglia,16,1029,1502,0.3994673768308922,5.7954674,17.45565,0.0,0.0,0.0,0.0,2.6613484007210935,0.0,0.0,3.043253482537601,0.0,0.0,2.6613484007210935,3.5348230885251466,0.0,2.0357233799496193,0.0,3.5348230885251466,3.712272141266958,3.5348230885251466,0.0,3.3189440655045597,2.6613484007210935,0.0,3.5348230885251466,2.6613484007210935,0.0,0.0,0.0,-1.4342976649842627,Intermediate
TB1_CCGTTTGGTACCGTTT-1,TB1,TB,Microglia,16,937,1326,0.07541478129713425,5.774808,17.56747,0.0,0.0,0.0,0.0,2.1449340759279423,0.0,0.0,2.777760093832317,0.0,0.0,2.777760093832317,3.1622815318927993,2.777760093832317,0.0,3.4393249500777423,3.4393249500777423,4.1162988768619835,3.4393249500777423,0.0,3.4393249500777423,2.1449340759279423,0.0,3.6560305546339382,2.1449340759279423,0.0,0.0,0.0,-1.4530476795747127,Intermediate
TB1_CCTATTGTCACAGACT-1,TB1,TB,Microglia,16,1184,1803,0.3882418191902385,5.467176,16.651329,3.1435161630690915,0.0,0.0,0.0,2.492595630784731,0.0,0.0,1.8789017922257518,0.0,0.0,1.8789017922257518,1.8789017922257518,2.87010868073789,1.8789017922257518,1.8789017922257518,2.492595630784731,3.5344999627535785,2.492595630784731,0.0,3.5344999627535785,1.8789017922257518,0.0,2.87010868073789,0.0,0.0,0.0,0.0,-1.123444697294698,DAM-like
TB1_CCTTCGGTCCCGCCTA-1,TB1,TB,Microglia,16,490,586,0.6825938566552902,6.115811,16.035555,2.8939678628409204,0.0,0.0,2.8939678628409204,2.8939678628409204,0.0,0.0,2.8939678628409204,0.0,0.0,0.0,3.954977877331056,2.8939678628409204,2.8939678628409204,0.0,4.237858668959902,2.8939678628409204,0.0,2.8939678628409204,2.8939678628409204,2.8939678628409204,0.0,2.8939678628409204,0.0,0.0,0.0,0.0,-0.9211686177774354,DAM-like
TB1_CGGGTATGTCCGGTTC-1,TB1,TB,Microglia,16,887,1173,1.619778346121057,6.2452426,16.57942,0.0,0.0,0.0,0.0,0.0,0.0,0.0,0.0,0.0,0.0,0.0,0.0,2.893162215402461,0.0,2.893162215402461,2.2539355838938624,3.9541413460293824,3.9541413460293824,0.0,3.558218132049324,3.558218132049324,0.0,2.893162215402461,0.0,0.0,0.0,0.0,-2.298926154785374,Homeostatic
TB1_CGTATTGCAACAACAA-1,TB1,TB,Microglia,16,1143,1528,0.8507853403141361,5.711713,17.254921,0.0,0.0,0.0,0.0,2.645394722680276,0.0,0.0,2.0208191679528924,0.0,0.0,2.0208191679528924,2.0208191679528924,0.0,2.645394722680276,3.0269163491483737,0.0,3.846129290688688,3.846129290688688,2.0208191679528924,3.0269163491483737,2.645394722680276,0.0,3.695532665010424,2.645394722680276,0.0,0.0,0.0,-1.9623776999666034,Homeostatic
TB1_CGTTGCGCAATATACC-1,TB1,TB,Microglia,26,1157,1747,0.0,6.820179,14.952019,5.486505577030128,0.0,0.0,0.0,0.0,0.0,0.0,0.0,0.0,0.0,0.0,0.0,2.8998982015335146,0.0,1.9056978576898294,0.0,0.0,3.8457290807043765,0.0,0.0,0.0,0.0,2.8998982015335146,0.0,0.0,0.0,0.0,-0.07382038433284155,DAM-like
TB1_CTAAAGCTCACGCATG-1,TB1,TB,Microglia,10,215,237,3.375527426160337,3.9473965,3.837271,3.7657037457846396,0.0,0.0,0.0,0.0,0.0,0.0,3.7657037457846396,0.0,0.0,0.0,0.0,0.0,3.7657037457846396,3.7657037457846396,0.0,0.0,0.0,0.0,0.0,0.0,0.0,0.0,0.0,0.0,0.0,0.0,-0.3620868986331385,DAM-like
TB1_CTACTAAAGTTATCCT-1,TB1,TB,Microglia,16,1159,1718,0.2910360884749709,5.648277,17.160372,1.9199652975605332,0.0,0.0,0.0,2.536980586232645,0.0,0.0,0.0,0.0,0.0,0.0,2.9157235195143456,0.0,1.9199652975605332,3.977557828694912,3.581414799000863,4.412678344001447,3.977557828694912,1.9199652975605332,3.581414799000863,2.9157235195143456,0.0,2.9157235195143456,2.536980586232645,0.0,0.0,0.0,-2.7186562986145106,Homeostatic
TB1_CTAGATTCAGGCATGA-1,TB1,TB,Microglia,16,994,1353,1.8477457501847747,5.5717177,16.741295,2.1271576769937455,0.0,0.0,0.0,2.7588678958371258,0.0,0.0,0.0,0.0,0.0,0.0,2.1271576769937455,0.0,2.1271576769937455,3.142985607091825,3.419820621039893,4.096473361485429,4.096473361485429,2.1271576769937455,2.7588678958371258,2.1271576769937455,0.0,2.7588678958371258,0.0,0.0,0.0,0.0,-2.447536100138224,Homeostatic
TB1_CTAGGCGGTTAAGCTG-1,TB1,TB,Microglia,16,824,1077,0.09285051067780872,6.3604927,16.792774,0.0,0.0,0.0,0.0,3.3622885975698233,0.0,0.0,2.3306914883605443,0.0,0.0,0.0,2.3306914883605443,3.3622885975698233,2.3306914883605443,2.974003000380659,3.3622885975698233,4.437525904402401,3.6412689559818294,0.0,2.974003000380659,2.3306914883605443,0.0,3.6412689559818294,0.0,0.0,0.0,0.0,-1.880465964286424,Intermediate
TB1_CTATGACAGTCAGTAC-1,TB1,TB,Microglia,12,283,345,12.753623188405797,7.0592895,-1.982042,3.4007141731482835,0.0,0.0,0.0,0.0,0.0,0.0,0.0,0.0,0.0,0.0,0.0,0.0,0.0,3.4007141731482835,0.0,0.0,0.0,0.0,0.0,0.0,0.0,0.0,0.0,0.0,0.0,0.0,-0.1634958737090521,DAM-like
TB1_CTCACACTCATGCCTC-1,TB1,TB,Microglia,16,1320,2041,0.44096031357177856,5.5390368,16.65646,3.9119348094762834,0.0,0.0,0.0,1.7748776090823744,0.0,0.0,0.0,0.0,0.0,0.0,2.7535764488716654,2.3794644714785425,1.7748776090823744,2.7535764488716654,2.7535764488716654,3.6937792384781964,2.3794644714785425,1.7748776090823744,2.3794644714785425,0.0,0.0,3.0252054487677875,1.7748776090823744,2.3794644714785425,0.0,0.0,-1.3564056264826228,Intermediate
TB1_CTCACACTCCGCACAA-1,TB1,TB,Microglia,16,1349,1959,0.5615109749872383,5.488571,16.663889,3.0642588120605376,1.8090499940242668,0.0,0.0,1.8090499940242668,0.0,0.0,1.8090499940242668,0.0,0.0,0.0,1.8090499940242668,2.7920196923347667,0.0,3.6036623734141426,3.2780208070812784,3.8489086865802804,3.2780208070812784,2.4167429393014506,0.0,3.6036623734141426,0.0,3.6036623734141426,0.0,0.0,0.0,0.0,-1.4965135190904277,Intermediate
TB1_CTCACTCAGGTCCAAT-1,TB1,TB,Microglia,15,2247,3878,0.18050541516245489,-11.353978,6.2671957,2.6314026745078865,0.0,0.0,0.0,1.8176379761027364,0.0,0.0,1.8176379761027364,0.0,0.0,0.0,1.8176379761027364,0.0,0.0,1.8176379761027364,2.16744627934373,2.16744627934373,2.426093498696409,0.0,1.274985295656897,0.0,0.0,2.16744627934373,1.8176379761027364,0.0,0.0,0.0,-0.6098306582340074,DAM-like
TB1_CTCCAAACAAATACCT-1,TB1,TB,Microglia,16,1255,1804,0.6097560975609756,5.7025833,17.21459,0.0,0.0,0.0,0.0,1.8789017922257518,0.0,0.0,1.8789017922257518,0.0,0.0,0.0,1.8789017922257518,1.8789017922257518,1.8789017922257518,1.8789017922257518,0.0,3.3579961184251603,3.1435161630690915,2.492595630784731,3.1435161630690915,1.8789017922257518,0.0,2.492595630784731,2.87010868073789,1.8789017922257518,0.0,0.0,-1.6436675531260114,Intermediate
TB1_CTCCTAATCGGTACGC-1,TB1,TB,Microglia,16,692,866,0.23094688221709006,5.7568355,16.443542,2.5295090185490334,0.0,0.0,0.0,2.5295090185490334,0.0,0.0,0.0,0.0,0.0,0.0,3.1819914104654794,0.0,2.5295090185490334,3.1819914104654794,0.0,3.1819914104654794,4.252545096949958,2.5295090185490334,0.0,2.5295090185490334,0.0,2.5295090185490334,0.0,2.5295090185490334,0.0,0.0,-1.641708068032268,Intermediate
TB1_CTCTCACAGTTTGTCT-1,TB1,TB,Microglia,16,755,946,0.3171247357293869,6.050677,16.811172,0.0,0.0,0.0,0.0,2.4484868026519853,0.0,0.0,0.0,0.0,0.0,0.0,3.0974604072812126,0.0,0.0,3.4877564599977395,0.0,3.7677668353606455,2.4484868026519853,0.0,2.4484868026519853,3.4877564599977395,0.0,3.4877564599977395,0.0,0.0,0.0,0.0,-1.5284203462414965,Intermediate
TB1_CTGCAATAGCTATTGA-1,TB1,TB,Microglia,16,1106,1582,0.8849557522123894,5.7131248,17.348547,0.0,0.0,0.0,0.0,3.4844829050748998,0.0,0.0,0.0,0.0,0.0,0.0,2.9938974686989894,1.990762299458136,0.0,3.2689775119757347,1.990762299458136,3.2689775119757347,3.6616797507007885,2.61316976459608,2.9938974686989894,0.0,0.0,2.9938974686989894,1.990762299458136,0.0,0.0,0.0,-1.5732105251001425,Intermediate
TB1_CTGGTTTGTCGCAAAC-1,TB1,TB,Microglia,16,859,1131,0.7957559681697612,6.061389,16.837856,0.0,0.0,0.0,0.0,3.5936598979662056,0.0,0.0,2.9276389594508068,0.0,0.0,0.0,2.2866318113771054,3.3151019101572676,2.9276389594508068,2.2866318113771054,0.0,4.826586339932527,4.49331450899384,0.0,3.3151019101572676,2.2866318113771054,0.0,3.9899169053529255,2.2866318113771054,0.0,0.0,0.0,-1.5844472000494365,Intermediate
TB1_CTGTTAAAGGTCTTGG-1,TB1,TB,Microglia,4,2070,3462,0.2021952628538417,14.6329365,-2.880448,3.397357938776978,0.0,0.0,0.0,2.2685640098814543,0.0,0.0,1.3580244448345038,0.0,0.0,1.3580244448345038,1.3580244448345038,1.3580244448345038,1.9135356343295111,1.9135356343295111,1.9135356343295111,3.397357938776978,1.9135356343295111,1.3580244448345038,2.2685640098814543,2.2685640098814543,0.0,1.9135356343295111,1.3580244448345038,0.0,0.0,0.0,-1.2646377923560583,Intermediate
TB1_CTTAATGAGCATGTTA-1,TB1,TB,Microglia,16,896,1211,0.16515276630883566,5.5523534,17.092533,2.2254489746005013,0.0,0.0,0.0,2.863073450466124,0.0,0.0,0.0,0.0,0.0,2.2254489746005013,2.863073450466124,2.863073450466124,2.2254489746005013,3.7445078881488936,2.863073450466124,3.9228804473583767,3.7445078881488936,2.2254489746005013,2.863073450466124,2.2254489746005013,0.0,3.5272587464402223,2.2254489746005013,0.0,0.0,0.0,-1.973712732925711,Homeostatic
TB1_CTTCATCCAACTAGCC-1,TB1,TB,Microglia,16,695,939,6.17678381256656,6.0934978,16.069431,2.455274184911528,0.0,0.0,0.0,3.4949573237759157,0.0,0.0,0.0,0.0,0.0,0.0,3.1045532485840535,0.0,3.1045532485840535,0.0,3.1045532485840535,4.324760152600485,2.455274184911528,0.0,0.0,3.1045532485840535,0.0,3.993568638194137,2.455274184911528,0.0,0.0,0.0,-1.3151898560025217,Intermediate
TB1_CTTGCATGTCCCGGAA-1,TB1,TB,Microglia,16,1006,1351,0.7401924500370096,5.7372236,16.812943,2.1284607867951406,0.0,0.0,0.0,2.1284607867951406,0.0,0.0,0.0,0.0,0.0,2.1284607867951406,2.1284607867951406,2.760253518007182,0.0,0.0,2.1284607867951406,4.213864170693536,3.966766300263527,3.144401105518775,2.760253518007182,2.1284607867951406,0.0,3.4212515459960713,0.0,2.1284607867951406,0.0,0.0,-1.425537628494721,Intermediate
TB1_CTTTGGGAGCATTTCT-1,TB1,TB,Microglia,16,1166,1698,1.884570082449941,5.7856526,17.146835,0.0,0.0,0.0,0.0,3.201002078134709,0.0,0.0,0.0,0.0,0.0,1.9299667991316785,3.415968008157419,0.0,0.0,1.9299667991316785,1.9299667991316785,3.873578433873005,2.5477690025111035,0.0,2.5477690025111035,0.0,0.0,2.5477690025111035,0.0,1.9299667991316785,0.0,0.0,-0.9461745711506822,DAM-like
TB1_GAACCGCTCGAAGCGG-1,TB1,TB,Microglia,16,765,997,0.20060180541624875,6.0622277,17.081118,0.0,0.0,0.0,0.0,3.436894934628972,0.0,0.0,0.0,0.0,0.0,0.0,0.0,3.047384079395811,0.0,3.436894934628972,0.0,4.513831047960757,4.113829191656349,2.400627017349096,3.436894934628972,3.436894934628972,0.0,3.716503402315791,0.0,0.0,0.0,0.0,-2.168580814220118,Homeostatic
TB1_GAAGGATGTTACAACG-1,TB1,TB,Microglia,16,1828,3222,0.0931098696461825,5.5902767,17.410547,0.0,0.0,0.0,0.0,1.9750978204500318,0.0,0.0,1.9750978204500318,0.0,0.0,0.0,2.3332100223141023,2.9766500570906627,1.4118798241566037,2.804469559945852,2.804469559945852,3.722014624878407,3.251509451195683,0.0,2.9766500570906627,1.4118798241566037,0.0,2.804469559945852,1.4118798241566037,0.0,0.0,0.0,-1.5855471341862208,Intermediate
TB1_GAAGGCCCAATTGAGA-1,TB1,TB,Microglia,2,5044,13234,0.6725102009974309,-3.903983,-1.6290232,0.5628599720022385,0.0,0.0,0.0,1.183890382733422,0.0,0.0,0.0,0.0,0.0,0.0,0.0,0.9208296483681981,0.0,1.391964795001576,1.391964795001576,1.8389301940129192,1.564112606986766,0.9208296483681981,0.5628599720022385,1.183890382733422,0.5628599720022385,1.564112606986766,0.5628599720022385,0.5628599720022385,0.5628599720022385,0.0,-0.9016205874861171,DAM-like
TB1_GACCTAAGTACTTAGG-1,TB1,TB,Microglia,32,2625,5002,0.3398640543782487,-1.0961589,2.939155,1.0984789731099867,0.0,0.0,0.0,1.0984789731099867,0.0,0.0,2.564764761955913,0.0,0.0,0.0,0.0,1.6092779316314554,0.0,2.707863554343989,2.8330251286902284,2.8330251286902284,2.1970468193088655,1.6092779316314554,1.0984789731099867,1.945738740073063,0.0,0.0,1.0984789731099867,0.0,0.0,0.0,-1.4129800621881048,Intermediate
TB1_GACCTAAGTTCATCTA-1,TB1,TB,Microglia,16,1785,3005,0.5324459234608985,5.4477515,17.255793,2.661038820016272,0.0,0.0,0.0,1.465056330913444,0.0,0.0,2.035434015620261,0.0,0.0,0.0,1.465056330913444,1.465056330913444,0.0,2.661038820016272,1.465056330913444,3.5344999627535785,3.1902503639663564,2.035434015620261,2.035434015620261,2.396381497153563,0.0,3.5344999627535785,0.0,0.0,0.0,0.0,-1.4654048120341698,Intermediate
TB1_GACCTGATCGGTCAGC-1,TB1,TB,Microglia,16,886,1192,0.25167785234899326,5.622076,16.57425,2.239566668720022,0.0,0.0,0.0,2.239566668720022,0.0,2.239566668720022,2.239566668720022,0.0,0.0,0.0,3.7599507011940014,2.239566668720022,0.0,2.239566668720022,2.8779911833266105,2.8779911833266105,2.8779911833266105,2.239566668720022,2.239566668720022,0.0,0.0,3.938383893376407,0.0,0.0,0.0,0.0,-0.7684854218410169,DAM-like
TB1_GACCTTTGTCAATGTG-1,TB1,TB,Microglia,2,3729,7902,0.240445456846368,-3.5975742,-1.7611599,0.8177965464595482,0.0,0.0,0.0,0.0,0.0,0.0,0.0,0.0,0.8177965464595482,0.0,1.2615824788567171,1.2615824788567171,0.0,1.2615824788567171,1.5678879891554194,2.5168510863477893,1.9916360343075135,0.8177965464595482,0.0,1.2615824788567171,0.8177965464595482,1.2615824788567171,1.8020413652094556,0.8177965464595482,1.2615824788567171,0.0,-0.8572626113146913,DAM-like
TB1_GACCTTTGTCATTGAG-1,TB1,TB,Microglia,16,815,1060,0.2830188679245283,6.1566668,16.948095,0.0,0.0,0.0,0.0,2.345066087970213,0.0,0.0,2.989106598581854,0.0,0.0,0.0,0.0,2.345066087970213,0.0,2.345066087970213,0.0,2.345066087970213,3.3776519095965654,0.0,3.656765503466812,2.345066087970213,0.0,3.3776519095965654,2.345066087970213,0.0,0.0,0.0,-1.1679912846584997,DAM-like
TB1_GACGCAACAGTAGCCT-1,TB1,TB,Microglia,16,1331,1953,1.0752688172043012,5.4894824,16.908749,3.067183292168484,0.0,0.0,0.0,2.4195371525472438,0.0,0.0,0.0,0.0,0.0,0.0,1.811615641001302,2.4195371525472438,2.7948994212345966,2.7948994212345966,0.0,3.7367792603128662,2.4195371525472438,2.7948994212345966,2.7948994212345966,0.0,0.0,2.4195371525472438,1.811615641001302,0.0,0.0,0.0,-1.4194605515890988,Intermediate
TB1_GACTAATGTGTGTGGT-1,TB1,TB,Microglia,16,1098,1552,0.5154639175257731,5.6576085,17.4205,0.0,0.0,0.0,0.0,2.6309241979069813,0.0,0.0,2.6309241979069813,0.0,0.0,2.0073141603894435,0.0,2.0073141603894435,0.0,3.2874012331593656,2.6309241979069813,3.503046585233537,3.012092556659198,0.0,3.9616964318366588,3.2874012331593656,0.0,2.6309241979069813,0.0,0.0,0.0,0.0,-1.746745147698784,Intermediate
TB1_GAGATAAGTTAACAGT-1,TB1,TB,Microglia,16,1103,1584,0.5050505050505051,5.6668406,17.440939,0.0,0.0,0.0,0.0,1.9896715422511264,0.0,0.0,2.611999006073166,0.0,0.0,1.9896715422511264,0.0,0.0,2.992697369858837,1.9896715422511264,1.9896715422511264,4.057303290541752,2.611999006073166,0.0,0.0,3.483258253491929,0.0,3.483258253491929,1.9896715422511264,0.0,0.0,0.0,-1.6335488108988447,Intermediate
TB1_GAGATAAGTTAAGCGC-1,TB1,TB,Microglia,16,746,935,2.9946524064171123,6.4269714,15.9235115,0.0,0.0,0.0,0.0,0.0,0.0,0.0,0.0,0.0,0.0,0.0,0.0,0.0,0.0,2.4591774038221814,3.1086311491645566,4.681685495001841,3.7791941925218615,2.4591774038221814,3.7791941925218615,0.0,0.0,3.4990969786764023,3.4990969786764023,0.0,0.0,0.0,-2.5333824796068103,Homeostatic
TB1_GAGCAAATCAGCTAAC-1,TB1,TB,Microglia,16,1141,1583,0.5685407454200885,5.8757954,17.102686,1.9902167250513338,0.0,0.0,0.0,1.9902167250513338,0.0,0.0,1.9902167250513338,0.0,0.0,0.0,0.0,1.9902167250513338,2.6125841868779585,2.993297220250146,2.993297220250146,4.161554417410834,2.993297220250146,0.0,2.6125841868779585,2.6125841868779585,0.0,3.661064077526786,2.993297220250146,0.0,0.0,0.0,-2.0100254529105213,Homeostatic
TB1_GAGCAAGGTTCGCTTG-1,TB1,TB,Microglia,16,847,1105,0.4524886877828055,5.9048243,16.597334,2.3075501223766746,0.0,0.0,2.3075501223766746,2.3075501223766746,0.0,0.0,2.3075501223766746,0.0,0.0,2.3075501223766746,0.0,2.949664644264746,0.0,2.949664644264746,2.949664644264746,3.6162844336343807,3.6162844336343807,2.949664644264746,0.0,3.8340370048113233,0.0,2.949664644264746,2.3075501223766746,0.0,0.0,0.0,-1.37503341744405,Intermediate
TB1_GAGGCTTGTGCAACTA-1,TB1,TB,Microglia,16,692,884,0.5656108597285068,6.081375,16.468338,2.5105920372654937,0.0,0.0,0.0,0.0,0.0,0.0,3.553536466791063,0.0,0.0,2.5105920372654937,3.1622815318927997,0.0,2.5105920372654937,0.0,3.1622815318927997,4.0528467486384585,3.1622815318927997,2.5105920372654937,3.553536466791063,3.1622815318927997,0.0,3.553536466791063,2.5105920372654937,0.0,0.0,0.0,-1.8614551723806438,Intermediate
TB1_GAGGTGAGTAAGGTTT-1,TB1,TB,Microglia,16,816,1060,0.0,6.120824,16.774649,0.0,0.0,0.0,0.0,2.345066087970213,0.0,0.0,2.345066087970213,0.0,0.0,0.0,3.656765503466812,2.345066087970213,0.0,3.656765503466812,2.989106598581854,4.890916423656058,3.656765503466812,0.0,3.3776519095965654,2.345066087970213,0.0,3.874732503689362,0.0,0.0,0.0,0.0,-1.7920752520055618,Intermediate
TB1_GAGTCATTCAAGCGCC-1,TB1,TB,Microglia,8,461,571,1.2259194395796849,2.5531905,2.1714993,0.0,0.0,0.0,0.0,0.0,0.0,0.0,0.0,2.9184804721126527,0.0,0.0,0.0,0.0,0.0,0.0,2.9184804721126527,0.0,0.0,0.0,0.0,0.0,0.0,0.0,0.0,0.0,0.0,0.0,-0.14031156115926216,DAM-like
TB1_GATAAGCCAGTTTGGC-1,TB1,TB,Microglia,16,1299,1985,0.4534005037783375,5.473316,16.967384,3.2653363012907795,0.0,0.0,0.0,2.7796481287629473,0.0,1.7980369537471939,1.7980369537471939,0.0,0.0,1.7980369537471939,1.7980369537471939,2.40474148849362,2.40474148849362,3.2653363012907795,2.40474148849362,3.590838849839165,3.2653363012907795,2.40474148849362,3.4412735061509565,3.4412735061509565,0.0,3.0516934974963728,0.0,0.0,0.0,0.0,-1.8240643098495815,Intermediate
TB1_GATCCGTCAATAACCT-1,TB1,TB,Microglia,4,3759,7493,0.74736420659282,14.687854,-2.8624647,2.6634564777863172,0.0,0.0,0.0,0.0,0.0,0.0,1.8466130803775764,0.0,0.0,0.847831549525955,2.834092209748355,1.8466130803775764,0.0,2.198054637415006,0.847831549525955,2.6634564777863172,2.6634564777863172,1.2999621754336137,0.847831549525955,0.847831549525955,0.0,0.847831549525955,1.8466130803775764,1.6101849975031342,0.847831549525955,0.0,-0.6488525599852145,DAM-like
TB1_GATGCGACACAACAAA-1,TB1,TB,Microglia,16,1113,1544,0.9715025906735751,5.590975,17.011673,2.0117893698689855,0.0,0.0,2.0117893698689855,3.2923766549394333,0.0,0.0,0.0,2.0117893698689855,0.0,2.0117893698689855,2.6357209039067135,2.0117893698689855,0.0,3.0170069449727417,0.0,3.8359361934412957,2.0117893698689855,0.0,3.508059360233757,3.0170069449727417,0.0,3.508059360233757,3.508059360233757,0.0,0.0,0.0,-0.6939522049022615,DAM-like
TB1_GATTACGGTCTTTGAC-1,TB1,TB,Microglia,16,805,1075,1.3953488372093024,5.9009967,17.321604,0.0,0.0,0.0,0.0,2.3323696543515733,0.0,0.0,3.3640829758171487,0.0,0.0,0.0,2.975766842308293,0.0,2.3323696543515733,2.3323696543515733,3.643079002343706,4.724089526709666,3.643079002343706,2.3323696543515733,2.975766842308293,0.0,0.0,4.039781955564178,0.0,0.0,0.0,0.0,-2.0807966115198564,Homeostatic
TB1_GCAAACTTCATGGTTA-1,TB1,TB,Microglia,16,983,1278,0.4694835680751174,6.2632046,16.32534,0.0,2.177557569429647,0.0,0.0,2.177557569429647,0.0,0.0,2.177557569429647,0.0,0.0,2.177557569429647,0.0,2.177557569429647,0.0,0.0,3.6919654543364286,4.152579021272876,3.1976186190586806,0.0,0.0,0.0,0.0,3.1976186190586806,3.475033314431841,0.0,0.0,0.0,-0.5427482447451725,DAM-like
TB1_GCAAGTGCAGGCCTTG-1,TB1,TB,Microglia,16,995,1330,0.9022556390977444,6.2702565,16.664368,0.0,0.0,0.0,0.0,2.1429390301602433,0.0,0.0,2.1429390301602433,0.0,0.0,2.1429390301602433,2.775640869327777,2.1429390301602433,0.0,3.43713765300018,2.775640869327777,3.6538291148667996,3.6538291148667996,0.0,2.775640869327777,2.775640869327777,0.0,3.160117406434413,2.1429390301602433,0.0,0.0,0.0,-1.511088119803581,Intermediate
TB1_GCACGGTTCAATACGC-1,TB1,TB,Microglia,16,1204,1745,0.17191977077363896,5.7300644,17.395153,0.0,0.0,0.0,0.0,2.522629290395211,0.0,0.0,2.522629290395211,0.0,0.0,0.0,1.9066730624564856,1.9066730624564856,1.9066730624564856,3.566258444915395,2.522629290395211,3.8468500901729854,2.522629290395211,1.9066730624564856,1.9066730624564856,3.3895732534657457,0.0,2.9009806769680226,0.0,0.0,0.0,0.0,-2.014563813381297,Homeostatic
TB1_GCAGCCAGTCGACTCC-1,TB1,TB,Microglia,16,1059,1564,1.0230179028132993,5.4090347,16.831417,3.495577112457739,0.0,0.0,0.0,3.0047705885356693,0.0,0.0,2.0006501820309803,0.0,0.0,2.0006501820309803,2.0006501820309803,0.0,0.0,2.0006501820309803,2.623778615466303,4.069791539206639,3.0047705885356693,0.0,2.0006501820309803,3.495577112457739,0.0,2.0006501820309803,2.0006501820309803,0.0,0.0,0.0,-1.1876870276901657,DAM-like
TB1_GCAGGTGAGCACGATT-1,TB1,TB,Microglia,16,860,1112,0.2697841726618705,6.191373,16.857832,0.0,0.0,2.3018654096236517,0.0,0.0,0.0,0.0,2.9436814033726324,0.0,0.0,0.0,3.3314334010250555,2.3018654096236517,0.0,2.9436814033726324,4.158095903110983,4.690555541481187,3.8278591074716513,0.0,2.3018654096236517,2.3018654096236517,0.0,3.3314334010250555,0.0,0.0,0.0,0.0,-1.6911560680935471,Intermediate
TB1_GCATCCTTCCAATAGC-1,TB1,TB,Microglia,16,942,1275,0.1568627450980392,5.8331566,16.869253,2.1796417067783525,0.0,0.0,0.0,3.1998728777425853,0.0,0.0,3.1998728777425853,0.0,0.0,2.8145864958490483,2.1796417067783525,2.8145864958490483,2.8145864958490483,2.1796417067783525,2.8145864958490483,4.023599456188347,4.634348180913533,0.0,2.8145864958490483,2.8145864958490483,0.0,2.8145864958490483,0.0,0.0,0.0,0.0,-1.5013609804680172,Intermediate
TB1_GCATTGCCATAGACCC-1,TB1,TB,Microglia,16,1392,2091,0.23912003825920614,5.8253517,17.023273,1.7548189537456131,0.0,0.0,0.0,1.7548189537456131,0.0,0.0,3.2153497686690478,0.0,0.0,1.7548189537456131,3.2153497686690478,1.7548189537456131,2.730933196545607,3.3909586304536945,3.002191520666248,4.619373007409132,3.8882221519651297,0.0,3.002191520666248,0.0,0.0,2.357527865313551,0.0,0.0,0.0,0.0,-1.5446202648232152,Intermediate
TB1_GCGAAGTAGGCCTTAG-1,TB1,TB,Microglia,16,883,1085,2.2119815668202767,6.285701,16.247738,0.0,0.0,0.0,0.0,2.3240128560758517,0.0,0.0,2.3240128560758517,0.0,0.0,2.3240128560758517,2.9669819002061004,2.3240128560758517,0.0,2.9669819002061004,2.9669819002061004,4.43021314949037,2.9669819002061004,0.0,2.3240128560758517,0.0,0.0,3.355145400728878,2.9669819002061004,0.0,0.0,0.0,-1.013586207541565,DAM-like
TB1_GCGCAAACAGATAGAC-1,TB1,TB,Microglia,16,509,604,0.9933774834437087,6.441777,15.723182,0.0,0.0,0.0,0.0,0.0,0.0,0.0,2.865412369474101,0.0,0.0,0.0,0.0,0.0,0.0,2.865412369474101,2.865412369474101,3.5296663127506607,3.9253118004169276,0.0,0.0,0.0,0.0,3.9253118004169276,2.865412369474101,2.865412369474101,0.0,0.0,-1.4278090204010816,Intermediate
TB1_GCGCCTTGTAATCGTG-1,TB1,TB,Microglia,16,582,712,0.0,6.0671067,16.110674,3.764330825268658,0.0,0.0,0.0,2.7110419759590325,0.0,0.0,2.7110419759590325,0.0,0.0,0.0,2.7110419759590325,0.0,0.0,2.7110419759590325,2.7110419759590325,4.445818739671773,2.7110419759590325,0.0,2.7110419759590325,3.3703906100193977,0.0,2.7110419759590325,0.0,0.0,0.0,0.0,-1.4173581756797007,Intermediate
TB1_GCGGTTGGTAAATTGC-1,TB1,TB,Microglia,16,248,331,12.990936555891238,9.50648,3.276693,0.0,0.0,0.0,0.0,0.0,0.0,0.0,0.0,0.0,0.0,0.0,3.4407859874723825,0.0,0.0,4.517807195418159,3.4407859874723825,4.11778371842716,3.4407859874723825,0.0,0.0,3.4407859874723825,0.0,0.0,0.0,0.0,0.0,0.0,-2.105067764342625,Homeostatic
TB1_GCGTTTCTCCTGAGTG-1,TB1,TB,Microglia,16,791,1020,0.19607843137254902,6.054828,16.400764,2.3799091764285887,0.0,0.0,0.0,3.414829530452213,0.0,0.0,2.3799091764285887,0.0,0.0,0.0,3.0256717381526252,2.3799091764285887,0.0,3.414829530452213,2.3799091764285887,4.091399051992344,3.9124150854174857,0.0,2.3799091764285887,0.0,0.0,4.091399051992344,3.0256717381526252,0.0,0.0,0.0,-0.9776747681367792,DAM-like
TB1_GCTAGTGTCACATTGA-1,TB1,TB,Microglia,26,805,1065,1.4084507042253522,6.931589,14.805576,6.113027596949578,0.0,0.0,0.0,2.3408121743416244,0.0,0.0,0.0,0.0,0.0,0.0,2.3408121743416244,3.6521813780307673,0.0,0.0,3.6521813780307673,3.3731069843542687,3.870124531868674,0.0,0.0,0.0,0.0,3.3731069843542687,0.0,0.0,0.0,0.0,-0.25063174073066774,DAM-like
TB1_GCTATCCTCTCGCCTG-1,TB1,TB,Microglia,16,1619,2515,1.1928429423459244,5.6563163,17.37764,0.0,0.0,0.0,0.0,1.604655121332035,0.0,0.0,0.0,1.604655121332035,2.1919089502018325,1.604655121332035,1.604655121332035,2.559428717769413,2.1919089502018325,3.4907072914438286,2.559428717769413,3.7077363257833076,3.605097989981977,0.0,1.604655121332035,2.559428717769413,0.0,3.3615206334605108,0.0,1.604655121332035,0.0,0.0,-1.605642839031427,Intermediate
TB1_GCTCATTGTCAATGTG-1,TB1,TB,Microglia,16,955,1351,1.1843079200592153,5.5050526,16.763384,3.966766300263527,0.0,0.0,0.0,2.1284607867951406,0.0,0.0,0.0,0.0,0.0,2.1284607867951406,0.0,2.760253518007182,2.1284607867951406,3.4212515459960713,2.760253518007182,3.144401105518775,3.144401105518775,2.760253518007182,3.144401105518775,3.637839351403575,0.0,0.0,2.1284607867951406,0.0,0.0,0.0,-2.1727391859909924,Homeostatic
TB1_GCTCGATCAGGTTCAC-1,TB1,TB,Microglia,16,940,1263,0.5542359461599367,6.197128,16.7924,0.0,0.0,0.0,0.0,0.0,0.0,0.0,0.0,0.0,0.0,2.1880331736972054,2.8234786296562104,0.0,2.1880331736972054,3.208945446310046,0.0,4.643713100817536,4.03288741527766,2.1880331736972054,3.48647637127768,3.8816862284336797,0.0,3.208945446310046,2.1880331736972054,2.8234786296562104,0.0,0.0,-2.5682209557386133,Homeostatic
TB1_GCTCGATCATTAGGCC-1,TB1,TB,Microglia,16,1265,2020,0.24752475247524752,5.5550117,17.393333,0.0,0.0,0.0,0.0,3.035048184003741,0.0,0.0,1.783474417693948,0.0,0.0,1.783474417693948,1.783474417693948,1.783474417693948,1.783474417693948,3.922071361081667,1.783474417693948,4.179855914847511,3.035048184003741,0.0,3.248530748607392,2.3888536198814205,0.0,1.783474417693948,1.783474417693948,0.0,0.0,0.0,-1.7604369787623937,Intermediate
TB1_GCTGACCAGCGCATTG-1,TB1,TB,Microglia,16,679,844,0.9478672985781991,6.3371363,16.452532,0.0,0.0,0.0,0.0,0.0,0.0,0.0,0.0,0.0,0.0,2.553214716022599,2.553214716022599,3.206668921433148,2.553214716022599,3.598545026356894,2.553214716022599,3.206668921433148,3.598545026356894,2.553214716022599,2.553214716022599,0.0,0.0,3.206668921433148,0.0,0.0,0.0,0.0,-1.9376081256659476,Homeostatic
TB1_GCTGCATCAAAGCTAA-1,TB1,TB,Microglia,16,910,1211,0.2477291494632535,6.27791,17.052134,0.0,0.0,0.0,0.0,0.0,0.0,0.0,2.2254489746005013,0.0,0.0,0.0,2.2254489746005013,2.863073450466124,2.2254489746005013,3.7445078881488936,0.0,4.51998283321649,2.863073450466124,2.2254489746005013,3.5272587464402223,2.2254489746005013,0.0,3.5272587464402223,0.0,0.0,0.0,0.0,-2.1037830456693754,Homeostatic
TB1_GCTTATCGTACCTTAC-1,TB1,TB,Microglia,16,1374,2101,0.47596382674916704,5.610618,17.446648,0.0,0.0,0.0,0.0,2.35364026379433,0.0,0.0,0.0,0.0,0.0,2.7269186854065928,0.0,0.0,0.0,1.751268107873318,2.7269186854065928,3.977453985348737,3.211227604029944,3.211227604029944,2.35364026379433,2.9981103959589586,0.0,2.35364026379433,2.35364026379433,0.0,0.0,0.0,-2.137918603943618,Homeostatic
TB1_GGAACCTGTAACGTGC-1,TB1,TB,Microglia,16,511,613,0.48939641109298526,6.4049926,15.803339,0.0,0.0,0.0,0.0,0.0,0.0,0.0,0.0,0.0,0.0,0.0,0.0,0.0,0.0,0.0,2.851470007825611,2.851470007825611,2.851470007825611,2.851470007825611,3.515312287762974,4.413598803337873,0.0,0.0,0.0,0.0,0.0,0.0,-2.4168488903004115,Homeostatic
TB1_GGAACCTGTTTGCAGA-1,TB1,TB,Microglia,16,977,1330,0.07518796992481204,5.707476,17.410168,0.0,0.0,0.0,2.1422751328062524,2.1422751328062524,0.0,0.0,2.1422751328062524,0.0,0.0,2.1422751328062524,3.4364096862899784,0.0,2.774935590249597,3.159397162730438,2.774935590249597,3.6530964343385492,2.774935590249597,0.0,2.774935590249597,2.774935590249597,0.0,3.9821380540562843,2.1422751328062524,0.0,0.0,0.0,-1.66239565757693,Intermediate
TB1_GGAATCTTCGGTTTCC-1,TB1,TB,Microglia,16,1115,1577,0.2536461636017755,5.5393653,17.013193,1.9934960632426901,0.0,0.0,0.0,1.9934960632426901,0.0,0.0,0.0,0.0,0.0,1.9934960632426901,0.0,1.9934960632426901,1.9934960632426901,3.272022821773874,2.616103624576347,3.487551528702493,3.487551528702493,1.9934960632426901,2.996904699500671,1.9934960632426901,0.0,2.616103624576347,0.0,2.616103624576347,0.0,0.0,-2.11669439504832,Homeostatic
TB1_GGACAGCCAAGTAAGC-1,TB1,TB,Microglia,16,1220,1682,2.5564803804994054,6.0444727,16.968105,0.0,0.0,0.0,0.0,3.425125996865179,0.0,1.9380656340673612,2.5564988616883437,0.0,0.0,1.9380656340673612,3.425125996865179,3.2100858193880426,2.5564988616883437,1.9380656340673612,2.9357651347159024,4.433601548142652,3.2100858193880426,0.0,1.9380656340673612,1.9380656340673612,0.0,2.5564988616883437,2.5564988616883437,0.0,0.0,0.0,-1.1000786915024,DAM-like
TB1_GGCAGGATCGATTTGA-1,TB1,TB,Microglia,16,1323,1993,0.2508780732563974,5.6214066,17.309761,0.0,0.0,0.0,0.0,2.4010831796789014,0.0,0.0,1.7946821050189263,0.0,0.0,2.775876087639798,1.7946821050189263,2.4010831796789014,1.7946821050189263,3.586927850836789,3.26146805290469,4.02879532811123,2.775876087639798,1.7946821050189263,2.4010831796789014,2.4010831796789014,0.0,3.0478618964956117,3.0478618964956117,0.0,0.0,0.0,-1.8965434548006008,Intermediate
TB1_GGCCAGTTCAAACTCA-1,TB1,TB,Microglia,16,1226,1779,0.39347948285553686,5.7667756,17.380983,0.0,0.0,0.0,0.0,2.5048947940847737,0.0,0.0,2.5048947940847737,0.0,0.0,1.8902668762929493,2.8827542855987707,3.1563424122611976,1.8902668762929493,3.697540545481489,3.3709332529773457,4.378218098537315,4.046752387315733,1.8902668762929493,3.3709332529773457,1.8902668762929493,0.0,3.5475120922076226,0.0,1.8902668762929493,0.0,0.0,-2.071577796746204,Homeostatic
TB1_GGCCTAATCTTAGCGG-1,TB1,TB,Microglia,16,855,1184,0.08445945945945946,5.838503,16.525732,0.0,0.0,0.0,0.0,2.884347643292784,0.0,0.0,0.0,0.0,0.0,0.0,0.0,0.0,0.0,3.271006606303391,2.884347643292784,3.9449871809671224,3.549151294951902,2.884347643292784,3.271006606303391,2.2455856490296404,0.0,2.884347643292784,2.2455856490296404,0.0,0.0,0.0,-2.5344311823797203,Homeostatic
TB1_GGCTATGTCCATAAGC-1,TB1,TB,Microglia,16,223,262,1.5267175572519083,9.606884,3.1626883,3.667858527740813,0.0,0.0,0.0,3.667858527740813,0.0,0.0,3.667858527740813,0.0,3.667858527740813,0.0,0.0,3.667858527740813,3.667858527740813,0.0,3.667858527740813,4.348157985852526,0.0,0.0,0.0,3.667858527740813,0.0,0.0,0.0,0.0,0.0,0.0,-0.5082518777725196,DAM-like
TB1_GGCTTCAAGGACAACA-1,TB1,TB,Microglia,16,1356,2020,0.297029702970297,5.601494,17.46804,0.0,0.0,0.0,0.0,0.0,0.0,1.7838863916399514,1.7838863916399514,0.0,0.0,2.389303377671948,2.763727137269237,0.0,2.389303377671948,2.389303377671948,2.763727137269237,4.3851112729750765,3.249006697129409,1.7838863916399514,2.389303377671948,3.42483845038059,0.0,3.035519557611635,0.0,2.389303377671948,0.0,0.0,-2.17597898736118,Homeostatic
TB1_GGGATAATCTCCATGC-1,TB1,TB,Microglia,16,1058,1406,0.9246088193456615,6.137384,16.710964,0.0,0.0,0.0,0.0,2.0933907393458737,0.0,0.0,2.0933907393458737,0.0,0.0,0.0,0.0,2.0933907393458737,2.0933907393458737,3.3826770044780465,3.3826770044780465,2.0933907393458737,0.0,0.0,0.0,2.0933907393458737,0.0,3.106250164074289,2.0933907393458737,0.0,0.0,0.0,-1.147600607755936,DAM-like
TB1_GGGATTAAGAAGGTGC-1,TB1,TB,Microglia,16,1038,1425,0.42105263157894735,5.459012,16.678738,3.585952621818407,0.0,0.0,2.0816321230596544,2.7103866507632297,0.0,0.0,0.0,0.0,0.0,0.0,2.7103866507632297,0.0,0.0,2.7103866507632297,2.0816321230596544,3.585952621818407,3.9144761343962227,2.7103866507632297,3.763645104686629,3.9144761343962227,0.0,3.9144761343962227,0.0,0.0,0.0,0.0,-1.9821688085312554,Homeostatic
TB1_GGGATTAAGTGAGCAA-1,TB1,TB,Microglia,16,831,1091,4.491292392300641,6.3838077,16.20153,0.0,0.0,0.0,0.0,2.9617517023525437,0.0,0.0,2.3190392617716706,0.0,0.0,2.3190392617716706,0.0,2.9617517023525437,2.3190392617716706,2.3190392617716706,2.3190392617716706,4.176866039667567,3.3498236813856344,0.0,0.0,3.3498236813856344,0.0,3.6286944125698604,2.3190392617716706,0.0,0.0,0.0,-1.416774519373198,Intermediate
TB1_GGGTTATTCACTAGGT-1,TB1,TB,Microglia,16,774,1059,0.6610009442870632,5.893889,17.333101,0.0,0.0,0.0,0.0,3.6576849900719197,0.0,0.0,0.0,0.0,0.0,0.0,2.9900029555783716,3.3785635548328163,0.0,3.3785635548328163,2.9900029555783716,4.738952963443395,3.87565676020009,3.6576849900719197,0.0,2.9900029555783716,0.0,4.337852217963963,2.3459195094739536,2.3459195094739536,0.0,0.0,-1.9326079070413436,Intermediate
TB1_GGTGCTTCACAACCTA-1,TB1,TB,Microglia,16,933,1272,0.07861635220125787,6.2559834,16.611269,0.0,0.0,0.0,0.0,2.8168011890227884,0.0,0.0,0.0,0.0,0.0,0.0,0.0,0.0,0.0,3.874732503689362,0.0,3.874732503689362,3.202132663572723,0.0,3.202132663572723,2.8168011890227884,0.0,2.8168011890227884,2.1817313096784487,0.0,0.0,0.0,-1.9046394259031554,Intermediate
TB1_GGTTTCTGTTTGGGCG-1,TB1,TB,Microglia,16,1149,1532,0.3263707571801566,5.5240645,16.846907,2.6429661293803113,2.018551708457756,0.0,2.018551708457756,0.0,0.0,0.0,2.018551708457756,0.0,0.0,2.018551708457756,0.0,0.0,2.018551708457756,2.6429661293803113,3.0244288318792623,3.515628902610879,3.0244288318792623,2.018551708457756,3.299890143122808,2.018551708457756,0.0,3.0244288318792623,3.0244288318792623,2.018551708457756,0.0,0.0,-1.8709768252836985,Intermediate
TB1_GTAAGCAAGAAAGGAA-1,TB1,TB,Microglia,16,606,760,0.2631578947368421,6.269045,16.588116,0.0,0.0,0.0,0.0,0.0,0.0,0.0,2.650272400435399,0.0,0.0,0.0,2.650272400435399,3.307464903999448,2.650272400435399,3.7006519903392037,3.307464903999448,3.7006519903392037,3.9821380540562843,2.650272400435399,3.7006519903392037,4.201545488547947,0.0,3.9821380540562843,2.650272400435399,0.0,0.0,0.0,-2.8245515596291844,Homeostatic
TB1_GTACTAGGTTAATGAC-1,TB1,TB,Microglia,4,518,681,1.3215859030837005,12.634272,-1.8199412,4.642369768457945,0.0,0.0,0.0,0.0,0.0,0.0,0.0,0.0,0.0,0.0,0.0,2.752659434940183,0.0,0.0,2.752659434940183,0.0,0.0,0.0,0.0,0.0,0.0,0.0,0.0,0.0,0.0,0.0,0.22476597089387162,DAM-like
TB1_GTATGTTCATGGTTAT-1,TB1,TB,Microglia,16,876,1198,0.8347245409015025,6.279898,16.6407,0.0,0.0,0.0,0.0,2.8732533379118057,0.0,0.0,0.0,0.0,0.0,0.0,0.0,3.2597004905034193,2.235081691233444,3.2597004905034193,0.0,4.084811228442504,2.8732533379118057,0.0,3.53773621179462,2.8732533379118057,0.0,3.2597004905034193,2.235081691233444,0.0,0.0,0.0,-1.8862138581158363,Intermediate
TB1_GTCGAAGCAGCAACCT-1,TB1,TB,Microglia,16,826,1072,0.5597014925373134,5.7943416,16.611498,2.3348933362267035,0.0,0.0,0.0,2.978419082352315,0.0,0.0,3.3667810294603044,0.0,0.0,0.0,2.3348933362267035,2.978419082352315,2.3348933362267035,2.978419082352315,2.3348933362267035,4.325811586084944,4.194167385063407,2.978419082352315,2.3348933362267035,2.3348933362267035,0.0,3.8637103391787333,0.0,0.0,0.0,0.0,-1.9006329742012553,Intermediate
TB1_GTCGGTTCAATAAGCA-1,TB1,TB,Microglia,26,1750,2864,0.27932960893854747,7.3476744,15.849532,2.0773443720891125,0.0,0.0,0.0,1.5022134633382114,0.0,0.0,2.9155033288001135,0.0,0.0,0.0,2.0773443720891125,3.23637544078293,2.4401585846477483,2.4401585846477483,2.9155033288001135,3.4789168081633233,3.0887544137177048,2.0773443720891125,2.7058130637038538,1.5022134633382114,0.0,3.0887544137177048,1.5022134633382114,0.0,0.0,0.0,-1.6727400599192863,Intermediate
TB1_GTCTAACAGCGAGTAA-1,TB1,TB,Microglia,16,552,683,0.5856515373352855,6.512801,16.128778,0.0,0.0,0.0,0.0,0.0,0.0,0.0,2.749914112375097,0.0,0.0,0.0,2.749914112375097,3.410572526228534,0.0,3.410572526228534,3.410572526228534,4.486924012353164,4.306850968061031,2.749914112375097,4.087070734185265,2.749914112375097,0.0,4.486924012353164,2.749914112375097,2.749914112375097,0.0,0.0,-2.464811931592861,Homeostatic
TB1_GTCTATGCATTAAGCT-1,TB1,TB,Microglia,16,1134,1593,0.18832391713747645,6.051017,16.983244,0.0,0.0,0.0,0.0,1.9847824367603528,0.0,0.0,2.606750157164783,0.0,0.0,2.606750157164783,2.606750157164783,0.0,0.0,1.9847824367603528,2.606750157164783,4.487337714081508,1.9847824367603528,0.0,1.9847824367603528,2.9873165461386586,0.0,2.9873165461386586,0.0,0.0,0.0,0.0,-1.2502356653232738,Intermediate
TB1_GTGAGCGAGGACCTTG-1,TB1,TB,Microglia,16,1046,1486,0.5383580080753702,6.3597755,16.545616,0.0,0.0,0.0,0.0,0.0,0.0,0.0,0.0,0.0,0.0,0.0,2.6713136139487834,0.0,0.0,0.0,3.05345505629687,4.4828124357762436,3.722721560326046,2.6713136139487834,0.0,2.0450409561465372,0.0,3.5452219797574713,0.0,0.0,0.0,0.0,-1.7914322902003648,Intermediate
TB1_GTGAGGAGTCCCGAAG-1,TB1,TB,Microglia,26,1266,1951,0.7175807278318811,7.1645365,14.577605,1.8124728952437699,0.0,1.8124728952437699,0.0,0.0,0.0,0.0,2.4204706349290284,0.0,0.0,2.7958614175973073,4.049719213923073,2.4204706349290284,0.0,0.0,2.7958614175973073,0.0,0.0,0.0,0.0,0.0,0.0,3.0681602088903874,0.0,2.4204706349290284,0.0,0.0,0.8283225298669502,DAM-like
TB1_GTGGACACATAGGCGA-1,TB1,TB,Microglia,16,585,720,1.1111111111111112,6.3960366,16.329926,0.0,0.0,0.0,0.0,3.3596034843633182,0.0,0.0,0.0,0.0,0.0,3.3596034843633182,2.700615222614692,0.0,3.3596034843633182,0.0,3.3596034843633182,3.7534179752515078,3.3596034843633182,0.0,2.700615222614692,4.254824377101007,0.0,3.3596034843633182,0.0,0.0,0.0,0.0,-1.8738567964808888,Intermediate
TB1_GTGTGCGGTCATAGAT-1,TB1,TB,Microglia,15,1563,2167,0.09229349330872173,-11.351428,6.278014,2.968732060519003,0.0,0.0,0.0,1.7257630273197146,0.0,0.0,1.7257630273197146,0.0,0.0,0.0,1.7257630273197146,0.0,1.7257630273197146,1.7257630273197146,0.0,2.968732060519003,0.0,0.0,2.6980278454946567,0.0,0.0,1.7257630273197146,0.0,0.0,0.0,0.0,-0.5131687341217787,DAM-like
TB1_GTTACGTAGATGGAGC-1,TB1,TB,Microglia,16,420,494,2.0242914979757085,6.421643,15.74949,0.0,0.0,0.0,0.0,3.0560234270587348,0.0,3.0560234270587348,0.0,0.0,0.0,3.7253519221717406,3.0560234270587348,4.12274970474393,3.0560234270587348,3.0560234270587348,4.406373576783539,4.406373576783539,3.0560234270587348,0.0,0.0,0.0,0.0,3.7253519221717406,3.0560234270587348,0.0,0.0,0.0,-0.938665878720458,DAM-like
TB1_GTTACTAAGGCATTAC-1,TB1,TB,Microglia,8,244,268,4.850746268656716,3.2056062,2.0353384,0.0,0.0,0.0,0.0,0.0,0.0,0.0,0.0,0.0,0.0,0.0,0.0,3.6458005614801743,0.0,0.0,3.6458005614801743,0.0,0.0,0.0,0.0,0.0,0.0,0.0,3.6458005614801743,0.0,0.0,0.0,-0.17527887314808532,DAM-like
TB1_GTTACTAAGTCTATGA-1,TB1,TB,Microglia,16,681,843,1.3048635824436536,6.2007656,16.142553,2.5543080314703266,0.0,0.0,0.0,2.5543080314703266,0.0,0.0,0.0,0.0,0.0,0.0,2.5543080314703266,0.0,2.5543080314703266,3.880523768973595,0.0,2.5543080314703266,3.5996981412089726,2.5543080314703266,3.5996981412089726,0.0,0.0,2.5543080314703266,0.0,0.0,0.0,0.0,-1.7533998186552395,Intermediate
TB1_GTTCCCAGTCCTCCAA-1,TB1,TB,Microglia,16,856,1159,2.5021570319240722,6.4075103,16.2905,0.0,0.0,0.0,0.0,0.0,0.0,0.0,0.0,0.0,0.0,0.0,0.0,2.2646887828459494,2.904507782536537,2.904507782536537,4.1173592455026045,3.965919466013656,2.2646887828459494,2.904507782536537,3.2915455637037727,2.904507782536537,0.0,3.569885050880637,2.2646887828459494,0.0,2.2646887828459494,0.0,-2.9829861940768283,Homeostatic
TB1_GTTTGCTGTGGACATC-1,TB1,TB,Microglia,16,1140,1656,0.4227053140096618,5.9500875,17.234058,0.0,0.0,0.0,0.0,3.22504035989753,0.0,0.0,1.951416012929836,0.0,0.0,0.0,0.0,2.570877496348932,2.570877496348932,3.22504035989753,1.951416012929836,4.211017660243275,2.570877496348932,2.570877496348932,2.570877496348932,1.951416012929836,0.0,2.9505226481200553,1.951416012929836,0.0,0.0,0.0,-2.106851244757118,Homeostatic
TB1_TAAACAGCAATTTGGT-1,TB1,TB,Microglia,16,1187,1740,0.8620689655172413,5.9527164,17.087286,0.0,0.0,0.0,0.0,0.0,0.0,0.0,1.9091167011735126,0.0,0.0,0.0,0.0,1.9091167011735126,2.903692601871825,2.903692601871825,2.903692601871825,4.162289630804565,3.8496583649096934,0.0,2.5252687684666255,3.5690469058475753,0.0,3.177574788422617,1.9091167011735126,0.0,0.0,0.0,-2.5584574227364896,Homeostatic
TB1_TACGTACAGGCCTAAT-1,TB1,TB,Microglia,16,1190,1636,1.2224938875305624,5.830289,17.219683,0.0,0.0,0.0,0.0,1.9618495024523999,0.0,0.0,2.5821043558286254,0.0,0.0,0.0,1.9618495024523999,1.9618495024523999,0.0,2.5821043558286254,3.2367109394726667,3.7793435027239375,3.7793435027239375,1.9618495024523999,1.9618495024523999,2.5821043558286254,0.0,3.4519648654639075,0.0,0.0,0.0,0.0,-1.8340552951325686,Intermediate
TB1_TACTGACAGGACGTAA-1,TB1,TB,Microglia,16,1444,2170,1.4746543778801844,5.8231254,16.966928,1.7242467394470675,0.0,0.0,0.0,2.3240128560758517,0.0,1.7242467394470675,2.6963071736985667,0.0,0.0,2.3240128560758517,3.5042972795318135,2.3240128560758517,1.7242467394470675,2.3240128560758517,2.3240128560758517,3.7489075304532045,1.7242467394470675,0.0,2.9669819002061004,1.7242467394470675,0.0,2.6963071736985667,1.7242467394470675,0.0,0.0,0.0,-0.7885329585784822,DAM-like
TB1_TAGCAGGCAGCTTAGC-1,TB1,TB,Microglia,15,2577,4507,0.4659418682050144,-11.356571,6.258469,0.0,0.0,0.0,0.0,0.0,0.0,0.0,0.0,0.0,0.0,1.169152514931168,0.0,1.169152514931168,0.0,1.169152514931168,2.0357233799496193,2.2902141695338716,0.0,0.0,2.0357233799496193,1.169152514931168,0.0,1.169152514931168,2.0357233799496193,0.0,0.0,0.0,-0.9076261272302125,DAM-like
TB1_TAGCATATCCAGGGAG-1,TB1,TB,Microglia,16,644,806,2.2332506203473943,6.365556,15.895283,0.0,0.0,0.0,0.0,3.250912943124212,0.0,0.0,0.0,0.0,0.0,0.0,0.0,3.6433810126777746,3.250912943124212,3.250912943124212,2.595773071897383,4.3233600047891905,3.6433810126777746,2.595773071897383,0.0,4.143685994321701,0.0,3.9245006658970656,2.595773071897383,0.0,0.0,0.0,-2.4451445759365216,Homeostatic
TB1_TAGCCGGGTTATCCTA-1,TB1,TB,Microglia,7,292,339,10.029498525073747,7.7035136,2.7422931,0.0,0.0,0.0,0.0,0.0,0.0,0.0,0.0,0.0,0.0,0.0,0.0,3.4176783242062427,0.0,3.4176783242062427,0.0,0.0,0.0,0.0,0.0,0.0,0.0,0.0,0.0,0.0,0.0,0.0,-0.1643114578945309,DAM-like
TB1_TAGGAGTCAATAACGA-1,TB1,TB,Microglia,16,1288,1823,0.4388370817334065,6.325818,16.85231,0.0,0.0,0.0,0.0,1.870027403564411,0.0,0.0,2.48298383639514,0.0,0.0,0.0,2.860223075647898,0.0,0.0,1.870027403564411,2.860223075647898,3.347879970688437,4.281517728876231,0.0,2.860223075647898,3.804611357265985,0.0,2.860223075647898,0.0,0.0,0.0,0.0,-1.8231961483377077,Intermediate
TB1_TAGGCTTAGTGACCTG-1,TB1,TB,Microglia,16,941,1259,1.1119936457505957,6.126282,16.999746,0.0,0.0,0.0,0.0,2.1908500537587834,0.0,0.0,2.1908500537587834,0.0,0.0,0.0,2.1908500537587834,2.1908500537587834,2.1908500537587834,2.826462580056715,0.0,4.646854715487182,3.4895515157384702,2.1908500537587834,3.4895515157384702,2.1908500537587834,0.0,3.706573457294817,2.1908500537587834,0.0,0.0,0.0,-1.954013602188292,Homeostatic
TB1_TAGTGAGAGGACAACA-1,TB1,TB,Microglia,16,1889,2901,0.0,5.8607874,16.623434,1.4922493226037326,0.0,0.0,0.0,2.066125072589773,0.0,0.0,2.066125072589773,0.0,1.4922493226037326,2.066125072589773,2.69383963054634,0.0,2.066125072589773,1.4922493226037326,2.066125072589773,3.352591619655404,3.352591619655404,0.0,2.4284475473069147,1.4922493226037326,0.0,2.69383963054634,0.0,0.0,0.0,0.0,-1.1177041014699667,DAM-like
TB1_TAGTGGCGTACAATGT-1,TB1,TB,Microglia,21,2758,5009,0.27949690556997403,-9.4387455,2.823159,0.0,0.0,0.0,0.0,0.0,0.0,0.0,0.0,0.0,0.0,0.0,1.944368876915519,1.944368876915519,0.0,1.097413726798698,1.097413726798698,1.097413726798698,0.0,0.0,0.0,1.097413726798698,1.6079994657082688,1.097413726798698,1.944368876915519,1.097413726798698,0.0,0.0,-0.24957319002773076,DAM-like
TB1_TATGAAGCATGCTATG-1,TB1,TB,Microglia,16,1189,1721,0.6972690296339338,5.937932,17.116686,0.0,0.0,0.0,0.0,2.535374017292154,0.0,0.0,0.0,0.0,0.0,1.9184765875116407,2.535374017292154,1.9184765875116407,1.9184765875116407,2.535374017292154,3.188099081935181,3.9758458434483592,3.729878074522428,1.9184765875116407,3.579718712337803,2.535374017292154,0.0,3.4029583713674616,1.9184765875116407,0.0,0.0,0.0,-2.23744757987699,Homeostatic
TB1_TATGGGCGTAAGCTTG-1,TB1,TB,Microglia,16,556,671,0.44709388971684055,6.269489,16.286299,0.0,0.0,0.0,0.0,3.427717893827554,0.0,0.0,0.0,0.0,0.0,0.0,3.427717893827554,0.0,0.0,3.8223037247566927,2.7665159236448833,4.504451966439671,3.8223037247566927,2.7665159236448833,2.7665159236448833,2.7665159236448833,0.0,3.427717893827554,0.0,0.0,0.0,0.0,-2.374549174381565,Homeostatic
TB1_TATGGGCGTTGCGGAT-1,TB1,TB,Microglia,16,786,967,1.0341261633919339,6.201831,16.62307,0.0,2.4284475473069147,0.0,0.0,2.4284475473069147,0.0,0.0,0.0,0.0,0.0,0.0,3.0765065566919443,2.4284475473069147,0.0,2.4284475473069147,2.4284475473069147,3.96473514799673,2.4284475473069147,2.4284475473069147,0.0,2.4284475473069147,0.0,3.0765065566919443,0.0,0.0,0.0,0.0,-1.2163062875962058,DAM-like
TB1_TATTCGTTCTTAGCGG-1,TB1,TB,Microglia,16,832,1065,0.28169014084507044,6.3618793,16.53571,0.0,0.0,0.0,0.0,2.3408121743416244,0.0,0.0,0.0,0.0,0.0,0.0,0.0,3.3731069843542687,2.3408121743416244,0.0,2.9846380962695913,3.6521813780307673,3.3731069843542687,2.3408121743416244,2.3408121743416244,2.9846380962695913,0.0,0.0,2.3408121743416244,0.0,0.0,0.0,-2.0625928917670295,Homeostatic
TB1_TATTTGGAGTCTCACC-1,TB1,TB,Microglia,16,621,782,0.0,6.203927,16.162046,2.624965454699432,0.0,0.0,0.0,0.0,0.0,0.0,0.0,0.0,0.0,0.0,2.624965454699432,0.0,0.0,3.67407774565442,2.624965454699432,3.9553964158125288,2.624965454699432,0.0,2.624965454699432,2.624965454699432,0.0,3.67407774565442,2.624965454699432,0.0,0.0,0.0,-1.8623261583485564,Intermediate
TB1_TCAAGGAAGCGCTCAA-1,TB1,TB,Microglia,16,605,760,0.0,6.326516,16.405313,0.0,0.0,0.0,0.0,2.650272400435399,0.0,0.0,3.307464903999448,0.0,0.0,0.0,0.0,3.307464903999448,3.307464903999448,3.9821380540562843,2.650272400435399,4.533730714993345,4.201545488547947,2.650272400435399,3.9821380540562843,0.0,0.0,4.381368523429332,2.650272400435399,0.0,0.0,0.0,-2.45073738987826,Homeostatic
TB1_TCAATCGCAATTAGCT-1,TB1,TB,Microglia,16,2056,3414,4.510837727006444,6.157343,16.28876,1.3686327159953833,0.0,0.0,0.0,0.0,0.0,0.0,1.3686327159953833,2.28135337588791,0.0,1.3686327159953833,1.3686327159953833,2.5431672654993953,1.9256997537307858,1.9256997537307858,2.5431672654993953,3.8055419611805785,1.9256997537307858,1.3686327159953833,1.3686327159953833,2.5431672654993953,0.0,2.5431672654993953,2.28135337588791,2.28135337588791,0.0,0.0,-1.3835454169880936,Intermediate
TB1_TCATCCATCAGGCTAT-1,TB1,TB,Microglia,16,826,1169,0.5132591958939264,5.921144,17.15548,0.0,0.0,0.0,0.0,2.2569934010687582,0.0,0.0,2.2569934010687582,0.0,0.0,2.2569934010687582,3.2832753286444185,2.2569934010687582,0.0,3.778985197435307,3.778985197435307,4.460643703325948,2.2569934010687582,0.0,4.108908647858406,2.8963891648855116,0.0,3.778985197435307,0.0,0.0,0.0,0.0,-1.7130940153150434,Intermediate
TB1_TCATCCATCATCAGTA-1,TB1,TB,Microglia,16,1077,1506,2.257636122177955,5.856286,17.296715,0.0,0.0,0.0,0.0,2.6588748365906327,0.0,0.0,0.0,0.0,0.0,0.0,2.6588748365906327,3.0407208745060754,2.0334115090634,3.0407208745060754,2.0334115090634,3.532241176360194,3.0407208745060754,2.0334115090634,2.0334115090634,2.6588748365906327,0.0,2.0334115090634,0.0,0.0,0.0,0.0,-1.9078162018780462,Intermediate
TB1_TCATGTTTCCAGGTTG-1,TB1,TB,Microglia,16,795,1049,0.9532888465204957,5.8850875,17.200905,0.0,0.0,0.0,0.0,2.9990157236475454,0.0,0.0,2.354502596716878,0.0,0.0,0.0,2.354502596716878,2.354502596716878,0.0,3.3877292723275367,2.354502596716878,3.3877292723275367,4.063839490992019,0.0,2.354502596716878,4.063839490992019,0.0,3.666929145651623,0.0,0.0,0.0,0.0,-1.6774775697169408,Intermediate
TB1_TCCTAGTGTTAACACG-1,TB1,TB,Microglia,15,2240,4457,0.24680278214045323,-14.004485,-4.0917683,2.8157458835798463,0.0,0.0,0.0,0.0,0.0,0.0,2.3000465359117324,0.0,0.0,0.0,0.0,0.0,0.0,1.1767028323618867,0.0,1.1767028323618867,0.0,0.0,0.0,0.0,0.0,0.0,0.0,0.0,0.0,1.1767028323618867,0.0993467857165728,DAM-like
TB1_TCCTCTAAGAATCTCA-1,TB1,TB,Microglia,16,1120,1562,0.3841229193341869,6.030728,16.995783,0.0,0.0,0.0,0.0,3.005986813908447,0.0,0.0,0.0,0.0,0.0,2.0017568072427903,3.005986813908447,0.0,2.624965454699432,2.0017568072427903,2.624965454699432,3.2812192368510287,3.9553964158125288,0.0,2.0017568072427903,3.005986813908447,0.0,3.4968179156606927,2.624965454699432,0.0,0.0,0.0,-1.820565071110157,Intermediate
TB1_TCGACAAGTCAAAGAA-1,TB1,TB,Microglia,16,988,1346,1.1144130757800892,5.452375,16.533142,2.763727137269237,0.0,0.0,0.0,2.763727137269237,0.0,0.0,3.6414498053311615,0.0,0.0,2.763727137269237,3.1479494360093403,2.1317280276818393,2.1317280276818393,2.1317280276818393,2.1317280276818393,3.6414498053311615,3.8193927381347916,0.0,0.0,2.1317280276818393,0.0,3.42483845038059,0.0,0.0,0.0,0.0,-0.6744455870949291,DAM-like
TB1_TCGACAAGTCCTTAGT-1,TB1,TB,Microglia,16,1085,1464,0.273224043715847,5.9720836,17.10226,0.0,0.0,0.0,0.0,2.058039274986751,0.0,0.0,0.0,0.0,0.0,0.0,2.685204697584203,0.0,0.0,2.685204697584203,3.0676716195903886,4.018988789330244,4.570872852213556,2.058039274986751,3.0676716195903886,2.058039274986751,0.0,3.0676716195903886,0.0,0.0,0.0,0.0,-2.325946095068289,Homeostatic
TB1_TCGGTTCTCATTGCAA-1,TB1,TB,Microglia,16,606,735,2.4489795918367347,6.434029,16.005995,0.0,0.0,0.0,0.0,2.6813942111000446,0.0,0.0,2.6813942111000446,0.0,0.0,0.0,0.0,3.339707873467645,2.6813942111000446,0.0,4.4144049179215346,4.4144049179215346,3.733286850128273,0.0,2.6813942111000446,0.0,0.0,0.0,0.0,0.0,0.0,0.0,-1.5711878465469877,Intermediate
TB1_TCGTGCTTCCTTGAGG-1,TB1,TB,Microglia,16,435,510,0.19607843137254902,6.3626122,16.154331,0.0,0.0,0.0,0.0,3.694257125348055,0.0,0.0,3.694257125348055,0.0,0.0,0.0,3.694257125348055,3.694257125348055,3.0256717381526252,3.694257125348055,3.694257125348055,3.694257125348055,4.091399051992344,0.0,4.091399051992344,4.091399051992344,0.0,3.0256717381526252,0.0,0.0,0.0,0.0,-2.161135533664634,Homeostatic
TB1_TCTAACCGTTAAGGTT-1,TB1,TB,Microglia,16,918,1160,1.293103448275862,6.3421135,16.055061,0.0,0.0,0.0,0.0,2.2646887828459494,0.0,0.0,0.0,0.0,0.0,2.2646887828459494,2.2646887828459494,0.0,0.0,3.787380865641272,2.904507782536537,3.569885050880637,0.0,0.0,2.904507782536537,2.2646887828459494,0.0,2.2646887828459494,2.904507782536537,0.0,0.0,0.0,-1.4062507947060512,Intermediate
TB1_TCTAACCGTTGTAACG-1,TB1,TB,Microglia,16,1241,1873,0.21356113187399892,5.607322,17.452808,0.0,0.0,0.0,0.0,1.8467254912217037,0.0,0.0,1.8467254912217037,0.0,0.0,0.0,1.8467254912217037,2.8342178329500434,1.8467254912217037,1.8467254912217037,2.4577115760304515,3.4975424736721727,3.9961855160045263,0.0,1.8467254912217037,3.4975424736721727,0.0,3.6473592491814535,1.8467254912217037,0.0,0.0,0.0,-1.7294606366986196,Intermediate
TB1_TCTCCTCGTGTTGCTT-1,TB1,TB,Microglia,16,975,1288,0.2329192546583851,5.7410603,16.66908,2.170649586868351,0.0,0.0,0.0,2.170649586868351,0.0,0.0,2.170649586868351,0.0,0.0,2.170649586868351,2.170649586868351,0.0,0.0,2.170649586868351,0.0,4.144907776501419,3.4674812731642644,0.0,0.0,3.4674812731642644,0.0,3.684366179002794,0.0,0.0,0.0,0.0,-0.8214497629936908,DAM-like
TB1_TGAAGTGAGGAGTAAT-1,TB1,TB,Microglia,16,826,1117,0.26857654431512984,6.115627,16.858776,0.0,0.0,0.0,0.0,2.2978289481644145,0.0,0.0,2.9394318832070407,0.0,0.0,2.9394318832070407,2.2978289481644145,0.0,2.2978289481644145,2.2978289481644145,2.9394318832070407,4.153679888001669,3.8234706028141483,0.0,3.3271077735479717,2.9394318832070407,0.0,3.6057751411998966,2.9394318832070407,0.0,0.0,0.0,-1.9166150552927286,Intermediate
TB1_TGACTTCGTTTGGGCG-1,TB1,TB,Microglia,16,966,1362,0.36710719530102787,5.554637,16.784462,2.1213202464076146,0.0,0.0,0.0,2.752659434940183,0.0,0.0,0.0,0.0,0.0,2.1213202464076146,3.413408377203164,2.752659434940183,2.1213202464076146,3.1366427612315193,3.413408377203164,4.710720111019605,4.089954125815077,2.1213202464076146,3.6299443917061804,2.752659434940183,0.0,3.1366427612315193,0.0,0.0,0.0,0.0,-2.234583308772234,Homeostatic
TB1_TGAGCACGTGCGCATG-1,TB1,TB,Microglia,16,818,1098,0.273224043715847,5.551815,16.514301,2.9556879061722783,0.0,0.0,0.0,2.9556879061722783,0.0,0.0,2.3132745688163707,0.0,0.0,0.0,2.3132745688163707,2.9556879061722783,0.0,2.9556879061722783,2.3132745688163707,4.522600000349743,3.840255014413123,2.3132745688163707,2.3132745688163707,2.9556879061722783,0.0,3.343653165348286,2.3132745688163707,0.0,0.0,0.0,-1.6137865969907537,Intermediate
TB1_TGAGGGCCACGGTTTA-1,TB1,TB,Microglia,16,1046,1510,0.6622516556291391,5.782082,17.382053,0.0,0.0,0.0,0.0,2.656408292452806,0.0,0.0,2.656408292452806,0.0,0.0,0.0,2.656408292452806,2.656408292452806,0.0,2.656408292452806,2.0311065719069585,3.988616061279533,3.5296663127506607,2.0311065719069585,2.0311065719069585,2.0311065719069585,0.0,3.0381953049423505,0.0,0.0,0.0,0.0,-1.470033221586068,Intermediate
TB1_TGAGGTGCACAGCCAT-1,TB1,TB,Microglia,16,891,1155,2.1645021645021645,6.333127,16.417868,0.0,0.0,0.0,0.0,2.907775940198274,0.0,0.0,0.0,0.0,0.0,0.0,2.907775940198274,0.0,2.267787483910739,0.0,2.907775940198274,4.252260562383277,2.267787483910739,3.2948744020224283,0.0,2.907775940198274,0.0,3.2948744020224283,2.267787483910739,0.0,0.0,0.0,-1.789932581932078,Intermediate
TB1_TGATCAGGTGAGCGAA-1,TB1,TB,Microglia,16,879,1201,0.0,5.9123573,16.376087,2.8708938072789802,0.0,0.0,0.0,3.25729560248601,0.0,0.0,2.8708938072789802,0.0,0.0,0.0,0.0,2.232848516931756,2.8708938072789802,3.25729560248601,3.752604520006883,4.433954095129622,3.535307984807738,0.0,2.232848516931756,2.8708938072789802,0.0,2.8708938072789802,0.0,2.232848516931756,0.0,0.0,-2.0052300429726326,Homeostatic
TB1_TGATGACTCAGGTTTA-1,TB1,TB,Microglia,16,815,1094,1.8281535648994516,5.7700596,16.643366,2.316563717633253,0.0,0.0,0.0,2.316563717633253,0.0,0.0,0.0,0.0,0.0,0.0,2.316563717633253,0.0,0.0,2.959147935854633,2.959147935854633,4.022572957683189,2.959147935854633,2.316563717633253,2.316563717633253,2.959147935854633,0.0,3.3471741705277593,0.0,0.0,0.0,0.0,-2.026944889899893,Homeostatic
TB1_TGATGACTCTTGTCTG-1,TB1,TB,Microglia,16,1071,1556,0.2570694087403599,5.6102824,17.402578,0.0,0.0,0.0,0.0,0.0,0.0,0.0,2.005086356847789,0.0,0.0,0.0,2.6285357743150506,0.0,2.005086356847789,2.6285357743150506,3.2849234894520856,3.6778289038454055,4.358256636189953,2.005086356847789,2.6285357743150506,2.6285357743150506,0.0,3.2849234894520856,0.0,0.0,0.0,0.0,-2.5456661616381107,Homeostatic
TB1_TGATTCAAGGAGGGTT-1,TB1,TB,Microglia,16,696,834,0.3597122302158274,6.2984815,16.467035,0.0,0.0,0.0,0.0,2.5642112138590973,0.0,0.0,0.0,0.0,0.0,0.0,0.0,0.0,0.0,2.5642112138590973,0.0,3.2181081441856474,4.573919545721489,2.5642112138590973,3.891036944337398,2.5642112138590973,0.0,3.2181081441856474,0.0,0.0,0.0,0.0,-2.2247152680270283,Homeostatic
TB1_TGCCTGTTCATTGACA-1,TB1,TB,Microglia,16,1114,1688,0.0,5.6519117,17.466055,0.0,0.0,0.0,0.0,2.553214716022599,0.0,0.0,1.935018278274633,0.0,0.0,1.935018278274633,0.0,2.553214716022599,3.598545026356894,3.206668921433148,1.935018278274633,4.622134479945415,3.206668921433148,1.935018278274633,1.935018278274633,1.935018278274633,0.0,3.206668921433148,1.935018278274633,0.0,0.0,0.0,-2.1062639240453565,Homeostatic
TB1_TGCTTCATCAGCAAGA-1,TB1,TB,Microglia,16,1096,1575,1.0158730158730158,6.0091877,16.713476,1.9945923276947013,0.0,0.0,0.0,2.617279964691895,0.0,0.0,0.0,0.0,0.0,0.0,2.617279964691895,2.617279964691895,0.0,3.273243752801395,1.9945923276947013,4.166542169596194,2.9981103959589586,2.617279964691895,2.617279964691895,2.617279964691895,0.0,1.9945923276947013,1.9945923276947013,0.0,0.0,0.0,-1.7781232043027604,Intermediate
TB1_TGCTTGCTCTAAATCG-1,TB1,TB,Microglia,16,889,1223,0.8994276369582993,5.3954716,16.442743,5.242075756114142,0.0,0.0,0.0,0.0,0.0,0.0,0.0,0.0,0.0,2.2166583873290833,0.0,2.2166583873290833,0.0,3.239848146014245,2.853778642548469,3.734881793221891,3.5176894963127117,3.239848146014245,2.853778642548469,0.0,0.0,3.5176894963127117,0.0,0.0,0.0,0.0,-1.6857171444269419,Intermediate
TB1_TGGACAAAGTTCCTGC-1,TB1,TB,Microglia,16,1072,1527,0.26195153896529144,5.6278195,17.280626,0.0,0.0,0.0,0.0,2.6460029349758143,0.0,0.0,2.02138708338238,0.0,0.0,2.02138708338238,2.6460029349758143,0.0,2.6460029349758143,3.3030387918598,2.02138708338238,4.597458800655801,3.3030387918598,0.0,3.0275392953150737,3.3030387918598,0.0,3.69617107662321,2.02138708338238,0.0,0.0,0.0,-2.0571280584142206,Homeostatic
TB1_TGGACCGGTAACCACA-1,TB1,TB,Microglia,16,941,1307,0.07651109410864575,6.3247695,16.790506,0.0,0.0,0.0,0.0,0.0,0.0,0.0,2.1576875683110233,0.0,0.0,0.0,0.0,0.0,0.0,3.45329754248826,2.1576875683110233,4.350421075903325,4.130497679066222,2.1576875683110233,2.7913012225811444,0.0,0.0,3.176107280072364,0.0,0.0,0.0,0.0,-2.214135615289469,Homeostatic
TB1_TGGCCTGCACCCACAG-1,TB1,TB,Microglia,16,740,948,1.89873417721519,5.7033167,16.71594,2.446557567905548,0.0,0.0,0.0,2.446557567905548,0.0,0.0,0.0,0.0,0.0,0.0,0.0,2.446557567905548,0.0,0.0,3.0954439531443567,3.7657037457846396,3.0954439531443567,0.0,3.9842062814546284,0.0,0.0,3.9842062814546284,0.0,0.0,0.0,0.0,-1.1780095337127943,DAM-like
TB1_TGGGCATGTCCTTTAA-1,TB1,TB,Microglia,16,1511,2251,1.4660151043980452,5.5022764,16.78548,2.2914117923959205,0.0,0.0,0.0,2.662587827025453,0.0,0.0,2.2914117923959205,0.0,0.0,1.6945957207744073,2.2914117923959205,2.662587827025453,1.6945957207744073,0.0,1.6945957207744073,4.146655856790112,3.4692021107762128,3.3202283191284883,2.9326741375868544,2.2914117923959205,0.0,2.9326741375868544,1.6945957207744073,1.6945957207744073,0.0,0.0,-1.3749007071234483,Intermediate
TB1_TGGGCCTAGTGAGCGG-1,TB1,TB,Microglia,16,1116,1612,0.620347394540943,5.407816,16.87306,4.237552926963894,0.0,0.0,0.0,2.9760611512582926,0.0,0.0,0.0,0.0,0.0,1.974563402077947,2.595773071897383,2.595773071897383,0.0,2.9760611512582926,2.9760611512582926,4.402382556059978,2.9760611512582926,1.974563402077947,2.9760611512582926,1.974563402077947,0.0,0.0,0.0,0.0,0.0,0.0,-1.4258366591872917,Intermediate
TB1_TGTAAGCTCTAATCAG-1,TB1,TB,Microglia,16,786,1006,0.09940357852882703,6.1678133,16.741783,0.0,0.0,0.0,0.0,2.3924585069600197,0.0,0.0,3.038826039523036,0.0,0.0,0.0,0.0,2.3924585069600197,0.0,0.0,2.3924585069600197,4.256782308835502,3.7077363257833076,0.0,2.3924585069600197,3.038826039523036,0.0,2.3924585069600197,2.3924585069600197,0.0,0.0,0.0,-1.3717063222813453,Intermediate
TB1_TGTATCGCATGTTTGG-1,TB1,TB,Microglia,16,1174,1733,0.4616272360069244,5.715186,17.319155,0.0,0.0,0.0,0.0,1.9125513737080178,0.0,1.9125513737080178,0.0,0.0,0.0,2.528977831990096,2.528977831990096,0.0,0.0,1.9125513737080178,1.9125513737080178,3.9690281729300776,3.3962418650278123,1.9125513737080178,2.9075031381388907,2.9075031381388907,0.0,3.7230968820351054,1.9125513737080178,0.0,0.0,0.0,-1.6814291189279487,Intermediate
TB1_TGTCAGTAGTAACCAC-1,TB1,TB,Microglia,16,751,972,0.102880658436214,5.99046,16.605389,0.0,0.0,0.0,0.0,3.0715876892319844,0.0,0.0,2.4237460475970547,0.0,0.0,0.0,3.0715876892319844,2.4237460475970547,0.0,3.0715876892319844,2.4237460475970547,4.643242725205476,3.9596759368717307,0.0,3.0715876892319844,2.4237460475970547,0.0,4.138814216921293,0.0,0.0,0.0,0.0,-1.603762307454751,Intermediate
TB1_TGTCATAAGTACTGGT-1,TB1,TB,Microglia,16,795,1043,0.09587727708533077,5.761587,16.179857,3.6725191215874515,0.0,0.0,0.0,3.004466787237851,0.0,0.0,2.3596955670463586,0.0,0.0,0.0,2.3596955670463586,0.0,0.0,4.069477357849444,3.393272164110658,4.469230746364793,3.890567238720041,0.0,0.0,2.3596955670463586,0.0,3.393272164110658,0.0,0.0,0.0,0.0,-1.3961359963446411,Intermediate
TB1_TGTGGCCAGGGACGCA-1,TB1,TB,Microglia,16,985,1323,0.15117157974300832,5.87346,17.153616,0.0,0.0,0.0,0.0,2.779884417211278,0.0,0.0,2.779884417211278,0.0,0.0,0.0,3.4415173605488993,2.1469341701990836,0.0,2.1469341701990836,2.1469341701990836,2.779884417211278,3.4415173605488993,0.0,3.6582371096480992,3.6582371096480992,0.0,3.4415173605488993,0.0,0.0,0.0,0.0,-1.3714126294763915,Intermediate
TB1_TGTTGTAAGGCAATAG-1,TB1,TB,Microglia,16,978,1252,1.038338658146965,5.9442544,17.139843,0.0,0.0,0.0,0.0,2.1958036179497036,0.0,0.0,0.0,0.0,0.0,0.0,2.1958036179497036,2.83170873591079,0.0,2.1958036179497036,3.2173411014565914,4.172813163613602,3.4949573237759157,2.1958036179497036,2.83170873591079,2.83170873591079,0.0,2.1958036179497036,0.0,0.0,0.0,0.0,-2.061877346931641,Homeostatic
TB1_TTAGACTCAAGGTACG-1,TB1,TB,Microglia,16,912,1192,0.5033557046979865,6.307137,16.648005,0.0,0.0,0.0,0.0,2.8779911833266105,0.0,0.0,0.0,0.0,0.0,2.239566668720022,2.239566668720022,2.239566668720022,0.0,0.0,3.264529083037138,4.441387133702083,3.938383893376407,0.0,3.7599507011940014,0.0,0.0,2.8779911833266105,0.0,0.0,0.0,0.0,-1.1873243368378057,DAM-like
TB1_TTAGGCTAGCTGTACG-1,TB1,TB,Microglia,16,838,1080,0.5555555555555556,6.229207,16.38868,0.0,0.0,0.0,0.0,2.3281806401830094,0.0,0.0,2.3281806401830094,0.0,0.0,0.0,0.0,2.9713636825370333,0.0,2.3281806401830094,0.0,2.9713636825370333,0.0,2.9713636825370333,2.9713636825370333,0.0,0.0,3.3596034843633182,2.3281806401830094,0.0,0.0,0.0,-0.8185358869047983,DAM-like
TB1_TTCAGGTAGGATAAAC-1,TB1,TB,Microglia,17,3411,7102,0.042241622078287806,-11.36664,-0.25398126,0.0,0.0,0.0,0.0,0.8788189812128674,0.0,0.0,0.0,0.0,0.8788189812128674,0.8788189812128674,0.8788189812128674,0.8788189812128674,0.0,1.339231091379626,2.084462707797365,2.6153855378866093,2.084462707797365,0.8788189812128674,0.0,1.8919390284449655,0.0,1.6532944419952853,0.8788189812128674,0.0,0.0,0.0,-1.0237802063483625,DAM-like
TB1_TTCAGTTTCAATTACG-1,TB1,TB,Microglia,16,1162,1635,0.0,6.002371,16.91211,0.0,0.0,0.0,0.0,1.9623749924050384,0.0,0.0,1.9623749924050384,0.0,0.0,0.0,2.5826695693276314,0.0,2.9626212982496307,0.0,1.9623749924050384,3.4525569327741508,2.5826695693276314,1.9623749924050384,1.9623749924050384,2.5826695693276314,0.0,3.237298355338566,0.0,0.0,0.0,0.0,-1.6828845584281,Intermediate
TB1_TTCATTCAGTCTATGA-1,TB1,TB,Microglia,16,1084,1511,0.06618133686300463,5.8222117,17.136988,0.0,0.0,0.0,0.0,2.655792748913058,0.0,0.0,2.0305314166423223,0.0,0.0,0.0,3.3131867690647545,0.0,0.0,2.655792748913058,2.0305314166423223,4.301351557452035,3.7064443373166247,0.0,3.037565007931845,2.0305314166423223,0.0,2.655792748913058,2.0305314166423223,0.0,0.0,0.0,-1.6049300656414958,Intermediate
TB1_TTCGCAACACGAATTT-1,TB1,TB,Microglia,16,1084,1476,0.33875338753387535,5.4926796,16.73,4.324473594916239,0.0,0.0,0.0,2.0509221719408375,0.0,0.0,2.0509221719408375,0.0,2.0509221719408375,0.0,3.0598896244944562,2.0509221719408375,2.0509221719408375,0.0,0.0,4.126740916615856,2.0509221719408375,0.0,3.0598896244944562,2.0509221719408375,0.0,2.6776003063820424,0.0,0.0,0.0,0.0,-0.46834371618013804,DAM-like
TB1_TTGACATCAATTAACC-1,TB1,TB,Microglia,16,992,1292,1.9349845201238391,6.19413,16.5269,0.0,0.0,0.0,0.0,0.0,0.0,0.0,2.167903105030833,0.0,0.0,0.0,0.0,0.0,0.0,2.802140009950101,2.802140009950101,4.141856205367651,3.187171068462424,2.167903105030833,0.0,2.167903105030833,0.0,2.802140009950101,2.802140009950101,0.0,0.0,0.0,-1.9918774106639288,Homeostatic
TB1_TTGCACACATGTGGGA-1,TB1,TB,Microglia,16,1312,1883,0.42485395645246943,5.547844,17.221436,1.8422425576328738,0.0,0.0,0.0,1.8422425576328738,0.0,0.0,1.8422425576328738,0.0,0.0,0.0,1.8422425576328738,2.4528438299972075,2.829206702705422,2.4528438299972075,2.4528438299972075,4.170195318514359,3.3161249338531182,0.0,2.4528438299972075,3.102013766999605,0.0,3.4923792557855218,1.8422425576328738,0.0,0.0,0.0,-1.8414848680058078,Intermediate
TB1_TTGGGTTAGTATTGTG-1,TB1,TB,Microglia,16,1640,2973,0.16818028927009754,5.5439878,17.48011,0.0,0.0,0.0,0.0,2.4064235895954686,0.0,0.0,1.4735580615895587,0.0,0.0,1.4735580615895587,1.4735580615895587,2.6713136139487834,0.0,3.05345505629687,2.4064235895954686,3.722721560326046,2.880528345209205,2.0450409561465372,2.6713136139487834,2.880528345209205,0.0,3.05345505629687,0.0,0.0,0.0,0.0,-1.7268544034712892,Intermediate
TB1_TTGTAAGTCCAGCACA-1,TB1,TB,Microglia,16,551,634,0.7886435331230284,6.3408237,15.799418,3.482646525223095,0.0,0.0,0.0,0.0,0.0,0.0,0.0,0.0,0.0,0.0,0.0,0.0,0.0,3.8778168277872735,0.0,3.482646525223095,0.0,0.0,3.8778168277872735,0.0,0.0,2.8197627396270577,0.0,0.0,0.0,0.0,-1.1368891360440825,DAM-like
TB1_TTGTCCGGTGGACATC-1,TB1,TB,Microglia,16,1183,1683,0.17825311942959002,5.846757,17.14716,0.0,0.0,0.0,0.0,0.0,0.0,0.0,0.0,0.0,0.0,1.9375568785263424,1.9375568785263424,0.0,0.0,2.9352023442237782,1.9375568785263424,3.424550992116472,2.9352023442237782,1.9375568785263424,1.9375568785263424,2.5559506281734117,0.0,3.424550992116472,0.0,0.0,0.0,0.0,-1.9098614444201212,Intermediate
TB1_TTGTGAGGTCGTTACT-1,TB1,TB,Microglia,16,705,886,1.4672686230248306,6.243561,16.603888,0.0,0.0,0.0,0.0,2.5085158883890646,0.0,0.0,0.0,0.0,0.0,0.0,2.5085158883890646,0.0,3.160117406434413,3.160117406434413,2.5085158883890646,4.382111281204129,3.8318260345398722,2.5085158883890646,3.5513413351778653,2.5085158883890646,0.0,3.5513413351778653,0.0,0.0,0.0,0.0,-2.8154571198291105,Homeostatic
TB1_TTTCCACCAACCCTAA-1,TB1,TB,Microglia,16,1296,2112,0.1893939393939394,5.512667,17.490032,0.0,0.0,0.0,0.0,2.348485081741244,0.0,0.0,2.348485081741244,0.0,0.0,2.348485081741244,2.992697369858837,1.746561330851078,2.348485081741244,3.530585100104277,2.348485081741244,4.27698172577266,3.3813038411425844,2.348485081741244,3.2057598826898626,3.2057598826898626,0.0,2.992697369858837,1.746561330851078,0.0,0.0,0.0,-2.1742142523233605,Homeostatic
TB1_TTTCTCACAAAGCGGC-1,TB1,TB,Microglia,18,3234,6694,0.358530026889752,-7.1502256,-7.220334,0.0,0.0,0.0,0.0,1.383227218262825,0.0,0.0,1.383227218262825,0.0,0.0,0.0,0.0,1.701401651167393,0.0,1.942404073974111,0.9138377706394101,2.8583435212998882,1.942404073974111,0.9138377706394101,0.0,1.701401651167393,0.0,0.0,1.942404073974111,0.0,0.0,0.0,-0.9403473701969409,DAM-like
TB2_AAAGCAAGTGCAATGC-1,TB2,TB,Microglia,2,2623,4733,0.1690259877456159,-4.090869,-1.7594315,0.0,0.0,0.0,0.0,0.0,0.0,0.0,0.0,0.0,0.0,0.0,0.0,1.6535791334013485,0.0,1.1355306248011063,1.1355306248011063,0.0,0.0,0.0,0.0,0.0,1.9931309927520124,0.0,1.1355306248011063,0.0,1.1355306248011063,0.0,-0.15668426132324978,DAM-like
TB2_AAAGGTTAGTGATTCA-1,TB2,TB,Microglia,16,821,1074,0.27932960893854747,6.213722,16.409655,0.0,0.0,0.0,0.0,2.976650057090663,0.0,0.0,0.0,0.0,0.0,0.0,3.3649814605831363,0.0,2.3332100223141023,2.3332100223141023,3.3649814605831363,4.544462925747885,3.6439853218312286,2.976650057090663,0.0,4.040696247611585,0.0,0.0,2.3332100223141023,0.0,0.0,0.0,-2.4168316981347573,Homeostatic
TB2_AAATGGCCAGCAAGGC-1,TB2,TB,Microglia,16,738,1031,0.6789524733268671,6.2816396,16.62544,0.0,0.0,0.0,0.0,3.015468334666718,0.0,0.0,3.015468334666718,0.0,0.0,2.3701802859524217,2.3701802859524217,0.0,0.0,4.2325871964341495,2.3701802859524217,4.765517506095834,4.480670902811467,2.3701802859524217,0.0,2.3701802859524217,0.0,2.3701802859524217,2.3701802859524217,2.3701802859524217,0.0,0.0,-1.745103231650741,Intermediate
TB2_AACAAGCCAGCTAACC-1,TB2,TB,Microglia,26,927,1377,4.8656499636891795,6.9972672,14.014462,0.0,0.0,0.0,0.0,0.0,0.0,0.0,0.0,0.0,0.0,0.0,3.403520263078295,0.0,0.0,0.0,2.1123251335497333,0.0,0.0,0.0,0.0,0.0,0.0,0.0,0.0,2.1123251335497333,0.0,0.0,-0.002231390687693957,DAM-like
TB2_AACCCGCAGCTATTAG-1,TB2,TB,Microglia,26,1139,1624,3.7561576354679804,7.206029,14.399314,0.0,0.0,1.9681796845284956,0.0,0.0,0.0,0.0,0.0,0.0,0.0,1.9681796845284956,3.9172310946335176,2.9690240842548983,0.0,0.0,2.9690240842548983,0.0,0.0,0.0,0.0,0.0,0.0,2.58891156723466,0.0,0.0,0.0,0.0,0.4613808008485536,DAM-like
TB2_AACCCGCAGGGCTTAT-1,TB2,TB,Microglia,16,1247,1863,0.2683843263553409,5.6014023,16.441425,3.3264175348703815,2.462607618675299,0.0,0.0,3.5027341710667876,0.0,1.8512362210595148,3.6525734370375322,1.8512362210595148,0.0,2.839257370388061,4.095086816652695,3.3264175348703815,0.0,0.0,1.8512362210595148,4.180709371312443,4.001440681592579,0.0,0.0,1.8512362210595148,0.0,1.8512362210595148,1.8512362210595148,0.0,0.0,0.0,0.5842350285589291,DAM-like
TB2_AACCTTAAGCATGCAT-1,TB2,TB,Microglia,16,1056,1559,0.4490057729313663,5.737547,16.618605,2.0034197642364906,0.0,2.0034197642364906,0.0,3.2830695142682123,0.0,0.0,3.4986821929275123,0.0,0.0,2.0034197642364906,3.007814219721959,0.0,0.0,2.6267487727002305,2.6267487727002305,3.675951474448609,3.8264776941799266,0.0,3.4986821929275123,3.007814219721959,0.0,0.0,0.0,0.0,0.0,0.0,-1.192431720094258,DAM-like
TB2_AACGGTAAGCTTACTT-1,TB2,TB,Microglia,4,1247,2003,0.5991013479780329,13.79336,-3.7540007,3.4325367142875667,0.0,0.0,0.0,0.0,0.0,0.0,0.0,0.0,0.0,0.0,0.0,1.7905105618595265,0.0,1.7905105618595265,0.0,1.7905105618595265,0.0,0.0,0.0,0.0,0.0,0.0,0.0,0.0,0.0,0.0,-0.045854773068951415,DAM-like
TB2_AAGCGGGTCGCTTCTA-1,TB2,TB,Microglia,16,559,807,2.6022304832713754,6.376454,15.89323,0.0,0.0,0.0,0.0,3.642173547596456,0.0,0.0,2.594625683033217,0.0,0.0,0.0,3.249721079264633,0.0,3.249721079264633,2.594625683033217,0.0,4.606495206150125,4.474389476581037,0.0,2.594625683033217,3.249721079264633,0.0,0.0,0.0,0.0,0.0,0.0,-1.866464944385527,Intermediate
TB2_AAGCTCCCAGAGAGCC-1,TB2,TB,Microglia,4,1196,1831,0.10922992900054614,14.169862,-2.9815888,3.7997938792292927,0.0,0.0,0.0,0.0,0.0,0.0,0.0,0.0,0.0,0.0,0.0,1.8658609395791521,0.0,1.8658609395791521,0.0,0.0,0.0,0.0,0.0,0.0,0.0,0.0,0.0,0.0,2.4784687123406854,0.0,0.20258698399940947,DAM-like
TB2_AAGGATTAGCAGCTCA-1,TB2,TB,Microglia,16,890,1215,0.1646090534979424,6.112714,16.790447,0.0,0.0,0.0,0.0,2.2225080911796598,0.0,0.0,3.524058190972679,0.0,0.0,2.2225080911796598,3.2461546717211958,0.0,0.0,3.524058190972679,3.524058190972679,4.422502890421029,3.919648180733367,2.2225080911796598,3.2461546717211958,2.2225080911796598,0.0,2.8599644018617765,0.0,0.0,0.0,0.0,-2.0224698618549803,Homeostatic
TB2_AAGTTAGCACAGACTC-1,TB2,TB,Microglia,16,1091,1614,0.9913258983890955,5.8655577,17.241484,0.0,0.0,0.0,0.0,2.594625683033217,0.0,0.0,3.249721079264633,1.9734956971021012,0.0,0.0,1.9734956971021012,1.9734956971021012,2.594625683033217,1.9734956971021012,2.594625683033217,4.542622247381634,2.594625683033217,0.0,1.9734956971021012,1.9734956971021012,0.0,3.249721079264633,0.0,0.0,0.0,0.0,-1.3758860789654366,Intermediate
TB2_AAGTTAGCAGCAAGAT-1,TB2,TB,Microglia,16,814,1140,0.7017543859649122,6.0465384,16.993433,0.0,0.0,0.0,0.0,2.279513972092734,0.0,0.0,0.0,0.0,0.0,2.279513972092734,3.9821380540562843,2.279513972092734,2.279513972092734,2.279513972092734,0.0,4.381368523429332,3.5859526218184072,2.279513972092734,2.279513972092734,3.307464903999448,0.0,3.307464903999448,0.0,2.279513972092734,0.0,0.0,-1.716745244484228,Intermediate
TB2_AATATCCCAAGCTACC-1,TB2,TB,Microglia,16,1267,1928,0.05186721991701245,5.8257823,17.080036,0.0,0.0,0.0,0.0,1.8224053812740835,0.0,0.0,0.0,0.0,0.0,0.0,2.4312811628121307,0.0,0.0,2.4312811628121307,1.8224053812740835,3.4694892237140587,2.4312811628121307,2.4312811628121307,1.8224053812740835,2.4312811628121307,0.0,2.4312811628121307,1.8224053812740835,0.0,0.0,0.0,-1.7777214224514426,Intermediate
TB2_AATGCATGTCTAGCTT-1,TB2,TB,Microglia,26,1056,1560,0.9615384615384616,7.2046247,14.440979,0.0,0.0,0.0,0.0,0.0,0.0,2.0034197642364906,0.0,0.0,0.0,3.007814219721959,3.4986821929275123,0.0,0.0,2.0034197642364906,0.0,2.0034197642364906,0.0,0.0,0.0,0.0,0.0,0.0,2.6267487727002305,0.0,0.0,0.0,0.15375399562441294,DAM-like
TB2_AATGGCGCAACAGGTG-1,TB2,TB,Microglia,10,300,339,5.899705014749262,10.775929,2.8538337,3.4176783242062427,0.0,0.0,0.0,0.0,0.0,0.0,0.0,0.0,0.0,0.0,0.0,0.0,3.4176783242062427,0.0,0.0,0.0,0.0,0.0,0.0,0.0,0.0,0.0,0.0,0.0,0.0,0.0,-0.1643114578945309,DAM-like
TB2_AATTTGGTCTCAATAG-1,TB2,TB,Microglia,16,848,1140,0.6140350877192983,6.1006227,16.835108,0.0,0.0,0.0,0.0,3.5868058922207817,0.0,0.0,0.0,0.0,0.0,2.2803017793980076,2.920968991168504,2.2803017793980076,0.0,3.5868058922207817,0.0,4.134485025167037,2.920968991168504,2.2803017793980076,0.0,3.5868058922207817,0.0,2.2803017793980076,0.0,2.2803017793980076,0.0,0.0,-1.212257221199943,DAM-like
TB2_ACAACACTCGATAACC-1,TB2,TB,Microglia,16,1820,3318,0.06027727546714888,5.479639,17.243334,1.9501219483019405,0.0,0.0,0.0,2.3070070172658355,0.0,0.0,0.0,0.0,0.0,1.9501219483019405,2.777194469696694,0.0,2.5694844076922765,2.3070070172658355,1.9501219483019405,4.447505652130858,2.9490930955300527,1.3899806545550926,1.9501219483019405,3.4387411718365257,0.0,2.5694844076922765,1.9501219483019405,0.0,0.0,0.0,-1.9341458036005528,Homeostatic
TB2_ACGGTACGTCCGGTTC-1,TB2,TB,Microglia,16,695,916,0.5458515283842794,6.197737,16.60169,0.0,0.0,0.0,0.0,2.477968517154099,0.0,0.0,0.0,0.0,0.0,2.477968517154099,0.0,0.0,0.0,2.477968517154099,2.477968517154099,3.7992600989027676,4.017916130316195,2.477968517154099,3.7992600989027676,0.0,0.0,3.128253330633891,0.0,0.0,0.0,0.0,-2.000066809231988,Homeostatic
TB2_ACGTCAAGTTCGCGCT-1,TB2,TB,Microglia,16,900,1200,0.33333333333333337,6.2403703,16.381424,0.0,0.0,0.0,0.0,3.5361166995615263,0.0,0.0,2.8716796248840124,0.0,0.0,0.0,2.2335922215070942,0.0,2.2335922215070942,0.0,2.2335922215070942,3.7534179752515078,3.9318256327243257,3.258096538021482,2.8716796248840124,2.8716796248840124,0.0,2.8716796248840124,2.2335922215070942,0.0,0.0,0.0,-1.9795132840049308,Homeostatic
TB2_AGAGATTAGTTCCCGT-1,TB2,TB,Microglia,16,936,1326,0.603318250377074,5.646822,16.449791,2.1449340759279423,0.0,0.0,0.0,2.1449340759279423,0.0,0.0,0.0,0.0,0.0,2.1449340759279423,2.1449340759279423,2.1449340759279423,0.0,3.6560305546339382,2.1449340759279423,3.6560305546339382,3.4393249500777423,2.1449340759279423,3.4393249500777423,2.1449340759279423,0.0,2.777760093832317,0.0,2.777760093832317,0.0,0.0,-1.7532145100632284,Intermediate
TB2_AGCACAGCATAAACCT-1,TB2,TB,Microglia,16,1143,1602,1.1235955056179776,5.9654045,16.181849,2.98196756108314,0.0,0.0,0.0,1.979924648397705,0.0,0.0,1.979924648397705,0.0,0.0,1.979924648397705,1.979924648397705,2.601533054350115,1.979924648397705,1.979924648397705,2.98196756108314,3.7998701578912084,2.98196756108314,0.0,1.979924648397705,0.0,0.0,2.601533054350115,1.979924648397705,0.0,1.979924648397705,0.0,-0.9242397716929349,DAM-like
TB2_AGCTAGTTCCCTGGTT-1,TB2,TB,Microglia,16,956,1402,0.14265335235378032,5.4504046,16.662893,4.061500054118828,0.0,0.0,2.725584586992411,2.095888989996992,0.0,0.0,2.095888989996992,0.0,0.0,0.0,3.1089717965409314,2.095888989996992,0.0,2.095888989996992,3.1089717965409314,4.061500054118828,4.281193026216049,3.3854294002307634,2.725584586992411,0.0,0.0,2.725584586992411,2.725584586992411,0.0,0.0,0.0,-1.2124191811740623,DAM-like
TB2_AGGATATAGGAACCAA-1,TB2,TB,Microglia,16,985,1437,0.6263048016701461,6.1855392,16.895487,0.0,0.0,0.0,0.0,2.074296106702192,0.0,0.0,2.074296106702192,0.0,0.0,0.0,3.0854279360640264,2.074296106702192,0.0,3.3616165944113865,3.3616165944113865,4.515970042269399,2.702560793942111,3.0854279360640264,2.702560793942111,2.702560793942111,0.0,0.0,2.702560793942111,2.074296106702192,0.0,0.0,-2.088014866225078,Homeostatic
TB2_AGGGCTACAGCCTAAC-1,TB2,TB,Microglia,18,2880,6427,0.26450910222498836,-6.7991047,-6.41136,0.9384184561699136,0.0,0.0,0.0,0.0,0.0,0.0,0.0,1.9773733201586348,0.0,0.0,0.0,0.9384184561699136,0.0,0.9384184561699136,1.413878348406619,0.0,0.0,0.0,0.0,0.0,0.0,0.0,0.9384184561699136,0.9384184561699136,0.0,0.0,0.00244060962012288,DAM-like
TB2_AGGTTTGGTTACAAAC-1,TB2,TB,Microglia,4,1277,1921,3.2274856845393023,12.998977,-0.7786442,0.0,0.0,0.0,0.0,0.0,0.0,0.0,0.0,0.0,0.0,0.0,0.0,0.0,0.0,0.0,1.8254556669494448,0.0,0.0,0.0,0.0,0.0,0.0,0.0,0.0,0.0,0.0,0.0,-0.2281819583686806,DAM-like
TB2_AGTAAACAGTTTGCGG-1,TB2,TB,Microglia,6,276,321,1.2461059190031152,1.0079973,-0.0566703,0.0,0.0,0.0,0.0,0.0,0.0,0.0,0.0,0.0,0.0,0.0,0.0,0.0,0.0,3.4704948104359175,0.0,0.0,0.0,0.0,0.0,0.0,0.0,0.0,0.0,0.0,0.0,0.0,-0.4338118513044897,DAM-like
TB2_AGTGGACAGCAGGCCT-1,TB2,TB,Microglia,16,850,1178,0.08488964346349745,6.2134085,16.50745,0.0,0.0,0.0,0.0,0.0,0.0,0.0,0.0,0.0,0.0,3.2758946326610943,2.2501294756181114,0.0,3.2758946326610943,2.8891448217788676,2.2501294756181114,4.547314435287213,3.7714916669739402,0.0,2.2501294756181114,3.2758946326610943,0.0,2.2501294756181114,0.0,2.2501294756181114,0.0,0.0,-2.357421115014865,Homeostatic
TB2_AGTTGCAGTCATAGAT-1,TB2,TB,Microglia,4,1260,2068,0.33849129593810445,14.0747385,-2.6000464,4.361434043600939,0.0,0.0,0.0,0.0,0.0,0.0,1.763975364650632,0.0,0.0,0.0,0.0,1.763975364650632,0.0,0.0,1.763975364650632,0.0,0.0,0.0,0.0,0.0,0.0,0.0,1.763975364650632,0.0,2.7412766915345226,0.0,0.38637883118037886,DAM-like
TB2_ATAACGACAATTAACC-1,TB2,TB,Microglia,16,780,1112,0.3597122302158274,6.2582903,16.738997,0.0,0.0,0.0,0.0,0.0,0.0,0.0,2.9436814033726324,0.0,0.0,0.0,3.3314334010250555,0.0,2.3018654096236517,0.0,3.8278591074716513,3.8278591074716513,4.006548050410668,2.3018654096236517,2.3018654096236517,2.3018654096236517,0.0,2.9436814033726324,0.0,0.0,0.0,0.0,-2.12601484918125,Homeostatic
TB2_ATCCTCATCACGCGGT-1,TB2,TB,Microglia,16,1041,1586,0.25220680958385877,5.8554163,17.32404,0.0,0.0,0.0,0.0,0.0,0.0,0.0,0.0,0.0,0.0,0.0,1.9885823494617763,2.610829833190498,0.0,1.9885823494617763,1.9885823494617763,3.8096844009090622,4.056063298358498,0.0,2.610829833190498,2.9914988612352067,0.0,3.2665484489512466,0.0,0.0,0.0,0.0,-1.8268541994500043,Intermediate
TB2_ATCGGCCAGTTATTCC-1,TB2,TB,Microglia,16,943,1371,1.5317286652078774,6.1678104,16.796467,0.0,0.0,0.0,0.0,2.1155258540624087,0.0,0.0,0.0,0.0,0.0,2.7464944622278766,3.4070397517063924,2.7464944622278766,0.0,3.130343498704384,2.1155258540624087,3.95235122379406,3.6235334103242827,0.0,3.4070397517063924,3.4070397517063924,0.0,3.4070397517063924,0.0,0.0,0.0,0.0,-1.6071288378084279,Intermediate
TB2_ATTCCTAGTCCTGATT-1,TB2,TB,Microglia,16,948,1334,0.3748125937031484,6.165509,16.661402,0.0,0.0,0.0,0.0,3.1565218224778633,0.0,0.0,0.0,0.0,0.0,0.0,0.0,2.1396251102539954,3.1565218224778633,0.0,0.0,3.9791911246110305,2.772120096709859,0.0,2.772120096709859,2.1396251102539954,0.0,2.1396251102539954,0.0,0.0,0.0,0.0,-1.4450513634428752,Intermediate
TB2_ATTGTGATCTAAGGTC-1,TB2,TB,Microglia,16,1042,1504,0.26595744680851063,5.9710503,17.134752,0.0,0.0,0.0,0.0,2.660110738813091,0.0,0.0,2.0345665754510427,0.0,0.0,0.0,3.0419862963691218,0.0,0.0,3.710973987820179,3.317661582606385,4.544199759707333,3.8616251666634476,2.660110738813091,3.533531249028804,2.660110738813091,0.0,3.0419862963691218,2.0345665754510427,0.0,0.0,0.0,-2.44089868288283,Homeostatic
TB2_CAAACACTCGGGCCAT-1,TB2,TB,Microglia,16,921,1276,0.0,5.812016,17.239668,0.0,0.0,0.0,0.0,0.0,0.0,0.0,2.178946388329268,0.0,0.0,2.178946388329268,0.0,0.0,0.0,3.1991208453396696,3.1991208453396696,3.69349262152729,2.813849491957473,2.178946388329268,0.0,3.8716580642278515,0.0,3.1991208453396696,0.0,0.0,0.0,0.0,-2.034301010808727,Homeostatic
TB2_CAACCCTTCGGTACGC-1,TB2,TB,Microglia,16,963,1318,0.6828528072837633,6.05749,16.76914,0.0,0.0,0.0,0.0,2.1502789426400164,0.0,0.0,3.1680775760429354,0.0,0.0,2.7834363501866295,0.0,2.1502789426400164,2.1502789426400164,3.1680775760429354,3.1680775760429354,4.674897234031968,3.839958001605351,0.0,2.7834363501866295,2.1502789426400164,0.0,0.0,2.1502789426400164,0.0,0.0,0.0,-1.95325466932107,Homeostatic
TB2_CAAGACAAGCCACATG-1,TB2,TB,Microglia,16,782,1103,0.0,6.0155053,16.861473,0.0,0.0,2.309181601800763,0.0,2.9513814701988106,0.0,0.0,0.0,0.0,0.0,2.9513814701988106,3.618047371267716,2.9513814701988106,2.9513814701988106,3.618047371267716,3.618047371267716,4.413956994297564,4.2976862115345185,0.0,2.9513814701988106,4.014527224537161,0.0,3.3392705372840727,0.0,0.0,0.0,0.0,-2.096099792342409,Homeostatic
TB2_CACATTAAGTTATCCT-1,TB2,TB,Microglia,26,1268,2141,0.2335357309668379,6.839659,14.925866,4.72824719150576,0.0,0.0,0.0,0.0,0.0,0.0,0.0,0.0,0.0,0.0,1.7353151449542925,3.192678577846996,0.0,1.7353151449542925,0.0,1.7353151449542925,1.7353151449542925,0.0,1.7353151449542925,0.0,0.0,2.708859464094583,0.0,0.0,0.0,0.0,-0.12486980983814255,DAM-like
TB2_CACTTAAAGCCTTAAA-1,TB2,TB,Microglia,16,963,1391,0.14378145219266716,6.218862,16.957798,0.0,0.0,0.0,0.0,2.7329473598783625,0.0,0.0,3.116498314684512,0.0,0.0,2.102800656976469,3.116498314684512,3.3930405529527,0.0,2.7329473598783625,2.7329473598783625,3.7872403316633614,3.7872403316633614,2.102800656976469,0.0,2.7329473598783625,0.0,2.7329473598783625,0.0,0.0,0.0,0.0,-1.1220704096710115,DAM-like
TB2_CAGGACCTCTCACTCA-1,TB2,TB,Microglia,16,1190,1755,0.6837606837606838,5.6594296,16.594364,2.5173747592548144,0.0,0.0,0.0,2.5173747592548144,0.0,0.0,2.5173747592548144,0.0,0.0,0.0,1.9018098250742037,0.0,0.0,3.956653124444809,2.5173747592548144,3.956653124444809,3.1693503476873635,1.9018098250742037,0.0,1.9018098250742037,0.0,1.9018098250742037,1.9018098250742037,1.9018098250742037,0.0,0.0,-1.4482306755291676,Intermediate
TB2_CAGGTGGAGAGAGGAG-1,TB2,TB,Microglia,16,582,708,2.6836158192090394,6.4493194,15.653998,2.7163023109465234,0.0,0.0,0.0,0.0,0.0,0.0,0.0,0.0,0.0,0.0,3.7698343922540696,0.0,0.0,0.0,3.3758312843280724,4.051735818618102,4.051735818618102,0.0,3.7698343922540696,2.7163023109465234,0.0,0.0,0.0,0.0,0.0,0.0,-1.7467463605417168,Intermediate
TB2_CATAAGCTCATGGCTG-1,TB2,TB,Microglia,16,1121,1735,0.2881844380403458,5.5675654,16.737864,2.527916451041933,0.0,0.0,0.0,2.527916451041933,0.0,0.0,0.0,0.0,0.0,2.527916451041933,1.9115684159041644,0.0,0.0,3.1803326919038772,1.9115684159041644,4.165122582897527,3.5718436176208845,1.9115684159041644,0.0,3.9678965724318602,0.0,2.906412759359611,2.527916451041933,0.0,0.0,0.0,-1.608132477926659,Intermediate
TB2_CATGGCGGTTGGATAT-1,TB2,TB,Microglia,16,907,1301,0.07686395080707148,5.7422333,17.316553,0.0,0.0,0.0,0.0,3.4577535132185475,0.0,0.0,2.1617580178476454,0.0,0.0,2.1617580178476454,2.1617580178476454,0.0,0.0,3.1805168463871736,0.0,4.135025117070752,2.795620820439779,0.0,3.674577045633754,3.1805168463871736,0.0,3.1805168463871736,0.0,0.0,0.0,0.0,-1.355933810123561,Intermediate
TB2_CATTATGAGCAAGACA-1,TB2,TB,Microglia,5,279,310,2.258064516129032,3.357959,-1.2939764,0.0,0.0,0.0,0.0,0.0,0.0,0.0,0.0,0.0,0.0,0.0,0.0,0.0,0.0,3.5042972795318135,0.0,0.0,0.0,0.0,0.0,0.0,0.0,0.0,0.0,0.0,0.0,0.0,-0.4380371599414767,DAM-like
TB2_CCCGTTGTCCTGTTCA-1,TB2,TB,Microglia,16,943,1364,0.07331378299120235,6.1332045,17.067247,0.0,0.0,0.0,0.0,2.7512857030562534,0.0,0.0,0.0,0.0,0.0,2.1200289045706713,2.1200289045706713,2.7512857030562534,0.0,3.1352391789474052,2.1200289045706713,3.8064017845612566,3.1352391789474052,0.0,3.4119893779014583,3.8064017845612566,0.0,3.4119893779014583,0.0,0.0,0.0,0.0,-1.677479509628193,Intermediate
TB2_CCTAAAGGTAGTTACG-1,TB2,TB,Microglia,16,937,1321,0.6813020439061317,5.811215,17.366484,0.0,0.0,0.0,0.0,0.0,0.0,0.0,2.148270382555784,0.0,0.0,2.7813034769726794,2.7813034769726794,0.0,0.0,2.7813034769726794,3.1658997735529155,4.599255682050503,4.2359917465651735,0.0,2.148270382555784,3.9888017886688485,0.0,2.7813034769726794,2.148270382555784,2.148270382555784,0.0,0.0,-2.02179594579565,Homeostatic
TB2_CCTAAAGGTCAAACTG-1,TB2,TB,Microglia,16,562,745,1.2080536912751678,6.3850517,16.056458,0.0,0.0,0.0,0.0,4.001704193374761,0.0,0.0,3.326676314387409,0.0,0.0,2.6688115906970515,2.6688115906970515,2.6688115906970515,0.0,3.326676314387409,3.326676314387409,4.906963632406307,4.802424435810941,0.0,0.0,0.0,0.0,2.6688115906970515,2.6688115906970515,0.0,0.0,0.0,-0.8657414117506756,DAM-like
TB2_CCTAAGCCAAAGGTAC-1,TB2,TB,Microglia,21,3282,8544,0.0702247191011236,-0.80373776,-6.990399,0.0,0.0,0.0,0.0,0.0,0.0,0.0,0.0,0.0,0.0,0.0,0.0,0.0,0.0,1.20621747417976,0.0,0.0,0.0,0.0,0.0,0.0,0.0,0.0,0.0,0.7749170043795569,0.0,0.0,-0.15077718427247,DAM-like
TB2_CCTATTTAGTTGGGCC-1,TB2,TB,Microglia,16,1042,1509,0.3976143141153081,5.491575,16.91867,2.0316821582006424,0.0,0.0,0.0,2.0316821582006424,0.0,0.0,2.657024272408584,0.0,0.0,0.0,3.038826039523036,2.657024272408584,0.0,2.657024272408584,3.038826039523036,3.31446309140847,3.9892662638120755,2.0316821582006424,2.0316821582006424,3.038826039523036,0.0,3.31446309140847,2.657024272408584,0.0,0.0,0.0,-1.5576259528275234,Intermediate
TB2_CCTGACTTCATGAGCT-1,TB2,TB,Microglia,16,910,1254,0.4784688995215311,6.217995,16.881487,0.0,0.0,0.0,0.0,2.8302066707397744,0.0,2.194385178800358,2.194385178800358,0.0,0.0,0.0,2.8302066707397744,2.194385178800358,0.0,3.4934096355656736,2.194385178800358,4.485477433245433,2.8302066707397744,2.194385178800358,2.194385178800358,3.8886907112042044,0.0,2.194385178800358,2.8302066707397744,0.0,0.0,0.0,-1.7183045077883181,Intermediate
TB2_CCTGGATCATGGCCCA-1,TB2,TB,Microglia,16,924,1313,1.1424219345011426,5.512442,16.709217,2.1536379116236706,0.0,0.0,0.0,2.1536379116236706,0.0,0.0,2.7870026198584426,0.0,0.0,2.1536379116236706,2.1536379116236706,0.0,0.0,2.1536379116236706,0.0,4.241978569876842,3.4488626250924392,2.7870026198584426,2.7870026198584426,2.1536379116236706,0.0,2.1536379116236706,0.0,0.0,0.0,0.0,-1.319472646368371,Intermediate
TB2_CCTGTATGTGATGATT-1,TB2,TB,Microglia,2,982,1426,0.1402524544179523,-5.884414,-4.707106,2.0810181383101667,0.0,0.0,0.0,0.0,0.0,0.0,0.0,0.0,0.0,0.0,0.0,0.0,0.0,2.0810181383101667,0.0,0.0,0.0,0.0,0.0,0.0,0.0,0.0,0.0,0.0,0.0,0.0,-0.10004894895721955,DAM-like
TB2_CGAACCGGTTTGCGCC-1,TB2,TB,Microglia,16,792,1063,0.5644402634054563,5.757533,16.383991,2.342511107692963,0.0,0.0,0.0,2.9864228473434107,0.0,0.0,0.0,0.0,0.0,2.9864228473434107,3.374922300946965,2.342511107692963,2.342511107692963,2.342511107692963,3.374922300946965,5.137749937643336,4.334131530778015,2.342511107692963,2.9864228473434107,3.374922300946965,0.0,2.9864228473434107,0.0,0.0,0.0,0.0,-2.2000148792445273,Homeostatic
TB2_CGAGGAAGTGCTAGCG-1,TB2,TB,Microglia,16,1437,2149,0.23266635644485809,5.635514,17.3704,0.0,0.0,0.0,0.0,3.1891023881471394,0.0,0.0,2.9762083417136456,0.0,0.0,0.0,2.3327897310847647,2.3327897310847647,0.0,2.3327897310847647,2.3327897310847647,3.861429914030132,4.118927456202762,2.3327897310847647,1.7322442442122317,2.9762083417136456,0.0,2.3327897310847647,2.3327897310847647,0.0,0.0,0.0,-1.6277519942896856,Intermediate
TB2_CGATATTCATAGACTT-1,TB2,TB,Microglia,16,1109,1645,0.0,5.923502,17.112827,0.0,0.0,0.0,0.0,2.9568397740099335,0.0,0.0,2.5770340966766088,0.0,0.0,2.5770340966766088,2.5770340966766088,3.4466530012412617,1.9571365191189691,3.2314409291699686,2.5770340966766088,3.4466530012412617,2.9568397740099335,1.9571365191189691,1.9571365191189691,3.4466530012412617,0.0,2.5770340966766088,2.5770340966766088,0.0,0.0,0.0,-1.6039772514788373,Intermediate
TB2_CGCTTAACATACTCCT-1,TB2,TB,Microglia,16,1398,2143,0.18665422305179655,5.7627172,17.211617,0.0,0.0,0.0,0.0,2.7079879810922347,0.0,0.0,2.335314702964585,0.0,0.0,0.0,1.734546155580242,1.734546155580242,0.0,1.734546155580242,1.734546155580242,4.386118810253176,3.6462549143795195,1.734546155580242,2.335314702964585,3.6462549143795195,0.0,3.3672314643898633,0.0,0.0,0.0,0.0,-1.7473981110729753,Intermediate
TB2_CGCTTGCGTTGTCCAT-1,TB2,TB,Microglia,17,2134,4528,0.022084805653710248,-10.867814,-0.08297084,0.0,0.0,0.0,0.0,0.0,0.0,0.0,0.0,0.0,0.0,0.0,0.0,0.0,0.0,0.0,1.1657974809580558,0.0,0.0,0.0,0.0,0.0,0.0,0.0,2.0314902481748423,0.0,0.0,0.0,-0.14572468511975697,DAM-like
TB2_CGGTTTGAGGATTGAG-1,TB2,TB,Microglia,16,736,975,1.0256410256410255,6.3895154,16.275913,0.0,0.0,0.0,0.0,3.458498235499496,0.0,0.0,3.458498235499496,0.0,0.0,3.06864906033756,2.420937766945525,3.06864906033756,2.420937766945525,0.0,2.420937766945525,4.419458273041683,4.419458273041683,0.0,2.420937766945525,0.0,0.0,0.0,0.0,0.0,0.0,0.0,-0.8223137417404054,DAM-like
TB2_CGTGCTTTCCTTAAGA-1,TB2,TB,Microglia,16,834,1193,0.08382229673093043,6.2415133,16.71147,0.0,0.0,0.0,0.0,2.239566668720022,0.0,0.0,3.542611494100682,0.0,0.0,0.0,3.264529083037138,2.239566668720022,0.0,2.8779911833266105,0.0,4.089747883911403,2.8779911833266105,0.0,3.542611494100682,3.542611494100682,0.0,0.0,2.239566668720022,2.239566668720022,0.0,0.0,-1.2481942383397593,Intermediate
TB2_CGTTAGTAGACTATTG-1,TB2,TB,Microglia,16,799,1032,0.4844961240310077,6.342192,16.44331,0.0,0.0,0.0,0.0,0.0,0.0,0.0,2.3693014734316296,0.0,0.0,0.0,0.0,2.3693014734316296,0.0,3.014546420368209,3.014546420368209,3.9009542198802833,3.014546420368209,2.3693014734316296,3.014546420368209,3.014546420368209,0.0,2.3693014734316296,2.3693014734316296,2.3693014734316296,0.0,0.0,-2.303365555404638,Homeostatic
TB2_CGTTATCGTATTGGAT-1,TB2,TB,Microglia,16,873,1190,0.08403361344537816,5.936254,16.982773,0.0,0.0,0.0,0.0,2.241067215200396,0.0,0.0,2.241067215200396,0.0,0.0,2.241067215200396,3.266144223496274,2.241067215200396,2.241067215200396,2.87957606515677,2.241067215200396,4.623406254856958,4.091399051992344,2.87957606515677,0.0,3.266144223496274,0.0,2.87957606515677,0.0,0.0,0.0,0.0,-1.8369785048980374,Intermediate
TB2_CTAATCCGTGCATTTC-1,TB2,TB,Microglia,16,1189,1798,0.6674082313681869,5.8103704,17.267807,0.0,0.0,0.0,0.0,0.0,0.0,0.0,1.8817266540582835,0.0,0.0,1.8817266540582835,2.4956537378449535,1.8817266540582835,0.0,2.4956537378449535,2.8732533379118057,3.687724084650029,3.687724084650029,1.8817266540582835,1.8817266540582835,2.8732533379118057,0.0,2.8732533379118057,0.0,0.0,0.0,0.0,-1.7964147594610482,Intermediate
TB2_CTACTAAAGGAGCACG-1,TB2,TB,Microglia,16,801,1054,0.3795066413662239,5.77633,16.392824,2.9944981157099626,0.0,0.0,0.0,0.0,0.0,0.0,0.0,0.0,0.0,0.0,3.3831351744398077,0.0,2.3501999032919008,2.9944981157099626,3.8802914459763045,4.458860286995015,3.8802914459763045,0.0,3.3831351744398077,2.3501999032919008,0.0,2.3501999032919008,0.0,0.0,0.0,0.0,-2.421597358294783,Homeostatic
TB2_CTACTTAGTGTTTGCT-1,TB2,TB,Microglia,6,487,567,0.7054673721340388,1.1671202,-0.4021896,0.0,0.0,0.0,0.0,0.0,0.0,0.0,0.0,0.0,0.0,0.0,0.0,2.9251319127132787,2.9251319127132787,2.9251319127132787,0.0,0.0,0.0,0.0,0.0,0.0,0.0,0.0,0.0,0.0,0.0,0.0,-0.506272831046529,DAM-like
TB2_CTATGTTTCCTGGCTT-1,TB2,TB,Microglia,16,914,1301,0.15372790161414296,6.163969,16.910465,0.0,0.0,0.0,0.0,0.0,0.0,0.0,0.0,0.0,0.0,0.0,2.1617580178476454,0.0,2.1617580178476454,3.1805168463871736,0.0,3.674577045633754,4.135025117070752,0.0,2.1617580178476454,3.1805168463871736,0.0,3.1805168463871736,0.0,0.0,0.0,0.0,-2.1454799081007954,Homeostatic
TB2_CTATTCAGTTTGACCT-1,TB2,TB,Microglia,16,828,1112,0.08992805755395684,6.2261806,16.66223,0.0,0.0,0.0,0.0,2.9436814033726324,0.0,0.0,0.0,0.0,0.0,2.9436814033726324,2.9436814033726324,2.9436814033726324,0.0,2.3018654096236517,3.6101398538615377,4.2896707198218875,3.3314334010250555,2.3018654096236517,2.3018654096236517,3.6101398538615377,0.0,3.3314334010250555,2.3018654096236517,2.3018654096236517,0.0,0.0,-1.8126243830654654,Intermediate
TB2_CTCATGACATGATTGT-1,TB2,TB,Microglia,23,2421,5258,0.09509319132750095,-2.0586166,-7.375342,0.0,0.0,0.0,0.0,0.0,0.0,0.0,0.0,0.0,0.0,0.0,0.0,1.5693922109162888,0.0,1.5693922109162888,0.0,0.0,0.0,0.0,0.0,0.0,1.9029417275558622,0.0,1.065353229360348,0.0,0.0,0.0,-0.07545154860174465,DAM-like
TB2_CTCCAAACAGTCTAAT-1,TB2,TB,Microglia,16,1133,1741,0.34462952326249285,5.7619615,16.892551,1.9086273288620228,0.0,0.0,0.0,2.5247402180092022,0.0,0.0,2.5247402180092022,0.0,0.0,2.5247402180092022,0.0,0.0,1.9086273288620228,1.9086273288620228,1.9086273288620228,2.5247402180092022,3.7186027504459136,0.0,1.9086273288620228,3.7186027504459136,0.0,2.5247402180092022,0.0,0.0,0.0,0.0,-1.4701070344559761,Intermediate
TB2_CTGGTCAAGTTTGTCT-1,TB2,TB,Microglia,16,1047,1549,0.25823111684958033,5.983235,17.13784,0.0,0.0,0.0,0.0,0.0,0.0,0.0,2.0089892916982186,0.0,0.0,2.0089892916982186,2.6327198503260427,2.0089892916982186,2.0089892916982186,3.9635945051414114,2.6327198503260427,3.8327729682296683,3.0139323313290927,0.0,0.0,2.0089892916982186,0.0,3.289263892188413,2.0089892916982186,2.0089892916982186,0.0,0.0,-1.5164949547704702,Intermediate
TB2_CTTCACTCATAAGCAA-1,TB2,TB,Microglia,16,999,1438,0.2086230876216968,5.7820864,17.286018,0.0,0.0,0.0,0.0,2.701911788970473,0.0,0.0,3.084764093007191,0.0,0.0,0.0,3.754775276927398,3.084764093007191,0.0,3.3609450749394356,3.3609450749394356,4.256194515107368,3.90557668135679,2.701911788970473,3.084764093007191,0.0,0.0,3.084764093007191,3.084764093007191,2.0736878861942696,0.0,0.0,-1.6125448264699134,Intermediate
TB2_CTTCAGGAGCTTACTT-1,TB2,TB,Microglia,16,1060,1476,2.168021680216802,5.9170547,16.495825,2.6776003063820424,0.0,0.0,0.0,0.0,0.0,0.0,2.0509221719408375,0.0,0.0,2.0509221719408375,2.0509221719408375,2.6776003063820424,0.0,3.0598896244944562,3.0598896244944562,3.3357792205177508,3.5517799534531376,2.0509221719408375,2.6776003063820424,0.0,0.0,2.0509221719408375,0.0,2.0509221719408375,0.0,0.0,-1.3317543719998277,Intermediate
TB2_CTTCTCAAGGAAGTAT-1,TB2,TB,Microglia,16,754,1018,0.5893909626719057,5.888036,16.261148,3.0275392953150737,0.0,0.0,0.0,2.381690380922194,0.0,0.0,3.0275392953150737,0.0,3.0275392953150737,0.0,3.41672776300893,0.0,0.0,2.381690380922194,2.381690380922194,4.093328984484073,4.376831434078629,3.41672776300893,0.0,2.381690380922194,0.0,2.381690380922194,0.0,0.0,0.0,0.0,-1.2342998363210194,Intermediate
TB2_GAACCAAAGGATCACT-1,TB2,TB,Microglia,16,1015,1355,0.8118081180811807,5.941789,17.127974,0.0,0.0,0.0,0.0,2.1258567212258574,0.0,0.0,2.1258567212258574,0.0,0.0,2.7574844499617654,3.14157228966332,2.7574844499617654,0.0,2.1258567212258574,2.1258567212258574,3.96386596422069,3.14157228966332,0.0,2.1258567212258574,2.1258567212258574,0.0,2.7574844499617654,0.0,0.0,0.0,0.0,-0.9581654783454633,DAM-like
TB2_GAACCGCTCCTGAATA-1,TB2,TB,Microglia,6,260,299,1.0033444816053512,1.2997298,-0.143452,0.0,0.0,0.0,0.0,0.0,0.0,0.0,0.0,0.0,0.0,0.0,0.0,0.0,0.0,3.5393585087351154,0.0,0.0,0.0,0.0,0.0,0.0,0.0,0.0,0.0,3.5393585087351154,0.0,0.0,-0.4424198135918894,DAM-like
TB2_GACCGAACAAGGATTA-1,TB2,TB,Microglia,16,1078,1633,0.612369871402327,6.119702,17.055292,0.0,0.0,0.0,0.0,2.5838011126144043,0.0,0.0,1.9634270728463012,0.0,0.0,2.5838011126144043,1.9634270728463012,2.9637820654961278,1.9634270728463012,1.9634270728463012,2.5838011126144043,3.9118147779940418,4.1309494715685355,2.5838011126144043,2.9637820654961278,2.5838011126144043,0.0,2.5838011126144043,0.0,0.0,0.0,0.0,-1.9080436720229654,Intermediate
TB2_GACCTCAAGTTTGAGC-1,TB2,TB,Microglia,4,1331,1974,4.761904761904762,12.997025,-0.7491495,2.4097979952673994,0.0,0.0,0.0,0.0,0.0,0.0,0.0,0.0,0.0,0.0,0.0,0.0,0.0,0.0,1.8026756914918705,2.4097979952673994,0.0,0.0,0.0,0.0,0.0,0.0,0.0,1.8026756914918705,0.0,0.0,-0.341190134285878,DAM-like
TB2_GACGCAACACATTGCA-1,TB2,TB,Microglia,16,899,1237,0.6467259498787389,6.0005484,17.147291,0.0,0.0,0.0,0.0,2.2065228115154145,0.0,0.0,2.2065228115154145,0.0,0.0,2.2065228115154145,2.843055850049811,0.0,2.2065228115154145,3.2289141962200554,2.843055850049811,4.300771423149616,3.506646818184513,2.843055850049811,2.843055850049811,2.843055850049811,0.0,2.843055850049811,0.0,0.0,0.0,0.0,-2.3489906554204474,Homeostatic
TB2_GACTAATGTTCCAGGG-1,TB2,TB,Microglia,16,1023,1450,0.41379310344827586,5.562956,16.609385,2.0664261735677654,0.0,0.0,0.0,2.694161088941543,0.0,0.0,0.0,0.0,0.0,2.0664261735677654,3.0768354267139664,3.0768354267139664,2.0664261735677654,3.0768354267139664,3.5690469058475753,4.580382741315093,4.248002509839341,2.0664261735677654,2.694161088941543,2.0664261735677654,0.0,2.694161088941543,2.0664261735677654,0.0,0.0,0.0,-2.047449223054332,Homeostatic
TB2_GAGCAAATCAACAAGG-1,TB2,TB,Microglia,6,201,209,0.4784688995215311,1.8488328,-0.18264893,0.0,0.0,0.0,0.0,0.0,0.0,0.0,0.0,0.0,0.0,0.0,0.0,3.8886907112042044,0.0,3.8886907112042044,0.0,0.0,0.0,0.0,0.0,0.0,0.0,0.0,0.0,0.0,0.0,0.0,-0.18695628419250981,DAM-like
TB2_GAGCAAGGTATTCGTC-1,TB2,TB,Microglia,6,336,362,1.1049723756906076,2.1675332,0.0071585146,0.0,0.0,0.0,0.0,0.0,0.0,0.0,0.0,0.0,0.0,0.0,0.0,0.0,0.0,3.3542563355489627,3.3542563355489627,0.0,0.0,0.0,0.0,0.0,0.0,0.0,0.0,0.0,0.0,0.0,-0.8385640838872407,DAM-like
TB2_GAGCGGTCAGGCTAAG-1,TB2,TB,Microglia,16,754,1000,0.8,6.418611,16.523914,0.0,0.0,0.0,0.0,2.3978952727983707,0.0,2.3978952727983707,3.713572066704308,0.0,0.0,0.0,0.0,3.044522437723423,0.0,3.713572066704308,3.4339872044851463,4.110873864173311,2.3978952727983707,0.0,3.4339872044851463,3.4339872044851463,0.0,2.3978952727983707,2.3978952727983707,0.0,0.0,0.0,-1.6767774636780075,Intermediate
TB2_GAGCTGCTCATAGCCG-1,TB2,TB,Microglia,16,900,1191,0.16792611251049538,6.0469966,17.001482,0.0,0.0,0.0,0.0,2.240316593462727,0.0,0.0,0.0,0.0,0.0,0.0,3.7607704449709645,2.240316593462727,0.0,3.7607704449709645,2.240316593462727,3.26533630129078,3.939206829507379,2.240316593462727,0.0,3.26533630129078,0.0,2.240316593462727,2.878783272865266,0.0,0.0,0.0,-1.7049562574676762,Intermediate
TB2_GAGCTTAGTTACCGGG-1,TB2,TB,Microglia,16,718,950,0.631578947368421,5.673813,16.52123,3.9821380540562843,0.0,0.0,0.0,0.0,0.0,2.4446327506500602,3.483666293518156,0.0,0.0,2.4446327506500602,4.161347150314831,2.4446327506500602,2.4446327506500602,0.0,2.4446327506500602,5.068241950540398,3.763645104686629,0.0,2.4446327506500602,3.483666293518156,0.0,0.0,0.0,0.0,0.0,0.0,-0.9976391616377318,DAM-like
TB2_GAGGTAGGTGCACGCA-1,TB2,TB,Microglia,16,387,490,1.0204081632653061,6.422326,15.905792,0.0,0.0,0.0,0.0,0.0,0.0,0.0,0.0,0.0,0.0,3.0637723102856707,3.733286850128273,0.0,3.733286850128273,3.0637723102856707,0.0,3.0637723102856707,5.101482840983107,3.0637723102856707,3.0637723102856707,0.0,0.0,3.733286850128273,0.0,0.0,0.0,0.0,-2.1133816618845316,Homeostatic
TB2_GAGTGAGGTGCTCCAC-1,TB2,TB,Microglia,16,770,1026,0.09746588693957114,6.0348496,16.940178,0.0,0.0,0.0,0.0,3.4091578158935616,0.0,0.0,2.374588373418914,0.0,0.0,0.0,3.020092020405061,2.374588373418914,0.0,2.374588373418914,3.020092020405061,4.085632256122937,4.2373782604420125,2.374588373418914,3.020092020405061,2.374588373418914,0.0,3.4091578158935616,0.0,0.0,0.0,0.0,-1.8259909917704034,Intermediate
TB2_GATGAGGGTACAAAGA-1,TB2,TB,Microglia,4,2074,3492,0.1718213058419244,14.643602,-2.8354714,4.014761529968557,0.0,0.0,0.0,0.0,0.0,0.0,0.0,0.0,0.0,0.0,1.9061852996829174,0.0,1.351622279222048,1.9061852996829174,2.2608319663648295,3.0467019187801325,1.9061852996829174,0.0,1.9061852996829174,0.0,0.0,2.2608319663648295,1.9061852996829174,2.2608319663648295,0.0,0.0,-1.0917565594922416,DAM-like
TB2_GATGAGGGTTCAAGAT-1,TB2,TB,Microglia,16,927,1330,0.07518796992481204,5.5678368,16.59035,2.774935590249597,0.0,0.0,0.0,2.1422751328062524,0.0,0.0,2.774935590249597,0.0,0.0,2.1422751328062524,3.159397162730438,2.1422751328062524,2.1422751328062524,3.6530964343385492,2.1422751328062524,4.858412579111219,4.333203575226563,0.0,2.1422751328062524,3.159397162730438,0.0,3.159397162730438,2.774935590249597,2.1422751328062524,0.0,0.0,-1.6395519905244686,Intermediate
TB2_GATGCAGCACTAAGAA-1,TB2,TB,Microglia,16,1015,1463,0.4784688995215311,5.7855244,17.27525,0.0,0.0,0.0,0.0,3.068323130232015,0.0,0.0,2.6858414003615403,0.0,0.0,2.0586353350948854,3.344312341252012,0.0,0.0,3.344312341252012,3.344312341252012,3.8886907112042044,3.7379462457086734,2.6858414003615403,3.068323130232015,2.6858414003615403,0.0,3.7379462457086734,2.0586353350948854,0.0,0.0,0.0,-1.9861690457626189,Homeostatic
TB2_GCCTCGACACAATACT-1,TB2,TB,Microglia,16,1021,1550,0.967741935483871,5.8841906,17.209917,0.0,0.0,0.0,0.0,2.6321208856186016,0.0,0.0,2.6321208856186016,0.0,0.0,0.0,2.6321208856186016,0.0,0.0,3.013318658056067,2.0084305060366474,4.276217989947386,3.288642590370302,2.6321208856186016,3.288642590370302,3.5042972795318135,0.0,2.6321208856186016,0.0,0.0,0.0,0.0,-2.1440463004255585,Homeostatic
TB2_GCGAGTGAGTAACCCG-1,TB2,TB,Microglia,16,322,396,1.2626262626262625,6.4443893,15.714179,0.0,0.0,0.0,0.0,3.2677621845069003,0.0,0.0,3.2677621845069003,0.0,0.0,0.0,0.0,0.0,0.0,0.0,3.2677621845069003,5.02726394530988,4.625071837891967,0.0,3.2677621845069003,3.2677621845069003,0.0,0.0,0.0,0.0,0.0,0.0,-1.9292201483200258,Intermediate
TB2_GCGATTAGTTCCTGAT-1,TB2,TB,Microglia,16,704,958,0.6263048016701461,6.235007,16.61079,0.0,0.0,0.0,0.0,2.4369772841275004,0.0,0.0,0.0,0.0,0.0,0.0,0.0,0.0,3.0854279360640264,0.0,3.0854279360640264,3.755454652425397,4.304995653722502,0.0,3.755454652425397,3.475538948162962,0.0,0.0,2.4369772841275004,3.0854279360640264,0.0,0.0,-2.4953276812713083,Homeostatic
TB2_GCGATTAGTTGACTTC-1,TB2,TB,Microglia,16,836,1163,0.34393809114359414,5.73041,16.382196,3.2882286201102224,0.0,0.0,0.0,2.901251500341789,0.0,0.0,2.261601864496068,0.0,0.0,3.5665369210706204,3.2882286201102224,0.0,0.0,2.261601864496068,2.901251500341789,4.245456604759619,3.2882286201102224,0.0,3.2882286201102224,3.2882286201102224,0.0,2.901251500341789,0.0,0.0,0.0,0.0,-1.231751592115716,Intermediate
TB2_GCGCCTTGTGCTCCAC-1,TB2,TB,Microglia,6,241,277,0.7220216606498195,1.5558183,-0.10931773,0.0,0.0,0.0,0.0,0.0,0.0,0.0,0.0,0.0,0.0,0.0,0.0,0.0,0.0,3.6136461614377344,0.0,0.0,0.0,0.0,0.0,0.0,0.0,0.0,0.0,0.0,0.0,0.0,-0.4517057701797168,DAM-like
TB2_GCTAGCGGTTGCTTCG-1,TB2,TB,Microglia,16,766,983,0.508646998982706,6.064522,16.730457,0.0,0.0,0.0,0.0,0.0,0.0,0.0,3.9486384026580588,0.0,0.0,0.0,0.0,0.0,3.0608587449075286,2.4134947816411794,2.4134947816411794,3.9486384026580588,3.0608587449075286,0.0,0.0,3.0608587449075286,0.0,3.0608587449075286,3.0608587449075286,0.0,0.0,0.0,-1.9410341094937942,Homeostatic
TB2_GCTATCCTCCAAGTGT-1,TB2,TB,Microglia,16,1177,1703,0.2935995302407516,6.144079,16.834791,0.0,0.0,0.0,0.0,0.0,0.0,1.927453817512078,2.5450590981582977,0.0,0.0,1.927453817512078,0.0,2.5450590981582977,3.198181666982514,0.0,0.0,4.183452161688375,3.198181666982514,1.927453817512078,2.924019911948839,2.5450590981582977,0.0,2.5450590981582977,0.0,0.0,0.0,0.0,-1.5589646303059426,Intermediate
TB2_GCTCGATCACCAGGTT-1,TB2,TB,Microglia,16,929,1330,0.6766917293233082,6.111114,16.868036,0.0,0.0,0.0,0.0,3.159397162730438,0.0,0.0,2.1422751328062524,0.0,0.0,0.0,2.1422751328062524,0.0,3.159397162730438,2.774935590249597,2.774935590249597,4.333203575226563,2.774935590249597,2.774935590249597,2.774935590249597,2.774935590249597,0.0,2.774935590249597,2.1422751328062524,0.0,0.0,0.0,-2.4451654442900583,Homeostatic
TB2_GCTTTGTGTTTGGTTC-1,TB2,TB,Microglia,16,600,758,0.13192612137203166,6.414197,16.352194,0.0,0.0,0.0,0.0,2.6527215571908163,0.0,0.0,0.0,0.0,0.0,2.6527215571908163,3.3100036078828627,0.0,0.0,3.3100036078828627,3.3100036078828627,2.6527215571908163,3.9847240327769855,0.0,0.0,2.6527215571908163,0.0,2.6527215571908163,0.0,0.0,0.0,0.0,-1.3260451244221203,Intermediate
TB2_GGACGAAGTTCCTCCT-1,TB2,TB,Microglia,13,223,246,4.878048780487805,9.76529,0.16722108,3.729311128566785,0.0,0.0,0.0,0.0,0.0,0.0,0.0,0.0,0.0,0.0,0.0,0.0,3.729311128566785,0.0,0.0,3.729311128566785,0.0,0.0,0.0,0.0,0.0,0.0,0.0,0.0,0.0,0.0,-0.6454576953288667,DAM-like
TB2_GGAGGTTAGGAGCATA-1,TB2,TB,Microglia,16,822,1066,0.5628517823639775,6.1594057,16.495579,0.0,0.0,0.0,0.0,2.983747040670697,0.0,0.0,2.983747040670697,0.0,0.0,2.3399640187322652,2.3399640187322652,0.0,0.0,2.983747040670697,2.983747040670697,4.64621129346195,3.869205587979226,0.0,0.0,2.983747040670697,0.0,2.983747040670697,2.983747040670697,0.0,0.0,0.0,-1.3642997797542797,Intermediate
TB2_GGCATTAGTCATTACC-1,TB2,TB,Microglia,4,1739,3210,0.1557632398753894,14.241793,-4.2301674,3.368584074931141,0.0,0.0,0.0,0.0,0.0,0.0,0.0,0.0,0.0,0.0,0.0,1.4147031813923094,0.0,1.978312283144421,0.0,1.4147031813923094,0.0,0.0,0.0,0.0,0.0,0.0,0.0,0.0,0.0,0.0,-0.05618175950374893,DAM-like
TB2_GGCCAGTTCTAGCGTG-1,TB2,TB,Microglia,16,878,1304,0.23006134969325154,5.684486,16.577888,2.159720181877765,0.0,0.0,0.0,2.159720181877765,0.0,0.0,2.159720181877765,0.0,0.0,2.159720181877765,3.1783094214036502,2.159720181877765,2.159720181877765,3.6723322583421005,2.159720181877765,4.001515963323955,3.4555228840728867,3.1783094214036502,3.6723322583421005,3.6723322583421005,0.0,3.1783094214036502,0.0,0.0,0.0,0.0,-2.1713262274252925,Homeostatic
TB2_GGTACAAAGCGCAATT-1,TB2,TB,Microglia,16,967,1419,0.07047216349541931,5.7387986,17.312172,0.0,0.0,0.0,0.0,2.7143259804110995,0.0,0.0,0.0,0.0,0.0,2.085326236541605,3.3737873145719646,2.085326236541605,2.085326236541605,3.0974604072812126,2.7143259804110995,3.7677668353606455,3.5900553557850037,2.7143259804110995,0.0,3.5900553557850037,0.0,3.918611542210171,0.0,0.0,0.0,0.0,-1.9057786906341685,Intermediate
TB2_GGTGAGCCAGCTTACA-1,TB2,TB,Microglia,16,1067,1630,1.165644171779141,5.600505,16.458622,3.782933965807689,0.0,0.0,0.0,0.0,0.0,0.0,1.9650079517119021,0.0,0.0,1.9650079517119021,3.913616826644594,0.0,0.0,1.9650079517119021,0.0,3.913616826644594,4.2266098162079695,2.5855012251462965,2.9655260224988864,1.9650079517119021,0.0,3.240241046388213,0.0,0.0,0.0,0.0,-1.3083074399420331,Intermediate
TB2_GGTTATGGTGATGATT-1,TB2,TB,Microglia,16,1110,1601,1.061836352279825,5.8480697,16.778528,1.9804628672786921,0.0,0.0,0.0,0.0,0.0,0.0,2.6021111759001974,0.0,0.0,1.9804628672786921,1.9804628672786921,0.0,0.0,1.9804628672786921,2.9825603316471985,3.800480606334939,3.4729126181301138,1.9804628672786921,0.0,2.9825603316471985,0.0,3.2574957714252593,0.0,0.0,0.0,0.0,-1.4927376621945063,Intermediate
TB2_GTAAGCTTCTGCAACG-1,TB2,TB,Microglia,16,946,1362,0.5139500734214391,6.057796,16.712105,0.0,0.0,0.0,0.0,3.1373453590595766,0.0,0.0,2.1219667139184386,0.0,0.0,2.1219667139184386,3.1373453590595766,2.1219667139184386,2.7533471058062085,3.1373453590595766,0.0,4.206598967887749,3.959531777957152,2.1219667139184386,3.4141186841882725,3.1373453590595766,0.0,2.7533471058062085,0.0,0.0,0.0,0.0,-1.8689286029173549,Intermediate
TB2_GTACAATGTACAAAGA-1,TB2,TB,Microglia,24,1406,2185,1.3729977116704806,10.468261,8.352313,2.6903113767648286,0.0,0.0,0.0,0.0,0.0,0.0,2.6903113767648286,0.0,0.0,0.0,0.0,0.0,0.0,1.718965557710202,0.0,0.0,0.0,0.0,0.0,0.0,0.0,0.0,2.6903113767648286,1.718965557710202,0.0,0.0,0.19902336325004452,DAM-like
TB2_GTACAATGTATTGTGG-1,TB2,TB,Microglia,16,1064,1599,0.5003126954346466,5.886957,17.44602,0.0,0.0,0.0,0.0,1.9820798221101659,0.0,0.0,1.9820798221101659,0.0,0.0,0.0,1.9820798221101659,2.603847870466485,0.0,3.9330519045216867,2.603847870466485,4.331967674684303,3.4747300647023356,1.9820798221101659,1.9820798221101659,3.651876555135842,0.0,3.2592992418443254,1.9820798221101659,0.0,0.0,0.0,-2.0872551883089128,Homeostatic
TB2_GTCATGAGTCCTTAGT-1,TB2,TB,Microglia,6,272,303,0.9900990099009901,2.0610216,-0.26679748,0.0,0.0,0.0,0.0,0.0,0.0,0.0,0.0,0.0,0.0,0.0,0.0,0.0,0.0,0.0,3.526457588435699,0.0,0.0,0.0,0.0,0.0,0.0,0.0,0.0,0.0,0.0,0.0,-0.4408071985544624,DAM-like
TB2_GTCCTAGAGAGGCTAA-1,TB2,TB,Microglia,16,1413,2087,0.09583133684714902,5.527531,17.47333,0.0,0.0,0.0,0.0,2.7327233355888914,0.0,0.0,3.2171877693753737,0.0,0.0,2.359261572056268,1.7564028667822562,3.2171877693753737,1.7564028667822562,3.6720520323421093,3.392808999155183,4.147733168295375,3.787006154280559,3.004011276309681,3.2171877693753737,2.359261572056268,0.0,3.392808999155183,0.0,0.0,0.0,0.0,-2.1453069557339735,Homeostatic
TB2_GTCTCACTCGTTAACA-1,TB2,TB,Microglia,16,1485,2224,1.2140287769784173,6.188904,17.029764,0.0,0.0,0.0,0.0,1.7040938560358287,0.0,0.0,1.7040938560358287,0.0,0.0,1.7040938560358287,0.0,0.0,2.3018654096236517,1.7040938560358287,2.3018654096236517,4.158095903110983,3.480465024246789,1.7040938560358287,1.7040938560358287,2.3018654096236517,0.0,2.6734041401478157,0.0,0.0,0.0,0.0,-2.0638024122260665,Homeostatic
TB2_GTGCTCAAGGAGGGTT-1,TB2,TB,Microglia,17,2040,3841,0.15620932048945588,-10.952946,1.4647771,0.0,0.0,0.0,0.0,0.0,0.0,0.0,0.0,0.0,0.0,0.0,1.2819024525507972,1.2819024525507972,0.0,0.0,1.2819024525507972,1.2819024525507972,0.0,0.0,0.0,0.0,0.0,0.0,0.0,0.0,0.0,0.0,-0.12325985120680741,DAM-like
TB2_GTTACAGGTTAATGAC-1,TB2,TB,Microglia,16,536,666,0.9009009009009009,6.0566907,16.016932,2.7735267206201586,0.0,0.0,0.0,0.0,0.0,0.0,0.0,0.0,0.0,0.0,2.7735267206201586,3.434955446233911,2.7735267206201586,0.0,0.0,4.331720682638612,3.8296201574559454,0.0,2.7735267206201586,3.434955446233911,0.0,2.7735267206201586,0.0,0.0,0.0,0.0,-1.4519949553711577,Intermediate
TB2_GTTACCTGTCAAACTG-1,TB2,TB,Microglia,16,1017,1457,0.13726835964310227,6.130549,17.000961,0.0,0.0,0.0,0.0,4.023695746438046,0.0,0.0,0.0,0.0,0.0,0.0,0.0,2.062221369698421,2.689671405249876,2.062221369698421,2.062221369698421,3.3482772182763894,3.564366980234196,0.0,3.0722420066838194,3.3482772182763894,0.0,3.3482772182763894,0.0,0.0,0.0,0.0,-2.050262225542653,Homeostatic
TB2_GTTACGTAGGGACGCA-1,TB2,TB,Microglia,16,704,964,0.7261410788381742,6.13721,16.6294,0.0,0.0,0.0,0.0,2.4312811628121307,0.0,0.0,0.0,0.0,0.0,0.0,3.9677834854907257,0.0,0.0,3.7493576165847826,2.4312811628121307,3.9677834854907257,4.298836690569994,0.0,2.4312811628121307,3.9677834854907257,0.0,3.0794706653115114,0.0,0.0,0.0,0.0,-2.1135547082929182,Homeostatic
TB2_GTTCGCTTCAGGTCCA-1,TB2,TB,Microglia,16,796,1139,0.2633889376646181,6.1908374,16.887299,0.0,0.0,0.0,0.0,3.804396731041773,0.0,0.0,2.920968991168504,0.0,0.0,0.0,2.2803017793980076,0.0,0.0,2.920968991168504,3.308310368387279,4.382235129179709,4.2660130488596915,2.2803017793980076,3.804396731041773,2.2803017793980076,0.0,2.2803017793980076,2.2803017793980076,0.0,0.0,0.0,-2.2125723244592534,Homeostatic
TB2_GTTCTTAGTGTGTCCC-1,TB2,TB,Microglia,16,764,1045,1.1483253588516746,6.0646143,17.107637,0.0,0.0,0.0,0.0,0.0,0.0,0.0,3.0026461168057597,0.0,0.0,2.3579609514553064,3.0026461168057597,0.0,0.0,3.0026461168057597,3.0026461168057597,4.752145491868442,3.670652140383455,2.3579609514553064,0.0,3.670652140383455,0.0,3.0026461168057597,0.0,0.0,0.0,0.0,-1.9137607016307085,Intermediate
TB2_TAAGGCTTCAATCTCT-1,TB2,TB,Microglia,16,1087,1670,0.11976047904191617,5.57157,17.549116,0.0,0.0,0.0,0.0,2.563105189119604,0.0,0.0,1.944197819869801,0.0,0.0,0.0,2.563105189119604,0.0,1.944197819869801,3.4320537158704294,1.944197819869801,4.742951516853698,4.632750402854174,1.944197819869801,2.563105189119604,4.005371545545021,0.0,3.4320537158704294,2.9425462341218847,1.944197819869801,0.0,0.0,-2.6072256750308482,Homeostatic
TB2_TACATCAAGCGCAATT-1,TB2,TB,Microglia,7,645,814,1.2285012285012284,7.283219,1.2627435,0.0,0.0,0.0,0.0,0.0,0.0,0.0,0.0,0.0,0.0,0.0,0.0,3.2414207501952643,0.0,2.5866365039394097,0.0,0.0,0.0,0.0,0.0,0.0,0.0,0.0,0.0,0.0,0.0,0.0,-0.07398950528509818,DAM-like
TB2_TACATCAAGGGCCATC-1,TB2,TB,Microglia,16,888,1255,0.0796812749003984,6.1546655,16.80691,0.0,0.0,0.0,0.0,2.1936769017749485,0.0,0.0,0.0,0.0,0.0,2.8294565892270063,2.1936769017749485,0.0,0.0,2.8294565892270063,3.4926367449725593,4.170456785194225,0.0,0.0,2.8294565892270063,4.039129419541428,0.0,2.8294565892270063,0.0,0.0,0.0,0.0,-1.6150027550374395,Intermediate
TB2_TACTGACAGTTATCTC-1,TB2,TB,Microglia,16,1150,1755,0.7977207977207977,5.5835137,16.501814,2.8955813363371092,0.0,0.0,0.0,1.9018098250742037,0.0,0.0,0.0,0.0,0.0,0.0,3.3840521889178845,1.9018098250742037,1.9018098250742037,0.0,3.3840521889178845,3.8412581130687204,4.153840118304229,0.0,2.5173747592548144,2.8955813363371092,0.0,0.0,0.0,0.0,0.0,1.9018098250742037,-1.5611046829732047,Intermediate
TB2_TAGCCTTGTCCGCTGT-1,TB2,TB,Microglia,16,921,1360,0.5882352941176471,6.107823,16.986736,0.0,0.0,0.0,0.0,2.1226137135450447,0.0,0.0,3.1380484957342465,0.0,0.0,0.0,2.7540353143440335,0.0,0.0,3.414829530452213,2.7540353143440335,4.20732304615974,3.80927345731104,2.7540353143440335,2.7540353143440335,2.7540353143440335,0.0,3.1380484957342465,0.0,2.1226137135450447,0.0,0.0,-2.18943071728752,Homeostatic
TB2_TAGTAAGCACAGCCAT-1,TB2,TB,Microglia,16,816,1104,0.18115942028985507,5.8134403,17.20252,0.0,0.0,0.0,0.0,3.338396480423125,0.0,0.0,0.0,0.0,0.0,0.0,2.308365455909545,2.308365455909545,0.0,3.338396480423125,0.0,3.8349228241776983,3.6171654925126244,0.0,0.0,3.338396480423125,0.0,2.9505226481200553,0.0,0.0,0.0,0.0,-1.1541772833657475,DAM-like
TB2_TATAACCCACAGGAAT-1,TB2,TB,Microglia,16,1085,1672,0.11961722488038277,5.435405,17.088364,1.9431722965579747,0.0,0.0,0.0,3.4308955340676617,0.0,0.0,0.0,0.0,0.0,2.562000590120284,1.9431722965579747,1.9431722965579747,0.0,2.562000590120284,2.9414124951413196,4.287308384907558,3.4308955340676617,0.0,2.9414124951413196,2.9414124951413196,0.0,3.4308955340676617,0.0,0.0,0.0,0.0,-1.4786388636332504,Intermediate
TB2_TATAGCCAGCTATTGA-1,TB2,TB,Microglia,16,975,1414,0.14144271570014144,6.0917034,16.979715,0.0,0.0,0.0,0.0,2.088418104640135,0.0,0.0,2.088418104640135,0.0,0.0,2.088418104640135,3.1008310859464596,0.0,0.0,2.717622346261697,3.377196420443452,4.5319300778016895,4.452783625754092,0.0,2.088418104640135,3.5934879414406558,0.0,3.1008310859464596,0.0,0.0,0.0,0.0,-1.874711706860649,Intermediate
TB2_TATTAGCCAATGCGCT-1,TB2,TB,Microglia,16,1055,1560,0.2564102564102564,5.639582,17.492388,0.0,0.0,0.0,0.0,2.626153924779351,0.0,0.0,3.007204674716228,0.0,0.0,0.0,3.4980603568095407,0.0,2.0028650419827856,3.4980603568095407,2.626153924779351,4.072308673822921,4.355722146787147,3.282452344969581,2.0028650419827856,2.0028650419827856,0.0,3.4980603568095407,2.0028650419827856,0.0,0.0,0.0,-2.277994728846911,Homeostatic
TB2_TCATAACCATCGCTTT-1,TB2,TB,Microglia,16,1269,1975,1.2658227848101267,5.6894255,17.270739,1.8022527449438939,0.0,0.0,0.0,2.4093370452181557,0.0,0.0,1.8022527449438939,0.0,0.0,1.8022527449438939,1.8022527449438939,1.8022527449438939,0.0,2.7843859491118215,1.8022527449438939,4.202044112356595,3.2701944353909913,0.0,3.0565058046105196,2.4093370452181557,0.0,2.7843859491118215,1.8022527449438939,0.0,0.0,0.0,-1.3120822599203334,Intermediate
TB2_TCCATTGTCATAGCCG-1,TB2,TB,Microglia,16,952,1354,0.29542097488921715,6.101381,16.739317,0.0,0.0,0.0,0.0,3.142278676156256,0.0,0.0,2.758175901266027,0.0,0.0,2.758175901266027,3.142278676156256,0.0,2.758175901266027,3.142278676156256,0.0,3.8135971942154323,3.8135971942154323,2.126506930258451,2.758175901266027,3.142278676156256,0.0,0.0,2.126506930258451,0.0,0.0,0.0,-1.7865640665113838,Intermediate
TB2_TCCTTGCAGCCATCAG-1,TB2,TB,Microglia,6,677,932,0.9656652360515022,0.48339286,-0.5353981,0.0,0.0,0.0,0.0,0.0,0.0,0.0,0.0,0.0,0.0,0.0,0.0,0.0,0.0,0.0,2.462116732362367,0.0,0.0,0.0,0.0,0.0,0.0,0.0,0.0,0.0,0.0,2.462116732362367,-0.3077645915452959,DAM-like
TB2_TCGATTAAGGCTAAGA-1,TB2,TB,Microglia,16,683,881,0.5675368898978433,5.99668,16.317682,2.5137158020148327,0.0,0.0,0.0,2.5137158020148327,0.0,0.0,2.5137158020148327,0.0,0.0,2.5137158020148327,0.0,3.5568387610978904,0.0,2.5137158020148327,3.837363060481751,4.921504243643331,4.387700067595405,0.0,2.5137158020148327,3.837363060481751,0.0,2.5137158020148327,2.5137158020148327,0.0,0.0,0.0,-1.7043662569015092,Intermediate
TB2_TCGTTAGCAAACCCTA-1,TB2,TB,Microglia,16,895,1243,0.6436041834271923,5.505752,16.857244,2.8384996168091727,0.0,0.0,0.0,0.0,0.0,0.0,2.8384996168091727,0.0,0.0,0.0,2.2022179002390487,0.0,2.8384996168091727,2.2022179002390487,0.0,4.580268983663702,3.5019535888822593,2.2022179002390487,2.2022179002390487,2.2022179002390487,0.0,2.2022179002390487,2.2022179002390487,2.2022179002390487,0.0,0.0,-1.8601055981075778,Intermediate
TB2_TCTACCTCACTTACAG-1,TB2,TB,Microglia,16,1083,1813,0.3861003861003861,5.91357,17.262014,0.0,0.0,0.0,0.0,2.4875231905633153,0.0,1.874217688193669,3.138224364190722,0.0,0.0,2.8648920795068533,1.874217688193669,3.138224364190722,0.0,3.5291307665562677,2.8648920795068533,4.427666568520689,3.8094532234142524,2.4875231905633153,3.352658151257178,3.679082586388175,0.0,3.138224364190722,0.0,0.0,0.0,0.0,-1.8359316380959219,Intermediate
TB2_TCTAGCGAGCGTGCGT-1,TB2,TB,Microglia,16,409,470,2.127659574468085,6.3834715,15.957411,0.0,0.0,0.0,0.0,0.0,0.0,0.0,3.773982983951231,0.0,0.0,3.103536609160478,3.103536609160478,3.103536609160478,3.103536609160478,0.0,3.773982983951231,4.171765177275651,3.773982983951231,3.103536609160478,0.0,0.0,0.0,3.103536609160478,3.103536609160478,0.0,0.0,0.0,-1.2343434060964094,Intermediate
TB2_TCTCAAGCAGTTGCGT-1,TB2,TB,Microglia,16,699,933,1.0718113612004287,6.262274,16.471777,0.0,0.0,0.0,0.0,0.0,0.0,0.0,3.1106769392471763,0.0,0.0,0.0,0.0,0.0,3.1106769392471763,3.781286661824093,0.0,4.77827649360153,3.9998611216750706,0.0,2.461135816587141,2.461135816587141,0.0,2.461135816587141,3.1106769392471763,0.0,0.0,0.0,-2.334763764709717,Homeostatic
TB2_TGAAGCAAGCACTAGT-1,TB2,TB,Microglia,14,2081,4046,0.1235788433020267,-4.495712,-7.944808,0.0,0.0,0.0,0.0,0.0,0.0,0.0,0.0,0.0,0.0,0.0,0.0,0.0,0.0,1.244608918991275,1.244608918991275,0.0,0.0,0.0,0.0,0.0,0.0,0.0,1.244608918991275,1.7822399238071636,0.0,0.0,-0.31115222974781875,DAM-like
TB2_TGAGGAGGTGGTTATG-1,TB2,TB,Microglia,16,791,1052,0.9505703422053232,5.880841,16.22697,2.9963024531760145,0.0,0.0,0.0,0.0,0.0,0.0,3.66414644146795,0.0,0.0,2.9963024531760145,3.3849701042279157,0.0,2.351918292745652,2.351918292745652,2.351918292745652,4.212718889022121,3.882151606804926,2.351918292745652,2.351918292745652,3.3849701042279157,0.0,3.3849701042279157,2.351918292745652,0.0,0.0,0.0,-1.9017196655076802,Intermediate
TB2_TGAGTTTCAACTCGCG-1,TB2,TB,Microglia,16,1059,1525,2.1639344262295084,5.9478335,17.181225,0.0,0.0,0.0,0.0,2.0225241788233372,0.0,0.0,0.0,0.0,0.0,2.6472206402544196,3.028786471791608,2.0225241788233372,0.0,3.978915311616008,3.028786471791608,4.530481969863349,4.292254370954954,2.0225241788233372,2.6472206402544196,2.6472206402544196,0.0,2.6472206402544196,0.0,0.0,0.0,0.0,-2.1456519502760925,Homeostatic
TB2_TGCACCTTCATCCTCA-1,TB2,TB,Microglia,16,964,1238,1.4539579967689822,6.341272,16.492912,0.0,0.0,0.0,0.0,0.0,2.2058037184276023,0.0,2.8422948557192496,0.0,0.0,0.0,0.0,0.0,0.0,2.2058037184276023,0.0,3.2281381281731263,3.7229842699981153,2.2058037184276023,0.0,0.0,0.0,2.2058037184276023,0.0,0.0,0.0,0.0,-1.0320259544439325,DAM-like
TB2_TGCAGGCTCCTTGCAC-1,TB2,TB,Microglia,16,1055,1630,0.18404907975460122,6.0735526,17.19661,0.0,0.0,0.0,0.0,0.0,0.0,0.0,1.9650079517119021,0.0,0.0,0.0,1.9650079517119021,0.0,0.0,3.4555228840728867,0.0,4.4646380084076345,3.4555228840728867,0.0,3.240241046388213,1.9650079517119021,0.0,3.240241046388213,0.0,0.0,0.0,0.0,-1.7703076811837053,Intermediate
TB2_TGCCGGTAGGCGCTAC-1,TB2,TB,Microglia,16,821,1132,0.17667844522968199,5.741048,16.338434,4.752218469685991,0.0,0.0,0.0,3.3142502493161508,0.0,0.0,0.0,0.0,0.0,0.0,3.810424544524784,2.2858378638826533,2.2858378638826533,3.592800427585953,2.2858378638826533,4.67289488029774,4.27209147811555,2.926802499521078,2.2858378638826533,2.926802499521078,0.0,3.810424544524784,0.0,0.0,0.0,0.0,-2.0666723161315863,Homeostatic
TB2_TGCTAACAGGGCTTTG-1,TB2,TB,Microglia,16,981,1435,0.2787456445993031,5.7485867,17.283016,0.0,0.0,0.0,0.0,2.07551397826316,0.0,0.0,3.08675707262344,0.0,0.0,2.703860250838356,0.0,2.07551397826316,0.0,3.579154025371409,3.362961085089421,4.5173475836234624,4.154463488115011,2.07551397826316,3.08675707262344,3.08675707262344,0.0,3.08675707262344,3.08675707262344,0.0,0.0,0.0,-2.2181273435991975,Homeostatic
TB2_TGCTCCGTCCAATAGC-1,TB2,TB,Microglia,16,853,1217,0.08216926869350863,6.1358857,16.842012,0.0,0.0,0.0,0.0,2.221774546748259,0.0,0.0,2.221774546748259,0.0,0.0,2.221774546748259,2.859188830459477,2.221774546748259,2.221774546748259,2.221774546748259,0.0,3.740485199683532,3.24536400033678,2.221774546748259,3.523259746937913,3.523259746937913,0.0,2.859188830459477,2.859188830459477,0.0,0.0,0.0,-1.6836510019635749,Intermediate
TB2_TGCTCTCAGCTGGAAA-1,TB2,TB,Microglia,16,1160,1833,0.436442989634479,5.5429683,17.365782,0.0,0.0,0.0,0.0,2.854549518701995,0.0,0.0,3.342073043204766,0.0,0.0,1.864938269544854,2.854549518701995,2.854549518701995,0.0,0.0,3.5184832336717022,4.017380247758193,4.1966972856823,2.4774686178234115,3.342073043204766,2.854549518701995,0.0,3.127731532886925,1.864938269544854,0.0,0.0,0.0,-1.4915499649817876,Intermediate
TB2_TGCTTCCAGGAGGGTT-1,TB2,TB,Microglia,16,881,1241,1.04754230459307,5.736605,17.420673,0.0,0.0,0.0,0.0,3.5035154009349223,0.0,0.0,3.720622486618751,0.0,0.0,2.8400157700222777,3.225813828479976,2.20365030225719,2.20365030225719,2.8400157700222777,3.225813828479976,5.037616906553344,4.495781512674984,3.225813828479976,2.20365030225719,3.5035154009349223,0.0,2.20365030225719,0.0,0.0,0.0,0.0,-2.1501654785103197,Homeostatic
TB2_TGGATTGGTTTCCGGC-1,TB2,TB,Microglia,16,1243,1833,0.872885979268958,5.618119,17.210453,2.4774686178234115,0.0,0.0,0.0,2.4774686178234115,0.0,0.0,1.864938269544854,0.0,0.0,1.864938269544854,1.864938269544854,2.4774686178234115,0.0,1.864938269544854,2.854549518701995,4.017380247758193,3.127731532886925,1.864938269544854,3.127731532886925,3.5184832336717022,0.0,3.127731532886925,2.4774686178234115,0.0,0.0,0.0,-1.5448751785394466,Intermediate
TB2_TGGCTTTGTTACGCGG-1,TB2,TB,Microglia,16,981,1423,0.07027406886858749,5.8969817,17.130169,0.0,0.0,0.0,0.0,2.082861547644095,0.0,0.0,3.094772789747393,0.0,0.0,0.0,3.5873182240853145,2.082861547644095,0.0,3.915852627217005,0.0,4.525653809677173,4.266532570786183,0.0,2.7116977921273673,2.082861547644095,0.0,2.7116977921273673,0.0,0.0,0.0,0.0,-1.3533775542683317,Intermediate
TB2_TGTCAGTAGGCTTAGT-1,TB2,TB,Microglia,14,3208,6865,0.10196649672250546,-5.363945,3.4325316,0.0,0.0,0.0,0.0,0.8988044292936792,0.0,0.0,1.3643882849608504,0.0,0.0,0.8988044292936792,2.2762396221048253,1.3643882849608504,0.8988044292936792,1.3643882849608504,1.3643882849608504,2.4156145971446286,1.3643882849608504,0.8988044292936792,0.0,1.3643882849608504,0.0,1.9208350889785148,0.8988044292936792,0.8988044292936792,0.0,0.0,-0.6855682243997019,DAM-like
TB2_TGTTGTGCAGCAACCT-1,TB2,TB,Microglia,16,1098,1603,0.2495321272613849,5.9603963,16.976288,0.0,0.0,0.0,0.0,1.9793868117379925,0.0,0.0,3.2562954064242278,0.0,0.0,0.0,2.6009553203074236,0.0,1.9793868117379925,3.2562954064242278,1.9793868117379925,4.045587148608067,3.4717029367049475,0.0,3.2562954064242278,2.6009553203074236,0.0,3.2562954064242278,1.9793868117379925,0.0,0.0,0.0,-1.970882958053137,Homeostatic
TB2_TTACCTGTCATAAGCC-1,TB2,TB,Microglia,16,1125,1712,0.40887850467289716,5.9460754,16.807861,0.0,0.0,0.0,0.0,1.9229516794994055,0.0,0.0,1.9229516794994055,0.0,0.0,1.9229516794994055,3.1931265794715955,1.9229516794994055,1.9229516794994055,0.0,2.540202825372963,4.608156377083609,3.734995819898966,0.0,0.0,0.0,0.0,0.0,0.0,0.0,0.0,0.0,-0.7634857763880819,DAM-like
TB2_TTCAACCGTTCATCTA-1,TB2,TB,Microglia,16,1528,2550,0.5490196078431373,5.679216,17.301981,0.0,0.0,0.0,0.0,2.814955227586602,0.0,0.0,2.179989593673396,0.0,0.0,0.0,2.547045520822465,1.5939398557341926,2.814955227586602,2.814955227586602,2.814955227586602,4.214980128711623,2.547045520822465,2.179989593673396,1.5939398557341926,1.5939398557341926,0.0,2.814955227586602,0.0,0.0,0.0,0.0,-1.8690812183089474,Intermediate
TB2_TTGGCTTGTTAACGGC-1,TB2,TB,Microglia,16,902,1341,0.37285607755406414,5.7977304,17.428478,0.0,0.0,0.0,0.0,2.7679136319107873,0.0,2.135666684336786,2.135666684336786,0.0,0.0,0.0,2.7679136319107873,0.0,2.7679136319107873,3.429160940290802,3.1522256229650547,5.107030366873819,4.790844325546009,0.0,2.7679136319107873,3.1522256229650547,0.0,2.7679136319107873,0.0,0.0,0.0,0.0,-2.391517296077393,Homeostatic
TB2_TTGTTCCCACCAGCAT-1,TB2,TB,Microglia,5,221,250,0.4,3.7798986,-1.4612728,0.0,0.0,0.0,0.0,0.0,0.0,0.0,0.0,5.081404364984463,0.0,0.0,0.0,3.713572066704308,0.0,0.0,3.713572066704308,0.0,0.0,0.0,0.0,0.0,0.0,0.0,0.0,0.0,0.0,0.0,0.21234014025340542,DAM-like
TB2_TTGTTGTTCATGACCG-1,TB2,TB,Microglia,16,979,1418,0.07052186177715092,5.9676895,17.213709,0.0,0.0,0.0,0.0,3.590740877599912,0.0,0.0,2.7149842618687474,0.0,0.0,0.0,3.7684555236893997,2.0859436294321316,0.0,3.7684555236893997,2.0859436294321316,3.590740877599912,3.919302510303862,2.0859436294321316,2.7149842618687474,2.7149842618687474,0.0,2.7149842618687474,0.0,0.0,0.0,0.0,-1.6746501604212747,Intermediate
TB2_TTTCCTGAGGTGCGGA-1,TB2,TB,Microglia,16,713,952,0.10504201680672269,6.3080454,16.874498,0.0,0.0,0.0,0.0,3.762617446462081,0.0,2.4436719927303687,3.4826465252230956,0.0,0.0,0.0,3.4826465252230956,2.4436719927303687,3.4826465252230956,3.762617446462081,3.4826465252230956,4.16031147912033,4.845626721337894,3.092427594362622,2.4436719927303687,3.092427594362622,0.0,2.4436719927303687,2.4436719927303687,0.0,0.0,0.0,-2.3441235631320705,Homeostatic
TB2_TTTGCGACACGGTTTA-1,TB2,TB,Microglia,16,1021,1527,0.45841519318926005,5.6745334,17.3725,0.0,0.0,0.0,0.0,2.6460029349758143,0.0,0.0,0.0,0.0,0.0,0.0,0.0,3.0275392953150737,2.6460029349758143,3.518800915895387,2.6460029349758143,4.4559071274993185,3.0275392953150737,2.6460029349758143,3.3030387918598,3.9776292274900134,0.0,3.3030387918598,0.0,0.0,0.0,0.0,-2.8411891949663874,Homeostatic
TB2_TTTGCGACATCGCTCC-1,TB2,TB,Microglia,16,519,632,0.949367088607595,6.42484,15.830384,0.0,0.0,0.0,0.0,2.8227342062462237,0.0,0.0,0.0,0.0,0.0,2.8227342062462237,2.8227342062462237,0.0,0.0,3.4857091534143234,0.0,4.163421818334224,4.563688691345008,0.0,2.8227342062462237,3.4857091534143234,0.0,0.0,0.0,0.0,0.0,0.0,-1.6637576764028266,Intermediate
TB2_TTTGGTGCACACCAAC-1,TB2,TB,Microglia,16,1104,1634,0.36719706242350064,5.5498266,17.358269,0.0,0.0,0.0,0.0,2.5832351547702865,0.0,0.0,1.9629008490507587,0.0,0.0,0.0,0.0,1.9629008490507587,0.0,3.4531493737893912,0.0,4.654333306188,3.6301826698863118,1.9629008490507587,3.7805388251534953,2.963201495103486,0.0,3.2378861447076557,1.9629008490507587,0.0,0.0,0.0,-2.0548431723678298,Homeostatic
