source,target,ligand_complex,receptor_complex,lr_means,expr_prod,scaled_weight,lr_logfc,spec_weight,lrscore,magnitude_rank
OPCs,OPCs,Nlgn1,Nrxn1,3.6964378,13.617674,1.2428414321686438,1.829108339418319,0.09369176,0.9756782,5.577490849645651e-07
OPCs,OPCs,Nrxn1,Nlgn1,3.6964378,13.617674,1.2428414321686438,1.829108339418319,0.09369176,0.9756782,5.577490849645651e-07
Astrocytes,OPCs,Nrxn1,Nlgn1,3.644537,13.256237,1.2149477953730186,1.9976409695213806,0.091205016,0.975357,3.035961585184218e-06
OPCs,Astrocytes,Nlgn1,Nrxn1,3.644537,13.256237,1.2149477953730186,1.9976409695213806,0.091205016,0.975357,3.035961585184218e-06
Neurons,OPCs,Nrxn1,Nlgn1,3.273116,10.669651,1.0153355116273637,1.5325120643222987,0.073408894,0.9726093,7.495306504440933e-06
OPCs,Neurons,Nlgn1,Nrxn1,3.273116,10.669651,1.0153355116273637,1.5325120643222987,0.073408894,0.9726093,7.495306504440933e-06
OPCs,Neurons,Nrxn1,Nlgn1,3.2639365,10.234769,0.9721463830866943,1.65648406542298,0.07041684,0.9720495,1.3934468340849118e-05
Neurons,OPCs,Nlgn1,Nrxn1,3.2639365,10.234769,0.9721463830866943,1.65648406542298,0.07041684,0.9720495,1.3934468340849118e-05
OPCs,OPCs,Nxph1,Nrxn1,3.253108,10.150072,1.5920678814570044,2.147261230582847,0.17350693,0.97193635,2.0062301248847325e-05
Astrocytes,Neurons,Nrxn1,Nlgn1,3.212036,9.96312,0.9442527462910691,1.8250166955260416,0.06854785,0.9716817,2.7302480694962276e-05
Neurons,Astrocytes,Nlgn1,Nrxn1,3.212036,9.96312,0.9442527462910691,1.8250166955260416,0.06854785,0.9716817,2.7302480694962276e-05
OPCs,Astrocytes,Nxph1,Nrxn1,3.2012076,9.8806715,1.564174244661379,2.3157938606859085,0.16890174,0.97156715,3.565446208870492e-05
OPCs,Astrocytes,Nrxn1,Nlgn1,3.1745849,9.535884,0.9162246291749709,1.1628281822415767,0.0656084,0.97107244,4.5117674281836e-05
Astrocytes,OPCs,Nlgn1,Nrxn1,3.1745849,9.535884,0.9162246291749709,1.1628281822415767,0.0656084,0.97107244,4.5117674281836e-05
Astrocytes,Astrocytes,Nlgn1,Nrxn1,3.122684,9.282784,0.8883309923793458,1.3313608123446383,0.06386703,0.9706922,5.9462926540285285e-05
Astrocytes,Astrocytes,Nrxn1,Nlgn1,3.122684,9.282784,0.8883309923793458,1.3313608123446383,0.06386703,0.9706922,5.9462926540285285e-05
Neurons,Neurons,Nlgn1,Nrxn1,2.8406148,8.019094,0.7446404625454142,1.3598877903269597,0.055172645,0.96853745,7.578142183651849e-05
Neurons,Neurons,Nrxn1,Nlgn1,2.8406148,8.019094,0.7446404625454142,1.3598877903269597,0.055172645,0.96853745,7.578142183651849e-05
OPCs,Neurons,Nxph1,Nrxn1,2.8297865,7.9527335,1.3645619609157242,1.8506649554868266,0.13594528,0.96841055,8.931442258746446e-05
Astrocytes,Neurons,Nlgn1,Nrxn1,2.7512631,7.4715075,0.6887187086336908,0.8662319071455564,0.051405158,0.96744174,0.00010395608318341105
Neurons,Astrocytes,Nrxn1,Nlgn1,2.7512631,7.4715075,0.6887187086336908,0.8662319071455564,0.051405158,0.96744174,0.00010395608318341105
OPCs,OPCs,Cntn1,Ptprz1,2.6981802,7.268003,2.2573637117826633,2.6992037648375513,0.1624467,0.967004,0.00011970582071187011
OPCs,OPCs,Dscam,Dcc,2.6935956,7.200238,1.5615228335042133,2.1117433113974013,0.26194942,0.9668542,0.0001308209876370249
OPCs,OPCs,Nrxn2,Nlgn1,2.5636506,5.7289133,1.3872679420237115,1.7784968169489552,0.16217932,0.9629894,0.00017359805538207343
OPCs,OPCs,Nlgn1,Nrxn2,2.5636506,5.7289133,1.3872679420237115,1.7784968169489552,0.16217932,0.9629894,0.00017359805538207343
Pericytes,OPCs,Ptn,Ptprz1,2.518858,6.260744,2.113796573918804,2.7697316020860145,0.16054335,0.9645393,0.00019377460014472506
OPCs,OPCs,Ncam1,Ptprz1,2.463512,5.949863,1.7120503050417755,1.8641204965986862,0.120492764,0.9636579,0.0002078397401477548
Astrocytes,OPCs,Ncam1,Ptprz1,2.4228191,5.7212906,1.68055334124515,1.8947346209694718,0.11586387,0.96296567,0.00022239596645768533
Astrocytes,OPCs,Cntn1,Ptprz1,2.3882775,5.5272684,1.9875876977643343,2.372515966252048,0.12353965,0.96234554,0.00030253758317336785
Neurons,OPCs,Nxph1,Nrxn1,2.5867312,4.9378567,0.9698963047255924,1.767985182713347,0.08440849,0.96024835,0.00030253758317336785
OPCs,OPCs,Ptn,Ptprz1,2.38402,5.5033545,1.9959987746950454,2.2836090562786957,0.14112172,0.9622669,0.0003200368693326411
Neurons,Astrocytes,Nxph1,Nrxn1,2.5348306,4.806797,0.9420026679299673,1.9365178128164087,0.08216814,0.95973176,0.0003200368693326411
OPCs,Pericytes,Nlgn1,Nrxn1,2.4123013,4.674913,0.5527042187085479,1.1423424217698135,0.032164145,0.9591907,0.00038514143985990466
Pericytes,OPCs,Nrxn1,Nlgn1,2.4123013,4.674913,0.5527042187085479,1.1423424217698135,0.032164145,0.9591907,0.00038514143985990466
OPCs,OPCs,Ncam1,Ncam2,2.3506474,5.4716544,0.567576419502032,0.5957416624497052,0.08167938,0.9621619,0.00041487896298612653
Astrocytes,OPCs,Ncam1,Ncam2,2.3099546,5.261453,0.5360794557054065,0.6263557868204908,0.078541555,0.9614423,0.0004995576029680163
OPCs,Neurons,Dscam,Dcc,2.3093586,4.9496975,1.2736153675649866,2.02658785120754,0.18007326,0.96029407,0.000521948820366001
Astrocytes,Microglia,Apoe,Trem2,2.2977576,4.7882295,2.921466323660245,2.735490738244711,0.3402922,0.9596569,0.000544828325858293
OPCs,Astrocytes,Cntn1,Ptprz1,2.2660382,5.0313697,1.7355944536634318,2.1405731616971524,0.11245584,0.9606049,0.0005681959548440701
Neurons,OPCs,Cntn1,Ptprz1,2.2069871,4.5089545,1.8297715782412172,2.0864737005282006,0.10077937,0.9584774,0.0006923501180621297
OPCs,OPCs,Cntn1,Nrcam,2.2047048,4.7139273,1.46196438872615,1.8096229729741249,0.113013536,0.9593531,0.0007186429555742677
Astrocytes,OPCs,Apoe,Lrp1,2.1961064,4.1785655,1.4797108368864051,1.8704483215901824,0.09561328,0.9569364,0.0007454229132761976
Oligodendrocytes,OPCs,Ncam1,Ptprz1,2.195487,4.4443583,1.5045976664288376,2.0109524191641026,0.090004265,0.9581893,0.000772689526032318
OPCs,Astrocytes,Cntn1,Nrcam,2.1748972,4.5596533,1.4295808538310433,1.8587679261660968,0.10931491,0.95869935,0.000828682664838401
OPCs,OPCs,Il1rapl1,Ptprs,2.1925108,3.8732529,0.9405177291223819,1.2167946959130411,0.10121629,0.9553457,0.0009163192241824611
Neurons,OPCs,Ncam1,Ptprz1,2.1727269,4.316513,1.486979243942709,1.3602730346471958,0.08741523,0.9576007,0.0009771730201047343
Neurons,Neurons,Nxph1,Nrxn1,2.1634097,3.8688843,0.7423903841843124,1.4713889076173268,0.06613531,0.95532167,0.0010720943857863948
OPCs,Oligodendrocytes,Nrxn1,Nlgn1,2.420524,3.637829,0.4442738878426872,0.05348756734229587,0.025028842,0.95398897,0.001222659435961523
Oligodendrocytes,OPCs,Nlgn1,Nrxn1,2.420524,3.637829,0.4442738878426872,0.05348756734229587,0.025028842,0.95398897,0.001222659435961523
OPCs,OPCs,Ncam1,Robo1,2.140676,4.5820017,0.5873300352826603,0.5419406343930808,0.08911313,0.958796,0.001275027740536345
OPCs,Neurons,Il1rapl1,Ptprs,2.1512237,3.6124108,0.8921606687513006,1.245646124828668,0.09439993,0.95383483,0.001310544855834988
Neurons,OPCs,App,Dcc,2.1348279,4.4526567,0.6018073074695577,0.5294958355445405,0.124015085,0.9582267,0.001310544855834988
OPCs,Neurons,Nrxn2,Nlgn1,2.1311493,4.3057356,1.116572892941762,1.6058725429536165,0.1218907,0.9575499,0.001364727884243394
Neurons,OPCs,Nlgn1,Nrxn2,2.1311493,4.3057356,1.116572892941762,1.6058725429536165,0.1218907,0.9575499,0.001364727884243394
OPCs,OPCs,Nxph1,Nrxn2,2.1203208,4.270104,1.7364943913120718,2.096649708113483,0.30033842,0.9573807,0.0014199987990830337
Oligodendrocytes,Astrocytes,Nlgn1,Nrxn1,2.3686233,3.5412745,0.416380251047062,0.2220201974453575,0.024364531,0.95339495,0.0014386641384762692
Astrocytes,Oligodendrocytes,Nrxn1,Nlgn1,2.3686233,3.5412745,0.416380251047062,0.2220201974453575,0.024364531,0.95339495,0.0014386641384762692
Neurons,Neurons,Col4a1,Itga10_Itgb1,0.09550263,0.008686596,0.2575129722805643,0.12546996467137742,0.06759616,0.50327235,0.0014936519658789642
Astrocytes,OPCs,Ncam1,Robo1,2.0999832,4.4059777,0.5558330714860349,0.5725547587638664,0.08568972,0.9580152,0.001533802884846227
Pericytes,Astrocytes,Ptn,Ptprz1,2.086716,4.3340816,1.5920273157995726,2.211100998945616,0.111138225,0.9576831,0.001733131350612426
Oligodendrocytes,OPCs,Ncam1,Ncam2,2.0826225,4.087152,0.3601237808890942,0.7425735850151216,0.061011907,0.95647836,0.0017744439402444102
Neurons,Oligodendrocytes,Fgf14,Fgfr2,2.0771525,3.48317,0.5414679075134385,1.7167669344596328,0.074088715,0.953026,0.0018162381653770376
Oligodendrocytes,OPCs,App,Dcc,2.0749314,4.158132,0.5560749037708298,0.9671767564808182,0.11581201,0.9568353,0.0018585143304430108
Neurons,OPCs,Ncam1,Ncam2,2.0598624,3.969582,0.34250535840296553,0.09189420049821484,0.059256855,0.9558668,0.0019445108784969176
Astrocytes,Astrocytes,Apoe,Lrp1,2.0604415,3.3649008,1.2949108870420218,1.7552001261038104,0.07699513,0.9522467,0.0019445108784969176
Pericytes,OPCs,Nlgn1,Nrxn1,2.3746457,3.2789829,0.41555927561060246,0.4285933458635318,0.022559922,0.95165515,0.002099635504159552
OPCs,Pericytes,Nrxn1,Nlgn1,2.3746457,3.2789829,0.41555927561060246,0.4285933458635318,0.022559922,0.95165515,0.002099635504159552
Astrocytes,OPCs,Nlgn1,Nrxn2,2.0417976,4.011717,1.0606511390300386,1.112216659772213,0.113567345,0.95608896,0.002099635504159552
OPCs,Astrocytes,Nrxn2,Nlgn1,2.0417976,4.011717,1.0606511390300386,1.112216659772213,0.113567345,0.95608896,0.002099635504159552
Neurons,Astrocytes,Fgf14,Fgfr2,2.037113,3.2438176,0.5061989695053526,1.0380421916806504,0.06899758,0.95140654,0.002260648146975168
OPCs,Astrocytes,Ncam1,Ptprz1,2.0313697,4.1188703,1.190281046922544,1.3054898934582877,0.08341269,0.956639,0.0023077320475888264
Astrocytes,Pericytes,Nrxn1,Nlgn1,2.3227453,3.1919527,0.3876656388149773,0.5971259759665934,0.021961141,0.9510326,0.002379257911837355
Pericytes,Astrocytes,Nlgn1,Nrxn1,2.3227453,3.1919527,0.3876656388149773,0.5971259759665934,0.021961141,0.9510326,0.002379257911837355
Neurons,OPCs,Dscam,Dcc,1.9996812,3.7881114,0.9314879600430996,1.318035095930611,0.137814,0.9548693,0.002451862982853326
Astrocytes,Astrocytes,Ncam1,Ptprz1,1.9906771,3.960638,1.1587840831259186,1.3361040178290733,0.08020827,0.95581925,0.0026003079596996718
Neurons,Neurons,App,Grm7,1.9883189,3.9219868,0.26894497454871613,0.11755058544450292,0.07927545,0.9556117,0.002650747644444922
Neurons,Pericytes,Nlgn1,Nrxn1,1.9798,3.5135703,0.28200916962659844,0.9697181477744745,0.024173923,0.9532201,0.002727305043336919
Pericytes,Neurons,Nrxn1,Nlgn1,1.9798,3.5135703,0.28200916962659844,0.9697181477744745,0.024173923,0.9532201,0.002727305043336919
OPCs,Pericytes,Nxph1,Nrxn1,1.9689717,3.4844942,0.9019306679969084,1.4604953129343414,0.05956449,0.9530345,0.002857292713309827
Neurons,OPCs,Ntng1,Lrrc4c,2.3122737,3.0185943,0.9220074808448511,1.7407835920543655,0.1879942,0.94971585,0.002857292713309827
OPCs,Neurons,Ncam1,Ncam2,1.9661639,3.8425922,0.2990011829883596,0.1780115831024922,0.05736118,0.9551759,0.0029101244502542237
Astrocytes,Astrocytes,Cntn1,Ptprz1,1.9561353,3.8263235,1.4658184396451026,1.8138853631116498,0.08552193,0.955085,0.0029634347037121346
Neurons,Neurons,Cgn,Tgfbr1,0.09649524,0.009277235,0.08599797842112959,-0.38136225020073206,0.015829857,0.51149315,0.0029868080725276563
Pericytes,Astrocytes,Ptn,Cdh10,1.9531035,3.7383842,0.9385977440197031,1.4906162189483834,0.101378255,0.95458364,0.003017222112551331
OPCs,Astrocytes,Ptn,Ptprz1,1.9518778,3.809769,1.474229516575814,1.7249784531382972,0.09769335,0.9549919,0.0030714871077566134
Oligodendrocytes,Neurons,App,Grm7,1.9284222,3.662564,0.2232125708499882,0.5552315063807807,0.07403172,0.95413744,0.003349970756726361
OPCs,Oligodendrocytes,Nlgn1,Nrxn1,2.1537223,2.8741627,0.41373553354188763,-0.047186813883199896,0.019774696,0.9485321,0.0033784750438017484
Oligodendrocytes,OPCs,Nrxn1,Nlgn1,2.1537223,2.8741627,0.41373553354188763,-0.047186813883199896,0.019774696,0.9485321,0.0033784750438017484
Microglia,OPCs,C1qb,Lrp1,1.9263119,3.4266956,2.8230005784575845,2.7919642265067592,0.25433183,0.9526588,0.003407097818887684
Astrocytes,Neurons,Ncam1,Ncam2,1.9254713,3.6949737,0.26750421919173417,0.2086257074732778,0.055157572,0.9543298,0.0034647013152171897
OPCs,Oligodendrocytes,Fgf14,Fgfr2,1.9229531,3.123779,0.45175624218296995,0.8584434225136448,0.0664443,0.9505274,0.0035227817355853305
OPCs,Neurons,Ncam1,Robo1,1.913336,3.6187599,0.41958060428405797,0.5490069039769623,0.0703795,0.95387346,0.0035813376117950373
Oligodendrocytes,Neurons,Nlgn1,Nrxn1,1.9972024,2.8502934,0.21676796730140707,-0.2431087077537244,0.01961047,0.94832814,0.003610793706584149
Neurons,Oligodendrocytes,Nrxn1,Nlgn1,1.9972024,2.8502934,0.21676796730140707,-0.2431087077537244,0.01961047,0.94832814,0.003610793706584149
OPCs,OPCs,Cntn4,Ptprg,1.9038603,3.599916,1.3119782740006098,1.4934845746985812,0.15184328,0.9537585,0.0038203195554819508
Astrocytes,OPCs,Cntn1,Nrcam,1.8948019,3.5849104,1.192188374707821,1.482935174388622,0.08594605,0.95366627,0.0038812534928703213
Astrocytes,Microglia,Apoe,Lrp1,1.969101,2.8170774,1.170489198394437,1.724792553112115,0.06445992,0.9480402,0.0038812534928703213
Pericytes,Astrocytes,Nrxn1,Nlgn1,1.8904483,3.273645,0.22608741571487506,0.4760622645930712,0.022523196,0.95161766,0.00397354553982795
Astrocytes,Pericytes,Nlgn1,Nrxn1,1.8904483,3.273645,0.22608741571487506,0.4760622645930712,0.022523196,0.95161766,0.00397354553982795
OPCs,OPCs,Ntn1,Dscam,1.9363999,2.765217,2.5594242899682773,2.373586411358815,0.35389355,0.94758064,0.0041930473614903594
OPCs,Astrocytes,Fgf14,Fgfr2,1.8829136,2.9091227,0.416487304174884,0.17971867973466238,0.061878454,0.94882643,0.004256829539422963
OPCs,Oligodendrocytes,Cntn4,Aplp1,1.8816854,3.5084999,0.813616594951752,1.8135752571876254,0.22588475,0.95318794,0.00432108584712609
Neurons,Neurons,Col26a1,Itga10_Itgb1,0.102897644,0.009790911,0.2895414151842083,0.15741212495631218,0.14575495,0.51822346,0.004479468533103696
Oligodendrocytes,OPCs,Ncam1,Robo1,1.8726511,3.4226098,0.3798773966697225,0.6887725569584973,0.06656468,0.95263183,0.004516698642587002
Astrocytes,Neurons,Ncam1,Robo1,1.8726435,3.4797401,0.3880836404874326,0.5796210283477479,0.06767578,0.95300394,0.004582849828690451
Oligodendrocytes,OPCs,Ptn,Ptprz1,1.8854094,2.702641,1.56039732010385,2.1013361272276256,0.06930343,0.94700927,0.004582849828690451
Astrocytes,Astrocytes,Cntn1,Nrcam,1.8649944,3.467586,1.1598048398127143,1.532080127580594,0.08313327,0.95292556,0.004716572712267432
Astrocytes,Pericytes,Apoe,Lrp1,1.9360121,2.618624,1.1254169995224448,1.6230616871868628,0.05991894,0.9462112,0.0049207028403619995
Neurons,OPCs,Ncam1,Robo1,1.8498908,3.324156,0.3622589741835938,0.038093172441590495,0.064649895,0.95196897,0.005129086109878412
Oligodendrocytes,Microglia,Edil3,Itgb5,1.8489649,3.390444,1.82938266194079,2.546618936909803,0.2614334,0.9524183,0.005199491141937502
Neurons,Pericytes,Nrxn1,Nlgn1,1.9513242,2.569132,0.1880533550693224,0.13199707076751155,0.017676035,0.9457236,0.005377568001029022
Pericytes,Neurons,Nlgn1,Nrxn1,1.9513242,2.569132,0.1880533550693224,0.13199707076751155,0.017676035,0.9457236,0.005377568001029022
Neurons,Pericytes,App,Grm7,1.8363626,3.3715866,0.1744357626475861,0.43252125783167616,0.06815016,0.9522918,0.005485828691839275
OPCs,Neurons,Cntn1,Nrcam,1.8285735,2.7671897,1.053323885515265,1.3688366970195092,0.06634169,0.94759834,0.00577970495561469
Pericytes,OPCs,Ptn,Cdh10,1.8264534,3.1737275,0.8291145428389571,1.2388786495180983,0.086065784,0.95089906,0.005854350501008536
OPCs,Oligodendrocytes,Ncam1,Ncam2,1.8235159,3.2381904,0.1993562527884699,0.2191028151394283,0.048338834,0.95136636,0.005929466390376625
Neurons,Neurons,Sema5b,Plxna3,0.10086876,0.010003046,0.18620738043669932,0.08618944620538849,0.032324556,0.52089876,0.00597163303741736
OPCs,Astrocytes,Ptn,Cdh10,1.8182654,3.2861357,0.8207999447959445,1.0044936731410645,0.089114085,0.9517053,0.006081108542637773
OPCs,Neurons,Nlgn1,Nrxn2,2.097309,2.4813,0.789497761283933,1.0305508352583133,0.07024292,0.94482386,0.0064291742578166024
Neurons,OPCs,Nrxn2,Nlgn1,2.097309,2.4813,0.789497761283933,1.0305508352583133,0.07024292,0.94482386,0.0064291742578166024
Astrocytes,Pericytes,Apoe,Sdc2,1.9087077,2.4548628,1.421022129278378,1.9317860229972836,0.12113328,0.944544,0.006706459787359171
Microglia,Astrocytes,C1qb,Lrp1,1.7906468,2.7594373,2.6382006286132014,2.676716031020387,0.20480745,0.94752866,0.006948702103263742
Pericytes,OPCs,Il34,Ptprz1,1.8356873,2.4233508,2.8913798852396275,2.8733743106288365,0.37686768,0.9442046,0.006948702103263742
Astrocytes,Oligodendrocytes,Ncam1,Ncam2,1.7828232,3.1137908,0.16785928899184452,0.2497169395102139,0.04648183,0.9504521,0.007030385541085225
Oligodendrocytes,Pericytes,App,Grm7,1.7764659,3.1485703,0.12870335894885818,0.8702021787679539,0.063642316,0.950713,0.007112536853883853
Neurons,Astrocytes,Cntn1,Ptprz1,1.7748449,3.1213825,1.308002320121986,1.5278430973878019,0.069765836,0.95050937,0.007195155877060191
OPCs,Neurons,Ncam1,Cacna1c,1.7703072,3.0127444,0.6654230419820552,0.9097618478232925,0.08473616,0.9496695,0.007361797336451349
Neurons,Neurons,Txlna,Stx1a,0.101886466,0.010045709,0.06368496935543352,-0.07534735180419495,0.028366325,0.52142984,0.00746330192955
Neurons,Neurons,Fgf14,Fgfr2,1.8896041,2.362021,0.3762608016546169,0.5524641150010485,0.050241333,0.94352555,0.007615261843651976
Oligodendrocytes,Astrocytes,Ncam1,Ptprz1,1.763345,3.0766652,0.9828284083096062,1.4523218160237041,0.062306628,0.95016885,0.007700684639004913
Pericytes,OPCs,App,Dcc,1.7588909,2.604093,0.31476186530324735,0.2609941131815048,0.07252902,0.9460695,0.007872927827595605
OPCs,Oligodendrocytes,Dscam,Dcc,1.8591561,2.312787,0.9362815335777248,0.9759795616248224,0.084140725,0.94296175,0.008047035932102625
Neurons,Oligodendrocytes,App,Aplp1,1.7565892,3.0826395,0.2026768800355136,0.8942646906403242,0.12258318,0.9502148,0.008223008628374546
OPCs,Astrocytes,Ncam1,Ncam2,1.756453,2.954044,0.152511478761874,-0.11081896050341311,0.044097174,0.9491972,0.008311692923584121
Neurons,Neurons,App,Dcc,1.7505908,3.060913,0.31389984153033096,0.4443403753546793,0.08525234,0.9500472,0.008490457567343986
Astrocytes,OPCs,Ptn,Ptprz1,1.8078214,2.266827,1.4926149211824817,1.601677896912626,0.058127917,0.9424195,0.008671083536973838
Neurons,Astrocytes,Ncam1,Ptprz1,1.7405846,2.9881625,0.9652099858234776,0.8016424315067974,0.060514335,0.9494733,0.00885356748861516
Neurons,Neurons,Sema4a,Nrp1_Plxna3,0.10459758,0.010657636,0.18129917914483398,0.07908952311929353,0.05380513,0.5288024,0.008954475814648366
OPCs,OPCs,App,Dcc,1.7383639,2.5031574,0.29908866915043475,0.04116847559644876,0.069717765,0.945052,0.00903790911378281
Neurons,Astrocytes,Ntng1,Lrrc4c,1.8058362,2.221978,0.6092718683485687,1.0967957837352196,0.13838196,0.9418749,0.00903790911378281
Neurons,OPCs,Il1rapl1,Ptprs,1.7362447,2.7543502,0.6389816304142326,0.9577539592945543,0.071977,0.94748276,0.009224109195692878
Astrocytes,Neurons,Ncam1,Cacna1c,1.7296145,2.8970056,0.6339260781854297,0.9403759721940781,0.081480905,0.948725,0.009697718197670615
Pericytes,OPCs,Ptn,Ptprs,1.7276752,2.7333353,1.0268274007649107,1.5249374639759705,0.106425874,0.9472919,0.009793828176206262
Astrocytes,Astrocytes,Apoe,Sdc2,1.8602808,2.1644168,1.325150160921961,1.717978133066926,0.106801465,0.9411523,0.010380209187180864
Neurons,Neurons,Jag2,Notch3,0.11311313,0.011224074,0.21613082240123382,0.07430019256818718,0.03262475,0.5352488,0.01044515320655525
Astrocytes,Astrocytes,Ncam1,Ncam2,1.7157604,2.8405604,0.12101451496524859,-0.08020483613262752,0.04240312,0.9482443,0.010479555084672559
Oligodendrocytes,Neurons,Nrxn1,Nlgn1,1.7212212,2.1601627,0.14304048445993814,-0.21981108787853887,0.014862263,0.9410978,0.010529402267488488
Neurons,Oligodendrocytes,Nlgn1,Nrxn1,1.7212212,2.1601627,0.14304048445993814,-0.21981108787853887,0.014862263,0.9410978,0.010529402267488488
OPCs,Microglia,Apoe,Trem2,1.7136995,2.9230804,2.4934621424729393,1.7934676977833321,0.20773889,0.9489425,0.01057936483736547
Neurons,OPCs,Cntn1,Nrcam,1.7135115,2.924446,1.0343722551847039,1.1968929086647742,0.07011182,0.9489538,0.010679636056000107
OPCs,Oligodendrocytes,Nxph1,Nrxn1,1.7103927,2.1422865,0.7629619828302481,0.27096607728132804,0.03662058,0.94086707,0.01088155995624233
OPCs,Neurons,Fgf14,Fgfr2,1.7354047,2.1183093,0.2865491363241483,-0.30585939694493947,0.045057468,0.9405532,0.011085327703621247
OPCs,OPCs,Nlgn3,Nrxn1,2.2254732,2.1121962,1.206289559751041,1.4060972825810547,0.15200782,0.9404723,0.011342628872563461
OPCs,OPCs,Nrxn1,Nlgn3,2.2254732,2.1121962,1.206289559751041,1.4060972825810547,0.15200782,0.9404723,0.011342628872563461
OPCs,OPCs,Ntn1,Dcc,1.7014122,2.3214583,2.068637752015902,1.588559464498325,0.27773783,0.9430623,0.011394434821639435
Microglia,Microglia,C1qb,Lrp1,1.6993064,2.3101866,2.5137789399656163,2.6463084580286917,0.17146373,0.9429315,0.011498389472607166
OPCs,OPCs,Nrxn1,Nlgn2,2.2253718,2.1114032,0.9941296589916652,1.2579753698400222,0.11680431,0.9404618,0.011550540466629365
OPCs,OPCs,Nlgn2,Nrxn1,2.2253718,2.1114032,0.9941296589916652,1.2579753698400222,0.11680431,0.9404618,0.011550540466629365
Oligodendrocytes,Neurons,Ncam1,Ncam2,1.6981392,2.8702943,0.09154854437542181,0.32484350566790865,0.04284698,0.9484992,0.011602806436203872
Neurons,Astrocytes,Nrg3,Egfr,1.889233,2.0926998,1.4844501780923332,2.067759404978599,0.2476966,0.94021225,0.011813017289113372
Oligodendrocytes,Oligodendrocytes,App,Aplp1,1.6966925,2.878736,0.15694447633678565,1.331945611576602,0.114474826,0.9485709,0.011813017289113372
OPCs,Neurons,Ptdss1,Jmjd6,0.11555017,0.012660594,0.008303789025622907,-0.09212231574928066,0.023832474,0.55019194,0.011935336278547952
Neurons,Neurons,Il1rapl1,Ptprs,1.6949575,2.56886,0.5906245700431515,0.9866053882101813,0.067129746,0.9457209,0.01202506606357245
Neurons,Pericytes,Fgf14,Fgfr2,1.8396323,2.0632937,0.3322418314592348,0.8321179412921288,0.04388726,0.93981326,0.012131780460045191
Astrocytes,OPCs,Nrxn1,Nlgn3,2.1735725,2.0561347,1.178395922955416,1.5746299126841163,0.14797325,0.93971485,0.012292710206712274
OPCs,Astrocytes,Nlgn3,Nrxn1,2.1735725,2.0561347,1.178395922955416,1.5746299126841163,0.14797325,0.93971485,0.012292710206712274
OPCs,OPCs,Ptn,Cdh10,1.6916153,2.789788,0.7113167436151986,0.7527561037107795,0.07565403,0.9477999,0.012346583658135301
Oligodendrocytes,Neurons,App,Dcc,1.6906942,2.8584466,0.268167437831603,0.882021296290957,0.07961325,0.9483981,0.012454674541167946
OPCs,Astrocytes,Nlgn2,Nrxn1,2.1734712,2.055363,0.96623602219604,1.4265079999430839,0.11370411,0.93970424,0.012508891931626315
Astrocytes,OPCs,Nrxn1,Nlgn2,2.1734712,2.055363,0.96623602219604,1.4265079999430839,0.11370411,0.93970424,0.012508891931626315
OPCs,Neurons,Spon1,App,1.6868306,2.8299677,1.336352837006639,1.0072039158758035,0.13435824,0.94815254,0.01267222920007706
Pericytes,Neurons,Ptn,Ptprs,1.686388,2.5492604,0.9784703403938295,1.5537888928915975,0.099258676,0.945524,0.012781695088246968
Neurons,OPCs,Fgf14,Fgfr2,1.8372976,2.049337,0.33018522750068874,0.739958133061915,0.043590393,0.939621,0.012891616513338987
Neurons,Astrocytes,Cntn1,Nrcam,1.6837041,2.828737,1.0019887202895972,1.246037861856746,0.06781725,0.9481418,0.013001998245163056
Microglia,OPCs,Nrxn1,Nlgn1,2.0339637,2.0401607,0.34937341776935094,0.17555643381851205,0.014036629,0.93949354,0.013279952056626007
OPCs,Microglia,Nlgn1,Nrxn1,2.0339637,2.0401607,0.34937341776935094,0.17555643381851205,0.014036629,0.93949354,0.013279952056626007
Neurons,OPCs,App,Grm7,1.6795512,2.803601,0.07690707940243233,-0.5599944426362367,0.056669418,0.947922,0.013335886349158617
OPCs,Neurons,Jag1,Notch3,0.124707825,0.012928113,0.3785167986493504,0.19219740142287228,0.012278282,0.55277795,0.01342502406729534
Neurons,Neurons,Ncam1,Ncam2,1.6753788,2.787728,0.0739301218892932,-0.3258358788489981,0.041614458,0.9477817,0.013787468528439845
Pericytes,OPCs,Ncam1,Ptprz1,1.7621989,2.0105639,1.169226256089728,1.1790487488739958,0.040716637,0.93907684,0.01401599938201905
Microglia,Pericytes,C1qb,Lrp1,1.6662176,2.1474419,2.468706741093624,2.5445775921034395,0.1593847,0.9409339,0.014130950466274234
Astrocytes,Astrocytes,Apoe,Sorl1,1.8335576,2.004142,1.0012956842814411,1.4262684145478715,0.11617553,0.9389853,0.014130950466274234
Neurons,Neurons,Ntng1,Lrrc4c,1.6617527,1.9953375,0.5202964054441734,1.1633771250946423,0.12426708,0.93885905,0.014595308245359121
Neurons,Neurons,Lman1,Mcfd2,0.11575197,0.013079433,0.09652556624738101,-0.02833830273061455,0.036177553,0.5542159,0.014914215610855736
Astrocytes,OPCs,Apoe,Lrp6,1.8187759,1.9154873,1.0843591308106568,1.4754419783581831,0.09219066,0.9376763,0.015186001294608356
OPCs,Astrocytes,Vcan,Egfr,1.7574357,1.9150057,3.4889852789007314,2.936447938068689,0.48630422,0.9376689,0.015305505271092359
OPCs,Pericytes,Ncam1,Cacna1c,1.6566088,2.531003,0.5444515873396837,1.0005019517433924,0.07118675,0.94533855,0.01554587351570939
OPCs,Astrocytes,Cntn4,Ptprg,1.651426,2.55926,1.0427741982097658,1.2259701850685025,0.10794874,0.9456247,0.01590983220472116
Neurons,Neurons,Nlgn1,Nrxn2,1.664808,1.8648952,0.5188027122019835,0.8579265612629743,0.05279316,0.9368896,0.016093341209100304
Neurons,Neurons,Nrxn2,Nlgn1,1.664808,1.8648952,0.5188027122019835,0.8579265612629743,0.05279316,0.9368896,0.016093341209100304
Astrocytes,OPCs,Il1rapl1,Ptprs,1.6482985,2.5386794,0.5808599089281993,0.5876591742629043,0.06634106,0.94541675,0.016154738476453406
Oligodendrocytes,OPCs,Cntn2,Cntn1,1.6531683,1.8593472,0.8683315878730125,1.7574387036608519,0.22228035,0.93680143,0.01627787291740899
OPCs,Microglia,Edil3,Itgb5,1.6458446,2.7075717,1.7039664061490347,1.0714582181711196,0.20877783,0.947055,0.01627787291740899
OPCs,Pericytes,Fgf14,Fgfr2,1.6854329,1.8504045,0.24253016612876624,-0.0262055706538592,0.039359003,0.93665856,0.01640145765056171
Oligodendrocytes,Neurons,Ncam1,Robo1,1.6453114,2.7030988,0.2121279656711202,0.6958388265423787,0.052571252,0.9470135,0.01640145765056171
Neurons,Neurons,F8,Ldlr,0.12328461,0.013101787,0.04317124298217805,-0.1181600318682309,0.037884556,0.55442685,0.016402913080422257
Pericytes,OPCs,Cntn1,Ptprz1,1.7336192,1.8500307,1.4176975817615864,1.644578625193753,0.041349925,0.93665254,0.01664998841025058
OPCs,Oligodendrocytes,Ncam1,Fgfr2,1.6419263,2.4687924,0.2788218210860113,0.7418446635119942,0.060994033,0.944692,0.01677493412791092
OPCs,Neurons,Nxph1,Nrxn2,1.6539797,1.8494625,1.1387242105722934,1.3487037264228412,0.13008222,0.9366434,0.01677493412791092
Pericytes,OPCs,Ncam1,Ncam2,1.6493344,1.8489689,0.024752370549984526,-0.0893300852749852,0.027600909,0.9366355,0.016900332258320445
Neurons,Oligodendrocytes,Fgf12,Fgfr2,1.6413465,2.4674408,0.5183276127315348,1.4788374584678285,0.09141656,0.9446777,0.016900332258320445
Neurons,Neurons,Rims1,Cacna1c,1.6377523,2.6357296,0.9401103794380776,1.704280298999171,0.14707808,0.9463767,0.017152482259077464
OPCs,Pericytes,Cntn4,Ptprg,1.6342249,2.4883485,1.0244304054952365,1.4723615930750902,0.10495772,0.9448978,0.017406439895013788
OPCs,OPCs,Fgf14,Fgfr2,1.6830982,1.8378879,0.24047356217022015,-0.11836537888407295,0.039092768,0.9364569,0.017406439895013788
Microglia,Astrocytes,Psap,Gpr37l1,1.6339588,2.6697996,1.540823516841445,1.698506921888324,0.12760784,0.94670165,0.01753409759982667
Oligodendrocytes,Neurons,Psen1,Notch3,0.1289255,0.013547972,0.02230946235344748,0.01602316427295479,0.00818868,0.55855936,0.01789111551370595
Oligodendrocytes,Astrocytes,Nrxn1,Nlgn1,1.6318693,2.0126553,0.08711873054821476,-0.7134669710599422,0.013847386,0.9391066,0.018114135449225226
Astrocytes,Oligodendrocytes,Nlgn1,Nrxn1,1.6318693,2.0126553,0.08711873054821476,-0.7134669710599422,0.013847386,0.9391066,0.018114135449225226
Astrocytes,Neurons,Apoe,Lrp1,1.8028213,1.8197984,0.94398775552386,1.190465516913811,0.041640338,0.936162,0.018179148366859528
Microglia,Microglia,Selplg,Itgam,1.6295398,2.3626218,4.222402291299546,3.2171132601929915,0.9439067,0.94353235,0.01830950920210671
OPCs,Oligodendrocytes,Spon1,App,1.626934,2.6427772,1.2906204333079112,1.4448848368120812,0.12547101,0.9464444,0.018440323395777725
Astrocytes,OPCs,Bcan,Nrcam,1.6252997,2.6030786,1.6244033986638176,1.794075410087233,0.14121784,0.9460595,0.01857158786235167
Neurons,Neurons,Ncam1,Robo1,1.622551,2.6253421,0.19450954318499158,0.04515944202547195,0.051059004,0.9462764,0.01896807529037977
Oligodendrocytes,OPCs,App,Grm7,1.6196547,2.6181545,0.0311746757037044,-0.1223135216999589,0.052920975,0.9462067,0.019234652524178587
OPCs,Neurons,Cntn4,Ptprg,1.6194806,2.4275658,1.0087061138503086,1.2104920673523831,0.102393925,0.9442504,0.019368612139512992
OPCs,Neurons,Col5a3,Itga10_Itgb1,0.12817043,0.013564955,0.7049548854062625,0.3011363492619119,0.17920108,0.5587138,0.019378820906585572
Astrocytes,Pericytes,Ncam1,Cacna1c,1.6159163,2.433771,0.5129546235430582,1.031116076114178,0.068452016,0.9443176,0.019503023877232517
Neurons,Neurons,Dscam,Dcc,1.6154442,2.6040812,0.643580494103873,1.2328796357407499,0.09473819,0.94606936,0.01963788153908495
OPCs,Pericytes,Vcan,Itgb1,1.7326506,1.7741891,2.8832089630119566,2.7474261769791104,0.24668331,0.9353993,0.019908949116336463
Pericytes,Neurons,App,Grm7,1.6123818,2.293736,-0.018100467617594235,-0.1509511369185328,0.04636348,0.9427389,0.020045152618515763
OPCs,Astrocytes,Il1rapl1,Ptprs,1.8597784,1.7711345,0.5508121056055586,0.7303421136823547,0.046283495,0.93534726,0.020181807470436356
OPCs,OPCs,Apoe,Lrp1,1.6120481,2.5508978,1.0517066556990995,0.9284252811288036,0.05836924,0.9455405,0.020181807470436356
Neurons,OPCs,Cntn4,Ptprg,1.610019,2.5735393,1.0439992493291237,1.6936381003853365,0.10855105,0.9457676,0.02045645831653041
Neurons,Neurons,Gnai2,Drd2,0.121852495,0.01379165,0.09683232921063752,-0.16081266018979423,0.061670404,0.56075597,0.02086603351496024
Astrocytes,Neurons,Il1rapl1,Ptprs,1.6070112,2.3677135,0.5325028485571182,0.6165106031785312,0.061873358,0.9435897,0.020871794188894222
Astrocytes,Oligodendrocytes,Fgf14,Fgfr2,1.6036513,2.3795853,0.265992203113919,0.5251919868850994,0.050614934,0.94372267,0.021291155791372522
OPCs,OPCs,Ncam1,Cacna1c,1.6035752,2.306299,0.48802521693976764,0.4362188172246457,0.06486675,0.9428861,0.02143183472236697
Neurons,OPCs,App,Lrp1,1.6022301,2.5235364,0.7631357033867806,0.5941071997112293,0.07471302,0.9452622,0.021572963457537966
OPCs,Astrocytes,Ncam1,Fgfr2,1.6018867,2.2991447,0.2435528830779254,0.06311992073301176,0.056802716,0.9428024,0.021714535497111664
Neurons,Astrocytes,Fgf12,Fgfr2,1.6013069,2.2978861,0.483058674723449,0.800112715688846,0.0851347,0.94278765,0.022141935197079098
Astrocytes,Oligodendrocytes,Ncam1,Fgfr2,1.6012335,2.3739502,0.24732485728938589,0.7724587878827798,0.058650862,0.94365966,0.022285294701299436
Astrocytes,Neurons,Col4a5,Itga10_Itgb1,0.12982637,0.01381224,0.4514799938491161,0.3090608228009194,0.09025919,0.5609397,0.02235275133401451
Neurons,OPCs,Slit2,Dcc,1.5982715,1.8142928,0.8581039710424033,1.301848463185756,0.24904737,0.9360714,0.022573347294490266
Astrocytes,Astrocytes,Bcan,Nrcam,1.5954921,2.5178869,1.5920198637687109,1.8432203632792048,0.13659616,0.94520414,0.02286318118689138
Microglia,OPCs,Nlgn1,Nrxn1,2.171276,1.6882817,0.2882743714328792,0.14484386887588663,0.011615646,0.9338834,0.02293591865058979
OPCs,Microglia,Nrxn1,Nlgn1,2.171276,1.6882817,0.2882743714328792,0.14484386887588663,0.011615646,0.9338834,0.02293591865058979
Pericytes,Microglia,Apoe,Trem2,1.5940993,2.5411458,2.4058177586471463,2.02368558306463,0.18059537,0.9454418,0.023008767345110488
Astrocytes,Neurons,Agt,Grm7,1.5939727,2.2140026,1.2394254036612082,1.2502179125670851,0.19889654,0.94177645,0.023154795061707298
OPCs,OPCs,Tgfa,Erbb4,1.8096087,1.6858227,1.0073175479608498,1.1670835384502622,0.16609669,0.9338384,0.023154795061707298
OPCs,OPCs,Ptn,Ptprs,1.5928373,2.4026718,0.9090296015411522,1.0388149181686517,0.09355107,0.9439785,0.023301270727315998
Microglia,OPCs,Adam17,Erbb4,1.809324,1.684075,0.9663990337579449,1.3132162838744939,0.13158163,0.93380636,0.023301270727315998
OPCs,Neurons,App,Grm7,1.5918548,2.20483,-0.03377366377040686,-0.3707767745035888,0.04456641,0.9416625,0.023448190904705103
Neurons,Oligodendrocytes,Cntn4,Aplp1,1.5878439,2.508187,0.5456375702802658,2.013728782874381,0.16148247,0.9451041,0.02374336081390297
Neurons,Neurons,Sema3c,Nrp1_Plxna3,0.12448041,0.014148045,0.1529614358045903,0.005174963147751552,0.061184734,0.5638956,0.02458189947069038
Neurons,Neurons,Sema3c,Nrp2_Plxna3,0.12448041,0.014148045,0.1529614358045903,0.005174963147751552,0.061184734,0.5638956,0.02458189947069038
Pericytes,Oligodendrocytes,Ptn,Cdh10,1.581503,2.0816414,0.6173666162851197,1.2834550196250907,0.05645037,0.9400631,0.024639521466395795
Neurons,OPCs,Nrxn1,Nlgn3,1.8021517,1.6549371,0.9787836392097611,1.1095010074850344,0.11910039,0.9332649,0.025017631722206043
OPCs,Neurons,Nlgn3,Nrxn1,1.8021517,1.6549371,0.9787836392097611,1.1095010074850344,0.11910039,0.9332649,0.025017631722206043
Neurons,OPCs,Nrxn1,Nlgn2,1.8020504,1.6543161,0.7666237384503851,0.9613790947440018,0.09151792,0.9332532,0.025628363071293195
OPCs,Neurons,Nlgn2,Nrxn1,1.8020504,1.6543161,0.7666237384503851,0.9613790947440018,0.09151792,0.9332532,0.025628363071293195
Neurons,Astrocytes,Nrxn2,Nlgn1,1.5754563,1.7375501,0.4628809582902601,0.364270678081571,0.049188156,0.93476593,0.025782148616207645
Astrocytes,Neurons,Nlgn1,Nrxn2,1.5754563,1.7375501,0.4628809582902601,0.364270678081571,0.049188156,0.93476593,0.025782148616207645
Astrocytes,OPCs,Il18,Il1rapl1,1.8397814,1.6447989,0.7495402341450439,1.0289102619145654,0.09911771,0.9330733,0.026013660419487498
Neurons,Oligodendrocytes,App,Grm7,1.5727036,2.4165883,0.01045199674727209,-0.2359391508837838,0.048846703,0.944131,0.026168550110631964
Astrocytes,Microglia,Nrxn1,Nlgn1,2.1193755,1.6434717,0.26038073463725403,0.31337649897894826,0.011307346,0.93304807,0.02624616222139629
Microglia,Astrocytes,Nlgn1,Nrxn1,2.1193755,1.6434717,0.26038073463725403,0.31337649897894826,0.011307346,0.93304807,0.02624616222139629
Pericytes,Neurons,Ptn,Cdh10,1.571167,2.035559,0.6084312138810237,0.767225239112017,0.055200703,0.93942934,0.026323884657663846
Neurons,Neurons,Efnb2,Ephb6,0.11928789,0.014228709,0.27526099522314273,0.17948052446287532,0.17356847,0.5645945,0.026809936878463374
Astrocytes,Astrocytes,Fgf14,Fgfr2,1.5636117,2.2160676,0.23072326510583316,-0.15353275589388304,0.047136836,0.941802,0.02694962633491005
Astrocytes,OPCs,Ncam1,Cacna1c,1.5628827,2.2176993,0.4565282531431422,0.4668329415954313,0.062374804,0.9418222,0.02710716531467129
Astrocytes,Astrocytes,Ncam1,Fgfr2,1.5611942,2.21082,0.2120559192813,0.09373404510379735,0.05462056,0.941737,0.02726514469112542
OPCs,OPCs,Ntn1,Unc5c,1.560118,2.0546336,1.8531295769346101,1.2548660714680755,0.2501089,0.93969417,0.02742356073905193
Astrocytes,Neurons,Apoe,Sorl1,1.7671901,1.6060966,0.9081170526264684,1.2146454111932585,0.09310175,0.93232596,0.027582420405201577
Microglia,Microglia,Pros1,Mertk,1.5586265,1.9678448,2.993794551743041,2.9135553587580625,0.30439168,0.93845963,0.027582420405201577
OPCs,Astrocytes,Nrg3,Egfr,1.5570395,1.6448238,1.2971103934206087,0.8297616404935576,0.194685,0.93307376,0.027741719974232866
Oligodendrocytes,Oligodendrocytes,Ncam1,Ncam2,1.5554911,2.4188254,-0.008096385824467863,0.36593473770484475,0.036107574,0.9441554,0.027901455691310632
OPCs,Neurons,Ptn,Ptprs,1.55155,2.2408652,0.8606725411700711,1.0676663470842787,0.087250926,0.9421062,0.02806163456242604
Oligodendrocytes,OPCs,App,Lrp1,1.5423336,2.3566153,0.7174032996880527,1.031788120647507,0.069771074,0.9434645,0.028222249232657086
Neurons,Neurons,Enho,Gpr19,0.1257609,0.014980409,0.05270038911824614,-0.16096455786696617,0.030854883,0.5709114,0.028294674281165257
OPCs,Oligodendrocytes,Ncam1,Robo1,1.542073,2.045713,0.14563757067985444,-0.10748733249656217,0.039786074,0.9395707,0.028544803342110025
OPCs,Neurons,Rims1,Cacna1c,1.5390191,2.3549113,0.8533613612202029,1.1799390312292137,0.13140796,0.9434452,0.029031918640817212
Pericytes,Microglia,Vtn,Itgav_Itgb5,1.5330882,1.7286646,3.1072621148082105,3.1110915895432214,0.21748923,0.9346095,0.02952298330321238
Neurons,Neurons,Col4a1,Itga3_Itgb1,0.123055816,0.015097618,0.30467542801129754,0.18141568059009092,0.10932594,0.5718658,0.029778919389123627
Neurons,Oligodendrocytes,Ncam1,Ncam2,1.5327308,2.349246,-0.025714808310596485,-0.284744646812062,0.035068914,0.9433809,0.029852548388464142
OPCs,Oligodendrocytes,Fgf12,Fgfr2,1.526748,2.2003474,0.4289242813556564,0.9268876885731225,0.08152097,0.9416066,0.030350179388338498
Astrocytes,Astrocytes,Apoe,Abca1,1.7582827,1.552673,1.1506751201826522,1.5511082902642894,0.101126246,0.93125093,0.03051693205313432
Astrocytes,Microglia,Apoe,Abca1,1.7579348,1.5505869,1.149982778645884,1.6939422788502474,0.10099037,0.9312079,0.030684117900529724
Neurons,Pericytes,Rims1,Cacna1c,1.5240539,2.2142735,0.8191389247957062,1.795020402919271,0.12356013,0.9417798,0.030684117900529724
Pericytes,Pericytes,Ptn,Sdc2,1.5239072,1.8248558,1.2580218997744477,1.8594064671798216,0.11839502,0.93624485,0.03085174427095492
Astrocytes,Neurons,Cntn1,Nrcam,1.5186707,2.1044295,0.7835478714969359,1.0421488984340064,0.05045242,0.9403691,0.03101980725219174
Neurons,Astrocytes,Il15ra,Axl,0.13959095,0.015320698,0.4518474187909414,0.27659111202534564,0.024623731,0.5736604,0.03126267020168657
Microglia,OPCs,Psap,Lrp1,1.5160199,2.283284,1.06856396800397,1.2221433893151838,0.07182662,0.9426155,0.031357238592078715
Oligodendrocytes,Oligodendrocytes,App,Grm7,1.5128069,2.2567413,-0.03528040695145584,0.20174177005249394,0.0456157,0.9422984,0.03152660660194582
Neurons,Microglia,Nlgn1,Nrxn1,1.6014626,1.5333437,0.07867836868740141,0.002932159823173075,0.010549648,0.93084884,0.03178148167095789
Microglia,Neurons,Nrxn1,Nlgn1,1.6014626,1.5333437,0.07867836868740141,0.002932159823173075,0.010549648,0.93084884,0.03178148167095789
OPCs,OPCs,Adam12,Itga9,1.5031466,2.1149514,3.613897158394237,2.6304578503553024,0.5601428,0.9405088,0.03237999391764427
Oligodendrocytes,OPCs,Edil3,Itgav,1.5023079,1.9920464,0.5491606517542793,1.4679613763447463,0.117182195,0.93881166,0.03255197894990378
Oligodendrocytes,Neurons,Ncam1,Cacna1c,1.5022824,2.2504244,0.4579704033691174,1.056593770388709,0.06329522,0.9422222,0.03272439894693993
OPCs,Neurons,Psen1,Notch3,0.14213917,0.015489944,0.04758781739328613,-0.024792200242547816,0.00936245,0.5750033,0.03274592680117493
OPCs,Microglia,Nxph1,Nrxn1,1.5906342,1.5206547,0.6985998670577114,0.49370932498304,0.025994308,0.9305809,0.03289724985960003
Astrocytes,Oligodendrocytes,Ncam1,Robo1,1.5013803,1.967124,0.11414060688322906,-0.07687320812577658,0.038257636,0.938449,0.033070539282621075
OPCs,OPCs,Cntn6,Ptprg,1.4964437,2.1768255,1.1564904940416332,1.310946267099037,0.14351916,0.9413104,0.03341841746315774
Pericytes,OPCs,Apoe,Lrp1,1.4924481,2.217593,0.9640622718733065,1.1586431664101016,0.050742615,0.94182086,0.03359300979551768
OPCs,OPCs,Serpine2,Lrp1,1.4922739,2.2171078,1.8319942138084588,1.7933371689856346,0.111398965,0.94181484,0.03376803217175443
Oligodendrocytes,Astrocytes,Ncam1,Ncam2,1.4884282,2.206577,-0.05494115985106378,0.03601296206200333,0.03293919,0.94168425,0.03411938604435893
Neurons,Neurons,Sema3a,Nrp1_Plxna3,0.13404681,0.015827416,0.2536308234338658,0.2459175626028055,0.1370714,0.57763463,0.03422868926990956
OPCs,Astrocytes,Fgf12,Fgfr2,1.4867085,2.0491464,0.3936553433475706,0.2481629457941401,0.07591911,0.93961835,0.03447246590594588
Neurons,Microglia,Edil3,Itgb5,1.4850284,2.166922,1.6046709733510485,0.7456982902524432,0.16708896,0.94118434,0.03464965960299552
Neurons,Neurons,Ncam1,Cacna1c,1.4795221,2.1856892,0.4403519808829887,0.4059143858718022,0.06147449,0.9414226,0.03482728628958052
OPCs,Pericytes,Cntn1,Ptprz1,1.5838169,1.5004056,0.9118786433671724,1.273335669851047,0.033535473,0.9301467,0.03482728628958052
OPCs,Astrocytes,Apoe,Lrp1,1.4763832,2.054178,0.8669067058547162,0.8131770856424317,0.047003377,0.9396879,0.0350053458010959
Neurons,Neurons,Gnas,Adcy8,1.4757495,1.8503675,0.5858806955098694,0.7529814343713841,0.08683926,0.93665797,0.035183837972936664
Pericytes,Astrocytes,Ptn,Sdc2,1.4754801,1.608949,1.162149931418031,1.645598577249464,0.10438718,0.9323819,0.03554211157825516
Pericytes,Neurons,Col4a4,Itga10_Itgb1,0.14428334,0.015971135,0.7652212990197628,0.45874817622567343,0.2396679,0.5787369,0.035710957690211285
OPCs,Microglia,Tnr,Itga9_Itgb1,1.7676275,1.4929321,2.0103481362240214,2.4032923363028247,0.16468379,0.9299843,0.035721900724046275
Microglia,Neurons,C1qb,Lrp1,1.5330267,1.492353,2.2872774970950394,2.1119814218303876,0.11076352,0.92997164,0.03590212187175026
Neurons,OPCs,Rims1,Cacna1c,1.4710203,2.0176888,0.76271255439579,1.2307372684005244,0.11259038,0.939178,0.03608277485676214
Astrocytes,Neurons,Lgi1,Adam22,1.4706025,2.1286137,1.2684810268560684,1.524950333649584,0.19067316,0.94068867,0.036263851376018896
Neurons,Astrocytes,App,Lrp1,1.4665651,2.0321448,0.5783357535423973,0.4788590042248574,0.06016464,0.93938154,0.036445367522465195
OPCs,Pericytes,Cntn1,Nrcam,1.5807796,1.4846854,0.7841143495743149,1.1146445516329944,0.03559443,0.9298037,0.036445367522465195
Neurons,Astrocytes,Ncam1,Ncam2,1.465668,2.1431034,-0.0725595823371924,-0.6146664224549034,0.031991668,0.9408777,0.03662731501241185
Neurons,Neurons,Ntn4,Unc5a,0.12674874,0.016019015,0.330617834288411,0.21835627689584075,0.23085481,0.5791018,0.03719273006628039
Pericytes,Pericytes,App,Grm7,1.4604255,1.9718397,-0.11260967951872423,0.16401953546864045,0.039856963,0.93851817,0.037359406860557484
Pericytes,OPCs,Ptn,Sdc3,1.4544752,1.5153,1.277787031600444,1.6545223314244928,0.13484244,0.9304669,0.03754350857960909
Neurons,Microglia,Fgf14,Fgfr2,1.7389939,1.4616854,0.2435912711082995,0.6428727489087022,0.031090757,0.9292925,0.03772804065453858
OPCs,Neurons,Ncam1,Fgfr2,1.4543779,1.6741472,0.11361471522718967,-0.4224581559465901,0.041361514,0.93362343,0.03772804065453858
Neurons,OPCs,Nxph1,Nrxn2,1.453944,2.0773408,1.11432281458066,1.7173736602439833,0.14611009,0.9400048,0.03791300292074094
Pericytes,Neurons,Vtn,Cd47,1.4754944,1.461249,2.977715304870418,2.7581399403512044,0.27853748,0.92928267,0.038098386881823196
Neurons,Neurons,Fgf12,Fgfr2,1.453798,1.6732308,0.35312050687271324,0.31453463900924417,0.06199176,0.93360645,0.038098386881823196
Oligodendrocytes,Astrocytes,Ptn,Ptprz1,1.4532671,1.8709385,1.0386280619846184,1.5427055240872274,0.047976203,0.93698514,0.03828420901746386
Neurons,OPCs,Slit2,Robo1,1.4503899,1.5960388,0.6917980637368399,1.0159428014601337,0.19062884,0.93212754,0.03865714221653624
Neurons,Neurons,Sema5b,Plxna1,0.12892956,0.016398836,0.2468417993753499,0.15069074496798612,0.050150104,0.581955,0.03867400855994371
OPCs,Microglia,Ncam1,Ptpra,1.4502714,1.6567483,0.3321659428027903,0.4010629071780014,0.054173112,0.93329895,0.03884425295075798
Neurons,OPCs,Nlgn2,Nrxn1,2.140949,1.4510701,0.821447351911392,1.0862412535319808,0.08027422,0.92905265,0.03893796507025278
OPCs,Neurons,Nrxn1,Nlgn2,2.140949,1.4510701,0.821447351911392,1.0862412535319808,0.08027422,0.92905265,0.03893796507025278
OPCs,Oligodendrocytes,Ptn,Cdh10,1.446665,1.8298161,0.4995688170613612,0.7973324738177718,0.049621325,0.93632585,0.03921975341811619
OPCs,Astrocytes,Tgfa,Erbb4,1.5787336,1.4322717,0.8570810764658918,0.9847272187312619,0.14111543,0.9286217,0.03959697779217869
Microglia,Astrocytes,Adam17,Erbb4,1.5784489,1.4307868,0.8161625622629869,1.1308599641554933,0.111791514,0.9285873,0.039975907822813586
Neurons,OPCs,F8,Ldlr,0.14573614,0.016581248,0.08606978640093804,-0.002139893053268338,0.047945607,0.5833,0.04015479740699235
Astrocytes,Pericytes,Agt,Grm7,1.4420164,1.9032958,1.1449161917600783,1.5651885849542584,0.17098397,0.93748945,0.04016601948744632
OPCs,Pericytes,App,Grm7,1.4398985,1.8954104,-0.12828287567153684,-0.05580610211641557,0.03831209,0.9373677,0.04035655920350938
Microglia,Astrocytes,Nrxn1,Nlgn1,1.5121108,1.4286387,0.02275661477567803,-0.4907237233582302,0.00982926,0.9285375,0.04045198524318262
Astrocytes,Microglia,Nlgn1,Nrxn1,1.5121108,1.4286387,0.02275661477567803,-0.4907237233582302,0.00982926,0.9285375,0.04045198524318262
Pericytes,Astrocytes,Ptn,Sdc4,1.4396305,1.4491167,1.4387156807519446,1.7552563468320088,0.22648446,0.92900825,0.040547526806397796
Microglia,OPCs,App,Dcc,1.5180306,1.4197314,0.13085417818359318,-0.18555043685091688,0.039542258,0.9283297,0.040738922131506594
Pericytes,OPCs,Ncam1,Robo1,1.4393629,1.5483395,0.04450598633061281,-0.14313111333160955,0.030112904,0.9311614,0.040738922131506594
OPCs,Neurons,Ptn,Cdh10,1.436329,1.7893085,0.49063341465726523,0.28110269330469817,0.048522834,0.93565524,0.04093073639383318
OPCs,Microglia,Cntn1,Notch2,1.5672723,1.414776,1.3464631079222218,1.6427921642239884,0.12176214,0.9282133,0.041508768684125404
Pericytes,Neurons,Col27a1,Itga10_Itgb1,0.14848673,0.01659884,0.28645271980681847,0.2760565839543876,0.035751954,0.5834289,0.041635088381420673
OPCs,Astrocytes,Alcam,Chl1,1.4285324,1.9648579,1.0799832638616125,1.3388246429879305,0.1328089,0.93841577,0.04209063433186736
OPCs,Pericytes,Rims1,Cacna1c,1.4253209,1.9783584,0.7323899065778314,1.2706791351493134,0.11039568,0.9386133,0.04228544547068518
Neurons,Astrocytes,Nlgn2,Nrxn1,2.0890484,1.412556,0.7935537151157668,1.2547738836350424,0.0781436,0.92816097,0.042578456937352266
Astrocytes,Neurons,Nrxn1,Nlgn2,2.0890484,1.412556,0.7935537151157668,1.2547738836350424,0.0781436,0.92816097,0.042578456937352266
Pericytes,OPCs,Ptn,Alk,1.4309872,1.4105818,1.0179097090117133,1.5366656169179889,0.16656503,0.9281143,0.042872426861580465
Neurons,Neurons,Farp2,Plxna3,0.13883354,0.016667722,0.14405462886224835,0.01228571579144809,0.06306649,0.5839321,0.04311488987110587
Neurons,Astrocytes,Gnas,Adcy8,1.4219009,1.6298038,0.5129378663357727,0.5884392143444089,0.07648801,0.93278676,0.043463248729833516
OPCs,Microglia,Vcan,Itgb1,1.6655242,1.3928103,2.7636446096855556,2.5824286610309835,0.19365638,0.9276902,0.04405788895018181
Astrocytes,Neurons,Fgf14,Fgfr2,1.4161029,1.6136537,0.10078509725509745,-0.6391108325734849,0.034323197,0.9324739,0.04405788895018181
Astrocytes,Neurons,Ncam1,Fgfr2,1.4136852,1.6098325,0.08211775143056428,-0.3918440315758045,0.039772555,0.9323993,0.044256955051552097
Neurons,Neurons,Gnai2,Adcy7,0.13195871,0.016911529,0.06844557032354186,-0.1930606749263686,0.015601276,0.58569497,0.044594193655582114
OPCs,Neurons,Cntn4,Aplp1,1.4117595,1.5712394,0.47604215869747646,-0.11103590963826215,0.10115977,0.9316305,0.0446563608739537
Microglia,Microglia,Ly86,Cd180,1.4110931,1.4759834,3.705319957901011,2.9187600834861005,0.9297711,0.9296116,0.04485669126315084
Astrocytes,Microglia,Ncam1,Ptpra,1.4095788,1.593102,0.30066897900616496,0.431677031548787,0.05209198,0.93206924,0.04505745473687868
Oligodendrocytes,Astrocytes,App,Lrp1,1.4066684,1.8977269,0.5326033498436694,0.9165399251611351,0.056185003,0.93740356,0.045258642146949336
Astrocytes,Neurons,Lgi1,Adam23,1.406504,1.9164288,1.3014242793922877,1.6327116513949904,0.2435998,0.9376906,0.045460253328757826
OPCs,Pericytes,Ncam1,Fgfr2,1.4044061,1.462416,0.0695957450318076,-0.14280432965550982,0.03613048,0.9293089,0.046067618741844445
OPCs,Neurons,Farp2,Plxna3,0.14118867,0.017081162,0.1493939455850722,0.08706740002024828,0.06463084,0.5869055,0.04607300396925555
Neurons,Pericytes,Fgf12,Fgfr2,1.4038262,1.4616156,0.3091015366773312,0.5941884653003244,0.0541516,0.92929095,0.0462709233455649
Pericytes,Astrocytes,Il34,Ptprz1,1.4035451,1.6775962,2.3696106271203963,2.3147437074884385,0.26089156,0.93368715,0.04647465089800569
OPCs,OPCs,Ncam1,Fgfr2,1.4020714,1.4525238,0.0675391410732615,-0.23496413788572357,0.035886083,0.9290856,0.0468833649979991
Microglia,OPCs,Adam10,Nrcam,1.4015677,1.7879939,0.9828600386934835,1.3046188975349986,0.09531658,0.9356331,0.047088360390010964
Neurons,OPCs,Fgf12,Fgfr2,1.4014915,1.4517287,0.3070449327187851,0.5020286570701107,0.0537853,0.9290676,0.04729377807233064
Neurons,OPCs,Cntn6,Ptprg,1.4005578,1.8418998,1.0388746863475098,1.4453135066000207,0.121437356,0.93652177,0.047499617880353145
Neurons,Neurons,Tac1,Tacr1,0.13812715,0.017397724,0.2422327650269857,0.27372291129854187,0.286959,0.5891297,0.047551325040994824
OPCs,Pericytes,Ptn,Sdc2,1.3890692,1.6040951,1.1402241005506892,1.3732839213725028,0.10407226,0.9322866,0.04832718575217841
Oligodendrocytes,Pericytes,Ncam1,Cacna1c,1.3885841,1.8905789,0.3369989487267459,1.1473338743088086,0.053174246,0.93729275,0.04853513370073205
Neurons,Astrocytes,F8,Lrp4,0.15120304,0.01742849,0.18854495596594129,0.13709681887932276,0.06846614,0.5893435,0.04902914865864033
Astrocytes,Astrocytes,Apoe,Lrp6,1.7204605,1.3258313,0.9207219361251285,1.3337934268929845,0.06381105,0.92601967,0.049161494315673654
OPCs,Microglia,Apoe,Lrp1,1.3850427,1.7197472,0.7424850172071312,0.7827695126507365,0.039350983,0.9344512,0.049161494315673654
Neurons,Microglia,Nrxn1,Nlgn1,1.7479546,1.3227938,0.0607684508915991,-0.15175240622013364,0.009101031,0.9259411,0.049686356675545815
Microglia,Neurons,Nlgn1,Nrxn1,1.7479546,1.3227938,0.0607684508915991,-0.15175240622013364,0.009101031,0.9259411,0.049686356675545815
OPCs,Astrocytes,Ncam1,Robo1,1.3827653,1.3707241,0.02808837421021468,-0.429543584356587,0.026658544,0.9271523,0.049791650073171316
OPCs,Astrocytes,Ncam1,Ptpra,1.3825631,1.3698671,0.25456348846610094,0.172924670416574,0.044792544,0.9271311,0.05021384544303352
Pericytes,OPCs,Vtn,Itgav_Itgb8,1.4448167,1.3188083,3.1044256162073753,2.9473253677911693,0.24967214,0.9258376,0.05021384544303352
Oligodendrocytes,Microglia,Edil3,Itgav,1.3807936,1.5018636,0.3851042438156664,1.444678502957383,0.08834718,0.9301782,0.05042557767084743
Neurons,Neurons,Sema4a,Nrp1_Plxna1,0.13265838,0.017471962,0.24193359808348458,0.14359082188189118,0.08347625,0.5896449,0.050506483196225554
Pericytes,Oligodendrocytes,App,Aplp1,1.3806521,1.8028519,-0.08436856213079674,0.6257629682772885,0.07169159,0.93588185,0.05063772955531162
Microglia,Astrocytes,Psap,Lrp1,1.3803549,1.8386748,0.8837640181595867,1.1068951938288119,0.05784029,0.9364697,0.05085030093182118
Pericytes,Astrocytes,Vtn,Itgav_Itgb8,1.4437723,1.3139589,2.986677432181933,2.8296052106452,0.16531369,0.925711,0.05106328206534852
OPCs,OPCs,Bcan,Nrcam,1.3803135,1.710562,1.2428008527041428,1.3584874466220633,0.09279853,0.9342871,0.05106328206534852
OPCs,Microglia,Fgf14,Fgfr2,1.5847945,1.3108697,0.1538796057778309,-0.21545076303728583,0.027882837,0.92563003,0.051490520759532366
Astrocytes,Astrocytes,Ptn,Ptprz1,1.3756793,1.5692407,0.9708456630632504,1.0430472937722275,0.04023981,0.93158996,0.051490520759532366
Pericytes,Microglia,Sorbs1,Itgb5,1.375582,1.7989732,2.144422072873491,2.2445849526994985,0.18360008,0.9358172,0.051919434788247454
OPCs,Neurons,Col9a3,Itga10_Itgb1,0.15534297,0.017622696,0.42717254272407806,0.29684949820526374,0.15816295,0.59068376,0.051983320447126086
Astrocytes,Neurons,Spon1,App,1.3755231,1.7023817,0.7669586278421515,0.614796423825043,0.0808239,0.9341397,0.05213450997713268
OPCs,OPCs,Ncam1,Gfra1,1.3753628,1.3393592,0.7675862386670115,0.6637168469580983,0.15767391,0.9263667,0.052350013151469574
Neurons,Microglia,App,Lrp1,1.3752246,1.701301,0.45391406489481245,0.4484514312331621,0.050369523,0.9341202,0.05256593450102673
Pericytes,Neurons,App,Dcc,1.3746538,1.7901454,0.02685439936402062,0.17583865299164358,0.049859002,0.9356693,0.052782273861199214
Oligodendrocytes,Oligodendrocytes,Ncam1,Fgfr2,1.3739014,1.8441095,0.07136918247307351,0.8886765860774106,0.045560606,0.9365574,0.05299903106738202
OPCs,OPCs,Rims1,Cacna1c,1.3722873,1.8027184,0.6759635361779153,0.706396000630567,0.10059468,0.93587965,0.053216196196759276
Microglia,Astrocytes,Adam10,Nrcam,1.3717602,1.7294778,0.9504765037983768,1.3537638507269705,0.092197135,0.93462384,0.05343378858240945
Oligodendrocytes,Neurons,Gnai2,Drd2,0.14332855,0.01762944,0.1331804295428006,0.20935133370403936,0.07883138,0.5907301,0.053459668779841124
Pericytes,Pericytes,Ptn,Ptprz1,1.4044946,1.2924671,0.7683115055033131,1.3438635070995106,0.033142548,0.92514193,0.053651798320262394
Astrocytes,OPCs,Vegfa,Itga9,1.3668779,1.601688,2.910670231806353,2.2984329945893682,0.32329404,0.93223923,0.05408906919415671
Astrocytes,Pericytes,Fgf14,Fgfr2,1.3661311,1.4095732,0.05676612705971537,-0.3594570062824046,0.029982308,0.92809045,0.054308320149160164
Neurons,Pericytes,Ncam1,Cacna1c,1.3658237,1.836195,0.31938052624061725,0.49665448979190197,0.05164465,0.9364295,0.05452799763107302
Astrocytes,OPCs,Fgf14,Fgfr2,1.3637964,1.4000385,0.05470952310116928,-0.45161681451261837,0.0297795,0.92786366,0.05474809164217116
Neurons,OPCs,Efnb2,Epha4,0.13350661,0.017647807,0.09027017396023743,-0.0032050442374615545,0.037541423,0.5908559,0.0549355199932796
Astrocytes,Pericytes,Ncam1,Fgfr2,1.3637134,1.4062353,0.038098781235182205,-0.11219020528472423,0.03474248,0.9280113,0.054968602017849616
Astrocytes,OPCs,Ncam1,Fgfr2,1.3613787,1.3967232,0.03604217727663611,-0.20435001351493798,0.03450747,0.92778426,0.055410861259267155
Microglia,Microglia,Cfh,Itgam,1.3610983,1.7782514,3.668970024891113,2.8238008184522765,0.6984651,0.9354684,0.05563261972239217
OPCs,Oligodendrocytes,App,Aplp1,1.3601251,1.7329726,-0.10004175828360937,0.4059373306922325,0.06891279,0.93468547,0.055854793891684934
Astrocytes,Astrocytes,Psap,Gpr37l1,1.3586867,1.7728035,1.2869598887936586,1.2848961812330155,0.084734306,0.9353757,0.0560773836025405
Neurons,Pericytes,Nrg3,Egfr,1.7556399,1.2632617,1.067918731772248,1.8932763720883878,0.14952245,0.9243466,0.056300388690353885
Neurons,Astrocytes,Cntn4,Ptprg,1.3575845,1.829586,0.7747951735382796,1.426123710755258,0.07717134,0.9363221,0.056300388690353885
Neurons,Neurons,Agrp,Sdc3,0.13490558,0.01802935,0.17222453738336838,0.04300757054521796,0.02544761,0.5934388,0.05641087831215949
Pericytes,Astrocytes,Apoe,Lrp1,1.3567829,1.7857755,0.7792623220289232,1.0433949709237296,0.040861838,0.9355957,0.056523798952012136
Neurons,Astrocytes,Il1rapl1,Ptprs,1.4035122,1.2594905,0.24927600689740936,0.4713013770638679,0.032913152,0.924242,0.056747634281298684
OPCs,Astrocytes,Serpine2,Lrp1,1.3566089,1.7853849,1.6471942639640753,1.6780889734992628,0.089706965,0.93558913,0.056747634281298684
OPCs,Oligodendrocytes,Ncam1,Ptpra,1.3561919,1.258132,0.22433801373815704,0.3818855723500104,0.041138977,0.92420423,0.0569718844937355
Microglia,Neurons,App,Grm7,1.3715216,1.2505271,-0.20200815473724842,-0.5974956869509545,0.02527701,0.9239916,0.05764711265232692
OPCs,OPCs,Ntrk3,Ptprs,1.3558085,1.8214058,0.9646833053674245,1.0770121192667146,0.10173235,0.93618834,0.05764711265232692
Pericytes,Astrocytes,Ptn,Ptprs,1.3949428,1.2498809,0.6371217772480875,1.038484881745284,0.0486657,0.92397344,0.05787302073272448
Neurons,Astrocytes,Psap,Gpr37l1,1.3548751,1.7603831,1.2834437700632249,1.2811882080686678,0.08414065,0.9351629,0.05787302073272448
OPCs,Neurons,Enho,Gpr19,0.14207383,0.018140474,0.0810661345466257,-0.07048642921271774,0.037363615,0.5941798,0.05788574795566765
OPCs,Neurons,App,Dcc,1.3541267,1.7207586,0.011181203211207996,-0.04398698459341244,0.047926445,0.9344693,0.058099342873254786
Neurons,Neurons,App,Aplp2,1.3536412,1.6231234,0.1983922711605125,-0.061529915240497,0.07323599,0.9326579,0.05832607890931288
OPCs,Pericytes,Apoe,Lrp1,1.351954,1.5985968,0.6974128183351389,0.6810386467254842,0.03657884,0.9321782,0.05878078178514343
Neurons,Oligodendrocytes,Ncam1,Fgfr2,1.3511412,1.7910624,0.05375075998694489,0.23799720156050386,0.044250023,0.93568474,0.059008758501601366
OPCs,OPCs,Ncam1,Ptpra,1.3527799,1.2436749,0.22042761697333924,0.0950928907621379,0.040666252,0.92379844,0.059008758501601366
OPCs,Astrocytes,Bcan,Nrcam,1.3505061,1.6545799,1.210417317809036,1.4076323998140352,0.08976149,0.9332582,0.05923714845517457
Neurons,Neurons,Psen1,Notch3,0.16022837,0.018148461,0.08219358295191104,-0.09815379607135157,0.010969313,0.59423286,0.059360120731009644
Pericytes,Pericytes,Ptn,Cdh10,1.3927846,1.2402594,0.4542282131709908,0.8311170175700103,0.03363361,0.9237016,0.05969516741524686
Astrocytes,Microglia,Vegfa,Sirpa,1.3454851,1.5652997,2.189805843148088,2.2424180556318145,0.29663157,0.93150973,0.060154827012861206
Astrocytes,Neurons,Apoe,Lrp8,1.7053475,1.2351896,1.0948081117918558,1.438620306557267,0.1662384,0.9235571,0.06038528066442675
OPCs,OPCs,Tnr,Itga9_Itgb1,1.7243774,1.2295425,1.9333117227691141,2.201583934745572,0.13562956,0.9233952,0.06061614656548506
OPCs,Neurons,Col16a1,Itga10_Itgb1,0.15916322,0.018193183,0.3551834644767152,0.25591252812329657,0.14447014,0.59452957,0.06083400499285703
OPCs,Pericytes,Ncam1,Ptprz1,1.3491485,1.2282889,0.36656523662628454,0.43825240161218215,0.02487451,0.92335916,0.060847424551431176
Pericytes,Pericytes,Lama2,Itga1,1.3440185,1.7673151,2.950611702164347,2.6701541282686683,0.40657708,0.93528193,0.060847424551431176
Oligodendrocytes,Astrocytes,Cntn2,Cntn1,1.3432655,1.4140213,0.5985555738546834,1.430750905075349,0.16904277,0.92819554,0.061079104048008814
Neurons,Pericytes,App,Lrp1,1.3421359,1.5814501,0.40884186602282013,0.34672056530790984,0.046821162,0.9318365,0.061311205691435854
Astrocytes,Neurons,Apoe,Lrp6,1.7037448,1.225577,0.892899712850798,1.1405276276621157,0.058985904,0.9232809,0.061311205691435854
Astrocytes,Astrocytes,Ncam1,Robo1,1.3420727,1.3180658,-0.003408589586410715,-0.3989294599858014,0.02563442,0.9258182,0.06154371892594315
Astrocytes,Astrocytes,Ncam1,Ptpra,1.3418704,1.3172418,0.22306652466947555,0.2035387947873596,0.043071777,0.92579675,0.06177664358692573
OPCs,Astrocytes,Ptn,Sdc2,1.3406422,1.4143074,1.0443521321942724,1.159476031442145,0.091759,0.9282023,0.06200997950977859
Neurons,Pericytes,Cntn4,Ptprg,1.3403834,1.7788923,0.7564513808237503,1.6725151187618454,0.0750331,0.9354792,0.06224371602792143
Neurons,Neurons,Txlna,Stx4a,0.13668904,0.01841179,-0.03032362822677832,-0.2840783635644382,0.023373155,0.5959684,0.06230739255394403
OPCs,Microglia,Il1rapl1,Ptprs,1.7726593,1.2207388,0.4487758285154607,0.6211244349530161,0.031900488,0.9231407,0.06271244266465563
OPCs,Neurons,Fgf12,Fgfr2,1.3391995,1.4921083,0.2637171754968348,-0.23741513088546173,0.055281322,0.92996633,0.06318281171522092
Astrocytes,OPCs,Apoe,Sdc2,1.701928,1.2146807,1.0116556245811457,1.4217983566187413,0.059937466,0.922964,0.06341860114006312
Neurons,Neurons,Cntn1,Nrcam,1.3373804,1.7167208,0.625731751973819,0.7561066327101584,0.04115734,0.9343973,0.06341860114006312
Astrocytes,Microglia,Sorbs1,Itgb5,1.3373392,1.6704041,2.0940663382709386,2.1030024682620523,0.17047854,0.933554,0.06365481125025696
Neurons,Neurons,Gnas,Adcy9,1.3360188,1.2780312,0.45942545995129147,0.39926006086924554,0.06637282,0.92475206,0.06412846114117539
Oligodendrocytes,OPCs,Ncam1,Cacna1c,1.3355505,1.7227321,0.28057257832682986,0.5830507397900622,0.0484534,0.93450433,0.06436590059269003
OPCs,Neurons,Bmp7,Acvr1_Acvr2b,0.14597827,0.018530926,0.6204517051022499,0.25387965743840085,0.08451022,0.5967447,0.06451655464640631
OPCs,Neurons,Bmp7,Acvr2b_Bmpr1a,0.14597827,0.018530926,0.6204517051022499,0.25387965743840085,0.08451022,0.5967447,0.06451655464640631
Neurons,Astrocytes,Fgf14,Fgfr1,1.6964563,1.2073997,0.67693811187491,1.3851457095211506,0.08540528,0.92275,0.06460373880936575
Astrocytes,Microglia,Vcl,Itgb5,1.3351076,1.6629018,2.557642018017045,2.408833139420681,0.29423177,0.9334143,0.06460373880936575
Astrocytes,OPCs,Ncam1,Gfra1,1.3346701,1.2879058,0.736089274870386,0.6943309713288839,0.15161665,0.92501944,0.06484199698036712
Oligodendrocytes,Astrocytes,Ncam1,Fgfr2,1.3338621,1.7173882,0.03610024446498762,0.2099518432984282,0.042429823,0.9344092,0.06579911923860025
Neurons,Neurons,Fgf14,Fgfr1,1.6946063,1.19634,0.6734441076448843,1.3153239256356337,0.084622964,0.9224214,0.0660394105775195
Microglia,OPCs,Adam10,Cadm1,1.3335167,1.6544002,0.6044658671895273,0.8528920318271,0.07361748,0.93325484,0.0660394105775195
Microglia,OPCs,Psap,Gpr37l1,1.331944,1.68002,1.0568001935419304,1.1402053221196053,0.080299556,0.93373185,0.06628012099328806
OPCs,Astrocytes,Cntn1,Notch2,1.524839,1.195155,1.238402239413428,1.4301136346730856,0.102860555,0.92238593,0.0665212395434619
Pericytes,Astrocytes,Ncam1,Ptprz1,1.3300567,1.3918391,0.6474569979704965,0.6204181457335973,0.028186623,0.92766684,0.0665212395434619
Neurons,OPCs,Txlna,Stx4a,0.13846648,0.01883906,-0.02703393404223397,-0.20136705775179228,0.023915563,0.5987274,0.06672460479733004
OPCs,Pericytes,Ncam1,Ptpra,1.3403404,1.1909688,0.20617020117085103,0.17200829074147128,0.038942844,0.9222602,0.066762766063436
OPCs,Pericytes,Il1rapl1,Ptprs,1.7678071,1.1900842,0.4430929314984206,0.5846877121679507,0.031099418,0.9222336,0.06700470038860543
Neurons,Neurons,Cntn4,Ptprg,1.3256392,1.7354394,0.7407270891788225,1.4106455930391384,0.07320026,0.9347289,0.06773293762494857
OPCs,Pericytes,Apoe,Sdc2,1.3246495,1.4986253,0.9930179480910721,0.9897629825359049,0.07394849,0.9301081,0.06797650150657657
Neurons,Neurons,Arpc5,Ldlr,0.14033481,0.018867517,-0.022063133768192755,-0.25440419854226937,0.019123735,0.59890866,0.06819602704633271
Oligodendrocytes,Astrocytes,Ptn,Cdh10,1.3196547,1.6137875,0.38519849020474917,0.8222207440899947,0.043763015,0.9324765,0.06895481419324001
OPCs,OPCs,Ptn,Sdc3,1.3196371,1.3319876,1.1599892323766856,1.168399785617174,0.11852996,0.9261782,0.06920041132147131
Astrocytes,Neurons,Il18,Il1rapl1,1.3835152,1.1696506,0.4480041354368947,0.7698695252960785,0.07048465,0.92161024,0.06944641460886292
OPCs,Neurons,Ntn1,Dcc,1.3171751,1.5958523,1.7807302860766752,1.5034040043084638,0.19092676,0.93212384,0.06944641460886292
Neurons,Neurons,Ptdss1,Jmjd6,0.15170425,0.019114718,0.09208100467263043,-0.03987799548245856,0.0359818,0.6004711,0.06966695301308541
Oligodendrocytes,OPCs,Nrxn2,Nlgn1,1.9078232,1.1617142,0.5466096302021632,0.7935499502849629,0.03288687,0.92136395,0.07006319314465823
OPCs,Oligodendrocytes,Nlgn1,Nrxn2,1.9078232,1.1617142,0.5466096302021632,0.7935499502849629,0.03288687,0.92136395,0.07006319314465823
Astrocytes,Oligodendrocytes,Spon1,App,1.3156264,1.5897763,0.7212262241434236,1.0524773447613207,0.07547774,0.9320031,0.07018684867326808
Astrocytes,Astrocytes,Il1rapl1,Ptprs,1.3155658,1.16087,0.191154285411376,0.10120659203221782,0.030335987,0.9213376,0.0704344749330521
Astrocytes,Oligodendrocytes,Ncam1,Ptpra,1.3154992,1.209799,0.19284104994153162,0.412499696720796,0.039558563,0.92282075,0.07068250652897891
Astrocytes,Pericytes,Apoe,Lrp6,1.6926183,1.1588441,0.874380675374476,1.3346731822089914,0.05577411,0.9212743,0.070930932135188
Oligodendrocytes,Microglia,App,Lrp1,1.3153281,1.588767,0.4081816611960845,0.8861323521694399,0.047037795,0.93198293,0.070930932135188
Neurons,Neurons,Col4a2,Itga10_Itgb1,0.16582435,0.019187905,0.33735543307337273,0.22213534914018393,0.100908495,0.6009294,0.07113739103292054
OPCs,Neurons,Ntrk3,Ptprs,1.3145213,1.6987442,0.9163262449963434,1.1058635481823416,0.09488124,0.9340739,0.07142902048996459
Neurons,OPCs,Ncam1,Cacna1c,1.3127902,1.6731764,0.2629541558407012,-0.0676286447268446,0.047059607,0.93360543,0.07167867176625076
OPCs,Pericytes,Vcan,Egfr,1.6238426,1.1559962,3.072453832580646,2.7619649051784783,0.29355833,0.921185,0.07217917644152916
Astrocytes,OPCs,Ncam1,Ptpra,1.312087,1.1958973,0.18893065317671384,0.12570701513292348,0.039104,0.92240816,0.07217917644152916
Neurons,Neurons,Gnai2,P2ry12,0.13936287,0.01919726,-0.02687089164231469,-0.4617157477756033,0.0039461153,0.6009878,0.0726073329379083
Neurons,Astrocytes,Ncam1,Fgfr2,1.3111017,1.6679862,0.018481821978858996,-0.44072754121847857,0.0412093,0.9335091,0.0726813090682614
Astrocytes,OPCs,Mdk,Ptprz1,1.6094174,1.1523855,2.0198740369998855,2.19288485075193,0.21254306,0.9210714,0.0726813090682614
OPCs,Pericytes,Spon1,App,1.3108935,1.6550791,1.0493073948403289,0.7387021935127678,0.07857812,0.9332676,0.07293298124599916
Neurons,OPCs,Cntn3,Ptprg,1.3106066,1.5277038,0.8494548550277998,1.0428584598508106,0.14154814,0.93073016,0.07318505711384468
OPCs,OPCs,Vcan,Itgb1,1.6222742,1.1470847,2.6866081962306487,2.3807202594737307,0.15949069,0.9209036,0.07343752516450361
Astrocytes,Pericytes,Ncam1,Ptprz1,1.3084558,1.1811025,0.3350682728296591,0.46886652598296774,0.023918921,0.9219615,0.07369040790064688
Neurons,OPCs,Txlna,Stx3,0.13996843,0.01920011,0.06334175091846175,-0.0063981093304694425,0.04121813,0.6010056,0.07407678293618464
OPCs,Astrocytes,Ptn,Sdc4,1.3047924,1.2738107,1.3209178815281861,1.26913380102469,0.19908565,0.9246369,0.07445147462845818
Astrocytes,OPCs,App,Dcc,1.4614451,1.1414883,0.08764857968963624,-0.22790002246721552,0.03179265,0.92072535,0.07470595772904323
Pericytes,OPCs,App,Grm7,1.3036141,1.6396589,-0.210138362763878,-0.8284961649992724,0.03314256,0.93297553,0.07496085478257193
Oligodendrocytes,OPCs,Cntn1,Ptprz1,1.6072583,1.1402575,1.307698446362968,1.0969094971798325,0.025485827,0.92068595,0.07521615420938335
Neurons,OPCs,Fgf10,Fgfrl1,0.13941185,0.019200852,0.42613173542774524,0.2973710573905901,0.24638441,0.6010103,0.07554574111007001
Neurons,Pericytes,Nxph1,Nrxn1,1.3025948,1.6951536,0.2797590912654966,1.0812192650648416,0.02897722,0.9340087,0.07572795952443452
Pericytes,Microglia,Vtn,Itgav_Itgb1,1.4059305,1.1382546,3.064389552475728,3.038648408339595,0.20508921,0.92062175,0.07572795952443452
Neurons,Neurons,Nrxn1,Nlgn2,1.7176273,1.1369351,0.5939414313701119,0.7896449784359605,0.06289604,0.9205794,0.0761128627501405
Neurons,Neurons,Nlgn2,Nrxn1,1.7176273,1.1369351,0.5939414313701119,0.7896449784359605,0.06289604,0.9205794,0.0761128627501405
Pericytes,Astrocytes,Cntn1,Ptprz1,1.301477,1.2807078,0.8959283236423549,1.0859480220533546,0.028625024,0.92482483,0.0762413608159434
Pericytes,Pericytes,Mfge8,Pdgfrb,1.3014729,1.2080089,4.90037107699829,2.790433376173766,0.67230135,0.92276794,0.0764986696220722
OPCs,Neurons,Ptdss1,Scarb1,0.13986573,0.019558515,0.07926227584922821,0.0032479322825909596,0.03592823,0.60322106,0.07701420754188495
Neurons,OPCs,Gnas,Adcy8,1.3008946,1.1341628,0.3490236814764188,0.3127914159848465,0.053227182,0.9204901,0.07701449122670556
Neurons,Oligodendrocytes,App,Dcc,1.3003885,1.4302369,-0.023433992456930855,-0.6062679142280385,0.03983486,0.92857456,0.07701449122670556
Astrocytes,Pericytes,Ncam1,Ptpra,1.2996477,1.1452161,0.17467323737422563,0.20262241511225687,0.0374468,0.92084426,0.07727299208254533
OPCs,Neurons,Ncam1,Ptpra,1.3267268,1.1332878,0.19056731586968564,-0.13074320626527025,0.03705676,0.92046183,0.07727299208254533
Pericytes,OPCs,Ntn1,Dscam,1.6572489,1.1301824,1.604318992370254,2.008927438620145,0.14464116,0.9203613,0.07753190542569319
OPCs,OPCs,Edil3,Itgav,1.2991874,1.5908265,0.423744395962524,-0.007199342393937269,0.09358042,0.932024,0.07753190542569319
OPCs,Pericytes,Cntn1,Notch1,1.5116794,1.1270444,1.4250371824528563,1.5955632032301337,0.106109545,0.92025936,0.07831104916020318
Neurons,Neurons,Col19a1,Itga10_Itgb1,0.16841872,0.01957533,0.3809568469079349,0.30717939787575166,0.23894529,0.6033239,0.07848219054902376
OPCs,OPCs,Ptn,Alk,1.2961493,1.2399375,0.9001119097879546,1.05054307111067,0.14641494,0.92369246,0.07857155272137151
Neurons,Neurons,Penk,Grm7,1.3396778,1.1126062,0.3815873671771881,0.6635819331296833,0.1446833,0.919785,0.0796176127498592
Oligodendrocytes,Neurons,App,Aplp2,1.2937446,1.5157607,0.15265986746178456,0.37615100569578075,0.06839173,0.9304767,0.07988011490149027
Neurons,Microglia,Nucb2,Erap1,0.14787975,0.019587958,0.4037715691126729,0.3400898787762277,0.11052298,0.60340106,0.07994967374090146
Astrocytes,OPCs,Lgi1,Adam22,1.2937217,1.5430853,1.082536539882927,1.2233975377966495,0.13822374,0.9310524,0.08014302807405498
OPCs,Pericytes,Ncam1,Ncam2,1.3209908,1.1089846,-0.1516740372642341,-0.6672199300342955,0.016554624,0.9196646,0.0804063403278324
Oligodendrocytes,Astrocytes,Edil3,Itgav,1.2914776,1.1415673,0.26451956118938896,1.1631921240593615,0.067152746,0.92072785,0.0804063403278324
OPCs,OPCs,Spon1,App,1.2903666,1.5909276,1.0336341986875162,0.5188765559277118,0.0755324,0.93202597,0.08067005149821757
OPCs,Pericytes,Fgf12,Fgfr2,1.2892277,1.3033998,0.21969820530145276,0.04223869540561853,0.048289835,0.9254331,0.08119865804783341
Neurons,Neurons,P4hb,Mttp,0.14295487,0.019707428,0.13305930732685134,-0.008941126551708659,0.041699544,0.6041284,0.08141666543767068
Microglia,Microglia,Adam10,Trem2,1.2891424,1.5672873,2.4229288819875077,2.087579269739659,0.28384322,0.9315502,0.0814635649625307
Microglia,Microglia,Psap,Lrp1,1.2890145,1.5393289,0.7593423295120018,1.0764876208371166,0.048423592,0.9309741,0.08172887013542318
Oligodendrocytes,OPCs,Nlgn1,Nrxn2,1.2877368,1.5304234,0.5887003976977547,0.0028760448729322485,0.043324623,0.93078744,0.082393868385556
OPCs,Oligodendrocytes,Nrxn2,Nlgn1,1.2877368,1.5304234,0.5887003976977547,0.0028760448729322485,0.043324623,0.93078744,0.082393868385556
Neurons,OPCs,Ptn,Ptprz1,1.5991547,1.0947396,1.310317546630104,0.9819375776151146,0.028072247,0.91918576,0.08252716158533283
Neurons,Oligodendrocytes,App,Rpsa,1.2875333,1.3836746,0.08847876604150343,0.2686764982021158,0.05771024,0.9274692,0.0827940581271121
Microglia,Microglia,Gnai2,P2ry12,1.3921328,1.094472,2.513908326352756,2.240073199173335,0.22497551,0.9191767,0.0827940581271121
Astrocytes,Neurons,Vegfb,Ret,0.14564319,0.019787516,0.155378032600213,0.045325471097984654,0.11744937,0.60461324,0.08288316572165193
OPCs,OPCs,Fgf12,Fgfr2,1.2868931,1.2945832,0.21764160134290667,-0.049921112824595215,0.04796319,0.92519855,0.08306135210406908
Neurons,Neurons,App,Aplp1,1.2866633,1.380523,-0.13489755621876198,-1.0303464761855632,0.0548974,0.9273924,0.08332904335159878
OPCs,Neurons,Olfm2,Robo2,1.2854522,1.5115739,1.12338560916529,1.486327558897244,0.21674582,0.9303872,0.08386560493892037
Astrocytes,Neurons,Ncam1,Ptpra,1.2860341,1.0897509,0.15907035207306025,-0.10012908189448466,0.035633173,0.91901594,0.08386560493892037
Neurons,Neurons,Sst,Grm7,1.3340359,1.0881696,0.310920803875729,0.5279425685720656,0.11015663,0.9189619,0.08413448699273104
Astrocytes,OPCs,Agt,Grm7,1.285205,1.582662,1.0473875085149245,0.5726728844863456,0.1421796,0.9318608,0.08413448699273104
Neurons,OPCs,Sema4a,Plxnb1,0.1421964,0.019788187,0.19289690212372354,0.12656587049830118,0.03563144,0.6046173,0.08434917467516571
OPCs,Astrocytes,Fgf14,Fgfr1,1.542257,1.082821,0.5872264465444414,0.5268221975751626,0.07659323,0.91877824,0.08494351216870441
OPCs,OPCs,App,Grm7,1.2830873,1.576105,-0.22581155891669064,-1.0483218025843284,0.03185794,0.9317289,0.08548483098431936
Oligodendrocytes,Pericytes,App,Lrp1,1.2822392,1.4768438,0.36310946232409225,0.7844014862441876,0.043724142,0.9296307,0.0857560902242536
Neurons,Neurons,Vegfa,Ret,0.14610827,0.01988788,0.12695893477051948,-0.03279335165183847,0.054160066,0.6052178,0.08581470060182148
Astrocytes,Astrocytes,Il18,Il1rapl1,1.295569,1.0780647,0.3898824139508613,0.39977474026442844,0.06496557,0.91861385,0.08629979541313025
Astrocytes,OPCs,Apoe,Lrp4,1.6790231,1.0773067,1.0786279287639755,1.42289129108079,0.13999458,0.9185875,0.08657222879408714
Oligodendrocytes,Microglia,Apoe,Trem2,1.2795018,1.5365008,2.17527750343355,1.760848510727536,0.10919679,0.930915,0.08684506952680893
OPCs,Astrocytes,Cntn1,Notch1,1.5019621,1.0767509,1.3917911182375178,1.479339592901384,0.10137448,0.91856825,0.08684506952680893
Neurons,Neurons,Vegfb,Ret,0.14631392,0.019932263,0.15671707999630052,0.043455121721834994,0.118308514,0.60548407,0.08727972713860624
OPCs,Astrocytes,Psap,Gpr37l1,1.2785685,1.511732,1.2130724274003746,1.0869286922779522,0.072255924,0.9303906,0.08739193572602313
Astrocytes,Microglia,Apoe,Lrp5,1.6785933,1.0747285,1.512126828571203,1.6817191035300105,0.16703413,0.9184979,0.0876659608633056
OPCs,Neurons,Fgf14,Fgfr1,1.540407,1.0729024,0.5837324423144157,0.45700041368964583,0.07589163,0.9184342,0.08821518204513158
OPCs,Astrocytes,Apoe,Sdc2,1.2762225,1.3213161,0.8971459797346553,0.7759550926055472,0.065199316,0.9259028,0.08821518204513158
Neurons,Astrocytes,Rims2,Abca1,1.294811,1.0727345,0.8450559691756931,1.3677490230037503,0.105703376,0.91842836,0.08849039008784076
Pericytes,Microglia,Sdc2,Ptprj,1.2760499,1.4190564,1.5396467210299747,1.9762941150192461,0.11704264,0.9283139,0.08849039008784076
Microglia,Neurons,Psen1,Notch3,0.17561513,0.02040981,0.1116291093725209,0.13801819585235137,0.01233612,0.6083083,0.0887442625918855
Neurons,Neurons,Efna5,Epha5,1.275305,1.5163604,0.8714818188432999,1.6355378560196825,0.2713982,0.93048954,0.08876599210905267
Neurons,Microglia,Rims2,Abca1,1.2944632,1.0712932,0.8443636276389248,1.5105830115897083,0.10556135,0.918378,0.08876599210905267
Neurons,Pericytes,Gnas,Adcy9,1.2850399,1.0692219,0.3791890814029828,0.5212572530965555,0.05552859,0.9183054,0.0890419879441623
Neurons,Neurons,Slit2,App,1.2744914,1.3364357,0.389174982960123,0.5046279341933855,0.1502369,0.9262921,0.0890419879441623
Astrocytes,Pericytes,Ncam1,Ncam2,1.2802982,1.0663815,-0.18317100106085948,-0.6366058056635099,0.015918653,0.91820556,0.08931836501278857
Oligodendrocytes,Oligodendrocytes,Ncam1,Robo1,1.2740482,1.5280825,-0.061815067933083306,0.03934459006885427,0.029718934,0.93073815,0.08959514796421916
Astrocytes,Microglia,Apoe,Lrp6,1.6769063,1.0646105,0.8482296212917372,1.2897749582517848,0.051238734,0.91814315,0.08959514796421916
Astrocytes,Pericytes,Cntn1,Ptprz1,1.273914,1.1410486,0.6421026293488433,0.9466478712655443,0.025503509,0.9207113,0.08987232423573999
OPCs,OPCs,Cntn1,Notch1,1.4992931,1.062937,1.3826599338425885,1.4241935393563534,0.100073926,0.918084,0.09014989366274599
Neurons,OPCs,Fgf10,Fgfr1,0.14543611,0.020695932,0.13999104811010815,0.08742255888777678,0.08524093,0.60996556,0.09020830704397978
Astrocytes,Pericytes,Cntn1,Nrcam,1.2708766,1.1290934,0.5143383355559858,0.7879567530474916,0.027069332,0.920326,0.09070619882079439
Oligodendrocytes,OPCs,Cntn2,Nrcam,1.2700292,1.3087817,0.8031335734927776,1.5679189124567516,0.20962426,0.92557514,0.09098494670900356
Pericytes,Microglia,Gnai2,P2ry12,1.3837082,1.0555408,2.4996497267197553,2.2665012538269154,0.21697293,0.91782105,0.09126408709428539
OPCs,Pericytes,Ptn,Ptprz1,1.2696567,1.1361117,0.6505137062795545,0.8577409612921917,0.029133148,0.92055285,0.09154361981203496
Neurons,Neurons,Slc6a8,Lifr,0.14886455,0.020757394,-0.042873952705634016,-0.309070975825287,0.018123116,0.6103183,0.09167186057720955
Pericytes,Microglia,Apoe,Lrp1,1.2654426,1.495042,0.6548406333813384,1.0129873979320343,0.03420932,0.9300302,0.09210384899447943
OPCs,Microglia,Serpine2,Lrp1,1.2652684,1.4947149,1.5227725753164905,1.6476814005075675,0.07510221,0.93002313,0.09238455770441657
Pericytes,Neurons,Ncam1,Ncam2,1.2648509,1.2984799,-0.24382286596368785,-0.5070601646221982,0.019383358,0.9253025,0.09266565808840886
OPCs,OPCs,Il18,Il1rapl1,1.7448426,1.0450008,0.6008176512480481,0.7765138146727601,0.0629731,0.9174418,0.09294714998185138
Astrocytes,Neurons,Lgals8,Itga3,0.14568087,0.020969842,0.14475161099526798,0.08396313091024935,0.0610072,0.61152846,0.09313493148141096
Neurons,Microglia,Sorbs1,Itgb5,1.2614383,1.4152322,1.9941220466254537,1.838757062787684,0.14443614,0.928224,0.09351129495877555
OPCs,Astrocytes,S100a1,Trpm3,1.8678113,1.040941,1.0880825394273317,1.545793447415377,0.1362812,0.91729426,0.09407701664304227
OPCs,Microglia,Ncam1,Fgfr2,1.3037677,1.0360097,-0.019054815319127727,-0.33204952203893645,0.025595674,0.91711396,0.09436046359712719
Neurons,Astrocytes,Txlna,Stx4a,0.14751513,0.021014238,-0.010286167955056163,-0.13109124655962948,0.026676876,0.6117797,0.09459750342111999
OPCs,Astrocytes,Ptn,Ptprs,1.2601047,1.0986774,0.519323978024329,0.5523623359379652,0.042778395,0.91931903,0.09464430107303981
Neurons,Microglia,Fgf12,Fgfr2,1.3031878,1.0354426,0.22045097632639585,0.4049432729168978,0.038362253,0.91709316,0.09521313414685591
OPCs,Pericytes,Ptn,Cdh10,1.2579467,1.0902199,0.3364304139472323,0.3449944717626915,0.029564803,0.919032,0.09578354008279416
Neurons,Astrocytes,Sema4a,Nrp1_Plxna2,0.14730217,0.021028077,-0.0012362590513649574,-0.12731864261539916,0.018170154,0.61185783,0.09605958468892642
Astrocytes,Microglia,Cntn1,Notch2,1.2573694,1.0759277,1.0766870939038928,1.3161043656384857,0.09259931,0.91853964,0.0960693276812811
OPCs,Neurons,Alcam,Chl1,1.2564703,1.3784927,0.8523140337557229,1.076128872246263,0.09317524,0.9273429,0.09664205844374593
Microglia,Pericytes,Psap,Lrp1,1.2559257,1.4308885,0.7142701306400094,0.9747567549118644,0.045012314,0.9285897,0.09721635886378416
Neurons,Neurons,Adam9,Itga3,0.146168,0.021096274,0.19262261530347285,0.06288426239564568,0.088600084,0.6122422,0.09752117536715087
Microglia,Microglia,Apoe,Trem2,1.2520732,1.4489094,2.155177227119149,1.8345252922356072,0.1029718,0.92900354,0.09865889936502906
Neurons,Oligodendrocytes,Ncam1,Robo1,1.2512879,1.4841261,-0.07943349041921192,-0.6113347944480525,0.028864047,0.9297914,0.09894857486351291
Neurons,Astrocytes,F8,Ldlr,0.1758079,0.021241661,0.1435284600820031,0.10657918473190059,0.061421458,0.6130572,0.09898227553811377
OPCs,Astrocytes,Apoe,Sorl1,1.2494993,1.2234728,0.5732915030941355,0.4842453740864926,0.07092193,0.92322004,0.09923862522070759
Astrocytes,Neurons,Bcan,Nrcam,1.2491684,1.5280703,1.2157628954529325,1.3532891341326172,0.0828983,0.9307379,0.09952907631352595
OPCs,Neurons,Cntn1,Ptprz1,1.4897496,1.0135425,0.7983015181604555,0.7617028851161882,0.022653628,0.9162768,0.09981991496531196
OPCs,Astrocytes,Cntn6,Ptprg,1.2440093,1.5475534,0.8872864182507894,1.0434318774689584,0.10203095,0.93114513,0.10040275428736714
Neurons,Astrocytes,Col4a1,Cd47,0.14947745,0.021245355,0.000847677658266599,-0.19933807494253714,0.018836562,0.61307776,0.10044289347788952
OPCs,Neurons,Ntn1,Dscam,1.2424855,1.4548061,1.9293894165071637,1.5798781958920247,0.18618664,0.92913735,0.10069474151203675
OPCs,Pericytes,Ncam1,Robo1,1.2976846,1.0102355,-0.03469056294550729,-0.3695467968207047,0.01964758,0.91615134,0.10069474151203675
Astrocytes,Astrocytes,Ptn,Cdh10,1.2420669,1.3535566,0.317416091283381,0.3225625137749948,0.03670602,0.9267255,0.10098712873627964
OPCs,Pericytes,Nrxn2,Nlgn1,1.2418586,1.379458,0.55998578546567,0.3779818233941682,0.039050955,0.9273665,0.1014264280712189
Pericytes,OPCs,Nlgn1,Nrxn2,1.2418586,1.379458,0.55998578546567,0.3779818233941682,0.039050955,0.9273665,0.1014264280712189
Neurons,Microglia,Vegfc,Nrp2,0.15117845,0.021408482,0.22107405588649576,0.23849232637111686,0.0918175,0.6139846,0.10190301287853992
Astrocytes,Neurons,App,Grm7,1.3149362,1.0054452,-0.24521375323120537,-0.6398452725672531,0.020323148,0.91596866,0.10216053014356806
Astrocytes,OPCs,Psap,Lrp1,1.2407479,1.5161488,0.8147003399561834,0.8085326486598754,0.047694396,0.930485,0.10216053014356806
Oligodendrocytes,Oligodendrocytes,App,Dcc,1.2404919,1.3356328,-0.06916639615565878,-0.16858699329176074,0.03719995,0.9262716,0.10274955453773443
Oligodendrocytes,Astrocytes,Cntn2,Nrcam,1.2402217,1.2659489,0.7707500385976709,1.6170638656487237,0.20276383,0.9244209,0.10304464543961162
Pericytes,Pericytes,Ptn,Sdc3,1.3393651,1.0020937,1.0123943003504983,1.5392551433043153,0.08917359,0.91584,0.10304464543961162
Pericytes,OPCs,Cntn1,Nrcam,1.2401435,1.1999046,0.622298258705073,0.7549978333303269,0.028766984,0.92252773,0.10334012192521151
Pericytes,Neurons,Sema5a,Plxna3,0.16613495,0.021460453,0.08464405092375775,0.0639588745393433,0.030894242,0.6142719,0.10336264201889075
Astrocytes,Microglia,Fgf14,Fgfr2,1.2654927,0.99857455,-0.031884433291219955,-0.5487021986658313,0.021240165,0.91570437,0.10363597054023344
Pericytes,Pericytes,Vtn,Itgav_Itgb1,1.3756396,0.9976097,2.8946914030528665,2.762896009179582,0.1255127,0.91566706,0.10422884991402903
Neurons,OPCs,Psap,Lrp1,1.2369363,1.5055265,0.8111842212257497,0.8048246754955277,0.04736025,0.93025726,0.10422884991402903
OPCs,Astrocytes,Cntn4,Aplp1,1.2723434,0.99649936,0.37589172514103225,-0.0891357394595007,0.06415677,0.915624,0.1045258670711946
Oligodendrocytes,Neurons,Gnai2,Adcy7,0.15343475,0.021617485,0.10479367065570495,0.17710331896746498,0.01994263,0.61513525,0.10482178098126252
Astrocytes,Microglia,Ncam1,Fgfr2,1.263075,0.9962099,-0.05055177911575312,-0.30143539766815086,0.02461238,0.91561276,0.10482326898906531
Neurons,Microglia,Cd47,Sirpa,1.2349573,1.1584493,1.6626909071854692,1.6244104985491559,0.19935942,0.92126197,0.10497210749810487
Microglia,Neurons,Sirpa,Cd47,1.2349573,1.1584493,1.6626909071854692,1.6244104985491559,0.19935942,0.92126197,0.10497210749810487
Neurons,Pericytes,Fgf14,Fgfr1,1.6610998,0.99604106,0.6101813767308816,1.3879964976049652,0.07045485,0.9156062,0.10512104212696463
OPCs,OPCs,Apoe,Lrp6,1.2347176,1.1693516,0.6563549496233511,0.5334189378968044,0.056279827,0.921601,0.10541921305517767
Oligodendrocytes,OPCs,Il18,Il1rapl1,1.7369587,0.9951919,0.5884669841425368,1.0748169570394137,0.05997155,0.91557324,0.10571776825028836
Pericytes,Neurons,Col4a6,Itga10_Itgb1,0.18239063,0.021661788,1.0532869400362939,0.6689426707172548,0.2350034,0.6153776,0.10628043803072848
Astrocytes,Pericytes,Lama2,Itga1,1.2329261,1.5126123,2.7984255578628447,2.354134063090143,0.3479818,0.93040943,0.10631603078278273
Neurons,Neurons,App,Rpsa,1.2325197,1.18441,0.04062621342811133,-0.4831833113451075,0.04939932,0.92206204,0.10691581492812882
OPCs,Pericytes,Nrg3,Egfr,1.4234464,0.99290055,0.8805789471005236,0.6552786076033467,0.11752192,0.91548413,0.10751714629403479
Pericytes,Pericytes,Apoe,Lrp1,1.2323537,1.3897214,0.6097684345093461,0.9112565320067821,0.031799387,0.9276157,0.10751714629403479
Pericytes,Neurons,Col4a2,Itga10_Itgb1,0.18265568,0.021701368,0.3864151969053891,0.4343213134468705,0.114126705,0.6155936,0.1077385968813545
OPCs,Pericytes,Serpine2,Lrp1,1.2321796,1.3894174,1.4777003764444983,1.5459505345823152,0.069811516,0.9276084,0.10781838673129557
Astrocytes,OPCs,Serpine2,Lrp1,1.2315702,1.4905725,1.4066736305264997,1.4932754149967047,0.07489406,0.9299328,0.10842200272595896
Pericytes,Neurons,Ptn,Alk,1.3362902,0.98838496,0.8461788624277278,1.4461639739365952,0.11671097,0.91530764,0.10872439150242849
Neurons,OPCs,Sema7a,Plxnc1,0.14818701,0.021762736,0.1961227162129204,0.1204705599624645,0.08659941,0.61592764,0.10919626580096342
Oligodendrocytes,Oligodendrocytes,App,Rpsa,1.2276368,1.2921504,0.0427463623427755,0.7063574191383936,0.05389295,0.92513347,0.10933031625953563
Astrocytes,Microglia,Sdc2,Ptprj,1.2276227,1.2511615,1.4437747526735576,1.7624862250888884,0.1031948,0.92400944,0.10963385191096325
OPCs,Pericytes,Cntn6,Ptprg,1.2268082,1.5046742,0.8689426255362598,1.289823285475546,0.0992039,0.9302389,0.10993775587359997
Oligodendrocytes,Neurons,App,Aplp1,1.2267666,1.2892072,-0.18062995991748992,-0.5926655552492855,0.05126617,0.92505443,0.11024205526817307
Astrocytes,Pericytes,Ncam1,Robo1,1.2569919,0.97142595,-0.06618752674213269,-0.3389326724499191,0.018892791,0.9146344,0.11054673629598638
Pericytes,Neurons,Col4a1,Itga10_Itgb1,0.18331636,0.02180003,0.6334264368402537,0.5652678330598403,0.16964048,0.6161302,0.11065344487187576
Pericytes,OPCs,App,Lrp1,1.2262931,1.4758658,0.47609026122047027,0.32560547734819356,0.043695185,0.92960906,0.11085179879243483
Pericytes,Astrocytes,Psap,Gpr37l1,1.2250328,1.3372816,1.163700170578152,1.1034847204876368,0.06391776,0.9263137,0.11207584640145854
Astrocytes,Neurons,Gnai2,Drd2,0.16672298,0.021810047,0.17277573733950355,0.12694740326032783,0.09752528,0.61618453,0.11211013417641198
Neurons,OPCs,App,Lrp6,1.2248995,1.156809,0.3677839973110323,0.19910085647923004,0.07203855,0.9212105,0.112382813754925
Neurons,Oligodendrocytes,Txlna,Stx4a,0.15227751,0.022159051,-0.0014718627909298294,0.07079972122609368,0.02813018,0.61806,0.11356634196590444
Astrocytes,OPCs,Apoe,Abca1,1.6588857,0.95653015,0.9527995422875153,1.2948032098423536,0.06229921,0.9140292,0.11361447247650411
Neurons,Neurons,Slit2,Robo1,1.22305,1.2605147,0.5240486327382377,1.0230090710440152,0.15055427,0.9242705,0.11392334057193802
Oligodendrocytes,OPCs,Il1rapl1,Ptprs,1.2222047,1.4937686,0.299263815087055,-0.05973481328859975,0.039035335,0.9300025,0.11485220822328687
OPCs,Neurons,Il1rapl1,Ptprf,1.7306441,0.95529795,0.6196805125431141,0.7808688936219484,0.10235802,0.9139785,0.11485220822328687
Neurons,Neurons,Nptx1,Nptxr,0.15193152,0.022365224,0.24572663471233192,0.1797747283963378,0.28304362,0.6191525,0.11502205198190316
OPCs,Astrocytes,Nlgn1,Nrxn2,1.8777649,0.95238763,0.5080802036523538,0.6895861102975691,0.026961058,0.91385853,0.11562887611946976
Astrocytes,OPCs,Nrxn2,Nlgn1,1.8777649,0.95238763,0.5080802036523538,0.6895861102975691,0.026961058,0.91385853,0.11562887611946976
Microglia,Pericytes,App,Grm7,1.2195653,1.0750318,-0.2965173666383784,-0.2825250145637812,0.021729706,0.91850847,0.11578450222573408
Neurons,OPCs,App,Aplp2,1.2193063,1.13655,0.056351902526835834,-0.3130950395130647,0.051281597,0.920567,0.11609601046090932
Neurons,Pericytes,Cgn,Tgfbr1,0.16090357,0.022459622,0.19112343376676327,0.023162550380261035,0.038323127,0.61964893,0.11647727247848777
OPCs,Neurons,Apoe,Lrp1,1.2187631,1.1109362,0.5159835743365543,0.24844247645243234,0.025420265,0.9197296,0.11672019023504285
Pericytes,OPCs,Ntn1,Dcc,1.4222611,0.94881207,1.1135324544178786,1.2239004917596548,0.11351528,0.9137104,0.11765928173158224
Pericytes,Neurons,Col4a3,Itga10_Itgb1,0.18863846,0.02259479,1.2657842872546943,0.6457659046392193,0.28602684,0.6203558,0.11793200353797877
Neurons,Oligodendrocytes,Slit2,App,1.2145948,1.248036,0.3434425792613951,0.9423088551296632,0.14029936,0.9239216,0.11923199490165715
Astrocytes,Pericytes,Apoe,Ldlr,1.6570884,0.9457505,0.9175019546188852,1.4271714868331247,0.09046152,0.9135829,0.11923199490165715
Neurons,Microglia,Sema4f,Nrp2,0.15448135,0.022658372,0.2117019728762921,0.22918497180846475,0.117193885,0.62068665,0.11938624524269661
Neurons,Neurons,Slit2,Dcc,1.2140343,1.2472088,0.5701965051031765,1.216693002995895,0.17120394,0.9238983,0.11986372497105734
OPCs,Neurons,Cntn6,Ptprg,1.212064,1.4679196,0.8532183338913321,1.027953759752839,0.09678065,0.9294322,0.12049696116257816
Pericytes,Neurons,Ncam1,Robo1,1.212023,1.2228429,-0.12324344466798945,-0.1360648437477281,0.023782479,0.92320174,0.12081412939606584
Neurons,Neurons,Sema4b,Dcbld2,0.15472838,0.02285248,0.15024751642737844,0.036458903710503004,0.030476958,0.6216903,0.12084000583024421
Neurons,Pericytes,App,Rpsa,1.2117472,1.1091697,0.022558708121785613,-0.33544183616962364,0.0462612,0.9196708,0.12113168789594791
Pericytes,Neurons,Col4a5,Itga10_Itgb1,0.19092053,0.022935579,0.722364117833698,0.6389813759557289,0.14987768,0.622117,0.12229326906963284
Pericytes,Astrocytes,Cntn1,Nrcam,1.2103361,1.160635,0.5899147238099663,0.8041427865222988,0.02782552,0.9213303,0.12240566463974017
Pericytes,OPCs,Vtn,Itgav_Itgb1,1.3626804,0.93743885,2.9873531390208212,2.836940006782342,0.16890648,0.91323376,0.12240566463974017
Neurons,Neurons,App,Lrp1,1.208945,1.0990201,0.22741262202423548,-0.08587560496514202,0.032538112,0.9193306,0.1230449120840024
OPCs,OPCs,App,Lrp1,1.2057661,1.4186608,0.46041706506765767,0.10577983976313754,0.04200154,0.9283046,0.12336509821517877
Pericytes,Pericytes,Apoe,Sdc2,1.2050493,1.3028123,0.9053735642652794,1.2199808678172028,0.064286254,0.92541754,0.12368565906624529
Astrocytes,Neurons,Ncan,Sdc3,0.15187359,0.023050193,0.2801049643285071,0.1525843093214798,0.02183703,0.6227028,0.12374604320121028
Neurons,Pericytes,App,Aplp2,1.2040983,1.0814649,0.04027135119610628,-0.19257906986658713,0.04879614,0.91873145,0.12432788983784146
Astrocytes,Neurons,Col1a2,Itga10_Itgb1,0.19221015,0.02312816,0.6134770084949217,0.44859280987718964,0.111172974,0.6230994,0.12519832830729705
Neurons,Neurons,Slit2,Robo2,1.1993194,1.2254914,0.7558173587974356,1.5034554307069432,0.2120655,0.9232784,0.1262635869733329
OPCs,Microglia,Sorbs1,Itgb5,1.1977279,1.2010437,1.9102330788274053,1.7701251404605323,0.12257644,0.92256165,0.12658751286268544
Pericytes,Oligodendrocytes,App,Grm7,1.1967665,1.4133183,-0.27659344541903824,-0.5044408732468195,0.02856752,0.92817897,0.12723646911567552
Neurons,Neurons,Sema3c,Nrp2_Plxna1,0.15254122,0.023194082,0.2135958547432409,0.0696762619103492,0.09492538,0.6234336,0.12737584329517623
Neurons,Neurons,Sema3c,Nrp1_Plxna1,0.15254122,0.023194082,0.2135958547432409,0.0696762619103492,0.09492538,0.6234336,0.12737584329517623
OPCs,Neurons,Vcan,Itgb1,1.5811859,0.91364175,2.613422210898755,2.181554008744397,0.12703277,0.91220963,0.12756151371605007
Microglia,Neurons,Adam10,Cadm1,1.1943092,1.3811166,0.4794244734199088,0.7585862525450224,0.06145691,0.9274069,0.1282127204923371
Neurons,Neurons,Efna5,Epha6,1.1932064,1.3614274,0.8712420913394867,1.7732144977121904,0.47528672,0.9269221,0.12853888233903954
Oligodendrocytes,OPCs,Ptn,Cdh10,1.1930046,1.3700364,0.2757152890240032,0.5704831746597097,0.03715292,0.9271353,0.12886540160573093
Neurons,Astrocytes,Sema6b,Plxna2,0.15381274,0.023283124,0.059177376143094124,-0.08167444035634677,0.03827471,0.6238832,0.1295522584346408
Astrocytes,Astrocytes,Cntn1,Notch2,1.2149363,0.90890753,0.968626225395099,1.1034258360875828,0.07822478,0.91200143,0.1301752401080115
Neurons,OPCs,Ntrk3,Ptprs,1.1892195,1.412879,0.7746615635586593,1.0176447169430511,0.0789146,0.9281686,0.1305036467193385
OPCs,Microglia,Fgf12,Fgfr2,1.1885893,0.9233588,0.13104764495051743,-0.1470064969778081,0.034209646,0.9126323,0.13083239493002857
Pericytes,OPCs,Ptn,Sdc2,1.3171275,0.90294945,0.8486553950772154,1.3494188008012793,0.05858256,0.9117371,0.13083239493002857
Neurons,Neurons,Tctn1,Tmem67,0.15643553,0.023340363,0.2760786395776909,0.1683662573048647,0.11800024,0.62417126,0.13100258825922823
Pericytes,OPCs,Dcn,Erbb4,1.6821079,0.9029402,1.0942138371754435,1.447339937025573,0.20188749,0.9117367,0.1311615436072878
Neurons,Oligodendrocytes,App,Aplp2,1.1882807,1.024172,0.023546391487064236,-0.11184746347852914,0.046211056,0.9166761,0.13149103348809615
Neurons,Pericytes,Penk,Grm7,1.1877215,0.9564662,0.2870781552760581,0.9785526055168565,0.12437886,0.91402656,0.13182089394043547
Astrocytes,Neurons,Col11a2,Itga10_Itgb1,0.19676207,0.02380791,0.38248470153954994,0.35189944415348684,0.06760632,0.62649465,0.132452429469928
Neurons,Microglia,App,Rpsa,1.1864002,1.0173607,0.0005117255640132018,-0.4979004755234169,0.042432033,0.91642094,0.13281275654502328
Oligodendrocytes,Neurons,Ncam1,Fgfr2,1.1863531,1.2505348,-0.09383792338574809,-0.27562623338117365,0.030895738,0.92399186,0.13314409770406727
OPCs,Neurons,Nrxn1,Nlgn3,2.0559144,0.7859534,0.7512057403484895,0.996317344849321,0.056562483,0.9059918,0.13316628221671742
Neurons,OPCs,Nlgn3,Nrxn1,2.0559144,0.7859534,0.7512057403484895,0.996317344849321,0.056562483,0.9059918,0.13316628221671742
OPCs,Pericytes,Fgf14,Fgfr1,1.5069004,0.89327025,0.520469711400413,0.5296729856589772,0.06318537,0.91130257,0.133807918935014
Pericytes,Microglia,Vcl,Itgb5,1.1850787,1.1585186,2.2536523440271585,2.2675504309343237,0.20498683,0.9212641,0.133807918935014
Oligodendrocytes,Neurons,Psen1,Ncstn,0.15688781,0.023858655,0.02169423318869557,0.024798192645210826,0.024891766,0.62674373,0.1339017821490605
OPCs,OPCs,Vegfa,Itga9,1.1838576,0.91233236,2.5506820152959904,1.9209022060589864,0.18415049,0.91215223,0.1344732179762615
OPCs,Neurons,Apoe,Sorl1,1.1831319,0.9804772,0.4801128714391627,0.2726223707318799,0.05683602,0.91499573,0.1348064062986753
OPCs,Astrocytes,Olfm2,Robo2,1.1829189,1.324922,1.032211067457436,1.0263409357831934,0.18998164,0.9259962,0.13513996354673286
Neurons,OPCs,Arpc5,Ldlr,0.16278635,0.02387819,0.02083540965056724,-0.13838405972730677,0.02420245,0.62683946,0.13535065450680456
Oligodendrocytes,Microglia,Ncam1,Ptpra,1.1822467,1.2375383,0.12471330418985258,0.5478948297434179,0.040465593,0.92362416,0.13580821419187222
Neurons,Pericytes,Sst,Grm7,1.1820796,0.935459,0.216411591974599,0.8429132409592388,0.094697565,0.91315,0.13614290732593426
Neurons,Oligodendrocytes,Ntng1,Lrrc4c,1.1817963,1.2403755,0.22391165674687946,0.18521900002480784,0.077249005,0.9237049,0.13647793869685204
Neurons,Oligodendrocytes,Slc6a8,Lifr,0.1631935,0.02395001,-0.019099592549239548,-0.06993075659926085,0.020910565,0.6271907,0.13679903036702434
Oligodendrocytes,Neurons,Il1rapl1,Ptprs,1.1809174,1.3931715,0.25090675471597385,-0.030883384372972777,0.03640652,0.9276989,0.13714913574483237
Neurons,Microglia,App,Notch2,1.1788743,0.9901011,0.6493210660626682,0.5093584354109608,0.096205935,0.9153748,0.1378218040189735
Neurons,Microglia,Gnas,Adcy7,1.2391766,0.8813659,0.9219727497435959,0.8079895425270974,0.18701929,0.91075885,0.1378218040189735
Astrocytes,Oligodendrocytes,Agt,Grm7,1.1783574,1.3641894,0.9809324258597643,0.8967281762387984,0.12255295,0.92699075,0.13815867432352935
Astrocytes,Neurons,Col4a5,Itga3_Itgb1,0.15737954,0.024006175,0.4986424495798493,0.36500653871963284,0.14597975,0.6274645,0.13824691794263894
OPCs,Pericytes,Ptn,Sdc3,1.2045271,0.88086605,0.8945965011267397,1.0531325974969965,0.078385875,0.9107357,0.1384959119078417
Oligodendrocytes,OPCs,Apoe,Lrp1,1.1778506,1.3408651,0.7335220166597101,0.8958060940730075,0.030681465,0.926405,0.1384959119078417
Neurons,Microglia,Cx3cl1,Cx3cr1,1.2564197,0.8794314,2.551867582515678,2.0477895864632387,0.4887647,0.91066945,0.13883354693487482
OPCs,Microglia,Edil3,Itgav,1.1776731,1.1993719,0.25968798802391113,-0.030482215781300392,0.07055309,0.9225119,0.13883354693487482
Neurons,Neurons,Fstl5,Cntn5,1.1772535,1.370815,0.7831757305279938,1.8719962920297746,0.4102648,0.9271545,0.139509887480311
Neurons,Astrocytes,Fgf10,Fgfrl1,0.15894608,0.024048792,0.5090146813728984,0.36701696192708555,0.30859298,0.6276718,0.1396943173159688
OPCs,Oligodendrocytes,App,Grm7,1.1762395,1.3585376,-0.2922666415718509,-0.7242665108318755,0.027460232,0.9268501,0.13984859260363908
OPCs,OPCs,Adam10,Nrcam,1.1760917,0.96655506,0.7098943789704972,0.7393896513988474,0.051526308,0.91443795,0.1401876641837801
Pericytes,OPCs,Vtn,Cd47,1.348996,0.8739007,2.8088708035015646,2.5183421231606955,0.16657947,0.9104125,0.14052713254824847
Neurons,Oligodendrocytes,Nlgn1,Nrxn2,1.475322,0.87312096,0.2759145811202138,0.6209256762896239,0.024717107,0.9103761,0.14103697584400288
Oligodendrocytes,Neurons,Nrxn2,Nlgn1,1.475322,0.87312096,0.2759145811202138,0.6209256762896239,0.024717107,0.9103761,0.14103697584400288
Neurons,Pericytes,Cgn,Tgfbr2,0.16874528,0.024064576,0.43553391274198017,0.3483890125276484,0.09645604,0.6277484,0.14114123668623585
Neurons,OPCs,App,Rpsa,1.1749678,0.9759511,-0.009432287128346872,-0.5868580921094774,0.040704925,0.91481566,0.1415476729621131
Pericytes,Neurons,Ptn,Ptprz1,1.3104273,0.8730776,0.6547343802965961,0.8322307223646517,0.022388201,0.9103741,0.1415476729621131
OPCs,Astrocytes,Apoe,Abca1,1.1742244,0.9478636,0.7226709389953465,0.6090852498029107,0.06173475,0.9136709,0.14188857442321687
OPCs,Microglia,Apoe,Abca1,1.1738765,0.94659007,0.7219785974585783,0.7519192383888686,0.061651804,0.91361785,0.1422298720098853
Neurons,Neurons,Nppc,Npr2,0.1583332,0.024130035,0.25382768893945984,0.1866406981855427,0.14405578,0.6280657,0.14258765178505636
OPCs,Pericytes,Cntn1,Notch2,1.4619675,0.86975086,1.0782920835247967,1.41715540063961,0.07485477,0.91021824,0.1429135324076082
OPCs,Neurons,Ptn,Alk,1.2014523,0.8688157,0.7283810632039692,0.9600414281292764,0.10259193,0.91017425,0.1432558948238832
Oligodendrocytes,Neurons,App,Rpsa,1.1726232,1.1060662,-0.005106190270616592,-0.04550239040882975,0.046131764,0.9195672,0.1432558948238832
Neurons,Microglia,Il1rapl1,Ptprs,1.3163931,0.8680926,0.14723972980731154,0.36208369833452925,0.022685098,0.9101402,0.14359862205108392
Oligodendrocytes,Pericytes,Edil3,Itgav,1.2233448,0.8667232,0.17253353206032257,1.0964829225937436,0.050985023,0.91007566,0.14394174474471708
Neurons,Astrocytes,Sema4a,Nrp1_Plxna4,0.16019072,0.024157954,-0.05225663976448666,-0.2457800349601747,0.0141483275,0.6282008,0.14403359515688088
Oligodendrocytes,OPCs,Adam10,Nrcam,1.1691675,0.94132966,0.7015126799291067,1.0072788944213613,0.05018156,0.9133977,0.14428520113273746
OPCs,Oligodendrocytes,Nxph1,Nrxn2,1.4644936,0.86589557,0.8958360794905237,1.1117028414494907,0.060902897,0.9100365,0.14462905272343166
Neurons,Astrocytes,Nlgn3,Nrxn1,2.0040138,0.7650928,0.7233121035528645,1.1648499749523826,0.055061214,0.90483993,0.1447445675136177
Astrocytes,Neurons,Nrxn1,Nlgn3,2.0040138,0.7650928,0.7233121035528645,1.1648499749523826,0.055061214,0.90483993,0.1447445675136177
Astrocytes,Oligodendrocytes,Apoe,Vldlr,1.6437057,0.8654865,0.8325280634556118,1.472878759957841,0.14237623,0.9100172,0.1449732376138813
Neurons,Pericytes,F8,Ldlr,0.19643225,0.02443795,0.18293577946546385,0.289550490982368,0.070663705,0.6295455,0.14547903443285104
Astrocytes,Neurons,Apoe,Sdc2,1.6436148,0.8649413,0.8962118990427236,1.1890878848317143,0.04267985,0.9099914,0.1456627301776757
Neurons,OPCs,Gnas,Adcy9,1.235147,0.8648604,0.3006614674536448,0.2630989014971788,0.044915352,0.90998757,0.14600800657096602
OPCs,Oligodendrocytes,Ntn1,Unc5c,1.1662709,1.3108796,1.562545028005474,1.2911950943934907,0.1595723,0.9256303,0.14600800657096602
OPCs,Pericytes,Ptdss1,Scarb1,0.15717718,0.02446949,0.12918315497342564,0.15810891267411023,0.044949498,0.62969595,0.14692400213551685
Pericytes,Microglia,Ptn,Ptprs,1.3078237,0.8614693,0.5350855001579896,0.9292672030159455,0.033542402,0.9098265,0.147392807733693
Neurons,Oligodendrocytes,Dscam,Dcc,1.1652417,1.2167785,0.3062466601166111,0.18227134615803198,0.044267207,0.9230253,0.147392807733693
Microglia,Pericytes,Selplg,Esam,1.2833284,0.85962796,3.6040169680953023,2.6074827106598324,0.9022909,0.9097387,0.1477399000173874
Oligodendrocytes,OPCs,App,Lrp6,1.165003,1.0802909,0.32205159361230434,0.6367817774155078,0.06727351,0.9186909,0.1477399000173874
Neurons,Neurons,Ncam1,Fgfr2,1.1635928,1.2145623,-0.11145634587187671,-0.9263056178980804,0.030007,0.9229605,0.14808738618408737
Astrocytes,Pericytes,App,Grm7,1.1629798,0.86434394,-0.33972296513233535,-0.32487460018007985,0.017471055,0.9099631,0.14843520367828889
Astrocytes,Pericytes,Cntn1,Notch1,1.2017765,0.85710984,1.155261168434527,1.2688754046446309,0.080695614,0.9096182,0.14843520367828889
OPCs,Microglia,Vegfa,Sirpa,1.1624647,0.8916053,1.8298176266377255,1.8648872671014325,0.16896336,0.9112271,0.1487833835145852
Pericytes,Microglia,Vtn,Cd47,1.3452677,0.85658926,2.8038942600955434,2.664927745765001,0.16327964,0.90959316,0.1487833835145852
Pericytes,Neurons,Sema3c,Nrp2_Plxna3,0.18348135,0.024505595,0.2854548197532008,0.46969565086708215,0.10597706,0.62986785,0.1490905311499543
Pericytes,Neurons,Sema3c,Nrp1_Plxna3,0.18348135,0.024505595,0.2854548197532008,0.46969565086708215,0.10597706,0.62986785,0.1490905311499543
Oligodendrocytes,Neurons,Cntn2,Cntn1,1.1619751,1.1535097,0.44073945433156647,1.1447086393515011,0.13789923,0.9211068,0.14913195683770084
OPCs,Astrocytes,Ncam1,Fgfr1,1.2612301,0.8557777,0.41429202544748284,0.4102234385735119,0.070310466,0.90955424,0.14948086089693347
Neurons,Astrocytes,Fgf12,Fgfr1,1.2606503,0.8553092,0.6537978170930064,1.147216233529346,0.105379835,0.9095317,0.14983015817878337
OPCs,OPCs,Psap,Lrp1,1.1606297,1.2928735,0.7408128785628993,0.6105651597048121,0.040670693,0.92515284,0.14983015817878337
Microglia,Astrocytes,Fgf13,Fgfr3,1.1597211,1.3084788,1.7241768908640673,2.0146365433317226,0.25738075,0.92556715,0.15052977494549186
Neurons,Microglia,Ncam1,Ptpra,1.1594863,1.2019396,0.10709488170372396,-0.10278455477348891,0.039301574,0.9225883,0.150880156914631
Oligodendrocytes,OPCs,App,Aplp2,1.1594098,1.061372,0.010619498828107908,0.12458588142321303,0.047889538,0.9180286,0.15123086863453608
Oligodendrocytes,Neurons,Gnai2,P2ry12,0.16083892,0.024539264,0.009477208689848403,-0.09155175388176975,0.005044197,0.63002783,0.15125596309430756
Pericytes,Pericytes,Vtn,Itgav_Itgb5,1.3441243,0.8512808,3.1187934286760477,3.0373202329279794,0.14039193,0.9093373,0.1515819729163006
Pericytes,Astrocytes,Apoe,Sdc2,1.1566223,1.1486707,0.8095015959088625,1.0061729778868451,0.056680262,0.9209539,0.15228520088948805
Astrocytes,Astrocytes,Entpd1,Adora2b,0.15673044,0.024563575,0.5367825633565313,0.32109741482535314,0.03532731,0.6301432,0.1526989642510178
OPCs,Neurons,Ncam1,Fgfr1,1.2593801,0.8479388,0.41079802121745707,0.3404016546879952,0.06966642,0.909175,0.15298990265512705
Pericytes,Oligodendrocytes,Lama2,Rpsa,1.1528499,1.1778733,0.8959195590162722,1.609866204887743,0.095358066,0.92186296,0.15334280982157092
Neurons,Neurons,Fgf12,Fgfr1,1.2588003,0.84747463,0.6503038128629807,1.0773944496438295,0.10441455,0.9091524,0.15334280982157092
Astrocytes,Astrocytes,Alcam,Chl1,1.1527025,1.3287227,0.7957013607908814,1.0144504237831522,0.08981118,0.9260943,0.15369604535990627
Astrocytes,Neurons,Sema4a,Nrp1_Plxna3,0.18496536,0.02476611,0.4475726669545539,0.31716418767678173,0.12503183,0.63109964,0.15414149421866943
Neurons,Pericytes,Il1rapl1,Ptprs,1.311541,0.8462935,0.1415568327902714,0.32564697554946387,0.022115441,0.90909475,0.15440362768698593
Oligodendrocytes,Astrocytes,Psap,Gpr37l1,1.1525981,1.1012473,1.0968987729343784,1.0699149820387748,0.052636083,0.91940564,0.15440362768698593
Oligodendrocytes,Pericytes,App,Rpsa,1.1518506,1.0358028,-0.023173695576942314,0.10223908476665411,0.043201216,0.9171064,0.1554676816428411
Pericytes,Neurons,Col8a1,Itga10_Itgb1,0.2049623,0.025032468,0.7339266455233125,0.725225752195554,0.21655597,0.632344,0.15558353688409451
Pericytes,Pericytes,Ptn,Ptprs,1.3029715,0.83983654,0.5294026031409496,0.8928304802308801,0.0327001,0.90877783,0.15582307401647635
OPCs,Neurons,Ntn1,Unc5c,1.1516039,1.2831823,1.5517219774097464,0.679565627412128,0.15620072,0.9248919,0.15582307401647635
Neurons,Astrocytes,App,Rpsa,1.1505057,0.8873472,-0.030709645697239926,-0.414432808670699,0.037009437,0.9110333,0.15617885723227434
Pericytes,OPCs,Ntn1,Unc5c,1.2809669,0.83975714,0.8980242793365867,0.8902070987294052,0.10222295,0.90877384,0.15617885723227434
Microglia,OPCs,Apoe,Lrp1,1.150422,1.2644264,0.7134217403453091,0.9694828755810787,0.028932406,0.9243789,0.15653496724500152
Oligodendrocytes,Neurons,App,Lrp1,1.1490484,1.0263246,0.18168021832550757,0.35180531597113573,0.030385852,0.9167563,0.15689146783509822
Neurons,Neurons,Lamc1,Itga3_Itgb1,0.16168049,0.025122467,0.17297049331522435,-0.006438310313455875,0.051566657,0.63276106,0.15702507615599812
Neurons,Astrocytes,Cntn6,Ptprg,1.1481234,1.3094473,0.7696706105566657,1.177799116969942,0.0863325,0.92559266,0.1572482948285268
Neurons,Neurons,Ntrk3,Ptprs,1.1479323,1.3177295,0.7263045031875782,1.0464961458586781,0.073600136,0.92580944,0.15760548004933222
Neurons,Astrocytes,App,Aplp1,1.1472472,0.87554467,-0.23504798977520616,-1.0084463060068019,0.034816608,0.91048914,0.15796305545021255
Astrocytes,OPCs,Ntrk3,Ptprs,1.1470369,1.3094347,0.726546320338483,0.8660992779742696,0.07313684,0.9255923,0.1583209566641487
Neurons,OPCs,Sema4b,Dcbld2,0.16474834,0.025292093,0.1733331123377344,0.09625382669425478,0.03373052,0.6335426,0.15846614446940177
Neurons,OPCs,Adam10,Nrcam,1.1465819,0.85904694,0.674168778404803,0.5097192416625577,0.045795135,0.90971094,0.15867924779321887
Astrocytes,Oligodendrocytes,Apoe,Sorl1,1.6379008,0.83067125,0.7265980061046159,1.0726994207590246,0.04815211,0.9083219,0.15903786434189535
OPCs,Astrocytes,Adam10,Nrcam,1.1462842,0.93492234,0.6775108440753905,0.7885346045908193,0.049839992,0.9131272,0.15903786434189535
OPCs,Neurons,Ncam1,Ptprz1,1.2550812,0.8297244,0.2529881114195677,-0.0733803831226767,0.01680304,0.9082745,0.159396838295005
Neurons,Neurons,Sema7a,Plxnc1,0.1616242,0.025368294,0.24118800123796238,0.14278526241887166,0.100946836,0.6338917,0.15990670956485772
Oligodendrocytes,Pericytes,App,Aplp2,1.1442018,1.0099306,-0.00546105250262165,0.24510185106969062,0.04556848,0.9161398,0.15993600129175184
Astrocytes,Astrocytes,Fgf14,Fgfr1,1.2229551,0.824855,0.40146240747539064,0.1935707619466171,0.05834603,0.90802896,0.1608363696078785
Pericytes,Microglia,Mfge8,Itgb5,1.1427089,1.0160749,3.0001081123803894,2.4828784202203633,0.49162808,0.9163725,0.16119712817842655
Astrocytes,Neurons,Nrg2,Lrrtm2,0.16980545,0.02537674,0.05698063919240577,0.06546397659401115,0.046645116,0.6339303,0.1613468038555238
OPCs,Pericytes,Vcan,Itga4,1.5653042,0.8234095,2.907504907905058,2.658435674332825,0.49267173,0.9079557,0.16191974687552224
Pericytes,OPCs,Il18,Il1rapl1,1.7097578,0.8233439,0.5458567840733602,0.7917634955775299,0.049615767,0.9079524,0.16228160673683348
OPCs,Neurons,Gnai2,Drd2,0.18822101,0.025651764,0.2091611924821761,0.05693620249865221,0.11470381,0.6351802,0.16278641125557097
Microglia,Oligodendrocytes,App,Aplp1,1.1397918,0.9829009,-0.2682762492504509,0.17921841824486684,0.039085697,0.9150917,0.16300632912452873
Astrocytes,Astrocytes,Ncam1,Fgfr1,1.2205374,0.8229018,0.3827950616508574,0.4408375629442975,0.06760939,0.90792996,0.16300632912452873
Oligodendrocytes,Astrocytes,Adam10,Nrcam,1.1393601,0.9105225,0.669129145034,1.0564238476133334,0.048539255,0.9120726,0.16336925638924438
Neurons,OPCs,Edil3,Itgav,1.1383712,1.2731693,0.3244489631645377,-0.33295927031261374,0.07489423,0.9246193,0.16373250651761231
Pericytes,Astrocytes,Gpc3,Cd81,1.3121445,0.82207257,0.764342887187826,1.052476810864869,0.12214091,0.9078878,0.16373250651761231
Astrocytes,Astrocytes,Apoe,Ldlr,1.636464,0.8220538,0.8780946352354244,1.2442001805826572,0.07862988,0.90788686,0.1640961445721911
Oligodendrocytes,OPCs,Csf1,Csf2ra,0.16115436,0.025848115,0.1363833010101437,0.3109905985324043,0.07061353,0.6360633,0.16422551570102456
Neurons,Astrocytes,App,Notch2,1.1364411,0.836404,0.5412601975538743,0.2966799058600579,0.08127153,0.90860796,0.1644601050974161
Neurons,Microglia,Gnas,Adcy9,1.2246505,0.82186687,0.28414094299258613,0.37916600617173973,0.042682543,0.9078773,0.1644601050974161
Pericytes,Oligodendrocytes,Nrxn1,Nlgn1,1.1363875,1.2488575,-0.2458633256174087,-0.6332783503062096,0.008592337,0.9239447,0.16537159166664064
Oligodendrocytes,Pericytes,Nlgn1,Nrxn1,1.1363875,1.2488575,-0.2458633256174087,-0.6332783503062096,0.008592337,0.9239447,0.16537159166664064
Neurons,Pericytes,Efnb2,Epha4,0.16785935,0.025908425,0.1548050142028788,0.09119538669730833,0.055113874,0.636333,0.16566414957226086
Oligodendrocytes,Pericytes,Ncam1,Fgfr2,1.1363813,1.0923784,-0.13785689358113018,0.004027592909906619,0.026988322,0.9191055,0.16591956054982476
Pericytes,Microglia,Gpc3,Cd81,1.3078412,0.8189428,0.7610703078824199,1.0727287377542893,0.12167589,0.9077282,0.16665138190450235
Oligodendrocytes,OPCs,Ncam1,Fgfr2,1.1340466,1.0849892,-0.13991349753967627,-0.08813221532030713,0.026805764,0.91885287,0.16701785650226503
Neurons,Neurons,Sema3a,Nrp1_Plxna1,0.16210762,0.025947215,0.3142652423725164,0.3104188613654032,0.21266015,0.6365061,0.16710228066446803
Astrocytes,Astrocytes,Cntn1,Notch1,1.1920593,0.81886196,1.1220151042191886,1.1526517943158812,0.07709463,0.907724,0.1673846519992583
Microglia,Neurons,App,Dcc,1.1337936,0.9759734,-0.15705328775563357,-0.2707058970407781,0.027182741,0.91481656,0.1673846519992583
Neurons,Pericytes,Cntn6,Ptprg,1.1309223,1.2731655,0.7513268178421364,1.4241905249765296,0.08394042,0.92461926,0.1681193366965944
Pericytes,Astrocytes,Apoe,Sorl1,1.1298991,1.0636117,0.4856471192683426,0.7144632593677905,0.061655145,0.91810787,0.16848719258823752
Neurons,Pericytes,Sema4a,Plxnb1,0.16764985,0.02596934,0.2598191889691892,0.2565332707071293,0.04676148,0.6366046,0.16853994133617733
Astrocytes,Neurons,Fgf14,Fgfr1,1.2211051,0.8172994,0.39796840324536487,0.12374897806110041,0.05781158,0.90764403,0.1688554346796708
Astrocytes,Neurons,Ncam1,Fgfr1,1.2186874,0.81536406,0.37930105742083164,0.3710157790587808,0.06699009,0.9075446,0.16996221209962842
OPCs,OPCs,Mmp2,Fgfr1,0.16169354,0.02611889,0.6606830248673216,0.16250242041181254,0.08676654,0.63726854,0.1699771155288753
Oligodendrocytes,Oligodendrocytes,App,Aplp2,1.1283841,0.9564273,-0.02218601221166369,0.3258334574577486,0.04315439,0.91402495,0.17033183203438068
Astrocytes,Oligodendrocytes,Nlgn1,Nrxn2,1.3859702,0.81349957,0.2199928272084904,0.12726979310822062,0.02302929,0.90744853,0.17051680734248187
Oligodendrocytes,Astrocytes,Nrxn2,Nlgn1,1.3859702,0.81349957,0.2199928272084904,0.12726979310822062,0.02302929,0.90744853,0.17051680734248187
Astrocytes,Neurons,Wnt7a,Reck,0.16352665,0.026264587,0.567356889393813,0.27310105957698855,0.09765307,0.63791126,0.17141378720588443
OPCs,Astrocytes,Apoe,Lrp6,1.1364022,0.809383,0.4927177549378229,0.39177038643160567,0.03895487,0.90723526,0.1714428715857005
Oligodendrocytes,Microglia,App,Rpsa,1.1265036,0.95006657,-0.045220678134714726,-0.060219554587139124,0.03962533,0.9137624,0.17181389980486822
OPCs,OPCs,Adam17,Erbb4,1.6667281,0.80850506,0.6678784075129531,0.8256690013626908,0.063170835,0.9071896,0.1721852796678637
Astrocytes,OPCs,Cntn1,Notch1,1.1893903,0.8083566,1.1128839198242595,1.0975057407708506,0.076105565,0.90718186,0.17255704440093228
OPCs,Neurons,Arpc5,Ldlr,0.16238758,0.026324928,0.02566139293745232,-0.14721150174234668,0.026682416,0.6381762,0.17284998869298204
OPCs,Neurons,P4hb,Mttp,0.16254133,0.026364813,0.17773310031076633,0.11356633264938766,0.055786096,0.63835096,0.17428568783994614
Microglia,Neurons,Psap,Lrp1,1.1227348,0.99438816,0.5328408866414248,0.5421605846388126,0.03128106,0.915542,0.17442103479465176
Astrocytes,Astrocytes,S100a1,Trpm3,1.8330923,0.80260605,1.0270511550648962,1.6328331262810472,0.105078116,0.90688086,0.17516909244474838
Pericytes,Oligodendrocytes,Ncam1,Ncam2,1.1222029,1.0942419,-0.34346779616357753,-0.46596893258526206,0.016334547,0.9191689,0.17516909244474838
Neurons,Astrocytes,B2m,Tfrc,0.16436785,0.026676377,-0.06532351966218422,-0.3360456133633547,0.00685932,0.639706,0.17572091695072728
Pericytes,OPCs,Nrxn2,Nlgn1,1.8561763,0.8020437,0.4804072873296165,0.7014088375773935,0.022704987,0.90685123,0.17610612577163615
OPCs,Pericytes,Nlgn1,Nrxn2,1.8561763,0.8020437,0.4804072873296165,0.7014088375773935,0.022704987,0.90685123,0.17610612577163615
Neurons,Astrocytes,App,Lrp6,1.1265842,0.80070144,0.20414680262550405,0.05745230501403131,0.049862493,0.9067805,0.17666937501874364
Oligodendrocytes,Microglia,App,Notch2,1.1189777,0.9246101,0.6035886623639403,0.9470393563472386,0.08984232,0.9126863,0.17704534519960713
Neurons,Astrocytes,Vegfc,Itgb1,0.17465344,0.026720697,0.16205196315242712,0.11319901729303083,0.050831787,0.6398973,0.1771556599941047
Astrocytes,Microglia,Il1rapl1,Ptprs,1.2284468,0.80011934,0.08911800832127817,-0.008011086697120806,0.02090881,0.9067497,0.1774216309831404
Neurons,Neurons,Cntn4,Aplp1,1.117918,1.1232613,0.20806313402599028,0.08911761604849333,0.07231798,0.9201359,0.17779826594167067
Astrocytes,Neurons,Ncam1,Ptprz1,1.2143885,0.79784936,0.22149114762294225,-0.042766258751891106,0.016157528,0.90662956,0.1781752837729274
Astrocytes,Astrocytes,Mdk,Ptprz1,1.1772753,0.79775393,1.4981047788806539,1.6342542476115316,0.1471357,0.9066245,0.17855261661901614
Astrocytes,Neurons,Gnai2,Adcy7,0.17682919,0.026743809,0.1443889784524079,0.09469938852375345,0.024671784,0.6399968,0.178589900960675
Astrocytes,Microglia,Apoe,Sorl1,1.632167,0.79628164,0.7185478689517294,1.0652572390484,0.046158623,0.9065463,0.17893033207126482
Neurons,Astrocytes,Adam10,Nrcam,1.1167743,0.8309326,0.6417852435096963,0.5588641948545295,0.044296384,0.90833503,0.17893033207126482
Neurons,Neurons,Cntn6,Ptprg,1.116178,1.2420659,0.7356025261972086,1.1623209992538226,0.08189001,0.92375284,0.17930836214652157
Neurons,Astrocytes,Sema6b,Plxna4,0.16670129,0.026748648,0.008156995429972419,-0.2001358327011223,0.029802894,0.64001775,0.1800236721216627
Pericytes,OPCs,Adam10,Nrcam,1.128738,0.79403967,0.6525671192522722,0.7277359115268964,0.042329647,0.9064268,0.18006550120734732
Astrocytes,OPCs,Ptn,Cdh10,1.1154168,1.1491114,0.20793289010263502,0.07082494434470976,0.031161834,0.92096794,0.18006550120734732
OPCs,OPCs,Ptn,Sdc2,1.1822895,0.7937157,0.7308575958534569,0.8632962549939605,0.05149557,0.90640944,0.18044457587625473
Pericytes,OPCs,Apoe,Lrp6,1.1151174,1.0165621,0.5687105657975582,0.7636368231781023,0.04892621,0.91639084,0.18082403248465337
Oligodendrocytes,OPCs,App,Rpsa,1.115071,0.911396,-0.0551646908270748,-0.14917717117319962,0.038012467,0.912111,0.18120380273676776
Pericytes,OPCs,Gpc3,Unc5c,1.2698324,0.79129934,0.7398097045493559,0.9363736934482983,0.2305961,0.90628004,0.18120380273676776
Neurons,Neurons,Gnai2,Adora1,0.16406485,0.026822988,-0.02559366397163044,-0.31111468759670663,0.014884172,0.64033735,0.18145694138138924
Oligodendrocytes,Astrocytes,Ncam1,Robo1,1.1147406,1.0238873,-0.1793642644027231,-0.2827116617911706,0.019913087,0.9166655,0.1815839205179919
Oligodendrocytes,Astrocytes,Ncam1,Ptpra,1.1145383,1.0232472,0.047110849853163175,0.31975659298199044,0.03345861,0.9166416,0.181964419838531
Oligodendrocytes,Astrocytes,Cntn1,Ptprz1,1.1751161,0.7893581,0.7859291882437364,0.5382788940394342,0.017642895,0.9061757,0.18234523221539137
Microglia,Oligodendrocytes,Psap,Gpr37,1.1141204,0.9661564,0.4888637345354048,1.2668451281079072,0.15533121,0.91442186,0.18234523221539137
Astrocytes,OPCs,Lgi1,Adam23,1.1138866,0.9477774,0.976455719901235,1.1017195906521122,0.12047324,0.9136673,0.18272642586470458
Neurons,Pericytes,Adcyap1,Adcyap1r1,0.16416742,0.026864482,0.16737529869381185,0.21077798681925516,0.079756185,0.6405153,0.18288974098927097
Pericytes,OPCs,Bcan,Nrcam,1.1272929,0.7887746,0.8486826229765889,1.0776698094132453,0.042791273,0.90614426,0.18310793217881083
Neurons,Pericytes,Ncam1,Fgfr2,1.113621,1.0609553,-0.15547531606725878,-0.6466517916070001,0.026211984,0.9180138,0.18348978519908313
Neurons,OPCs,Ncam1,Fgfr2,1.1112863,1.0537786,-0.15753192002580488,-0.7388115998372139,0.026034677,0.91775805,0.18425456506135784
OPCs,Neurons,Col5a3,Sdc3,0.16481245,0.026878808,0.6405356549730528,0.2280705019044806,0.04954867,0.6405767,0.1843220549413566
Neurons,Neurons,Gnai2,Ptpru,0.16434982,0.02691096,0.1515720754563734,-0.1071965430647393,0.039410304,0.6407143,0.18575386725549364
Neurons,Astrocytes,Fgf13,Fgfr3,1.1089028,1.171198,1.6584388281131015,1.6613243024519546,0.23037729,0.921658,0.18578827839091733
OPCs,Oligodendrocytes,Il1rapl1,Ptprs,1.7034359,0.7834031,0.3676994940998084,0.29157346606278145,0.020471983,0.9058533,0.18598037293103278
Oligodendrocytes,Oligodendrocytes,Edil3,Itgav,1.2026744,0.78333974,0.1446265854443465,1.2392007485954983,0.046079986,0.9058498,0.1865572092245225
Neurons,Pericytes,Efnb2,Pecam1,0.17204419,0.026914727,0.6507118994854153,0.5851893968527483,0.2263911,0.64073044,0.18718521014840003
Pericytes,Pericytes,Sorbs1,Itga1,1.1082826,1.2268405,2.49666000503165,2.149310575629034,0.23988041,0.9233174,0.18771317716198363
Astrocytes,Pericytes,Il1rapl1,Ptprs,1.2235947,0.7800271,0.08343511130423803,-0.044447809482186185,0.020383758,0.905669,0.18771317716198363
OPCs,OPCs,Adam10,Cadm1,1.1080406,0.8943369,0.3315002074665412,0.28766278569094883,0.039796192,0.9113508,0.18809917797350761
Astrocytes,Neurons,Entpd1,Adora1,0.16478947,0.027074827,0.1416746749944028,0.02496541600490107,0.014952182,0.64141273,0.1886160515788947
Oligodendrocytes,OPCs,Ncam1,Gfra1,1.107338,1.0004587,0.5601336000540736,0.8105487695235147,0.1177774,0.9157771,0.1888722478650393
Neurons,Astrocytes,App,Aplp2,1.1200753,0.77712584,-0.04857119784863752,-0.4212229575294276,0.035064235,0.90550965,0.18925928191326105
Pericytes,OPCs,Psap,Lrp1,1.107094,1.1436789,0.6914406217406769,0.6271211879144967,0.03597739,0.92079526,0.18964669482954116
Pericytes,Neurons,Gnas,Adcy8,1.1059117,1.1820704,0.3207908663086079,0.32272126294081427,0.05547552,0.92199093,0.1900344168895546
Pericytes,Neurons,Lgals8,Itga3,0.16927555,0.027093727,0.19346208147838592,0.1771003396162332,0.07882332,0.641493,0.19004642374190572
Astrocytes,OPCs,Adam10,Nrcam,1.123513,0.77500415,0.6462415679257207,0.6963667779148156,0.041314878,0.90539265,0.19042251755017336
Astrocytes,Neurons,Ntrk3,Ptprs,1.1057496,1.2212515,0.6781892599674018,0.8949507068898965,0.06821147,0.9231556,0.19042251755017336
Astrocytes,Astrocytes,Psap,Lrp1,1.1050828,1.220919,0.6299003901118001,0.6932844531735035,0.038407177,0.9231459,0.19081092696358817
OPCs,Neurons,Slit2,Plxna1,0.16619506,0.027123556,0.09047526659108238,-0.12015356366593669,0.058719248,0.64161956,0.19147631066072823
Astrocytes,Neurons,Cntn1,Ptprz1,1.1798468,0.7707924,0.5285255041421264,0.43501508653068544,0.017227935,0.905159,0.19236806713751575
Neurons,Astrocytes,Fstl5,Chl1,1.1037289,1.215777,0.9158042591557818,1.453983651455867,0.23089445,0.92299604,0.192758192038593
Neurons,Pericytes,Col4a1,Cd47,0.1750282,0.027190456,0.03495169206061488,-0.10077347636970319,0.024107607,0.64190274,0.19290569638043764
OPCs,Microglia,Alcam,Nrp1,1.1031225,0.855903,0.8207319855730492,1.1351572686245999,0.090609245,0.90956026,0.19314865953111843
Microglia,OPCs,Tgfa,Erbb4,1.6604327,0.7698495,0.688172671505264,0.9480751027499423,0.07584988,0.9051064,0.19314865953111843
OPCs,OPCs,Cntn3,Ptprg,1.1023085,0.8001268,0.6172760989633623,0.5719362915268933,0.0741351,0.90675014,0.19353950455385738
Neurons,OPCs,Fgf1,Fgfrl1,0.16530089,0.027212756,0.22667333133103595,-0.011887597354227758,0.040631182,0.6419969,0.19433461306329142
Neurons,Astrocytes,Psap,Lrp1,1.1012712,1.2123652,0.6263842713813664,0.6895764800091558,0.038138095,0.92289615,0.19471402251498593
Oligodendrocytes,OPCs,Adam10,Cadm1,1.1011165,0.87099624,0.32311850842515066,0.5555520287134629,0.03875758,0.91027665,0.19510620055736438
OPCs,Neurons,Psen1,Ncstn,0.17010148,0.027278567,0.04697258822853423,-0.01601717187029178,0.028459765,0.64227444,0.19576302872255982
OPCs,Neurons,Ptn,Ptprz1,1.1755893,0.76745754,0.5369365810728376,0.34610817655733284,0.019679802,0.90497273,0.19589161657676654
Neurons,OPCs,L1cam,Ptprz1,1.5408682,0.76734185,1.6926567090968982,1.878650303188245,0.21604529,0.90496624,0.19628485428589373
Neurons,OPCs,Efna5,Epha5,1.0995071,1.1846021,0.7065854036796793,1.0161470786589675,0.21202008,0.9220679,0.19628485428589373
Pericytes,Astrocytes,Dcn,Erbb4,1.4512328,0.7671363,0.9439773656804857,1.2649836173065727,0.17152323,0.90495473,0.19667839781769858
Pericytes,Neurons,Apoe,Lrp1,1.0991629,0.9657793,0.4283391905107614,0.4786603617337303,0.02209881,0.91440654,0.19667839781769858
OPCs,Neurons,Serpine2,Lrp1,1.0989888,0.965568,1.2962711324459135,1.1133543643092634,0.04851513,0.914398,0.19707228229506418
Neurons,OPCs,Cgn,Tgfbr1,0.18452346,0.02729388,0.22967509282828297,-0.012260582679537793,0.046571877,0.64233893,0.19719097549872883
Pericytes,Astrocytes,Adam10,Nrcam,1.0989306,0.76805294,0.6201835843571655,0.7768808647188683,0.04094431,0.90500605,0.1974665429633207
Pericytes,Neurons,Lama2,Rpsa,1.0978363,1.0082463,0.8480670064028801,0.8580063953405198,0.08162544,0.91607565,0.19825605069679308
Neurons,Neurons,Farp2,Plxna1,0.16689435,0.0273248,0.20468904780089894,0.07678701455404574,0.09784484,0.6424689,0.1986184374423169
Neurons,Neurons,Gnas,Adcy1,1.2104816,0.7638315,0.48541146140877384,0.4247497473703444,0.14127469,0.9047689,0.19865129737166282
Pericytes,Astrocytes,Bcan,Nrcam,1.0974854,0.76296014,0.8162990880814822,1.1268147626052172,0.041390833,0.9047197,0.1994428464873122
OPCs,Astrocytes,Fgf12,Fgfr1,1.1460519,0.7627244,0.564394485717128,0.5952664636346403,0.09397276,0.90470636,0.19983911306678528
OPCs,Neurons,Lgals8,Itga3,0.17063262,0.027445946,0.1962636515664767,0.12313368080922707,0.07984802,0.64297694,0.20004539862560433
Neurons,Astrocytes,Slit2,Robo2,1.0967859,1.0741653,0.6646428170895815,1.0434688075928926,0.18587926,0.91847825,0.20023575489874174
Astrocytes,Astrocytes,Serpine2,Lrp1,1.0959052,1.200323,1.2218736806821164,1.378027219510333,0.06031043,0.9225402,0.2006327006018106
Neurons,Astrocytes,Ptn,Ptprz1,1.1670126,0.7578477,0.7885482885108726,0.4233069744747161,0.01943338,0.9044295,0.2006327006018106
OPCs,Microglia,Ptn,Ptprs,1.1729857,0.7572536,0.41728770093423107,0.4431446572086266,0.02948463,0.90439564,0.2010299856045531
Pericytes,Neurons,Col4a4,Itga3_Itgb1,0.17183653,0.027758412,0.812383754750496,0.5146938921443869,0.38762438,0.6442752,0.20147189115643427
Microglia,Astrocytes,Adam10,Cadm1,1.094875,1.1859131,0.390105212353176,0.6085939692181253,0.052770745,0.9221076,0.20222394631667154
OPCs,Neurons,Fgf12,Fgfr1,1.1442018,0.75573784,0.5609004814871023,0.5254446797491236,0.09311197,0.904309,0.20262258693307367
Neurons,Pericytes,Il15ra,Axl,0.22256935,0.027776526,0.8250687955068738,0.5941968828185729,0.04464299,0.64434993,0.2028978831024819
Oligodendrocytes,OPCs,Ptn,Ptprs,1.0942265,1.1799276,0.47342814694995683,0.8565419891175818,0.04594197,0.92192566,0.20302156602620586
OPCs,Neurons,Alcam,Nrp1,1.0940073,0.82483935,0.8045203647299958,0.993201782185794,0.087320715,0.9080281,0.20342091929847395
OPCs,Neurons,Apoe,Lrp8,1.1212893,0.75404876,0.6668039306045501,0.4965972660958883,0.101483904,0.9042121,0.20382057488167002
Neurons,OPCs,F8,Lrp4,0.21836706,0.02783733,0.34406175361055424,0.2852702952300332,0.10935628,0.64460045,0.20432340654983758
OPCs,OPCs,Nrxn2,Nlgn3,1.092686,0.8885943,1.3507160696061087,1.3554857601116912,0.26312372,0.91109014,0.20482122812827505
OPCs,OPCs,Nlgn3,Nrxn2,1.092686,0.8885943,1.3507160696061087,1.3554857601116912,0.26312372,0.91109014,0.20482122812827505
Neurons,Pericytes,Cntn1,Ptprz1,1.0926237,0.9308279,0.4842865098257264,0.6606056055416963,0.02080488,0.91295296,0.20542264743550798
Oligodendrocytes,Neurons,Csf1,Csf2ra,0.16710454,0.02789768,0.1532234215078982,0.2824327307934664,0.07621267,0.64484847,0.20574844557621988
OPCs,OPCs,Nlgn2,Nrxn2,1.0925846,0.88826084,1.1385561688467327,1.2073638473706585,0.20218685,0.911075,0.2060247897499411
OPCs,OPCs,Nrxn2,Nlgn2,1.0925846,0.88826084,1.1385561688467327,1.2073638473706585,0.20218685,0.911075,0.2060247897499411
Astrocytes,Astrocytes,Adam10,Nrcam,1.0937055,0.74964035,0.613858033030614,0.7455117311067875,0.039962754,0.90395784,0.20622570850020217
Neurons,Astrocytes,Ncam1,Robo1,1.0919802,0.9944344,-0.1969826868888517,-0.9333910463080773,0.019340273,0.91554385,0.20662772659867323
OPCs,Neurons,Apoe,Lrp6,1.1196866,0.7481805,0.4648955316634923,0.19850458720073694,0.03600925,0.9038732,0.20703008152798713
Neurons,Astrocytes,Ncam1,Ptpra,1.091778,0.9938128,0.02949242736703455,-0.3309227915349163,0.032496147,0.91551965,0.20703008152798713
Neurons,Astrocytes,Sema3c,Nrp1_Plxna2,0.167185,0.027914839,-0.029574002391608657,-0.20123320258694113,0.020662267,0.64491886,0.20717298428109093
Pericytes,Astrocytes,App,Lrp1,1.090628,1.1884801,0.29129031137608696,0.21035728186182168,0.035186708,0.9221852,0.2074328092934199
Oligodendrocytes,Astrocytes,App,Rpsa,1.0906091,0.8286529,-0.07644204939596785,0.02324811226557877,0.03456142,0.9082206,0.20783583742087539
Pericytes,Pericytes,Nlgn1,Nrxn1,1.0905094,1.1256665,-0.2745779378494934,-0.25817257178497366,0.007744764,0.9202145,0.2084410464379963
Pericytes,Pericytes,Nrxn1,Nlgn1,1.0905094,1.1256665,-0.2745779378494934,-0.25817257178497366,0.007744764,0.9202145,0.2084410464379963
OPCs,Neurons,Farp2,Plxna1,0.16924948,0.028002586,0.2100283645237228,0.15156869878284593,0.100271866,0.64527816,0.2085970547179257
Astrocytes,Pericytes,Apoe,Abca1,1.6237278,0.74566716,0.8828085698136582,1.2502924523193746,0.048565615,0.90372694,0.2090469754579794
Neurons,Pericytes,Cntn1,Nrcam,1.0895864,0.9210754,0.35652221603286893,0.5019144873236436,0.022082224,0.9125335,0.20945138429714158
Pericytes,Oligodendrocytes,Vtn,Cd47,1.3213023,0.74531496,2.7719070323716646,2.612082607394255,0.14206897,0.9037064,0.20965369646123141
Neurons,Oligodendrocytes,Gnai2,Adcy9,0.16837007,0.028152041,-0.1471824328138937,-0.4867887116413636,0.0063563213,0.6458871,0.21002064098075174
OPCs,Astrocytes,Edil3,Itgav,1.0883571,0.91164327,0.1391033053976337,-0.3119685946793219,0.053627443,0.9121219,0.21026117264683974
Oligodendrocytes,Oligodendrocytes,Ncam1,Ptpra,1.0881671,0.9397846,0.016885375125219256,0.5287174949154269,0.030729508,0.9133327,0.2110722660739486
Pericytes,Neurons,Vegfa,Ret,0.18452573,0.028178494,0.20252320410331504,0.22969596932648947,0.07673764,0.6459945,0.21144372718532928
OPCs,Neurons,Il18,Il1rapl1,1.2885765,0.74312174,0.29928155253989885,0.5174730780542733,0.044781476,0.9035781,0.21147835187160474
Oligodendrocytes,Astrocytes,App,Aplp1,1.0873506,0.8176311,-0.2807803934739341,-0.5707653850705241,0.032513637,0.907661,0.21147835187160474
OPCs,OPCs,Cntn4,Aplp1,1.2106752,0.7422732,0.3315918866136234,-0.28528170303967015,0.04778914,0.90352833,0.21229149151865329
Microglia,OPCs,Il18,Il1rapl1,1.6968327,0.7416858,0.5256093323690403,0.7689829983814684,0.04469495,0.9034938,0.21269854497873392
Neurons,OPCs,Efnb2,Ephb1,0.17732857,0.028185437,-0.04692035178176651,-0.4412815588218725,0.053661365,0.6460227,0.21286634535253451
OPCs,OPCs,Apoe,Sdc2,1.1178697,0.74152863,0.5836514433938399,0.4797753161573626,0.03659015,0.9034846,0.21310593280082651
Oligodendrocytes,OPCs,Ncam1,Ptpra,1.084755,0.9289856,0.012974978360401459,0.24192481332755433,0.030376397,0.9128742,0.2135136914417414
Neurons,OPCs,Ncam1,Gfra1,1.0845777,0.9716798,0.5425151775679451,0.1598693850066079,0.11438945,0.9146446,0.21392174752409232
Neurons,OPCs,Dnajb11,Prtg,0.16871443,0.028263902,0.18987759968985626,0.10614155515406837,0.083321184,0.6463405,0.21428846363699475
Oligodendrocytes,Neurons,Trf,Tfrc,1.1681687,0.740662,0.36846903470969816,1.7544581219867688,0.1754059,0.90343356,0.21433017415603905
Neurons,Neurons,App,Lrp6,1.1098685,0.74015546,0.17632457935117352,-0.13581349421683742,0.04609208,0.9034037,0.2147388978402579
Astrocytes,Oligodendrocytes,App,Aplp1,1.0832064,0.79026914,-0.3114818477444079,0.1368688326285682,0.03142557,0.9062247,0.215147955063545
Oligodendrocytes,Pericytes,Edil3,Itgb5,1.1918297,0.7395927,0.3966355576835036,1.370907146342141,0.057029173,0.9033705,0.2155573824324834
Microglia,OPCs,Mif,Ackr3,0.1698609,0.028321737,0.2538231814745955,-0.36102725172380495,0.022540236,0.6465741,0.21571011403786305
Oligodendrocytes,OPCs,Cntn1,Nrcam,1.1137826,0.73955536,0.5122991233064546,0.20732870531640646,0.01773039,0.9033683,0.21596710627006765
Oligodendrocytes,Pericytes,Ncam1,Ptprz1,1.0811237,0.91749275,0.15911259801334676,0.5850843241775986,0.01858047,0.91237795,0.21637719998392901
OPCs,Pericytes,Ptn,Ptprs,1.1681335,0.7382378,0.41160480391719095,0.40670793442356123,0.028744226,0.90329045,0.2167875897774202
Astrocytes,OPCs,Wnt7a,Fzd9_Lrp5,0.1691235,0.028339373,1.01549549801536,0.4776439606085319,0.3553585,0.6466452,0.21784167463932386
Astrocytes,OPCs,Wnt7a,Fzd9_Lrp6,0.1691235,0.028339373,1.01549549801536,0.4776439606085319,0.3553585,0.6466452,0.21784167463932386
Neurons,Microglia,Gas6,Mertk,1.2835717,0.7367304,1.8737058192550498,2.0094290588518575,0.1406315,0.90320116,0.21802079174671438
Neurons,OPCs,Adam10,Cadm1,1.0785308,0.79486144,0.29577460690084695,0.057992375954659114,0.035369735,0.9064706,0.2196697363755106
Oligodendrocytes,OPCs,Psen1,Ncstn,0.16904944,0.028343074,0.053067394905873824,0.08763228225494313,0.029570367,0.6466601,0.21997214706135818
Microglia,Oligodendrocytes,Psap,Sort1,1.0783416,0.8489003,0.4059149336788166,0.8351441608542746,0.07281353,0.9092218,0.22008278337896417
Astrocytes,Neurons,App,Dcc,1.077208,0.7846993,-0.2002588862495905,-0.3130554826570767,0.02185539,0.9059237,0.22049619891094874
Pericytes,Pericytes,Lama2,Rpsa,1.0770637,0.94419694,0.8299995010965544,1.0057478705160037,0.07644014,0.913518,0.22090990857838688
Neurons,Microglia,Arpc5,Adrb2,0.18392023,0.028594794,0.860374555854504,0.3152120698323057,0.12911858,0.64766955,0.2213918469834132
Oligodendrocytes,Astrocytes,App,Notch2,1.0765445,0.7810794,0.4955277938551464,0.7343608267963356,0.07589576,0.90572655,0.2217383581776595
Microglia,OPCs,Ncam1,Ptprz1,1.5340993,0.729321,0.9926746324616932,0.6265312897216742,0.014769737,0.90275836,0.2217383581776595
Neurons,Microglia,Cntn1,Notch2,1.0760791,0.8777047,0.9188709743807759,1.0300620999146377,0.07553932,0.91058946,0.22215306059174897
Neurons,Oligodendrocytes,Col4a1,Itgav_Itgb8,0.18121949,0.028631033,0.16241709803785234,0.1863393999527745,0.025211789,0.6478141,0.2228110794063437
Astrocytes,Neurons,Vegfa,Grin2b,1.0731051,1.1019924,1.1649760062961634,1.5392445370764518,0.29174283,0.9194307,0.2233991879714618
Neurons,Neurons,Vegfc,Nrp2,0.18438902,0.02892379,0.2980731868723482,0.2470214358147346,0.12404944,0.64897376,0.22422982847848072
Oligodendrocytes,Pericytes,Ncam1,Ptpra,1.0723156,0.88961583,-0.0012824374420867552,0.3188402133068877,0.029089069,0.91113675,0.2242316028100006
Neurons,OPCs,Efnb2,Ephb2,0.18108633,0.029089047,0.2181280966730279,0.1994562936260207,0.10937425,0.64962244,0.2256480783698508
Pericytes,OPCs,Gpc3,Cd81,1.1737025,0.72138494,0.6590786228698738,0.716334614327175,0.10718106,0.9022771,0.2259003885678873
Astrocytes,Oligodendrocytes,Lgi1,Adam22,1.0705026,0.80416316,0.8478792428258658,0.886356631013495,0.07203388,0.90696263,0.2259003885678873
OPCs,OPCs,Mdk,Ptprz1,1.5324686,0.72016084,1.792828365277949,1.921467323076637,0.13282463,0.9022022,0.22631838945865085
Astrocytes,Neurons,Reln,Itga3_Itgb1,0.17748743,0.02922508,0.29196494113940996,0.24091782530174186,0.18049787,0.65015316,0.22706586099278808
OPCs,Astrocytes,App,Lrp1,1.070101,1.1424141,0.27561711522327437,-0.009468355723234345,0.033822857,0.9207549,0.22715541547042045
Astrocytes,Pericytes,Sorbs1,Itga1,1.0700396,1.1391606,2.446304270429098,2.007728091191588,0.22273663,0.92065084,0.22757440268869183
OPCs,Microglia,Spon1,App,1.0700333,0.90233636,0.8653997077206745,0.2921576434803461,0.042840183,0.9117098,0.22799375600582988
Neurons,OPCs,Fgf1,Fgfr1,0.17132515,0.029331684,-0.059467355986601134,-0.22183609585704112,0.014057057,0.6505672,0.22848314461044347
Pericytes,Neurons,Ncam1,Cacna1c,1.0689942,1.0180596,0.12259899303000771,0.22469010009860213,0.02863385,0.9164472,0.22883340974803928
Neurons,Astrocytes,Nlgn1,Nrxn2,1.4452637,0.71579534,0.23738515457040432,0.5169618363022301,0.020263389,0.9019336,0.229043518783916
Astrocytes,Neurons,Nrxn2,Nlgn1,1.4452637,0.71579534,0.23738515457040432,0.5169618363022301,0.020263389,0.9019336,0.229043518783916
Microglia,Oligodendrocytes,Fgf13,Fgfr2,1.0670421,1.1289152,0.4573493588814148,1.4282329223669965,0.093101,0.9203202,0.22967433760038625
Neurons,Pericytes,Timp3,Ddr1,0.17139105,0.029358717,-0.1506957003251685,-0.5131269149171531,0.008155522,0.65067184,0.22989996111346492
Oligodendrocytes,Astrocytes,Cntn1,Nrcam,1.0839752,0.7153517,0.47991558841134785,0.25647365850837833,0.017150123,0.9019062,0.23009533083890066
Neurons,OPCs,Cadm3,Cadm1,1.067029,0.75608957,0.5637598949533561,0.6475650463011344,0.14405774,0.9043291,0.23009533083890066
Oligodendrocytes,Astrocytes,App,Lrp6,1.0666876,0.7477384,0.1584143989267761,0.49513322595030906,0.0465643,0.9038476,0.23093826180755
Neurons,Neurons,Reln,Itga3_Itgb1,0.17803288,0.029366646,0.29316377470596844,0.38887249790282563,0.1813722,0.65070254,0.23131629467730042
Neurons,Oligodendrocytes,Ncam1,Ptpra,1.0654068,0.912751,-0.0007330473609093646,-0.12196188960147991,0.029845553,0.9121705,0.231782463447376
OPCs,Microglia,Adam10,Trem2,1.0636663,0.8472453,2.1499632222645215,1.522350023603508,0.15344016,0.90914124,0.23262801023631247
Neurons,Neurons,Fam3c,Lifr,0.17220655,0.029455772,0.04806932830978076,-0.1566101024813951,0.016732559,0.6510469,0.2327321294990752
OPCs,Astrocytes,Nxph1,Nrxn2,1.4344354,0.7098718,0.8573066529407143,1.007739001462097,0.049928945,0.9015655,0.23305129245701964
Neurons,Microglia,App,Tnfrsf21,1.101084,0.708337,0.3256524645591926,0.23296594875472648,0.08085409,0.9014694,0.23347486298951853
Pericytes,Neurons,Apoe,Sorl1,1.0635316,0.8523663,0.39246848761336983,0.5028402560131778,0.04940973,0.9093898,0.23347486298951853
Microglia,Astrocytes,Sparc,Fgfr1,1.0785892,0.7082209,0.9043490008802401,1.1490775338572796,0.083996326,0.90146214,0.23389875965459306
Microglia,OPCs,App,Grm7,1.0627539,0.89392936,-0.3940460498835322,-1.275040715031694,0.018069068,0.91133237,0.23389875965459306
Pericytes,Astrocytes,S100a1,Trpm3,1.8086445,0.63477904,0.9840750746714274,1.5065366479909172,0.08310601,0.8964917,0.2341285845760561
Neurons,Neurons,Ptdss1,Scarb1,0.17601979,0.029529063,0.16303949149623576,0.05549225254941306,0.054243736,0.6513291,0.2341474974369215
Neurons,OPCs,Ncam1,Ptpra,1.0619948,0.9022626,-0.004643444125727162,-0.40875457118935243,0.0295026,0.9117065,0.23432302039015435
Microglia,Microglia,Tgfb1,Itgb5,1.0618892,0.74436617,2.790292658213989,2.2249500138262333,0.57353914,0.90365094,0.23474756885587594
Oligodendrocytes,Neurons,Il18,Il1rapl1,1.2806926,0.70770156,0.2869308854343876,0.8157762204209269,0.04264701,0.90142953,0.23474756885587594
OPCs,Pericytes,Apoe,Lrp6,1.10856,0.70744205,0.4463764941871703,0.3926501417476128,0.034048542,0.90141326,0.23517248112138014
Neurons,OPCs,Fgf9,Fgfr1,0.17274252,0.029804472,0.14313129701332347,0.09657926267094075,0.08004652,0.6523825,0.23556236680818296
Neurons,OPCs,L1cam,Cntn1,1.4305317,0.7070497,0.9624554004206198,1.1785893025289191,0.15937638,0.9013886,0.2355976807293586
Oligodendrocytes,Microglia,Rtn4,Rtn4rl1,1.0613061,0.8976353,0.8696856605258596,1.422048162181457,0.19039424,0.9114994,0.2355976807293586
Microglia,OPCs,Hsp90b1,Lrp1,1.0608722,1.014867,0.8661585475140516,1.002210525130721,0.06440175,0.9163269,0.23602320564696908
OPCs,Pericytes,Ncam1,Fgfr1,1.2258736,0.7059715,0.3475352903034543,0.4130742266573267,0.058002427,0.90132076,0.23602320564696908
Pericytes,OPCs,Adam10,Cadm1,1.0606871,0.73471135,0.27417294774831613,0.2760090458189979,0.032693177,0.9030811,0.23644909395820093
Neurons,Pericytes,Fgf12,Fgfr1,1.2252938,0.705585,0.5870410819489779,1.150067021613161,0.08693281,0.9012964,0.23644909395820093
Neurons,Neurons,Slit1,Flrt3,0.17450523,0.029814081,0.3825109290826921,0.27905457483653934,0.3383034,0.65241903,0.236976769449324
Oligodendrocytes,Astrocytes,App,Aplp2,1.0601788,0.72572225,-0.09430360154736545,0.01645796340685013,0.032744884,0.90254104,0.23730180722556327
OPCs,Microglia,Sdc2,Ptprj,1.0692701,0.7021575,1.1302802163327423,1.4663064486407038,0.057913393,0.9010796,0.23815578084943617
Neurons,Neurons,Trf,Ldlr,0.17331426,0.030019911,-0.35843672952067474,-1.774829657631854,0.0064815776,0.6531987,0.2383906895628867
Oligodendrocytes,Neurons,Ncam1,Ptpra,1.058702,0.84652996,-0.016885322743252128,0.01608871630014619,0.027680224,0.9091064,0.23858329262110323
Microglia,Neurons,Sparc,Fgfr1,1.0767391,0.7017336,0.9008549966502143,1.0792557499717628,0.08322692,0.90105265,0.23858329262110323
Neurons,Pericytes,Ncam1,Ptprz1,1.0583634,0.8911004,0.14149417552721816,-0.06559506033930818,0.01804599,0.9112042,0.2390110901851088
OPCs,Pericytes,Alcam,Nrp1,1.0582724,0.70305973,0.7409656111533673,1.0158167914651217,0.074428655,0.9011368,0.2394392501945009
Pericytes,Neurons,Jag1,Notch3,0.2422609,0.030204542,0.9186756332156346,0.6132632239852193,0.028686315,0.6538929,0.23980411137307178
Neurons,Astrocytes,Cntn3,Ptprg,1.0581722,1.0860784,0.5802507792369558,0.7753440702207322,0.1006297,0.91889024,0.23986769560884103
Microglia,OPCs,Cntn1,Ptprz1,1.529002,0.7006891,1.2395752077155613,1.1004289119044266,0.015661059,0.90098625,0.24072559580379294
Oligodendrocytes,Microglia,Adam10,Trem2,1.0567422,0.8251337,2.141581523223131,1.7902392666260218,0.14943564,0.908043,0.24115501174464177
Neurons,Pericytes,App,Lrp6,1.0987419,0.6998539,0.15780554187485146,0.05833206033003846,0.04358236,0.900933,0.24115501174464177
Astrocytes,Neurons,Gnai2,P2ry12,0.18423334,0.03035845,0.04907251648655135,-0.17395568432548128,0.0062403674,0.6544678,0.2412170666838559
Astrocytes,OPCs,Psap,Gpr37l1,1.0566719,1.1155689,0.8029365654941438,0.7265945814642969,0.053320605,0.919883,0.24158478945312478
Pericytes,Microglia,Ptn,Plxnb2,1.2710567,0.69754755,1.1314535165049548,1.5414936706831257,0.1548296,0.9007856,0.24244523658437045
Astrocytes,OPCs,Adam10,Cadm1,1.055462,0.7170981,0.26784739642176464,0.24463991220691705,0.03190942,0.902014,0.24244523658437045
Neurons,Microglia,Sema3c,Nrp2_Plxna4,0.17519848,0.03049817,0.13182504371735929,0.10060434324265627,0.04329929,0.65498674,0.2426295238667289
Pericytes,Astrocytes,Ncam1,Ncam2,1.05514,0.9982238,-0.3903125701901734,-0.7958907082281035,0.014901215,0.9156908,0.24330701313402814
Pericytes,OPCs,Lama2,Itgav_Itgb8,1.0548749,0.8757808,1.151258853280229,1.4997218496346605,0.120721586,0.9105001,0.24373840442636696
Neurons,Astrocytes,Arpc5,Ldlr,0.1928581,0.030589523,0.0782940833316323,-0.029664981942137847,0.03100492,0.65532464,0.24404151470401825
Pericytes,Astrocytes,Apoe,Abca1,1.0546242,0.82401407,0.6350265551695536,0.8393031350842086,0.053668384,0.9079864,0.24460211476700197
Pericytes,Microglia,Apoe,Abca1,1.0542763,0.822907,0.6343342136327854,0.9821371236701666,0.053596273,0.9079302,0.2450344334282623
Neurons,Neurons,Sema4f,Nrp2,0.18769194,0.030612448,0.28870110386214454,0.2377140812520825,0.15833405,0.6554093,0.24545302342533692
OPCs,Microglia,Cd47,Sirpa,1.108459,0.6928112,1.4938464058166154,1.3846126813586468,0.119227,0.90048075,0.24568355340748965
Microglia,OPCs,Sirpa,Cd47,1.108459,0.6928112,1.4938464058166154,1.3846126813586468,0.119227,0.90048075,0.24568355340748965
Pericytes,Astrocytes,Lama2,Itgav_Itgb8,1.0538305,0.8725605,1.0335106692547869,1.382001692488691,0.079932556,0.9103499,0.24590007453915916
Microglia,Pericytes,Psap,Gpr37l1,1.0536653,0.7680298,0.6108173955739311,0.8886346163933604,0.036709353,0.90500474,0.2467670012034561
OPCs,Neurons,Col9a3,Itga3_Itgb1,0.18289615,0.030628886,0.4743349984548113,0.3527952141239773,0.2558032,0.6554699,0.24686403428193782
Oligodendrocytes,Pericytes,Ncam1,Ncam2,1.0529661,0.8283763,-0.35912667587717184,-0.520388007468879,0.012365778,0.9082067,0.24720092671990562
Oligodendrocytes,Neurons,Ptn,Ptprs,1.0529393,1.100466,0.42507108657887566,0.8853934180332088,0.042848036,0.91937935,0.24763517310208885
Neurons,OPCs,Psap,Gpr37l1,1.0528603,1.1077532,0.7994204467637102,0.7228866082999492,0.05294704,0.91962355,0.24806977921643328
Neurons,Astrocytes,Cthrc1,Fzd3,0.17736532,0.03067042,0.19590544390013223,0.20619604674729292,0.036320984,0.65562284,0.2482745790236884
Neurons,Neurons,Olfm2,Robo2,1.0526369,0.73829913,0.6763410958541692,1.1265716643811494,0.105865315,0.9032941,0.24850466686510653
Pericytes,Neurons,Cxcl12,Grm7,1.2414603,0.6872087,1.0440470786914866,0.8909811371782346,0.24768388,0.9001164,0.24937544223106384
Pericytes,Astrocytes,Gnas,Adcy8,1.0520631,1.0411676,0.24784803713451123,0.1581790429138391,0.048862837,0.9173025,0.24937544223106384
Neurons,Neurons,Gnai2,Cnr1,0.17658928,0.030689389,0.1366539498157347,-0.08391320814236969,0.049169768,0.6556927,0.24968462607617864
Pericytes,OPCs,Sdc2,Ptprj,1.05195,1.0521536,1.2401978404966139,1.4750971666772208,0.08678078,0.91769975,0.24981129053062684
OPCs,Astrocytes,Adam17,Erbb4,1.435853,0.6869044,0.5176419360179952,0.6433126816436905,0.05366982,0.9000964,0.24981129053062684
OPCs,Astrocytes,Rims2,Abca1,1.051729,0.8210159,0.6499249275800019,0.6252604353733946,0.08089994,0.907834,0.250247497883121
Pericytes,Microglia,Lama2,Rpsa,1.0517168,0.8660432,0.8079525185387819,0.8432892311622104,0.07011297,0.91004354,0.25068398580321294
Neurons,OPCs,Vegfc,Nrp2,0.19256157,0.030773178,0.3170216520347722,0.2834791826816535,0.13198116,0.6560004,0.251094207167645
OPCs,Astrocytes,Il1rapl1,Ptprf,1.6878949,0.68521965,0.539813953281708,0.7930275918070795,0.07341974,0.89998597,0.25112083250443834
OPCs,Astrocytes,Il18,Il1rapl1,1.2006302,0.6849339,0.24115983105386546,0.14737829302262334,0.041275,0.8999672,0.2515579593866688
Astrocytes,Astrocytes,Bcan,Egfr,1.0515765,0.96333915,1.88870371758621,1.7217606264613,0.23834105,0.91430753,0.2515579593866688
OPCs,Microglia,Rims2,Abca1,1.0513811,0.81991285,0.6492325860432335,0.7680944239593526,0.08079124,0.9077777,0.2519954054887457
Oligodendrocytes,OPCs,Dscam,Dcc,1.3684986,0.6844501,0.3584091588738988,-0.14153250249473226,0.024900746,0.8999354,0.2524332099641545
Astrocytes,OPCs,Wnt7a,Fzd3_Lrp5,0.17638493,0.031031223,0.8073568822037721,0.4405319791270468,0.11437213,0.65694195,0.2525033065547483
Oligodendrocytes,Neurons,App,Lrp6,1.0499719,0.6911973,0.13059217565244557,0.30186742671944033,0.043043286,0.9003762,0.2528712940407992
Neurons,Pericytes,Ncam1,Ptpra,1.0495553,0.8640254,-0.018900859928215375,-0.33183917121001905,0.0282523,0.909948,0.2537484576116523
Neurons,Neurons,Lgi3,Stx1a,0.22812027,0.031146832,0.0387984326608318,-0.21508855732021087,0.061704874,0.65736085,0.2539119085157707
Oligodendrocytes,Neurons,Gnas,Adcy8,1.0489202,1.0790865,0.2799419603809694,0.5265573960531815,0.050642405,0.91864926,0.25418749740137736
Neurons,Oligodendrocytes,Nxph1,Nrxn1,1.0440159,1.04219,0.14079040609883628,-0.10830997058817193,0.017815357,0.91733974,0.25506657100279706
OPCs,Pericytes,Alcam,Chl1,1.0516434,0.6804687,0.5812891542336502,0.7415796360412398,0.045994315,0.8996724,0.25506657100279706
Neurons,Neurons,Gad1,Grm4,0.19461203,0.031147331,0.2956901321007358,0.24651510530803494,0.23227632,0.65736264,0.25532004474651643
Astrocytes,Pericytes,Fgf14,Fgfr1,1.1875986,0.68046194,0.33470567233136206,0.19642155003043188,0.048132397,0.899672,0.2555066045423983
Astrocytes,Pericytes,Apoe,Sorl1,1.6127589,0.67988,0.6912994885386649,0.9968965844325749,0.03941109,0.89963335,0.25594691633094635
OPCs,Neurons,Agrn,Atp1a3,1.0427358,0.7834031,0.5129847517666313,0.6655796675066799,0.128277,0.9058533,0.25594691633094635
Neurons,Pericytes,Ntng1,Lrrc4c,1.0424969,1.0212604,0.13789159189618977,0.4856131029934748,0.06360279,0.9165673,0.2563875456934535
Neurons,Astrocytes,Sema3a,Nrp1_Plxna2,0.17675139,0.031228324,0.07109538523766684,0.039509396868112834,0.04628942,0.65765506,0.25672768372662946
Neurons,Neurons,Il1rapl1,Ptprf,1.274378,0.67933214,0.3181444138349649,0.5218281570034616,0.07278891,0.8995969,0.25682853206898554
Oligodendrocytes,Astrocytes,Apoe,Lrp1,1.0421855,1.0797671,0.5487220668153268,0.7805578985866356,0.024707064,0.9186728,0.25682853206898554
Astrocytes,Oligodendrocytes,Lama2,Rpsa,1.0417576,1.00812,0.7437334147147701,1.2938461397092178,0.08161521,0.9160708,0.2572697961141383
Microglia,Microglia,Sirpa,Cd47,1.1047306,0.679087,1.4888698624105945,1.5311983039629522,0.11686518,0.89958066,0.2574905470520746
Microglia,Microglia,Cd47,Sirpa,1.1047306,0.679087,1.4888698624105945,1.5311983039629522,0.11686518,0.89958066,0.2574905470520746
Astrocytes,Neurons,Wnt7a,Ldlr,0.17721686,0.031339623,0.4934322827989342,0.14213511711590263,0.07108795,0.6580554,0.25813485713030154
Astrocytes,Pericytes,Ncam1,Fgfr1,1.1851809,0.6788506,0.31603832650682895,0.44368835102811227,0.055774186,0.8995649,0.2581533149694827
Neurons,Pericytes,Cntn3,Ptprg,1.040971,1.0559856,0.5619069865224263,1.0217354782273196,0.09784149,0.91783696,0.2585955297899062
Astrocytes,Astrocytes,Apoe,Lrp4,1.6118592,0.6744838,0.9231111311193627,1.2747178147300795,0.08764827,0.89927304,0.2590381009426468
Pericytes,OPCs,Lama2,Rpsa,1.0402843,0.83079267,0.7980085058464219,0.75433161457615,0.06725917,0.90832806,0.2590381009426468
Microglia,Pericytes,Sparc,Eng,1.068548,0.6730119,1.6297589022346228,1.5217522259529437,0.18469878,0.89917403,0.25948094879975486
OPCs,Neurons,Gnai2,Adcy7,0.19832721,0.03145458,0.18077443359508044,0.024688187762077846,0.029017579,0.65846723,0.2595415492412181
OPCs,Astrocytes,Vcan,Itgb1,1.5384563,0.6708736,2.5373132803834437,2.2061060492275275,0.09327828,0.8990297,0.259924152716791
Microglia,OPCs,Ncam1,Ncam2,1.4212348,0.67070323,-0.1517992530780503,-0.6418475444273068,0.010012078,0.89901817,0.2603676329521931
OPCs,Microglia,Nrxn2,Nlgn1,1.038489,0.71025485,0.43270088128794676,0.094232346406523,0.020106543,0.90158945,0.2605894915532076
Microglia,OPCs,Nlgn1,Nrxn2,1.038489,0.71025485,0.43270088128794676,0.094232346406523,0.020106543,0.90158945,0.2605894915532076
Microglia,Neurons,Jam2,Itga3_Itgb1,0.1870515,0.031707387,0.37702870686746837,0.39139751162637537,0.072721615,0.65936685,0.2609477443646676
Pericytes,Neurons,Col1a2,Itga10_Itgb1,0.24997076,0.03175369,0.8263353774887374,0.6758845951974961,0.15263437,0.65953064,0.26235347414243726
Neurons,Neurons,Psen1,Ncstn,0.18819068,0.03196035,0.08157835378715914,-0.08937876769909553,0.033344273,0.66025865,0.26375870710817867
Neurons,Neurons,Ncam1,Ptpra,1.0359417,0.8221789,-0.034503745229380746,-0.6345906682167606,0.026883982,0.90789324,0.2639269545935412
Pericytes,Astrocytes,Ptn,Sdc3,1.2643428,0.6676141,0.8394259758473456,1.3190612408569073,0.059409168,0.8988084,0.2639269545935412
Oligodendrocytes,Microglia,Ncam1,Fgfr2,1.0357429,0.7738663,-0.2265074539320655,-0.18521759947352,0.019119157,0.9053297,0.26437331242707096
Neurons,Oligodendrocytes,Nrg3,Erbb3,1.6596417,0.6672381,0.5947536054166533,1.6865026598423012,0.21573427,0.8987828,0.2648199446498638
Neurons,Astrocytes,Sema3c,Nrp1_Plxna4,0.18007356,0.032069758,-0.08059438310473035,-0.3196945949317167,0.01608883,0.66064185,0.2651634748820852
Oligodendrocytes,OPCs,Psap,Lrp1,1.0346593,0.9418161,0.6246392240969033,0.5935514494656347,0.029627271,0.9134181,0.26526689115484137
Astrocytes,Astrocytes,Nrxn2,Nlgn1,1.355912,0.66691697,0.18146340065868094,0.023305953120826894,0.018879695,0.8987609,0.26549052236799703
Astrocytes,Astrocytes,Nlgn1,Nrxn2,1.355912,0.66691697,0.18146340065868094,0.023305953120826894,0.018879695,0.8987609,0.26549052236799703
Neurons,Microglia,Adam10,Trem2,1.0341566,0.75300777,2.1142376216988272,1.292679613867218,0.13637331,0.9041523,0.2661617665515748
OPCs,Neurons,Bmp7,Acvr1b,0.18015245,0.032111194,0.7123762594059732,0.34374975987093553,0.19549054,0.6607865,0.2665677617748437
Neurons,Astrocytes,Cntn1,Notch2,1.0336459,0.7414553,0.8108101058719821,0.8173835703637348,0.06381307,0.90348023,0.2670578972146878
Neurons,Pericytes,Col4a1,Itgav_Itgb8,0.19620687,0.03211827,0.1869327784081417,0.16756488281109827,0.028282564,0.66081125,0.267971552118726
Neurons,OPCs,Nrg3,Erbb3,1.6591529,0.6642028,0.5937767032721427,1.3692673139965197,0.21475288,0.8985752,0.268404423783611
Microglia,Microglia,Psap,Sort1,1.0333853,0.7015671,0.3506533526922425,0.4884446154012895,0.060176186,0.9010421,0.268404423783611
Neurons,OPCs,Penk,Grm7,1.0309103,0.7953376,0.18954947203090436,-0.013963094951056298,0.1034257,0.906496,0.26930368682341327
OPCs,OPCs,Psen1,Ncstn,0.1822631,0.032405786,0.07834574994571247,0.04681691773944052,0.033809,0.6618093,0.26937487750154815
Neurons,Pericytes,Ncam1,Ncam2,1.0302057,0.8045474,-0.3767450983633005,-1.171067391985786,0.012010068,0.9069828,0.2702042005206853
OPCs,Microglia,Gnai2,P2ry12,1.2988402,0.66335046,2.356010252731984,1.9074083493212353,0.13635579,0.89851665,0.2706549057145818
Oligodendrocytes,Pericytes,Ncam1,Robo1,1.0296597,0.7546138,-0.24214320155844507,-0.22271487425528824,0.014676118,0.90424454,0.2706549057145818
Neurons,Astrocytes,Trf,Tfrc,0.18018281,0.0324589,-0.3647378140743456,-1.6718023851238133,0.00768702,0.66199255,0.2707777065109236
Microglia,Neurons,Fgf13,Scn8a,1.0288992,1.0550144,0.7749360453744937,1.3947992502382283,0.16270448,0.9178023,0.2711059635585872
Neurons,OPCs,Sema4f,Nrp2,0.19586448,0.032569807,0.3076495690245686,0.27417182811900137,0.16845793,0.6623741,0.2721800707130932
Oligodendrocytes,Microglia,App,Tnfrsf21,1.0411874,0.6614835,0.27992006086046467,0.6706468696910042,0.07550593,0.8983881,0.27246092745276235
Astrocytes,Pericytes,Cntn1,Notch2,1.1520646,0.6614398,0.8085160695064675,1.0904676020541073,0.05692656,0.8983851,0.272913191769419
Microglia,Astrocytes,Fgf13,Fgfr2,1.0270026,1.0513397,0.422080420873329,0.749508179588014,0.0867034,0.91767055,0.272913191769419
Neurons,Neurons,Cntn3,Ptprg,1.0262268,1.0301911,0.5461826948774986,0.7598659525046126,0.09545151,0.9168996,0.2733658080531123
Neurons,Oligodendrocytes,Gnai2,S1pr5,0.18276581,0.03259614,0.0346281469707016,0.12033262300906017,0.06787879,0.66246444,0.2735819544457224
Neurons,OPCs,Rims2,Abca1,1.1954141,0.6608622,0.6471803912805562,1.1114439425818143,0.06511897,0.89834523,0.2738186948722964
Microglia,Neurons,Adam10,Nrcam,1.0254365,1.0495958,0.5742195354825985,0.8638326215803829,0.05595315,0.91760784,0.27472544204850347
OPCs,OPCs,Dnajb11,Prtg,0.18122339,0.03283917,0.2185012461819533,0.19771430070650728,0.09680895,0.6632944,0.274983342068043
Neurons,OPCs,Sst,Grm7,1.0252682,0.77786934,0.11888290872944522,-0.149602459508674,0.07874458,0.90555054,0.2751792613730544
OPCs,Astrocytes,Psap,Lrp1,1.0249646,1.0411206,0.556012928718516,0.4953169642184402,0.032751154,0.9173008,0.27563343198120044
Astrocytes,Neurons,Gnas,Adcy8,1.0249251,1.0357276,0.2627420103993905,0.26501920457158357,0.048607536,0.9171036,0.27608787216231767
OPCs,OPCs,Apoe,Lrp4,1.094965,0.65766567,0.6506237475766699,0.4808682506194112,0.085462786,0.8981236,0.27608787216231767
Neurons,Neurons,Fam3c,Glra2,0.18296456,0.03285721,0.30287202127421076,0.24077642140803263,0.1642445,0.66335577,0.2763842493962454
Neurons,Neurons,Agrn,Atp1a3,1.0235176,0.72213525,0.4822186307431898,0.5391746890458607,0.118244804,0.9023229,0.2769977237328406
Microglia,Neurons,B2m,Tfrc,1.0572244,0.6567305,1.2606290751214553,1.4052885862811997,0.16886568,0.8980585,0.2769977237328406
OPCs,Microglia,Apoe,Lrp5,1.0945351,0.65609175,1.0841226473838974,0.7396960630686317,0.10196968,0.89801395,0.2774530939504199
Neurons,Astrocytes,Farp2,Plxna2,0.18153812,0.032886293,-0.038480809333950594,-0.1941224499432446,0.021297742,0.6634545,0.27778470793727417
OPCs,Astrocytes,Ntrk3,Ptprs,1.023076,0.83287996,0.5749776818506013,0.5905595370360281,0.046519477,0.9084325,0.2779088147677834
Microglia,Neurons,Psap,Sort1,1.0229993,0.6675295,0.33788636364969477,0.19555397530911023,0.057256643,0.89880264,0.2783648041959679
Neurons,Oligodendrocytes,Gnai2,Unc5b,0.18379259,0.032913115,0.03404471785793062,0.11254255450669098,0.051207792,0.6635455,0.279184654913423
Microglia,Astrocytes,Tgfa,Erbb4,1.4295576,0.6540626,0.5379362000103061,0.765718783030942,0.06444192,0.89787203,0.2801919358377929
OPCs,Neurons,Timp2,Itga3,0.19212118,0.033023193,0.1033748870507674,-0.01722642835891483,0.07607693,0.66391814,0.28058412184241277
Neurons,Astrocytes,Ptn,Cdh10,1.0334002,0.65368545,0.13511871673100323,-0.2971778055225166,0.017726773,0.89784557,0.2806494703981789
Neurons,Pericytes,Cntn1,Notch1,1.0204862,0.6992006,0.9974450489114103,0.982833138920783,0.06582869,0.90089136,0.2806494703981789
OPCs,Pericytes,Edil3,Itgav,1.0202243,0.69215566,0.047117276268567286,-0.3786777961449399,0.040716078,0.9004383,0.2811073134801442
Oligodendrocytes,Pericytes,App,Lrp6,1.0388453,0.65356153,0.11207313817612355,0.4960129812663162,0.04069957,0.89783686,0.2811073134801442
OPCs,Microglia,Sema3d,Nrp1_Plxna4,1.0195735,0.771968,2.221770979160783,1.803316047270473,0.23787503,0.9052244,0.28156550606702996
Astrocytes,Neurons,Reln,Vldlr,0.18626848,0.033180106,0.06694080366440827,-0.13491691652634824,0.074691184,0.6644468,0.28198314019886933
Neurons,Microglia,Edil3,Itgav,1.0168569,0.9598806,0.16039255522592483,-0.35624214369997687,0.056465007,0.91416645,0.2820239657260687
Pericytes,Astrocytes,Apoe,Lrp6,1.0168021,0.7036276,0.40507337111203,0.6219882717129036,0.033864956,0.90117276,0.28248277461616095
Oligodendrocytes,Astrocytes,Il18,Il1rapl1,1.1927463,0.6522872,0.2288091639483542,0.4456814353892769,0.039307665,0.89774734,0.28248277461616095
Astrocytes,OPCs,Ptn,Ptprs,1.0166386,0.9896586,0.40564574802858866,0.35688375880258194,0.03853361,0.91535753,0.28294185019388246
Pericytes,Neurons,Ntn1,Dcc,1.0380241,0.65224683,0.8256249884786518,1.1387450315697936,0.0780344,0.8977445,0.28294185019388246
OPCs,OPCs,Arpc5,Ldlr,0.18483913,0.033316076,0.06855993635621231,-0.031191362927384114,0.033768497,0.66490257,0.28338164726972936
Neurons,OPCs,App,Aplp1,1.0855789,0.6521764,-0.27934782830261506,-1.2045922695869713,0.025934221,0.8977395,0.2834012334702399
Pericytes,Microglia,Adam10,Trem2,1.0163127,0.6960249,2.0926359625462965,1.510696283731557,0.12605344,0.90068793,0.2834012334702399
Neurons,Oligodendrocytes,Fgf13,Fgfr2,1.0162238,1.0104735,0.3916112961304491,1.074920681487228,0.08333318,0.9161604,0.283860965566746
Pericytes,Neurons,Ptn,Ncl,1.2607238,0.65147954,0.6537576432161887,0.957227380021519,0.06984669,0.8976904,0.283860965566746
Pericytes,Microglia,Lama2,Itga6_Itgb1,1.0159887,0.7558806,1.111222789548582,1.591044890183086,0.09916483,0.90431714,0.28455107809006397
Pericytes,Microglia,Lama2,Itga9_Itgb1,1.0159887,0.7558806,1.111222789548582,1.591044890183086,0.09916483,0.90431714,0.28455107809006397
OPCs,Oligodendrocytes,Gas6,Tyro3,0.18352216,0.033322636,0.06188333860645828,0.22616351818246822,0.08295592,0.6649245,0.2847796745403897
Pericytes,Neurons,Agt,Grm7,1.2330658,0.6508503,0.4378795026668854,0.5388830265844302,0.058469612,0.89764607,0.28478131052781935
Pericytes,Astrocytes,Lama2,Rpsa,1.0158222,0.7553673,0.7767311472775288,0.9267568980149283,0.0611529,0.90428776,0.28524192300801066
OPCs,Microglia,Apoe,Lrp6,1.0928481,0.64991504,0.4202254401044315,0.3477519177904061,0.031279817,0.89757997,0.2861641098547854
Neurons,Neurons,Reln,Vldlr,0.18681392,0.03334083,0.06813963723096675,0.013037756074735563,0.07505299,0.6649853,0.2861772220931694
Microglia,Astrocytes,Apoe,Lrp1,1.0147569,1.0182128,0.5286217905009258,0.8542346800947068,0.023298586,0.916453,0.28708752299769996
Neurons,Astrocytes,Alcam,Chl1,1.014075,1.009012,0.6528263462954782,0.8305581530923156,0.06820125,0.9161048,0.28754966826549516
Neurons,Neurons,Col4a2,Itga3_Itgb1,0.19337752,0.033349276,0.384517888804106,0.2780810650588974,0.1632033,0.6650135,0.28757432135962835
Astrocytes,Microglia,Psap,Lrp1,1.0137424,1.022147,0.5054787014642153,0.6628768801818082,0.03215429,0.9166005,0.28847491835607997
Pericytes,Neurons,P4hb,Mttp,0.18317747,0.033378985,0.22480116904812467,0.25422174431292616,0.07062759,0.6651126,0.2889709097128424
OPCs,Astrocytes,Spon1,App,1.0134479,0.72549385,0.8221941092267177,0.24980805786404747,0.03444424,0.9025272,0.2894013914507346
Neurons,Microglia,Ncam1,Fgfr2,1.0129826,0.75160545,-0.2441258764181941,-0.8358969839904268,0.01856918,0.90407145,0.28986506539126783
Microglia,Microglia,Adam10,Cadm1,1.0128663,1.0249186,0.31644064262541854,0.6216200532028346,0.045606814,0.91670394,0.290329044561606
Neurons,OPCs,Spon1,Lrp8,0.18540509,0.033385716,0.04077758236538573,-0.02402959957407058,0.01210118,0.6651351,0.2903670185951349
Pericytes,Neurons,Fn1,Itga3_Itgb1,0.19362107,0.033412486,0.6594763689012137,0.5811224612166512,0.33543167,0.66522443,0.29176267940578593
Microglia,Microglia,Selplg,Itgb2,1.234009,0.6455198,3.239147221028734,2.4691088540523696,0.90846986,0.89726764,0.29218809381026056
Microglia,Neurons,Gnas,Adcy8,1.0111834,1.0108962,0.252891999103794,0.17831965460605836,0.04744218,0.9161765,0.2926535967155273
Oligodendrocytes,OPCs,Fgf1,Fgfrl1,0.18567291,0.0335173,0.2608852943718566,0.2616377996225703,0.05004446,0.66557306,0.2931578295824367
Astrocytes,Microglia,Adam10,Trem2,1.0110877,0.67933905,2.086310411219745,1.479327150119476,0.12303155,0.8995974,0.29358555695069666
Pericytes,Neurons,Ptn,Sdc2,1.2588142,0.6429659,0.7332116695387935,1.1167083290142523,0.041715056,0.8970848,0.29405201400599346
Neurons,Astrocytes,Cntn1,Notch1,1.0107689,0.6679993,0.9641989846960718,0.8666095285920332,0.06289113,0.89883465,0.29451873294740527
Neurons,Microglia,App,Lrp6,1.08303,0.642944,0.1316544877921127,0.013433836372831742,0.040038377,0.8970832,0.29451873294740527
Astrocytes,Neurons,Lrpap1,Vldlr,0.18756875,0.033563256,-0.07295873787746297,-0.3149449968550399,0.030756619,0.6657255,0.2945525005351252
OPCs,Neurons,Sema3d,Nrp1_Plxna4,1.0104581,0.7439506,2.2055593583177293,1.661360560831667,0.2292417,0.9036266,0.29521942248573546
OPCs,Neurons,Sema3d,Nrp1_Plxna2,1.0104581,0.7439506,2.2055593583177293,1.661360560831667,0.2292417,0.9036266,0.29521942248573546
Astrocytes,OPCs,Apoe,Ldlr,1.6063923,0.64169544,0.8206359615543594,1.1354811027974883,0.061378505,0.89699346,0.29545312338881347
Neurons,Microglia,Psap,Lrp1,1.0099308,1.0149858,0.5019625827337815,0.6591689070174606,0.031929016,0.91633135,0.29592075261544953
OPCs,Astrocytes,Gas6,Axl,0.18436757,0.033600952,0.4061049159434354,0.2021990058583782,0.03904733,0.6658504,0.29594672363086805
Oligodendrocytes,OPCs,Cntn3,Ptprg,1.0568715,0.64141697,0.5666299001303772,0.5286666389728281,0.059429966,0.89697343,0.2963887269580814
Pericytes,Pericytes,Vtn,Itgav_Itgb8,1.2988197,0.6409252,2.8656103052073427,2.7433550792834844,0.121337704,0.89693797,0.29732550025816
Neurons,Oligodendrocytes,Nrg2,Mog,1.0083227,0.9397209,0.5764591761001875,1.9835261205681647,0.40261504,0.9133301,0.29732550025816
Pericytes,OPCs,Fgf1,Fgfrl1,0.18600766,0.033620898,0.2614475312675369,0.15857686516235112,0.050199132,0.6659164,0.29734043637183866
Neurons,OPCs,Cntn2,Cntn1,1.4174337,0.6392586,0.6094737456356651,0.34353506178978777,0.07642179,0.89681756,0.2982635260783192
Neurons,OPCs,Cntn1,Notch1,1.0080999,0.6594294,0.9550678003011426,0.8114634750470027,0.062084287,0.89824605,0.29873301359305077
OPCs,Astrocytes,Farp2,Plxna2,0.18389325,0.03370203,-0.03314149261112673,-0.11934076571444441,0.021826029,0.6661844,0.2987336701358063
Neurons,Pericytes,Ncam1,Robo1,1.0068995,0.7329068,-0.2597616240445737,-0.873394258772195,0.014253949,0.9029735,0.2992027610758777
Neurons,OPCs,Adcyap1,Ramp2,0.1864411,0.033763487,0.4347744906986233,0.3590235453073132,0.20462902,0.666387,0.30012642500508996
Astrocytes,OPCs,App,Grm7,1.0061685,0.7187345,-0.43725164837748914,-1.3173903006479928,0.014527839,0.9021147,0.3006138567642374
Astrocytes,Astrocytes,Col4a5,Cd47,0.18380117,0.03378147,0.1948146992268184,-0.01574721681299518,0.025151914,0.6664462,0.3015187323037144
Microglia,Astrocytes,Pros1,Mertk,1.0054215,0.99496824,2.086528080190432,1.8825084827980234,0.15390445,0.9155646,0.3015561089170691
Astrocytes,Microglia,Serpine2,Lrp1,1.0045648,1.0049042,1.0974519920345316,1.3476196465186376,0.05049158,0.9159479,0.3020276656133916
Neurons,Neurons,Timp3,Ddr1,0.18481034,0.033850655,-0.13415378588492166,-0.6779536878141836,0.009403332,0.66667354,0.3029105296198442
OPCs,Neurons,Bcan,Nrcam,1.0041823,1.0041413,0.8341603494932577,0.9177011706674476,0.05447499,0.9159187,0.3029717240981361
Neurons,Oligodendrocytes,Fam3c,Lifr,0.18653549,0.03398625,0.07184368846617523,0.08253011674463104,0.019306129,0.66711766,0.30430184828824935
Astrocytes,OPCs,Sdc2,Ptprj,1.003523,0.9276685,1.1443258721401968,1.2612892767468629,0.07651336,0.91281784,0.30439004503306166
Astrocytes,OPCs,Apoe,Vldlr,1.6050007,0.6333496,0.767744892957305,1.0411263205621577,0.10418871,0.8963871,0.30439004503306166
Pericytes,Neurons,Apoe,Lrp8,1.0016891,0.6555234,0.5791595467787574,0.7268151513771862,0.088223845,0.89797425,0.305337107504947
Neurons,Neurons,Il34,Ptprz1,0.23933364,0.034078736,0.09941610786901123,-0.24259741687881514,0.0052997586,0.66741925,0.30569271960072975
Astrocytes,Pericytes,Bcan,Nrcam,1.0013745,0.8198584,0.9465533595119824,1.0990969887461024,0.04447758,0.907775,0.30628536927802175
Pericytes,Neurons,Apoe,Lrp6,1.0000864,0.650422,0.3772511478376994,0.4287224724820349,0.031304218,0.8976158,0.30675992818067704
Neurons,Neurons,Txlna,Stx3,0.20186794,0.034079935,0.24231716876224155,0.10510703202134622,0.073161624,0.6674232,0.30708308120990496
Astrocytes,Pericytes,Spon1,App,0.999586,0.99562144,0.4799131856758412,0.34629470146200725,0.047269076,0.9155899,0.3081854854603797
OPCs,Pericytes,Fgf12,Fgfr1,1.1106954,0.62920743,0.49763775057309945,0.598117251718455,0.07752257,0.896082,0.3081854854603797
Neurons,Astrocytes,Fgf1,Fgfrl1,0.18483514,0.034083586,0.3095562772761892,0.057758307182267654,0.050889976,0.6674351,0.30847296441831457
Pericytes,Microglia,App,Lrp1,0.9992876,0.99498934,0.1668686227285021,0.1799497088701264,0.029458128,0.91556543,0.30913729448116956
Astrocytes,Neurons,Il1rapl1,Ptprf,1.1864316,0.6261391,0.26002269234893155,0.15173337197181158,0.067089394,0.8958542,0.30961368957797053
Neurons,Microglia,Sema3a,Nrp2,0.18476488,0.034118295,0.23249443134663478,0.34134694269771026,0.09700287,0.66754806,0.30986240048555075
Neurons,Neurons,Cntn1,Ptprz1,0.9985564,0.6287858,0.3707093846190095,0.1489728208068375,0.014053954,0.89605075,0.3105673318837341
OPCs,Oligodendrocytes,Edil3,Itgav,0.9995539,0.6255666,0.01921032965259123,-0.23595997014318504,0.036798973,0.8958115,0.3105673318837341
Pericytes,OPCs,Apoe,Sdc2,0.9982696,0.6446392,0.496007059568047,0.7099932014386605,0.03180922,0.8972047,0.3110445787099464
Neurons,Astrocytes,Lamc1,Itga7_Itgb1,0.18512407,0.03419927,0.41182572080944435,0.1178990012910752,0.047948226,0.66781104,0.31125132712865444
OPCs,Neurons,Ntn1,Unc5d,0.9977178,0.99257845,1.916041673992125,1.8678441267589423,0.44062626,0.9154716,0.3120000085830689
Pericytes,Neurons,Agrn,Atp1a3,0.99722826,0.63832486,0.44013265254724976,0.6762344546136472,0.104521416,0.8967499,0.31247814841217236
Oligodendrocytes,Neurons,Gnai2,Adora1,0.18554091,0.034287,0.010754436360532653,0.05904930629712696,0.019025978,0.6680951,0.31263977561795175
Pericytes,Astrocytes,Vtn,Itgav_Itgb5,1.2949901,0.6231441,3.0116664806891094,2.8077858353060625,0.10276798,0.8956303,0.31343536288985285
Oligodendrocytes,Astrocytes,Gnas,Adcy8,0.99507153,0.9504595,0.20699913120687274,0.36201517602620636,0.04460583,0.9137788,0.31391439424051343
Oligodendrocytes,Neurons,Gnai2,Ptpru,0.18582588,0.034399454,0.1879201757885365,0.2629674508290943,0.050376978,0.66845804,0.3140277460357619
Neurons,Pericytes,Sorbs1,Itga1,0.9941387,0.9651418,2.346359978783613,1.7434826857172194,0.18871126,0.9143807,0.3143937654756728
Oligodendrocytes,Astrocytes,Ncam1,Fgfr1,0.99320537,0.6392387,0.20683938683454506,0.5570553611389284,0.052519687,0.89681613,0.31487339035995104
OPCs,Neurons,Trf,Ldlr,0.1865465,0.034494553,-0.350311329487954,-1.509100573035085,0.007447695,0.66876394,0.3154152695987588
Oligodendrocytes,Neurons,Ncam1,Fgfr1,0.99135524,0.63338333,0.2033453826045193,0.48723357725341165,0.052038606,0.89638954,0.3163140865492286
Oligodendrocytes,Neurons,Csf1,Celsr3,0.18641536,0.034549393,0.2953662113701337,0.40957209895345514,0.2486685,0.6689399,0.3168022841098269
Pericytes,Pericytes,Lamc1,Itga1,0.9890138,0.95339173,2.7287114425398378,2.3666781507386516,0.39716348,0.91389996,0.3172760455053013
Neurons,Neurons,Omg,Rtn4rl1,0.1884079,0.03466739,0.10850641854852765,-0.07907604348070467,0.03087521,0.6693173,0.318188820796367
Oligodendrocytes,Pericytes,Trf,Ldlr,1.136727,0.6175312,0.3280023156449965,1.9132868042102824,0.1333307,0.89520663,0.3182391873022133
Neurons,Neurons,Nlgn3,Nrxn1,1.6325928,0.6158062,0.5236998198072095,0.6997210697533007,0.04431755,0.8950753,0.3194447650802636
Neurons,Neurons,Nrxn1,Nlgn3,1.6325928,0.6158062,0.5236998198072095,0.6997210697533007,0.04431755,0.8950753,0.3194447650802636
Astrocytes,OPCs,Reln,Lrp8,0.18957688,0.034670223,0.1372433228675244,0.13622387606635294,0.063851155,0.6693263,0.31957491084288403
Neurons,Neurons,Nxph1,Nrxn2,0.9876028,0.89973545,0.5165526338408817,0.9694276785533412,0.06328303,0.9115935,0.3201690141511956
OPCs,Neurons,Spon1,Lrp8,0.98725396,0.6436319,1.581707495911593,1.4372077940019476,0.23329456,0.8971326,0.32065218638453097
Astrocytes,Microglia,Entpd1,Adora3,0.18926716,0.034702256,1.051149507477782,0.5197485262552887,0.08420051,0.66942847,0.32096049211660604
Pericytes,Pericytes,Apoe,Lrp6,0.9889598,0.61500645,0.3587321103613774,0.6228680270289108,0.0295997,0.8950143,0.3211356531494042
Pericytes,OPCs,Lama2,Dag1,0.9871123,0.66684407,1.128644729103564,1.4961765215977234,0.107025936,0.8987559,0.3216194577278364
Oligodendrocytes,Neurons,Ncam1,Ptprz1,0.9870564,0.61977774,0.04553547280662988,0.07345153944273974,0.012551337,0.8953768,0.32210351308844387
Neurons,OPCs,Reln,Lrp8,0.19012232,0.034838166,0.13844215643408286,0.28417854866743675,0.06416045,0.66986084,0.32234559581275923
OPCs,Microglia,Ptn,Plxnb2,1.1362187,0.61316216,1.0136557172811964,1.0553711248758069,0.13609919,0.8948731,0.3225879059862313
Astrocytes,Neurons,Lama2,Rpsa,0.9867439,0.86293936,0.695880862101378,0.5419863301619944,0.0698617,0.90989643,0.3225879059862313
Neurons,OPCs,Nlgn2,Nrxn2,1.0081617,0.6104607,0.9658738617664595,1.035629731062617,0.1389537,0.89466524,0.3233149810841677
OPCs,Neurons,Nrxn2,Nlgn2,1.0081617,0.6104607,0.9658738617664595,1.035629731062617,0.1389537,0.89466524,0.3233149810841677
OPCs,Neurons,Gnas,Adcy8,0.9856552,0.9647668,0.23459427164812063,0.0572050282300367,0.04527729,0.91436553,0.32355748629072845
OPCs,Neurons,Gad1,Grm4,0.21103567,0.034845833,0.3283097991822572,0.19200744091032507,0.25985733,0.6698852,0.323730253083696
Microglia,OPCs,App,Lrp1,0.98543286,0.80463064,0.2921825741008161,-0.1209390726842281,0.023822278,0.9069872,0.3240427604197809
Neurons,Neurons,Ccl25,Grm7,1.2235866,0.6097942,0.3596390822298161,0.355841201581778,0.080914006,0.89461374,0.3240427604197809
Neurons,OPCs,Hsp90b1,Lrp1,0.98453057,0.80211616,0.7728004538369875,0.68894077103809,0.050900944,0.90685505,0.3245282843760998
Oligodendrocytes,OPCs,App,Aplp1,1.0256823,0.60903764,-0.32508023200134295,-0.7669113486506935,0.02421878,0.8945552,0.3250141451783987
Neurons,Microglia,Vegfa,Nrp2,0.18676272,0.034874324,0.09266745238771645,0.0063638405895221906,0.018343985,0.6699756,0.3251144018609551
Astrocytes,Astrocytes,Fgf1,Fgfr3,0.98427117,0.8345171,1.6669055788334795,1.5721974411341706,0.28684857,0.9085141,0.3255002554261005
Neurons,Pericytes,App,Notch2,1.0735694,0.6086768,0.3811500416652428,0.28372167182658237,0.059143774,0.89452726,0.3259866585594528
Pericytes,Neurons,Lamb2,Itga3_Itgb1,0.19946167,0.03492839,0.9291470923056766,0.6064013264330622,0.36018565,0.67014676,0.3264980733076046
Pericytes,Pericytes,Lama2,Dag1,0.98249114,0.65259546,1.1192071827450696,1.6147810756893581,0.10473909,0.89776903,0.3269603865610548
Neurons,Astrocytes,Tln1,Itgb5,0.19927433,0.034929745,0.20114435895166163,0.0629729761657116,0.014435234,0.6701511,0.3278812675059634
Pericytes,Oligodendrocytes,Fgf14,Fgfr2,0.9813479,0.9291888,-0.09605230342935941,-0.01958006731780726,0.019764297,0.9128829,0.32891135026509644
Neurons,Pericytes,Nlgn1,Nrxn2,1.4236751,0.60279983,0.209712238247667,0.5287845635820545,0.01706461,0.8940687,0.3291555382102641
Pericytes,Neurons,Nrxn2,Nlgn1,1.4236751,0.60279983,0.209712238247667,0.5287845635820545,0.01706461,0.8940687,0.3291555382102641
Neurons,Pericytes,Gnai2,S1pr3,0.19041646,0.034957964,0.9532094957336331,0.23678329154886918,0.069817655,0.67024034,0.32926401556554014
Astrocytes,Pericytes,Psap,Lrp1,0.9806536,0.9501403,0.46040650259222293,0.561146014256556,0.02988913,0.91376555,0.3298885833338564
Astrocytes,Neurons,Alcam,Chl1,0.9806404,0.932197,0.5680321306849918,0.7517546530414846,0.063009165,0.9130114,0.3303776151364612
OPCs,Pericytes,Mmp2,Pecam1,0.19022962,0.035056572,1.2029401716597898,0.7174504667806427,0.4763339,0.6705515,0.33064625550356896
Oligodendrocytes,Microglia,App,Lrp6,1.0231334,0.60041595,0.08592208409338478,0.4511147573091095,0.03739001,0.8938809,0.3308669381788293
OPCs,OPCs,Hsp90b1,Lrp1,0.97995436,0.78936315,0.7672044557514558,0.7302740375803766,0.050091658,0.906176,0.3308669381788293
Astrocytes,OPCs,Spon1,App,0.979059,0.9570307,0.4642399895230286,0.12646906387695123,0.045436904,0.9140498,0.3318465013225889
Astrocytes,OPCs,Lrpap1,Lrp8,0.19087714,0.03507058,-0.0026562186743468524,-0.04380420426233872,0.02629287,0.67059565,0.33202801844026647
OPCs,Microglia,App,Lrp1,0.9787606,0.95642316,0.15119542657568946,-0.03987592871492962,0.028316319,0.91402483,0.3328272275547678
Neurons,Astrocytes,Cntn4,Aplp1,0.97850204,0.7123862,0.1079127004695461,0.11101778622725478,0.045864955,0.90172225,0.33331800437934506
Pericytes,Neurons,Sema5a,Plxna1,0.19419575,0.03518193,0.14527846986240833,0.12846017330194096,0.047931034,0.67094564,0.3334093354530272
Neurons,Neurons,Fgf13,Scn8a,0.978081,0.9443261,0.709197982623528,1.04148700935846,0.14563411,0.9135234,0.333809115558526
OPCs,Pericytes,Nxph1,Nrxn2,1.4128467,0.59781146,0.8296337366179769,1.0195617287419214,0.04204716,0.89367455,0.333809115558526
Pericytes,Neurons,App,Aplp2,0.9777041,0.949268,-0.08865317100579784,-0.3300316376035327,0.042831358,0.9137293,0.33430047274903185
Pericytes,Pericytes,Gpc3,Cd81,1.003732,0.59776694,0.5298411212437611,0.7074235286566101,0.088814296,0.893671,0.33430047274903185
Neurons,Pericytes,Arpc5,Ldlr,0.21348245,0.03519241,0.11770140271509306,0.15330632430832958,0.035670314,0.67097855,0.3347901446233185
Neurons,Pericytes,Psap,Lrp1,0.976842,0.94348353,0.4568903838617892,0.5574380410922083,0.029679725,0.9134881,0.33479216401702366
OPCs,OPCs,Psap,Gpr37l1,0.97655374,0.9512849,0.7290491041008598,0.5286270925092336,0.045468356,0.91381294,0.3357763274069883
OPCs,Microglia,Scel,Eng,0.18892142,0.03521492,0.9105541186892131,0.621454946990594,0.26029506,0.6710491,0.3361704770392377
Neurons,Astrocytes,Fgf13,Fgfr2,0.97618437,0.94103694,0.35634235812236315,0.39619593870824577,0.07760679,0.91338545,0.33626888756061324
Neurons,Microglia,Fstl5,Il6ra,0.9759501,0.9463355,2.041095709100286,1.8819996622359003,0.540059,0.91360724,0.3367616927725012
OPCs,OPCs,L1cam,Erbb3,0.18968162,0.035389725,0.13667894408397968,0.08486845197059145,0.1331458,0.6715954,0.33755036374608216
Astrocytes,Neurons,Ptn,Ptprs,0.97535133,0.9230105,0.3572886876575075,0.3857351877182089,0.035938583,0.91261727,0.33774821464229315
Neurons,Astrocytes,Gnas,Adcy9,1.1691613,0.5945835,0.19680521073097826,0.17011116892387612,0.03087889,0.893417,0.33774821464229315
OPCs,Oligodendrocytes,Tgfa,Erbb4,0.97370803,0.76782256,0.4633731716574769,0.4511580855728834,0.07565017,0.9049932,0.33873589169952434
OPCs,Oligodendrocytes,L1cam,Erbb3,0.1901705,0.035551447,0.1376558462284903,0.4021037978163732,0.13375425,0.67209804,0.33892974288951916
Microglia,Oligodendrocytes,Adam17,Erbb4,0.9734234,0.76702654,0.42245465745457195,0.5972908309971149,0.059929993,0.90494853,0.3392301408179286
Microglia,Oligodendrocytes,Sirpa,Cd47,1.0807652,0.5908709,1.4568826346867156,1.4783531655922064,0.10168394,0.89311844,0.33997209939058015
Oligodendrocytes,Microglia,Cd47,Sirpa,1.0807652,0.5908709,1.4568826346867156,1.4783531655922064,0.10168394,0.89311844,0.33997209939058015
Astrocytes,OPCs,Fgf1,Cspg4,0.97290856,0.8204766,2.3806565220364284,1.6310822435365548,0.28493014,0.9078065,0.3402195481613754
Oligodendrocytes,Neurons,Timp2,Itga3,0.20212698,0.035620157,0.11722096144177724,0.1089574835936418,0.08205966,0.67231077,0.34030864552554313
Pericytes,OPCs,Lama2,Itga9_Itgb1,0.9727386,0.62252486,1.034186376093675,1.3893364886258335,0.08166974,0.8955838,0.3407146616433847
Pericytes,Pericytes,Cxcl12,Grm7,1.089504,0.5907678,0.9495378667903566,1.2059518095654078,0.21292463,0.8931101,0.3407146616433847
OPCs,Pericytes,Edil3,Itgb5,0.9887092,0.59063065,0.27121930189174837,-0.1042535723965426,0.04554287,0.893099,0.3412101074001915
Neurons,Astrocytes,Jag2,Notch3,0.19297808,0.035621658,0.4969296772981745,0.37710916822534213,0.10354062,0.67231536,0.3416870717364732
Astrocytes,Pericytes,Serpine2,Lrp1,0.97147596,0.9341121,1.0523797931625394,1.2458887805933854,0.04693462,0.9130928,0.3417057963102462
Pericytes,Astrocytes,Psap,Lrp1,0.97142893,0.9209778,0.5066406718962936,0.5118729924281248,0.028971748,0.91252935,0.34220181721753695
Astrocytes,Astrocytes,Gnas,Adcy8,0.9710765,0.9122689,0.18979918122529382,0.1004769845446084,0.042813517,0.9121494,0.3426980808972466
OPCs,Neurons,Gnai2,P2ry12,0.20573136,0.03570592,0.08545797162922389,-0.2439668850871569,0.007339573,0.6725756,0.3430650525248369
Pericytes,OPCs,Ptn,Ncl,1.2464424,0.58780754,0.632079084078077,0.9326793303688565,0.06302026,0.89287007,0.3436915140875463
Neurons,Astrocytes,Ncam1,Fgfr1,0.9704451,0.62085056,0.18922096434841645,-0.09362402337797843,0.05100892,0.8954578,0.3436915140875463
OPCs,Oligodendrocytes,Il1rapl1,Ptprf,1.6695964,0.5696143,0.5056278917301492,0.7814559755203173,0.061032884,0.8913571,0.3444151092830252
Neurons,Astrocytes,Sema3a,Nrp1_Plxna4,0.18963996,0.035876434,0.020075004524545137,-0.0789519954766627,0.036043607,0.67309994,0.3444425261218488
Microglia,OPCs,Adam15,Itga9,1.0976288,0.58754754,2.390720518664071,1.8442670906126533,0.22269987,0.8928489,0.3446860945643055
OPCs,Neurons,Adam10,Cadm1,0.9688332,0.746605,0.20645881369692254,0.1933570064088712,0.033222422,0.9037816,0.34568177628747343
OPCs,Astrocytes,Ptn,Sdc3,1.1295047,0.5868499,0.721628176623587,0.8329386950495885,0.05222218,0.8927921,0.34568177628747343
Microglia,Neurons,Psen1,Ncstn,0.20357746,0.035942696,0.11101388020776898,0.1467932242246074,0.037499063,0.6733029,0.3458195235407261
Pericytes,Neurons,Il18,Il1rapl1,1.2534916,0.58549684,0.24432068536521104,0.5327227589590431,0.035282798,0.8926816,0.3461800911865208
Neurons,Neurons,Ncam1,Fgfr1,0.96859497,0.6151636,0.18572696011839068,-0.1634458072634951,0.050541677,0.8950263,0.3461800911865208
Microglia,Astrocytes,Adam10,Tspan5,0.9685442,0.9379082,0.4715535555408524,0.7458692743634937,0.08168243,0.91325366,0.34667864733527887
OPCs,Microglia,Ncam1,Ncam2,1.1974266,0.5854407,-0.2379880184014738,-0.872691689619912,0.008739302,0.89267695,0.34667864733527887
Astrocytes,Astrocytes,Fgfr3,Epha4,0.96739054,0.7889157,1.692072835715293,1.5978963272516404,0.26895118,0.90615183,0.34717753409259244
Oligodendrocytes,Oligodendrocytes,Gnai2,Adcy9,0.18984611,0.035985887,-0.11083433248173062,-0.11662471774753003,0.008125089,0.673435,0.3471960757519378
Pericytes,Pericytes,App,Lrp1,0.9661988,0.92489576,0.12179642385650982,0.07821884294487413,0.027382905,0.91269857,0.3476766617190831
Microglia,Pericytes,Sparc,Fgfr1,1.0432327,0.58424485,0.8375922657362115,1.1519283219410943,0.06929254,0.89257896,0.3476766617190831
Pericytes,Neurons,Gnas,Adcy9,0.96618104,0.81644475,0.19433563075003,-0.03100011056132429,0.04240095,0.90760016,0.348176074824732
Oligodendrocytes,OPCs,Fgf1,Fgfr1,0.19169718,0.036127135,-0.02525539294578053,0.05168930111975695,0.017313743,0.67386556,0.34857212105082075
OPCs,OPCs,Apoe,Abca1,1.0748274,0.58393496,0.5247953611002096,0.3527801693809748,0.038031932,0.89255357,0.3491758017178576
Astrocytes,Pericytes,Lama2,Rpsa,0.96597135,0.8081207,0.6778133567950523,0.6897278053374782,0.0654237,0.9071696,0.3491758017178576
Neurons,Neurons,Ncam1,Ptprz1,0.9642961,0.6019494,0.027917050320501263,-0.577227845074167,0.012190289,0.8940018,0.3496761152273298
OPCs,Neurons,Ccl25,Grm7,1.2174084,0.5830352,0.34521684728826396,0.3989488532677149,0.077363335,0.8924796,0.3496761152273298
Pericytes,OPCs,Fgf1,Fgfr1,0.19203192,0.036238797,-0.024693156050100216,-0.05137163334046224,0.017367255,0.67420465,0.34994769041852825
Pericytes,Neurons,Ntn1,Dscam,0.96333444,0.5945993,0.9742841189091402,1.2152192231533545,0.07609705,0.8934183,0.3506775067387091
Astrocytes,Oligodendrocytes,Apoe,Lrp6,1.5965062,0.58240294,0.7144106272971651,1.0557159996208263,0.028030522,0.8924275,0.351178674319056
Oligodendrocytes,OPCs,Csf1,Sirpa,0.19135803,0.03625192,0.08479827664763231,0.18283832719537002,0.026217634,0.67424434,0.35132281479348776
Oligodendrocytes,Neurons,Adam10,Cadm1,0.96190906,0.7271199,0.19807711465553204,0.46124624943138526,0.032355376,0.9026256,0.3516800812470538
OPCs,OPCs,Calr,Lrp1,0.96106565,0.7367236,0.7987513141262148,0.7592617111101315,0.05502167,0.90320075,0.35268379250725745
Neurons,Neurons,Vegfc,Itgb1,0.217383,0.03639008,0.23816089366773846,0.08864697680990052,0.06922622,0.674662,0.3526974325351249
Neurons,Astrocytes,Agrp,Sdc3,0.21067348,0.036495645,0.3469118964903789,0.3187061563964382,0.051511947,0.67497987,0.35407157459254585
OPCs,Pericytes,Apoe,Ldlr,1.0730301,0.57735425,0.4894977734315795,0.485148446371746,0.055224236,0.8920089,0.35469462001588264
Neurons,OPCs,Calr,Lrp1,0.95862085,0.72991025,0.7955492557538568,0.7641620450585195,0.054512825,0.9027938,0.355198012701051
Neurons,Pericytes,Nrg4,Egfr,0.24858312,0.036718838,0.7048409764248842,0.6404406214007202,0.18723467,0.6756483,0.3554452410480696
Microglia,Astrocytes,Gnas,Adcy8,0.95733476,0.89039737,0.17994916992969734,0.013777434579083203,0.04178707,0.9111722,0.35670993344502605
Astrocytes,Neurons,Enho,Gpr19,0.23808466,0.036739253,0.24801512460831546,0.20298678381739443,0.07567119,0.6757092,0.35681846279742735
OPCs,Microglia,Ncam1,Robo1,1.1949959,0.5751419,-0.11046175727708499,-0.5932415017880035,0.011185654,0.8918238,0.357214502519562
OPCs,Neurons,App,Aplp2,0.9571771,0.912474,-0.10432636715861046,-0.5498572751885887,0.041171197,0.91215837,0.357214502519562
Microglia,Oligodendrocytes,App,Grm7,0.9559063,0.7705302,-0.46050113253869246,-0.9509854232792412,0.0155747915,0.9051444,0.3577193086612245
Neurons,Pericytes,Sema4b,Dcbld2,0.21183348,0.036756154,0.28181572090095025,0.32532653480823204,0.049019445,0.6757595,0.3581911782854448
Pericytes,Neurons,Spon1,App,1.0638652,0.573527,0.19692310170788443,0.05339359238130037,0.027229317,0.8916881,0.35872981272830207
Pericytes,Pericytes,Ncam1,Cacna1c,0.9552958,0.8552707,0.0016275383876362404,0.3154302040187019,0.024055265,0.9095298,0.3592354649636658
Neurons,Neurons,Lgals8,Itga3,0.20650893,0.03675747,0.2703289272903897,0.15318123101977052,0.106937885,0.6757634,0.35956341841852424
OPCs,Neurons,Ptn,Ncl,1.1258858,0.57266724,0.5359598439924301,0.4711048342142002,0.061397027,0.8916156,0.3602476598127099
Neurons,Microglia,Sptan1,Ptpra,0.9550214,0.88214177,0.4194168640618499,0.5908245066934843,0.0669342,0.9107945,0.36075415666044075
Neurons,Pericytes,Lin7c,Abca1,0.19828406,0.036779325,0.15298983368052227,0.09337051455961529,0.029864125,0.6758286,0.360935214060394
Pericytes,OPCs,Apoe,Lrp4,0.9753648,0.57173395,0.5629793637508771,0.7110861359007091,0.07429607,0.89153683,0.3617680393286504
Pericytes,Oligodendrocytes,Vtn,Itgav_Itgb8,1.2838323,0.57133687,2.841094624837053,2.7621295964251606,0.108163476,0.8915032,0.3622754248703856
Neurons,Pericytes,Slc6a8,Lifr,0.22116975,0.03686763,0.0770949610446036,0.04312438578581185,0.03218884,0.6760912,0.36230650371989115
Microglia,OPCs,Calr,Lrp1,0.95395935,0.7169195,0.789444194792998,0.8566687820529554,0.053542614,0.902003,0.36329094683198876
Neurons,Neurons,Sema5a,Plxna3,0.2541268,0.036907326,0.22190813617624933,0.19501218048087848,0.053131394,0.67620903,0.3636773182714095
Pericytes,Microglia,Apoe,Lrp5,0.97493494,0.57036567,0.9964782635581046,0.9699139483499296,0.08864615,0.8914209,0.36379917409896656
OPCs,Pericytes,Sema3d,Nrp1_Plxna2,0.95391417,0.570153,2.02375124923,1.5955491262003727,0.1732012,0.89140284,0.36430763596491167
Neurons,Pericytes,Ptdss1,Scarb1,0.19333124,0.036943555,0.21296037062043316,0.21035323294093233,0.06786387,0.67631644,0.3650476885466911
Oligodendrocytes,Microglia,Apoe,Lrp1,0.9508451,0.9039754,0.42430037816774185,0.7501503255949403,0.020684624,0.9117828,0.36583474692984636
Oligodendrocytes,Pericytes,App,Notch2,1.0136728,0.56841534,0.3354176379665149,0.7214025927628601,0.055231664,0.891255,0.36634437378844453
Neurons,Pericytes,Gnai2,Adcy8,0.19700411,0.036991633,-0.12278378011756093,-0.41148507052453054,0.007547597,0.6764587,0.3664175531185509
Neurons,Astrocytes,Olfm2,Robo2,0.95010346,0.6471326,0.5851665541463151,0.6665850412670988,0.09279287,0.8973826,0.3668542342973815
Pericytes,Neurons,Lama2,Dag1,0.9549692,0.56773543,1.06300030882416,1.3553996802034756,0.091119386,0.891197,0.3673644198453749
Neurons,Microglia,Efnb2,Grm5,0.21414332,0.03703808,-0.07826952311850363,-0.5622975843452582,0.016813539,0.67659605,0.36778694282939123
Pericytes,Pericytes,Lama2,Itga6_Itgb1,0.95493793,0.5676389,1.1495090642442265,1.5326228841228,0.0663859,0.8911888,0.36787483866435555
Oligodendrocytes,Oligodendrocytes,Ptn,Cdh10,0.9480543,0.898604,0.06396736247016578,0.615059544766702,0.024368523,0.91154283,0.3683855363789455
Astrocytes,Astrocytes,Lgi1,Adam22,0.9987938,0.5667854,0.7724957601213027,0.7739445152781086,0.050770488,0.8911158,0.3688965587139288
Pericytes,Neurons,Lrpap1,Vldlr,0.19942497,0.03705692,-0.053068076991690735,-0.2718420654590662,0.033958137,0.6766517,0.36915585776153104
Pericytes,OPCs,Il1rapl1,Ptprs,0.94699764,0.8188778,0.11738566460943611,-0.15223720265965413,0.021399008,0.90772486,0.3694078137509918
OPCs,Neurons,Ptn,Sdc2,1.1239762,0.5651835,0.6154138703150349,0.6305857832069335,0.036668606,0.8909784,0.3699193931292612
OPCs,Pericytes,App,Lrp1,0.9456718,0.88904643,0.1061232277036972,-0.1416067946401819,0.02632153,0.91111076,0.3704312048304069
Pericytes,Microglia,Apoe,Lrp6,0.9732479,0.564996,0.33258105627863865,0.577969803071704,0.027192743,0.8909623,0.3704312048304069
Neurons,Astrocytes,Adam17,Itgb1,0.19664943,0.03710987,0.010480341943614871,-0.11609484422185687,0.01208033,0.67680794,0.37052432870409
Microglia,OPCs,Serpine2,Lrp1,0.9452883,0.69275486,0.9396228801331985,1.0946930711686078,0.03480759,0.9004771,0.37094329460421815
Astrocytes,Microglia,Gnai2,P2ry12,1.2773422,0.5640043,2.3196247975893116,1.977419550082911,0.11593457,0.89087695,0.3714557083003511
OPCs,Astrocytes,Trf,Tfrc,0.19341506,0.03729709,-0.35661241404162486,-1.4060733005270443,0.008832815,0.67735803,0.37189229431513543
Astrocytes,Astrocytes,Lrig1,Egfr,0.9442214,0.81859887,2.092462906500496,1.786207833758311,0.3313965,0.9077106,0.3719683537506743
Astrocytes,OPCs,Lama2,Itgav_Itgb8,0.9437825,0.7495646,0.999072708978727,1.1837017844561348,0.10332338,0.9039535,0.3724813228439846
Neurons,Oligodendrocytes,Vegfa,Tyro3,0.19337568,0.037312053,0.07896975354359148,0.1659044222933025,0.05386129,0.67740184,0.37325978539443955
Astrocytes,Astrocytes,Lama2,Itgav_Itgb8,0.94273806,0.74680835,0.8813245249532847,1.0659816273101659,0.068412796,0.90379345,0.373508001030596
Astrocytes,Microglia,Ncam1,Ncam2,1.1567339,0.5629502,-0.2694849821980992,-0.8420775652491264,0.008403569,0.890786,0.3745358337213609
OPCs,OPCs,Agrn,Lrp1,0.94244075,0.6848193,0.8551017194946475,0.879008413390415,0.0673315,0.8999597,0.3745358337213609
Neurons,Oligodendrocytes,Col4a1,Cd47,0.21868949,0.037349485,0.09322950557246351,0.03629241092186891,0.033114806,0.6775114,0.37462683269917463
Neurons,OPCs,Gnas,Adora1,1.161345,0.5625679,0.3317710469294562,0.2765045932243105,0.07180345,0.8907529,0.3750501884144768
Microglia,OPCs,Pdgfb,Lrp1,0.94202816,0.6836694,1.6752959638423235,1.4420472134739768,0.18904126,0.899884,0.3750501884144768
Astrocytes,Microglia,Lrpap1,Lrp1,0.58360213,0.2139983,0.3832340655837675,0.5409285239858714,0.02727713,0.83412975,0.37528022650432513
Microglia,OPCs,Ncam1,Robo1,1.2112633,0.56165165,-0.13204563729742202,-0.6956485724839312,0.010923291,0.8906736,0.37556477353535467
OPCs,Pericytes,Nlgn3,Nrxn1,0.94133675,0.7251116,0.5161523462909452,0.7193313649325492,0.0521839,0.902504,0.375822169766122
Pericytes,OPCs,Nrxn1,Nlgn3,0.94133675,0.7251116,0.5161523462909452,0.7193313649325492,0.0521839,0.902504,0.375822169766122
Neurons,OPCs,Vegfc,Itga9,0.9982112,0.21308576,2.383927162143234,1.6830204741488395,0.35069206,0.83383393,0.37593445206370896
Pericytes,Oligodendrocytes,Nrxn2,Nlgn1,0.58026254,0.21425815,-0.31816025699634015,-1.0742119344986296,0.006065416,0.8342137,0.3762151438427015
Oligodendrocytes,Pericytes,Nlgn1,Nrxn2,0.58026254,0.21425815,-0.31816025699634015,-1.0742119344986296,0.006065416,0.8342137,0.3762151438427015
Pericytes,Astrocytes,Nrxn2,Nlgn1,1.3343233,0.56163746,0.1537904843359436,0.03512868040065126,0.015899347,0.8906724,0.3763372157159273
Astrocytes,Pericytes,Nlgn1,Nrxn2,1.3343233,0.56163746,0.1537904843359436,0.03512868040065126,0.015899347,0.8906724,0.3763372157159273
Pericytes,Astrocytes,Fgf14,Fgfr2,0.9413085,0.86533785,-0.1313212414374453,-0.6983048100967897,0.018406156,0.91001016,0.37659481915573745
Pericytes,Pericytes,Psap,Sort1,0.54004943,0.21284622,-0.13022994076321084,-0.2914118960392833,0.01825666,0.83375597,0.37668304971556427
OPCs,Neurons,Farp2,Plxna4,0.64785266,0.21427773,0.4904640280070861,0.6956542683124853,0.094054945,0.83422,0.37677681195490126
Astrocytes,OPCs,Ptn,Ncl,0.5354058,0.21282744,0.010897431341754856,-0.2353743748045321,0.02281774,0.83374983,0.3770576536232178
OPCs,Astrocytes,Bmp7,Acvr1_Acvr2a,0.19359758,0.03745407,0.5483136720254687,0.2406399865080016,0.056254227,0.6778168,0.37735944291865975
OPCs,Astrocytes,Bmp7,Acvr2a_Bmpr1a,0.19359758,0.03745407,0.5483136720254687,0.2406399865080016,0.056254227,0.6778168,0.37735944291865975
OPCs,Astrocytes,Bmp7,Acvr2a_Bmpr1b,0.19359758,0.03745407,0.5483136720254687,0.2406399865080016,0.056254227,0.6778168,0.37735944291865975
Pericytes,OPCs,Nrxn1,Nlgn2,0.9412354,0.7248394,0.3039924455315693,0.5712094521915166,0.040098622,0.9024875,0.37736804353927356
OPCs,Pericytes,Nlgn2,Nrxn1,0.9412354,0.7248394,0.3039924455315693,0.5712094521915166,0.040098622,0.9024875,0.37736804353927356
Astrocytes,Microglia,Lama2,Rpsa,0.94062436,0.7412303,0.6557663742372798,0.527269165983685,0.0600084,0.903467,0.37814193492411485
Neurons,Astrocytes,Efna5,Epha5,0.5856231,0.21482246,0.2245643172018157,0.15494468147828555,0.038448922,0.83439547,0.3786531659447262
Pericytes,Oligodendrocytes,Ncam1,Fgfr2,0.94061315,0.8342486,-0.2640022278660361,0.05677291578730381,0.020610964,0.90850073,0.37865817618639486
Pericytes,Pericytes,Agt,Grm7,1.0811095,0.55951184,0.3433702907657554,0.8538536989716035,0.050264154,0.8904876,0.37865817618639486
Oligodendrocytes,Astrocytes,Rgma,Bmpr1b,0.655605,0.21242848,1.2962166894280716,1.2073570019725333,0.07608665,0.8336198,0.37893480407515695
OPCs,Pericytes,Cntn4,Aplp1,1.166115,0.55857486,0.29958182986377324,-0.3897176538477023,0.03596225,0.89040583,0.37917473927456524
OPCs,OPCs,App,Vldlr,0.6146604,0.21502788,-0.2515488788614425,-0.7235421612648871,0.045768604,0.83446145,0.37978204404267063
Neurons,OPCs,Cthrc1,Fzd3,0.20040609,0.037550088,0.25194675784249027,0.21531010842690984,0.044468123,0.6780963,0.38009018696057556
Microglia,Astrocytes,Actr2,Ldlr,0.5297714,0.21530394,0.40566342224098195,0.5706455450218477,0.072058976,0.83455014,0.3805357391297546
Microglia,Pericytes,Tgfa,Erbb4,0.5476159,0.21175762,-0.03596772703804765,-0.016770940927295863,0.020863548,0.8334003,0.3808181743703452
Astrocytes,Astrocytes,Bmp1,Bmpr1b,0.65530556,0.21175656,1.4388810678213888,1.2531197512389094,0.21027964,0.83339995,0.3811956499493015
Microglia,Microglia,Adam10,Il6ra,0.9395709,0.8810295,1.9289248209381844,1.5977119920017053,0.26827148,0.91074324,0.3812436037656796
Neurons,Neurons,L1cam,Fgfr2,0.5317341,0.21591142,0.09422111928231243,-0.4079283493570311,0.0741618,0.8347445,0.3812905663257551
Pericytes,Neurons,Col4a6,Itga3_Itgb1,0.2099438,0.037648972,1.1004493957670272,0.7248883866359682,0.3800803,0.67838323,0.38145483255685764
Pericytes,Oligodendrocytes,Bsg,Slc16a7,0.58909,0.211735,0.11149488347472425,0.6856708268554603,0.036033597,0.8333929,0.3815733748874255
Pericytes,OPCs,Sparc,Fgfr1,0.7311798,0.21608117,0.44070444386779245,0.4970921661882925,0.025627632,0.8347987,0.38166835395238097
Astrocytes,Astrocytes,Ncan,Cdh2,0.75711715,0.21164037,0.6015438885646822,0.6884299305065802,0.073930986,0.8333618,0.38195121350436567
Neurons,Astrocytes,Gpc3,Lrp1,0.6573855,0.21621267,0.6835639273169379,0.8006406363867231,0.065826856,0.83484066,0.38204639104120486
Neurons,Neurons,Adam10,Cadm1,0.93932337,0.6635615,0.17073321313122833,-0.0363134033274185,0.029527154,0.8985312,0.38227970770876385
Oligodendrocytes,Astrocytes,Apoe,Lrp4,0.5936033,0.21643592,0.17692231089266758,0.3000755872129046,0.028125564,0.83491176,0.38242454179973717
OPCs,Microglia,Hspa8,Adrb2,0.540305,0.21124327,0.7886677096399858,-0.05703919884339681,0.14499237,0.8332314,0.38270777479631723
Pericytes,Neurons,Col4a2,Itga3_Itgb1,0.21020886,0.037717763,0.43357765263612236,0.490267029365584,0.18458164,0.67858243,0.3828190041976359
Microglia,Neurons,Entpd1,Adora1,0.6946649,0.21123326,1.6145067971131977,1.2649382853412832,0.11665441,0.8332281,0.38308649781512943
Neurons,Oligodendrocytes,Il1rapl1,Ptprs,1.2471697,0.55709416,0.06616339539165922,0.03253272944429464,0.014558051,0.89027625,0.383316908898867
Pericytes,Pericytes,Fn1,Sdc2,0.53804225,0.21076845,1.1411779657713836,1.2681547101146409,0.23133169,0.833075,0.3838445570364807
Neurons,Astrocytes,Farp2,Plxna4,0.19442669,0.037781175,-0.0895011900470723,-0.31258384228802016,0.016583648,0.67876554,0.3841827325656034
OPCs,Pericytes,Psen1,Notch3,0.6207579,0.21727061,1.7303739113396013,1.3642123608833465,0.13132294,0.8351769,0.3843197205677506
Pericytes,Microglia,Cp,Slc40a1,0.5413695,0.2103171,1.8547483956392035,1.5503143801741714,0.35509294,0.83292586,0.38498358815707706
OPCs,Pericytes,Mdk,Sdc2,0.5375176,0.20990951,0.9370536911335929,1.011142188170444,0.097953446,0.8327909,0.3853638108559543
Pericytes,Neurons,Col4a1,Itga3_Itgb1,0.21086955,0.037889242,0.6805888925709869,0.6212135489785537,0.27436626,0.6790769,0.38554595653169915
Astrocytes,Neurons,Vegfa,Nrp2,0.5530557,0.2174096,0.8248162565354669,0.8624339562552636,0.114358015,0.83522093,0.38584022709879934
Oligodendrocytes,Neurons,Ptn,Cdh10,0.9377183,0.87871116,0.055031960066069835,0.09882976425362833,0.023829065,0.9106361,0.38591468033472276
Astrocytes,OPCs,Sparc,Fgfr1,0.7112428,0.20943084,0.41981595677782446,0.49346151049065706,0.024838889,0.8326319,0.38612487038037335
Astrocytes,Astrocytes,Vegfa,Grin2b,0.5531064,0.21749587,0.5540657434602658,0.4777918580886601,0.05758013,0.83524823,0.38622101352613375
Astrocytes,Microglia,Ncam1,Robo1,1.1543032,0.55304706,-0.14195872107371038,-0.5626273774172179,0.010755942,0.88991964,0.38643503605167884
Astrocytes,Astrocytes,Gas6,Mertk,0.6618831,0.21751751,0.8286305248596919,0.8169904524275358,0.041521043,0.835255,0.38660205040363627
Neurons,Neurons,Farp2,Plxna4,0.64549756,0.20909125,0.48512471128426227,0.6208725840836852,0.0917784,0.83251876,0.38688693126267887
Neurons,OPCs,Sema6b,Plxna4,0.2082526,0.037921116,0.06108987259441649,-0.14513598291161042,0.04225107,0.67916846,0.38690870678925027
OPCs,Microglia,Ntrk3,Ptprs,0.93595695,0.57405514,0.4729414047605034,0.4813418583066895,0.032063138,0.8917326,0.386955711494769
Neurons,OPCs,Slit3,Robo1,1.2092593,0.55298275,0.5593792886717155,0.6687642276056255,0.1709425,0.889914,0.386955711494769
Astrocytes,Oligodendrocytes,Gnas,Adcy9,0.6643677,0.2090777,-0.2112770664174075,-0.561380976686731,0.010858167,0.8325142,0.3872684059286361
Pericytes,Oligodendrocytes,Ptn,Ptprs,1.2386003,0.5528437,0.4540091657423373,0.5997162341257108,0.021525672,0.88990164,0.3874766130124704
Oligodendrocytes,Oligodendrocytes,Gnas,Adcy9,0.68836266,0.21783039,-0.1940771164358286,-0.299842785205133,0.011312725,0.835354,0.38774652742799315
OPCs,Neurons,Mdk,Sdc3,0.20218529,0.03793745,0.34377040809948023,0.19509837599630958,0.024281686,0.6792154,0.38827101398905783
OPCs,Microglia,L1cam,Cd9,0.7412883,0.21786593,0.5010645038212043,0.687158090515756,0.093574084,0.8353651,0.38851085711274985
OPCs,Microglia,Psap,Lrp1,0.9336242,0.8716208,0.4315912400709312,0.4649093912267449,0.027419096,0.9103059,0.38904104646182913
OPCs,Astrocytes,Bmp1,Bmpr1b,0.6538005,0.20837964,1.4345929278370637,1.2345847022359493,0.20692627,0.83228093,0.3895621083288766
Pericytes,OPCs,Hsp90b1,Lrp1,0.9330083,0.6585326,0.7097943550598393,0.7713892320614806,0.041789375,0.8981839,0.38956303760584987
Neurons,Astrocytes,Fbn1,Itgb1,0.1984334,0.03795247,0.1765844493174742,0.11600466997902255,0.024312008,0.6792585,0.38963281706585035
Astrocytes,Microglia,Gnai2,Ccr5,0.5687653,0.21808347,1.7172701614815424,1.2338461092378938,0.13076,0.8354337,0.3900423907974888
Neurons,Oligodendrocytes,Fgf9,Fgfr2,0.67202324,0.20824851,0.23156064363803247,0.724387291226871,0.16818477,0.832237,0.3903286835587213
Neurons,OPCs,Slitrk3,Ptprs,0.6979852,0.20822404,0.5712133250400141,0.5737397230904118,0.0956291,0.8322288,0.3907124169149805
Oligodendrocytes,Pericytes,Apoe,Sorl1,0.59450305,0.21816754,-0.054889331688030236,0.02225435691540001,0.012646674,0.83546025,0.3908097336076295
Neurons,OPCs,Psen1,Ncstn,0.20035231,0.037967544,0.11295151550433738,-0.026544678089363227,0.03961159,0.6793018,0.39099414668105753
OPCs,Astrocytes,Gnas,Adcy8,0.93180656,0.8497666,0.16165144247402397,-0.10733719179693846,0.039880235,0.90926385,0.3911306892280527
Neurons,Neurons,Fstl5,Chl1,0.93166685,0.85295725,0.6881350290498922,1.1912878807141996,0.16198948,0.90941834,0.391653814316026
OPCs,Pericytes,Ntrk3,Ptprs,0.9311048,0.55963975,0.4672585077434633,0.44490513552162414,0.031257983,0.89049876,0.39217716377732376
Neurons,OPCs,Trf,Ldlr,0.1957658,0.03799234,-0.31553818610191475,-1.6588095188168914,0.008202898,0.67937285,0.39235503345360484
Pericytes,OPCs,Gnas,Adcy8,0.93105686,0.72453725,0.08393385227515732,-0.11746875544572333,0.03400312,0.90246916,0.39270078439855766
Neurons,Microglia,Tln1,Itgb5,0.9055439,0.21874782,1.7410184111958864,1.4682191643552909,0.09040077,0.83564276,0.39273235393571343
Pericytes,OPCs,Timp3,Ddr1,0.5141756,0.2188369,0.472668426915947,0.4307989028900722,0.06079044,0.83567065,0.3931176607921012
Pericytes,OPCs,Serpine2,Lrp1,0.9304519,0.6514085,0.9154182702205211,1.0528420453573637,0.03273013,0.8976854,0.3932247230637239
Neurons,Oligodendrocytes,Ntrk3,Ptprf,0.666305,0.207783,0.3397717261664267,0.5823059965503273,0.047585085,0.8320807,0.393405179312524
Oligodendrocytes,Neurons,App,Ncstn,0.9103314,0.21886218,0.05955374363915115,0.27835485244426483,0.04108234,0.83567864,0.3935032195806115
Neurons,Microglia,Sema4a,Plxnb2,0.21716732,0.037994232,0.6015686395610939,0.5132251270637442,0.09026756,0.6793783,0.39371541638197727
OPCs,Pericytes,Sorbs1,Itga1,0.9304284,0.8190723,2.2624710109855646,1.6748507633900678,0.16015072,0.9077348,0.3937488855353905
Oligodendrocytes,Microglia,Agrn,Lrp1,0.58020484,0.20761554,0.32939221784370676,0.5572770102274025,0.020412782,0.8320244,0.3941767862005101
Astrocytes,Neurons,Agrn,Atp1a3,0.96906257,0.5485325,0.3950426515138429,0.5600483289479576,0.089818515,0.88951755,0.3942733657704135
Oligodendrocytes,Neurons,Gnas,Adora1,0.6840575,0.20754664,-0.07248834759356532,-0.12416876116047604,0.026490252,0.83200115,0.39456303707230733
Pericytes,Astrocytes,Vtn,Itgav_Itgb1,1.2788626,0.548262,2.8380582231736162,2.662325796536139,0.09878512,0.8894933,0.3947980694341223
Astrocytes,Astrocytes,Wnt7a,Fzd3_Lrp6,0.19539502,0.03807837,0.5868005691697823,0.39334191381604766,0.11300082,0.67961913,0.39507532609572354
Oligodendrocytes,Neurons,Rtn4,Cntnap1,0.9476613,0.5477071,0.3110064539494629,0.8765770419877802,0.15471952,0.8894435,0.39532304343482383
Pericytes,Neurons,Apoe,Scarb1,0.8646867,0.21944919,0.3377125390793654,0.45331649837581356,0.03878837,0.83586246,0.39543465644749265
Astrocytes,OPCs,Lama2,Rpsa,0.9291919,0.71106005,0.6458223615449198,0.4383115493976245,0.057565883,0.9016397,0.39584833477791326
Pericytes,Pericytes,Lrpap1,Lrp1,0.5623695,0.21962911,0.35805252759754747,0.4823005894565928,0.027994858,0.83591866,0.39620891387466156
Astrocytes,OPCs,App,Lrp1,0.9288474,0.64693683,0.24897697560685916,-0.16328865830052675,0.019153517,0.89736867,0.39637384898308625
Astrocytes,Neurons,Trf,Ldlr,0.1971652,0.038085394,-0.3437908503188105,-1.4373511608746186,0.008222991,0.6796392,0.3964347626771627
OPCs,Neurons,Gnai2,Igf1r,0.51268303,0.21195236,0.11696019074069577,-0.2308368550742237,0.025897644,0.8334641,0.3964977983091902
Oligodendrocytes,Oligodendrocytes,Il1rapl1,Ptprf,0.69929016,0.2196789,-0.13562602230517767,-0.49507353368132356,0.0235381,0.8359342,0.3965964909028158
Neurons,Oligodendrocytes,Adam17,Erbb4,0.777723,0.21972771,0.012761118533725352,-0.10614692999355105,0.01716796,0.8359495,0.39698432060405486
Neurons,OPCs,Bcan,Nrcam,1.0606216,0.54588276,0.7448319506413431,0.674614296510522,0.029614314,0.88927937,0.39742573400117753
Neurons,Oligodendrocytes,Bsg,Slc16a7,0.6074145,0.21984428,0.12921815834913022,0.1656716781084286,0.037413657,0.8359858,0.39776073835513204
Neurons,Neurons,Efnb2,Epha4,0.21855131,0.038098045,0.25003440221523626,0.14710188251311235,0.081044324,0.6796754,0.3977937567027458
Oligodendrocytes,Oligodendrocytes,Dscam,Dcc,0.5340591,0.21985206,-0.26683214105258973,-1.2772962522673112,0.007998363,0.8359883,0.39814918699525814
Neurons,Neurons,Cadm3,Cadm1,0.9278215,0.63119423,0.4387185011837375,0.5532592670190568,0.12026144,0.8962287,0.39847869717225803
Astrocytes,Pericytes,A2m,Lrp1,0.5547986,0.20640695,0.9088881051638188,0.9896015147299809,0.12860139,0.831616,0.3988279037172197
Neurons,Astrocytes,Edil3,Itgav,0.9275409,0.7296058,0.03980787259964741,-0.6377285225979984,0.042919084,0.9027755,0.3990055589960714
Neurons,Neurons,Apoe,Scarb1,0.20722188,0.038133953,-0.14408489766764548,-0.9552111584585242,0.0067403032,0.6797779,0.39915224725591436
Neurons,Neurons,App,Tnfrsf21,1.0556197,0.5436612,0.2301539796767417,0.009442282255467505,0.06205694,0.88907844,0.3995327371794877
Astrocytes,Neurons,Gnai2,Adcy8,0.573798,0.22054039,0.4027800521317703,0.627371533067073,0.044998012,0.83620244,0.39970607033731786
Pericytes,Neurons,Lgi1,Adam22,0.9268604,0.73004955,0.49552052697450566,0.8269338282987909,0.06539507,0.90280217,0.4000601369034211
Microglia,OPCs,Rtn4,Lingo1,0.6289126,0.20611505,-0.032830739741006226,-0.27545514758197565,0.047830846,0.83151686,0.4003862745370655
Oligodendrocytes,Neurons,Lama2,Itga3_Itgb1,0.21242204,0.038292184,0.17631816948089615,0.1843132562976866,0.043405805,0.6802285,0.40051026492373504
Neurons,Microglia,App,Grm7,1.0554307,0.5429765,-0.31126437823203046,-1.2256752455161473,0.01097523,0.8890163,0.4005878053184601
Astrocytes,Pericytes,Rgma,Neo1,0.50971025,0.21919532,0.3055083589102569,0.15929841661457705,0.036788084,0.835783,0.40077657059105054
Oligodendrocytes,OPCs,Apoe,Ldlr,0.58813643,0.20591445,0.07444714132766432,0.1608388752803135,0.019695826,0.8314487,0.40077657059105054
Microglia,Astrocytes,Hsp90b1,Lrp1,0.92520714,0.8172485,0.6813585976696683,0.8869623296443492,0.05186122,0.9076414,0.40111578967169004
Neurons,OPCs,Spon1,App,0.6174893,0.22078817,-0.1970865172031579,-0.6438003559549444,0.010482349,0.8362793,0.4012668666851882
Neurons,Astrocytes,Adam9,Itgb1,0.199362,0.038391072,0.04732788366659036,-0.03199581813069263,0.018660594,0.6805089,0.4018678402508222
Astrocytes,OPCs,Vegfa,Ephb2,0.54621005,0.20576538,0.759581548866562,0.839980083563561,0.13295445,0.83139795,0.40194869950662504
Pericytes,Pericytes,Vtn,Cd47,1.277641,0.5425899,2.713629218859816,2.475016720102683,0.10342633,0.88898116,0.4021725159840381
Microglia,Pericytes,Apoe,Sorl1,0.5670744,0.20573045,-0.07498960800243115,0.09593113842347123,0.011925724,0.8313861,0.4023400101031261
Pericytes,Microglia,Sema6a,Plxna4,0.5907998,0.22113399,0.2257412914277141,0.297203935350415,0.043235604,0.83638644,0.40244023205246665
Pericytes,Oligodendrocytes,App,Lrp6,0.6266929,0.20570423,-0.28920994836876973,-0.4891268446211625,0.012809924,0.83137715,0.4027315745866104
OPCs,Neurons,Sema3d,Nrp2_Plxna1,0.8403666,0.2211448,2.1136701493142045,1.4336148932258144,0.37144843,0.8363898,0.40302770118077724
OPCs,Neurons,Sema3d,Nrp1_Plxna1,0.8403666,0.2211448,2.1136701493142045,1.4336148932258144,0.37144843,0.8363898,0.40302770118077724
Pericytes,Oligodendrocytes,App,Dcc,0.92445135,0.83646023,-0.3104794346232412,-0.8747696365910742,0.023297032,0.90861064,0.4032302670156941
Pericytes,Oligodendrocytes,Lamb2,Rpsa,0.51658475,0.20563626,0.7948804594385964,0.9066651724148371,0.15144984,0.83135396,0.40351532471819296
Oligodendrocytes,Pericytes,Trf,Tfrc,1.1173365,0.54159504,0.27143922461709985,1.829943092556426,0.12826227,0.88889056,0.4037595917011412
Astrocytes,OPCs,Cd47,Sirpa,0.19655216,0.03843853,-0.11674445538905913,-0.3393878803765548,0.0066149486,0.6806432,0.40390328642968387
OPCs,Astrocytes,Sirpa,Cd47,0.19655216,0.03843853,-0.11674445538905913,-0.3393878803765548,0.0066149486,0.6806432,0.40390328642968387
Neurons,OPCs,Efna5,Ephb1,0.5890016,0.22119823,0.2291018245296249,0.21449235820122758,0.09162517,0.8364063,0.40400813336562813
Oligodendrocytes,Astrocytes,Edil3,Itgb5,1.1426954,0.54138756,0.28950860969656517,1.1413727487202239,0.041745793,0.8888716,0.40428913641763825
Neurons,Microglia,Nxph1,Nrxn1,0.9242573,0.7397754,0.07642829032629955,0.11443327711354001,0.012645837,0.9033813,0.40428913641763825
Oligodendrocytes,OPCs,Hspa8,Ldlr,0.58700246,0.20542914,0.0009755608839794663,-0.007250383679988093,0.03165049,0.8312833,0.40430009102064735
Neurons,Oligodendrocytes,Penk,Grm7,0.9240625,0.6855482,0.12309438937574413,0.31009219680139655,0.089148685,0.90000755,0.40481899608850647
Neurons,Neurons,Sema6a,Plxna2,0.50763845,0.21948628,0.25863309057836453,0.04346624351477374,0.06331513,0.835874,0.4050858741523047
Pericytes,Astrocytes,Il18,Il1rapl1,1.1655453,0.53965133,0.18619896387917767,0.16262797392739298,0.032520086,0.8887129,0.4053490754132013
OPCs,Pericytes,Fam3c,Lamp1,0.5261418,0.22179306,0.265070724383276,0.18268022375761453,0.06650238,0.83658993,0.4055801017465266
Astrocytes,Neurons,Lrpap1,Ldlr,0.19844191,0.038517125,-0.009517714675070022,-0.16440306514371802,0.020522894,0.68086517,0.4059376692488722
Neurons,Pericytes,Lamc1,Itga1,0.6699722,0.22192124,2.093396003596219,1.354113459049244,0.09244785,0.83662945,0.4059737652877047
Microglia,Neurons,Ncam1,Fgfr2,0.5249652,0.20521326,-0.6057609573528926,-1.660047362823602,0.0050700027,0.83120954,0.4062665275771634
Neurons,Pericytes,Cntn1,Notch2,0.97077423,0.5395797,0.6506999499833506,0.8044253363302593,0.04643872,0.8887063,0.40641008268554335
OPCs,Neurons,Itgav,Thy1,0.9235053,0.8487487,0.6936018515746067,0.8139828305435578,0.16295221,0.90921444,0.40641008268554335
Astrocytes,Microglia,A2m,Lrp1,0.5878874,0.22204958,0.9539603040358111,1.091332380655233,0.13834749,0.8366689,0.4067618563994704
Astrocytes,Neurons,Vegfa,Gpc1,0.5457591,0.20499837,0.8426701436384751,0.8759834462688549,0.19293906,0.831136,0.4070548557534983
Neurons,Pericytes,Tac1,Fap,0.19748765,0.038664438,1.1127957806724658,0.6170614956362681,0.29268315,0.6812797,0.40729332370353455
Neurons,Oligodendrocytes,Fgf1,Fgfr2,0.67060584,0.20494506,0.028961990638107872,0.40597193269888915,0.029535113,0.83111775,0.40744947284530764
Microglia,Microglia,Apoe,Lrp1,0.9234165,0.85244244,0.40420010185334093,0.8238271071030115,0.019505456,0.9093935,0.4074721569178248
Astrocytes,Neurons,Vegfa,Sirpa,0.55586064,0.22218072,0.7546819289459202,0.6581499004018521,0.04210428,0.8367093,0.4075508250029829
Neurons,Microglia,Cntn6,Ptprg,0.63269174,0.22226253,0.21999843798727553,0.33626859188096947,0.014653877,0.8367345,0.40794576252107295
Neurons,OPCs,Agrn,Lrp1,0.92322254,0.6312614,0.8243355984712062,0.7526034349295959,0.062065687,0.8962336,0.4080035698706015
Microglia,Neurons,Fgf12,Fgfr2,0.5247087,0.20480777,-0.37169595572673636,-1.313685426715851,0.007587951,0.8310707,0.4082393300602083
OPCs,Pericytes,Adam17,Erbb4,0.5539114,0.22239037,-0.056261991030358435,-0.13917704231454725,0.017376002,0.8367737,0.4083409550998368
Neurons,OPCs,Adam17,Erbb4,1.6136236,0.48243174,0.5567054948370983,0.6097785228838278,0.037693784,0.8830483,0.40861624139616476
OPCs,Astrocytes,Farp2,Plxna4,0.19678181,0.03871833,-0.08416187332424843,-0.23780215805921995,0.016995002,0.68143094,0.4086485057667675
Microglia,Microglia,Adam10,Tspan5,0.6040698,0.22239396,0.07171125824054445,0.08539316874411396,0.01936829,0.8367748,0.4087364028216103
Pericytes,Oligodendrocytes,Lamc1,Itgav_Itgb8,0.53888583,0.20467433,0.666027602285398,1.0110501007386352,0.05108835,0.83102494,0.4090302073960864
Oligodendrocytes,Microglia,Calr,Itgav,0.5216829,0.22245575,0.23167673222088903,0.41674932679187027,0.026483433,0.8367938,0.4091321057687294
Neurons,Microglia,Sptbn2,Ptpra,0.52173537,0.20445156,0.31140735571946215,0.3828344400147198,0.10948104,0.83094853,0.40942609991389356
OPCs,Astrocytes,Rgma,Neo1,0.50518024,0.22257222,0.14893988508677788,0.10063425018327771,0.037354838,0.8368295,0.40952806402352937
OPCs,Astrocytes,Alcam,Nrp1,1.0099201,0.5382813,0.6549703247750346,0.7818177512814525,0.05698457,0.8885871,0.4095994531995457
Pericytes,OPCs,Calr,Lrp1,0.92308635,0.6308819,0.7490095312253051,0.7877871962214158,0.047116958,0.89620566,0.4095994531995457
Microglia,OPCs,Trf,Ldlr,0.58455676,0.20438246,-0.07679797050954565,-0.7138077830317323,0.04412807,0.83092475,0.40982210551127307
Pericytes,Microglia,Hspa8,Adrb2,0.5628122,0.22277832,0.805871040406898,0.11902928834206661,0.15290976,0.83689266,0.409924135355484
Pericytes,OPCs,Lrpap1,Lrp8,0.20273337,0.03872114,0.017234442211425394,-0.0007012728663650103,0.029029746,0.6814388,0.4100032459195618
Neurons,Astrocytes,L1cam,Cntn1,1.120629,0.5377066,0.6926793864022907,0.8519015039434163,0.1212047,0.88853425,0.4101319778969248
Pericytes,OPCs,Psap,Gpr37l1,0.92301804,0.8415088,0.6796768472786373,0.5451831207189182,0.040221415,0.90886027,0.4101319778969248
Astrocytes,Astrocytes,Vegfa,Sirpa,0.5453557,0.20431216,0.7355893159630105,0.7544160887790377,0.038718104,0.8309006,0.41021850875731614
OPCs,Microglia,App,Aplp1,0.6185455,0.2229389,-0.6327604459107343,-1.8059726659296724,0.008865311,0.83694184,0.41032060438090706
Microglia,Astrocytes,Apoe,Lrp4,0.5661747,0.20409754,0.15682203457826666,0.37375236872097584,0.026522208,0.83082676,0.4106151675368205
Microglia,Oligodendrocytes,Gnas,Adcy9,0.6506259,0.2040651,-0.221127077713004,-0.6480805266522562,0.010597845,0.83081555,0.4110119393676034
Oligodendrocytes,Oligodendrocytes,Ptn,Ncl,0.597148,0.2232484,0.05462654986966606,0.5449495174625418,0.023934996,0.83703655,0.41111430917806563
Pericytes,Astrocytes,Lama2,Dag1,0.94501776,0.53705144,1.0426772937182471,1.4191812963241057,0.08619472,0.88847387,0.41119772822824113
Oligodendrocytes,Neurons,Calr,Itga3,0.21426326,0.03877007,0.10776757222317714,0.06286361431112578,0.05711323,0.68157583,0.4113574834362958
Pericytes,OPCs,App,Vldlr,0.6351874,0.22369854,-0.23587568270862988,-0.5037165236798311,0.04761415,0.8371738,0.4115115451144723
Pericytes,Neurons,Adam10,Cadm1,0.9214796,0.61334735,0.14913155397869748,0.18170326653692026,0.027292727,0.8948873,0.41173104921892834
Oligodendrocytes,Astrocytes,Trf,Ldlr,1.1161026,0.536763,0.28859499626153573,1.730315497959815,0.11589211,0.8884472,0.41173104921892834
Pericytes,Oligodendrocytes,Gpc3,Cd81,0.9207315,0.5374015,0.4667324472468007,0.9211530821427597,0.07984539,0.8885061,0.4122645874129568
OPCs,Microglia,App,Ncstn,0.618948,0.22375846,-0.08087251523867889,-0.373589653160675,0.042001415,0.8371921,0.41230664161086905
OPCs,Pericytes,Mdk,Lrp1,0.5648221,0.22391234,0.6414485613776597,0.7024178523600233,0.048452966,0.8372389,0.4127046451073576
Neurons,OPCs,Vegfa,Sirpa,0.19740167,0.03879616,0.0534109078246123,-0.18723351069466426,0.0073520523,0.68164885,0.41271124880855947
Pericytes,Oligodendrocytes,Spon1,App,1.0039686,0.5355906,0.15119069800915652,0.4910745133175781,0.025428211,0.8883388,0.4133325063150813
Neurons,Pericytes,Efna5,Epha4,0.5795324,0.20332833,0.4308271905142702,0.7469693037204084,0.09410528,0.8305612,0.4133985114987927
OPCs,OPCs,Alcam,Chl1,1.0091093,0.53551817,0.5250086400510388,0.5718004107965852,0.036196806,0.8883321,0.41386683875581143
Neurons,Neurons,Gnas,Adcy7,1.0787807,0.22438465,0.32748962183050695,0.22030928982806455,0.047612753,0.83738244,0.41390019221802776
Astrocytes,Neurons,Tcn2,Cnr1,0.19718473,0.03887913,0.3681640038407257,0.33707722552067354,0.10082214,0.6818806,0.41406454211867205
Oligodendrocytes,OPCs,Apoe,Vldlr,0.5867449,0.20323633,0.02155607273060987,0.06648409304498282,0.033433247,0.83052933,0.41419603594385684
Astrocytes,OPCs,Vegfa,Itgav,0.9190601,0.83996814,1.122055332388753,1.2006602041280057,0.13684294,0.90878433,0.4144014836177748
OPCs,Neurons,H2-K1,Aplp2,0.56145036,0.20314619,0.2728224078258972,0.12585969783735024,0.032906156,0.83049816,0.4145952542181856
Neurons,Oligodendrocytes,Sst,Grm7,0.91842055,0.6704913,0.052427826074284985,0.17445283224377883,0.06787459,0.8990038,0.41493634474124863
Neurons,Astrocytes,Gnas,Adora1,1.1546111,0.53498596,0.3186496509697718,0.25845455201370626,0.06828304,0.8882828,0.41493634474124863
Microglia,Microglia,Ncam1,Ptpra,0.5208588,0.20308052,-0.3872097297772919,-0.8365262996990106,0.0066404203,0.8304754,0.4153943165901741
Astrocytes,Oligodendrocytes,Gas6,Tyro3,0.19733447,0.03891486,0.0896776217279164,0.3057009984304225,0.09687762,0.68198025,0.415417393805246
Astrocytes,Pericytes,Hspa8,Ldlr,0.51408684,0.2247994,0.0033591687509286206,-0.10617783707671741,0.034634866,0.83750814,0.4154976999556662
Astrocytes,Pericytes,Bcan,Egfr,0.9179835,0.5815212,1.472172271266125,1.547277593571089,0.14387496,0.8923548,0.4160069071520245
Astrocytes,Oligodendrocytes,Lgi1,Adam23,0.98804766,0.53121257,0.8367044693581716,0.7996876692264264,0.06752314,0.8879311,0.41654256005329554
Oligodendrocytes,Pericytes,Apoe,Lrp1,0.9177563,0.84029347,0.3792281792957496,0.6484194596696881,0.019227464,0.90880036,0.41654256005329554
Pericytes,Astrocytes,Col4a4,Cd47,0.19825816,0.039061613,0.5085560043974651,0.13394013661175885,0.066786624,0.68238825,0.41676974322742355
Neurons,Neurons,Ntn4,Dcc,0.9050417,0.20273103,0.41889487907848505,0.6911856223324155,0.122247376,0.83035415,0.4169955201310677
Neurons,Astrocytes,L1cam,Ptprz1,1.108726,0.53120244,1.1708874509776668,1.3200197000478466,0.14956017,0.88793015,0.4170785246712995
Neurons,Neurons,Psap,Ar,0.6443957,0.22509353,0.32720186420984454,0.2496856539125687,0.10287658,0.83759713,0.4170993129556039
OPCs,OPCs,Ncan,Sdc3,0.50209546,0.22053845,1.2415727789817703,0.97092423918415,0.20893122,0.8362018,0.4177976626166352
Neurons,Neurons,Gpc3,Unc5d,0.6219539,0.20255812,0.5544394032203215,1.1305621299670237,0.21526411,0.830294,0.4177976626166352
OPCs,Neurons,Col11a1,Itga10_Itgb1,0.29950905,0.03915136,0.359447147133824,0.31226153573955484,0.112275995,0.6826369,0.4181216208344094
Neurons,OPCs,Cntn4,Aplp1,0.91683376,0.53064275,0.06361286194213722,-0.08512817735291467,0.03416392,0.8878777,0.41815119598223366
Astrocytes,Astrocytes,Rgma,Bmpr1b,0.91654146,0.7978945,1.780557379655893,1.6597093609530964,0.28578612,0.90663195,0.41815119598223366
Pericytes,Astrocytes,Pros1,Mertk,0.6652831,0.22521196,1.0221959363841355,1.0268338484144213,0.03483641,0.83763283,0.4183033281372246
Oligodendrocytes,Pericytes,Gnai2,Igf1r,0.6115369,0.20239066,0.19536200118769825,0.71907679432865,0.024729338,0.8302357,0.41860097743742064
Microglia,Oligodendrocytes,Fgf13,Scn8a,0.5887705,0.20227481,0.2403249600168031,0.39842274313611936,0.031194856,0.83019537,0.4190028762936405
Oligodendrocytes,Oligodendrocytes,Lama2,Rpsa,0.5295451,0.22544017,0.04205153661381596,0.4845771022794615,0.018251149,0.83770174,0.41910729079417064
Astrocytes,Neurons,Adam10,Cadm1,0.9162545,0.5986436,0.142806002652146,0.15033413292483944,0.026638437,0.8937406,0.419224871545625
Oligodendrocytes,Neurons,Gnai2,Cnr1,0.19806534,0.0392293,0.1730020501478978,0.2862507857514639,0.0628522,0.68285227,0.41947305703305104
Microglia,Pericytes,Apoe,Abca1,0.57804334,0.22563751,0.11651947327256215,0.34932700631027086,0.014695868,0.83776116,0.4195095136076096
Pericytes,Pericytes,Gnas,Adcy9,0.91520214,0.68305105,0.11409925220172132,0.09099708166598564,0.035473328,0.8998432,0.41976215180443455
OPCs,Neurons,Bsg,Slc16a7,0.55108595,0.22578382,0.09469786987865633,-0.2532159501701326,0.038424466,0.8378053,0.41991213829968577
OPCs,Oligodendrocytes,Apoe,Vldlr,1.0596474,0.52835536,0.40452388226830605,0.5308557194964623,0.086916715,0.8876625,0.42029964644220175
OPCs,Oligodendrocytes,Bmp7,Ptprk,0.6675365,0.22578974,0.6659693096511219,0.8882181078871534,0.11592339,0.83780706,0.42031502052236025
Astrocytes,Pericytes,Rgma,Bmpr1b,0.49991462,0.2052615,0.7530432215327989,0.9097464160715957,0.07351961,0.831226,0.4206134784675747
Astrocytes,Astrocytes,Gas6,Axl,0.19817984,0.03923988,0.4338991990648935,0.28173648610633245,0.045600273,0.68288153,0.42082399124602565
OPCs,Neurons,Apoe,Sdc2,1.0595566,0.5280225,0.4682077178554179,0.24706484437033566,0.02605486,0.88763106,0.42083745180977894
Pericytes,Oligodendrocytes,App,Rpsa,0.9115963,0.80922866,-0.1985666761248069,0.00017477583908009908,0.033751275,0.9072272,0.42083745180977894
OPCs,Oligodendrocytes,Ntn1,Unc5b,0.57872367,0.20133594,1.6041666493766213,1.2765099324634686,0.36850557,0.82986724,0.4210166642228125
OPCs,Astrocytes,Hspa8,Ldlr,0.54924285,0.22597928,0.006587237117114161,-0.40191625061784036,0.034816653,0.83786404,0.42112155788884764
Neurons,Astrocytes,Hsp90aa1,Egfr,0.91117764,0.774048,1.0532213940893498,0.7810799529246032,0.16179973,0.9053398,0.42137547117997726
Neurons,Astrocytes,Bcan,Nrcam,1.0308142,0.5280175,0.7124484157462364,0.7237592497024938,0.028645119,0.8876306,0.42137547117997726
Neurons,Astrocytes,Sorbs1,Itgb5,0.5551686,0.22598487,0.45424799438122887,0.43351087459810467,0.023063624,0.83786577,0.4215252131973318
Pericytes,Microglia,Serping1,Lrp1,0.57684356,0.20130031,0.8667462580961395,1.0091081914586482,0.10930073,0.8298547,0.4218239535827655
Pericytes,Neurons,Col4a3,Itga3_Itgb1,0.21619165,0.03927057,1.3129467429854276,0.7017116205579328,0.46260253,0.6829661,0.42217445389076763
Microglia,Microglia,Actr2,Adrb2,0.5208335,0.20126408,1.1877438947638537,0.9155225967962913,0.30008632,0.829842,0.4222280575371924
OPCs,Astrocytes,Mif,Egfr,0.49958384,0.21912143,0.9099183741102848,0.38018090092192824,0.08815209,0.8357599,0.4222280575371924
Neurons,Astrocytes,Psap,Gpr37,0.64483553,0.22604406,0.0052144655872012335,-0.26840413777138183,0.036341626,0.8378835,0.42233315230588087
Microglia,Neurons,Il18,Il1rapl1,1.2405665,0.52742815,0.22407323366089105,0.5099422617629816,0.031783506,0.88757485,0.42245234444211177
Pericytes,Neurons,App,Aplp1,0.9107262,0.8073855,-0.4219429983850723,-1.298848198548599,0.032106213,0.90713125,0.42245234444211177
OPCs,Pericytes,Il18,Il1rapl1,0.4993294,0.22093265,-0.2223144132648977,-0.5925180838999351,0.0133136865,0.8363241,0.4226324194947983
Neurons,Pericytes,Apoe,Sdc2,0.5475845,0.22639129,0.42357612751826845,-0.18854678901713495,0.011171102,0.8379878,0.4227375813485338
Oligodendrocytes,Pericytes,Ncam1,Fgfr1,0.9578488,0.52733827,0.14008265169051654,0.5599061492227431,0.04332597,0.8875664,0.42299114966472684
OPCs,Microglia,Adam9,Itgav,0.52441263,0.22652096,0.4783738550314563,0.6453382063072092,0.07688245,0.83802664,0.42314226849810577
OPCs,Neurons,Adam9,Itga3,0.216993,0.03947856,0.3544646950337444,0.2914524938264647,0.16580197,0.6835377,0.4235244753423768
Oligodendrocytes,Neurons,Gnas,Adcy9,0.90918946,0.7453148,0.1534867248223915,0.17283602255104297,0.038706914,0.9037064,0.4235302649117654
Oligodendrocytes,Pericytes,Ptn,Sdc4,0.5855779,0.20098051,0.27070431518654986,0.6494929457760955,0.03141152,0.82974243,0.423846763175562
Astrocytes,Neurons,Psap,Ar,0.6482073,0.22668168,0.3307179829402783,0.2533936270769164,0.10360242,0.83807474,0.42395241744734957
Pericytes,Pericytes,Cntn1,Notch2,0.49740627,0.22139035,0.23862595350371962,0.362530260995812,0.019053876,0.83646566,0.42425215778369474
Astrocytes,Astrocytes,Vegfa,Itgb1,0.5433201,0.20084974,0.6887950328155458,0.7286115377335598,0.046860527,0.8296964,0.42425215778369474
Oligodendrocytes,Astrocytes,Cntn2,Nrp1,0.5171988,0.2269753,0.19889396670639659,0.8759891044369472,0.108230576,0.83816254,0.42435773377753777
Microglia,Astrocytes,Adam10,Axl,0.5928486,0.20036516,0.6850343303255091,0.7628316035256802,0.077031314,0.82952577,0.4246578108066259
Oligodendrocytes,Pericytes,Ptn,Ncl,0.59911525,0.22703458,0.057612933216941845,0.31641366838194657,0.02434092,0.83818024,0.42476345408533256
Astrocytes,OPCs,Wnt7a,Ldlr,0.1996684,0.039662533,0.5363308262176941,0.2581552559308652,0.08996686,0.68404037,0.4248739950870317
Neurons,Microglia,Slit2,Robo1,0.5047098,0.20033793,-0.005993728822905275,-0.11923933472095061,0.023928106,0.8295161,0.42506357653109006
Pericytes,Pericytes,Ptn,Ncl,1.232564,0.525932,0.6110121870318957,0.9848091432403352,0.056386426,0.88743305,0.4251490820092629
Astrocytes,Oligodendrocytes,Ptn,Ptprs,0.5275636,0.20016809,-0.1671724869939848,-0.5683374710476777,0.007793798,0.82945615,0.4254697465377636
OPCs,Microglia,Rgma,Bmpr2,0.49703288,0.21728411,0.30761830230215903,0.45759473710542237,0.03622907,0.8351812,0.4254697465377636
OPCs,Neurons,Fgf13,Fgfr2,0.53888106,0.2272072,-0.14847100671363636,-0.7581938256218532,0.01873765,0.83823174,0.4255756703389628
Pericytes,Neurons,Gnas,Adora1,0.74104905,0.2273541,-0.03163944166592682,-0.3280048942728433,0.02901838,0.8382756,0.42598216644946957
Neurons,Microglia,Adcyap1,Adrb2,0.20556045,0.039685488,1.005269782594541,0.6067898352082737,0.5875144,0.6841029,0.42622304351041307
Astrocytes,Astrocytes,Mif,Egfr,0.4967782,0.21533872,0.9069316554819429,0.4458313315362248,0.086630315,0.8345612,0.42628271654453254
Pericytes,Neurons,Lama2,Itga3_Itgb1,0.8357268,0.2000679,1.0301861918833524,1.3096023589059682,0.22678538,0.82942075,0.42628271654453254
Neurons,OPCs,Ptn,Cdh10,0.9067501,0.55495083,0.025635515550257282,-0.5489153749528016,0.015049269,0.89008784,0.4267702478462304
Astrocytes,Astrocytes,Psap,Gpr37,0.6486471,0.2276389,0.008730584317634973,-0.26469616460703416,0.036598034,0.8383605,0.4267957888581164
Neurons,Microglia,Gnas,Adrb2,1.1521251,0.5248033,1.0993525387932903,0.6212023262295877,0.2430186,0.8873257,0.42731114144100557
Astrocytes,Neurons,Calr,Itga3,0.21802184,0.039745588,0.11269015403491922,0.01735695710840915,0.0585503,0.68426645,0.42757162069484
Astrocytes,Microglia,Calr,Itgav,0.5254415,0.22805312,0.23659931403263113,0.37124266958915364,0.027149802,0.83848363,0.4280183836618684
Astrocytes,Astrocytes,Psap,Sort1,0.6358474,0.1997845,-0.053504259041938895,-0.31329211836348125,0.017136306,0.82932043,0.42831974410724005
Pericytes,Neurons,Il1rapl1,Ptprs,0.90571034,0.76373094,0.06902860423835494,-0.12338577374402715,0.019957904,0.9047632,0.4283937579785331
OPCs,Pericytes,Slit2,App,0.62383395,0.19964802,-0.28193542721960185,-0.6242777789165841,0.022443652,0.82927203,0.42872798543422863
Astrocytes,OPCs,Gnai2,Igf1r,0.5895202,0.22821584,0.18618628863742567,0.1363234275439919,0.027884819,0.8385319,0.42883474261326626
Neurons,Pericytes,Gnai2,Tbxa2r,0.2061263,0.039807733,1.2418207458957722,0.2980047336955218,0.08371979,0.6844351,0.42891975697310775
Neurons,Astrocytes,Apoe,Sdc2,0.4991575,0.19960591,0.3277041591618516,-0.40235467894749266,0.009849398,0.82925713,0.42913633935617324
OPCs,Oligodendrocytes,Nrg3,Erbb3,1.3274482,0.52443695,0.40741382074492904,0.44850489535726024,0.1695632,0.8872908,0.4294774144810494
OPCs,OPCs,Ntn1,Neo1,0.90518725,0.81784064,1.6376493160112162,0.9888833162893688,0.159561,0.90767175,0.4294774144810494
Neurons,OPCs,Efna5,Ephb2,0.5927594,0.22828972,0.4941502729844193,0.8552302106491207,0.18675323,0.8385538,0.42965199208931726
Astrocytes,Neurons,Gnas,Adora1,0.6600625,0.19920717,-0.08968829757514424,-0.385706952642074,0.025425844,0.8291155,0.4299539718432873
Neurons,Pericytes,Ccl25,Grm7,1.0716302,0.5242174,0.2651298703286861,0.6708118739689513,0.06955876,0.88726985,0.4300196079620358
OPCs,Astrocytes,Lrpap1,Sorl1,0.5049573,0.2282963,0.3094968871389011,0.3094456008915545,0.07371951,0.83855575,0.43006107937429705
Pericytes,Neurons,Col4a5,Itga3_Itgb1,0.2184737,0.039862867,0.7695265735644312,0.6949270918744423,0.24240309,0.6845846,0.4302673919160117
Astrocytes,Pericytes,Lrpap1,Lrp1,0.5505133,0.19892286,0.3381618667117752,0.4391976580606191,0.02535555,0.8290143,0.43077278932507207
Microglia,Microglia,Copa,P2ry6,0.4952287,0.22462983,1.5462794364394248,1.0276145163616621,0.17435057,0.8374568,0.43077278932507207
Astrocytes,Microglia,Lama2,Itga6_Itgb1,0.9048963,0.64694417,0.9590366452470799,1.2750248250045606,0.08487334,0.8973692,0.43083343337228963
Astrocytes,Microglia,Lama2,Itga9_Itgb1,0.9048963,0.64694417,0.9590366452470799,1.2750248250045606,0.08487334,0.8973692,0.43083343337228963
OPCs,Astrocytes,Gnai2,Adcy8,0.5414474,0.22846837,0.3662226781003462,0.3928181122784222,0.046615597,0.8386068,0.4308800327932135
Neurons,Oligodendrocytes,App,Vldlr,1.0498294,0.52268815,0.11595292995598724,0.1965376380788879,0.111253984,0.88712364,0.431104821919678
Neurons,OPCs,Nrg2,Nrp2,0.5014111,0.19877298,0.5594000365582337,0.6684936707742378,0.1222664,0.8289609,0.431182440431352
OPCs,Microglia,Arpc5,Adrb2,0.205973,0.03989692,0.908099082560149,0.42240476663222837,0.18015286,0.68467677,0.4316145558669202
Astrocytes,Astrocytes,Lama2,Rpsa,0.90472984,0.6465049,0.6245450029760267,0.6107368328364029,0.052339636,0.8973379,0.4316478421136888
OPCs,Oligodendrocytes,Olfm2,Robo2,0.5806921,0.22862726,0.4967004831480716,-0.21519245105364837,0.03278305,0.8386538,0.4316998779171429
OPCs,OPCs,Nrg3,Erbb3,1.3269594,0.5220513,0.4064369186004184,0.1312695495114785,0.16879185,0.8870626,0.4321910725502389
OPCs,OPCs,Fam3c,Lamp1,0.49400118,0.20305169,0.23452237724060307,-0.03847763331062412,0.06088297,0.83046544,0.4328240846506557
OPCs,Microglia,Fam3c,Lamp1,0.5384769,0.2289857,0.27679450748546713,0.1642625906260641,0.06865902,0.8387597,0.4329318158791371
Pericytes,Neurons,Jam2,Itga3_Itgb1,0.21902141,0.040005017,0.4623398418159375,0.42240431561227065,0.091752425,0.68496877,0.4329612791269199
Neurons,Astrocytes,Psap,Sort1,0.6320358,0.1983848,-0.057020377772372635,-0.31700009152782893,0.017016249,0.82882226,0.4332350349983345
Oligodendrocytes,Astrocytes,Sptan1,Ptpra,0.4937876,0.22046873,-0.09326642248287423,-0.2756457696939132,0.016728487,0.8361802,0.4332350349983345
Microglia,Oligodendrocytes,Adam10,Tspan15,0.60748917,0.22910668,0.3564888050193096,0.8566519538353462,0.12811862,0.8387955,0.4333429820870763
Neurons,OPCs,Rtn4,Lingo1,0.6087527,0.19830538,-0.0483637645927551,-0.5696817944738658,0.046018545,0.8287939,0.43364639313669806
OPCs,Neurons,Nfasc,Cntn1_Cntnap1,0.50009215,0.22925852,0.08863785794421877,-0.17602560074752924,0.091388755,0.83884025,0.4337542607664021
OPCs,OPCs,L1cam,Ephb2,0.20367232,0.040017974,0.14646693643789857,0.16438719994150994,0.083575055,0.68500376,0.4343075013302293
OPCs,Oligodendrocytes,App,Dcc,0.90392435,0.8040387,-0.32615263077605383,-1.0945952741761302,0.02239403,0.90695614,0.43436667856275746
Pericytes,Astrocytes,Nlgn1,Nrxn2,0.55597305,0.22932424,-0.31920195290568754,-0.710928883257218,0.0064919195,0.8388596,0.43437196241177883
Astrocytes,Pericytes,Nrxn2,Nlgn1,0.55597305,0.22932424,-0.31920195290568754,-0.710928883257218,0.0064919195,0.8388596,0.43437196241177883
Astrocytes,OPCs,Fgfr3,Epha4,0.7487422,0.19825752,1.2813216591726473,1.0798622970109095,0.067588456,0.8287767,0.43446974248192055
Pericytes,Astrocytes,Gpc3,Igf1r,0.49338377,0.22659549,0.39959800333182843,0.5181110440891843,0.07797321,0.8380489,0.43488188169851344
Oligodendrocytes,Astrocytes,Rtn4,Tnfrsf19,0.93821603,0.5186238,0.5954631886513639,1.0704955679183332,0.10932819,0.8867323,0.43491120147873097
OPCs,OPCs,Lrrc4b,Ptprs,0.9033623,0.7118708,0.6203368506123317,0.657259623625315,0.10616408,0.9016902,0.43491120147873097
Neurons,OPCs,Serpine2,Lrp1,0.7790766,0.22955191,0.6684592376898238,0.5019162970562719,0.011533875,0.8389267,0.4354025703361564
Pericytes,Microglia,Ncam1,Ncam2,0.49611348,0.19783078,-0.7808120673535213,-1.5577634373446023,0.0029531647,0.8286238,0.4357067936604467
Pericytes,Pericytes,Lamc1,Itgav_Itgb8,0.5538732,0.2296035,0.6905432826556873,0.992275583596959,0.057310876,0.8389419,0.43581529917070394
Neurons,Neurons,Lgi1,Adam22,0.902637,0.6677442,0.46108569920105763,0.44078047455435587,0.059814,0.8988173,0.4360010700712441
Neurons,Pericytes,Spon1,App,0.6380163,0.22969109,-0.18141332105034527,-0.4239747183698884,0.010905034,0.8389676,0.43622814040927005
Pericytes,Neurons,Sema3c,Nrp2_Plxna1,0.21154214,0.040174086,0.3460892386918514,0.5341969496296798,0.16441867,0.6854236,0.4363259671101535
Pericytes,Neurons,Sema3c,Nrp1_Plxna1,0.21154214,0.040174086,0.3460892386918514,0.5341969496296798,0.16441867,0.6854236,0.4363259671101535
OPCs,Oligodendrocytes,App,Lrp6,0.6061659,0.19773105,-0.3048831445215824,-0.7089524822062185,0.012313406,0.828588,0.4365327481274472
Pericytes,Astrocytes,Alcam,Chl1,0.90228486,0.751195,0.5376117733832964,0.931402196346575,0.050774857,0.9040478,0.4365463664951108
Oligodendrocytes,Neurons,Rtn4,Lingo1,0.93815434,0.51843405,0.3184229032224861,0.8742626008101837,0.12030726,0.88671386,0.4365463664951108
Neurons,Pericytes,Gpc3,Igf1r,0.609228,0.19765384,0.36753356160242223,0.7755981815996755,0.068014175,0.82856023,0.43694619075617946
Pericytes,OPCs,Ncam1,Cacna1c,0.9022622,0.7793392,-0.05479883201227981,-0.24885293050004464,0.021919623,0.90563124,0.43709196941092643
Oligodendrocytes,Microglia,Ptn,Ncl,0.58373773,0.19743893,0.03427048562030794,0.280855717447789,0.0211679,0.8284829,0.43777371030886914
Astrocytes,Pericytes,Apoe,Scarb1,1.5856565,0.5173308,0.9032819832166613,1.3199826339474137,0.09143994,0.8866068,0.43818384914188324
Oligodendrocytes,Microglia,Csf1,Csf3r,0.75637054,0.23087339,2.0880120379391016,1.6600723497946643,0.33473882,0.83931416,0.4382970018254242
Astrocytes,Neurons,Col1a2,Itga3_Itgb1,0.21976334,0.04019758,0.6606394642256549,0.5045385257959031,0.17980444,0.6854866,0.4383433739757321
Pericytes,Oligodendrocytes,Ptn,Ncl,1.2305968,0.5171612,0.60802580368462,1.2133449923209305,0.055446092,0.8865903,0.438730223659743
Astrocytes,OPCs,Mdk,Lrp1,0.90186524,0.5717424,1.2227880704635563,1.221222014438636,0.12372082,0.89153755,0.438730223659743
Pericytes,Neurons,Ntn1,Neo1,0.49188334,0.23071977,0.5387989688421662,0.19891558868261516,0.04501351,0.8392692,0.43901702211118776
Microglia,Microglia,Sptan1,Ptpra,0.5388841,0.23127337,-0.040663796143552464,-0.07438867086215606,0.01754831,0.8394308,0.4391262254702766
OPCs,OPCs,Ptn,Ncl,1.1116045,0.5166979,0.5142812848543185,0.44655678456153763,0.055396423,0.88654524,0.43927680597926233
Astrocytes,OPCs,Vegfa,Nrp2,0.5612283,0.23131076,0.843764721697891,0.8988917031221825,0.12167006,0.8394417,0.4395413037547965
Pericytes,Oligodendrocytes,Pros1,Tyro3,0.20073447,0.04029143,0.28324303325236005,0.5155443944173078,0.081280924,0.6857379,0.4396877136822535
Pericytes,Astrocytes,Ncam1,Fgfr2,0.90057373,0.7769217,-0.29927116587412206,-0.6219518269916786,0.019194642,0.90549845,0.4398236940831275
Astrocytes,OPCs,Fgf12,Fgfr2,0.5116101,0.23146003,-0.3871840897679846,-1.173207807725932,0.008575395,0.8394852,0.4399566435217941
Pericytes,Astrocytes,Lamc1,Itga6_Itgb1,0.5339161,0.19640805,0.6629912006219606,0.9112463008496132,0.046658717,0.8281107,0.4402625365059913
Oligodendrocytes,Pericytes,Il18,Il1rapl1,0.49144542,0.2104021,-0.23466508037040895,-0.2942149415332815,0.012679103,0.832954,0.4402625365059913
OPCs,Pericytes,Psap,Lrp1,0.9005354,0.8102181,0.38651904119893893,0.36317852530149264,0.025487512,0.90727866,0.44037078961335013
Astrocytes,Astrocytes,Ntrk3,Ptprf,0.64242095,0.23165292,0.32584254449780914,0.4423321738683079,0.053051617,0.8395413,0.44037224485360515
Pericytes,Astrocytes,Lama4,Dag1,0.50674057,0.23169987,1.441883854671398,1.147700966448834,0.10975654,0.8395549,0.4407881078325651
Astrocytes,Oligodendrocytes,App,Grm7,0.8993208,0.6195195,-0.5037067310326494,-0.9933350088955398,0.0125223985,0.8953573,0.4409181414905238
Neurons,Pericytes,Rims2,Abca1,1.1602561,0.51517797,0.577189418806699,1.0669331850588353,0.05076377,0.886397,0.4409181414905238
Neurons,Astrocytes,Gnai2,Adora1,0.20778917,0.040321074,0.05960559946280676,-0.1549154127407269,0.02237431,0.68581724,0.4410315829730171
OPCs,Pericytes,Fbn1,Itgb1,0.49140528,0.22375187,0.8767193154405604,0.9327198153323872,0.1433334,0.8371901,0.4410943860510725
Pericytes,Microglia,App,Aplp1,0.6390725,0.23192854,-0.6170872497579216,-1.5861470283446164,0.009222791,0.83962137,0.4412040830776156
Oligodendrocytes,Astrocytes,Psap,Lrp1,0.8989942,0.7584224,0.43983927425252,0.47830325397926277,0.023858145,0.9044623,0.44146579872730674
Microglia,Microglia,Adam15,Itgav,0.5282967,0.23230521,0.4380492113078588,0.7232114267639276,0.07106826,0.83973056,0.4416204695038584
Neurons,Pericytes,Slit2,App,0.89855444,0.7816014,0.10212954079381267,0.23612621183034976,0.08786459,0.90575504,0.442013662827613
OPCs,Neurons,Rgma,Bmpr2,0.5203167,0.23239669,0.3387494074439713,0.2736839431946763,0.038748883,0.83975714,0.44203711782422817
Neurons,Pericytes,B2m,Tfrc,0.21125644,0.040360123,0.024179010346875772,-0.1147060746746531,0.010377834,0.68592143,0.44237501207518604
Pericytes,Oligodendrocytes,Gpc3,Igf1r,0.4910137,0.22487175,0.39705295288157744,0.7479969448252902,0.07738006,0.8375301,0.44276092765140296
Astrocytes,Oligodendrocytes,Il1rapl1,Ptprs,1.1592234,0.5134726,0.008041673905625851,-0.3375620555873554,0.013418127,0.88623,0.44311020766934084
Oligodendrocytes,Neurons,Lgi3,Adam22,0.8974329,0.65435874,0.35238762506752874,0.7435306462934057,0.16993605,0.8978928,0.44311020766934084
Microglia,Oligodendrocytes,Adam10,Tspan14,0.59042543,0.19560812,0.32697463373862706,0.7057388434597192,0.05795696,0.82782,0.44317829286336774
Astrocytes,Pericytes,Rims2,Abca1,0.5920657,0.23261099,0.12108444817970765,-0.0645308030044654,0.022920646,0.83981913,0.44328863497345494
Neurons,Pericytes,Ncam1,Fgfr1,0.9350885,0.512169,0.12246422920438793,-0.09077323529416365,0.04207967,0.8861018,0.4436588388583968
Pericytes,OPCs,Agrn,Lrp1,0.89693326,0.55799776,0.782249620275266,0.8896632004973823,0.054862402,0.8903554,0.4436588388583968
Pericytes,Astrocytes,Sema6a,Plxna2,0.20316887,0.04037847,-0.2006283760562949,-0.41419436981309943,0.011647963,0.6859704,0.4437179407708385
Pericytes,Microglia,App,Ncstn,0.639475,0.23278114,-0.06519931908586626,-0.15376401557561897,0.04369505,0.83986825,0.4441241405975888
Neurons,OPCs,Lrpap1,Lrp1,0.89676595,0.5575314,0.8369996710789483,0.8615797143966659,0.07106532,0.8903146,0.4442077746988674
Astrocytes,Astrocytes,Hspa8,Ldlr,0.4934625,0.19539742,-0.03604815063253214,-0.28914914332718483,0.030104902,0.8277432,0.44443166165597453
Astrocytes,Neurons,Ptn,Sdc2,0.5477776,0.23279864,0.11203001680247139,-0.0513453761591362,0.015103768,0.8398734,0.44454236191754026
OPCs,Microglia,Copa,P2ry6,0.49003053,0.2179883,1.5380929291481356,0.9100876680196259,0.16919562,0.83540374,0.4448500759802938
Neurons,Astrocytes,Jam3,Itgb1,0.20362246,0.04040338,-0.13550646424762602,-0.5436145911399586,0.011635805,0.6860368,0.44506039929769237
OPCs,OPCs,Angpt1,Itgb1,0.48998883,0.23265988,0.9390496524863716,0.8362283232641758,0.08828916,0.83983326,0.44526875283560746
OPCs,Microglia,Adam9,Itgb5,0.9925841,0.5113691,1.9226522731565798,1.7472786402596292,0.22750744,0.88602287,0.44530636259935313
Astrocytes,Pericytes,Fgf12,Fgfr2,0.5139448,0.23303637,-0.38512748580943845,-1.0810479994957185,0.008633796,0.8399419,0.4453795920511209
Oligodendrocytes,Pericytes,Cntn1,Nrcam,0.48985755,0.2329283,-0.1655509158453805,-0.48764971602472407,0.005584315,0.8399108,0.4456875418300126
Astrocytes,Astrocytes,Lama2,Itga7_Itgb1,0.748078,0.2331018,1.1168552750760703,1.117919605331974,0.18048131,0.8399608,0.4457986010294215
Neurons,Neurons,Hspa8,Ldlr,0.7742621,0.2332376,0.11836910812840856,0.016924569953440577,0.035934944,0.8399999,0.4462177221316278
Oligodendrocytes,Microglia,Psen1,Ncstn,0.20207182,0.040519573,0.13825420893126056,0.2988619679246405,0.04227412,0.686346,0.446402417851257
Neurons,OPCs,Fgf1,Cspg4,0.7519223,0.23354673,2.0095404658237093,1.0512603560659997,0.0811047,0.84008896,0.4466372565327962
Oligodendrocytes,Astrocytes,Ptn,Ncl,0.58237135,0.19480911,0.032196285987897186,0.24618018547550202,0.02088595,0.8275282,0.4469457856988609
Astrocytes,Astrocytes,Timp3,Ddr1,0.5100764,0.23387143,0.4477900262083464,0.364894327737653,0.06496686,0.84018224,0.44705705381606115
OPCs,Oligodendrocytes,Gnas,Adcy9,0.62509775,0.19475317,-0.23942480516867737,-0.7691951530282779,0.010114242,0.8275076,0.4473657762553259
Neurons,Neurons,Gnas,Crhr1,1.0811145,0.233944,0.3895877688451591,0.28215847801699273,0.20728111,0.84020305,0.44747711406375856
Oligodendrocytes,Neurons,Cntn2,Nrcam,0.893898,0.76828665,0.39449307028189257,1.127132636502136,0.12305453,0.90501916,0.4475065463166396
Astrocytes,Neurons,Sema4a,Nrp1_Plxna1,0.21302615,0.040601168,0.5082070858932045,0.38166548643937936,0.19398129,0.68656254,0.44774393627692366
Neurons,Neurons,App,Ncstn,0.970228,0.23436439,0.10528614733787908,-0.15932606849201292,0.04399224,0.8403235,0.447897437358224
Pericytes,Microglia,Vegfa,Itgav,0.5028808,0.19445524,0.3784135206210378,0.5923256454968469,0.031679563,0.82739836,0.4482063954847868
Oligodendrocytes,Pericytes,St6gal1,Egfr,0.48916143,0.2325174,0.6252693961453,1.0888389075069917,0.07498089,0.839792,0.4482063954847868
Pericytes,Neurons,Apoe,Vldlr,0.8694092,0.23448072,0.19864782992010788,0.15711387709112312,0.038573083,0.8403568,0.4483180237817932
Microglia,Neurons,Gnas,Adora1,0.6463207,0.19443122,-0.09953830887074072,-0.4724065026075992,0.024816263,0.82738954,0.44862702413345323
Pericytes,Astrocytes,Pros1,Axl,0.20157985,0.04062795,0.6274646105893371,0.4915798820932178,0.03825891,0.68663347,0.449084984780751
Astrocytes,Oligodendrocytes,Fgf1,Fgfr2,0.8915921,0.7199956,0.40007804685082704,0.9857938201694443,0.10376025,0.90219206,0.44915936635156667
OPCs,Pericytes,Adam12,Sdc4,0.6659355,0.23454653,1.5850999571375386,1.3010306763784847,0.16339588,0.8403757,0.44915983509080826
Pericytes,Astrocytes,Mif,Egfr,0.4889878,0.20483544,0.8986386387357609,0.41012057664189916,0.08240487,0.83108026,0.449469373410057
OPCs,Oligodendrocytes,Rgma,Neo1,0.52381665,0.23466833,0.1689088648291204,0.4855687925039351,0.039384957,0.84041053,0.44958121130111894
Oligodendrocytes,Neurons,App,Tnfrsf21,0.9957231,0.50770026,0.18442157597801379,0.44712320319174526,0.057952136,0.8856588,0.4497108470537071
OPCs,Oligodendrocytes,App,Rpsa,0.8910693,0.77786267,-0.21423987227761954,-0.21965086174597592,0.03244306,0.9055502,0.4497108470537071
Pericytes,Microglia,Ncam1,Robo1,0.4936828,0.19435063,-0.6532858062291325,-1.2783132495126939,0.0037798306,0.8273599,0.44989079174321184
OPCs,Pericytes,Fgf13,Fgfr2,0.4889093,0.19847207,-0.19248997690901842,-0.478539999330773,0.016367879,0.8288534,0.44989079174321184
Pericytes,Oligodendrocytes,Mfge8,Itgav,0.49641824,0.2347574,1.3153520358839457,1.1754602319060585,0.08665387,0.8404359,0.4500028509698471
Pericytes,OPCs,Apoe,Abca1,0.9552273,0.507637,0.43715097727441676,0.5829980546622727,0.033062615,0.8856525,0.450262531807179
Oligodendrocytes,Pericytes,Ptn,Sdc2,0.8904584,0.78775465,0.7046226459594939,1.191010992321433,0.05110882,0.9060892,0.450262531807179
Astrocytes,Astrocytes,Gnai2,Adcy8,0.5199494,0.19425197,0.32983722295767365,0.46282931304009783,0.03963425,0.8273236,0.45031262491946966
OPCs,Pericytes,Rgma,Bmpr2,0.48886687,0.21198389,0.29670032781362804,0.463187750065485,0.035345335,0.8334744,0.45031262491946966
Astrocytes,Neurons,Apoe,Ldlr,1.5839407,0.5070401,0.7777374181355994,1.0194609639825258,0.048498657,0.8855929,0.45039021745655017
Oligodendrocytes,Neurons,Hsp90b1,Lrp1,0.49698463,0.23492506,0.12180647038057518,0.0692294724120407,0.01490795,0.84048384,0.45042475417932804
Neurons,Astrocytes,Fstl1,Dip2a,0.20231152,0.040679835,-0.1161633449750422,-0.4208390026335311,0.015524619,0.6867708,0.4504255935266112
Neurons,Neurons,Slitrk3,Ptprs,0.6566979,0.1942013,0.5228562646689329,0.6025911520060387,0.08918901,0.827305,0.45073457008883877
Oligodendrocytes,Pericytes,Apoe,Sdc2,0.89045185,0.7877439,0.6748333090516828,0.9571437954801087,0.03887061,0.90608865,0.4508145195108894
Oligodendrocytes,Astrocytes,Fgf1,Fgfr2,0.65093845,0.23508003,0.027905015670842588,0.0007725868967047855,0.033877935,0.840528,0.4508469210118976
Microglia,OPCs,Apoe,Ldlr,0.5607078,0.19417587,0.0543468650132634,0.2345156567883847,0.018573025,0.82729566,0.4511569304551602
OPCs,Pericytes,Sema6a,Plxna2,0.48881316,0.22505629,0.18283133127926907,0.32250288852307973,0.06492191,0.83758587,0.4511569304551602
Oligodendrocytes,Neurons,Efnb3,Ephb2,0.48884535,0.23512357,0.39840835494887,0.991071503894593,0.37619635,0.8405404,0.4512691998219311
Microglia,Pericytes,Apoe,Lrp1,0.8903277,0.7923908,0.35912790298134867,0.7220962411777593,0.018131362,0.9063386,0.45136671089122005
OPCs,Oligodendrocytes,Apoe,Sorl1,1.0538427,0.50710166,0.2985938249173102,0.13067638029764572,0.029395523,0.885599,0.45136671089122005
OPCs,Astrocytes,Psap,Gpr37,0.56852895,0.19411571,-0.06515687707564906,-0.4626636535620975,0.031208433,0.82727355,0.4515795545873349
Neurons,OPCs,Fndc5,Itgav,0.61295104,0.23531678,0.592154764002879,0.5969174518071083,0.1409992,0.8405954,0.4516918940529531
Neurons,Oligodendrocytes,Efnb2,Grm5,0.22934015,0.040692378,-0.06722716634534909,-0.9252294366777475,0.018472418,0.68680394,0.45176570242317526
Oligodendrocytes,Microglia,App,Grm7,0.99553406,0.50706095,-0.35699678193075834,-0.7879943245798695,0.010249265,0.88559496,0.4519191553267272
Oligodendrocytes,OPCs,Hsp90b1,Lrp1,0.89026976,0.53942776,0.6575295517431203,0.749212277088412,0.034231182,0.8886924,0.4519191553267272
Oligodendrocytes,Pericytes,Cntn1,Ptprz1,0.49289483,0.2353946,-0.03778662205252303,-0.32895859780667136,0.0052612904,0.8406176,0.4521148521540418
OPCs,Astrocytes,Gnai2,S1pr1,0.48860788,0.1981288,0.9725109127252426,0.6902655897840223,0.09623472,0.82873064,0.45242544249156513
OPCs,Neurons,App,Aplp1,0.8901992,0.7760909,-0.4376161945378849,-1.518673836133655,0.030861761,0.9054526,0.45247190228684975
Pericytes,Astrocytes,Fgf1,Fgfr2,0.6512732,0.23580661,0.0284672525665229,-0.1022883475635144,0.033982642,0.8407347,0.4525380742075324
OPCs,Microglia,App,Aplp2,0.6248776,0.23583259,-0.45568697193519503,-1.1244416292093453,0.010640862,0.8407421,0.45296156029576096
OPCs,Neurons,Vegfa,Grin2b,0.89008474,0.62770236,0.8049877897858007,1.1617137485460698,0.16617869,0.8959704,0.45302485236164514
Astrocytes,OPCs,Apoe,Lrp5,1.5831088,0.5020505,1.0916620175404375,1.31785782599367,0.07802862,0.88509095,0.45306977994201236
Astrocytes,Astrocytes,Entpd1,Adora1,0.20851378,0.04069965,0.22687393842884002,0.1811646908608808,0.022476543,0.6868232,0.453105341644859
OPCs,OPCs,S100a1,Trpm3,0.48800963,0.20402601,0.09743252121098359,-0.2373633191926401,0.026711324,0.8308021,0.4532723860679606
Neurons,Astrocytes,Fgf9,Fgfr2,0.6319838,0.19393833,0.19629170562994658,0.045662548447888585,0.15662766,0.82720816,0.4532723860679606
Astrocytes,Neurons,Ptn,Ncl,0.54968715,0.23588116,0.032575990479866604,-0.21082632515186955,0.025289385,0.84075594,0.45338531050106323
Pericytes,Astrocytes,Sdc2,Ptprj,0.889882,0.786811,1.0236367123552403,1.3317176918880715,0.06489554,0.9060382,0.4535781046772285
Microglia,Oligodendrocytes,Itgav,Thy1,0.50250536,0.19389609,0.19213426962030378,0.27863812318656334,0.037226327,0.82719266,0.4536963300746937
Microglia,Neurons,App,Lrp6,0.4930712,0.23599887,-0.29462854993479104,-0.8508597666122948,0.014696479,0.8407893,0.4538091726090118
Oligodendrocytes,Astrocytes,Il1rapl1,Ptprs,0.88947207,0.6830603,-0.09044180842976829,-0.5461873955192862,0.017849812,0.8998438,0.4541315597329215
Pericytes,OPCs,Bmp5,Bmpr1a_Bmpr2,0.48865792,0.23619588,1.5400353913203604,0.9765828742943166,0.16287509,0.8408451,0.454233451200559
Neurons,Neurons,Apoe,Vldlr,0.21194437,0.040746003,-0.28314960682690293,-1.2514137797432148,0.0067028916,0.68694556,0.4544445112739818
Oligodendrocytes,Astrocytes,Fgf14,Fgfr1,0.48719323,0.23042834,-0.026590323504273816,-0.8473230395476761,0.016299322,0.839184,0.45454485848860743
Pericytes,Microglia,Lrpap1,Lrp1,0.5954583,0.2362738,0.40312472646953973,0.5840314553818451,0.03011646,0.8408672,0.4546579941561574
Pericytes,Microglia,Cxcl12,Itgav,0.5309714,0.2362884,1.1217566630490658,1.0957289164348172,0.19884151,0.8408713,0.45508280155814296
Neurons,Astrocytes,Sptan1,Ptpra,0.88731307,0.72939086,0.34181440972516053,0.3626862699320569,0.055343933,0.9027626,0.4552392761237167
Neurons,Astrocytes,Bcan,Egfr,0.48689854,0.20201859,1.0091322695637357,0.6022995128845892,0.04998169,0.830106,0.4553944442205735
OPCs,Microglia,Adam17,Il6ra,0.5804596,0.23637316,1.7550897164590658,1.1955454011908075,0.17601511,0.8408953,0.455507873488851
Astrocytes,Neurons,Actr2,Ldlr,0.20505957,0.04075497,-0.07714342339693554,-0.3064465947585817,0.013640072,0.6869692,0.45578324143225907
OPCs,OPCs,Rims2,Abca1,0.952332,0.50579,0.4520493496848649,0.3689553549514587,0.049838718,0.88546777,0.45579348740496967
OPCs,OPCs,Fgf13,Fgfr2,0.4865746,0.19712953,-0.19454658086756452,-0.5706998075609868,0.016257163,0.82837147,0.4558197101596675
Neurons,Pericytes,Pam,Fap,0.6558617,0.23653854,1.2898726118800343,0.8184333960010716,0.30446273,0.84094214,0.4559332100306178
Microglia,Pericytes,Nlgn1,Nrxn1,0.88713974,0.5795828,-0.40186284202721667,-0.5419220487726188,0.0039876215,0.8921943,0.4560706874578087
Pericytes,Microglia,Nrxn1,Nlgn1,0.88713974,0.5795828,-0.40186284202721667,-0.5419220487726188,0.0039876215,0.8921943,0.4560706874578087
Astrocytes,OPCs,Timp3,Ddr1,0.48652226,0.20220204,0.41875514717417384,0.2841777551899923,0.056169458,0.83017,0.4562450879289235
OPCs,Microglia,Jam2,Itgav_Itgb1,0.48694485,0.23710407,0.777299686246245,0.8198618024600589,0.062937416,0.84110177,0.4563586583991496
Oligodendrocytes,OPCs,Bsg,Slc16a7,0.48625308,0.22797893,0.0801496315048072,0.12358835809493718,0.038798038,0.8384615,0.45667088319813054
OPCs,Microglia,Vegfa,Itgb1,0.48736766,0.23751865,0.5551381456072954,0.7274033610066339,0.0554158,0.8412184,0.456784524314954
Microglia,Astrocytes,Ncam1,Ptprz1,1.1019571,0.504882,0.4709053743424617,0.06790068658127568,0.010224543,0.88537663,0.4569027148333804
Pericytes,Oligodendrocytes,Ntn1,Unc5c,0.8871197,0.5357746,0.6074397304074508,0.9265361216548204,0.0652194,0.88835585,0.4569027148333804
Microglia,Astrocytes,Ptpn6,Egfr,0.48619252,0.2010667,1.8744645950298684,1.2580634100204617,0.5205445,0.8297727,0.45709679027198824
OPCs,Neurons,Psap,Ar,0.5680891,0.19329946,0.25683052154699426,0.05542613812185304,0.08834543,0.8269723,0.45709679027198824
OPCs,Neurons,Col27a1,Itga10_Itgb1,0.3102985,0.040762577,0.7023366382033801,0.5706550761893349,0.08779781,0.68698925,0.4571214721126825
Neurons,Astrocytes,Fgf1,Fgfr3,0.7632849,0.23754333,1.2957895226207603,0.9923755536636154,0.08165078,0.8412254,0.4572106550887941
OPCs,Astrocytes,Adam12,Sdc4,0.88653934,0.73003024,2.199712068887979,1.7383986025760092,0.50857264,0.90280104,0.45745768085885935
Pericytes,Microglia,Copa,P2ry6,0.48609507,0.21296012,1.531895352285228,0.9941663910499601,0.16529292,0.83379304,0.4575231152005331
OPCs,Oligodendrocytes,App,Tspan15,0.62576413,0.23763773,-0.1642675251267006,-0.26010505948664686,0.06747342,0.8412519,0.4576370508030064
Pericytes,Pericytes,Nlgn1,Nrxn2,0.53438437,0.1931231,-0.3468748692284248,-0.6991061559773937,0.0054671057,0.8269069,0.4577363004478705
Pericytes,Pericytes,Nrxn2,Nlgn1,0.53438437,0.1931231,-0.3468748692284248,-0.6991061559773937,0.0054671057,0.8269069,0.4577363004478705
Astrocytes,Microglia,Adam10,Notch2,0.4860806,0.23259953,0.5307402871217927,0.5295359691646792,0.044513144,0.8398158,0.4579497051297901
Neurons,Astrocytes,Cx3cl1,Itgav,0.49312115,0.23786007,0.3890591202243364,0.40054228280876064,0.09322255,0.8413143,0.4580637115399262
Pericytes,Pericytes,B2m,Tfrc,0.4873054,0.1930678,0.41975392565294634,0.862450256790439,0.04964369,0.8268864,0.45837640682520664
Pericytes,Pericytes,Mfge8,Itgb5,0.4855735,0.22164693,1.5673610081231029,1.3071666296527011,0.107243925,0.8365449,0.45837640682520664
Neurons,Astrocytes,Itgb3bp,Itgb5,0.2101716,0.04077974,0.21253301996242263,0.09062129553456832,0.01922595,0.68703455,0.45845923344750417
Astrocytes,Pericytes,Mdk,Ptprz1,0.495054,0.2378983,0.6743889685843945,0.7670167557654262,0.04387736,0.8413251,0.4584906373818895
Astrocytes,Neurons,Gnas,Adcy9,0.8851945,0.7153672,0.13628677484081259,-0.08870216893055499,0.037151624,0.90190715,0.45856841636208456
Oligodendrocytes,Pericytes,Agrn,Lrp1,0.54711604,0.19298974,0.28432001897171455,0.4555461443021502,0.018974772,0.8268575,0.45880352690766846
Oligodendrocytes,Neurons,Fgf14,Fgfr1,0.48534316,0.22831763,-0.030084327734299587,-0.9171448234331928,0.01615002,0.8385621,0.45880352690766846
Pericytes,Microglia,Adam10,Notch2,0.49130562,0.2383126,0.5370658384483441,0.56090510277676,0.04560647,0.8414412,0.45891767497367253
Pericytes,Neurons,Gpc3,Lrp1,0.48524374,0.2206753,0.5809231941853256,0.6546956459688653,0.06718552,0.83624434,0.4592307587304826
Pericytes,Astrocytes,Hspa8,Ldlr,0.5717501,0.238319,0.02379056788402642,-0.22584776343237695,0.036717836,0.841443,0.45934513117746567
Pericytes,Neurons,Il1rapl1,Ptprf,0.48513085,0.20196778,-0.2034515519698316,-0.5881630049507468,0.021640392,0.8300883,0.4596584092953734
Microglia,Astrocytes,Rgmb,Bmpr1b,0.6671604,0.23835541,1.387507281118608,1.2700623128816222,0.2286321,0.8414532,0.4597728527332797
Pericytes,Neurons,Gnai2,Drd2,0.27308905,0.040817767,0.35280066646994745,0.41602910700433227,0.18251973,0.68713474,0.4597965555268412
Neurons,Oligodendrocytes,Slit1,Robo1,0.5827013,0.1928997,0.1573799631322752,-0.08574122615758192,0.10640286,0.82682407,0.46008632527259596
Neurons,Pericytes,Ptn,Ptprz1,0.48479128,0.22599788,-0.03516752178538682,-0.44393051737138944,0.005795231,0.83786964,0.46008632527259596
Pericytes,Pericytes,Gnai2,Adcy9,0.4894545,0.2385012,0.37611336715532767,0.6847290555362489,0.053850096,0.84149396,0.4602008397234509
OPCs,Pericytes,St6gal1,Egfr,0.48459113,0.22879781,0.6198316056129256,0.5410055543309119,0.07378142,0.8387042,0.46051435295123666
Neurons,Microglia,Adam10,Tspan14,0.48867226,0.23850904,0.31818465654116407,0.19626035806404113,0.07066812,0.84149617,0.46062909223031434
Pericytes,Microglia,Psap,Lrp1,0.8800885,0.77103776,0.3822189832487087,0.4814654194364295,0.024254996,0.90517265,0.4607928973083509
OPCs,Oligodendrocytes,L1cam,Fgfr2,0.66537476,0.19275308,0.12522293908252663,0.6229802853553377,0.06620732,0.82676965,0.4609427999047552
Pericytes,Pericytes,Ncam1,Fgfr1,0.5245606,0.23856024,-0.1952887586485931,-0.2719975210673637,0.019600047,0.8415105,0.4610576103362063
Neurons,OPCs,Fgf14,Fgfr1,1.5778717,0.49851036,0.4530385608887295,1.0889589059037026,0.035262074,0.88473064,0.46109720152858513
Pericytes,Pericytes,Apoe,Ldlr,0.95343,0.50191617,0.40185338960578665,0.7153663316530439,0.048008546,0.88507736,0.4613496186579217
Neurons,Microglia,Adam15,Itgav,0.5016263,0.192587,0.38324726761452504,0.5161471551711792,0.058917414,0.82670796,0.46137135853358924
Pericytes,Oligodendrocytes,Gnas,Adcy9,0.74535424,0.23861927,-0.1532282105081901,-0.5036789183175003,0.012392368,0.841527,0.46148624011390815
Astrocytes,Oligodendrocytes,Ntrk3,Ptprf,0.62412244,0.19257009,0.29165648294625024,0.43076055758154574,0.044101126,0.82670164,0.46180033679262844
Pericytes,Neurons,Bmp5,Acvr2b_Bmpr1a,0.2655119,0.040827442,1.4202544813726192,0.7925716233578557,0.15545096,0.68716025,0.46180162892577714
Pericytes,Neurons,Bmp5,Acvr1_Acvr2b,0.2655119,0.040827442,1.4202544813726192,0.7925716233578557,0.15545096,0.68716025,0.46180162892577714
Microglia,Neurons,Fgf13,Fgfr2,0.8794937,0.7655445,0.2921422530225932,0.2639301029084121,0.06313402,0.9048653,0.4619066401177123
OPCs,Astrocytes,Apoe,Ldlr,1.0524058,0.50184095,0.45009045404811876,0.30217714012127855,0.04800135,0.8850697,0.4619066401177123
Oligodendrocytes,Oligodendrocytes,Ptn,Ptprs,0.6051515,0.23865184,-0.09939008807261661,-0.06867924073267784,0.009292212,0.84153605,0.4619152895694225
Astrocytes,OPCs,Jam2,Itgav_Itgb1,0.48435614,0.22811095,0.8087676067537934,0.7936719555470491,0.060550265,0.83850074,0.4622295808756189
Oligodendrocytes,Astrocytes,Adam10,Notch2,0.48930192,0.23866192,0.4779505306163848,0.627769556120322,0.04567332,0.84153885,0.46234460487094264
Astrocytes,OPCs,Apoe,Lrp8,1.576376,0.46166968,0.7845989141363225,1.1400598248639051,0.062133968,0.8807576,0.4624334780446603
Oligodendrocytes,Microglia,Trf,Adrb2,1.1071647,0.50176096,1.0706754687844073,2.0751925497342585,0.48262742,0.8850616,0.4624638615102974
OPCs,OPCs,Slit2,App,0.60330695,0.19190958,-0.2976086233724145,-0.8441034165016401,0.021573728,0.82645535,0.46265893659454727
Astrocytes,Pericytes,Agrn,Itgb1,0.4843359,0.21492155,0.39737026575529255,0.5942225745660494,0.0482392,0.83442736,0.46265893659454727
Neurons,Neurons,Vegfa,Grin2b,0.74002266,0.2388224,0.5098263331342653,0.6917035308543281,0.06322614,0.8415837,0.46277418610080445
OPCs,Pericytes,Ccl25,Grm7,1.0654521,0.5012137,0.250707635387134,0.7139195256548881,0.066506386,0.88500607,0.46302133266628465
Astrocytes,Oligodendrocytes,Rgma,Bmpr2,0.49049234,0.19185877,0.39925263633749986,0.361149784303609,0.03198975,0.8264364,0.46308871247692507
Microglia,Microglia,App,Tnfrsf21,0.48428667,0.22585356,-0.14530066472677194,-0.4820803236407309,0.025780357,0.83782625,0.46308871247692507
Microglia,Pericytes,Adam17,Notch1,0.49202698,0.23889695,1.0706183541860628,1.1759398194919126,0.12230567,0.8416045,0.4632040333413437
Pericytes,Neurons,Rtn4,Cntnap1,0.48426652,0.21799846,-0.04602297845088743,-0.47852002981952557,0.06158149,0.83540696,0.4635185999688426
OPCs,Astrocytes,Lama4,Itgav_Itgb8,0.49434084,0.2392407,0.943843293721174,0.6726343539971258,0.064684935,0.8417003,0.46363414667489633
Neurons,Neurons,Gnai2,Oprm1,0.21003188,0.041013423,0.19079630507386114,-0.005586528664355828,0.049816206,0.68764853,0.4638056469295876
OPCs,Astrocytes,Sorbs1,Itgb5,0.49145824,0.19178317,0.37035902658318065,0.364878952270953,0.019573057,0.8264081,0.4639489079798324
OPCs,Neurons,Vegfa,Nrp1,0.484259,0.23450674,0.5614889290686585,0.6731916445548096,0.06523325,0.84036434,0.4639489079798324
Oligodendrocytes,Pericytes,Apoe,Abca1,0.60547197,0.23927806,0.13661974958696307,0.27565022480219964,0.015584282,0.84171075,0.46406437160118513
Pericytes,OPCs,Gpc3,Lrp1,0.87852883,0.5067079,1.1166462755478708,1.3346784506452365,0.15426935,0.8855597,0.4641370737174127
Pericytes,Astrocytes,Dcn,Egfr,0.48411307,0.19826312,1.4996606827992478,1.4518084587610502,0.33732307,0.82877874,0.4643794822263932
Neurons,Pericytes,Olfm2,Robo2,0.49175653,0.23959792,0.17759634131818625,0.11139936925363142,0.03435614,0.8417997,0.4644950172721523
Neurons,OPCs,Slit2,App,0.87802744,0.75130624,0.08645634464100005,0.016300574245293742,0.084458925,0.9040542,0.4646953433281352
Pericytes,Microglia,Tnxb,Itga9_Itgb1,0.48971903,0.2398244,1.560936506186072,1.2556151747200306,0.1876667,0.8418626,0.4649259292831104
OPCs,Astrocytes,Jag1,Notch3,0.2045728,0.04102974,0.6593156535462911,0.4950063770800272,0.038967382,0.6876913,0.46514106275013967
Astrocytes,Neurons,Bsg,Slc16a7,0.48835337,0.19166248,0.034025347746256096,-0.19520696599570758,0.03261761,0.82636297,0.465241274911712
OPCs,OPCs,Lama4,Itgav_Itgb8,0.49538526,0.24012366,1.0615914777466164,0.790354511143095,0.09769321,0.8419456,0.4653571077163953
Oligodendrocytes,Oligodendrocytes,Nrxn1,Nlgn1,0.8778086,0.76780456,-0.38483201078406903,-1.822807585959223,0.005282617,0.90499216,0.4655331396038197
Oligodendrocytes,Oligodendrocytes,Nlgn1,Nrxn1,0.8778086,0.76780456,-0.38483201078406903,-1.822807585959223,0.005282617,0.90499216,0.4655331396038197
Microglia,OPCs,Apoe,Vldlr,0.5593163,0.19165042,0.0014557964162089515,0.14016087455305404,0.031527314,0.82635844,0.46567249332377647
Pericytes,Astrocytes,Cxcl12,Sdc4,0.48369622,0.20628463,1.6602428808990206,1.3247253325042494,0.56572527,0.8315745,0.46567249332377647
Pericytes,Astrocytes,Serping1,Lrp1,0.668184,0.24044621,0.9911679467437244,1.0395157644503434,0.13055591,0.8420349,0.46578855265434244
Neurons,Microglia,Sdc2,Ptprj,1.0109569,0.49998742,1.0148364907943204,1.2335959768536768,0.04123856,0.8848814,0.4658125294855619
Pericytes,Astrocytes,Alcam,Nrp1,0.48367256,0.20579313,0.11259883429671855,0.37439530464009696,0.021786066,0.8314074,0.4661041331445194
Microglia,Astrocytes,Entpd1,Adora2b,0.6866059,0.19164088,2.0096146854753263,1.5610702841617352,0.27561775,0.82635486,0.4661041331445194
OPCs,OPCs,Spon1,Lrp8,0.8582824,0.2405666,1.2714982982560599,1.1386473123085856,0.08719716,0.84206814,0.4662201091183188
Astrocytes,OPCs,Hsp90b1,Lrp1,0.87619275,0.50019765,0.6403147389097359,0.5449675831588011,0.031741705,0.8849028,0.4663715460070646
Astrocytes,Neurons,Apoe,Vldlr,1.5730675,0.44182727,0.7142963949332064,0.8689190322712039,0.07268247,0.8784313,0.46643946423422566
Neurons,Neurons,Cthrc1,Fzd3,0.21255088,0.04117636,0.2814862004493837,0.22054379125676285,0.048762485,0.6880742,0.4664760097190084
OPCs,Microglia,Lrrc4b,Ptprs,0.48351064,0.22436136,0.12859495000541052,0.061589362665289915,0.03345989,0.8373754,0.4665360396124527
OPCs,Pericytes,Psap,Sort1,0.59358513,0.24061233,-0.08085768394098834,-0.3079679242489679,0.020638268,0.8420808,0.46665208721683105
OPCs,Astrocytes,Mdk,Ptprz1,1.1003263,0.49854073,1.2710591071587176,1.3628367199362386,0.09194958,0.88473374,0.4669307609654896
Astrocytes,OPCs,Lama2,Dag1,0.8760199,0.5707395,0.9764585848020617,1.180156456419198,0.09160152,0.8914526,0.4669307609654896
OPCs,Pericytes,Adam10,Notch1,0.48306632,0.23109192,0.6729671726972035,0.5253298816548562,0.04837857,0.8393779,0.46696805758314663
Pericytes,Astrocytes,Col1a2,Itgav_Itgb8,0.4956276,0.24069728,0.8768223105909051,0.8042296446989325,0.087008595,0.8421043,0.4670843320669834
Microglia,Astrocytes,Grn,Sort1,0.6117254,0.19092636,1.0077630830403652,0.7249580040026121,0.06937146,0.8260867,0.46740049749665
Pericytes,Oligodendrocytes,Gpc3,Unc5c,0.8759852,0.50485796,0.44922515562022,0.9727027163737135,0.14712293,0.88537425,0.4674902746119088
OPCs,Microglia,Mdk,Lrp1,0.5979109,0.24088162,0.6865207602496519,0.8041487182852756,0.052124996,0.84215516,0.4675168437511115
Astrocytes,Astrocytes,Trf,Tfrc,0.20403376,0.041179672,-0.35009193487248136,-1.3343238883665778,0.009752301,0.6880828,0.46781048791851265
Astrocytes,Neurons,Hsp90b1,Lrp1,0.48290765,0.21784003,0.10459165754719074,-0.13501522151757017,0.013823763,0.835357,0.46783304888592514
Neurons,Astrocytes,Fgf1,Fgfr2,0.6305664,0.19086188,-0.006306947369978021,-0.2727528100800933,0.027505552,0.82606244,0.46783304888592514
Microglia,Microglia,Apoe,Sorl1,0.58648247,0.24095337,-0.047741227589366594,0.16429179303929636,0.013967516,0.84217495,0.46794962235155124
Pericytes,OPCs,Alcam,Chl1,0.48286176,0.20473672,-0.0173628504272773,0.16437796415522965,0.013838588,0.8310464,0.46826602257422323
OPCs,Microglia,Agrn,Itgb1,0.49088275,0.24096555,0.3957480126816802,0.5347563971766445,0.05408478,0.84217834,0.46838266795063815
OPCs,Microglia,Lamc1,Itga6_Itgb1,0.49100408,0.2410845,0.5508371978790294,0.7460877040670361,0.05727206,0.8422111,0.469032659309864
OPCs,Microglia,Lamc1,Itga9_Itgb1,0.49100408,0.2410845,0.5508371978790294,0.7460877040670361,0.05727206,0.8422111,0.469032659309864
Astrocytes,Pericytes,Ptn,Ncl,0.52152735,0.19042416,-0.010169465704426332,-0.18324456193305333,0.02041583,0.8258974,0.46913261550350344
Microglia,Astrocytes,Adam17,Notch1,0.48230976,0.22823635,1.0373722899707243,1.0597162091631627,0.116847865,0.83853793,0.46913261550350344
Oligodendrocytes,OPCs,Gnas,Adcy8,0.8740653,0.66141444,0.04308494634751883,0.08636737766664393,0.031040713,0.8983833,0.4691702042365308
Neurons,Microglia,Timp2,Itgb1,0.49126738,0.24134268,0.34892243087249974,0.43559207258569865,0.064347975,0.8422822,0.46968325173524367
OPCs,Pericytes,Adam12,Itgb1,0.8737831,0.70137936,1.737917642031943,1.6019565212510773,0.2147175,0.9010302,0.4697306598270844
Neurons,Neurons,Sema3c,Nrp2_Plxna2,0.20840907,0.041204356,0.20882417470321174,0.109133452686274,0.05849923,0.6881471,0.46981134141972175
Neurons,Neurons,Sema3c,Nrp2_Plxna4,0.20840907,0.041204356,0.20882417470321174,0.109133452686274,0.05849923,0.6881471,0.46981134141972175
Microglia,Pericytes,App,Lrp6,0.48194462,0.22314872,-0.31314758741111304,-0.6567142120654189,0.013896254,0.8370061,0.4700002769428221
Neurons,Astrocytes,Fgf9,Fgfr3,0.7647023,0.24137223,1.498388175620685,1.3107909121915973,0.4649523,0.84229034,0.47011736605627386
Oligodendrocytes,Pericytes,Psen1,Notch3,0.6075442,0.19003141,1.7050955562997627,1.4050277253988492,0.11485899,0.825749,0.4704345865564782
Astrocytes,Neurons,Apoe,Scarb1,1.5683451,0.41350365,0.8533611040924639,1.1651216535558944,0.07308814,0.8748492,0.47044123211044575
Neurons,Pericytes,Apoe,Lrp1,0.57488894,0.2414936,0.12797099776233525,-0.49727112482755564,0.0055258186,0.8423237,0.47055174778760045
Pericytes,Neurons,Ntn1,Unc5c,0.87245286,0.5244543,0.5966166798117232,0.3149066546734577,0.06384139,0.88729244,0.4708524144644365
OPCs,Astrocytes,Megf10,Abca1,0.4816212,0.23065262,0.4142016372157507,0.3526396626005541,0.06980688,0.8392496,0.47086916364056397
Microglia,Astrocytes,Hsp90aa1,Egfr,0.5161897,0.24151006,0.7288968604968802,0.07116389264357315,0.050482996,0.84232825,0.47098639701155925
OPCs,Microglia,Megf10,Abca1,0.48127335,0.23034273,0.4135092956789825,0.4954736511865121,0.069713086,0.8391589,0.47130385209127745
Pericytes,OPCs,Col1a2,Itgav_Itgb8,0.49667203,0.24158561,0.9945704946163474,0.9219498018449017,0.1314085,0.84234905,0.4714211575984337
OPCs,Astrocytes,Fgf13,Egfr,0.48081642,0.19381844,0.9188655789668287,0.5664892514340638,0.064092696,0.82716405,0.471738964267116
OPCs,Microglia,L1cam,Cntn1,0.20744574,0.04126625,-0.18953838970508965,-0.5535797351504207,0.009301843,0.6883082,0.47181114063713403
OPCs,OPCs,App,Tnfrsf21,0.62771213,0.24160434,-0.1386123663442181,-0.5742159576803109,0.027578251,0.8423542,0.4718563419585425
Microglia,Neurons,Gnas,Adcy9,0.8714527,0.6982163,0.1264367635452161,-0.1754017188960802,0.03626092,0.9008285,0.4719750576193126
Pericytes,Pericytes,Nid1,Itgav,0.48078686,0.22854759,1.3817871729480404,0.9146197861937101,0.11689659,0.83863014,0.47217418778200215
OPCs,Oligodendrocytes,Timp3,Ddr1,0.49469548,0.24162038,0.3452061749578514,0.853115669790261,0.06711943,0.8423585,0.47229179405826127
Astrocytes,Pericytes,Lama2,Dag1,0.87139875,0.5585444,0.9670210384435675,1.298761010510833,0.08964425,0.8904032,0.47253674972712856
Astrocytes,Astrocytes,Ptn,Sdc3,0.5533061,0.241723,0.21824432311102349,0.15100753568351882,0.021510273,0.8423868,0.4727275139799255
OPCs,Astrocytes,Gnai2,Egfr,0.48060536,0.19353391,1.038160042088181,0.7167195742206176,0.08723342,0.827059,0.47304575085768386
Astrocytes,Oligodendrocytes,Ptn,Cdh10,0.8704664,0.7536998,-0.0038150364512023914,0.1154013144517021,0.020438982,0.90419203,0.4730986886357528
Neurons,Pericytes,Fgf10,Fgfr1,0.22866417,0.04135119,0.29713386395226016,0.38646015058903954,0.17031434,0.68852866,0.47314377447445044
Astrocytes,Pericytes,Jam2,Itgav_Itgb1,0.49731523,0.24275257,0.716105870785839,0.7196279579442888,0.04499429,0.8426687,0.473163501805871
Pericytes,Pericytes,Col8a1,Itga1_Itgb1,0.47990376,0.20938532,0.9816900522456762,1.2276115153395124,0.19508411,0.83261675,0.47348177763400234
Neurons,Neurons,Lrpap1,Lrp1,0.5034808,0.24280936,0.30127658971640314,0.18159690972029457,0.030949509,0.84268427,0.4735997576184338
Astrocytes,Oligodendrocytes,Il18,Il1rapl1,0.8694751,0.6343373,0.10828632010971707,-0.24761924728707557,0.03822599,0.89645946,0.47366097515184125
Pericytes,Astrocytes,Tfpi,Sdc4,0.47967204,0.20105271,1.7656063083227982,1.2279902038474901,0.44869652,0.8297678,0.4739182290277122
Pericytes,Neurons,Agrn,Lrp1,0.50364816,0.24301244,0.24652653891272092,0.2096803958210111,0.02389301,0.84273964,0.474036124710759
Microglia,OPCs,Adam17,Notch1,0.47964072,0.22530824,1.0282411055757952,1.0045701556181323,0.1153488,0.8376619,0.4743547916909992
OPCs,Microglia,Vegfa,Nrp1,0.4933743,0.24333833,0.5777005499117119,0.8151471309936154,0.06768996,0.84282845,0.474472916647264
Oligodendrocytes,Astrocytes,Csf1,Sirpa,0.20622963,0.04137452,0.11182701162413244,0.2769469204469483,0.02992233,0.6885891,0.47447591004089873
OPCs,Astrocytes,Adam10,Cadm1,0.86939883,0.64108175,0.11713955263018978,0.04336472308197403,0.028526848,0.89694923,0.4747860855803415
Oligodendrocytes,Pericytes,Sorbs1,Itga1,0.679457,0.24366729,1.9320049061522284,1.0591269935934637,0.047643524,0.84291786,0.4749099768173641
OPCs,Pericytes,Calr,Itgav,0.4792167,0.22719814,0.16969945789038587,0.13925729573634815,0.027048018,0.8382291,0.4752290352602252
Astrocytes,Pericytes,Adam10,Nrcam,0.49958783,0.24409315,-0.03160847122611436,0.001388356573685079,0.013012419,0.8430335,0.47534730530339453
Pericytes,Microglia,Gnas,Adcy7,0.86933887,0.563043,0.6568829205423344,0.3777293710965276,0.11947353,0.890794,0.4753490100905542
Neurons,OPCs,Il34,Ptprz1,1.4477644,0.24437489,1.5584783014912191,1.6949034628425477,0.038003992,0.8431098,0.47578490218769104
Neurons,Oligodendrocytes,Sema4a,Plxnb3,0.23132035,0.041431177,0.18599604034566236,0.5661068319904268,0.12776193,0.6887358,0.47580757733190104
OPCs,Oligodendrocytes,Agrn,Atp1a3,0.47916687,0.22944954,0.032282887352695744,-0.1767275579488366,0.037570823,0.8388965,0.4761041950885955
Microglia,Microglia,Trf,Adrb2,0.6056906,0.24475364,0.762741175694391,-0.26021165347211983,0.23542054,0.8432122,0.4762227675525896
Microglia,Microglia,Tln1,Itgb5,0.9872439,0.4934157,1.9255071646374946,1.8223897829667044,0.20391132,0.88420576,0.47647569807215684
Oligodendrocytes,Microglia,Alcam,Nrp1,0.4789907,0.22888832,0.17747749678315416,0.2150870075860865,0.024231015,0.838731,0.476542098957347
Pericytes,Pericytes,Lama4,Itga6_Itgb1,0.51666075,0.24489617,1.5487156251973775,1.2611425542475283,0.08453287,0.84325063,0.4766607441130334
Neurons,Pericytes,L1cam,Fgfr2,0.4817623,0.18860486,0.05020214908693035,-0.12827452306595083,0.06478248,0.82520616,0.47698042869389057
Pericytes,Microglia,Jag1,Notch2,0.47886947,0.22471489,1.4620953227756717,1.290722756260449,0.19069633,0.8374826,0.47698042869389057
Oligodendrocytes,Oligodendrocytes,Fgf14,Fgfr2,0.8678893,0.66475177,-0.16206052786574537,-0.5157018146091938,0.014139594,0.89861286,0.4770393600663101
Pericytes,Neurons,Lama4,Dag1,0.51669204,0.24493785,1.4622068697773107,1.0839193503282039,0.11602739,0.84326184,0.4770991465896669
Oligodendrocytes,Oligodendrocytes,Gnai2,S1pr5,0.20424187,0.041666646,0.0709762473028647,0.49049661690289376,0.08676737,0.68934304,0.47713880630084105
Neurons,Neurons,Arf1,Chrm3,0.47882628,0.20002495,0.3789548802167947,0.6724388837981212,0.16149756,0.8294055,0.4774190271357225
Pericytes,Pericytes,St6gal1,Egfr,0.5044958,0.24499753,0.6435153309768633,0.7917947527013193,0.07900541,0.843278,0.47753781779388027
Pericytes,OPCs,Apoe,Lrp8,0.87271756,0.24501123,0.268950349123224,0.4282546696838243,0.032974917,0.8432817,0.47797675780800863
OPCs,Oligodendrocytes,Ntn1,Dcc,0.8669728,0.7456752,1.4433964520894134,0.452795714725746,0.08921211,0.9037274,0.4781674203422932
Neurons,Pericytes,Gas6,Mertk,0.4787178,0.20681506,0.5537297576080724,0.6565058711102428,0.039478093,0.83175427,0.4782968727373006
OPCs,Astrocytes,Adam10,Notch2,0.496226,0.24505748,0.48633222965777534,0.359880313097808,0.046897255,0.84329414,0.47841596671438846
Astrocytes,Astrocytes,Lrpap1,Sort1,0.20570712,0.041827198,-0.17574889492238663,-0.4352404745594181,0.014537073,0.6897546,0.4784695372774037
Microglia,Oligodendrocytes,Adam10,Cadm1,0.86674106,0.73805434,0.18518408154552574,0.20407315759473477,0.032841932,0.9032796,0.4787318182949576
OPCs,Pericytes,Lrrc4b,Ptprs,0.4786585,0.2187273,0.12291205298837038,0.025152639880224537,0.032619663,0.8356363,0.47873611986857983
Microglia,Pericytes,Tgfb1,Tgfbr3,0.49838912,0.24530417,1.5151879119574194,1.3824798227364232,0.35276785,0.8433606,0.478855444595355
Astrocytes,Microglia,Mdk,Notch2,0.47850943,0.22432123,1.108973433139444,1.1364732501383674,0.15931195,0.8373632,0.47917579376169056
Pericytes,Microglia,App,Aplp2,0.6454046,0.24534215,-0.44001377578238243,-0.9046159916242893,0.011069938,0.8433708,0.4792950335865852
OPCs,OPCs,Sema6a,Plxna2,0.50555384,0.24536724,0.20877091706431108,0.212015130855432,0.070781,0.8433776,0.47973504956707913
OPCs,Microglia,Bmp7,Eng,0.20471978,0.04187385,1.0572417858043863,0.6345022896796486,0.15422224,0.6898739,0.47979980022547974
Neurons,Microglia,Nlgn2,Nrxn1,0.47847497,0.21739514,-0.07202066248790095,-0.5673106520678262,0.0120264515,0.83521634,0.4798357301885815
Microglia,Neurons,Nrxn1,Nlgn2,0.47847497,0.21739514,-0.07202066248790095,-0.5673106520678262,0.0120264515,0.83521634,0.4798357301885815
Pericytes,OPCs,Vegfa,Itga9,1.0722129,0.49181718,2.3310848279772505,1.7133813093455728,0.099271245,0.8840395,0.4798614504630204
OPCs,Neurons,App,Gpc1,0.6295792,0.2454061,-0.07139286022449251,-0.46742287971879404,0.06690887,0.8433881,0.48017533476913765
Pericytes,OPCs,Gnas,Adcy9,0.8653092,0.5524988,0.03557163825238332,-0.16716126993339103,0.028693276,0.88987106,0.4804265829368688
Astrocytes,Neurons,Fgf1,Tgfbr3,0.4784279,0.2094578,0.549679011617667,0.6062114404708295,0.11321229,0.8326408,0.48049627226136116
Oligodendrocytes,Neurons,Rtn4,Rtn4rl1,0.8495823,0.24570845,0.21619598231412232,0.7583152486041143,0.05211635,0.8434693,0.4806158892750965
OPCs,Astrocytes,Fam3c,Lamp1,0.47806656,0.19376014,0.21937740325955105,0.07012807215625463,0.058096994,0.82714254,0.48093686471223185
Microglia,OPCs,Rtn4,Tnfrsf19,0.62025005,0.1876787,0.12450554970475022,-0.1415320991137404,0.039563492,0.82485086,0.48093686471223185
Oligodendrocytes,Microglia,Hspa8,Adrb2,0.6081363,0.24600708,0.8405147070879162,0.4463457458796244,0.16885342,0.84354955,0.48105671316729126
Oligodendrocytes,Astrocytes,Fgf1,Fgfrl1,0.20520715,0.041979942,0.3437682403170098,0.3312837041590657,0.06267997,0.69014454,0.4811295952273881
Microglia,Astrocytes,Sema4d,Plxnb1,0.50568134,0.24601662,0.61221086090648,0.7291342581008291,0.17045167,0.8435521,0.48149780652805796
Pericytes,OPCs,Ntrk3,Ptprs,0.864041,0.6154431,0.4037454753428282,0.5433796339676061,0.034374807,0.89504766,0.48155758120966297
Pericytes,OPCs,Cxcl12,Grm7,0.93269277,0.49124563,0.8520091835452027,0.213436109097495,0.17705484,0.8839799,0.48155758120966297
Neurons,OPCs,L1cam,Fgfr2,0.47942758,0.18732908,0.04814554512838426,-0.22043433129616458,0.06434427,0.8247161,0.4818191744557202
Oligodendrocytes,Microglia,Fgf12,Fgfr2,0.47761518,0.227986,-0.42360847488914877,-1.2779378895879279,0.008446684,0.8384636,0.4818191744557202
Astrocytes,Neurons,Adam10,Tspan5,0.5021946,0.24631129,-0.07163132531867446,-0.41605528103586487,0.021451253,0.843631,0.4819390109127424
Pericytes,Neurons,Cntn1,Nrcam,0.86401236,0.7043731,0.21365775549418803,0.31421155737571116,0.016886918,0.9012199,0.48212354831124804
Astrocytes,Oligodendrocytes,Ptn,Ncl,0.5195601,0.18724853,-0.01315584905170212,0.04529128714754188,0.020075364,0.82468504,0.4822605751050936
Microglia,Microglia,Fgf14,Fgfr2,0.4964795,0.24643639,-0.47928205385685263,-1.278731621785723,0.005241822,0.8436646,0.48238064336082886
Astrocytes,OPCs,Wnt7a,Reck,0.20597708,0.042001195,0.6882644579009788,0.4575583213638832,0.15616259,0.69019866,0.4824589521945034
Neurons,Pericytes,Gnas,Adcy8,1.1438261,0.49081045,0.13626027138940416,0.0018848942299026228,0.023034133,0.8839345,0.48268965782763973
Pericytes,Pericytes,Serping1,Lrp1,0.54375476,0.1871194,0.8216740592241472,0.9073773255333959,0.10160087,0.82463515,0.4827024039483114
Microglia,Microglia,Tgfb1,Lpp,0.49987084,0.24661647,1.332052133389263,1.116847287858746,0.1321971,0.8437127,0.48282254552446463
OPCs,Microglia,Sparc,Eng,0.5490156,0.18699291,0.7398735107480532,0.4968340482822796,0.05131761,0.8245862,0.48314434377583687
Astrocytes,Astrocytes,App,Rpsa,0.4771229,0.22748138,-0.5448683734771614,-1.1718286666824551,0.009487783,0.8383136,0.48314434377583687
Microglia,Pericytes,Apoe,Sdc2,0.8630232,0.74283695,0.6547330327372819,1.03082057698818,0.03665471,0.9035614,0.4832560111822306
Neurons,Pericytes,App,Aplp1,1.0410187,0.49077526,-0.3113578850524652,-1.3090282203950034,0.019516,0.8839308,0.4832560111822306
Neurons,OPCs,Ptn,Alk,0.51128393,0.24665114,0.21443068172301338,-0.25112840755291116,0.029125186,0.843722,0.48326471748598565
Neurons,Pericytes,Calr,Itgav,0.47677183,0.22509699,0.1664973995180279,0.1441576296847361,0.026797874,0.83759815,0.4835867121554892
Neurons,Oligodendrocytes,Slit3,Robo1,0.6106564,0.2468886,0.11768682406890975,0.01933626071598249,0.07632019,0.8437854,0.4837071593277275
Oligodendrocytes,Oligodendrocytes,Gnai2,Unc5b,0.20526865,0.042071823,0.07039281819009371,0.48270654840052457,0.065457344,0.6903782,0.48378781154053613
Pericytes,Neurons,Lgi1,Adam23,0.862762,0.6572766,0.5284637795107248,0.9346951460441973,0.083547294,0.8980965,0.48382260821043827
Oligodendrocytes,Oligodendrocytes,Apoe,Lrp6,0.5782504,0.186888,-0.03177819292952997,0.08107377210365141,0.008994749,0.8245456,0.48402935047528883
Oligodendrocytes,Microglia,Cntn1,Notch2,0.47635025,0.2219604,0.3967978425025265,0.04049789656627001,0.019102937,0.8366415,0.48402935047528883
Oligodendrocytes,Oligodendrocytes,Lgi3,Adam22,0.49733305,0.2472084,-0.06821415896267397,0.1049369436573167,0.06419967,0.8438707,0.48414987113202634
Oligodendrocytes,Astrocytes,Adam10,Cadm1,0.8624748,0.62435067,0.10875785358879927,0.3112539661044881,0.027782347,0.89572066,0.4843894487476796
Oligodendrocytes,Microglia,Hsp90b1,Tlr7,0.47631356,0.2189204,1.34246162429698,0.8677875177972795,0.123664856,0.8356969,0.4844720997355848
Neurons,Neurons,Nrg2,Nrp2,0.4932385,0.18682726,0.5404515713958096,0.632035923907319,0.11491851,0.8245222,0.4844720997355848
Pericytes,Oligodendrocytes,App,Tspan15,0.64629114,0.24722007,-0.14859432897388797,-0.04027942190159084,0.07019418,0.84387386,0.484592693872833
Oligodendrocytes,Astrocytes,Lrig2,Egfr,0.47627997,0.18770222,0.9154345530483607,0.7342937682930739,0.08426889,0.82485986,0.48491527808568563
Pericytes,Microglia,Col4a2,Itgb5,0.98579997,0.48856136,2.001765230758958,1.9460931757987485,0.2532762,0.88369864,0.4849566344798872
OPCs,Neurons,Lrrc4b,Ptprs,0.86207503,0.66393024,0.5719797902412505,0.686111052540942,0.09901452,0.89855653,0.4849566344798872
Astrocytes,Neurons,Fgf1,Fgfr1,0.5090459,0.24729183,0.5320542469822728,0.5843508113454452,0.11851332,0.84389293,0.48503594575224385
Neurons,OPCs,Omg,Lingo1,0.20545664,0.04207405,0.04263332115899844,-0.14274327076885293,0.040996574,0.6903839,0.48511620318736054
Microglia,OPCs,Adam17,Itgb1,0.47616765,0.221498,0.5694687967116665,0.7619571270150125,0.07210397,0.8364989,0.4853585673469293
Microglia,Pericytes,Gnai2,Adcy9,0.49787903,0.24729778,0.39037196678832836,0.6583010008826682,0.05583624,0.84389454,0.48547946784118917
Astrocytes,OPCs,Lama2,Itga9_Itgb1,0.8616462,0.53280747,0.8820002317921728,1.073316423447308,0.06989962,0.8880802,0.48552396158509936
Oligodendrocytes,Pericytes,Adam10,Notch1,0.47614223,0.22506082,0.664585473655813,0.7932191246773702,0.04711597,0.83758724,0.48580228605655607
OPCs,Astrocytes,Gas6,Mertk,0.6480708,0.18625937,0.8008362417382338,0.7374529721795815,0.0355543,0.8243018,0.48580228605655607
Pericytes,Pericytes,Bmp5,Bmpr1a_Bmpr2,0.50148124,0.24742293,1.5597501598138315,1.12888386576657,0.17061698,0.8439278,0.4859232602220045
Oligodendrocytes,Oligodendrocytes,App,Vldlr,0.98993284,0.48811457,0.07022052625725932,0.6342185590151657,0.103895,0.8836517,0.4860915317055673
Pericytes,Neurons,Gpc3,Unc5c,0.86131835,0.4941909,0.4384021050244923,0.36107324939235086,0.14401439,0.8842861,0.4860915317055673
Pericytes,OPCs,Hspa8,Ldlr,0.54167837,0.18603188,-0.03366810579703864,-0.3345668412175459,0.028661951,0.8242133,0.48624627511794943
Pericytes,OPCs,Lamc3,Itgav_Itgb8,0.47563633,0.21768618,1.7147505445398863,0.9565250072746727,0.23993981,0.8353084,0.48624627511794943
OPCs,Neurons,Sdc2,Ptprj,0.50821596,0.24764137,0.3805809333431578,0.28117429669729566,0.020425264,0.843986,0.4863673229770257
Pericytes,Astrocytes,Fgf1,Fgfrl1,0.20554191,0.04210969,0.3443304772126901,0.22822276969884653,0.0628737,0.6904744,0.48644415701486354
Neurons,Oligodendrocytes,Sptan1,Ptpra,0.8609419,0.6698971,0.31158893499721657,0.5716471718654933,0.050829723,0.8989636,0.486659344676708
Astrocytes,Pericytes,Fgf1,Fgfr1,0.47553945,0.20588866,0.4687915160682701,0.6570233833147767,0.09867107,0.8314399,0.48669037504623147
Microglia,Pericytes,Actr2,Ldlr,0.5503957,0.24770132,0.4450707416244427,0.7536168512723151,0.08290188,0.8440019,0.48681165618858824
Astrocytes,Neurons,Agrn,Lrp1,0.4754824,0.20882817,0.20143653787931404,0.09349427015532158,0.020532008,0.83243096,0.4871349049610175
Astrocytes,Neurons,Ptn,Cdh10,0.8601303,0.7370148,-0.012750438855298345,-0.40082846606137157,0.019986514,0.90321803,0.48722740033393896
Microglia,Astrocytes,App,Aplp2,0.50327814,0.2477869,-0.5195243271346021,-1.1362692299248849,0.011180245,0.84402466,0.487256100248185
Pericytes,Astrocytes,Fn1,Sdc2,0.48961523,0.18583147,1.0453059974149665,1.0543468201842832,0.2039618,0.82413524,0.4875795457130429
Oligodendrocytes,Astrocytes,Agrn,Lrp1,0.67154527,0.24798954,0.4538139064912917,0.5876845832190978,0.024382357,0.8440784,0.4877009745226524
Neurons,Oligodendrocytes,Slitrk3,Ptprs,0.20891012,0.042115342,-0.001604909982559355,-0.35148150675984796,0.01934192,0.69048876,0.4877716134997363
Neurons,Astrocytes,Il1rapl1,Ptprf,1.2316288,0.48727387,0.23827785457355885,0.5339868551885927,0.052210297,0.883563,0.4877958005811647
Neurons,Pericytes,Edil3,Itgav,0.85940814,0.5539456,-0.052178156529419,-0.7044377240636164,0.03258587,0.88999915,0.4877958005811647
Neurons,Astrocytes,Ptn,Ptprs,0.4752394,0.21855135,-0.1663572500406124,-0.7493091427256159,0.0085095735,0.835581,0.48802461681044645
Pericytes,Pericytes,Dcn,Erbb4,0.5692911,0.24836604,0.37007343863213205,0.4824938933483349,0.055531915,0.84417826,0.488146119500639
Neurons,OPCs,Adam15,Itga9,1.0709585,0.48709202,2.3359185749707376,1.637202819019905,0.18462391,0.8835438,0.48836434116033145
OPCs,Pericytes,Hsp90aa1,Egfr,0.47519016,0.22114669,0.3883940680462068,-0.07180069028631297,0.046226427,0.8363903,0.4884699586712363
OPCs,Neurons,Rtn4,Lingo1,0.53723073,0.24842024,0.009525391633628977,-0.44732821211689844,0.05764814,0.84419256,0.48859153526448074
OPCs,Neurons,Gnas,Adora1,0.62079257,0.1855589,-0.1178360363264141,-0.5935211289836209,0.023683844,0.8240288,0.4889154113245675
Pericytes,Pericytes,Bcan,Nrcam,0.50336766,0.24843027,0.1708325838247539,0.3826913880721147,0.013477421,0.8441952,0.4890372218965132
Neurons,Neurons,Adcyap1,Adcyap1r1,0.21384326,0.042250987,0.27907154577876647,0.29340027154199033,0.12543616,0.6908322,0.4890986025323597
Neurons,Oligodendrocytes,Slit2,Robo2,0.49455917,0.18535694,0.12913223278021704,-0.19806457924394916,0.032075148,0.8239498,0.4893612948618414
OPCs,Astrocytes,Rtn4,Tnfrsf19,0.5372924,0.24851118,0.2865656770625068,-0.25109524500874897,0.052387252,0.8442167,0.48948317947907194
Oligodendrocytes,Pericytes,Gnas,Adcy9,0.85821056,0.62354255,0.07325034627408283,0.2948332147783529,0.032382835,0.89566016,0.4895021487310186
Neurons,Astrocytes,Lrrc4b,Ptprs,0.4748764,0.2181443,0.08680985486286322,-0.04337405406667194,0.032532718,0.835453,0.489807289161712
Oligodendrocytes,Neurons,App,Tspan12,0.91911274,0.24856494,0.14629766030941638,0.3801351201363404,0.06268387,0.84423083,0.48992924782012665
Neurons,Astrocytes,Cntn2,Cntn1,1.107531,0.48615196,0.3396977316173361,0.01684726320428498,0.05811827,0.88344437,0.4900714153933733
Pericytes,Astrocytes,Rtn4,Tnfrsf19,0.47482127,0.20642275,0.23843375625101354,-0.2846015038889726,0.043514825,0.8316214,0.49025371470469464
Microglia,Astrocytes,Apoe,Ldlr,0.59077954,0.24875198,0.11180553869432847,0.34323473457355363,0.02379326,0.8442803,0.4903757474533825
Microglia,Neurons,Gnai2,Drd2,0.28151357,0.04232324,0.36705926610294815,0.3896010523507516,0.18925157,0.69101465,0.4904251539611504
Neurons,OPCs,Sptan1,Ptpra,0.85752976,0.6621993,0.30767853823239877,0.2848544902776208,0.050245646,0.8984375,0.49064102604001214
Microglia,Astrocytes,Il18,Il1rapl1,1.1526202,0.48612952,0.16595151217485768,0.13984747673133158,0.029294794,0.883442,0.49064102604001214
OPCs,Astrocytes,Mdk,Sdc2,0.48909062,0.18507417,0.8411817227771761,0.7973342982400863,0.08636414,0.8238391,0.49070041142268306
Pericytes,Neurons,Rtn4,Lingo1,0.4747596,0.2063472,-0.03860652917786425,-0.48083447099712207,0.047884718,0.8315957,0.49070041142268306
Astrocytes,Neurons,Mdk,Lrp1,0.50858015,0.24899836,0.6870649891010112,0.5412392097622647,0.053881392,0.8443454,0.4908225182841426
Microglia,Astrocytes,Grn,Egfr,0.8569793,0.7009757,2.1419546444406956,1.856550031849904,0.38946107,0.9010045,0.4912107759782678
OPCs,Microglia,Apoe,Sorl1,1.0481087,0.48610774,0.2905436877644237,0.12323419858702128,0.028178552,0.8834397,0.4912107759782678
Oligodendrocytes,Neurons,App,Vldlr,0.9192947,0.24918045,-0.04801114226514598,0.03025883132852858,0.053037964,0.84439343,0.4912695603947427
Pericytes,Astrocytes,Rgma,Bmpr2,0.47465944,0.2251736,0.3137389907072742,0.4571346014662332,0.03754453,0.83762133,0.491594458075691
Pericytes,Astrocytes,Vcl,Itgb5,0.47880912,0.18499273,0.7137782917829337,0.8623042427447443,0.032732382,0.8238072,0.491594458075691
Astrocytes,Astrocytes,Fgf1,Fgfr1,0.510896,0.24957797,0.5355482512122985,0.6541725952309619,0.11960894,0.84449816,0.4917168738675182
Neurons,Neurons,Col11a1,Itga10_Itgb1,0.32076553,0.042325642,0.3943204008104491,0.5738145605028444,0.12137901,0.6910207,0.49175120832574604
Pericytes,Astrocytes,Lamc3,Itgav_Itgb8,0.4745919,0.21688572,1.5970023605144439,0.8388048501287035,0.15886968,0.8350548,0.4920418079804705
Neurons,Astrocytes,Serpine2,Lrp1,0.6434115,0.18485276,0.4836592878454405,0.38666810156990006,0.009287959,0.82375216,0.4920418079804705
Pericytes,Neurons,Nrxn1,Nlgn2,0.8568125,0.49814868,0.13131013845129608,0.3994753358834752,0.027557934,0.8846936,0.4920659045988159
Neurons,Pericytes,Nlgn2,Nrxn1,0.8568125,0.49814868,0.13131013845129608,0.3994753358834752,0.027557934,0.8846936,0.4920659045988159
Neurons,Pericytes,Pdap1,Pdgfrb,1.061704,0.24966069,3.640445208228757,1.781807668427664,0.2081118,0.8445199,0.49216445878480536
OPCs,Oligodendrocytes,Ptn,Ptprs,1.1037623,0.4859638,0.33621136651857875,0.113593688318392,0.018921617,0.88342446,0.49235099979830166
Oligodendrocytes,Neurons,Lama2,Rpsa,0.47453153,0.19297427,-0.00580101599957613,-0.2672827072677618,0.015622779,0.8268517,0.49248959002683446
Neurons,Astrocytes,Ntrk3,Ptprf,0.6846035,0.24995334,0.3739577877179856,0.5938776128370895,0.057242658,0.84459674,0.4926121543699857
OPCs,Oligodendrocytes,Nrg2,Mog,0.8567759,0.5500032,0.3158350045167677,1.6674628143770145,0.23564395,0.88964903,0.4929214733509143
OPCs,Microglia,Farp2,Plxna4,0.5715242,0.18457025,0.3932281748728823,0.59205753944907,0.08101516,0.8236411,0.4929376436598241
Neurons,OPCs,Gas6,Mertk,0.4743665,0.20395015,0.5465937798936169,0.47704962783649285,0.03893122,0.830776,0.4929376436598241
Pericytes,Oligodendrocytes,H2-K1,Aplp2,0.5038575,0.2500709,0.33450791816305875,0.5833592490545165,0.040507145,0.8446277,0.49306028232576227
Oligodendrocytes,Microglia,Csf1,Csf2ra,0.20903574,0.0423411,0.2718953136027239,0.5516839677864345,0.11567013,0.69105965,0.4930767954850518
Oligodendrocytes,OPCs,Gnai2,Igf1r,0.5661258,0.18447083,0.14659098084072272,0.21872735798770343,0.022539783,0.82360196,0.49338580793444453
Pericytes,Neurons,App,Rpsa,0.85658264,0.6926907,-0.246419228738199,-0.7516850337081432,0.028890714,0.900473,0.4934922902813616
Astrocytes,Pericytes,Adam10,Cadm1,0.50661576,0.25007337,-0.2251548119635894,-0.40606170771991235,0.0111277625,0.8446283,0.4935086819730278
OPCs,Neurons,Lrpap1,Lrp1,0.47422108,0.2072973,0.25218895838131994,0.07364270325749422,0.026422992,0.83191717,0.493834404890101
Pericytes,Pericytes,Adam10,Nrcam,0.5048129,0.25008854,-0.025282919899562873,0.0327574901857659,0.013332029,0.84463227,0.49395735339411834
Neurons,Astrocytes,Ntrk3,Ptprs,0.8564869,0.6460717,0.3849559400418361,0.5311921347123647,0.036085527,0.89730704,0.4940632454638402
Neurons,Microglia,Cntn3,Ptprg,0.5427405,0.1843484,0.03057860666756551,-0.06618645486824037,0.017080652,0.82355374,0.4942831124568525
Astrocytes,Astrocytes,App,Aplp1,0.47386444,0.22445567,-0.7492067175551276,-1.765842164018558,0.008925627,0.837404,0.4942831124568525
Neurons,OPCs,Gnai2,Adora1,0.21452303,0.04239988,0.0727269954224911,-0.13686537153012268,0.023527846,0.69120777,0.49440191552138646
Pericytes,Pericytes,Agrn,Itgb1,0.5125016,0.2501033,0.44246026678869943,0.710408700231739,0.05613575,0.84463614,0.49440629667136915
Microglia,Astrocytes,Cntn1,Ptprz1,1.0968598,0.48506117,0.7178059495963298,0.5417983087640282,0.010841572,0.8833287,0.4946344411927436
Neurons,Astrocytes,L1cam,Egfr,0.4736694,0.1841826,1.1615577049627774,0.9167547276988861,0.25367266,0.8234884,0.4947322530644005
Pericytes,Astrocytes,Fgfr3,Epha4,0.5061538,0.25011954,0.7104309817084685,0.8986774471127987,0.08526887,0.84464043,0.4948555118871164
OPCs,Pericytes,Rtn4,Tnfrsf19,0.4936022,0.18404873,0.12987292600286013,-0.3197411642508353,0.03879828,0.82343554,0.4951816656701935
Pericytes,OPCs,Fn1,Itga9,1.0703728,0.48488635,2.736056836255138,2.0560638375461213,0.4874004,0.8833101,0.4952058773034891
Astrocytes,OPCs,App,Rpsa,0.50158495,0.25019598,-0.5235910149082683,-1.3442539501212334,0.010435162,0.84466046,0.49530483767909056
Microglia,OPCs,Rgmb,Neo1,0.53931165,0.18402854,0.21138717201451562,0.23675151109038395,0.08271372,0.82342756,0.49563118884105384
OPCs,Astrocytes,Adam10,Notch1,0.47334903,0.22077961,0.639721108481865,0.40910627132610644,0.04621971,0.8362767,0.49563118884105384
Astrocytes,Neurons,Gnai2,Adora1,0.20893535,0.042417742,0.0503497441572356,-0.02335462414658457,0.023537759,0.6912527,0.49572659824123166
OPCs,Pericytes,Ntn1,Mcam,0.6046952,0.25038144,1.725112702545022,1.2209383658807078,0.3418972,0.84470904,0.4957545969211196
Pericytes,Microglia,Gnas,Adcy9,0.8548127,0.52503324,0.01905111379132466,-0.05109416525883009,0.02726689,0.88734764,0.49577755363149395
Neurons,Pericytes,Ptn,Cdh10,0.47308135,0.21686897,-0.34925081411770903,-0.9566770069008896,0.0058810967,0.8350495,0.49608114559260497
Astrocytes,Pericytes,Gnai2,Igf1r,0.6349313,0.25038514,0.2349573089844012,0.6366728638849386,0.030593598,0.84471005,0.4962046283486228
OPCs,Neurons,Sema6a,Plxna4,0.85386884,0.66796756,0.5531858948468367,0.7046542250781609,0.13059947,0.8988325,0.4963495727301449
Astrocytes,Neurons,Mdk,Sorl1,0.47294894,0.2197581,0.6511942862036197,0.5654191040417123,0.12047096,0.8359589,0.49653121287839236
Astrocytes,Microglia,Bsg,Slc16a7,0.53003335,0.25041023,0.10716038057064513,0.1353816447441497,0.042615447,0.8447166,0.4966549320439356
Microglia,Oligodendrocytes,Sema4d,Plxnb3,0.4726873,0.20614962,0.2842372977878229,0.8684415487557211,0.2446055,0.83152866,0.4969817141049263
Oligodendrocytes,Neurons,Lgi3,Stx1a,0.29619524,0.04252618,0.12003639125618365,0.38977082384884587,0.08424846,0.6915251,0.4970507842681027
Microglia,Oligodendrocytes,Ncam1,Robo1,0.6126604,0.25075895,-0.5737381019002278,-1.3450765393735742,0.004876889,0.84480786,0.49710550808939397
OPCs,Oligodendrocytes,Bsg,Slc16a7,0.5257411,0.18370065,0.05022611967478005,-0.06728566015605991,0.031262644,0.82329786,0.4974324877413252
Pericytes,OPCs,App,Tnfrsf21,0.64823914,0.25134665,-0.12293917019140549,-0.35439032009525484,0.0286903,0.8449612,0.49755635656733344
Neurons,OPCs,Lgi3,Adam23,0.47264212,0.21339434,-0.020875640482656613,-0.28455947787312297,0.0786401,0.8339341,0.497883371865489
Microglia,Oligodendrocytes,Apoe,Sorl1,0.5922164,0.2513596,-0.0396910904364801,0.1717339747499208,0.014570742,0.8449646,0.4980073155287687
Neurons,Oligodendrocytes,Slit2,Robo1,0.851787,0.7125787,0.2501055991340342,0.3665148345704907,0.085109495,0.90173423,0.4980667606715128
Neurons,Neurons,Gpi1,Amfr,0.4726056,0.19518395,0.23315394134912448,0.10126303686080729,0.06627673,0.8276653,0.49833469047073725
Pericytes,Neurons,Lrpap1,Ldlr,0.21029812,0.042526446,0.010372946210702224,-0.12130013374774432,0.022659162,0.69152576,0.49837450341896194
Astrocytes,Pericytes,Fgf1,Egfr,0.512386,0.25141913,0.8856760803523853,0.9716910448765661,0.1452847,0.8449801,0.4984587090207827
Astrocytes,Astrocytes,Fgf1,Fgfr2,0.85155267,0.67051977,0.3648091088427411,0.3070690773904618,0.09663017,0.8990058,0.49863963566004366
Neurons,Astrocytes,Apoe,Sorl1,0.47243434,0.18482512,0.003849682521331721,-0.6940643974665472,0.01071389,0.8237414,0.49878611953262364
Microglia,OPCs,Tgfb1,Itgb8,0.5054461,0.25155416,1.3431777414880306,0.9592433581217609,0.22249846,0.8450153,0.49891037519225523
Pericytes,Pericytes,Il1rapl1,Ptprs,0.5222938,0.25160596,-0.38003913301452513,-0.7843441864047446,0.0065749963,0.84502876,0.49936231412552257
Astrocytes,Neurons,Gnai2,Ptpru,0.20922032,0.042556863,0.22751548358523946,0.18056352038538276,0.062323265,0.69160205,0.4996977854688589
Pericytes,Pericytes,S100a1,Trpm3,0.7739575,0.25206876,0.24120556204514676,0.9569318774992761,0.033001136,0.8451491,0.4998145259029204
Microglia,OPCs,Cd14,Itgb1,0.4721338,0.21824028,1.508942031483273,1.0228192263435685,0.17576186,0.83548313,0.5001423672952838
Neurons,Oligodendrocytes,Lgi1,Adam22,0.50253713,0.25226527,0.04048391517085491,-0.19781322808173307,0.022596966,0.84520006,0.5002668480857263
Oligodendrocytes,OPCs,Psap,Gpr37l1,0.8505833,0.69297993,0.6128754496348637,0.5116133822700561,0.033122215,0.90049165,0.5003597983644852
Microglia,Pericytes,Calr,Itgav,0.47211033,0.22109076,0.16039233855716908,0.236664366679172,0.02632093,0.83637303,0.5005950498120317
Pericytes,Neurons,Adam10,Tspan5,0.50741965,0.25236115,-0.06530577399212296,-0.38468614742378404,0.021978136,0.8452249,0.5007196057003489
Astrocytes,OPCs,Gnas,Adcy8,0.85007036,0.63483804,0.02588499636593991,-0.17517081381495403,0.029793464,0.89649606,0.5009336293273045
Neurons,OPCs,Apoe,Lrp8,0.21525276,0.042575903,-0.21284708762378685,-0.9802729871505135,0.005730092,0.6916497,0.5010205711041784
Astrocytes,Microglia,Hspa8,Adrb2,0.48452464,0.18265565,0.7460323218903395,0.05572790844725872,0.12537049,0.82288253,0.5010478427070809
Oligodendrocytes,Oligodendrocytes,Fgf1,Fgfr2,0.6909779,0.25242594,0.06317395367892849,0.6794973296756872,0.036377694,0.8452417,0.5011726364060796
Astrocytes,Pericytes,Col11a2,Itga1_Itgb1,0.47170353,0.19914244,0.6302481082619136,0.8542852072974453,0.060903054,0.8290925,0.5015010713449946
OPCs,Astrocytes,Cntn3,Ptprg,0.84987414,0.5688278,0.34807202317251834,0.30442190189681473,0.052704282,0.8912902,0.5015076988614958
OPCs,Neurons,Apoe,Scarb1,0.9842869,0.25243244,0.42535692290515825,0.22309861309451565,0.04461827,0.8452434,0.5016259402852536
Neurons,Microglia,Agrn,Itgb1,0.47166455,0.22212029,0.36498189165823874,0.40835141871582536,0.04985496,0.83669066,0.501954573216012
Astrocytes,Microglia,Ptn,Plxnb2,0.56002,0.252561,0.5102718637686329,0.3734399655097371,0.05605915,0.84527665,0.5020795174202075
Oligodendrocytes,Neurons,Omg,Rtn4rl1,0.2134887,0.04267296,0.14781015759654487,0.26368768012942945,0.03800507,0.6918925,0.5023428901104454
Microglia,Astrocytes,Sptan1,Ptpra,0.4711758,0.19122627,-0.11826625048024186,-0.3025269076235835,0.014509659,0.8261995,0.5024081854179728
Pericytes,Pericytes,Vcl,Itgb5,0.5279434,0.25271964,0.8209052397698722,1.0918386403666613,0.0447159,0.8453177,0.5025333678932766
Pericytes,Microglia,Vegfa,Sirpa,1.0508201,0.4806437,1.6102204393189856,1.6573663703880188,0.09108421,0.8828564,0.5026566561756923
Microglia,Astrocytes,App,Lrp1,0.8497678,0.6479502,0.1073826242564328,-0.23618726817059998,0.01918352,0.89744073,0.5026566561756923
Pericytes,Pericytes,Cxcl12,Itgb1,0.47094002,0.19818877,1.1984484540429845,1.1882832511793175,0.23884714,0.8287521,0.5028622339040225
Microglia,Microglia,Nlgn1,Nrxn1,0.50880224,0.2529335,-0.6051936429664138,-1.5087080367239203,0.0017402226,0.84537303,0.5032145747125358
Microglia,Microglia,Nrxn1,Nlgn1,0.50880224,0.2529335,-0.6051936429664138,-1.5087080367239203,0.0017402226,0.84537303,0.5032145747125358
Pericytes,Astrocytes,Sparc,Fgfr1,0.8497644,0.52335185,0.664603994853973,0.7932789698057405,0.06207051,0.8871872,0.5032314404792385
Microglia,Pericytes,B2m,Tfrc,1.0063922,0.48022175,1.163599265028857,1.4807735568508569,0.123479836,0.882811,0.5032314404792385
Pericytes,Microglia,Adam10,Tspan14,0.47082847,0.22046019,0.29658299738863325,0.4142770279283799,0.06532041,0.83617747,0.5033163926892978
OPCs,Astrocytes,Arpc5,Ldlr,0.21491086,0.04268007,0.12601861003727738,0.07752771485778481,0.043259654,0.69191027,0.5036647722312938
OPCs,OPCs,Adam10,Notch1,0.47068006,0.21794717,0.6305899240869358,0.3539602177810759,0.045626745,0.83539075,0.5037709881196046
Astrocytes,OPCs,Agrn,Lrp1,0.86876756,0.47950488,0.7371596192418591,0.7734770748316928,0.04714497,0.8827337,0.5038064626957961
Pericytes,OPCs,Gnai2,Adcy8,0.5053092,0.25298697,0.34594796722876364,0.47626321842453984,0.051618256,0.84538686,0.503896396858338
Pericytes,Pericytes,Lama4,Itgav_Itgb8,0.47060072,0.18362466,1.3116501032333474,1.024271231251704,0.074706845,0.8232678,0.5042258571946351
Pericytes,Astrocytes,Timp3,Ddr1,0.5377297,0.2531117,0.5017033059501196,0.5115154754377329,0.07031159,0.84541905,0.5043513414089459
Oligodendrocytes,OPCs,Jam3,Itgb1,0.47054228,0.21695499,0.24434168321897237,0.7485263800485151,0.062481053,0.8350768,0.5046808365210896
Pericytes,Oligodendrocytes,Fgf1,Fgfr2,0.6913126,0.25320613,0.06373619057460879,0.5764363952154681,0.036490127,0.8454434,0.5048065597093183
Microglia,OPCs,Psen1,Ncstn,0.21573909,0.042698406,0.14238704192494722,0.2096273138343397,0.044547305,0.69195604,0.504986158215945
Oligodendrocytes,Neurons,Alcam,Nrp1,0.46987543,0.22058117,0.16126587594010075,0.07313152114728072,0.023351587,0.83621514,0.5051362530342439
Neurons,Astrocytes,Ptn,Sdc4,0.51992714,0.25338927,0.6352366534632448,-0.03253767763889115,0.039602563,0.84549063,0.5052620518417908
Pericytes,OPCs,App,Lrp6,0.8489625,0.6765485,0.08073855514472192,-0.06940086588380567,0.04213105,0.8994114,0.5055330585811276
Neurons,OPCs,Vegfa,Itgav,0.5859777,0.18203683,0.4669056592268551,0.3531191979058821,0.029656429,0.82263505,0.5055917797668088
OPCs,OPCs,Lgi1,Adam22,0.6021524,0.2535945,0.09943127667997313,-0.05765640168720465,0.022716034,0.8455435,0.5057176541892442
OPCs,Oligodendrocytes,Slit2,Robo1,0.5770665,0.18201724,-0.13395936887938037,-0.49388915617644313,0.021739904,0.8226272,0.5060477440473113
Neurons,Astrocytes,Hsp90b1,Lrp1,0.8488655,0.6459253,0.5880005039926042,0.5736925755517182,0.040989336,0.8972966,0.5061090308464898
Oligodendrocytes,OPCs,Ptn,Ncl,0.6129937,0.25374505,0.07867983026312303,0.2642838555104678,0.027204614,0.8455823,0.5061736941345263
Neurons,OPCs,Gnai2,Cav1,0.2156864,0.04275902,0.6625067518508041,0.09829689271174852,0.05412664,0.6921072,0.5063070778185027
Microglia,OPCs,App,Aplp1,0.46878165,0.2079467,-0.7503009575885795,-1.9196385419824287,0.008269137,0.8321358,0.5065039823841571
Astrocytes,Microglia,App,Notch2,0.5054915,0.2538235,0.1351623382827467,-0.2480374226007952,0.024663465,0.84560245,0.5066300081588866
OPCs,Neurons,S100a1,Ryr2,0.93925077,0.4777251,0.6462931181209947,0.9192385570091227,0.18531002,0.8825411,0.5066852402019195
Microglia,Pericytes,Adam10,Tspan5,0.8481915,0.70163894,0.3395219887193179,0.63529449679351,0.061105743,0.90104663,0.5066852402019195
Neurons,Astrocytes,Rgmb,Bmpr1b,0.6420284,0.1819664,1.3291438171636265,1.0989098840674891,0.17454337,0.82260686,0.5069603308921689
Pericytes,Neurons,Sparc,Fgfr1,0.8479143,0.51855797,0.6611099906239473,0.7234571859202238,0.061501946,0.88672584,0.5072616864828342
Oligodendrocytes,Astrocytes,Nlgn1,Nrxn2,0.60185117,0.2544211,-0.2904873406736028,-1.086034661778454,0.007202384,0.84575593,0.5073149112518318
Astrocytes,Oligodendrocytes,Nrxn2,Nlgn1,0.60185117,0.2544211,-0.2904873406736028,-1.086034661778454,0.007202384,0.84575593,0.5073149112518318
OPCs,Microglia,Sema3e,Nrp1,0.46858594,0.2184355,0.6457233656349333,0.8451515429072596,0.14192134,0.83554465,0.5074171174902297
Astrocytes,OPCs,Entpd1,Adora1,0.21524765,0.04279797,0.23999533438852436,0.19921473207148502,0.02363535,0.6922042,0.5076275311212863
Astrocytes,Neurons,Psap,Lrp1,0.8474628,0.66029483,0.2789772585936383,0.1285498439835041,0.020771286,0.898306,0.5078384730982526
Microglia,Microglia,Timp2,Itgb1,0.4685322,0.21904875,0.3174616752095456,0.48088215285935665,0.058403857,0.83573717,0.5078740142271476
Neurons,Neurons,Efnb2,Grm5,1.1186777,0.25454655,0.5789862458270487,1.0857314323668903,0.11555211,0.84578806,0.508000595529791
Pericytes,Neurons,Col4a5,Cd47,0.46829954,0.1933433,0.7638889236243509,0.6958611551631698,0.14395328,0.8269885,0.5083313494156483
Neurons,Pericytes,Psen1,Notch3,0.63884705,0.25456044,1.7649796768982262,1.2908507650545429,0.15386172,0.84579164,0.5084578424035697
Microglia,Pericytes,Adam15,Itgb1,0.46826535,0.19484784,0.5147410023017772,0.815765761508428,0.08536673,0.82754236,0.5087889590721117
OPCs,OPCs,L1cam,Cd9,0.8523252,0.25459787,0.6166661245535673,0.6639579310508855,0.10935057,0.84580123,0.5089155279597799
Neurons,Pericytes,Efnb2,Grm5,0.23862529,0.042925123,-0.06048035508337446,-0.6545348489800293,0.019485978,0.69252014,0.5089475478260684
Pericytes,Microglia,Gpc3,Igf1r,0.46823525,0.20830521,0.3725888057715354,0.5814359498767055,0.07167938,0.83225596,0.5092466788187443
OPCs,Microglia,Vegfa,Itga9,0.5051063,0.25470522,0.8702544733576741,0.9681818531173776,0.05141119,0.8458287,0.5093734880890528
Pericytes,Pericytes,Psap,Lrp1,0.8469997,0.7167208,0.3371467843767164,0.37973455351117724,0.022546314,0.9019908,0.5095699412706066
OPCs,OPCs,Lrpap1,Lrp1,0.8675062,0.47598973,0.7879120397438651,0.7536255079338655,0.060671672,0.88235235,0.5095699412706066
OPCs,Pericytes,Jag1,Notch3,0.60332656,0.18133692,2.061302892595666,1.5812019625487665,0.17222205,0.82235384,0.509704837559514
Astrocytes,Pericytes,Fgf1,Nrp1,0.5152241,0.25492612,0.5196628873420297,0.7605580935565748,0.09616467,0.8458852,0.5098317228737241
Neurons,Microglia,Col4a1,Cd47,0.24265486,0.0429257,0.12521673329634248,0.0891375492926148,0.038058795,0.6925216,0.5102670687658001
OPCs,Astrocytes,Lrig2,Egfr,0.52630866,0.2551528,0.9919311501670295,0.7267542110407407,0.114550814,0.84594315,0.5102902323961297
Pericytes,Neurons,Arf1,Chrm3,0.4678738,0.18579002,0.36230162575876923,0.7297156426663433,0.15000446,0.82411903,0.5106218145121497
Neurons,Astrocytes,App,Grm7,1.0366496,0.4749496,-0.3229452822399256,-1.2869207179943138,0.009600196,0.88223875,0.5107255379581825
Pericytes,Neurons,App,Gpc1,0.6501062,0.2553017,-0.055719664071679886,-0.24759724213373802,0.06960686,0.8459812,0.5107490167386053
Neurons,Neurons,Lrpap1,Sorl1,0.46784958,0.21429586,0.26540588681901156,0.20577680399974213,0.0691986,0.8342259,0.511080797546033
Microglia,Astrocytes,App,Lrp6,0.50978696,0.25530398,-0.26680632666046045,-0.6575939673814261,0.015898677,0.8459818,0.5112079111013773
Pericytes,OPCs,Nid1,Itgb1,0.46782774,0.21476275,1.474448908915995,0.9886637837964702,0.1573115,0.8343763,0.5115398905883499
Oligodendrocytes,Astrocytes,Psen1,Notch3,0.20879045,0.042996973,0.3031083172503881,0.3188321399301097,0.025988277,0.6926982,0.5115861236527168
Neurons,Microglia,Itgb3bp,Itgb5,0.9164412,0.25538346,1.7524070722066474,1.4958674837241475,0.12040267,0.84600204,0.5116672452322473
OPCs,Neurons,Gnas,Adcy9,0.84592456,0.66635525,0.10813903608954273,-0.29651634527210186,0.034606256,0.8987225,0.5118819740382122
Neurons,Oligodendrocytes,Fgf13,Scn8a,0.5379522,0.18105286,0.17458689726583732,0.04511050225635116,0.027922004,0.82223934,0.5119994235296312
Neurons,Pericytes,Rtn4,Tnfrsf19,0.63664746,0.25542334,0.24008378807436903,-0.2624801671135849,0.053844366,0.8460122,0.5121268544301651
OPCs,OPCs,Sdc2,Ptprj,0.8451703,0.5206118,0.8308313357993814,0.9651095002986784,0.042939644,0.8869242,0.5124605453267892
Neurons,OPCs,Adam15,Itgav,0.62314063,0.25544414,0.547303675553138,0.5394300285585423,0.07814705,0.8460175,0.5125867387774661
Microglia,OPCs,Fgf12,Fgfr1,0.21297637,0.043225188,-0.29491819649262374,-0.7771906358131973,0.005325633,0.69326127,0.5129047421572147
Neurons,Microglia,Gpc3,Lrp1,0.5660451,0.18101212,0.5591422386693531,0.7702330633950278,0.055109903,0.8222229,0.5129191496243496
Neurons,Pericytes,Sptan1,Ptpra,0.8450903,0.6341358,0.2934211224299106,0.36176989025695416,0.04811627,0.8964447,0.5130393518949636
Oligodendrocytes,Microglia,Apoe,Sorl1,0.6139111,0.2555198,-0.02764095127496568,0.09061501153122514,0.014811899,0.8460368,0.5130468983564864
OPCs,Astrocytes,Hsp90b1,Lrp1,0.8442893,0.6356556,0.5824045059070725,0.6150258420940047,0.040337633,0.8965557,0.5136184975751372
Microglia,Neurons,Itgb2,Thy1,0.57837915,0.25556657,1.1144332215667616,0.8460165910422738,0.49287003,0.8460487,0.5137375712518059
Neurons,Microglia,Thy1,Itgam_Itgb2,0.57837915,0.25556657,1.1144332215667616,0.8460165910422738,0.49287003,0.8460487,0.5137375712518059
Oligodendrocytes,Oligodendrocytes,Sptan1,Ptpra,0.4674164,0.20248589,-0.12349189721081814,-0.06668486776047677,0.015364004,0.8302689,0.5138399764885199
Astrocytes,Neurons,Lama2,Dag1,0.84387684,0.48591426,0.9108141645226577,1.0393796150249501,0.077987395,0.8834192,0.5141977742509325
Astrocytes,Pericytes,Col4a5,Cd47,0.20935193,0.04323456,0.2289187136291667,0.08281738175983877,0.03219019,0.6932844,0.5142228651750036
Astrocytes,OPCs,Megf10,Abca1,0.46716726,0.19628309,0.32350601205081075,0.3024867953865866,0.059404965,0.8280654,0.5143008856881149
Astrocytes,Astrocytes,Lrpap1,Lrp1,0.67494255,0.25561354,0.5076557542313525,0.5713360969775667,0.032581583,0.8460607,0.5144288637332566
Astrocytes,Pericytes,Col1a2,Itga1_Itgb1,0.46715158,0.19345665,0.8612404152172852,0.9509785730211481,0.100150004,0.8270304,0.514761904780473
Microglia,Neurons,Ncam1,Ncam2,1.0367513,0.47101644,-0.4203744895917227,-1.0595776237745198,0.0070312065,0.8818061,0.5147772857125473
Astrocytes,Pericytes,Lama2,Itga6_Itgb1,0.8438455,0.48583162,0.9973229199427245,1.2166028189442746,0.056818467,0.88341045,0.5147772857125473
OPCs,Pericytes,Gnas,Adcy8,0.6537318,0.25590461,-0.21502615247234458,-0.6938915119114448,0.012009812,0.8461348,0.5148901249635512
Neurons,OPCs,Rtn4,Tnfrsf19,0.60009015,0.18056758,0.10897252485300135,-0.4357587460056306,0.03806444,0.8220431,0.5152233650397822
Pericytes,OPCs,Rgma,Bmpr2,0.50791013,0.25598678,0.3581953524529661,0.4717468678687933,0.0426822,0.84615564,0.5153516618372141
Neurons,Neurons,Psap,Lrp1,0.8436512,0.65566874,0.27546113986320453,0.12484187081915643,0.020625763,0.8979844,0.515357031795399
Astrocytes,Microglia,Nrg2,Nrp2,0.2089068,0.043254107,0.03158439888651969,0.13418590092926966,0.026605848,0.69333243,0.5155405223869365
Astrocytes,Astrocytes,Fgf1,Nrp1,0.4668718,0.19517824,0.4336676009636969,0.5265590533729054,0.07362624,0.82766324,0.5156851010019128
Pericytes,Pericytes,Adam10,Cadm1,0.5118408,0.25621563,-0.21882926063703792,-0.3746925741078315,0.0114010805,0.8462138,0.5158134744365812
Pericytes,OPCs,App,Aplp2,0.84336936,0.66470027,-0.2306935396394745,-0.5815967618761004,0.029991547,0.89860934,0.5159370123349045
Oligodendrocytes,Microglia,Bsg,Slc16a7,0.46678358,0.20546255,0.04598717079524339,0.17761546231102598,0.034966137,0.8312947,0.5161469468067883
Pericytes,Astrocytes,Calr,Itgav,0.50937015,0.25625327,0.21194370411854258,0.2344919823132504,0.03050704,0.84622335,0.5162755628439878
Oligodendrocytes,Neurons,Dscam,Dcc,0.9842615,0.4705151,0.07050169293467207,-0.22668796268459346,0.01711765,0.8817506,0.5165173313740488
Neurons,Astrocytes,Adam10,Notch2,0.46671623,0.21780019,0.4506066290920811,0.13020990336151828,0.04168096,0.8353444,0.5166092343224995
Neurons,OPCs,Ncam1,Fgfr1,0.85186046,0.25633636,-0.03467858663776412,-0.3898108269954264,0.021060528,0.84624445,0.5167377610727498
Microglia,OPCs,Ncam1,Fgfr1,0.2132329,0.043310765,-0.52898319811878,-1.123552571920948,0.0035584013,0.69347155,0.5168577434320498
Astrocytes,Neurons,Gnai2,Igf1r,0.491185,0.18020947,0.08057473559802322,-0.16082565431254808,0.022019103,0.82189786,0.5170716316474647
Microglia,Microglia,Tgfb1,Itgb1,0.4665599,0.2171147,1.3031416777563836,1.0505663986701865,0.18276781,0.8351275,0.5170716316474647
Oligodendrocytes,Astrocytes,Ptn,Sdc2,0.84203136,0.6945519,0.608750677603077,0.9772031023910752,0.04506191,0.90059316,0.5170977803751401
Pericytes,Microglia,Fn1,Itga6,0.6266359,0.25638878,1.4516500126010017,1.4972529603471072,0.26555857,0.84625775,0.5172004012441359
Oligodendrocytes,Astrocytes,Adam10,Notch1,0.46642494,0.21501766,0.6313394094404745,0.6769955143486205,0.045013454,0.8344582,0.5175344710459813
OPCs,Microglia,Gnai2,Ccr5,0.5902633,0.25649765,1.753655616624215,1.1638349084762183,0.15379263,0.8462854,0.5176633174705395
Oligodendrocytes,Astrocytes,Apoe,Sdc2,0.8420248,0.6945424,0.578961340695266,0.743335905549751,0.034271654,0.9005925,0.5176784633391075
Microglia,Microglia,App,Lrp6,0.46623275,0.20500295,-0.3392986414938518,-0.7016124360226257,0.012766253,0.8311376,0.517997586558939
Pericytes,Neurons,Sema6a,Plxna4,0.6671283,0.25672656,0.32297714456191795,0.4008006642138303,0.050194584,0.8463434,0.5181265098342964
Neurons,Astrocytes,Vegfa,Itgb1,0.21023771,0.0435279,0.03364535965364782,-0.11892946848856384,0.010155555,0.6940028,0.5181744692687789
OPCs,Oligodendrocytes,Ncam1,Cacna1c,1.170227,0.470196,0.02695369176017437,-0.5619075693751685,0.013224689,0.88171524,0.518259380101368
Neurons,Neurons,Alcam,Chl1,0.84201294,0.7078963,0.4251571161895887,0.5678623823506481,0.047848206,0.90144175,0.518259380101368
Pericytes,Neurons,Col4a3,Cd47,0.46601748,0.19047052,1.307309093045347,0.7026456838466603,0.27472073,0.8259149,0.5184608118306894
OPCs,Oligodendrocytes,Itgav,Thy1,0.6240197,0.25718045,0.35619067755891665,0.30192099657392646,0.04937637,0.84645826,0.5185899784177419
OPCs,Neurons,Fstl5,Cntn5,0.84156895,0.49791566,0.3844615667681797,0.9754934694395079,0.14901882,0.8846697,0.5188405304973389
Neurons,OPCs,Gpc3,Igf1r,0.5638169,0.18015341,0.3187625412554467,0.27524874525872883,0.061992146,0.8218751,0.518924479720319
OPCs,OPCs,Ncan,Cdh2,0.5586664,0.2572462,0.6459901835593446,0.42125412183062827,0.08986219,0.8464748,0.5190537233032122
Pericytes,Astrocytes,Rims2,Abca1,0.46590012,0.21437298,0.17966291067195317,-0.13404580876936456,0.021123538,0.83425075,0.5193882573349546
Astrocytes,Astrocytes,Sdc2,Ptprj,0.841455,0.69371986,0.9277647439988234,1.117909801957714,0.05721746,0.90053946,0.519422018779849
OPCs,Neurons,Ncam1,Gfra1,1.1700058,0.46925852,0.31803443332465725,0.26296436270035717,0.055242706,0.8816111,0.519422018779849
Neurons,Astrocytes,Adam9,Itgb5,0.2154895,0.04363456,0.22093614118208355,0.11346422063923095,0.019412959,0.6942626,0.5194907295466112
OPCs,Pericytes,App,Tnfrsf21,0.63548785,0.2574376,-0.12227933370993141,-0.40309095910579607,0.029385561,0.84652317,0.5195175779089712
Pericytes,Pericytes,Col4a5,Itga1_Itgb1,0.46586198,0.19184577,0.9701275245560617,1.1413671390996873,0.13501708,0.8264315,0.5198524779304813
Neurons,Microglia,Adam10,Notch2,0.50914943,0.25782302,0.558667497600875,0.3428884329124212,0.04934023,0.8466203,0.5199818755462134
Neurons,Microglia,Farp2,Plxna4,0.5691691,0.18010283,0.3878888581500584,0.5172758552202699,0.07905424,0.82185453,0.5203169750520683
Pericytes,OPCs,Vegfa,Itgav,0.62439513,0.2579221,0.5424699285596506,0.61560851888421,0.042019233,0.84664524,0.520446449732458
OPCs,Pericytes,Cntn6,Notch1,0.840961,0.5428288,1.1833470755505644,1.1989017333648633,0.14602068,0.88900286,0.5205854863428245
Astrocytes,Microglia,Adam10,Tspan14,0.4656034,0.21517509,0.29025744606208176,0.38290789431629907,0.06375448,0.8345087,0.5207815818477568
Neurons,Pericytes,L1cam,Cntn1,0.46597064,0.17997567,0.12278927039954286,0.12396416288512119,0.040568396,0.8218028,0.5207815818477568
OPCs,OPCs,Trf,Ldlr,0.20899804,0.04365532,-0.30741278606919403,-1.3930804342201224,0.009425589,0.6943131,0.5208065243478659
Pericytes,Neurons,Cntn1,Ptprz1,0.52518845,0.25799176,-0.04136461186062144,-0.2929222545276098,0.005766358,0.84666276,0.5209113005500405
Pericytes,Microglia,Rims2,Abca1,0.46555227,0.21408495,0.17897056913518494,0.008788179816593411,0.021095155,0.83415776,0.5212466321691075
Pericytes,Microglia,Il1rapl1,Ptprs,0.527146,0.25808692,-0.374356235997485,-0.7479074636196792,0.0067443573,0.8466867,0.521376428081297
Pericytes,Oligodendrocytes,Ncam1,Robo1,0.84076,0.6912826,-0.39718647827219294,-0.7925590802212525,0.013444418,0.90038174,0.5217498858071984
Astrocytes,Pericytes,Sdc2,Ptprj,0.54012394,0.2587419,0.525116369167597,0.5475283163161816,0.021340825,0.84685117,0.5218418324085631
Neurons,Oligodendrocytes,Rgmb,Bmpr2,0.21597925,0.04375497,-0.05216092615476655,-0.19964969258199833,0.019537684,0.694555,0.5221218832697923
Pericytes,Astrocytes,Fn1,Itga6,0.6317464,0.25902042,1.4626087577768807,1.3834804924719224,0.26828432,0.8469209,0.5223073463539866
Pericytes,Neurons,Gnas,Adcy1,0.8406439,0.48795852,0.22032163220751236,-0.0055104240602254495,0.09025051,0.8836352,0.5223325392174694
Microglia,Microglia,H2-K1,Aplp2,0.50342095,0.17956527,0.5234372193461801,0.32934966268661436,0.029086456,0.8216356,0.522643276768835
OPCs,Neurons,Gnai2,Adcy8,0.595296,0.25938734,0.43916550727444287,0.5573603323053974,0.05292416,0.84701264,0.5227733044208168
OPCs,Astrocytes,L1cam,Fgfr2,0.62533534,0.1795077,0.08995400107444074,-0.055744457423644755,0.06165776,0.8216121,0.5231092671455251
Astrocytes,OPCs,Mdk,Alk,0.5215466,0.2596391,0.9239871720927946,0.9598188655839044,0.22051516,0.8470755,0.5232395395306344
Neurons,OPCs,Col4a1,Cd47,0.24638326,0.04379322,0.13019327670236336,-0.05744807331169055,0.038827952,0.6946477,0.523436747354407
Microglia,Astrocytes,Pros1,Axl,0.5417183,0.17949098,1.6917967543956336,1.34725451647682,0.16902477,0.8216053,0.5235757019563989
OPCs,Pericytes,Adam9,Itgb1,0.46438128,0.18999624,0.5550656460253748,0.7378925410517096,0.09235071,0.8257356,0.5235757019563989
Pericytes,Pericytes,Mfge8,Itgav,0.51708865,0.2597464,1.3432589824999217,1.0327424059043038,0.09587784,0.8471022,0.5237060517657749
Neurons,Astrocytes,Adam10,Cadm1,0.83988905,0.5697754,0.08141395206449557,-0.18630568665431568,0.02535386,0.8913708,0.5240815799251111
Neurons,Microglia,Apoe,Lrp1,0.60797775,0.25979528,0.17304319663432752,-0.3955402589023034,0.005944595,0.84711444,0.5241728412085741
OPCs,Pericytes,Hspa8,Ldlr,0.5698672,0.259983,0.04599455650057492,-0.21894494436737294,0.040055607,0.8471612,0.5246399079413678
Pericytes,Pericytes,Sparc,Eng,0.8397232,0.49733362,1.3900138962083557,1.1659536619014048,0.1364863,0.88461006,0.5246650576894148
Oligodendrocytes,OPCs,Sptan1,Ptpra,0.46400428,0.20015913,-0.12740229397563593,-0.3534775493483493,0.015187458,0.82945293,0.5249765019967728
Oligodendrocytes,OPCs,App,Ncstn,0.9224931,0.259999,0.0909269053563294,0.34118894205399714,0.048804086,0.84716517,0.5251070841891241
Astrocytes,Oligodendrocytes,Psap,Gpr37,0.8388483,0.64154834,0.2350001064876183,0.8532343874525987,0.10314321,0.89698285,0.5252488721118421
Pericytes,Pericytes,Ptn,Sdc4,1.2190267,0.465577,0.8241035690015038,1.317888420634484,0.07276567,0.8811994,0.5252488721118421
Neurons,OPCs,Sema3c,Nrp2_Plxna2,0.21658161,0.04383896,0.22777263986563576,0.14559119955319288,0.06223967,0.6947584,0.5254081859459335
Neurons,OPCs,Sema3c,Nrp2_Plxna4,0.21658161,0.04383896,0.22777263986563576,0.14559119955319288,0.06223967,0.6947584,0.5254081859459335
Oligodendrocytes,OPCs,Adam10,Notch1,0.46375597,0.21225913,0.6222082250455453,0.6218494608035899,0.044435967,0.83356446,0.5254438780115279
Pericytes,Pericytes,Alcam,Chl1,0.5253958,0.26015353,0.038917663755334245,0.33415718939988426,0.017584326,0.8472037,0.5255747056492746
Pericytes,OPCs,Agt,Grm7,0.92429817,0.46525514,0.24584160752060163,-0.13866200149630936,0.04179653,0.88116324,0.525832813399627
Neurons,Oligodendrocytes,Edil3,Itgav,0.8387377,0.5006531,-0.08008510314539505,-0.5617198980618615,0.029450933,0.88494915,0.525832813399627
Microglia,Pericytes,Ncam1,Fgfr2,0.47499347,0.17925972,-0.6497799275482746,-1.3803935365325217,0.0044287946,0.8215108,0.5259116993697274
Pericytes,Pericytes,Col4a3,Itga1_Itgb1,0.4635799,0.18899526,1.5135476939770578,1.1481516677831778,0.25766686,0.82535523,0.5259116993697274
OPCs,Oligodendrocytes,Fam3c,Lamp1,0.592032,0.26021397,0.327697328891762,0.6844210985098795,0.078022495,0.8472187,0.5260426046463971
Oligodendrocytes,Microglia,Cntn2,Cntn1,0.48399,0.17925479,-0.14945691619408957,0.1586638507277276,0.021429466,0.82150877,0.5263796301957556
Neurons,Neurons,Lgi1,Adam23,0.8385385,0.601182,0.4940289517372768,0.5485417922997623,0.076417044,0.89394134,0.5264169861814566
Pericytes,Neurons,Bsg,Slc16a7,0.61443484,0.2602404,0.15596663367860053,0.4997405368413876,0.04428838,0.84722525,0.5265107812628275
Astrocytes,Neurons,H2-K1,Aplp2,0.59359086,0.26075703,0.34336529648266323,0.28366595799751565,0.04223811,0.8473536,0.5269792355809017
OPCs,OPCs,L1cam,Ptprz1,1.4869605,0.46454063,1.5584514230382909,1.7452561184420297,0.13079153,0.8810828,0.5270013902927487
Astrocytes,Neurons,Serpine2,Lrp1,0.8382851,0.6491561,0.8709505491639546,0.8132926103203335,0.032616954,0.89752626,0.5270013902927487
Astrocytes,Astrocytes,App,Notch2,0.46305835,0.21442153,0.027101469773952835,-0.46071595215169814,0.020834865,0.83426636,0.5273166610234159
Neurons,Microglia,Adam17,Erbb4,0.21815595,0.043868866,-0.3513639467068063,-1.0844836098178505,0.003427601,0.6948307,0.52737857803299
Pericytes,Microglia,Nid1,Itgb1,0.5110778,0.26076868,1.551485322370902,1.190372185353723,0.19101037,0.84735644,0.5274479676829552
Microglia,OPCs,Gnas,Adcy8,0.8363285,0.6196179,0.016034985070343427,-0.26187036378047923,0.029079169,0.89536476,0.5275860255689202
Astrocytes,Microglia,App,Rpsa,0.5130174,0.2608118,-0.5136470022159083,-1.2552963335351728,0.010877926,0.84736717,0.5279168091957118
OPCs,Neurons,App,Rpsa,0.83605564,0.6658417,-0.26209242489101164,-0.9715106712931992,0.027770897,0.8986875,0.5281709968878991
Astrocytes,OPCs,Vegfa,Sirpa,0.5304841,0.17901617,0.7085605809865103,0.6603074955274595,0.033924397,0.8214111,0.5282546346966273
Astrocytes,Pericytes,Angpt1,Itgb1,0.4628234,0.18805027,0.7181145656421069,0.9086628018805996,0.07136082,0.82499367,0.5282546346966273
Oligodendrocytes,Pericytes,Calr,Lrp1,0.5859889,0.26087907,0.2938640393374137,0.4411715273986947,0.019483566,0.8473838,0.5283860970129145
Pericytes,Pericytes,App,Rpsa,0.83581007,0.6486872,-0.2644867340445247,-0.6039435585326594,0.027055414,0.897493,0.5287560940415166
OPCs,OPCs,Slit2,Dcc,1.323551,0.4634331,0.47403900302898877,0.44144447243882223,0.0636153,0.88095766,0.5287560940415166
Oligodendrocytes,Microglia,Adam10,Tspan14,0.511258,0.26135433,0.3455285580654678,0.693820010822845,0.07743698,0.84750146,0.5288556628610741
Astrocytes,Microglia,Hsp90b1,Tlr7,0.46223658,0.20299932,1.3252468114635956,0.6635428238676686,0.114671275,0.83044726,0.5291937200021696
Pericytes,Microglia,Gnai2,Igf1r,0.5148264,0.2616824,0.17175508389740887,0.3128027171338315,0.03197396,0.8475825,0.5293255068225265
Astrocytes,Astrocytes,Cd47,Sirpa,0.21142375,0.043870106,-0.08971572041255901,-0.24527928712497654,0.007549678,0.6948337,0.5293478944358893
Astrocytes,Astrocytes,Sirpa,Cd47,0.21142375,0.043870106,-0.08971572041255901,-0.24527928712497654,0.007549678,0.6948337,0.5293478944358893
Microglia,Pericytes,Fgf12,Fgfr2,0.4747369,0.17890552,-0.41571492592211845,-1.034031600424771,0.0066282954,0.8213658,0.5296637641362985
OPCs,OPCs,Lamc1,Dag1,0.46212766,0.21268675,0.5682591374340114,0.6512193354816734,0.0618122,0.83370405,0.5296637641362985
Microglia,Neurons,Apoe,Sdc2,0.5979303,0.26172966,0.1299228025016276,0.28812243882261074,0.012914846,0.8475942,0.5297956289796075
Microglia,Neurons,H2-K1,Aplp2,0.8357204,0.69476676,0.8747978241227647,0.903934016707371,0.11254014,0.900607,0.5299269801974729
OPCs,OPCs,Agrn,Dag1,0.46200633,0.2125818,0.4131699522366621,0.4398880285912818,0.058372255,0.8336698,0.5301339175983744
Microglia,Astrocytes,Trf,Ldlr,0.6146285,0.2618273,-0.01933929682848058,-0.6050887052465634,0.056530945,0.8476183,0.5302660294146526
Neurons,Neurons,Gpc3,Unc5c,0.7758401,0.2618624,0.19011970663794286,-0.05771636937979069,0.0763105,0.8476269,0.5307365391550776
Pericytes,Astrocytes,Bmp5,Bmpr1a_Bmpr2,0.46186572,0.21273883,1.41559776771305,0.8564830260231215,0.124601796,0.833721,0.5308398384015106
Pericytes,Astrocytes,Bmp5,Bmpr1b_Bmpr2,0.46186572,0.21273883,1.41559776771305,0.8564830260231215,0.124601796,0.833721,0.5308398384015106
Neurons,Oligodendrocytes,Psap,Gpr37,0.8350367,0.6370536,0.23148398775718454,0.849526414288251,0.10242058,0.8966576,0.531098892970572
Microglia,Oligodendrocytes,Apoe,Vldlr,0.5980212,0.26189464,0.06623896691451575,0.5719133139487373,0.04308279,0.8476349,0.5312074962930645
Neurons,Pericytes,Adcyap1,Ramp2,0.21914259,0.043892387,0.548755948233846,0.6594260978412663,0.26601684,0.6948875,0.531316194363153
OPCs,Pericytes,Sorbs1,Itgb5,0.5405925,0.26199612,0.4774859745701191,0.5944133498928701,0.026738867,0.8476599,0.5316787319559932
Astrocytes,Neurons,Fstl1,Dip2a,0.46122813,0.20897137,0.34503216466587117,-0.07256668425698665,0.079749614,0.83247876,0.5320178216229545
Oligodendrocytes,Neurons,Gnai2,Adcy8,0.55040354,0.17826663,0.36318474433506737,0.7097754635107845,0.036372676,0.82110316,0.5320178216229545
Microglia,OPCs,Gnai2,Adcy8,0.51373374,0.2623178,0.36020656686176433,0.44983516377095917,0.053522084,0.8477391,0.5321502462261998
Microglia,Oligodendrocytes,Fgf14,Fgfr2,0.8346381,0.58725345,-0.1814054174517136,-0.20483743623479245,0.0124911675,0.892825,0.5322716206278985
Pericytes,Microglia,Fgf12,Fgfr2,0.46121693,0.21194759,-0.43640133729772124,-0.985603328791514,0.007852475,0.83346254,0.532489366894286
OPCs,Neurons,Rtn4,Cntnap1,0.5467377,0.26244712,0.0021089423606057978,-0.44501377093930194,0.074137606,0.8477709,0.5326220391860195
Microglia,Astrocytes,Gpi1,Amfr,0.2096581,0.04395493,-0.1238636288941797,-0.3700239767946214,0.01492535,0.69503844,0.5326278329901555
OPCs,Pericytes,Ptn,Ncl,1.097726,0.4623077,0.49321438780813726,0.4986865974330164,0.049565114,0.8808301,0.5328583290642155
Astrocytes,Pericytes,Gnas,Adcy9,0.8342156,0.59848785,0.05605039629250391,0.03329502329675493,0.031081656,0.89372826,0.5328583290642155
OPCs,Neurons,Rgma,Neo1,0.46119067,0.19402044,0.1018043352461799,-0.2345582712436765,0.032562923,0.8272385,0.5329613602412764
Microglia,OPCs,Ncam1,Fgfr2,0.47265875,0.17804715,-0.6518365315068207,-1.4725533447627357,0.0043988368,0.8210127,0.5329613602412764
Astrocytes,Oligodendrocytes,App,Aplp2,0.51489794,0.26255792,-0.4906123362928572,-0.8692433214902852,0.01184672,0.84779817,0.5330941109177886
Pericytes,Neurons,Col4a1,Cd47,0.4606954,0.1837708,0.6749512426309066,0.6221476122672812,0.1629349,0.82332563,0.5334334627922686
Microglia,Astrocytes,Lrig2,Egfr,0.4690896,0.1780079,0.904439716198669,0.6945090237678838,0.079916626,0.82099646,0.5334334627922686
OPCs,Microglia,Cntn6,Ptprg,0.7285777,0.26267812,0.33761424568139903,0.20190135237998597,0.017318495,0.8478277,0.5335662918485496
OPCs,Astrocytes,Fam3c,Lifr,0.46046534,0.18349677,0.5896647333185202,0.5908561627808668,0.10423663,0.82321703,0.5339060137837041
Microglia,Oligodendrocytes,Pros1,Tyro3,0.54087293,0.17800428,1.3475751770586566,1.37121902880091,0.35909253,0.8209949,0.5339060137837041
Neurons,Astrocytes,Vegfa,Sirpa,0.21227327,0.04427827,0.08043964280111243,-0.09312491744308599,0.008390938,0.69581467,0.5339390069429204
Microglia,Microglia,Hsp90b1,Lrp1,0.8338667,0.6841962,0.5569369090220835,0.8565547566526539,0.04341794,0.8999187,0.5340325397847928
OPCs,Oligodendrocytes,Ntn1,Dscam,0.611303,0.2628598,1.3563106153379627,0.1203105974666816,0.033640895,0.84787226,0.5340389212710528
Microglia,Pericytes,Pdgfb,Itgav,0.46017915,0.21083675,1.0462441076064946,0.8220427981001935,0.092930496,0.8330975,0.534378843770918
Neurons,Neurons,Slit2,Gpc1,0.48948675,0.17787077,0.48762244166747604,0.7932571078705133,0.23901337,0.8209398,0.534378843770918
Oligodendrocytes,Astrocytes,Hspa8,Ldlr,0.6170742,0.26316816,0.05843423456504453,0.10146869410518083,0.040546346,0.8479479,0.5345118297124828
Pericytes,Oligodendrocytes,Nid1,Itgav,0.46011645,0.20656009,1.3538802263320644,1.057337612195465,0.10565051,0.83166796,0.5348517829085686
Oligodendrocytes,Microglia,Jam3,Itgb1,0.5137924,0.26343054,0.3213780966738795,0.9502347816057678,0.07586559,0.8480121,0.5349850172551752
OPCs,Oligodendrocytes,Ntn1,Neo1,0.8336604,0.68276703,1.56100879602313,1.283701625168897,0.13320808,0.8998245,0.5352075618913776
Pericytes,Microglia,S100a1,Tlr4,0.21225911,0.0443076,0.816118144959937,0.3909622402679051,0.13392732,0.6958847,0.5352496574825907
Neurons,Pericytes,Cadm3,Cadm1,0.51818275,0.26367086,0.0707576865680021,-0.003136573625695027,0.05023721,0.84807086,0.535458483981466
Oligodendrocytes,Neurons,Lgi3,Adam23,0.83333445,0.5891308,0.3853308776037479,0.8512919640388121,0.21710654,0.8929776,0.5357954163179086
Neurons,Oligodendrocytes,Agrn,Atp1a3,0.45994863,0.2115049,0.0015167663292542932,-0.30313253640965565,0.03463251,0.8333174,0.5357986682742011
Microglia,OPCs,Fgf12,Fgfr2,0.4724022,0.17769535,-0.4177715298806645,-1.1261914086549847,0.0065834597,0.82086724,0.5357986682742011
Oligodendrocytes,Astrocytes,Apoe,Ldlr,0.61820817,0.26378986,0.1319058150087294,0.2695579530654824,0.02523164,0.84809995,0.5359322299736909
Oligodendrocytes,OPCs,Ncam1,Fgfr1,0.87462074,0.26392847,-0.0170601641516355,0.26086855752148036,0.021684293,0.84813374,0.5364060850574561
Microglia,Pericytes,Gpi1,Amfr,0.21067768,0.044379894,-0.12204999613466767,-0.27404921392661696,0.01506965,0.6960572,0.5365599023547017
Pericytes,Neurons,Col4a6,Cd47,0.45976964,0.18260545,1.0948117458269468,0.7258224499246957,0.22571415,0.8228625,0.5367468408677232
Pericytes,Neurons,B2m,Tfrc,0.5381376,0.26403117,0.5167837357455447,0.7869652862207817,0.06789056,0.84815884,0.5368803897282075
Pericytes,Neurons,App,Lrp1,0.83300793,0.6427513,-0.059632820142074855,-0.3543773273281777,0.019029599,0.8970694,0.5369719167554933
OPCs,Neurons,Sema3e,Nrp1,0.45947066,0.21050772,0.6295117447918798,0.7031960564684538,0.13677052,0.8329889,0.5372211759287564
Neurons,Microglia,Fndc5,Itgav,0.49143672,0.1774124,0.42809835606426616,0.5736345784197452,0.10630353,0.82075006,0.5372211759287564
Pericytes,Pericytes,H2-K1,Aplp2,0.51967514,0.26406008,0.3512328778721008,0.5026276426664585,0.04277315,0.84816587,0.5373549739118707
Astrocytes,Astrocytes,Lama2,Dag1,0.83392537,0.45965242,0.890491149416745,1.1031612311455803,0.07377246,0.88052744,0.5375604568174138
Neurons,Neurons,Cntn2,Nrcam,0.6581634,0.26414317,0.13563522804454523,-0.2867710053689282,0.042307142,0.84818614,0.5378298376907813
Neurons,Neurons,Vegfa,Gpc1,0.2126767,0.04442699,0.18752047047657716,0.028442440046731243,0.041813508,0.6961694,0.5378696827995457
OPCs,Pericytes,Cntn3,Ptprg,0.83267295,0.5530669,0.3297282304579889,0.5508133099034023,0.051243965,0.8899214,0.5381492250816048
Microglia,OPCs,Bsg,Slc16a7,0.45930773,0.2067321,0.054089031191976084,-0.12860891820907572,0.035182197,0.8317262,0.5381708548769047
Microglia,Pericytes,Trf,Tfrc,0.61586237,0.2641843,-0.03649506847291645,-0.5054611106499525,0.06256497,0.84819615,0.5383049811472751
Astrocytes,OPCs,H2-K1,Aplp2,0.4592561,0.18258832,0.20132492784898653,0.03210083372494793,0.02957614,0.82285565,0.5386461991293956
Pericytes,Oligodendrocytes,Apoe,Vldlr,0.9400473,0.45931956,0.3168794984425132,0.7610736047777602,0.07556003,0.88048935,0.5387382213834836
Oligodendrocytes,Astrocytes,Il1rapl1,Ptprf,0.71758866,0.26426357,-0.1014399607536188,-0.4835019173945614,0.028315246,0.84821546,0.5387802336049542
Oligodendrocytes,Pericytes,Nrxn1,Nlgn1,0.83193046,0.6920661,-0.4135466230161537,-1.447701807437987,0.004761524,0.9004325,0.5390328578992779
Pericytes,Oligodendrocytes,Nlgn1,Nrxn1,0.83193046,0.6920661,-0.4135466230161537,-1.447701807437987,0.004761524,0.9004325,0.5390328578992779
Astrocytes,Oligodendrocytes,Gnai2,Adcy9,0.21324053,0.044519503,-0.07123902468502769,-0.19902864819124155,0.010051856,0.6963893,0.5391789401407967
Neurons,Neurons,Nlgn2,Nrxn2,0.5418204,0.26440203,0.3681036810266811,0.287683749371975,0.060183465,0.8482492,0.5394939784635152
Neurons,Neurons,Nrxn2,Nlgn2,0.5418204,0.26440203,0.3681036810266811,0.287683749371975,0.060183465,0.8482492,0.5394939784635152
Neurons,Oligodendrocytes,Lrpap1,Sort1,0.45908758,0.20728417,0.17435063675379492,0.4745804859357566,0.072041765,0.83191276,0.5395975562423834
Neurons,Neurons,Sptan1,Ptpra,0.8314767,0.6034233,0.2778182371287452,0.05901839325021263,0.045785896,0.89411765,0.5399170033076053
Pericytes,Neurons,Apoe,Sdc2,0.9399564,0.45903018,0.38056333402962506,0.4772827296516336,0.022650486,0.88045615,0.5399170033076053
Oligodendrocytes,Pericytes,Nrg3,Egfr,0.45872748,0.20774826,0.3365280653259731,-0.60931657425153,0.024589546,0.83206904,0.5400737400983864
Astrocytes,Pericytes,Fgf1,Fgfr3,0.5230344,0.26457712,0.6852637248266549,0.872978560995329,0.0909431,0.84829175,0.540208182335485
Oligodendrocytes,Neurons,Actr2,Ldlr,0.21620667,0.044524495,-0.06148093179790744,-0.15923559401187595,0.014901675,0.6964012,0.5404877919989165
OPCs,Astrocytes,Cntn6,Notch1,0.83124375,0.5186055,1.150101011335226,1.0826781230361133,0.13950461,0.8867305,0.540506682775895
OPCs,Oligodendrocytes,Calr,Itgav,0.45854628,0.20534046,0.14179251127440984,0.281975121738103,0.024445852,0.83125305,0.5405500328879133
Astrocytes,Microglia,Sparc,Eng,0.73322463,0.26463616,0.932873571221029,0.9199111756116433,0.07262572,0.8483061,0.5406847253143456
Microglia,Microglia,Sema4d,Plxnb2,0.45853424,0.18904838,0.6998098970032544,0.8155598438290386,0.17282097,0.8253755,0.5410267768576357
Oligodendrocytes,Pericytes,App,Aplp1,0.9811222,0.45831254,-0.3570902887511931,-0.8713472994587257,0.018225098,0.88037384,0.5410965896235116
Pericytes,Astrocytes,Ntn1,Neo1,0.5358729,0.2646722,0.5859345186827641,0.5341081101095694,0.05163763,0.8483149,0.5411615484647746
OPCs,OPCs,Hspa8,Ldlr,0.5191711,0.1763995,-0.0508714365639509,-0.5106353284030093,0.027177889,0.8203285,0.5415038010579949
Pericytes,Pericytes,Col4a1,Itga1_Itgb1,0.4582578,0.18234743,0.8811898435626173,1.0676535962037987,0.15282038,0.8227594,0.5415038010579949
OPCs,Pericytes,Jam3,Itgb1,0.5241918,0.26470548,0.3695146868001724,0.44244956658523493,0.076232746,0.848323,0.5416384805069858
Neurons,Pericytes,App,Tnfrsf21,1.0319519,0.45793414,0.18043930460919155,0.08523640084229567,0.05227151,0.8803303,0.5416867236858727
Astrocytes,Astrocytes,Sparc,Fgfr1,0.8298274,0.50724465,0.643715507764005,0.789648314108105,0.060160168,0.8856133,0.5416867236858727
Neurons,Pericytes,Adcyap1,Pth1r,0.22130382,0.044561807,0.8215087299593903,0.6421890565758289,0.3948822,0.69648975,0.5417961796767392
Pericytes,Neurons,Tfpi,Lrp1,0.45806235,0.1876857,1.1078781535907836,0.5908198181118304,0.08063034,0.82485354,0.5419809341369834
Astrocytes,Oligodendrocytes,Ntrk3,Ptprs,0.65796185,0.2648459,0.1537280853159095,-0.05912195187599012,0.014792639,0.8483571,0.542115864146884
Microglia,Pericytes,Fgf13,Fgfr2,0.8295219,0.66872525,0.24812328282721116,0.5435839291994924,0.055149395,0.898884,0.542277084798395
Neurons,OPCs,Ptn,Sdc3,0.5347718,0.26496196,0.4743080043117443,-0.1332716930464073,0.023578245,0.8483853,0.5425935282053281
Neurons,Neurons,Lgi3,Adam22,0.8293579,0.47926247,0.27114966647217686,0.1386712651243489,0.12446379,0.88270754,0.5428677788660607
Pericytes,Microglia,Ptn,Ncl,1.2171865,0.4573728,0.5876697394352619,0.9492511923061777,0.049036037,0.8802657,0.5428677788660607
Oligodendrocytes,Microglia,Gnai2,Ccr5,0.5453709,0.17628066,1.6776748536848396,1.3162500396816053,0.10569558,0.82027876,0.5429362125947612
Pericytes,Microglia,Col1a2,Itga9_Itgb1,0.45778584,0.20851094,0.9545344308847002,1.0132728423933273,0.10794341,0.8323249,0.5429362125947612
Microglia,Microglia,Cd14,Itgb1,0.5153839,0.26499116,1.5859784449381804,1.224527627900821,0.21341313,0.84839237,0.5430714727646537
Microglia,Neurons,Tgfb1,Itgb8,0.27175462,0.04458603,0.9609157577897376,0.3369930918440395,0.03943613,0.6965472,0.5431040445604374
Neurons,OPCs,Apoe,Lrp6,0.45765263,0.17664923,0.08691312905054735,-0.6448908336562355,0.008501967,0.8204327,0.543414358339517
Microglia,Oligodendrocytes,Apoe,Lrp6,0.5508218,0.17623405,-0.051878469243930886,0.15475055361172263,0.008481985,0.82025933,0.543414358339517
OPCs,Neurons,Tgfa,Erbb4,0.8292992,0.6092303,0.3694021299463295,0.23205985929449158,0.060024776,0.8945701,0.5434585936258538
OPCs,Astrocytes,Adam12,Itgb1,0.67958885,0.26521236,1.3920219594034302,1.060636393499494,0.08119106,0.848446,0.5435496979071968
Pericytes,Pericytes,Col4a2,Itga1_Itgb1,0.45759714,0.18152216,0.6341786036277528,0.936707076590829,0.10281087,0.8224284,0.5438927847265296
Astrocytes,Astrocytes,A2m,Lrp1,0.6792278,0.26523048,1.078381992683396,1.1217399536469284,0.16525126,0.8484504,0.5440282037152927
Microglia,Neurons,Adam17,Erbb4,0.82901454,0.60859865,0.32848361574342455,0.37819260471872307,0.04755157,0.8945212,0.5440496349420305
Pericytes,Astrocytes,Vegfa,Egfr,0.4676345,0.1760461,1.0608816275037312,0.8739017413309258,0.07501713,0.82018065,0.5443713199000909
OPCs,Pericytes,Lamc1,Dag1,0.45750654,0.20814222,0.558821591075517,0.7698238895733083,0.060491443,0.83220136,0.5443713199000909
Neurons,OPCs,Vegfa,Ephb2,0.21312764,0.044593215,0.10443187570466404,-0.007560922658562702,0.028813722,0.6965642,0.5444115041454654
Microglia,Pericytes,Rtn4,Tnfrsf19,0.65680736,0.26548243,0.25561681292611793,0.03174647977830525,0.055964865,0.84851146,0.5445068183047039
Oligodendrocytes,Microglia,Gnai2,P2ry12,1.2539477,0.45589447,2.2800294897926086,2.0598234805266227,0.09371193,0.88009495,0.5446409026500076
Neurons,Neurons,Fgf13,Fgfr2,0.8286754,0.68522626,0.22640419027162745,-0.08938213797135608,0.056510225,0.89998645,0.5446409026500076
Pericytes,Neurons,Lamb2,Rpsa,0.46157116,0.17602234,0.7470279068252044,0.15480536286761382,0.12963936,0.8201707,0.5448503077177808
OPCs,Pericytes,Agrn,Dag1,0.4573852,0.2080395,0.4037324058781678,0.5584925826829166,0.057125002,0.8321669,0.5448503077177808
Astrocytes,Astrocytes,Vcl,Itgb5,0.62883794,0.26553285,1.0177679657728205,1.0035869512311013,0.046983056,0.8485236,0.5449858855900616
OPCs,OPCs,Cntn6,Notch1,0.8285747,0.51195216,1.1409698269402968,1.027532069491083,0.13771488,0.8860804,0.5452323965852025
OPCs,Pericytes,Apoe,Abca1,1.0396696,0.45520902,0.4548043886263524,0.3082694118579958,0.029647954,0.88001555,0.5452323965852025
Neurons,Astrocytes,Col11a1,Ddr1,0.45737424,0.19720301,0.23700081752737487,0.34507253742755956,0.08309191,0.828398,0.5453294042849819
OPCs,Neurons,L1cam,Cntn1,0.88543093,0.2655495,0.40065798082056636,0.43246505347335296,0.059857633,0.84852767,0.5454652337879502
Pericytes,OPCs,Mif,Ackr3,0.22533707,0.04461151,0.3128788249180071,-0.1486675018219264,0.03550467,0.6966076,0.5457184997971666
Pericytes,Pericytes,Col4a6,Itga1_Itgb1,0.45733207,0.1811911,1.3010503467586576,1.171328433861213,0.21170247,0.8222951,0.5458089538625739
OPCs,OPCs,App,Lrp6,0.8284355,0.6503252,0.0650653589919093,-0.2892265034688617,0.040498033,0.897609,0.5458242228557914
Pericytes,Pericytes,Col1a2,Itga1_Itgb1,0.52491224,0.26560533,1.074098784211101,1.1782703583414547,0.13750044,0.8485412,0.5459448629807051
Microglia,Pericytes,Fgf13,Scn8a,0.57509625,0.17578128,0.22371525065556336,0.4533030823380508,0.027109018,0.8200696,0.546288784494042
Neurons,Astrocytes,Cadm3,Cadm1,0.8283872,0.5419828,0.34939924011700474,0.4032669836921596,0.10326399,0.8889259,0.546416168792222
Pericytes,Pericytes,Fgf14,Fgfr1,0.56529534,0.26570916,-0.02733883421191638,-0.34835050417247476,0.018794907,0.8485663,0.5464247732506622
Microglia,Microglia,Tgfb1,Acvr1_Tgfbr2,0.45725426,0.20887321,1.2906338287291692,1.0453019446158829,0.20744926,0.83244604,0.5465287190347061
Microglia,Microglia,Tgfb1,Acvr1_Tgfbr1_Tgfbr2,0.45725426,0.20887321,1.2906338287291692,1.0453019446158829,0.20744926,0.83244604,0.5465287190347061
Neurons,Microglia,Cgn,Tgfbr1,1.3504049,0.26591364,2.1325921387521163,2.1606679346312254,0.45373163,0.8486157,0.5469049646801574
OPCs,Oligodendrocytes,Ptn,Ncl,1.0957588,0.45459795,0.49022800446086146,0.7272224465136117,0.048738535,0.8799446,0.5470083404620926
Pericytes,Pericytes,App,Aplp2,0.82816124,0.6324843,-0.24677409097020406,-0.46108079222962284,0.02853795,0.89632356,0.5470083404620926
Astrocytes,Astrocytes,Ltbp3,Itgb5,0.21744104,0.0446822,0.29416688310203337,0.27746888383248536,0.026083296,0.69677484,0.5470249729641785
OPCs,Astrocytes,Sema3d,Nrp1_Plxna2,0.8550104,0.266155,1.8705002921793548,1.1627054287285241,0.08085263,0.848674,0.5473852647794366
Astrocytes,Neurons,Sparc,Fgfr1,0.8279773,0.50259835,0.6402215035339792,0.7198265302225884,0.0596091,0.8851464,0.5476007377008203
OPCs,Pericytes,Vegfa,Itgav,0.45707667,0.20817038,0.3854399961844338,0.4516509618466212,0.03391396,0.8322108,0.5477296182461103
Neurons,Neurons,App,Tspan12,0.97900933,0.26617104,0.1920300640081443,-0.05754580079993736,0.06712383,0.8486779,0.547866018673986
Microglia,OPCs,Cntn1,Nrcam,1.0355264,0.45445734,0.44417588465904795,0.2108481200410005,0.010895338,0.8799283,0.5481933603438218
Neurons,Pericytes,Edil3,Itgb5,0.827893,0.47269318,0.17192386909376206,-0.43001350031521907,0.036448844,0.88199115,0.5481933603438218
Pericytes,Astrocytes,App,Tspan12,0.61241305,0.17545453,-0.064726911296978,-0.24182059201247597,0.04424666,0.8199323,0.5482105737143405
OPCs,Microglia,Jam3,Itgb1,0.45706543,0.20780452,0.24995033347377166,0.27745205063710776,0.059845794,0.83208793,0.5482105737143405
Oligodendrocytes,Pericytes,Gnai2,S1pr3,0.21189252,0.044685688,0.9895575960657962,0.6069472854427027,0.08924576,0.69678307,0.5483310410170146
Pericytes,Pericytes,Plat,Lrp1,0.5890727,0.26626486,0.7809721328229084,0.9240677106702376,0.09397965,0.84870046,0.5483470539750507
Oligodendrocytes,Astrocytes,Fgf14,Fgfr2,0.82784986,0.61907214,-0.19732946587383127,-1.1944265573881763,0.013167965,0.89532346,0.548786314701729
Pericytes,OPCs,Apoe,Lrp5,0.87945044,0.2664416,0.5760134525273388,0.6060526708135892,0.041410316,0.8487431,0.548828370764967
Astrocytes,OPCs,Lgi4,Adam23,0.4570076,0.19548896,0.633015670728019,0.3878354255814289,0.16433589,0.8277766,0.5491731561819643
Oligodendrocytes,Pericytes,Psap,Sort1,0.46761477,0.17527822,-0.19703133840698442,-0.3249816344881453,0.015034304,0.8198581,0.5491731561819643
Oligodendrocytes,Oligodendrocytes,Apoe,Sorl1,0.619645,0.26655513,-0.019590814122079178,0.09805719324184958,0.015451591,0.84877044,0.5493099691260703
Microglia,Oligodendrocytes,Cklf,Lrp6,0.21219087,0.04470172,0.3080832088178501,0.2881285156197561,0.034428023,0.696821,0.5496366453834941
Oligodendrocytes,Microglia,Sptan1,Ptpra,0.5614959,0.26663986,-0.01566396814618483,-0.047507532932485774,0.02023181,0.8487908,0.5497918491406966
Astrocytes,Microglia,Alcam,Nrp1,0.82729256,0.578799,0.5364500825023182,0.8107830494198214,0.061273932,0.8921292,0.5499726856086302
Microglia,Astrocytes,App,Notch2,0.51964384,0.26668775,0.07030706826790978,-0.4183663665353995,0.02591346,0.8488023,0.5502738377125116
Microglia,OPCs,Fgf13,Fgfr2,0.8271872,0.6642018,0.24606667886866507,0.45142412096927864,0.05477635,0.8985751,0.5505662082632423
Microglia,Pericytes,App,Notch2,0.45677215,0.19407684,-0.0898030876207217,-0.431324600568875,0.018858017,0.8272592,0.5506192281823507
Astrocytes,Astrocytes,Sorbs1,Itgb5,0.6310695,0.26673084,0.5541922860267138,0.697756280072473,0.027222086,0.8488127,0.5507562811799844
Neurons,Astrocytes,Gnai2,Adcy9,0.22233936,0.04481285,-0.062238840775986834,-0.24325879583055704,0.01011809,0.6970832,0.5509417275746864
OPCs,Neurons,Adam10,Epha3,0.45670182,0.20311299,0.2935134498214649,0.30525890642969805,0.09583312,0.83048666,0.5511018734761373
OPCs,Astrocytes,Ncam1,Cacna1c,1.1661215,0.45280072,0.02258553950699521,-0.22720090432804457,0.012735431,0.87973523,0.5511599554991848
Astrocytes,Astrocytes,Mdk,Sdc4,0.5301899,0.26673207,1.344793143833026,1.1784095954979246,0.2998424,0.848813,0.5512390065479578
OPCs,Pericytes,Jam2,Itgav_Itgb1,0.4566539,0.20780702,0.6076015368233835,0.5441094033000461,0.038517118,0.83208877,0.5515846272757985
Astrocytes,Neurons,Fgf12,Fgfr2,0.5639166,0.2667758,-0.3411085156140564,-1.3607018257867987,0.009883813,0.84882355,0.5517220138987676
Microglia,Astrocytes,Trf,Tfrc,0.5689738,0.17461494,-0.12599759848197645,-0.7268006493386541,0.041352864,0.81957793,0.5520678364695364
Astrocytes,Neurons,Calr,Lrp1,0.45655662,0.18585822,0.1173573771505711,-0.03693130007707379,0.013880687,0.8241457,0.5520678364695364
Microglia,Neurons,Cntn1,Nrcam,0.6593952,0.2667775,0.03553538144816293,-0.22993815591361522,0.006395828,0.84882396,0.5522053033147492
Oligodendrocytes,Neurons,Csf1,Sirpa,0.21673462,0.04499302,0.13091962460704226,0.1806807320697627,0.032539256,0.6975066,0.5522464048362302
Neurons,Neurons,App,Vldlr,0.9791913,0.26683015,-0.0022787385664180537,-0.40742208960774917,0.056794696,0.8488366,0.5526888748782386
OPCs,Microglia,Lama4,Itga6_Itgb1,0.45649904,0.20724913,1.0215554140149692,0.8816775516915206,0.080248535,0.8319009,0.552793092415137
OPCs,Microglia,Lama4,Itga9_Itgb1,0.45649904,0.20724913,1.0215554140149692,0.8816775516915206,0.080248535,0.8319009,0.552793092415137
Astrocytes,Oligodendrocytes,Ncam1,Cacna1c,1.1295344,0.4521328,-0.004543272036451024,-0.5312934450043829,0.012716644,0.8796571,0.552942649806575
OPCs,Astrocytes,App,Grm7,0.64018553,0.2670032,-0.6256639205590485,-1.7752480779424056,0.005396958,0.8488782,0.5531725548852573
OPCs,Astrocytes,Calr,Lrp1,0.8254006,0.5932662,0.6139513642818315,0.6440135156237596,0.04430766,0.8933114,0.5535372937622057
OPCs,Microglia,Cntn4,Aplp1,1.1401058,0.45135224,0.2808979073246271,-0.39833473943427955,0.029059026,0.8795656,0.5535372937622057
OPCs,Astrocytes,Gpi1,Amfr,0.21216229,0.04501129,-0.12069252084618376,-0.39231741381247476,0.015284048,0.69754946,0.5535505601287346
Pericytes,Microglia,Hsp90b1,Tlr7,0.5190521,0.2672577,1.394726427613699,0.8899644727703481,0.15096988,0.8489393,0.5536566908893857
Neurons,Pericytes,Lrig2,Egfr,0.45615953,0.20565827,0.6724093201243528,0.6026764641809712,0.092330255,0.8313614,0.554003147388276
Microglia,Microglia,Hsp90b1,Tlr4,0.4839551,0.1744924,0.9453301061678461,0.7165033111570335,0.17109962,0.819526,0.554003147388276
Pericytes,Astrocytes,Ptn,Ncl,1.2158201,0.45128077,0.5855955398028512,0.9145756603338907,0.048382893,0.87955725,0.5541321614762234
OPCs,Pericytes,Bmp7,Ptprk,0.77190375,0.26726356,0.7516383458254814,0.7430611191411867,0.1372166,0.8489407,0.5541411092879998
Neurons,Oligodendrocytes,Calr,Itgav,0.45610142,0.20344144,0.13859045290205185,0.286875455686491,0.024219774,0.8306004,0.5544877678229679
Neurons,Neurons,Adam17,Erbb4,0.63331413,0.17434338,-0.081209923177422,-0.32524515627194284,0.0136219505,0.81946284,0.5544877678229679
Neurons,Astrocytes,Lrpap1,Sorl1,0.534217,0.2674057,0.3585845184739843,0.41739980735435483,0.08634838,0.84897476,0.5546258101634347
Astrocytes,Neurons,Ncam1,Gfra1,1.129313,0.4512313,0.28653746952803183,0.29357848707114276,0.05312048,0.8795514,0.5547273596619531
Neurons,Pericytes,Sema4a,Nrp1_Plxna2,0.24620593,0.04504601,0.15201469799928036,0.30552505485644943,0.038923807,0.6976308,0.5548543106146266
Pericytes,Neurons,Plat,Lrp1,0.4558819,0.1850393,0.5995428888243237,0.49147154039718577,0.06531064,0.82382536,0.5549724966302793
OPCs,OPCs,Mdk,Sdc3,0.4680856,0.17430194,0.9568188229595893,0.8062580524151151,0.11156113,0.81944525,0.5549724966302793
Astrocytes,Pericytes,Calr,Lrp1,0.5897474,0.26744324,0.2987866211491558,0.39566487019597807,0.019973805,0.84898376,0.5551107935980267
OPCs,Microglia,Adam12,Itga9,0.8243954,0.5904528,1.933469616455921,1.6777374974136938,0.15638083,0.89308465,0.5553226744391015
OPCs,Neurons,Vegfa,Ephb2,0.45563328,0.20677191,0.6064373179303371,0.6314444343187193,0.13360481,0.8317397,0.5554576821172386
Neurons,Oligodendrocytes,Gpc3,Unc5c,0.79050696,0.26751468,0.2009427572336705,0.553913097601572,0.07795766,0.84900093,0.5555960596741113
Neurons,Neurons,Efna5,Epha10,0.8237177,0.6641442,0.8055404681828511,1.2390795265216332,0.47187388,0.8985712,0.5559182124808589
Pericytes,Pericytes,Il18,Il1rapl1,0.46424454,0.17407022,-0.2772752804395855,-0.5772684029951654,0.010489698,0.81934685,0.5559431503045527
Pericytes,Pericytes,App,Tnfrsf21,0.65601486,0.26781836,-0.10660613755711879,-0.18326532152074004,0.030570487,0.8490736,0.5560814340790016
Microglia,Neurons,Lgals8,Itga3,0.23868257,0.04510798,0.3367505268830137,0.40036259009376407,0.13123187,0.6977758,0.556157597825778
OPCs,Neurons,Gnai2,Adcy9,0.45556533,0.17915636,0.31271027171586496,0.20363895880325883,0.040450897,0.82146853,0.5564287268069315
Microglia,Microglia,Rtn4,Rtn4rl1,0.8235877,0.62043506,0.6865320358602603,0.45194499328351534,0.1315983,0.89542645,0.5565139736226424
OPCs,Oligodendrocytes,Ntrk3,Ptprf,0.8328941,0.26786238,0.5297934679751919,0.6416733988739908,0.06134407,0.84908414,0.5565672655835177
OPCs,Astrocytes,Gnai2,Igf1r,0.45510685,0.1788931,0.05512480746993055,-0.10961509315936979,0.021858262,0.8213606,0.5569147605403797
Astrocytes,Astrocytes,Agt,Grm7,0.64230335,0.268114,0.6475351468725666,-0.15425339087173162,0.024086218,0.8491443,0.5570533799765041
Neurons,Astrocytes,Calr,Lrp1,0.8229558,0.5877796,0.6107493059094735,0.6489138495721476,0.043897897,0.8928678,0.5571099576998693
Pericytes,Astrocytes,Lgi1,Adam22,0.45505172,0.19439009,-0.0004647397602602077,0.07592800992731552,0.017412728,0.82737446,0.5574009025503772
OPCs,Astrocytes,L1cam,Cd9,0.2194691,0.04524368,-0.04220562798812716,-0.3167760366915354,0.019432299,0.6980924,0.5574603633772364
Microglia,Pericytes,Gnas,Adcy8,0.67925996,0.26814044,-0.1967284250166712,-0.5727768855354232,0.012584049,0.8491506,0.5575397773402966
OPCs,OPCs,App,Aplp2,0.82284236,0.6389362,-0.24636673579228713,-0.8014223994611565,0.02882906,0.8967942,0.5577062716261032
OPCs,Microglia,Adam10,Tspan14,0.51818204,0.26835802,0.3539102571068583,0.42593076780033085,0.07951211,0.8492026,0.558026457757231
Pericytes,Neurons,Ntrk3,Ptprs,0.8227538,0.5739964,0.355388414971747,0.5722310628832331,0.032059856,0.8917276,0.5583027011204258
Neurons,OPCs,Cntn2,Nrcam,1.0342946,0.44996974,0.5442757312554303,0.15401527058568754,0.07207052,0.87940305,0.5583027011204258
OPCs,OPCs,Gnai2,Igf1r,0.61101824,0.2684148,0.22257174378009822,0.0663122267823163,0.032796573,0.8492161,0.558513421309643
OPCs,Astrocytes,Entpd1,Adora2b,0.22266781,0.045354567,0.7200608291949233,0.44112141311853786,0.065228894,0.6983503,0.5587627243066654
Neurons,Neurons,Efnb2,Epha6,0.78153336,0.17347528,0.5952199150280952,1.1174405806890906,0.2783573,0.81909335,0.5588613758192986
Pericytes,Microglia,Bmp5,Acvr1_Bmpr2,0.4547221,0.20648447,1.5966972558355137,1.1756491455393712,0.21372512,0.83164227,0.5588613758192986
Pericytes,Neurons,Gpc3,Igf1r,0.55095994,0.26847008,0.4614333866025937,0.3968892821743304,0.09238258,0.8492293,0.5590004930750724
Neurons,OPCs,Gpc3,Lrp1,0.7930506,0.26849493,0.8683638771613212,0.9158888318730951,0.08174442,0.8492352,0.5594880230437084
Microglia,Astrocytes,Fgf14,Fgfr1,0.453942,0.20356447,-0.04593521309024204,-0.5364586611732747,0.01439911,0.8306429,0.5598363821790528
Pericytes,OPCs,Lama4,Itga9_Itgb1,0.53446144,0.2685756,1.4333929370468257,1.1178561587505618,0.10399463,0.8492544,0.5599758363947993
OPCs,Oligodendrocytes,Bmp1,Bmpr1a,0.21498594,0.04536395,0.0952425317146908,0.04321144773195995,0.024689345,0.69837207,0.5600646222083241
OPCs,Neurons,Ntrk3,Ptprf,0.89394176,0.449231,0.6438460887881567,0.6410863169756219,0.102879904,0.8793159,0.5600933235950544
Astrocytes,Astrocytes,Vegfa,Nrp1,0.5831922,0.2686706,0.77192710562406,0.83933840218085,0.074736685,0.8492771,0.5604639332106813
Pericytes,Astrocytes,Adam10,Cadm1,0.82204527,0.5266584,0.059812292911964736,0.03171098321002308,0.02343524,0.88750196,0.5606907491461878
Astrocytes,Astrocytes,Il1rapl1,Ptprf,1.1436825,0.44911942,0.18015613308752548,0.16389207015694263,0.04812213,0.87930274,0.5606907491461878
Pericytes,Pericytes,Alcam,Nrp1,0.53202486,0.26879042,0.19859412067505133,0.6083943448237663,0.028455205,0.84930557,0.56095231357369
Microglia,Astrocytes,Fgf13,Egfr,0.821429,0.6530455,1.3594788387030583,1.5886131799643293,0.21595182,0.8978006,0.5612882892428186
Oligodendrocytes,Pericytes,Lama2,Rpsa,0.45375896,0.18071547,-0.023868521305901853,-0.11954123209227796,0.014630333,0.82210296,0.5613011047129114
OPCs,Astrocytes,Ltbp3,Itgb5,0.21875098,0.04538542,0.2980044590371398,0.2898346056242429,0.026493803,0.6984219,0.5613659987596031
Microglia,Microglia,Adam17,Itgb1,0.51941776,0.26894674,0.6465052101665736,0.9636655285722652,0.0875499,0.8493428,0.5614409775661613
Microglia,Astrocytes,Il1rapl1,Ptprs,0.45371526,0.1944148,-0.3784237556479359,-0.9485933395041457,0.00508047,0.82738346,0.5617899712172799
Oligodendrocytes,Microglia,Megf10,Abca1,0.51868117,0.2690276,0.4607105263870589,1.1220550097257362,0.08142104,0.849362,0.561929749654798
Oligodendrocytes,Neurons,Nlgn1,Nrxn2,0.8213955,0.66285515,-0.009069783042023633,-0.7450699368177098,0.01876471,0.8984826,0.5621850685599967
Neurons,Oligodendrocytes,Nrxn2,Nlgn1,0.8213955,0.66285515,-0.009069783042023633,-0.7450699368177098,0.01876471,0.8984826,0.5621850685599967
Pericytes,Neurons,Apoe,Ldlr,0.88028234,0.2690896,0.26208885312250085,0.30765580880244503,0.025738565,0.84937674,0.5624189810512856
OPCs,Neurons,Slit2,Gpc1,0.21476632,0.04543434,0.10355747365406151,-0.06714688287642057,0.061052274,0.6985354,0.5626669708734688
Neurons,Pericytes,Adam10,Notch1,0.45355648,0.205388,0.6372415721315093,0.29565947191856645,0.04299751,0.8312692,0.5627683798297503
Oligodendrocytes,Astrocytes,Megf10,Abca1,0.519029,0.26938954,0.4614028679238271,0.9792210211397782,0.081530586,0.849448,0.5629084963242134
Oligodendrocytes,OPCs,Ptn,Sdc3,0.8210263,0.6541255,0.7243877777854902,0.986126856566104,0.05820885,0.89787644,0.5630822385867106
Astrocytes,Oligodendrocytes,Adam10,Tspan5,0.52962065,0.2696487,-0.04154373786403885,0.14341973535245922,0.023483709,0.8495095,0.5633982955559169
Microglia,Pericytes,Gnas,Adcy9,0.8204738,0.5841392,0.04620038499690743,-0.05340452666877027,0.030336479,0.8925703,0.5636807716471386
OPCs,Neurons,Cspg4,Itga3_Itgb1,0.7288754,0.17233513,2.197438740674253,1.324919971973113,0.32732227,0.81860423,0.5637479237753042
Microglia,Pericytes,Grn,Sort1,0.6495813,0.26965454,1.0542971195345998,0.9282496870721888,0.09797668,0.8495109,0.5638883788287321
OPCs,Pericytes,Gpi1,Amfr,0.21318188,0.045446467,-0.11887888808667173,-0.2963426509444703,0.015431816,0.6985635,0.5639674802065344
Astrocytes,Pericytes,Sparc,Eng,0.8197862,0.48202717,1.3691254091183878,1.1623230062037693,0.13228567,0.88300496,0.5642794182312122
OPCs,OPCs,Fgf14,Fgfr1,1.4236723,0.4470744,0.3633268955582609,0.23063539395771454,0.03162376,0.8790603,0.5642794182312122
OPCs,Neurons,Apoe,Vldlr,0.9890094,0.26972324,0.28629221374590075,-0.07310400819017482,0.04437062,0.8495272,0.5643787462249944
Astrocytes,Oligodendrocytes,Vegfa,Tyro3,0.5264581,0.17216809,0.7341194267054895,1.0134454285154262,0.24853083,0.81853217,0.5647286037122734
Pericytes,Neurons,Nrxn1,Nlgn3,0.7717779,0.2698158,0.06106852688839369,0.30955142720081547,0.019417757,0.8495491,0.5651147420916687
Neurons,Pericytes,Nlgn3,Nrxn1,0.7717779,0.2698158,0.06106852688839369,0.30955142720081547,0.019417757,0.8495491,0.5651147420916687
Pericytes,Pericytes,Lrig1,Egfr,0.45322448,0.20326956,0.9334954330023,1.0516625140701554,0.08229039,0.8305409,0.5652194580334383
OPCs,Neurons,Sema5a,Plxna1,0.6696831,0.17202342,0.8870202063901943,0.8793679182664872,0.23436068,0.8184698,0.5652194580334383
Neurons,Microglia,Trf,Adrb2,0.21689968,0.04549688,0.5240009601020219,-1.205213389257279,0.04376196,0.69868016,0.5652674684985005
OPCs,Pericytes,Lamc1,Itga1,0.81903386,0.5636767,2.3902261104947944,1.8251969421526182,0.2348162,0.8908487,0.5654773736221104
Astrocytes,Astrocytes,App,Lrp6,0.45320147,0.20526877,-0.31001192515441744,-0.6999435529977247,0.012782807,0.83122855,0.5657105967014365
Pericytes,Pericytes,Tfpi,Lrp1,0.59125316,0.27007294,1.289307397589368,1.0234159883848823,0.11602414,0.84961,0.5658513775460741
Microglia,Astrocytes,Calr,Lrp1,0.8182943,0.57731843,0.6046442449486147,0.7414205865665835,0.04311661,0.8920059,0.5660766820997698
Pericytes,Neurons,S100a1,Trpm3,0.8226408,0.27007574,0.27615822163643383,0.07248037055834317,0.03535863,0.8496106,0.5663428821573312
Neurons,Pericytes,Inha,Acvr1,0.21483904,0.04550639,0.23694114256239546,0.19057833818617534,0.07950976,0.69870216,0.5665670525377028
Astrocytes,Neurons,Alcam,Nrp1,0.8181773,0.5577924,0.5202384616592648,0.6688275629810156,0.059050087,0.89033747,0.5666763185538878
Neurons,Neurons,Bsg,Slc16a7,0.6327593,0.27020743,0.17368990855300653,-0.020258611905644097,0.04598459,0.84964174,0.5668346713036847
Pericytes,Astrocytes,Psap,Gpr37,0.51499325,0.17171521,-0.11452913389787157,-0.4461076253524129,0.027607054,0.8183365,0.5671853661918863
OPCs,Neurons,Cntn3,Ptprg,0.8179288,0.53955716,0.3140039388130611,0.2889437841806952,0.04999223,0.88870424,0.5672760675105378
Neurons,Microglia,Copa,P2ry6,0.5309297,0.27024361,1.6025026578751955,0.9236218555841097,0.20975456,0.8496503,0.5673267450674708
Oligodendrocytes,Neurons,Calr,Lrp1,0.45279804,0.1812965,0.11243479533882901,0.008575357125642835,0.013539998,0.8223376,0.5676776428661088
Pericytes,Neurons,Fgf1,Fgfr2,0.5037643,0.17170516,-0.10147091528421281,-0.5878664242431162,0.02474483,0.8183322,0.5676776428661088
Neurons,Pericytes,Adam10,Nrcam,0.5226567,0.27056304,-0.003681260747032039,-0.18525917967857286,0.014423509,0.8497257,0.5678189266905255
Astrocytes,Oligodendrocytes,Col4a5,Itgav_Itgb8,0.21554321,0.045525167,0.35638411960640415,0.36993025808231644,0.03366457,0.6987456,0.5678661740430752
OPCs,Oligodendrocytes,Gnai2,Igf1r,0.4527368,0.17753224,0.05257975701967952,0.12027080757673614,0.021691984,0.8207997,0.5681702042987837
Pericytes,OPCs,Cntn1,Notch1,0.534732,0.27056485,0.5429938038215116,0.3695683997125554,0.025473276,0.8497262,0.5683115698339127
Pericytes,Microglia,Pros1,Mertk,1.2184881,0.44542345,1.9294624079367446,2.0578807243744603,0.06889933,0.8788635,0.5684762251777586
OPCs,Astrocytes,Mdk,Sorl1,0.46236748,0.17136945,0.5173272461366561,0.5056245797210317,0.09394441,0.8181867,0.5686628735565663
Microglia,Microglia,Entpd1,Adora3,0.71914256,0.27074116,2.5239816295965767,1.7597213955916708,0.6569182,0.84976774,0.5688044978417097
Astrocytes,Astrocytes,Adam10,Cadm1,0.8168202,0.51403284,0.05348674158541324,0.00034184959794225644,0.022873426,0.88628495,0.5690766335591636
Pericytes,Pericytes,Hsp90aa1,Egfr,0.45251667,0.20269348,0.3697767324288316,0.023168564549322368,0.042369142,0.83034104,0.5691560046508325
Pericytes,Neurons,Tfpi,Vldlr,0.22830863,0.04556805,0.8781867930001299,0.2692733334692232,0.14073882,0.6988447,0.5691647748165948
Pericytes,Microglia,Pltp,Abca1,0.5208287,0.27124843,1.1806647133395491,1.5287338913069872,0.2045097,0.8498872,0.5692977107962526
Oligodendrocytes,Oligodendrocytes,Fgf12,Fgfr2,0.8157737,0.5432865,-0.12573183848400976,-0.20404370403699712,0.020128297,0.88904446,0.5696773692913668
Microglia,Microglia,Gnai2,Igf1r,0.52325094,0.27133393,0.18601368353040956,0.28637466248025084,0.03315325,0.8499073,0.5697912087798765
Microglia,Neurons,Fgf14,Fgfr1,0.45209193,0.20169982,-0.04942921732026781,-0.6062804450587914,0.014267215,0.8299946,0.5701429446152955
Neurons,Neurons,Efna5,Epha7,0.8153734,0.6483973,0.7746190320908597,1.2876206769782312,0.37900242,0.89747244,0.5702782165057276
Oligodendrocytes,OPCs,Rtn4,Tnfrsf19,0.85796845,0.27153045,0.30765917437034956,0.8285710697842011,0.057239812,0.8499535,0.570284991874918
Neurons,Pericytes,Adam11,Itga4,0.22370394,0.04566733,0.4958054937198779,0.5266875405147071,0.14685266,0.6990736,0.5704629715220333
Microglia,Microglia,Gnai2,Adcy7,0.45201573,0.20384902,0.9331556351289414,0.9450332903132102,0.18805546,0.8307411,0.5706369308704495
Pericytes,Astrocytes,Pltp,Abca1,0.5211766,0.27161336,1.1813570548763175,1.3858999027210293,0.20478486,0.84997296,0.5707788827091835
Oligodendrocytes,Astrocytes,Apoe,Sorl1,0.81530166,0.64311165,0.25510686405474603,0.45162618703069646,0.037279714,0.89709526,0.5708792828699795
Oligodendrocytes,Pericytes,Fgf14,Fgfr1,0.4518367,0.19009124,-0.09334705864830234,-0.8444722514638614,0.013446082,0.8257716,0.5711310248505036
Astrocytes,Neurons,Lama2,Itga3_Itgb1,0.7246344,0.17123441,0.8780000475818502,0.9935822937274428,0.19410141,0.81812805,0.5711310248505036
Pericytes,Astrocytes,Lama2,Itga7_Itgb1,0.8591704,0.2723529,1.2690414193775723,1.4339396705104992,0.21087186,0.85014623,0.5712732361716186
OPCs,Pericytes,App,Rpsa,0.81528306,0.6235438,-0.28015993019733737,-0.8237691961177154,0.026006734,0.8956602,0.5714805682195392
Neurons,OPCs,Vegfc,Itgb1,0.25847122,0.045688048,0.31134687899963215,0.28781322753923433,0.08691409,0.69912136,0.5717607059406123
Pericytes,Astrocytes,Gnai2,Ednrb,0.5268589,0.27267596,1.0054723346547414,1.0097018707245669,0.12333796,0.85022175,0.5717678749924484
OPCs,Astrocytes,Ntn1,Neo1,0.815024,0.6475734,1.5410398162807875,0.8987670828482397,0.12634179,0.89741397,0.5720820723898241
Microglia,Neurons,Ncam1,Robo1,0.9839235,0.44357955,-0.2997950682960243,-0.6885823029000497,0.008626964,0.87864256,0.5720820723898241
Oligodendrocytes,Pericytes,Sptan1,Ptpra,0.45156485,0.19167653,-0.14165970977812414,-0.2765621493690159,0.014543825,0.8263682,0.5721202460147884
Oligodendrocytes,Neurons,Fgf1,Fgfr2,0.50342953,0.17117609,-0.10203315217989312,-0.48480548978289706,0.024668586,0.81810266,0.5721202460147884
Neurons,Neurons,Adam10,Tspan5,0.5252634,0.2730217,-0.043704114839592134,-0.6027028172881228,0.023777464,0.8503024,0.5722627992540088
Oligodendrocytes,Astrocytes,App,Grm7,0.976753,0.4435337,-0.36867768593865347,-0.8492397970580361,0.008965184,0.878637,0.5726839032845079
Pericytes,Microglia,Sparc,Eng,0.7531616,0.27303952,0.9537620583109969,0.9235418313092787,0.0749319,0.8503066,0.5727580090386356
Neurons,Astrocytes,Lamc1,Itga6_Itgb1,0.21487449,0.04571795,0.02767576167834184,-0.10131839083979419,0.010860762,0.6991902,0.573057919936552
Neurons,Microglia,Adam9,Itgb5,0.9217591,0.27326182,1.7608101934263083,1.5187104088288101,0.12157382,0.8503583,0.5732535044286641
Microglia,Oligodendrocytes,Calr,Itgav,0.45143992,0.19982064,0.13248539194119302,0.3793821926809269,0.023788715,0.8293332,0.5736063074633571
Astrocytes,Neurons,Vegfa,Itgb1,0.5860497,0.273531,0.7649039633308572,0.7040594972504295,0.06381789,0.85042095,0.5737491074368086
Microglia,Astrocytes,Apoe,Sdc2,0.8145962,0.6549486,0.558861064380865,0.8170126870578223,0.03231793,0.8979341,0.5738880043258667
OPCs,Microglia,Gnas,Adrb2,0.6620309,0.27362823,0.7480661149315415,-0.07457407991175968,0.12670794,0.85044354,0.5742451741820234
Neurons,Microglia,Sema4g,Plxnb2,0.22967303,0.045820653,0.6643176659556337,0.5605234995541551,0.15240504,0.69942605,0.5743547300491264
OPCs,Neurons,S100a1,Trpm3,0.88180757,0.44288307,0.38016568639233805,0.11173716998280292,0.057982773,0.87855875,0.5744903821723841
Pericytes,Neurons,Psap,Ar,0.5145534,0.17099315,0.20745826472477175,0.07198216633153764,0.07815058,0.8180231,0.5745983839331453
Pericytes,Astrocytes,Cntn1,Notch1,0.53740096,0.2740811,0.5521249882164408,0.42471445325758594,0.025804326,0.8505487,0.5747415267796179
Astrocytes,Astrocytes,Ntrk3,Ptprs,0.81430435,0.5987693,0.3368406968216596,0.3796466957435831,0.033443514,0.89375055,0.5750929780166832
Pericytes,Pericytes,Hspa8,Ldlr,0.59237444,0.2741795,0.06319788726748718,-0.04287645718190952,0.042242862,0.8505715,0.5752381653119281
Astrocytes,OPCs,Sema4a,Plxnb1,0.22256416,0.04598359,0.45917038993344345,0.3646405350557894,0.082799986,0.69979906,0.5756510781218116
OPCs,Astrocytes,Vegfa,Itgav,0.5252094,0.27418274,0.4774260253135002,0.5183601633122392,0.044668324,0.8505723,0.5757350898612893
Microglia,Pericytes,Gnai2,Ednra,0.45089275,0.20278516,1.445528216970333,1.0944079837256024,0.18371852,0.8303729,0.5760887316826605
Astrocytes,Astrocytes,Mdk,Sorl1,0.5393164,0.27422163,0.7443729178585924,0.777042107396325,0.15032779,0.8505813,0.5762323005100376
Astrocytes,Pericytes,Ptn,Sdc2,0.8128705,0.6607255,0.6368402470381257,0.691352762006433,0.042867277,0.89833575,0.5762989313434275
OPCs,Microglia,Omg,Rtn4rl1,0.4507683,0.18569538,0.8413481629124465,0.7442620106326203,0.16538262,0.8240821,0.5765861458870459
OPCs,Astrocytes,Slit2,Robo2,0.8220655,0.27437896,0.280577849076167,0.18306481684595877,0.047479983,0.8506177,0.5767296186547284
OPCs,Neurons,App,Lrp1,0.8124809,0.61783797,-0.07530601629488748,-0.5742029649132337,0.018292004,0.89522994,0.576902180232616
Neurons,Neurons,Efnb2,Epha3,0.25150907,0.04602322,0.41833233106787443,0.45661367529396485,0.22147474,0.69988954,0.5769469060810378
OPCs,Astrocytes,Psap,Sort1,0.5557292,0.17036329,-0.12739172043522293,-0.5112596073185446,0.0146127315,0.8177483,0.5770836675728185
Microglia,Astrocytes,Nrg3,Egfr,0.5405746,0.27438676,0.7238777386061006,-0.08866610093303551,0.032477025,0.85061955,0.5772274016464551
Neurons,Microglia,Apoe,Trem2,0.9366345,0.441578,1.9240203219001357,0.6151579262302923,0.03138228,0.8784012,0.5775056464612254
Oligodendrocytes,Microglia,Gnas,Adcy7,0.8123473,0.5139898,0.6160340146146959,0.5815655042088949,0.1090648,0.8862807,0.5775056464612254
OPCs,Pericytes,Adam10,Axl,0.4503509,0.19637318,0.7852900473184552,0.5152081281827563,0.07549658,0.82809806,0.5775816542372938
Pericytes,Pericytes,Apoe,Scarb1,0.8819982,0.27455097,0.3876334182035628,0.6081774787673329,0.048527796,0.8506575,0.5777254709845466
Microglia,Neurons,Rtn4,Rtn4rl1,0.6118639,0.16983083,0.03304235764852298,-0.21178792029382737,0.036022216,0.81751484,0.5780799273066999
Astrocytes,Microglia,Mdk,Itga6_Itgb1,0.45030725,0.20117751,0.763434363650589,0.8769699982248654,0.099380136,0.82981163,0.5780799273066999
Pericytes,Oligodendrocytes,App,Aplp2,0.8123436,0.598977,-0.2634990506792461,-0.38034918584156485,0.027026089,0.89376706,0.5781093298646726
Astrocytes,Pericytes,Gnas,Adcy8,0.69300175,0.274727,-0.18687841372107472,-0.4860773355698979,0.01289316,0.85069823,0.5782238267513384
Oligodendrocytes,Microglia,Hspa4,Tlr4,0.21588974,0.04604724,0.7252019580632574,0.40506250912348246,0.08636111,0.6999444,0.578242330341648
Neurons,Pericytes,Arf1,Insr,0.45025182,0.18243445,0.2001156484379642,0.22490316663429594,0.043832205,0.8227942,0.5785783077959488
Pericytes,Neurons,Calr,Lrp1,0.52980125,0.27475405,0.21328644986275996,0.10780439154504451,0.020519808,0.8507045,0.5787224690291664
Neurons,Neurons,Sdc2,Ptprj,0.44990274,0.17633873,0.2651372078047359,0.04846382491026874,0.014544278,0.82030314,0.5790771538193119
Neurons,Neurons,Agrn,Lrp1,0.5299374,0.27491933,0.288612517108661,0.07262063025322463,0.027030097,0.8507427,0.5792212187003143
Pericytes,Oligodendrocytes,Apoe,Sorl1,0.9342424,0.44084287,0.21094944109151734,0.36089426557894366,0.025554653,0.8783122,0.5793174560358011
Neurons,Neurons,Sema3a,Nrp2,0.21797547,0.046095304,0.30949356233248726,0.349876052141328,0.1310551,0.70005393,0.5795372346948994
Neurons,OPCs,Alcam,Chl1,0.5946519,0.2750042,0.09785172248490458,0.06353392090097032,0.018588116,0.85076225,0.5797204341442713
OPCs,Astrocytes,Ncan,Cdh2,0.8414388,0.44073164,0.9499632883578364,0.895610183950445,0.153958,0.8782987,0.5799217900151592
Astrocytes,OPCs,Vcl,Alk,0.81101763,0.62597924,1.231043846001645,1.317298391623673,0.20804876,0.89584225,0.5799217900151592
Neurons,Astrocytes,Il34,Ptprz1,1.0156223,0.1691717,1.0367090433719874,1.1362728597021492,0.026308758,0.8172247,0.5800755265278863
Oligodendrocytes,Neurons,Adam10,Epha3,0.44977772,0.19781211,0.28513175078007436,0.5731481494522122,0.093332045,0.8286171,0.5800755265278863
Oligodendrocytes,Neurons,Psap,Sort1,0.5416387,0.27534467,-0.10603838025737189,-0.43303796454043897,0.0236174,0.8508408,0.580219936346242
OPCs,OPCs,Gnas,Adcy8,0.81080043,0.5913434,-0.0022627423853299466,-0.3829849901565009,0.027752224,0.8931566,0.5805263405109944
Oligodendrocytes,Pericytes,Timp2,Itgb1,0.44951525,0.17142712,0.3178219124334076,0.5553975308188868,0.045706738,0.8182117,0.5805752326509814
Pericytes,Oligodendrocytes,Lgi1,Adam22,0.5267605,0.27580342,0.07491874294430291,0.18834012566270197,0.024705425,0.8509464,0.5807197253885622
Astrocytes,Oligodendrocytes,Bmp1,Bmpr1a,0.216491,0.046099104,0.09953067169901578,0.06174649673492,0.02508945,0.7000626,0.5808317354727186
Neurons,Astrocytes,Sptbn2,Ptpra,0.45402706,0.1690489,0.23380490138277277,0.15469620325329236,0.09052339,0.8171704,0.5810750460907553
Astrocytes,Pericytes,Lrig1,Egfr,0.81062835,0.4941485,1.675931460180411,1.6117248008681,0.20004803,0.88428175,0.5811311073587241
OPCs,Pericytes,App,Aplp1,0.64455473,0.27589995,-0.6140765233715881,-1.7973555803430952,0.010971342,0.8509686,0.5812198013535678
Pericytes,Oligodendrocytes,Adam10,Tspan5,0.5348457,0.27627176,-0.03521818653748736,0.17478886896454005,0.024060512,0.85105395,0.5817201643235944
OPCs,Neurons,Angpt1,Itgb1,0.44890058,0.1853113,0.8658636671544779,0.6370620725348421,0.07032145,0.823932,0.5820757131662496
Astrocytes,Microglia,Copa,P2ry6,0.45156714,0.1688451,1.4775194117670498,0.8324647015803215,0.13105223,0.81708026,0.5820757131662496
Pericytes,Astrocytes,Lrpap1,Sort1,0.21756333,0.046181068,-0.15585823403661436,-0.3921375431634444,0.016050264,0.700249,0.5821257746222643
OPCs,OPCs,Bmp7,Ptprk,0.7945868,0.27627745,0.7702573573323404,0.33816094004317604,0.14184444,0.8510553,0.5822206345628173
Pericytes,Microglia,App,Rpsa,0.8104632,0.59499353,-0.28653371660229715,-0.7664021978864526,0.024815964,0.89344984,0.5823413981437664
Microglia,Astrocytes,Cntn1,Nrcam,1.005719,0.4395842,0.41179234976394125,0.2599930732329724,0.010538763,0.87815934,0.5823413981437664
Pericytes,Astrocytes,Adam10,Notch2,0.44887245,0.20131846,0.4290049699395503,0.34822657322585704,0.03852681,0.8298611,0.5825765671726658
Neurons,Astrocytes,Alcam,Nrp1,0.5954627,0.2764232,0.22781340720890042,0.27355126138583763,0.029263241,0.8510887,0.5827215716867653
Microglia,Astrocytes,Serpine2,Lrp1,0.80962324,0.55785924,0.7548229302888152,0.9794448756822358,0.028029732,0.8903433,0.5829468130984281
Microglia,Pericytes,Tgfb1,Itgb1,0.5336863,0.276565,1.4227060310827842,1.2155639146183137,0.23281322,0.8511212,0.583222796062712
Oligodendrocytes,OPCs,Gnas,Adcy9,0.8083176,0.50436425,-0.005277267675255173,0.036674863178976225,0.026193472,0.88532454,0.5835524437466235
Microglia,Neurons,Arf1,Chrm3,0.45476732,0.16875546,0.3423732529295159,0.6909984627487513,0.13625097,0.81704056,0.5835789568546145
Neurons,Oligodendrocytes,L1cam,Cd9,0.44885248,0.17062163,0.2746890423308612,0.6640741387037643,0.073282525,0.81786114,0.5835789568546145
Astrocytes,Microglia,Jam2,Itgav_Itgb1,0.52760625,0.27697632,0.8858040202087005,0.9953803571043016,0.07352119,0.85121536,0.583724307772993
Neurons,OPCs,Ptn,Ptprs,0.80797195,0.47794485,0.2233483734762109,-0.26285656049492945,0.018609388,0.88256496,0.5841582899237697
Astrocytes,Neurons,Lgi4,Adam22,0.8137234,0.43904874,0.9250409776828525,0.8110661685789008,0.2600946,0.8780941,0.5841582899237697
Pericytes,Neurons,Rgma,Neo1,0.5305994,0.2770128,0.2306381531769842,0.03622092400682875,0.046491735,0.8512237,0.5842261068999444
OPCs,Astrocytes,App,Tspan12,0.59188604,0.16865383,-0.08040010744979062,-0.461646229597532,0.04253164,0.81699556,0.5845824956950757
OPCs,Pericytes,Bmp7,Acvr2a_Bmpr1b,0.21556538,0.046183724,0.5912478699570002,0.403306832659308,0.069365755,0.7002551,0.5847124103342601
OPCs,Pericytes,Bmp7,Acvr2a_Bmpr1a,0.21556538,0.046183724,0.5912478699570002,0.403306832659308,0.069365755,0.7002551,0.5847124103342601
OPCs,Pericytes,Bmp7,Acvr1_Acvr2a,0.21556538,0.046183724,0.5912478699570002,0.403306832659308,0.069365755,0.7002551,0.5847124103342601
Neurons,Pericytes,Adam10,Cadm1,0.5296846,0.27719173,-0.19722760148450708,-0.5927092439721703,0.012334476,0.8512646,0.5847281935259017
Astrocytes,Pericytes,Ptn,Sdc4,0.50799,0.16857144,0.2029219162651817,0.1498347154610956,0.026346263,0.81695896,0.5850847864591657
OPCs,Pericytes,Vegfa,Nrp1,0.44852418,0.19988407,0.4979341754920301,0.6958066538341373,0.055602193,0.82935566,0.5850847864591657
Neurons,Astrocytes,Sdc2,Ptprj,0.6247891,0.27722338,0.49882648211958597,0.5890195537225025,0.022865161,0.8512718,0.585230387295867
Microglia,Oligodendrocytes,Adam10,Tspan5,0.80767536,0.62210023,0.29507473290372394,0.7516718549726422,0.054178715,0.89555186,0.5853707370922548
Neurons,Neurons,L1cam,Cntn1,0.93933856,0.4386425,0.5348632668791737,0.5658592382195684,0.0988746,0.87804455,0.5853707370922548
Astrocytes,Astrocytes,Gnai2,S1pr1,0.46710986,0.1684562,0.93612545758257,0.760276790545698,0.081822194,0.8169078,0.5855873648630454
Astrocytes,Pericytes,App,Aplp2,0.5307156,0.27724564,-0.4738873765838152,-0.9499749278783431,0.012509435,0.8512769,0.5857330490635382
Oligodendrocytes,Microglia,Psap,Lrp1,0.8076538,0.63494724,0.3154175856049351,0.4478956809875675,0.019973915,0.89650404,0.5859772289073545
Neurons,Pericytes,Gpc3,Lrp1,0.5329563,0.16826044,0.5140700397973608,0.6685021974697756,0.051227596,0.81682086,0.5860900503750601
Neurons,OPCs,Timp2,Itgb1,0.44801727,0.19876397,0.27188601741759266,0.23388367102844604,0.052995425,0.8289577,0.5860900503750601
Pericytes,OPCs,H2-K1,Aplp2,0.5348832,0.27751014,0.36731342920283033,0.38211167301998095,0.044951823,0.85133725,0.586235998577193
OPCs,Pericytes,App,Aplp2,0.80763423,0.6079689,-0.2624472871230167,-0.6809064298146789,0.027431807,0.89447236,0.5865839355930443
Microglia,OPCs,Gnai2,Adcy9,0.44798607,0.2000315,0.31184435283899037,0.40014264928329146,0.045164205,0.8294079,0.5865932042021705
Oligodendrocytes,Neurons,Apoe,Sdc2,0.62535894,0.27755207,0.15002307881602853,0.21444565731453952,0.013695591,0.8513468,0.5867392359191672
Pericytes,Astrocytes,Lrpap1,Sorl1,0.45991492,0.16809133,0.23393121235654396,0.2855073168176012,0.054278623,0.81674564,0.5870964650953544
OPCs,OPCs,Fgf13,Scn8a,0.44793093,0.17490838,0.042370542720537634,-0.14998563050099106,0.026974399,0.819702,0.5870964650953544
Oligodendrocytes,Microglia,Ncam1,Ncam2,0.9294017,0.43730563,-0.44544065701441155,-0.7258597670544955,0.006527981,0.87788105,0.5871908569847412
Neurons,OPCs,Lrrc4b,Ptprs,0.80760896,0.4770547,0.4765154783796865,0.4430785281640145,0.071145035,0.8824683,0.5871908569847412
Oligodendrocytes,Neurons,Ptn,Sdc2,0.6253655,0.27755585,0.17981241572383957,0.4483128541558637,0.018007576,0.8513476,0.5872427611717962
OPCs,OPCs,Lamc1,Itga9_Itgb1,0.44775397,0.19855134,0.4738007844241223,0.5443793025097834,0.047167875,0.8288818,0.5876001946749208
Microglia,OPCs,Actr2,Ldlr,0.49969965,0.16806632,0.3482047485599169,0.46192646723667885,0.056249257,0.8167345,0.5876001946749208
Microglia,Astrocytes,Pdgfb,Itgav,0.52831197,0.27769464,1.138230136735561,0.8887519995658115,0.122399434,0.8513793,0.5877465744174162
Pericytes,Neurons,Nrxn2,Nlgn3,0.21565291,0.0462905,-0.011228404490537747,-0.1313821569916045,0.013707187,0.7004974,0.5879431533829479
Neurons,Pericytes,Nlgn3,Nrxn2,0.21565291,0.0462905,-0.011228404490537747,-0.1313821569916045,0.013707187,0.7004974,0.5879431533829479
Microglia,Astrocytes,Ncam1,Robo1,0.45335275,0.16802031,-0.6912872983698676,-1.6671327912335991,0.0032677455,0.81671405,0.5881042123058962
OPCs,OPCs,Agrn,Itgb1,0.44763267,0.19845337,0.31871159922677306,0.3330479956193918,0.044542912,0.8288468,0.5881042123058962
Oligodendrocytes,Oligodendrocytes,Apoe,Vldlr,0.62544984,0.27772704,0.08633924322891667,0.4982365324406661,0.045687288,0.85138667,0.588250494680792
Neurons,Neurons,Slit3,Robo1,0.9819194,0.4367331,0.39162985767311326,0.6758304971895069,0.13500646,0.8778108,0.5884054523061988
OPCs,Astrocytes,Agrn,Lrp1,0.8067757,0.55146885,0.6703017696502642,0.763760217904043,0.054220475,0.8897796,0.5884054523061988
Pericytes,Astrocytes,App,Grm7,0.66071254,0.27776965,-0.6099907244062359,-1.5554224403573496,0.0056145815,0.8513964,0.5887548840559185
OPCs,Microglia,Adam12,Itgb1,0.8066568,0.5506112,1.6183532887055425,1.4369590053029502,0.16856194,0.8897033,0.5890130168668706
Neurons,Neurons,App,Gpc1,1.0260432,0.43653232,0.23132577809463045,0.020904480229297695,0.11901858,0.8777861,0.5890130168668706
Microglia,Astrocytes,Ncam1,Ptpra,0.4531505,0.16791528,-0.4648121841139813,-1.064664536460438,0.005490571,0.8166672,0.5891129308169243
Astrocytes,OPCs,Bsg,Slc16a7,0.54950285,0.27785236,0.14132284128020892,0.0813545405280609,0.047285624,0.8514152,0.5892595616710131
Pericytes,Microglia,Spon1,App,0.4470679,0.18286932,-0.2740300275780801,-0.661652680014157,0.008682079,0.8229677,0.5896176316546196
OPCs,Astrocytes,Bcan,Egfr,0.8065903,0.6330394,1.5071011716265352,1.2861726629961305,0.15662114,0.89636433,0.5896207954751886
Microglia,Neurons,Tgfa,Erbb4,0.68012315,0.2782117,0.05025725349074363,0.013051423594171607,0.027410977,0.85149693,0.5897645276084124
Neurons,OPCs,Apoe,Lrp5,0.2219856,0.046299886,0.09421601578032793,-0.8024749860207486,0.0071959216,0.70051867,0.5898802040384447
Astrocytes,Astrocytes,App,Aplp2,0.44669265,0.1992249,-0.562729925628559,-1.1786188155411836,0.008989108,0.82912177,0.5901228021074645
Pericytes,Astrocytes,Apoe,Ldlr,0.93280566,0.43626952,0.3624460702223259,0.5323950254025764,0.041729413,0.8777538,0.5902287879665703
Microglia,Astrocytes,Pdgfb,Lrp1,0.8063631,0.5505429,1.4904960139979402,1.326799017987605,0.15223049,0.8896972,0.5902287879665703
OPCs,Astrocytes,Lamc1,Itgav_Itgb8,0.52884585,0.278299,0.47312507758523425,0.5370445063726412,0.046164572,0.8515168,0.5902697819504512
Neurons,OPCs,App,Ncstn,0.9823897,0.278415,0.13665930905505733,-0.09649197888228062,0.052260924,0.8515431,0.5907753247794658
Oligodendrocytes,Astrocytes,Ptn,Sdc4,0.80618167,0.6255554,0.8853164269369906,1.0868608719736201,0.097768925,0.89581066,0.5908371034084373
Pericytes,OPCs,Tnxb,Itga9_Itgb1,0.44646895,0.19751354,1.483900092731165,1.053906773162778,0.15455772,0.8285098,0.5911338268358476
OPCs,Microglia,Psen1,Ncstn,0.21528548,0.04632767,0.16353256397109922,0.2580466034091379,0.048333716,0.70058155,0.5911709562084764
Astrocytes,OPCs,Mdk,Sdc3,0.5450345,0.27891412,1.1838644946815255,1.0776755800904083,0.17851767,0.8516563,0.59128097449892
Oligodendrocytes,Astrocytes,Cntn3,Ptprg,0.80443704,0.4559975,0.2974258243395332,0.2611522493427495,0.042250074,0.88010687,0.5914455232105297
OPCs,Astrocytes,Gnas,Adora1,0.66451687,0.2789374,-0.03263677289197689,-0.43732185412764113,0.035602223,0.85166156,0.5917870944452337
Neurons,OPCs,Ccl25,Grm7,0.914819,0.43590653,0.16760118708353236,-0.32170382649896156,0.057840724,0.87770915,0.5920541564019077
Oligodendrocytes,Astrocytes,Alcam,Chl1,0.80440056,0.52544856,0.43672877507171737,0.41875438194941716,0.03551618,0.8873871,0.5920541564019077
Oligodendrocytes,Microglia,Fgf14,Fgfr2,0.52973074,0.27895796,-0.4599371642708844,-1.5895960001601246,0.005933571,0.8516662,0.5922935031255007
Pericytes,Astrocytes,Sema6a,Plxna4,0.21605742,0.04638851,-0.2516487567694166,-0.5326557621578749,0.009069774,0.70071924,0.5924613053575898
Neurons,Astrocytes,Gpc3,Cd81,1.2266662,0.4356007,0.5160604888012765,0.6336871920927274,0.064720154,0.8776715,0.5926630028179884
Microglia,Pericytes,Timp2,Itgb1,0.5356586,0.2790286,0.4370260285359464,0.6458796688074838,0.07439598,0.8516822,0.5928002006220567
Neurons,Microglia,Rtn4,Rtn4rl1,0.8034278,0.59692687,0.6709990110085114,0.15771834639162519,0.12661205,0.89360416,0.593272062294189
Astrocytes,Astrocytes,Ncam1,Cacna1c,1.1254288,0.43540576,-0.008911424289630182,-0.19658677995725898,0.012246182,0.87764746,0.593272062294189
Pericytes,Oligodendrocytes,Ntn1,Neo1,0.5545093,0.2790563,0.6059034984251067,0.9190426524302268,0.054443978,0.8516885,0.5933071870172375
OPCs,Pericytes,Vegfa,Egfr,0.44568607,0.19713429,0.8639473685023858,0.9069396051541287,0.08400328,0.82837325,0.5936665303512576
OPCs,Astrocytes,Mdk,Sdc4,0.45324093,0.166689,1.1177474721110896,0.9069920678226312,0.18738064,0.8161179,0.5936665303512576
Pericytes,Neurons,Trf,Ldlr,0.22223063,0.046561565,-0.3283992049290756,-1.4475445779193958,0.010053075,0.70110947,0.5937511936193407
Microglia,Astrocytes,App,Aplp1,0.5304499,0.27916777,-0.7060011190611707,-1.7234925784022592,0.01110129,0.8517137,0.5938144623933791
Astrocytes,Oligodendrocytes,Psap,Sort1,0.80306953,0.5636878,0.15205130563103003,0.4215334201989661,0.048349723,0.89084965,0.5938814440893034
Neurons,Astrocytes,Cntn2,Nrcam,1.0044872,0.43524346,0.5118921963603236,0.2031602237776594,0.06971184,0.87762743,0.5938814440893034
Neurons,OPCs,Lgi2,Adam23,0.44565576,0.18248834,0.19909635250034713,0.16811409763157248,0.13123402,0.8228157,0.594174010502337
OPCs,OPCs,Lamc1,Itgav_Itgb8,0.5298903,0.2793261,0.5908732616106765,0.6547646635186104,0.06972204,0.85174954,0.5943218445315797
Neurons,Pericytes,Hspa8,Ldlr,0.8474097,0.4350436,0.2581336446116944,0.4246350928040395,0.06702722,0.87760276,0.5944909292301799
Pericytes,Microglia,App,Notch2,0.80293727,0.579051,0.3622756238963578,0.2408567130479251,0.05626511,0.89215016,0.5944909292301799
Pericytes,Microglia,Agrn,Itgb1,0.44537526,0.1963412,0.3228959134622987,0.5454111842836118,0.04406884,0.82808644,0.594681597400246
Pericytes,OPCs,Cxcl12,Ackr3,0.23207435,0.046589814,1.2184649561140055,0.8185169338050704,0.20287146,0.701173,0.5950405632100323
Oligodendrocytes,Pericytes,Nrxn2,Nlgn1,0.5860313,0.27972773,-0.2806725263558781,-0.6069650432698243,0.007918788,0.8518402,0.5950838244372573
Pericytes,Oligodendrocytes,Nlgn1,Nrxn2,0.5860313,0.27972773,-0.2806725263558781,-0.6069650432698243,0.007918788,0.8518402,0.5950838244372573
Neurons,Oligodendrocytes,Efna5,Ephb1,0.80243,0.623971,0.45710778136528435,1.162187106530169,0.2584625,0.8956922,0.5951006269373981
OPCs,Microglia,Cntn4,Ptprg,1.1359943,0.4344028,0.4931020256403756,0.38443965997953,0.018322967,0.8775236,0.5957105370463756
Astrocytes,Microglia,Ltbp3,Itgb5,0.92371064,0.27982268,1.8340409353462581,1.6827150720220647,0.16334687,0.8518616,0.5958462727414285
Oligodendrocytes,Pericytes,Apoe,Scarb1,0.5674007,0.16600694,0.15709316298996626,0.3453404064302388,0.029342277,0.81581,0.5962064577733905
Oligodendrocytes,Microglia,Il1rapl1,Ptprs,0.802353,0.47079325,-0.19247808551986612,-0.6554050742486248,0.012302824,0.8817814,0.5963206593925293
Astrocytes,OPCs,Wnt7a,Fzd3_Lrp6,0.2184358,0.046619713,0.6428418831121403,0.4024559754956646,0.13834797,0.70124024,0.59632952996471
Oligodendrocytes,Astrocytes,App,Tspan12,0.9284535,0.28016016,0.1765861271706044,0.4643620512868375,0.07065164,0.85193765,0.5963549941534834
Astrocytes,Neurons,Rtn4,Cntnap1,0.44494522,0.19002107,-0.0763186660128809,-0.5156043187441789,0.05367827,0.825745,0.5967153841480644
Neurons,Pericytes,Psap,Sort1,0.6698917,0.28018847,-0.01048634127813805,-0.11370840845825225,0.02403287,0.851944,0.5968640050404836
Microglia,Neurons,Itgav,Thy1,0.801991,0.6398971,0.5295454436359939,0.7906999571561947,0.12285457,0.89686376,0.596931103425286
Microglia,Oligodendrocytes,Sptan1,Ptpra,0.44480458,0.17562863,-0.14849172520818577,-0.09356600569014706,0.013326158,0.8200055,0.597224417161675
Pericytes,Neurons,Ncam1,Ptprz1,0.55376816,0.28037855,-0.28983593753247977,-0.7584521308473671,0.0056780446,0.85198677,0.5973731225600982
Neurons,OPCs,Slc6a8,Lifr,0.26510555,0.046656918,0.1499933803956746,0.02950761746893532,0.04073579,0.7013238,0.5976180360789954
Oligodendrocytes,Microglia,Calr,Lrp1,0.6190777,0.2806499,0.33893623820940594,0.542902393323947,0.020960135,0.85204774,0.5978827125399822
Neurons,Oligodendrocytes,Nlgn3,Nrxn1,0.51319903,0.16588427,-0.0779001582782666,-0.8799778084521979,0.011938145,0.8157545,0.5979886923973288
Oligodendrocytes,Neurons,Nrxn1,Nlgn3,0.51319903,0.16588427,-0.0779001582782666,-0.8799778084521979,0.011938145,0.8157545,0.5979886923973288
Microglia,Pericytes,Hsp90b1,Lrp1,0.8007779,0.63599694,0.5118647101500913,0.7548238907274016,0.040359296,0.89658064,0.5981524078982734
OPCs,OPCs,Sema6a,Plxna4,0.4443493,0.17110956,0.03149287067994612,-0.1738023515040325,0.033454943,0.8180737,0.5982437176985526
OPCs,OPCs,Rgma,Neo1,0.5953435,0.2810934,0.24554938481720656,0.19075048362440677,0.04717659,0.8521473,0.5983925922417895
Pericytes,Oligodendrocytes,Lgi1,Adam23,0.4443056,0.18218969,0.06374396947660857,0.10167116387563335,0.023158375,0.8226963,0.5987536193897804
Neurons,Microglia,Gpc3,Cd81,1.2223629,0.4339423,0.5127879094958705,0.653939118982148,0.064473756,0.87746656,0.5987633775852819
Oligodendrocytes,OPCs,Apoe,Lrp6,0.80051994,0.61466306,0.3381703105839617,0.5007997508410083,0.029583177,0.89498806,0.5987633775852819
Oligodendrocytes,Neurons,Ptn,Ncl,0.62727505,0.28123102,0.10035838940123479,0.28883190516313034,0.030151451,0.8521781,0.5989027617478556
OPCs,Astrocytes,Jag1,Cd46,0.22057045,0.04665874,0.394706593114493,0.32535360603584923,0.0459863,0.7013279,0.5989060238312133
Pericytes,Microglia,Ntrk3,Ptprs,0.44418937,0.19397011,-0.08799642526409293,-0.05229062699241893,0.010833959,0.8272199,0.599263994045851
OPCs,Neurons,Adam10,Nrcam,0.7999605,0.5673913,0.30125387575961227,0.29860337544423166,0.030247193,0.89116764,0.5993745586865228
Microglia,Astrocytes,Fgf12,Fgfr2,0.6722176,0.28126723,-0.24175778787600063,-0.8281073500362494,0.010420707,0.8521862,0.5994132211405165
OPCs,OPCs,Vegfa,Itgb1,0.44411755,0.19561459,0.47810173215238827,0.5256949594493814,0.045639105,0.8278224,0.5997744752322269
Neurons,Astrocytes,Ptn,Sdc2,0.55577683,0.28133717,0.35867090412933106,-0.14219544722143607,0.018252905,0.8522019,0.5999239705021078
Pericytes,Oligodendrocytes,Fgf12,Fgfr2,0.79937553,0.5050673,-0.13852470089258226,0.08829085675941661,0.018712308,0.8853953,0.5999860608413174
Astrocytes,Astrocytes,Ncan,Sdc3,0.2276415,0.046659008,0.45479232343551756,0.4282828951727,0.04420328,0.7013285,0.600193608932355
Microglia,Pericytes,Hspa8,Ldlr,0.44406974,0.18063593,-0.05015820330098508,-0.3271213295620799,0.027830597,0.8220708,0.6002854297562099
Pericytes,Astrocytes,Ntrk3,Ptprs,0.5313084,0.28142563,0.014039851826004885,0.0569270517369197,0.015718678,0.85222167,0.600434826365804
Astrocytes,Pericytes,H2-K1,Aplp2,0.44404805,0.17373884,0.18524437651825698,0.15261680337142552,0.028142678,0.81920576,0.6007966743897005
Pericytes,Pericytes,Lama4,Dag1,0.544214,0.28154895,1.5184137436982206,1.3433007458140866,0.13337013,0.85224926,0.6009461558080715
Neurons,Oligodendrocytes,Psap,Sort1,0.79925793,0.5597385,0.1485351869005963,0.41782544703461844,0.048010986,0.89050734,0.6012094787094657
Pericytes,Oligodendrocytes,Il1rapl1,Ptprs,0.45792258,0.16562602,-0.45543257041313734,-1.0774584325099137,0.004328158,0.81563735,0.6013080254879614
Astrocytes,Neurons,App,Lrp1,0.5355623,0.2817461,-0.286746105755686,-0.843271462976898,0.008341508,0.8522933,0.601457775466247
Neurons,Neurons,Apoe,Ldlr,0.22281753,0.046760034,-0.21970858362451,-1.1008718480318929,0.004472622,0.70155495,0.6014807336400747
Neurons,Astrocytes,Adam10,Notch1,0.44383925,0.19622271,0.6039955079161708,0.17943586158981673,0.041078776,0.8280435,0.6018198504832308
Astrocytes,Microglia,Ptn,Ncl,0.5061498,0.16560096,-0.03351191330106024,-0.21880251286721092,0.017754475,0.815626,0.6018198504832308
OPCs,Astrocytes,Edil3,Itgb5,0.93957496,0.43234617,0.16409235390480986,-0.3337879700184596,0.033337735,0.8772683,0.6018215038596391
Pericytes,OPCs,App,Rpsa,0.79903066,0.5707755,-0.2964777292946572,-0.8553598144725131,0.02380588,0.89145565,0.6018215038596391
Microglia,Astrocytes,Ncam1,Fgfr2,0.6724742,0.28182408,-0.47582278950215684,-1.1744692861440003,0.006962751,0.8523107,0.6019696854226662
Neurons,Astrocytes,Slit3,Robo1,0.4513487,0.16542698,0.00013762759926996826,-0.30271999114404236,0.051138125,0.81554693,0.602331781899436
Neurons,OPCs,Slit1,Robo1,1.1813042,0.4320581,0.599072427735081,0.563686740732061,0.23832189,0.87723243,0.6024337396011015
OPCs,OPCs,Apoe,Lrp8,0.99231774,0.28183648,0.3565947329490169,0.19803678440252637,0.037931055,0.8523135,0.6024818857596651
Neurons,Pericytes,Rgmb,Bmpr1b,0.22540152,0.046811573,0.3016296590405325,0.34894693918598835,0.04490197,0.7016702,0.6027673402946854
OPCs,OPCs,Jam2,Itgav_Itgb1,0.44369477,0.19527315,0.7002632727913379,0.6181534009028062,0.051833723,0.8276979,0.6028441875857095
Neurons,OPCs,Tnr,Itga9_Itgb1,0.5511818,0.28207883,0.4065237520214743,0.28901444539833915,0.031115826,0.8523676,0.6029943765595793
Neurons,Microglia,Col4a2,Itgb5,0.96896863,0.431976,1.9527054669269415,1.733907211492062,0.22394164,0.8772222,0.603046295762329
Astrocytes,Astrocytes,Adam10,Notch2,0.44364738,0.19649224,0.4226794186129988,0.3168574396137762,0.037603203,0.8281412,0.60335688379311
Astrocytes,Pericytes,Psap,Sort1,0.6737033,0.28216535,-0.006970222547704311,-0.11000043529390457,0.024202434,0.8523869,0.6035069737300253
Oligodendrocytes,Microglia,Gnas,Adcy9,0.7978211,0.4792915,-0.02179779213631383,0.15274196785353716,0.024891354,0.88271064,0.6036589522303623
Pericytes,Pericytes,Sparc,Fgfr1,0.8144078,0.4317377,0.5978472597099445,0.7961297578895552,0.0512049,0.8771925,0.6036589522303623
Pericytes,Microglia,Gnai2,Adcy7,0.4435912,0.19659795,0.9188970354959407,0.9714613449667908,0.18136616,0.8281795,0.6038696863554673
Pericytes,Astrocytes,Lrpap1,Lrp1,0.68679875,0.2822208,0.5275464151171246,0.6144390283735404,0.03597306,0.8523993,0.604020045598408
Oligodendrocytes,Oligodendrocytes,Lrrc4b,Ptprf,0.2199924,0.046822928,-0.0555563497785497,0.06211297302097274,0.02863146,0.7016957,0.6040535444831908
Oligodendrocytes,Pericytes,Adam10,Axl,0.44342682,0.19124818,0.7769083482770647,0.7830973712052703,0.07352625,0.82620764,0.6043829637477385
Pericytes,Oligodendrocytes,Gnai2,Igf1r,0.5376048,0.282494,0.1962192310074509,0.4793637120824162,0.034516856,0.8524601,0.6045334081766838
Pericytes,OPCs,Tfpi,Lrp1,0.85134745,0.43095818,1.6436012349533287,1.2708026227882017,0.18514092,0.8770951,0.6048848952943789
Astrocytes,Microglia,Vegfa,Itgav,0.7975458,0.63327724,0.9579989244501402,1.1773773307406428,0.10317,0.8963818,0.6048848952943789
OPCs,Microglia,Angpt1,Itgb1,0.53323895,0.2824997,1.0160860659412787,1.0379367248214284,0.10720224,0.8524614,0.6050470615471881
Astrocytes,OPCs,Mif,Ackr3,0.23312744,0.04689904,0.32117184166418916,-0.11295674692760077,0.03732523,0.7018656,0.6053392308245398
Oligodendrocytes,OPCs,Ptn,Alk,0.7975385,0.60892063,0.4645104551967593,0.8682701420596002,0.07190288,0.89454615,0.6054981815611971
Astrocytes,Microglia,Gas6,Mertk,1.215088,0.4302054,1.735896996412301,1.8480373283875748,0.08212018,0.87700087,0.6054981815611971
Oligodendrocytes,Microglia,Adam10,Notch2,0.5317351,0.28251827,0.5860113991251786,0.840448085671225,0.05406622,0.8524655,0.6055610057922572
Neurons,OPCs,Agrn,Dag1,0.44278812,0.19595636,0.38240383121322064,0.31348305013046274,0.05380712,0.8279468,0.6059243561963152
Microglia,OPCs,Ncam1,Cacna1c,0.6741627,0.28270102,-0.23135045564031465,-0.8013703896523663,0.007951222,0.85250616,0.6060752409942264
Oligodendrocytes,Pericytes,Il1rapl1,Ptprs,0.79750085,0.4589709,-0.19816098253690623,-0.6918417970336902,0.011993881,0.8804494,0.606111787613253
Microglia,Pericytes,Sirpa,Cd47,1.0371039,0.43015453,1.398604821174867,1.3412872783006342,0.07402599,0.8769945,0.6064185590171838
Pericytes,Microglia,Cd47,Sirpa,1.0371039,0.43015453,1.398604821174867,1.3412872783006342,0.07402599,0.8769945,0.6064185590171838
Astrocytes,Astrocytes,Gnai2,Egfr,0.45910734,0.16454946,1.0017745869455086,0.7867307749822932,0.07416897,0.81514657,0.6064386122798325
Microglia,Astrocytes,Gnai2,Ednrb,0.53528345,0.282733,1.019730934287742,0.9832738160709862,0.12788701,0.85251325,0.6065895824340901
Neurons,OPCs,Col4a1,Itga9_Itgb1,0.2600676,0.046977267,0.30867561222162004,0.2611498103099561,0.039370354,0.70203996,0.6066245148231145
Pericytes,Astrocytes,Hsp90b1,Lrp1,0.79734325,0.53030086,0.524994405215456,0.6561410365751087,0.033652004,0.8878456,0.6067254929606067
Microglia,Astrocytes,App,Rpsa,0.5337084,0.28293103,-0.5016627749832044,-1.1294790810661564,0.0118004745,0.8525573,0.6071043996923201
Pericytes,Pericytes,Gnai2,Ednra,0.44246823,0.19557194,1.4312696173373323,1.120836038379183,0.1771835,0.8278069,0.6074681821739607
Neurons,Pericytes,Agrn,Itgb1,0.53879094,0.2829412,0.4845462449846395,0.5733489346639525,0.06350623,0.8525595,0.6076195081544281
Astrocytes,Microglia,Vegfb,Adrb2,0.21981826,0.04699267,0.9282137644703119,0.39839289304540443,0.1949383,0.7020742,0.6079093388398835
Pericytes,OPCs,Mfge8,Itgav,0.79605174,0.5969921,1.7198861021938785,1.4042208596553065,0.22036228,0.89360934,0.6079535313144339
Neurons,OPCs,App,Tnfrsf21,1.0241761,0.4297697,0.16410627197490485,-0.08588859773221913,0.04905664,0.87694615,0.6079535313144339
OPCs,Pericytes,Adam17,Itgb1,0.4439482,0.16447335,0.46754893724798263,0.6411157620085894,0.053540807,0.8151117,0.6079834963582226
Pericytes,Neurons,Serpine2,Lrp1,0.53716683,0.28369355,0.37969518885797604,0.3728592406809923,0.01425423,0.85272634,0.6081349079027498
Astrocytes,Astrocytes,Slitrk2,Ptprs,0.44213897,0.18143345,0.4922590261448642,0.32915986601615277,0.057196938,0.82239276,0.6084991018868502
Oligodendrocytes,Microglia,Ncam1,Robo1,0.926971,0.42961273,-0.31791439589002274,-0.44640957922258706,0.008355329,0.8769265,0.6085678639917416
OPCs,Microglia,Ltbp3,Itgb5,0.9250206,0.2842266,1.8378785112813647,1.6950807938138222,0.16591766,0.8528442,0.6086505990196209
Astrocytes,Pericytes,App,Rpsa,0.5383644,0.28434807,-0.4916000196581359,-1.0928376941813798,0.011859575,0.852871,0.609166581587377
OPCs,Pericytes,Gnas,Adcy9,0.79494566,0.5574837,0.027902657541234055,-0.17451915304479193,0.028952159,0.8903104,0.609182515819021
Neurons,Neurons,F8,Lrp1,0.34216517,0.04702313,0.20942158037043862,0.05284452106305437,0.032527205,0.702142,0.6091936453183989
Neurons,Neurons,Sirpa,Cd47,0.44533294,0.16443184,0.22756699298330135,0.04014234331919336,0.02829734,0.8150927,0.6092727786117101
Neurons,Neurons,Cd47,Sirpa,0.44533294,0.16443184,0.22756699298330135,0.04014234331919336,0.02829734,0.8150927,0.6092727786117101
OPCs,Astrocytes,Gnai2,Ednrb,0.4419909,0.17136213,0.8618328606669701,0.6506089662188868,0.07751126,0.8181834,0.6095310019082724
Pericytes,Astrocytes,Gnai2,Igf1r,0.5399749,0.28465945,0.19876428145770195,0.24947781134631025,0.034781445,0.85293967,0.6096826702593261
Pericytes,Astrocytes,Serpine2,Lrp1,0.7947869,0.52456397,0.7306183203761378,0.9375938498709917,0.026356805,0.88730294,0.6097972659308294
Neurons,Neurons,Apoe,Lrp1,0.44169807,0.16782466,-0.053458246236249424,-0.9298672951006075,0.0038401375,0.8166268,0.6100472963563449
Microglia,Neurons,Adam10,Tspan17,0.5745117,0.16436729,0.36594357063050476,0.5560631567034497,0.12770833,0.8150631,0.6100472963563449
Neurons,Oligodendrocytes,Gpc3,Cd81,0.83525324,0.2847589,0.21845004886025127,0.5023634633706182,0.042308565,0.8529616,0.6101992358711357
Microglia,Astrocytes,Fgf14,Fgfr2,0.7945987,0.54689926,-0.2166743554597995,-0.8835621790137749,0.011632813,0.8893709,0.6104122244942618
Neurons,Neurons,Vegfa,Nrp2,0.21997331,0.047116734,0.16966658337356888,0.014892950033139923,0.024783524,0.70234996,0.610477549639167
Oligodendrocytes,OPCs,Sema6a,Plxna2,0.44167295,0.19369112,0.13002049463646703,0.5569391465559712,0.055874005,0.827117,0.6105640678763041
Pericytes,Neurons,Gnai2,Adcy9,0.5404334,0.28507835,0.45634974570363634,0.5627318633089389,0.064366534,0.8530319,0.6107160931808081
OPCs,OPCs,L1cam,Cntn1,1.3766241,0.42804042,0.8282501143620123,1.0451951177827037,0.09648477,0.8767285,0.611027391344735
Pericytes,Astrocytes,Cxcl12,Itgav,0.44165543,0.17960294,1.0011719804227885,0.8142425375367955,0.15113956,0.821651,0.6110811311522493
Microglia,OPCs,Ncam1,Gfra1,0.44595015,0.16417567,0.048210566086929196,-0.5738723599189137,0.019327318,0.8149752,0.6110811311522493
Neurons,Oligodendrocytes,Ntrk3,Ptprs,0.7001444,0.28576854,0.20184332853608597,0.09242348709279147,0.015961247,0.8531834,0.6112332422706789
Astrocytes,Neurons,Fgfr3,Epha4,0.8337869,0.42799786,1.441085887427646,1.2301692237614834,0.14590979,0.8767231,0.6116427663176667
OPCs,Pericytes,Ncan,Cdh2,0.6026823,0.28580725,0.6933064450960859,0.687080349526042,0.099839225,0.85319185,0.6117506832230841
Neurons,Astrocytes,Vegfa,Grin2b,0.22002403,0.04713543,-0.10108392970163217,-0.3697491481334636,0.012478692,0.7023914,0.6117609942250993
Oligodendrocytes,OPCs,Rgma,Neo1,0.5277562,0.16401097,0.12009658032397927,0.1740462001812951,0.02752636,0.8148995,0.6121159473793667
Astrocytes,Microglia,Omg,Rtn4rl1,0.44156128,0.17495923,0.8269199257090823,0.7615480928106599,0.15582088,0.8197235,0.6121159473793667
Pericytes,Neurons,Fgf14,Fgfr2,0.7937996,0.63010514,-0.26125940928818103,-1.1838828867763915,0.013402643,0.8961483,0.612258459804565
Microglia,Oligodendrocytes,Il18,Il1rapl1,0.7265264,0.28604046,-0.1156445816662866,-0.5075465108201724,0.01723717,0.85324293,0.6122684161203593
Microglia,Neurons,Tgfb1,Lpp,0.4415015,0.19492184,1.2319812267119148,0.7857133313032889,0.10448654,0.8275694,0.6126337002855222
Microglia,Pericytes,Apoe,Ldlr,0.6114039,0.28618237,0.15121285807778923,0.526206040824021,0.027373493,0.853274,0.6127862549870617
Oligodendrocytes,Pericytes,App,Tnfrsf21,0.9720553,0.42764375,0.1347069009104636,0.5229173217785734,0.04881397,0.87667835,0.6128742505659623
Astrocytes,Astrocytes,App,Lrp1,0.7931823,0.520963,0.06417702576247586,-0.27853685378689863,0.015423878,0.88695806,0.6128742505659623
Neurons,OPCs,Lin7c,Abca1,0.23344195,0.047179945,0.22298080615437943,0.1378812720825943,0.03830923,0.70249003,0.6130439215816477
OPCs,Neurons,Lrrc4b,Ptprf,0.44149548,0.1755756,0.2994996340330639,0.2213338213342223,0.10736163,0.8199832,0.6131519311989814
Pericytes,Neurons,Sema6a,Plxna2,0.4681338,0.16393381,0.20993270326959584,0.16514387305586226,0.047289927,0.814864,0.6131519311989814
Oligodendrocytes,Pericytes,Gnas,Adcy8,0.7169967,0.28622797,-0.1696784637394958,-0.22453914408829995,0.01343291,0.85328394,0.6133045719161828
Oligodendrocytes,Astrocytes,Rims2,Abca1,0.44148058,0.18908583,0.16006050775349295,-0.4731869402063247,0.018631833,0.82538974,0.613670454280046
Microglia,Pericytes,Psen1,Notch3,0.6542338,0.28627938,1.794415203318836,1.5270227569782457,0.17303331,0.8532952,0.6138231810371516
Oligodendrocytes,Neurons,Adam10,Nrcam,0.79303634,0.55258334,0.29287217671822174,0.5664926184667457,0.029457795,0.8898786,0.6141064548102148
Neurons,Pericytes,Col19a1,Itga1_Itgb1,0.44336015,0.1637388,0.6287202536302985,0.8095651610197101,0.2152535,0.8147742,0.6141890832694246
Neurons,Pericytes,Gnai2,S1pr1,0.23010102,0.047208946,0.3122248992396722,0.12800395105126156,0.02293023,0.7025542,0.6143264469655084
Pericytes,Microglia,Plat,Lrp1,0.6221615,0.28644383,0.8260443316949007,1.02579857659549,0.101101935,0.85333115,0.6143420824323036
Microglia,OPCs,Sptan1,Ptpra,0.44139248,0.1736105,-0.15240212197300357,-0.3803586872780196,0.013173028,0.819151,0.6147081908277252
Neurons,Oligodendrocytes,Fstl1,Dip2a,0.48437932,0.1637328,0.1893990168091562,0.7236687876808274,0.062485244,0.8147714,0.6147081908277252
Pericytes,Astrocytes,Rgma,Bmpr1b,0.792601,0.5198079,1.5505033118521032,1.4948404806661502,0.18618238,0.8868467,0.6147228679639043
Pericytes,Neurons,Ncam1,Fgfr1,0.558067,0.2865335,-0.13202602773459035,-0.34467009303669516,0.023541518,0.85335076,0.6148612761839749
Pericytes,Oligodendrocytes,Lama4,Itgav_Itgb8,0.45561332,0.16368763,1.2871344228630581,1.0430457483933802,0.066595554,0.8147506,0.615227404249027
OPCs,Oligodendrocytes,App,Aplp2,0.7918166,0.5757604,-0.2791722468320587,-0.6001748234266209,0.025978545,0.8918757,0.6153395989948168
Microglia,Microglia,Gnas,Adrb2,0.687559,0.28671148,0.766363842387215,0.04654054646426198,0.13276635,0.85338956,0.6153807623745013
Oligodendrocytes,Pericytes,Gnai2,Adcy8,0.21848017,0.047285266,-0.08643567978539783,-0.04132107663069695,0.00964786,0.70272297,0.6156085128615038
Pericytes,Pericytes,Calr,Itgav,0.44123736,0.19455762,0.11995767498947615,0.16778278084763243,0.023162153,0.827436,0.6157470966137886
Pericytes,Neurons,Hsp90b1,Lrp1,0.53972316,0.28679615,0.17407127369729422,0.09140642738510929,0.018199602,0.85340804,0.615900354398625
Astrocytes,OPCs,Calr,Lrp1,0.8498417,0.42676198,0.6530804585131162,0.6430515045992975,0.03187241,0.87656677,0.615956426290937
Neurons,OPCs,Adam10,Notch1,0.44117022,0.19370532,0.5948643235212416,0.12428980804478618,0.040551767,0.8271223,0.6162670815577749
Neurons,Astrocytes,Adam9,Itga6,0.58429337,0.16354261,0.9957550041791398,0.8652422936509168,0.070863955,0.81468374,0.6162670815577749
Oligodendrocytes,Astrocytes,Mif,Egfr,0.5498032,0.28682908,0.9633777697796362,0.9979100269870244,0.11539074,0.85341525,0.6164204256087893
Oligodendrocytes,Microglia,Rims2,Abca1,0.44113272,0.18883178,0.15936816621672473,-0.3303529516203667,0.018606799,0.8252928,0.6167871722965674
Neurons,Neurons,Rtn4,Rtn4rl1,0.591704,0.16339597,0.017509332796774107,-0.5060145671857175,0.03465734,0.81461596,0.6167871722965674
Pericytes,Microglia,Angptl2,Tlr4,0.21857542,0.047334097,1.0718781609711692,0.7388671483032094,0.38025287,0.7028308,0.6168900618369519
Pericytes,Pericytes,Cntn1,Notch1,0.54711825,0.28688306,0.5853710524317793,0.5409380635863357,0.02700961,0.853427,0.6169407895047866
Oligodendrocytes,Neurons,Sema6a,Plxna4,0.7899879,0.52728873,0.4744354724189926,1.0495782407787,0.10309427,0.8875617,0.6171907011358045
Astrocytes,Astrocytes,Ptn,Ncl,0.5047834,0.16339521,-0.03558611293347099,-0.2534780448394979,0.017517991,0.8146156,0.6173077425408813
Pericytes,Pericytes,App,Aplp1,0.66508174,0.28702515,-0.5984033272187755,-1.5775299427580391,0.011413744,0.853458,0.617461446168952
OPCs,Microglia,App,Rpsa,0.7899362,0.57193136,-0.30220691275510975,-0.9862278354715086,0.023854086,0.8915535,0.6178081483553862
Pericytes,Astrocytes,Sorbs1,Itgb5,0.66931236,0.2872608,0.6045480206292662,0.8393387645099194,0.02931734,0.8535093,0.6179823956836215
Neurons,Microglia,Vegfb,Adrb2,0.220489,0.047336422,0.9295528118663994,0.39652254366925477,0.19636428,0.7028359,0.6181712090248052
Astrocytes,OPCs,Rgma,Neo1,0.7886927,0.6160353,0.6044372705518005,0.6263985591618583,0.10339069,0.8950928,0.6184259128147082
Oligodendrocytes,OPCs,Fgf1,Cspg4,0.77229434,0.28765395,2.0437524288645297,1.3247857530427978,0.09989473,0.8535948,0.6185034509178855
Pericytes,Pericytes,Vegfa,Itgb1,0.44284946,0.16310087,0.45510531161495626,0.6848799802413474,0.038053285,0.8144795,0.61887102327297
Pericytes,OPCs,Lama4,Dag1,0.5488351,0.28769624,1.5278512900567147,1.2246961917224517,0.1362821,0.85360396,0.6190249862753437
Microglia,OPCs,Fgf13,Scn8a,0.7885435,0.58933055,0.4829838024567672,0.8721382980292743,0.09088665,0.8929938,0.6190437725306857
Pericytes,Pericytes,Lama2,Itgav_Itgb8,0.90887785,0.4256191,0.9124435422801965,1.2957515611269756,0.05866926,0.87642163,0.6190437725306857
Pericytes,Pericytes,Lamb2,Rpsa,0.44079858,0.16484043,0.7289604015188786,0.3025468380430977,0.121403955,0.81527966,0.6193925778182396
OPCs,Oligodendrocytes,Slit2,Robo2,0.21983871,0.04734657,-0.2549327352331975,-1.058468569990883,0.008193101,0.70285827,0.6194518969717632
Astrocytes,Microglia,Calr,Lrp1,0.62283623,0.28771153,0.34385882002114804,0.49739573612123034,0.021487528,0.85360724,0.6195468147302837
Astrocytes,Microglia,Gnas,Adcy7,0.78835225,0.4933371,0.598834064633117,0.3200273127272969,0.10468246,0.88419765,0.619661838229456
OPCs,Astrocytes,Mdk,Lrp1,0.6892513,0.2877247,0.8109424488972368,0.8345562912769708,0.06226149,0.85361016,0.6200689363650411
Microglia,Astrocytes,Apoe,Sorl1,0.787873,0.6064497,0.23500658774034514,0.5253029685387677,0.035154507,0.8943542,0.6202801097464365
Pericytes,OPCs,App,Ncstn,0.60645264,0.16282831,-0.150386133111253,-0.3649937012453163,0.030564295,0.81435305,0.6204367534291543
Oligodendrocytes,Astrocytes,Ptn,Sdc3,0.63089395,0.288196,0.28602672203239166,0.6506657659985187,0.025645778,0.8537124,0.6205913512619521
OPCs,Neurons,Nrg2,Lrrtm2,0.2693798,0.04748382,0.22822450913242343,0.2387215839372926,0.08728025,0.7031605,0.6207320683069774
Neurons,Astrocytes,Agrn,Lrp1,0.7875575,0.50834,0.6395356486268229,0.637355239443224,0.04998004,0.8857225,0.6208985869170446
Microglia,Pericytes,Gnai2,Egfr,0.44030493,0.19275475,0.779526669388868,0.8749013911825061,0.08688222,0.82677025,0.6209593748699275
Pericytes,Pericytes,Gpc3,Flt1,0.5783629,0.2884,1.579557921831998,1.9416113217690731,0.50161225,0.85375655,0.6211140595033519
Neurons,Pericytes,Cntn2,Cntn1,0.45287263,0.16271982,-0.23019238438541179,-0.7110900778540102,0.019452753,0.8143027,0.621482289713165
Microglia,Microglia,Bsg,Slc16a7,0.43983823,0.18631415,0.01992657048241228,-0.07458181399298691,0.031707417,0.82432306,0.621482289713165
Pericytes,Astrocytes,Calr,Lrp1,0.7874213,0.50803435,0.5642095813809218,0.6725390007350439,0.037942182,0.8856921,0.6215173806891712
Pericytes,OPCs,Fgf1,Cspg4,0.7726291,0.28854302,2.04431466576021,1.2217248185825786,0.10020348,0.8537875,0.6216368733265651
Oligodendrocytes,Neurons,Apoe,Ldlr,0.5656849,0.16270472,0.031548597908904324,0.04481873646535092,0.015562794,0.81429565,0.6220053101219758
Pericytes,OPCs,Gnai2,Adcy9,0.43956155,0.19291623,0.2975857532059897,0.42657070393687213,0.043557674,0.8268302,0.6220053101219758
Pericytes,Astrocytes,Lamb2,Itga7_Itgb1,0.22290525,0.047548097,1.1680023197998965,0.7307386380375933,0.33491144,0.7033016,0.6220118380397229
OPCs,Microglia,Adam10,Cadm1,0.7873901,0.55405116,0.04347498290243233,0.056390807066683424,0.024654165,0.89000845,0.6221362687101397
OPCs,Oligodendrocytes,Col11a1,Ddr1,0.5373771,0.28860456,0.3269494233552543,0.8075400845091548,0.121604145,0.8538008,0.6221601683985463
Microglia,Astrocytes,Adam10,Tspan12,0.5736111,0.16259927,0.44035622269621955,0.6551107837244611,0.08075912,0.81424665,0.6225288119117235
Neurons,Pericytes,Fgf13,Fgfr1,0.60017115,0.28895319,0.46032476534789213,0.7461502446325607,0.079245895,0.8538761,0.6226837570619936
Oligodendrocytes,Pericytes,Cntn3,Ptprg,0.7872359,0.44336283,0.2790820316250037,0.507543657349337,0.04107942,0.8786165,0.6227553618909579
Microglia,Oligodendrocytes,Pdgfb,Itgav,0.43950874,0.19055313,1.0183371609905185,0.9647606241019484,0.08399008,0.8259461,0.6230524192208453
Pericytes,Astrocytes,Ncam1,Fgfr1,0.5599171,0.28918242,-0.12853202350456458,-0.27484830915117847,0.02375915,0.8539256,0.6232076393992438
Astrocytes,OPCs,Reln,Vldlr,0.21820164,0.047562946,0.12038930168850677,0.037290371764605534,0.10706815,0.7033342,0.6232911487785434
Pericytes,Microglia,Cfh,Itgam,0.7869408,0.52836806,2.3325028239149113,2.018536819094744,0.20753345,0.88766366,0.6233746600670425
Oligodendrocytes,Neurons,Hspa8,Ldlr,0.5645509,0.16232125,-0.04192298253478053,-0.12327052249495066,0.025008855,0.8141172,0.6235765082863279
Pericytes,Pericytes,Ntrk3,Ptprs,0.43933722,0.18909922,-0.09367932228113307,-0.08872734977748431,0.010561902,0.82539487,0.6235765082863279
Oligodendrocytes,Microglia,Psap,Sort1,0.5520247,0.28938463,-0.09327139121482411,-0.14014732444825972,0.024821661,0.85396916,0.6237318154926319
Microglia,Pericytes,Psap,Sort1,0.9489754,0.42493424,0.2468934055000822,0.3036103053614039,0.03644829,0.87633437,0.6239941630738111
OPCs,Astrocytes,Slitrk1,Ptprs,0.43933496,0.17828913,0.27576841213395326,0.21013391392642475,0.06189753,0.82111233,0.6241008911658945
Microglia,OPCs,Apoe,Abca1,0.61320126,0.28944427,0.1865104457464193,0.39383776383324987,0.018851629,0.85398203,0.624256285424494
Neurons,Oligodendrocytes,Lamc1,Itgav_Itgb8,0.21984416,0.047642097,0.030712163341779182,-0.0015145909507723043,0.011891849,0.70350766,0.6245699432143903
Microglia,OPCs,Il1rapl1,Ptprs,0.7864478,0.42516115,0.011281867868887407,-0.46214075727345927,0.011110361,0.8763633,0.6246139820431373
Pericytes,OPCs,Plat,Lrp1,0.849167,0.4248816,1.1352659701868688,1.171454345073557,0.1499643,0.87632763,0.6246139820431373
OPCs,OPCs,Mdk,Alk,0.44459772,0.1622564,0.6969415003708583,0.6884013379086112,0.13780664,0.8140869,0.6246253794953096
Pericytes,Pericytes,Arf1,Insr,0.43929935,0.16945137,0.18346239397993874,0.2821799255025179,0.040712856,0.81734794,0.6246253794953096
Pericytes,Astrocytes,Lamc1,Dag1,0.5900131,0.28971654,0.8207770340937379,1.115705318794089,0.084199026,0.8540407,0.6247808607993245
Neurons,Microglia,Ncam1,Ncam2,0.9066414,0.42472622,-0.4630590795005402,-1.3765391515714023,0.0063401987,0.87630785,0.6252338942542315
OPCs,Neurons,Ptn,Sdc3,1.0537368,0.28991196,0.5469408175165765,0.5572401091983683,0.025798477,0.85408264,0.6253059185495603
OPCs,Microglia,Adam10,Notch2,0.5386592,0.29008907,0.5943930981665692,0.5725588426487109,0.055515066,0.85412073,0.6258312703852474
Neurons,Neurons,Slit3,Robo2,0.9581888,0.42459846,0.6233985837323112,1.1562768568524349,0.1901654,0.8762915,0.6258540108022314
Microglia,Astrocytes,Adam15,Itgav,0.43898076,0.17657532,0.31746452868158137,0.441725047865906,0.054019023,0.82040185,0.6262009849449943
Pericytes,Microglia,Tfpi,Lrp1,0.62434196,0.29054052,1.3343795964613605,1.1251468543101346,0.12481707,0.8542176,0.6263569163887222
Oligodendrocytes,Astrocytes,Hsp90aa1,Egfr,0.78468394,0.60350436,0.9493573748078016,0.847089459105509,0.12615088,0.894124,0.6264743315225543
Neurons,Astrocytes,Sirpa,Cd47,0.22192875,0.047706865,-0.07062310742964918,-0.34154547550216213,0.008209952,0.70364934,0.6264873320267001
Astrocytes,Neurons,Cd47,Sirpa,0.22192875,0.047706865,-0.07062310742964918,-0.34154547550216213,0.008209952,0.70364934,0.6264873320267001
OPCs,Pericytes,Cthrc1,Fzd6,0.4389339,0.19246916,1.7261755245317545,1.1048107753695273,0.38656196,0.82666403,0.6267268379186922
Neurons,Astrocytes,Slit1,Robo2,0.8277003,0.29078358,0.5719171810878225,0.59121274686482,0.23238401,0.8542696,0.6268828566423196
Pericytes,Astrocytes,Vtn,Cd47,1.2520902,0.42395446,2.679525204457468,2.376452121529849,0.080812514,0.87620926,0.6270948562506173
Microglia,Pericytes,Adam10,Cadm1,0.7846705,0.5769384,0.11146365880417336,0.20219041190027065,0.0256726,0.89197415,0.6270948562506173
Astrocytes,OPCs,Col1a2,Itgav_Itgb8,0.43891144,0.17596163,0.7817121256225317,0.6946580165245952,0.09571286,0.82014525,0.6272527962257752
Neurons,Microglia,Adam9,Itga6,0.5791828,0.16188103,0.9847962590032608,0.9790147615261016,0.07014398,0.8139116,0.6272527962257752
OPCs,Microglia,Sema3d,Nrp2_Plxna4,0.8630239,0.29078585,2.031899338288323,1.4645429745581215,0.16943261,0.8542701,0.6274090912283761
Oligodendrocytes,Neurons,Apoe,Lrp1,0.78456545,0.5839574,0.1977989352971649,0.2158232893966362,0.01336202,0.8925554,0.6277156963015388
Microglia,Neurons,App,Tnfrsf21,0.43882245,0.1733466,-0.24079914960922283,-0.7056039901399899,0.01978688,0.8190383,0.6277792377921663
Neurons,Pericytes,Nxph1,Nrxn2,0.7464698,0.2908262,0.20746215988656513,0.6402856808724215,0.020455306,0.85427874,0.6279354311174917
Microglia,OPCs,Fgf13,Fgfr1,0.56776136,0.16157004,0.36892001225670584,0.8004248938110661,0.044310857,0.81376594,0.628305784645152
Microglia,Microglia,App,Grm7,0.4386334,0.17312829,-0.7822175075179949,-1.9407215179116046,0.0034994564,0.8189449,0.628305784645152
Astrocytes,OPCs,Gnas,Adcy9,0.7843226,0.48409832,-0.022477217656834095,-0.22486332830262173,0.025140988,0.8832263,0.6283366285878924
Neurons,Pericytes,Apoe,Scarb1,0.22453333,0.04770906,-0.09416401854344807,-0.8003501780670049,0.008432735,0.7036541,0.6284036887818566
OPCs,Pericytes,Ntn1,Neo1,0.6262048,0.29100096,1.3387204043696725,0.5217831737420875,0.056774385,0.8543161,0.628462254509714
OPCs,Neurons,Lrpap1,Sorl1,0.43858987,0.18295406,0.21631825548392836,0.09782259753694178,0.05907797,0.8230015,0.6288328151334607
Neurons,Pericytes,Adam15,Itgb1,0.44159496,0.16153388,0.45993905860844353,0.6087014899156797,0.07077122,0.81374896,0.6288328151334607
Astrocytes,Pericytes,Fgfr3,Epha4,0.78309494,0.29105827,1.3458564994152886,1.1742627279456794,0.09922537,0.8543284,0.6289893724813728
Microglia,Neurons,Trf,Ldlr,0.5621052,0.16149421,-0.11969651392830565,-0.8298279218466948,0.034868103,0.81373036,0.6293601402590925
OPCs,OPCs,Rgma,Bmpr2,0.4385014,0.17929377,0.2293615345221618,0.20096767261828802,0.029894717,0.8215247,0.6293601402590925
Microglia,Astrocytes,Calr,Itgav,0.54024315,0.29120025,0.2523783676862355,0.30337356814479,0.03466749,0.85435873,0.629516785114804
Neurons,Pericytes,Tln1,Itgb5,0.24840859,0.047717728,0.3082713069386001,0.2925073737876286,0.019720055,0.70367306,0.6296807058270859
Neurons,Pericytes,Agrn,Dag1,0.43816698,0.1917693,0.3729662848547263,0.4320876042220976,0.05265741,0.82640296,0.6298875706009067
Pericytes,Neurons,S100a1,Ryr2,0.880084,0.29132286,0.5422856533650904,0.8799817575846629,0.1130044,0.8543849,0.6300444924923432
Pericytes,Oligodendrocytes,Cxcl12,Grm7,0.82584506,0.42343348,0.7855541008900425,0.5374914008499478,0.15261397,0.87614256,0.6302006458723952
Oligodendrocytes,Neurons,Gnas,Adcy1,0.7836523,0.4454468,0.17947272627987387,0.1983257090521418,0.08238774,0.8788663,0.6302006458723952
Oligodendrocytes,Neurons,Sptan1,Ptpra,0.43795127,0.18239324,-0.15726259507928952,-0.5793136463757574,0.013839437,0.82277775,0.6304154851423229
Oligodendrocytes,OPCs,Lgi3,Adam23,0.5407171,0.29135698,0.06036231811269524,0.3202999032959338,0.1073709,0.85439223,0.6305724946963258
Astrocytes,Astrocytes,Col1a2,Itgav_Itgb8,0.437867,0.17531459,0.6639639415970894,0.5769378593786261,0.0633737,0.8198734,0.6309435048528357
Pericytes,Pericytes,Jam3,Itgb1,0.44139272,0.16128127,0.2652580353051213,0.3805955547604264,0.04644753,0.81363034,0.6309435048528357
OPCs,OPCs,Mif,Ackr3,0.23593311,0.047722884,0.324158560292531,-0.1786071775418973,0.037980895,0.70368433,0.6309572070838829
Astrocytes,OPCs,App,Aplp2,0.5459236,0.29136732,-0.45780682525308564,-1.0704908975248206,0.013146611,0.85439444,0.6311006020623946
Oligodendrocytes,OPCs,Apoe,Lrp5,0.56485295,0.1611036,0.34547319731374226,0.3432155984764951,0.0250387,0.8135468,0.6314720091392613
Pericytes,OPCs,Col4a5,Itgav_Itgb8,0.4376218,0.17449644,0.890599234961308,0.8850465826031345,0.12903516,0.8195277,0.6314720091392613
Oligodendrocytes,Oligodendrocytes,Cntn2,Cntn1,0.5622463,0.291708,-0.08133367754668293,0.15514443600313355,0.03487297,0.8544671,0.6316291940603357
Astrocytes,Microglia,Vegfa,Nrp2,0.5198451,0.16091976,0.7478171255496144,0.8539048468116459,0.084644206,0.8134602,0.6320008084746288
Astrocytes,Pericytes,Alcam,Nrp1,0.78244245,0.47543973,0.45668370808263636,0.6914425722603434,0.05033191,0.88229233,0.6320666020738207
Pericytes,Astrocytes,Bcan,Egfr,0.5535697,0.29190722,1.1129829418989816,1.0053550257873123,0.07222117,0.85450953,0.6321580811316984
Neurons,Astrocytes,Spp1,Itgav_Itgb1,0.21914734,0.04773611,0.06287091003968548,0.2934039513467296,0.02900432,0.70371324,0.6322333072320424
Neurons,Neurons,Gpc3,Cd81,0.5137817,0.16087098,-0.02598199182576255,-0.48494214326259694,0.023901695,0.81343716,0.6325297129082383
OPCs,Neurons,Adam17,Erbb4,0.68641865,0.29218122,0.029962989498432846,-0.10935467779307978,0.022828963,0.8545679,0.6326872633588181
OPCs,Microglia,App,Notch2,0.78241026,0.55660677,0.3466024277435452,0.021031075462869087,0.05408425,0.8902335,0.6326889555380224
Neurons,Oligodendrocytes,App,Tspan15,1.0222281,0.42271382,0.13845111319242237,0.22822230046144487,0.12002281,0.8760502,0.6326889555380224
Microglia,Microglia,Gnai2,Adcy9,0.43748957,0.19008763,0.2953238283779317,0.5162097539578524,0.042919025,0.8257702,0.6330591024824819
OPCs,Neurons,Slitrk2,Ptprs,0.6995663,0.2922479,0.7136526058599258,0.7524942662615479,0.09213121,0.854582,0.6332167408240306
Pericytes,Microglia,Apoe,Sorl1,0.9285085,0.42259207,0.20289930393863082,0.3534520838683192,0.024496695,0.87603456,0.633311511364077
OPCs,Pericytes,Bmp7,Acvr1_Bmpr2,0.2195074,0.047750212,0.5836430291216436,0.3073840231432838,0.059199005,0.703744,0.6335089490448632
Microglia,Astrocytes,Gnas,Adora1,0.690045,0.2922745,-0.014339045436303516,-0.31620722775161947,0.03730451,0.8545877,0.6337465136096716
Microglia,Microglia,Tgfb1,Tgfbr1_Tgfbr2,0.7817821,0.4962903,2.7104038721468013,1.9261592816508497,0.6465224,0.8845028,0.6339343812313747
Neurons,Oligodendrocytes,Nxph1,Nrxn2,0.7981167,0.42124507,0.2736645027591119,0.7324267935799909,0.029628336,0.8758611,0.6339343812313747
Microglia,OPCs,Sparc,Fgfr1,0.96000457,0.29240975,0.6804494498940594,0.8528907302398316,0.034680348,0.8546164,0.6342763914153612
Astrocytes,Pericytes,Hsp90aa1,Egfr,0.43691668,0.18999717,0.35696756199176344,0.09040940650324114,0.039715227,0.8257359,0.634648852852836
Neurons,OPCs,Reln,Vldlr,0.21874708,0.04779334,0.12158813525506525,0.18524504436568934,0.10758679,0.7038381,0.6347840753779331
Oligodendrocytes,Astrocytes,Fgf1,Fgfr3,0.78365695,0.29257646,1.330001485661581,1.2659009506404135,0.10056732,0.8546518,0.6348067549827532
Neurons,OPCs,Adam9,Itgav,0.575102,0.16055425,0.48058818323979763,0.4400528482637533,0.05449299,0.81328756,0.6351792334353038
Neurons,OPCs,L1cam,Cd9,0.90623283,0.42055222,0.7508714106121748,0.7973521157971011,0.18062848,0.8757716,0.6351805032840002
Oligodendrocytes,Microglia,Adam10,Cadm1,0.7804661,0.53959143,0.03509328386104183,0.32428005008919747,0.024010733,0.8887074,0.6351805032840002
Microglia,Oligodendrocytes,Gnai2,Igf1r,0.5460293,0.29291314,0.21047783064045159,0.4529356574288355,0.035789937,0.8547233,0.6353374141175515
Oligodendrocytes,OPCs,Nrxn2,Nlgn3,0.4368587,0.18018997,0.5100577577845605,0.37053889344769864,0.053356465,0.82188994,0.6354445345012509
OPCs,Oligodendrocytes,Nlgn3,Nrxn2,0.4368587,0.18018997,0.5100577577845605,0.37053889344769864,0.053356465,0.82188994,0.6354445345012509
Neurons,Pericytes,Col4a2,Itga1_Itgb1,0.4407658,0.16049819,0.5851188397957363,0.7245211122841424,0.09090326,0.81326103,0.6357101001001773
Microglia,Neurons,Adam10,Tspan5,0.78024936,0.568259,0.2649871454490883,0.19219683858431813,0.049489684,0.8912417,0.6358038669478425
OPCs,OPCs,Gnas,Adora1,0.67125076,0.29331836,-0.01951537693229255,-0.4192718129170369,0.037437744,0.85480905,0.6358683689020916
Astrocytes,Neurons,Omg,Rtn4rl1,0.22983748,0.047891345,0.17343024749734506,0.09781517923331724,0.042652633,0.7040516,0.6360588007876137
Pericytes,Pericytes,Sdc2,Ptprj,0.5885509,0.29346278,0.6209883375240138,0.7613362062465393,0.024204575,0.8548396,0.6363996194187098
OPCs,Oligodendrocytes,Nlgn2,Nrxn2,0.43675736,0.18012233,0.2978978570251846,0.22241698070666605,0.040999636,0.82186246,0.6365068591604679
Oligodendrocytes,OPCs,Nrxn2,Nlgn2,0.43675736,0.18012233,0.2978978570251846,0.22241698070666605,0.040999636,0.82186246,0.6365068591604679
Pericytes,Astrocytes,Fgf1,Fgfr3,0.7839917,0.29348075,1.330563722557261,1.1628400161801944,0.10087815,0.8548434,0.6369311657497415
Neurons,Microglia,App,Aplp2,1.0213417,0.4195028,-0.15296833361607207,-0.6361142692612536,0.018928139,0.8756356,0.6370513107526727
Neurons,Astrocytes,Adam17,Erbb4,1.3827485,0.4098731,0.40646902334214036,0.4274222031648275,0.032024566,0.8743656,0.6372842884440926
OPCs,Astrocytes,Bmp7,Actr2,0.21986504,0.047892332,0.5001929433729123,0.07507531986677668,0.0459287,0.70405376,0.6373330681089258
Astrocytes,Microglia,Gnas,Adrb2,0.7013008,0.29375422,0.7762138536828114,0.13324009642978718,0.13602759,0.8549012,0.6374628169577196
Pericytes,Microglia,Lamc3,Itga6_Itgb1,0.4367501,0.18788348,1.6747144808082393,1.0478480478230985,0.19709472,0.8249296,0.6375701761025496
Pericytes,Microglia,Lamc3,Itga9_Itgb1,0.4367501,0.18788348,1.6747144808082393,1.0478480478230985,0.19709472,0.8249296,0.6375701761025496
Neurons,OPCs,Gpc3,Unc5c,1.1843541,0.41929457,0.4915273061628065,0.5175840746761569,0.122188516,0.87560856,0.6376752785756101
Microglia,Oligodendrocytes,Grn,Sort1,0.77894753,0.5386947,1.2133186477133342,1.4597835425650594,0.19573013,0.88862514,0.6376752785756101
OPCs,Oligodendrocytes,App,Vldlr,0.6533654,0.29384047,-0.18676570836313572,-0.2917897218692038,0.06254383,0.8549194,0.6379949550582944
Oligodendrocytes,OPCs,Trf,Ldlr,1.0860308,0.41899738,0.23113632258047068,1.621596420174646,0.09046542,0.87556994,0.6382994474436787
Neurons,Pericytes,Bcan,Nrcam,0.43669653,0.17192972,0.06698191148950806,-0.02036412483060851,0.009327242,0.8184293,0.6383684882829432
Astrocytes,Oligodendrocytes,Nrg2,Mog,0.75720155,0.29393777,0.14459113457675005,1.494205207033733,0.125935,0.85493994,0.6385273892202606
OPCs,OPCs,Fgf13,Fgfr1,0.22714874,0.04795264,-0.07169324747952376,-0.22169903471919927,0.0131510915,0.70418483,0.6386068202591348
Neurons,Pericytes,Fgf13,Fgfr2,0.7787036,0.598565,0.18238522007624539,0.19027168831972419,0.04936332,0.89373434,0.638923817192296
Astrocytes,Pericytes,Sparc,Fgfr1,0.79447085,0.4184501,0.5769587726199765,0.7924991021919199,0.049628966,0.8754988,0.638923817192296
Microglia,OPCs,Tgfb1,Lpp,0.55345255,0.29407093,1.4239145579663341,1.0673245544672432,0.15763475,0.854968,0.6390601195259535
Pericytes,Astrocytes,Col4a5,Itgav_Itgb8,0.43657738,0.1738548,0.7728510509358657,0.7673264254571653,0.085437156,0.8192551,0.639433876936008
OPCs,OPCs,App,Rpsa,0.77850366,0.54865205,-0.3121509254474698,-1.075185452057569,0.022883154,0.8895282,0.6395483876568786
OPCs,Pericytes,Gnai2,Igf1r,0.65642935,0.29448906,0.27134276412707375,0.5666616631232629,0.03598249,0.85505605,0.6395931460577093
OPCs,OPCs,Sema3d,Nrp2_Plxna4,0.904407,0.41798413,2.127846934436599,1.5095298308686582,0.2435474,0.87543803,0.6398608041998715
OPCs,OPCs,Sema3d,Nrp2_Plxna2,0.904407,0.41798413,2.127846934436599,1.5095298308686582,0.2435474,0.87543803,0.6398608041998715
OPCs,Neurons,Ncan,Sdc3,0.23619519,0.048000995,0.6285243641216612,0.3597645627653445,0.04547464,0.70428973,0.6398801716712362
OPCs,Pericytes,Timp2,Itgb1,0.43950945,0.15892887,0.3039758380423978,0.42921361886633014,0.0423744,0.81251377,0.6399671112473984
Astrocytes,Neurons,App,Lrp6,0.4364857,0.18974712,-0.337834148428748,-0.8932093522285934,0.01181622,0.8256412,0.6399671112473984
Neurons,OPCs,Ntn4,Dcc,1.2892787,0.29490927,0.7068023450177118,0.7763410825222767,0.17783113,0.8551444,0.6401264688978632
Pericytes,Astrocytes,Mfge8,Itgb5,0.43643925,0.16224726,1.4602340601361643,1.077632232030784,0.07850338,0.8140827,0.6405004502987732
Pericytes,Oligodendrocytes,Ncam1,Cacna1c,0.46891397,0.15888755,-0.515870357191873,-1.2469793170998589,0.004468857,0.812494,0.6405004502987732
OPCs,Microglia,Bsg,Slc16a7,0.5927659,0.29499033,0.16783290270304535,0.0773726605697247,0.050202202,0.8551614,0.6406598964707981
Astrocytes,Pericytes,Psap,Gpr37l1,0.77839327,0.50998807,0.3569537675261446,0.47502387573805194,0.024375787,0.88588625,0.640798242316867
Pericytes,Astrocytes,Jag1,Notch2,0.4364363,0.18983157,1.3540344542668779,1.078044226709546,0.16109383,0.8256733,0.6410342773183137
Pericytes,Neurons,Ncam1,Gfra1,0.4686927,0.15857075,-0.22478961562739017,-0.4221073850243332,0.018667487,0.81234187,0.6410342773183137
Astrocytes,OPCs,Lrpap1,Vldlr,0.21950191,0.04811218,-0.019510239853364475,-0.14273770856408613,0.04408893,0.70453066,0.6411530652419393
Oligodendrocytes,OPCs,Calr,Itgav,0.64319724,0.29506153,0.3957331401595019,0.4400322001792334,0.035127178,0.8551764,0.6411938120682878
Neurons,Microglia,Ncam1,Robo1,0.90421075,0.4172546,-0.3355328183761514,-1.0970889637394938,0.008114982,0.8753427,0.6414234139777883
OPCs,Oligodendrocytes,Vegfa,Itgav,0.43640625,0.18814328,0.3575330495684577,0.5943687878483761,0.030651255,0.8250294,0.6415682090295702
Microglia,Astrocytes,Gnai2,Igf1r,0.54839945,0.29515848,0.21302288109070264,0.22304975669272958,0.036064282,0.8551967,0.6417280242211538
Astrocytes,Astrocytes,Calr,Itgav,0.43612552,0.1733433,0.11601463140635371,0.08975629069113211,0.02063658,0.8190369,0.6421026290864854
Neurons,OPCs,Hspa8,Ldlr,0.7967136,0.29517883,0.16126765154716857,0.13294470876840314,0.045478236,0.855201,0.6422625330117313
Neurons,Neurons,Vegfa,Sirpa,0.22277828,0.048150726,0.09953225578402225,-0.18939110582027158,0.009124787,0.70461404,0.6424254439501544
OPCs,Astrocytes,Col11a1,Ddr1,0.43611777,0.18241344,0.20212756385074973,0.08351951266426999,0.0768603,0.82278585,0.6426373458388217
OPCs,OPCs,Ccl25,Grm7,0.90864074,0.41677803,0.1531789521419802,-0.2785961748130247,0.055302557,0.8752804,0.6426743573078625
Microglia,Pericytes,Adam10,Nrcam,0.7776426,0.5631416,0.3050099995416484,0.6096404761938681,0.030020649,0.8908025,0.6426743573078625
Oligodendrocytes,Neurons,Efnb3,Ephb1,0.5437269,0.29558805,0.08791715646495453,0.4140241325682872,0.23947304,0.8552867,0.6427973385223567
Astrocytes,Astrocytes,Mdk,Notch2,0.43607622,0.189499,1.00091256463065,0.9237947205874646,0.13458136,0.825547,0.6431721672102451
Neurons,Pericytes,Gnai2,Igf1r,0.59006083,0.1583318,0.15901390085553518,0.3489128004348165,0.019345954,0.8122269,0.6431721672102451
Neurons,Pericytes,Hsp90aa1,Egfr,0.7775846,0.46725532,0.6366899477692646,0.6065969200343923,0.09767067,0.88138765,0.6433002410326887
Microglia,Neurons,Gnai2,Adcy9,0.5488579,0.2955928,0.47060834533663704,0.5363038086553582,0.06674056,0.85528773,0.6433324408353653
Neurons,Neurons,Slit1,Gpc1,0.22040117,0.048150778,0.39489680566571705,0.3410010471424406,0.29881164,0.7046141,0.6436974221055762
Neurons,Pericytes,Mif,Egfr,0.43595153,0.18921168,0.5678615882294682,0.3947150737040862,0.07611946,0.8254377,0.6437074774938227
OPCs,Pericytes,Sparc,Fgfr1,0.6102618,0.29567844,0.3839587121470007,0.3694219748625562,0.035068016,0.8553057,0.6438676477359244
OPCs,Microglia,Sema6a,Plxna4,0.7775404,0.5753605,0.45595004171263276,0.6010574962147456,0.11249315,0.8918422,0.6439262119723526
Neurons,Microglia,Sema6a,Plxna4,0.63030446,0.29606998,0.2744416787364828,0.1755263058093265,0.057886917,0.8553875,0.6444033437940612
Oligodendrocytes,OPCs,Calr,Lrp1,0.84608316,0.41628748,0.6481578767013741,0.6885581618020141,0.031090131,0.87521607,0.6445523823112604
Neurons,OPCs,Fgf13,Fgfr2,0.77636886,0.5945161,0.1803286161176993,0.09811188008951044,0.04902941,0.89341164,0.6445523823112604
Astrocytes,Astrocytes,Mdk,Sdc2,0.56603956,0.2961516,1.0682273944991123,1.0687518259153794,0.138198,0.85540456,0.6449393369015589
Astrocytes,OPCs,Trf,Ldlr,0.21961674,0.048199784,-0.30089230690005053,-1.3213310220596561,0.010406781,0.70471996,0.6449689426665701
Pericytes,Pericytes,Adam10,Notch1,0.4357127,0.18984553,0.6156399129789785,0.5136761417829052,0.03974373,0.8256785,0.6453149977430516
Oligodendrocytes,Pericytes,Cntn2,Nrp1,0.5655511,0.29645687,0.2848892530847294,1.1099881446206166,0.14136206,0.8554683,0.6454756271407535
Astrocytes,Pericytes,Alcam,Chl1,0.7758134,0.46016267,0.2970072511629193,0.4172054168364614,0.031103367,0.8805858,0.6458053205284772
Pericytes,Astrocytes,H2-K1,Aplp2,0.4356522,0.18974994,0.26239032882735697,0.27398375500361805,0.030736195,0.8256423,0.6458513034915875
Neurons,Astrocytes,Calr,Itgav,0.5449046,0.29647687,0.2584834286470943,0.2108668311503541,0.035295676,0.85547245,0.6460122145939802
Astrocytes,Astrocytes,Itgb3bp,Itgb5,0.22405088,0.048230566,0.2446328459625423,0.22267400112823788,0.022738706,0.7047864,0.6462399486736575
Astrocytes,Astrocytes,Rtn4,Tnfrsf19,0.43549997,0.17993096,0.20813806868902007,-0.3216857928136259,0.03793024,0.8217847,0.6463880990970045
Oligodendrocytes,Astrocytes,Fgf12,Fgfr2,0.7757343,0.5059536,-0.16100077649209565,-0.8827684468159795,0.018745143,0.88548416,0.6464322006412702
Oligodendrocytes,Pericytes,Adam10,Nrcam,0.5452424,0.29647857,0.02366264077727167,0.3123004730802309,0.015805045,0.8554728,0.6465490993435753
Astrocytes,Neurons,Rtn4,Lingo1,0.4354383,0.1798651,-0.06890221673985772,-0.5179187599217754,0.041739307,0.82175785,0.6469249991510136
Neurons,Astrocytes,L1cam,Fgfr2,0.679243,0.2965161,0.22415928713304814,0.07764972732257075,0.1018481,0.8554806,0.6470860885344267
Pericytes,Neurons,Nlgn1,Nrxn2,0.77551734,0.5974692,-0.03778439527410832,-0.3699641582964739,0.016913705,0.8936473,0.6473726682976875
Neurons,Pericytes,Nrxn2,Nlgn1,0.77551734,0.5974692,-0.03778439527410832,-0.3699641582964739,0.016913705,0.8936473,0.6473726682976875
Pericytes,OPCs,Col4a3,Itgav_Itgb8,0.43533975,0.1719037,1.4340194043823042,0.891831111286625,0.24625094,0.818418,0.6474623894399881
Pericytes,Astrocytes,Sema3c,Nrp1_Plxna2,0.22618592,0.048350826,0.10291938155700187,0.2632874851323895,0.035788767,0.7050454,0.6475105543132996
Astrocytes,OPCs,App,Lrp6,0.5515168,0.2965609,-0.1463747304688892,-0.558295001532526,0.018467888,0.85548997,0.6476235680169424
OPCs,Pericytes,Apoe,Sorl1,1.0287007,0.4150478,0.26329530735135914,0.05487354397119615,0.02405937,0.8750531,0.6476863318690272
OPCs,Astrocytes,Adam9,Itgav,0.43509668,0.1721787,0.3577891724051789,0.36385182740918764,0.058438398,0.8185368,0.6480000772476225
Oligodendrocytes,Neurons,Lrrc4b,Ptprs,0.7016196,0.29694417,0.3309764272426018,0.5263031223293235,0.04428445,0.8555698,0.6481613450428039
Microglia,Astrocytes,Ang,Egfr,0.45388377,0.1575068,1.805630897982584,1.1835221939586793,0.4797,0.8118282,0.6485378694303343
Microglia,Neurons,Adam17,Itgb1,0.4350794,0.17642097,0.4962828113797728,0.5627908762856788,0.057430107,0.8203374,0.6485378694303343
Neurons,Neurons,Nfasc,Cntn1_Cntnap1,0.5953985,0.29706964,0.176332015744405,-0.25318134131250436,0.118420124,0.8555959,0.6486994196943474
OPCs,Oligodendrocytes,Bmp7,Bmpr1a_Bmpr2,0.22145912,0.0485258,0.5132089164651367,0.16412368479959433,0.040079836,0.70542085,0.6487807026054841
Microglia,Microglia,Gnas,Adcy7,0.7746105,0.48150942,0.5889840533375206,0.2333277627617717,0.10217272,0.8829495,0.6489412567436549
Oligodendrocytes,Astrocytes,Fgf12,Fgfr1,0.43507767,0.18832384,0.009738365877461796,-0.5356649289754793,0.02320276,0.82509863,0.649076152415393
Neurons,OPCs,Lgi2,Adam22,0.6254908,0.29711097,0.305177172482039,0.28979204477610987,0.15056999,0.85560447,0.6492377920539079
Neurons,Pericytes,Psap,Gpr37l1,0.7745817,0.506415,0.3534376487957108,0.47131590257370426,0.02420501,0.8855304,0.6495691291288097
Pericytes,OPCs,Fgf12,Fgfr2,0.5595206,0.29715836,-0.34980738090533203,-0.8885179446383011,0.011009461,0.8556143,0.6497764622038217
Astrocytes,Neurons,Gnai2,Cnr1,0.22145976,0.04853205,0.21259735794460075,0.20384685530775237,0.07775684,0.70543426,0.6500503366523105
Neurons,Pericytes,Jag2,Notch3,0.59173185,0.15743513,1.898916916347549,1.4633047536940815,0.45761293,0.81179345,0.6501534182180815
Pericytes,Astrocytes,App,Rpsa,0.7745686,0.5189564,-0.3177550878635503,-0.6829345310337347,0.02164461,0.88676447,0.6501970867257367
Neurons,OPCs,Lgi1,Adam23,0.5459212,0.29731694,0.16906039224622413,0.017549731556883996,0.03779235,0.85564727,0.650315236647633
Neurons,Pericytes,Fgf13,Scn8a,0.524278,0.15733895,0.15797718790459758,0.09999084145828258,0.024264837,0.8117468,0.6506925946400687
OPCs,Pericytes,S100a1,Trpm3,0.8331243,0.41335437,0.34521302680105104,0.9961886769237358,0.054116838,0.8748295,0.6508252420760205
Oligodendrocytes,Pericytes,Psap,Lrp1,0.774565,0.5902174,0.27034538673294284,0.3461648150623152,0.01856682,0.89306563,0.6508252420760205
Microglia,Neurons,Pdgfb,Lrp1,0.548743,0.2977434,1.1395728824797784,0.7620644087976056,0.08232896,0.8557358,0.6508545025182597
Astrocytes,OPCs,S100a1,Trpm3,0.4532907,0.15731199,0.036401136848548066,-0.15032364032696988,0.020595469,0.81173366,0.6512318753140195
Neurons,Astrocytes,Trf,Ldlr,0.22583754,0.048670672,-0.2580795124208497,-1.5500904410317227,0.01050845,0.7057305,0.6513195705170726
Oligodendrocytes,OPCs,Rtn4,Lingo1,0.86663103,0.2982039,0.15032288492459311,0.6946480213159659,0.06920088,0.85583115,0.6513940664262173
OPCs,Neurons,Agrn,Lrp1,0.54915565,0.2982442,0.31937863813210243,0.19902560871404368,0.0293234,0.8558395,0.6519339284538415
Pericytes,Astrocytes,Lama4,Itga6_Itgb1,0.45064366,0.1570767,1.2840980211996207,0.9432419485043582,0.060821358,0.8116193,0.6523115243615384
Pericytes,Astrocytes,Col4a3,Itgav_Itgb8,0.4342953,0.17127159,1.316271220356862,0.7741109541406558,0.16304843,0.8181442,0.6523115243615384
OPCs,Pericytes,Lrpap1,Lrp1,0.6074119,0.2982933,0.4336182023799046,0.5062388735305461,0.03802173,0.8558496,0.6524740886834677
Pericytes,Pericytes,Megf10,Abca1,0.22232172,0.048733503,-0.011065921601688969,-0.1419749966096946,0.014749166,0.7058644,0.6525883472813473
Oligodendrocytes,Astrocytes,Gnai2,Adcy8,0.49655494,0.15701725,0.2902419151609707,0.5452332434838094,0.03203705,0.8115903,0.6528518931137814
Oligodendrocytes,Pericytes,Alcam,Nrp1,0.43414062,0.18801449,0.09771112236347237,0.09574653042660847,0.019903949,0.82497996,0.6528518931137814
Astrocytes,OPCs,Rims2,Abca1,0.6272236,0.29838973,0.1910754206535648,-0.020020045481486393,0.029402245,0.8558696,0.6530145471974321
Microglia,Astrocytes,Tgfb1,Egfr,0.5584713,0.2985158,2.028482346971559,1.4045856757078923,0.45896116,0.85589564,0.6535551098568717
Astrocytes,OPCs,Lrpap1,Ldlr,0.22089344,0.048746172,0.03338082874368997,-0.04838292632875546,0.025973186,0.70589143,0.653856610108779
Microglia,Pericytes,Il18,Il1rapl1,0.45131937,0.1568062,-0.2975227321439055,-0.6000489001912268,0.009449345,0.8114875,0.6539333314301774
Astrocytes,Microglia,Gnas,Adcy9,0.7738261,0.46003303,-0.03899774211789275,-0.1087962236280608,0.023891192,0.880571,0.6539690923571719
Pericytes,OPCs,Serping1,Lrp1,0.80384904,0.2985884,1.1759678965881077,1.1547639599367152,0.16212557,0.8559106,0.6540961650793413
Oligodendrocytes,Astrocytes,Cntn1,Notch2,0.43391708,0.18750466,0.28873697399373266,-0.17218063298463293,0.016137516,0.8247838,0.6544745953479267
OPCs,Astrocytes,Apoe,Lrp4,1.0278009,0.4117535,0.49510694993205695,0.33269477426870075,0.053506825,0.87461686,0.6545984308066753
Microglia,OPCs,Apoe,Lrp6,0.7730913,0.5796229,0.31807003426956076,0.5744765323490795,0.027896727,0.8921976,0.6545984308066753
Neurons,Oligodendrocytes,Adam10,Tspan5,0.5526895,0.29888988,-0.013616527384956527,-0.04322780089979872,0.026030323,0.8559728,0.6546375188331268
Oligodendrocytes,Neurons,Efnb3,Epha4,0.43386674,0.17455219,0.22347067491694067,0.7697219534961444,0.15800764,0.81955135,0.6550159633440412
Pericytes,OPCs,Spon1,Lrp8,0.23531693,0.048753716,0.1320685629573051,0.1848369888140825,0.017671553,0.70590746,0.655124472939561
Neurons,Neurons,Efna5,Epha4,0.63022435,0.29899198,0.5260565785266277,0.8028757995362124,0.13838075,0.85599387,0.6551791712005637
Neurons,OPCs,Col11a1,Ddr1,0.43382013,0.17049903,0.20796593849320233,0.2643559648798988,0.07184013,0.8178076,0.6555578244146222
Microglia,Pericytes,Apoe,Scarb1,0.53997207,0.15654336,0.13699288667556533,0.41901718793831,0.02766956,0.8113591,0.6555578244146222
Astrocytes,Neurons,Fgf1,Nrp1,0.55095893,0.29908282,0.583217640918658,0.737943084277247,0.11282171,0.8560126,0.655721122263988
Oligodendrocytes,Neurons,Cntn3,Ptprg,0.7724917,0.43253285,0.26335773998007594,0.24567413162663,0.040075976,0.87729156,0.6558578104404909
Neurons,Oligodendrocytes,Rims1,Cacna1c,1.037672,0.4113557,0.30164102921619684,0.2326108818007101,0.022954332,0.8745638,0.6558578104404909
OPCs,OPCs,App,Ncstn,0.58592564,0.15651701,-0.16605932926406564,-0.5848193388303724,0.02937961,0.81134623,0.6560999842387222
Astrocytes,Microglia,Il18,Il1rapl1,0.43371826,0.1805471,-0.17969562710845052,-0.650025191271935,0.010880003,0.82203484,0.6560999842387222
Oligodendrocytes,Neurons,Adam10,Tspan5,0.5478492,0.29917276,-0.016360213315288426,-0.10514316452931904,0.026054958,0.8560311,0.6562633721057349
Astrocytes,Astrocytes,Sema4a,Nrp1_Plxna2,0.22766992,0.048864838,0.26503722875835495,0.11075602194208906,0.04222362,0.70614374,0.6563918220391567
Pericytes,Oligodendrocytes,Agrn,Atp1a3,0.43365934,0.18695784,-0.040569211866685786,-0.16607277084186917,0.030613093,0.82457274,0.6566422480663419
Pericytes,Pericytes,Fgf12,Fgfr2,0.5618553,0.29918212,-0.3477507769467859,-0.7963581364080874,0.011084439,0.8560331,0.6568057259434703
Pericytes,Oligodendrocytes,Dcn,Erbb4,0.84620726,0.41125193,0.5502694608720706,0.7314144841481942,0.09195141,0.87455,0.6571178621374137
OPCs,Microglia,Bmp7,Actr2,0.49205357,0.15605564,0.8826425719110047,0.7274282430470747,0.14965723,0.8111202,0.65718500553714
OPCs,Astrocytes,Calr,Itgav,0.54734945,0.29924434,0.26168548701945227,0.20596649720196614,0.03562514,0.8560459,0.6573485734815151
Microglia,Microglia,Gpi1,Amfr,0.22149962,0.048890434,-0.10280054884337869,-0.26273709535971085,0.016601251,0.70619804,0.6576587712657294
Pericytes,Neurons,App,Vldlr,0.60325426,0.15605302,-0.28932418073272836,-0.6759238119707849,0.03321583,0.8111189,0.6577278669614166
Astrocytes,Astrocytes,Gnas,Adora1,0.7037868,0.29945388,-0.004489034140707032,-0.22950767778609427,0.03822085,0.856089,0.6578917200448605
OPCs,Pericytes,Adam10,Notch2,0.43335435,0.17833582,0.32622207376914386,0.3469220790643325,0.034128565,0.82113165,0.6582712224081381
Neurons,Neurons,Fstl5,Sdk2,0.66925615,0.29962316,0.5752327164037991,0.9649338121596014,0.16795161,0.8561238,0.6584351657158424
Oligodendrocytes,Neurons,Fgf12,Fgfr1,0.43322757,0.18659881,0.006244361647436025,-0.6054867128609961,0.022990223,0.8244336,0.6588148770199975
Astrocytes,Oligodendrocytes,Bsg,Slc16a7,0.46300858,0.15593907,-0.010446402457620189,-0.009276675981634896,0.02653811,0.81106293,0.6588148770199975
Neurons,OPCs,Sema3a,Nrp2,0.22614801,0.04904264,0.32844202749491125,0.3863337990082468,0.13943477,0.70652044,0.6589252638034306
Neurons,Astrocytes,App,Tspan12,0.9883501,0.30000415,0.22231853086933234,0.026681130350559745,0.07565597,0.85620207,0.6589789105767964
Neurons,Neurons,Lgi2,Adam22,0.80237156,0.40985063,0.4911216594551806,0.5913448406290444,0.20770423,0.87436265,0.659009522114496
Microglia,OPCs,Adam10,Tspan5,0.64368695,0.300168,0.11517282051706165,0.11352801903613569,0.026141636,0.8562357,0.659522954710058
Pericytes,Astrocytes,App,Aplp1,0.77131015,0.51205385,-0.5220934319415165,-1.2769480283698376,0.020362157,0.8860904,0.6596404288358236
Microglia,Oligodendrocytes,App,Vldlr,0.43303216,0.16665934,-0.3550001993299773,-0.5185086343165695,0.035473377,0.81610453,0.6599028885916963
OPCs,OPCs,Adam9,Itgav,0.64592695,0.30045354,0.6424302629700691,0.6686210796945723,0.10197558,0.8562942,0.6600671026887572
OPCs,Pericytes,Arpc5,Ldlr,0.23553523,0.049102254,0.16542592942073814,0.26049902110825224,0.04976905,0.7066464,0.6601912429184057
Oligodendrocytes,Pericytes,Ptn,Ptprz1,0.77104586,0.55793285,0.2149122516883591,0.6754680322411218,0.01430699,0.89034975,0.6602715308416774
OPCs,Pericytes,Ptn,Sdc4,1.0841887,0.4092541,0.7063057697777453,0.8317658748271654,0.06396289,0.8742826,0.6602715308416774
Astrocytes,Pericytes,Agrn,Lrp1,0.6086733,0.30049616,0.3828657818778987,0.5260904404283735,0.029544815,0.8563029,0.6606117455061091
OPCs,Neurons,Ntn1,Neo1,0.7710345,0.56450206,1.4939042664401896,0.5635745614212855,0.11013455,0.8909198,0.6609028279674742
Pericytes,Neurons,App,Tspan12,0.6030723,0.15566756,-0.09501537815816605,-0.3260475231629731,0.03925672,0.8109294,0.6609920973818623
Oligodendrocytes,Astrocytes,Calr,Itgav,0.43236694,0.16908875,0.11109204959461162,0.13526294789384874,0.020130074,0.81718796,0.6609920973818623
Oligodendrocytes,OPCs,Rims1,Cacna1c,0.6825039,0.30086222,0.06992307881863064,-0.5719350361616243,0.016788611,0.8563778,0.6611566878427466
Neurons,Pericytes,Trf,Tfrc,0.22707142,0.049108814,-0.2752352840652856,-1.4504628464351117,0.011630106,0.7066602,0.6614568223458274
Microglia,Pericytes,Col27a1,Itga1_Itgb1,0.7709236,0.5728977,1.427338242689086,1.5935621199671324,0.1328949,0.8916351,0.6615343200486313
Microglia,Astrocytes,Psap,Sort1,0.91111946,0.3008707,0.20035936900584764,0.1003186222918272,0.025806867,0.8563795,0.6617019297810053
Neurons,Astrocytes,Fgf13,Egfr,0.7706107,0.5845303,1.2937407759520925,1.235300939084561,0.19329493,0.8926024,0.6621661203671867
Astrocytes,Neurons,Sptan1,Ptpra,0.5487228,0.30090693,-0.03479313733466977,-0.38008466763297377,0.022831887,0.8563869,0.6622474714032212
Pericytes,Pericytes,Gnai2,Egfr,0.4318804,0.18589832,0.7652680697558674,0.9013294458360868,0.08379175,0.8241613,0.6626282547991298
Astrocytes,Oligodendrocytes,Lrrc4b,Ptprf,0.22639412,0.04913167,-0.045940960905873476,-0.0675618529683325,0.030043218,0.70670843,0.662721945331348
Pericytes,Astrocytes,Nid1,Itgav,0.5489196,0.3010217,1.473773202077107,0.9813289876593281,0.15396534,0.8564104,0.6627931167446035
Microglia,OPCs,Gnas,Adcy9,0.7705808,0.4724921,-0.03232722895243058,-0.31156287826814694,0.024538238,0.881969,0.6627980019002496
Oligodendrocytes,Microglia,Ptn,Plxnb2,0.63760793,0.30111766,0.578054262690001,0.873098195824737,0.06683692,0.85643,0.6633392578740602
Neurons,Neurons,Adam10,Nrcam,0.77045065,0.5042814,0.26552827519391803,0.06893296570794194,0.026882855,0.88531625,0.6634300778948947
OPCs,Neurons,Mdk,Lrp1,0.4316312,0.15560666,0.460019317379075,0.26982168208697144,0.033672124,0.8108994,0.6637204596233299
Microglia,Pericytes,Trf,Ldlr,0.63525283,0.30122516,0.020068022554980178,-0.42211739899609596,0.0650373,0.8564519,0.6638856989344514
OPCs,Astrocytes,Psen1,Notch3,0.22200412,0.049160182,0.3283866722902268,0.2780167754146071,0.02971345,0.7067685,0.6639865552025686
Neurons,Microglia,Ntrk3,Ptprs,0.7693678,0.44529915,0.2829196629517383,0.4219744559830261,0.02487163,0.8788487,0.6640623481865398
Oligodendrocytes,OPCs,Lama2,Itgav_Itgb8,0.4315701,0.1676209,0.2973908308777729,0.37443274702637874,0.023105623,0.81653583,0.6642671099841163
Pericytes,Neurons,Vtn,Itga3,1.2256687,0.3012754,2.9833529548104987,2.757205877062477,0.46902955,0.8564622,0.6644324400081127
OPCs,Oligodendrocytes,Sema5a,Plxnb3,0.76834506,0.4079183,0.8310826486523721,1.3018839283750228,0.3586933,0.87410283,0.6646948126106013
Microglia,Neurons,Serpine2,Lrp1,0.5520032,0.30170023,0.4038997987706534,0.4147102664922364,0.015158979,0.8565488,0.6649794811773806
OPCs,OPCs,Slit2,Robo1,1.1756694,0.40768346,0.3077330957234254,0.15553881071319986,0.04869319,0.8740711,0.6653275846234948
Astrocytes,Microglia,Il18,Il1rl2,0.43135217,0.17808308,1.316118373887775,0.8435366053825473,0.25265583,0.82102746,0.6653611144469745
Neurons,Neurons,Lin7c,Htr2c,0.5989934,0.15531957,0.4120549683647755,0.8734270925864792,0.15883653,0.81075776,0.6653611144469745
Microglia,Oligodendrocytes,Fgf12,Fgfr2,0.712257,0.30202115,-0.20648884986791474,-0.14938260725726693,0.011189623,0.85661405,0.6655268225245903
OPCs,Pericytes,Sirpa,Cd47,0.22210291,0.04919481,-0.08264044098671085,-0.24082328180372087,0.008466014,0.7068415,0.6658826713160758
Pericytes,OPCs,Cd47,Sirpa,0.22210291,0.04919481,-0.08264044098671085,-0.24082328180372087,0.008466014,0.7068415,0.6658826713160758
Oligodendrocytes,Neurons,App,Gpc1,0.96614665,0.40765756,0.1855933743959025,0.45858540116557545,0.111146,0.87406766,0.6659604368534272
OPCs,Astrocytes,Fstl5,Chl1,0.7680444,0.4416018,0.5170900953959677,0.5574808288656004,0.08386686,0.8784041,0.6659604368534272
Astrocytes,Microglia,Itgb3bp,Itgb5,0.9303205,0.30204433,1.7845068982067671,1.627920189317817,0.14240134,0.85661876,0.6660742674384648
OPCs,Pericytes,Adam23,Itga4,0.43123972,0.16597839,0.3958280649463285,0.41422975197873474,0.13177429,0.8157971,0.6664563194200745
OPCs,Neurons,Psap,Lrp1,0.7673446,0.56305665,0.20508979720035425,-0.06941764497155922,0.017712407,0.8907952,0.6665934827219981
Oligodendrocytes,Oligodendrocytes,Il1rapl1,Ptprs,0.73312956,0.30212924,-0.27355441993551843,-0.9849560431388594,0.007895277,0.85663605,0.6666222092807075
Neurons,Microglia,Serpine2,Lrp1,0.5520711,0.15475777,0.3592375991978556,0.3562605285782048,0.0077758306,0.81047964,0.6670044707420281
Astrocytes,Microglia,Fgf1,Fgfr2,0.55343354,0.3021406,0.102201410445688,-0.08810036538148641,0.043542188,0.8566383,0.6671704515478699
Neurons,Neurons,Ptn,Ptprs,0.7666847,0.4457579,0.17499131310512972,-0.23400513157930247,0.017356148,0.87890345,0.6672267220646251
Microglia,Astrocytes,St6gal1,Egfr,0.5613959,0.30245876,0.9687929431976233,0.779671951509425,0.09753518,0.856703,0.6677189943222877
Pericytes,Microglia,Vegfa,Nrp2,0.22518018,0.049412303,0.16823172172051198,0.2688531615678501,0.025991,0.7072984,0.6677777611143114
Microglia,Neurons,Cd14,Itgb1,0.43104553,0.17382623,1.4357560461513794,0.8236529756142346,0.1399926,0.819243,0.6681014778227647
Astrocytes,OPCs,Calr,Itgav,0.64695585,0.30248576,0.400655721971244,0.39452554297651676,0.036011036,0.85670847,0.6682678376862964
Neurons,Neurons,Lrrc4b,Ptprs,0.7663217,0.4449277,0.4281584180086053,0.47192995707964147,0.06635381,0.8788042,0.6684938943083523
Neurons,Astrocytes,Lgi1,Adam22,0.43082827,0.17780007,-0.03489956753370821,-0.3102253438171195,0.015926657,0.8209106,0.6686503335303243
OPCs,Pericytes,Vegfa,Itgb1,0.554494,0.30255592,0.674702498933696,0.8924008769547611,0.070589736,0.85672265,0.6688169817222317
Neurons,Astrocytes,Sema4a,Plxnb1,0.26431438,0.049443495,0.5139696034643194,0.4267995413355347,0.08903003,0.70736367,0.6690406031661306
Neurons,Oligodendrocytes,Il1rapl1,Ptprf,1.2133303,0.40506452,0.20409179302199998,0.5224152389018305,0.043401748,0.873716,0.669127713120288
Astrocytes,Astrocytes,Mdk,Lrp1,0.7662002,0.46041074,1.0379881206191732,1.105973818952264,0.09962947,0.8806141,0.669127713120288
Microglia,Oligodendrocytes,Ncam1,Fgfr2,0.7125136,0.3026191,-0.440553851494071,-0.49574454336501783,0.0074765137,0.8567355,0.6693662291712661
Neurons,Microglia,Vcl,Itgb5,0.96077096,0.40441602,1.7991581672308161,1.5379413091981493,0.071556866,0.8736276,0.6697617247479188
Neurons,Neurons,Lgi3,Adam23,0.7652595,0.4314885,0.3040929190083961,0.24643258286975533,0.15901218,0.8771614,0.6697617247479188
Pericytes,Pericytes,Rgma,Bmpr2,0.5582756,0.30266014,0.4255341457444323,0.7339669453159903,0.050464325,0.8567438,0.6699159746900273
Oligodendrocytes,Astrocytes,Lama2,Itgav_Itgb8,0.43052572,0.16700454,0.17964264685233064,0.25671258988040957,0.015298767,0.81625974,0.6702990991109562
Microglia,OPCs,Gpi1,Amfr,0.2230938,0.04955488,-0.09996496165062167,-0.3799136208338633,0.01682687,0.70759654,0.670302989269989
Oligodendrocytes,Pericytes,Hspa8,Ldlr,0.63769853,0.30276778,0.09784155394850529,0.28444000035564826,0.046647463,0.8567656,0.6704660211276929
Astrocytes,Pericytes,Adam10,Notch1,0.43048766,0.18529436,0.609314361652427,0.4823070081708244,0.038790952,0.8239253,0.6708493552140341
Microglia,Oligodendrocytes,Rgmb,Neo1,0.4677848,0.1536346,0.13474665202642946,0.5315698199699123,0.069052815,0.8099196,0.6708493552140341
OPCs,Microglia,Adam9,Itga6,0.65000784,0.30293643,1.1466383387335324,1.2075829929569206,0.13126409,0.8567998,0.6710163685665986
OPCs,Oligodendrocytes,Il18,Il1rapl1,0.77453643,0.4030177,-0.0404362627872788,-0.5000156945288807,0.024286367,0.8734363,0.6710303257919348
Neurons,Pericytes,Ntrk3,Ptprs,0.7645157,0.43411702,0.27723676593469815,0.3855377331979607,0.024247067,0.8774882,0.6710303257919348
Astrocytes,Neurons,Ncan,Cdh2,0.5704887,0.15348808,0.400922639864399,0.2873766930399058,0.05361702,0.8098461,0.671399714635073
Neurons,Neurons,Fgf10,Fgfr1,0.26217064,0.049666706,0.36039659486626296,0.3137875786197081,0.20456369,0.70782965,0.6715648628763005
Oligodendrocytes,Pericytes,Apoe,Ldlr,0.6388325,0.30348304,0.17131313439219015,0.45252925931594984,0.029028311,0.85691035,0.6715670170890804
Astrocytes,Astrocytes,Ptn,Sdc2,0.7644435,0.582552,0.5409682786817088,0.4775448720760753,0.037795458,0.8924398,0.6716650288466905
Pericytes,OPCs,Col4a1,Itgav_Itgb8,0.43001765,0.16585706,0.8016615539678636,0.8113330397072459,0.14604968,0.8157422,0.6719505728295313
Pericytes,Neurons,Gpc3,Cd81,0.59926,0.30359828,0.2223004065607869,-0.06615252449045539,0.04510766,0.85693365,0.6721179667774739
Microglia,Microglia,Adam10,Notch2,0.7641353,0.5366249,0.8673587578895554,1.1377880887848622,0.102695234,0.88843447,0.672299810125764
Microglia,Neurons,Apoe,Ldlr,0.5382563,0.1534294,0.011448321594503406,0.11849551797342214,0.014675605,0.80981666,0.6725017322472258
OPCs,Neurons,Lamc1,Dag1,0.42998463,0.18107653,0.5026147171546073,0.5104424940874255,0.052625462,0.82224894,0.6725017322472258
Astrocytes,Neurons,App,Rpsa,0.559137,0.30363676,-0.47353251435181015,-1.2405791693568635,0.012664068,0.8569414,0.6726690197243358
Oligodendrocytes,Astrocytes,Agrn,Lrp4,0.2229631,0.04970872,0.08201415056863251,0.10720227184536671,0.027755931,0.70791703,0.6728263373516677
Neurons,Oligodendrocytes,Slit2,Dcc,0.763832,0.5827686,0.23286267111591474,0.1660847134131771,0.07999646,0.89245766,0.6729347833975889
OPCs,Microglia,Gnai2,Igf1r,0.42995834,0.16445325,0.028115609909637497,-0.046290187371848535,0.02009391,0.8151025,0.6730529949053758
Oligodendrocytes,Pericytes,Adam10,Cadm1,0.5522703,0.3037422,-0.16988369996020336,-0.09514959121336652,0.013515918,0.8569627,0.6732205718833475
Neurons,Astrocytes,Efna5,Epha4,0.76382804,0.551123,0.7770435268142746,1.1706029030263694,0.25507313,0.8897488,0.6735699484975827
OPCs,Pericytes,Lamc1,Itga6_Itgb1,0.42995328,0.18104571,0.5891234725746739,0.6876656980067501,0.038340785,0.8222365,0.673604756908317
Astrocytes,Pericytes,Ptn,Ptprs,0.5919348,0.30407956,-0.09177904959537261,-0.2752232249425085,0.011839723,0.8570307,0.6737724254552482
Pericytes,Neurons,Lamc3,Itga3_Itgb1,0.25648823,0.049729355,1.5936778831430094,0.7664055165459805,0.45074654,0.70796,0.6740873561260448
Astrocytes,Pericytes,Mdk,Sdc3,0.4299245,0.18445064,0.9184717634315797,0.9624083919702311,0.11805677,0.82359403,0.6741566220998989
OPCs,OPCs,Adam12,Itgb1,0.76340663,0.45347,1.5413168752506352,1.2352506037456976,0.13882351,0.8798133,0.6742053052611623
OPCs,Microglia,Ptn,Ncl,1.0823485,0.40204245,0.4698719402115033,0.4631286464988588,0.043103933,0.8733023,0.6742053052611623
Astrocytes,Pericytes,Adam10,Tspan5,0.5701367,0.30412468,0.002903517951555093,0.027042377173327026,0.026486222,0.8570398,0.6743245805223743
Astrocytes,Pericytes,Megf10,Abca1,0.43200937,0.15301332,0.25351503957695354,0.2579760378636076,0.046309393,0.80960745,0.6747089870173116
OPCs,Neurons,Agrn,Dag1,0.4298633,0.18098718,0.3475255319572581,0.2991111871970339,0.049696777,0.8222129,0.6747089870173116
Oligodendrocytes,OPCs,App,Tnfrsf21,0.9642796,0.40134224,0.11837386827617692,0.3517923232040586,0.04581175,0.87320584,0.6748409676634421
Pericytes,Astrocytes,Cntn1,Notch2,0.56027794,0.30422023,0.3987361093923511,0.3754884950292875,0.026182598,0.857059,0.6748770371670612
Pericytes,Astrocytes,Ncam1,Cacna1c,0.4648084,0.15300938,-0.5202385094450522,-0.9122726520527349,0.0043035275,0.8096055,0.6752616535695801
OPCs,Oligodendrocytes,Lrpap1,Sort1,0.42982787,0.17696784,0.12526300541871171,0.36662627947295623,0.06150531,0.82056546,0.6752616535695801
Neurons,Pericytes,Sema6b,Plxna2,0.25271648,0.049876735,0.21242833319373944,0.35116925711550184,0.08199147,0.70826584,0.6753478627112013
OPCs,Pericytes,Adam10,Nrcam,0.55216646,0.30442348,0.03204433981866218,0.044411230057716855,0.016228585,0.85709995,0.6754297954716445
Astrocytes,Astrocytes,Vegfa,Egfr,0.7622994,0.5733247,1.6404670313328336,1.4589534265747215,0.24430633,0.8916711,0.6754767072947874
Neurons,OPCs,Efnb2,Grm5,1.3261906,0.30444604,0.7297697756788322,0.7681277699878958,0.13820413,0.8571045,0.675982656879002
Oligodendrocytes,Astrocytes,Ptn,Ptprs,0.7614939,0.5395492,0.08372252343313352,0.3700894068868954,0.021008031,0.8887035,0.6761126380959404
Oligodendrocytes,Neurons,Jam3,Itgb1,0.42945403,0.17280252,0.17115569788707868,0.5493601293191814,0.049765546,0.8188052,0.6763676931931475
Pericytes,Oligodendrocytes,Ntn1,Dcc,0.58782166,0.30476773,0.48829115449139004,0.08813674198707566,0.03646222,0.85716915,0.6765360186419959
OPCs,Neurons,Gnai2,Adora1,0.23043337,0.04988939,0.08673519929990814,-0.09336582490826018,0.027683802,0.708292,0.6766079703510165
Pericytes,Oligodendrocytes,Agt,Grm7,0.8174505,0.40103072,0.1793865248654414,0.18539329025614348,0.036026888,0.87316287,0.6767487599023185
Pericytes,Astrocytes,Agrn,Lrp1,0.7612682,0.4493425,0.5974496704308827,0.7744150050110106,0.044179402,0.8793291,0.6767487599023185
OPCs,Microglia,App,Grm7,0.65896666,0.30524603,-0.6139830165511534,-1.714002605464239,0.006169963,0.8572651,0.6770896823118642
Neurons,Microglia,Fndc5,Itgb5,0.9596082,0.40050694,1.8723767741893897,1.675575012372165,0.3145691,0.87309045,0.6773850725493391
Neurons,Astrocytes,Lrpap1,Lrp1,0.7611009,0.44896695,0.652199721234565,0.7463315189102939,0.05722723,0.8792847,0.6773850725493391
Pericytes,OPCs,Col4a2,Itgav_Itgb8,0.42935693,0.16510643,0.5546503140329991,0.6803865200942761,0.098255835,0.815401,0.6774749399105052
Pericytes,Pericytes,Rtn4,Tnfrsf19,0.43113104,0.1528778,0.0817410051913669,-0.35324742313105895,0.032227315,0.8095392,0.6774749399105052
Pericytes,Neurons,Vcl,Alk,0.5662919,0.30557945,0.7553233254277728,1.0855140401559222,0.101561554,0.8573319,0.6776436479709423
Neurons,Microglia,Sema3e,Nrp2,0.22648424,0.04990579,0.2528843993378273,0.3784383923379624,0.061312575,0.708326,0.6778676225368118
Pericytes,Astrocytes,App,Notch2,0.76050407,0.48916277,0.254214755387564,0.02817818349702217,0.047530867,0.8837619,0.6780216901835383
Neurons,Pericytes,Gpc3,Flt1,0.49288458,0.1528177,1.3312755234454485,1.5228217029969315,0.26579484,0.80950886,0.6780291156551502
Neurons,OPCs,Arf1,Insr,0.42931122,0.16954339,0.17032411025447947,0.08417583384722133,0.040734965,0.8173885,0.6780291156551502
OPCs,Neurons,App,Tnfrsf21,0.65915567,0.3056309,-0.07256465864238126,-0.47888507769262423,0.03488665,0.8573422,0.6781979157015663
Neurons,Oligodendrocytes,Lgi3,Adam22,0.42925805,0.18105926,-0.14945211755802584,-0.49992243751174004,0.04702083,0.8222419,0.6785833943799849
Pericytes,Oligodendrocytes,App,Vldlr,0.6738924,0.30568913,-0.1710925122103231,-0.0719640842841478,0.065065816,0.8573538,0.6787524855860717
OPCs,Neurons,Actr2,Ldlr,0.23226477,0.04995473,-0.03891752500094673,-0.27529965733987294,0.016719094,0.7084272,0.6791267628416802
Microglia,Microglia,Gnas,Adcy9,0.76008433,0.4490038,-0.04884775341348924,-0.195495773593586,0.023318404,0.87928903,0.679295268267905
Neurons,Pericytes,Cntn4,Aplp1,0.8722736,0.39931887,0.03160280519228709,-0.1895641281609468,0.025709007,0.87292576,0.679295268267905
OPCs,Astrocytes,Sema3d,Nrp1_Plxna4,0.86789894,0.30577025,1.819479911466233,1.0442440363837486,0.06295651,0.85737,0.6793071584165924
OPCs,Astrocytes,Adam9,Itga6,0.65511835,0.30604583,1.1575970839094112,1.0938105250817358,0.13261142,0.85742515,0.6798623327473009
Pericytes,OPCs,Nid1,Itgav,0.7597499,0.52528584,1.7584142926419972,1.2860982399447127,0.26867104,0.88737166,0.6799323426658017
Pericytes,Neurons,Lrpap1,Lrp1,0.42917868,0.15263006,0.17662328359896282,0.04970441918354096,0.019454872,0.8094141,0.6802484417966463
Neurons,Pericytes,Rgmb,Neo1,0.23519713,0.049989294,-0.14590520358200948,-0.4015010602710303,0.022468258,0.70849866,0.6803855043868433
Oligodendrocytes,Microglia,Gnas,Adrb2,0.7252958,0.30605173,0.7934138036643903,0.39477828791138514,0.14172216,0.8574263,0.6804178094788684
Astrocytes,Neurons,Gnas,Adcy1,0.7596573,0.42754823,0.16227277629829495,-0.06321248242945615,0.07907731,0.8766663,0.6805696070813975
Pericytes,OPCs,Col4a6,Itgav_Itgb8,0.4290919,0.1648053,1.221522057163904,0.9150078773646604,0.202323,0.81526357,0.6808041287914701
Pericytes,Pericytes,Lamc1,Itga6_Itgb1,0.59993327,0.30621716,0.9276088046197173,1.2291469065927834,0.06484885,0.8574593,0.680973588693631
Pericytes,Astrocytes,Fgf12,Fgfr2,0.7593361,0.47036067,-0.17379363890066815,-0.5904338860195658,0.017426457,0.8817335,0.6812071758319111
Pericytes,Microglia,Gnai2,Adcy9,0.42906505,0.18332607,0.281065228744931,0.5426378086114331,0.041392356,0.8231493,0.6813599186352423
Astrocytes,OPCs,Hspa8,Ldlr,0.46339077,0.15252729,-0.09350682431359719,-0.39786822111235376,0.023499895,0.8093621,0.6813599186352423
OPCs,Neurons,Entpd1,Adora1,0.23072684,0.049991384,0.32495294083279486,0.14498941429808582,0.02760794,0.70850295,0.6816437342565883
Oligodendrocytes,Neurons,Nrxn1,Nlgn2,0.5982336,0.3062646,-0.007658546715364228,-0.7900538997695381,0.016942773,0.8574688,0.6818077249623956
Neurons,Oligodendrocytes,Nlgn2,Nrxn1,0.5982336,0.3062646,-0.007658546715364228,-0.7900538997695381,0.016942773,0.8574688,0.6818077249623956
Oligodendrocytes,Pericytes,Ptn,Cdh10,0.7593359,0.5353958,-0.09917104064396311,0.16272154271162165,0.0145189725,0.8883208,0.6818448198232026
Neurons,OPCs,Pdgfc,Pdgfra,1.1324525,0.39825422,2.9640624387341856,1.7306003893046658,0.28544253,0.87277764,0.6818448198232026
Pericytes,Astrocytes,Col4a1,Itgav_Itgb8,0.4289732,0.16524719,0.6839133699424214,0.6936128825612767,0.096702866,0.81546515,0.6819162106845869
Microglia,Pericytes,Sptan1,Ptpra,0.42895305,0.166253,-0.16665953777549178,-0.3034432872986862,0.012614765,0.8159213,0.6824726055301786
Neurons,Pericytes,Pdgfc,Flt1,0.49260837,0.15237957,1.2534351343165675,1.3850154347646892,0.27242395,0.80928737,0.6824726055301786
OPCs,Oligodendrocytes,Psap,Gpr37,0.7587301,0.54707086,0.16111264509433426,0.6552668984975354,0.08795385,0.88938636,0.6824826533384143
Pericytes,Neurons,Lamc1,Dag1,0.59996456,0.30626926,0.8411000491996506,1.051923702673459,0.08900967,0.85746974,0.6826425421184357
Pericytes,Pericytes,Col4a4,Cd47,0.22380891,0.04999225,0.5426600187998133,0.2325047351845928,0.085475564,0.70850474,0.6829015654904029
Astrocytes,Microglia,Spon1,App,0.75872576,0.5428051,0.296005498556187,-0.10024984857041441,0.025770733,0.8890007,0.6831206762129641
OPCs,OPCs,Apoe,Lrp5,0.9990506,0.30648783,0.6636578363531316,0.3758347855322912,0.047634292,0.8575133,0.6831995319805906
Astrocytes,Neurons,Gnai2,Adcy9,0.4340673,0.15232514,0.2763248165731924,0.27365015956493444,0.0343928,0.80925983,0.683586703266074
Astrocytes,Microglia,Agt,Grm7,0.6610844,0.3065159,0.6592160508804618,-0.09300791839356504,0.027536081,0.8575189,0.6837568247375895
Neurons,Microglia,App,Ncstn,1.0154121,0.39802516,0.22184612308044407,0.11473770678741674,0.07471279,0.8727457,0.6837588882822688
Microglia,Microglia,App,Lrp1,0.7584274,0.5424605,-0.017039064391152103,-0.26659484116229526,0.016060343,0.88896936,0.6837588882822688
Pericytes,Neurons,Bmp5,Bmpr1a_Bmpr2,0.42870444,0.1837055,1.4478613396350382,0.7656006221828378,0.12667894,0.82329977,0.6838653169290039
Pericytes,Neurons,Bmp5,Acvr2a_Bmpr1a,0.42870444,0.1837055,1.4478613396350382,0.7656006221828378,0.12667894,0.82329977,0.6838653169290039
Neurons,OPCs,Gpi1,Amfr,0.43912017,0.15229246,0.17359217662483467,0.05173618259727747,0.051712472,0.80924326,0.684144006285847
Pericytes,Neurons,Gnai2,Adcy7,0.28319526,0.05005136,0.3244139075828518,0.3837810922677579,0.04617354,0.70862675,0.6841589416818137
Oligodendrocytes,OPCs,Apoe,Abca1,0.6406299,0.30694214,0.20661072206082023,0.32016098232517864,0.019991271,0.8576038,0.6843144204717683
OPCs,OPCs,Calr,Itgav,0.7581798,0.5221843,0.5463265775843426,0.5107357494873508,0.06216622,0.88707536,0.6843974040334925
Astrocytes,Astrocytes,Lrpap1,Sorl1,0.44805872,0.15224396,0.2140405514707717,0.2424043854216275,0.049161326,0.8092187,0.6847018124662645
OPCs,Pericytes,Agrn,Itgb1,0.55800915,0.30694664,0.515312366008081,0.6997539131247716,0.06889426,0.8576047,0.6848723192654625
Astrocytes,Microglia,Psap,Sort1,0.75811327,0.46585545,0.09678972464445598,0.07483387474598102,0.03995826,0.8812307,0.6850359940324581
Neurons,OPCs,Agrn,Itgb1,0.42841443,0.18293287,0.2879454782033316,0.20664301715857275,0.041059334,0.82299304,0.6852597213106528
Neurons,OPCs,Vcl,Alk,0.4366811,0.1522375,0.4725599952154158,0.44640656140114154,0.050597243,0.8092154,0.6852597213106528
OPCs,Neurons,Gnai2,Ptpru,0.23071834,0.050053015,0.263900938727912,0.11055231962370715,0.07330116,0.70863014,0.6854158065060442
OPCs,Neurons,Adam10,Tspan5,0.5547732,0.30718985,-0.007978514273897919,-0.3730324075518331,0.02675317,0.857653,0.6854305212010079
Microglia,Oligodendrocytes,Ncam1,Ncam2,0.8941033,0.3969302,-0.5200194197916124,-1.0184863917375837,0.0059252675,0.8725926,0.6856747727324006
OPCs,Pericytes,Col16a1,Itga1_Itgb1,0.43410468,0.1521778,0.6029468711990789,0.7582982912672551,0.13014571,0.8091851,0.6858181336979071
Oligodendrocytes,Microglia,Lama2,Rpsa,0.42841202,0.16575716,-0.04591550386367427,-0.2819998714460712,0.013419339,0.8156969,0.6858181336979071
Microglia,OPCs,Gnas,Adora1,0.6967789,0.3073431,-0.0012176494766191759,-0.29815718654101525,0.03922779,0.8576835,0.6859888257658593
Microglia,Oligodendrocytes,Nrxn1,Nlgn1,0.75805,0.5450091,-0.44919412655660573,-1.600064338257511,0.0037497487,0.8892005,0.6859942901620276
Oligodendrocytes,Microglia,Nlgn1,Nrxn1,0.75805,0.5450091,-0.44919412655660573,-1.600064338257511,0.0037497487,0.8892005,0.6859942901620276
Astrocytes,OPCs,Slitrk2,Ptprs,0.7748715,0.3967726,0.8819646496616875,0.8156124482468392,0.12508264,0.8725706,0.6863137399687373
Pericytes,Astrocytes,Col4a2,Itgav_Itgb8,0.42831254,0.16449931,0.43690213000755684,0.562666362948307,0.06505746,0.8151236,0.6863768493664958
Microglia,Neurons,Rgmb,Bmpr2,0.4642849,0.15214738,0.30458719464128037,0.3196849706606535,0.067937605,0.8091697,0.6863768493664958
Neurons,Pericytes,Timp2,Itgb1,0.5583937,0.30742705,0.46848678419890055,0.6005895885338258,0.08196771,0.8577001,0.6865476341231926
OPCs,Microglia,Gpi1,Amfr,0.22400382,0.050065406,-0.09962944079538275,-0.2850305323775642,0.017000224,0.7086557,0.686672272880036
Astrocytes,Astrocytes,Gnai2,Igf1r,0.43360883,0.15210131,0.01873935232725801,-0.039603892397694185,0.018584676,0.8091463,0.6869356676193334
Astrocytes,Oligodendrocytes,H2-K1,Aplp2,0.4282304,0.16453463,0.16851941680921495,0.2333484097594835,0.026651757,0.8151398,0.6869356676193334
OPCs,Astrocytes,Ptn,Ncl,1.0809821,0.39668736,0.46779774057909257,0.42845311452657187,0.042529803,0.8725586,0.6869528955768855
Neurons,Microglia,Adam10,Cadm1,0.75788033,0.4924251,0.007749382336738119,-0.1732796026696063,0.021911928,0.8841029,0.6869528955768855
Neurons,Microglia,Nrxn2,Nlgn1,0.5721477,0.30762476,-0.1650692994518316,-0.6537136352841191,0.008708523,0.8577394,0.6873863151053708
Microglia,Neurons,Nlgn1,Nrxn2,0.5721477,0.30762476,-0.1650692994518316,-0.6537136352841191,0.008708523,0.8577394,0.6873863151053708
Microglia,OPCs,Apoe,Lrp5,0.5374243,0.15191956,0.32537292099934134,0.4168923799845663,0.023611318,0.80905396,0.6874949899886256
Neurons,Microglia,Arf1,Insr,0.4281264,0.16881402,0.16863842226744363,0.23441476697012537,0.040559724,0.81706655,0.6874949899886256
Neurons,Neurons,Cntn2,Cntn1,0.92624056,0.39658597,0.18188161209421913,-0.26919500251956296,0.047410876,0.8725444,0.6875923542132143
OPCs,Oligodendrocytes,Bmp1,Bmpr2,0.22775137,0.0501062,0.05328818451867072,-0.06397487441353811,0.023162495,0.7087398,0.6879282844585937
Pericytes,Astrocytes,Col4a6,Itgav_Itgb8,0.42804748,0.1641993,1.1037738731384616,0.7972877202186912,0.13396274,0.814986,0.6880544148888745
Oligodendrocytes,OPCs,Agrn,Lrp1,0.8072103,0.30795577,0.638613856335675,0.7029327787054696,0.030278241,0.85780495,0.6882258798575096
Neurons,Microglia,App,Aplp1,1.0150095,0.39656729,-0.3300418075916113,-1.3176453059815807,0.015769757,0.8725418,0.6882318861049881
Pericytes,Astrocytes,Gnai2,Egfr,0.56547344,0.3079563,1.1817995160759525,1.0758124787262977,0.13880812,0.8578051,0.6887859022641734
Neurons,Microglia,Hsp90b1,Lrp1,0.7575251,0.5407653,0.4635788153450193,0.5432850025600229,0.03431606,0.8888148,0.6888716058747953
Microglia,Pericytes,St6gal1,Egfr,0.42780283,0.18257973,0.5522614968775382,0.6051889186192141,0.05887727,0.82285225,0.6891745773802697
Neurons,Astrocytes,Fgf10,Fgfr1,0.26402074,0.05012586,0.36389059909628874,0.38360936250522476,0.20645483,0.7087803,0.6891837849781763
Microglia,OPCs,Adam15,Itgav,0.649811,0.30812567,0.6021056192464717,0.7464943001512907,0.094263725,0.85783863,0.6893460271401914
Astrocytes,Microglia,App,Tnfrsf21,0.42770118,0.18159012,-0.1885062632207289,-0.5244299092570295,0.020727849,0.82245576,0.6897349129232353
Neurons,Pericytes,Sorbs1,Itgb5,0.6043029,0.30871925,0.5613749423681673,0.6630452722200217,0.03150735,0.85795593,0.6899066569564355
Microglia,Neurons,Apoe,Lrp1,0.7571368,0.55066764,0.177698658982764,0.2895000709047074,0.012600291,0.8897083,0.6901516083901792
Neurons,Oligodendrocytes,Sptbn2,Ptpra,0.42765588,0.15526018,0.20357942665482887,0.3636571051867288,0.083139725,0.81072843,0.6902957535392047
Neurons,OPCs,Vegfa,Nrp2,0.22814585,0.050129376,0.18861504853599292,0.051350696900058806,0.026368182,0.70878756,0.6904388872332448
Pericytes,Oligodendrocytes,Apoe,Lrp6,0.89284784,0.30908516,0.19876206228406654,0.3439108444407455,0.0148759885,0.85802805,0.6904675906554933
Neurons,Astrocytes,Rims1,Cacna1c,1.0335665,0.39613727,0.29727287696301763,0.567317546847834,0.022105116,0.87248147,0.6907920057960082
OPCs,Neurons,Apoe,Ldlr,0.9998825,0.30953383,0.3497332369482937,0.07743792352114706,0.029607076,0.8581164,0.6910288283197007
Astrocytes,Neurons,Sirpa,Cd47,0.43482795,0.15120764,0.20847438000039153,0.13640853169637895,0.026021566,0.80869085,0.6911374835775987
Neurons,Astrocytes,Cd47,Sirpa,0.43482795,0.15120764,0.20847438000039153,0.13640853169637895,0.026021566,0.80869085,0.6911374835775987
OPCs,OPCs,Lama4,Dag1,0.42762262,0.1828369,1.0389773535699511,0.786809183106158,0.08661009,0.82295483,0.6914181450213668
OPCs,Pericytes,Bcan,Nrcam,0.7563883,0.53875387,0.5649508135523076,0.6635090252809328,0.02922757,0.88863057,0.6914324754657246
Pericytes,Neurons,Sptan1,Ptpra,0.55698407,0.30974558,-0.025659713699817475,-0.2993245344282406,0.023502538,0.85815805,0.6915903700313936
Neurons,Oligodendrocytes,Slit1,Robo2,0.22547355,0.050177336,0.03640659677845806,-0.6503206399720218,0.040099964,0.7088862,0.6916935349398495
Oligodendrocytes,Pericytes,Alcam,Chl1,0.42751154,0.18197311,-0.06196533455624471,-0.17849062499727353,0.012299947,0.82260954,0.6919798975949296
Pericytes,Pericytes,Apoe,Abca1,0.92006946,0.3957306,0.36716000480055955,0.5384872971392938,0.025774103,0.8724243,0.6920731321905308
OPCs,Neurons,Fstl5,Chl1,0.5959824,0.30981624,0.28942086529007816,0.29478505812393285,0.05883879,0.8581719,0.6921522158729074
OPCs,Microglia,Cp,Slc40a1,0.42747515,0.15253112,1.5005029734250126,1.1309612592457192,0.25752884,0.8093641,0.6925417524850866
Neurons,OPCs,Calr,Itgav,0.7557349,0.5173551,0.5431245192119846,0.5156360834357387,0.0615913,0.8866092,0.692713975805844
OPCs,Astrocytes,Gnas,Adcy9,0.6790671,0.3100111,-0.15448121313077048,-0.5256652372174713,0.016100006,0.85821015,0.6927141640227604
OPCs,Neurons,Lrpap1,Vldlr,0.24446736,0.05032953,0.022497597790666415,-0.24790378138511293,0.046120863,0.7091986,0.6929476718956507
Astrocytes,Pericytes,Jam2,Itga4_Itgb1,0.42738616,0.16374442,1.0296643184282028,1.0713873704061432,0.18704167,0.8147768,0.6931041134055361
Pericytes,Microglia,Rgma,Bmpr2,0.56644166,0.3102275,0.4364521202329633,0.7283739323559276,0.05172608,0.85825264,0.693276618261647
Oligodendrocytes,Astrocytes,Hsp90b1,Lrp1,0.7546047,0.43438852,0.47272960189873703,0.6339640816020401,0.027565567,0.8775218,0.6933550061470816
Astrocytes,Oligodendrocytes,Gnai2,Igf1r,0.43123877,0.15094426,0.016194301877006975,0.19028200833841175,0.0184433,0.80855596,0.6936665765886959
Microglia,Pericytes,Ncam1,Cacna1c,0.7271963,0.31024474,-0.1749240852403986,-0.23708725513361972,0.008725915,0.85825604,0.6938393768773321
Neurons,Microglia,Psap,Sort1,0.75430167,0.46259162,0.09327360591402226,0.07112590158163334,0.039678313,0.8808623,0.6939963382068063
Neurons,OPCs,Timp3,Ddr1,0.23407215,0.050340448,-0.07342942479832329,-0.4116881976055964,0.0139840115,0.70922095,0.6942014107726957
Neurons,Neurons,Adam10,Epha3,0.42719203,0.18052112,0.25778784925577064,0.07558849669340834,0.085173786,0.8220243,0.6942295461852562
Pericytes,Astrocytes,Psap,Sort1,0.5021935,0.15070376,-0.17676397725744544,-0.49470357910886,0.0129264565,0.8084325,0.6942295461852562
Neurons,Astrocytes,Apoe,Lrp1,0.6993182,0.3103164,0.2974648852819124,-0.3651326859106081,0.007100612,0.85827005,0.694402439952152
Oligodendrocytes,Oligodendrocytes,App,Tspan15,0.9623316,0.39475307,0.09271870949369444,0.6659032213977226,0.11208381,0.8722866,0.6946377415395993
OPCs,Astrocytes,App,Rpsa,0.7540416,0.49884146,-0.3334282840163629,-0.9027601686187907,0.020805657,0.8847645,0.6946377415395993
Oligodendrocytes,Oligodendrocytes,Nlgn1,Nrxn2,0.63190943,0.31034064,-0.25195791412379337,-0.9820708217910602,0.008785406,0.8582748,0.6952475044074854
Oligodendrocytes,Oligodendrocytes,Nrxn2,Nlgn1,0.63190943,0.31034064,-0.25195791412379337,-0.9820708217910602,0.008785406,0.8582748,0.6952475044074854
OPCs,Pericytes,Rims2,Abca1,0.9171741,0.39429075,0.38205837721100777,0.3244445974284797,0.038851984,0.8722213,0.6952793311045385
Microglia,Pericytes,Pros1,Mertk,0.7537726,0.5524137,1.6738184900960638,1.5606321710164477,0.08544888,0.88986355,0.6952793311045385
Astrocytes,Neurons,Mdk,Alk,0.42684966,0.18192734,0.7522563255088092,0.8693172226025109,0.15451345,0.8225912,0.6953561965924218
Pericytes,Astrocytes,Trf,Tfrc,0.22909918,0.050344497,-0.33470028948274644,-1.344517305411355,0.011922744,0.7092293,0.6954546953482472
Microglia,Oligodendrocytes,Ncam1,Ptpra,0.42677927,0.15421903,-0.49503765884192524,-0.8557036345270016,0.005042725,0.81021166,0.6959200798751531
Astrocytes,Microglia,Fgf1,Nrp1,0.5600742,0.31034636,0.5994292617617114,0.8798985707160528,0.117070615,0.85827595,0.6960932541948939
Pericytes,Neurons,Nid1,Itgb1,0.4267395,0.17105642,1.4012629235841012,0.7894975330671365,0.12529707,0.8180506,0.6964840652853639
Pericytes,Neurons,Ncam1,Fgfr2,0.7530648,0.56572396,-0.42920933372485776,-1.1075299036712805,0.013976787,0.8910248,0.6965630682725246
Neurons,Microglia,Cntn4,Ptprg,0.8421529,0.31054968,0.22512300096888943,0.5845931856662855,0.013098883,0.85831577,0.6966575358201551
Neurons,Pericytes,Il34,Ptprz1,0.33340096,0.05044872,0.21299323307572812,0.2690353678560437,0.007845539,0.70944244,0.6967074694811333
Neurons,Microglia,Spp1,Itgav_Itgb5,0.473373,0.15051147,0.3320748016742799,0.7421697443538124,0.06385706,0.80833364,0.6970485580672977
OPCs,Microglia,Hsp90b1,Lrp1,0.7529489,0.53216755,0.4579828172594876,0.5846182691023094,0.033770457,0.8880204,0.6972053308705399
Microglia,OPCs,App,Rpsa,0.55817044,0.3111824,-0.48038541641431143,-1.3019043645049346,0.012978782,0.85843945,0.6972221223162001
Neurons,Pericytes,L1cam,Ptprz1,0.42650473,0.15840995,0.34717164068140727,0.45278220820174114,0.04460036,0.81226456,0.6976133557770443
Astrocytes,Microglia,Rtn4,Rtn4rl1,0.55859005,0.31142488,0.48236054056351585,0.029866801449497826,0.06605523,0.8584868,0.6977870137653643
Pericytes,Neurons,Adam10,Nrcam,0.75260687,0.46612057,0.24392661604138718,0.2869496355722807,0.02484853,0.8812605,0.6978476637515438
Neurons,Neurons,Adam17,Itgb1,0.23937899,0.05053877,0.08658927245892624,-0.14064688470498718,0.016451824,0.70962626,0.6979598457210545
Oligodendrocytes,Pericytes,Adam10,Notch2,0.42643026,0.17368157,0.31784037472775334,0.6148113220868465,0.033237867,0.8191813,0.6981782555327747
Astrocytes,Neurons,Lrrc4b,Ptprs,0.7080214,0.3115859,0.340591816115278,0.3966282963400183,0.046468027,0.8585182,0.6983522102499836
Microglia,Pericytes,Arf1,Insr,0.42619285,0.15391484,0.1635340211506854,0.24346274558492592,0.036980003,0.8100598,0.6987436632355905
Neurons,Microglia,Gpi1,Amfr,0.43752602,0.15025048,0.17075658943207764,0.16891270807142994,0.0510191,0.80819917,0.6987436632355905
Pericytes,Pericytes,Adam10,Tspan5,0.5753618,0.31159455,0.009229069278106586,0.05841151078540785,0.027136773,0.85851985,0.6989177118523942
Astrocytes,Oligodendrocytes,Fgf12,Fgfr2,0.75146496,0.3934027,-0.1759014097552348,-0.1963990063282144,0.01457523,0.8720956,0.6991328855765768
Neurons,OPCs,Sema4d,Plxnb1,0.23680502,0.050625317,0.08161872656548727,-0.16874020270656762,0.035075556,0.7098025,0.6992117679064526
Pericytes,Astrocytes,Adam10,Notch1,0.42599547,0.18137382,0.58239384876364,0.3974525314541555,0.037970196,0.82236874,0.6993091729299155
Astrocytes,Astrocytes,Lama2,Itga6_Itgb1,0.7778284,0.31161296,0.7327053159449677,0.8987022132011044,0.04088086,0.8585235,0.6994833154379201
Pericytes,Neurons,Bcan,Nrcam,0.7511617,0.46302983,0.44004211976570395,0.6368835334586296,0.025119515,0.880912,0.6997757741914401
Oligodendrocytes,Neurons,Rims1,Cacna1c,0.8492358,0.3930197,0.24732090386091815,-0.09839200556297756,0.02193115,0.8720413,0.6997757741914401
Microglia,OPCs,Gnai2,Ednrb,0.42586327,0.1790734,0.6999830422557973,0.6787518079959749,0.080999255,0.8214345,0.6998751909550249
OPCs,Pericytes,Adam10,Cadm1,0.55919445,0.31188178,-0.16150200091881287,-0.36303883423588057,0.013878113,0.8585758,0.7000494274132881
Microglia,OPCs,Calr,Itgav,0.7510734,0.5081473,0.5370194582511257,0.6081428204301746,0.060495112,0.8857033,0.7004189632121417
OPCs,OPCs,Gpi1,Amfr,0.22559798,0.05074582,-0.09679385360262573,-0.4022070578517167,0.017231265,0.7100473,0.7004631799572902
Astrocytes,Microglia,Ptn,Ptprs,0.596787,0.31191215,-0.08609615257833247,-0.23878650215744313,0.012144695,0.8585817,0.7006158447534244
Oligodendrocytes,Astrocytes,Lgi3,Adam22,0.4256242,0.17423594,-0.1435976416672371,-0.007475172078069747,0.045248825,0.8194172,0.7010079395936792
OPCs,Astrocytes,App,Aplp1,0.75078315,0.4922064,-0.5377666280943292,-1.4967736659548936,0.01957291,0.8840801,0.7010622215264906
Oligodendrocytes,Astrocytes,Gnas,Adora1,0.7277818,0.31199,0.01271091584087189,0.03203051369550369,0.0398209,0.85859686,0.7011825675406653
OPCs,Neurons,Sema3d,Nrp2_Plxna4,0.8962345,0.39286438,2.108898469274175,1.4730720840017393,0.22891083,0.87201923,0.7013838621437412
OPCs,Neurons,Sema3d,Nrp2_Plxna2,0.8962345,0.39286438,2.108898469274175,1.4730720840017393,0.22891083,0.87201923,0.7013838621437412
OPCs,Neurons,App,Vldlr,0.58272725,0.15000434,-0.304997376885541,-0.8957494495558409,0.031928368,0.8080721,0.7015748737743819
Pericytes,Astrocytes,App,Lrp6,0.7506472,0.4682825,-0.08289863954080628,-0.2110494173490044,0.029161595,0.8815024,0.7017056644270984
Neurons,Microglia,Slc6a8,Lifr,0.2835018,0.050755765,0.18051648921296776,0.23275566138887044,0.044314463,0.71006745,0.7017141943009874
Neurons,Oligodendrocytes,Col11a1,Ddr1,0.5586336,0.31200376,0.3618226770318794,1.0690931092724445,0.13146345,0.85859954,0.7017495958573462
Pericytes,Pericytes,Fgf1,Fgfr2,0.45379245,0.14998941,-0.14548988547959488,-0.308212597952036,0.021615326,0.80806434,0.7021419098098844
Astrocytes,Pericytes,App,Lrp6,0.42535913,0.17941539,-0.35635318590507,-0.6990637976817176,0.0111728255,0.8215744,0.7021419098098844
OPCs,Astrocytes,Fgf13,Fgfr2,0.68639004,0.31202886,-0.018532838862900643,-0.27261574894225143,0.025732843,0.85860443,0.7023169297858027
Neurons,Neurons,Spon1,App,1.0139533,0.39274156,0.10563212111596507,-0.15547299600685272,0.018646173,0.87200177,0.7023492917493825
Pericytes,OPCs,Lgi1,Adam22,0.7499796,0.52923113,0.30957604000136396,0.5253810324458564,0.047406524,0.887745,0.7023492917493825
OPCs,OPCs,Agrn,Lrp4,0.42535752,0.17655829,0.45401881137221806,0.4314513828810225,0.09858511,0.8203948,0.7027094551359725
Microglia,Neurons,Calr,Lrp1,0.5606742,0.31222412,0.2537211134304529,0.1766859773765841,0.023318231,0.8586424,0.7028843655331672
Astrocytes,Astrocytes,Wnt7a,Ldlr,0.22974014,0.050810296,0.5937894998987592,0.3668743337160341,0.11525344,0.71017796,0.7029647548371318
Microglia,Pericytes,Gnai2,Igf1r,0.74972194,0.485882,0.4292408377478458,0.8993265129753623,0.05936806,0.88341576,0.70299310332876
OPCs,Neurons,App,Tspan12,0.5825453,0.14963381,-0.11068857431097867,-0.545873160748029,0.037735112,0.8078802,0.7032773062131124
Microglia,OPCs,Timp2,Itgb1,0.42528212,0.18040322,0.24042526175463852,0.27917375130210403,0.048099995,0.82197654,0.7032773062131124
Neurons,Microglia,Cx3cl1,Itgav,0.58243716,0.31293237,0.5096438028506138,0.6820286617067821,0.12264502,0.85877985,0.7034523108223739
Astrocytes,Neurons,Lgi4,Adam23,0.74962497,0.39528337,0.9579842302190718,0.9188274863243072,0.33229113,0.87236136,0.7036372146565429
Oligodendrocytes,Microglia,Omg,Rtn4rl1,0.4252125,0.15589514,0.8012998358082822,0.9274205937067721,0.13884217,0.81104136,0.70384525906267
Oligodendrocytes,Pericytes,Fgf1,Fgfr2,0.4534577,0.14952727,-0.1460521223752752,-0.2051516634918168,0.021548724,0.8078249,0.70384525906267
OPCs,Neurons,Slit2,Robo2,0.9245989,0.31303284,0.37175239078402106,0.6430514399600094,0.054168858,0.85879934,0.704020561970334
OPCs,Neurons,Omg,Rtn4rl1,0.23904447,0.050830137,0.1878584847007092,0.08052909705527768,0.045269955,0.71021813,0.7042148055467874
Microglia,OPCs,Pros1,Mertk,0.7494213,0.54476136,1.6666825123816082,1.3811759277426976,0.0842652,0.8891781,0.7042813942893709
Oligodendrocytes,Microglia,App,Aplp2,0.9614451,0.39175445,-0.19870073731479998,-0.19843334832497583,0.01767612,0.8718613,0.7042813942893709
Oligodendrocytes,Neurons,Bsg,Slc16a7,0.4251036,0.15725979,-0.02714786202914564,-0.1529731484288313,0.026762873,0.8117083,0.7044137217790616
Pericytes,Neurons,Gnas,Crhr1,0.7112767,0.14945045,0.1244979396438976,-0.1481016934135771,0.1324174,0.80778503,0.7044137217790616
OPCs,Neurons,Fgf13,Scn8a,0.68828666,0.31311947,0.33432278563826406,0.37267532170796286,0.048289333,0.8588161,0.7045891190593833
OPCs,OPCs,Apoe,Ldlr,1.0223341,0.39173716,0.3926317803670537,0.19345806233610963,0.037469868,0.8718588,0.7049257576855144
OPCs,OPCs,Slitrk2,Ptprs,0.74085355,0.3133503,0.762009666231007,0.7236428373459209,0.09878375,0.8588608,0.7051579821718574
Neurons,Microglia,Jam3,Itgam_Itgb2,0.23423633,0.050878488,0.7185852053177362,-0.03953216424679673,0.10277412,0.710316,0.7054644587351604
Neurons,Pericytes,Cx3cl1,Itgav,0.4249884,0.18059279,0.29707309109527,0.33383308134314266,0.07077826,0.8220534,0.705551360897674
OPCs,Microglia,Gnas,Adcy7,0.7490823,0.45953712,0.5706863258818471,0.11221313638575003,0.09751035,0.88051426,0.7055703046803903
Pericytes,OPCs,Cxcl12,Itgav,0.6524857,0.3134089,1.285813070987679,1.11901178982218,0.26374,0.8588721,0.7057271513900925
Oligodendrocytes,Pericytes,Sema6a,Plxna2,0.4249323,0.1776578,0.10408090885142501,0.6674269042236189,0.05124888,0.8208517,0.7061207417452139
Pericytes,Microglia,Ncam1,Ptpra,0.74895835,0.55984455,-0.21065810614925706,-0.28400884054668896,0.018306054,0.8905166,0.706215035109416
Neurons,Astrocytes,Mif,Egfr,0.56954455,0.31344518,0.9843930345495533,0.5691981065942971,0.12609833,0.85887915,0.7062964222619633
Microglia,Pericytes,Tgfb1,Egfr,0.4248783,0.18019953,1.611950900651474,1.2301026428176813,0.27705267,0.8218939,0.7066902242272805
Oligodendrocytes,Pericytes,Gnai2,Tbxa2r,0.22760236,0.050885,1.2781688462279355,0.6681687275893553,0.10701643,0.7103291,0.7067136023024057
Oligodendrocytes,Neurons,Apoe,Sorl1,0.74893427,0.51538235,0.16192823239977333,0.24000318367608375,0.029875536,0.886417,0.7068600646286758
Astrocytes,Pericytes,Hsp90b1,Lrp1,0.61609846,0.31346393,0.2860209015457754,0.2975809487554817,0.019891893,0.8588827,0.7068662038287405
Pericytes,OPCs,Fgf1,Fgfr2,0.45145774,0.14897485,-0.14754648943814097,-0.40037240618224973,0.021469114,0.80753744,0.7072602175371636
OPCs,Astrocytes,Slitrk3,Ptprs,0.42481637,0.16200837,0.3803079912304025,0.24389855443102287,0.07440407,0.81397116,0.7072602175371636
Pericytes,Pericytes,Gnas,Adcy8,0.7739883,0.31354445,-0.12882955781185731,-0.4283752772006672,0.014714895,0.85889834,0.7074362917482564
Astrocytes,Astrocytes,Lrig2,Egfr,0.44749853,0.14889799,0.8714256190814684,0.5845441795425492,0.066847734,0.8074974,0.7078303124262124
Neurons,Astrocytes,Slitrk1,Ptprs,0.42480212,0.1619924,0.2385288361577208,0.1650025744166447,0.056239717,0.8139637,0.7078303124262124
Astrocytes,Oligodendrocytes,Bmp1,Bmpr2,0.22925645,0.050918203,0.0575763245029957,-0.04543982541057806,0.023537857,0.71039623,0.7079623484722908
Astrocytes,Astrocytes,Hsp90aa1,Egfr,0.57050973,0.3147464,0.7734990083118485,0.2648924393934521,0.06579164,0.85913,0.7080066861028461
OPCs,Microglia,Fbn1,Itgb1,0.42427891,0.17565428,0.7571549621141596,0.7677222993842601,0.11252253,0.8200163,0.7084009185276637
OPCs,Astrocytes,Ntn1,Adora2b,0.5509369,0.14886251,1.9396361559091886,1.148984689180523,0.25306886,0.80747885,0.7084009185276637
Astrocytes,OPCs,Gnas,Adora1,0.7105207,0.3148926,0.008632361818977308,-0.21145763657549005,0.040191375,0.8591581,0.7085773869748458
Astrocytes,Neurons,Psap,Sort1,0.7477273,0.44325373,0.08402273560190823,-0.21805676534619822,0.03801962,0.87860334,0.708795903794532
Pericytes,Astrocytes,Tfpi,F3,0.78559864,0.39028823,2.1197557805790566,1.6295624785925933,0.35328013,0.87165165,0.708795903794532
Neurons,OPCs,Sptbn2,Ptpra,0.42424375,0.1534761,0.19966902989001106,0.07686442359885626,0.082184374,0.8098401,0.7089718312034061
OPCs,Oligodendrocytes,Slit2,Dcc,0.4891115,0.14885925,-0.15120229689749978,-0.6943192773337568,0.020433858,0.8074771,0.7089718312034061
OPCs,OPCs,Fgf12,Fgfr1,1.0274673,0.31491315,0.34049493473094744,0.2990796600171923,0.03879941,0.85916203,0.7091481893619433
Astrocytes,Pericytes,Col4a5,Itgav_Itgb8,0.2305306,0.051070098,0.38089979997669354,0.3511557409406402,0.03776489,0.7107026,0.7092106412462391
Astrocytes,Neurons,Adam10,Nrcam,0.7473818,0.45494625,0.2376010647148357,0.2555805019601999,0.024252836,0.87998503,0.7094415489583401
Microglia,Pericytes,App,Aplp1,0.42422152,0.15648389,-0.7823110143384298,-2.0240744927904606,0.0062226844,0.81133,0.709542845375045
OPCs,Neurons,Lgi1,Adam23,0.71493477,0.31495067,0.31831901618933395,0.35165771191113626,0.0400338,0.85916924,0.709719503405636
Oligodendrocytes,Microglia,Copa,P2ry6,0.43578228,0.14867738,1.4526607747246738,0.8692475542315847,0.11539869,0.8073821,0.7101143713362222
Pericytes,Astrocytes,Gnai2,S1pr1,0.57347596,0.31526783,1.116150386713014,1.0493584942897023,0.15313122,0.85923016,0.7102911242137161
Oligodendrocytes,Oligodendrocytes,Rgma,Bmpr2,0.2295559,0.05107977,-0.08508805389032145,-0.09120257467695417,0.008516833,0.710722,0.7104584247070763
Neurons,Microglia,Cadm3,Cadm1,0.7463785,0.46840554,0.2757346703892473,0.41629306767686897,0.089245304,0.8815161,0.7107335024786603
OPCs,OPCs,Slitrk1,Ptprs,0.77206755,0.38989633,0.6654740356507766,0.6965864961571112,0.13536225,0.87159544,0.7107335024786603
Pericytes,Neurons,Alcam,Nrp1,0.5677597,0.31534863,0.2621488742516797,0.5857793355444385,0.033384036,0.85924566,0.7108630518685196
Microglia,OPCs,Tgfb1,Sdc2,0.42393947,0.17936806,1.2944401722640912,0.946168449912516,0.142634,0.8215551,0.7112581383134756
Oligodendrocytes,OPCs,Fgf1,Fgfr2,0.451123,0.14851582,-0.1481087263338213,-0.29731147172203054,0.021402963,0.8072975,0.7112581383134756
Microglia,Neurons,Gnas,Adcy1,0.74591553,0.4172978,0.15242276500269847,-0.14991203239498135,0.07718144,0.8753484,0.7113796945212771
Microglia,Microglia,App,Notch2,0.56207705,0.31569415,0.17836793677670365,-0.20568783698449655,0.030675301,0.8593118,0.7114352864523821
Astrocytes,Neurons,Wnt7a,Fzd3_Lrp6,0.2305806,0.051121853,0.6723813257190338,0.4076896583255176,0.15170847,0.71080667,0.7117058109564666
OPCs,Pericytes,Apoe,Scarb1,1.0015984,0.31581604,0.47527780202935566,0.3779595934860349,0.05582153,0.8593352,0.7120078280476392
Oligodendrocytes,OPCs,Apoe,Lrp8,0.55812013,0.14814575,0.03841009390962749,0.16541759734673023,0.019938247,0.8071034,0.712403132793498
OPCs,Pericytes,Sema3e,Nrp1,0.42373586,0.17942828,0.5659569912152514,0.7258110657477816,0.11657766,0.8215797,0.712403132793498
Astrocytes,Neurons,Ptn,Ptprz1,0.5993906,0.31611514,0.03355272756027404,-0.3358229828087369,0.008106094,0.8593924,0.7125804709907713
Microglia,Neurons,Il1rapl1,Ptprs,0.7451606,0.3965289,-0.037075192502193766,-0.4332893283578323,0.01036214,0.8725364,0.712672624300464
Pericytes,Neurons,Kitl,Kit,0.2479164,0.051125783,0.578228623132984,0.6342841858228577,0.1649155,0.71081454,0.7129527440568901
Astrocytes,Pericytes,Sptan1,Ptpra,0.56233644,0.31622222,-0.019190252033504402,-0.07733317062623224,0.023993965,0.85941285,0.7131536267455137
Neurons,Neurons,Sema6b,Plxna4,0.61777216,0.14803426,0.582782896761307,0.733320593670583,0.16493727,0.80704474,0.7135493554346197
Microglia,Astrocytes,Hspa8,Ldlr,0.4234454,0.15701018,-0.08956552268444584,-0.5100926358125473,0.024190579,0.8115869,0.7135493554346197
Neurons,Pericytes,Cntn6,Notch1,0.74507505,0.4593093,1.065731267856441,1.3332689728658467,0.123553984,0.88048816,0.7139663967549331
OPCs,Microglia,Nlgn2,Nrxn1,0.5628979,0.31632435,0.10066164459237226,-0.3955765357597848,0.017499285,0.85943234,0.7140140395236457
Microglia,OPCs,Nrxn1,Nlgn2,0.5628979,0.31632435,0.10066164459237226,-0.3955765357597848,0.017499285,0.85943234,0.7140140395236457
OPCs,OPCs,Sparc,Fgfr1,0.52703375,0.14798462,0.22681589630484866,0.07038438316129342,0.017551254,0.80701864,0.7141230305426441
OPCs,Microglia,Slit2,Robo1,0.22998932,0.051173232,-0.39005869683631983,-0.9796433254678845,0.006112065,0.7109099,0.7141991681521856
OPCs,OPCs,Gnas,Adcy9,0.7450527,0.45093128,-0.05062495640810395,-0.4326775046441686,0.023418505,0.8795162,0.7146134969484879
OPCs,Astrocytes,Fgf13,Fgfr3,0.81910855,0.3883456,1.2835636311278376,0.9925126148014574,0.076388456,0.8713723,0.7146134969484879
OPCs,Microglia,Nlgn3,Nrxn1,0.5629993,0.31644315,0.3128215453517482,-0.2474546230187522,0.022773374,0.859455,0.715161988965894
Microglia,OPCs,Nrxn1,Nlgn3,0.5629993,0.31644315,0.3128215453517482,-0.2474546230187522,0.022773374,0.859455,0.715161988965894
Pericytes,Astrocytes,App,Aplp2,0.74413836,0.45449454,-0.33561664001494784,-0.6897246798924633,0.020506978,0.8799326,0.7152607782719445
Microglia,OPCs,Ncam1,Ptpra,0.4233672,0.15244691,-0.49894805560674305,-1.1424963161148742,0.0049847793,0.80932146,0.7152710967701728
Neurons,Neurons,Efnb2,Ephb2,0.27352992,0.05131845,0.4249720822471656,0.368451432911561,0.19295637,0.711201,0.7154451952219807
Pericytes,OPCs,Adam10,Notch1,0.42332643,0.17904691,0.5732626643687108,0.34230647790912494,0.037483066,0.8214237,0.7158456942073448
Neurons,Neurons,Psap,Sort1,0.7439157,0.44014826,0.08050661687147448,-0.2217647385105459,0.037753254,0.8782279,0.7159082405607198
Neurons,Pericytes,Gpc3,Cd81,0.91825366,0.3167454,0.2815587228572117,0.2886339098844685,0.047061015,0.8595127,0.7160238096334002
Microglia,Neurons,Gnai2,Adcy1,0.42332077,0.17666477,0.4965943467941194,0.561793495156457,0.1420574,0.8204392,0.7164203928046884
OPCs,OPCs,Apoe,Vldlr,1.0209426,0.38664225,0.33974071176999926,0.09910328010077896,0.0636043,0.8711257,0.716555999960781
Pericytes,Pericytes,Fgf14,Fgfr2,0.7438278,0.5504151,-0.30527837948356307,-0.9042290604853113,0.0117075965,0.88968575,0.716555999960781
Oligodendrocytes,Pericytes,Psap,Gpr37l1,0.57230467,0.31679934,0.16689265166686446,0.2600426765438112,0.01514199,0.85952294,0.7165988100629245
Neurons,Pericytes,Jag2,Notch2,0.24441683,0.051335443,0.49137948756384564,0.5261229612590385,0.13332818,0.711235,0.7166907693897793
Microglia,OPCs,Tgfb1,Itgb1,0.4233098,0.17881039,1.2261052643014763,0.848857997112934,0.15052313,0.8213267,0.7169956055027029
Oligodendrocytes,Microglia,Csf1,Sirpa,1.006359,0.31698322,1.5660435388092102,1.7649488872997252,0.2292444,0.859558,0.7171741182448064
Microglia,Microglia,Adam10,Tspan14,0.7436582,0.49642542,0.6268759168298446,0.991160013936482,0.14708647,0.8845167,0.7172038237188669
OPCs,Microglia,Vcl,Itgb5,0.95533687,0.38614717,1.7881474965516657,1.6194775426150136,0.0683244,0.8710538,0.7172038237188669
Pericytes,Pericytes,Jag1,Notch1,0.42327654,0.17901327,1.5406693973063061,1.2434937952665943,0.16618219,0.8214099,0.7175711260098669
Microglia,Astrocytes,B2m,Tfrc,0.9595036,0.31740677,1.074096735019797,1.2594340181621553,0.081615075,0.8596386,0.7177497342613813
Astrocytes,OPCs,Ptn,Sdc3,0.7434385,0.5486446,0.6566053788641221,0.4864686262511041,0.04882239,0.88952756,0.7178518279484937
Pericytes,Astrocytes,Cthrc1,Fzd3,0.22774759,0.051371217,0.3415031822640953,0.4620769770293039,0.06083559,0.7113065,0.7179358348603995
OPCs,Pericytes,Lama4,Dag1,0.4230015,0.17893018,1.0295398072114568,0.9054137371977928,0.084759474,0.82137585,0.718146747592604
Astrocytes,OPCs,Lrpap1,Lrp1,0.8106076,0.31742328,0.6924557040757358,0.6865842924639385,0.040460117,0.8596417,0.7183256581949851
OPCs,Astrocytes,Adam10,Tspan5,0.7430681,0.50701505,0.19858789581786615,0.1806400282273425,0.044155944,0.8855904,0.7185000124850789
OPCs,Pericytes,Col9a3,Itga1_Itgb1,0.4302844,0.14740592,0.6749359494464418,0.7992352613492222,0.14248085,0.80671334,0.718722883854477
Microglia,Astrocytes,Entpd1,Adora1,0.7383892,0.31753182,1.6997060605476348,1.421137560197263,0.1753582,0.8596623,0.7189018901279534
Oligodendrocytes,Microglia,Agrn,Atp1a3,0.22695324,0.05147243,-0.2839871223696388,-0.8115924854338357,0.008428265,0.71150863,0.7191805034914989
OPCs,OPCs,Lgi1,Adam23,0.4223174,0.15576011,-0.006649543301718727,-0.17933434883174204,0.019798873,0.81097496,0.7192991211353794
Pericytes,Oligodendrocytes,Il18,Il1rapl1,0.7394516,0.3175329,-0.09539712996196661,-0.48476601362411104,0.019134944,0.85966253,0.7194782230711578
Neurons,OPCs,Apoe,Lrp1,0.8349832,0.38535386,0.4822648351262957,-0.24988449042423622,0.008817607,0.87093824,0.719797038293158
Pericytes,Astrocytes,Gpc3,Lrp1,0.7428638,0.40804,0.9318463257034875,1.2194302551588647,0.12422949,0.8741192,0.719797038293158
Pericytes,Pericytes,Gpc3,Lrp1,0.61843455,0.31754377,0.7623524381839102,1.0872918162419172,0.096677534,0.8596646,0.7200550711391964
Pericytes,Neurons,Ntn1,Unc5a,0.25973105,0.051538,0.7373479436885778,0.6659156861332187,0.147362,0.7116392,0.7204247194675724
Pericytes,Neurons,Fstl1,Dip2a,0.42219788,0.17775427,0.256411922129857,-0.08569813859070585,0.06783625,0.8208917,0.7204529340477622
Pericytes,Microglia,App,Grm7,0.67949367,0.31755456,-0.5983098203983408,-1.494176967879183,0.0064187567,0.85966665,0.720632227453577
Pericytes,Neurons,Timp3,Ddr1,0.46491376,0.1471535,0.4119440658293486,0.16453341268148503,0.040877588,0.8065797,0.7210300955483255
Neurons,Pericytes,Mif,Ackr3,0.42215484,0.17638157,1.0694286817237384,0.5015834487299099,0.14037564,0.820321,0.7210300955483255
Pericytes,OPCs,Fgf14,Fgfr2,0.7414931,0.5466919,-0.3073349834421092,-0.996388868715525,0.011628403,0.88935226,0.7210946669462268
Pericytes,Astrocytes,Rgma,Neo1,0.574589,0.31777763,0.27777370301758214,0.37141344543378296,0.05333339,0.85970896,0.7212096920966359
Pericytes,OPCs,Pltp,Abca1,0.42177966,0.16732845,0.9834814769811805,1.1295948222990935,0.12615849,0.816405,0.7216077726927019
Oligodendrocytes,Astrocytes,Gnai2,Adora1,0.22926521,0.05154119,0.09595369979496986,0.2152485811531067,0.02860039,0.71164554,0.7216684270543838
Pericytes,Pericytes,Gnai2,Igf1r,0.7412974,0.4685988,0.41498223811484514,0.9257545676289429,0.05725629,0.8815377,0.7217437505810745
Neurons,Neurons,Calr,Lrp1,0.56533575,0.3178817,0.2598261743913117,0.08417924038214819,0.023740765,0.85972875,0.7217874651507084
Microglia,OPCs,Cklf,Lrp6,0.43446046,0.1470212,0.6780317123313417,0.707854494357113,0.113231644,0.80650955,0.7221855507142265
Pericytes,Neurons,App,Tnfrsf21,0.6796827,0.31795496,-0.05689146248956864,-0.2590594401075682,0.0362934,0.85974264,0.7223655466981301
Pericytes,Neurons,Hspa8,Ldlr,0.5192268,0.14699438,-0.07656664921579864,-0.4505869800325084,0.02264744,0.8064953,0.7227638447656279
Astrocytes,Oligodendrocytes,Gnai2,S1pr5,0.22763631,0.051547382,0.11057155509956765,0.40809268645918223,0.1073432,0.7116579,0.7229117379876875
Astrocytes,Microglia,Megf10,Abca1,0.56621635,0.31818548,0.5206892484091794,0.7016258643944805,0.09629864,0.85978633,0.7229437290853727
OPCs,Oligodendrocytes,Ncan,Cdh2,0.42139274,0.16817203,0.49842523210968,0.21361576915503255,0.05874647,0.8167816,0.7233424474494186
Astrocytes,OPCs,Lgi4,Adam22,0.6368426,0.3182774,0.7390964907097108,0.5095133727259663,0.1885491,0.85980374,0.7235224277556571
Pericytes,Astrocytes,Lamc1,Itga7_Itgb1,0.5041657,0.14692287,1.047141159753063,1.1304636929804825,0.20598948,0.80645734,0.7239211509248715
Oligodendrocytes,OPCs,Lrrc4b,Ptprs,0.7429069,0.3183857,0.37933348761368296,0.49745169341369655,0.04748211,0.85982424,0.7241014351662689
Astrocytes,OPCs,Actr2,Ldlr,0.22751111,0.051578324,-0.03424487997817554,-0.19042645594361918,0.017262483,0.71171945,0.7241545965129356
Oligodendrocytes,Pericytes,Rtn4,Tnfrsf19,0.89452577,0.3840956,0.43877043759171724,1.001849648676247,0.08096904,0.87075436,0.7243419933666191
Astrocytes,Astrocytes,Hsp90b1,Lrp1,0.7405277,0.40279743,0.4555147890653526,0.42971938767242923,0.025560848,0.87340605,0.7243419933666191
Neurons,Oligodendrocytes,L1cam,Fgfr2,0.71928245,0.3183952,0.25942822514113406,0.7563744701015531,0.1093632,0.859826,0.7246807513995435
Neurons,Pericytes,Pdgfc,Pdgfrb,1.0953096,0.3839812,3.71858372629498,1.9157691185365318,0.2888047,0.87073755,0.7249919719848633
Neurons,Neurons,Efna5,Ephb1,0.7400845,0.50631535,0.39050306007464153,0.4471779786083553,0.20972694,0.8855204,0.7249919719848633
OPCs,Neurons,Slit2,Dcc,0.9393139,0.31858024,0.18613153708976202,0.35628901224896103,0.0437314,0.859861,0.7252603765378167
Astrocytes,Pericytes,Lrpap1,Sorl1,0.22726008,0.05164685,-0.09595564427200458,-0.18696744469366894,0.016677363,0.71185565,0.7253969469568047
Oligodendrocytes,Oligodendrocytes,Il18,Il1rapl1,0.76665246,0.38380826,-0.052786929892790053,-0.2017125521622271,0.023128781,0.8707122,0.7256421290995958
Pericytes,Microglia,Adam10,Cadm1,0.74003655,0.45516148,-0.013852276815792715,0.04473706719473247,0.020253772,0.88001007,0.7256421290995958
Astrocytes,Astrocytes,Megf10,Abca1,0.56656414,0.31861353,0.5213815899459476,0.5587918758085225,0.0964282,0.85986733,0.7258403106634242
Neurons,Pericytes,Adam10,Axl,0.4208411,0.17453095,0.749564446752761,0.2855377184464666,0.067099236,0.8195424,0.7262396765023698
Oligodendrocytes,Astrocytes,Apoe,Abca1,0.7400267,0.49823916,0.40448629995595714,0.5764660627471145,0.032450527,0.88470286,0.7262925813400158
Astrocytes,Pericytes,S100a1,Trpm3,0.79840535,0.3187123,0.2841816424386155,1.083228355789406,0.041726187,0.859886,0.7264203454573726
Neurons,Neurons,Fbn1,Itgb1,0.24116296,0.051686287,0.25269337983278556,0.09145262949589224,0.03310976,0.7119339,0.7266389009332126
Astrocytes,Astrocytes,Adam10,Notch1,0.4207704,0.17702574,0.5760682974370885,0.36608339784207466,0.037059933,0.8205895,0.7268199240097759
Pericytes,Astrocytes,Fgf1,Egfr,0.44569957,0.14647257,0.9658656703962523,0.7368166528128008,0.084640436,0.8062177,0.7268199240097759
OPCs,Oligodendrocytes,Slit2,App,0.9398744,0.31879154,-0.04062238875201946,0.08190486438272937,0.035837304,0.859901,0.7270008976936351
Oligodendrocytes,Pericytes,Cntn1,Notch1,0.42075735,0.17681897,0.47537191703316084,-0.006731064427584754,0.016647242,0.8205034,0.7274006890925664
Neurons,Pericytes,Ptn,Sdc2,0.6042038,0.31909016,0.45454287248574793,0.07161244270892164,0.020702286,0.8599574,0.72758175916421
OPCs,Astrocytes,App,Notch2,0.73997706,0.47020262,0.23854155923475134,-0.19164745408803385,0.045688547,0.88171595,0.727593786634602
Oligodendrocytes,OPCs,Omg,Lingo1,0.23053744,0.051790003,0.08193706020701566,0.2000204528412812,0.05046371,0.7121395,0.7278804027485347
Pericytes,Oligodendrocytes,Calr,Itgav,0.42056695,0.17584014,0.0920507283735001,0.3105006068493873,0.02093383,0.82009435,0.7279815547665256
Pericytes,Neurons,Fgf14,Fgfr1,0.5988018,0.31914192,0.03592389670208637,-0.42102307614180623,0.022574468,0.8599672,0.7281629299514324
Neurons,OPCs,App,Vldlr,1.0111245,0.38249508,0.051169759457680444,-0.2352148013167954,0.08141393,0.87051916,0.7282446561213773
Oligodendrocytes,Microglia,Apoe,Abca1,0.7396789,0.49756974,0.4037939584191889,0.7193000513330725,0.032406926,0.88463426,0.7282446561213773
Microglia,Astrocytes,Gnai2,Egfr,0.57389796,0.31931457,1.1960581157089532,1.049384424072717,0.14392775,0.8599997,0.7287444101376382
Microglia,Neurons,Gnai2,Adcy7,0.29161978,0.05189739,0.3386725072158525,0.35735303761417725,0.047876548,0.7123517,0.7291213967903282
Oligodendrocytes,Astrocytes,Fgf1,Egfr,0.44536483,0.14602126,0.9653034335005719,0.8398775872730201,0.08437964,0.8059765,0.72914463149415
OPCs,OPCs,Gnai2,Adcy8,0.4204412,0.15898867,0.2023084932409923,0.11717031391885979,0.03243929,0.81254244,0.72914463149415
Microglia,Astrocytes,Tgfb1,Sdc2,0.58229214,0.31961262,1.6079347086049067,1.2423482263607006,0.25415692,0.86005586,0.7293261998051634
Neurons,OPCs,Gpc3,Cd81,1.0882242,0.38224822,0.4107962244833244,0.2975449955550335,0.056793217,0.8704828,0.7295470449043606
Microglia,OPCs,Pdgfb,Itgav,0.73914224,0.48457986,1.4228712273004511,1.1935212518511962,0.21358822,0.88327754,0.7295470449043606
Neurons,Oligodendrocytes,Lgi1,Adam23,0.42008218,0.16664091,0.02930914170316057,-0.2844821898688017,0.021181948,0.81609625,0.7297264250905733
OPCs,Neurons,Ncan,Cdh2,0.6548103,0.31963208,0.7493420396575532,0.4945569464837706,0.11165505,0.8600595,0.7299080899684856
OPCs,Astrocytes,Lamc1,Dag1,0.42003316,0.17129001,0.48229170204869454,0.5742241102080556,0.049781248,0.8181521,0.7303087372292739
OPCs,Astrocytes,Mdk,Ncl,0.22943054,0.051909924,0.2646273311619962,0.06631138132451311,0.040029313,0.7123765,0.7303619945507397
Oligodendrocytes,OPCs,Fgf12,Fgfr2,0.57591885,0.31964478,-0.33701451849675956,-1.1808525054347148,0.011842564,0.8600619,0.7304904987344585
Pericytes,Pericytes,Bcan,Egfr,0.41997665,0.17621027,0.6964514955788965,0.8308719928971013,0.043596424,0.8202494,0.7308911498150457
Astrocytes,Oligodendrocytes,Adam10,Cadm1,0.5886863,0.3199089,-0.15143438922223704,-0.40417896202544823,0.014235303,0.8601116,0.7310732172287282
Neurons,OPCs,Fgf13,Scn8a,0.73772526,0.5275001,0.4172457397058015,0.5188260571495061,0.08135115,0.8875817,0.7315017824155481
Astrocytes,Astrocytes,Il15ra,Axl,0.22922263,0.05191323,0.7994643066444236,0.5530149362512058,0.08343599,0.712383,0.7316020847428357
OPCs,Microglia,Hsp90b1,Tlr7,0.5659982,0.32035372,1.4521365283053154,0.8488492782892441,0.18096301,0.86019516,0.7316562455336305
Oligodendrocytes,Neurons,Cntn1,Nrcam,0.7376515,0.43413693,0.10365862009556956,-0.23345757063820927,0.01040817,0.87749064,0.7321537155065893
Neurons,Neurons,Bcan,Nrcam,0.6844905,0.32044643,0.33619144743045815,0.2338280205559063,0.01738432,0.86021256,0.7322395837315011
OPCs,Astrocytes,Agrn,Dag1,0.41991183,0.17120549,0.3272025168513453,0.36289280331766405,0.047010846,0.8181154,0.7326406644547969
Astrocytes,Pericytes,Vegfa,Itgb1,0.7375144,0.5311663,1.0346907154440588,1.2699316654851431,0.12392714,0.88792676,0.7328059423958916
OPCs,Neurons,Calr,Lrp1,0.56778055,0.32084894,0.2630282327636697,0.07927890643376023,0.023962373,0.860288,0.7328232319046761
Astrocytes,Oligodendrocytes,Gnai2,Unc5b,0.22866307,0.052048642,0.10998812598679666,0.40030261795681304,0.08097976,0.71264976,0.7328417787776204
Microglia,Astrocytes,Rgmb,Neo1,0.4491484,0.14571542,0.11477767228408695,0.14663527764925488,0.06549345,0.8058125,0.7332245257072104
Microglia,Astrocytes,App,Grm7,0.41985232,0.15143788,-0.79389841152589,-2.0019669903897714,0.0030610263,0.80880857,0.7332245257072104
OPCs,Microglia,Lrpap1,Lrp1,0.6405007,0.32089958,0.4786904012518969,0.6079697394557984,0.04090322,0.8602975,0.7334069804000399
Microglia,Neurons,App,Aplp2,0.7368439,0.5175336,-0.27256085812545205,-0.7765761876359544,0.023351325,0.88662654,0.7334582287260684
Pericytes,Astrocytes,Gnas,Adcy9,0.79932356,0.3798378,-0.0682846184702832,-0.2601490025066937,0.019726362,0.8701258,0.7334582287260684
Astrocytes,Microglia,Lgi1,Adam22,0.9245248,0.32093278,0.6944210484077923,0.631644065527115,0.02874794,0.86030376,0.733991248659455
Oligodendrocytes,Astrocytes,Lama2,Itga7_Itgb1,0.2358656,0.052127242,0.4151733969751161,0.3086505679022177,0.04036002,0.71280426,0.7340810210629354
Pericytes,Oligodendrocytes,Lama2,Itgav_Itgb8,0.8938905,0.37940755,0.8879278619099072,1.3145260782686519,0.052299254,0.8700617,0.7341106914130678
Oligodendrocytes,Astrocytes,Adam10,Tspan5,0.736144,0.49378285,0.19020619677647566,0.44852927124985653,0.04300355,0.88424385,0.7341106914130678
Microglia,Pericytes,Ncam1,Ptprz1,0.41973585,0.15056093,-0.3528104359537977,-0.7993368052648299,0.0030490626,0.8083591,0.7343929687136628
Astrocytes,Astrocytes,Gnai2,Ednrb,0.4204929,0.14569822,0.8254474055242975,0.7206201669805623,0.065902844,0.80580324,0.7343929687136628
OPCs,Astrocytes,L1cam,Ptprz1,1.0548183,0.3215843,1.0366821649190594,1.1866255153016312,0.09054214,0.8604256,0.7345758271411515
OPCs,OPCs,Vegfa,Itgav,0.73603976,0.47845155,0.7620671158783905,0.8231294155976239,0.07794666,0.88261986,0.7347633302923076
Neurons,Pericytes,Ptn,Sdc3,0.41966176,0.17522384,0.2089152730617984,-0.2485388811665845,0.015592693,0.8198352,0.7349777604443342
Oligodendrocytes,Astrocytes,Efnb3,Epha4,0.56747043,0.32174686,0.4744576232045876,1.1374490569863012,0.2912508,0.86045593,0.7351607159274658
OPCs,Pericytes,Fgf13,Scn8a,0.23448366,0.05217042,-0.21689800908066623,-0.5688208461922146,0.00804573,0.71288896,0.7353197560877294
Oligodendrocytes,Neurons,Gnai2,Igf1r,0.46779057,0.14566645,0.04097942780132028,-0.07842172386883656,0.017798424,0.8057862,0.7355626523899812
Oligodendrocytes,OPCs,Megf10,Abca1,0.41963214,0.16595845,0.2635272900286902,0.7229159407178423,0.05022723,0.8157881,0.7355626523899812
Oligodendrocytes,Pericytes,Fgf12,Fgfr2,0.57825357,0.3218217,-0.33495791453821344,-1.0886926972045012,0.011923216,0.8604699,0.7357459151007336
Neurons,OPCs,F8,Lrp1,0.73545027,0.10797308,0.7451446617329838,0.7328273257394257,0.07468798,0.7812798,0.7360692532395406
OPCs,Neurons,Slit2,Robo1,0.94832957,0.32197905,0.13998366472482313,0.16260508029708132,0.038456764,0.8604992,0.7363314247432902
OPCs,Pericytes,Mmp2,Fgfr1,0.24492162,0.05218645,0.8178258407094736,0.46154001211307527,0.17336257,0.7129205,0.7365580951413468
Neurons,Astrocytes,Hspa8,Ldlr,0.8267853,0.37814337,0.21872632522823363,0.24166378655357207,0.058260594,0.8698729,0.736722419739538
Neurons,Astrocytes,Cntn6,Notch1,0.7353578,0.438813,1.0324852036411025,1.217045362537097,0.11804048,0.87806535,0.736722419739538
Pericytes,Astrocytes,Fgf14,Fgfr1,0.60065186,0.3220923,0.03941790093211214,-0.35120129225628954,0.022783162,0.8605203,0.7369170345333633
Microglia,Microglia,Cd14,Itgb2,0.41892985,0.16072986,2.2137387852014303,1.352287442990527,0.90794015,0.8133705,0.7373196108409086
OPCs,OPCs,Vcl,Alk,0.431247,0.14536043,0.46154932453626557,0.5279427948180058,0.0483116,0.80562156,0.7373196108409086
Astrocytes,Microglia,Adam10,Cadm1,0.7348115,0.4442499,-0.020177828142344208,0.013367933582651648,0.019768227,0.878723,0.7373757617734146
Microglia,Microglia,Apoe,Lrp6,0.63122183,0.3221492,0.08194052475064122,0.3888095122426812,0.015504748,0.8605309,0.7375031652499524
Oligodendrocytes,Astrocytes,Agrn,Itgb1,0.22858444,0.05219345,-0.04707117977940454,-0.017641849311757052,0.011714835,0.71293414,0.7377959826924653
Microglia,Microglia,Adam15,Itga9,0.4188776,0.1640317,0.7102929767257553,0.8915467376710444,0.062173415,0.81490904,0.7379059549778063
OPCs,Microglia,Gnas,Adcy9,0.7345562,0.42851478,-0.06714548086916261,-0.31661039996960766,0.022254335,0.8767883,0.7380292791765876
OPCs,Astrocytes,Ntrk3,Ptprf,0.8511926,0.32222608,0.5639795295267507,0.653245015160753,0.07379408,0.8605452,0.7380896066828082
Pericytes,OPCs,Spon1,App,0.6674011,0.32242063,-0.10579553661123853,-0.43493376756679136,0.015307549,0.86058146,0.7386763589142666
OPCs,Neurons,Vegfa,Ret,0.29617032,0.05227177,0.4221203914220549,0.4372168660399033,0.14235014,0.71308756,0.7390333632908239
Pericytes,Astrocytes,Fgf12,Fgfr1,0.41867942,0.1750756,-0.003054496531110701,-0.24333036817906567,0.021570489,0.81977266,0.7390793648369071
Neurons,Microglia,Cntn4,Aplp1,0.84626436,0.32266665,0.01291888265314095,-0.19818121374752407,0.020773971,0.8606272,0.7392634220266632
Pericytes,OPCs,Lamb2,Itgav_Itgb8,0.41860977,0.15289615,1.0502197537025535,0.7965208171617544,0.19173275,0.80954844,0.7396664305004974
Microglia,Pericytes,Fgf13,Fgfr1,0.6509894,0.32282257,0.5260628280988578,1.099462485512329,0.08853463,0.86065614,0.7398507961023336
OPCs,Microglia,Calr,Lrp1,0.73406017,0.49667937,0.48952967563424665,0.6136059426320644,0.037094142,0.8845428,0.7399909994151916
Oligodendrocytes,OPCs,Pdgfa,Pdgfra,1.1274083,0.3773433,2.880487934320915,1.8336289064385844,0.23709059,0.869753,0.7399909994151916
Pericytes,Astrocytes,Il1rapl1,Ptprf,0.44238165,0.1448682,-0.2833181112312377,-0.5760043067656158,0.015522301,0.80535585,0.7402540179993172
Microglia,Pericytes,Fgf14,Fgfr1,0.41858548,0.16792995,-0.11269194823427056,-0.53360787308946,0.011878507,0.81667376,0.7402540179993172
OPCs,Microglia,Trf,Adrb2,0.23013192,0.052278455,0.5321263601347427,-0.93948430466051,0.050284937,0.7131006,0.7402703481041741
Astrocytes,Neurons,Ntrk3,Ptprf,0.6851701,0.32295856,0.4057091037592152,0.4301734756831769,0.07396183,0.8606814,0.7404382701497841
Microglia,Microglia,Grn,Sort1,0.73399127,0.44520012,1.15805706672676,1.1130839971120743,0.16175966,0.8788368,0.7406452166810795
Pericytes,OPCs,Arf1,Insr,0.4183588,0.1574777,0.153670855796454,0.1414525927154433,0.03783603,0.8118141,0.7408419166002438
Astrocytes,OPCs,Spon1,Lrp8,0.5469748,0.14471407,0.7021040890915722,0.7462398202578251,0.0524539,0.8052724,0.7408419166002438
Astrocytes,Microglia,Agrn,Lrp1,0.6417621,0.32326937,0.427937980749891,0.6278213063536258,0.031783883,0.86073905,0.7410262662872796
Pericytes,Neurons,App,Lrp6,0.7339314,0.43287274,-0.11072086281513684,-0.4043152165798731,0.026956508,0.8773338,0.74129960849332
OPCs,OPCs,Adam10,Tspan5,0.41821086,0.16226503,-0.15779283920592457,-0.45170122710001553,0.014131664,0.81409097,0.7414299151233686
Neurons,Neurons,Adam9,Itgb1,0.24209155,0.0522836,0.12343681418190172,-0.05654785861382294,0.025413278,0.71311074,0.7415068816619954
Microglia,Microglia,App,Rpsa,0.56960297,0.32438588,-0.4704414037219513,-1.2129467479188742,0.013529471,0.8609456,0.7416145736350266
OPCs,Pericytes,Mdk,Ptprz1,0.41810507,0.1486699,0.4473432968624581,0.4955992280901329,0.0274203,0.8073782,0.7420184360637351
Astrocytes,Oligodendrocytes,Lama2,Itgav_Itgb8,0.7827981,0.3247279,0.7357417176084051,0.9985060130901264,0.044761963,0.86100864,0.7422031922753609
Astrocytes,OPCs,Adam10,Notch1,0.4181014,0.17475462,0.5669371130421593,0.3109373442970441,0.03658448,0.819637,0.7426070568673921
Neurons,Pericytes,Fam3c,Lifr,0.24451175,0.052317,0.16803824206001838,0.19558525912970373,0.02971904,0.7131761,0.7427429085747852
Microglia,Astrocytes,Gnas,Adcy9,0.7045952,0.32483396,-0.1361834856750971,-0.4045506108414496,0.016869811,0.8610282,0.7427921222906183
Pericytes,OPCs,Lgi1,Adam23,0.5701446,0.32505873,0.20349522001967213,0.40370308530131904,0.041318648,0.86106956,0.7433813637631346
Neurons,OPCs,Fgf13,Fgfr1,0.51694304,0.1446187,0.30318194950574007,0.4471126529312979,0.039661918,0.8052207,0.7437856555991806
Microglia,Microglia,Apoe,Lrp5,0.6329088,0.32521087,0.7458377320301072,0.7807536575209068,0.05054423,0.8610976,0.7439707050306305
OPCs,Oligodendrocytes,Bmp7,Actr2,0.23101214,0.052322008,0.5158554349719404,0.22228632061348247,0.050176762,0.71318585,0.7439785398887679
Neurons,Oligodendrocytes,Fgf10,Fgfr2,0.6447168,0.14460571,0.22842039473481715,0.715230587443707,0.1790987,0.8052137,0.7443752104966397
Pericytes,Astrocytes,Lamb2,Itgav_Itgb8,0.41756535,0.15233395,0.9324715696771111,0.6788006600157852,0.12695068,0.8092643,0.7443752104966397
Microglia,Pericytes,Pros1,Axl,0.62469673,0.32541835,2.0650181311115663,1.6648602872700473,0.30644304,0.8611357,0.744560569552764
Astrocytes,Astrocytes,Agrn,Lrp1,0.7331025,0.386134,0.5523596693974758,0.658228879345321,0.03796474,0.8710519,0.7445742976674367
Pericytes,OPCs,Gnai2,Ednrb,0.41743875,0.17270362,0.6857244426227966,0.7051798626495556,0.07811804,0.8187628,0.7449652887819286
Pericytes,Pericytes,Sptan1,Ptpra,0.57059765,0.32551074,-0.010056828398652105,0.003426962578500947,0.024698751,0.86115265,0.7451507457791342
OPCs,Oligodendrocytes,Gnai2,Adcy9,0.23473856,0.05236136,-0.034853569542355134,-0.26903984895291716,0.011822433,0.71326274,0.745213720194192
Neurons,Oligodendrocytes,Ccl25,Grm7,0.8079713,0.37573344,0.10114610442837213,0.0023514652534913083,0.04985632,0.86951065,0.7452297333327051
Neurons,OPCs,Cntn6,Notch1,0.7326888,0.43318334,1.0233540192461732,1.1618993089920664,0.11652611,0.87737244,0.7452297333327051
Oligodendrocytes,Microglia,Jam3,Itgam_Itgb2,0.41733834,0.15978327,0.9491384369371295,1.0779945966954736,0.32276088,0.8129218,0.7455554667827156
OPCs,Astrocytes,Lrrc4b,Ptprs,0.5706297,0.32551938,0.23063122709550835,0.17080704139462854,0.048545986,0.86115426,0.7457412337920765
OPCs,Astrocytes,Lrpap1,Lrp1,0.73184115,0.38330334,0.6031120898994818,0.6383773124474936,0.048857473,0.87063813,0.7458854601325149
Neurons,OPCs,Gnai2,Igf1r,0.5446497,0.14431298,0.11024288050855964,-0.15143663590613016,0.017633049,0.8050547,0.7461461685597606
OPCs,Astrocytes,L1cam,Cntn1,1.0667212,0.32552192,0.5584741003436833,0.7185073191972009,0.07337604,0.86115474,0.746332033673927
Oligodendrocytes,Neurons,Gnai2,Oprm1,0.23150793,0.052426193,0.22714440540602424,0.36457746522947776,0.063678525,0.7133892,0.7464483941622795
Neurons,Microglia,Calr,Lrp1,0.73161536,0.49208602,0.48632761726188867,0.6185062765804523,0.03675109,0.88406754,0.7465412424527789
Astrocytes,Microglia,Agrn,Itgb1,0.41720954,0.16872212,0.2778059124288918,0.4292250586179223,0.037869725,0.81702584,0.746737182262151
Microglia,Neurons,Adam10,Tspan12,0.5642703,0.14426206,0.4100677558350315,0.570883852573964,0.07165148,0.805027,0.746737182262151
Neurons,Microglia,Hsp90b1,Tlr7,0.5705744,0.32552937,1.4577325263908472,0.8075160117469575,0.18388668,0.8611561,0.7469231455070211
Pericytes,Microglia,Arf1,Insr,0.41717398,0.15680024,0.15198516780941818,0.29169152583834734,0.03767326,0.8114846,0.7473282955910078
Microglia,OPCs,Apoe,Lrp4,0.6333387,0.32599103,0.3123388322228796,0.5219258450716863,0.042362105,0.8612408,0.7475143569572298
OPCs,Astrocytes,Itgb3bp,Itgb5,0.23193014,0.052460406,0.2628560837191007,0.21840380415046154,0.024732899,0.7134559,0.7476826727177944
Pericytes,Neurons,Nid1,Ptprf,0.41713846,0.1608436,1.4001186059870374,0.825567097479651,0.27386132,0.8134242,0.7479199332790214
Pericytes,Microglia,Lama4,Itga6_Itgb1,0.5777115,0.3261092,1.5104293505017328,1.3195645603078143,0.1262721,0.86126244,0.7484021841244697
Pericytes,Microglia,Lama4,Itga9_Itgb1,0.5777115,0.3261092,1.5104293505017328,1.3195645603078143,0.1262721,0.86126244,0.7484021841244697
Oligodendrocytes,OPCs,Lama2,Rpsa,0.4169795,0.15901035,-0.05585951655603434,-0.3709574880321317,0.012873134,0.8125528,0.7485116705340018
OPCs,Microglia,H2-K1,Aplp2,0.22915088,0.05250395,-0.07853819695068737,-0.44872465618340635,0.008504729,0.71354073,0.7489165005117209
Pericytes,Neurons,Fgf12,Fgfr1,0.41682935,0.17347191,-0.006548500761136472,-0.31315215206458236,0.021372903,0.81909186,0.7491039325368627
Pericytes,Neurons,Alcam,Chl1,0.7302228,0.52701867,0.3099425432774068,0.6687064256049075,0.035622306,0.8875361,0.7491662186339547
Neurons,Oligodendrocytes,Gnas,Adcy9,1.115192,0.37352544,0.11186161869307137,-0.07341874688693045,0.019398538,0.8691759,0.7491662186339547
Pericytes,Neurons,Dcn,Erbb4,0.70179844,0.32630864,0.4562984191609233,0.5123162578698024,0.07295902,0.861299,0.7492905012457416
Neurons,Neurons,Ptn,Alk,0.41658694,0.17282675,0.04269983513902792,-0.34163005053430473,0.020407816,0.8188156,0.7496965068766892
OPCs,Astrocytes,App,Lrp6,0.7301202,0.45013165,-0.09857183569361891,-0.4308750549340604,0.02803128,0.8794221,0.749822864664576
Astrocytes,Oligodendrocytes,Il1rapl1,Ptprf,1.125384,0.3733472,0.1459700715359666,0.15232045387018045,0.040003307,0.8691488,0.749822864664576
Microglia,Oligodendrocytes,App,Aplp2,0.5714834,0.32655764,-0.4474067377989003,-0.8268937358739865,0.014734414,0.8613445,0.749883173957917
OPCs,OPCs,Lrpap1,Lrp8,0.24777576,0.052589826,0.09280011699378254,0.023237011207588254,0.03942728,0.71370775,0.7501498222759724
Astrocytes,Astrocytes,Lrrc4b,Ptprs,0.41657606,0.15276794,-0.0007567470304640882,-0.11867571480629513,0.022782885,0.8094837,0.7502891806940071
OPCs,Astrocytes,Vegfa,Egfr,0.5792791,0.32656965,1.2804788148224708,1.0814226380443397,0.13915853,0.8613467,0.7504761591153212
Microglia,Microglia,Fgf13,Fgfr2,0.7288835,0.47374055,0.15947272247627584,0.35433873681606576,0.039069116,0.8821063,0.750479682937302
Pericytes,OPCs,Agrn,Dag1,0.41649884,0.17321384,0.34031785301728057,0.4505428156982492,0.047562316,0.8189815,0.7508823798425477
Microglia,Astrocytes,Gnai2,S1pr1,0.5819005,0.32689574,1.1304089863460147,1.0229304396361216,0.15877913,0.8614063,0.751069243710911
Neurons,Astrocytes,Gas6,Mertk,0.7303667,0.37250057,0.9664393477024408,0.9783821828918187,0.07110513,0.8690196,0.75113667328755
OPCs,Microglia,Mdk,Ncl,0.23079696,0.05261068,0.26670153079440695,0.10098691329680007,0.04056969,0.7137482,0.7513827488139192
Neurons,Pericytes,Serpine2,Lrp1,0.5189823,0.14385562,0.3141654003258633,0.2545296626529525,0.00722805,0.8048055,0.751475678408785
Oligodendrocytes,Pericytes,Mif,Egfr,0.41621017,0.17314485,0.5468463234595511,0.8234269940968134,0.069655806,0.818952,0.751475678408785
Astrocytes,OPCs,Ptn,Sdc2,0.6060908,0.32693085,0.22747374234089335,0.18136509562789072,0.021210983,0.8614127,0.7516628538935171
Astrocytes,Astrocytes,Ptn,Sdc4,0.7285938,0.52468157,0.8175340280156225,0.5872026416586202,0.08200321,0.88731414,0.7517938355507372
Pericytes,Microglia,Alcam,Nrp1,0.576875,0.32722473,0.2783604950947331,0.7277348219832442,0.034641292,0.86146635,0.7522567767683296
Neurons,Astrocytes,Slit3,Robo2,0.8556553,0.37216824,0.5322240420244572,0.6962902337383844,0.1666834,0.86896884,0.7524512876121721
Pericytes,Oligodendrocytes,Col4a4,Itgav_Itgb8,0.2300002,0.052640885,0.6701254247770508,0.5196176115070705,0.08939053,0.71380687,0.7526152248372482
Pericytes,Microglia,Lamb2,Rpsa,0.41545165,0.15119614,0.7069134189611062,0.14008819868930444,0.111355014,0.808685,0.7526636397303289
OPCs,OPCs,Bsg,Slc16a7,0.61223537,0.32731798,0.20199536341260915,0.023345556353635888,0.055703804,0.86148334,0.7528510124176844
Astrocytes,Neurons,A2m,Lrp1,0.4216078,0.14344138,0.7274588611652342,0.5570053444569291,0.089370824,0.8045789,0.7532578760931713
Microglia,Neurons,Sptan1,Ptpra,0.41533944,0.15820102,-0.18226242307665716,-0.6061947843054277,0.0120038055,0.8121639,0.7532578760931713
OPCs,Pericytes,Col11a1,Itga1_Itgb1,0.5744505,0.3274835,0.6072105538561876,0.8146472988835133,0.101143666,0.8615135,0.7534455609239168
OPCs,Microglia,Lgi1,Adam22,0.23295549,0.05274289,-0.2886842147951615,-0.6494098739567391,0.004724508,0.7140046,0.7538471951385302
Pericytes,Neurons,Gnas,Adcy7,0.7089429,0.14334366,0.06239979262924548,-0.20995088160250527,0.030416455,0.8045253,0.7538526387600414
Microglia,Pericytes,Cd14,Itga4,0.41516382,0.15665898,1.7298387431576825,1.3005346412026626,0.5429339,0.8114156,0.7538526387600414
Oligodendrocytes,Oligodendrocytes,Adam10,Tspan5,0.5752752,0.32751867,0.013727374139347182,0.45433185185900504,0.028523603,0.86151993,0.7540402087184164
Oligodendrocytes,Microglia,App,Ncstn,0.95551544,0.37169746,0.17611371938171616,0.5524186277236944,0.06977086,0.8688968,0.7544243185834105
Microglia,Pericytes,App,Tnfrsf21,0.41515464,0.14601249,-0.290513824676773,-0.6298098715531617,0.016666792,0.8059718,0.7544475006945992
Pericytes,Oligodendrocytes,Adam10,Cadm1,0.59391135,0.32776645,-0.14510883789568554,-0.3728098284133674,0.014584948,0.861565,0.7546353830730013
Oligodendrocytes,Pericytes,Agrn,Atp1a3,0.22988209,0.05276703,-0.2814889203559727,-0.7333473127182006,0.008640247,0.7140513,0.7550787703998088
Astrocytes,Microglia,Ntrk3,Ptprs,0.72718525,0.41269642,0.23480441973156183,0.2704290170142445,0.023050645,0.8747422,0.7550823379732581
Oligodendrocytes,OPCs,Gnas,Adora1,0.73451567,0.32807505,0.02583231180055623,0.05008055490610791,0.041873913,0.86162114,0.7552308705314419
Pericytes,Neurons,Gnai2,Adcy1,0.41489625,0.17038067,0.4823357471611187,0.5882215498100377,0.1370043,0.8177559,0.7556385911106047
Neurons,Neurons,Nrxn2,Nlgn3,0.4567859,0.14320993,0.2978620694637788,0.19775984068931524,0.042406224,0.80445194,0.7556385911106047
Neurons,Neurons,Nlgn3,Nrxn2,0.4567859,0.14320993,0.2978620694637788,0.19775984068931524,0.042406224,0.80445194,0.7556385911106047
Microglia,Microglia,Calr,Lrp1,0.72695386,0.48332798,0.48022255630102983,0.7110130135748882,0.036097,0.8831441,0.7557406464920986
Oligodendrocytes,Oligodendrocytes,App,Lrp6,0.94273335,0.3284619,-0.04789690990118732,0.21705579867815095,0.020454476,0.86169136,0.7558266711760739
Oligodendrocytes,Oligodendrocytes,Lgi3,Adam23,0.4148781,0.16330045,-0.07938893243036832,0.018267981870248085,0.0601795,0.81457186,0.7562343920760348
Pericytes,Microglia,Sema3c,Nrp2_Plxna4,0.2341994,0.05282537,0.2643184276659698,0.5651250309619869,0.074997984,0.7141641,0.7563098401441064
Neurons,Pericytes,Fstl5,Chl1,0.72683984,0.42104736,0.4171101495278197,0.8567386445091764,0.07996326,0.8758356,0.7563990075988367
Neurons,OPCs,Sdc2,Ptprj,0.7868571,0.3707136,0.7153876102609594,0.7323990285116515,0.03057616,0.86874574,0.7563990075988367
Neurons,Astrocytes,Ncam1,Cacna1c,0.8753364,0.3284984,-0.20248552159207117,-0.7310483662795348,0.009239316,0.861698,0.7564227850892324
Microglia,Pericytes,Cntn1,Ptprz1,0.41463852,0.14465016,-0.10590986069992966,-0.3254391830820773,0.003233067,0.80523777,0.7568307203190369
OPCs,Microglia,Itgb3bp,Itgb5,0.93819976,0.32853374,1.8027301359633254,1.6236499923400407,0.15488999,0.8617044,0.7570192123532542
Astrocytes,Astrocytes,Rims2,Abca1,0.7266205,0.48435658,0.38895099854870174,0.2362850349404495,0.047726743,0.88325375,0.7570575393017924
Oligodendrocytes,Microglia,App,Aplp1,0.95511293,0.37033606,-0.3757742112903392,-0.8799643850453029,0.014726656,0.8686876,0.7570575393017924
Pericytes,OPCs,Col1a2,Itga9_Itgb1,0.41453573,0.17172453,0.8774980174297932,0.8115644408360747,0.08889957,0.8183406,0.7574271476789785
Pericytes,Oligodendrocytes,Vegfa,Tyro3,0.23179314,0.05286624,0.15453402287638704,0.42839374327163043,0.076314315,0.714243,0.7575405149726189
OPCs,Oligodendrocytes,Col9a3,Mag,0.8147543,0.3288909,0.506632097770695,1.796144871818507,0.4287608,0.86176914,0.7576157387246629
Astrocytes,Neurons,Slitrk2,Ptprs,0.7335843,0.37005216,0.8336075892906063,0.8444638771624662,0.11665902,0.8686439,0.7577162414363826
Microglia,Microglia,Hspa8,Adrb2,0.41450754,0.14677162,0.6925149498384258,-0.16521558403810377,0.10074056,0.80637693,0.7580241027061021
Astrocytes,OPCs,A2m,Lrp1,0.8148929,0.32936573,1.2631819425277793,1.2369881491333004,0.20521058,0.86185503,0.7582127928248295
OPCs,Oligodendrocytes,Lrrc4b,Ptprs,0.4142872,0.1439828,0.0475186155897582,-0.2679616062249447,0.021472722,0.8048749,0.75862137130505
Pericytes,Astrocytes,Col4a6,Cd47,0.23636544,0.052979603,0.7966216454139963,0.3441346311033402,0.065486796,0.71446157,0.7587707396981291
Pericytes,Neurons,Ptn,Sdc3,1.1885748,0.32981056,0.6647386167403351,1.0433626550056871,0.029348947,0.8619354,0.7588101605228363
Astrocytes,Microglia,Rims2,Abca1,0.7262727,0.48370585,0.3882586570119335,0.3791190235264075,0.04766262,0.88318443,0.7590342746986662
Microglia,Microglia,Sparc,Eng,0.9819864,0.3694881,1.193507064337264,1.2793403953608178,0.101400875,0.8685568,0.7590342746986662
Microglia,Pericytes,Adam10,Notch2,0.6588304,0.32989675,0.5991877334921301,0.9121513252004837,0.06313315,0.86195093,0.7594078419010193
Neurons,OPCs,Lgi1,Adam22,0.72575617,0.4840645,0.275141212227916,0.1392276787014214,0.043360665,0.88322264,0.759693487171164
OPCs,Microglia,Tgfa,Erbb4,0.414141,0.15329657,0.0992481064169452,-0.5271785942514161,0.015103636,0.80974996,0.7598166348070678
Pericytes,OPCs,Lrpap1,Vldlr,0.23135811,0.053120267,0.00038042103240776975,-0.09963477716811242,0.048678234,0.714732,0.7600004592142311
Oligodendrocytes,Pericytes,Rims1,Cacna1c,0.73553747,0.3301754,0.12634944921854668,-0.0076519016428777675,0.018424334,0.8620011,0.7600058370417145
Microglia,Pericytes,App,Lrp1,0.7253386,0.504246,-0.06211126326314437,-0.3683257070875475,0.014928947,0.8853127,0.7603528694169356
Microglia,Neurons,Ncam1,Cacna1c,0.8408946,0.3692955,-0.05395263059802713,-0.3278273590537195,0.0103867715,0.86852705,0.7603528694169356
Neurons,Microglia,Lrpap1,Sort1,0.4141313,0.17130841,0.11908905576722087,0.1278809404827715,0.059538368,0.8181602,0.760414629649457
OPCs,OPCs,Rtn4,Lingo1,0.46570745,0.14289162,-0.158574626664264,-0.6269427916111162,0.033159282,0.8042768,0.760414629649457
Astrocytes,OPCs,Sptan1,Ptpra,0.5747758,0.33021656,-0.004932836231016189,-0.15424857060556563,0.025055813,0.8620086,0.7606041460272573
Astrocytes,Oligodendrocytes,Vegfa,Itgav,0.6194266,0.3303038,0.7175212660788204,0.971899576378758,0.053811252,0.86202425,0.7612025539382428
Astrocytes,Pericytes,Pam,Fap,0.23121071,0.053222243,0.8355288641039117,0.029035586280353798,0.06850549,0.71492743,0.7612297840009046
Microglia,Microglia,Adam17,Erbb4,0.4138564,0.15313764,0.05832959221404027,-0.3810458488271846,0.011965086,0.80967003,0.7616119906011991
Neurons,Neurons,Lgi2,Adam23,0.73827314,0.36899582,0.5240649119913998,0.6991061583744508,0.26535833,0.8684807,0.7616721425699693
Pericytes,Microglia,App,Tnfrsf21,0.7251469,0.41426405,0.038607022392882245,-0.03553577360830923,0.047286727,0.87494975,0.7616721425699693
Neurons,Neurons,Slitrk1,Ptprs,0.71624744,0.33040014,0.5798773993034629,0.6803065855629581,0.114706665,0.8620416,0.761801490747723
OPCs,OPCs,Jam3,Itgb1,0.41381532,0.17114274,0.17291392001886455,0.07574364907985515,0.04928754,0.8180882,0.7622109269429962
Pericytes,Microglia,Tln1,Itgb5,0.95022947,0.3689766,1.8419239855348413,1.698898654983573,0.15248503,0.8684777,0.7623321516568067
OPCs,Pericytes,Col11a2,Itga1_Itgb1,0.72480845,0.5152953,1.271599671637446,1.2998971589065396,0.15759102,0.8864085,0.7623321516568067
OPCs,Neurons,Slitrk3,Ptprs,0.7162617,0.3304327,0.7216565543761446,0.7592025655773362,0.15175474,0.8620475,0.7624007416490284
Pericytes,Astrocytes,Col4a1,Cd47,0.23729119,0.05331771,0.376761142217956,0.24045979344592572,0.04727256,0.71511,0.7624586589315459
Neurons,OPCs,Nlgn3,Nrxn2,0.9231272,0.33064815,0.8956322502035572,0.9457058223799573,0.09790898,0.86208624,0.7633000994050098
OPCs,Neurons,Nrxn2,Nlgn3,0.9231272,0.33064815,0.8956322502035572,0.9457058223799573,0.09790898,0.86208624,0.7633000994050098
Astrocytes,Oligodendrocytes,Lgi4,Adam22,0.4136235,0.16586702,0.5044391936526498,0.17247246594281185,0.09826043,0.81574667,0.763409956893569
OPCs,Pericytes,Olfm2,Robo2,0.72457194,0.4905464,0.6246408546293072,0.47115526376972605,0.07033984,0.8839069,0.7636524400539201
Pericytes,Microglia,Hspa4,Tlr4,0.23116627,0.05336709,0.7504456424824643,0.39028313701915124,0.10008941,0.7152043,0.7636870289603186
Pericytes,Astrocytes,Vegfa,Itgav,0.41356486,0.14780553,0.25782883799476036,0.3108392665988254,0.024079654,0.80692434,0.764010050892546
Oligodendrocytes,Neurons,Trf,Ldlr,1.0635793,0.33107367,0.18823777916171067,1.5055762813596836,0.07148188,0.86216265,0.7642003797272541
Oligodendrocytes,Neurons,Il1rapl1,Ptprf,0.7603378,0.36842263,-0.021573401492212735,-0.49566061557969243,0.039475657,0.8683919,0.7643128375133894
Neurons,Pericytes,Hsp90b1,Lrp1,0.7244363,0.5026702,0.418506616473027,0.4415541366347706,0.03189861,0.88515365,0.7643128375133894
Oligodendrocytes,Neurons,Ptn,Sdc3,0.5551261,0.14237279,0.11133936292538119,0.37496718014729846,0.012669368,0.80399036,0.7646104592865866
Pericytes,Astrocytes,Jag1,Notch1,0.41355932,0.17102495,1.5074233330909677,1.1272701849378446,0.15876643,0.818037,0.7646104592865866
Neurons,OPCs,Fstl5,Chl1,0.6843058,0.33135766,0.3608296353452082,0.6869594192645218,0.06292983,0.86221355,0.7648006721404843
Neurons,Pericytes,Lamc1,Itgav_Itgb8,0.23483156,0.053444866,0.05522784371206855,-0.02028910809244852,0.013340267,0.7153526,0.7649150044460529
Microglia,Pericytes,Tgfb1,Eng,0.41334713,0.16998698,1.9872329728657698,1.2852588852677411,0.5015449,0.8175834,0.765210966402162
Neurons,Neurons,Gpc3,Igf1r,0.46548164,0.14225723,0.21315098821604422,-0.021900336597811154,0.048951782,0.8039264,0.765210966402162
Neurons,Neurons,Slit1,Robo2,0.9302337,0.33174852,0.6630917227956766,1.0511993699788706,0.26512173,0.8622836,0.7654014946230101
OPCs,Oligodendrocytes,Ntrk3,Ptprs,0.8667335,0.36839706,0.3918650703448511,0.1517908894164549,0.020576362,0.86838794,0.765634256791452
OPCs,Astrocytes,App,Aplp2,0.72361135,0.43687814,-0.3512898361677605,-0.9095503174775194,0.019712118,0.8778286,0.765634256791452
Astrocytes,Microglia,Fgf12,Fgfr2,0.41330642,0.1650884,-0.4737780461603738,-1.2702931918791451,0.006116383,0.8153928,0.7658120037203735
Microglia,Microglia,Rgmb,Bmpr2,0.44100103,0.14225335,0.27345608949946815,0.5035957645713995,0.06351967,0.80392426,0.7658120037203735
Pericytes,Neurons,Rgma,Bmpr2,0.5897255,0.3318045,0.4675832253747756,0.5444631384451816,0.055323742,0.8622936,0.7660026316913461
OPCs,Pericytes,Mdk,Sdc4,0.23263712,0.05355439,0.5031353603606489,0.4696241416251066,0.060202267,0.71556103,0.7661425303227255
Microglia,Neurons,Grn,Sort1,0.7236053,0.42360052,1.1452900776842123,0.8201933570198952,0.15391164,0.87616396,0.7662951596508714
OPCs,Microglia,Gas6,Mertk,1.2012758,0.36838317,1.7081027132908428,1.7684998481396206,0.070319176,0.8683858,0.7662951596508714
OPCs,OPCs,Lama4,Itga9_Itgb1,0.41324896,0.17068535,0.9445190005600621,0.679969150134268,0.06609074,0.8178889,0.7664131396988481
OPCs,OPCs,H2-K1,Aplp2,0.42711562,0.14224784,0.13078203919222053,-0.12570542643521748,0.02304168,0.80392116,0.7664131396988481
Pericytes,Microglia,Plat,Itgam,0.6966858,0.33189195,2.286927673907964,1.702966550090114,0.5324751,0.8623093,0.766604083427828
Astrocytes,Neurons,S100a1,Ryr2,0.90453184,0.36834463,0.5852617337585592,1.006278235874793,0.14288123,0.8683798,0.7669562306376776
Microglia,Pericytes,Grn,Egfr,0.7233863,0.42314512,1.7254231981206107,1.682066998959693,0.23509881,0.87610555,0.7669562306376776
Pericytes,OPCs,Tfpi,F3,0.41320166,0.15993644,1.358226820797589,0.9581608471929595,0.14477088,0.81299466,0.7670148062704555
Pericytes,Pericytes,Nid1,Itgb1,0.5782042,0.33217227,1.6710496756973028,1.35536970130185,0.24331276,0.86235934,0.7672058499147917
Neurons,OPCs,Farp2,Plxna4,0.23597798,0.05356175,-0.036568312882628226,-0.2575839924985083,0.023510365,0.715575,0.7673695516050356
Astrocytes,Oligodendrocytes,Itgav,Thy1,0.41318938,0.14738052,0.07154958699402636,-0.002848255711458192,0.028295754,0.80669993,0.7676167876487461
OPCs,Oligodendrocytes,Adam17,Erbb4,0.83082753,0.36824062,0.1239340312095802,0.10974354848531204,0.028771702,0.8683637,0.7676174695872875
Microglia,Astrocytes,H2-K1,Aplp2,0.6021547,0.33264333,0.6278343551136147,0.5442409744184403,0.053882442,0.86244345,0.7678079312345728
Pericytes,OPCs,Fn1,Itgav_Itgb8,0.41276917,0.14626043,0.7805490302980905,0.7712419519453434,0.17855579,0.8061044,0.7682188675951632
Oligodendrocytes,Neurons,Apoe,Vldlr,0.5548117,0.1417785,-0.03189242529348863,-0.10572319524597096,0.023323169,0.8036606,0.7682188675951632
Microglia,Microglia,Adam17,Il6ra,0.7230555,0.4923533,2.0536103427040575,1.6830926837026103,0.36663052,0.8840954,0.7682788763351187
Astrocytes,Astrocytes,Gnas,Adcy9,0.718337,0.33281308,-0.12633347437950063,-0.3178510608759244,0.017284196,0.8624737,0.7684101111127157
OPCs,Pericytes,Bmp1,Bmpr1b,0.23717365,0.053606484,0.4070787697139698,0.48462175735444857,0.0532326,0.7156599,0.7685961785307303
OPCs,OPCs,Col11a1,Ddr1,0.41256368,0.15771218,0.1730926848165772,0.002802940116609254,0.06645236,0.81192774,0.7688214787207163
OPCs,Oligodendrocytes,Psap,Sort1,0.72295135,0.4806764,0.07816384423774601,0.22356593124390278,0.041229513,0.88285995,0.7689405695275338
Astrocytes,Pericytes,Lgi1,Adam22,0.92835784,0.33362132,0.6984504987439706,0.6191674633829646,0.029884534,0.8626175,0.769012822232019
Neurons,OPCs,Col4a2,Itgav_Itgb8,0.41252562,0.14598373,0.5055905502009828,0.46820055578758957,0.086875804,0.80595636,0.7694241883528286
OPCs,Oligodendrocytes,Rims1,Cacna1c,0.9389389,0.3675287,0.21489201099832209,-0.2917303859692473,0.02050871,0.868253,0.7696023114081154
Pericytes,Pericytes,App,Lrp6,0.72280484,0.40930277,-0.12923990029145888,-0.21016966203299725,0.025488721,0.87428916,0.7696023114081154
Pericytes,Oligodendrocytes,Fstl1,Dip2a,0.5975594,0.333646,0.44638028467301333,1.0709228571303329,0.12732911,0.8626219,0.7696158484311176
Microglia,OPCs,Tgfa,Erbb3,0.23235768,0.053651582,0.20294604230887783,0.25405153350334025,0.109877944,0.7157455,0.7698223560943334
Neurons,Astrocytes,Adam15,Itgav,0.41231036,0.14638549,0.2626625849882476,0.23466077627315768,0.04478316,0.8061712,0.7700274295548686
Oligodendrocytes,Astrocytes,Psap,Gpr37,0.4425586,0.14140695,-0.18133053154164513,-0.4796773638012749,0.022734324,0.80345345,0.7700274295548686
Oligodendrocytes,Neurons,Itgav,Thy1,0.6238718,0.33375657,0.28906778526467397,0.58522220279431,0.0640783,0.8626415,0.7702191897923469
Astrocytes,Pericytes,Ntrk3,Ptprs,0.72233313,0.402333,0.22912152271452169,0.2339922942291791,0.02247181,0.8733423,0.7702642205931398
Neurons,Oligodendrocytes,Spon1,App,0.95405674,0.36676335,0.05989971741723713,0.28220792492942504,0.017412808,0.8681337,0.7702642205931398
Neurons,Neurons,Fgf9,Fgfr2,0.48447484,0.1412183,0.06635353777921087,-0.43991552823171326,0.11405012,0.80334806,0.7706309859752114
Microglia,OPCs,Entpd1,Adora1,0.7451231,0.33390257,1.7128274565073192,1.439187601407867,0.18439902,0.86266744,0.7708228463980428
Neurons,Oligodendrocytes,Apoe,Lrp6,0.23538302,0.05371011,-0.2830353744629443,-1.0646168123935924,0.0025850188,0.7158564,0.7710480293710475
Microglia,Microglia,Psen1,Notch2,0.4122237,0.15184432,0.6550487989325581,0.8154777281275811,0.082006104,0.8090157,0.7712346408095343
Astrocytes,Oligodendrocytes,Sptan1,Ptpra,0.57818794,0.33405516,-0.0010224394661983915,0.1325441109823069,0.025347074,0.8626945,0.771426818330541
Microglia,Astrocytes,Adam10,Notch2,0.7217021,0.45332265,0.7592978893807616,0.9251095592339592,0.08675347,0.87979615,0.7715885402181871
Neurons,Oligodendrocytes,Fam3c,Lamp1,0.52529997,0.14109573,0.1536600609557638,0.516108210604142,0.042306107,0.80327946,0.7718388278002309
Astrocytes,OPCs,App,Aplp1,0.41219616,0.16719271,-0.7935065560825365,-1.9619881275987274,0.006648527,0.81634414,0.7718388278002309
Astrocytes,OPCs,Lrrc4b,Ptprs,0.7493086,0.33408463,0.3889488764863592,0.3677768674243913,0.049823355,0.8626997,0.7720308886362646
Microglia,Neurons,Apoe,Sorl1,0.72150564,0.4860019,0.1418279560853724,0.313679965184155,0.028172418,0.8834285,0.7722510692899842
Pericytes,OPCs,Lrpap1,Ldlr,0.23274966,0.053820252,0.053271489629462224,-0.005279994932781751,0.028676786,0.71606463,0.7722733084776023
Pericytes,OPCs,Ntn1,Neo1,0.6260361,0.33426276,0.6825440184131928,0.6242243435506984,0.065214776,0.8627313,0.7726354913560778
Pericytes,Pericytes,Il34,Ptprz1,0.72132385,0.5002762,1.5458948168241367,1.4475062156423326,0.07780051,0.8849108,0.772913646076862
Neurons,Microglia,Adam17,Il6ra,0.5273551,0.14104292,1.6439168037832108,0.9796549227119445,0.105027504,0.8032499,0.7730479310333196
Pericytes,Neurons,Psap,Sort1,0.6140734,0.33436027,-0.039236982613598315,-0.39946822609157695,0.028679403,0.86274856,0.7732404096496708
Microglia,Oligodendrocytes,Tgfa,Erbb3,0.23284656,0.05389676,0.20392294445338846,0.5712868793491219,0.11038007,0.71620905,0.7734981384690363
Pericytes,Pericytes,Jag1,Notch3,0.7208796,0.42366576,2.60146172716195,2.0022677851111137,0.40237024,0.8761723,0.7735763893452391
Oligodendrocytes,Neurons,Psap,Ar,0.4421187,0.14081234,0.14065686708099817,0.038412427882675626,0.06435676,0.80312055,0.7736530645535171
Pericytes,Pericytes,Agrn,Dag1,0.4118777,0.16951273,0.33088030665878626,0.5691473697898841,0.046546042,0.817375,0.7736530645535171
Pericytes,Oligodendrocytes,Rgma,Neo1,0.59322536,0.33504784,0.29774268275992466,0.7563479877544403,0.056231897,0.86287016,0.7738456435993797
Neurons,Pericytes,Sptbn2,Ptpra,0.41180432,0.1469719,0.18541161408752285,0.15377982357818964,0.07870146,0.8064834,0.7742582963328088
OPCs,Oligodendrocytes,Fgf13,Fgfr2,0.72642946,0.3350526,0.01673609914518525,0.406108993836731,0.0276316,0.862871,0.77445119328754
Neurons,OPCs,Hras,Cav1,0.23582639,0.053917315,0.753315242593469,0.3203055500400954,0.18773605,0.7162478,0.7747224644810204
Pericytes,Astrocytes,Fn1,Itgav_Itgb8,0.41172475,0.14572261,0.6628008462726482,0.6535217947993742,0.11822591,0.80581635,0.7748640612464518
Oligodendrocytes,OPCs,Lgi3,Adam22,0.7205521,0.47436103,0.1664431380943871,0.44197785044047116,0.123190895,0.8821743,0.7749023746681605
Neurons,OPCs,Pdgfa,Pdgfra,1.1244365,0.36502337,2.8749230211010333,1.5733759244938361,0.22934979,0.86786133,0.7749023746681605
Oligodendrocytes,Astrocytes,Calr,Lrp1,0.7104181,0.33522654,0.46335792685699084,0.5733099663156422,0.025036152,0.8629017,0.7750570587964873
Microglia,Pericytes,Cntn1,Nrcam,0.41160122,0.14313462,-0.23367415449278714,-0.48413030130013,0.0034315656,0.8044105,0.77546992435703
OPCs,Neurons,Gnas,Adcy1,0.7203874,0.39825562,0.1341250375470251,-0.271026658771003,0.07365949,0.8727778,0.7755657355037346
Pericytes,Microglia,Gnas,Adrb2,0.78228736,0.33526012,0.8342627095920289,0.19094215479901788,0.15524757,0.8629076,0.7756630224924596
Microglia,Neurons,C1qb,C1qbp,1.3018851,0.3555011,2.162536428757679,2.035346206995548,0.23845711,0.86633825,0.7758882837620638
Neurons,Astrocytes,Sema6a,Plxna2,0.24267349,0.05406158,-0.15192798874752622,-0.535871999354188,0.015595124,0.7165193,0.7759463965093356
Neurons,Astrocytes,Col4a2,Itgav_Itgb8,0.4114812,0.14544693,0.38784236617554047,0.3504803986416204,0.057522472,0.8056682,0.7760763209933428
Neurons,OPCs,Rgmb,Neo1,0.5141796,0.1404919,0.15302370805953416,0.06559908227625094,0.06314569,0.80294037,0.7760763209933428
Pericytes,OPCs,Calr,Itgav,0.7202004,0.44716448,0.49658479468343286,0.5392612345986351,0.053235088,0.87907106,0.7762291430820429
Pericytes,Pericytes,Spon1,App,0.6879281,0.3354217,-0.0901223404584259,-0.21510812998173534,0.015924802,0.8629361,0.7762695197765141
Pericytes,Pericytes,Fgf1,Cspg4,0.4318093,0.14043643,0.9582734170818277,0.9561418289226618,0.048769917,0.80290914,0.776683033671197
Oligodendrocytes,Pericytes,Jam3,Itgb1,0.5809188,0.335563,0.4409424500002802,1.115232297553895,0.096639074,0.862961,0.7768763331283337
Astrocytes,OPCs,Ptn,Alk,0.71995056,0.51072925,0.39672805627539115,0.36861191174460023,0.060308192,0.8859596,0.776892716318907
Oligodendrocytes,OPCs,Gnai2,Adora1,0.23599908,0.054198463,0.1090750957546542,0.2332986223637109,0.03007492,0.716776,0.7771698796694996
Microglia,Astrocytes,Icam1,Egfr,0.44111067,0.14028564,1.7185696700776871,1.13186863898586,0.48118263,0.80282414,0.7772898444525214
Oligodendrocytes,OPCs,Adam10,Tspan5,0.41128677,0.1580302,-0.16617453824731507,-0.1838119840775015,0.013762852,0.81208146,0.7772898444525214
Neurons,Pericytes,Adam23,Itga4,0.7238571,0.3356123,0.7207966244373811,0.945221812721613,0.2664508,0.8629697,0.777483462630254
OPCs,Pericytes,Hsp90b1,Lrp1,0.7198601,0.49467817,0.4129106183874953,0.48288740317705714,0.031391446,0.88433653,0.777556455049744
Astrocytes,Pericytes,Lama2,Itgav_Itgb8,0.79778546,0.3642795,0.7602573979786944,0.9797314959484502,0.050213937,0.8677443,0.777556455049744
Pericytes,Astrocytes,Hsp90aa1,Egfr,0.5861097,0.3357789,0.7863081787489167,0.1976515974395333,0.07018807,0.862999,0.7780909083646107
Neurons,Microglia,Slit1,Robo1,0.23562416,0.054232784,-0.09871936482466426,-0.5714953954490233,0.02991463,0.71684027,0.7783928591576208
Oligodendrocytes,Astrocytes,Cntn1,Notch1,0.4110401,0.16892856,0.44212585281782235,-0.12295467475633448,0.01590437,0.8171172,0.778504632282319
Pericytes,OPCs,Lamc1,Itga9_Itgb1,0.61773396,0.33582583,0.8122861164691657,1.0858605110958168,0.07977881,0.8630073,0.7786986704137395
Microglia,Pericytes,Ncam1,Ptpra,0.41092777,0.14598632,-0.5132054714092312,-1.0655809161355407,0.004773528,0.8059578,0.7791126097224716
Astrocytes,Pericytes,Mdk,Sdc2,0.61446655,0.3358926,1.1640993628555292,1.2825597158457374,0.15674296,0.86301905,0.7793065304626279
Pericytes,Astrocytes,Lama2,Itga6_Itgb1,0.8889208,0.36408424,0.8848914602464698,1.2147222783796299,0.047764625,0.8677135,0.7795487818485903
Pericytes,Neurons,Ntn1,Unc5d,0.71856666,0.4056805,0.9609363763941017,1.5031851540202719,0.18009003,0.8737998,0.7795487818485903
Neurons,Astrocytes,Spp1,Itgav_Itgb5,0.23527485,0.054255947,0.23647916755517867,0.43886399011665317,0.030173728,0.71688366,0.7796154448485955
Pericytes,OPCs,Jag1,Notch1,0.41089028,0.16883081,1.4982921486960383,1.072124131392814,0.15672958,0.81707394,0.7797209036157854
Oligodendrocytes,Pericytes,Fgf1,Cspg4,0.43147457,0.14000371,0.9577111801861473,1.0592027633828809,0.048619647,0.8026648,0.7797209036157854
OPCs,Astrocytes,Rgma,Bmpr1b,0.7231923,0.3640747,1.4216694939212988,1.224061285415645,0.13040258,0.867712,0.7802131809390751
Pericytes,Pericytes,Sorbs1,Itgb5,0.7184466,0.39242867,0.7116749686162047,1.0688731621318364,0.04005059,0.8719573,0.7802131809390751
Microglia,Astrocytes,Sirpa,Cd47,1.0115532,0.3361027,1.3645008067725186,1.2427226797278004,0.05784046,0.863056,0.7802193506700945
Astrocytes,Microglia,Cd47,Sirpa,1.0115532,0.3361027,1.3645008067725186,1.2427226797278004,0.05784046,0.863056,0.7802193506700945
Neurons,Microglia,Psen1,Ncstn,0.23337469,0.05427882,0.19813832952972413,0.18468500758033413,0.056629162,0.71692634,0.7808375819183895
Astrocytes,Astrocytes,Alcam,Nrp1,0.73409015,0.36400935,0.3706884217043036,0.4574435320766741,0.038535457,0.8677017,0.7808777447005892
Pericytes,OPCs,Apoe,Vldlr,0.90134233,0.3361229,0.2520963279442064,0.3293211653820769,0.055293653,0.8630595,0.7811326646662984
Microglia,Microglia,Serpine2,Lrp1,0.7182828,0.46703684,0.6304012416412303,0.9490373026905405,0.023466347,0.8813632,0.7815424729685501
Neurons,Neurons,Agrn,Dag1,0.41064507,0.16683266,0.31675941093381665,0.17270620873621484,0.045810126,0.8161825,0.7815472472064461
OPCs,Oligodendrocytes,Adam10,Tspan5,0.58219934,0.33629537,0.02210907318073769,0.186442608836491,0.029287968,0.86308986,0.7817420094105837
OPCs,Neurons,Fam3c,Lifr,0.23893858,0.054323424,0.222106596245779,0.011702785424342416,0.030858805,0.7170097,0.7820592156235141
Microglia,OPCs,Apoe,Lrp8,0.5306915,0.1397004,0.018309817595226575,0.23909437885480145,0.018801626,0.80249304,0.7821568075082408
Oligodendrocytes,Neurons,Sema6a,Plxna2,0.59099346,0.33670238,0.3613910311266705,0.813921449620732,0.09712841,0.8631613,0.7823516709636258
Neurons,Pericytes,Cntn2,Nrcam,0.41036943,0.14172122,-0.13357430789640484,-0.540963150755443,0.02269913,0.8036287,0.7827666846748161
Oligodendrocytes,Pericytes,Pdgfa,Pdgfrb,1.0902654,0.36381972,3.635009221881709,2.0187976356704507,0.23988323,0.8676718,0.7828725418014358
Astrocytes,Oligodendrocytes,Rgma,Neo1,0.7171658,0.5142916,0.5277967505637144,0.9212168680413866,0.08631481,0.8863103,0.7828725418014358
Pericytes,Astrocytes,Lrig1,Egfr,0.5868175,0.33673322,1.350026879322385,1.2261455469603664,0.136321,0.86316675,0.7829614303280983
Neurons,OPCs,Sema6b,Plxna2,0.26945716,0.05437803,0.23836791897878146,0.24068149944785408,0.08939106,0.7171116,0.7832804557180482
Neurons,Pericytes,Adam10,Tspan5,0.5932056,0.33710447,0.03083072843063742,-0.1596051590789309,0.029358434,0.8632318,0.7835717256318324
Pericytes,Microglia,Calr,Itgav,0.5986861,0.33713073,0.33252838674482,0.5159783612112719,0.04013553,0.86323637,0.7841823379913015
Astrocytes,Neurons,Vcl,Alk,0.7163207,0.43861935,1.0593129994176596,1.2267967486422793,0.14577833,0.87804174,0.7842031473080013
OPCs,Astrocytes,Col5a3,Sdc3,0.24058035,0.054409023,0.8152230140800633,0.5037690877557008,0.10029816,0.7171694,0.7845011926528085
Neurons,Astrocytes,Spp1,S1pr1,0.44612917,0.13949765,0.9488937791940348,0.997291855751296,0.16681653,0.8023779,0.7845977794169445
Oligodendrocytes,Astrocytes,Lrrc4b,Ptprs,0.41017434,0.14558923,-0.010372135903140317,0.010999111183010113,0.021712296,0.8057447,0.7845977794169445
Astrocytes,Microglia,Hsp90b1,Lrp1,0.64918727,0.3372199,0.3310931004177677,0.39931181468073396,0.02139941,0.863252,0.7847932674888407
OPCs,Neurons,Slitrk1,Ptprs,0.73078024,0.363639,0.6171169752796954,0.7254379250727382,0.12624636,0.8676433,0.78486869566883
Astrocytes,Microglia,App,Lrp6,0.40964726,0.16482587,-0.38250423998780875,-0.7439620216389242,0.010264285,0.815273,0.7852089246381839
Neurons,Neurons,Gnai2,Adcy8,0.5289275,0.13945937,0.3268366440029043,0.33961146961695093,0.028454628,0.8023561,0.7852089246381839
Pericytes,Neurons,Gnai2,Igf1r,0.5975511,0.3372642,0.2605996647284672,0.12825604943145635,0.041209016,0.86325973,0.7854045142067863
Oligodendrocytes,Astrocytes,Agrn,Atp1a3,0.23372054,0.054463696,-0.2782148512663293,-0.6075908671379227,0.008918065,0.71727127,0.7857215361013666
OPCs,Neurons,Hspa8,Ldlr,0.49671957,0.13938329,-0.0937699799827109,-0.6266554672179718,0.0214748,0.80231285,0.7858203871358234
Pericytes,Neurons,Adam10,Epha3,0.40934825,0.16686042,0.2361861901032398,0.2936051665577471,0.07872837,0.81619495,0.7858203871358234
Neurons,Oligodendrocytes,Cadm3,Cadm1,0.6002533,0.33730364,0.14447810930935445,-0.0012538279312309109,0.06426646,0.86326665,0.7860160782274739
Microglia,Pericytes,Cd14,Itgb1,0.58251023,0.33755094,1.705542798264581,1.3895251438489482,0.27184984,0.86330986,0.7866277398701985
OPCs,Microglia,Sptan1,Ptpra,0.71566665,0.5077739,0.15478744464328748,0.18687501063055745,0.038528316,0.88566613,0.7868664408186403
Astrocytes,Pericytes,Bmp1,Bmpr1b,0.2386787,0.05447521,0.41136690969829476,0.5031568063574086,0.054095265,0.71729267,0.7869414313403601
Pericytes,Neurons,Il34,Ptprz1,0.6272565,0.33794278,1.4323176916174198,0.9358734309074739,0.05255521,0.86337835,0.7872399386293706
OPCs,Microglia,Agrn,Lrp1,0.71543527,0.46168685,0.5458800810026794,0.7333526449123478,0.045393102,0.88075954,0.7875326422969117
Microglia,Neurons,App,Gpc1,0.40924597,0.13918851,-0.23962735119133408,-0.6941417921661597,0.037949122,0.8022019,0.7876562392013491
Oligodendrocytes,Pericytes,Hsp90b1,Lrp1,0.6301755,0.33804864,0.30323571437915986,0.5018256426850926,0.021452,0.8633968,0.7878524549382622
Oligodendrocytes,Pericytes,Rgma,Bmpr1b,0.23897818,0.054648064,0.2687025313049776,0.45739405709103254,0.01957359,0.7176138,0.7881608237268973
Microglia,Microglia,Pdgfb,Lrp1,0.7150227,0.46091163,1.3660743253503553,1.2963914449959097,0.12744656,0.88067126,0.7881990066357423
Neurons,Pericytes,Actr2,Ldlr,0.40870988,0.15833259,0.24598954675483609,0.29094708759434756,0.052991524,0.8122273,0.7882689713998352
Oligodendrocytes,Astrocytes,Ncam1,Cacna1c,0.8980967,0.33822778,-0.18486709910594257,-0.08036898176262813,0.009512963,0.86342806,0.7884652888792092
Pericytes,Neurons,Sdc2,Ptprj,0.7149956,0.50048184,0.7899474380403901,0.791161963075838,0.041279342,0.88493174,0.7888656533703775
Neurons,Neurons,Fgf1,Fgfr2,0.48305747,0.13897815,-0.13624511522071373,-0.7583308867596952,0.020028466,0.8020819,0.7888820212863416
Oligodendrocytes,Pericytes,Lama2,Itga1,0.7207137,0.33825696,2.096743679761891,1.5448650256603866,0.07781721,0.8634331,0.7890784405345472
Oligodendrocytes,OPCs,Gnai2,Cav1,0.23716244,0.05465754,0.6988548521829672,0.4684608866055821,0.069188416,0.71763134,0.7893798228138442
Astrocytes,Microglia,Gnai2,Igf1r,0.40846032,0.13982403,-0.008269845233035047,0.023721013389827073,0.017084561,0.80256313,0.7894951686464304
Pericytes,Neurons,Vegfa,Grin2b,0.7784401,0.33837974,0.5853906024670608,0.9541928518326561,0.08958307,0.8634545,0.7896919099866122
Oligodendrocytes,OPCs,Cntn1,Notch1,0.4083711,0.16676132,0.43299466842289314,-0.17810072830136503,0.01570033,0.8161504,0.7901088540418388
Microglia,Astrocytes,Pdgfb,S1pr1,0.5903841,0.33860528,1.8756337968815933,1.4253604898613168,0.42066705,0.8634938,0.7903054768702567
Neurons,Pericytes,Agrp,Sdc3,0.28569585,0.05478023,0.5198802209935316,0.5389000588438463,0.07731981,0.7178585,0.7905983739381967
OPCs,Astrocytes,Slitrk2,Ptprs,0.408121,0.14328668,0.3723040427141837,0.2371902551152345,0.04517116,0.8044941,0.7907226368471936
Pericytes,Pericytes,Col27a1,Itga1_Itgb1,0.42342818,0.13884181,0.534216126529182,0.778442347098346,0.032207094,0.802004,0.7907226368471936
OPCs,Microglia,Adam10,Il6ra,0.71409476,0.47626755,1.655959161215198,1.032482745865554,0.14502238,0.88238263,0.7908662090922519
Neurons,Microglia,Vegfa,Sirpa,1.0124027,0.33922976,1.53465616998619,1.3948770494096907,0.06428562,0.86360234,0.7909195820485986
Microglia,Pericytes,Rgmb,Bmpr2,0.432835,0.13878337,0.2625381150109371,0.5091887775314622,0.061970234,0.80197054,0.7913369580807289
Astrocytes,OPCs,Alcam,Chl1,0.73327935,0.36214077,0.24072673698030778,0.2474261915918068,0.024477862,0.867406,0.7915333852942188
Pericytes,Neurons,Psap,Lrp1,0.7138089,0.4980812,0.15571754037813174,-0.05286161676187462,0.015668437,0.8846867,0.7915333852942188
Astrocytes,OPCs,Ncam1,Fgfr1,1.1019528,0.33975914,0.1588955106646769,0.1446507593268495,0.02791452,0.8636942,0.791534005270645
OPCs,Pericytes,Lgi1,Adam22,0.23678854,0.05482816,-0.28465476445898313,-0.6618864761008896,0.004911299,0.71794707,0.7918164225173778
Pericytes,OPCs,Lamc3,Dag1,0.4078737,0.16575237,1.692136420363221,0.9529796792377357,0.21271905,0.8156947,0.791951597413904
Neurons,OPCs,Efna5,Epha4,0.54517967,0.13849932,0.3662923502716289,0.6525688727856385,0.06410085,0.8018078,0.791951597413904
Pericytes,OPCs,Sptan1,Ptpra,0.58303714,0.33991614,0.004200587403836109,-0.07348843740083244,0.025791788,0.8637214,0.7921487466187316
Astrocytes,Neurons,Rgma,Bmpr2,0.71366596,0.50931317,0.6976372931785653,0.7093320187321278,0.08492081,0.8858193,0.7922008432146075
Microglia,Astrocytes,Ncam1,Ncam2,0.82704043,0.36210018,-0.5668641938182083,-1.3484081673804251,0.0054053343,0.8673996,0.7922008432146075
Neurons,Microglia,Nrg2,Nrp2,0.46002793,0.13828366,0.46345244040995714,0.6235068144637013,0.08505907,0.80168396,0.7925663340613429
Pericytes,OPCs,Gpc3,Igf1r,0.64929515,0.33998838,0.5670449396419961,0.6940383640308704,0.11699256,0.8637339,0.7927638061751943
Oligodendrocytes,Microglia,Sema6a,Plxna4,0.7136595,0.45418537,0.37719961928478873,0.9459815119152848,0.08880127,0.87989664,0.7928683430270798
OPCs,Neurons,Lama4,Itga3_Itgb1,0.27623716,0.05485509,0.9405188163497396,0.6002350204144028,0.1835247,0.7179968,0.7930340779836131
Astrocytes,Neurons,Lrpap1,Lrp1,0.41732246,0.13824035,0.15673262271319055,0.006601487787567251,0.017620701,0.8016591,0.7931816097265116
Pericytes,Microglia,Bsg,Slc16a7,0.6561148,0.34000844,0.22910166650298958,0.8303291475812449,0.0578635,0.86373734,0.7933791840223687
Neurons,Astrocytes,Adam10,Tspan5,0.7135583,0.4506207,0.16286229525217194,-0.04903038150894723,0.039244562,0.8794797,0.7935360043833896
Astrocytes,OPCs,Mdk,Sdc2,0.40768683,0.16620164,0.7547328581582968,0.7725720494671949,0.07755735,0.8158981,0.7937969826420119
Neurons,Neurons,Ncam1,Gfra1,0.87922066,0.3404382,0.09296337222559087,-0.2408830992511332,0.04007754,0.8638117,0.7939946591096009
OPCs,OPCs,Farp2,Plxna4,0.2383331,0.054890342,-0.03122899615980436,-0.18280230826970806,0.024093535,0.7180618,0.7942512857342243
Oligodendrocytes,Pericytes,Agrn,Itgb1,0.42277873,0.13803056,0.29882450284910833,0.5236782784398262,0.030980997,0.8015383,0.7944128949683991
Pericytes,OPCs,Apoe,Ldlr,0.90273386,0.34055212,0.30498739654126084,0.42367594761740757,0.03257399,0.86383134,0.7946106736708446
OPCs,Neurons,App,Lrp6,0.7134044,0.41609442,-0.12639405896794947,-0.6241408541649291,0.02591166,0.87519073,0.7948718110691915
Neurons,Microglia,Hsp90b1,Tlr4,0.40761343,0.13791284,0.8519720124907818,0.40323355706440245,0.13523129,0.80147046,0.7950291258060451
Astrocytes,OPCs,Fgf14,Fgfr1,1.1043705,0.3405656,0.17756285648921005,-0.10261604167083088,0.02408987,0.86383367,0.7952270067697779
Neurons,Astrocytes,Ltbp3,Itgb5,0.2364749,0.05490017,0.34992850879497295,0.26843361883048655,0.03204805,0.7180799,0.7954679912469156
OPCs,Neurons,Adam12,Itgb1,0.7223184,0.36118442,1.4681308899187415,1.0360843530163637,0.11057156,0.8672539,0.7955400760597288
Astrocytes,Neurons,Itgav,Thy1,0.712675,0.48638618,0.40896076100971646,0.5092135782581731,0.09338183,0.88346916,0.7955400760597288
Neurons,Microglia,Gnai2,Ccr5,0.5238948,0.13790575,1.6413267533526763,0.9460860457877718,0.082686484,0.80146635,0.7956454537978975
OPCs,Pericytes,Sparc,Eng,0.6355772,0.34060225,1.176125348645412,0.7392458788744056,0.09347355,0.86384,0.7958436584887362
Microglia,Astrocytes,Apoe,Abca1,0.7125981,0.469836,0.3843860236415562,0.6501428442551858,0.030600619,0.88167524,0.7962083819744363
Neurons,Astrocytes,Lrig2,Egfr,0.58975255,0.34069034,1.088940766444438,0.7771594970711821,0.15295288,0.8638552,0.7964606289100555
Microglia,Pericytes,Nrg3,Egfr,0.4069816,0.165634,0.30734629228601545,-0.26314913382324645,0.01960481,0.815641,0.7968792868733385
OPCs,Pericytes,Col27a1,Itga1_Itgb1,0.58523995,0.3409606,0.9501000449257437,1.0730408393332933,0.079092525,0.8639018,0.7970779181160714
Neurons,Astrocytes,Nlgn3,Nrxn2,0.23724157,0.054967705,0.016444511832199568,-0.14320488427142886,0.016276613,0.7182044,0.7972922650334142
Astrocytes,Neurons,Nrxn2,Nlgn3,0.23724157,0.054967705,0.016444511832199568,-0.14320488427142886,0.016276613,0.7182044,0.7972922650334142
Neurons,Neurons,Timp2,Itgb1,0.40692902,0.15831354,0.19870003208569897,0.034717420299112234,0.042210337,0.8122181,0.7974967923503795
Pericytes,Pericytes,Apoe,Sorl1,0.90910053,0.36081693,0.17565092352556627,0.2850914292524941,0.020915732,0.8671953,0.7975454758019509
Astrocytes,Pericytes,Agt,Enpep,0.7123177,0.4112731,1.863974497326069,1.6747176003391857,0.34302956,0.8745528,0.7975454758019509
Neurons,Oligodendrocytes,Ncam1,Cacna1c,0.8794419,0.34111834,-0.198117369338892,-1.0657550313266588,0.0095942635,0.86392903,0.7976953043695589
Neurons,Neurons,Slit1,Robo1,0.9539644,0.3412296,0.43132299673647867,0.5707530103159425,0.18822114,0.86394817,0.7983132312774367
OPCs,Astrocytes,Nlgn3,Nrxn2,0.40680045,0.14772196,0.47152833123475113,0.2665750534603049,0.043742284,0.8068803,0.7984235375948028
Astrocytes,OPCs,Nrxn2,Nlgn3,0.40680045,0.14772196,0.47152833123475113,0.2665750534603049,0.043742284,0.8068803,0.7984235375948028
Microglia,Microglia,Apoe,Abca1,0.7122503,0.46920475,0.383693682104788,0.7929768328411437,0.030559503,0.8816051,0.7988833313306734
OPCs,Neurons,Slit2,App,0.999771,0.34137183,0.005110014946708465,-0.3557760565535484,0.038375694,0.86397266,0.7989314772169889
Pericytes,OPCs,Vegfa,Sirpa,0.23581913,0.054969024,0.12897517715740786,0.07525581028366368,0.010416885,0.71820676,0.7991155321381769
Neurons,Microglia,Penk,Grm7,0.40678966,0.15403391,-0.1986219856035584,-0.6796438978309669,0.020030571,0.8101193,0.7993510005217248
Pericytes,Pericytes,Ncam1,Robo1,0.59637153,0.34137645,-0.5775146118975547,-1.054618544545395,0.006639265,0.86397344,0.7995500422705508
Neurons,Microglia,L1cam,Cd9,0.795196,0.35987735,0.6352697898798116,0.8205522752619716,0.15456842,0.86704504,0.7995524392327503
Microglia,Pericytes,Nrxn1,Nlgn1,0.7121719,0.49124774,-0.47790873878869045,-1.224958559736275,0.0033798625,0.88398015,0.7998869930671194
Pericytes,Microglia,Nlgn1,Nrxn1,0.7121719,0.49124774,-0.47790873878869045,-1.224958559736275,0.0033798625,0.88398015,0.7998869930671194
Microglia,Neurons,Psap,Ar,0.9234793,0.3413772,0.5845816109880648,0.6670043677322248,0.15602277,0.8639736,0.8001689265204588
OPCs,Astrocytes,Nlgn2,Nrxn2,0.4066991,0.14766651,0.25936843047537517,0.11845314071927232,0.033612005,0.806851,0.8002791814089296
Astrocytes,OPCs,Nrxn2,Nlgn2,0.4066991,0.14766651,0.25936843047537517,0.11845314071927232,0.033612005,0.806851,0.8002791814089296
Neurons,Neurons,Jam3,Itgb1,0.24635202,0.055024102,-0.05939753373231467,-0.5681666316230889,0.015846437,0.7183081,0.8003305025856884
Astrocytes,Neurons,S100a1,Trpm3,0.84708863,0.3414801,0.31913430202990256,0.19877684884847313,0.04470697,0.8639913,0.8007881300490485
Astrocytes,Astrocytes,Fgf12,Fgfr2,0.71142554,0.3663693,-0.2111703477633207,-0.8751237491071968,0.013573666,0.8680722,0.8008911345661729
Astrocytes,Pericytes,Ncan,Cdh2,0.5183607,0.13724531,0.3448870453029316,0.47990009608217726,0.047943033,0.80108416,0.8012080805342005
OPCs,Neurons,Agrn,Itgb1,0.40654445,0.15806615,0.24552561389487942,0.133881744890058,0.035477992,0.81209886,0.8012080805342005
Pericytes,Microglia,Gpc3,Lrp1,0.65152335,0.34160894,0.8074246370559025,1.1890226821671694,0.10400428,0.86401343,0.8014074304314593
OPCs,Pericytes,Jag1,Cd46,0.2447905,0.055180907,0.44207173144065615,0.434082062199875,0.054385643,0.7185959,0.8015450258115164
Pericytes,OPCs,Gnas,Adora1,0.79150724,0.35938525,0.06668121772819471,-0.15375557820625935,0.0458702,0.8669662,0.8015607216683528
Neurons,Microglia,Vegfa,Itgav,0.46446335,0.13724305,0.30284925128824225,0.32983632451851896,0.022358872,0.80108285,0.8018275973860697
Oligodendrocytes,Microglia,Apoe,Lrp6,0.65865046,0.34162417,0.10204080106504212,0.31513273073460996,0.01644206,0.86401606,0.8020272726497031
OPCs,Oligodendrocytes,Ccl25,Grm7,0.8017931,0.35924548,0.08672386948681998,0.045459116939428196,0.047668524,0.8669437,0.802230588452373
Pericytes,Neurons,App,Ncstn,0.594291,0.13706574,-0.18175929482843126,-0.42782779085504863,0.025728436,0.8009798,0.8024476562073335
Neurons,OPCs,Agrn,Lrp4,0.4061393,0.16275014,0.4232526903487766,0.3050464044202035,0.09087504,0.81431675,0.8024476562073335
Pericytes,Astrocytes,Gnas,Adora1,0.78477335,0.3417651,0.05355982176851038,-0.17180561941686356,0.04362125,0.8640403,0.8026474343936059
Pericytes,Neurons,Col1a2,Itga3_Itgb1,0.27752393,0.055189066,0.8734978332194706,0.7318303111162096,0.24686159,0.7186109,0.8027590474138275
Pericytes,Oligodendrocytes,Fn1,Mag,0.82547927,0.358781,0.6917734682170974,2.0244721189111807,0.5622289,0.8668691,0.8029004942269538
Microglia,OPCs,App,Tnfrsf21,0.4073789,0.13703224,-0.30684685731105965,-0.8009348701276765,0.01564173,0.8009603,0.803067811795652
Pericytes,OPCs,Bmp5,Acvr1_Bmpr2,0.4061287,0.16394006,1.5071180655260465,0.942458715087608,0.16968884,0.81486684,0.803067811795652
Pericytes,Astrocytes,Mfge8,Itgav,0.5852214,0.34211385,1.435245011628988,1.0994516073699216,0.1262814,0.8641002,0.8032679157455036
Oligodendrocytes,Oligodendrocytes,Rgma,Neo1,0.45622942,0.1369231,0.04345606033589312,0.46886450906082344,0.022980139,0.8008968,0.8036885097474082
Neurons,Neurons,Apoe,Sorl1,0.4060669,0.14811674,-0.089328949133641,-0.90568740082116,0.0085859895,0.80708814,0.8036885097474082
Pericytes,Astrocytes,Plat,Lrp1,0.71350193,0.34214717,0.9504660203424855,1.0562061495871853,0.120762736,0.86410594,0.8038887167877324
Neurons,Neurons,B2m,Tfrc,0.2620887,0.055194758,0.12120882043947406,-0.1901910452443104,0.014192276,0.7186213,0.8039726764633266
Microglia,Neurons,Rtn4,Cntnap1,0.7099429,0.37856877,0.12785282928386357,-0.09352612691016135,0.10694034,0.8699366,0.8042407828365523
Neurons,Neurons,Lrpap1,Lrp8,0.406007,0.16480702,0.4520969459843991,0.4297516993637505,0.12355799,0.8152644,0.8043095274452824
OPCs,Pericytes,App,Notch2,0.67710537,0.34218082,0.07843140334611987,-0.20460568812150937,0.033248954,0.8641117,0.8045096145215964
Pericytes,OPCs,App,Aplp1,0.7096419,0.38141903,-0.5663932704689254,-1.473093991950007,0.015167378,0.8703603,0.804911165342405
OPCs,Neurons,Farp2,Plxna2,0.4488582,0.13682792,0.37741958671476405,0.4599974771545173,0.08861217,0.80084133,0.8049306418127555
Microglia,Microglia,Grn,Tnfrsf1b,0.68448925,0.3422518,2.0556370780015985,1.6547742441286806,0.61384255,0.8641239,0.8051310550766297
Pericytes,Astrocytes,Col4a3,Cd47,0.24261329,0.055261508,1.0091189926323965,0.32095786502530477,0.07970516,0.71874344,0.8051858585381128
Astrocytes,Pericytes,Pdgfc,Flt1,0.48278907,0.13680458,1.2295946144520136,1.445579587383853,0.24457902,0.80082774,0.8055522991349893
Astrocytes,Pericytes,Fgf1,Tgfbr3,0.58589685,0.3422548,0.7889130916583307,1.1240682247953082,0.18498927,0.8641244,0.8057528155689713
Microglia,Pericytes,Adam10,Notch1,0.7085424,0.42748827,0.9459328324201898,1.0905591277910074,0.0894937,0.87665874,0.806252526381978
Pericytes,Neurons,Fgf12,Fgfr2,0.61182714,0.34249824,-0.3037318067514039,-1.0760119626991678,0.012689264,0.86416614,0.8063748960809572
Astrocytes,Pericytes,Gnai2,S1pr3,0.23528694,0.05528235,1.0291529038624991,0.5245433549989913,0.110409304,0.7187816,0.8063985392965334
Astrocytes,Oligodendrocytes,Agrn,Atp1a3,0.40549362,0.1606587,-0.08565921290009267,-0.2822588965075587,0.026306786,0.8133369,0.8067963503375245
Astrocytes,Astrocytes,Vegfa,Itgav,0.7082298,0.4813544,0.8374142418238628,0.8958909518426211,0.07841958,0.8829328,0.8069233841662594
Oligodendrocytes,Astrocytes,Trf,Tfrc,1.0704479,0.357972,0.18193669460803988,1.6086035538677244,0.084776066,0.8667388,0.8069233841662594
Neurons,Microglia,Tnr,Itga9_Itgb1,0.5944319,0.34250507,0.4835601654763814,0.49072284695559176,0.03778138,0.8641673,0.8069972966949229
OPCs,Neurons,B2m,Tfrc,0.40545642,0.16365527,0.3266532095395276,0.11770361976389143,0.04208082,0.8147357,0.8074189677710795
Pericytes,Astrocytes,Apoe,Lrp4,0.9082008,0.35795307,0.4074625661062641,0.5629126595499987,0.04651553,0.86673576,0.8075944000380213
Neurons,Microglia,Vegfc,Itgb1,0.30172133,0.055475228,0.3883832924545393,0.48952162909648694,0.10553261,0.71913344,0.8076108276889202
Microglia,Pericytes,Adam17,Itgb1,0.58654416,0.34258965,0.7660695634929744,1.1286630445203922,0.11152279,0.8641818,0.8076200174932042
Neurons,Astrocytes,Slit2,App,0.6011087,0.34261024,-0.12498374481979846,-0.25276792381837054,0.03851491,0.86418533,0.8082428347875197
Pericytes,Neurons,Gpc3,Unc5d,0.70743215,0.3822709,0.8027218016068709,1.549351748739165,0.40624985,0.87048614,0.8082655738326807
Oligodendrocytes,Neurons,Gnas,Crhr1,0.65428513,0.1364301,0.08364903371625912,0.05573443969879016,0.120880984,0.80060905,0.8086649395922254
Microglia,OPCs,Arf1,Insr,0.40525228,0.14303902,0.1337424829672007,0.10273541279785131,0.03436695,0.804358,0.8086649395922254
Microglia,Astrocytes,Ncam1,Cacna1c,0.23670883,0.05550331,-0.696790133073087,-1.4647901112050565,0.001561081,0.7191846,0.8088226149696895
Microglia,Astrocytes,Psap,Gpr37,0.9239192,0.34281874,0.2625942123654215,0.1489145760482743,0.055115767,0.86422104,0.8088661960863983
Oligodendrocytes,Microglia,Adam10,Il6ra,0.7071707,0.4638378,1.6475774621738075,1.300371988888068,0.14123756,0.8810034,0.8089370259477655
Astrocytes,OPCs,Pdgfc,Pdgfra,1.1226332,0.35754794,2.9402219188696317,1.7911645419238296,0.25626695,0.8666703,0.8089370259477655
OPCs,Astrocytes,Rgma,Bmpr2,0.40525067,0.15771213,0.18490517277646992,0.18635540621572794,0.02629628,0.8119277,0.8092882939144066
Astrocytes,OPCs,Vegfa,Itgb1,0.6271379,0.34342042,0.8380899486627509,0.9032257479797634,0.08012388,0.86432385,0.8094898778165702
Pericytes,Microglia,App,Lrp6,0.707093,0.37601954,-0.15539095437419764,-0.25506788599020397,0.023416057,0.86955386,0.8096085151227553
Oligodendrocytes,Microglia,Sorbs1,Itgb5,0.9467565,0.35730064,1.5797669739940692,1.1544013706639282,0.03646548,0.8666304,0.8096085151227553
Neurons,Pericytes,Gpi1,Amfr,0.42670408,0.13638864,0.15150714214078864,0.15760058950452382,0.046312172,0.8005848,0.8099121925720874
Pericytes,Astrocytes,Sema3c,Nrp1_Plxna4,0.23907448,0.055547494,0.05189900084388016,0.14482609278761394,0.027867194,0.71926486,0.8100340100089609
Astrocytes,Astrocytes,Calr,Lrp1,0.71417665,0.3436614,0.46828050866873294,0.5278033091129256,0.025666105,0.864365,0.8101138800603708
OPCs,OPCs,Mdk,Lrp1,0.82491636,0.35729927,0.9957423987416201,0.9498044867633427,0.0773169,0.86663014,0.8102801617268649
Neurons,Neurons,Sema6a,Plxna4,0.7066329,0.34372386,0.37167753187068664,0.2791230346727418,0.067204095,0.86437565,0.8107382029001363
Pericytes,Microglia,Hsp90b1,Lrp1,0.70600283,0.44396508,0.4005727165678712,0.6257334635834134,0.02817328,0.8786889,0.8109519655955115
Neurons,Astrocytes,Fgf1,Nrp1,0.24588558,0.055557027,0.06255154475097774,-0.05326283409764959,0.020957539,0.7192822,0.811244958485135
OPCs,Microglia,Fstl5,Il6ra,0.64026564,0.34373364,1.6423815453404718,0.9854968396456336,0.19616343,0.8643773,0.8113628464182023
Oligodendrocytes,Pericytes,Ptn,Sdc3,0.70591635,0.4325843,0.45899504653554435,0.8708596684459268,0.0384945,0.877298,0.8116239265641121
Oligodendrocytes,OPCs,App,Vldlr,0.95122784,0.35719463,0.00543735575895252,0.20246611961948235,0.07602875,0.8666132,0.8116239265641121
Microglia,Pericytes,Tgfb1,Itgb5,0.40475374,0.1623763,1.357545553956703,1.049238223258571,0.12511203,0.8141428,0.8117855878665768
OPCs,Neurons,Hsp90b1,Lrp1,0.58666927,0.34377387,0.23148137438891064,0.05029123290400528,0.021815313,0.8643842,0.8119875862356376
Pericytes,Oligodendrocytes,Psap,Gpr37,0.7051944,0.48394015,0.11174038827211175,0.67182292670722,0.077804185,0.8832094,0.8122961651713215
Neurons,Microglia,Gnai2,P2ry12,1.2324717,0.35664982,2.2436813894604453,1.689659486632789,0.073311575,0.86652493,0.8122961651713215
OPCs,Pericytes,Gnai2,Adcy9,0.40458643,0.14988513,0.2324738931675563,0.32563615103056875,0.033841882,0.8080104,0.8124105446412846
Neurons,Pericytes,Itgb3bp,Itgb5,0.25930583,0.05570944,0.3196599679493611,0.32015569315648534,0.02626468,0.7195587,0.8124554061567879
Neurons,Microglia,Ltbp3,Itgb5,0.9427445,0.34381276,1.8898025610391977,1.6736798070200658,0.20070118,0.8643908,0.8126128712420932
OPCs,Microglia,App,Tnfrsf21,0.7046199,0.398207,0.02293382624006962,-0.25536141119336525,0.045453873,0.8727711,0.8129684398742176
Oligodendrocytes,Astrocytes,Gnai2,S1pr1,0.44371542,0.13616608,0.8965301497858671,0.8426807209894094,0.066138305,0.8004544,0.8130360467386314
Pericytes,Oligodendrocytes,Sptan1,Ptpra,0.5864492,0.3438675,0.008110984168653907,0.21330424418704008,0.026091605,0.86440015,0.813238477173827
OPCs,Astrocytes,Angpt1,Itgb1,0.40617102,0.13607134,0.7897547366391665,0.6616141130179725,0.051636,0.8003988,0.813661869816955
Astrocytes,Astrocytes,B2m,Tfrc,0.24378467,0.05571404,0.048479737251676085,-0.04325963954723255,0.014325799,0.71956706,0.813665461773776
Oligodendrocytes,Astrocytes,Nrg3,Egfr,0.59232056,0.34415257,0.7530595116460582,-0.434833541361319,0.040734664,0.8644487,0.8138644041131746
Neurons,Oligodendrocytes,Cx3cl1,Itgav,0.40431798,0.16321878,0.26916614447929393,0.4765509073448975,0.063969,0.81453407,0.8142877890736202
Microglia,OPCs,Gnai2,Igf1r,0.70431083,0.44286165,0.38046981740087027,0.3989770766344157,0.054111566,0.87855613,0.8143134589339549
Astrocytes,Pericytes,Pdgfc,Pdgfrb,1.0854903,0.3447338,3.694743206430426,1.9763332711556956,0.25928548,0.8645475,0.8144906521424722
OPCs,Astrocytes,Trf,Ldlr,0.23906979,0.055925317,-0.24995411238812898,-1.2843613564349536,0.012074796,0.7199488,0.8148750710746371
Astrocytes,Neurons,Timp3,Ddr1,0.43726045,0.13596763,0.35803078608757544,0.01791226498140508,0.037770282,0.8003379,0.8149142542455772
Microglia,Astrocytes,Rims2,Abca1,0.40413436,0.15041274,0.13008176273491223,-0.13695121356425333,0.014821125,0.8082828,0.8149142542455772
Astrocytes,Neurons,Fgf1,Fgfr2,0.70404375,0.4882463,0.2348709409920054,-0.17850899928914005,0.07036231,0.8836655,0.8149862029616306
Neurons,Neurons,Rtn4,Lingo1,0.68027604,0.3447583,0.11973625370513788,-0.390067214979648,0.08000425,0.86455166,0.815117221344055
Astrocytes,Neurons,Adam10,Epha3,0.4041232,0.16286027,0.2298606387766883,0.2622360329456663,0.07684101,0.8143679,0.815540815529875
Neurons,Neurons,Gnas,Adora1,1.1108868,0.35589135,0.23345038753533465,0.10225527715772653,0.04542426,0.8664018,0.8156592239453603
Neurons,OPCs,Cx3cl1,Itgav,0.7039515,0.41506815,0.6737002107892267,0.7053115350941452,0.16267428,0.87505585,0.8156592239453603
Microglia,Pericytes,App,Aplp2,0.587301,0.34482554,-0.43068177808985825,-0.9076253422620445,0.015558669,0.8645631,0.8157438866472774
Neurons,Pericytes,Trf,Ldlr,0.2464619,0.05599428,-0.21867219303738894,-1.3671191347812552,0.012089684,0.720073,0.8160841798780398
Microglia,Microglia,Arf1,Insr,0.40406746,0.14242366,0.13205679498016484,0.25297434592075535,0.0342191,0.80401856,0.8161679231246901
OPCs,Oligodendrocytes,Apoe,Lrp6,1.0124481,0.35554075,0.28640644610985944,0.11369295915944755,0.01711185,0.86634475,0.8163322800612963
Oligodendrocytes,Microglia,Apoe,Lrp5,0.66033745,0.34487095,0.7659380083445081,0.7070768760128355,0.053599797,0.8645708,0.8163710983250423
Pericytes,OPCs,Lamb2,Rpsa,0.40401915,0.145042,0.6969694062687461,0.05113058210324395,0.106822535,0.80544984,0.8167953521121014
Neurons,Astrocytes,Rtn4,Tnfrsf19,0.6803377,0.34488454,0.39677653913401567,-0.19383424787149856,0.072703175,0.8645731,0.8169986314220701
Pericytes,Microglia,Serpine2,Lrp1,0.70344645,0.4391622,0.606196631728553,0.9071862768792964,0.02206578,0.8781079,0.817005491960465
Astrocytes,Microglia,S100a1,Tlr4,0.23670694,0.05602193,0.8590942253534057,0.5172587185580351,0.16933587,0.72012275,0.8172928968136444
Neurons,Pericytes,Adam10,Notch2,0.40384454,0.15849985,0.2904964732034496,0.11725166932804276,0.03033251,0.8123078,0.8174228771126246
Neurons,Astrocytes,Nxph1,Nrxn2,0.7680584,0.3453419,0.23513507620930246,0.6284629535925972,0.024289673,0.86465067,0.8176264860206969
Pericytes,Pericytes,Ncam1,Fgfr2,0.70309305,0.49417627,-0.47322830392023985,-0.8278760773802002,0.012209129,0.8842846,0.817678859478283
Pericytes,Microglia,Cxcl12,Itgb1,0.40381366,0.1555862,1.0788841007165837,1.0232857352311904,0.18750468,0.8108893,0.8180509490167609
Microglia,OPCs,Fgf14,Fgfr2,0.5947832,0.34551293,-0.39268809746446337,-1.1816462376325103,0.0073492285,0.86467963,0.8182546622032583
Oligodendrocytes,Neurons,Ptn,Alk,0.7028415,0.4266665,0.29277960861277386,0.7777684990782066,0.050381847,0.87655467,0.8183523824501683
Pericytes,Astrocytes,Col4a5,Cd47,0.24489534,0.056094993,0.4656988232114003,0.3141733363418143,0.04176539,0.72025406,0.8185011676800921
Microglia,Microglia,Rims2,Abca1,0.40378654,0.15021065,0.129389421198144,0.005882775021704645,0.014801212,0.8081786,0.8186791168677121
Oligodendrocytes,Neurons,Rgma,Bmpr2,0.45272952,0.13559766,0.21329660295074399,0.25697965975156467,0.022609005,0.8001201,0.8186791168677121
Astrocytes,Astrocytes,Rgma,Bmpr2,0.5985999,0.34563687,0.543793058511064,0.6220034817531794,0.057630084,0.8647006,0.8188831600520898
OPCs,Pericytes,App,Lrp6,0.70227784,0.39343804,-0.14491309644427147,-0.4299952996180533,0.024500769,0.8721006,0.8190261816948132
Neurons,Neurons,Lrpap1,Sort1,0.4037453,0.16299711,0.10632206672467312,-0.16500969960940776,0.05664977,0.81443137,0.8193078320177978
Oligodendrocytes,OPCs,Apoe,Lrp4,0.6607673,0.34569827,0.33243910853728054,0.44824906356361505,0.044923037,0.86471105,0.8195117538037676
OPCs,OPCs,Slitrk3,Ptprs,0.7575489,0.35429233,0.7700136147472258,0.7303511366617093,0.16271251,0.86614096,0.8197000151089235
Oligodendrocytes,Astrocytes,Apoe,Lrp6,0.70220464,0.4254476,0.17453311589843348,0.3591511993758095,0.020476408,0.87639976,0.8197000151089235
Astrocytes,Astrocytes,Sema4a,Nrp1_Plxna4,0.24055849,0.056138013,0.21401684804523324,-0.007705370402686484,0.032877743,0.7203313,0.8197089383561112
OPCs,Pericytes,H2-K1,Aplp2,0.41190755,0.13535352,0.11470148786149098,-0.005189456788739888,0.021924922,0.79997593,0.8199368689720994
Pericytes,Pericytes,Lamc3,Dag1,0.40325257,0.16221069,1.6826988740047266,1.0715842333293706,0.20817384,0.81406564,0.8199368689720994
Neurons,Astrocytes,Edil3,Itgb5,0.77875876,0.34601504,0.06479692110682359,-0.6595478979371361,0.026680836,0.8647646,0.8201408951165737
Neurons,OPCs,Slitrk1,Ptprs,0.7575347,0.3542574,0.628234459674544,0.6514551566473311,0.12298932,0.86613524,0.8203740034833231
Astrocytes,Astrocytes,Spon1,App,0.7021403,0.43642458,0.2527999000622301,-0.14259943418671306,0.02072011,0.87777287,0.8203740034833231
Astrocytes,Pericytes,Vegfa,Egfr,0.6287064,0.34608838,1.2239355850127485,1.2844703936845105,0.14747591,0.86477697,0.8207703583426279
Astrocytes,Microglia,App,Lrp1,0.7018419,0.4361475,-0.060244662885109046,-0.3089444267785939,0.01291279,0.87773883,0.8210481466534281
Oligodendrocytes,Astrocytes,Gnas,Adcy9,0.742332,0.34674576,-0.1091335243979217,-0.05631286939432645,0.01800777,0.8648879,0.8214001435642655
Pericytes,Astrocytes,Cd47,Sirpa,0.23697451,0.05614631,-0.055611706010210725,-0.1467146885521426,0.009662309,0.7203462,0.8215198125735377
Astrocytes,Pericytes,Sirpa,Cd47,0.23697451,0.05614631,-0.055611706010210725,-0.1467146885521426,0.009662309,0.7203462,0.8215198125735377
OPCs,Astrocytes,Rims1,Cacna1c,0.9348334,0.35393167,0.21052385874514293,0.042976279077876656,0.019749973,0.8660819,0.8217224444546566
OPCs,Microglia,Hsp90b1,Tlr4,0.40303725,0.13572013,0.8463760144052501,0.444566823606689,0.13308121,0.8001923,0.82182545894233
Astrocytes,Neurons,Bmp1,Bmpr2,0.45243004,0.13516876,0.3559609813440612,0.30274240901794075,0.062484197,0.7998667,0.82182545894233
Pericytes,Astrocytes,Tfpi,Lrp1,0.7156824,0.3470405,1.4588012851089454,1.15555442730183,0.14908963,0.86493754,0.8220302508638229
OPCs,Neurons,Vegfa,Itgb1,0.40302932,0.1558051,0.4049157468204946,0.3265287087200476,0.0363511,0.81099707,0.8224557837054886
Neurons,Neurons,Fgf13,Fgfr1,0.6336776,0.34706023,0.5235874962618948,0.6734776726632292,0.095181845,0.8649408,0.8226606803236354
Microglia,OPCs,H2-K1,Aplp2,0.7013857,0.48649237,0.7327574554890881,0.6523688924348032,0.07880331,0.8834804,0.8230716244420315
Pericytes,Pericytes,Adam10,Axl,0.40299731,0.16132355,0.7279627876002301,0.5035543883108053,0.06202159,0.8136502,0.8230864306844827
Neurons,OPCs,Vegfa,Itga9,1.0337955,0.3471158,2.255520558644455,1.4508919883672449,0.07006388,0.8649502,0.8232912054864362
Astrocytes,Oligodendrocytes,Arf1,Insr,0.24973036,0.056256626,-0.09182373159259574,-0.1808006486055605,0.013516372,0.72054386,0.8233296838136687
Neurons,Microglia,Hspa8,Adrb2,0.8178475,0.3534848,1.0008067977511053,0.5865408383280156,0.2426236,0.86600864,0.8237463851767954
OPCs,Neurons,Sptan1,Ptpra,0.59212196,0.34733936,0.013188817710182762,-0.3449311028127142,0.02635504,0.8649878,0.8239222793980154
Oligodendrocytes,Pericytes,Mif,Ackr3,0.4024135,0.1614042,1.0484134169538213,0.9302953691226371,0.1284557,0.8136881,0.8243484648858134
Neurons,Astrocytes,Gpi1,Amfr,0.42568448,0.13508265,0.14969350938127662,0.06162582663651939,0.04586871,0.79981565,0.8243484648858134
Oligodendrocytes,Neurons,Nfasc,Cntn1_Cntnap1,0.70127356,0.3724005,0.27375298330120135,0.706794506849051,0.14844908,0.86900437,0.8244212998843218
OPCs,OPCs,Ncam1,Fgfr1,1.1426455,0.3533329,0.19039247446130228,0.11403663495606392,0.029029738,0.86598366,0.8244212998843218
Astrocytes,OPCs,Fgf12,Fgfr1,0.25218427,0.056303687,-0.2643307563799438,-0.8242070348841446,0.006936992,0.720628,0.8245357256092054
Neurons,OPCs,Lgi3,Adam22,0.65247715,0.34742934,0.08520517949903525,-0.16288153072858558,0.09022691,0.86500293,0.8245536757168277
Neurons,Oligodendrocytes,Lgi2,Adam22,0.40227172,0.15483634,0.07051987542497791,-0.04724886200704459,0.07846801,0.8105186,0.8249798520412623
Neurons,OPCs,Fgf12,Fgfr1,1.1420656,0.3531395,0.42989826610682585,0.8510294299118981,0.043509156,0.8659519,0.825096368400028
OPCs,Pericytes,Calr,Lrp1,0.70097136,0.46169,0.44445747676225433,0.5118750767068121,0.034480985,0.8807599,0.825096368400028
Astrocytes,Pericytes,Il18,Il1rapl1,0.5942681,0.34774113,-0.07359183036790182,-0.34012163665812994,0.02095533,0.86505526,0.8251853945252088
Pericytes,Neurons,Ntrk3,Ptprf,0.40217423,0.1517927,0.08290825876356044,0.10745383167651346,0.03476256,0.8089894,0.8256117884752965
Oligodendrocytes,Astrocytes,Lrrc4b,Ptprf,0.23829094,0.05632582,-0.02137028822699083,0.07368458930773492,0.034442324,0.7206676,0.825741321829526
Pericytes,OPCs,Ncam1,Fgfr2,0.70075834,0.49083352,-0.4752849078787859,-0.9200358856104139,0.012126543,0.8839369,0.8257717118196898
Oligodendrocytes,Neurons,Cntn2,Nrp1,0.60128593,0.3478073,0.3484440066613578,1.0873731353412888,0.16584791,0.8650664,0.825817435905494
Astrocytes,OPCs,Fstl1,Dip2a,0.40215853,0.14723805,0.28104258133075805,0.02281428271897673,0.05619036,0.80662453,0.8262440475367854
Microglia,Astrocytes,Rtn4,Tnfrsf19,0.7004976,0.35846677,0.41230956398576457,0.1003923990203916,0.075566374,0.86681855,0.8264470874855513
Microglia,Pericytes,Fgf14,Fgfr2,0.5971179,0.347866,-0.3906314935059173,-1.0894864294022963,0.007399279,0.86507624,0.8264497999400191
OPCs,Neurons,Sema3d,Nrp1_Plxna3,0.8123058,0.13489504,2.0530357303755538,1.369113594463217,0.23941936,0.7997044,0.8265601845091233
OPCs,Neurons,Sema3d,Nrp2_Plxna3,0.8123058,0.13489504,2.0530357303755538,1.369113594463217,0.23941936,0.7997044,0.8265601845091233
Pericytes,OPCs,Agrn,Itgb1,0.40212515,0.16170184,0.24585950000739154,0.34370278272635923,0.036294024,0.8138277,0.8268764021112628
Oligodendrocytes,OPCs,Actr2,Ldlr,0.2386582,0.056348924,-0.01858238837914744,-0.04321545519691339,0.018859133,0.7207089,0.8269464184733776
Neurons,Astrocytes,Fgf13,Scn8a,0.6341498,0.34787917,0.2914355202572028,0.39601068742763723,0.053649984,0.86507845,0.8270822594766112
Oligodendrocytes,Neurons,Agrn,Atp1a3,0.90750533,0.35228783,0.29649688860765866,0.48950403282173444,0.057684768,0.8658117,0.8271226164658143
Microglia,Neurons,Rtn4,Lingo1,0.700436,0.35833558,0.13526927855688675,-0.09584056808775784,0.083154984,0.8667974,0.8271226164658143
Neurons,Astrocytes,Fndc5,Itgav,0.40212074,0.13485126,0.30751367343798874,0.2921481995217236,0.080801375,0.7996784,0.8275093065587508
Neurons,Neurons,Ntrk3,Ptprf,0.7273527,0.34847206,0.45382434697939167,0.5817189146519585,0.07980476,0.8651778,0.8277152689506959
Microglia,Oligodendrocytes,App,Tspan15,0.40543088,0.13478248,-0.33250201609354213,-0.4868239719340125,0.038269322,0.7996375,0.8281423064520439
OPCs,Pericytes,Trf,Tfrc,0.24030367,0.056428768,-0.26710988403256486,-1.1847337618383427,0.013363641,0.72085136,0.8281511238102303
Neurons,Neurons,Hsp90b1,Lrp1,0.5912454,0.34932792,0.23707737247444235,0.00895796636171875,0.022167763,0.8653208,0.8283486013259982
Neurons,Pericytes,Pdgfa,Pdgfrb,1.0872936,0.35194135,3.6294443086618275,1.7585446537257021,0.23205125,0.86575454,0.828474133711214
Pericytes,OPCs,Lamc1,Itgav_Itgb8,0.6998702,0.4724467,0.9293585936557199,1.1962458721046438,0.117926486,0.881964,0.828474133711214
Pericytes,Microglia,Bmp5,Bmpr1a_Bmpr2,0.40167087,0.16003713,1.4062996119509814,0.9166730846854523,0.11035781,0.8130425,0.8287758566147553
Neurons,Pericytes,Lrpap1,Lrp1,0.63667166,0.34939384,0.4827058337149879,0.6141930799933464,0.04453522,0.8653318,0.8289822566848544
Neurons,Astrocytes,Inha,Acvr1,0.24382207,0.05648256,0.2903695598335802,0.24622112031234392,0.09868755,0.7209472,0.8293553838188367
OPCs,Microglia,Mdk,Notch2,0.4015605,0.14018518,0.8819277614175076,0.8650557224630743,0.09955888,0.8027674,0.829409729816542
Neurons,Pericytes,Alcam,Chl1,0.63718593,0.34944057,0.15413223666751613,0.23331314614562493,0.023619426,0.8653396,0.8296162351095995
Neurons,Oligodendrocytes,App,Lrp6,1.00263,0.35172716,-0.002164506202459393,-0.2206251222581268,0.021903286,0.86571914,0.8298263836644153
Neurons,Microglia,Sst,Grm7,0.40114766,0.15065083,-0.2692885489050175,-0.8152832623885846,0.0152505515,0.80840534,0.8300436983631309
Astrocytes,Astrocytes,St6gal1,Egfr,0.4369499,0.13467592,0.8207195994851005,0.364426651641952,0.043429527,0.79957414,0.8300436983631309
Pericytes,Pericytes,Agrn,Lrp1,0.636839,0.3496861,0.4279557829113056,0.642276566094063,0.034381174,0.8653805,0.8302505366825701
Pericytes,Neurons,Gnai2,P2ry12,0.29059944,0.05681621,0.22909744561699527,0.11512601941852316,0.011678923,0.72153926,0.8305591445579046
Microglia,Microglia,Adam15,Itgb1,0.40113896,0.15296344,0.3951766489753765,0.6507682455603008,0.06701634,0.80958235,0.8306782177740075
Neurons,Astrocytes,Fgf10,Fgfr2,0.6046774,0.13466887,0.19315145672673126,0.03650584466472462,0.16679159,0.79956996,0.8306782177740075
Microglia,Neurons,Gnai2,Igf1r,0.6059756,0.34970343,0.2748582643614679,0.10182799477787569,0.042728923,0.8653834,0.8308849335556205
Pericytes,Astrocytes,Lamc1,Itgav_Itgb8,0.69882584,0.47070947,0.8116104096302776,1.0785257149586744,0.07808185,0.8817721,0.8311791222130828
Oligodendrocytes,Oligodendrocytes,Ncam1,Cacna1c,0.9022022,0.3512215,-0.1804989468527634,-0.41507564680975206,0.009878423,0.8656355,0.8311791222130828
Pericytes,Neurons,Col4a4,Cd47,0.42166233,0.13463414,0.8067461048104156,0.5156279554331143,0.23019427,0.7995493,0.8313128324622081
OPCs,Neurons,Lgi1,Adam22,0.7790332,0.3498217,0.2853757636531148,0.24389639416572984,0.0313357,0.86540306,0.8315198815559424
Pericytes,Microglia,S100a1,Trpm3,0.24654663,0.05698988,-0.1374573966192557,-0.5173289281557094,0.007461182,0.7218458,0.8317625141769724
Microglia,Astrocytes,Adam10,Notch1,0.6988251,0.40841195,0.9126867682048513,0.9743355174622577,0.085500106,0.87416935,0.8318557198131464
Astrocytes,Neurons,Mdk,Ptprz1,0.4009867,0.16070326,0.5608118433776775,0.2553839710305673,0.0296397,0.813358,0.8319479984114
Pericytes,Microglia,Ncam1,Fgfr2,0.6024546,0.350086,-0.5618788642711752,-1.017121269763627,0.008649231,0.86544704,0.8321551529514672
Astrocytes,Astrocytes,Rgma,Neo1,0.6985295,0.48778215,0.5078277708213719,0.5362823257207292,0.08186566,0.8836166,0.8325325909454062
Oligodendrocytes,Neurons,Arf1,Chrm3,0.42845306,0.13455473,0.3023623333639288,0.8147914159656922,0.10863774,0.79950196,0.8325834878112859
Oligodendrocytes,Oligodendrocytes,Psap,Sort1,0.5969809,0.35015705,-0.03800981022825006,0.20655222100472537,0.030034354,0.8654589,0.8327907478245304
Pericytes,Pericytes,Lrpap1,Sorl1,0.2391163,0.05702287,-0.07606498338623234,-0.14386451329769523,0.01841334,0.7219039,0.8329653847311016
Neurons,Pericytes,Calr,Lrp1,0.69852656,0.45742023,0.44125541838989635,0.5167754106552,0.0341621,0.88027114,0.8332094924035551
Microglia,Oligodendrocytes,Tgfa,Erbb4,0.82453203,0.3506346,0.14422829520189098,0.23214964987256342,0.034546487,0.86553824,0.8332094924035551
Neurons,Astrocytes,Agrn,Dag1,0.4006936,0.15781598,0.2964363958279039,0.236487824856845,0.043334257,0.8119779,0.8332190723870501
Oligodendrocytes,Neurons,Agrn,Lrp1,0.41392523,0.13411717,0.10289077497312984,0.02294997402909832,0.013186414,0.79924077,0.8332190723870501
Neurons,Astrocytes,Fgf13,Fgfr1,0.6355277,0.3502687,0.5270815004919206,0.7432994565487459,0.09606177,0.86547744,0.8334266662574679
OPCs,OPCs,Col9a3,Itgav_Itgb8,0.40204424,0.13407543,0.5954076598516881,0.5429147048526695,0.13616824,0.7992158,0.8338552088191178
Oligodendrocytes,Neurons,Ncam1,Gfra1,0.90198094,0.3505212,0.11058179471171949,0.4097962852657736,0.041264545,0.8655194,0.8338865455302187
Microglia,Pericytes,Fgf13,Fgfr3,0.69848436,0.41484296,0.7425350368572428,1.3154176631928811,0.081600554,0.87502617,0.8338865455302187
Microglia,Neurons,App,Lrp1,0.5921477,0.350423,-0.24354050726172904,-0.8009218773605994,0.01037479,0.8655031,0.8340629083326152
Neurons,Microglia,Col4a1,Itga9_Itgb1,0.3033177,0.057040617,0.3857120256765272,0.4628582118672087,0.047804173,0.72193515,0.8341678642899151
Astrocytes,Pericytes,App,Notch2,0.40018666,0.1560411,-0.13300868611467864,-0.47367418618517365,0.015162167,0.81111306,0.8344914403592893
Pericytes,OPCs,Lrpap1,Lrp1,0.8224638,0.3504645,0.7123463649615079,0.7296872238599122,0.04467169,0.86551,0.8345637501608136
OPCs,Pericytes,Psap,Gpr37l1,0.6982751,0.43488476,0.28306630613286055,0.2770563867829886,0.020786092,0.87758315,0.8345637501608136
OPCs,Astrocytes,Vegfa,Nrp1,0.40017188,0.15303658,0.41193888911369736,0.461807613650468,0.042570524,0.8096192,0.8351282241527633
Oligodendrocytes,Astrocytes,Sorbs1,Itgb5,0.24048686,0.057053916,0.03989292174984435,-0.25084481752565096,0.005822824,0.7219586,0.8353698989320981
Pericytes,Pericytes,App,Notch2,0.6976324,0.3559787,0.09410459949893249,0.015219949463546656,0.034589663,0.866416,0.8359187349459088
Astrocytes,Microglia,Col1a2,Itga9_Itgb1,0.40002522,0.15187131,0.7416760618908845,0.7859810570730209,0.078621805,0.8090294,0.8364025344705542
Astrocytes,Astrocytes,Bmp1,Bmpr1a,0.44870454,0.13376234,0.45654084240021003,0.5622289538769898,0.07280019,0.79902816,0.8364025344705542
OPCs,Neurons,Gnai2,Cnr1,0.24295779,0.057080697,0.2489828130872733,0.13383565454607677,0.09145326,0.7220056,0.8365714348162171
Neurons,Astrocytes,Fstl5,Sdk2,0.6972395,0.3586304,0.6419581420168762,1.0630093079569158,0.20102769,0.8668449,0.836596393127903
Microglia,Pericytes,Apoe,Lrp6,0.64693373,0.3506641,0.10809157883337998,0.4337077361998879,0.016877146,0.8655431,0.8366108857255651
Microglia,Microglia,App,Aplp2,0.40454438,0.13375863,-0.6239214629020366,-1.351160541656711,0.0060352446,0.79902595,0.8370402899816156
Astrocytes,Pericytes,Vegfa,Nrp1,0.63154453,0.3509159,0.8579223920023927,1.0733374423645192,0.09761504,0.86558485,0.8372487471304266
OPCs,Pericytes,Tgfa,Erbb4,0.6967919,0.46370858,0.28317714941753824,0.2022374947730241,0.045687165,0.8809888,0.8372742021554678
Microglia,Neurons,Apoe,Vldlr,0.5273831,0.13369612,-0.05199270160788955,-0.03204641373789974,0.021993585,0.7989884,0.8383165441263807
OPCs,Microglia,Bmp7,Acvr1_Acvr2a,0.24346411,0.057270225,0.6457734280889327,0.4625746813230545,0.08601715,0.72233814,0.8383729587268267
OPCs,Microglia,Bmp7,Acvr2a_Bmpr1a,0.24346411,0.057270225,0.6457734280889327,0.4625746813230545,0.08601715,0.72233814,0.8383729587268267
Pericytes,Microglia,Psap,Sort1,0.6244594,0.35140947,-0.026469993571050555,-0.1065775859993977,0.030141778,0.8656666,0.8385252131054547
Oligodendrocytes,Pericytes,Fgf12,Fgfr1,0.39972112,0.15535724,-0.057018369266566726,-0.5328141408916647,0.019141054,0.81077635,0.8389552720958733
Microglia,Pericytes,Adam17,Erbb4,0.6965073,0.4632278,0.24225863521463328,0.3483702401972556,0.036193326,0.8809344,0.8393086544714168
Oligodendrocytes,Astrocytes,Sparc,Fgfr1,0.39945534,0.15954433,0.19280499785849933,0.37290737401511637,0.018922258,0.812808,0.8395940949011779
Pericytes,Pericytes,Col4a4,Itga1_Itgb1,0.4192248,0.13359135,1.0129847057421264,0.9611339393696319,0.21590446,0.79892546,0.8395940949011779
Neurons,Pericytes,Slit2,Robo1,0.6073985,0.35189316,0.06977746550867242,0.10445537024634821,0.04202967,0.86574656,0.8398032053766129
Neurons,Microglia,Agrn,Lrp1,0.69621706,0.42557958,0.5151139599792379,0.6069476664515288,0.04184303,0.87641656,0.8399870652623901
Oligodendrocytes,Astrocytes,Gnai2,Adcy9,0.24381542,0.057282887,-0.02589074044382374,0.12690519806327655,0.012933642,0.7223604,0.8401734822532486
Pericytes,Microglia,Jam2,Itgav_Itgb1,0.3992833,0.15114377,0.5433764394811671,0.7038468468893885,0.04011993,0.8086582,0.8402334715490349
OPCs,Astrocytes,Col9a3,Itgav_Itgb8,0.4009998,0.13358243,0.4776594758262458,0.42519454770670023,0.09016014,0.7989201,0.8402334715490349
Microglia,OPCs,Adam10,Notch1,0.69615614,0.4031723,0.9035555838099221,0.9191894639172271,0.0844032,0.8734575,0.8406656260759905
Neurons,Neurons,Farp2,Plxna2,0.44650307,0.13351607,0.37208026999194016,0.38521579292571706,0.08646736,0.79888016,0.8408729429643389
Astrocytes,OPCs,Gnai2,Adcy8,0.3989432,0.13517785,0.16592303809831974,0.1871815146805354,0.027581045,0.79987204,0.8408729429643389
Pericytes,Pericytes,Lamc1,Dag1,0.62748647,0.35204765,0.8973069231205604,1.3113050981593415,0.10231403,0.86577207,0.8410824955098043
Pericytes,Microglia,Calr,Lrp1,0.69608086,0.42532372,0.4397878927333369,0.6421314277433486,0.031764995,0.876384,0.8413443367476354
Microglia,Oligodendrocytes,Rgmb,Bmpr2,0.2411113,0.057314064,0.006202537800214902,-0.028497263767865322,0.02559216,0.7224149,0.8413732935870512
Oligodendrocytes,Neurons,Cntn1,Ptprz1,0.39882755,0.15901196,-0.15136374725923993,-0.8405913825415302,0.0035540669,0.8125536,0.8415129686197851
Pericytes,OPCs,Gnai2,Igf1r,0.6958863,0.4271087,0.3662112177678696,0.42540513128799634,0.052186772,0.8766107,0.8420231971127415
Astrocytes,Astrocytes,Jam2,Itgav_Itgb1,0.40053833,0.1334109,0.6594726909065883,0.6190577453008455,0.03541288,0.79881686,0.8421533189607846
Neurons,Pericytes,Fgf13,Egfr,0.63701767,0.35285264,0.8772093296320074,1.0608179061943501,0.1166828,0.86590475,0.8423628541389356
OPCs,Pericytes,Bmp7,Bmpr1b_Bmpr2,0.24364683,0.05734283,0.8250451544644156,0.605533994422083,0.08641598,0.7224652,0.8425726604981644
Pericytes,Astrocytes,Adam10,Tspan5,0.6957145,0.4165206,0.1412606360996411,0.16898628835539153,0.036274783,0.87524664,0.8427023289468623
Pericytes,Microglia,Col4a5,Itga9_Itgb1,0.39873558,0.1506067,0.8505631712296609,0.9763696231515602,0.105993874,0.80838263,0.8427937639664549
Neurons,Microglia,Bsg,Slc16a7,0.67443925,0.3530305,0.24682494137739555,0.3103299988342132,0.060079627,0.865934,0.8430036355003621
Pericytes,Pericytes,Gpc3,Igf1r,0.69470626,0.37301546,0.6158159599889717,1.1943878003718171,0.12835743,0.86909825,0.8433814882319489
Neurons,Astrocytes,Adcyap1,Adcyap1r1,0.2626263,0.05736096,0.3887607806886654,0.45526974486789396,0.17029513,0.72249687,0.8437715292648622
Microglia,Pericytes,Pdgfb,S1pr1,0.39824575,0.15006225,1.3276766466675616,1.0808477138170023,0.18643016,0.808102,0.8440758582473755
OPCs,Neurons,Bmp1,Bmpr2,0.450925,0.13301319,0.3516728413597362,0.2842073600149807,0.061487753,0.79857683,0.8447175079205113
Neurons,OPCs,Bsg,Slc16a7,0.69390875,0.3917187,0.2809874020869594,0.2563028946181244,0.06666368,0.87185615,0.8447402542365898
Microglia,Neurons,Ncam1,Gfra1,0.24059312,0.05752067,-0.401341239255425,-0.9746248441766548,0.0067715286,0.7227755,0.844970007597509
Neurons,Neurons,Sptbn2,Ptpra,0.39819074,0.13985375,0.16980872878635747,-0.1489716734285519,0.07488978,0.80257994,0.84535948269082
Oligodendrocytes,Astrocytes,Gnai2,Egfr,0.43571293,0.13300818,0.9621792791488055,0.8691347054260048,0.059952065,0.79857385,0.84535948269082
Microglia,Pericytes,Calr,Lrp1,0.69386506,0.44927916,0.43515035742903757,0.609282147649636,0.033554092,0.8793216,0.8454199826741653
Microglia,Pericytes,App,Rpsa,0.59494984,0.3536592,-0.44839442116417894,-1.050488108565081,0.014750402,0.86603725,0.8455700105409989
Microglia,Neurons,Bsg,Slc16a7,0.39815825,0.14260373,-0.05320846234197675,-0.4051704247328442,0.024268666,0.80411804,0.8460015519539192
Pericytes,OPCs,Fgf14,Fgfr1,0.48206726,0.13298525,-0.1844816500540684,-0.6473880958737375,0.009406696,0.79855996,0.8460015519539192
Astrocytes,Pericytes,Ptn,Ptprz1,0.69345796,0.4679635,0.14712985276699092,0.17580980192612194,0.01199992,0.8814668,0.8460997377971768
Neurons,Neurons,Gnai2,Adcy1,0.26365972,0.057568815,0.22636740990180876,0.011379782615911216,0.046291493,0.7228593,0.8461680417544365
Astrocytes,Neurons,App,Aplp1,0.6132805,0.3539125,-0.6490562839986834,-1.7877423341973193,0.014073562,0.8660788,0.8462121863865633
Microglia,Microglia,Cntn1,Notch2,0.39809394,0.13639483,0.3286746038551199,0.04401731129086406,0.011738769,0.8005884,0.8466441770487751
Neurons,Neurons,Arf1,Insr,0.39796704,0.15024784,0.1257311676108973,-0.12465407604365575,0.036098965,0.8081978,0.8472868965674653
Microglia,Neurons,Actr2,Ldlr,0.4772481,0.13279878,0.3053062051411569,0.3459063284217163,0.044445742,0.7984471,0.8472868965674653
Neurons,Astrocytes,Psen1,Notch3,0.24009332,0.057597473,0.3629924378488517,0.20465517958580337,0.03481313,0.7229092,0.8473655780737236
Neurons,Astrocytes,Slit2,Robo1,0.69247925,0.47746134,0.1325564026643944,0.04445858271046588,0.057027373,0.88251245,0.8474596935025849
Neurons,Pericytes,Col11a1,Itga1_Itgb1,0.59570694,0.35403493,0.6420838075328128,1.0762003236468027,0.1093441,0.8660988,0.8474979752428895
Neurons,Pericytes,Adam17,Erbb4,0.50080687,0.13269944,-0.16743490370621328,-0.3550675207934103,0.01036819,0.7983869,0.847930172316093
Microglia,Oligodendrocytes,Ncam1,Cacna1c,0.24081439,0.057635587,-0.6924219808199079,-1.7994967762521805,0.0016210532,0.72297543,0.8485627241461144
Astrocytes,Pericytes,Adam10,Axl,0.39777225,0.15745614,0.7216372362736787,0.4721852546987245,0.06053474,0.81180364,0.8485737735735133
Oligodendrocytes,Neurons,Apoe,Scarb1,0.55008924,0.1326897,0.10717228386576885,0.1904794260387195,0.023453346,0.7983809,0.8485737735735133
Oligodendrocytes,Neurons,Sparc,Fgfr1,0.39760524,0.15808292,0.18931099362847356,0.3030855901295997,0.01874893,0.8121069,0.8492174691511052
Neurons,Oligodendrocytes,Adam10,Cadm1,0.61175513,0.35460037,-0.12350717874315471,-0.5908264982777062,0.015779004,0.8661913,0.8494290996343032
Astrocytes,Astrocytes,Adam10,Tspan5,0.6904895,0.40653533,0.1349350847730896,0.1376171547433107,0.035405166,0.87391585,0.8495008604472924
Microglia,OPCs,Icam1,Cav1,0.24256021,0.057648093,1.4552452431118488,0.7311948201654374,0.5553147,0.7229972,0.8497594262897563
Astrocytes,Oligodendrocytes,App,Rpsa,0.6141506,0.35472047,-0.42567996173841804,-0.4887193598096402,0.014794665,0.86621094,0.8500732276296654
Astrocytes,Microglia,Rgma,Bmpr2,0.6903821,0.4761929,0.6665061880367531,0.8932428126428739,0.07939847,0.88237447,0.8501815043760083
Neurons,OPCs,Ptn,Sdc2,0.39742413,0.1578877,0.04517636778851561,-0.4383752236696207,0.010243614,0.8120126,0.8505060682121424
OPCs,Neurons,Sparc,Fgfr1,0.64376825,0.35513788,0.4472214430610034,0.2967494028932247,0.042120017,0.86627907,0.8507179127171549
OPCs,Neurons,Sirpa,Cd47,0.41995636,0.13248655,0.18144564502389143,0.04229993844480068,0.022799823,0.7982576,0.8508285951998692
Neurons,OPCs,Cd47,Sirpa,0.41995636,0.13248655,0.18144564502389143,0.04229993844480068,0.022799823,0.7982576,0.8508285951998692
Neurons,Neurons,Ptn,Sdc3,0.2688715,0.05766993,-0.13874041054836475,-0.7444313694652128,0.0051318905,0.7230351,0.8509556309024991
Microglia,Neurons,Ncam1,Ptpra,0.39731413,0.1389159,-0.5288083567103966,-1.3683324131422823,0.004542336,0.80204636,0.8511509720940647
Neurons,Neurons,Rtn4,Cntnap1,0.689783,0.36422485,0.1123198044321147,-0.38775277380205153,0.10288838,0.8677357,0.8515432347302456
Neurons,Pericytes,Slit3,Robo2,0.3973084,0.13779362,0.12465382919632821,0.14110456172491703,0.06171378,0.8014016,0.8517962018963987
Microglia,Astrocytes,Jam2,Itgav_Itgb1,0.24024549,0.057701208,0.23173397523058584,0.2965174311000371,0.015316334,0.7230894,0.8521514454555337
OPCs,Microglia,Adam9,Itgb1,0.39725488,0.14915475,0.43550129269897403,0.5728950251035825,0.072499044,0.80763125,0.8524415258455467
Microglia,Astrocytes,Tgfb1,Lpp,0.68921405,0.41430765,1.6566692859701821,1.3540040369875135,0.22208685,0.87495553,0.852905676322141
Neurons,Astrocytes,Apoe,Abca1,0.3971594,0.14318994,0.1532291184225428,-0.5692245217501292,0.009326021,0.8044409,0.8530874076186108
Neurons,Neurons,Ptn,Cdh10,0.6514637,0.35593325,-0.1950478134076761,-1.020568785358883,0.00965227,0.8664086,0.8532999125417423
Astrocytes,Microglia,Trf,Adrb2,0.24075063,0.057720575,0.5386468393038861,-0.8677348925000435,0.055519536,0.723123,0.8533468163267895
OPCs,OPCs,App,Aplp1,0.68911487,0.36663508,-0.582066466621738,-1.692919629535063,0.014579483,0.8681137,0.8535870564003725
Neurons,Microglia,Alcam,Nrp1,0.6886651,0.43953124,0.393575068006915,0.626890778728985,0.046530496,0.87815285,0.8542685832094565
OPCs,Neurons,Lrpap1,Ldlr,0.25534052,0.05775807,0.08593862099305936,-0.09736184967379105,0.030774957,0.723188,0.8545416899738546
Microglia,Oligodendrocytes,Nlgn1,Nrxn1,0.62856084,0.35633075,-0.540831527193877,-1.7314512844256322,0.0024516121,0.8664732,0.854916196275475
Oligodendrocytes,Microglia,Nrxn1,Nlgn1,0.62856084,0.35633075,-0.540831527193877,-1.7314512844256322,0.0024516121,0.8664732,0.854916196275475
Oligodendrocytes,Pericytes,Cntn2,Cntn1,0.6886072,0.47328675,0.028665457851935555,0.702813564017054,0.05658026,0.8820564,0.8549502565848105
Astrocytes,Neurons,Gpi1,Amfr,0.3969828,0.14909032,0.13739205369614826,0.02206499339707657,0.050625153,0.80759764,0.85502677794701
Microglia,Neurons,Gnai2,Adcy8,0.6885886,0.42796713,0.5970635808952149,0.8900251821574967,0.08732038,0.87671924,0.8556321988062646
Neurons,Microglia,Psen1,Notch2,0.39683694,0.1350204,0.6256132725119482,0.5793057362038783,0.07292006,0.79977876,0.8556737323247777
Astrocytes,Astrocytes,Vegfb,Nrp1,0.24964476,0.057932112,0.14519653029185547,0.06991621870854942,0.03512383,0.72348905,0.8557361737484326
Neurons,Microglia,Apoe,Abca1,0.39681154,0.14299755,0.15253677688577458,-0.4263905331641712,0.00931349,0.8043352,0.8563212455236493
Astrocytes,Astrocytes,Arf1,Pld2,0.25461614,0.05793316,0.4436469290952609,0.22351068973708516,0.059791133,0.72349083,0.8569301605032721
Pericytes,Microglia,Col4a3,Itga9_Itgb1,0.39645353,0.14836892,1.393983340650657,0.9831541518350506,0.20227891,0.8072205,0.8569688526253953
Pericytes,Microglia,Rtn4,Rtn4rl1,0.59791136,0.35727692,0.5126562281255094,0.06695109037415115,0.07578075,0.8666265,0.8571822343298869
Astrocytes,Microglia,Vegfa,Itga9,0.6881266,0.44715974,1.2302426898680368,1.3457126416477596,0.09025733,0.87907046,0.857678534980326
Microglia,Neurons,Timp2,Itga3,0.28827032,0.057978235,0.236425077544316,0.19943962158223885,0.13356692,0.7235686,0.858123757510456
Oligodendrocytes,OPCs,Efnb3,Ephb2,0.39640176,0.13327605,0.1915643693747323,0.8220763646090526,0.2132409,0.79873556,0.8582655120128821
OPCs,Neurons,App,Ncstn,0.57376397,0.13175301,-0.19743249098124388,-0.6476534284401047,0.02473119,0.7978102,0.8582655120128821
OPCs,Astrocytes,Bmp1,Bmpr1a,0.4471995,0.1316292,0.45225270241588506,0.5436939048740298,0.07163923,0.7977343,0.8589140988763326
Astrocytes,Astrocytes,Agt,Enpep,0.6878393,0.36122194,1.7555486172186607,1.4792409366578636,0.3012835,0.86725986,0.8590436106626468
Pericytes,Neurons,Bmp5,Acvr1_Acvr2a,0.39636558,0.15539223,1.489120611938553,0.8474522851883708,0.16084127,0.81079364,0.8592387478922854
Pericytes,Neurons,Bmp5,Acvr1_Bmpr2,0.39636558,0.15539223,1.489120611938553,0.8474522851883708,0.16084127,0.81079364,0.8592387478922854
OPCs,Oligodendrocytes,Col9a3,Itgav_Itgb8,0.24105982,0.058084436,0.33207666848136613,0.35771893348666084,0.058991086,0.72375166,0.8593169112474773
Microglia,Pericytes,Fgf13,Egfr,0.687836,0.39421195,0.9429473923829732,1.4141301470741183,0.13035966,0.87221014,0.8597263054457639
Astrocytes,Neurons,Ptn,Alk,0.6252536,0.3578645,0.22499720969140566,0.27811026876320666,0.042257532,0.86672145,0.8597772908746752
Astrocytes,OPCs,Omg,Lingo1,0.24688622,0.058123294,0.10755715010781586,0.03414795194516898,0.056634814,0.7238185,0.8605095682714128
OPCs,Neurons,Mdk,Sorl1,0.39600003,0.13733353,0.4241486144816834,0.294001576366419,0.07528597,0.80113536,0.8608622865976583
Astrocytes,Neurons,Nfasc,Cntn1_Cntnap1,0.687435,0.36255425,0.26101896675528213,0.17224656605501734,0.14452408,0.86747164,0.8610921305960603
OPCs,Pericytes,Mdk,Sorl1,0.24156883,0.058134936,0.20733105039387983,0.07625274960573528,0.03186946,0.7238385,0.8617018357349697
Astrocytes,Pericytes,Mdk,Lrp1,0.64177096,0.3582996,0.868494233099596,0.9738353800353166,0.07753337,0.8667916,0.8617267831451012
Oligodendrocytes,Neurons,Apoe,Lrp8,0.68709165,0.3963615,0.3486192915651608,0.46397807904009214,0.053344447,0.87251294,0.8617752606340736
Astrocytes,Microglia,Angpt1,Itgb1,0.395697,0.14762709,0.5985502123157062,0.7436652859324724,0.056021135,0.8068302,0.8621626357877451
Astrocytes,Neurons,Gnas,Crhr1,0.63029015,0.13094817,0.0664490837346802,-0.2058037517828078,0.116023846,0.79731554,0.8621626357877451
OPCs,Neurons,Lama4,Dag1,0.3954796,0.15566306,0.973332933290547,0.64603234171191,0.07373781,0.8109272,0.8628134180116394
Oligodendrocytes,Neurons,Gnas,Adcy7,0.6519513,0.13085534,0.021550886701606986,-0.006114748490138017,0.027766526,0.7972582,0.8628134180116394
Pericytes,Neurons,Tcn2,Cnr1,0.24571255,0.058176126,0.5117313042922788,0.5085687877384011,0.15086351,0.72390926,0.862893660175334
OPCs,Astrocytes,Sparc,Fgfr1,0.6456184,0.358421,0.4507154472910292,0.3665711867787414,0.042509403,0.86681116,0.8630282363013316
OPCs,Pericytes,Lama4,Itga6_Itgb1,0.39544827,0.15563658,1.0598416887106137,0.8232555456312347,0.05372239,0.81091416,0.863464293787406
OPCs,Microglia,App,Lrp6,0.686566,0.36144486,-0.17106415052701024,-0.47489352357526,0.02250844,0.8672954,0.8638256413819856
Neurons,Astrocytes,Timp3,Ddr1,0.25762627,0.058224894,-0.04439454576415076,-0.33097162505793565,0.016174223,0.723993,0.864084988209232
OPCs,Neurons,L1cam,Fgfr2,0.47782642,0.13071048,-0.039984166776294974,-0.5413225341032466,0.044896767,0.7971687,0.8641157307805293
Neurons,Astrocytes,Vegfa,Nrp1,0.25010982,0.05822595,0.11677743246216198,-0.008202604041273709,0.016196841,0.72399485,0.8652759268700612
Microglia,Astrocytes,Fgf13,Fgfr1,0.686346,0.39132512,0.5928195632428864,1.096611697428514,0.10732157,0.8718,0.8658773206435254
Neurons,OPCs,Gnai2,Ednrb,0.26620218,0.0583537,0.42975610536348663,0.128338095455429,0.026394796,0.7242138,0.8664664227546681
Microglia,Pericytes,H2-K1,Aplp2,0.6861776,0.46291357,0.7166769041583585,0.7728848620812808,0.07498396,0.88089883,0.8665614605675005
Pericytes,Neurons,Jag1,Cd46,0.39369947,0.15469863,1.0435506817662845,0.7648283564545513,0.15246911,0.81045026,0.8667242863680313
Pericytes,OPCs,Lamc1,Dag1,0.6321076,0.35973418,0.9067444694790547,1.1927005440677068,0.10454793,0.86702216,0.8669402222332494
Oligodendrocytes,Neurons,Apoe,Lrp6,0.68548894,0.3932769,0.14671089262410292,0.1658854001449408,0.01892806,0.87207776,0.8672457440951366
OPCs,Pericytes,Angpt1,Itgb1,0.6003653,0.35985366,1.1356504192676795,1.2029342407695558,0.13655633,0.8670413,0.8675934061021189
Neurons,Astrocytes,Vegfb,Nrp1,0.2503155,0.058355886,0.14653557768794304,0.06804586933239976,0.03538076,0.7242175,0.8676564225393953
Neurons,Neurons,Efna5,Ephb2,0.68520296,0.40274525,0.700994258558557,1.0242253499346612,0.3294672,0.8733989,0.8679301710618508
Microglia,Pericytes,Serpine2,Lrp1,0.685194,0.4341357,0.585329042769238,0.8473064367652883,0.021813223,0.8774905,0.8686147413030603
Oligodendrocytes,Pericytes,Rgma,Neo1,0.24877378,0.058357757,-0.17883233131756437,-0.29305394236598614,0.009794325,0.7242207,0.8688460331383967
Pericytes,Microglia,Cntn1,Notch2,0.60271114,0.36012354,0.506796977901145,0.5881670245801904,0.030993894,0.8670845,0.868900523108537
OPCs,OPCs,Rtn4,Tnfrsf19,0.4570448,0.1301104,-0.0012383372185075514,-0.493019743142881,0.027427843,0.7967964,0.869338321320406
Pericytes,Neurons,Lrpap1,Sorl1,0.39354748,0.13470647,0.14075258070157123,0.07388431346298852,0.04349827,0.7995923,0.869338321320406
OPCs,Microglia,Vegfa,Itgav,0.61452544,0.36071903,0.5980107079397776,0.7998465422102607,0.05876633,0.86717963,0.8695546911237789
Microglia,Astrocytes,Fgf13,Scn8a,0.6849681,0.3886555,0.3571735830081686,0.7493229283074054,0.05993852,0.871417,0.8699844339399911
Pericytes,OPCs,Lamc3,Itga9_Itgb1,0.39350003,0.15473627,1.597678067353332,0.8461396462658457,0.16232242,0.8104689,0.8699924739984479
Neurons,OPCs,Apoe,Vldlr,0.24387753,0.058408488,-0.22970110880280445,-1.0792064914522608,0.009608447,0.7243075,0.8700352012081465
Pericytes,Microglia,Vegfa,Itga9,0.3934617,0.13730566,0.6506572860389344,0.7606609564039639,0.027714575,0.80111915,0.870647189893986
Oligodendrocytes,Microglia,Cntn2,Nrp1,0.61040115,0.3609058,0.36465562750441116,1.2293286217800945,0.1720938,0.8672095,0.8708640119947462
Astrocytes,Neurons,Nrg2,Nrp2,0.24211738,0.058438186,0.10858352987237213,0.1427150103728874,0.03594566,0.7243582,0.871223873484569
Microglia,Astrocytes,Mif,Egfr,0.43351164,0.13004033,0.8395829952923493,0.1977608267400206,0.052314952,0.7967528,0.8713022341796532
Neurons,Microglia,Adam10,Il6ra,0.684585,0.4232932,1.6202335606495037,0.8028123361292644,0.12889181,0.87612456,0.8713545747617707
Neurons,Pericytes,Alcam,Nrp1,0.64381504,0.36104172,0.3138086935872332,0.5075503015695069,0.03822129,0.86723113,0.871519165015143
Pericytes,Neurons,Serping1,Lrp1,0.41056392,0.1300376,0.6402448152255625,0.474781155260344,0.07060697,0.7967511,0.8719573715564705
Microglia,Neurons,Fgf13,Fgfr1,0.68449587,0.38774058,0.5893255590128607,1.0267899135429974,0.1063385,0.8712849,0.8720398589322796
OPCs,Astrocytes,Timp3,Ddr1,0.39343613,0.15271695,0.22038431545334683,0.12909509794537616,0.042423055,0.809458,0.8726130727514161
Neurons,Neurons,Efna5,Epha3,0.66318214,0.36118847,0.6943545073792659,1.112387592317065,0.37816146,0.86725456,0.8728302210990719
OPCs,OPCs,Bmp7,Acvr2a_Bmpr1a,0.24643232,0.05844974,0.6515744692393239,0.35487673140945025,0.08778872,0.72437793,0.8730061058823679
OPCs,OPCs,Bmp7,Acvr1_Acvr2a,0.24643232,0.05844974,0.6515744692393239,0.35487673140945025,0.08778872,0.72437793,0.8730061058823679
Oligodendrocytes,Astrocytes,Rgma,Neo1,0.437593,0.12986532,0.023487080593550595,0.08392996674016603,0.021795612,0.79664373,0.873268866966191
OPCs,Pericytes,Lrig2,Egfr,0.39271557,0.1540234,0.5753997038469444,0.5522711781505297,0.06914879,0.810114,0.8739252253996395
Pericytes,Pericytes,Pam,Fap,0.40855998,0.12978162,1.0252785705159309,0.5055589912876763,0.16704959,0.7965915,0.8739252253996395
Microglia,Neurons,Trf,Tfrc,0.6666946,0.36128703,0.06053474161968185,-0.5809460812196098,0.08556114,0.86727023,0.874142827142866
Astrocytes,Pericytes,Wnt7a,Ldlr,0.2503645,0.05845586,0.6331968192822199,0.5498456399665015,0.13259593,0.7243884,0.8747873432674189
Oligodendrocytes,Microglia,Lama2,Itga6_Itgb1,0.39268392,0.14467248,0.25735476714612576,0.4657557875748044,0.018979747,0.80524987,0.8749102616226128
Oligodendrocytes,Microglia,Lama2,Itga9_Itgb1,0.39268392,0.14467248,0.25735476714612576,0.4657557875748044,0.018979747,0.80524987,0.8749102616226128
Astrocytes,Astrocytes,Ptn,Ptprs,0.6839061,0.4525443,0.015940124511765352,-0.1295688234281045,0.017620387,0.87970525,0.8754685339912253
Neurons,OPCs,L1cam,Erbb3,0.24358928,0.058457784,0.2708842301425871,0.21826263671680696,0.21993415,0.72439164,0.875974299965464
Oligodendrocytes,OPCs,Ptn,Sdc2,0.6836787,0.38978568,0.2952561412622615,0.6810233259428906,0.025288947,0.8715796,0.8761547926591082
Neurons,Astrocytes,Slit1,Robo1,0.4233937,0.1292519,0.03983076666263541,-0.4077974780176068,0.07129493,0.79625994,0.8765534755587935
Microglia,OPCs,App,Aplp2,0.60250914,0.36238945,-0.4146012267591287,-1.028141311908522,0.016351158,0.8674455,0.8767717495906453
Oligodendrocytes,OPCs,Apoe,Sdc2,0.68367213,0.38978037,0.26546680435445047,0.44715612910156644,0.01923341,0.8715788,0.8768410694328759
Astrocytes,Pericytes,Gnai2,Adcy8,0.2418746,0.05849839,-0.04684037198869489,-0.12372500707440848,0.011935733,0.72446096,0.877160814628198
Microglia,Pericytes,Sema4d,Plxnb1,0.4090168,0.12921597,0.3580604464113497,0.5588679874724236,0.08952678,0.7962374,0.8772114785879555
Oligodendrocytes,Astrocytes,Lama2,Rpsa,0.39251745,0.14457424,-0.0771368751249274,-0.1985322045933533,0.011704418,0.80519664,0.8772114785879555
Microglia,Pericytes,Tgfb1,Sdc2,0.6307192,0.36250186,1.7038066769613236,1.4561561162910583,0.28826252,0.86746335,0.8774298618362288
Microglia,Oligodendrocytes,App,Dcc,0.6835911,0.45603165,-0.4943871217428954,-1.3213141866234959,0.012701361,0.88011086,0.8775274873414739
Oligodendrocytes,OPCs,Efnb3,Ephb1,0.392644,0.12913601,-0.07348407908006212,0.18133851216115948,0.10462059,0.79618716,0.877869810830486
Microglia,Astrocytes,Adam17,Itgb1,0.39234984,0.1295433,0.42017388086446145,0.5873429167688091,0.042170074,0.79644257,0.877869810830486
Oligodendrocytes,Pericytes,Ptn,Ptprs,0.66952276,0.36254105,-0.02399665067400443,0.2244350053724914,0.014115995,0.86746955,0.8780883033224982
Microglia,Microglia,Gnai2,Ccr5,0.6835559,0.4231994,1.911553690244987,1.4964997583283175,0.25374484,0.8761125,0.8782140462203192
Neurons,Pericytes,Spp1,Itga4_Itgb1,0.24599515,0.058589824,0.4330625375612998,0.7457335764520273,0.15319331,0.7246168,0.8783468341106112
OPCs,Astrocytes,Sdc2,Ptprj,0.6831023,0.38931873,0.6142702076580079,0.8217300255095293,0.0321107,0.8715125,0.8789007459048293
Astrocytes,Microglia,Sema4a,Nrp1_Plxna4,0.3922329,0.14172979,0.616307915739783,0.7513666404840379,0.12422533,0.80363345,0.8791872266043594
Astrocytes,Pericytes,Vcl,Itgb5,0.6779722,0.362746,1.1248949137597588,1.2331213488530184,0.064183824,0.86750203,0.8794061743464372
Neurons,Pericytes,Fgf1,Fgfr1,0.25455323,0.058605723,0.0976754598555509,0.07720149584422165,0.028086489,0.7246439,0.879532464969528
Neurons,Microglia,Adam15,Itga9,0.3922072,0.13598649,0.6554910330324216,0.6844824660782962,0.05154336,0.800349,0.8798463100637901
OPCs,Oligodendrocytes,Nlgn3,Nrxn1,0.68275785,0.44580266,0.3771836611242849,-0.47019787072046415,0.032082953,0.8789088,0.8799311207612002
Oligodendrocytes,OPCs,Nrxn1,Nlgn3,0.68275785,0.44580266,0.3771836611242849,-0.47019787072046415,0.032082953,0.8789088,0.8799311207612002
Astrocytes,Pericytes,Ptn,Sdc3,0.62832844,0.36282802,0.3912126476141762,0.3712014381309269,0.032287076,0.867515,0.8800656040487782
OPCs,OPCs,Bmp7,Actr2,0.24707024,0.05870324,0.5384188417689011,0.10622225728548546,0.056296352,0.7248097,0.8807176008524285
Astrocytes,Neurons,Vegfa,Ephb2,0.63865364,0.36300814,0.9664255344406998,1.0089752228491013,0.23455621,0.8675436,0.8807251263645859
Astrocytes,Pericytes,Rtn4,Tnfrsf19,0.39180973,0.13325784,0.05144531762937343,-0.39033171205571227,0.028091338,0.7987246,0.8811659390541338
Oligodendrocytes,OPCs,Nrxn1,Nlgn2,0.6826565,0.44563532,0.16502376036490898,-0.6183197834614967,0.024652857,0.87888885,0.8813054863816325
OPCs,Oligodendrocytes,Nlgn2,Nrxn1,0.6826565,0.44563532,0.16502376036490898,-0.6183197834614967,0.024652857,0.87888885,0.8813054863816325
Microglia,Pericytes,Adam10,Axl,0.675827,0.36326337,1.0582557070414413,1.0804373743189075,0.13965829,0.86758393,0.8813852151709383
Pericytes,Microglia,Fn1,Itga9,0.3916216,0.13537072,1.0556292943168222,1.1033434846045127,0.13607259,0.7999861,0.8818260109151426
Neurons,Oligodendrocytes,L1cam,Erbb3,0.24407816,0.05872493,0.27186113228709774,0.5354979825625887,0.2209392,0.72484654,0.8819023482368118
Pericytes,Astrocytes,Gnai2,Adcy8,0.6263155,0.3635449,0.5098621520881176,0.7519110167841023,0.07417597,0.8676284,0.8820456337119617
Microglia,Pericytes,Ncam1,Ncam2,0.39157826,0.13593687,-0.8710497098443164,-1.9048091369113074,0.0020292292,0.80031985,0.882486649601361
OPCs,Pericytes,Agrn,Lrp1,0.68234646,0.4291626,0.5008078821306872,0.6316217789870955,0.042195313,0.8768699,0.8830241386565443
Neurons,Oligodendrocytes,Nampt,Insr,0.2535096,0.05873497,0.008490998530000023,-0.04832015557359781,0.024315234,0.72486365,0.8830866539974999
OPCs,Pericytes,Fstl5,Chl1,0.39115536,0.15293534,0.018395985768005604,-0.03976417808109034,0.029044732,0.80956817,0.8831473807687148
Oligodendrocytes,Microglia,Hsp90b1,Lrp1,0.6632643,0.3636678,0.3483079132511521,0.6035565086103448,0.023077749,0.8676478,0.8833674603273629
Astrocytes,Pericytes,Rgma,Bmpr2,0.68221605,0.4645771,0.655588213548222,0.8988358256029365,0.077461705,0.8810868,0.8837118194225113
Pericytes,Microglia,Col4a1,Itga9_Itgb1,0.39113143,0.14315012,0.7616254902362165,0.9026560802556716,0.11997018,0.8044191,0.8838086791627108
Astrocytes,Astrocytes,Sptan1,Ptpra,0.6045592,0.36372274,0.029203035261745523,-0.07641679095112952,0.027598158,0.86765647,0.8840288685664126
Pericytes,Neurons,Calr,Itga3,0.29126647,0.05875587,0.2086192267471081,0.16209264873052745,0.086554855,0.7248991,0.8842704650886026
Microglia,Neurons,Adam10,Epha3,0.6821779,0.3757311,0.566479109544451,0.8704881525658492,0.1772781,0.8695103,0.8843996396774216
Microglia,Pericytes,Pdgfb,Lrp1,0.6819339,0.428442,1.321002126478363,1.1946605790706575,0.11846839,0.87677914,0.8850875992566918
Microglia,Neurons,Tgfb1,Tgfbr3,0.39092016,0.15012462,1.2759538319167556,0.8646230384119447,0.21589173,0.8081342,0.8851320283965137
OPCs,Oligodendrocytes,H2-K1,Aplp2,0.3960899,0.12818287,0.09797652815244894,0.0755421495993181,0.020763401,0.79558545,0.8851320283965137
Neurons,Oligodendrocytes,Ptn,Cdh10,0.6617997,0.3639911,-0.18611241100358014,-0.5043390048458093,0.009870784,0.86769885,0.885352437533075
Astrocytes,Pericytes,Ptn,Cdh10,0.68174803,0.44906068,-0.1669534395653313,-0.33693668760337825,0.012177718,0.87929577,0.8857756979957391
Microglia,Pericytes,Tgfb1,Lpp,0.6324085,0.363998,1.5592797721112783,1.3304664787765252,0.19511868,0.8676999,0.8860148360925839
Neurons,Neurons,Sema4a,Nrp1_Plxna4,0.30274987,0.05877722,0.3338228070870097,0.3713364894877439,0.05151789,0.72493535,0.8860454071880632
Neurons,Neurons,Sema4a,Nrp1_Plxna2,0.30274987,0.05877722,0.3338228070870097,0.3713364894877439,0.05151789,0.72493535,0.8860454071880632
Pericytes,Astrocytes,Ncam1,Robo1,0.6814523,0.4631919,-0.5147356747418328,-1.1146153320812773,0.009008394,0.8809303,0.8864640593261723
Pericytes,Microglia,Sema3c,Nrp1_Plxna4,0.39074892,0.14023893,0.4541900685384299,0.9038981036743383,0.10529347,0.80279773,0.8871196471242181
Oligodendrocytes,Oligodendrocytes,Bsg,Slc16a7,0.39975882,0.12794861,-0.07161961223302192,0.03295714158524138,0.02177462,0.7954366,0.8871196471242181
Pericytes,Astrocytes,Ncam1,Ptpra,0.6812501,0.46290234,-0.2882605604859465,-0.5121470773081164,0.0151361935,0.8808975,0.8871524359159404
Neurons,Neurons,Ptn,Ptprz1,0.390724,0.15266436,-0.1487446469921037,-0.9555633021062483,0.00391475,0.80943143,0.8877829267355615
Pericytes,OPCs,S100a1,Ryr2,0.25145662,0.058805987,-0.08841785111006088,-0.4847985287537698,0.022810899,0.7249841,0.8878193563122174
Pericytes,Microglia,Sptan1,Ptpra,0.68052876,0.45281568,0.11593891323328723,0.23248157901503108,0.034358256,0.87973696,0.8878409511717076
Pericytes,Astrocytes,Spon1,App,0.3904824,0.14703006,-0.31723562607203704,-0.7040022656304556,0.0069805393,0.80651426,0.8884462985380155
Microglia,Neurons,Gnas,Crhr1,0.61654836,0.1278087,0.056599072439083714,-0.292503301748333,0.113242194,0.79534763,0.8884462985380155
Oligodendrocytes,Neurons,Fgf14,Fgfr2,0.68034095,0.45078412,-0.32726763372456696,-1.6800046340677781,0.009588397,0.8794989,0.8885296049288914
Microglia,Neurons,Gnai2,P2ry12,0.29902396,0.058911745,0.24335604524999596,0.08869796476494249,0.012109674,0.7251632,0.8890014552289018
Pericytes,Microglia,Col4a2,Itga9_Itgb1,0.39047074,0.14250225,0.514614250301352,0.7717095606427018,0.080710694,0.804062,0.8891102391740943
Oligodendrocytes,Oligodendrocytes,Efnb3,Ephb1,0.60607237,0.36427566,0.15452187775559734,1.129033260490101,0.29512087,0.8677437,0.8893315467039669
Pericytes,Microglia,Col4a6,Itga9_Itgb1,0.39020568,0.14224234,1.1814859934322568,1.0063309179130862,0.166195,0.8039181,0.889774271928485
Pericytes,Astrocytes,Tln1,Itgb5,0.24395987,0.058918335,0.30204993329061647,0.29365246679399365,0.024348874,0.72517437,0.8901831130158318
Microglia,Microglia,Cd14,Tlr4,0.39002475,0.12948512,2.124503710404942,1.283072430140904,0.7058553,0.79640615,0.8904388739185238
Astrocytes,Neurons,App,Aplp2,0.6802584,0.41610584,-0.31576645661940894,-0.818925773252253,0.018774863,0.8751922,0.8905965193083526
Oligodendrocytes,Pericytes,Hsp90aa1,Egfr,0.6510909,0.36430636,0.5328259284877165,0.6726064262152981,0.07615118,0.8677485,0.8906606405923971
Astrocytes,Pericytes,Sorbs1,Itgb5,0.68020374,0.36438254,0.6613192340136522,0.9272906776943901,0.03718825,0.86776054,0.8912857254501112
Pericytes,OPCs,Trf,Ldlr,0.24468216,0.058926985,-0.2855006615103156,-1.3315244391044332,0.012722883,0.725189,0.8913642767459387
Pericytes,Pericytes,Timp3,Ddr1,0.4514945,0.1276264,0.39540215138910184,0.32936018557851554,0.035453185,0.79523146,0.8917688316271815
Pericytes,Neurons,Gnai2,Adcy8,0.6801641,0.412744,0.5828049812622143,0.9164532368110774,0.08421432,0.8747485,0.8919750692703428
OPCs,Pericytes,Sptan1,Ptpra,0.60573554,0.36501795,0.028791703011348133,-0.042179605805972686,0.027696436,0.86786044,0.891991058030075
Microglia,Pericytes,Gnai2,S1pr1,0.3897621,0.14487284,0.5824518361319828,0.6784176635918073,0.070367336,0.80535835,0.892434426324894
Neurons,Neurons,Lrpap1,Vldlr,0.27372706,0.05895147,0.07158522912574963,-0.13994957492231258,0.054021817,0.7252304,0.8925450525401235
Pericytes,Astrocytes,B2m,Tfrc,0.4404168,0.12760986,0.33025139564388634,0.6411107181017374,0.03281243,0.79522085,0.8931001129583985
Neurons,Neurons,Penk,Oprm1,0.38973755,0.13651234,0.4067301846746796,0.6453485680238178,0.29214457,0.80065715,0.8931001129583985
Microglia,Microglia,Pdgfb,Itgav,0.6176279,0.36533934,1.2588148193618385,1.170238378463833,0.16103058,0.8679109,0.893322560464942
Astrocytes,Microglia,Hspa4,Tlr4,0.2428867,0.058983006,0.7698129969164412,0.42215039740382454,0.110621996,0.7252836,0.8937253874515236
Neurons,Microglia,Sema6b,Plxna4,0.5414437,0.12751077,0.4855470436271031,0.6297238648071677,0.14207037,0.7951576,0.8937663698331625
Oligodendrocytes,Pericytes,Sparc,Eng,0.38941413,0.15161265,0.9182148992128821,0.7455820661107806,0.041607987,0.80889773,0.8937663698331625
Astrocytes,Pericytes,Vegfa,Itgav,0.640097,0.36546332,0.7454282126947964,0.8291817503770031,0.05953925,0.86793035,0.8939889279526189
Astrocytes,Pericytes,Mdk,Itga6_Itgb1,0.38925648,0.151077,0.8017206383462336,0.8185479921645795,0.06653004,0.808624,0.894432957979393
OPCs,Astrocytes,Hsp90aa1,Egfr,0.60878325,0.3663482,0.8049255143662919,0.10268234260389797,0.076577984,0.8680689,0.8946556267392567
Neurons,Neurons,Alcam,Nrp1,0.6795498,0.4235791,0.3773634471638616,0.4849352922901792,0.04484174,0.8761612,0.894733941937564
Pericytes,Pericytes,Col4a4,Itgav_Itgb8,0.24498758,0.059052505,0.6946411051473401,0.5008430943653943,0.10027823,0.725401,0.8949052286124326
Astrocytes,Pericytes,Cd38,Pecam1,0.3958736,0.12712587,1.4791486164503658,1.1806682981337633,0.43990204,0.7949113,0.8957668887686948
Pericytes,Pericytes,Tfpi,F3,0.38909972,0.14502782,1.3089395185812014,1.070977801071459,0.13127592,0.80544215,0.8957668887686948
OPCs,Oligodendrocytes,Arf1,Insr,0.25400007,0.0590566,-0.08533166268174887,-0.21203906543417494,0.014189102,0.72540784,0.8960846820250172
Microglia,Neurons,Rgmb,Neo1,0.40515882,0.12702289,0.06764212244348897,-0.18855724377769933,0.057091888,0.7948452,0.8964342313383766
Pericytes,Pericytes,Ybx1,Notch1,0.38903677,0.14918941,0.7429383649344959,0.758247836128134,0.06500351,0.80764925,0.8964342313383766
Astrocytes,Oligodendrocytes,App,Dcc,0.6270057,0.36665726,-0.5375927202368523,-1.3636637722397946,0.010212111,0.86811715,0.8966574719105794
Oligodendrocytes,Astrocytes,Rims1,Cacna1c,0.24505004,0.05906894,-0.3955165986141418,-1.2353547577143147,0.0032961448,0.7254287,0.8972636948017878
Neurons,OPCs,Adam10,Tspan5,0.38870108,0.1442166,-0.19351843977161878,-0.6813716368363052,0.012559826,0.8050023,0.8977703906560455
Microglia,Microglia,App,Ncstn,0.39861476,0.12691048,-0.24910700620552045,-0.6003085656080407,0.023822205,0.79477304,0.8977703906560455
Astrocytes,OPCs,Agrn,Dag1,0.3883331,0.14884804,0.2952278519838737,0.3343566900325597,0.04087178,0.8074713,0.8984387277986434
Astrocytes,Pericytes,Lrpap1,Sort1,0.24356306,0.059074577,-0.12921485842815203,-0.23194879148984143,0.020531412,0.7254382,0.8984422141343649
Microglia,OPCs,Apoe,Sdc2,0.6562435,0.36756012,0.24536652804004958,0.5208329106096377,0.018136969,0.8682579,0.8986625411849921
Microglia,Astrocytes,Cd14,Itgb1,0.38831598,0.12763803,1.359647115636068,0.8482050160973649,0.10279449,0.79523885,0.8991076367930306
Neurons,Microglia,Ntng1,Lrrc4c,0.6270386,0.36775258,-0.11866338277697563,-0.16836780289468278,0.022903163,0.86828786,0.8993315612505788
Neurons,Microglia,Fgf13,Fgfr2,0.6780652,0.4240374,0.09373465972531006,0.0010264959362975556,0.034970123,0.87621987,0.8995671391304598
Astrocytes,Astrocytes,Lrrc4b,Ptprf,0.24469265,0.059103128,-0.011754899354314601,-0.05599023668157033,0.036140606,0.7254863,0.8996203459062496
Oligodendrocytes,Microglia,Rgma,Bmpr2,0.42944565,0.12677984,0.18216549780893176,0.4408904536623107,0.021138757,0.79468906,0.899776637355953
OPCs,Microglia,Fgf13,Fgfr2,0.38827085,0.14060223,-0.28114053725995375,-0.6677851917141997,0.011595387,0.8030025,0.899776637355953
OPCs,Microglia,Psap,Sort1,0.6779951,0.39725134,0.022902263251171957,-0.12313361420908231,0.034073815,0.8726376,0.9002582463924936
Neurons,Microglia,Ptn,Ptprs,0.3881203,0.15063457,-0.2683935271307102,-0.8585268214549545,0.0058651483,0.808397,0.9004462101735741
OPCs,Pericytes,Jag1,Notch2,0.25601152,0.05912919,0.6537654638119623,0.6440201701137236,0.05017789,0.72553015,0.9007980372892901
Neurons,Astrocytes,Actr2,Ldlr,0.3880855,0.13762395,0.20658222737137533,0.10797578134388014,0.046060655,0.80130357,0.9011161150859013
Neurons,OPCs,Apoe,Ldlr,0.24526906,0.05917816,-0.17681004020575,-0.9848517092169302,0.005660422,0.7256126,0.9019752355344021
Oligodendrocytes,Neurons,Ptn,Ptprz1,0.6769786,0.37689054,0.10133512648164222,0.163835247506263,0.0096645495,0.869685,0.9023320085595244
Neurons,Astrocytes,Penk,Grm7,0.38800856,0.13473575,-0.21030288961145352,-0.7408893703091335,0.017521037,0.7996097,0.9024566806854354
Neurons,Microglia,Omg,Rtn4rl1,0.4001317,0.12664877,0.761996096760265,0.584656870096638,0.11279497,0.79460466,0.9024566806854354
Oligodendrocytes,Neurons,Fgf12,Fgfr2,0.6282254,0.3684156,-0.29093894434283135,-1.3683465234955814,0.0136494795,0.8683908,0.9026814017109306
Astrocytes,Microglia,Vegfa,Nrp1,0.6763946,0.42720407,0.9376887664220745,1.1926779195239974,0.1188363,0.87662274,0.9030235329247631
Neurons,Microglia,Lrrc4b,Ptprs,0.3877573,0.15035403,-0.015226422227234596,-0.15259173279601057,0.022422887,0.8082526,0.9031273412986618
OPCs,Astrocytes,Bmp7,Acvr1_Bmpr2,0.24849041,0.05926759,0.6370714463928284,0.36302680526945236,0.073477834,0.7257629,0.903152046406486
Astrocytes,Neurons,Spon1,Lrp8,0.67594635,0.3871801,1.0123132867471054,1.0448003019511871,0.14033955,0.8712037,0.9037153163806857
OPCs,OPCs,Agrn,Atp1a3,0.38775688,0.13959916,-0.04568632294332489,-0.5156649098387867,0.022858426,0.8024356,0.9037985751744153
Oligodendrocytes,Neurons,Alcam,Chl1,0.6323385,0.36864093,0.20905954496582785,0.15605861120774966,0.02491722,0.8684257,0.9040237600164742
Neurons,Neurons,Vegfa,Itgb1,0.25296727,0.05927929,0.10975429016895918,-0.14348150897169415,0.013830532,0.7257825,0.9043283643447982
Neurons,Neurons,Agrn,Itgb1,0.38732618,0.14570424,0.21475949287143797,0.007476766429238946,0.032703355,0.8058065,0.9044701415564942
Microglia,OPCs,App,Lrp6,0.60810226,0.368849,-0.10316913197493227,-0.5159454159162273,0.022969523,0.868458,0.9046951966923078
Pericytes,OPCs,Bsg,Slc16a7,0.67558426,0.37726957,0.2632641272125534,0.7763020433651561,0.06420469,0.869742,0.9050990389035358
Pericytes,Neurons,Arf1,Insr,0.3870146,0.13955535,0.10907791315287184,-0.06737731717543377,0.033529952,0.80241066,0.9051417992111721
Astrocytes,Oligodendrocytes,Col4a5,Cd47,0.25301322,0.05938806,0.28719652714101535,0.21988326905141087,0.04421724,0.72596496,0.9055042950352097
Pericytes,Microglia,Gnai2,Ccr5,0.6751314,0.40814584,1.8972950906119863,1.5229278129818982,0.24471891,0.8741335,0.9057911018273004
Microglia,Microglia,App,Aplp1,0.39821228,0.12644565,-0.8009949368775758,-2.032691578377038,0.005028194,0.7944736,0.9058140307334432
OPCs,Pericytes,Ncan,Sdc3,0.38698545,0.14584583,0.9761800477318244,0.8556570510639728,0.13816977,0.80588245,0.9058140307334432
Oligodendrocytes,Astrocytes,Sema4d,Plxnb1,0.38682097,0.14921485,0.4425198606158379,0.6251062771643221,0.10338293,0.80766255,0.9064863534540373
OPCs,Oligodendrocytes,Mdk,Ncl,0.24420723,0.059488017,0.2870575950437651,0.3650807133115529,0.045873012,0.72613215,0.906679785748393
Pericytes,Neurons,Itgav,Thy1,0.6445422,0.36928365,0.31697473188065,0.44250437679255517,0.07089918,0.8685252,0.9067122260984007
OPCs,Pericytes,Jam2,Itga4_Itgb1,0.38672477,0.14017253,0.9211599844657472,0.8958688157619006,0.16011599,0.80276024,0.9071592504457254
Astrocytes,Microglia,Bmp1,Bmpr2,0.42914617,0.12637883,0.3248298762022489,0.4866532029286868,0.058420897,0.7944305,0.9071592504457254
Astrocytes,Microglia,Mdk,Lrp1,0.67485976,0.3854535,0.9135664319715882,1.0755662459605688,0.08340927,0.8709528,0.907175754507386
Oligodendrocytes,Astrocytes,Jam3,Itgb1,0.38672447,0.12688632,0.09504676737176734,0.5739121698023117,0.036542103,0.79475754,0.9078324803553586
Neurons,Microglia,Vegfc,Itga9,0.31945994,0.059489347,0.7034996202049181,0.7303001212072306,0.097906314,0.7261344,0.9078547838340139
Microglia,Astrocytes,Apoe,Lrp6,0.674776,0.4011941,0.15443283958403256,0.43282798088388075,0.01930911,0.8731854,0.9078682196277764
Oligodendrocytes,Pericytes,Adam10,Tspan5,0.6157913,0.36939362,0.05817462995494113,0.33795449367987285,0.032170493,0.86854225,0.9080583347140001
Pericytes,Pericytes,Pltp,Abca1,0.38662177,0.1304416,0.9134905045073234,1.0850840647761144,0.098347396,0.79700214,0.9085058013516718
Pericytes,Microglia,Mfge8,Itgav,0.6745374,0.45009026,1.5558296942552656,1.3809379862679432,0.16613774,0.87941724,0.9085608184765042
Neurons,Pericytes,Fgf9,Fgfr1,0.2559706,0.05955037,0.3002741128554755,0.3956168543722035,0.15993574,0.72623634,0.909029394859454
Astrocytes,Oligodendrocytes,Timp3,Ddr1,0.61133575,0.37001854,0.5726118857128509,1.0889148995825377,0.102786995,0.8686387,0.909406017036235
Oligodendrocytes,Microglia,Ptn,Ptprs,0.6743749,0.3718795,-0.01831375365696429,0.26087172815755677,0.0144796,0.8689247,0.9099464167006415
Neurons,Pericytes,Adam9,Itgb5,0.26462376,0.059609428,0.328063089169022,0.34299861826114797,0.026520155,0.72633487,0.9102035661546363
Oligodendrocytes,Pericytes,Apoe,Lrp6,0.67436236,0.37186295,0.1281918551477809,0.3600309546918167,0.017897425,0.8689221,0.9106395401975262
Neurons,Neurons,Fgf1,Tgfbr3,0.25744164,0.059621673,0.17856295540494785,0.026389553000274485,0.032225613,0.72635525,0.9113772451284322
OPCs,Neurons,Ntn1,Unc5a,0.5388822,0.12609802,1.6924532412866011,1.0305746588718891,0.36055058,0.79424876,0.9118781281650403
Pericytes,Pericytes,Adam10,Notch2,0.38600075,0.1465056,0.2688948140509188,0.3352683391923815,0.028037136,0.80623525,0.9118781281650403
Pericytes,OPCs,Ncam1,Gfra1,0.67404974,0.45259315,0.22476218971496403,-0.021354900766592133,0.053280804,0.879711,0.9120259373831807
Microglia,Neurons,Apoe,Lrp6,0.6580603,0.37085733,0.126610616309702,0.23956218165301202,0.017849028,0.86876786,0.9121051380980463
Oligodendrocytes,OPCs,Sema4d,Plxnb1,0.264703,0.059718497,0.12144715927524202,0.3248726063270885,0.04137573,0.72651654,0.9125505372298007
Neurons,Pericytes,Fgf13,Fgfr3,0.6476661,0.37131914,0.6767969741062769,0.9621054223131129,0.073039316,0.8688387,0.9127808124806897
Neurons,Pericytes,Sema3c,Nrp1_Plxna2,0.26608875,0.05979872,0.12367695465903665,0.23161049488490745,0.044262376,0.7266499,0.9137233898478818
OPCs,Pericytes,Bcan,Egfr,0.6729973,0.38213524,1.0905697253064501,1.1116896301059196,0.094544604,0.8704661,0.9141066528760389
Oligodendrocytes,Astrocytes,Alcam,Nrp1,0.38578832,0.14394891,0.011715835985139589,-0.13825250975706083,0.015238996,0.8048564,0.9145821360880375
OPCs,Astrocytes,Lrrc4b,Ptprf,0.3987463,0.12593752,0.21963307477165783,0.23349251951935335,0.07700875,0.7941447,0.9145821360880375
Pericytes,Pericytes,Hsp90b1,Lrp1,0.672914,0.41268927,0.35550051769587887,0.5240025976581612,0.02618857,0.87474126,0.9148004479210431
Neurons,Pericytes,Adam9,Itga6,0.2653791,0.059855007,0.31194548766434704,0.2859047876124775,0.02593552,0.7267433,0.9148957504507194
Pericytes,Pericytes,Rgma,Neo1,0.38576978,0.14280015,0.07545429110646718,-0.005570463672369186,0.023966499,0.80422646,0.9152587899388116
OPCs,Oligodendrocytes,Fgf13,Scn8a,0.2481579,0.060033474,-0.2002882997194265,-0.6237011853941461,0.009258373,0.7270388,0.9160677243689163
Astrocytes,Microglia,Sptan1,Ptpra,0.67226744,0.43989447,0.10680548959843493,0.1517214458102979,0.033377834,0.8781971,0.9161884340938198
OPCs,Astrocytes,Lama4,Dag1,0.38552812,0.14725004,0.9530099181846343,0.7098139578325402,0.06975255,0.80663085,0.9166133420715044
Astrocytes,Neurons,App,Ncstn,0.2968453,0.060081933,-0.4088725804420424,-0.9167219265037689,0.011277902,0.72711885,0.9172392590507958
OPCs,Astrocytes,Timp2,Itgb1,0.24531516,0.060095724,-0.041919844586115106,-0.11210650888525314,0.016023017,0.7271416,0.9184103020235417
Astrocytes,Neurons,Gnas,Adcy7,0.62795633,0.12559742,0.004350936720028065,-0.267652939971736,0.026650835,0.79392356,0.9186477969605202
Microglia,Neurons,Apoe,Lrp8,0.659663,0.3737661,0.3285190152507599,0.5376548605481634,0.050303437,0.86921257,0.9195556742531064
Oligodendrocytes,Pericytes,Gnai2,S1pr1,0.25157708,0.06034574,0.3485729995718353,0.49816794494509514,0.029311007,0.7275533,0.9195809584994663
Microglia,Oligodendrocytes,App,Rpsa,0.6707361,0.4411852,-0.3824743632444611,-0.44636977419334156,0.018400934,0.87835366,0.9196608270868298
Pericytes,Astrocytes,Sptan1,Ptpra,0.6128204,0.37440652,0.03833645889659782,0.004343342253603666,0.02840881,0.86930984,0.9202347786992293
Neurons,Microglia,Spon1,App,0.39715606,0.12522581,-0.36532100816999946,-0.8705192684023101,0.00594534,0.793681,0.9206852599863373
Astrocytes,Pericytes,Sema4a,Plxnb1,0.24801761,0.060347293,0.5260926767789091,0.4946079352646175,0.10866386,0.7275558,0.9207511759860443
Pericytes,Astrocytes,Il1rapl1,Ptprs,0.6142651,0.37445083,-0.2723199589073872,-0.6386897848903406,0.009785193,0.8693166,0.9209144615263493
Astrocytes,Microglia,Vegfa,Itgb1,0.670388,0.41698706,0.915126362117658,1.104934149537016,0.09728782,0.87530774,0.9210507768979073
Oligodendrocytes,OPCs,Alcam,Chl1,0.3849775,0.14320998,-0.11824584873885625,-0.34826985024192814,0.009679866,0.80445194,0.9213651645842108
Microglia,Neurons,Apoe,Scarb1,0.5226606,0.12512545,0.08707200755136793,0.2641562075467907,0.022116339,0.7936154,0.9213651645842108
Pericytes,Pericytes,Ncam1,Ncam2,0.6196778,0.37474552,-0.6944980862162815,-1.352291677758986,0.0055941003,0.8693612,0.9215944789456534
Microglia,Oligodendrocytes,H2-K1,Aplp2,0.67035997,0.4383897,0.6999519444493164,0.8536164684693388,0.07101152,0.8780137,0.921745885408062
Astrocytes,Microglia,Lrpap1,Sorl1,0.24666812,0.06048926,-0.06870726385894002,-0.1186067900778438,0.019532677,0.7277886,0.9219209020695646
OPCs,Microglia,Lrpap1,Sort1,0.3848716,0.14625372,0.07000142443213767,0.019926734019971137,0.05083059,0.80610085,0.9220451595176999
Pericytes,Pericytes,Serpine2,Lrp1,0.67035764,0.40822473,0.5611244328565607,0.8054554109540442,0.020511322,0.87414414,0.9224411243547799
Pericytes,Oligodendrocytes,Lrpap1,Sort1,0.38478547,0.13029891,0.049697330636354564,0.34268799539900296,0.045285486,0.7969136,0.9227257333712229
OPCs,Pericytes,Mdk,Ncl,0.24617448,0.060496904,0.2900439783910409,0.13654486423095766,0.04665099,0.7278012,0.9230902418441173
Pericytes,Pericytes,Pros1,Mertk,0.41363418,0.12503934,0.6094863462897672,0.7049575366328453,0.019341433,0.793559,0.923406397484607
Neurons,Microglia,Lrpap1,Lrp1,0.66976047,0.3758728,0.5277780325869801,0.7159239459185986,0.04791034,0.8695317,0.9236365395800268
Pericytes,Microglia,Agrn,Lrp1,0.6699278,0.3761872,0.47302798178329786,0.7440074320193153,0.03698677,0.86957914,0.9238319928995737
Neurons,Neurons,Sema5a,Plxna1,0.28218758,0.060505286,0.2825425551148999,0.2595134792434761,0.08243098,0.7278149,0.924259142876293
Oligodendrocytes,Pericytes,Megf10,Abca1,0.38447425,0.12937361,0.19353631755483303,0.6784051831948632,0.03915485,0.7963363,0.9247692193374433
Microglia,Neurons,App,Aplp1,0.66986597,0.44018033,-0.6058506855047265,-1.7453927485810206,0.017504059,0.8782318,0.9252235061615582
OPCs,Astrocytes,Mdk,Itga6_Itgb1,0.24629045,0.060556367,0.3100573626265406,0.2292298587461161,0.029914377,0.7278985,0.9254275528114544
Pericytes,Neurons,Agrn,Dag1,0.38435578,0.1474702,0.27467343273787653,0.3097659743040013,0.040493444,0.8067474,0.9254508878978849
Pericytes,Astrocytes,Lama4,Itgav_Itgb8,0.6155533,0.37644836,1.4327172302079378,1.1105213626134196,0.101782575,0.8696185,0.9256813695551038
Microglia,Neurons,Timp2,Itgb1,0.38419387,0.1436894,0.16723927642274483,0.08000750057277023,0.038311176,0.8047147,0.926133136391065
OPCs,Neurons,Fam3c,Glra2,0.24969661,0.060596485,0.476909289210209,0.40908930931377013,0.3029058,0.72796404,0.9265955766255345
Pericytes,Astrocytes,Nid1,Itgb1,0.38400996,0.1256042,1.32515399306879,0.8140495735502669,0.09200378,0.79392797,0.9268154749541977
Microglia,Astrocytes,Gnai2,Adcy8,0.63474,0.37695345,0.5241207517211183,0.7254829621305217,0.07691179,0.8696945,0.9270464283052042
OPCs,Pericytes,Lamc1,Itgav_Itgb8,0.38389325,0.13574919,0.352057950610644,0.4507943750109256,0.033884086,0.8002094,0.9274983938553434
OPCs,Oligodendrocytes,Gnai2,S1pr5,0.24913433,0.060627162,0.14695701024224017,0.3380814856975066,0.12625109,0.7280142,0.927763109546609
Pericytes,Oligodendrocytes,Psap,Sort1,0.66941565,0.42520747,0.0287915874155235,0.24012195945358739,0.036471725,0.8763692,0.9280079619724457
Astrocytes,Pericytes,Agrn,Dag1,0.383712,0.14566757,0.2857903056253794,0.45296124412419453,0.039998464,0.8057868,0.9281816481441512
Pericytes,OPCs,S100a1,Trpm3,0.42884284,0.124417655,-0.006574943544920678,-0.27662011861709984,0.016288904,0.7931504,0.928864992388609
Neurons,Microglia,Fgf10,Fgfr2,0.30655822,0.06068267,-0.06945624167032186,-0.3586635981072236,0.07515738,0.72810477,0.9289302564718772
Microglia,Neurons,App,Rpsa,0.6157224,0.3776496,-0.4303269158578532,-1.1982295837405648,0.015750993,0.86979896,0.9290962860799112
Pericytes,Pericytes,Fgf12,Fgfr1,0.3833229,0.14442815,-0.06981123167513922,-0.2404795800952509,0.017794516,0.8051173,0.9295489175792491
Pericytes,OPCs,Lama4,Itgav_Itgb8,0.6165978,0.37783772,1.55046541423338,1.2282415197593886,0.15372153,0.86982715,0.9297803247865901
Pericytes,OPCs,Nrxn2,Nlgn3,0.3852118,0.12440256,0.4438554149120138,0.2783977807401293,0.03683713,0.7931405,0.9298908831848742
OPCs,Pericytes,Nlgn3,Nrxn2,0.3852118,0.12440256,0.4438554149120138,0.2783977807401293,0.03683713,0.7931405,0.9298908831848742
Astrocytes,Neurons,Mdk,Sdc3,0.2791342,0.06070667,0.5708160798214165,0.4665159036716028,0.03885502,0.72814393,0.9300969650663844
Pericytes,Neurons,H2-K1,Aplp2,0.66921794,0.3963162,0.509353797836507,0.6336767972925487,0.06419634,0.87250656,0.9300975647274162
Neurons,Pericytes,Ptn,Ptprs,0.38326818,0.14685191,-0.27407642414775035,-0.8949635442400199,0.0057178657,0.8064196,0.9302329326491935
Pericytes,Pericytes,Cntn1,Nrcam,0.61621845,0.3779186,-0.055551780446762025,0.06001941198919636,0.00906037,0.8698393,0.9304646991557584
Astrocytes,Pericytes,App,Lrp1,0.6687531,0.40542242,-0.10531686175710131,-0.4106752927038462,0.012003128,0.87376475,0.9307943561215375
OPCs,Microglia,Bmp1,Bmpr2,0.42764112,0.124363445,0.3205417362179239,0.46811815392572675,0.057489246,0.79311466,0.9309175290708902
OPCs,Neurons,Psap,Sort1,0.6676091,0.37797806,0.010135274208624194,-0.41602425430126155,0.032420672,0.8698482,0.931149409269752
Pericytes,Astrocytes,Fn1,Itgav_Itgb1,0.24681507,0.06080416,0.5141816372643312,0.48624238069031295,0.07064727,0.7283027,0.9312631830738739
Astrocytes,Neurons,Sema4a,Nrp1_Plxna4,0.38311762,0.13658592,0.6000962948967296,0.609411154045232,0.119716756,0.8007001,0.9319449303244409
OPCs,Pericytes,Nlgn2,Nrxn2,0.38511044,0.12435587,0.23169551415263784,0.13027586799909668,0.028306013,0.79310966,0.9319449303244409
Pericytes,OPCs,Nrxn2,Nlgn2,0.38511044,0.12435587,0.23169551415263784,0.13027586799909668,0.028306013,0.79310966,0.9319449303244409
Astrocytes,Neurons,Sema4a,Nrp1_Plxna2,0.38311762,0.13658592,0.6000962948967296,0.609411154045232,0.119716756,0.8007001,0.9319449303244409
OPCs,Astrocytes,Arf1,Pld2,0.25888586,0.06081657,0.4501389980061078,0.1922722729084707,0.06276702,0.7283229,0.9324290152734988
Microglia,Neurons,Hsp90b1,Lrp1,0.6675871,0.4419826,0.33043546615150654,0.3222277204543498,0.028047472,0.8784501,0.9328856246273016
Astrocytes,Pericytes,Gnai2,Adcy9,0.3830884,0.1274377,0.19608843802488374,0.39564735179224436,0.028773578,0.79511094,0.9329730872233086
Neurons,Astrocytes,Vegfa,Egfr,0.42921704,0.1242502,0.9853173581709356,0.6114124203525979,0.05294576,0.79304,0.9329730872233086
OPCs,Astrocytes,St6gal1,Egfr,0.6181842,0.37902296,1.0363630519330107,0.7154885872211229,0.122225165,0.8700044,0.9332053086254759
Neurons,Astrocytes,Nrg4,Egfr,0.38217616,0.060827866,1.1213724227449693,0.8149236542909312,0.31017008,0.7283412,0.9335944093893331
Neurons,Microglia,Fam3c,Lamp1,0.47174484,0.12416283,0.10275723954946892,-0.004050297279673404,0.037228957,0.7929822,0.9336587808571288
Neurons,Microglia,Sema3e,Nrp1,0.38303375,0.13248812,0.4427560402102874,0.7172114650503139,0.086079836,0.79825854,0.9336587808571288
OPCs,Pericytes,Adam10,Tspan5,0.62271535,0.3792925,0.06655632899633164,0.0700652506573588,0.033032585,0.8700446,0.9338913624214402
OPCs,Pericytes,Ybx1,Notch1,0.38301036,0.14394021,0.7330601787333878,0.6240637142091936,0.06271637,0.80485165,0.9343450568571792
Oligodendrocytes,Astrocytes,Psap,Sort1,0.42975882,0.12410409,-0.243565374901219,-0.528273317557722,0.010644898,0.79294336,0.9343450568571792
Pericytes,Astrocytes,Ntn1,Adora2b,0.27178577,0.06084216,0.9845308583111654,0.7843257164418528,0.10343274,0.7283645,0.9347593132241041
Astrocytes,Neurons,Vegfa,Nrp1,0.66727936,0.41169935,0.9214771455790212,1.0507224330851916,0.11452331,0.87460965,0.9349780434991097
Neurons,Pericytes,Lrrc4b,Ptprs,0.3829052,0.1465784,-0.020909319244274735,-0.18902845558107595,0.021859813,0.80627406,0.9357183708518116
Pericytes,Astrocytes,Gpi1,Amfr,0.24980494,0.060890313,-0.07302504085851101,-0.2915194082413667,0.020675935,0.7284428,0.9359238314389854
OPCs,OPCs,Sptan1,Ptpra,0.618175,0.38117173,0.04304911881383635,-0.11909500578530607,0.028922135,0.8703237,0.9359515410775223
Pericytes,Microglia,Adam10,Il6ra,0.6667412,0.39126104,1.598631901496973,1.0208290059936032,0.1191381,0.8717908,0.9370714829550896
OPCs,Pericytes,Gas6,Axl,0.26734596,0.060918752,0.7793262926593677,0.5198047766516054,0.07079307,0.7284889,0.9370879118170464
Neurons,Astrocytes,Efnb2,Grm5,0.5752115,0.1238622,0.1840911503454173,-0.018066086429529102,0.056227587,0.79278314,0.9370930298655373
Astrocytes,Microglia,Adam10,Il6ra,0.66151613,0.38188133,1.5923063501704215,0.9894598723815223,0.11628199,0.8704286,0.937326428392
Oligodendrocytes,Microglia,Nrxn2,Nlgn1,0.38266164,0.14402612,-0.40795743053360134,-0.8907145202574694,0.004077223,0.80489856,0.9374370901222212
Microglia,Oligodendrocytes,Nlgn1,Nrxn2,0.38266164,0.14402612,-0.40795743053360134,-0.8907145202574694,0.004077223,0.80489856,0.9374370901222212
Pericytes,Pericytes,Cntn1,Ptprz1,0.6192557,0.3819201,0.07221251334609545,0.21871053020724907,0.008536274,0.87043434,0.9380145002409817
Pericytes,Astrocytes,Jam3,Itgb1,0.24719845,0.060985237,-0.08063764732339157,-0.1607245729911569,0.01756319,0.7285968,0.9382515022199653
Astrocytes,Neurons,Sdc2,Ptprj,0.66656864,0.44126758,0.6940754696839733,0.5773540731454803,0.0363954,0.87836367,0.9384678689943181
Microglia,Pericytes,Hsp90aa1,Egfr,0.38259667,0.14578794,0.3123654141767951,-0.1033191402466378,0.030474143,0.8058514,0.938469281760471
Neurons,Microglia,Sema4a,Nrp1_Plxna4,0.31186515,0.060990788,0.3500344279300631,0.5132919759265497,0.05345807,0.7286058,0.9394147071910026
Oligodendrocytes,Microglia,Timp2,Itgb1,0.3823889,0.13457723,0.19825755910700688,0.3904000148707596,0.035881642,0.79951537,0.9398466330291917
Neurons,Astrocytes,Sst,Grm7,0.38236657,0.13177651,-0.28096945291291264,-0.8765287348667512,0.013339884,0.79782456,0.9405356899619531
Astrocytes,Pericytes,Ltbp3,Itgb5,0.26657528,0.061040618,0.4012938310889718,0.5070032814544023,0.035632543,0.7286866,0.9405774745721903
Astrocytes,Neurons,App,Tnfrsf21,0.38223696,0.13937363,-0.28400474810317977,-0.7479535757562885,0.01590899,0.80230737,0.9412253312921177
Pericytes,Neurons,Ncam1,Ptpra,0.6254137,0.38295797,-0.3522567330823618,-0.8158149539899606,0.012522135,0.87058735,0.9414596631608119
Microglia,Microglia,Psen1,Ncstn,0.24876145,0.06104211,0.22757385595033397,0.42085699950403704,0.06368531,0.72868896,0.9417397522841237
OPCs,OPCs,Megf10,Abca1,0.38222432,0.14209443,0.21632605932061383,0.09633458217861823,0.043004796,0.8038361,0.9419153096564231
Oligodendrocytes,Pericytes,Rgma,Bmpr2,0.42127964,0.1236873,0.17124752332040077,0.44648346662237337,0.02062312,0.7926671,0.9419153096564231
Microglia,Microglia,Calr,Itgav,0.6295591,0.3831075,0.3729630503125129,0.5848599470428115,0.04560908,0.87060934,0.9421497560265434
Microglia,Neurons,Tgfb1,Itgb1,0.38222155,0.14242072,1.1529192789695826,0.6496917463836,0.1198902,0.8040169,0.94260537720758
Pericytes,OPCs,Rgma,Neo1,0.66475224,0.40133128,0.37438320274801085,0.46152967887491203,0.06735641,0.87320435,0.9426598070261792
Neurons,Pericytes,Sirpa,Cd47,0.2474795,0.061056707,-0.0365190930273009,-0.24298087692932818,0.010507348,0.72871256,0.9434824009113973
Pericytes,Neurons,Cd47,Sirpa,0.2474795,0.061056707,-0.0365190930273009,-0.24298087692932818,0.010507348,0.72871256,0.9434824009113973
Astrocytes,OPCs,Ncan,Cdh2,0.4743448,0.12353024,0.2975707837661904,0.2140738683867635,0.043152034,0.79256266,0.9446780985158356
Astrocytes,Microglia,App,Grm7,0.38204792,0.13919811,-0.8254231060119519,-1.9830711035279034,0.0028136228,0.8022074,0.9446780985158356
Pericytes,Neurons,Actr2,Ldlr,0.26512963,0.06106838,0.007260536668301734,-0.1258428738807217,0.020438664,0.7287315,0.9452240656392452
OPCs,OPCs,Col5a3,Sdc3,0.43071273,0.12349349,1.253584069833162,0.8392301783232861,0.22764918,0.79253817,0.9453697630435214
Pericytes,Pericytes,Psap,Gpr37l1,0.6447394,0.38470006,0.23369404931063803,0.2936124149926732,0.018387428,0.8708428,0.94560503071324
Neurons,Pericytes,Fgf9,Fgfr2,0.43450305,0.12335827,0.02233456758382879,-0.160261701940633,0.09962609,0.7924481,0.9460615165640118
OPCs,Oligodendrocytes,Adam10,Tspan15,0.38201308,0.12385065,0.08352314529632338,0.291422707699195,0.06925845,0.7927755,0.9460615165640118
Microglia,Astrocytes,Tgfb1,Itgb8,0.66316277,0.39123544,1.6011639695637558,1.313310632501815,0.3460459,0.8717872,0.9461565625930546
Neurons,Astrocytes,Adam15,Itgb1,0.24740067,0.06108075,0.11404337597993064,0.0673813621640964,0.026760697,0.72875154,0.9463846463452944
OPCs,Neurons,Nlgn2,Nrxn2,0.6262434,0.3847225,0.5407859881069543,0.4594178656800164,0.087570935,0.8708461,0.946643208273251
Neurons,OPCs,Nrxn2,Nlgn2,0.6262434,0.3847225,0.5407859881069543,0.4594178656800164,0.087570935,0.8708461,0.946643208273251
Pericytes,OPCs,Pros1,Mertk,0.40928286,0.12330723,0.6023503685753117,0.5255012933590955,0.019073505,0.79241407,0.9467538561089864
Microglia,Astrocytes,Gnai2,Adcy9,0.38200045,0.1375198,0.20798809611632382,0.3071549167099888,0.031049972,0.8012433,0.9467538561089864
Neurons,Pericytes,Agrn,Lrp1,0.66312826,0.39559895,0.47004176110724566,0.5052168005262765,0.03889533,0.87240577,0.9468562632889198
OPCs,Oligodendrocytes,Gnai2,Unc5b,0.2501611,0.06121672,0.1463735811294692,0.33029141719513744,0.095243886,0.72897124,0.9475447899554343
Pericytes,Pericytes,Calr,Lrp1,0.66299206,0.39536113,0.39471569386134464,0.5404005618180964,0.02952726,0.8723723,0.9475560884961596
OPCs,Neurons,Nlgn3,Nrxn2,0.6263448,0.38486695,0.7529458888663303,0.607539778421049,0.113963835,0.8708672,0.9480287925833695
Neurons,OPCs,Nrxn2,Nlgn3,0.6263448,0.38486695,0.7529458888663303,0.607539778421049,0.113963835,0.8708672,0.9480287925833695
OPCs,Pericytes,Sdc2,Ptprj,0.38177124,0.14520712,0.21162183282678154,0.251348539867997,0.011976567,0.80553895,0.9481392994604312
Astrocytes,Pericytes,Bmp1,Bmpr2,0.42098016,0.123296075,0.3139119017137179,0.49224621588874945,0.056995835,0.7924066,0.9481392994604312
Neurons,Pericytes,St6gal1,Egfr,0.2787016,0.06123125,0.37485186331095655,-0.0628876838810194,0.019745506,0.72899467,0.948704444507996
Pericytes,Microglia,Vegfa,Nrp1,0.38172966,0.13117804,0.3581033625929721,0.6076262342802016,0.036490083,0.79745716,0.9488326522092998
Oligodendrocytes,Astrocytes,St6gal1,Egfr,0.62275445,0.38518476,1.041800842465385,1.2633219403972027,0.12421219,0.87091357,0.9490687430902632
Oligodendrocytes,Neurons,Gnai2,Adcy9,0.4106729,0.12312706,0.23672950877648946,0.35605409000864596,0.027800297,0.7922938,0.9495260937561875
Microglia,Pericytes,Rgmb,Bmpr1b,0.25053355,0.061317872,0.35999312299551395,0.5200993680001214,0.05881651,0.7291343,0.9498637141929006
Pericytes,Neurons,Sema3c,Nrp1_Plxna4,0.38163364,0.13514917,0.4379784476953765,0.7619426172355326,0.101472,0.79985505,0.9505671387621707
Pericytes,Neurons,Sema3c,Nrp1_Plxna2,0.38163364,0.13514917,0.4379784476953765,0.7619426172355326,0.101472,0.79985505,0.9505671387621707
Oligodendrocytes,Astrocytes,Gnai2,Igf1r,0.41021442,0.122946136,-0.02085595546944494,0.04280003804601734,0.015022316,0.79217273,0.9509142396545857
Oligodendrocytes,Oligodendrocytes,Rims1,Cacna1c,0.2491556,0.061338197,-0.3911484463609626,-1.5700614227614387,0.003422773,0.72916704,0.9510224950240883
OPCs,Oligodendrocytes,Sptan1,Ptpra,0.6215871,0.38560265,0.046959515578654146,0.16769767580256645,0.02925834,0.87097454,0.9511511745438781
Pericytes,OPCs,Vcl,Alk,0.66098887,0.43611026,0.9270541720117582,1.1760156831373159,0.14494443,0.87773424,0.9517577710708767
Neurons,OPCs,Fstl1,Dip2a,0.2499482,0.061461486,-0.0645589290691133,-0.33757124106424785,0.023455508,0.7293652,0.9521808911130418
Neurons,Neurons,Apoo,Il1rapl2,0.38142952,0.13686073,0.38365576065369356,0.8038101594731422,0.26481244,0.80086046,0.9523039874412926
Pericytes,Microglia,Lamc1,Itga9_Itgb1,0.66098404,0.4077656,0.8893225299240728,1.2875689126530694,0.096868835,0.8740822,0.9528089185013109
Pericytes,Microglia,Lamc1,Itga6_Itgb1,0.66098404,0.4077656,0.8893225299240728,1.2875689126530694,0.096868835,0.8740822,0.9528089185013109
Pericytes,Pericytes,Gnai2,S1pr1,0.38133758,0.1397196,0.5681932364989821,0.704845718245388,0.067864306,0.8025039,0.9529991190716407
Pericytes,Pericytes,Gpi1,Amfr,0.2508245,0.06147901,-0.07121140809899898,-0.19554464537336225,0.020875832,0.72939336,0.9533388505177016
Neurons,Microglia,L1cam,Fgfr2,0.3811239,0.13361208,-0.03844841126400497,-0.31751971544937746,0.04589342,0.7989379,0.9536948387629658
OPCs,OPCs,Fbn1,Itgb1,0.3810288,0.1446646,0.6801185486592525,0.5660138978270075,0.09267081,0.80524564,0.9543906469783716
Neurons,Astrocytes,Gnai2,Adcy8,0.47507888,0.12283582,0.25389381482880763,0.17506924958997577,0.025062835,0.7920988,0.9543906469783716
Neurons,OPCs,Lrpap1,Lrp8,0.27703547,0.061598975,0.14188774832886575,0.1311912176703886,0.04618156,0.7295857,0.9544963213744104
Neurons,Oligodendrocytes,Sema5a,Plxnb3,0.38084957,0.14347589,0.2266049973770777,0.6820294893520118,0.12616213,0.8045978,0.955087043662393
Oligodendrocytes,Pericytes,Arf1,Insr,0.3998786,0.12272178,0.1235231015850983,0.36725569880186676,0.029485473,0.79202235,0.955087043662393
OPCs,Microglia,Rtn4,Rtn4rl1,0.6603825,0.4301237,0.5607881489370026,0.10045734925437477,0.09123202,0.8769906,0.9552625882947207
OPCs,Neurons,Col11a2,Itga10_Itgb1,0.44986698,0.06160467,1.0238362649150823,0.7975113957625812,0.1749362,0.7295948,0.9556534076770489
Oligodendrocytes,Oligodendrocytes,Adam10,Cadm1,0.6343409,0.3885653,-0.09616327721885101,-0.09326684551890241,0.017290374,0.871404,0.9560217723509035
Microglia,Neurons,Gnas,Adcy7,0.61421454,0.12258623,-0.005499074575568419,-0.3543524899372612,0.026011886,0.79193133,0.9564806027979058
Astrocytes,Pericytes,Adam11,Itga4,0.25120622,0.061610736,0.5788711673869378,0.6401607138028745,0.19812194,0.72960454,0.9568100575423638
Microglia,OPCs,Hspa8,Ldlr,0.39337367,0.1225622,-0.1470241963655109,-0.6188117135977163,0.018883172,0.7919152,0.9571780156491098
Astrocytes,Pericytes,Adam10,Notch2,0.3807757,0.1429934,0.2625692627243673,0.3038992055803007,0.027365,0.80433285,0.9571780156491098
Oligodendrocytes,OPCs,Sema6a,Plxna4,0.38046837,0.13507263,-0.04725755174789792,0.17112166419650665,0.02640909,0.7998097,0.9578755168278354
Neurons,OPCs,Fgf9,Fgfr2,0.43216833,0.122523844,0.020277963625282697,-0.25242151017084674,0.09895219,0.79188937,0.9578755168278354
Neurons,Microglia,Cntn2,Cntn1,0.24825543,0.061629247,-0.40831475843143694,-1.2552397911433366,0.007367624,0.72963417,0.9579662191654604
OPCs,Astrocytes,Vcl,Itgb5,0.24906726,0.061660144,0.24827344430744097,0.21423135442543428,0.01091007,0.7296836,0.9591219964226829
Pericytes,OPCs,Agrn,Lrp4,0.37985003,0.1438615,0.38116671215283654,0.44210616998798996,0.08032816,0.80480874,0.9599705552225171
Pericytes,Microglia,Fgf14,Fgfr2,0.6431894,0.38992688,-0.3939289398344984,-1.093474252868738,0.008293934,0.87159985,0.9602097450391347
Pericytes,Astrocytes,Vegfa,Itgb1,0.24865517,0.06167328,0.10920962898644337,0.1435598524897641,0.014389076,0.7297046,0.9602773374895529
Neurons,Microglia,Calr,Itgav,0.6342206,0.39004955,0.3790681112733717,0.4923532100483756,0.04643553,0.87161744,0.9609089692173431
OPCs,OPCs,Omg,Lingo1,0.2560932,0.061689958,0.12198538731118001,0.016861869767129417,0.060110137,0.7297313,0.9614321906199035
Pericytes,Microglia,Lamb2,Itga9_Itgb1,0.37972355,0.13196364,1.0101836899709062,0.88784385771018,0.15749581,0.797939,0.9617188360465181
Pericytes,Microglia,Lamb2,Itga6_Itgb1,0.37972355,0.13196364,1.0101836899709062,0.88784385771018,0.15749581,0.797939,0.9617188360465181
Oligodendrocytes,Oligodendrocytes,Gnai2,Igf1r,0.40784433,0.12201087,-0.023401005919695975,0.27268593878212327,0.01490804,0.7915434,0.9620686461982753
Oligodendrocytes,OPCs,Fgf14,Fgfr2,0.6280345,0.39110938,-0.3733432078784952,-1.4925106160069115,0.008319086,0.8717692,0.96230818438567
Astrocytes,Astrocytes,Trf,Ldlr,0.24968849,0.061747074,-0.24343363321898548,-1.2126119442744872,0.013331767,0.7298225,0.9625866595726105
Pericytes,Astrocytes,Lamb2,Rpsa,0.3795571,0.13187404,0.675692047699853,0.22355586554202234,0.09712442,0.7978842,0.9627687724098978
Astrocytes,Neurons,Lrpap1,Sorl1,0.38169128,0.12200657,0.12086191981579898,0.030781382067014806,0.039397325,0.79154056,0.9627687724098978
OPCs,Neurons,Gnas,Crhr1,0.5910202,0.121976525,0.03830134498341034,-0.41361792812435466,0.10807471,0.79152024,0.9634689866330083
Neurons,Microglia,Slit2,App,0.6576942,0.42612305,-0.08177814632584152,-0.2104183382020719,0.047903094,0.8764857,0.9636866857684382
Astrocytes,Microglia,Actr2,Adrb2,0.248645,0.061766468,0.8052942662257612,0.2631696736159933,0.09209429,0.7298535,0.9637406925819348
Pericytes,Astrocytes,Ybx1,Notch1,0.37931955,0.14253195,0.7096923007191575,0.6420242257993842,0.062102772,0.8040784,0.9641697919773766
OPCs,Astrocytes,Slit2,Robo1,0.41775882,0.121960126,-0.25150856534902016,-0.815945408036468,0.0145667605,0.79150915,0.9648706852539324
Neurons,Microglia,Actr2,Adrb2,0.37914765,0.12864955,0.9886626998942469,0.4528528331183237,0.1918175,0.7958808,0.9648706852539324
Neurons,Microglia,Lgi2,Adam22,0.2562939,0.061793502,-0.08293831899309564,-0.3019614274934246,0.03131573,0.72989666,0.9648942379604064
Microglia,OPCs,App,Vldlr,0.39432716,0.12195871,-0.41978336982828407,-0.9502610737122528,0.025958866,0.7915082,0.9655721700602715
Neurons,Pericytes,Spp1,S1pr1,0.25399083,0.061822224,0.400936628980003,0.6527790797069817,0.07392933,0.72994244,0.9660473993494972
OPCs,Oligodendrocytes,Lgi1,Adam22,0.3789333,0.13215818,-0.13522602037708795,-0.3946973084703591,0.011838228,0.7980577,0.9662739947820889
OPCs,Microglia,Hspa4,Tlr4,0.24884975,0.06184023,0.7796665336445452,0.38950489356421697,0.11598069,0.7299711,0.9672001250421757
Astrocytes,Oligodendrocytes,Fstl1,Dip2a,0.63658965,0.3922407,0.5350005272090276,1.084054311464052,0.14969057,0.87193054,0.967216763780699
Microglia,Microglia,Icam1,Itgam_Itgb2,0.25274518,0.061887126,1.6209893411257617,0.9056091770378601,0.8152106,0.7300458,0.9683523634096343
OPCs,OPCs,Vegfa,Nrp2,0.37820792,0.13175617,0.4837765051875283,0.5213609145918006,0.06930409,0.7978121,0.968381004405634
Neurons,Microglia,Gnai2,Adcy9,0.2778285,0.06194285,0.02509689148562104,-0.03420395858269343,0.013985794,0.7301345,0.9695042179760089
Pericytes,OPCs,Col4a4,Itgav_Itgb8,0.3909846,0.12151018,0.9334564161473727,0.704813382873079,0.20633884,0.791204,0.9704913275617671
Oligodendrocytes,Pericytes,Psen1,Notch2,0.2602292,0.061964232,0.2975581275160593,0.4678459329638061,0.033464834,0.7301685,0.9706556370929414
Astrocytes,OPCs,Rgma,Bmpr2,0.6318506,0.3929345,0.5882494202567559,0.6366157481557395,0.0655163,0.8720292,0.9707330202381097
Neurons,Pericytes,Fgf1,Fgfr2,0.43308568,0.121401444,-0.18026408541609582,-0.47867706046861486,0.017495446,0.79113007,0.9711955336305098
OPCs,Microglia,Adam17,Itgb1,0.37682185,0.12911825,0.3479845839215819,0.4761182460604623,0.0420317,0.796176,0.9711955336305098
OPCs,Pericytes,Ltbp3,Itgb5,0.26788524,0.062001288,0.4051314070240783,0.5193690032461599,0.036193337,0.7302274,0.971806569190254
OPCs,Neurons,Lrpap1,Lrp8,0.3767473,0.1407032,0.40300931464931583,0.32179749290095017,0.10548703,0.8030592,0.9718998272331494
Pericytes,Oligodendrocytes,Ncam1,Ptpra,0.65487885,0.42514506,-0.3184860352138904,-0.30318617537467996,0.013901588,0.87636125,0.972128019180397
Pericytes,OPCs,Ybx1,Notch1,0.3766505,0.14070337,0.7005611163242282,0.5868781722543537,0.06130604,0.80305934,0.9726047144100455
OPCs,Neurons,Sema6a,Plxna2,0.6548743,0.4265334,0.4401414535545145,0.46899743392019283,0.12304194,0.87653774,0.9728322173339391
Neurons,Astrocytes,Sema6a,Plxna4,0.25556207,0.062108252,-0.20294836946064793,-0.6543333916989635,0.012143262,0.73039716,0.9729571176748122
OPCs,Pericytes,Bmp1,Bmpr2,0.4194751,0.121329844,0.30962376172939293,0.4737111668857894,0.056086913,0.7910813,0.9733099423256586
Astrocytes,Oligodendrocytes,App,Vldlr,0.37644666,0.13399696,-0.3982057978239342,-0.5608582199328681,0.028521203,0.7991688,0.9740152576551029
Astrocytes,OPCs,Nrg2,Nrp2,0.25028992,0.06217472,0.12753199503479615,0.17917275723980627,0.038244028,0.7305025,0.9741071793434634
Astrocytes,Neurons,Rgma,Neo1,0.6545399,0.425209,0.4606922209807739,0.201089804293775,0.07136386,0.87636936,0.9742410952440208
OPCs,Microglia,Calr,Itgav,0.63666546,0.39369044,0.3822701696457297,0.48745287609998766,0.04686898,0.87213635,0.9742577884729404
Pericytes,Pericytes,Rgma,Bmpr1b,0.37597415,0.13372262,0.5229891537290092,0.7448775357846494,0.04789615,0.7990043,0.974721167172736
Oligodendrocytes,Pericytes,Fgf14,Fgfr2,0.6303692,0.39377296,-0.37128660391994905,-1.400350807776698,0.0083757425,0.8721481,0.9749638151530334
OPCs,Astrocytes,Adam17,Itgb1,0.24975395,0.062192257,0.12165325461946971,0.09979563425700622,0.02024537,0.7305302,0.9752568575249311
Pericytes,Neurons,Lamc3,Dag1,0.37573066,0.14111768,1.626492000083817,0.8122028378434878,0.18110403,0.80329174,0.975427164024013
Pericytes,Microglia,Vegfa,Itgb1,0.37572306,0.12804079,0.3355409582885555,0.5198824642932203,0.02987337,0.7954952,0.9761337554728913
Astrocytes,Pericytes,Fgf1,Fgfr2,0.6540719,0.42649725,0.19085197079662333,0.10114482700194022,0.061463516,0.8765332,0.9763551077003058
Neurons,Astrocytes,Apoe,Lrp4,0.25073597,0.062201947,-0.07433487064074676,-0.8456149972843391,0.008083061,0.7305455,0.9764061006685724
Pericytes,Astrocytes,Col4a4,Itgav_Itgb8,0.3899402,0.12106337,0.8157082321219304,0.5870932257271099,0.13662171,0.7908995,0.9768406880721061
Pericytes,Pericytes,Lamc3,Itga6_Itgb1,0.37569934,0.14109367,1.7130007555038838,0.9894260417628125,0.13194509,0.80327827,0.9768406880721061
Neurons,Microglia,Adam9,Itgav,0.45358765,0.12104667,0.31653177530118476,0.41676997487639017,0.041083902,0.79088813,0.9775477078844549
Astrocytes,Pericytes,Trf,Tfrc,0.25092238,0.062302936,-0.26058940486342136,-1.1129843496778762,0.01475478,0.73070514,0.977554857301851
Astrocytes,Neurons,Sema4b,Dcbld2,0.25997412,0.062365763,0.507246435505074,0.3640676807247427,0.08317341,0.7308043,0.9787032306363315
Astrocytes,Astrocytes,Lrpap1,Ldlr,0.25096518,0.062447034,0.09083950242475504,0.06033615145641347,0.03327335,0.7309324,0.9798511691799556
OPCs,Astrocytes,Sema3e,Nrp1,0.37538356,0.13737507,0.47996170483691863,0.4918120255641123,0.089254975,0.80115944,0.9803799621850402
Astrocytes,Pericytes,Gas6,Mertk,0.41023415,0.120767325,0.41592093476532355,0.49511414064596004,0.02305279,0.79069704,0.9803799621850402
Pericytes,Microglia,Nid1,Itgav,0.63823557,0.39602876,1.5943578847033844,1.2628153665573496,0.20255917,0.8724662,0.980624057461343
Oligodendrocytes,OPCs,Mif,Ackr3,0.28615248,0.06246907,0.37761795596188247,0.4391219485231988,0.049716845,0.7309671,0.9809986215187284
Microglia,OPCs,Gnai2,Cav1,0.3753475,0.13121709,0.9327336887431148,0.6487106052522944,0.16610159,0.79748124,0.9810886885373573
OPCs,Astrocytes,Sema6a,Plxna4,0.40279797,0.12069658,-0.021440006484497953,-0.2288022012935444,0.023598317,0.7906485,0.9810886885373573
Astrocytes,OPCs,Fgf1,Fgfr2,0.6517372,0.4236123,0.18879536683807724,0.008985018771726472,0.06104776,0.87616545,0.9812921651309201
Pericytes,OPCs,Megf10,Abca1,0.2574796,0.06251457,0.05892505087216819,-0.09746423908671559,0.018919997,0.7310387,0.9821456907471215
Neurons,OPCs,Fgf1,Fgfr2,0.43075097,0.12058025,-0.1823206893746419,-0.5708368686988285,0.0173771,0.7905687,0.9825074206459208
Oligodendrocytes,Oligodendrocytes,Adam10,Tspan15,0.375089,0.120618366,0.07514144625493287,0.559311950721709,0.067450926,0.7905949,0.9825074206459208
Pericytes,OPCs,Ncam1,Ptpra,0.6514667,0.42025974,-0.3223964319787082,-0.5899788569625525,0.013741846,0.87573373,0.9827037311321005
Pericytes,Oligodendrocytes,Ntrk3,Ptprs,0.37496597,0.12447937,-0.16907275967974525,-0.38184159588265354,0.0069526406,0.79319113,0.9832174268121703
Astrocytes,Neurons,Hspa8,Ldlr,0.44093922,0.12052049,-0.1364053677323572,-0.5138883599273163,0.018568605,0.79052764,0.9832174268121703
Microglia,Oligodendrocytes,Il1rapl1,Ptprf,0.26353332,0.062525705,-0.4236079695233453,-0.8974794776661831,0.0066994885,0.7310562,0.9832923254316285
Neurons,Microglia,Cntn2,Nrp1,0.3746666,0.124082334,0.10579778526706382,-0.18457502009096965,0.059167244,0.792929,0.9839277749519952
Pericytes,Oligodendrocytes,Il1rapl1,Ptprf,0.4240831,0.12042707,-0.3175041727827966,-0.5875759230523779,0.012903489,0.79046345,0.9839277749519952
Astrocytes,Neurons,Adam10,Tspan12,0.2862156,0.06253024,0.07344928506726875,-0.037368267046219025,0.03105726,0.73106337,0.9844384742167618
OPCs,Neurons,Lrpap1,Sort1,0.37448558,0.139158,0.057234435389589895,-0.2729639060722081,0.048364464,0.8021845,0.9846382099013442
Neurons,Microglia,Adam15,Itgb1,0.37446856,0.12681064,0.3403747052820428,0.4437039739675525,0.05555827,0.79470885,0.9853492421124637
Pericytes,Pericytes,Fgf1,Tgfbr3,0.38561735,0.12036325,0.4525712353821125,0.714710799841332,0.06505654,0.7904196,0.9853492421124637
OPCs,Oligodendrocytes,Fam3c,Lifr,0.25326753,0.06267871,0.24588095640217345,0.2508430046503686,0.03560508,0.7312964,0.9855842400799668
Pericytes,Astrocytes,Agrn,Dag1,0.3744043,0.13949999,0.2543504176319638,0.3735475904246315,0.038304925,0.80237925,0.9860603610520335
OPCs,Neurons,Mmp2,Fgfr1,0.27842808,0.062680885,0.8810885716234764,0.38886744014374386,0.2082249,0.7312998,0.9867295716462566
Neurons,Pericytes,Fam3c,Lamp1,0.45940977,0.12026277,0.09103345644727774,0.014367335851877022,0.03605956,0.7903504,0.9867720776636717
OPCs,Microglia,Adam10,Tspan5,0.3785937,0.12022188,-0.20125440148244178,-0.47983607739203726,0.010470125,0.7903222,0.9874841366605055
Microglia,Microglia,Ncam1,Fgfr2,0.37435502,0.12699176,-0.73843048789921,-1.5696387289159484,0.0031374611,0.79482526,0.9874841366605055
Neurons,Pericytes,Apoe,Sorl1,0.2516357,0.0626996,-0.3061465132214446,-1.1234362275818437,0.0036345527,0.73132914,0.9878744176186168
Pericytes,Microglia,Jam3,Itgb1,0.37426633,0.12661234,0.14569368197872057,0.21559803881229922,0.036463194,0.7945812,0.9881962822639501
Neurons,Astrocytes,Gpc3,Igf1r,0.40790552,0.12006867,0.15131560494527901,0.09932142531704274,0.04131653,0.7902165,0.9881962822639501
Neurons,Pericytes,Slit2,Robo2,0.638439,0.3977049,0.2570726042614526,0.48828313557942526,0.06882095,0.872701,0.9884424408848489
Microglia,OPCs,Gnai2,Adora1,0.37418413,0.13011499,0.34295393231480176,0.41354834101042315,0.072201274,0.79679924,0.9889090261551694
Oligodendrocytes,Pericytes,Fgf1,Tgfbr3,0.3852826,0.11999238,0.4520089984864322,0.8177717343015511,0.06485608,0.7901639,0.9889090261551694
OPCs,Astrocytes,Lrpap1,Sort1,0.26260573,0.06272166,-0.08029255925425723,-0.36819925908949114,0.02179896,0.7313637,0.989018880857534
Neurons,Pericytes,Ybx1,Notch1,0.37410605,0.1361843,0.7184650875439792,0.47825374922656166,0.05933704,0.8004651,0.9896218565716304
Pericytes,Astrocytes,Vegfa,Sirpa,0.25069073,0.06273645,0.15600391213390796,0.16936440353524196,0.011888849,0.7313869,0.9901629100465057
Microglia,Microglia,Fgf12,Fgfr2,0.37409848,0.12674084,-0.5043654862730538,-1.2232767928081976,0.004695639,0.7946639,0.9903352856864599
Microglia,Neurons,Fgf14,Fgfr2,0.6470897,0.39823064,-0.3466125233105352,-1.3691402556933767,0.0084705595,0.87277436,0.9905817993802091
Astrocytes,OPCs,Agrn,Itgb1,0.37395942,0.13895543,0.20076949897398466,0.2275166570606697,0.031188585,0.80206895,0.9910490575981049
Neurons,OPCs,Jag2,Notch1,0.2817425,0.062737904,0.7957473378816377,0.5331610999757819,0.17824748,0.73138916,0.9913064539469596
Neurons,Neurons,Sema3e,Nrp1,0.37391847,0.12767966,0.426544419367234,0.5752559786115081,0.082955696,0.7952654,0.9917629159127082
OPCs,Neurons,Jam2,Itga3_Itgb1,0.30668297,0.06275716,0.6962630885810154,0.5384192711829411,0.14393497,0.7314193,0.992449564001063
Microglia,Neurons,Arf1,Insr,0.3739081,0.1267599,0.08914954032361852,-0.10609449709302576,0.030455684,0.7946762,0.9924773735418302
Astrocytes,Astrocytes,Fgf1,Fgfrl1,0.40582138,0.11973957,0.6806723334889083,0.6375801946528228,0.17878234,0.78998893,0.9924773735418302
Oligodendrocytes,Oligodendrocytes,Psap,Gpr37,0.6327597,0.39852324,0.044938990628338185,0.638253188258358,0.064071506,0.87281513,0.992724499206236
Pericytes,Microglia,Fn1,Itgav_Itgb1,0.37388295,0.1262364,0.7405129665664434,0.8625649924937691,0.14667182,0.79433835,0.9931919174922454
OPCs,Oligodendrocytes,Adam10,Cadm1,0.6412649,0.39897794,-0.0877815781774605,-0.36115608854141645,0.017753717,0.8728784,0.9934394185163233
Oligodendrocytes,OPCs,Agrn,Atp1a3,0.25252646,0.062776215,-0.2621741861022975,-0.6917405445237321,0.010279185,0.7314491,0.993592342855042
Neurons,Microglia,Col4a2,Itga9_Itgb1,0.3736394,0.12599757,0.4655544864693356,0.5595235963360152,0.07136274,0.7941837,0.993907061168069
Neurons,Astrocytes,Arf1,Insr,0.37361225,0.135255,0.09108265357814233,-0.013283336149018943,0.03249674,0.7999177,0.9946225480523276
OPCs,Astrocytes,Sptan1,Ptpra,0.6479583,0.41984817,0.07718499030659806,-0.04126322613086997,0.031856786,0.87568045,0.9947211706157599
Neurons,Pericytes,Gnai2,Egfr,0.28064382,0.06281197,0.5092997324965574,0.3244876786419602,0.028311847,0.73150504,0.994734585424456
Astrocytes,Pericytes,Fgf1,Cspg4,0.6320888,0.39933318,1.2946152733580458,1.365499253876638,0.13867801,0.8729278,0.9948700296710371
Pericytes,Astrocytes,Gnai2,Adcy9,0.37357593,0.13262813,0.19372949648332313,0.33358297136356946,0.029945498,0.7983436,0.9953381211351532
Pericytes,Oligodendrocytes,Timp3,Ddr1,0.6389891,0.40045944,0.6265251654546241,1.2355360472826178,0.111243136,0.8730839,0.995585978568639
Pericytes,OPCs,Fgfr3,Epha4,0.28750545,0.062855996,0.29967980516582277,0.38064341687206793,0.021428391,0.7315739,0.9958763943944676
OPCs,Microglia,Fam3c,Lifr,0.37357587,0.13283108,0.4454970381643808,0.5535294226384998,0.075455636,0.7984666,0.99605429455998
Astrocytes,Neurons,Ptn,Sdc3,0.47753817,0.11941449,0.043556964004013,-0.1246910501677014,0.010626371,0.78976333,0.99605429455998
Pericytes,Pericytes,Ncam1,Ptprz1,0.64783543,0.41506055,-0.17625881232576288,-0.24681934611250822,0.008405537,0.87505484,0.996137096078771
Pericytes,Pericytes,Jag1,Notch2,0.3735646,0.13814624,1.1939242983782465,1.0650859926760705,0.117232904,0.8016049,0.9967705541014134
Pericytes,OPCs,Ncam1,Fgfr1,0.4413325,0.11939745,-0.35243157449074514,-0.5710351127686264,0.009809663,0.78975147,0.9967705541014134
Pericytes,OPCs,Cthrc1,Fzd3,0.25078836,0.06289427,0.3975444962064534,0.4711910387089208,0.07448159,0.7316336,0.9970178722945318
Pericytes,Pericytes,Cxcl12,Itgav,0.37352264,0.13636167,0.9091859512937221,0.7475333360711776,0.11475114,0.800569,0.9974874143960333
Pericytes,Neurons,Vegfa,Gpc1,0.25109416,0.06294716,0.26308473980937275,0.2909317610250592,0.059244208,0.7317161,0.9981588142737722
OPCs,Microglia,Mdk,Itga6_Itgb1,0.37335834,0.12572196,0.5363886919286527,0.6055524705495722,0.06210567,0.7940046,0.9982046183107074
Neurons,Oligodendrocytes,Gpc3,Igf1r,0.4055354,0.11915529,0.14877055449502796,0.3292073260531487,0.041002233,0.7895829,0.9982046183107074
OPCs,Astrocytes,Ybx1,Notch1,0.3732931,0.13751699,0.6998141145180493,0.5078401038804439,0.0599177,0.80124164,0.9989219082188187
Astrocytes,Pericytes,Gnai2,Tbxa2r,0.25099677,0.06295176,1.3177641540246383,0.5857647971456439,0.13239408,0.7317233,0.9992993229005587
Astrocytes,Pericytes,Mdk,Notch2,0.37320456,0.13790423,0.8408024087420186,0.9108364865539891,0.09793897,0.80146545,0.9996397994971529
Astrocytes,OPCs,Gas6,Mertk,0.40588284,0.1190944,0.40878495705086804,0.31565789737221006,0.02273345,0.7895404,0.9996397994971529
Microglia,Microglia,Hsp90b1,Tlr7,0.64691603,0.41187176,1.5510906200679113,1.1207857658395886,0.2326602,0.8746326,0.9996790114310108
Astrocytes,Astrocytes,Adam10,Axl,0.31479385,0.08684807,0.34841585955774634,0.15457948390549725,0.033389144,0.7621094,1.0
Astrocytes,Astrocytes,App,Grm7,0.36326683,0.12175864,-0.837104010019847,-2.0443165760060698,0.0024611175,0.7913727,1.0
Astrocytes,Astrocytes,App,Tspan12,0.31496733,0.07690942,-0.29184019691058916,-0.7307147276611963,0.01939525,0.7509178,1.0
Astrocytes,Astrocytes,Arf1,Insr,0.3054981,0.075393066,-0.012484623093197596,-0.1298669088885494,0.018114146,0.7490509,1.0
Pericytes,Pericytes,Rims2,Abca1,0.33134532,0.10295206,-0.0882036396970409,-0.43486164671427946,0.010144524,0.777184,1.0
Pericytes,Pericytes,Sema3c,Nrp1_Plxna2,0.3250897,0.10357636,0.25617033860764715,0.696131182604238,0.076666124,0.77770704,1.0
Pericytes,Pericytes,Sema6a,Plxna2,0.30207264,0.08649811,-0.04737741900564962,0.01864932765874916,0.024952078,0.7617432,1.0
Astrocytes,Astrocytes,Bmp1,Bmpr2,0.337364,0.09173002,0.2021167466765598,0.21541387203899237,0.042403854,0.7670314,1.0
Astrocytes,Astrocytes,Col4a5,Itgav_Itgb8,0.3754832,0.10469866,0.5019669269512839,0.43740587230235584,0.05145188,0.77863723,1.0
Astrocytes,Astrocytes,Fgf1,Egfr,0.64597905,0.41649705,1.3022075266724704,1.146174077766777,0.2406764,0.87524354,1.0
Astrocytes,Astrocytes,Fgf12,Fgfr1,0.3707689,0.13636838,-0.04043120539376324,-0.5280202312666966,0.0168015,0.80057293,1.0
Astrocytes,Astrocytes,Fstl1,Dip2a,0.35452187,0.097453214,0.22943816542482914,-0.0604534788503065,0.037191007,0.77239513,1.0
Oligodendrocytes,Neurons,Agrn,Dag1,0.29463288,0.08138796,0.1310376687982855,0.12303555251208853,0.022348098,0.7561733,1.0
Oligodendrocytes,Neurons,Agrn,Itgb1,0.271314,0.07108063,0.029037750735906823,-0.04219388979488736,0.015954066,0.74347454,1.0
Astrocytes,Astrocytes,Adam10,Tspan12,0.29555637,0.070478484,0.1037377519284568,0.04685866410427808,0.035004962,0.74266243,1.0
Astrocytes,Astrocytes,Agrn,Atp1a3,0.29527774,0.08480311,-0.1796690883601451,-0.5370465710116994,0.013885941,0.75994265,1.0
Astrocytes,Astrocytes,Agrn,Dag1,0.3462386,0.11987669,0.20926041659855693,0.25736146475894195,0.032916613,0.7900839,1.0
Astrocytes,Astrocytes,Agrn,Itgb1,0.29014164,0.08126821,0.05147458312677964,0.05290244681446621,0.018240673,0.75603753,1.0
Astrocytes,Astrocytes,Agrn,Lrp4,0.2845203,0.07739934,0.1805599134748167,0.17774656797158997,0.04321759,0.75151116,1.0
Astrocytes,Astrocytes,Angpt1,Itgb1,0.2686291,0.07110739,0.372218883013594,0.3673426741290162,0.026983645,0.7435104,1.0
Pericytes,Pericytes,Tfpi,Sdc4,0.25906825,0.06459488,1.1509941965723574,0.7906222776499655,0.14415869,0.73424476,1.0
Pericytes,Pericytes,Tln1,Itgb5,0.29309413,0.08048868,0.4091768812775549,0.5231868644159107,0.033263136,0.7551476,1.0
Pericytes,Pericytes,Trf,Ldlr,0.29537827,0.0868484,-0.1886346684457898,-1.039834055068797,0.018751375,0.76210976,1.0
Pericytes,Pericytes,Trf,Tfrc,0.2759878,0.07616889,-0.24519775947368644,-1.1231777667226535,0.01803856,0.75001186,1.0
Pericytes,Pericytes,Vegfa,Egfr,0.33404148,0.10627051,0.6443501811836461,0.6994187084407149,0.04528421,0.7799188,1.0
Pericytes,Pericytes,Vegfa,Itgav,0.34543207,0.11221982,0.16584280886569397,0.2441300651332074,0.018282227,0.784558,1.0
OPCs,Microglia,Jam3,Itgam_Itgb2,0.36061138,0.12604341,0.8777106737370217,0.40521186572681356,0.25460663,0.79421335,1.0
OPCs,Microglia,L1cam,Fgfr2,0.3272162,0.08088734,-0.17265369732261238,-0.45091390019559296,0.027783388,0.755604,1.0
OPCs,Microglia,Lrpap1,Sorl1,0.30356672,0.09070622,0.026749071809189368,-0.05156557460791683,0.029290082,0.7660271,1.0
Oligodendrocytes,Pericytes,Gpi1,Amfr,0.25702882,0.064121515,-0.06335453859387712,0.015245920657764311,0.02177312,0.7335265,1.0
Oligodendrocytes,Pericytes,Lama2,Dag1,0.35918635,0.12490413,0.26533916034261334,0.4894919730810766,0.020046638,0.7934704,1.0
Oligodendrocytes,Pericytes,Lama2,Itga6_Itgb1,0.33163315,0.108643785,0.2956410418417703,0.40733378151451843,0.012705993,0.78180844,1.0
Oligodendrocytes,Pericytes,Lama2,Itgav_Itgb8,0.2855731,0.08146177,0.058575519877740345,0.17046245851869396,0.011229059,0.7562568,1.0
OPCs,Microglia,Mdk,Sorl1,0.26097685,0.06808816,0.23457943080694438,0.1446134042215604,0.0373258,0.7393515,1.0
OPCs,Microglia,Nrg2,Nrp2,0.30848113,0.08093514,0.20282826882653732,0.30744350827255107,0.049783673,0.75565857,1.0
OPCs,Microglia,Omg,Tnfrsf1b,0.32381624,0.10482861,0.9305528477506784,0.5286353783182483,0.2106938,0.7787441,1.0
OPCs,Microglia,Psen1,Notch2,0.37874773,0.115241654,0.5910075069533234,0.6526673320326819,0.062238205,0.7867952,1.0
OPCs,Microglia,S100a1,Tlr4,0.27142587,0.07265772,0.9201256097158412,0.43021903969236486,0.2196204,0.7455616,1.0
OPCs,Microglia,S100a1,Trpm3,0.3057134,0.09345472,-0.03344993186335146,-0.4780721287312497,0.012235203,0.76869154,1.0
OPCs,Microglia,Sema3e,Nrp2,0.31203645,0.082280554,0.4558517247624731,0.5063784701949082,0.10108712,0.7571774,1.0
OPCs,Microglia,Sirpa,Cd47,0.28972957,0.07766408,0.007624600249016733,-0.05091225614140288,0.013365337,0.75182986,1.0
OPCs,Microglia,Slit2,App,0.38297373,0.10884655,-0.46584311433925607,-1.0708223289490058,0.012236105,0.78196746,1.0
OPCs,Microglia,Slitrk1,Ptprs,0.3522159,0.12288421,0.17373213504385546,0.10091623519708612,0.042662323,0.7921313,1.0
OPCs,Microglia,Slitrk2,Ptprs,0.32100195,0.09875907,0.27026776562408594,0.12797257638589588,0.031133821,0.7735631,1.0
OPCs,Microglia,Slitrk3,Ptprs,0.33769727,0.111662835,0.2782717141403047,0.13468087570168424,0.051282346,0.78413725,1.0
OPCs,Microglia,Snca,Lag3,0.2918448,0.08262137,0.9748829375367789,0.5268847502521143,0.29399613,0.7575572,1.0
Oligodendrocytes,Pericytes,Fgf1,Egfr,0.3117718,0.088145964,0.5487719871804868,0.6653945543828091,0.05093591,0.76345146,1.0
Oligodendrocytes,Pericytes,Fgf1,Fgfr1,0.27492523,0.072183274,0.1318874228963715,0.3507268928210197,0.03459346,0.7449397,1.0
Oligodendrocytes,Pericytes,Fgf1,Fgfr3,0.32242018,0.09275907,0.3483596316547564,0.566682070501572,0.03188408,0.76802665,1.0
Oligodendrocytes,Pericytes,Fgf1,Nrp1,0.31460992,0.0893755,0.18275879417013113,0.45426160306281776,0.033714734,0.7647,1.0
Oligodendrocytes,Pericytes,Gnai2,Adcy9,0.359694,0.10301011,0.1564931302281808,0.4780512822359559,0.023258183,0.7772328,1.0
Oligodendrocytes,Pericytes,Gnai2,Ednra,0.31270772,0.0844687,1.2116493804101856,0.9141582650788902,0.07652662,0.7595821,1.0
OPCs,Microglia,Ccl25,Grm7,0.2845202,0.08071787,-0.23499250549248255,-0.9442769776929353,0.010710508,0.7554103,1.0
OPCs,Microglia,Cntn3,Ptprg,0.3344425,0.09655151,-0.20160014939687193,-0.5371086231921578,0.008945902,0.771577,1.0
OPCs,Microglia,Col9a3,Itga9_Itgb1,0.36315805,0.11571962,0.555371596120041,0.634237745401095,0.111853234,0.78714216,1.0
Oligodendrocytes,Pericytes,Lgi3,Adam22,0.35518828,0.102558784,-0.21764290304456918,-0.16225222397321376,0.02663437,0.7768524,1.0
Oligodendrocytes,Pericytes,Lrig2,Egfr,0.34268692,0.113306746,0.4989031067282756,0.559810735402863,0.05086905,0.78537154,1.0
Oligodendrocytes,Pericytes,Lrrc4b,Ptprs,0.31820312,0.09782624,-0.11809131001027828,-0.1346552903313939,0.014589213,0.7727308,1.0
OPCs,Microglia,Entpd1,Adora3,0.2552045,0.064074785,1.234427773316174,0.6397725245484734,0.15546912,0.7334553,1.0
OPCs,Microglia,Gnai2,Adcy7,0.35872316,0.123551205,0.7752575615081694,0.6123684404611107,0.11397885,0.7925766,1.0
OPCs,Microglia,Gnai2,Adcy9,0.344197,0.11521054,0.13742575475715962,0.18354490410575303,0.026012864,0.78677255,1.0
OPCs,Microglia,Il18,Il1rapl1,0.3387796,0.11470818,-0.3284182100054464,-0.9024216385137402,0.006912463,0.78640574,1.0
OPCs,Microglia,Il18,Il1rl2,0.3364135,0.11314269,1.167395790990779,0.5911401581407423,0.16052148,0.7852494,1.0
OPCs,Microglia,Jag1,Notch2,0.36131638,0.096182205,0.9219364882093877,0.869656933698102,0.08162162,0.77123916,1.0
OPCs,Astrocytes,Vegfa,Sirpa,0.36233532,0.11637759,0.3756010994526478,0.37688530024865574,0.022054093,0.7876167,1.0
OPCs,Microglia,Actr2,Adrb2,0.27585018,0.07570923,0.84352016462175,0.2943166110347021,0.11288306,0.749444,1.0
OPCs,Microglia,Adam17,Erbb4,0.27126047,0.073519625,-0.24019103403095143,-0.8685931313389874,0.0057443003,0.7466785,1.0
Oligodendrocytes,Pericytes,Pam,Fap,0.3241303,0.09333442,0.9349455710157291,0.2048327655393295,0.12013624,0.76857704,1.0
Oligodendrocytes,Pericytes,Psen1,Notch1,0.30994114,0.080294766,0.6443032264441191,0.6462537355543299,0.0474377,0.7549245,1.0
OPCs,Microglia,Agrn,Atp1a3,0.36218366,0.11446226,-0.06749925921066621,-0.6355168507488902,0.018742427,0.7862255,1.0
OPCs,Microglia,Arf1,Insr,0.36428195,0.09878279,0.07156321450695058,0.08659277740198046,0.023733828,0.7735841,1.0
OPCs,Microglia,Bmp1,Bmpr1a,0.27566406,0.06790533,0.18853045093016613,0.2570688816983631,0.036957495,0.73909235,1.0
OPCs,Microglia,Bmp7,Acvr1_Bmpr2,0.3351885,0.093720004,0.7968944795651444,0.6369571796199163,0.11619071,0.7689434,1.0
OPCs,Microglia,Bmp7,Bmpr1a_Bmpr2,0.28213724,0.0726383,0.606496835680612,0.3779811187659975,0.059995532,0.74553627,1.0
Oligodendrocytes,Pericytes,Gnai2,Egfr,0.30211988,0.08029061,0.5456478328287204,0.6946516725357939,0.036190163,0.7549197,1.0
Oligodendrocytes,Pericytes,Calr,Itgav,0.36423415,0.12837887,0.019106020465545215,0.06855374642823076,0.015283549,0.7957096,1.0
Oligodendrocytes,Pericytes,Cntn1,Notch2,0.3710454,0.13645287,0.12862681810510115,-0.18513886701810844,0.011743763,0.80062234,1.0
Oligodendrocytes,Pericytes,Cntn2,Nrcam,0.646104,0.41221026,0.12528353434094253,0.8729404911156212,0.06602268,0.8746776,1.0
Oligodendrocytes,Pericytes,Efnb3,Epha4,0.38317478,0.11870353,0.12824128690458317,0.7138154576803403,0.10745247,0.7892672,1.0
OPCs,Microglia,Timp2,Itgb1,0.37238306,0.124765605,0.18441148471599705,0.26421610291820297,0.033265617,0.7933794,1.0
OPCs,Microglia,Vegfa,Nrp2,0.33682477,0.091660984,0.3878289090392518,0.4763740582812639,0.048213914,0.76696414,1.0
OPCs,Neurons,Adam10,Tspan12,0.33879426,0.07798529,0.1371020961120453,0.005654606437812751,0.038733408,0.7522147,1.0
OPCs,Neurons,Adam10,Tspan17,0.34903562,0.088853784,0.09297791090751852,-0.009166089432701502,0.06903666,0.7641729,1.0
OPCs,Neurons,Adam17,Itgb1,0.2924835,0.084697686,0.19776218513478108,0.0752435937738759,0.027571535,0.7598292,1.0
OPCs,Neurons,Adam9,Itgb1,0.31291658,0.09784103,0.28527889391217326,0.1720203728169961,0.047557194,0.77274406,1.0
OPCs,Neurons,Arf1,Chrm3,0.4149818,0.1170461,0.28187967245630163,0.5246168942299764,0.09450152,0.7880954,1.0
OPCs,Neurons,Arf1,Insr,0.3341226,0.08791866,0.028655959850404256,-0.27247606561180066,0.02112358,0.7632182,1.0
OPCs,Neurons,Bmp1,Bmpr1a,0.3026976,0.07794805,0.23009217861422304,0.10599641919574848,0.04242325,0.7521702,1.0
OPCs,Astrocytes,Sema6a,Plxna2,0.38990942,0.10505927,0.02958037422862375,-0.11034080894876885,0.030306412,0.7789334,1.0
OPCs,Astrocytes,Slit2,App,0.32638824,0.08751449,-0.509048712833213,-1.1131719145653043,0.009838038,0.76280165,1.0
OPCs,Astrocytes,Slitrk1,Enpep,0.3356536,0.11235111,0.9772897269877286,0.7221842077779131,0.1910421,0.7846568,1.0
Oligodendrocytes,Pericytes,Rims2,Abca1,0.30692577,0.090807974,-0.10780604261550111,-0.7740027781512395,0.008947889,0.7661275,1.0
Oligodendrocytes,Pericytes,Sema4d,Plxnb1,0.29015645,0.07837251,0.1883694461207077,0.4548400065359166,0.054300092,0.752676,1.0
Oligodendrocytes,Pericytes,Sorbs1,Itgb5,0.2896211,0.077941686,0.14701986973678283,-0.021310419903733946,0.007954593,0.7521626,1.0
Oligodendrocytes,Pericytes,Sparc,Fgfr1,0.3640988,0.13161567,0.1260482627144708,0.37575816209893115,0.015609865,0.79772604,1.0
OPCs,Astrocytes,Vegfa,Grin2b,0.37008607,0.12388713,0.1940775269499032,0.10026106955827813,0.032798033,0.7927997,1.0
OPCs,Astrocytes,Vegfa,Itgb1,0.36029977,0.11440538,0.3288068163051832,0.3510807492031779,0.026692076,0.78618366,1.0
OPCs,Astrocytes,Mdk,Notch2,0.3591273,0.11842371,0.7738668929087138,0.6523771929121713,0.08410399,0.78907084,1.0
OPCs,Astrocytes,Mdk,Sdc3,0.2779532,0.07679431,0.5184577672064907,0.47079696184752984,0.049151838,0.7507777,1.0
Oligodendrocytes,Pericytes,Ybx1,Notch1,0.32376713,0.0923376,0.6359526156974086,0.7075651357779434,0.04023253,0.76762074,1.0
Pericytes,Astrocytes,Actr2,Ldlr,0.31765294,0.099008925,0.1076177537681268,0.09889634271940978,0.03313679,0.7737843,1.0
Pericytes,Astrocytes,Adam10,Axl,0.32001892,0.088981226,0.35474141088429784,0.18594861751757807,0.034209244,0.764302,1.0
Pericytes,Astrocytes,Adam10,Tspan12,0.30078143,0.07220957,0.1100633032550083,0.0782277977163589,0.035864748,0.7449743,1.0
Pericytes,Astrocytes,Agrn,Atp1a3,0.32344347,0.09868502,-0.13457908732673823,-0.4208604453460099,0.01615901,0.77349734,1.0
Pericytes,Astrocytes,Agrn,Itgb1,0.31830734,0.09457147,0.09656458416018651,0.16908857248015574,0.021226594,0.7697459,1.0
Pericytes,Astrocytes,Agrn,Lrp4,0.312686,0.09006929,0.22564991450822358,0.2939326936372795,0.050292123,0.765395,1.0
OPCs,Astrocytes,Mmp2,Fgfr1,0.28027818,0.06326035,0.8845825758535022,0.4586892240292605,0.21014987,0.732203,1.0
OPCs,Astrocytes,Ncan,Sdc3,0.31196308,0.097165294,0.8032117232286717,0.6354631486165647,0.092051364,0.77213496,1.0
OPCs,Astrocytes,Psen1,Notch1,0.31343755,0.087707564,0.6363355172686193,0.48921476071007747,0.051817138,0.76300097,1.0
OPCs,Astrocytes,Psen1,Notch2,0.33631453,0.09735226,0.48294663844452945,0.439988802481779,0.05257674,0.77230406,1.0
OPCs,Astrocytes,Jag1,Notch1,0.29600623,0.073201895,0.9672644985246834,0.7062043623754976,0.067955025,0.7462687,1.0
OPCs,Astrocytes,Jag1,Notch2,0.3188832,0.08125149,0.8138756197005937,0.6569784041471991,0.06895119,0.7560185,1.0
OPCs,Astrocytes,Jam2,Itgav_Itgb1,0.359877,0.11420568,0.5509683569441328,0.4435391906566028,0.030315002,0.7860368,1.0
Pericytes,Astrocytes,Agt,Enpep,0.32693255,0.10618841,0.9540027162243377,0.7679060506752087,0.08856831,0.77985245,1.0
Pericytes,Astrocytes,Agt,Grm7,0.28139654,0.07881747,-0.15401075412175624,-0.8655882768543866,0.007080625,0.7532026,1.0
OPCs,Astrocytes,Jam3,Itgb1,0.32999754,0.10009299,0.02361900417165952,-0.09887056116634835,0.028825864,0.7747359,1.0
OPCs,Astrocytes,L1cam,Egfr,0.41976175,0.11150219,1.02735241890417,0.7833605429526705,0.15357074,0.78401536,1.0
OPCs,Astrocytes,Lama4,Itga6_Itgb1,0.32943118,0.09982548,0.795224084712857,0.5053549398880646,0.038653232,0.77450234,1.0
OPCs,Astrocytes,Lama4,Itga7_Itgb1,0.29968074,0.07467436,1.1793740438439595,0.7245723320189339,0.17064677,0.7481496,1.0
OPCs,Astrocytes,Lamc1,Itga6_Itgb1,0.3639362,0.11612293,0.32450586857691727,0.36976509226357995,0.027586177,0.78743345,1.0
OPCs,Astrocytes,Lamc1,Itga7_Itgb1,0.33418575,0.086865656,0.7086558277080197,0.5889824843944493,0.121787794,0.76212776,1.0
OPCs,Astrocytes,Lgi1,Adam22,0.30722448,0.09314693,-0.21060950308165105,-0.5071094242057456,0.008343749,0.76839817,1.0
OPCs,Astrocytes,Lrpap1,Ldlr,0.3078638,0.09364199,0.1862958380928844,0.12737736692634044,0.04989481,0.76886946,1.0
OPCs,Astrocytes,Cd47,Sirpa,0.30832958,0.090429805,0.03962987863153776,-0.10338928549412996,0.015562211,0.76575345,1.0
OPCs,Astrocytes,Cthrc1,Fzd3,0.31522453,0.08731327,0.5942991003392216,0.5061306771469477,0.10339943,0.7625933,1.0
OPCs,Astrocytes,Entpd1,Adora1,0.27445114,0.07514846,0.4101522042672321,0.30118868915406555,0.041501038,0.7487453,1.0
OPCs,Astrocytes,Fbn1,Itgb1,0.297211,0.08460722,0.5308236328120474,0.391399687580804,0.054198615,0.75973165,1.0
OPCs,Astrocytes,Fgf13,Fgfr1,0.34573337,0.11614202,0.15220630350665681,0.07448776889824871,0.031852145,0.7874472,1.0
Pericytes,Astrocytes,Arf1,Insr,0.3626598,0.12562947,0.07442939912011685,0.043993422719203035,0.030184085,0.7939444,1.0
Pericytes,Astrocytes,Arf1,Pld2,0.31177786,0.09653557,0.5305609513085754,0.3973710213448376,0.09963156,0.77156246,1.0
Pericytes,Astrocytes,Bmp5,Acvr1_Acvr2a,0.3131312,0.082519025,1.348116448295838,0.7793319524274565,0.10347593,0.75744337,1.0
Pericytes,Astrocytes,Bmp5,Acvr1_Bmpr2,0.36802405,0.1305787,1.4368742226631976,0.9017187711889072,0.13515761,0.79708713,1.0
Pericytes,Astrocytes,Bmp5,Acvr2a_Bmpr1a,0.3131312,0.082519025,1.348116448295838,0.7793319524274565,0.10347593,0.75744337,1.0
Pericytes,Astrocytes,Bmp5,Acvr2a_Bmpr1b,0.3131312,0.082519025,1.348116448295838,0.7793319524274565,0.10347593,0.75744337,1.0
OPCs,Astrocytes,Fgf13,Scn8a,0.34435552,0.11534971,-0.08343967672806099,-0.27280100022285997,0.017789252,0.78687376,1.0
OPCs,Astrocytes,Fstl5,Sdk2,0.361555,0.13026388,0.24324397825706207,0.16650648536664914,0.07301848,0.7968918,1.0
OPCs,Astrocytes,Gnai2,Adcy9,0.28870785,0.08334962,0.05009002249555175,-0.025509933142110586,0.018819131,0.7583622,1.0
OPCs,Astrocytes,Gnai2,Adora1,0.27415767,0.074995145,0.17193446273434534,0.06283344994771956,0.041615073,0.7485532,1.0
OPCs,Astrocytes,H2-K1,Aplp2,0.3278846,0.09726319,0.025858938816747182,-0.23383334445158038,0.015754947,0.77222353,1.0
OPCs,Astrocytes,Adam17,Notch1,0.33971384,0.109573655,0.7388516637257326,0.5721689266513599,0.056097317,0.7825345,1.0
OPCs,Astrocytes,Adam9,Itgb1,0.27018702,0.071843214,0.2091699633968619,0.1965724133001264,0.034920543,0.74449086,1.0
OPCs,Astrocytes,Adam9,Itgb5,0.28631452,0.08165563,0.382778220912355,0.34203245207004995,0.036328483,0.75647587,1.0
OPCs,Astrocytes,Agrn,Atp1a3,0.36895096,0.121114105,-0.06172698810735672,-0.43151523245297735,0.019831622,0.7909342,1.0
OPCs,Astrocytes,Agrn,Itgb1,0.3638149,0.11606564,0.16941668337956806,0.1584337853731883,0.026050964,0.78739214,1.0
OPCs,Astrocytes,Agrn,Lrp4,0.35819352,0.1105402,0.2985020137276051,0.28327790653031204,0.06172249,0.7832808,1.0
Pericytes,Astrocytes,Col4a2,Itgb5,0.27953035,0.07801368,0.46189117851473305,0.5408469876091693,0.040443253,0.75224864,1.0
OPCs,Astrocytes,Arf1,Insr,0.30976778,0.079145476,-0.005992554182350729,-0.16110532571716385,0.019015713,0.7535884,1.0
OPCs,Astrocytes,B2m,Tfrc,0.30773562,0.07909682,0.14012086943786928,-0.02815094835515286,0.020338232,0.7535313,1.0
OPCs,Astrocytes,Bmp1,Bmpr2,0.3358589,0.09026718,0.19782860669223482,0.19687882303603232,0.041727632,0.765592,1.0
OPCs,Astrocytes,Bmp7,Bmpr1a_Bmpr2,0.34233212,0.096558765,0.6157949914426807,0.3177910601036667,0.06773921,0.7715836,1.0
OPCs,Astrocytes,Bmp7,Bmpr1b_Bmpr2,0.34233212,0.096558765,0.6157949914426807,0.3177910601036667,0.06773921,0.7715836,1.0
OPCs,Astrocytes,Ccl25,Grm7,0.2657391,0.070605114,-0.24667340950037767,-1.0055224501711018,0.009368639,0.7428339,1.0
Neurons,Pericytes,Vegfa,Egfr,0.29562402,0.07500383,0.5687859118508505,0.43692938746238696,0.031960793,0.74856406,1.0
Neurons,Pericytes,Vegfa,Itgav,0.3070146,0.07920275,0.09027853953289841,-0.018359255845120548,0.012903271,0.75365555,1.0
Neurons,Pericytes,Vegfa,Itgb1,0.404432,0.11511369,0.37954104228216073,0.42239065926301944,0.026857333,0.786702,1.0
Neurons,Pericytes,Vegfa,Nrp1,0.29846215,0.07605005,0.20277271884049475,0.22579643614239558,0.021155009,0.7498655,1.0
Neurons,Pericytes,Vegfb,Nrp1,0.2986678,0.07621976,0.23253086406627582,0.30204490951606905,0.046211496,0.75007445,1.0
Neurons,Pericytes,Vegfc,Flt1,0.45311335,0.08973413,1.310648645551634,1.440706516434094,0.42718732,0.7650601,1.0
Neurons,Pericytes,Vegfc,Itgb1,0.3688477,0.070665434,0.50794764578094,0.6545191450446142,0.13442951,0.74291545,1.0
OPCs,Astrocytes,Actr2,Ldlr,0.28478807,0.08099059,0.061439692098878326,-0.050560440739741475,0.027106326,0.7557218,1.0
OPCs,Astrocytes,Adam10,Axl,0.3673725,0.10831354,0.4120686706025229,0.19760235738952903,0.041641645,0.7815487,1.0
OPCs,Astrocytes,Adam10,Tspan12,0.348135,0.08789802,0.16739056297323335,0.08988153758830986,0.043656826,0.76319706,1.0
Pericytes,Astrocytes,Cxcl12,Grm7,0.2897911,0.083220445,0.4521568219028449,-0.5134901662605822,0.029994328,0.7582201,1.0
Pericytes,Astrocytes,Cxcl12,Itgb1,0.27674574,0.074941054,0.8525527714144715,0.6469631234277342,0.09031519,0.74848527,1.0
Pericytes,Astrocytes,Fgf1,Fgfr1,0.31061655,0.08777092,0.19920639493608036,0.24481517027698574,0.042063754,0.76306623,1.0
Pericytes,Astrocytes,Fgf1,Nrp1,0.26659235,0.06863976,0.09732574468747866,0.11720162841892928,0.025892682,0.7401282,1.0
OPCs,Neurons,Bmp7,Actr2,0.3503677,0.09975198,0.6835613770413982,0.26475847936910707,0.09566206,0.774438,1.0
OPCs,Neurons,Bmp7,Acvr1_Acvr2a,0.27683192,0.07053006,0.6893178356681837,0.3087603192689159,0.08744065,0.74273235,1.0
OPCs,Neurons,Bmp7,Acvr1_Bmpr2,0.27683192,0.07053006,0.6893178356681837,0.3087603192689159,0.08744065,0.74273235,1.0
OPCs,Neurons,Bmp7,Acvr2a_Bmpr1a,0.30917078,0.083381,0.6480585633646689,0.22690865626338286,0.06886845,0.7583967,1.0
OPCs,Neurons,Bmp7,Bmpr1a_Bmpr2,0.30917078,0.083381,0.6480585633646689,0.22690865626338286,0.06886845,0.7583967,1.0
OPCs,Neurons,Bmp7,Ptprk,0.35418746,0.101269886,0.40875795743126336,-0.3715513791686204,0.051993277,0.77575433,1.0
OPCs,Neurons,Calr,Itga3,0.32924578,0.06861322,0.2583610096480178,0.13356716361924317,0.10107598,0.740091,1.0
OPCs,Neurons,Cd47,Sirpa,0.31883457,0.098338544,0.05872249161444758,-0.19965547387131555,0.01692324,0.7731891,1.0
OPCs,Neurons,Col11a1,Ddr1,0.36330184,0.10605111,0.11236832372997882,-0.26346255009197794,0.04468486,0.77974135,1.0
OPCs,Neurons,Cthrc1,Fzd3,0.3504101,0.11722183,0.6798798568884731,0.5204784216564177,0.13881819,0.78822064,1.0
OPCs,Neurons,Fam3c,Lamp1,0.36405462,0.1272792,0.1110133704261477,-0.3059602257069436,0.038163368,0.79500955,1.0
OPCs,Neurons,Fbn1,Itgb1,0.33994055,0.11522393,0.6069325633273588,0.3668476470976737,0.0738114,0.7867823,1.0
OPCs,Neurons,Fgf13,Fgfr1,0.34388328,0.115078166,0.14871229927663104,0.004665985012732021,0.031560376,0.7866761,1.0
Neurons,Pericytes,Slit1,Robo1,0.3383129,0.09525977,-0.02294817049308656,-0.34780069048172446,0.052544985,0.77038795,1.0
Neurons,Pericytes,Slit1,Robo2,0.3693534,0.107661314,0.16434696825969364,0.03602707485135262,0.08603913,0.7810326,1.0
Neurons,Pericytes,Slit3,Robo1,0.36626792,0.12192113,-0.062641309556452,-0.24272320360816002,0.037689246,0.79148275,1.0
Neurons,Pericytes,Slitrk1,Enpep,0.34559909,0.11622601,1.0484760311189047,0.872529531949455,0.197631,0.7875077,1.0
Neurons,Pericytes,Slitrk1,Ptprs,0.3328309,0.10884808,0.13080966205058284,0.019348172902240696,0.037789334,0.78196865,1.0
Neurons,Pericytes,Slitrk3,Ptprs,0.2732814,0.0639783,0.07378852741605282,-0.05836726065467873,0.029382715,0.73330796,1.0
Pericytes,Astrocytes,Fstl1,Dip2a,0.31549162,0.082895204,0.14081792288881495,-0.0735849331840257,0.031635243,0.75786096,1.0
Pericytes,Astrocytes,Gnai2,Adora1,0.35902572,0.119334266,0.31557393672211675,0.4219263544533996,0.06621901,0.78970754,1.0
Neurons,Pericytes,Spp1,Itgav_Itgb1,0.31592423,0.086859934,0.11950408991893607,0.3939741639901729,0.036851812,0.7621218,1.0
Neurons,Pericytes,Spp1,Itgav_Itgb5,0.2844091,0.07411937,0.3436061155421171,0.6683983877385702,0.041220505,0.7474461,1.0
Neurons,Pericytes,Vcl,Itgb5,0.3036356,0.08821946,0.36641106297352977,0.362229518630487,0.015609439,0.76352674,1.0
Neurons,Pericytes,Psen1,Notch2,0.29153207,0.08300545,0.35744224811452285,0.35366897261949976,0.0448285,0.75798285,1.0
Neurons,Pericytes,Ptn,Ncl,0.3128607,0.091963276,-0.19246684025680408,-0.8029848812305647,0.009859603,0.7672582,1.0
Pericytes,Astrocytes,Il15ra,Axl,0.25744385,0.063434675,0.9089143496935383,0.753340953337162,0.101953484,0.7324727,1.0
Neurons,Pericytes,Ptn,Sdc4,0.29932332,0.08140974,0.02062454171280395,-0.4699056038364158,0.0127236415,0.7561979,1.0
Neurons,Pericytes,Rgmb,Bmpr2,0.40770298,0.10595063,0.20417465105595567,0.3380363487173292,0.0473096,0.7796599,1.0
Neurons,Pericytes,Sdc2,Ptprj,0.32345802,0.10339807,0.09617810728835957,0.01863806808097007,0.008528191,0.7775581,1.0
Neurons,Pericytes,Sema3a,Nrp1_Plxna2,0.27565515,0.06689682,0.22434634228831216,0.4723530943399614,0.09916045,0.73764706,1.0
Neurons,Pericytes,Sema3e,Nrp1,0.33818364,0.10882899,0.36298966579060565,0.5978709878908358,0.07070808,0.7819537,1.0
Neurons,Pericytes,Sema4d,Plxnb1,0.26225847,0.066438936,0.14854101341095294,-0.03877280249773951,0.046031956,0.7369819,1.0
Neurons,Pericytes,Sema6a,Plxna2,0.34157726,0.11580985,0.0013229683031190723,-0.10302830188233936,0.033407625,0.7872074,1.0
Neurons,Pericytes,Sema7a,Itga1_Itgb1,0.37935635,0.083791755,0.40458199119902494,0.5365099376676572,0.07603892,0.7588466,1.0
OPCs,Neurons,Fstl5,Sdk2,0.33357167,0.108830914,0.17651855264398503,0.06843098956933466,0.061004385,0.7819552,1.0
OPCs,Neurons,Gnai2,Adcy1,0.3300282,0.10707506,0.33869627317334733,0.22912864530435767,0.08609982,0.7805654,1.0
OPCs,Neurons,Gnai2,Oprm1,0.2764004,0.076282874,0.3031251683453997,0.21216233402409063,0.09265561,0.75015205,1.0
OPCs,Neurons,Gnas,Adcy7,0.5886864,0.116992354,-0.023796802031241793,-0.47546711631328287,0.024824908,0.7880571,1.0
Oligodendrocytes,Oligodendrocytes,Sema4d,Plxnb3,0.35382694,0.12503459,0.11454629749718084,0.7644135678192141,0.14835897,0.79355586,1.0
Oligodendrocytes,Pericytes,Actr2,Ldlr,0.28935432,0.083048776,0.07828360468537837,0.24847492883872296,0.027795168,0.7580307,1.0
Oligodendrocytes,Pericytes,Adam23,Itga4,0.30540073,0.093027964,0.25607681440326496,0.11219783055304905,0.07385717,0.7682844,1.0
Oligodendrocytes,Pericytes,Agrn,Dag1,0.3221548,0.0935531,0.1872445427191952,0.38241694799797127,0.02568849,0.76878506,1.0
OPCs,Neurons,Gpi1,Amfr,0.2590834,0.065037824,-0.03723208887833589,-0.35268020358818686,0.022084264,0.73491096,1.0
OPCs,Neurons,Jag1,Cd46,0.27614638,0.06621392,0.5033918472000003,0.3437625338922042,0.06525965,0.73665303,1.0
OPCs,Neurons,Jam3,Itgb1,0.3727271,0.13631351,0.09972793468697089,-0.12342260164947866,0.039257042,0.8005408,1.0
OPCs,Neurons,L1cam,Ephb2,0.2961159,0.070599094,0.3533109220120363,0.3333823392270503,0.14744183,0.7428258,1.0
Neurons,Pericytes,Lrpap1,Ldlr,0.35774785,0.12618819,0.2747907888114284,0.4183028796396082,0.06723624,0.7943072,1.0
Neurons,Pericytes,Lrpap1,Sorl1,0.3134184,0.090714015,0.04858832273120803,-0.011972022760941614,0.029292602,0.7660348,1.0
Pericytes,Astrocytes,Jag1,Cd46,0.3381235,0.10901095,0.9348654276807772,0.7464194285981962,0.10743989,0.7820961,1.0
Pericytes,Astrocytes,Jag1,Notch3,0.32212585,0.095859654,1.1994744881125752,0.9160721996423742,0.091041274,0.7709427,1.0
Pericytes,Astrocytes,Jam2,Itgav_Itgb1,0.2722154,0.07280127,0.317045110179055,0.32752423508593237,0.019324526,0.74574876,1.0
Pericytes,Astrocytes,Lama4,Itga7_Itgb1,0.42089322,0.11750108,1.6682479803307233,1.1624593406352277,0.2685149,0.7884192,1.0
Pericytes,Astrocytes,Lamb2,Dag1,0.30875263,0.09375988,0.9416381941405714,0.7159802638511996,0.1368964,0.7689812,1.0
Neurons,Pericytes,Lrpap1,Sort1,0.3297214,0.103760295,0.015329108575060577,-0.05695336955711411,0.036061965,0.77786034,1.0
Neurons,Pericytes,Ltbp3,Itgb5,0.28560916,0.074999444,0.4570554567819114,0.49796801645240363,0.043781027,0.7485586,1.0
Neurons,Pericytes,Nampt,Insr,0.3859169,0.1061715,0.19686310188922004,0.24080008692672816,0.043953117,0.77983874,1.0
Neurons,Pericytes,Nlgn2,Nrxn2,0.30068746,0.08546405,0.059013207072364626,-0.041458248308944734,0.019453418,0.7606501,1.0
Neurons,Pericytes,Pigf,Flt1,0.44936946,0.08379571,1.2173358393255338,1.3436764267033787,0.1815433,0.75885093,1.0
Neurons,Pericytes,Psen1,Notch1,0.341244,0.10756049,0.7041873470425826,0.5320767752100235,0.06354614,0.7809525,1.0
Neurons,Pericytes,Inha,Tgfbr3,0.371655,0.10489422,0.6747466762341463,0.8573293727833482,0.26537165,0.778798,1.0
Neurons,Pericytes,Jag2,Notch1,0.29412878,0.06652173,0.8381245864919054,0.7045307638495621,0.18899788,0.7371026,1.0
Neurons,Pericytes,Jam3,Itgb1,0.39781675,0.1068506,0.21038921838088687,-0.0022944633883753562,0.030771993,0.7803856,1.0
Pericytes,Astrocytes,Lamb2,Itga6_Itgb1,0.25265568,0.063562796,0.783852360668794,0.511521245906724,0.07586086,0.73267037,1.0
Pericytes,Astrocytes,Lamc3,Dag1,0.3657792,0.1334908,1.6061689849779044,0.875984453964118,0.17131603,0.79886496,1.0
Pericytes,Astrocytes,Lamc3,Itga6_Itgb1,0.30968225,0.09049765,1.448383151506127,0.6715254360196423,0.094934426,0.7658207,1.0
Pericytes,Astrocytes,Lamc3,Itga7_Itgb1,0.2799318,0.06769668,1.8325331106372296,0.8907428281505116,0.4191177,0.7387955,1.0
Pericytes,Astrocytes,Lrig2,Egfr,0.4237193,0.116837904,0.8350656954642598,0.579762512123613,0.05245436,0.7879467,1.0
Pericytes,Astrocytes,Lrpap1,Ldlr,0.2628214,0.06894726,0.11073016331052728,0.10343908285238718,0.03673684,0.7405579,1.0
Neurons,Pericytes,L1cam,Egfr,0.3400764,0.11118212,0.7450262586426923,0.7422716948086752,0.15312992,0.7837719,1.0
Neurons,Pericytes,Lamc1,Dag1,0.30844483,0.081946224,0.26199148417694157,0.29874040646993416,0.023815665,0.7568029,1.0
Neurons,Pericytes,Lamc1,Itga6_Itgb1,0.2808916,0.071278244,0.29229336567609854,0.21658221490337595,0.015094884,0.7437392,1.0
Neurons,Pericytes,Lgi1,Adam22,0.36039236,0.10465671,-0.10894482891104029,-0.46500239571226354,0.009374752,0.77860266,1.0
Neurons,Pericytes,Lgi2,Adam22,0.26012695,0.0642366,-0.07890886865691729,-0.31443802963757506,0.032553844,0.7337017,1.0
Neurons,Pericytes,Lgi3,Adam22,0.2871133,0.07511564,-0.298880861639921,-0.7671116051422705,0.019507425,0.74870425,1.0
Neurons,Pericytes,Fgf1,Nrp1,0.29423788,0.072564125,0.14854683112931052,0.1807362060860197,0.02737305,0.7454393,1.0
Neurons,Pericytes,Fgf1,Tgfbr3,0.36491057,0.09742202,0.4177970354456116,0.544246337324753,0.052656766,0.772367,1.0
Pericytes,Astrocytes,Megf10,Abca1,0.3568765,0.10147583,0.2568006287673051,0.1588408413352203,0.030711597,0.775931,1.0
Neurons,Pericytes,Fgf10,Fgfr2,0.40719664,0.08565877,0.01919431868061347,-0.16941840572379696,0.10609106,0.7608572,1.0
Neurons,Pericytes,Fgf9,Fgfr3,0.30346555,0.076525174,0.5167463216138604,0.6115720320527558,0.14740948,0.7504491,1.0
Neurons,Pericytes,Fndc5,Itgav,0.33398795,0.10238442,0.21552764430892235,0.22543899805610562,0.061347604,0.7767049,1.0
Neurons,Pericytes,Fndc5,Itgb5,0.30247283,0.08736673,0.4396296699321034,0.49986322180450293,0.06862021,0.76264876,1.0
Neurons,Pericytes,Gas6,Axl,0.34964186,0.12183156,0.9449293986235747,0.7607339873638426,0.14157923,0.79142207,1.0
Neurons,Pericytes,Gnai2,Adcy9,0.33821794,0.080585614,0.1201450298960177,0.1078872883421223,0.01819506,0.7552588,1.0
Neurons,Pericytes,Gnai2,Ednra,0.29123166,0.066080526,1.1753012800780223,0.5439942711850567,0.059867375,0.73645735,1.0
Neurons,Pericytes,Hras,Insr,0.39366856,0.11536038,0.19913965681286558,0.263005093647967,0.059370186,0.78688157,1.0
OPCs,Neurons,L1cam,Ptprz1,0.27852973,0.06478144,0.099389229416083,-0.1922447612793332,0.01823923,0.73452604,1.0
OPCs,Neurons,Lamc1,Itga3_Itgb1,0.3107422,0.0638107,0.46980060021379977,0.46464517278991824,0.13097855,0.73305136,1.0
Oligodendrocytes,Oligodendrocytes,Nrg3,Erbb3,0.36272928,0.109729886,-0.13663706102962156,-0.8160902864976164,0.03547834,0.78265566,1.0
OPCs,Neurons,Mdk,Alk,0.34990072,0.11369194,0.5252106537868728,0.5978996949272176,0.09656016,0.78565747,1.0
OPCs,Neurons,Mdk,Ncl,0.27433428,0.07493839,0.33278943457533383,0.10896310101214143,0.057787262,0.7484819,1.0
OPCs,Neurons,Mdk,Ptprz1,0.3240378,0.100428365,0.33376617165574124,-0.016033556644725916,0.01852275,0.7750277,1.0
OPCs,Neurons,Mdk,Sdc2,0.2724247,0.07395908,0.4122434608979386,0.2684440500048748,0.034512717,0.74724174,1.0
OPCs,Neurons,Nrg2,Nrp2,0.34169173,0.10934691,0.2798273998123898,0.3159726177161688,0.06725991,0.78235817,1.0
OPCs,Neurons,Omg,Lingo1,0.3276165,0.10724936,0.290085405609073,0.1964764492613472,0.1045028,0.7807046,1.0
Neurons,Pericytes,Col26a1,Itga1_Itgb1,0.3778391,0.08189656,0.5373048219065719,0.6597978881002706,0.13130313,0.7567471,1.0
Neurons,Pericytes,Col4a1,Itga1_Itgb1,0.3704441,0.072659455,0.5052763790029279,0.6278557278153358,0.060893897,0.74556386,1.0
Neurons,Pericytes,Col4a2,Itgav_Itgb8,0.2665286,0.070946366,0.26677523920095014,0.2642302672799048,0.04222061,0.7432942,1.0
Neurons,Pericytes,Col4a2,Itgb5,0.3118333,0.0942314,0.5199583626696551,0.5581954209243998,0.048850708,0.7694265,1.0
Neurons,Pericytes,Cthrc1,Fzd6,0.30107468,0.067608394,1.3277818680926652,0.8048761449698727,0.13578711,0.7386696,1.0
Pericytes,Astrocytes,Nid1,Ptprf,0.37438926,0.1153705,1.3202520467256313,0.837725795664782,0.19643626,0.7868889,1.0
Pericytes,Astrocytes,Ntrk3,Ptprf,0.35942504,0.10887844,0.0030416995021543703,0.1196125298616445,0.024934618,0.78199244,1.0
Neurons,Pericytes,F8,Lrp1,0.475356,0.06766458,0.3908508243690233,0.48544069133610623,0.04680547,0.7387498,1.0
Neurons,Pericytes,Farp2,Plxna2,0.28044188,0.07044849,0.11477014771669472,0.238721247528604,0.04562368,0.7426218,1.0
Neurons,Pericytes,Fbn1,Itgb1,0.39262766,0.10036893,0.5224801319459871,0.6573247977306058,0.064295426,0.7749761,1.0
Neurons,Pericytes,Fgf1,Cspg4,0.41110253,0.11366925,0.9234992171453268,0.785677366406083,0.03947437,0.78564066,1.0
Neurons,Pericytes,Fgf1,Egfr,0.29139978,0.07156586,0.5145600241396663,0.3918691574060111,0.04135495,0.74412274,1.0
Neurons,Pericytes,Fgf1,Fgfr3,0.30204818,0.07531125,0.3141476686139358,0.2931566735247739,0.02588674,0.7489488,1.0
Neurons,Pericytes,Adam15,Itgav,0.34417757,0.11114166,0.17067655585918123,0.1679515748075397,0.03400115,0.783741,1.0
Neurons,Pericytes,Adam17,Itgb1,0.3908437,0.09814059,0.35637602457212775,0.42522528352972644,0.031947587,0.7730124,1.0
Neurons,Pericytes,Adam17,Notch1,0.29632658,0.06843607,0.6609248152652163,0.4725020585012466,0.035036527,0.7398423,1.0
Neurons,Pericytes,Adam9,Itgav,0.29613888,0.06985585,0.10396106354584095,0.06857439451275066,0.023709457,0.74181354,1.0
Neurons,Pericytes,Adam9,Itgb1,0.39355627,0.10152885,0.39322356629510324,0.5093243096208906,0.049349718,0.77597636,1.0
Neurons,Pericytes,Agrn,Atp1a3,0.34589428,0.108164206,-0.09576717822044162,-0.6836766564940743,0.017711164,0.7814309,1.0
Neurons,Pericytes,Apoe,Abca1,0.2626046,0.068766594,-0.11463743194645126,-0.8700403596950441,0.0044787973,0.7403057,1.0
Neurons,Pericytes,Apoe,Ldlr,0.29596516,0.08721859,-0.07994404714122419,-0.6931613251812938,0.008342504,0.7624951,1.0
Neurons,Pericytes,Apoe,Lrp6,0.331495,0.10687042,-0.12306532638563343,-0.785659629805427,0.0051435763,0.78040147,1.0
Neurons,Pericytes,Bcan,Egfr,0.3533055,0.12194884,0.5926008232436506,0.42781647999437816,0.03017153,0.79150146,1.0
Neurons,Pericytes,Cntn2,Nrp1,0.32981652,0.10192428,0.02603141084738203,-0.3039154972504477,0.048601422,0.7763141,1.0
Neurons,Pericytes,Col11a1,Ddr1,0.37113905,0.0994356,0.13069966296635713,0.16291724756834214,0.0418974,0.77416044,1.0
Neurons,Oligodendrocytes,Ntn4,Dcc,0.45483932,0.09472775,0.08156104509122324,-0.3594226672503023,0.0571211,0.7698922,1.0
Neurons,Oligodendrocytes,Olfm2,Robo2,0.34787667,0.11166858,0.04965596983695067,-0.5749483455697431,0.016012248,0.78414154,1.0
Pericytes,Astrocytes,St6gal1,Egfr,0.6380888,0.40585914,1.0600467772969484,0.9662777855915302,0.13087915,0.8738241,1.0
Pericytes,Astrocytes,Trf,Ldlr,0.27475393,0.07548932,-0.22804198782925056,-1.2228053613192644,0.016298845,0.7491708,1.0
Neurons,Oligodendrocytes,Ptn,Ncl,0.31089345,0.090429634,-0.19545322360407985,-0.5744490321499696,0.009695179,0.76575327,1.0
Neurons,Oligodendrocytes,Ptn,Ptprs,0.3188969,0.096669,-0.3494698615463625,-1.1880777903451891,0.0037639302,0.77168417,1.0
Neurons,Oligodendrocytes,Reln,Vldlr,0.25745204,0.06531068,0.18637130575337205,0.6169974837613726,0.14701979,0.7353186,1.0
Neurons,Oligodendrocytes,Rgmb,Neo1,0.44265276,0.117288426,0.07638318807144802,0.36041739115577925,0.052716617,0.7882681,1.0
Neurons,Oligodendrocytes,Sema4d,Plxnb3,0.325929,0.105995886,0.07471786478742609,0.270800758785558,0.12576872,0.77969664,1.0
Neurons,Oligodendrocytes,Sirpa,Cd47,0.2911408,0.083869,0.021758720484547737,-0.10591498963775609,0.014433153,0.7589309,1.0
Neurons,Oligodendrocytes,Slit3,Robo2,0.25342858,0.064220995,-0.003286542284907379,-0.5452431530984574,0.02876273,0.73367804,1.0
Neurons,Oligodendrocytes,Slitrk1,Ptprs,0.26845962,0.07165201,0.05541622465197066,-0.27376607320292856,0.02487579,0.7442373,1.0
Neurons,Oligodendrocytes,Timp3,Ddr1,0.35888565,0.09212023,0.0804273137403538,0.3930489467869491,0.025589967,0.76741046,1.0
Neurons,Oligodendrocytes,Vegfa,Itgav,0.2863442,0.07158302,0.062371592916922354,0.12435857015663432,0.011661907,0.7441456,1.0
Neurons,Oligodendrocytes,L1cam,Cntn1,0.33960974,0.11092713,0.01279013500092438,-0.42370496512879924,0.025004134,0.7835772,1.0
Neurons,Oligodendrocytes,Lgi2,Adam23,0.31981677,0.1022815,0.05934510195728357,-0.1339178237941132,0.07355436,0.7766177,1.0
Pericytes,Astrocytes,Vegfa,Grin2b,0.2584415,0.06678467,-0.025519660368836627,-0.10725982715513566,0.017680656,0.7374847,1.0
Pericytes,Astrocytes,Vegfa,Nrp1,0.28852728,0.08249846,0.19234170179495752,0.25428671693705424,0.02294878,0.7574205,1.0
Pericytes,Microglia,Actr2,Adrb2,0.30871505,0.092552595,0.8896982262909985,0.44377339449385333,0.13799664,0.76782805,1.0
Neurons,Oligodendrocytes,Lgi3,Adam23,0.34680313,0.11960378,-0.16062689102572017,-0.5865913992988087,0.044076398,0.7898948,1.0
Neurons,Oligodendrocytes,Lrpap1,Sorl1,0.33856034,0.11083356,0.0838868402971591,0.06383081356550796,0.035789434,0.7835057,1.0
Neurons,Oligodendrocytes,Lrpap1,Vldlr,0.34436518,0.11547884,0.18981689764815493,0.4640101527643245,0.10582225,0.7869676,1.0
Neurons,Oligodendrocytes,Lrrc4b,Ptprf,0.28469446,0.07015735,0.04162564098745384,0.007739807771290685,0.042900078,0.74222577,1.0
Neurons,Oligodendrocytes,Lrrc4b,Ptprs,0.3185339,0.09648895,-0.09630275664288691,-0.4821427016862452,0.014389778,0.7715199,1.0
Neurons,Oligodendrocytes,Nlgn2,Nrxn2,0.35233438,0.12378977,0.1252155499449114,0.05068286439862463,0.028177159,0.7927351,1.0
Neurons,Oligodendrocytes,Nlgn3,Nrxn2,0.26729983,0.06704913,0.05497393838200902,-0.03924104428403513,0.019854072,0.73786706,1.0
Neurons,Oligodendrocytes,Adam9,Itgav,0.27546847,0.06313534,0.07605411692986488,0.21129222051450552,0.021428479,0.732009,1.0
Neurons,Oligodendrocytes,Apoe,Sorl1,0.27677763,0.076605804,-0.2708479956554935,-1.0476333912553941,0.0044406634,0.7505477,1.0
Neurons,Oligodendrocytes,Apoe,Vldlr,0.2825825,0.07981652,-0.16491793830449766,-0.6474540520565776,0.013130159,0.75437146,1.0
Neurons,Oligodendrocytes,Arf1,Insr,0.3178445,0.10092427,0.011743545078744179,-0.06421707586603004,0.024248345,0.77545685,1.0
Pericytes,Microglia,Adam10,Tspan5,0.33124012,0.09876411,-0.25858166120066683,-0.4914898172639882,0.0086013675,0.77356756,1.0
Pericytes,Microglia,Agrn,Atp1a3,0.31667614,0.09326503,-0.14035135843004776,-0.6248620636419229,0.015271523,0.7685109,1.0
Pericytes,Microglia,Agt,Grm7,0.30017763,0.09010648,-0.14232985011386112,-0.80434280437622,0.008094781,0.76543206,1.0
Neurons,Oligodendrocytes,Cntn2,Cntn1,0.32651174,0.100291565,-0.3401915197840303,-1.2587592058679307,0.011989609,0.77490884,1.0
Neurons,Oligodendrocytes,Col4a2,Itgav_Itgb8,0.2515412,0.06324337,0.24225955883066078,0.283004784421581,0.03763651,0.73217666,1.0
Neurons,Oligodendrocytes,Efnb2,Ephb1,0.39075693,0.079507396,0.18108560505389293,0.506413189507069,0.15137163,0.75401175,1.0
Neurons,Oligodendrocytes,Fndc5,Itgav,0.31331754,0.09253449,0.18762069769294631,0.3681568240578605,0.055445634,0.76781064,1.0
Neurons,Oligodendrocytes,Gas6,Tyro3,0.2658181,0.06664202,0.22748644457066525,0.46709272889470527,0.16590373,0.7372776,1.0
Neurons,Oligodendrocytes,Gnai2,Igf1r,0.38636827,0.09545006,-0.059749106251859065,-0.09747805511171032,0.011662676,0.7705644,1.0
Neurons,Oligodendrocytes,Hras,Insr,0.26126128,0.06381833,0.010767553453645565,-0.026115148852358994,0.032844085,0.7330631,1.0
Neurons,OPCs,Ptn,Ncl,0.32673913,0.1027827,-0.17139994321062288,-0.8551146941020435,0.01101958,0.7770414,1.0
Neurons,OPCs,Rgmb,Bmpr2,0.3573375,0.08961194,0.13683585776448942,0.07581627127013219,0.040013965,0.76493764,1.0
Pericytes,Microglia,Bgn,Tlr4,0.33162534,0.10150267,2.114297286076585,1.1487618248577296,0.6464441,0.77595395,1.0
Pericytes,Microglia,Bmp5,Acvr1_Acvr2a,0.36299774,0.12617809,1.445576204359302,1.0012666472425094,0.15822285,0.7943006,1.0
Pericytes,Microglia,Bmp5,Acvr2a_Bmpr1a,0.36299774,0.12617809,1.445576204359302,1.0012666472425094,0.15822285,0.7943006,1.0
Neurons,OPCs,Sema3e,Nrp2,0.2678674,0.07173604,0.3488319954861038,0.42342524864849906,0.08813249,0.7443488,1.0
Neurons,OPCs,Sema6a,Plxna2,0.3583179,0.12626149,0.027262554088161098,-0.2135160595499871,0.036422607,0.7943546,1.0
Neurons,OPCs,Sema6a,Plxna4,0.29711336,0.088049844,-0.15001549229620387,-0.5993335419094517,0.017215302,0.76335293,1.0
Neurons,OPCs,Sirpa,Cd47,0.31883457,0.098338544,0.05872249161444758,-0.19965547387131555,0.01692324,0.7731891,1.0
Neurons,OPCs,Spp1,Itga9_Itgb1,0.30296513,0.081620984,0.21216582588689054,0.4680181615929331,0.04959267,0.75643677,1.0
Neurons,OPCs,Spp1,Itgav_Itgb1,0.30296513,0.081620984,0.21216582588689054,0.4680181615929331,0.04959267,0.75643677,1.0
Neurons,OPCs,Vegfa,Itgb1,0.29405552,0.07442564,0.18294027550085284,0.055684741757639655,0.017364347,0.7478351,1.0
Neurons,OPCs,Ybx1,Notch1,0.3617198,0.12843801,0.6760878389337115,0.3068840853527814,0.05596189,0.7957471,1.0
Neurons,Oligodendrocytes,Adam10,Tspan14,0.3354395,0.0939805,0.01828337344994663,-0.08916081241272183,0.027845593,0.7691899,1.0
Neurons,Oligodendrocytes,Adam10,Tspan15,0.35250327,0.110074975,0.047797544730629166,0.06175229796290527,0.06155497,0.7829226,1.0
Neurons,Oligodendrocytes,Adam15,Itgav,0.32350716,0.100449234,0.14276960924320517,0.31066940080929456,0.030730054,0.7750458,1.0
OPCs,Neurons,Rtn4,Rtn4rl1,0.4486587,0.11773716,-0.0927015292747348,-0.5632755643229679,0.024972811,0.78858656,1.0
Oligodendrocytes,Oligodendrocytes,Itgav,Thy1,0.32438618,0.10113203,-0.048343388751016104,0.07316036882467869,0.019416451,0.77563584,1.0
Oligodendrocytes,Oligodendrocytes,Lama2,Itgav_Itgb8,0.27058572,0.07261707,0.03405983950745098,0.18923697566037018,0.010009865,0.7455085,1.0
Oligodendrocytes,Oligodendrocytes,Lrrc4b,Ptprs,0.25383186,0.06439661,-0.19348474740889046,-0.4277695364365631,0.00960372,0.7339447,1.0
OPCs,Neurons,Sema3e,Nrp2,0.34524703,0.111164615,0.5328508557483256,0.514907579638526,0.1365731,0.7837585,1.0
OPCs,Neurons,Sema5a,Plxna3,0.64162225,0.10493173,0.8263857874515437,0.8148666195038895,0.15105861,0.7788288,1.0
OPCs,Neurons,Sema5b,Plxna1,0.46313623,0.11258087,1.4062491689975913,0.9017386551511221,0.34428924,0.7848294,1.0
OPCs,Neurons,Sema5b,Plxna3,0.43507543,0.06867266,1.3456147500589408,0.8372373563885244,0.22191373,0.7401743,1.0
OPCs,Neurons,Timp2,Itgb1,0.28804472,0.08184248,0.034189085929196256,-0.13665854936838345,0.021821246,0.75668633,1.0
OPCs,Neurons,Timp3,Ddr1,0.32062018,0.08878623,0.13062507533257592,-0.21788696481087177,0.024663817,0.76410437,1.0
OPCs,Neurons,Trf,Tfrc,0.2911359,0.077169545,-0.17008007393996655,-1.260218732408,0.018275537,0.75123346,1.0
OPCs,Neurons,Vcl,Alk,0.33655006,0.10185305,0.2898184779522801,0.43744115183661225,0.0338516,0.77625334,1.0
OPCs,Neurons,Vegfa,Gpc1,0.36273876,0.116768464,0.48268192712811253,0.49845265773847297,0.109899394,0.78789705,1.0
Neurons,OPCs,Lamc1,Dag1,0.31306595,0.083735414,0.2714290305354359,0.1801358523782993,0.02433565,0.75878507,1.0
Neurons,OPCs,Lamc1,Itga9_Itgb1,0.2986923,0.07817026,0.17697067752554688,0.07329581940640931,0.018570136,0.75243545,1.0
Neurons,OPCs,Lamc1,Itgav_Itgb8,0.3808286,0.10997154,0.29404315471210113,0.18368118041523626,0.02744978,0.7828427,1.0
Pericytes,Microglia,Col4a1,Cd47,0.3304686,0.10772708,0.5011301978560319,0.5289354176810777,0.09551301,0.7810849,1.0
Pericytes,Microglia,Col4a3,Cd47,0.3357907,0.11165448,1.1334880482704723,0.6094334892604567,0.16104224,0.7841309,1.0
Pericytes,Microglia,Col4a4,Cd47,0.29143557,0.078923,0.6329250600355409,0.4224157608469108,0.13494068,0.75332695,1.0
Pericytes,Microglia,Col4a4,Itga9_Itgb1,0.3520984,0.10487462,0.8934203524157256,0.7961364234215047,0.16949375,0.7787819,1.0
Pericytes,Microglia,Col4a5,Cd47,0.33807278,0.113338515,0.5900678788494762,0.6026489605769663,0.08438592,0.78539515,1.0
Neurons,OPCs,Lrpap1,Ldlr,0.30705178,0.08561918,0.1779247957469026,0.12661249560397186,0.045620058,0.76081514,1.0
Neurons,OPCs,Lrpap1,Vldlr,0.30566022,0.084505625,0.12503372714984815,0.032257713368641194,0.07743908,0.759622,1.0
Neurons,OPCs,Mif,Ackr3,0.30589384,0.06826583,0.3986332207317996,0.010410028130471594,0.05433028,0.73960257,1.0
Neurons,OPCs,Nampt,Insr,0.36497632,0.09866928,0.1670715637057353,0.10007275413965355,0.040847335,0.7734834,1.0
Neurons,OPCs,Psen1,Notch1,0.32885775,0.101442344,0.6618100984323149,0.36070711133624317,0.059931573,0.7759023,1.0
Neurons,OPCs,Gnai2,Adcy8,0.3540727,0.08548012,0.0899796299694537,-0.10057854876958666,0.017440956,0.7606672,1.0
Neurons,OPCs,Gnai2,Adcy9,0.28832498,0.06518321,0.0416174159466797,-0.15027106325725437,0.014717419,0.7351284,1.0
Pericytes,Microglia,Col4a6,Cd47,0.32954288,0.107043944,0.9209907010520721,0.6326102553384921,0.13231441,0.78054047,1.0
Pericytes,Microglia,Cxcl12,Grm7,0.3085722,0.09514009,0.46383772591074,-0.4522446937824156,0.034290407,0.7702767,1.0
Pericytes,Microglia,Dcn,Erbb4,0.28664023,0.08210688,0.186144395631539,-0.2469221956761053,0.018358195,0.7569831,1.0
Pericytes,Microglia,Dcn,Tlr4,0.26684248,0.07046157,1.312845279050834,1.1563339839634275,0.44428775,0.7426395,1.0
Pericytes,Microglia,Fgf1,Fgfr2,0.35315403,0.106256,-0.2341404458305302,-0.4974577903354626,0.0153128,0.77990705,1.0
Pericytes,Microglia,Fgf1,Nrp1,0.35979474,0.10914178,0.26308740548549325,0.4705411457620766,0.041171085,0.78219825,1.0
Neurons,OPCs,Hras,Insr,0.372728,0.10720886,0.16934811862938087,0.12227776086089237,0.055175014,0.7806723,1.0
Neurons,OPCs,Inha,Acvr1,0.28192675,0.0709132,0.3606134026964291,0.2869610642110447,0.123901084,0.7432496,1.0
Neurons,OPCs,Jam3,Itgb1,0.28744027,0.069083214,0.013788451599579005,-0.36900038089375514,0.019895332,0.74074703,1.0
Neurons,OPCs,L1cam,Ephb2,0.25758,0.06610286,0.280672222496506,0.2977813846877254,0.13805173,0.73649013,1.0
Neurons,OPCs,Apoe,Lrp4,0.31789997,0.09935091,0.0811819270038662,-0.6974415209336287,0.01291052,0.77408594,1.0
Neurons,OPCs,Apoe,Sdc2,0.3408048,0.11201975,0.01420962282103616,-0.6985344553956773,0.005527527,0.7844072,1.0
Pericytes,Microglia,Gpi1,Amfr,0.26164645,0.06772742,-0.05196196080771,-0.18423252680645613,0.022997543,0.7388393,1.0
Pericytes,Microglia,H2-K1,Aplp2,0.33691847,0.102429524,0.15799319305992243,0.05909244327179208,0.016591806,0.7767431,1.0
Pericytes,Microglia,Hsp90b1,Tlr4,0.35609117,0.11322562,0.7889659137136337,0.485682018087793,0.11102409,0.78531116,1.0
Neurons,OPCs,Col4a1,Itgav_Itgb8,0.34220392,0.06608859,0.4257480894081743,0.37153517131878305,0.058195997,0.7364692,1.0
Neurons,OPCs,Col4a2,Itga9_Itgb1,0.33038932,0.10376854,0.3885180730144285,0.3578151947787626,0.05877262,0.7778672,1.0
Neurons,OPCs,Fam3c,Lamp1,0.42726913,0.11010065,0.06048510930460484,-0.20679052121636163,0.03301255,0.7829424,1.0
Neurons,OPCs,Fam3c,Lifr,0.28844756,0.06620848,0.24093666141108938,0.1819684908128272,0.03761019,0.73664504,1.0
Neurons,OPCs,Farp2,Plxna2,0.29718256,0.076806344,0.14070973350173674,0.12823348986095626,0.04974114,0.7507924,1.0
Neurons,OPCs,Fbn1,Itgb1,0.28225118,0.06489256,0.3258793651646792,0.29061888022522603,0.04156958,0.7346931,1.0
Neurons,OPCs,Fgf10,Fgfr2,0.40486193,0.08507935,0.017137714722067376,-0.2615782139540107,0.105373435,0.7602392,1.0
OPCs,Neurons,Vegfa,Nrp2,0.37003535,0.123837985,0.46482804002510425,0.4849031677248816,0.0651391,0.7927671,1.0
OPCs,Neurons,Vegfa,Sirpa,0.37284034,0.12655565,0.3946937124355576,0.28061911187147015,0.023982884,0.7945446,1.0
OPCs,OPCs,Actr2,Ldlr,0.2547163,0.06322128,0.003981018417813266,-0.1592795185249104,0.021159206,0.7321424,1.0
OPCs,OPCs,Adam17,Itgb1,0.33357173,0.10633864,0.27094817046667474,0.2744098445032097,0.034616288,0.77997375,1.0
OPCs,OPCs,Adam17,Notch1,0.33704484,0.1081679,0.7297204793308034,0.5170228731063293,0.055377632,0.7814338,1.0
Oligodendrocytes,Oligodendrocytes,Arf1,Insr,0.2674713,0.06789072,-0.0648490017741217,0.07813545630154078,0.01631161,0.7390716,1.0
Oligodendrocytes,Oligodendrocytes,Calr,Itgav,0.34356374,0.11602814,-0.008800926150430842,0.21127157242998562,0.013813189,0.78736514,1.0
OPCs,OPCs,Adam9,Itgb1,0.3540048,0.12284022,0.3584648792440669,0.3711866235463299,0.05970845,0.7921018,1.0
OPCs,OPCs,Arf1,Insr,0.36546677,0.09920959,0.07324890249398643,-0.06364615572092358,0.023836372,0.7739615,1.0
OPCs,OPCs,Bmp1,Bmpr1a,0.3626511,0.10022024,0.32226623029954515,0.31697867130722734,0.054544896,0.7748468,1.0
OPCs,OPCs,Bmp1,Bmpr2,0.36910963,0.10261952,0.24228496843792668,0.2114910894385924,0.047437727,0.77690375,1.0
OPCs,OPCs,Bmp7,Acvr1_Bmpr2,0.2865951,0.074409775,0.7073152892556773,0.40376674916815314,0.09225058,0.747815,1.0
OPCs,OPCs,Bmp7,Bmpr1a_Bmpr2,0.3691243,0.10720555,0.740232615049991,0.4378909083748617,0.08854631,0.7806696,1.0
OPCs,OPCs,Cd47,Sirpa,0.29345798,0.07923365,0.012601143655037634,-0.19749787874570823,0.013635446,0.75369173,1.0
Neurons,OPCs,Actr2,Ldlr,0.35801375,0.107429296,0.14912355369031027,-0.0007432964412887877,0.03595496,0.7808481,1.0
Neurons,OPCs,Adam15,Itgb1,0.33121848,0.104438156,0.2633382918271357,0.2419955724102999,0.04575644,0.7784224,1.0
Neurons,OPCs,Adam17,Itgb1,0.2804672,0.06345185,0.1597752577908199,0.058519366024346625,0.020655401,0.73249924,1.0
Neurons,OPCs,Adam17,Notch1,0.28394032,0.06454336,0.6185475666549486,0.3011323946274663,0.03304361,0.73416686,1.0
Neurons,OPCs,Adam9,Itgb1,0.2831798,0.06564249,0.1966227995137954,0.14261839211551086,0.03190658,0.7358114,1.0
Neurons,OPCs,Adcyap1,Adcyap1r1,0.3007532,0.06917031,0.47448952756689544,0.45574206309726717,0.20535515,0.74086803,1.0
Neurons,OPCs,Agrn,Atp1a3,0.36853865,0.12868148,-0.07645244396676634,-0.6420698882996058,0.02107073,0.79590094,1.0
Pericytes,Microglia,Il18,Il1rapl1,0.30369475,0.09037723,-0.3833790771801342,-0.8871719576089705,0.0054462487,0.7657013,1.0
Pericytes,Microglia,Il18,Il1rl2,0.30132866,0.08914379,1.1124349238160913,0.6063898390455118,0.12647298,0.7644664,1.0
Pericytes,Microglia,Jam3,Itgam_Itgb2,0.2778123,0.07679646,0.7734540222419706,0.343357853902005,0.15512821,0.75078034,1.0
Neurons,OPCs,Agrp,Sdc3,0.40080586,0.082835056,0.7852729522434774,0.6541672469640235,0.11691792,0.7577943,1.0
Neurons,OPCs,Apoe,Abca1,0.2977625,0.088212706,-0.0446464594725941,-0.8255296021720651,0.0057453313,0.7635198,1.0
Neurons,Neurons,Slit2,Plxna1,0.44091552,0.10618593,0.4745402346044969,0.7402504270809972,0.22987983,0.7798504,1.0
Neurons,Neurons,Spon1,Lrp8,0.31437662,0.089322925,0.35098678002091904,0.27453088211929133,0.032376505,0.76464707,1.0
Neurons,Neurons,Timp2,Itga3,0.31100547,0.063879035,0.2678858332072701,0.15414954130858086,0.14716084,0.7331561,1.0
Neurons,Neurons,Trf,Tfrc,0.27790365,0.06715909,-0.17820547397268727,-1.5259478170047691,0.015904829,0.7380255,1.0
Pericytes,Microglia,Lgi1,Adam22,0.38078272,0.11007014,-0.07853945147377064,-0.06637243982367802,0.009859666,0.7829189,1.0
Pericytes,Microglia,Lrpap1,Sorl1,0.25852433,0.0667857,-0.04881660297316778,-0.0755038586818701,0.021565871,0.7374862,1.0
Pericytes,Microglia,Lrpap1,Sort1,0.3398292,0.10768454,-0.005564250350219489,-0.004011550053982127,0.037425842,0.7810511,1.0
Pericytes,Microglia,Megf10,Abca1,0.35652867,0.10133949,0.25610828723053686,0.3016748299211783,0.030670334,0.77581406,1.0
Neurons,Neurons,Vcl,Alk,0.3419841,0.10667177,0.3008291486314304,0.355904918419748,0.035453137,0.780242,1.0
Neurons,Neurons,Vegfa,Ephb2,0.3055712,0.078670666,0.31127586127880175,0.16143421662697766,0.050832726,0.7530293,1.0
Neurons,Neurons,Vegfa,Nrp1,0.33419693,0.08922296,0.2663274724171231,0.20318142686306784,0.024819346,0.7645463,1.0
Neurons,Neurons,Vegfb,Nrp1,0.3344026,0.08942207,0.2960856176429042,0.2794299002367413,0.05421596,0.7647469,1.0
Neurons,Neurons,Ptn,Sdc2,0.3391109,0.11242757,-0.07026735774990635,-0.6710856954566475,0.007294201,0.7847143,1.0
Neurons,Neurons,Reln,Lrp8,0.31909385,0.09320893,0.4486513540896162,0.5827390303607987,0.17166021,0.76845735,1.0
Neurons,Neurons,Rgmb,Bmpr2,0.43915287,0.116153054,0.2462237306862989,0.14853254184652048,0.051865235,0.78745514,1.0
Neurons,Neurons,Rgmb,Neo1,0.3800268,0.0969724,0.009278658488507521,-0.35970967259183234,0.04358535,0.7719601,1.0
Pericytes,Microglia,Nrxn2,Nlgn1,0.33101475,0.099435166,-0.4741597734061481,-0.9828556329650389,0.0028149015,0.77416,1.0
Pericytes,Microglia,Rarres2,Cmklr1,0.34799528,0.11472841,2.11217346536605,1.188579866072532,0.7548089,0.7864206,1.0
Neurons,Neurons,Sema3a,Nrp1_Plxna2,0.3321991,0.08728873,0.40615445137604145,0.5381645289712559,0.13124453,0.7625679,1.0
Neurons,Neurons,Sema3a,Nrp1_Plxna4,0.3321991,0.08728873,0.40615445137604145,0.5381645289712559,0.13124453,0.7625679,1.0
Neurons,Neurons,Sema3c,Nrp1_Plxna2,0.3226327,0.07802694,0.305485063746766,0.29742192951620194,0.058583785,0.7522645,1.0
Neurons,Neurons,Sema3c,Nrp1_Plxna4,0.3226327,0.07802694,0.305485063746766,0.29742192951620194,0.058583785,0.7522645,1.0
Neurons,Neurons,Sema3e,Nrp2,0.2596948,0.06742489,0.3298835303236798,0.3869675017815801,0.08283596,0.7384072,1.0
Neurons,Neurons,Sema6b,Plxna2,0.41877767,0.09452788,0.46973845546898485,0.4976638025126149,0.15539269,0.76970506,1.0
Neurons,Neurons,Serpine2,Lrp1,0.38579148,0.099971674,0.13273615632727864,-0.17806650762009935,0.005023094,0.77463007,1.0
Neurons,Neurons,Gnai2,Igf1r,0.4463145,0.113956004,0.00463132746915719,-0.44858571776267014,0.013923846,0.7858527,1.0
Neurons,Neurons,Gpc3,Lrp1,0.39976543,0.11693167,0.33264079579877615,0.23590602719672377,0.035600338,0.78801376,1.0
Neurons,Neurons,Hras,Insr,0.3413838,0.09500754,0.12475517598579869,-0.0865521490299847,0.048895605,0.77015334,1.0
Neurons,Neurons,Inha,Acvr1,0.2721636,0.06721579,0.34261594910893556,0.19195463431180745,0.117440894,0.7381071,1.0
Neurons,Neurons,Inha,Tgfbr3,0.26418605,0.06419461,0.4355125961934826,0.33947258845886963,0.1624058,0.73363787,1.0
Neurons,Neurons,L1cam,Ephb2,0.35002357,0.11661766,0.48751620807064366,0.4667765239732658,0.24354877,0.78778905,1.0
Neurons,Neurons,L1cam,Ptprz1,0.3324374,0.10700788,0.2335945154746904,-0.058850576533117704,0.030128095,0.7805116,1.0
Neurons,Neurons,Lamc1,Dag1,0.28092292,0.071290374,0.20578461025603187,0.039359010984051396,0.020718804,0.7437554,1.0
Neurons,Neurons,Lgi3,Flot1,0.28028312,0.07002497,0.06486271838252855,-0.17335992545498807,0.09383007,0.74204504,1.0
Neurons,Neurons,Lrpap1,Ldlr,0.28460023,0.06765259,0.13502625232814258,0.0105923567890093,0.036047004,0.73873264,1.0
Neurons,Neurons,Lrrc4b,Ptprf,0.34574217,0.11766062,0.15567826180041877,0.007152725872921817,0.07194756,0.7885323,1.0
Neurons,Neurons,Nampt,Insr,0.3336321,0.08743984,0.12247862106215315,-0.10875715575122352,0.03619854,0.76272446,1.0
Neurons,Neurons,Nrg2,Lrrtm2,0.4209266,0.0811296,0.48884868071584325,0.5547848901284427,0.14912473,0.75588006,1.0
Neurons,Neurons,Omg,Lingo1,0.27697995,0.07314667,0.21073333945689143,0.03687130872536484,0.071273446,0.7461972,1.0
Neurons,Neurons,Penk,Oprl1,0.33106005,0.07621933,0.3279301215864091,0.5085294308805869,0.2197952,0.7500739,1.0
Neurons,Neurons,Ptn,Ncl,0.3410205,0.11391624,-0.14972138407251115,-0.8305666444493809,0.012213234,0.78582335,1.0
Neurons,Neurons,Col4a1,Cd47,0.37288165,0.07322662,0.2990377780712171,0.18234974387881836,0.0649242,0.74630064,1.0
Neurons,Neurons,Efna5,Ephb6,0.5309609,0.11166636,0.5512831715345341,0.8352544414859754,0.29636294,0.7841399,1.0
Neurons,Neurons,Efnb2,Ephb1,0.3284115,0.06451552,0.11448088376325014,-0.20859593841474477,0.12282907,0.7341248,1.0
Neurons,Neurons,Efnb2,Grm1,0.47240457,0.099140756,0.5215923690000508,0.7645995907636319,0.27164793,0.77390075,1.0
Pericytes,Microglia,Trf,Adrb2,0.26581603,0.0705667,0.554038484693621,-0.8779283095448208,0.0678758,0.74278194,1.0
Neurons,Neurons,Fam3c,Lamp1,0.29732257,0.06901456,-0.06302389750985053,-0.4742731136126811,0.020693308,0.74065155,1.0
Neurons,Neurons,Fgf1,Fgfr1,0.28805968,0.070391044,0.16093819076955365,0.004528923874890178,0.033734538,0.74254376,1.0
Neurons,Neurons,Fgf1,Nrp1,0.32997268,0.085133225,0.2121015847059389,0.15812119680669195,0.032114435,0.7602969,1.0
Neurons,Neurons,Fgf10,Fgfr2,0.45716843,0.0980606,0.06321328887599555,-0.4490722320148772,0.12145111,0.7729409,1.0
Neurons,Neurons,Fgf9,Fgfr1,0.28947705,0.071525656,0.36353684376947826,0.32294428240287204,0.192098,0.7440692,1.0
Neurons,Neurons,Fstl1,Dip2a,0.3090178,0.087230794,-0.0005693457340001651,-0.43295220804021123,0.033289835,0.7625078,1.0
Neurons,Neurons,Gnai2,Adcy9,0.38919684,0.09632326,0.2003814084443264,-0.014109903885187625,0.02174839,0.7713684,1.0
OPCs,OPCs,Col9a3,Itga9_Itgb1,0.31990793,0.09530386,0.47833518266513386,0.43252934384384245,0.092119604,0.77042884,1.0
OPCs,OPCs,Cthrc1,Fzd3,0.3382653,0.10689847,0.6503404142815796,0.5152447388265646,0.1265929,0.780424,1.0
OPCs,OPCs,Entpd1,Adora1,0.281185,0.07902284,0.4232736002269164,0.31923873036466976,0.043640677,0.7534444,1.0
OPCs,OPCs,Fam3c,Lifr,0.3551796,0.12210413,0.41497392934708766,0.3502813787185647,0.06936211,0.7916065,1.0
OPCs,OPCs,Farp2,Plxna2,0.2995377,0.07871151,0.1460490502245606,0.20301517408975644,0.05097496,0.75307757,1.0
Oligodendrocytes,OPCs,Sparc,Fgfr1,0.2808707,0.06587256,-0.03109455312768123,0.07672057039766839,0.007812609,0.73615134,1.0
Oligodendrocytes,OPCs,Timp2,Itgb1,0.33913878,0.11083453,0.12122114565209977,0.18869161331350698,0.029551247,0.7835064,1.0
Oligodendrocytes,OPCs,Ybx1,Notch1,0.31138086,0.087085344,0.5935753670871409,0.5361954719041632,0.037944064,0.76235664,1.0
Oligodendrocytes,Oligodendrocytes,Adam10,Tspan14,0.35802525,0.102982305,0.04562727497425034,0.4083988403460819,0.030512746,0.7772094,1.0
Oligodendrocytes,Oligodendrocytes,Agrn,Atp1a3,0.34393644,0.10318096,-0.18420497580627684,-0.35280319263378196,0.01689519,0.77737623,1.0
OPCs,OPCs,Fstl5,Chl1,0.3486213,0.12035771,-0.03788452841460594,-0.20954340332574495,0.022857748,0.7904157,1.0
OPCs,OPCs,Gas6,Mertk,0.39207056,0.10198005,0.38099067392940994,0.2361204171242558,0.019466562,0.7763616,1.0
Neurons,Neurons,Actr2,Ldlr,0.33556223,0.084886,0.10622501027155026,-0.11676343525625135,0.028410062,0.76003176,1.0
Neurons,Neurons,Adam10,Tspan12,0.30928445,0.06931113,0.10137649554635109,-0.22401580329847698,0.034425166,0.7410632,1.0
Neurons,Neurons,Adam10,Tspan17,0.3195258,0.078970745,0.057252310341824306,-0.23883649916899122,0.061357845,0.7533831,1.0
Neurons,Neurons,Adam15,Itgb1,0.29013023,0.08318397,0.190152306495242,0.04282932168096609,0.036444556,0.75817984,1.0
Pericytes,Neurons,Adam10,Tspan12,0.29144067,0.0640661,0.07977483639382024,-0.005999133434138201,0.031820085,0.733442,1.0
Pericytes,Neurons,Adam10,Tspan17,0.30168203,0.07299474,0.03565065118929347,-0.020819829304652454,0.056714673,0.7460003,1.0
Pericytes,Neurons,Agrn,Itgb1,0.3610369,0.12879393,0.17267351467549788,0.14453653199702543,0.028907834,0.7959719,1.0
Neurons,Neurons,Apoe,Lrp6,0.34262156,0.11302462,-0.1045462889093114,-0.9798051843523029,0.0054397727,0.7851614,1.0
Neurons,Neurons,Apoe,Lrp8,0.3442243,0.113911115,0.09736211003174647,-0.6817125054571516,0.015330766,0.78581953,1.0
Neurons,Neurons,Apoe,Sdc2,0.28249156,0.079766236,-0.1012341027173858,-0.9312449271827041,0.003936003,0.75431305,1.0
Neurons,Neurons,Calr,Itga3,0.32680094,0.06797867,0.2551589512756598,0.13846749756763113,0.10014122,0.7391964,1.0
Neurons,Neurons,Cntn2,Nrp1,0.36555132,0.11957896,0.0895861644240104,-0.32653050652977544,0.057019856,0.7898776,1.0
Neurons,Neurons,Col11a1,Ddr1,0.38455832,0.11464943,0.14724157740660396,-0.0019095253286883773,0.04830778,0.78636277,1.0
Neurons,Microglia,Sema4d,Plxnb2,0.31177595,0.09720295,0.49029046400285753,0.21791905385887544,0.088859305,0.77216905,1.0
Neurons,Microglia,Sirpa,Cd47,0.31510615,0.096390516,0.05374594820842668,-0.05306985126701019,0.016588,0.77142996,1.0
Neurons,Microglia,Slit3,Robo1,0.2635792,0.06941149,-0.1384125038880297,-0.46641790857545884,0.021457039,0.741202,1.0
Neurons,Microglia,Slitrk1,Ptprs,0.33768302,0.11165183,0.13649255906762298,0.055784895687306074,0.038762726,0.7841289,1.0
Neurons,Microglia,Slitrk3,Ptprs,0.27813354,0.06562628,0.07947142443309296,-0.021930537869613353,0.030139565,0.7357874,1.0
Neurons,Microglia,Snca,Lag3,0.30580017,0.089356996,0.9984906444772584,0.5572227248455126,0.31796387,0.7646814,1.0
Neurons,Microglia,Spp1,Itga9_Itgb1,0.34621525,0.09910563,0.2892022393417976,0.6697265631501856,0.06021629,0.7738697,1.0
Neurons,Microglia,Spp1,Itgav_Itgb1,0.34621525,0.09910563,0.2892022393417976,0.6697265631501856,0.06021629,0.7738697,1.0
Neurons,Microglia,Vegfa,Itga9,0.35504425,0.09690789,0.5750930167061388,0.4981716354256359,0.019560454,0.77190155,1.0
Neurons,Microglia,Vegfa,Itgb1,0.3373056,0.09036891,0.25997668895576,0.25739314331489227,0.021084094,0.765693,1.0
Neurons,Microglia,Vegfa,Nrp1,0.3433122,0.09258313,0.28253909326017657,0.3451369133018736,0.025754053,0.7678575,1.0
Neurons,Microglia,Vegfb,Nrp1,0.34351787,0.09278973,0.3122972384859576,0.4213853866755471,0.056257755,0.7680561,1.0
Neurons,Microglia,Lrpap1,Sorl1,0.33282644,0.106245086,0.07583670314427259,0.05638863185488352,0.03430776,0.7798982,1.0
Neurons,Microglia,Nampt,Insr,0.3637915,0.09824481,0.16538587571869948,0.2503116872625576,0.040671606,0.7731055,1.0
Neurons,Microglia,Nlgn3,Nrxn1,0.39344043,0.117749274,-0.14226227405080333,-0.6572345607504859,0.008474029,0.78859514,1.0
Neurons,Microglia,Omg,Tnfrsf1b,0.27317965,0.07149567,0.8512007815984969,0.36903023778226585,0.14369829,0.74402934,1.0
Neurons,Microglia,Ptn,Ncl,0.29748318,0.07997518,-0.21580928785343798,-0.8385428321647224,0.008574331,0.75455534,1.0
Neurons,Microglia,Ptn,Plxnb2,0.35135335,0.121971585,0.3279744892162551,-0.24630035378777426,0.027073156,0.7915169,1.0
Neurons,Microglia,Rgmb,Bmpr2,0.415869,0.10859971,0.2150926255444867,0.33244333575726653,0.048492476,0.7817738,1.0
Neurons,Microglia,Sema3a,Nrp1_Plxna4,0.34131438,0.090576045,0.4223660722190949,0.6801200154100617,0.13618724,0.76589835,1.0
Neurons,Microglia,Sema3c,Nrp1_Plxna4,0.33174798,0.08096546,0.32169668458981937,0.4393774159550077,0.060790073,0.7556932,1.0
OPCs,OPCs,Gnai2,Adcy9,0.35469347,0.12123744,0.1539462792182183,0.06747779943119209,0.02737365,0.7910183,1.0
OPCs,OPCs,Gnai2,Adora1,0.28089154,0.07886162,0.18505585869402968,0.08088349115832377,0.043760594,0.75325465,1.0
OPCs,OPCs,Gnai2,Cav1,0.2820549,0.0795296,0.7748356151223427,0.31604575540019497,0.1006728,0.7540376,1.0
OPCs,OPCs,Gnai2,Ednrb,0.33257067,0.10853491,0.5420849686350252,0.34608695814387547,0.049092975,0.7817229,1.0
Oligodendrocytes,OPCs,Psen1,Notch1,0.29755488,0.075727515,0.6019259778338514,0.4748840716805495,0.044739395,0.74946666,1.0
Oligodendrocytes,OPCs,Rgma,Bmpr2,0.37091416,0.10461343,0.10390873002893451,0.18426338917517635,0.017442819,0.778567,1.0
Oligodendrocytes,OPCs,Rims2,Abca1,0.3420837,0.11648704,-0.03781507014164395,-0.7294920206282606,0.011478212,0.78769535,1.0
OPCs,OPCs,Jag1,Notch1,0.29333723,0.072262764,0.9581333141297543,0.651058308830467,0.06708321,0.74504423,1.0
OPCs,OPCs,L1cam,Fgfr2,0.4255199,0.113407046,-0.08605974093022314,-0.3538285160423801,0.03895334,0.7854461,1.0
OPCs,OPCs,Lrpap1,Ldlr,0.27779204,0.07309696,0.12883716441181936,0.018658289141171513,0.038947903,0.74613285,1.0
OPCs,OPCs,Lrpap1,Vldlr,0.2764005,0.07214627,0.07594609581476491,-0.07569649309415916,0.06611323,0.744891,1.0
OPCs,OPCs,Mdk,Ncl,0.26005292,0.067614324,0.31111087543722205,0.08441505135947888,0.052139454,0.7386781,1.0
OPCs,OPCs,Mdk,Sdc2,0.33073792,0.10386447,0.5276871864363606,0.5011545217919017,0.04846795,0.77794707,1.0
OPCs,OPCs,Nrg2,Nrp2,0.34986424,0.11633855,0.2987758649748138,0.35243036458308774,0.07156051,0.78758866,1.0
Neurons,Microglia,Gnai2,Igf1r,0.36358985,0.088418156,-0.08421325336190108,-0.264039050060295,0.010803474,0.76372975,1.0
Neurons,Microglia,Gpc3,Igf1r,0.382757,0.110377,0.12430640738498594,0.162646331104564,0.03798155,0.7831554,1.0
Neurons,Microglia,Hras,Insr,0.37154317,0.10674765,0.167662430642345,0.2725166939837964,0.05493765,0.780303,1.0
Neurons,Microglia,Hspa4,Tlr4,0.31478947,0.09343565,0.8886278944000047,0.48580588324693996,0.17523757,0.7686734,1.0
Neurons,Microglia,Inha,Acvr1,0.33052015,0.089316025,0.4501925930058962,0.5201514946628079,0.1560549,0.76464015,1.0
Neurons,Microglia,Jag2,Notch2,0.3497217,0.08350455,0.759550511961271,0.7517597248434169,0.21687764,0.7585323,1.0
Neurons,Microglia,Jam3,Itgb1,0.33069035,0.08388205,0.09082486505448611,-0.16729197933650253,0.024157261,0.7589451,1.0
Neurons,Microglia,L1cam,Cntn1,0.26135343,0.0681648,-0.05533310364648225,-0.4201855504042052,0.015365059,0.73945993,1.0
Neurons,Microglia,Lamc1,Itga6_Itgb1,0.34194237,0.0949157,0.254007090980454,0.27500422096366195,0.022548184,0.77006775,1.0
Neurons,Microglia,Lamc1,Itga9_Itgb1,0.34194237,0.0949157,0.254007090980454,0.27500422096366195,0.022548184,0.77006775,1.0
Neurons,Microglia,Lgi1,Adam22,0.3565593,0.10067632,-0.11297427924721865,-0.45252579356811307,0.009018203,0.7752426,1.0
Neurons,Microglia,Lgi3,Adam22,0.28328025,0.07225878,-0.3029103119760994,-0.75463500299812,0.018765502,0.74503905,1.0
Neurons,Microglia,Lin7c,Abca1,0.332491,0.07648123,0.42016404251274814,0.5370203410904881,0.062101323,0.75039536,1.0
Neurons,Microglia,Fam3c,Lifr,0.30684382,0.07202495,0.2714597702283825,0.3852165347327623,0.040914282,0.74473107,1.0
Neurons,Microglia,Fbn1,Itgb1,0.3255013,0.07879368,0.40291577861958633,0.49232728178247864,0.050474513,0.75317454,1.0
Neurons,Microglia,Fgf1,Fgfr2,0.33244726,0.08600361,-0.2689146457670311,-0.6679222528520414,0.012394181,0.76122254,1.0
Neurons,Microglia,Fgf1,Nrp1,0.33908796,0.088339366,0.22831320554899232,0.30007668324549774,0.033323877,0.76364934,1.0
Neurons,Microglia,Fgf9,Fgfr2,0.33386463,0.08738988,-0.06631599276710654,-0.3495068943240596,0.07057744,0.7626727,1.0
Neurons,Microglia,Gnai2,Adcy7,0.29235464,0.0664272,0.6629286982366308,0.39461957777266427,0.06128063,0.7369648,1.0
Pericytes,Neurons,Cspg4,Itga3_Itgb1,0.38805562,0.08387703,1.1113974919958705,1.0593369823131964,0.15931064,0.7589397,1.0
Pericytes,Neurons,Cthrc1,Fzd3,0.26293314,0.068968065,0.42708393881334683,0.4764247215387738,0.081674404,0.7405869,1.0
Pericytes,Neurons,Cxcl12,Itgb1,0.3194753,0.10205987,0.9286617019297829,0.6224110829446039,0.12299743,0.7764295,1.0
Pericytes,Neurons,Fgf1,Fgfr1,0.30876645,0.08696693,0.1957123907060546,0.17499338639146905,0.04167845,0.7622334,1.0
Pericytes,Neurons,Fgf1,Nrp1,0.35067946,0.10518065,0.24687578464243984,0.32858565932327083,0.03967684,0.77903277,1.0
Pericytes,Neurons,Fgf1,Tgfbr3,0.2781484,0.073661566,0.2133371553414488,0.19685401551685336,0.039814197,0.74686086,1.0
Neurons,Microglia,Apoe,Lrp5,0.3174701,0.099113144,0.5146808268110937,-0.43861370848440817,0.015404151,0.77387637,1.0
Neurons,Microglia,Apoe,Lrp6,0.31578308,0.09818005,-0.1492163804683722,-0.8305578537626337,0.0047253165,0.7730477,1.0
Neurons,Microglia,Apoe,Sorl1,0.27104372,0.07343434,-0.27889813280838,-1.0550755729660186,0.004256821,0.74656874,1.0
Pericytes,Neurons,Fgfr3,Epha4,0.37255013,0.13569337,0.4594440334208216,0.5309503436226418,0.046259556,0.8001765,1.0
Pericytes,Neurons,Fn1,Sdc2,0.27294934,0.07426172,0.6163677355357292,0.5254565719490716,0.08150693,0.74762714,1.0
Pericytes,Neurons,Gnai2,Adora1,0.31530142,0.07938532,0.23037467328767952,0.26572707959741987,0.044051196,0.75386924,1.0
Pericytes,Neurons,Gnai2,Cnr1,0.32782584,0.09082832,0.39262228707504465,0.4929285590517568,0.14552285,0.7661476,1.0
Pericytes,Neurons,Gnai2,Oprm1,0.36126846,0.12138333,0.44676464233317115,0.5712552385297707,0.14743605,0.7911177,1.0
Pericytes,Neurons,Gnai2,Ptpru,0.3155864,0.079645686,0.4075404127156834,0.4696452241293872,0.116638735,0.75417286,1.0
Neurons,Microglia,Ccl25,Grm7,0.29069844,0.0844225,-0.2205702705509304,-0.9873846293788722,0.011202078,0.75953215,1.0
Neurons,Microglia,Cgn,Tgfbr2,0.61153764,0.11469043,1.7956791462954353,1.3345723023833895,0.45970413,0.78639275,1.0
Neurons,Microglia,F8,Lrp1,0.5084448,0.07279256,0.43592302324101556,0.5871715572613585,0.050352644,0.74573743,1.0
OPCs,OPCs,Psen1,Notch1,0.31076854,0.08658234,0.62720433287369,0.4340687071650469,0.051152363,0.7618315,1.0
Oligodendrocytes,OPCs,Nrg3,Erbb3,0.3622404,0.10923072,-0.1376139631741322,-1.1333256323433982,0.035316944,0.78226763,1.0
OPCs,OPCs,S100a1,Ryr2,0.31062338,0.096432865,0.015589613645843381,-0.44554172932931,0.0374064,0.77146864,1.0
OPCs,OPCs,Sema3e,Nrp2,0.35341957,0.118272476,0.5517993209107496,0.5513653265054448,0.14530559,0.78896445,1.0
OPCs,OPCs,Sirpa,Cd47,0.29345798,0.07923365,0.012601143655037634,-0.19749787874570823,0.013635446,0.75369173,1.0
OPCs,OPCs,Tgfa,Erbb3,0.3815337,0.11748667,0.5220909187644637,0.4730599692036602,0.2406116,0.788409,1.0
OPCs,OPCs,Timp2,Itgb1,0.32913297,0.102753915,0.10737507126108993,0.06250770136095035,0.027396753,0.7770172,1.0
OPCs,OPCs,Timp3,Ddr1,0.36988202,0.13203698,0.1913494364191743,0.04837852539771542,0.036678392,0.79798377,1.0
OPCs,OPCs,Vegfa,Ephb2,0.3631897,0.11720536,0.3995933323561994,0.462449295033179,0.07573176,0.7882089,1.0
OPCs,OPCs,Vegfa,Sirpa,0.34746373,0.101968825,0.3485723644761477,0.28277670699707746,0.019323567,0.776352,1.0
OPCs,OPCs,Ybx1,Notch1,0.3706241,0.13575275,0.6906829301231201,0.4526940503354134,0.059149,0.8002115,1.0
OPCs,Oligodendrocytes,Adam10,Tspan14,0.36494935,0.10574198,0.054008974015640844,0.14050959732356788,0.031330418,0.77949053,1.0
Neurons,Astrocytes,St6gal1,Egfr,0.41229463,0.10143475,0.7913833096310416,0.11159534900919155,0.0327101,0.7758958,1.0
Neurons,Astrocytes,Timp2,Itgb1,0.36419946,0.11624729,0.12259110157038763,0.059269460782242545,0.030994425,0.78752303,1.0
Pericytes,Neurons,Gpi1,Amfr,0.29672602,0.08798178,0.010435391109336861,-0.2518821980170788,0.029875122,0.7632831,1.0
Neurons,Astrocytes,Vcl,Itgb5,0.25450134,0.06457732,0.25928411498659126,0.13269512100857,0.01142623,0.73421824,1.0
Neurons,Astrocytes,Vegfa,Itgav,0.3751474,0.104318514,0.18226456866196483,0.048349945620497436,0.016994992,0.7783236,1.0
Neurons,Astrocytes,Ybx1,Notch1,0.36438882,0.1301072,0.6852190233286407,0.36203013889781194,0.056689166,0.7967944,1.0
Neurons,Microglia,Adam10,Tspan5,0.3490839,0.10684983,-0.236980002048136,-0.709506487128327,0.009305553,0.78038496,1.0
Neurons,Microglia,Adam17,Itgb1,0.32371733,0.07704434,0.23681167124572702,0.26022776758159927,0.025080148,0.7510817,1.0
Neurons,Microglia,Adam9,Itgb1,0.3264299,0.07970426,0.2736592129687025,0.3443267936727635,0.03874153,0.754241,1.0
Neurons,Microglia,Agrn,Atp1a3,0.34296542,0.10551047,-0.09826538023410766,-0.7619218292097093,0.017276634,0.7793021,1.0
Neurons,Astrocytes,Ptn,Ncl,0.29611677,0.07890993,-0.21788348748584874,-0.8732183641370093,0.008460123,0.7533116,1.0
Neurons,Astrocytes,Ptn,Sdc3,0.34463942,0.11673749,0.03594694855864575,-0.46873278361399257,0.010388153,0.7878749,1.0
Neurons,Astrocytes,Rgmb,Bmpr2,0.3240868,0.078825325,0.09237949601879755,0.061204004867572104,0.035197474,0.75321186,1.0
Neurons,Astrocytes,Rgmb,Neo1,0.42401636,0.11124273,0.0564142083291055,-0.024517151164878126,0.049999308,0.783818,1.0
Pericytes,Neurons,Jam3,Itgb1,0.28992802,0.08305389,-0.004528716808080202,-0.1852766134742872,0.02391876,0.7580364,1.0
Pericytes,Neurons,Kitl,Lrrn3,0.27840546,0.0724429,0.6569332110690205,0.6994578315121565,0.16293941,0.7452806,1.0
Pericytes,Neurons,Lama4,Itga3_Itgb1,0.39744964,0.0863152,1.4293927528365034,1.0381220290306965,0.28877848,0.761551,1.0
Pericytes,Neurons,Lamb2,Dag1,0.3187041,0.09911677,0.9619612092464841,0.6521986477305695,0.14471786,0.7738795,1.0
Neurons,Astrocytes,Sema3e,Nrp1,0.28983134,0.08332238,0.27699437941227284,0.3638719477071665,0.054135997,0.75833225,1.0
Neurons,Astrocytes,Sema4d,Plxnb1,0.35892302,0.12649429,0.40269142790608314,0.13149346813066592,0.087641075,0.79450506,1.0
Neurons,Astrocytes,Slc6a8,Lifr,0.3703913,0.070115514,0.3246841843671072,0.27008240153123747,0.0612173,0.7421687,1.0
Neurons,Astrocytes,Slitrk1,Enpep,0.32112074,0.10208153,0.9400501510114961,0.677052868268133,0.17357968,0.7764479,1.0
Neurons,Astrocytes,Slitrk3,Ptprs,0.3652526,0.09521527,0.1815077015231908,0.08728714085972528,0.043728624,0.7703466,1.0
Neurons,Astrocytes,Spon1,App,0.34057057,0.10068369,-0.4085266066639564,-0.9128688540186087,0.0047801547,0.775249,1.0
OPCs,Oligodendrocytes,Adam9,Itgav,0.3462935,0.11814845,0.23789619666013642,0.4398604519453245,0.04010023,0.7888771,1.0
Oligodendrocytes,OPCs,Lama2,Dag1,0.3638075,0.12763126,0.27477670670110765,0.3708874189894418,0.020484332,0.7952345,1.0
Oligodendrocytes,OPCs,Lama2,Itga9_Itgb1,0.34943384,0.11914874,0.18031835369121868,0.2640473860175518,0.015631257,0.7895783,1.0
OPCs,Oligodendrocytes,L1cam,Cd9,0.3949448,0.10329253,0.14048375627225385,0.5306799539575489,0.044364464,0.77746975,1.0
OPCs,Oligodendrocytes,L1cam,Cntn1,0.28570205,0.06715411,-0.12141515105768302,-0.5570991498750147,0.015137237,0.73801833,1.0
OPCs,Oligodendrocytes,Lama4,Itgav_Itgb8,0.33440083,0.10402687,0.7982604863762944,0.6051587397770863,0.042322855,0.77808195,1.0
OPCs,Oligodendrocytes,Lamc1,Itgav_Itgb8,0.36890587,0.12101024,0.3275422702403546,0.46956889215260184,0.030205125,0.7908632,1.0
OPCs,Oligodendrocytes,Lgi1,Adam23,0.2964784,0.0873008,-0.14640079384478227,-0.48136627025742773,0.011096921,0.7625804,1.0
OPCs,Oligodendrocytes,Lrpap1,Sorl1,0.3093006,0.09462362,0.03479920896207587,-0.04412339289729239,0.030555056,0.76979476,1.0
Neurons,Astrocytes,Lgi2,Adam22,0.3305629,0.109130815,-0.004863607279585208,-0.15966097774243104,0.055305347,0.78218967,1.0
Neurons,Astrocytes,Lgi3,Adam22,0.35754925,0.1276131,-0.22483560026258895,-0.6123345532471265,0.03314094,0.79522294,1.0
Neurons,Astrocytes,Lin7c,Abca1,0.33283883,0.07658412,0.42085638404951636,0.39418635250453016,0.062184874,0.75052124,1.0
Neurons,Astrocytes,Lrpap1,Ldlr,0.3371235,0.109683774,0.23538346942796765,0.2353315733891408,0.058442276,0.7826199,1.0
Neurons,Astrocytes,Lrpap1,Sort1,0.29186544,0.073466495,-0.031204927919174008,-0.2602450526266908,0.025533335,0.74661016,1.0
Neurons,Astrocytes,Lrrc4b,Ptprf,0.302993,0.08439605,0.0758117025390127,0.019311424058052862,0.05160681,0.7595035,1.0
Neurons,Astrocytes,Nampt,Insr,0.30927736,0.078714445,0.08783010702939817,0.0026135841434132834,0.03258638,0.753081,1.0
Pericytes,Neurons,Lamc1,Itga3_Itgb1,0.48072213,0.107928164,0.8082859322588432,1.0061263813759516,0.22153455,0.7812443,1.0
Pericytes,Neurons,Lrpap1,Lrp8,0.3317049,0.10359776,0.3274436398669587,0.2978592088269969,0.0776686,0.77772486,1.0
Pericytes,Neurons,Lrpap1,Sort1,0.3294432,0.10246006,-0.018331239392767252,-0.29690219014616137,0.03561007,0.776769,1.0
Neurons,Astrocytes,Nlgn2,Nrxn2,0.32227612,0.10148438,0.08668612339510194,-0.0532809755887691,0.023099981,0.77593833,1.0
Neurons,Astrocytes,Psen1,Notch1,0.33152676,0.10276069,0.6709412828272441,0.4158531648812737,0.06071044,0.77702284,1.0
Neurons,Astrocytes,Psen1,Notch2,0.35440373,0.11406069,0.5175524040031544,0.36662720665297527,0.06160041,0.78593,1.0
Neurons,Astrocytes,Gas6,Axl,0.26666346,0.06719863,0.5717080219076424,0.44312821657061524,0.07809085,0.7380824,1.0
Neurons,Astrocytes,Gnai2,Ednrb,0.3756224,0.09213271,0.7495039973954315,0.4328601035304403,0.041673858,0.7674225,1.0
Pericytes,Neurons,Nfasc,Cntn1_Cntnap1,0.3090189,0.09330855,-0.0871755813575017,-0.5065781199115086,0.03719535,0.76855236,1.0
Pericytes,Neurons,Nid1,Itga3,0.33081594,0.06902075,1.4704487247056726,0.9089296540766051,0.43683192,0.7406602,1.0
Neurons,Astrocytes,Gnai2,Egfr,0.41423687,0.10405335,0.9258311788166425,0.49897071153217115,0.04690097,0.77810395,1.0
Neurons,Astrocytes,Gnai2,Igf1r,0.38873836,0.09618173,-0.057204055801608034,-0.32736395584781625,0.0117520755,0.7712387,1.0
Neurons,Astrocytes,Gnai2,S1pr1,0.42223936,0.10652379,0.860182049453704,0.47251672709557585,0.051740512,0.780123,1.0
Neurons,Astrocytes,Hras,Insr,0.317029,0.08552698,0.0901066619530437,0.0248185908646521,0.044016436,0.7607171,1.0
Neurons,Astrocytes,Jag2,Notch1,0.28441152,0.063553244,0.8048785222765669,0.5883071535208124,0.18056399,0.73265564,1.0
Neurons,Astrocytes,Jag2,Notch2,0.3072885,0.07054183,0.6514896434524772,0.539081195292514,0.18321092,0.74274826,1.0
Neurons,Astrocytes,L1cam,Cd9,0.27337676,0.07473484,0.09199965807048024,-0.18338185194531992,0.032098845,0.7482258,1.0
Neurons,Astrocytes,Lamc1,Dag1,0.27097145,0.067437395,0.18546159515011912,0.10314062710468155,0.01959903,0.7384251,1.0
Neurons,Astrocytes,Lamc1,Itgav_Itgb8,0.37978417,0.109567165,0.17629497068665884,0.06596102326926709,0.018175133,0.7825294,1.0
Neurons,Astrocytes,Arf1,Pld2,0.3227303,0.10393196,0.5472142057666008,0.3400942624766156,0.10726517,0.77800316,1.0
Neurons,Astrocytes,Ccl25,Grm7,0.27191734,0.07384561,-0.23225117455882552,-1.0486301018570388,0.009798624,0.7470967,1.0
Pericytes,Neurons,Nrxn2,Nlgn2,0.30068746,0.08546405,0.059013207072364626,-0.041458248308944734,0.019453418,0.7606501,1.0
Neurons,Astrocytes,Cntn2,Nrp1,0.28146422,0.07803594,-0.059963875530950755,-0.537914537434117,0.037210546,0.7522752,1.0
Neurons,Astrocytes,Col4a1,Itgav_Itgb8,0.3411595,0.06584557,0.30799990538273203,0.2538150141728139,0.038532913,0.7361116,1.0
Neurons,Astrocytes,Col4a2,Itgb5,0.26269904,0.06897811,0.4128314146827166,0.3286610233024827,0.035759095,0.7406008,1.0
Neurons,Astrocytes,Efnb2,Epha4,0.35215497,0.07022499,0.5010213505028832,0.5148289860032693,0.1493866,0.742318,1.0
Neurons,Astrocytes,F8,Lrp1,0.5997852,0.08694818,0.5603447118886005,0.6175791302530538,0.060144477,0.7622138,1.0
Neurons,Astrocytes,Fam3c,Lamp1,0.4113345,0.10506249,0.04534013532355282,-0.09818481574948287,0.03150191,0.778936,1.0
Neurons,Astrocytes,Fam3c,Lifr,0.3937333,0.09949739,0.415627465382522,0.4225432748751293,0.056520194,0.77421474,1.0
Neurons,Astrocytes,Fgf1,Egfr,0.4249928,0.11855491,0.9310914704597514,0.5663521902962221,0.06850798,0.78916293,1.0
Neurons,Astrocytes,Fgf1,Fgfr1,0.28990978,0.07104178,0.16443219499957942,0.07435070776040686,0.034046404,0.7434224,1.0
Neurons,Astrocytes,Fgf9,Fgfr1,0.29132715,0.07218688,0.36703084799950403,0.3927660662883887,0.1938739,0.74494445,1.0
Neurons,Astrocytes,Fndc5,Itgb5,0.25333858,0.06395312,0.33250272194516495,0.2703288241825859,0.050230525,0.73326945,1.0
Microglia,Pericytes,Tgfb1,Tgfbr1_Tgfbr2,0.33114806,0.097187646,1.1058481596181295,0.6147495296477212,0.053897187,0.7721552,1.0
Microglia,Pericytes,Tln1,Itgb5,0.33010852,0.107633874,0.49276006038020825,0.6466779923990422,0.04448129,0.78101087,1.0
Microglia,Pericytes,Ybx1,Notch1,0.33928654,0.105855465,0.6613910964752575,0.585883064467873,0.046122417,0.77958274,1.0
Neurons,Astrocytes,Adam10,Axl,0.3378627,0.096266024,0.37634307003682865,-0.03206805234676069,0.03700992,0.771316,1.0
Pericytes,Neurons,Rtn4,Rtn4rl1,0.38618755,0.09779692,-0.14083345008622802,-0.5967818232031915,0.020743359,0.7727045,1.0
Neurons,Astrocytes,Adam10,Tspan12,0.3186252,0.07812129,0.13166496240753914,-0.13978887214797986,0.03880096,0.75237703,1.0
Neurons,Astrocytes,Adam17,Notch1,0.28660932,0.06538216,0.6276787510498778,0.3562784481724969,0.033473045,0.735425,1.0
Neurons,Astrocytes,Adam9,Itgav,0.36427167,0.092007644,0.19594709267490734,0.13528359597836864,0.031227898,0.76730126,1.0
Neurons,Astrocytes,Agrn,Atp1a3,0.34973276,0.1116421,-0.09249310913079817,-0.5579202109137964,0.018280646,0.7841215,1.0
Neurons,Astrocytes,Agrn,Itgb1,0.34459662,0.10698846,0.1386505623561266,0.032028806912369256,0.02401359,0.78049606,1.0
Neurons,Astrocytes,Agrn,Lrp4,0.33897528,0.101895146,0.26773589270416365,0.15687292806949302,0.056895345,0.7762893,1.0
Neurons,Astrocytes,Apoe,Ldlr,0.2753408,0.07581109,-0.11935136652468495,-0.8761326314317612,0.007251371,0.7495702,1.0
Neurons,Astrocytes,Apoe,Lrp6,0.3593373,0.122270234,-0.07672406563498085,-0.7865393851214342,0.0058847554,0.7917186,1.0
Microglia,Pericytes,Ncam1,Robo1,0.36827195,0.123832434,-0.7540662355255896,-1.6071360036977167,0.0024083569,0.7927634,1.0
Microglia,Pericytes,Nlgn1,Nrxn2,0.33101475,0.099435166,-0.4741597734061481,-0.9828556329650389,0.0028149015,0.77416,1.0
Pericytes,Neurons,Sema3c,Nrp2_Plxna2,0.26740998,0.07136938,0.34131755865182223,0.5736541404056046,0.10132554,0.74386096,1.0
Pericytes,Neurons,Sema3c,Nrp2_Plxna4,0.26740998,0.07136938,0.34131755865182223,0.5736541404056046,0.10132554,0.74386096,1.0
Pericytes,Neurons,Spon1,Lrp8,0.36428845,0.13043974,0.4422777606128384,0.4833974705074444,0.04727995,0.797001,1.0
Microglia,Pericytes,Psen1,Notch1,0.3566308,0.12096283,0.7336228734631924,0.7682487671337264,0.071464166,0.79083085,1.0
Microglia,Pericytes,Psen1,Notch2,0.30691883,0.09334816,0.3868777745351327,0.5898409645432027,0.050414257,0.7685901,1.0
Microglia,Pericytes,Ptpn6,Egfr,0.35259947,0.121374235,1.4579331487097833,1.0835803771302508,0.31422752,0.7911115,1.0
Microglia,Pericytes,Rgmb,Neo1,0.2603292,0.06548033,-0.08754173962702803,-0.23034863145689727,0.029430881,0.73557097,1.0
Microglia,Pericytes,Rims2,Abca1,0.2695796,0.07223532,-0.13778478763408183,-0.4377670515091682,0.007117807,0.7450082,1.0
Microglia,Pericytes,Tgfb1,Acvr1_Tgfbr1_Tgfbr2,0.33114806,0.097187646,1.1058481596181295,0.6147495296477212,0.053897187,0.7721552,1.0
Microglia,Pericytes,Tgfb1,Acvr1_Tgfbr2,0.33898976,0.10413262,1.3502586385933464,0.9399759917951086,0.13565463,0.7781697,1.0
Microglia,Pericytes,Tgfb1,Itgb8,0.35944906,0.12225234,1.104362430487998,0.7552730696140761,0.10813162,0.7917065,1.0
Microglia,Pericytes,Icam1,Egfr,0.30751765,0.08468366,1.302038223757602,0.957385606095649,0.2904667,0.7598141,1.0
Pericytes,Neurons,Trf,Tfrc,0.32682002,0.10416528,-0.14816794938108813,-1.1986627372923109,0.024668751,0.77819675,1.0
Pericytes,Neurons,Vegfa,Ephb2,0.34398866,0.11146592,0.3868401306115973,0.4239235376053056,0.07202324,0.7839878,1.0
Pericytes,Neurons,Vegfa,Itgb1,0.29138473,0.08399091,0.18531855950175474,0.1190078120066338,0.019596033,0.7590638,1.0
Pericytes,Neurons,Vegfa,Nrp1,0.37261438,0.12641713,0.34189174174991865,0.4656707478413958,0.03516573,0.79445523,1.0
Pericytes,Neurons,Vegfa,Nrp2,0.25839078,0.06675818,0.24523085270636444,0.27738227101146784,0.035114974,0.73744625,1.0
Pericytes,Neurons,Vegfa,Sirpa,0.26119572,0.06822321,0.17509652511681778,0.07309821515805637,0.012928615,0.73954237,1.0
Microglia,Pericytes,Il1rapl1,Ptprs,0.36174405,0.13063376,-0.48614292975507384,-1.0942477410185498,0.0034137366,0.79712117,1.0
Microglia,Pericytes,Jam2,Itga4_Itgb1,0.2670933,0.07082068,0.6019256027522002,0.7488470562053349,0.08089691,0.74312496,1.0
Microglia,Pericytes,Jam2,Itgav_Itgb1,0.3370224,0.10499229,0.2883671551098364,0.3970876437434804,0.019460365,0.77887845,1.0
Microglia,Pericytes,Lrig2,Egfr,0.33549654,0.107454754,0.4879082698785839,0.5200259908776729,0.0482418,0.7808684,1.0
Microglia,Pericytes,Mif,Ackr3,0.2861219,0.073176175,0.9246186424665344,0.13014616887563335,0.05823824,0.74623543,1.0
Microglia,Pericytes,Mif,Egfr,0.2999186,0.07849906,0.4230515489722641,0.023277793849809658,0.031580005,0.75282615,1.0
Microglia,Pericytes,Ncam1,Fgfr1,0.296461,0.086536415,-0.37184038227662797,-0.8245149802196854,0.0071098097,0.76178336,1.0
OPCs,Oligodendrocytes,Lrpap1,Vldlr,0.3151055,0.0985895,0.1407292663130717,0.35605594630152415,0.09034523,0.7734125,1.0
OPCs,Oligodendrocytes,Lrrc4b,Ptprf,0.38044778,0.10469024,0.18544701322009896,0.22192090323259117,0.06401638,0.77863026,1.0
OPCs,Oligodendrocytes,Mdk,Sorl1,0.26671076,0.07102874,0.2426295679598309,0.15205558593218485,0.03893782,0.74340487,1.0
Oligodendrocytes,OPCs,Fgf14,Fgfr1,0.36860862,0.0951391,-0.2504898744904544,-1.143509843165124,0.0067296536,0.7702758,1.0
Oligodendrocytes,OPCs,Gnai2,Adcy8,0.37554875,0.1092666,0.1263277303016168,0.2695854451242469,0.022294236,0.7822956,1.0
Oligodendrocytes,OPCs,Gnai2,Adcy9,0.30980104,0.08332169,0.0779655162788428,0.21989293063657922,0.018812824,0.7583315,1.0
Oligodendrocytes,OPCs,Gnai2,Ednrb,0.28767824,0.07459174,0.4661042056956497,0.4985020893492626,0.033739652,0.74804527,1.0
Oligodendrocytes,OPCs,Gpi1,Amfr,0.26944494,0.0715985,-0.04126950410983111,-0.09061848624948204,0.024312008,0.74416614,1.0
OPCs,Oligodendrocytes,Rgma,Bmpr2,0.29714316,0.08754406,0.04036475060290583,-0.0744982912338425,0.014596742,0.7628322,1.0
OPCs,Oligodendrocytes,S100a1,Trpm3,0.34432095,0.11687205,-0.0057309463818844,-0.7507739246197482,0.015301026,0.78797114,1.0
OPCs,Oligodendrocytes,Sirpa,Cd47,0.2657642,0.0675752,-0.02436262747486221,-0.10375739451214877,0.011629126,0.7386222,1.0
OPCs,Oligodendrocytes,Slitrk1,Ptprs,0.28299248,0.078860335,0.09265580062820314,-0.2286347336931485,0.027378337,0.7532531,1.0
OPCs,Oligodendrocytes,Slitrk2,Ptprs,0.2517785,0.06337815,0.1891914312084336,-0.20157839250433873,0.019979978,0.73238534,1.0
OPCs,Oligodendrocytes,Slitrk3,Ptprs,0.26847386,0.07165908,0.19719537972465237,-0.19487009318855036,0.032910194,0.74424666,1.0
Microglia,Oligodendrocytes,Nrg3,Erbb3,0.31098336,0.08748569,-0.16581883406957923,-0.4699228460693329,0.02828625,0.76277184,1.0
Pericytes,OPCs,Actr2,Ldlr,0.28758118,0.07728639,0.05015908008706173,-0.009822735065759147,0.025866587,0.7513748,1.0
Pericytes,OPCs,Adam10,Tspan5,0.3708573,0.1333032,-0.21512009892414963,-0.4633549669719665,0.011609377,0.79875195,1.0
Pericytes,OPCs,Agrn,Atp1a3,0.34224936,0.11374683,-0.11853842216270642,-0.5050101227318193,0.01862528,0.78569806,1.0
Microglia,Oligodendrocytes,Tgfb1,Itgb8,0.34446168,0.10897881,1.0798467501177087,0.7740475867557524,0.09639124,0.78207093,1.0
Microglia,Pericytes,Adam15,Itgav,0.370848,0.13406298,0.22547849955251492,0.375015846400288,0.041013382,0.79920834,1.0
Microglia,Pericytes,Ang,Egfr,0.3202907,0.09507923,1.3890994516624988,1.0090391610684684,0.2895717,0.7702201,1.0
Microglia,Pericytes,Cklf,Lrp6,0.30830282,0.088945866,0.46805325689516103,0.5670856982079213,0.068503626,0.7642662,1.0
Microglia,Pericytes,Cntn1,Notch1,0.34250104,0.10865539,0.40724867838575424,-0.0032116497029907043,0.010229742,0.78181756,1.0
Microglia,Pericytes,Cntn1,Notch2,0.29278907,0.0838504,0.06050357945769452,-0.1816194522935144,0.0072165513,0.7589106,1.0
Microglia,Pericytes,Fgf12,Fgfr1,0.29620445,0.08636543,-0.1377753806504717,-0.47815304411193443,0.0106408,0.7616039,1.0
Microglia,Pericytes,Gnai2,Adcy8,0.3566652,0.11351838,0.14744315677474973,0.1389286420160153,0.023161752,0.7855288,1.0
Microglia,Pericytes,Gnai2,S1pr3,0.35007754,0.107277535,1.2234364326259437,0.787197004089415,0.21425353,0.78072715,1.0
Microglia,Pericytes,Gnai2,Tbxa2r,0.3657874,0.122160316,1.5120476827880829,0.8484184462360675,0.2569158,0.79164445,1.0
Microglia,OPCs,Rims2,Abca1,0.30473748,0.09266234,-0.06779381516022467,-0.3932562939861892,0.009130611,0.76793367,1.0
Microglia,OPCs,Sema4d,Plxnb1,0.38356334,0.09846033,0.29113815956588407,0.4289005872635955,0.06821786,0.7732976,1.0
Microglia,OPCs,Tgfb1,Cav1,0.35992086,0.12267019,1.7651579200057208,1.0039118568874694,0.52966976,0.7919877,1.0
Microglia,OPCs,Ybx1,Notch1,0.32690027,0.0998343,0.6190138478649898,0.4145134005940927,0.04349893,0.77451,1.0
Microglia,Oligodendrocytes,Adam15,Itgav,0.3501776,0.1211654,0.19757155293653889,0.5177336724020429,0.037067674,0.7909692,1.0
Microglia,Oligodendrocytes,App,Lrp6,0.38583267,0.11214835,-0.4731176354884239,-0.9356713946535842,0.0069838716,0.7845042,1.0
Microglia,Oligodendrocytes,Arf1,Insr,0.29378557,0.08514698,-0.024838082208534604,-0.04565749691540005,0.02045765,0.7603116,1.0
Microglia,Oligodendrocytes,Bsg,Slc16a7,0.37281346,0.11602425,-0.09768021254585303,-0.21924013471877152,0.019745301,0.78736234,1.0
Microglia,Oligodendrocytes,Gnai2,Adcy9,0.32803115,0.08639181,0.12304450407841694,0.06362500089918222,0.019506015,0.76163155,1.0
Microglia,Oligodendrocytes,Gnai2,S1pr5,0.3424269,0.10002968,0.30485508386301224,0.6707463355496059,0.20830362,0.77468073,1.0
Microglia,Oligodendrocytes,Gnai2,Unc5b,0.34345368,0.101002395,0.30427165475024126,0.6629562670472369,0.15714434,0.7755242,1.0
Microglia,Oligodendrocytes,Il1rapl1,Ptprs,0.29737276,0.085992984,-0.561536367153686,-1.387361987123719,0.002247179,0.7612113,1.0
Microglia,Oligodendrocytes,Itgb2,Thy1,0.27889356,0.07743956,0.7770220475510715,0.33395475707264244,0.14934522,0.7515597,1.0
Microglia,OPCs,App,Ncstn,0.36559242,0.08877274,-0.3342938202309072,-0.811538251277738,0.016663417,0.76409066,1.0
Pericytes,OPCs,Bmp5,Acvr1_Acvr2a,0.36596596,0.1287768,1.4513772455096934,0.8935686973289051,0.16148154,0.7959611,1.0
Pericytes,OPCs,Bmp5,Acvr2a_Bmpr1a,0.36596596,0.1287768,1.4513772455096934,0.8935686973289051,0.16148154,0.7959611,1.0
Microglia,OPCs,Cd47,Sirpa,0.28972957,0.07766408,0.007624600249016733,-0.05091225614140288,0.013365337,0.75182986,1.0
Microglia,OPCs,Cntn1,Notch1,0.33011478,0.102474965,0.36487142977548653,-0.17458131357677098,0.009647864,0.77678156,1.0
Microglia,OPCs,Fgf14,Fgfr1,0.3353574,0.08404756,-0.2698347640764226,-0.8326454647907227,0.005945095,0.7591254,1.0
Microglia,OPCs,Jam2,Itgav_Itgb1,0.3240633,0.09865969,0.38102889107779087,0.4711316413462406,0.026188439,0.7734749,1.0
Microglia,OPCs,Nrg3,Erbb3,0.31049448,0.08708772,-0.16679573621408986,-0.7871581919151146,0.028157575,0.76235914,1.0
Microglia,OPCs,Psen1,Notch1,0.34424454,0.11408234,0.6912456248529247,0.5968791032599461,0.06739921,0.7859459,1.0
Microglia,OPCs,Rgmb,Bmpr2,0.38246953,0.11738152,0.19519932171947085,0.2469687000842652,0.052413777,0.78833425,1.0
OPCs,Oligodendrocytes,Tgfa,Erbb3,0.3820226,0.11802357,0.5230678209089743,0.790295315049442,0.24171115,0.78878903,1.0
Oligodendrocytes,OPCs,Efnb3,Epha4,0.34882206,0.08085621,0.06370644666194183,0.6194150267455704,0.07319243,0.7555685,1.0
Oligodendrocytes,OPCs,Fgf12,Fgfr1,0.31649303,0.07775502,-0.21416118510871876,-0.8318517325929273,0.00957994,0.75193906,1.0
OPCs,Oligodendrocytes,Vegfa,Tyro3,0.34343773,0.09806811,0.37413121019512685,0.6359146399850442,0.14156485,0.77294755,1.0
OPCs,Pericytes,Actr2,Ldlr,0.3054124,0.09317746,0.10084701148233909,0.13241086551072595,0.031185087,0.7684273,1.0
OPCs,Pericytes,Adam17,Notch1,0.3494311,0.11469168,0.7720977279410711,0.6883925369801096,0.05871755,0.7863937,1.0
OPCs,Pericytes,Adam9,Itga6,0.3362041,0.1120098,0.4737875673946186,0.5144730190432966,0.04853449,0.7843997,1.0
OPCs,Pericytes,Adam9,Itgav,0.36696392,0.13072489,0.2658031432761125,0.29714262594356966,0.044368748,0.79717755,1.0
OPCs,Pericytes,Adam9,Itgb5,0.33544877,0.111550234,0.48990516889929353,0.571566849691967,0.049628552,0.78405184,1.0
OPCs,Pericytes,Agrn,Atp1a3,0.3651125,0.11734114,-0.06500105719700017,-0.5572716780332552,0.019213825,0.7883056,1.0
OPCs,Pericytes,Arf1,Insr,0.38640735,0.106752895,0.10304044067747115,0.07708117706615103,0.025648747,0.7803072,1.0
OPCs,Pericytes,B2m,Tfrc,0.3546242,0.11966982,0.22962339944692928,0.19318859033354874,0.030770805,0.7899406,1.0
OPCs,Pericytes,Bmp1,Bmpr1a,0.37547442,0.104983985,0.34198099879301636,0.46927966277948074,0.057137564,0.77887166,1.0
Microglia,Neurons,Tgfb1,Sdc2,0.36562628,0.12772316,1.1789964467256693,0.7134579781254891,0.10156582,0.7952931,1.0
Microglia,OPCs,Adam15,Itgb1,0.35788888,0.12597696,0.3181402355204694,0.4490598440030482,0.055193026,0.79417026,1.0
Pericytes,OPCs,Col4a1,Cd47,0.33419698,0.10990422,0.5061067412620527,0.3823497950767723,0.097443305,0.78279066,1.0
Pericytes,OPCs,Col4a1,Itga9_Itgb1,0.34788132,0.117894955,0.6845890767813094,0.700947678698419,0.098804526,0.7886982,1.0
Pericytes,OPCs,Col4a2,Itga9_Itgb1,0.34722066,0.11736139,0.4375778368464449,0.5700011590854492,0.06647136,0.78831995,1.0
Pericytes,OPCs,Col4a3,Cd47,0.33951908,0.11391099,1.1384645916764933,0.46284786665615135,0.16429687,0.7858195,1.0
Pericytes,OPCs,Col4a3,Itga9_Itgb1,0.35320342,0.12219304,1.31694692719575,0.7814457502777981,0.16659199,0.7916665,1.0
Pericytes,OPCs,Col4a4,Cd47,0.295164,0.080518015,0.6379016034415618,0.27583013824260544,0.13766779,0.75518125,1.0
Pericytes,OPCs,Col4a4,Itga9_Itgb1,0.30884832,0.08637219,0.8163839389608185,0.5944280218642521,0.13959093,0.761611,1.0
Pericytes,OPCs,Col4a5,Cd47,0.34180117,0.115629055,0.595044422255497,0.4560633379726609,0.08609133,0.78707653,1.0
Pericytes,OPCs,Col4a5,Itga9_Itgb1,0.3554855,0.12403602,0.7735267577747538,0.7746612215943076,0.087293975,0.7928983,1.0
Pericytes,OPCs,Col4a6,Cd47,0.33327127,0.10920728,0.925967244458093,0.4860246327341868,0.13498846,0.78224933,1.0
Pericytes,OPCs,Col4a6,Itga9_Itgb1,0.3469556,0.11714734,1.1044495799773497,0.8046225163558334,0.13687415,0.7881676,1.0
Microglia,Neurons,Gnai2,Ptpru,0.3240109,0.08258323,0.4217990123486841,0.4432171694758065,0.1209407,0.75751483,1.0
Pericytes,OPCs,Cxcl12,Itgb1,0.36056355,0.128137,1.0018476872616766,0.8215773336739378,0.1544243,0.7955563,1.0
Pericytes,OPCs,Fgf12,Fgfr1,0.3000948,0.0722851,-0.22695404751729126,-0.5395171717965137,0.008906009,0.7450736,1.0
Microglia,Neurons,Gpi1,Amfr,0.2565792,0.06351147,-0.04040319692633183,-0.3303867665703335,0.021565974,0.7325912,1.0
Microglia,Neurons,Hspa8,Ldlr,0.37092212,0.09684337,-0.1899227397842709,-0.7348318524126788,0.01492067,0.7718429,1.0
Microglia,Neurons,Il1rapl1,Ptprf,0.32458103,0.104861625,-0.3095553487103803,-0.898066559564552,0.011235687,0.7787712,1.0
Microglia,Neurons,Ncam1,Fgfr1,0.32996744,0.10393845,-0.30857765136262516,-0.8971875521890168,0.0085395565,0.7780086,1.0
Microglia,Neurons,Ncam1,Ptprz1,0.32566857,0.101705775,-0.4663875611605146,-1.3109695899996887,0.0020596795,0.7761277,1.0
Microglia,Neurons,Nrxn1,Nlgn3,0.39344043,0.117749274,-0.14226227405080333,-0.6572345607504859,0.008474029,0.78859514,1.0
Microglia,Neurons,Tcn2,Cnr1,0.32897747,0.091286264,0.7580672890728133,0.7538524962912132,0.2367254,0.7665978,1.0
Microglia,Neurons,Calr,Itga3,0.32213944,0.0667688,0.24905389031480102,0.23097423456206703,0.09835892,0.7374617,1.0
Microglia,Neurons,Cd47,Sirpa,0.31510615,0.096390516,0.05374594820842668,-0.05306985126701019,0.016588,0.77142996,1.0
Microglia,Neurons,Cklf,Lrp6,0.3194294,0.094067864,0.486572294371483,0.3729401436610455,0.072448455,0.7692724,1.0
Microglia,Neurons,Cntn1,Ptprz1,0.3205712,0.09771298,-0.21948698590664656,-0.8370719678169362,0.0021839768,0.7726291,1.0
Microglia,Neurons,Col27a1,Itga10_Itgb1,0.49598214,0.06849115,1.1795748359667224,1.0911763568231738,0.14752193,0.7399197,1.0
Microglia,Neurons,Fgf12,Fgfr1,0.3297109,0.103733085,-0.07451264973646896,-0.5508256160812659,0.012780611,0.7778377,1.0
Pericytes,OPCs,Fn1,Itgav_Itgb1,0.33063287,0.10396523,0.6634765531115363,0.6608565909365165,0.12079534,0.77803075,1.0
Pericytes,OPCs,Fn1,Sdc2,0.33126253,0.10428947,0.7318114610741512,0.7581670437360986,0.11446429,0.77829957,1.0
Pericytes,OPCs,Fstl1,Dip2a,0.36312827,0.12524295,0.19242233879474385,0.009682828385257525,0.047796384,0.79369223,1.0
Pericytes,OPCs,Gnai2,Adora1,0.3657596,0.12548669,0.32869533268180107,0.4399763956640038,0.069633015,0.7938514,1.0
Pericytes,OPCs,Gnai2,Cav1,0.36692297,0.1265496,0.9184750891101141,0.6751386599058751,0.1601932,0.7945407,1.0
Microglia,Neurons,Gnai2,Adora1,0.32372594,0.08231326,0.2446332729206802,0.2392990249438392,0.04567593,0.75721395,1.0
Microglia,Neurons,Gnai2,Cnr1,0.33625036,0.09417832,0.40688088670804534,0.46650050439817614,0.15089014,0.7693765,1.0
Microglia,Neurons,Gnai2,Oprm1,0.36969298,0.12586027,0.46102324196617184,0.54482718387619,0.1528739,0.7940945,1.0
OPCs,Pericytes,Bmp7,Actr2,0.27993512,0.0717632,0.5845969034381496,0.2556790407446367,0.06882085,0.7443848,1.0
OPCs,Pericytes,Bmp7,Bmpr1a_Bmpr2,0.3819476,0.11230132,0.7599473835434621,0.5901918998471152,0.09275516,0.7846194,1.0
OPCs,Pericytes,Bmp7,Eng,0.29128134,0.07627202,1.493493623701745,0.8769141202717747,0.2809114,0.7501387,1.0
Oligodendrocytes,OPCs,Arf1,Insr,0.37893802,0.1140501,0.0937315634016136,0.22652836601479215,0.027401991,0.78592217,1.0
Oligodendrocytes,OPCs,Cd47,Sirpa,0.2657642,0.0675752,-0.02436262747486221,-0.10375739451214877,0.011629126,0.7386222,1.0
OPCs,Pericytes,Col11a1,Ddr1,0.34988257,0.09197826,0.09582640928973199,-0.09863577719494743,0.038755238,0.7672728,1.0
OPCs,Pericytes,Col5a3,Itga1_Itgb1,0.40311188,0.11346474,0.9527182921286261,0.8035221124058705,0.16143303,0.78548896,1.0
OPCs,Pericytes,Col5a3,Sdc3,0.31560272,0.08166835,0.988191338583216,0.7239629902031088,0.15054826,0.7564902,1.0
OPCs,Pericytes,Col9a3,Itgav_Itgb8,0.25604722,0.065159075,0.3565923488516555,0.3389444163449846,0.06617615,0.73509234,1.0
OPCs,Pericytes,Fam3c,Lifr,0.31124377,0.096484944,0.3420755099960166,0.3638981470354412,0.054808956,0.77151626,1.0
OPCs,Pericytes,Farp2,Plxna2,0.282797,0.07219595,0.12010946443951859,0.3135029317574042,0.046755366,0.7449564,1.0
OPCs,Pericytes,Fgf13,Egfr,0.34722337,0.116998814,0.5023341326467436,0.3920062185438529,0.038689658,0.7880617,1.0
OPCs,Pericytes,Fgf13,Fgfr1,0.31037682,0.09581105,0.08544956836262829,0.07733855698206349,0.026276339,0.77089787,1.0
OPCs,Pericytes,Fgf13,Fgfr3,0.35787177,0.12312193,0.30192177712101315,0.29329373466261577,0.024218364,0.79229033,1.0
Microglia,Microglia,Tgfa,Erbb4,0.264965,0.07000457,-0.21989677003864067,-0.7461870299517361,0.0068972423,0.74201715,1.0
Microglia,Microglia,Tgfb1,Eng,0.32678553,0.093324,1.550981134968411,1.0428470546756152,0.27535152,0.7685671,1.0
Pericytes,OPCs,Gpi1,Amfr,0.26324064,0.06864786,-0.04912637361495298,-0.3014090522806086,0.02331009,0.7401396,1.0
Pericytes,OPCs,Jam2,Itgav_Itgb1,0.3560332,0.12447833,0.46634002602626,0.5021384453321358,0.033041798,0.7931904,1.0
Pericytes,OPCs,Jam3,Itgb1,0.33101624,0.10427484,0.06865726852381347,0.013889637255046605,0.030030198,0.7782874,1.0
Pericytes,OPCs,Kitl,Lrrn3,0.2951899,0.08417811,0.7034318490430564,0.7533102226922941,0.1893344,0.7592673,1.0
Microglia,Neurons,Adam15,Itgb1,0.31680065,0.10033942,0.2449542501885757,0.2498935932737144,0.043960705,0.77495044,1.0
Microglia,Neurons,App,Ncstn,0.35343078,0.074727185,-0.36566698194808545,-0.8743723408874703,0.014026944,0.74821615,1.0
Microglia,Neurons,App,Tspan12,0.36221206,0.084868744,-0.27892306527782024,-0.7725920731953947,0.02140246,0.7600132,1.0
Microglia,Neurons,App,Vldlr,0.36239403,0.0850789,-0.4732318678523826,-1.1224683620032065,0.01810901,0.7602387,1.0
Microglia,Microglia,Cklf,Lrp6,0.29259095,0.08171306,0.44190220281242226,0.5221874742507147,0.062933125,0.7565406,1.0
Pericytes,OPCs,Lamb2,Dag1,0.35084713,0.11641942,1.0276056295258882,0.7929754891248174,0.16998102,0.78764683,1.0
Pericytes,OPCs,Lamb2,Itga9_Itgb1,0.33647346,0.10868205,0.9331472765159992,0.6861354561529274,0.12970972,0.7818385,1.0
Microglia,Microglia,Hspa4,Tlr4,0.27270594,0.07327108,0.8190875033432736,0.5199072704136254,0.13741912,0.7463581,1.0
Microglia,Microglia,Il18,Il1rapl1,0.29076958,0.081413746,-0.4036265288844542,-0.909952454805032,0.004906098,0.75620246,1.0
Microglia,Microglia,Il18,Il1rl2,0.28840345,0.08030264,1.0921874721117713,0.5836093418494505,0.113929585,0.7549336,1.0
Microglia,Microglia,Il1rapl1,Ptprs,0.36659616,0.13399866,-0.4804600327380337,-1.0578110182334843,0.0035016688,0.79916984,1.0
Microglia,Microglia,Jam2,Itgav_Itgb1,0.36731339,0.11979432,0.458065304532698,0.6728400429034932,0.03179846,0.79002684,1.0
Microglia,Microglia,Ncam1,Ncam2,0.2680139,0.071762025,-0.957363690981556,-2.110280896496924,0.0010712442,0.7443833,1.0
Microglia,Microglia,Ncam1,Robo1,0.26558322,0.07049962,-0.8298374298571672,-1.8308307086650155,0.0013711129,0.7426911,1.0
OPCs,Pericytes,Gas6,Mertk,0.39642188,0.103412576,0.38812665164386545,0.4155766603980058,0.019740012,0.7775702,1.0
OPCs,Pericytes,Gnai2,Adcy8,0.26337263,0.06880255,-0.010454916846022344,-0.19373620783608408,0.014038146,0.74035597,1.0
OPCs,Pericytes,Gnai2,Ednra,0.35760015,0.12290641,1.287630143349561,0.7617431338735031,0.11135027,0.79214615,1.0
OPCs,Pericytes,Gnai2,Egfr,0.34701234,0.11682706,0.6216285957680959,0.5422365413304067,0.05265859,0.78793895,1.0
OPCs,Pericytes,Gnai2,S1pr1,0.2964695,0.08780623,0.4245537625112108,0.345752813739708,0.042649057,0.7631026,1.0
OPCs,Pericytes,Gnai2,S1pr3,0.25678498,0.065020025,1.0655383590051717,0.45453215423731563,0.12985729,0.7348843,1.0
OPCs,Pericytes,Gnai2,Tbxa2r,0.2724948,0.07404035,1.3541496091673109,0.5157535963839682,0.15571454,0.74734545,1.0
Oligodendrocytes,OPCs,Agrn,Dag1,0.3267759,0.09559572,0.1966820890776895,0.26381239390633643,0.026249368,0.77069914,1.0
Oligodendrocytes,OPCs,Agrn,Itgb1,0.31240225,0.08924232,0.1022237360678005,0.15697236093444644,0.020030461,0.7645658,1.0
Oligodendrocytes,OPCs,Agrn,Lrp4,0.2901271,0.07939634,0.23753094821324547,0.25537574819607717,0.044332646,0.7538821,1.0
OPCs,Pericytes,Itgb3bp,Itgb5,0.2810644,0.071666464,0.3699830317060392,0.44793820177237853,0.033787757,0.74425644,1.0
OPCs,Pericytes,Jag1,Notch1,0.3057235,0.07662105,1.000510562740022,0.8224279727042473,0.071129106,0.75056636,1.0
Microglia,Astrocytes,Psen1,Notch2,0.3697905,0.12827297,0.5469879304237643,0.6027991985766782,0.06927599,0.79564255,1.0
Microglia,Astrocytes,Psen1,Notch3,0.2554801,0.064774275,0.3924279642694615,0.4408271715095063,0.03915094,0.73451525,1.0
Microglia,Astrocytes,Rgmb,Bmpr2,0.34921885,0.10325228,0.150742959973779,0.2323564336817051,0.046104714,0.777436,1.0
Microglia,Astrocytes,Tgfb1,Itgb1,0.339492,0.10457742,1.0768103484542713,0.6742437868667304,0.088033594,0.77853733,1.0
Microglia,Astrocytes,Tgfb1,Itgb5,0.3556195,0.11886071,1.2504186059697644,0.819703825636654,0.09158297,0.78937715,1.0
Microglia,Astrocytes,Timp2,Itgb1,0.3414643,0.10550899,0.09113034590743349,0.10455954105590054,0.028131327,0.7793009,1.0
Microglia,Astrocytes,Tln1,Itgb5,0.28097427,0.078788824,0.3856331123932698,0.41714359477712515,0.032560647,0.7531688,1.0
Microglia,Astrocytes,Ybx1,Notch1,0.32956928,0.10113175,0.628145032259919,0.46965945413912324,0.04406424,0.7756356,1.0
Microglia,Microglia,Ang,Plxnb2,0.2732811,0.073111795,1.3543868447028555,0.9171798380451496,0.39400575,0.74615204,1.0
Microglia,Astrocytes,Arf1,Pld2,0.29867136,0.08768449,0.510632578479322,0.3586538414272456,0.090496615,0.7629772,1.0
Microglia,Astrocytes,Cd47,Sirpa,0.30460116,0.08863844,0.034653335225516856,0.0431963371101754,0.015253933,0.7639542,1.0
Microglia,Astrocytes,Cklf,Lrp6,0.33614516,0.10176278,0.5143945176458136,0.5662059428919142,0.07837486,0.7761764,1.0
Microglia,Astrocytes,Cntn1,Notch1,0.3327838,0.103806734,0.37400261417041575,-0.11943526003174043,0.009773247,0.777899,1.0
Microglia,Astrocytes,Cntn1,Notch2,0.35566077,0.11522176,0.220613735346326,-0.16866121826003888,0.009916516,0.7867807,1.0
Microglia,Astrocytes,Fgf12,Fgfr1,0.33156097,0.10469206,-0.07101864550644318,-0.4810038321957492,0.012898764,0.77863175,1.0
Microglia,Astrocytes,Gnai2,Adora1,0.36745024,0.12373564,0.32983253635511744,0.39549829979981893,0.06866135,0.79269916,1.0
Microglia,Astrocytes,Il1rapl1,Ptprf,0.28183186,0.07521553,-0.3894219079717864,-0.8859078613794209,0.008059176,0.74882925,1.0
Microglia,Astrocytes,Ncam1,Fgfr1,0.33181754,0.10489933,-0.3050836471325994,-0.8273657683035001,0.008618502,0.7788022,1.0
Microglia,Astrocytes,Nlgn1,Nrxn2,0.35260338,0.118074395,-0.4464868570834108,-0.9946783602448632,0.0033425577,0.78882486,1.0
Microglia,Astrocytes,Psen1,Notch1,0.34691352,0.11556495,0.700376809247854,0.6520251568049766,0.06827513,0.78703004,1.0
Astrocytes,Pericytes,St6gal1,Egfr,0.30335686,0.08129734,0.40418815316501544,0.18994361875174104,0.026216304,0.75607055,1.0
Astrocytes,Pericytes,Timp3,Ddr1,0.42384118,0.1179249,0.34148887164732866,0.1827390378784356,0.032758214,0.78871936,1.0
Astrocytes,Pericytes,Trf,Ldlr,0.27031285,0.07103832,-0.20402631383552472,-1.0296406380240197,0.015337833,0.74341774,1.0
Pericytes,OPCs,Rims2,Abca1,0.36650324,0.1320653,-0.018212667223183737,-0.39035088919130045,0.013013236,0.79800105,1.0
Pericytes,OPCs,Rtn4,Lingo1,0.4032363,0.118691154,-0.20670654747575723,-0.6604490504913398,0.027543347,0.7892585,1.0
Pericytes,OPCs,Rtn4,Tnfrsf19,0.39457366,0.10807459,-0.04937025803000078,-0.5265260020231046,0.0227826,0.7813601,1.0
Astrocytes,Pericytes,Vegfb,Nrp1,0.29799706,0.07566626,0.23119181667018826,0.3039152588922187,0.045875914,0.7493907,1.0
Astrocytes,Pericytes,Wnt7a,Fzd6_Lrp6,0.28589433,0.07162696,0.5900755400378107,0.4573473353423684,0.08175211,0.744204,1.0
Astrocytes,Pericytes,Ybx1,Notch1,0.304996,0.0759874,0.6051842993441974,0.4401940145087372,0.033108566,0.74978817,1.0
Microglia,Astrocytes,Adam15,Itgb1,0.2740711,0.07367775,0.16884531967326435,0.2744456337568447,0.032279696,0.74688166,1.0
Microglia,Astrocytes,App,Tspan12,0.37155282,0.09565645,-0.24863459841663219,-0.6883651420448976,0.024122935,0.7707553,1.0
Microglia,Astrocytes,Arf1,Insr,0.3495533,0.11411085,0.054501026290863536,0.005276242801611042,0.027416589,0.785967,1.0
OPCs,Pericytes,L1cam,Cntn1,0.41206294,0.10895536,-0.01141601565906454,-0.009430021861094318,0.024559677,0.7820526,1.0
OPCs,Pericytes,L1cam,Egfr,0.2861687,0.06730848,0.610820972584085,0.6088775100624596,0.09270323,0.73824024,1.0
OPCs,Pericytes,L1cam,Fgfr2,0.42785463,0.11417939,-0.08400313697167705,-0.26166870781216633,0.039218627,0.7860175,1.0
OPCs,Pericytes,L1cam,Ptprz1,0.37259704,0.09589971,0.2129663546227999,0.31938802345552564,0.027000586,0.7709796,1.0
Oligodendrocytes,Neurons,Timp2,Itgb1,0.29805052,0.08827862,0.048035160320206084,-0.010474637415826826,0.023537278,0.76358724,1.0
OPCs,Pericytes,Lama4,Itgav_Itgb8,0.34938824,0.11669726,0.8227761667465837,0.5863842226354101,0.047477745,0.7878461,1.0
OPCs,Pericytes,Lrpap1,Ldlr,0.32848817,0.10773255,0.22570315747634517,0.31034867317680787,0.05740261,0.7810892,1.0
OPCs,Pericytes,Lrpap1,Sorl1,0.2841587,0.077446654,-0.0004993086038751898,-0.11992622922374196,0.025008416,0.75156826,1.0
OPCs,Pericytes,Lrpap1,Sort1,0.30046165,0.08858485,-0.03375852276002264,-0.16490757601991446,0.030787729,0.7638997,1.0
OPCs,Pericytes,Mdk,Itga4_Itgb1,0.27313825,0.07432502,0.680248990148155,0.6815594838514138,0.15799999,0.74770755,1.0
OPCs,Pericytes,Mdk,Itga6_Itgb1,0.31230754,0.094412625,0.5746749666242973,0.5471304644892863,0.041576646,0.76959693,1.0
OPCs,Pericytes,Mdk,Notch2,0.29625565,0.08618055,0.6137567370200823,0.6394189588786958,0.061205044,0.7614093,1.0
OPCs,Pericytes,Mdk,Sdc3,0.35297555,0.11526883,0.6914260917096433,0.6909908642949378,0.07377727,0.786815,1.0
Astrocytes,Pericytes,Mdk,Sdc4,0.30958605,0.085696556,0.7301810320825852,0.7410416693003998,0.096334346,0.76089734,1.0
Astrocytes,Pericytes,Mdk,Sorl1,0.31851774,0.09302624,0.4343767221158161,0.3476702772810285,0.05099681,0.7682828,1.0
Astrocytes,Pericytes,Mif,Ackr3,0.34938845,0.12117521,0.9919673026561281,0.37821667367183753,0.096438915,0.79097587,1.0
Astrocytes,Pericytes,Mif,Egfr,0.36318517,0.12998956,0.4904002091618578,0.27134829864601384,0.05229453,0.79672116,1.0
Pericytes,OPCs,Sema3c,Nrp2_Plxna2,0.27558255,0.07593273,0.3602660238142463,0.6101118872725235,0.10780429,0.7497207,1.0
Pericytes,OPCs,Sema3c,Nrp2_Plxna4,0.27558255,0.07593273,0.3602660238142463,0.6101118872725235,0.10780429,0.7497207,1.0
Pericytes,OPCs,Sema6a,Plxna2,0.3188133,0.09430442,-0.02143783322060759,-0.09183843000889857,0.027203962,0.76949525,1.0
Pericytes,OPCs,Sema6a,Plxna4,0.2576087,0.065764226,-0.19871587960497256,-0.4776559123683631,0.0128580695,0.7359915,1.0
Pericytes,OPCs,Tfpi,Vldlr,0.26024178,0.06532078,0.9316352910242285,0.441480621760177,0.20174597,0.7353336,1.0
Astrocytes,Pericytes,Ncan,Sdc3,0.30266383,0.07003551,0.6277606479386703,0.648476797620108,0.06634945,0.74205947,1.0
Astrocytes,Pericytes,Sema4a,Nrp1_Plxna2,0.3265737,0.104677476,0.41828818580900023,0.5435997194139377,0.090450756,0.77861977,1.0
Astrocytes,Pericytes,Sema4b,Dcbld2,0.31707922,0.10030971,0.6388146399786457,0.6529353118224718,0.13377695,0.77492464,1.0
Astrocytes,Pericytes,Slitrk2,Ptprs,0.35016775,0.12191117,0.3845398520377263,0.18350546450174876,0.038432524,0.791476,1.0
Astrocytes,Pericytes,Itgb3bp,Itgb5,0.27318513,0.06588806,0.35175979394948076,0.4522083987501549,0.031063478,0.73617417,1.0
Astrocytes,Pericytes,Lgi4,Adam22,0.27147877,0.06881287,0.3550104495707546,-0.09471670168771862,0.04076508,0.7403704,1.0
Astrocytes,Pericytes,Lrig2,Egfr,0.31390548,0.08988251,0.45489417276138333,0.41006114665233834,0.040352743,0.76520854,1.0
Astrocytes,Pericytes,Lrpap1,Ldlr,0.27158955,0.07184361,0.13024682180821578,0.2433074577068809,0.038280077,0.74449134,1.0
Pericytes,OPCs,Vegfa,Ephb2,0.2515451,0.06318268,0.1799961450374596,0.2549283983197652,0.04082523,0.73208255,1.0
Pericytes,OPCs,Vegfa,Itgb1,0.33247298,0.10545128,0.2585045448336484,0.3181740627359676,0.024602981,0.77925384,1.0
Pericytes,OPCs,Vegfa,Nrp2,0.2665633,0.07102669,0.26417931786878845,0.3138400178783868,0.037360225,0.7434021,1.0
Pericytes,Oligodendrocytes,Adam10,Tspan14,0.31759572,0.08686865,-0.0033182857025842033,0.12885585745161693,0.025738414,0.76213086,1.0
Pericytes,Oligodendrocytes,Adam10,Tspan15,0.3346595,0.101745196,0.026195885578098328,0.27976896782724403,0.056896877,0.7761613,1.0
Astrocytes,Pericytes,Lrrc4b,Ptprs,0.32460484,0.10264985,-0.10847592113760204,-0.26433011632069914,0.015308578,0.7769294,1.0
Astrocytes,Pericytes,Mdk,Itga4_Itgb1,0.35008717,0.11893326,0.9072946618700912,0.9529770115267071,0.25282812,0.7894279,1.0
Astrocytes,Pericytes,Mdk,Ncl,0.32312343,0.09680581,0.5170896501129771,0.4079623919062509,0.07464989,0.77180874,1.0
Pericytes,Oligodendrocytes,Col4a6,Itgav_Itgb8,0.26810747,0.07139729,0.958191065793582,0.7298121059986518,0.08765078,0.74389815,1.0
Pericytes,Oligodendrocytes,Cxcl12,Itgav,0.35285223,0.123242944,0.8812790046777461,0.8902511620729324,0.103711456,0.79237115,1.0
Pericytes,Oligodendrocytes,Arf1,Insr,0.3068921,0.093741916,-0.004909709379281285,-0.00694031699780806,0.022522692,0.76896423,1.0
Pericytes,Oligodendrocytes,Bmp5,Bmpr1a_Bmpr2,0.34099275,0.10691232,1.313011692735506,0.7028156507190492,0.0737242,0.7804351,1.0
Astrocytes,Pericytes,Fgf12,Fgfr1,0.33541235,0.112496726,-0.10718794053779176,-0.525169443182882,0.013860351,0.78476626,1.0
Astrocytes,Pericytes,Gas6,Axl,0.28115827,0.07114217,0.8071205757808259,0.5993422568995597,0.082673594,0.74355704,1.0
Astrocytes,Pericytes,Gnai2,Ednra,0.33610213,0.10449942,1.2512446882068884,0.8317543346351788,0.094673984,0.778473,1.0
Astrocytes,Pericytes,Gnai2,Egfr,0.32551432,0.099330544,0.5852431406254234,0.6122477420920822,0.04477222,0.774068,1.0
Astrocytes,Pericytes,Gnai2,S1pr1,0.2749715,0.074655995,0.38816830736853825,0.4157640145013836,0.036261756,0.7481264,1.0
Astrocytes,Pericytes,Gpi1,Amfr,0.35108128,0.10417981,0.05574525448781244,0.07840254604079311,0.035375327,0.7782088,1.0
Astrocytes,Pericytes,Il15ra,Axl,0.31220102,0.094119035,1.172685683360356,0.8706207070444331,0.15127,0.76932067,1.0
Astrocytes,Pericytes,B2m,Tfrc,0.29067326,0.08429276,0.13798226726073606,0.17807989914146904,0.02167427,0.7593916,1.0
Astrocytes,Pericytes,Bmp1,Bmpr1a,0.37697947,0.10668532,0.34626913877734133,0.4878147117824408,0.05806351,0.78025293,1.0
Astrocytes,Pericytes,Calr,Itgav,0.36799276,0.1316091,0.024028602277287307,0.023047089225514128,0.015668109,0.797722,1.0
Astrocytes,Pericytes,Col1a2,Itgav_Itgb8,0.2929144,0.08551526,0.5428968146224991,0.49068772801691046,0.04651532,0.76070464,1.0
Astrocytes,Pericytes,Col4a5,Itga1_Itgb1,0.4047678,0.11553317,0.6992434005714797,0.8114465859448778,0.08130985,0.78700703,1.0
Pericytes,Oligodendrocytes,Col1a2,Itgav_Itgb8,0.3356876,0.10466022,0.7312395032460255,0.7367540304788931,0.056929056,0.7786056,1.0
Pericytes,Oligodendrocytes,Col4a1,Cd47,0.30650324,0.09373291,0.4691429701321529,0.47609027931033177,0.08310549,0.7689557,1.0
Pericytes,Oligodendrocytes,Col4a1,Itgav_Itgb8,0.26903322,0.07185294,0.5383305625975418,0.6261372683412374,0.06327194,0.7445037,1.0
Pericytes,Oligodendrocytes,Col4a2,Itgav_Itgb8,0.26837254,0.07152774,0.2913193226626772,0.49519074872826757,0.042566594,0.744072,1.0
Pericytes,Oligodendrocytes,Col4a3,Cd47,0.31182534,0.097150125,1.1015008205465935,0.5565883508897108,0.14012222,0.77212125,1.0
Pericytes,Oligodendrocytes,Col4a3,Itgav_Itgb8,0.27435532,0.07447247,1.1706884130119823,0.7066353399206164,0.10668133,0.7478944,1.0
Pericytes,Oligodendrocytes,Col4a4,Cd47,0.26747018,0.06867059,0.600937832311662,0.3695706224761649,0.11741135,0.74017143,1.0
Pericytes,Oligodendrocytes,Col4a5,Cd47,0.3141074,0.09861539,0.5580806511255972,0.5498038222062204,0.073423855,0.77343553,1.0
Pericytes,Oligodendrocytes,Col4a5,Itgav_Itgb8,0.27663738,0.07559571,0.6272682435909861,0.699850811237126,0.05590087,0.7493031,1.0
Pericytes,Oligodendrocytes,Col4a6,Cd47,0.3055775,0.093138516,0.8890034733281932,0.5797651169677462,0.11512625,0.76839006,1.0
OPCs,Pericytes,Megf10,Abca1,0.3470664,0.110770315,0.14633508684675667,0.05182382465563923,0.033524573,0.7834572,1.0
OPCs,Pericytes,Mif,Ackr3,0.35219413,0.12330381,0.99495402128447,0.312566243057541,0.09813299,0.7924118,1.0
OPCs,Pericytes,Mif,Egfr,0.36599082,0.132273,0.4933869277901996,0.2056978680317173,0.05321315,0.79812765,1.0
Oligodendrocytes,Neurons,Psap,Lrp1,0.6413742,0.41016835,0.08891614273435818,-0.08643135521073664,0.012902911,0.8744052,1.0
Oligodendrocytes,Neurons,Rgma,Neo1,0.39360344,0.11320607,-0.02364846924704738,-0.25126255468678815,0.018999651,0.7852966,1.0
OPCs,Pericytes,Pam,Fap,0.35899374,0.10838452,0.9722466744805275,0.284220718825555,0.13950811,0.7816046,1.0
OPCs,Pericytes,Psen1,Notch1,0.3231548,0.09180426,0.6695815814839577,0.6054383710388271,0.054237444,0.7671037,1.0
OPCs,Pericytes,Psen1,Notch2,0.27344286,0.070846215,0.322836482555898,0.4270305684483035,0.0382617,0.7431594,1.0
OPCs,Pericytes,Rgma,Bmpr1b,0.3065654,0.093659654,0.3941553357982049,0.4740983405341442,0.03354658,0.7688862,1.0
OPCs,Pericytes,Rgma,Neo1,0.316361,0.100017585,-0.05337952682433711,-0.27634965892287444,0.016786193,0.7746702,1.0
OPCs,Pericytes,Scel,Eng,0.27548298,0.064142965,1.346805956586572,0.86386677758272,0.47412,0.7335592,1.0
Astrocytes,Oligodendrocytes,Sirpa,Cd47,0.2806358,0.077123955,0.0026661075016379127,-0.009648801260570494,0.013272387,0.75117826,1.0
Astrocytes,Oligodendrocytes,Slitrk2,Ptprs,0.28579646,0.08025112,0.3091464146391141,-0.10960878160342047,0.025299186,0.75487417,1.0
Astrocytes,Pericytes,Actr2,Ldlr,0.2782072,0.076017715,0.06262111308635028,0.10126392809201717,0.025441978,0.7498256,1.0
Pericytes,Oligodendrocytes,Fn1,Itgav_Itgb8,0.25178474,0.06336324,0.5172180389277686,0.5860461805793349,0.077354304,0.73236233,1.0
Pericytes,Oligodendrocytes,Gnai2,Adcy9,0.31960663,0.083318785,0.10878590444541625,0.09005305555276288,0.018812168,0.7583283,1.0
Pericytes,Oligodendrocytes,Gnai2,S1pr5,0.33400238,0.09647155,0.29059648423001155,0.6971743902031866,0.20089407,0.771504,1.0
Pericytes,Oligodendrocytes,Gnai2,Unc5b,0.33502916,0.097409666,0.29001305511724057,0.6893843217008175,0.15155458,0.77235585,1.0
Astrocytes,Pericytes,Agrn,Atp1a3,0.2914393,0.082161315,-0.18294315744978856,-0.6628030165919774,0.013453364,0.7570441,1.0
Astrocytes,Pericytes,App,Aplp1,0.36763602,0.12581572,-0.8255166128323866,-2.0664240784067593,0.0050031445,0.7940656,1.0
Astrocytes,Pericytes,App,Tnfrsf21,0.35856915,0.11739654,-0.3337194231707299,-0.6721594571694604,0.013400385,0.7883449,1.0
Astrocytes,Pericytes,Arf1,Insr,0.38213766,0.10169157,0.09654837176662429,0.10831959389476548,0.024432696,0.77611554,1.0
Astrocytes,Oligodendrocytes,Lrpap1,Sort1,0.37292928,0.11801456,0.029806669750582323,0.29958506400302926,0.041016046,0.78878266,1.0
Astrocytes,Oligodendrocytes,Lrpap1,Vldlr,0.25820687,0.06574638,0.04527293064494232,0.2890147308315972,0.060248524,0.73596513,1.0
Astrocytes,Oligodendrocytes,Lrrc4b,Ptprs,0.26023358,0.06757187,-0.18386935853621422,-0.5574443624258684,0.0100772595,0.7386174,1.0
Astrocytes,Oligodendrocytes,Mdk,Ncl,0.32115617,0.09519142,0.5141032667657014,0.636498240986846,0.07340499,0.7703244,1.0
Astrocytes,Oligodendrocytes,Mdk,Sorl1,0.3436597,0.11365862,0.46967523968176716,0.4234731136074781,0.06230744,0.7856328,1.0
Pericytes,Oligodendrocytes,Itgav,Thy1,0.3450566,0.111897126,-0.020436442135040048,-0.06955745717707618,0.021483257,0.7843146,1.0
Pericytes,Oligodendrocytes,Lamb2,Itgav_Itgb8,0.25762534,0.066237986,0.7868887623322315,0.6113250457957458,0.08306286,0.73668826,1.0
Pericytes,Oligodendrocytes,Lamc3,Itgav_Itgb8,0.3146519,0.09430645,1.4514195531695644,0.7713292359086641,0.10394721,0.7694971,1.0
Pericytes,Oligodendrocytes,Lrpap1,Sorl1,0.2642582,0.06967002,-0.040766465820281275,-0.06806167697124565,0.022497253,0.74155843,1.0
Pericytes,Oligodendrocytes,Lrpap1,Vldlr,0.2700631,0.07259005,0.06516359153071456,0.3321176622275709,0.06651991,0.7454732,1.0
Astrocytes,Oligodendrocytes,Ncan,Cdh2,0.33707112,0.080756605,0.1500058323165258,0.006435515711167794,0.028210193,0.75545466,1.0
Astrocytes,Oligodendrocytes,Reln,Vldlr,0.2569066,0.06499584,0.18517247218681357,0.46904281116028884,0.14631106,0.7348481,1.0
Astrocytes,Oligodendrocytes,S100a1,Trpm3,0.30960202,0.090112895,-0.06676233074431992,-0.663734245754078,0.011797686,0.76543844,1.0
Astrocytes,Oligodendrocytes,Sema4a,Plxnb3,0.31168813,0.096277356,0.45226952815538224,0.804181496547915,0.2968919,0.77132636,1.0
Astrocytes,Oligodendrocytes,Adam10,Tspan14,0.3123707,0.08478615,-0.009643837029135696,0.0974867238395361,0.025121385,0.7599244,1.0
Astrocytes,Oligodendrocytes,Adam10,Tspan15,0.32943445,0.099306054,0.019870334251546835,0.2483998342151632,0.055532884,0.7740464,1.0
Pericytes,Oligodendrocytes,Nid1,Ptprf,0.35609072,0.095906004,1.2860659851740726,0.8261541793780198,0.16329493,0.77098536,1.0
Pericytes,Oligodendrocytes,Ntn1,Dscam,0.33215183,0.107434414,0.4012053177399394,-0.24434837527198872,0.013749497,0.7808522,1.0
Pericytes,Oligodendrocytes,Ntn1,Unc5b,0.29957253,0.08228878,0.6490613517785979,0.9118509597247983,0.15061331,0.7571866,1.0
Astrocytes,Oligodendrocytes,App,Lrp6,0.32924718,0.09016919,-0.5163232339823809,-0.9780209802698828,0.005615152,0.7654945,1.0
Astrocytes,Oligodendrocytes,App,Tspan15,0.3488454,0.10836741,-0.37570761458749913,-0.5291735575503111,0.03076919,0.7815911,1.0
Astrocytes,Oligodendrocytes,Calr,Itgav,0.34732234,0.1189476,-0.0038783443386887495,0.165764915227269,0.014160752,0.78943795,1.0
Astrocytes,Oligodendrocytes,Col1a2,Itgav_Itgb8,0.277927,0.07623045,0.5183811342522098,0.5094622451585866,0.04146492,0.7500876,1.0
Astrocytes,Oligodendrocytes,Lgi4,Adam23,0.3311686,0.10956812,0.4932644201849555,0.08580350415574323,0.092107385,0.7825302,1.0
Astrocytes,Oligodendrocytes,Lrpap1,Sorl1,0.252402,0.06310166,-0.06065712670605353,-0.11116460836721936,0.02037625,0.73195666,1.0
OPCs,Pericytes,Slit2,Robo1,0.33267805,0.089885674,-0.31428750250474213,-0.7559486205005856,0.010735829,0.7652117,1.0
OPCs,Pericytes,Slit2,Robo2,0.36371854,0.10158758,-0.1269923637519619,-0.3721208551675086,0.01757925,0.7760266,1.0
OPCs,Pericytes,Slitrk1,Enpep,0.36013192,0.12791856,1.0857156070951373,0.9176608714592351,0.21751302,0.79541755,1.0
OPCs,Pericytes,Slitrk1,Ptprs,0.34736374,0.11979839,0.16804923802681532,0.06447951241202074,0.041591007,0.79002964,1.0
OPCs,Pericytes,Slitrk2,Ptprs,0.31614977,0.096279085,0.2645848686070458,0.0915358536008305,0.030352004,0.7713279,1.0
OPCs,Pericytes,Slitrk3,Ptprs,0.33284515,0.10885882,0.27258881712326455,0.09824415291661887,0.04999457,0.78197706,1.0
Oligodendrocytes,Neurons,Nrxn2,Nlgn2,0.35233438,0.12378977,0.1252155499449114,0.05068286439862463,0.028177159,0.7927351,1.0
Oligodendrocytes,Neurons,Nrxn2,Nlgn3,0.26729983,0.06704913,0.05497393838200902,-0.03924104428403513,0.019854072,0.73786706,1.0
Oligodendrocytes,Neurons,Omg,Lingo1,0.30206075,0.09003807,0.25003707850490864,0.379635032335499,0.08773228,0.7653639,1.0
OPCs,Pericytes,Timp3,Ddr1,0.3072009,0.07700441,0.11408316089232909,-0.05306019191384126,0.021390961,0.75103325,1.0
OPCs,Pericytes,Trf,Ldlr,0.25969416,0.064340554,-0.21054679300466822,-1.1013900501844862,0.013891722,0.73385966,1.0
OPCs,Pericytes,Vcl,Itgb5,0.2982015,0.08423428,0.3554003922943795,0.4437657520473513,0.014904309,0.75932825,1.0
Oligodendrocytes,Astrocytes,Actr2,Ldlr,0.26872995,0.07218666,0.03887628530191762,0.06550362258825554,0.024159782,0.74494416,1.0
Oligodendrocytes,Astrocytes,Adam10,Axl,0.36044842,0.10548675,0.40368697156113237,0.46549160041204307,0.04055487,0.7792828,1.0
Oligodendrocytes,Astrocytes,Adam10,Tspan12,0.3412109,0.08560404,0.15900886393184285,0.3577707806108239,0.04251746,0.7607991,1.0
Astrocytes,OPCs,Ncan,Sdc3,0.41777387,0.10590309,0.8931533791886161,0.7637439857402852,0.10032927,0.77962136,1.0
Pericytes,Oligodendrocytes,Ntrk3,Ptprf,0.3411265,0.09050924,-0.0311443620494045,0.10804091357488232,0.020727826,0.7658322,1.0
Pericytes,Oligodendrocytes,Rgma,Bmpr2,0.36655188,0.12499108,0.16919856853371013,0.19628090401666276,0.020840507,0.79352736,1.0
Pericytes,Oligodendrocytes,S100a1,Trpm3,0.28515422,0.07127006,-0.10973841113778866,-0.7900307240442079,0.00933076,0.7437282,1.0
Pericytes,Oligodendrocytes,Sema5a,Plxnb3,0.2928577,0.08342674,0.08934091212458613,0.5509761834104765,0.073359326,0.75844693,1.0
Pericytes,Oligodendrocytes,Tfpi,Vldlr,0.29894674,0.08926233,0.9964184615225353,0.8732330611558603,0.27569044,0.76458603,1.0
Astrocytes,OPCs,Rtn4,Lingo1,0.363915,0.10345862,-0.2370022350377507,-0.6975333394159932,0.024008501,0.7776087,1.0
Astrocytes,OPCs,Rtn4,Tnfrsf19,0.35525236,0.09420457,-0.07966594559199425,-0.5636102909477579,0.019858737,0.76940125,1.0
Astrocytes,OPCs,S100a1,Ryr2,0.27590445,0.074353494,-0.04544177071659214,-0.3585020504636398,0.02884179,0.74774367,1.0
Astrocytes,OPCs,Sema4b,Dcbld2,0.26999408,0.06902361,0.53033203141543,0.4238626037084945,0.09205257,0.7406642,1.0
Astrocytes,OPCs,Sirpa,Cd47,0.30832958,0.090429805,0.03962987863153776,-0.10338928549412996,0.015562211,0.76575345,1.0
Astrocytes,OPCs,Ybx1,Notch1,0.29260975,0.07166516,0.5628070507339297,0.2688243506349569,0.031225316,0.7442547,1.0
Astrocytes,OPCs,Fgf1,Fgfr1,0.3923114,0.10304558,0.311648700226118,0.35798579161351396,0.049384058,0.7772626,1.0
Astrocytes,OPCs,Fgf1,Fgfrl1,0.38628712,0.095601544,0.5977893875437551,0.5679342901163273,0.14274202,0.7707045,1.0
Pericytes,Oligodendrocytes,Vegfa,Itgav,0.32476166,0.101423666,0.1379358622497179,0.38684789113496226,0.016523378,0.7758863,1.0
Pericytes,Pericytes,Actr2,Ldlr,0.33827728,0.11390706,0.14702507315158755,0.2818676489698772,0.038122967,0.78581655,1.0
Pericytes,Pericytes,Agrn,Atp1a3,0.319605,0.09561077,-0.13785315641638168,-0.5466168909262878,0.015655622,0.77071303,1.0
Astrocytes,OPCs,Gnai2,Adcy9,0.33319545,0.10308041,0.11756082407554574,0.1374890001928677,0.023274055,0.77729183,1.0
Astrocytes,OPCs,Gnai2,Adora1,0.2593935,0.06705096,0.14867040355135713,0.15089469191999938,0.03720682,0.73786974,1.0
Astrocytes,OPCs,Gnai2,Cav1,0.26055688,0.06761891,0.7384501599796701,0.3860569561618706,0.08559561,0.7386846,1.0
Astrocytes,OPCs,Gnai2,Ednrb,0.31107265,0.09228026,0.5056995134923526,0.4160981589055511,0.041740604,0.7675653,1.0
Astrocytes,OPCs,Gpi1,Amfr,0.36349738,0.11632785,0.07783028897185844,-0.027461860866453247,0.03950032,0.78758097,1.0
Astrocytes,OPCs,Mdk,Ncl,0.33700186,0.108194955,0.5381565471591584,0.3558325790347721,0.083432406,0.78145516,1.0
Astrocytes,OPCs,Agrn,Atp1a3,0.31408364,0.09774619,-0.16362842319611332,-0.6211962483975089,0.016005285,0.77265894,1.0
Astrocytes,OPCs,Agrn,Lrp4,0.3516843,0.12362467,0.33607671111942966,0.32592004432230043,0.06902849,0.7926254,1.0
Pericytes,Pericytes,Agt,Enpep,0.35141087,0.12090194,1.0624285963317464,0.9633827143565307,0.10084039,0.7907892,1.0
Astrocytes,OPCs,Angpt1,Itgb1,0.3524469,0.121582076,0.5215137988607991,0.5419568843752197,0.046137642,0.79125285,1.0
Astrocytes,OPCs,App,Ncstn,0.30900693,0.0713748,-0.37749941872486414,-0.8538878368940366,0.013397672,0.7438682,1.0
Astrocytes,OPCs,App,Tnfrsf21,0.35079342,0.11017627,-0.35005245580501665,-0.8432844557439751,0.012576218,0.78300077,1.0
Astrocytes,OPCs,App,Vldlr,0.33774167,0.09805689,-0.462988968322241,-0.9926106593285514,0.020871371,0.77293754,1.0
Astrocytes,OPCs,Arf1,Insr,0.36119705,0.094505906,0.06675683358313955,-0.032407738892309135,0.02270625,0.76968443,1.0
Astrocytes,OPCs,Bmp1,Bmpr1a,0.36415616,0.10184437,0.32655437028387013,0.3355137203101874,0.05542883,0.77624595,1.0
Astrocytes,OPCs,Bmp1,Bmpr2,0.37061468,0.104282536,0.24657310842225166,0.23002613844155245,0.048206482,0.7782938,1.0
Astrocytes,OPCs,Col1a2,Itga9_Itgb1,0.3567751,0.12507752,0.6646396484359774,0.5842726555157682,0.06475101,0.793584,1.0
Astrocytes,OPCs,Col4a5,Cd47,0.280707,0.06963401,0.3241602982709152,0.1261427848178514,0.051845837,0.74150884,1.0
Astrocytes,OPCs,Col4a5,Itga9_Itgb1,0.29439133,0.07469685,0.5026426337901718,0.44474066843949805,0.052570093,0.74817795,1.0
Astrocytes,OPCs,Col4a5,Itgav_Itgb8,0.37652764,0.10508507,0.619715110976726,0.555126029448325,0.077707425,0.77895457,1.0
Oligodendrocytes,Astrocytes,Agrn,Dag1,0.2846814,0.07698924,0.11071465369237274,0.1868171686327187,0.021140266,0.7510148,1.0
Oligodendrocytes,Neurons,Lama2,Dag1,0.33166444,0.10866227,0.20913228642170367,0.23011057759519388,0.017439881,0.781823,1.0
Oligodendrocytes,Neurons,Lgi3,Flot1,0.3483581,0.09560826,0.1461006769778804,0.43149945571406867,0.12811044,0.7707107,1.0
Oligodendrocytes,Neurons,Lrrc4b,Ptprf,0.28104013,0.07852656,0.05849627103441523,0.06152589112260387,0.048017714,0.75285876,1.0
Oligodendrocytes,Astrocytes,Arf1,Insr,0.32323903,0.09098464,0.014490106725276432,0.12906919601855188,0.021860221,0.76630163,1.0
Oligodendrocytes,Astrocytes,Arf1,Pld2,0.2723571,0.06991396,0.4706216589137349,0.48244679464418644,0.07215617,0.7418932,1.0
Oligodendrocytes,Astrocytes,Cd47,Sirpa,0.2806358,0.077123955,0.0026661075016379127,-0.009648801260570494,0.013272387,0.75117826,1.0
Oligodendrocytes,Astrocytes,Fgf1,Fgfr1,0.3102818,0.08750047,0.19864415804040003,0.3478761047372049,0.041934147,0.76278716,1.0
Oligodendrocytes,Astrocytes,Fgf1,Nrp1,0.26625758,0.06842827,0.09676350779179836,0.22026256287914847,0.025812902,0.7398313,1.0
Oligodendrocytes,Astrocytes,Gnai2,Ednrb,0.39709845,0.1177704,0.7858520977275946,0.8030240974242739,0.05327041,0.7886101,1.0
Oligodendrocytes,Astrocytes,Gpi1,Amfr,0.25600925,0.06350751,-0.06516817135338913,-0.08072884221024013,0.021564633,0.73258513,1.0
Oligodendrocytes,Astrocytes,Lama2,Dag1,0.32171297,0.10278948,0.18880927131579092,0.29389219371582403,0.01649732,0.77704716,1.0
Oligodendrocytes,Astrocytes,Lama2,Itga6_Itgb1,0.26561603,0.06968425,0.031023437844013634,0.0894331757713483,0.0091419555,0.741578,1.0
Pericytes,Pericytes,Bmp5,Acvr1_Acvr2a,0.335099,0.10175225,1.3910506462273695,0.9419987985787628,0.12759371,0.7761674,1.0
Pericytes,Pericytes,Bmp5,Acvr1_Bmpr2,0.33904102,0.10520355,1.383445805392013,0.8460759890627386,0.10889265,0.77905154,1.0
Pericytes,Pericytes,Bmp5,Acvr2a_Bmpr1a,0.335099,0.10175225,1.3910506462273695,0.9419987985787628,0.12759371,0.7761674,1.0
Pericytes,Pericytes,Bmp5,Acvr2a_Bmpr1b,0.335099,0.10175225,1.3910506462273695,0.9419987985787628,0.12759371,0.7761674,1.0
Pericytes,Pericytes,Bmp5,Bmpr1b_Bmpr2,0.36318046,0.12633806,1.624847930734785,1.144225960341538,0.15895647,0.79440415,1.0
Astrocytes,Neurons,Trf,Tfrc,0.3017546,0.0852028,-0.16355959477082305,-1.1884693202475334,0.020177998,0.7603713,1.0
Astrocytes,Neurons,Vegfa,Ret,0.47919065,0.09176816,0.7821086079324174,0.8147476545702852,0.24990948,0.76706856,1.0
Astrocytes,Neurons,Vegfb,Nrp1,0.33373186,0.0887727,0.2947465702468166,0.28130024961289096,0.053822253,0.7640906,1.0
Astrocytes,OPCs,Adam10,Tspan5,0.36563224,0.1301075,-0.22144565025070112,-0.4947241005840473,0.011331066,0.7967946,1.0
Astrocytes,Neurons,Nrxn2,Nlgn2,0.32227612,0.10148438,0.08668612339510194,-0.0532809755887691,0.023099981,0.77593833,1.0
Astrocytes,Neurons,Omg,Lingo1,0.31840953,0.10104863,0.2756571684057088,0.21376253143938675,0.098460875,0.775564,1.0
Pericytes,Pericytes,Col1a2,Itgav_Itgb8,0.350675,0.11740775,0.7557551836163148,0.7179795133372169,0.06386297,0.7883529,1.0
Pericytes,Pericytes,Col4a1,Cd47,0.26284194,0.06823764,0.4108651566203042,0.33902439201875967,0.060500868,0.73956275,1.0
Pericytes,Pericytes,Col4a1,Itgav_Itgb8,0.2840206,0.08060457,0.562846242967831,0.6073627511995612,0.07097841,0.75528055,1.0
Pericytes,Pericytes,Col4a2,Itgav_Itgb8,0.28335992,0.080239765,0.3158350030329666,0.47641623158659135,0.047751173,0.7548611,1.0
Pericytes,Pericytes,Col4a2,Itgb5,0.3286646,0.10657495,0.5690181265016715,0.7703813852310863,0.05524976,0.7801642,1.0
Pericytes,Pericytes,Col4a3,Cd47,0.26816404,0.070725374,1.0432230070347448,0.4195224635981387,0.102009095,0.7429964,1.0
Pericytes,Pericytes,Col4a3,Itgav_Itgb8,0.2893427,0.08354316,1.1952040933822716,0.6878608227789402,0.11967504,0.7585746,1.0
Astrocytes,Neurons,Reln,Lrp8,0.3185484,0.0927596,0.44745252052305773,0.43478435775971486,0.1708327,0.7680271,1.0
Astrocytes,Neurons,Rtn4,Rtn4rl1,0.34686625,0.0852459,-0.1711291376482215,-0.6338661121278448,0.018081207,0.7604174,1.0
Astrocytes,Neurons,Jam2,Itga3_Itgb1,0.34734434,0.07331061,0.8047674225434709,0.7139378258271838,0.16813958,0.7464092,1.0
Astrocytes,Neurons,Lrpap1,Lrp8,0.3198487,0.09383074,0.30755297898118644,0.2547562774310232,0.07034614,0.76904833,1.0
Astrocytes,Neurons,Lrpap1,Sort1,0.31758696,0.0928003,-0.0382219002785395,-0.3400051215421351,0.03225281,0.7680662,1.0
Astrocytes,Neurons,Lrrc4b,Ptprf,0.28744185,0.082398534,0.06811165990709146,-0.06814893486670137,0.05038537,0.7573091,1.0
Pericytes,Pericytes,Col4a5,Cd47,0.2704461,0.07179209,0.49980283761374855,0.4127379349146483,0.05345263,0.7444231,1.0
Pericytes,Pericytes,Col4a5,Itgav_Itgb8,0.29162478,0.0848032,0.6517839239612754,0.6810762940954498,0.062709555,0.75994277,1.0
Pericytes,Pericytes,Col4a6,Cd47,0.2619162,0.06780492,0.8307256598163445,0.44269922967617414,0.08381201,0.73894966,1.0
Pericytes,Pericytes,Col4a6,Itgav_Itgb8,0.28309488,0.08009342,0.9827067461638713,0.7110375888569755,0.09832658,0.75469214,1.0
Pericytes,Pericytes,Cthrc1,Fzd6,0.35145697,0.11324023,1.4733796064566282,1.0607570752518836,0.22743574,0.78532207,1.0
Pericytes,Pericytes,Cxcl12,Ackr3,0.34833536,0.120376244,1.8892604171059446,1.3096903544045086,0.5241683,0.7904285,1.0
Pericytes,Pericytes,Cxcl12,Itga4,0.30359358,0.09198033,1.222744398936086,1.099292748533032,0.4770215,0.7672748,1.0
Pericytes,Pericytes,Cxcl12,Sdc4,0.26309243,0.066275805,1.0456307691485798,0.8873574063067248,0.18175808,0.7367436,1.0
Astrocytes,Neurons,Mdk,Ncl,0.3512832,0.11991476,0.5598351062972701,0.38038062868743466,0.09246991,0.7901102,1.0
Astrocytes,Neurons,Mdk,Sdc2,0.34937364,0.1183477,0.6392891326198749,0.5398615776801681,0.055226494,0.7890174,1.0
Oligodendrocytes,Astrocytes,Psen1,Notch1,0.3002239,0.07671168,0.6110571622287806,0.5300301252255801,0.045320828,0.750677,1.0
Oligodendrocytes,Astrocytes,Psen1,Notch2,0.32310086,0.08514722,0.4576682834046908,0.4808041669972816,0.045985196,0.76031184,1.0
Oligodendrocytes,Astrocytes,Rgma,Bmpr2,0.33766344,0.092021085,0.05945236828324264,0.16965112277261626,0.015343222,0.7673143,1.0
Oligodendrocytes,Neurons,Gpi1,Amfr,0.30293033,0.09176344,0.01829226061445873,-0.041091631985952226,0.03115922,0.7670639,1.0
Oligodendrocytes,Astrocytes,Sema6a,Plxna2,0.32602853,0.08293302,-0.04917004819922029,0.2345832067517703,0.02392366,0.7579028,1.0
Oligodendrocytes,Astrocytes,Sema6a,Plxna4,0.33891708,0.095277004,-0.10019042891234199,0.11612181440699476,0.018628338,0.7704039,1.0
Oligodendrocytes,Astrocytes,Timp2,Itgb1,0.25532097,0.06482168,-0.028073770195105277,0.014077403067303484,0.017283075,0.7345866,1.0
Oligodendrocytes,Astrocytes,Ybx1,Notch1,0.31404987,0.08821711,0.6027065514820701,0.5913415254491937,0.038437184,0.7635243,1.0
Oligodendrocytes,Microglia,Actr2,Adrb2,0.2597921,0.067479394,0.8209567578247893,0.4103806743626991,0.10061231,0.7384852,1.0
Oligodendrocytes,Microglia,Adam10,Tspan5,0.37166962,0.11708431,-0.20963610052383227,-0.21194683436952322,0.010196873,0.78812265,1.0
Oligodendrocytes,Microglia,Agrn,Itgb1,0.35565233,0.10835958,0.1792601495227076,0.35868076249169906,0.024321338,0.781585,1.0
Oligodendrocytes,Microglia,Arf1,Insr,0.3777532,0.113559455,0.09204587541457773,0.3767672991376962,0.027284106,0.78555924,1.0
Astrocytes,Neurons,Col4a5,Cd47,0.40720537,0.116435,0.49300479963976895,0.3659406020083603,0.0866914,0.787658,1.0
Astrocytes,Neurons,Fgf12,Fgfr1,0.3689188,0.13511926,-0.04392520962378901,-0.5978420151522134,0.016647598,0.79983735,1.0
Astrocytes,Neurons,Gnai2,Adcy1,0.30853018,0.09103904,0.3023108180306748,0.2991398460660333,0.07320514,0.76635516,1.0
Astrocytes,Neurons,Gnai2,Oprm1,0.25490236,0.06485843,0.2667397132027272,0.28217353478576623,0.07877911,0.7346418,1.0
Pericytes,Pericytes,Dcn,Egfr,0.35052,0.11968185,1.083129236479163,1.2773254258708393,0.20362562,0.78994894,1.0
Pericytes,Pericytes,Fgf1,Egfr,0.31210655,0.08841841,0.5493342240761672,0.5623336199225899,0.051093336,0.76373,1.0
Pericytes,Pericytes,Fgf1,Fgfr1,0.27526,0.072406374,0.13244965979205184,0.24766595836080052,0.03470038,0.74523276,1.0
Pericytes,Pericytes,Fgf1,Fgfr3,0.32275495,0.09304577,0.3489218685504367,0.4636211360413528,0.031982627,0.7683014,1.0
Pericytes,Pericytes,Fgf1,Nrp1,0.31494465,0.08965174,0.18332103106581146,0.3512006686025986,0.033818938,0.7649776,1.0
Pericytes,Pericytes,Fgfr3,Epha4,0.3218582,0.09227774,0.3642146454084641,0.4750438478068378,0.031458627,0.76756287,1.0
Pericytes,Pericytes,Fn1,Itga4_Itgb1,0.27366287,0.07462915,0.8843732647859456,0.9385720057956106,0.37314057,0.7480925,1.0
Pericytes,Pericytes,Fn1,Itga6,0.31283218,0.09479895,0.7787992412620879,0.804142986433483,0.09818946,0.76995873,1.0
Astrocytes,Neurons,Apoo,Il1rapl2,0.32536644,0.08367757,0.2635447285524827,0.7070574100772091,0.16190809,0.7587218,1.0
Astrocytes,Neurons,App,Gpc1,0.35266048,0.11190995,-0.28283294968529105,-0.7364913777824583,0.030511742,0.7843242,1.0
Astrocytes,Neurons,App,Tspan12,0.30562657,0.06823593,-0.3221286637717772,-0.8149416588116933,0.017207943,0.73956037,1.0
Astrocytes,Neurons,App,Vldlr,0.30580854,0.06840489,-0.5164374663463396,-1.1648179476195053,0.014559954,0.7397985,1.0
Astrocytes,Neurons,Arf1,Chrm3,0.41071212,0.11149676,0.2753876035454548,0.5558553110585909,0.09002104,0.78401124,1.0
Astrocytes,Neurons,Arf1,Insr,0.32985288,0.08375029,0.02216389093955739,-0.2412376487831862,0.020122075,0.7588013,1.0
Astrocytes,Neurons,B2m,Tfrc,0.3415055,0.11527513,0.23501207735333438,0.10259492857181174,0.029640794,0.7868196,1.0
Astrocytes,Neurons,Bmp1,Bmpr1a,0.30420268,0.07921125,0.23438031859854802,0.12453146819870853,0.043110743,0.7536655,1.0
Pericytes,Pericytes,Fn1,Itgav_Itgb1,0.343592,0.11063838,0.5708148171435818,0.5868125933337562,0.08976179,0.78335613,1.0
Pericytes,Pericytes,Fn1,Itgav_Itgb8,0.26677215,0.07108083,0.5417337192980579,0.5672716634376587,0.086775996,0.74347484,1.0
Pericytes,Pericytes,Gnai2,Adcy8,0.34824067,0.10948044,0.13318455714174904,0.16535669666959596,0.022337869,0.78246206,1.0
Pericytes,Pericytes,Gnai2,S1pr3,0.34165302,0.10346159,1.209177832992943,0.8136250587429956,0.20663235,0.7776112,1.0
Pericytes,Pericytes,Gnai2,Tbxa2r,0.35736287,0.11781498,1.4977890831550822,0.8748465008896482,0.2477771,0.78864163,1.0
Pericytes,Pericytes,Il15ra,Axl,0.34042227,0.11500749,1.2821357264094706,1.0709467241303892,0.18484235,0.78662455,1.0
Pericytes,Pericytes,Jag1,Cd46,0.36234355,0.12892169,0.9822305660069404,0.855147884762222,0.12706368,0.7960524,1.0
Pericytes,Pericytes,Jam2,Itga4_Itgb1,0.2990632,0.08935403,0.6872367377006694,0.7798538601912302,0.10206715,0.7646784,1.0
Pericytes,Pericytes,Jam2,Itgav_Itgb1,0.3689923,0.13246815,0.3736782900583056,0.42809444772937566,0.024553027,0.7982464,1.0
Astrocytes,Microglia,Vegfb,Nrp1,0.34284714,0.0921159,0.31095819108987005,0.42325573605169675,0.055849217,0.7674062,1.0
Astrocytes,Neurons,Adam10,Tspan17,0.296457,0.071244836,0.029325099862741975,-0.05218896291673328,0.055355046,0.74369454,1.0
Astrocytes,Neurons,Agrn,Dag1,0.3561901,0.12672575,0.22958343170446965,0.1935798486383118,0.03479728,0.7946542,1.0
Astrocytes,Neurons,Agrn,Itgb1,0.3328712,0.11067664,0.127583513642091,0.028350406331335898,0.024841404,0.78338546,1.0
Astrocytes,Neurons,Angpt1,Itgb1,0.31135866,0.09683893,0.4483278135289054,0.3427906336458859,0.036748182,0.77183884,1.0
Astrocytes,Microglia,Lgi4,Adam22,0.26764572,0.06619572,0.35098099923457626,-0.08224009954356815,0.03921467,0.7366263,1.0
Astrocytes,Microglia,Lrpap1,Sort1,0.327973,0.09753223,-0.025454911235991733,-0.047114481449955836,0.033897396,0.7724664,1.0
Astrocytes,Microglia,Lrrc4b,Ptprs,0.32945698,0.105293944,-0.1027930241205619,-0.22789339353563376,0.015702901,0.77912545,1.0
Astrocytes,Microglia,Mdk,Ncl,0.30774587,0.08418646,0.49374720251634324,0.3724044409720933,0.06491873,0.75927633,1.0
Astrocytes,Microglia,Mdk,Sorl1,0.3379258,0.10895318,0.46162510252888067,0.41603093189685364,0.059727922,0.7820509,1.0
Pericytes,Pericytes,Lamb2,Dag1,0.346226,0.11393186,1.0181680831673938,0.9115800432164523,0.166349,0.7858349,1.0
Pericytes,Pericytes,Lamb2,Itga6_Itgb1,0.31867278,0.09909991,1.0484699646665507,0.8294218516498941,0.10543559,0.7738647,1.0
Pericytes,Pericytes,Lamb2,Itgav_Itgb8,0.27261275,0.07430572,0.8114044427025208,0.5925505286540695,0.093179844,0.74768305,1.0
Astrocytes,Microglia,Nrxn2,Nlgn1,0.35260338,0.118074395,-0.4464868570834108,-0.9946783602448632,0.0033425577,0.78882486,1.0
Astrocytes,Microglia,Omg,Tnfrsf1b,0.31460923,0.09876785,0.9161246105473142,0.5459214604962878,0.19851235,0.77357084,1.0
Astrocytes,Microglia,S100a1,Trpm3,0.27099445,0.072057225,-0.09448131622578698,-0.3910324498655795,0.009433817,0.7447736,1.0
Astrocytes,Microglia,Sema4a,Plxnb2,0.2975351,0.088290624,0.8678421273708137,0.7512997916212325,0.20976286,0.7635995,1.0
Astrocytes,Microglia,Sirpa,Cd47,0.30460116,0.08863844,0.034653335225516856,0.0431963371101754,0.015253933,0.7639542,1.0
Astrocytes,Microglia,Slitrk2,Ptprs,0.35501987,0.1250514,0.3902227490547664,0.21994218728681414,0.039422482,0.79356694,1.0
Oligodendrocytes,Microglia,Cntn3,Ptprg,0.28900543,0.077399954,-0.2522463482298571,-0.580378275746223,0.007171429,0.75151193,1.0
Oligodendrocytes,Microglia,Fgf1,Fgfr2,0.3528193,0.1059286,-0.23470268272621053,-0.3943968558752434,0.015265618,0.7796421,1.0
Oligodendrocytes,Microglia,Fgf1,Nrp1,0.35946,0.10880549,0.26252516858981295,0.5736020802222959,0.041044228,0.7819353,1.0
Oligodendrocytes,Microglia,Gnai2,Adcy7,0.3138307,0.084911846,0.6992767985687939,0.7647835716664979,0.07833314,0.76005954,1.0
Oligodendrocytes,Microglia,Gnai2,Adcy9,0.29930454,0.07917964,0.06144499181778413,0.33596003531114016,0.01787761,0.75362843,1.0
Oligodendrocytes,Microglia,Gnai2,Igf1r,0.3850659,0.1130222,-0.047865153029738,0.1061249438335386,0.013809748,0.7851595,1.0
Oligodendrocytes,Neurons,Efnb3,Ephb6,0.3346033,0.06519107,0.24869726792484714,0.8021005954459073,0.33839685,0.73514014,1.0
Oligodendrocytes,Neurons,Fgf1,Fgfr1,0.30843168,0.08669897,0.19515015381037426,0.27805432085168824,0.04155003,0.7619536,1.0
Oligodendrocytes,Neurons,Fgf1,Nrp1,0.35034472,0.104856566,0.2463135477467595,0.43164659378349,0.03955459,0.77876705,1.0
Oligodendrocytes,Neurons,Fgf1,Tgfbr3,0.27781367,0.07343459,0.21277491844576846,0.2999149499770726,0.03969152,0.74656904,1.0
Oligodendrocytes,Neurons,Gnai2,Adcy1,0.28513575,0.07358844,0.2627155102339718,0.3815437765097448,0.059172988,0.746767,1.0
Oligodendrocytes,Microglia,Gpi1,Amfr,0.26785076,0.07063849,-0.044105091302588134,0.026558039224670427,0.023986027,0.74287903,1.0
Oligodendrocytes,Microglia,Hsp90b1,Tlr4,0.3133526,0.09274718,0.7367011103969147,0.4635050631147244,0.09094383,0.7680152,1.0
Oligodendrocytes,Microglia,Il18,Il1rapl1,0.3308956,0.109240726,-0.34076887711095766,-0.6041184961470867,0.006582987,0.78227544,1.0
Astrocytes,Microglia,Bmp1,Bmpr1a,0.2771691,0.06900578,0.1928185909144911,0.27560393070132316,0.037556414,0.7406394,1.0
Astrocytes,Microglia,Col4a5,Cd47,0.2769786,0.068254605,0.31918375486489425,0.27272840742215676,0.050818805,0.7395867,1.0
Astrocytes,Microglia,Col4a5,Itga9_Itgb1,0.33764142,0.09069822,0.579679047245079,0.6464490699967507,0.06383152,0.76601917,1.0
Pericytes,Pericytes,Lamc3,Itgav_Itgb8,0.32963932,0.1057929,1.4759352335398537,0.7525547187669879,0.1166079,0.77953196,1.0
Pericytes,Pericytes,Lgi1,Adam22,0.38461578,0.11442193,-0.07451000113759229,-0.07884904196782849,0.010249483,0.7861958,1.0
Pericytes,Pericytes,Lrig2,Egfr,0.29012626,0.07052939,0.4185342491441747,0.4052794792334021,0.03166416,0.7427314,1.0
Pericytes,Pericytes,Lrpap1,Ldlr,0.28344578,0.07932194,0.15013748269398805,0.2864103891028546,0.042264726,0.7537951,1.0
Pericytes,Pericytes,Lrpap1,Sort1,0.25541925,0.06522376,-0.10932419754237979,-0.18884586009386772,0.022668567,0.73518896,1.0
Pericytes,Pericytes,Mif,Ackr3,0.3415981,0.11526481,0.9836742859099461,0.3425059187775119,0.09173505,0.78681207,1.0
Astrocytes,Microglia,Gnai2,Adcy7,0.33722514,0.10504765,0.7388721063654968,0.6823796412227863,0.0969089,0.77892387,1.0
Astrocytes,Microglia,Gnai2,Adcy9,0.32269898,0.09795612,0.10104029961448707,0.25355610486742863,0.022117067,0.7728473,1.0
Astrocytes,Microglia,Gpi1,Amfr,0.36190322,0.114768095,0.07499470177910142,0.08971466460769922,0.03897069,0.7864496,1.0
Astrocytes,Microglia,H2-K1,Aplp2,0.26129138,0.067393705,-0.007995308293921366,-0.29091839602324093,0.010916611,0.7383625,1.0
Astrocytes,Microglia,Hsp90b1,Tlr4,0.29927564,0.086002104,0.7194862975635302,0.2592603691851135,0.084329896,0.76122093,1.0
Astrocytes,Astrocytes,Ybx1,Notch1,0.29527876,0.07259652,0.5719382351288589,0.32397040417998746,0.03163112,0.74548167,1.0
Astrocytes,Microglia,Adam10,Tspan5,0.32601506,0.09639643,-0.2649072125272183,-0.522858950876069,0.008395166,0.7714353,1.0
Pericytes,Pericytes,Mif,Egfr,0.35539478,0.12364925,0.48210719241567573,0.23563754375168822,0.04974383,0.79264176,1.0
Pericytes,Pericytes,Ncam1,Ptpra,0.63902736,0.40244943,-0.3366538477811964,-0.5130634569832191,0.013159476,0.8733583,1.0
Pericytes,Pericytes,Ntn1,Mcam,0.32554406,0.10233435,0.7700074049469987,0.8562793931420376,0.1397381,0.7766625,1.0
Pericytes,Pericytes,Ntn1,Neo1,0.34705368,0.1189361,0.3836151067716492,0.15712420100341723,0.023204474,0.7894299,1.0
Astrocytes,Microglia,Agrn,Atp1a3,0.28851044,0.080145545,-0.18544135946345464,-0.7410481893076124,0.013123295,0.75475234,1.0
Astrocytes,Microglia,App,Aplp1,0.3416268,0.10166446,-0.8442005353715327,-2.075041163993337,0.0040427535,0.77609235,1.0
Astrocytes,Microglia,App,Aplp2,0.3479589,0.107544236,-0.6671270613959935,-1.3935101272730095,0.0048524397,0.7809396,1.0
Astrocytes,Microglia,App,Ncstn,0.34202927,0.1020382,-0.2923126046994774,-0.6426581512243392,0.019153459,0.77641106,1.0
Astrocytes,Microglia,Arf1,Insr,0.36001223,0.094099335,0.06507114559610372,0.1178311942305949,0.022608567,0.7693021,1.0
Astrocytes,Astrocytes,Gnai2,Adcy9,0.26720983,0.07086682,0.01370456735287921,0.04450126761956502,0.016000697,0.7431871,1.0
Astrocytes,Astrocytes,Gnai2,Adora1,0.25265965,0.06376355,0.1355490075916728,0.13284465070939516,0.035382625,0.73297906,1.0
Astrocytes,Astrocytes,Gpi1,Amfr,0.35006168,0.10318223,0.053931621728300405,-0.01757221682721133,0.03503659,0.7773773,1.0
Astrocytes,Astrocytes,H2-K1,Aplp2,0.3600251,0.12484634,0.09640182747351318,-0.07602708429141497,0.02022294,0.7934325,1.0
Pericytes,Pericytes,Pros1,Axl,0.28455827,0.07365874,1.0006859873052696,0.8091856528864451,0.06936366,0.7468572,1.0
Astrocytes,Astrocytes,Lgi4,Adam22,0.3419147,0.11690539,0.4290557109480867,0.060060350207425395,0.06925532,0.787995,1.0
Astrocytes,Astrocytes,Mdk,Itga6_Itgb1,0.3232394,0.09690097,0.5371030343484768,0.5006473864214094,0.04786833,0.77189523,1.0
Astrocytes,Astrocytes,Mdk,Ncl,0.30637947,0.08306512,0.4916730028839325,0.33772890899980634,0.06405403,0.7580488,1.0
Astrocytes,Astrocytes,Mdk,Sdc3,0.35490212,0.12288457,0.745503438928427,0.7422144895228231,0.0786517,0.79213154,1.0
Astrocytes,Astrocytes,Sema4a,Plxnb1,0.34468216,0.114896305,0.7802430912740393,0.6648742058930229,0.2068871,0.78654337,1.0
Oligodendrocytes,Microglia,Il18,Il1rl2,0.3285295,0.10774985,1.155045123885268,0.8894433005073958,0.15287037,0.78110296,1.0
Oligodendrocytes,Microglia,Lgi3,Adam22,0.35135522,0.09865818,-0.22167235338074753,-0.1497756218290633,0.02562139,0.77347356,1.0
Oligodendrocytes,Microglia,Lrrc4b,Ptprs,0.32305527,0.10034609,-0.11240841299323814,-0.09821856754632852,0.014965007,0.7749562,1.0
Oligodendrocytes,Microglia,Omg,Tnfrsf1b,0.29826045,0.0880058,0.8905045206465141,0.7117939613924,0.17688183,0.76330775,1.0
Oligodendrocytes,Neurons,Arf1,Insr,0.34759384,0.10107018,0.049138620758031416,0.017698456123915074,0.0242834,0.77558255,1.0
Oligodendrocytes,Neurons,Cd47,Sirpa,0.2911408,0.083869,0.021758720484547737,-0.10591498963775609,0.014433153,0.7589309,1.0
Oligodendrocytes,Microglia,Psen1,Notch2,0.36553407,0.100793816,0.5657291519134847,0.6934826965481846,0.05443541,0.7753442,1.0
Oligodendrocytes,Microglia,Sema4d,Plxnb2,0.33967394,0.114662275,0.5301188967126123,0.7115318628925316,0.10481997,0.7863721,1.0
Oligodendrocytes,Microglia,Sparc,Eng,0.30285257,0.08323637,0.4819630613155233,0.5031702355186546,0.022843065,0.7582376,1.0
Oligodendrocytes,Microglia,Thy1,Itgam_Itgb2,0.27889356,0.07743956,0.7770220475510715,0.33395475707264244,0.14934522,0.7515597,1.0
Oligodendrocytes,Neurons,Adam10,Tspan12,0.33187017,0.075950004,0.1287203970706548,0.2735438494603268,0.037722535,0.74974203,1.0
Oligodendrocytes,Neurons,Adam10,Tspan17,0.34211153,0.08653486,0.08459621186612801,0.25872315358981257,0.067234926,0.76178175,1.0
Astrocytes,Astrocytes,Actr2,Ldlr,0.25758284,0.066075206,0.02321379370288952,-0.08170737815845025,0.02211437,0.73644954,1.0
Pericytes,Pericytes,Vegfa,Nrp1,0.3368796,0.10775286,0.27833698817329033,0.48828575712072353,0.029973848,0.78110534,1.0
